Timestamp_ns,Loss_dB,TxAntGain_dB,RxAntGain_dB,PropGain_dB,Pathloss_dB,Delay_ns,SrcId,SrcX,SrcY,SrcZ,DstId,DstX,DstY,DstZ
188,103.744,0,0,-103.744,103.744,188,0,0,0,25,6,3.46482,51.1186,1.5
204,88.822,0,0,-88.822,88.822,204,0,0,0,25,4,-24.6086,50.8967,1.5
209,90.9865,0,0,-90.9865,90.9865,209,0,0,0,25,7,14.5871,56.1745,1.5
216,87.5961,0,0,-87.5961,87.5961,216,0,0,0,25,19,19.0742,57.391,1.5
237,108.293,0,0,-108.293,108.293,237,0,0,0,25,9,11.4131,66.0409,1.5
239,97.2441,0,0,-97.2441,97.2441,239,0,0,0,25,1,-16.9447,65.6443,1.5
252,90.4917,0,0,-90.4917,90.4917,252,0,0,0,25,16,21.7409,68.4844,1.5
331,98.3576,0,0,-98.3576,98.3576,331,0,0,0,25,13,40.0111,87.7171,1.5
343,104.86,0,0,-104.86,104.86,343,0,0,0,25,20,27.5875,96.2938,1.5
362,96.9377,0,0,-96.9377,96.9377,362,0,0,0,25,5,-42.1578,97.2134,1.5
379,111.252,0,0,-111.252,111.252,379,0,0,0,25,2,-4.29448,99.2718,1.5
416,99.102,0,0,-99.102,99.102,416,0,0,0,25,3,-47.9011,112.702,1.5
437,105.368,0,0,-105.368,105.368,437,0,0,0,25,17,54.1521,117.004,1.5
440,119.932,0,0,-119.932,119.932,440,0,0,0,25,11,24.7186,127.532,1.5
484,98.1834,0,0,-98.1834,98.1834,484,0,0,0,25,8,-44.7277,135.906,1.5
496,107.98,0,0,-107.98,107.98,496,0,0,0,25,15,52.8393,137.149,1.5
496,108.103,0,0,-108.103,108.103,496,0,0,0,25,18,67.049,130.728,1.5
500,98.6338,0,0,-98.6338,98.6338,500,0,0,0,25,12,-30.7834,144.699,1.5
503,99.743,0,0,-99.743,99.743,503,0,0,0,25,14,-56.8284,137.566,1.5
517,112.496,0,0,-112.496,112.496,517,0,0,0,25,10,-2.19058,142.382,1.5
16928756,103.744,0,0,-103.744,103.744,188,6,3.46482,51.1186,1.5,0,0,0,25
16928772,88.822,0,0,-88.822,88.822,204,4,-24.6086,50.8967,1.5,0,0,0,25
16928777,90.9865,0,0,-90.9865,90.9865,209,7,14.5871,56.1745,1.5,0,0,0,25
16928784,87.5961,0,0,-87.5961,87.5961,216,19,19.0742,57.391,1.5,0,0,0,25
16928805,108.293,0,0,-108.293,108.293,237,9,11.4131,66.0409,1.5,0,0,0,25
16928807,97.2441,0,0,-97.2441,97.2441,239,1,-16.9447,65.6443,1.5,0,0,0,25
16928820,90.4917,0,0,-90.4917,90.4917,252,16,21.7409,68.4844,1.5,0,0,0,25
16928899,98.3576,0,0,-98.3576,98.3576,331,13,40.0111,87.7171,1.5,0,0,0,25
16928911,104.86,0,0,-104.86,104.86,343,20,27.5875,96.2938,1.5,0,0,0,25
16928930,96.9377,0,0,-96.9377,96.9377,362,5,-42.1578,97.2134,1.5,0,0,0,25
16928947,111.252,0,0,-111.252,111.252,379,2,-4.29448,99.2718,1.5,0,0,0,25
16928984,99.102,0,0,-99.102,99.102,416,3,-47.9011,112.702,1.5,0,0,0,25
16929005,105.368,0,0,-105.368,105.368,437,17,54.1521,117.004,1.5,0,0,0,25
16929008,119.932,0,0,-119.932,119.932,440,11,24.7186,127.532,1.5,0,0,0,25
16929052,98.1834,0,0,-98.1834,98.1834,484,8,-44.7277,135.906,1.5,0,0,0,25
16929064,107.98,0,0,-107.98,107.98,496,15,52.8393,137.149,1.5,0,0,0,25
16929064,108.103,0,0,-108.103,108.103,496,18,67.049,130.728,1.5,0,0,0,25
16929068,98.6338,0,0,-98.6338,98.6338,500,12,-30.7834,144.699,1.5,0,0,0,25
16929071,99.743,0,0,-99.743,99.743,503,14,-56.8284,137.566,1.5,0,0,0,25
16929085,112.496,0,0,-112.496,112.496,517,10,-2.19058,142.382,1.5,0,0,0,25
50000188,103.744,0,0,-103.744,103.744,188,0,0,0,25,6,3.46482,51.1186,1.5
50000204,88.822,0,0,-88.822,88.822,204,0,0,0,25,4,-24.6086,50.8967,1.5
50000209,90.9865,0,0,-90.9865,90.9865,209,0,0,0,25,7,14.5871,56.1745,1.5
50000216,87.5961,0,0,-87.5961,87.5961,216,0,0,0,25,19,19.0742,57.391,1.5
50000237,108.293,0,0,-108.293,108.293,237,0,0,0,25,9,11.4131,66.0409,1.5
50000239,97.2441,0,0,-97.2441,97.2441,239,0,0,0,25,1,-16.9447,65.6443,1.5
50000252,90.4917,0,0,-90.4917,90.4917,252,0,0,0,25,16,21.7409,68.4844,1.5
50000331,98.3576,0,0,-98.3576,98.3576,331,0,0,0,25,13,40.0111,87.7171,1.5
50000343,104.86,0,0,-104.86,104.86,343,0,0,0,25,20,27.5875,96.2938,1.5
50000362,96.9377,0,0,-96.9377,96.9377,362,0,0,0,25,5,-42.1578,97.2134,1.5
50000379,111.252,0,0,-111.252,111.252,379,0,0,0,25,2,-4.29448,99.2718,1.5
50000416,99.102,0,0,-99.102,99.102,416,0,0,0,25,3,-47.9011,112.702,1.5
50000437,105.368,0,0,-105.368,105.368,437,0,0,0,25,17,54.1521,117.004,1.5
50000440,119.932,0,0,-119.932,119.932,440,0,0,0,25,11,24.7186,127.532,1.5
50000484,98.1834,0,0,-98.1834,98.1834,484,0,0,0,25,8,-44.7277,135.906,1.5
50000496,107.98,0,0,-107.98,107.98,496,0,0,0,25,15,52.8393,137.149,1.5
50000496,108.103,0,0,-108.103,108.103,496,0,0,0,25,18,67.049,130.728,1.5
50000500,98.6338,0,0,-98.6338,98.6338,500,0,0,0,25,12,-30.7834,144.699,1.5
50000503,99.743,0,0,-99.743,99.743,503,0,0,0,25,14,-56.8284,137.566,1.5
50000517,112.496,0,0,-112.496,112.496,517,0,0,0,25,10,-2.19058,142.382,1.5
70893270,99.102,0,0,-99.102,99.102,416,3,-47.9011,112.702,1.5,0,0,0,25
71393091,108.293,0,0,-108.293,108.293,237,9,11.4131,66.0409,1.5,0,0,0,25
74893354,98.6338,0,0,-98.6338,98.6338,500,12,-30.7834,144.699,1.5,0,0,0,25
77393291,105.368,0,0,-105.368,105.368,437,17,54.1521,117.004,1.5,0,0,0,25
79393371,112.496,0,0,-112.496,112.496,517,10,-2.19058,142.382,1.5,0,0,0,25
82393106,90.4917,0,0,-90.4917,90.4917,252,16,21.7409,68.4844,1.5,0,0,0,25
83893063,90.9865,0,0,-90.9865,90.9865,209,7,14.5871,56.1745,1.5,0,0,0,25
84893093,97.2441,0,0,-97.2441,97.2441,239,1,-16.9447,65.6443,1.5,0,0,0,25
85393216,96.9377,0,0,-96.9377,96.9377,362,5,-42.1578,97.2134,1.5,0,0,0,25
86393185,98.3576,0,0,-98.3576,98.3576,331,13,40.0111,87.7171,1.5,0,0,0,25
87393338,98.1834,0,0,-98.1834,98.1834,484,8,-44.7277,135.906,1.5,0,0,0,25
88393070,87.5961,0,0,-87.5961,87.5961,216,19,19.0742,57.391,1.5,0,0,0,25
91893058,88.822,0,0,-88.822,88.822,204,4,-24.6086,50.8967,1.5,0,0,0,25
93393350,108.103,0,0,-108.103,108.103,496,18,67.049,130.728,1.5,0,0,0,25
95893233,111.252,0,0,-111.252,111.252,379,2,-4.29448,99.2718,1.5,0,0,0,25
98393294,119.932,0,0,-119.932,119.932,440,11,24.7186,127.532,1.5,0,0,0,25
100000188,103.744,0,0,-103.744,103.744,188,0,0,0,25,6,3.47334,50.9689,1.5
100000204,88.822,0,0,-88.822,88.822,204,0,0,0,25,4,-24.6902,51.0225,1.5
100000209,90.9865,0,0,-90.9865,90.9865,209,0,0,0,25,7,14.6654,56.0465,1.5
100000216,87.5961,0,0,-87.5961,87.5961,216,0,0,0,25,19,19.1847,57.2895,1.5
100000237,108.293,0,0,-108.293,108.293,237,0,0,0,25,9,11.3221,65.9216,1.5
100000239,97.2441,0,0,-97.2441,97.2441,239,0,0,0,25,1,-17.0426,65.5307,1.5
100000252,90.4917,0,0,-90.4917,90.4917,252,0,0,0,25,16,21.6154,68.4024,1.5
100000331,98.3576,0,0,-98.3576,98.3576,331,0,0,0,25,13,39.9241,87.595,1.5
100000343,104.86,0,0,-104.86,104.86,343,0,0,0,25,20,27.4534,96.2267,1.5
100000362,96.9377,0,0,-96.9377,96.9377,362,0,0,0,25,5,-42.1254,97.0669,1.5
100000379,111.252,0,0,-111.252,111.252,379,0,0,0,25,2,-4.43721,99.318,1.5
100000416,99.102,0,0,-99.102,99.102,416,0,0,0,25,3,-47.7671,112.634,1.5
100000437,105.368,0,0,-105.368,105.368,437,0,0,0,25,17,54.1088,116.86,1.5
100000440,119.932,0,0,-119.932,119.932,440,0,0,0,25,11,24.6616,127.394,1.5
100000484,98.1834,0,0,-98.1834,98.1834,484,0,0,0,25,8,-44.5968,135.833,1.5
100000496,107.98,0,0,-107.98,107.98,496,0,0,0,25,15,52.7698,137.016,1.5
100000496,108.103,0,0,-108.103,108.103,496,0,0,0,25,18,66.9587,130.608,1.5
100000500,98.6338,0,0,-98.6338,98.6338,500,0,0,0,25,12,-30.8278,144.555,1.5
100000503,99.743,0,0,-99.743,99.743,503,0,0,0,25,14,-56.753,137.436,1.5
100000517,112.496,0,0,-112.496,112.496,517,0,0,0,25,10,-2.12368,142.248,1.5
100893042,103.744,0,0,-103.744,103.744,188,6,3.47334,50.9689,1.5,0,0,0,25
104893197,104.86,0,0,-104.86,104.86,343,20,27.4534,96.2267,1.5,0,0,0,25
105393357,99.743,0,0,-99.743,99.743,503,14,-56.753,137.436,1.5,0,0,0,25
106393350,107.98,0,0,-107.98,107.98,496,15,52.7698,137.016,1.5,0,0,0,25
150000188,103.744,0,0,-103.744,103.744,188,0,0,0,25,6,3.47334,50.9689,1.5
150000204,88.822,0,0,-88.822,88.822,204,0,0,0,25,4,-24.6902,51.0225,1.5
150000209,90.9865,0,0,-90.9865,90.9865,209,0,0,0,25,7,14.6654,56.0465,1.5
150000216,87.5961,0,0,-87.5961,87.5961,216,0,0,0,25,19,19.1847,57.2895,1.5
150000237,108.293,0,0,-108.293,108.293,237,0,0,0,25,9,11.3221,65.9216,1.5
150000239,97.2441,0,0,-97.2441,97.2441,239,0,0,0,25,1,-17.0426,65.5307,1.5
150000252,90.4917,0,0,-90.4917,90.4917,252,0,0,0,25,16,21.6154,68.4024,1.5
150000331,98.3576,0,0,-98.3576,98.3576,331,0,0,0,25,13,39.9241,87.595,1.5
150000343,104.86,0,0,-104.86,104.86,343,0,0,0,25,20,27.4534,96.2267,1.5
150000362,96.9377,0,0,-96.9377,96.9377,362,0,0,0,25,5,-42.1254,97.0669,1.5
150000379,111.252,0,0,-111.252,111.252,379,0,0,0,25,2,-4.43721,99.318,1.5
150000416,99.102,0,0,-99.102,99.102,416,0,0,0,25,3,-47.7671,112.634,1.5
150000437,105.368,0,0,-105.368,105.368,437,0,0,0,25,17,54.1088,116.86,1.5
150000440,119.932,0,0,-119.932,119.932,440,0,0,0,25,11,24.6616,127.394,1.5
150000484,98.1834,0,0,-98.1834,98.1834,484,0,0,0,25,8,-44.5968,135.833,1.5
150000496,107.98,0,0,-107.98,107.98,496,0,0,0,25,15,52.7698,137.016,1.5
150000496,108.103,0,0,-108.103,108.103,496,0,0,0,25,18,66.9587,130.608,1.5
150000500,98.6338,0,0,-98.6338,98.6338,500,0,0,0,25,12,-30.8278,144.555,1.5
150000503,99.743,0,0,-99.743,99.743,503,0,0,0,25,14,-56.753,137.436,1.5
150000517,112.496,0,0,-112.496,112.496,517,0,0,0,25,10,-2.12368,142.248,1.5
150893270,99.102,0,0,-99.102,99.102,416,3,-47.7671,112.634,1.5,0,0,0,25
151393091,108.293,0,0,-108.293,108.293,237,9,11.3221,65.9216,1.5,0,0,0,25
154893354,98.6338,0,0,-98.6338,98.6338,500,12,-30.8278,144.555,1.5,0,0,0,25
157393291,105.368,0,0,-105.368,105.368,437,17,54.1088,116.86,1.5,0,0,0,25
159393371,112.496,0,0,-112.496,112.496,517,10,-2.12368,142.248,1.5,0,0,0,25
162393106,90.4917,0,0,-90.4917,90.4917,252,16,21.6154,68.4024,1.5,0,0,0,25
163893063,90.9865,0,0,-90.9865,90.9865,209,7,14.6654,56.0465,1.5,0,0,0,25
164893093,97.2441,0,0,-97.2441,97.2441,239,1,-17.0426,65.5307,1.5,0,0,0,25
165393216,96.9377,0,0,-96.9377,96.9377,362,5,-42.1254,97.0669,1.5,0,0,0,25
166393185,98.3576,0,0,-98.3576,98.3576,331,13,39.9241,87.595,1.5,0,0,0,25
167393338,98.1834,0,0,-98.1834,98.1834,484,8,-44.5968,135.833,1.5,0,0,0,25
168393070,87.5961,0,0,-87.5961,87.5961,216,19,19.1847,57.2895,1.5,0,0,0,25
171893058,88.822,0,0,-88.822,88.822,204,4,-24.6902,51.0225,1.5,0,0,0,25
173393350,108.103,0,0,-108.103,108.103,496,18,66.9587,130.608,1.5,0,0,0,25
175893233,111.252,0,0,-111.252,111.252,379,2,-4.43721,99.318,1.5,0,0,0,25
178393294,119.932,0,0,-119.932,119.932,440,11,24.6616,127.394,1.5,0,0,0,25
180893042,103.744,0,0,-103.744,103.744,188,6,3.47334,50.9689,1.5,0,0,0,25
184893197,104.86,0,0,-104.86,104.86,343,20,27.4534,96.2267,1.5,0,0,0,25
185393357,99.743,0,0,-99.743,99.743,503,14,-56.753,137.436,1.5,0,0,0,25
186393350,107.98,0,0,-107.98,107.98,496,15,52.7698,137.016,1.5,0,0,0,25
200000188,103.744,0,0,-103.744,103.744,188,0,0,0,25,6,3.48185,50.8191,1.5
200000204,88.822,0,0,-88.822,88.822,204,0,0,0,25,4,-24.7719,51.1484,1.5
200000209,90.9865,0,0,-90.9865,90.9865,209,0,0,0,25,7,14.7437,55.9186,1.5
200000216,87.5961,0,0,-87.5961,87.5961,216,0,0,0,25,19,19.2952,57.1881,1.5
200000237,108.293,0,0,-108.293,108.293,237,0,0,0,25,9,11.231,65.8024,1.5
200000239,97.2441,0,0,-97.2441,97.2441,239,0,0,0,25,1,-17.1405,65.417,1.5
200000252,90.4917,0,0,-90.4917,90.4917,252,0,0,0,25,16,21.4898,68.3203,1.5
200000331,98.3576,0,0,-98.3576,98.3576,331,0,0,0,25,13,39.837,87.4728,1.5
200000343,104.86,0,0,-104.86,104.86,343,0,0,0,25,20,27.3192,96.1596,1.5
200000362,96.9377,0,0,-96.9377,96.9377,362,0,0,0,25,5,-42.093,96.9204,1.5
200000379,111.252,0,0,-111.252,111.252,379,0,0,0,25,2,-4.57993,99.3642,1.5
200000416,99.102,0,0,-99.102,99.102,416,0,0,0,25,3,-47.6331,112.567,1.5
200000437,105.368,0,0,-105.368,105.368,437,0,0,0,25,17,54.0654,116.716,1.5
200000440,119.932,0,0,-119.932,119.932,440,0,0,0,25,11,24.6047,127.255,1.5
200000484,98.1834,0,0,-98.1834,98.1834,484,0,0,0,25,8,-44.4658,135.76,1.5
200000496,107.98,0,0,-107.98,107.98,496,0,0,0,25,15,52.7003,136.883,1.5
200000496,108.103,0,0,-108.103,108.103,496,0,0,0,25,18,66.8684,130.489,1.5
200000500,98.6338,0,0,-98.6338,98.6338,500,0,0,0,25,12,-30.8722,144.412,1.5
200000503,99.743,0,0,-99.743,99.743,503,0,0,0,25,14,-56.6777,137.306,1.5
200000517,112.496,0,0,-112.496,112.496,517,0,0,0,25,10,-2.05679,142.114,1.5
230893270,99.102,0,0,-99.102,99.102,416,3,-47.6331,112.567,1.5,0,0,0,25
231393091,108.293,0,0,-108.293,108.293,237,9,11.231,65.8024,1.5,0,0,0,25
234893354,98.6338,0,0,-98.6338,98.6338,500,12,-30.8722,144.412,1.5,0,0,0,25
237393291,105.368,0,0,-105.368,105.368,437,17,54.0654,116.716,1.5,0,0,0,25
239393371,112.496,0,0,-112.496,112.496,517,10,-2.05679,142.114,1.5,0,0,0,25
242393106,90.4917,0,0,-90.4917,90.4917,252,16,21.4898,68.3203,1.5,0,0,0,25
243893063,90.9865,0,0,-90.9865,90.9865,209,7,14.7437,55.9186,1.5,0,0,0,25
244893093,97.2441,0,0,-97.2441,97.2441,239,1,-17.1405,65.417,1.5,0,0,0,25
245393216,96.9377,0,0,-96.9377,96.9377,362,5,-42.093,96.9204,1.5,0,0,0,25
246393185,98.3576,0,0,-98.3576,98.3576,331,13,39.837,87.4728,1.5,0,0,0,25
247393338,98.1834,0,0,-98.1834,98.1834,484,8,-44.4658,135.76,1.5,0,0,0,25
248393070,87.5961,0,0,-87.5961,87.5961,216,19,19.2952,57.1881,1.5,0,0,0,25
250000188,103.744,0,0,-103.744,103.744,188,0,0,0,25,6,3.48185,50.8191,1.5
250000204,88.822,0,0,-88.822,88.822,204,0,0,0,25,4,-24.7719,51.1484,1.5
250000209,90.9865,0,0,-90.9865,90.9865,209,0,0,0,25,7,14.7437,55.9186,1.5
250000216,87.5961,0,0,-87.5961,87.5961,216,0,0,0,25,19,19.2952,57.1881,1.5
250000237,108.293,0,0,-108.293,108.293,237,0,0,0,25,9,11.231,65.8024,1.5
250000239,97.2441,0,0,-97.2441,97.2441,239,0,0,0,25,1,-17.1405,65.417,1.5
250000252,90.4917,0,0,-90.4917,90.4917,252,0,0,0,25,16,21.4898,68.3203,1.5
250000331,98.3576,0,0,-98.3576,98.3576,331,0,0,0,25,13,39.837,87.4728,1.5
250000343,104.86,0,0,-104.86,104.86,343,0,0,0,25,20,27.3192,96.1596,1.5
250000362,96.9377,0,0,-96.9377,96.9377,362,0,0,0,25,5,-42.093,96.9204,1.5
250000379,111.252,0,0,-111.252,111.252,379,0,0,0,25,2,-4.57993,99.3642,1.5
250000416,99.102,0,0,-99.102,99.102,416,0,0,0,25,3,-47.6331,112.567,1.5
250000437,105.368,0,0,-105.368,105.368,437,0,0,0,25,17,54.0654,116.716,1.5
250000440,119.932,0,0,-119.932,119.932,440,0,0,0,25,11,24.6047,127.255,1.5
250000484,98.1834,0,0,-98.1834,98.1834,484,0,0,0,25,8,-44.4658,135.76,1.5
250000496,107.98,0,0,-107.98,107.98,496,0,0,0,25,15,52.7003,136.883,1.5
250000496,108.103,0,0,-108.103,108.103,496,0,0,0,25,18,66.8684,130.489,1.5
250000500,98.6338,0,0,-98.6338,98.6338,500,0,0,0,25,12,-30.8722,144.412,1.5
250000503,99.743,0,0,-99.743,99.743,503,0,0,0,25,14,-56.6777,137.306,1.5
250000517,112.496,0,0,-112.496,112.496,517,0,0,0,25,10,-2.05679,142.114,1.5
251893058,88.822,0,0,-88.822,88.822,204,4,-24.7719,51.1484,1.5,0,0,0,25
253393350,108.103,0,0,-108.103,108.103,496,18,66.8684,130.489,1.5,0,0,0,25
255893233,111.252,0,0,-111.252,111.252,379,2,-4.57993,99.3642,1.5,0,0,0,25
258393294,119.932,0,0,-119.932,119.932,440,11,24.6047,127.255,1.5,0,0,0,25
260893042,103.744,0,0,-103.744,103.744,188,6,3.48185,50.8191,1.5,0,0,0,25
264893197,104.86,0,0,-104.86,104.86,343,20,27.3192,96.1596,1.5,0,0,0,25
265393357,99.743,0,0,-99.743,99.743,503,14,-56.6777,137.306,1.5,0,0,0,25
266393350,107.98,0,0,-107.98,107.98,496,15,52.7003,136.883,1.5,0,0,0,25
300000188,103.744,0,0,-103.744,103.744,188,0,0,0,25,6,3.49037,50.6694,1.5
300000204,88.822,0,0,-88.822,88.822,204,0,0,0,25,4,-24.8535,51.2742,1.5
300000209,90.9865,0,0,-90.9865,90.9865,209,0,0,0,25,7,14.822,55.7907,1.5
300000216,87.5961,0,0,-87.5961,87.5961,216,0,0,0,25,19,19.4057,57.0866,1.5
300000237,108.293,0,0,-108.293,108.293,237,0,0,0,25,9,11.14,65.6832,1.5
300000239,97.2441,0,0,-97.2441,97.2441,239,0,0,0,25,1,-17.2385,65.3034,1.5
300000252,90.4917,0,0,-90.4917,90.4917,252,0,0,0,25,16,21.3643,68.2382,1.5
300000331,98.3576,0,0,-98.3576,98.3576,331,0,0,0,25,13,39.75,87.3507,1.5
300000343,104.86,0,0,-104.86,104.86,343,0,0,0,25,20,27.185,96.0925,1.5
300000362,96.9377,0,0,-96.9377,96.9377,362,0,0,0,25,5,-42.0606,96.774,1.5
300000379,111.252,0,0,-111.252,111.252,379,0,0,0,25,2,-4.72265,99.4103,1.5
300000416,99.102,0,0,-99.102,99.102,416,0,0,0,25,3,-47.4989,112.5,1.5
300000437,105.368,0,0,-105.368,105.368,437,0,0,0,25,17,54.022,116.573,1.5
300000440,119.932,0,0,-119.932,119.932,440,0,0,0,25,11,24.5477,127.116,1.5
300000484,98.1834,0,0,-98.1834,98.1834,484,0,0,0,25,8,-44.3349,135.687,1.5
300000496,107.98,0,0,-107.98,107.98,496,0,0,0,25,15,52.6308,136.75,1.5
300000496,108.103,0,0,-108.103,108.103,496,0,0,0,25,18,66.7781,130.369,1.5
300000500,98.6338,0,0,-98.6338,98.6338,500,0,0,0,25,12,-30.9166,144.269,1.5
300000503,99.743,0,0,-99.743,99.743,503,0,0,0,25,14,-56.6024,137.176,1.5
300000517,112.496,0,0,-112.496,112.496,517,0,0,0,25,10,-2,141.977,1.5
310893270,99.102,0,0,-99.102,99.102,416,3,-47.4989,112.5,1.5,0,0,0,25
311393091,108.293,0,0,-108.293,108.293,237,9,11.14,65.6832,1.5,0,0,0,25
314893354,98.6338,0,0,-98.6338,98.6338,500,12,-30.9166,144.269,1.5,0,0,0,25
317393291,105.368,0,0,-105.368,105.368,437,17,54.022,116.573,1.5,0,0,0,25
319393371,112.496,0,0,-112.496,112.496,517,10,-2,141.977,1.5,0,0,0,25
322393106,90.4917,0,0,-90.4917,90.4917,252,16,21.3643,68.2382,1.5,0,0,0,25
323893063,90.9865,0,0,-90.9865,90.9865,209,7,14.822,55.7907,1.5,0,0,0,25
324893093,97.2441,0,0,-97.2441,97.2441,239,1,-17.2385,65.3034,1.5,0,0,0,25
325393216,96.9377,0,0,-96.9377,96.9377,362,5,-42.0606,96.774,1.5,0,0,0,25
326393185,98.3576,0,0,-98.3576,98.3576,331,13,39.75,87.3507,1.5,0,0,0,25
327393338,98.1834,0,0,-98.1834,98.1834,484,8,-44.3349,135.687,1.5,0,0,0,25
328393070,87.5961,0,0,-87.5961,87.5961,216,19,19.4057,57.0866,1.5,0,0,0,25
331893058,88.822,0,0,-88.822,88.822,204,4,-24.8535,51.2742,1.5,0,0,0,25
333393350,108.103,0,0,-108.103,108.103,496,18,66.7781,130.369,1.5,0,0,0,25
335893233,111.252,0,0,-111.252,111.252,379,2,-4.72265,99.4103,1.5,0,0,0,25
338393294,119.932,0,0,-119.932,119.932,440,11,24.5477,127.116,1.5,0,0,0,25
340893042,103.744,0,0,-103.744,103.744,188,6,3.49037,50.6694,1.5,0,0,0,25
344893197,104.86,0,0,-104.86,104.86,343,20,27.185,96.0925,1.5,0,0,0,25
345393357,99.743,0,0,-99.743,99.743,503,14,-56.6024,137.176,1.5,0,0,0,25
346393350,107.98,0,0,-107.98,107.98,496,15,52.6308,136.75,1.5,0,0,0,25
350000188,103.744,0,0,-103.744,103.744,188,0,0,0,25,6,3.49037,50.6694,1.5
350000204,88.822,0,0,-88.822,88.822,204,0,0,0,25,4,-24.8535,51.2742,1.5
350000209,90.9865,0,0,-90.9865,90.9865,209,0,0,0,25,7,14.822,55.7907,1.5
350000216,87.5961,0,0,-87.5961,87.5961,216,0,0,0,25,19,19.4057,57.0866,1.5
350000237,108.293,0,0,-108.293,108.293,237,0,0,0,25,9,11.14,65.6832,1.5
350000239,97.2441,0,0,-97.2441,97.2441,239,0,0,0,25,1,-17.2385,65.3034,1.5
350000252,90.4917,0,0,-90.4917,90.4917,252,0,0,0,25,16,21.3643,68.2382,1.5
350000331,98.3576,0,0,-98.3576,98.3576,331,0,0,0,25,13,39.75,87.3507,1.5
350000343,104.86,0,0,-104.86,104.86,343,0,0,0,25,20,27.185,96.0925,1.5
350000362,96.9377,0,0,-96.9377,96.9377,362,0,0,0,25,5,-42.0606,96.774,1.5
350000379,111.252,0,0,-111.252,111.252,379,0,0,0,25,2,-4.72265,99.4103,1.5
350000416,99.102,0,0,-99.102,99.102,416,0,0,0,25,3,-47.4989,112.5,1.5
350000437,105.368,0,0,-105.368,105.368,437,0,0,0,25,17,54.022,116.573,1.5
350000440,119.932,0,0,-119.932,119.932,440,0,0,0,25,11,24.5477,127.116,1.5
350000484,98.1834,0,0,-98.1834,98.1834,484,0,0,0,25,8,-44.3349,135.687,1.5
350000496,107.98,0,0,-107.98,107.98,496,0,0,0,25,15,52.6308,136.75,1.5
350000496,108.103,0,0,-108.103,108.103,496,0,0,0,25,18,66.7781,130.369,1.5
350000500,98.6338,0,0,-98.6338,98.6338,500,0,0,0,25,12,-30.9166,144.269,1.5
350000503,99.743,0,0,-99.743,99.743,503,0,0,0,25,14,-56.6024,137.176,1.5
350000517,112.496,0,0,-112.496,112.496,517,0,0,0,25,10,-2,141.977,1.5
390893270,99.102,0,0,-99.102,99.102,416,3,-47.4989,112.5,1.5,0,0,0,25
391393091,108.293,0,0,-108.293,108.293,237,9,11.14,65.6832,1.5,0,0,0,25
394893354,98.6338,0,0,-98.6338,98.6338,500,12,-30.9166,144.269,1.5,0,0,0,25
397393291,105.368,0,0,-105.368,105.368,437,17,54.022,116.573,1.5,0,0,0,25
399393371,112.496,0,0,-112.496,112.496,517,10,-2,141.977,1.5,0,0,0,25
400000188,103.744,0,0,-103.744,103.744,188,0,0,0,25,6,3.49889,50.5196,1.5
400000204,88.822,0,0,-88.822,88.822,204,0,0,0,25,4,-24.9352,51.4001,1.5
400000209,90.9865,0,0,-90.9865,90.9865,209,0,0,0,25,7,14.9004,55.6627,1.5
400000216,87.5961,0,0,-87.5961,87.5961,216,0,0,0,25,19,19.5155,56.9845,1.5
400000237,108.293,0,0,-108.293,108.293,237,0,0,0,25,9,11.0489,65.564,1.5
400000239,97.2441,0,0,-97.2441,97.2441,239,0,0,0,25,1,-17.3364,65.1898,1.5
400000252,90.4917,0,0,-90.4917,90.4917,252,0,0,0,25,16,21.2387,68.1561,1.5
400000331,98.3576,0,0,-98.3576,98.3576,331,0,0,0,25,13,39.6629,87.2285,1.5
400000343,104.86,0,0,-104.86,104.86,343,0,0,0,25,20,27.0509,96.0254,1.5
400000362,96.9377,0,0,-96.9377,96.9377,362,0,0,0,25,5,-42.0282,96.6275,1.5
400000379,111.252,0,0,-111.252,111.252,379,0,0,0,25,2,-4.86537,99.4565,1.5
400000416,99.102,0,0,-99.102,99.102,416,0,0,0,25,3,-47.3489,112.5,1.5
400000437,105.368,0,0,-105.368,105.368,437,0,0,0,25,17,54,116.426,1.5
400000440,119.932,0,0,-119.932,119.932,440,0,0,0,25,11,24.5,126.976,1.5
400000484,98.1834,0,0,-98.1834,98.1834,484,0,0,0,25,8,-44.2039,135.614,1.5
400000496,107.98,0,0,-107.98,107.98,496,0,0,0,25,15,52.5612,136.617,1.5
400000496,108.103,0,0,-108.103,108.103,496,0,0,0,25,18,66.6878,130.249,1.5
400000500,98.6338,0,0,-98.6338,98.6338,500,0,0,0,25,12,-30.9611,144.126,1.5
400000503,99.743,0,0,-99.743,99.743,503,0,0,0,25,14,-56.5271,137.047,1.5
400000517,112.496,0,0,-112.496,112.496,517,0,0,0,25,10,-2,141.827,1.5
402393106,90.4917,0,0,-90.4917,90.4917,252,16,21.2387,68.1561,1.5,0,0,0,25
403893063,90.9865,0,0,-90.9865,90.9865,209,7,14.9004,55.6627,1.5,0,0,0,25
404893093,97.2441,0,0,-97.2441,97.2441,239,1,-17.3364,65.1898,1.5,0,0,0,25
405393216,96.9377,0,0,-96.9377,96.9377,362,5,-42.0282,96.6275,1.5,0,0,0,25
406393185,98.3576,0,0,-98.3576,98.3576,331,13,39.6629,87.2285,1.5,0,0,0,25
407393338,98.1834,0,0,-98.1834,98.1834,484,8,-44.2039,135.614,1.5,0,0,0,25
408393070,87.5961,0,0,-87.5961,87.5961,216,19,19.5155,56.9845,1.5,0,0,0,25
411893058,88.822,0,0,-88.822,88.822,204,4,-24.9352,51.4001,1.5,0,0,0,25
413393350,108.103,0,0,-108.103,108.103,496,18,66.6878,130.249,1.5,0,0,0,25
415893233,111.252,0,0,-111.252,111.252,379,2,-4.86537,99.4565,1.5,0,0,0,25
418393294,119.932,0,0,-119.932,119.932,440,11,24.5,126.976,1.5,0,0,0,25
420893042,103.744,0,0,-103.744,103.744,188,6,3.49889,50.5196,1.5,0,0,0,25
424893197,104.86,0,0,-104.86,104.86,343,20,27.0509,96.0254,1.5,0,0,0,25
425393357,99.743,0,0,-99.743,99.743,503,14,-56.5271,137.047,1.5,0,0,0,25
426393350,107.98,0,0,-107.98,107.98,496,15,52.5612,136.617,1.5,0,0,0,25
450000188,103.744,0,0,-103.744,103.744,188,0,0,0,25,6,3.49889,50.5196,1.5
450000204,88.822,0,0,-88.822,88.822,204,0,0,0,25,4,-24.9352,51.4001,1.5
450000209,90.9865,0,0,-90.9865,90.9865,209,0,0,0,25,7,14.9004,55.6627,1.5
450000216,87.5961,0,0,-87.5961,87.5961,216,0,0,0,25,19,19.5155,56.9845,1.5
450000237,108.293,0,0,-108.293,108.293,237,0,0,0,25,9,11.0489,65.564,1.5
450000239,97.2441,0,0,-97.2441,97.2441,239,0,0,0,25,1,-17.3364,65.1898,1.5
450000252,90.4917,0,0,-90.4917,90.4917,252,0,0,0,25,16,21.2387,68.1561,1.5
450000331,98.3576,0,0,-98.3576,98.3576,331,0,0,0,25,13,39.6629,87.2285,1.5
450000343,104.86,0,0,-104.86,104.86,343,0,0,0,25,20,27.0509,96.0254,1.5
450000362,96.9377,0,0,-96.9377,96.9377,362,0,0,0,25,5,-42.0282,96.6275,1.5
450000379,111.252,0,0,-111.252,111.252,379,0,0,0,25,2,-4.86537,99.4565,1.5
450000416,99.102,0,0,-99.102,99.102,416,0,0,0,25,3,-47.3489,112.5,1.5
450000437,105.368,0,0,-105.368,105.368,437,0,0,0,25,17,54,116.426,1.5
450000440,119.932,0,0,-119.932,119.932,440,0,0,0,25,11,24.5,126.976,1.5
450000484,98.1834,0,0,-98.1834,98.1834,484,0,0,0,25,8,-44.2039,135.614,1.5
450000496,107.98,0,0,-107.98,107.98,496,0,0,0,25,15,52.5612,136.617,1.5
450000496,108.103,0,0,-108.103,108.103,496,0,0,0,25,18,66.6878,130.249,1.5
450000500,98.6338,0,0,-98.6338,98.6338,500,0,0,0,25,12,-30.9611,144.126,1.5
450000503,99.743,0,0,-99.743,99.743,503,0,0,0,25,14,-56.5271,137.047,1.5
450000517,112.496,0,0,-112.496,112.496,517,0,0,0,25,10,-2,141.827,1.5
470893270,99.102,0,0,-99.102,99.102,416,3,-47.3489,112.5,1.5,0,0,0,25
471393091,108.293,0,0,-108.293,108.293,237,9,11.0489,65.564,1.5,0,0,0,25
474893354,98.6338,0,0,-98.6338,98.6338,500,12,-30.9611,144.126,1.5,0,0,0,25
477393291,105.368,0,0,-105.368,105.368,437,17,54,116.426,1.5,0,0,0,25
479393371,112.496,0,0,-112.496,112.496,517,10,-2,141.827,1.5,0,0,0,25
482393106,90.4917,0,0,-90.4917,90.4917,252,16,21.2387,68.1561,1.5,0,0,0,25
483893063,90.9865,0,0,-90.9865,90.9865,209,7,14.9004,55.6627,1.5,0,0,0,25
484893093,97.2441,0,0,-97.2441,97.2441,239,1,-17.3364,65.1898,1.5,0,0,0,25
485393216,96.9377,0,0,-96.9377,96.9377,362,5,-42.0282,96.6275,1.5,0,0,0,25
486393185,98.3576,0,0,-98.3576,98.3576,331,13,39.6629,87.2285,1.5,0,0,0,25
487393338,98.1834,0,0,-98.1834,98.1834,484,8,-44.2039,135.614,1.5,0,0,0,25
488393070,87.5961,0,0,-87.5961,87.5961,216,19,19.5155,56.9845,1.5,0,0,0,25
491893058,88.822,0,0,-88.822,88.822,204,4,-24.9352,51.4001,1.5,0,0,0,25
493393350,108.103,0,0,-108.103,108.103,496,18,66.6878,130.249,1.5,0,0,0,25
495893233,111.252,0,0,-111.252,111.252,379,2,-4.86537,99.4565,1.5,0,0,0,25
498393294,119.932,0,0,-119.932,119.932,440,11,24.5,126.976,1.5,0,0,0,25
500000188,103.744,0,0,-103.744,103.744,188,0,0,0,25,6,3.5,50.3696,1.5
500000204,88.822,0,0,-88.822,88.822,204,0,0,0,25,4,-25.0218,51.5218,1.5
500000209,90.9865,0,0,-90.9865,90.9865,209,0,0,0,25,7,14.9787,55.5348,1.5
500000216,87.5961,0,0,-87.5961,87.5961,216,0,0,0,25,19,19.6216,56.8784,1.5
500000237,108.293,0,0,-108.293,108.293,237,0,0,0,25,9,10.9509,65.4509,1.5
500000239,97.2441,0,0,-97.2441,97.2441,239,0,0,0,25,1,-17.4343,65.0762,1.5
500000252,90.4917,0,0,-90.4917,90.4917,252,0,0,0,25,16,21.1132,68.074,1.5
500000331,98.3576,0,0,-98.3576,98.3576,331,0,0,0,25,13,39.5758,87.1064,1.5
500000343,104.86,0,0,-104.86,104.86,343,0,0,0,25,20,26.9342,95.9342,1.5
500000362,96.9377,0,0,-96.9377,96.9377,362,0,0,0,25,5,-42,96.4806,1.5
500000379,111.252,0,0,-111.252,111.252,379,0,0,0,25,2,-5.00851,99.5,1.5
500000416,99.102,0,0,-99.102,99.102,416,0,0,0,25,3,-47.1989,112.5,1.5
500000437,105.368,0,0,-105.368,105.368,437,0,0,0,25,17,54,116.276,1.5
500000440,119.932,0,0,-119.932,119.932,440,0,0,0,25,11,24.5,126.826,1.5
500000484,98.1834,0,0,-98.1834,98.1834,484,0,0,0,25,8,-44.0729,135.541,1.5
500000496,107.98,0,0,-107.98,107.98,496,0,0,0,25,15,52.4873,136.487,1.5
500000496,108.103,0,0,-108.103,108.103,496,0,0,0,25,18,66.5975,130.129,1.5
500000500,98.6338,0,0,-98.6338,98.6338,500,0,0,0,25,12,-31,143.982,1.5
500000503,99.743,0,0,-99.743,99.743,503,0,0,0,25,14,-56.4321,136.932,1.5
500000517,112.496,0,0,-112.496,112.496,517,0,0,0,25,10,-2,141.677,1.5
500893042,103.744,0,0,-103.744,103.744,188,6,3.5,50.3696,1.5,0,0,0,25
504893197,104.86,0,0,-104.86,104.86,343,20,26.9342,95.9342,1.5,0,0,0,25
505393357,99.743,0,0,-99.743,99.743,503,14,-56.4321,136.932,1.5,0,0,0,25
506393350,107.98,0,0,-107.98,107.98,496,15,52.4873,136.487,1.5,0,0,0,25
534928807,97.2441,0,0,-97.2441,97.2441,239,1,-17.4343,65.0762,1.5,0,0,0,25
545928947,111.252,0,0,-111.252,111.252,379,2,-5.00851,99.5,1.5,0,0,0,25
550000188,103.744,0,0,-103.744,103.744,188,0,0,0,25,6,3.5,50.3696,1.5
550000204,88.822,0,0,-88.822,88.822,204,0,0,0,25,4,-25.0218,51.5218,1.5
550000209,90.9865,0,0,-90.9865,90.9865,209,0,0,0,25,7,14.9787,55.5348,1.5
550000216,87.5961,0,0,-87.5961,87.5961,216,0,0,0,25,19,19.6216,56.8784,1.5
550000237,108.293,0,0,-108.293,108.293,237,0,0,0,25,9,10.9509,65.4509,1.5
550000239,97.2441,0,0,-97.2441,97.2441,239,0,0,0,25,1,-17.4343,65.0762,1.5
550000252,90.4917,0,0,-90.4917,90.4917,252,0,0,0,25,16,21.1132,68.074,1.5
550000331,98.3576,0,0,-98.3576,98.3576,331,0,0,0,25,13,39.5758,87.1064,1.5
550000343,104.86,0,0,-104.86,104.86,343,0,0,0,25,20,26.9342,95.9342,1.5
550000362,96.9377,0,0,-96.9377,96.9377,362,0,0,0,25,5,-42,96.4806,1.5
550000379,111.252,0,0,-111.252,111.252,379,0,0,0,25,2,-5.00851,99.5,1.5
550000416,99.102,0,0,-99.102,99.102,416,0,0,0,25,3,-47.1989,112.5,1.5
550000437,105.368,0,0,-105.368,105.368,437,0,0,0,25,17,54,116.276,1.5
550000440,119.932,0,0,-119.932,119.932,440,0,0,0,25,11,24.5,126.826,1.5
550000484,98.1834,0,0,-98.1834,98.1834,484,0,0,0,25,8,-44.0729,135.541,1.5
550000496,107.98,0,0,-107.98,107.98,496,0,0,0,25,15,52.4873,136.487,1.5
550000496,108.103,0,0,-108.103,108.103,496,0,0,0,25,18,66.5975,130.129,1.5
550000500,98.6338,0,0,-98.6338,98.6338,500,0,0,0,25,12,-31,143.982,1.5
550000503,99.743,0,0,-99.743,99.743,503,0,0,0,25,14,-56.4321,136.932,1.5
550000517,112.496,0,0,-112.496,112.496,517,0,0,0,25,10,-2,141.677,1.5
550893270,99.102,0,0,-99.102,99.102,416,3,-47.1989,112.5,1.5,0,0,0,25
551393091,108.293,0,0,-108.293,108.293,237,9,10.9509,65.4509,1.5,0,0,0,25
554893354,98.6338,0,0,-98.6338,98.6338,500,12,-31,143.982,1.5,0,0,0,25
557393291,105.368,0,0,-105.368,105.368,437,17,54,116.276,1.5,0,0,0,25
559393371,112.496,0,0,-112.496,112.496,517,10,-2,141.677,1.5,0,0,0,25
562393106,90.4917,0,0,-90.4917,90.4917,252,16,21.1132,68.074,1.5,0,0,0,25
563893063,90.9865,0,0,-90.9865,90.9865,209,7,14.9787,55.5348,1.5,0,0,0,25
565393216,96.9377,0,0,-96.9377,96.9377,362,5,-42,96.4806,1.5,0,0,0,25
566393185,98.3576,0,0,-98.3576,98.3576,331,13,39.5758,87.1064,1.5,0,0,0,25
567393338,98.1834,0,0,-98.1834,98.1834,484,8,-44.0729,135.541,1.5,0,0,0,25
568393070,87.5961,0,0,-87.5961,87.5961,216,19,19.6216,56.8784,1.5,0,0,0,25
571893058,88.822,0,0,-88.822,88.822,204,4,-25.0218,51.5218,1.5,0,0,0,25
573393350,108.103,0,0,-108.103,108.103,496,18,66.5975,130.129,1.5,0,0,0,25
578393294,119.932,0,0,-119.932,119.932,440,11,24.5,126.826,1.5,0,0,0,25
580893042,103.744,0,0,-103.744,103.744,188,6,3.5,50.3696,1.5,0,0,0,25
584893197,104.86,0,0,-104.86,104.86,343,20,26.9342,95.9342,1.5,0,0,0,25
584928807,97.2441,0,0,-97.2441,97.2441,239,1,-17.4343,65.0762,1.5,0,0,0,25
585393357,99.743,0,0,-99.743,99.743,503,14,-56.4321,136.932,1.5,0,0,0,25
586393350,107.98,0,0,-107.98,107.98,496,15,52.4873,136.487,1.5,0,0,0,25
595928947,111.252,0,0,-111.252,111.252,379,2,-5.00851,99.5,1.5,0,0,0,25
600000188,103.744,0,0,-103.744,103.744,188,0,0,0,25,6,3.5,50.2196,1.5
600000204,88.822,0,0,-88.822,88.822,204,0,0,0,25,4,-25.1279,51.6279,1.5
600000209,90.9865,0,0,-90.9865,90.9865,209,0,0,0,25,7,15.0772,55.4228,1.5
600000216,87.5961,0,0,-87.5961,87.5961,216,0,0,0,25,19,19.7276,56.7724,1.5
600000237,108.293,0,0,-108.293,108.293,237,0,0,0,25,9,10.8448,65.3448,1.5
600000239,97.2441,0,0,-97.2441,97.2441,239,0,0,0,25,1,-17.535,64.965,1.5
600000252,90.4917,0,0,-90.4917,90.4917,252,0,0,0,25,16,20.9896,67.9896,1.5
600000331,98.3576,0,0,-98.3576,98.3576,331,0,0,0,25,13,39.4863,86.9863,1.5
600000343,104.86,0,0,-104.86,104.86,343,0,0,0,25,20,26.8281,95.8281,1.5
600000362,96.9377,0,0,-96.9377,96.9377,362,0,0,0,25,5,-42,96.3306,1.5
600000379,111.252,0,0,-111.252,111.252,379,0,0,0,25,2,-5.15851,99.5,1.5
600000416,99.102,0,0,-99.102,99.102,416,0,0,0,25,3,-47.0489,112.5,1.5
600000437,105.368,0,0,-105.368,105.368,437,0,0,0,25,17,54,116.126,1.5
600000440,119.932,0,0,-119.932,119.932,440,0,0,0,25,11,24.5,126.676,1.5
600000484,98.1834,0,0,-98.1834,98.1834,484,0,0,0,25,8,-44,135.434,1.5
600000496,107.98,0,0,-107.98,107.98,496,0,0,0,25,15,52.3813,136.381,1.5
600000496,108.103,0,0,-108.103,108.103,496,0,0,0,25,18,66.5072,130.01,1.5
600000500,98.6338,0,0,-98.6338,98.6338,500,0,0,0,25,12,-31,143.832,1.5
600000503,99.743,0,0,-99.743,99.743,503,0,0,0,25,14,-56.326,136.826,1.5
600000517,112.496,0,0,-112.496,112.496,517,0,0,0,25,10,-2,141.527,1.5
600928984,99.102,0,0,-99.102,99.102,416,3,-47.0489,112.5,1.5,0,0,0,25
615428930,96.9377,0,0,-96.9377,96.9377,362,5,-42,96.3306,1.5,0,0,0,25
621928772,88.822,0,0,-88.822,88.822,204,4,-25.1279,51.6279,1.5,0,0,0,25
630928756,103.744,0,0,-103.744,103.744,188,6,3.5,50.2196,1.5,0,0,0,25
631393091,108.293,0,0,-108.293,108.293,237,9,10.8448,65.3448,1.5,0,0,0,25
634893354,98.6338,0,0,-98.6338,98.6338,500,12,-31,143.832,1.5,0,0,0,25
634928807,97.2441,0,0,-97.2441,97.2441,239,1,-17.535,64.965,1.5,0,0,0,25
637393291,105.368,0,0,-105.368,105.368,437,17,54,116.126,1.5,0,0,0,25
639393371,112.496,0,0,-112.496,112.496,517,10,-2,141.527,1.5,0,0,0,25
640928777,90.9865,0,0,-90.9865,90.9865,209,7,15.0772,55.4228,1.5,0,0,0,25
642393106,90.4917,0,0,-90.4917,90.4917,252,16,20.9896,67.9896,1.5,0,0,0,25
645928947,111.252,0,0,-111.252,111.252,379,2,-5.15851,99.5,1.5,0,0,0,25
646393185,98.3576,0,0,-98.3576,98.3576,331,13,39.4863,86.9863,1.5,0,0,0,25
647393338,98.1834,0,0,-98.1834,98.1834,484,8,-44,135.434,1.5,0,0,0,25
648393070,87.5961,0,0,-87.5961,87.5961,216,19,19.7276,56.7724,1.5,0,0,0,25
650000188,103.744,0,0,-103.744,103.744,188,0,0,0,25,6,3.5,50.2196,1.5
650000204,88.822,0,0,-88.822,88.822,204,0,0,0,25,4,-25.1279,51.6279,1.5
650000209,90.9865,0,0,-90.9865,90.9865,209,0,0,0,25,7,15.0772,55.4228,1.5
650000216,87.5961,0,0,-87.5961,87.5961,216,0,0,0,25,19,19.7276,56.7724,1.5
650000237,108.293,0,0,-108.293,108.293,237,0,0,0,25,9,10.8448,65.3448,1.5
650000239,97.2441,0,0,-97.2441,97.2441,239,0,0,0,25,1,-17.535,64.965,1.5
650000252,90.4917,0,0,-90.4917,90.4917,252,0,0,0,25,16,20.9896,67.9896,1.5
650000331,98.3576,0,0,-98.3576,98.3576,331,0,0,0,25,13,39.4863,86.9863,1.5
650000343,104.86,0,0,-104.86,104.86,343,0,0,0,25,20,26.8281,95.8281,1.5
650000362,96.9377,0,0,-96.9377,96.9377,362,0,0,0,25,5,-42,96.3306,1.5
650000379,111.252,0,0,-111.252,111.252,379,0,0,0,25,2,-5.15851,99.5,1.5
650000416,99.102,0,0,-99.102,99.102,416,0,0,0,25,3,-47.0489,112.5,1.5
650000437,105.368,0,0,-105.368,105.368,437,0,0,0,25,17,54,116.126,1.5
650000440,119.932,0,0,-119.932,119.932,440,0,0,0,25,11,24.5,126.676,1.5
650000484,98.1834,0,0,-98.1834,98.1834,484,0,0,0,25,8,-44,135.434,1.5
650000496,107.98,0,0,-107.98,107.98,496,0,0,0,25,15,52.3813,136.381,1.5
650000496,108.103,0,0,-108.103,108.103,496,0,0,0,25,18,66.5072,130.01,1.5
650000500,98.6338,0,0,-98.6338,98.6338,500,0,0,0,25,12,-31,143.832,1.5
650000503,99.743,0,0,-99.743,99.743,503,0,0,0,25,14,-56.326,136.826,1.5
650000517,112.496,0,0,-112.496,112.496,517,0,0,0,25,10,-2,141.527,1.5
651428984,99.102,0,0,-99.102,99.102,416,3,-47.0489,112.5,1.5,0,0,0,25
653393350,108.103,0,0,-108.103,108.103,496,18,66.5072,130.01,1.5,0,0,0,25
658393294,119.932,0,0,-119.932,119.932,440,11,24.5,126.676,1.5,0,0,0,25
664893197,104.86,0,0,-104.86,104.86,343,20,26.8281,95.8281,1.5,0,0,0,25
665393357,99.743,0,0,-99.743,99.743,503,14,-56.326,136.826,1.5,0,0,0,25
665428930,96.9377,0,0,-96.9377,96.9377,362,5,-42,96.3306,1.5,0,0,0,25
666393350,107.98,0,0,-107.98,107.98,496,15,52.3813,136.381,1.5,0,0,0,25
672428772,88.822,0,0,-88.822,88.822,204,4,-25.1279,51.6279,1.5,0,0,0,25
681428756,103.744,0,0,-103.744,103.744,188,6,3.5,50.2196,1.5,0,0,0,25
682928805,108.293,0,0,-108.293,108.293,237,9,10.8448,65.3448,1.5,0,0,0,25
685428807,97.2441,0,0,-97.2441,97.2441,239,1,-17.535,64.965,1.5,0,0,0,25
690928777,90.9865,0,0,-90.9865,90.9865,209,7,15.0772,55.4228,1.5,0,0,0,25
696428947,111.252,0,0,-111.252,111.252,379,2,-5.15851,99.5,1.5,0,0,0,25
697429052,98.1834,0,0,-98.1834,98.1834,484,8,-44,135.434,1.5,0,0,0,25
700000188,103.744,0,0,-103.744,103.744,188,0,0,0,25,6,3.5,50.0696,1.5
700000204,88.822,0,0,-88.822,88.822,204,0,0,0,25,4,-25.234,51.734,1.5
700000209,90.9865,0,0,-90.9865,90.9865,209,0,0,0,25,7,15.1833,55.3167,1.5
700000216,87.5961,0,0,-87.5961,87.5961,216,0,0,0,25,19,19.8337,56.6663,1.5
700000237,108.293,0,0,-108.293,108.293,237,0,0,0,25,9,10.7388,65.2388,1.5
700000239,97.2441,0,0,-97.2441,97.2441,239,0,0,0,25,1,-17.641,64.859,1.5
700000252,90.4917,0,0,-90.4917,90.4917,252,0,0,0,25,16,20.8835,67.8835,1.5
700000331,98.3576,0,0,-98.3576,98.3576,331,0,0,0,25,13,39.3803,86.8803,1.5
700000343,104.86,0,0,-104.86,104.86,343,0,0,0,25,20,26.722,95.722,1.5
700000362,96.9377,0,0,-96.9377,96.9377,362,0,0,0,25,5,-42,96.1806,1.5
700000379,111.252,0,0,-111.252,111.252,379,0,0,0,25,2,-5.30851,99.5,1.5
700000416,99.102,0,0,-99.102,99.102,416,0,0,0,25,3,-46.8989,112.5,1.5
700000437,105.368,0,0,-105.368,105.368,437,0,0,0,25,17,54,115.976,1.5
700000440,119.932,0,0,-119.932,119.932,440,0,0,0,25,11,24.5,126.526,1.5
700000484,98.1834,0,0,-98.1834,98.1834,484,0,0,0,25,8,-44,135.284,1.5
700000496,107.98,0,0,-107.98,107.98,496,0,0,0,25,15,52.2752,136.275,1.5
700000496,108.103,0,0,-108.103,108.103,496,0,0,0,25,18,66.4024,129.902,1.5
700000500,98.6338,0,0,-98.6338,98.6338,500,0,0,0,25,12,-31,143.682,1.5
700000503,99.743,0,0,-99.743,99.743,503,0,0,0,25,14,-56.22,136.72,1.5
700000517,112.496,0,0,-112.496,112.496,517,0,0,0,25,10,-2,141.377,1.5
701428984,99.102,0,0,-99.102,99.102,416,3,-46.8989,112.5,1.5,0,0,0,25
703929085,112.496,0,0,-112.496,112.496,517,10,-2,141.377,1.5,0,0,0,25
714893354,98.6338,0,0,-98.6338,98.6338,500,12,-31,143.682,1.5,0,0,0,25
715428930,96.9377,0,0,-96.9377,96.9377,362,5,-42,96.1806,1.5,0,0,0,25
717393291,105.368,0,0,-105.368,105.368,437,17,54,115.976,1.5,0,0,0,25
722393106,90.4917,0,0,-90.4917,90.4917,252,16,20.8835,67.8835,1.5,0,0,0,25
722928772,88.822,0,0,-88.822,88.822,204,4,-25.234,51.734,1.5,0,0,0,25
724929008,119.932,0,0,-119.932,119.932,440,11,24.5,126.526,1.5,0,0,0,25
726393185,98.3576,0,0,-98.3576,98.3576,331,13,39.3803,86.8803,1.5,0,0,0,25
728393070,87.5961,0,0,-87.5961,87.5961,216,19,19.8337,56.6663,1.5,0,0,0,25
731928756,103.744,0,0,-103.744,103.744,188,6,3.5,50.0696,1.5,0,0,0,25
732928805,108.293,0,0,-108.293,108.293,237,9,10.7388,65.2388,1.5,0,0,0,25
733393350,108.103,0,0,-108.103,108.103,496,18,66.4024,129.902,1.5,0,0,0,25
735928807,97.2441,0,0,-97.2441,97.2441,239,1,-17.641,64.859,1.5,0,0,0,25
741428777,90.9865,0,0,-90.9865,90.9865,209,7,15.1833,55.3167,1.5,0,0,0,25
744893197,104.86,0,0,-104.86,104.86,343,20,26.722,95.722,1.5,0,0,0,25
745393357,99.743,0,0,-99.743,99.743,503,14,-56.22,136.72,1.5,0,0,0,25
746393350,107.98,0,0,-107.98,107.98,496,15,52.2752,136.275,1.5,0,0,0,25
747929052,98.1834,0,0,-98.1834,98.1834,484,8,-44,135.284,1.5,0,0,0,25
749428947,111.252,0,0,-111.252,111.252,379,2,-5.30851,99.5,1.5,0,0,0,25
750000188,103.744,0,0,-103.744,103.744,188,0,0,0,25,6,3.5,50.0696,1.5
750000204,88.822,0,0,-88.822,88.822,204,0,0,0,25,4,-25.234,51.734,1.5
750000209,90.9865,0,0,-90.9865,90.9865,209,0,0,0,25,7,15.1833,55.3167,1.5
750000216,87.5961,0,0,-87.5961,87.5961,216,0,0,0,25,19,19.8337,56.6663,1.5
750000237,108.293,0,0,-108.293,108.293,237,0,0,0,25,9,10.7388,65.2388,1.5
750000239,97.2441,0,0,-97.2441,97.2441,239,0,0,0,25,1,-17.641,64.859,1.5
750000252,90.4917,0,0,-90.4917,90.4917,252,0,0,0,25,16,20.8835,67.8835,1.5
750000331,98.3576,0,0,-98.3576,98.3576,331,0,0,0,25,13,39.3803,86.8803,1.5
750000343,104.86,0,0,-104.86,104.86,343,0,0,0,25,20,26.722,95.722,1.5
750000362,96.9377,0,0,-96.9377,96.9377,362,0,0,0,25,5,-42,96.1806,1.5
750000379,111.252,0,0,-111.252,111.252,379,0,0,0,25,2,-5.30851,99.5,1.5
750000416,99.102,0,0,-99.102,99.102,416,0,0,0,25,3,-46.8989,112.5,1.5
750000437,105.368,0,0,-105.368,105.368,437,0,0,0,25,17,54,115.976,1.5
750000440,119.932,0,0,-119.932,119.932,440,0,0,0,25,11,24.5,126.526,1.5
750000484,98.1834,0,0,-98.1834,98.1834,484,0,0,0,25,8,-44,135.284,1.5
750000496,107.98,0,0,-107.98,107.98,496,0,0,0,25,15,52.2752,136.275,1.5
750000496,108.103,0,0,-108.103,108.103,496,0,0,0,25,18,66.4024,129.902,1.5
750000500,98.6338,0,0,-98.6338,98.6338,500,0,0,0,25,12,-31,143.682,1.5
750000503,99.743,0,0,-99.743,99.743,503,0,0,0,25,14,-56.22,136.72,1.5
750000517,112.496,0,0,-112.496,112.496,517,0,0,0,25,10,-2,141.377,1.5
751928984,99.102,0,0,-99.102,99.102,416,3,-46.8989,112.5,1.5,0,0,0,25
753929085,112.496,0,0,-112.496,112.496,517,10,-2,141.377,1.5,0,0,0,25
764929068,98.6338,0,0,-98.6338,98.6338,500,12,-31,143.682,1.5,0,0,0,25
765928930,96.9377,0,0,-96.9377,96.9377,362,5,-42,96.1806,1.5,0,0,0,25
772928772,88.822,0,0,-88.822,88.822,204,4,-25.234,51.734,1.5,0,0,0,25
774929008,119.932,0,0,-119.932,119.932,440,11,24.5,126.526,1.5,0,0,0,25
781928756,103.744,0,0,-103.744,103.744,188,6,3.5,50.0696,1.5,0,0,0,25
783428805,108.293,0,0,-108.293,108.293,237,9,10.7388,65.2388,1.5,0,0,0,25
785428899,98.3576,0,0,-98.3576,98.3576,331,13,39.3803,86.8803,1.5,0,0,0,25
786428807,97.2441,0,0,-97.2441,97.2441,239,1,-17.641,64.859,1.5,0,0,0,25
791428777,90.9865,0,0,-90.9865,90.9865,209,7,15.1833,55.3167,1.5,0,0,0,25
796929071,99.743,0,0,-99.743,99.743,503,14,-56.22,136.72,1.5,0,0,0,25
797393291,105.368,0,0,-105.368,105.368,437,17,54,115.976,1.5,0,0,0,25
798429052,98.1834,0,0,-98.1834,98.1834,484,8,-44,135.284,1.5,0,0,0,25
799428947,111.252,0,0,-111.252,111.252,379,2,-5.30851,99.5,1.5,0,0,0,25
800000188,103.744,0,0,-103.744,103.744,188,0,0,0,25,6,3.5,49.9196,1.5
800000204,88.822,0,0,-88.822,88.822,204,0,0,0,25,4,-25.34,51.84,1.5
800000209,90.9865,0,0,-90.9865,90.9865,209,0,0,0,25,7,15.2893,55.2107,1.5
800000216,87.5961,0,0,-87.5961,87.5961,216,0,0,0,25,19,19.9398,56.5602,1.5
800000237,108.293,0,0,-108.293,108.293,237,0,0,0,25,9,10.6327,65.1327,1.5
800000239,97.2441,0,0,-97.2441,97.2441,239,0,0,0,25,1,-17.7471,64.7529,1.5
800000252,90.4917,0,0,-90.4917,90.4917,252,0,0,0,25,16,20.7774,67.7774,1.5
800000331,98.3576,0,0,-98.3576,98.3576,331,0,0,0,25,13,39.2742,86.7742,1.5
800000343,104.86,0,0,-104.86,104.86,343,0,0,0,25,20,26.616,95.616,1.5
800000362,96.9377,0,0,-96.9377,96.9377,362,0,0,0,25,5,-42,96.0306,1.5
800000379,111.252,0,0,-111.252,111.252,379,0,0,0,25,2,-5.45851,99.5,1.5
800000416,99.102,0,0,-99.102,99.102,416,0,0,0,25,3,-46.7489,112.5,1.5
800000437,105.368,0,0,-105.368,105.368,437,0,0,0,25,17,54,115.826,1.5
800000440,119.932,0,0,-119.932,119.932,440,0,0,0,25,11,24.5,126.376,1.5
800000484,98.1834,0,0,-98.1834,98.1834,484,0,0,0,25,8,-44,135.134,1.5
800000496,107.98,0,0,-107.98,107.98,496,0,0,0,25,15,52.1691,136.169,1.5
800000496,108.103,0,0,-108.103,108.103,496,0,0,0,25,18,66.2964,129.796,1.5
800000500,98.6338,0,0,-98.6338,98.6338,500,0,0,0,25,12,-31,143.532,1.5
800000503,99.743,0,0,-99.743,99.743,503,0,0,0,25,14,-56.1139,136.614,1.5
800000517,112.496,0,0,-112.496,112.496,517,0,0,0,25,10,-2,141.227,1.5
802393106,90.4917,0,0,-90.4917,90.4917,252,16,20.7774,67.7774,1.5,0,0,0,25
802428984,99.102,0,0,-99.102,99.102,416,3,-46.7489,112.5,1.5,0,0,0,25
804429085,112.496,0,0,-112.496,112.496,517,10,-2,141.227,1.5,0,0,0,25
808393070,87.5961,0,0,-87.5961,87.5961,216,19,19.9398,56.5602,1.5,0,0,0,25
808929064,107.98,0,0,-107.98,107.98,496,15,52.1691,136.169,1.5,0,0,0,25
813393350,108.103,0,0,-108.103,108.103,496,18,66.2964,129.796,1.5,0,0,0,25
814929068,98.6338,0,0,-98.6338,98.6338,500,12,-31,143.532,1.5,0,0,0,25
815928930,96.9377,0,0,-96.9377,96.9377,362,5,-42,96.0306,1.5,0,0,0,25
823428772,88.822,0,0,-88.822,88.822,204,4,-25.34,51.84,1.5,0,0,0,25
824893197,104.86,0,0,-104.86,104.86,343,20,26.616,95.616,1.5,0,0,0,25
825429008,119.932,0,0,-119.932,119.932,440,11,24.5,126.376,1.5,0,0,0,25
832928756,103.744,0,0,-103.744,103.744,188,6,3.5,49.9196,1.5,0,0,0,25
833928805,108.293,0,0,-108.293,108.293,237,9,10.6327,65.1327,1.5,0,0,0,25
835428899,98.3576,0,0,-98.3576,98.3576,331,13,39.2742,86.7742,1.5,0,0,0,25
836928807,97.2441,0,0,-97.2441,97.2441,239,1,-17.7471,64.7529,1.5,0,0,0,25
841928777,90.9865,0,0,-90.9865,90.9865,209,7,15.2893,55.2107,1.5,0,0,0,25
846929071,99.743,0,0,-99.743,99.743,503,14,-56.1139,136.614,1.5,0,0,0,25
848929052,98.1834,0,0,-98.1834,98.1834,484,8,-44,135.134,1.5,0,0,0,25
849428947,111.252,0,0,-111.252,111.252,379,2,-5.45851,99.5,1.5,0,0,0,25
850000188,103.744,0,0,-103.744,103.744,188,0,0,0,25,6,3.5,49.9196,1.5
850000204,88.822,0,0,-88.822,88.822,204,0,0,0,25,4,-25.34,51.84,1.5
850000209,90.9865,0,0,-90.9865,90.9865,209,0,0,0,25,7,15.2893,55.2107,1.5
850000216,87.5961,0,0,-87.5961,87.5961,216,0,0,0,25,19,19.9398,56.5602,1.5
850000237,108.293,0,0,-108.293,108.293,237,0,0,0,25,9,10.6327,65.1327,1.5
850000239,97.2441,0,0,-97.2441,97.2441,239,0,0,0,25,1,-17.7471,64.7529,1.5
850000252,90.4917,0,0,-90.4917,90.4917,252,0,0,0,25,16,20.7774,67.7774,1.5
850000331,98.3576,0,0,-98.3576,98.3576,331,0,0,0,25,13,39.2742,86.7742,1.5
850000343,104.86,0,0,-104.86,104.86,343,0,0,0,25,20,26.616,95.616,1.5
850000362,96.9377,0,0,-96.9377,96.9377,362,0,0,0,25,5,-42,96.0306,1.5
850000379,111.252,0,0,-111.252,111.252,379,0,0,0,25,2,-5.45851,99.5,1.5
850000416,99.102,0,0,-99.102,99.102,416,0,0,0,25,3,-46.7489,112.5,1.5
850000437,105.368,0,0,-105.368,105.368,437,0,0,0,25,17,54,115.826,1.5
850000440,119.932,0,0,-119.932,119.932,440,0,0,0,25,11,24.5,126.376,1.5
850000484,98.1834,0,0,-98.1834,98.1834,484,0,0,0,25,8,-44,135.134,1.5
850000496,107.98,0,0,-107.98,107.98,496,0,0,0,25,15,52.1691,136.169,1.5
850000496,108.103,0,0,-108.103,108.103,496,0,0,0,25,18,66.2964,129.796,1.5
850000500,98.6338,0,0,-98.6338,98.6338,500,0,0,0,25,12,-31,143.532,1.5
850000503,99.743,0,0,-99.743,99.743,503,0,0,0,25,14,-56.1139,136.614,1.5
850000517,112.496,0,0,-112.496,112.496,517,0,0,0,25,10,-2,141.227,1.5
852428820,90.4917,0,0,-90.4917,90.4917,252,16,20.7774,67.7774,1.5,0,0,0,25
852928984,99.102,0,0,-99.102,99.102,416,3,-46.7489,112.5,1.5,0,0,0,25
853929005,105.368,0,0,-105.368,105.368,437,17,54,115.826,1.5,0,0,0,25
854429085,112.496,0,0,-112.496,112.496,517,10,-2,141.227,1.5,0,0,0,25
858929064,107.98,0,0,-107.98,107.98,496,15,52.1691,136.169,1.5,0,0,0,25
865429068,98.6338,0,0,-98.6338,98.6338,500,12,-31,143.532,1.5,0,0,0,25
865928930,96.9377,0,0,-96.9377,96.9377,362,5,-42,96.0306,1.5,0,0,0,25
872429064,108.103,0,0,-108.103,108.103,496,18,66.2964,129.796,1.5,0,0,0,25
874928772,88.822,0,0,-88.822,88.822,204,4,-25.34,51.84,1.5,0,0,0,25
875429008,119.932,0,0,-119.932,119.932,440,11,24.5,126.376,1.5,0,0,0,25
882928756,103.744,0,0,-103.744,103.744,188,6,3.5,49.9196,1.5,0,0,0,25
883928805,108.293,0,0,-108.293,108.293,237,9,10.6327,65.1327,1.5,0,0,0,25
885428899,98.3576,0,0,-98.3576,98.3576,331,13,39.2742,86.7742,1.5,0,0,0,25
886928807,97.2441,0,0,-97.2441,97.2441,239,1,-17.7471,64.7529,1.5,0,0,0,25
888393070,87.5961,0,0,-87.5961,87.5961,216,19,19.9398,56.5602,1.5,0,0,0,25
892428777,90.9865,0,0,-90.9865,90.9865,209,7,15.2893,55.2107,1.5,0,0,0,25
896929071,99.743,0,0,-99.743,99.743,503,14,-56.1139,136.614,1.5,0,0,0,25
898929052,98.1834,0,0,-98.1834,98.1834,484,8,-44,135.134,1.5,0,0,0,25
899428947,111.252,0,0,-111.252,111.252,379,2,-5.45851,99.5,1.5,0,0,0,25
900000188,103.744,0,0,-103.744,103.744,188,0,0,0,25,6,3.5,49.7696,1.5
900000204,88.822,0,0,-88.822,88.822,204,0,0,0,25,4,-25.4461,51.9461,1.5
900000209,90.9865,0,0,-90.9865,90.9865,209,0,0,0,25,7,15.3954,55.1046,1.5
900000216,87.5961,0,0,-87.5961,87.5961,216,0,0,0,25,19,20.0458,56.4542,1.5
900000237,108.293,0,0,-108.293,108.293,237,0,0,0,25,9,10.5266,65.0266,1.5
900000239,97.2441,0,0,-97.2441,97.2441,239,0,0,0,25,1,-17.8532,64.6468,1.5
900000252,90.4917,0,0,-90.4917,90.4917,252,0,0,0,25,16,20.6714,67.6714,1.5
900000331,98.3576,0,0,-98.3576,98.3576,331,0,0,0,25,13,39.1681,86.6681,1.5
900000343,104.86,0,0,-104.86,104.86,343,0,0,0,25,20,26.5099,95.5099,1.5
900000362,96.9377,0,0,-96.9377,96.9377,362,0,0,0,25,5,-42,95.8806,1.5
900000379,111.252,0,0,-111.252,111.252,379,0,0,0,25,2,-5.60851,99.5,1.5
900000416,99.102,0,0,-99.102,99.102,416,0,0,0,25,3,-46.5989,112.5,1.5
900000437,105.368,0,0,-105.368,105.368,437,0,0,0,25,17,54,115.676,1.5
900000440,119.932,0,0,-119.932,119.932,440,0,0,0,25,11,24.5,126.226,1.5
900000484,98.1834,0,0,-98.1834,98.1834,484,0,0,0,25,8,-43.9884,134.988,1.5
900000496,107.98,0,0,-107.98,107.98,496,0,0,0,25,15,52.0631,136.063,1.5
900000496,108.103,0,0,-108.103,108.103,496,0,0,0,25,18,66.1903,129.69,1.5
900000500,98.6338,0,0,-98.6338,98.6338,500,0,0,0,25,12,-31,143.382,1.5
900000503,99.743,0,0,-99.743,99.743,503,0,0,0,25,14,-56.0078,136.508,1.5
900000517,112.496,0,0,-112.496,112.496,517,0,0,0,25,10,-2,141.077,1.5
902428820,90.4917,0,0,-90.4917,90.4917,252,16,20.6714,67.6714,1.5,0,0,0,25
902928984,99.102,0,0,-99.102,99.102,416,3,-46.5989,112.5,1.5,0,0,0,25
904429085,112.496,0,0,-112.496,112.496,517,10,-2,141.077,1.5,0,0,0,25
904893197,104.86,0,0,-104.86,104.86,343,20,26.5099,95.5099,1.5,0,0,0,25
905429005,105.368,0,0,-105.368,105.368,437,17,54,115.676,1.5,0,0,0,25
908929064,107.98,0,0,-107.98,107.98,496,15,52.0631,136.063,1.5,0,0,0,25
916928930,96.9377,0,0,-96.9377,96.9377,362,5,-42,95.8806,1.5,0,0,0,25
916929068,98.6338,0,0,-98.6338,98.6338,500,12,-31,143.382,1.5,0,0,0,25
922429064,108.103,0,0,-108.103,108.103,496,18,66.1903,129.69,1.5,0,0,0,25
924928772,88.822,0,0,-88.822,88.822,204,4,-25.4461,51.9461,1.5,0,0,0,25
925429008,119.932,0,0,-119.932,119.932,440,11,24.5,126.226,1.5,0,0,0,25
933428756,103.744,0,0,-103.744,103.744,188,6,3.5,49.7696,1.5,0,0,0,25
934428805,108.293,0,0,-108.293,108.293,237,9,10.5266,65.0266,1.5,0,0,0,25
935428899,98.3576,0,0,-98.3576,98.3576,331,13,39.1681,86.6681,1.5,0,0,0,25
937428807,97.2441,0,0,-97.2441,97.2441,239,1,-17.8532,64.6468,1.5,0,0,0,25
938428784,87.5961,0,0,-87.5961,87.5961,216,19,20.0458,56.4542,1.5,0,0,0,25
942928777,90.9865,0,0,-90.9865,90.9865,209,7,15.3954,55.1046,1.5,0,0,0,25
946929071,99.743,0,0,-99.743,99.743,503,14,-56.0078,136.508,1.5,0,0,0,25
949429052,98.1834,0,0,-98.1834,98.1834,484,8,-43.9884,134.988,1.5,0,0,0,25
949928947,111.252,0,0,-111.252,111.252,379,2,-5.60851,99.5,1.5,0,0,0,25
950000188,103.744,0,0,-103.744,103.744,188,0,0,0,25,6,3.5,49.7696,1.5
950000204,88.822,0,0,-88.822,88.822,204,0,0,0,25,4,-25.4461,51.9461,1.5
950000209,90.9865,0,0,-90.9865,90.9865,209,0,0,0,25,7,15.3954,55.1046,1.5
950000216,87.5961,0,0,-87.5961,87.5961,216,0,0,0,25,19,20.0458,56.4542,1.5
950000237,108.293,0,0,-108.293,108.293,237,0,0,0,25,9,10.5266,65.0266,1.5
950000239,97.2441,0,0,-97.2441,97.2441,239,0,0,0,25,1,-17.8532,64.6468,1.5
950000252,90.4917,0,0,-90.4917,90.4917,252,0,0,0,25,16,20.6714,67.6714,1.5
950000331,98.3576,0,0,-98.3576,98.3576,331,0,0,0,25,13,39.1681,86.6681,1.5
950000343,104.86,0,0,-104.86,104.86,343,0,0,0,25,20,26.5099,95.5099,1.5
950000362,96.9377,0,0,-96.9377,96.9377,362,0,0,0,25,5,-42,95.8806,1.5
950000379,111.252,0,0,-111.252,111.252,379,0,0,0,25,2,-5.60851,99.5,1.5
950000416,99.102,0,0,-99.102,99.102,416,0,0,0,25,3,-46.5989,112.5,1.5
950000437,105.368,0,0,-105.368,105.368,437,0,0,0,25,17,54,115.676,1.5
950000440,119.932,0,0,-119.932,119.932,440,0,0,0,25,11,24.5,126.226,1.5
950000484,98.1834,0,0,-98.1834,98.1834,484,0,0,0,25,8,-43.9884,134.988,1.5
950000496,107.98,0,0,-107.98,107.98,496,0,0,0,25,15,52.0631,136.063,1.5
950000496,108.103,0,0,-108.103,108.103,496,0,0,0,25,18,66.1903,129.69,1.5
950000500,98.6338,0,0,-98.6338,98.6338,500,0,0,0,25,12,-31,143.382,1.5
950000503,99.743,0,0,-99.743,99.743,503,0,0,0,25,14,-56.0078,136.508,1.5
950000517,112.496,0,0,-112.496,112.496,517,0,0,0,25,10,-2,141.077,1.5
952428820,90.4917,0,0,-90.4917,90.4917,252,16,20.6714,67.6714,1.5,0,0,0,25
952928984,99.102,0,0,-99.102,99.102,416,3,-46.5989,112.5,1.5,0,0,0,25
954429085,112.496,0,0,-112.496,112.496,517,10,-2,141.077,1.5,0,0,0,25
955428911,104.86,0,0,-104.86,104.86,343,20,26.5099,95.5099,1.5,0,0,0,25
957393291,105.368,0,0,-105.368,105.368,437,17,54,115.676,1.5,0,0,0,25
958929064,107.98,0,0,-107.98,107.98,496,15,52.0631,136.063,1.5,0,0,0,25
966928930,96.9377,0,0,-96.9377,96.9377,362,5,-42,95.8806,1.5,0,0,0,25
967429068,98.6338,0,0,-98.6338,98.6338,500,12,-31,143.382,1.5,0,0,0,25
972429064,108.103,0,0,-108.103,108.103,496,18,66.1903,129.69,1.5,0,0,0,25
974928772,88.822,0,0,-88.822,88.822,204,4,-25.4461,51.9461,1.5,0,0,0,25
975429008,119.932,0,0,-119.932,119.932,440,11,24.5,126.226,1.5,0,0,0,25
983928756,103.744,0,0,-103.744,103.744,188,6,3.5,49.7696,1.5,0,0,0,25
984928805,108.293,0,0,-108.293,108.293,237,9,10.5266,65.0266,1.5,0,0,0,25
985428899,98.3576,0,0,-98.3576,98.3576,331,13,39.1681,86.6681,1.5,0,0,0,25
987928807,97.2441,0,0,-97.2441,97.2441,239,1,-17.8532,64.6468,1.5,0,0,0,25
988428784,87.5961,0,0,-87.5961,87.5961,216,19,20.0458,56.4542,1.5,0,0,0,25
993428777,90.9865,0,0,-90.9865,90.9865,209,7,15.3954,55.1046,1.5,0,0,0,25
996929071,99.743,0,0,-99.743,99.743,503,14,-56.0078,136.508,1.5,0,0,0,25
999929052,98.1834,0,0,-98.1834,98.1834,484,8,-43.9884,134.988,1.5,0,0,0,25
1000000188,103.744,0,0,-103.744,103.744,188,0,0,0,25,6,3.5,49.6196,1.5
1000000204,88.822,0,0,-88.822,88.822,204,0,0,0,25,4,-25.5522,52.0522,1.5
1000000209,90.9865,0,0,-90.9865,90.9865,209,0,0,0,25,7,15.5015,54.9985,1.5
1000000216,87.5961,0,0,-87.5961,87.5961,216,0,0,0,25,19,20.1519,56.3481,1.5
1000000237,108.293,0,0,-108.293,108.293,237,0,0,0,25,9,10.4206,64.9206,1.5
1000000239,97.2441,0,0,-97.2441,97.2441,239,0,0,0,25,1,-17.9592,64.5408,1.5
1000000252,90.4917,0,0,-90.4917,90.4917,252,0,0,0,25,16,20.5653,67.5653,1.5
1000000331,98.3576,0,0,-98.3576,98.3576,331,0,0,0,25,13,39.0621,86.5621,1.5
1000000343,104.86,0,0,-104.86,104.86,343,0,0,0,25,20,26.4038,95.4038,1.5
1000000362,96.9377,0,0,-96.9377,96.9377,362,0,0,0,25,5,-42,95.7306,1.5
1000000379,111.252,0,0,-111.252,111.252,379,0,0,0,25,2,-5.75851,99.5,1.5
1000000416,99.102,0,0,-99.102,99.102,416,0,0,0,25,3,-46.4489,112.5,1.5
1000000437,105.368,0,0,-105.368,105.368,437,0,0,0,25,17,54,115.526,1.5
1000000440,119.932,0,0,-119.932,119.932,440,0,0,0,25,11,24.5,126.076,1.5
1000000484,98.1834,0,0,-98.1834,98.1834,484,0,0,0,25,8,-43.8823,134.882,1.5
1000000496,107.98,0,0,-107.98,107.98,496,0,0,0,25,15,51.957,135.957,1.5
1000000496,108.103,0,0,-108.103,108.103,496,0,0,0,25,18,66.0842,129.584,1.5
1000000500,98.6338,0,0,-98.6338,98.6338,500,0,0,0,25,12,-31,143.232,1.5
1000000503,99.743,0,0,-99.743,99.743,503,0,0,0,25,14,-55.9018,136.402,1.5
1000000517,112.496,0,0,-112.496,112.496,517,0,0,0,25,10,-2,140.927,1.5
1000428947,111.252,0,0,-111.252,111.252,379,2,-5.75851,99.5,1.5,0,0,0,25
1002428820,90.4917,0,0,-90.4917,90.4917,252,16,20.5653,67.5653,1.5,0,0,0,25
1002928984,99.102,0,0,-99.102,99.102,416,3,-46.4489,112.5,1.5,0,0,0,25
1004429085,112.496,0,0,-112.496,112.496,517,10,-2,140.927,1.5,0,0,0,25
1005428911,104.86,0,0,-104.86,104.86,343,20,26.4038,95.4038,1.5,0,0,0,25
1008929064,107.98,0,0,-107.98,107.98,496,15,51.957,135.957,1.5,0,0,0,25
1009429005,105.368,0,0,-105.368,105.368,437,17,54,115.526,1.5,0,0,0,25
1017428930,96.9377,0,0,-96.9377,96.9377,362,5,-42,95.7306,1.5,0,0,0,25
1017929068,98.6338,0,0,-98.6338,98.6338,500,12,-31,143.232,1.5,0,0,0,25
1022429064,108.103,0,0,-108.103,108.103,496,18,66.0842,129.584,1.5,0,0,0,25
1024928772,88.822,0,0,-88.822,88.822,204,4,-25.5522,52.0522,1.5,0,0,0,25
1025929008,119.932,0,0,-119.932,119.932,440,11,24.5,126.076,1.5,0,0,0,25
1033928756,103.744,0,0,-103.744,103.744,188,6,3.5,49.6196,1.5,0,0,0,25
1034928805,108.293,0,0,-108.293,108.293,237,9,10.4206,64.9206,1.5,0,0,0,25
1035428899,98.3576,0,0,-98.3576,98.3576,331,13,39.0621,86.5621,1.5,0,0,0,25
1038428784,87.5961,0,0,-87.5961,87.5961,216,19,20.1519,56.3481,1.5,0,0,0,25
1038428807,97.2441,0,0,-97.2441,97.2441,239,1,-17.9592,64.5408,1.5,0,0,0,25
1043428777,90.9865,0,0,-90.9865,90.9865,209,7,15.5015,54.9985,1.5,0,0,0,25
1046929071,99.743,0,0,-99.743,99.743,503,14,-55.9018,136.402,1.5,0,0,0,25
1050000188,103.744,0,0,-103.744,103.744,188,0,0,0,25,6,3.5,49.6196,1.5
1050000204,88.822,0,0,-88.822,88.822,204,0,0,0,25,4,-25.5522,52.0522,1.5
1050000209,90.9865,0,0,-90.9865,90.9865,209,0,0,0,25,7,15.5015,54.9985,1.5
1050000216,87.5961,0,0,-87.5961,87.5961,216,0,0,0,25,19,20.1519,56.3481,1.5
1050000237,108.293,0,0,-108.293,108.293,237,0,0,0,25,9,10.4206,64.9206,1.5
1050000239,97.2441,0,0,-97.2441,97.2441,239,0,0,0,25,1,-17.9592,64.5408,1.5
1050000252,90.4917,0,0,-90.4917,90.4917,252,0,0,0,25,16,20.5653,67.5653,1.5
1050000331,98.3576,0,0,-98.3576,98.3576,331,0,0,0,25,13,39.0621,86.5621,1.5
1050000343,104.86,0,0,-104.86,104.86,343,0,0,0,25,20,26.4038,95.4038,1.5
1050000362,96.9377,0,0,-96.9377,96.9377,362,0,0,0,25,5,-42,95.7306,1.5
1050000379,111.252,0,0,-111.252,111.252,379,0,0,0,25,2,-5.75851,99.5,1.5
1050000416,99.102,0,0,-99.102,99.102,416,0,0,0,25,3,-46.4489,112.5,1.5
1050000437,105.368,0,0,-105.368,105.368,437,0,0,0,25,17,54,115.526,1.5
1050000440,119.932,0,0,-119.932,119.932,440,0,0,0,25,11,24.5,126.076,1.5
1050000484,98.1834,0,0,-98.1834,98.1834,484,0,0,0,25,8,-43.8823,134.882,1.5
1050000496,107.98,0,0,-107.98,107.98,496,0,0,0,25,15,51.957,135.957,1.5
1050000496,108.103,0,0,-108.103,108.103,496,0,0,0,25,18,66.0842,129.584,1.5
1050000500,98.6338,0,0,-98.6338,98.6338,500,0,0,0,25,12,-31,143.232,1.5
1050000503,99.743,0,0,-99.743,99.743,503,0,0,0,25,14,-55.9018,136.402,1.5
1050000517,112.496,0,0,-112.496,112.496,517,0,0,0,25,10,-2,140.927,1.5
1050429052,98.1834,0,0,-98.1834,98.1834,484,8,-43.8823,134.882,1.5,0,0,0,25
1051428947,111.252,0,0,-111.252,111.252,379,2,-5.75851,99.5,1.5,0,0,0,25
1052428820,90.4917,0,0,-90.4917,90.4917,252,16,20.5653,67.5653,1.5,0,0,0,25
1052928984,99.102,0,0,-99.102,99.102,416,3,-46.4489,112.5,1.5,0,0,0,25
1054929085,112.496,0,0,-112.496,112.496,517,10,-2,140.927,1.5,0,0,0,25
1055428911,104.86,0,0,-104.86,104.86,343,20,26.4038,95.4038,1.5,0,0,0,25
1058929064,107.98,0,0,-107.98,107.98,496,15,51.957,135.957,1.5,0,0,0,25
1061429005,105.368,0,0,-105.368,105.368,437,17,54,115.526,1.5,0,0,0,25
1067928930,96.9377,0,0,-96.9377,96.9377,362,5,-42,95.7306,1.5,0,0,0,25
1068429068,98.6338,0,0,-98.6338,98.6338,500,12,-31,143.232,1.5,0,0,0,25
1072429064,108.103,0,0,-108.103,108.103,496,18,66.0842,129.584,1.5,0,0,0,25
1075428772,88.822,0,0,-88.822,88.822,204,4,-25.5522,52.0522,1.5,0,0,0,25
1075929008,119.932,0,0,-119.932,119.932,440,11,24.5,126.076,1.5,0,0,0,25
1084428756,103.744,0,0,-103.744,103.744,188,6,3.5,49.6196,1.5,0,0,0,25
1084928805,108.293,0,0,-108.293,108.293,237,9,10.4206,64.9206,1.5,0,0,0,25
1085428899,98.3576,0,0,-98.3576,98.3576,331,13,39.0621,86.5621,1.5,0,0,0,25
1088428784,87.5961,0,0,-87.5961,87.5961,216,19,20.1519,56.3481,1.5,0,0,0,25
1088928807,97.2441,0,0,-97.2441,97.2441,239,1,-17.9592,64.5408,1.5,0,0,0,25
1093928777,90.9865,0,0,-90.9865,90.9865,209,7,15.5015,54.9985,1.5,0,0,0,25
1096929071,99.743,0,0,-99.743,99.743,503,14,-55.9018,136.402,1.5,0,0,0,25
1100000188,103.744,0,0,-103.744,103.744,188,0,0,0,25,6,3.5,49.4696,1.5
1100000204,88.822,0,0,-88.822,88.822,204,0,0,0,25,4,-25.6582,52.1582,1.5
1100000209,90.9865,0,0,-90.9865,90.9865,209,0,0,0,25,7,15.6075,54.8925,1.5
1100000216,87.5961,0,0,-87.5961,87.5961,216,0,0,0,25,19,20.258,56.242,1.5
1100000237,108.293,0,0,-108.293,108.293,237,0,0,0,25,9,10.3145,64.8145,1.5
1100000239,97.2441,0,0,-97.2441,97.2441,239,0,0,0,25,1,-18.0653,64.4347,1.5
1100000252,90.4917,0,0,-90.4917,90.4917,252,0,0,0,25,16,20.4592,67.4592,1.5
1100000331,98.3576,0,0,-98.3576,98.3576,331,0,0,0,25,13,38.956,86.456,1.5
1100000343,104.86,0,0,-104.86,104.86,343,0,0,0,25,20,26.2978,95.2978,1.5
1100000362,96.9377,0,0,-96.9377,96.9377,362,0,0,0,25,5,-42,95.5806,1.5
1100000379,111.252,0,0,-111.252,111.252,379,0,0,0,25,2,-5.90851,99.5,1.5
1100000416,99.102,0,0,-99.102,99.102,416,0,0,0,25,3,-46.2989,112.5,1.5
1100000437,105.368,0,0,-105.368,105.368,437,0,0,0,25,17,54,115.376,1.5
1100000440,119.932,0,0,-119.932,119.932,440,0,0,0,25,11,24.5,125.926,1.5
1100000484,98.1834,0,0,-98.1834,98.1834,484,0,0,0,25,8,-43.7762,134.776,1.5
1100000496,107.98,0,0,-107.98,107.98,496,0,0,0,25,15,51.8509,135.851,1.5
1100000496,108.103,0,0,-108.103,108.103,496,0,0,0,25,18,65.9782,129.478,1.5
1100000500,98.6338,0,0,-98.6338,98.6338,500,0,0,0,25,12,-31,143.082,1.5
1100000503,99.743,0,0,-99.743,99.743,503,0,0,0,25,14,-55.7957,136.296,1.5
1100000517,112.496,0,0,-112.496,112.496,517,0,0,0,25,10,-2,140.777,1.5
1100929052,98.1834,0,0,-98.1834,98.1834,484,8,-43.7762,134.776,1.5,0,0,0,25
1101428947,111.252,0,0,-111.252,111.252,379,2,-5.90851,99.5,1.5,0,0,0,25
1102428820,90.4917,0,0,-90.4917,90.4917,252,16,20.4592,67.4592,1.5,0,0,0,25
1103428984,99.102,0,0,-99.102,99.102,416,3,-46.2989,112.5,1.5,0,0,0,25
1105428911,104.86,0,0,-104.86,104.86,343,20,26.2978,95.2978,1.5,0,0,0,25
1105429085,112.496,0,0,-112.496,112.496,517,10,-2,140.777,1.5,0,0,0,25
1108929064,107.98,0,0,-107.98,107.98,496,15,51.8509,135.851,1.5,0,0,0,25
1113429005,105.368,0,0,-105.368,105.368,437,17,54,115.376,1.5,0,0,0,25
1117928930,96.9377,0,0,-96.9377,96.9377,362,5,-42,95.5806,1.5,0,0,0,25
1118429068,98.6338,0,0,-98.6338,98.6338,500,12,-31,143.082,1.5,0,0,0,25
1122429064,108.103,0,0,-108.103,108.103,496,18,65.9782,129.478,1.5,0,0,0,25
1125928772,88.822,0,0,-88.822,88.822,204,4,-25.6582,52.1582,1.5,0,0,0,25
1126429008,119.932,0,0,-119.932,119.932,440,11,24.5,125.926,1.5,0,0,0,25
1134928756,103.744,0,0,-103.744,103.744,188,6,3.5,49.4696,1.5,0,0,0,25
1134928805,108.293,0,0,-108.293,108.293,237,9,10.3145,64.8145,1.5,0,0,0,25
1135428899,98.3576,0,0,-98.3576,98.3576,331,13,38.956,86.456,1.5,0,0,0,25
1138428784,87.5961,0,0,-87.5961,87.5961,216,19,20.258,56.242,1.5,0,0,0,25
1138928807,97.2441,0,0,-97.2441,97.2441,239,1,-18.0653,64.4347,1.5,0,0,0,25
1144428777,90.9865,0,0,-90.9865,90.9865,209,7,15.6075,54.8925,1.5,0,0,0,25
1146929071,99.743,0,0,-99.743,99.743,503,14,-55.7957,136.296,1.5,0,0,0,25
1150000188,103.744,0,0,-103.744,103.744,188,0,0,0,25,6,3.5,49.4696,1.5
1150000204,88.822,0,0,-88.822,88.822,204,0,0,0,25,4,-25.6582,52.1582,1.5
1150000209,90.9865,0,0,-90.9865,90.9865,209,0,0,0,25,7,15.6075,54.8925,1.5
1150000216,87.5961,0,0,-87.5961,87.5961,216,0,0,0,25,19,20.258,56.242,1.5
1150000237,108.293,0,0,-108.293,108.293,237,0,0,0,25,9,10.3145,64.8145,1.5
1150000239,97.2441,0,0,-97.2441,97.2441,239,0,0,0,25,1,-18.0653,64.4347,1.5
1150000252,90.4917,0,0,-90.4917,90.4917,252,0,0,0,25,16,20.4592,67.4592,1.5
1150000331,98.3576,0,0,-98.3576,98.3576,331,0,0,0,25,13,38.956,86.456,1.5
1150000343,104.86,0,0,-104.86,104.86,343,0,0,0,25,20,26.2978,95.2978,1.5
1150000362,96.9377,0,0,-96.9377,96.9377,362,0,0,0,25,5,-42,95.5806,1.5
1150000379,111.252,0,0,-111.252,111.252,379,0,0,0,25,2,-5.90851,99.5,1.5
1150000416,99.102,0,0,-99.102,99.102,416,0,0,0,25,3,-46.2989,112.5,1.5
1150000437,105.368,0,0,-105.368,105.368,437,0,0,0,25,17,54,115.376,1.5
1150000440,119.932,0,0,-119.932,119.932,440,0,0,0,25,11,24.5,125.926,1.5
1150000484,98.1834,0,0,-98.1834,98.1834,484,0,0,0,25,8,-43.7762,134.776,1.5
1150000496,107.98,0,0,-107.98,107.98,496,0,0,0,25,15,51.8509,135.851,1.5
1150000496,108.103,0,0,-108.103,108.103,496,0,0,0,25,18,65.9782,129.478,1.5
1150000500,98.6338,0,0,-98.6338,98.6338,500,0,0,0,25,12,-31,143.082,1.5
1150000503,99.743,0,0,-99.743,99.743,503,0,0,0,25,14,-55.7957,136.296,1.5
1150000517,112.496,0,0,-112.496,112.496,517,0,0,0,25,10,-2,140.777,1.5
1150929052,98.1834,0,0,-98.1834,98.1834,484,8,-43.7762,134.776,1.5,0,0,0,25
1151428947,111.252,0,0,-111.252,111.252,379,2,-5.90851,99.5,1.5,0,0,0,25
1152428820,90.4917,0,0,-90.4917,90.4917,252,16,20.4592,67.4592,1.5,0,0,0,25
1153928984,99.102,0,0,-99.102,99.102,416,3,-46.2989,112.5,1.5,0,0,0,25
1155928911,104.86,0,0,-104.86,104.86,343,20,26.2978,95.2978,1.5,0,0,0,25
1155929085,112.496,0,0,-112.496,112.496,517,10,-2,140.777,1.5,0,0,0,25
1158929064,107.98,0,0,-107.98,107.98,496,15,51.8509,135.851,1.5,0,0,0,25
1165429005,105.368,0,0,-105.368,105.368,437,17,54,115.376,1.5,0,0,0,25
1168428930,96.9377,0,0,-96.9377,96.9377,362,5,-42,95.5806,1.5,0,0,0,25
1168929068,98.6338,0,0,-98.6338,98.6338,500,12,-31,143.082,1.5,0,0,0,25
1172429064,108.103,0,0,-108.103,108.103,496,18,65.9782,129.478,1.5,0,0,0,25
1176428772,88.822,0,0,-88.822,88.822,204,4,-25.6582,52.1582,1.5,0,0,0,25
1176929008,119.932,0,0,-119.932,119.932,440,11,24.5,125.926,1.5,0,0,0,25
1184928805,108.293,0,0,-108.293,108.293,237,9,10.3145,64.8145,1.5,0,0,0,25
1185428756,103.744,0,0,-103.744,103.744,188,6,3.5,49.4696,1.5,0,0,0,25
1185428899,98.3576,0,0,-98.3576,98.3576,331,13,38.956,86.456,1.5,0,0,0,25
1188428784,87.5961,0,0,-87.5961,87.5961,216,19,20.258,56.242,1.5,0,0,0,25
1189428807,97.2441,0,0,-97.2441,97.2441,239,1,-18.0653,64.4347,1.5,0,0,0,25
1194928777,90.9865,0,0,-90.9865,90.9865,209,7,15.6075,54.8925,1.5,0,0,0,25
1196929071,99.743,0,0,-99.743,99.743,503,14,-55.7957,136.296,1.5,0,0,0,25
1200000188,103.744,0,0,-103.744,103.744,188,0,0,0,25,6,3.5,49.3196,1.5
1200000204,88.822,0,0,-88.822,88.822,204,0,0,0,25,4,-25.7643,52.2643,1.5
1200000209,90.9865,0,0,-90.9865,90.9865,209,0,0,0,25,7,15.7136,54.7864,1.5
1200000216,87.5961,0,0,-87.5961,87.5961,216,0,0,0,25,19,20.364,56.136,1.5
1200000237,108.293,0,0,-108.293,108.293,237,0,0,0,25,9,10.2084,64.7084,1.5
1200000239,97.2441,0,0,-97.2441,97.2441,239,0,0,0,25,1,-18.1714,64.3286,1.5
1200000252,90.4917,0,0,-90.4917,90.4917,252,0,0,0,25,16,20.3532,67.3532,1.5
1200000331,98.3576,0,0,-98.3576,98.3576,331,0,0,0,25,13,38.8499,86.3499,1.5
1200000343,104.86,0,0,-104.86,104.86,343,0,0,0,25,20,26.1917,95.1917,1.5
1200000362,96.9377,0,0,-96.9377,96.9377,362,0,0,0,25,5,-42,95.4306,1.5
1200000379,111.252,0,0,-111.252,111.252,379,0,0,0,25,2,-6.05851,99.5,1.5
1200000416,99.102,0,0,-99.102,99.102,416,0,0,0,25,3,-46.1489,112.5,1.5
1200000437,105.368,0,0,-105.368,105.368,437,0,0,0,25,17,54,115.226,1.5
1200000440,119.932,0,0,-119.932,119.932,440,0,0,0,25,11,24.5,125.776,1.5
1200000484,98.1834,0,0,-98.1834,98.1834,484,0,0,0,25,8,-43.6702,134.67,1.5
1200000496,107.98,0,0,-107.98,107.98,496,0,0,0,25,15,51.7449,135.745,1.5
1200000496,108.103,0,0,-108.103,108.103,496,0,0,0,25,18,65.8721,129.372,1.5
1200000500,98.6338,0,0,-98.6338,98.6338,500,0,0,0,25,12,-31,142.932,1.5
1200000503,99.743,0,0,-99.743,99.743,503,0,0,0,25,14,-55.6896,136.19,1.5
1200000517,112.496,0,0,-112.496,112.496,517,0,0,0,25,10,-2,140.627,1.5
1201429052,98.1834,0,0,-98.1834,98.1834,484,8,-43.6702,134.67,1.5,0,0,0,25
1201928947,111.252,0,0,-111.252,111.252,379,2,-6.05851,99.5,1.5,0,0,0,25
1202428820,90.4917,0,0,-90.4917,90.4917,252,16,20.3532,67.3532,1.5,0,0,0,25
1204428984,99.102,0,0,-99.102,99.102,416,3,-46.1489,112.5,1.5,0,0,0,25
1205928911,104.86,0,0,-104.86,104.86,343,20,26.1917,95.1917,1.5,0,0,0,25
1205929085,112.496,0,0,-112.496,112.496,517,10,-2,140.627,1.5,0,0,0,25
1208929064,107.98,0,0,-107.98,107.98,496,15,51.7449,135.745,1.5,0,0,0,25
1217429005,105.368,0,0,-105.368,105.368,437,17,54,115.226,1.5,0,0,0,25
1218928930,96.9377,0,0,-96.9377,96.9377,362,5,-42,95.4306,1.5,0,0,0,25
1219429068,98.6338,0,0,-98.6338,98.6338,500,12,-31,142.932,1.5,0,0,0,25
1222429064,108.103,0,0,-108.103,108.103,496,18,65.8721,129.372,1.5,0,0,0,25
1227428772,88.822,0,0,-88.822,88.822,204,4,-25.7643,52.2643,1.5,0,0,0,25
1227429008,119.932,0,0,-119.932,119.932,440,11,24.5,125.776,1.5,0,0,0,25
1235428805,108.293,0,0,-108.293,108.293,237,9,10.2084,64.7084,1.5,0,0,0,25
1235428899,98.3576,0,0,-98.3576,98.3576,331,13,38.8499,86.3499,1.5,0,0,0,25
1235928756,103.744,0,0,-103.744,103.744,188,6,3.5,49.3196,1.5,0,0,0,25
1238428784,87.5961,0,0,-87.5961,87.5961,216,19,20.364,56.136,1.5,0,0,0,25
1239928807,97.2441,0,0,-97.2441,97.2441,239,1,-18.1714,64.3286,1.5,0,0,0,25
1245928777,90.9865,0,0,-90.9865,90.9865,209,7,15.7136,54.7864,1.5,0,0,0,25
1246929071,99.743,0,0,-99.743,99.743,503,14,-55.6896,136.19,1.5,0,0,0,25
1250000188,103.744,0,0,-103.744,103.744,188,0,0,0,25,6,3.5,49.3196,1.5
1250000204,88.822,0,0,-88.822,88.822,204,0,0,0,25,4,-25.7643,52.2643,1.5
1250000209,90.9865,0,0,-90.9865,90.9865,209,0,0,0,25,7,15.7136,54.7864,1.5
1250000216,87.5961,0,0,-87.5961,87.5961,216,0,0,0,25,19,20.364,56.136,1.5
1250000237,108.293,0,0,-108.293,108.293,237,0,0,0,25,9,10.2084,64.7084,1.5
1250000239,97.2441,0,0,-97.2441,97.2441,239,0,0,0,25,1,-18.1714,64.3286,1.5
1250000252,90.4917,0,0,-90.4917,90.4917,252,0,0,0,25,16,20.3532,67.3532,1.5
1250000331,98.3576,0,0,-98.3576,98.3576,331,0,0,0,25,13,38.8499,86.3499,1.5
1250000343,104.86,0,0,-104.86,104.86,343,0,0,0,25,20,26.1917,95.1917,1.5
1250000362,96.9377,0,0,-96.9377,96.9377,362,0,0,0,25,5,-42,95.4306,1.5
1250000379,111.252,0,0,-111.252,111.252,379,0,0,0,25,2,-6.05851,99.5,1.5
1250000416,99.102,0,0,-99.102,99.102,416,0,0,0,25,3,-46.1489,112.5,1.5
1250000437,105.368,0,0,-105.368,105.368,437,0,0,0,25,17,54,115.226,1.5
1250000440,119.932,0,0,-119.932,119.932,440,0,0,0,25,11,24.5,125.776,1.5
1250000484,98.1834,0,0,-98.1834,98.1834,484,0,0,0,25,8,-43.6702,134.67,1.5
1250000496,107.98,0,0,-107.98,107.98,496,0,0,0,25,15,51.7449,135.745,1.5
1250000496,108.103,0,0,-108.103,108.103,496,0,0,0,25,18,65.8721,129.372,1.5
1250000500,98.6338,0,0,-98.6338,98.6338,500,0,0,0,25,12,-31,142.932,1.5
1250000503,99.743,0,0,-99.743,99.743,503,0,0,0,25,14,-55.6896,136.19,1.5
1250000517,112.496,0,0,-112.496,112.496,517,0,0,0,25,10,-2,140.627,1.5
1251928947,111.252,0,0,-111.252,111.252,379,2,-6.05851,99.5,1.5,0,0,0,25
1251929052,98.1834,0,0,-98.1834,98.1834,484,8,-43.6702,134.67,1.5,0,0,0,25
1252428820,90.4917,0,0,-90.4917,90.4917,252,16,20.3532,67.3532,1.5,0,0,0,25
1254428984,99.102,0,0,-99.102,99.102,416,3,-46.1489,112.5,1.5,0,0,0,25
1255928911,104.86,0,0,-104.86,104.86,343,20,26.1917,95.1917,1.5,0,0,0,25
1256429085,112.496,0,0,-112.496,112.496,517,10,-2,140.627,1.5,0,0,0,25
1258929064,107.98,0,0,-107.98,107.98,496,15,51.7449,135.745,1.5,0,0,0,25
1269428930,96.9377,0,0,-96.9377,96.9377,362,5,-42,95.4306,1.5,0,0,0,25
1269429005,105.368,0,0,-105.368,105.368,437,17,54,115.226,1.5,0,0,0,25
1269929068,98.6338,0,0,-98.6338,98.6338,500,12,-31,142.932,1.5,0,0,0,25
1272429064,108.103,0,0,-108.103,108.103,496,18,65.8721,129.372,1.5,0,0,0,25
1277428772,88.822,0,0,-88.822,88.822,204,4,-25.7643,52.2643,1.5,0,0,0,25
1277929008,119.932,0,0,-119.932,119.932,440,11,24.5,125.776,1.5,0,0,0,25
1285428899,98.3576,0,0,-98.3576,98.3576,331,13,38.8499,86.3499,1.5,0,0,0,25
1285928756,103.744,0,0,-103.744,103.744,188,6,3.5,49.3196,1.5,0,0,0,25
1285928805,108.293,0,0,-108.293,108.293,237,9,10.2084,64.7084,1.5,0,0,0,25
1288428784,87.5961,0,0,-87.5961,87.5961,216,19,20.364,56.136,1.5,0,0,0,25
1290428807,97.2441,0,0,-97.2441,97.2441,239,1,-18.1714,64.3286,1.5,0,0,0,25
1295928777,90.9865,0,0,-90.9865,90.9865,209,7,15.7136,54.7864,1.5,0,0,0,25
1296929071,99.743,0,0,-99.743,99.743,503,14,-55.6896,136.19,1.5,0,0,0,25
1300000188,103.744,0,0,-103.744,103.744,188,0,0,0,25,6,3.5,49.1696,1.5
1300000204,88.822,0,0,-88.822,88.822,204,0,0,0,25,4,-25.8704,52.3704,1.5
1300000209,90.9865,0,0,-90.9865,90.9865,209,0,0,0,25,7,15.8197,54.6803,1.5
1300000216,87.5961,0,0,-87.5961,87.5961,216,0,0,0,25,19,20.4701,56.0299,1.5
1300000237,108.293,0,0,-108.293,108.293,237,0,0,0,25,9,10.1024,64.6024,1.5
1300000239,97.2441,0,0,-97.2441,97.2441,239,0,0,0,25,1,-18.2774,64.2226,1.5
1300000252,90.4917,0,0,-90.4917,90.4917,252,0,0,0,25,16,20.2471,67.2471,1.5
1300000331,98.3576,0,0,-98.3576,98.3576,331,0,0,0,25,13,38.7439,86.2439,1.5
1300000343,104.86,0,0,-104.86,104.86,343,0,0,0,25,20,26.0856,95.0856,1.5
1300000362,96.9377,0,0,-96.9377,96.9377,362,0,0,0,25,5,-42,95.2806,1.5
1300000379,111.252,0,0,-111.252,111.252,379,0,0,0,25,2,-6.20851,99.5,1.5
1300000416,99.102,0,0,-99.102,99.102,416,0,0,0,25,3,-45.9989,112.5,1.5
1300000437,105.368,0,0,-105.368,105.368,437,0,0,0,25,17,54,115.076,1.5
1300000440,119.932,0,0,-119.932,119.932,440,0,0,0,25,11,24.5,125.626,1.5
1300000484,98.1834,0,0,-98.1834,98.1834,484,0,0,0,25,8,-43.5641,134.564,1.5
1300000496,107.98,0,0,-107.98,107.98,496,0,0,0,25,15,51.6388,135.639,1.5
1300000496,108.103,0,0,-108.103,108.103,496,0,0,0,25,18,65.766,129.266,1.5
1300000500,98.6338,0,0,-98.6338,98.6338,500,0,0,0,25,12,-31,142.782,1.5
1300000503,99.743,0,0,-99.743,99.743,503,0,0,0,25,14,-55.5836,136.084,1.5
1300000517,112.496,0,0,-112.496,112.496,517,0,0,0,25,10,-2,140.477,1.5
1301928947,111.252,0,0,-111.252,111.252,379,2,-6.20851,99.5,1.5,0,0,0,25
1302428820,90.4917,0,0,-90.4917,90.4917,252,16,20.2471,67.2471,1.5,0,0,0,25
1302429052,98.1834,0,0,-98.1834,98.1834,484,8,-43.5641,134.564,1.5,0,0,0,25
1304928984,99.102,0,0,-99.102,99.102,416,3,-45.9989,112.5,1.5,0,0,0,25
1305928911,104.86,0,0,-104.86,104.86,343,20,26.0856,95.0856,1.5,0,0,0,25
1306929085,112.496,0,0,-112.496,112.496,517,10,-2,140.477,1.5,0,0,0,25
1308929064,107.98,0,0,-107.98,107.98,496,15,51.6388,135.639,1.5,0,0,0,25
1319928930,96.9377,0,0,-96.9377,96.9377,362,5,-42,95.2806,1.5,0,0,0,25
1320429068,98.6338,0,0,-98.6338,98.6338,500,12,-31,142.782,1.5,0,0,0,25
1321429005,105.368,0,0,-105.368,105.368,437,17,54,115.076,1.5,0,0,0,25
1322429064,108.103,0,0,-108.103,108.103,496,18,65.766,129.266,1.5,0,0,0,25
1327428772,88.822,0,0,-88.822,88.822,204,4,-25.8704,52.3704,1.5,0,0,0,25
1327929008,119.932,0,0,-119.932,119.932,440,11,24.5,125.626,1.5,0,0,0,25
1335428899,98.3576,0,0,-98.3576,98.3576,331,13,38.7439,86.2439,1.5,0,0,0,25
1336428756,103.744,0,0,-103.744,103.744,188,6,3.5,49.1696,1.5,0,0,0,25
1336428805,108.293,0,0,-108.293,108.293,237,9,10.1024,64.6024,1.5,0,0,0,25
1338428784,87.5961,0,0,-87.5961,87.5961,216,19,20.4701,56.0299,1.5,0,0,0,25
1340928807,97.2441,0,0,-97.2441,97.2441,239,1,-18.2774,64.2226,1.5,0,0,0,25
1345928777,90.9865,0,0,-90.9865,90.9865,209,7,15.8197,54.6803,1.5,0,0,0,25
1346929071,99.743,0,0,-99.743,99.743,503,14,-55.5836,136.084,1.5,0,0,0,25
1350000188,103.744,0,0,-103.744,103.744,188,0,0,0,25,6,3.5,49.1696,1.5
1350000204,88.822,0,0,-88.822,88.822,204,0,0,0,25,4,-25.8704,52.3704,1.5
1350000209,90.9865,0,0,-90.9865,90.9865,209,0,0,0,25,7,15.8197,54.6803,1.5
1350000216,87.5961,0,0,-87.5961,87.5961,216,0,0,0,25,19,20.4701,56.0299,1.5
1350000237,108.293,0,0,-108.293,108.293,237,0,0,0,25,9,10.1024,64.6024,1.5
1350000239,97.2441,0,0,-97.2441,97.2441,239,0,0,0,25,1,-18.2774,64.2226,1.5
1350000252,90.4917,0,0,-90.4917,90.4917,252,0,0,0,25,16,20.2471,67.2471,1.5
1350000331,98.3576,0,0,-98.3576,98.3576,331,0,0,0,25,13,38.7439,86.2439,1.5
1350000343,104.86,0,0,-104.86,104.86,343,0,0,0,25,20,26.0856,95.0856,1.5
1350000362,96.9377,0,0,-96.9377,96.9377,362,0,0,0,25,5,-42,95.2806,1.5
1350000379,111.252,0,0,-111.252,111.252,379,0,0,0,25,2,-6.20851,99.5,1.5
1350000416,99.102,0,0,-99.102,99.102,416,0,0,0,25,3,-45.9989,112.5,1.5
1350000437,105.368,0,0,-105.368,105.368,437,0,0,0,25,17,54,115.076,1.5
1350000440,119.932,0,0,-119.932,119.932,440,0,0,0,25,11,24.5,125.626,1.5
1350000484,98.1834,0,0,-98.1834,98.1834,484,0,0,0,25,8,-43.5641,134.564,1.5
1350000496,107.98,0,0,-107.98,107.98,496,0,0,0,25,15,51.6388,135.639,1.5
1350000496,108.103,0,0,-108.103,108.103,496,0,0,0,25,18,65.766,129.266,1.5
1350000500,98.6338,0,0,-98.6338,98.6338,500,0,0,0,25,12,-31,142.782,1.5
1350000503,99.743,0,0,-99.743,99.743,503,0,0,0,25,14,-55.5836,136.084,1.5
1350000517,112.496,0,0,-112.496,112.496,517,0,0,0,25,10,-2,140.477,1.5
1351928947,111.252,0,0,-111.252,111.252,379,2,-6.20851,99.5,1.5,0,0,0,25
1352428820,90.4917,0,0,-90.4917,90.4917,252,16,20.2471,67.2471,1.5,0,0,0,25
1352929052,98.1834,0,0,-98.1834,98.1834,484,8,-43.5641,134.564,1.5,0,0,0,25
1355428984,99.102,0,0,-99.102,99.102,416,3,-45.9989,112.5,1.5,0,0,0,25
1356428911,104.86,0,0,-104.86,104.86,343,20,26.0856,95.0856,1.5,0,0,0,25
1357429085,112.496,0,0,-112.496,112.496,517,10,-2,140.477,1.5,0,0,0,25
1358929064,107.98,0,0,-107.98,107.98,496,15,51.6388,135.639,1.5,0,0,0,25
1369928930,96.9377,0,0,-96.9377,96.9377,362,5,-42,95.2806,1.5,0,0,0,25
1370429068,98.6338,0,0,-98.6338,98.6338,500,12,-31,142.782,1.5,0,0,0,25
1372429064,108.103,0,0,-108.103,108.103,496,18,65.766,129.266,1.5,0,0,0,25
1373429005,105.368,0,0,-105.368,105.368,437,17,54,115.076,1.5,0,0,0,25
1377928772,88.822,0,0,-88.822,88.822,204,4,-25.8704,52.3704,1.5,0,0,0,25
1378393294,119.932,0,0,-119.932,119.932,440,11,24.5,125.626,1.5,0,0,0,25
1385428899,98.3576,0,0,-98.3576,98.3576,331,13,38.7439,86.2439,1.5,0,0,0,25
1386928756,103.744,0,0,-103.744,103.744,188,6,3.5,49.1696,1.5,0,0,0,25
1386928805,108.293,0,0,-108.293,108.293,237,9,10.1024,64.6024,1.5,0,0,0,25
1388428784,87.5961,0,0,-87.5961,87.5961,216,19,20.4701,56.0299,1.5,0,0,0,25
1390928807,97.2441,0,0,-97.2441,97.2441,239,1,-18.2774,64.2226,1.5,0,0,0,25
1396428777,90.9865,0,0,-90.9865,90.9865,209,7,15.8197,54.6803,1.5,0,0,0,25
1396929071,99.743,0,0,-99.743,99.743,503,14,-55.5836,136.084,1.5,0,0,0,25
1400000188,103.744,0,0,-103.744,103.744,188,0,0,0,25,6,3.5,49.0196,1.5
1400000204,88.822,0,0,-88.822,88.822,204,0,0,0,25,4,-25.9764,52.4764,1.5
1400000209,90.9865,0,0,-90.9865,90.9865,209,0,0,0,25,7,15.9257,54.5743,1.5
1400000216,87.5961,0,0,-87.5961,87.5961,216,0,0,0,25,19,20.5762,55.9238,1.5
1400000237,108.293,0,0,-108.293,108.293,237,0,0,0,25,9,9.99632,64.4963,1.5
1400000239,97.2441,0,0,-97.2441,97.2441,239,0,0,0,25,1,-18.3835,64.1165,1.5
1400000252,90.4917,0,0,-90.4917,90.4917,252,0,0,0,25,16,20.141,67.141,1.5
1400000331,98.3576,0,0,-98.3576,98.3576,331,0,0,0,25,13,38.6378,86.1378,1.5
1400000343,104.86,0,0,-104.86,104.86,343,0,0,0,25,20,25.9796,94.9796,1.5
1400000362,96.9377,0,0,-96.9377,96.9377,362,0,0,0,25,5,-42,95.1306,1.5
1400000379,111.252,0,0,-111.252,111.252,379,0,0,0,25,2,-6.35851,99.5,1.5
1400000416,99.102,0,0,-99.102,99.102,416,0,0,0,25,3,-45.8489,112.5,1.5
1400000437,105.368,0,0,-105.368,105.368,437,0,0,0,25,17,54,114.926,1.5
1400000440,119.932,0,0,-119.932,119.932,440,0,0,0,25,11,24.5,125.476,1.5
1400000484,98.1834,0,0,-98.1834,98.1834,484,0,0,0,25,8,-43.458,134.458,1.5
1400000496,107.98,0,0,-107.98,107.98,496,0,0,0,25,15,51.5327,135.533,1.5
1400000496,108.103,0,0,-108.103,108.103,496,0,0,0,25,18,65.66,129.16,1.5
1400000500,98.6338,0,0,-98.6338,98.6338,500,0,0,0,25,12,-31,142.632,1.5
1400000503,99.743,0,0,-99.743,99.743,503,0,0,0,25,14,-55.4775,135.977,1.5
1400000517,112.496,0,0,-112.496,112.496,517,0,0,0,25,10,-2,140.327,1.5
1401928947,111.252,0,0,-111.252,111.252,379,2,-6.35851,99.5,1.5,0,0,0,25
1402428820,90.4917,0,0,-90.4917,90.4917,252,16,20.141,67.141,1.5,0,0,0,25
1402929052,98.1834,0,0,-98.1834,98.1834,484,8,-43.458,134.458,1.5,0,0,0,25
1405928984,99.102,0,0,-99.102,99.102,416,3,-45.8489,112.5,1.5,0,0,0,25
1406428911,104.86,0,0,-104.86,104.86,343,20,25.9796,94.9796,1.5,0,0,0,25
1407929085,112.496,0,0,-112.496,112.496,517,10,-2,140.327,1.5,0,0,0,25
1408929064,107.98,0,0,-107.98,107.98,496,15,51.5327,135.533,1.5,0,0,0,25
1420428930,96.9377,0,0,-96.9377,96.9377,362,5,-42,95.1306,1.5,0,0,0,25
1420929068,98.6338,0,0,-98.6338,98.6338,500,12,-31,142.632,1.5,0,0,0,25
1422429064,108.103,0,0,-108.103,108.103,496,18,65.66,129.16,1.5,0,0,0,25
1425429005,105.368,0,0,-105.368,105.368,437,17,54,114.926,1.5,0,0,0,25
1428428772,88.822,0,0,-88.822,88.822,204,4,-25.9764,52.4764,1.5,0,0,0,25
1428929008,119.932,0,0,-119.932,119.932,440,11,24.5,125.476,1.5,0,0,0,25
1435428899,98.3576,0,0,-98.3576,98.3576,331,13,38.6378,86.1378,1.5,0,0,0,25
1436928805,108.293,0,0,-108.293,108.293,237,9,9.99632,64.4963,1.5,0,0,0,25
1437428756,103.744,0,0,-103.744,103.744,188,6,3.5,49.0196,1.5,0,0,0,25
1438928784,87.5961,0,0,-87.5961,87.5961,216,19,20.5762,55.9238,1.5,0,0,0,25
1441428807,97.2441,0,0,-97.2441,97.2441,239,1,-18.3835,64.1165,1.5,0,0,0,25
1446928777,90.9865,0,0,-90.9865,90.9865,209,7,15.9257,54.5743,1.5,0,0,0,25
1446929071,99.743,0,0,-99.743,99.743,503,14,-55.4775,135.977,1.5,0,0,0,25
1450000188,103.744,0,0,-103.744,103.744,188,0,0,0,25,6,3.5,49.0196,1.5
1450000204,88.822,0,0,-88.822,88.822,204,0,0,0,25,4,-25.9764,52.4764,1.5
1450000209,90.9865,0,0,-90.9865,90.9865,209,0,0,0,25,7,15.9257,54.5743,1.5
1450000216,87.5961,0,0,-87.5961,87.5961,216,0,0,0,25,19,20.5762,55.9238,1.5
1450000237,108.293,0,0,-108.293,108.293,237,0,0,0,25,9,9.99632,64.4963,1.5
1450000239,97.2441,0,0,-97.2441,97.2441,239,0,0,0,25,1,-18.3835,64.1165,1.5
1450000252,90.4917,0,0,-90.4917,90.4917,252,0,0,0,25,16,20.141,67.141,1.5
1450000331,98.3576,0,0,-98.3576,98.3576,331,0,0,0,25,13,38.6378,86.1378,1.5
1450000343,104.86,0,0,-104.86,104.86,343,0,0,0,25,20,25.9796,94.9796,1.5
1450000362,96.9377,0,0,-96.9377,96.9377,362,0,0,0,25,5,-42,95.1306,1.5
1450000379,111.252,0,0,-111.252,111.252,379,0,0,0,25,2,-6.35851,99.5,1.5
1450000416,99.102,0,0,-99.102,99.102,416,0,0,0,25,3,-45.8489,112.5,1.5
1450000437,105.368,0,0,-105.368,105.368,437,0,0,0,25,17,54,114.926,1.5
1450000440,119.932,0,0,-119.932,119.932,440,0,0,0,25,11,24.5,125.476,1.5
1450000484,98.1834,0,0,-98.1834,98.1834,484,0,0,0,25,8,-43.458,134.458,1.5
1450000496,107.98,0,0,-107.98,107.98,496,0,0,0,25,15,51.5327,135.533,1.5
1450000496,108.103,0,0,-108.103,108.103,496,0,0,0,25,18,65.66,129.16,1.5
1450000500,98.6338,0,0,-98.6338,98.6338,500,0,0,0,25,12,-31,142.632,1.5
1450000503,99.743,0,0,-99.743,99.743,503,0,0,0,25,14,-55.4775,135.977,1.5
1450000517,112.496,0,0,-112.496,112.496,517,0,0,0,25,10,-2,140.327,1.5
1451928947,111.252,0,0,-111.252,111.252,379,2,-6.35851,99.5,1.5,0,0,0,25
1452428820,90.4917,0,0,-90.4917,90.4917,252,16,20.141,67.141,1.5,0,0,0,25
1453429052,98.1834,0,0,-98.1834,98.1834,484,8,-43.458,134.458,1.5,0,0,0,25
1456428911,104.86,0,0,-104.86,104.86,343,20,25.9796,94.9796,1.5,0,0,0,25
1456428984,99.102,0,0,-99.102,99.102,416,3,-45.8489,112.5,1.5,0,0,0,25
1457929085,112.496,0,0,-112.496,112.496,517,10,-2,140.327,1.5,0,0,0,25
1458929064,107.98,0,0,-107.98,107.98,496,15,51.5327,135.533,1.5,0,0,0,25
1470928930,96.9377,0,0,-96.9377,96.9377,362,5,-42,95.1306,1.5,0,0,0,25
1471429068,98.6338,0,0,-98.6338,98.6338,500,12,-31,142.632,1.5,0,0,0,25
1472429064,108.103,0,0,-108.103,108.103,496,18,65.66,129.16,1.5,0,0,0,25
1477393291,105.368,0,0,-105.368,105.368,437,17,54,114.926,1.5,0,0,0,25
1478928772,88.822,0,0,-88.822,88.822,204,4,-25.9764,52.4764,1.5,0,0,0,25
1479429008,119.932,0,0,-119.932,119.932,440,11,24.5,125.476,1.5,0,0,0,25
1485428899,98.3576,0,0,-98.3576,98.3576,331,13,38.6378,86.1378,1.5,0,0,0,25
1487357378,108.293,0,0,-108.293,108.293,237,9,9.99632,64.4963,1.5,0,0,0,25
1487928756,103.744,0,0,-103.744,103.744,188,6,3.5,49.0196,1.5,0,0,0,25
1488928784,87.5961,0,0,-87.5961,87.5961,216,19,20.5762,55.9238,1.5,0,0,0,25
1491928807,97.2441,0,0,-97.2441,97.2441,239,1,-18.3835,64.1165,1.5,0,0,0,25
1496929071,99.743,0,0,-99.743,99.743,503,14,-55.4775,135.977,1.5,0,0,0,25
1497428777,90.9865,0,0,-90.9865,90.9865,209,7,15.9257,54.5743,1.5,0,0,0,25
1500000188,103.744,0,0,-103.744,103.744,188,0,0,0,25,6,3.5,48.8696,1.5
1500000204,88.822,0,0,-88.822,88.822,204,0,0,0,25,4,-26.0825,52.5825,1.5
1500000209,90.9865,0,0,-90.9865,90.9865,209,0,0,0,25,7,16.0318,54.4682,1.5
1500000216,87.5961,0,0,-87.5961,87.5961,216,0,0,0,25,19,20.6822,55.8178,1.5
1500000237,108.293,0,0,-108.293,108.293,237,0,0,0,25,9,9.89025,64.3903,1.5
1500000239,97.2441,0,0,-97.2441,97.2441,239,0,0,0,25,1,-18.4896,64.0104,1.5
1500000252,90.4917,0,0,-90.4917,90.4917,252,0,0,0,25,16,20.035,67.035,1.5
1500000331,98.3576,0,0,-98.3576,98.3576,331,0,0,0,25,13,38.5317,86.0317,1.5
1500000343,104.86,0,0,-104.86,104.86,343,0,0,0,25,20,25.8735,94.8735,1.5
1500000362,96.9377,0,0,-96.9377,96.9377,362,0,0,0,25,5,-42,94.9806,1.5
1500000379,111.252,0,0,-111.252,111.252,379,0,0,0,25,2,-6.50851,99.5,1.5
1500000416,99.102,0,0,-99.102,99.102,416,0,0,0,25,3,-45.6989,112.5,1.5
1500000437,105.368,0,0,-105.368,105.368,437,0,0,0,25,17,54,114.776,1.5
1500000440,119.932,0,0,-119.932,119.932,440,0,0,0,25,11,24.5,125.326,1.5
1500000484,98.1834,0,0,-98.1834,98.1834,484,0,0,0,25,8,-43.352,134.352,1.5
1500000496,107.98,0,0,-107.98,107.98,496,0,0,0,25,15,51.4267,135.427,1.5
1500000496,108.103,0,0,-108.103,108.103,496,0,0,0,25,18,65.5539,129.054,1.5
1500000500,98.6338,0,0,-98.6338,98.6338,500,0,0,0,25,12,-31,142.482,1.5
1500000503,99.743,0,0,-99.743,99.743,503,0,0,0,25,14,-55.3714,135.871,1.5
1500000517,112.496,0,0,-112.496,112.496,517,0,0,0,25,10,-2,140.177,1.5
1501928947,111.252,0,0,-111.252,111.252,379,2,-6.50851,99.5,1.5,0,0,0,25
1502428820,90.4917,0,0,-90.4917,90.4917,252,16,20.035,67.035,1.5,0,0,0,25
1503929052,98.1834,0,0,-98.1834,98.1834,484,8,-43.352,134.352,1.5,0,0,0,25
1506428911,104.86,0,0,-104.86,104.86,343,20,25.8735,94.8735,1.5,0,0,0,25
1506428984,99.102,0,0,-99.102,99.102,416,3,-45.6989,112.5,1.5,0,0,0,25
1508429085,112.496,0,0,-112.496,112.496,517,10,-2,140.177,1.5,0,0,0,25
1508929064,107.98,0,0,-107.98,107.98,496,15,51.4267,135.427,1.5,0,0,0,25
1521428930,96.9377,0,0,-96.9377,96.9377,362,5,-42,94.9806,1.5,0,0,0,25
1521929068,98.6338,0,0,-98.6338,98.6338,500,12,-31,142.482,1.5,0,0,0,25
1522429064,108.103,0,0,-108.103,108.103,496,18,65.5539,129.054,1.5,0,0,0,25
1528928772,88.822,0,0,-88.822,88.822,204,4,-26.0825,52.5825,1.5,0,0,0,25
1529429005,105.368,0,0,-105.368,105.368,437,17,54,114.776,1.5,0,0,0,25
1529429008,119.932,0,0,-119.932,119.932,440,11,24.5,125.326,1.5,0,0,0,25
1535428899,98.3576,0,0,-98.3576,98.3576,331,13,38.5317,86.0317,1.5,0,0,0,25
1537928756,103.744,0,0,-103.744,103.744,188,6,3.5,48.8696,1.5,0,0,0,25
1537928805,108.293,0,0,-108.293,108.293,237,9,9.89025,64.3903,1.5,0,0,0,25
1538928784,87.5961,0,0,-87.5961,87.5961,216,19,20.6822,55.8178,1.5,0,0,0,25
1542428807,97.2441,0,0,-97.2441,97.2441,239,1,-18.4896,64.0104,1.5,0,0,0,25
1546929071,99.743,0,0,-99.743,99.743,503,14,-55.3714,135.871,1.5,0,0,0,25
1547928777,90.9865,0,0,-90.9865,90.9865,209,7,16.0318,54.4682,1.5,0,0,0,25
1550000188,103.744,0,0,-103.744,103.744,188,0,0,0,25,6,3.5,48.8696,1.5
1550000204,88.822,0,0,-88.822,88.822,204,0,0,0,25,4,-26.0825,52.5825,1.5
1550000209,90.9865,0,0,-90.9865,90.9865,209,0,0,0,25,7,16.0318,54.4682,1.5
1550000216,87.5961,0,0,-87.5961,87.5961,216,0,0,0,25,19,20.6822,55.8178,1.5
1550000237,108.293,0,0,-108.293,108.293,237,0,0,0,25,9,9.89025,64.3903,1.5
1550000239,97.2441,0,0,-97.2441,97.2441,239,0,0,0,25,1,-18.4896,64.0104,1.5
1550000252,90.4917,0,0,-90.4917,90.4917,252,0,0,0,25,16,20.035,67.035,1.5
1550000331,98.3576,0,0,-98.3576,98.3576,331,0,0,0,25,13,38.5317,86.0317,1.5
1550000343,104.86,0,0,-104.86,104.86,343,0,0,0,25,20,25.8735,94.8735,1.5
1550000362,96.9377,0,0,-96.9377,96.9377,362,0,0,0,25,5,-42,94.9806,1.5
1550000379,111.252,0,0,-111.252,111.252,379,0,0,0,25,2,-6.50851,99.5,1.5
1550000416,99.102,0,0,-99.102,99.102,416,0,0,0,25,3,-45.6989,112.5,1.5
1550000437,105.368,0,0,-105.368,105.368,437,0,0,0,25,17,54,114.776,1.5
1550000440,119.932,0,0,-119.932,119.932,440,0,0,0,25,11,24.5,125.326,1.5
1550000484,98.1834,0,0,-98.1834,98.1834,484,0,0,0,25,8,-43.352,134.352,1.5
1550000496,107.98,0,0,-107.98,107.98,496,0,0,0,25,15,51.4267,135.427,1.5
1550000496,108.103,0,0,-108.103,108.103,496,0,0,0,25,18,65.5539,129.054,1.5
1550000500,98.6338,0,0,-98.6338,98.6338,500,0,0,0,25,12,-31,142.482,1.5
1550000503,99.743,0,0,-99.743,99.743,503,0,0,0,25,14,-55.3714,135.871,1.5
1550000517,112.496,0,0,-112.496,112.496,517,0,0,0,25,10,-2,140.177,1.5
1551928947,111.252,0,0,-111.252,111.252,379,2,-6.50851,99.5,1.5,0,0,0,25
1552428820,90.4917,0,0,-90.4917,90.4917,252,16,20.035,67.035,1.5,0,0,0,25
1554429052,98.1834,0,0,-98.1834,98.1834,484,8,-43.352,134.352,1.5,0,0,0,25
1556428911,104.86,0,0,-104.86,104.86,343,20,25.8735,94.8735,1.5,0,0,0,25
1556928984,99.102,0,0,-99.102,99.102,416,3,-45.6989,112.5,1.5,0,0,0,25
1558929064,107.98,0,0,-107.98,107.98,496,15,51.4267,135.427,1.5,0,0,0,25
1558929085,112.496,0,0,-112.496,112.496,517,10,-2,140.177,1.5,0,0,0,25
1571928930,96.9377,0,0,-96.9377,96.9377,362,5,-42,94.9806,1.5,0,0,0,25
1572429064,108.103,0,0,-108.103,108.103,496,18,65.5539,129.054,1.5,0,0,0,25
1572429068,98.6338,0,0,-98.6338,98.6338,500,12,-31,142.482,1.5,0,0,0,25
1579928772,88.822,0,0,-88.822,88.822,204,4,-26.0825,52.5825,1.5,0,0,0,25
1579929008,119.932,0,0,-119.932,119.932,440,11,24.5,125.326,1.5,0,0,0,25
1581429005,105.368,0,0,-105.368,105.368,437,17,54,114.776,1.5,0,0,0,25
1585428899,98.3576,0,0,-98.3576,98.3576,331,13,38.5317,86.0317,1.5,0,0,0,25
1588428756,103.744,0,0,-103.744,103.744,188,6,3.5,48.8696,1.5,0,0,0,25
1588428805,108.293,0,0,-108.293,108.293,237,9,9.89025,64.3903,1.5,0,0,0,25
1588928784,87.5961,0,0,-87.5961,87.5961,216,19,20.6822,55.8178,1.5,0,0,0,25
1592928807,97.2441,0,0,-97.2441,97.2441,239,1,-18.4896,64.0104,1.5,0,0,0,25
1596929071,99.743,0,0,-99.743,99.743,503,14,-55.3714,135.871,1.5,0,0,0,25
1597928777,90.9865,0,0,-90.9865,90.9865,209,7,16.0318,54.4682,1.5,0,0,0,25
1600000188,103.744,0,0,-103.744,103.744,188,0,0,0,25,6,3.5,48.7196,1.5
1600000204,88.822,0,0,-88.822,88.822,204,0,0,0,25,4,-26.1886,52.6886,1.5
1600000209,90.9865,0,0,-90.9865,90.9865,209,0,0,0,25,7,16.1379,54.3621,1.5
1600000216,87.5961,0,0,-87.5961,87.5961,216,0,0,0,25,19,20.7883,55.7117,1.5
1600000237,108.293,0,0,-108.293,108.293,237,0,0,0,25,9,9.78419,64.2842,1.5
1600000239,97.2441,0,0,-97.2441,97.2441,239,0,0,0,25,1,-18.5956,63.9044,1.5
1600000252,90.4917,0,0,-90.4917,90.4917,252,0,0,0,25,16,19.9289,66.9289,1.5
1600000331,98.3576,0,0,-98.3576,98.3576,331,0,0,0,25,13,38.4257,85.9257,1.5
1600000343,104.86,0,0,-104.86,104.86,343,0,0,0,25,20,25.7674,94.7674,1.5
1600000362,96.9377,0,0,-96.9377,96.9377,362,0,0,0,25,5,-42,94.8306,1.5
1600000379,111.252,0,0,-111.252,111.252,379,0,0,0,25,2,-6.65851,99.5,1.5
1600000416,99.102,0,0,-99.102,99.102,416,0,0,0,25,3,-45.5489,112.5,1.5
1600000437,105.368,0,0,-105.368,105.368,437,0,0,0,25,17,54,114.626,1.5
1600000440,119.932,0,0,-119.932,119.932,440,0,0,0,25,11,24.5,125.176,1.5
1600000484,98.1834,0,0,-98.1834,98.1834,484,0,0,0,25,8,-43.2459,134.246,1.5
1600000496,107.98,0,0,-107.98,107.98,496,0,0,0,25,15,51.3206,135.321,1.5
1600000496,108.103,0,0,-108.103,108.103,496,0,0,0,25,18,65.4478,128.948,1.5
1600000500,98.6338,0,0,-98.6338,98.6338,500,0,0,0,25,12,-31,142.332,1.5
1600000503,99.743,0,0,-99.743,99.743,503,0,0,0,25,14,-55.2654,135.765,1.5
1600000517,112.496,0,0,-112.496,112.496,517,0,0,0,25,10,-2,140.027,1.5
1601928947,111.252,0,0,-111.252,111.252,379,2,-6.65851,99.5,1.5,0,0,0,25
1602428820,90.4917,0,0,-90.4917,90.4917,252,16,19.9289,66.9289,1.5,0,0,0,25
1604929052,98.1834,0,0,-98.1834,98.1834,484,8,-43.2459,134.246,1.5,0,0,0,25
1606428911,104.86,0,0,-104.86,104.86,343,20,25.7674,94.7674,1.5,0,0,0,25
1607428984,99.102,0,0,-99.102,99.102,416,3,-45.5489,112.5,1.5,0,0,0,25
1608929064,107.98,0,0,-107.98,107.98,496,15,51.3206,135.321,1.5,0,0,0,25
1609429085,112.496,0,0,-112.496,112.496,517,10,-2,140.027,1.5,0,0,0,25
1621928930,96.9377,0,0,-96.9377,96.9377,362,5,-42,94.8306,1.5,0,0,0,25
1622429064,108.103,0,0,-108.103,108.103,496,18,65.4478,128.948,1.5,0,0,0,25
1622429068,98.6338,0,0,-98.6338,98.6338,500,12,-31,142.332,1.5,0,0,0,25
1629928772,88.822,0,0,-88.822,88.822,204,4,-26.1886,52.6886,1.5,0,0,0,25
1630429008,119.932,0,0,-119.932,119.932,440,11,24.5,125.176,1.5,0,0,0,25
1633429005,105.368,0,0,-105.368,105.368,437,17,54,114.626,1.5,0,0,0,25
1635428899,98.3576,0,0,-98.3576,98.3576,331,13,38.4257,85.9257,1.5,0,0,0,25
1638928756,103.744,0,0,-103.744,103.744,188,6,3.5,48.7196,1.5,0,0,0,25
1638928805,108.293,0,0,-108.293,108.293,237,9,9.78419,64.2842,1.5,0,0,0,25
1639357357,87.5961,0,0,-87.5961,87.5961,216,19,20.7883,55.7117,1.5,0,0,0,25
1642928807,97.2441,0,0,-97.2441,97.2441,239,1,-18.5956,63.9044,1.5,0,0,0,25
1646929071,99.743,0,0,-99.743,99.743,503,14,-55.2654,135.765,1.5,0,0,0,25
1648428777,90.9865,0,0,-90.9865,90.9865,209,7,16.1379,54.3621,1.5,0,0,0,25
1650000188,103.744,0,0,-103.744,103.744,188,0,0,0,25,6,3.5,48.7196,1.5
1650000204,88.822,0,0,-88.822,88.822,204,0,0,0,25,4,-26.1886,52.6886,1.5
1650000209,90.9865,0,0,-90.9865,90.9865,209,0,0,0,25,7,16.1379,54.3621,1.5
1650000216,87.5961,0,0,-87.5961,87.5961,216,0,0,0,25,19,20.7883,55.7117,1.5
1650000237,108.293,0,0,-108.293,108.293,237,0,0,0,25,9,9.78419,64.2842,1.5
1650000239,97.2441,0,0,-97.2441,97.2441,239,0,0,0,25,1,-18.5956,63.9044,1.5
1650000252,90.4917,0,0,-90.4917,90.4917,252,0,0,0,25,16,19.9289,66.9289,1.5
1650000331,98.3576,0,0,-98.3576,98.3576,331,0,0,0,25,13,38.4257,85.9257,1.5
1650000343,104.86,0,0,-104.86,104.86,343,0,0,0,25,20,25.7674,94.7674,1.5
1650000362,96.9377,0,0,-96.9377,96.9377,362,0,0,0,25,5,-42,94.8306,1.5
1650000379,111.252,0,0,-111.252,111.252,379,0,0,0,25,2,-6.65851,99.5,1.5
1650000416,99.102,0,0,-99.102,99.102,416,0,0,0,25,3,-45.5489,112.5,1.5
1650000437,105.368,0,0,-105.368,105.368,437,0,0,0,25,17,54,114.626,1.5
1650000440,119.932,0,0,-119.932,119.932,440,0,0,0,25,11,24.5,125.176,1.5
1650000484,98.1834,0,0,-98.1834,98.1834,484,0,0,0,25,8,-43.2459,134.246,1.5
1650000496,107.98,0,0,-107.98,107.98,496,0,0,0,25,15,51.3206,135.321,1.5
1650000496,108.103,0,0,-108.103,108.103,496,0,0,0,25,18,65.4478,128.948,1.5
1650000500,98.6338,0,0,-98.6338,98.6338,500,0,0,0,25,12,-31,142.332,1.5
1650000503,99.743,0,0,-99.743,99.743,503,0,0,0,25,14,-55.2654,135.765,1.5
1650000517,112.496,0,0,-112.496,112.496,517,0,0,0,25,10,-2,140.027,1.5
1651928947,111.252,0,0,-111.252,111.252,379,2,-6.65851,99.5,1.5,0,0,0,25
1652428820,90.4917,0,0,-90.4917,90.4917,252,16,19.9289,66.9289,1.5,0,0,0,25
1654929052,98.1834,0,0,-98.1834,98.1834,484,8,-43.2459,134.246,1.5,0,0,0,25
1656428911,104.86,0,0,-104.86,104.86,343,20,25.7674,94.7674,1.5,0,0,0,25
1657928984,99.102,0,0,-99.102,99.102,416,3,-45.5489,112.5,1.5,0,0,0,25
1658929064,107.98,0,0,-107.98,107.98,496,15,51.3206,135.321,1.5,0,0,0,25
1659929085,112.496,0,0,-112.496,112.496,517,10,-2,140.027,1.5,0,0,0,25
1672428930,96.9377,0,0,-96.9377,96.9377,362,5,-42,94.8306,1.5,0,0,0,25
1672429064,108.103,0,0,-108.103,108.103,496,18,65.4478,128.948,1.5,0,0,0,25
1672929068,98.6338,0,0,-98.6338,98.6338,500,12,-31,142.332,1.5,0,0,0,25
1680428772,88.822,0,0,-88.822,88.822,204,4,-26.1886,52.6886,1.5,0,0,0,25
1680929008,119.932,0,0,-119.932,119.932,440,11,24.5,125.176,1.5,0,0,0,25
1685428899,98.3576,0,0,-98.3576,98.3576,331,13,38.4257,85.9257,1.5,0,0,0,25
1685429005,105.368,0,0,-105.368,105.368,437,17,54,114.626,1.5,0,0,0,25
1688928805,108.293,0,0,-108.293,108.293,237,9,9.78419,64.2842,1.5,0,0,0,25
1689428756,103.744,0,0,-103.744,103.744,188,6,3.5,48.7196,1.5,0,0,0,25
1689428784,87.5961,0,0,-87.5961,87.5961,216,19,20.7883,55.7117,1.5,0,0,0,25
1693428807,97.2441,0,0,-97.2441,97.2441,239,1,-18.5956,63.9044,1.5,0,0,0,25
1696929071,99.743,0,0,-99.743,99.743,503,14,-55.2654,135.765,1.5,0,0,0,25
1698928777,90.9865,0,0,-90.9865,90.9865,209,7,16.1379,54.3621,1.5,0,0,0,25
1700000188,103.744,0,0,-103.744,103.744,188,0,0,0,25,6,3.5,48.5696,1.5
1700000204,88.822,0,0,-88.822,88.822,204,0,0,0,25,4,-26.2946,52.7946,1.5
1700000209,90.9865,0,0,-90.9865,90.9865,209,0,0,0,25,7,16.2439,54.2561,1.5
1700000216,87.5961,0,0,-87.5961,87.5961,216,0,0,0,25,19,20.8944,55.6056,1.5
1700000237,108.293,0,0,-108.293,108.293,237,0,0,0,25,9,9.67812,64.1781,1.5
1700000239,97.2441,0,0,-97.2441,97.2441,239,0,0,0,25,1,-18.7017,63.7983,1.5
1700000252,90.4917,0,0,-90.4917,90.4917,252,0,0,0,25,16,19.8228,66.8228,1.5
1700000331,98.3576,0,0,-98.3576,98.3576,331,0,0,0,25,13,38.3196,85.8196,1.5
1700000343,104.86,0,0,-104.86,104.86,343,0,0,0,25,20,25.6614,94.6614,1.5
1700000362,96.9377,0,0,-96.9377,96.9377,362,0,0,0,25,5,-42,94.6806,1.5
1700000379,111.252,0,0,-111.252,111.252,379,0,0,0,25,2,-6.80851,99.5,1.5
1700000416,99.102,0,0,-99.102,99.102,416,0,0,0,25,3,-45.3989,112.5,1.5
1700000437,105.368,0,0,-105.368,105.368,437,0,0,0,25,17,54,114.476,1.5
1700000440,119.932,0,0,-119.932,119.932,440,0,0,0,25,11,24.5,125.026,1.5
1700000484,98.1834,0,0,-98.1834,98.1834,484,0,0,0,25,8,-43.1398,134.14,1.5
1700000496,107.98,0,0,-107.98,107.98,496,0,0,0,25,15,51.2145,135.215,1.5
1700000496,108.103,0,0,-108.103,108.103,496,0,0,0,25,18,65.3418,128.842,1.5
1700000500,98.6338,0,0,-98.6338,98.6338,500,0,0,0,25,12,-31,142.182,1.5
1700000503,99.743,0,0,-99.743,99.743,503,0,0,0,25,14,-55.1593,135.659,1.5
1700000517,112.496,0,0,-112.496,112.496,517,0,0,0,25,10,-2,139.877,1.5
1701928947,111.252,0,0,-111.252,111.252,379,2,-6.80851,99.5,1.5,0,0,0,25
1702428820,90.4917,0,0,-90.4917,90.4917,252,16,19.8228,66.8228,1.5,0,0,0,25
1705429052,98.1834,0,0,-98.1834,98.1834,484,8,-43.1398,134.14,1.5,0,0,0,25
1706428911,104.86,0,0,-104.86,104.86,343,20,25.6614,94.6614,1.5,0,0,0,25
1708428984,99.102,0,0,-99.102,99.102,416,3,-45.3989,112.5,1.5,0,0,0,25
1708929064,107.98,0,0,-107.98,107.98,496,15,51.2145,135.215,1.5,0,0,0,25
1709929085,112.496,0,0,-112.496,112.496,517,10,-2,139.877,1.5,0,0,0,25
1722429064,108.103,0,0,-108.103,108.103,496,18,65.3418,128.842,1.5,0,0,0,25
1722928930,96.9377,0,0,-96.9377,96.9377,362,5,-42,94.6806,1.5,0,0,0,25
1723429068,98.6338,0,0,-98.6338,98.6338,500,12,-31,142.182,1.5,0,0,0,25
1730928772,88.822,0,0,-88.822,88.822,204,4,-26.2946,52.7946,1.5,0,0,0,25
1731429008,119.932,0,0,-119.932,119.932,440,11,24.5,125.026,1.5,0,0,0,25
1735428899,98.3576,0,0,-98.3576,98.3576,331,13,38.3196,85.8196,1.5,0,0,0,25
1737429005,105.368,0,0,-105.368,105.368,437,17,54,114.476,1.5,0,0,0,25
1739428784,87.5961,0,0,-87.5961,87.5961,216,19,20.8944,55.6056,1.5,0,0,0,25
1739428805,108.293,0,0,-108.293,108.293,237,9,9.67812,64.1781,1.5,0,0,0,25
1739928756,103.744,0,0,-103.744,103.744,188,6,3.5,48.5696,1.5,0,0,0,25
1743928807,97.2441,0,0,-97.2441,97.2441,239,1,-18.7017,63.7983,1.5,0,0,0,25
1746929071,99.743,0,0,-99.743,99.743,503,14,-55.1593,135.659,1.5,0,0,0,25
1749428777,90.9865,0,0,-90.9865,90.9865,209,7,16.2439,54.2561,1.5,0,0,0,25
1750000188,103.744,0,0,-103.744,103.744,188,0,0,0,25,6,3.5,48.5696,1.5
1750000204,88.822,0,0,-88.822,88.822,204,0,0,0,25,4,-26.2946,52.7946,1.5
1750000209,90.9865,0,0,-90.9865,90.9865,209,0,0,0,25,7,16.2439,54.2561,1.5
1750000216,87.5961,0,0,-87.5961,87.5961,216,0,0,0,25,19,20.8944,55.6056,1.5
1750000237,108.293,0,0,-108.293,108.293,237,0,0,0,25,9,9.67812,64.1781,1.5
1750000239,97.2441,0,0,-97.2441,97.2441,239,0,0,0,25,1,-18.7017,63.7983,1.5
1750000252,90.4917,0,0,-90.4917,90.4917,252,0,0,0,25,16,19.8228,66.8228,1.5
1750000331,98.3576,0,0,-98.3576,98.3576,331,0,0,0,25,13,38.3196,85.8196,1.5
1750000343,104.86,0,0,-104.86,104.86,343,0,0,0,25,20,25.6614,94.6614,1.5
1750000362,96.9377,0,0,-96.9377,96.9377,362,0,0,0,25,5,-42,94.6806,1.5
1750000379,111.252,0,0,-111.252,111.252,379,0,0,0,25,2,-6.80851,99.5,1.5
1750000416,99.102,0,0,-99.102,99.102,416,0,0,0,25,3,-45.3989,112.5,1.5
1750000437,105.368,0,0,-105.368,105.368,437,0,0,0,25,17,54,114.476,1.5
1750000440,119.932,0,0,-119.932,119.932,440,0,0,0,25,11,24.5,125.026,1.5
1750000484,98.1834,0,0,-98.1834,98.1834,484,0,0,0,25,8,-43.1398,134.14,1.5
1750000496,107.98,0,0,-107.98,107.98,496,0,0,0,25,15,51.2145,135.215,1.5
1750000496,108.103,0,0,-108.103,108.103,496,0,0,0,25,18,65.3418,128.842,1.5
1750000500,98.6338,0,0,-98.6338,98.6338,500,0,0,0,25,12,-31,142.182,1.5
1750000503,99.743,0,0,-99.743,99.743,503,0,0,0,25,14,-55.1593,135.659,1.5
1750000517,112.496,0,0,-112.496,112.496,517,0,0,0,25,10,-2,139.877,1.5
1751928947,111.252,0,0,-111.252,111.252,379,2,-6.80851,99.5,1.5,0,0,0,25
1752428820,90.4917,0,0,-90.4917,90.4917,252,16,19.8228,66.8228,1.5,0,0,0,25
1755929052,98.1834,0,0,-98.1834,98.1834,484,8,-43.1398,134.14,1.5,0,0,0,25
1756428911,104.86,0,0,-104.86,104.86,343,20,25.6614,94.6614,1.5,0,0,0,25
1758428984,99.102,0,0,-99.102,99.102,416,3,-45.3989,112.5,1.5,0,0,0,25
1758929064,107.98,0,0,-107.98,107.98,496,15,51.2145,135.215,1.5,0,0,0,25
1760429085,112.496,0,0,-112.496,112.496,517,10,-2,139.877,1.5,0,0,0,25
1772429064,108.103,0,0,-108.103,108.103,496,18,65.3418,128.842,1.5,0,0,0,25
1773428930,96.9377,0,0,-96.9377,96.9377,362,5,-42,94.6806,1.5,0,0,0,25
1773929068,98.6338,0,0,-98.6338,98.6338,500,12,-31,142.182,1.5,0,0,0,25
1780928772,88.822,0,0,-88.822,88.822,204,4,-26.2946,52.7946,1.5,0,0,0,25
1781429008,119.932,0,0,-119.932,119.932,440,11,24.5,125.026,1.5,0,0,0,25
1785428899,98.3576,0,0,-98.3576,98.3576,331,13,38.3196,85.8196,1.5,0,0,0,25
1789428784,87.5961,0,0,-87.5961,87.5961,216,19,20.8944,55.6056,1.5,0,0,0,25
1789429005,105.368,0,0,-105.368,105.368,437,17,54,114.476,1.5,0,0,0,25
1789928756,103.744,0,0,-103.744,103.744,188,6,3.5,48.5696,1.5,0,0,0,25
1789928805,108.293,0,0,-108.293,108.293,237,9,9.67812,64.1781,1.5,0,0,0,25
1794428807,97.2441,0,0,-97.2441,97.2441,239,1,-18.7017,63.7983,1.5,0,0,0,25
1796929071,99.743,0,0,-99.743,99.743,503,14,-55.1593,135.659,1.5,0,0,0,25
1799428777,90.9865,0,0,-90.9865,90.9865,209,7,16.2439,54.2561,1.5,0,0,0,25
1800000188,103.744,0,0,-103.744,103.744,188,0,0,0,25,6,3.5,48.4196,1.5
1800000204,88.822,0,0,-88.822,88.822,204,0,0,0,25,4,-26.4007,52.9007,1.5
1800000209,90.9865,0,0,-90.9865,90.9865,209,0,0,0,25,7,16.35,54.15,1.5
1800000216,87.5961,0,0,-87.5961,87.5961,216,0,0,0,25,19,21.0004,55.4996,1.5
1800000237,108.293,0,0,-108.293,108.293,237,0,0,0,25,9,9.57205,64.0721,1.5
1800000239,97.2441,0,0,-97.2441,97.2441,239,0,0,0,25,1,-18.8077,63.6923,1.5
1800000252,90.4917,0,0,-90.4917,90.4917,252,0,0,0,25,16,19.7168,66.7168,1.5
1800000331,98.3576,0,0,-98.3576,98.3576,331,0,0,0,25,13,38.2135,85.7135,1.5
1800000343,104.86,0,0,-104.86,104.86,343,0,0,0,25,20,25.5553,94.5553,1.5
1800000362,96.9377,0,0,-96.9377,96.9377,362,0,0,0,25,5,-42,94.5306,1.5
1800000379,111.252,0,0,-111.252,111.252,379,0,0,0,25,2,-6.95851,99.5,1.5
1800000416,99.102,0,0,-99.102,99.102,416,0,0,0,25,3,-45.2489,112.5,1.5
1800000437,105.368,0,0,-105.368,105.368,437,0,0,0,25,17,54,114.326,1.5
1800000440,119.932,0,0,-119.932,119.932,440,0,0,0,25,11,24.5,124.876,1.5
1800000484,98.1834,0,0,-98.1834,98.1834,484,0,0,0,25,8,-43.0338,134.034,1.5
1800000496,107.98,0,0,-107.98,107.98,496,0,0,0,25,15,51.1085,135.108,1.5
1800000496,108.103,0,0,-108.103,108.103,496,0,0,0,25,18,65.2357,128.736,1.5
1800000500,98.6338,0,0,-98.6338,98.6338,500,0,0,0,25,12,-31,142.032,1.5
1800000503,99.743,0,0,-99.743,99.743,503,0,0,0,25,14,-55.0532,135.553,1.5
1800000517,112.496,0,0,-112.496,112.496,517,0,0,0,25,10,-2,139.727,1.5
1801928947,111.252,0,0,-111.252,111.252,379,2,-6.95851,99.5,1.5,0,0,0,25
1802428820,90.4917,0,0,-90.4917,90.4917,252,16,19.7168,66.7168,1.5,0,0,0,25
1806428911,104.86,0,0,-104.86,104.86,343,20,25.5553,94.5553,1.5,0,0,0,25
1806429052,98.1834,0,0,-98.1834,98.1834,484,8,-43.0338,134.034,1.5,0,0,0,25
1808928984,99.102,0,0,-99.102,99.102,416,3,-45.2489,112.5,1.5,0,0,0,25
1808929064,107.98,0,0,-107.98,107.98,496,15,51.1085,135.108,1.5,0,0,0,25
1810929085,112.496,0,0,-112.496,112.496,517,10,-2,139.727,1.5,0,0,0,25
1822429064,108.103,0,0,-108.103,108.103,496,18,65.2357,128.736,1.5,0,0,0,25
1823928930,96.9377,0,0,-96.9377,96.9377,362,5,-42,94.5306,1.5,0,0,0,25
1824429068,98.6338,0,0,-98.6338,98.6338,500,12,-31,142.032,1.5,0,0,0,25
1831428772,88.822,0,0,-88.822,88.822,204,4,-26.4007,52.9007,1.5,0,0,0,25
1831929008,119.932,0,0,-119.932,119.932,440,11,24.5,124.876,1.5,0,0,0,25
1835428899,98.3576,0,0,-98.3576,98.3576,331,13,38.2135,85.7135,1.5,0,0,0,25
1839928784,87.5961,0,0,-87.5961,87.5961,216,19,21.0004,55.4996,1.5,0,0,0,25
1840428756,103.744,0,0,-103.744,103.744,188,6,3.5,48.4196,1.5,0,0,0,25
1840428805,108.293,0,0,-108.293,108.293,237,9,9.57205,64.0721,1.5,0,0,0,25
1841429005,105.368,0,0,-105.368,105.368,437,17,54,114.326,1.5,0,0,0,25
1844893093,97.2441,0,0,-97.2441,97.2441,239,1,-18.8077,63.6923,1.5,0,0,0,25
1846929071,99.743,0,0,-99.743,99.743,503,14,-55.0532,135.553,1.5,0,0,0,25
1849928777,90.9865,0,0,-90.9865,90.9865,209,7,16.35,54.15,1.5,0,0,0,25
1850000188,103.744,0,0,-103.744,103.744,188,0,0,0,25,6,3.5,48.4196,1.5
1850000204,88.822,0,0,-88.822,88.822,204,0,0,0,25,4,-26.4007,52.9007,1.5
1850000209,90.9865,0,0,-90.9865,90.9865,209,0,0,0,25,7,16.35,54.15,1.5
1850000216,87.5961,0,0,-87.5961,87.5961,216,0,0,0,25,19,21.0004,55.4996,1.5
1850000237,108.293,0,0,-108.293,108.293,237,0,0,0,25,9,9.57205,64.0721,1.5
1850000239,97.2441,0,0,-97.2441,97.2441,239,0,0,0,25,1,-18.8077,63.6923,1.5
1850000252,90.4917,0,0,-90.4917,90.4917,252,0,0,0,25,16,19.7168,66.7168,1.5
1850000331,98.3576,0,0,-98.3576,98.3576,331,0,0,0,25,13,38.2135,85.7135,1.5
1850000343,104.86,0,0,-104.86,104.86,343,0,0,0,25,20,25.5553,94.5553,1.5
1850000362,96.9377,0,0,-96.9377,96.9377,362,0,0,0,25,5,-42,94.5306,1.5
1850000379,111.252,0,0,-111.252,111.252,379,0,0,0,25,2,-6.95851,99.5,1.5
1850000416,99.102,0,0,-99.102,99.102,416,0,0,0,25,3,-45.2489,112.5,1.5
1850000437,105.368,0,0,-105.368,105.368,437,0,0,0,25,17,54,114.326,1.5
1850000440,119.932,0,0,-119.932,119.932,440,0,0,0,25,11,24.5,124.876,1.5
1850000484,98.1834,0,0,-98.1834,98.1834,484,0,0,0,25,8,-43.0338,134.034,1.5
1850000496,107.98,0,0,-107.98,107.98,496,0,0,0,25,15,51.1085,135.108,1.5
1850000496,108.103,0,0,-108.103,108.103,496,0,0,0,25,18,65.2357,128.736,1.5
1850000500,98.6338,0,0,-98.6338,98.6338,500,0,0,0,25,12,-31,142.032,1.5
1850000503,99.743,0,0,-99.743,99.743,503,0,0,0,25,14,-55.0532,135.553,1.5
1850000517,112.496,0,0,-112.496,112.496,517,0,0,0,25,10,-2,139.727,1.5
1851928947,111.252,0,0,-111.252,111.252,379,2,-6.95851,99.5,1.5,0,0,0,25
1852428820,90.4917,0,0,-90.4917,90.4917,252,16,19.7168,66.7168,1.5,0,0,0,25
1856428911,104.86,0,0,-104.86,104.86,343,20,25.5553,94.5553,1.5,0,0,0,25
1856929052,98.1834,0,0,-98.1834,98.1834,484,8,-43.0338,134.034,1.5,0,0,0,25
1858929064,107.98,0,0,-107.98,107.98,496,15,51.1085,135.108,1.5,0,0,0,25
1859428984,99.102,0,0,-99.102,99.102,416,3,-45.2489,112.5,1.5,0,0,0,25
1861429085,112.496,0,0,-112.496,112.496,517,10,-2,139.727,1.5,0,0,0,25
1872929064,108.103,0,0,-108.103,108.103,496,18,65.2357,128.736,1.5,0,0,0,25
1873928930,96.9377,0,0,-96.9377,96.9377,362,5,-42,94.5306,1.5,0,0,0,25
1874429068,98.6338,0,0,-98.6338,98.6338,500,12,-31,142.032,1.5,0,0,0,25
1881928772,88.822,0,0,-88.822,88.822,204,4,-26.4007,52.9007,1.5,0,0,0,25
1882429008,119.932,0,0,-119.932,119.932,440,11,24.5,124.876,1.5,0,0,0,25
1885428899,98.3576,0,0,-98.3576,98.3576,331,13,38.2135,85.7135,1.5,0,0,0,25
1889928784,87.5961,0,0,-87.5961,87.5961,216,19,21.0004,55.4996,1.5,0,0,0,25
1890928756,103.744,0,0,-103.744,103.744,188,6,3.5,48.4196,1.5,0,0,0,25
1890928805,108.293,0,0,-108.293,108.293,237,9,9.57205,64.0721,1.5,0,0,0,25
1893429005,105.368,0,0,-105.368,105.368,437,17,54,114.326,1.5,0,0,0,25
1894928807,97.2441,0,0,-97.2441,97.2441,239,1,-18.8077,63.6923,1.5,0,0,0,25
1896929071,99.743,0,0,-99.743,99.743,503,14,-55.0532,135.553,1.5,0,0,0,25
1900000188,103.744,0,0,-103.744,103.744,188,0,0,0,25,6,3.5,48.2696,1.5
1900000204,88.822,0,0,-88.822,88.822,204,0,0,0,25,4,-26.5068,53.0068,1.5
1900000209,90.9865,0,0,-90.9865,90.9865,209,0,0,0,25,7,16.4561,54.0439,1.5
1900000216,87.5961,0,0,-87.5961,87.5961,216,0,0,0,25,19,21.1065,55.3935,1.5
1900000237,108.293,0,0,-108.293,108.293,237,0,0,0,25,9,9.46599,63.966,1.5
1900000239,97.2441,0,0,-97.2441,97.2441,239,0,0,0,25,1,-18.9138,63.5862,1.5
1900000252,90.4917,0,0,-90.4917,90.4917,252,0,0,0,25,16,19.6107,66.6107,1.5
1900000331,98.3576,0,0,-98.3576,98.3576,331,0,0,0,25,13,38.1075,85.6075,1.5
1900000343,104.86,0,0,-104.86,104.86,343,0,0,0,25,20,25.4492,94.4492,1.5
1900000362,96.9377,0,0,-96.9377,96.9377,362,0,0,0,25,5,-42,94.3806,1.5
1900000379,111.252,0,0,-111.252,111.252,379,0,0,0,25,2,-7.10851,99.5,1.5
1900000416,99.102,0,0,-99.102,99.102,416,0,0,0,25,3,-45.0989,112.5,1.5
1900000437,105.368,0,0,-105.368,105.368,437,0,0,0,25,17,54,114.176,1.5
1900000440,119.932,0,0,-119.932,119.932,440,0,0,0,25,11,24.5,124.726,1.5
1900000484,98.1834,0,0,-98.1834,98.1834,484,0,0,0,25,8,-43,133.898,1.5
1900000496,107.98,0,0,-107.98,107.98,496,0,0,0,25,15,51.0024,135.002,1.5
1900000496,108.103,0,0,-108.103,108.103,496,0,0,0,25,18,65.1296,128.63,1.5
1900000500,98.6338,0,0,-98.6338,98.6338,500,0,0,0,25,12,-31,141.882,1.5
1900000503,99.743,0,0,-99.743,99.743,503,0,0,0,25,14,-54.9472,135.447,1.5
1900000517,112.496,0,0,-112.496,112.496,517,0,0,0,25,10,-2,139.577,1.5
1900428777,90.9865,0,0,-90.9865,90.9865,209,7,16.4561,54.0439,1.5,0,0,0,25
1901928947,111.252,0,0,-111.252,111.252,379,2,-7.10851,99.5,1.5,0,0,0,25
1902428820,90.4917,0,0,-90.4917,90.4917,252,16,19.6107,66.6107,1.5,0,0,0,25
1906428911,104.86,0,0,-104.86,104.86,343,20,25.4492,94.4492,1.5,0,0,0,25
1906929052,98.1834,0,0,-98.1834,98.1834,484,8,-43,133.898,1.5,0,0,0,25
1908929064,107.98,0,0,-107.98,107.98,496,15,51.0024,135.002,1.5,0,0,0,25
1909928984,99.102,0,0,-99.102,99.102,416,3,-45.0989,112.5,1.5,0,0,0,25
1911929085,112.496,0,0,-112.496,112.496,517,10,-2,139.577,1.5,0,0,0,25
1922929064,108.103,0,0,-108.103,108.103,496,18,65.1296,128.63,1.5,0,0,0,25
1924428930,96.9377,0,0,-96.9377,96.9377,362,5,-42,94.3806,1.5,0,0,0,25
1924929068,98.6338,0,0,-98.6338,98.6338,500,12,-31,141.882,1.5,0,0,0,25
1932428772,88.822,0,0,-88.822,88.822,204,4,-26.5068,53.0068,1.5,0,0,0,25
1932929008,119.932,0,0,-119.932,119.932,440,11,24.5,124.726,1.5,0,0,0,25
1935428899,98.3576,0,0,-98.3576,98.3576,331,13,38.1075,85.6075,1.5,0,0,0,25
1939928784,87.5961,0,0,-87.5961,87.5961,216,19,21.1065,55.3935,1.5,0,0,0,25
1940928805,108.293,0,0,-108.293,108.293,237,9,9.46599,63.966,1.5,0,0,0,25
1941428756,103.744,0,0,-103.744,103.744,188,6,3.5,48.2696,1.5,0,0,0,25
1945428807,97.2441,0,0,-97.2441,97.2441,239,1,-18.9138,63.5862,1.5,0,0,0,25
1945429005,105.368,0,0,-105.368,105.368,437,17,54,114.176,1.5,0,0,0,25
1946929071,99.743,0,0,-99.743,99.743,503,14,-54.9472,135.447,1.5,0,0,0,25
1950000188,103.744,0,0,-103.744,103.744,188,0,0,0,25,6,3.5,48.2696,1.5
1950000204,88.822,0,0,-88.822,88.822,204,0,0,0,25,4,-26.5068,53.0068,1.5
1950000209,90.9865,0,0,-90.9865,90.9865,209,0,0,0,25,7,16.4561,54.0439,1.5
1950000216,87.5961,0,0,-87.5961,87.5961,216,0,0,0,25,19,21.1065,55.3935,1.5
1950000237,108.293,0,0,-108.293,108.293,237,0,0,0,25,9,9.46599,63.966,1.5
1950000239,97.2441,0,0,-97.2441,97.2441,239,0,0,0,25,1,-18.9138,63.5862,1.5
1950000252,90.4917,0,0,-90.4917,90.4917,252,0,0,0,25,16,19.6107,66.6107,1.5
1950000331,98.3576,0,0,-98.3576,98.3576,331,0,0,0,25,13,38.1075,85.6075,1.5
1950000343,104.86,0,0,-104.86,104.86,343,0,0,0,25,20,25.4492,94.4492,1.5
1950000362,96.9377,0,0,-96.9377,96.9377,362,0,0,0,25,5,-42,94.3806,1.5
1950000379,111.252,0,0,-111.252,111.252,379,0,0,0,25,2,-7.10851,99.5,1.5
1950000416,99.102,0,0,-99.102,99.102,416,0,0,0,25,3,-45.0989,112.5,1.5
1950000437,105.368,0,0,-105.368,105.368,437,0,0,0,25,17,54,114.176,1.5
1950000440,119.932,0,0,-119.932,119.932,440,0,0,0,25,11,24.5,124.726,1.5
1950000484,98.1834,0,0,-98.1834,98.1834,484,0,0,0,25,8,-43,133.898,1.5
1950000496,107.98,0,0,-107.98,107.98,496,0,0,0,25,15,51.0024,135.002,1.5
1950000496,108.103,0,0,-108.103,108.103,496,0,0,0,25,18,65.1296,128.63,1.5
1950000500,98.6338,0,0,-98.6338,98.6338,500,0,0,0,25,12,-31,141.882,1.5
1950000503,99.743,0,0,-99.743,99.743,503,0,0,0,25,14,-54.9472,135.447,1.5
1950000517,112.496,0,0,-112.496,112.496,517,0,0,0,25,10,-2,139.577,1.5
1950928777,90.9865,0,0,-90.9865,90.9865,209,7,16.4561,54.0439,1.5,0,0,0,25
1951928947,111.252,0,0,-111.252,111.252,379,2,-7.10851,99.5,1.5,0,0,0,25
1952428820,90.4917,0,0,-90.4917,90.4917,252,16,19.6107,66.6107,1.5,0,0,0,25
1956428911,104.86,0,0,-104.86,104.86,343,20,25.4492,94.4492,1.5,0,0,0,25
1957429052,98.1834,0,0,-98.1834,98.1834,484,8,-43,133.898,1.5,0,0,0,25
1958929064,107.98,0,0,-107.98,107.98,496,15,51.0024,135.002,1.5,0,0,0,25
1960428984,99.102,0,0,-99.102,99.102,416,3,-45.0989,112.5,1.5,0,0,0,25
1961929085,112.496,0,0,-112.496,112.496,517,10,-2,139.577,1.5,0,0,0,25
1972929064,108.103,0,0,-108.103,108.103,496,18,65.1296,128.63,1.5,0,0,0,25
1974928930,96.9377,0,0,-96.9377,96.9377,362,5,-42,94.3806,1.5,0,0,0,25
1975429068,98.6338,0,0,-98.6338,98.6338,500,12,-31,141.882,1.5,0,0,0,25
1982928772,88.822,0,0,-88.822,88.822,204,4,-26.5068,53.0068,1.5,0,0,0,25
1983429008,119.932,0,0,-119.932,119.932,440,11,24.5,124.726,1.5,0,0,0,25
1985428899,98.3576,0,0,-98.3576,98.3576,331,13,38.1075,85.6075,1.5,0,0,0,25
1989928784,87.5961,0,0,-87.5961,87.5961,216,19,21.1065,55.3935,1.5,0,0,0,25
1991393091,108.293,0,0,-108.293,108.293,237,9,9.46599,63.966,1.5,0,0,0,25
1991928756,103.744,0,0,-103.744,103.744,188,6,3.5,48.2696,1.5,0,0,0,25
1995928807,97.2441,0,0,-97.2441,97.2441,239,1,-18.9138,63.5862,1.5,0,0,0,25
1996929071,99.743,0,0,-99.743,99.743,503,14,-54.9472,135.447,1.5,0,0,0,25
1997393291,105.368,0,0,-105.368,105.368,437,17,54,114.176,1.5,0,0,0,25
2000000188,103.744,0,0,-103.744,103.744,188,0,0,0,25,6,3.5,48.1196,1.5
2000000204,88.822,0,0,-88.822,88.822,204,0,0,0,25,4,-26.6128,53.1128,1.5
2000000209,90.9865,0,0,-90.9865,90.9865,209,0,0,0,25,7,16.5621,53.9379,1.5
2000000216,87.5961,0,0,-87.5961,87.5961,216,0,0,0,25,19,21.2126,55.2874,1.5
2000000237,108.293,0,0,-108.293,108.293,237,0,0,0,25,9,9.35992,63.8599,1.5
2000000239,97.2441,0,0,-97.2441,97.2441,239,0,0,0,25,1,-19.0199,63.4801,1.5
2000000252,90.4917,0,0,-90.4917,90.4917,252,0,0,0,25,16,19.5046,66.5046,1.5
2000000331,98.3576,0,0,-98.3576,98.3576,331,0,0,0,25,13,38.0014,85.5014,1.5
2000000343,104.86,0,0,-104.86,104.86,343,0,0,0,25,20,25.3432,94.3432,1.5
2000000362,96.9377,0,0,-96.9377,96.9377,362,0,0,0,25,5,-42,94.2306,1.5
2000000379,111.252,0,0,-111.252,111.252,379,0,0,0,25,2,-7.25851,99.5,1.5
2000000416,99.102,0,0,-99.102,99.102,416,0,0,0,25,3,-44.9489,112.5,1.5
2000000437,105.368,0,0,-105.368,105.368,437,0,0,0,25,17,54,114.026,1.5
2000000440,119.932,0,0,-119.932,119.932,440,0,0,0,25,11,24.5,124.576,1.5
2000000484,98.1834,0,0,-98.1834,98.1834,484,0,0,0,25,8,-43,133.748,1.5
2000000496,107.98,0,0,-107.98,107.98,496,0,0,0,25,15,50.8963,134.896,1.5
2000000496,108.103,0,0,-108.103,108.103,496,0,0,0,25,18,65.0236,128.524,1.5
2000000500,98.6338,0,0,-98.6338,98.6338,500,0,0,0,25,12,-31,141.732,1.5
2000000503,99.743,0,0,-99.743,99.743,503,0,0,0,25,14,-54.8411,135.341,1.5
2000000517,112.496,0,0,-112.496,112.496,517,0,0,0,25,10,-2,139.427,1.5
2001428777,90.9865,0,0,-90.9865,90.9865,209,7,16.5621,53.9379,1.5,0,0,0,25
2001928947,111.252,0,0,-111.252,111.252,379,2,-7.25851,99.5,1.5,0,0,0,25
2002428820,90.4917,0,0,-90.4917,90.4917,252,16,19.5046,66.5046,1.5,0,0,0,25
2006428911,104.86,0,0,-104.86,104.86,343,20,25.3432,94.3432,1.5,0,0,0,25
2007929052,98.1834,0,0,-98.1834,98.1834,484,8,-43,133.748,1.5,0,0,0,25
2008929064,107.98,0,0,-107.98,107.98,496,15,50.8963,134.896,1.5,0,0,0,25
2010428984,99.102,0,0,-99.102,99.102,416,3,-44.9489,112.5,1.5,0,0,0,25
2011929085,112.496,0,0,-112.496,112.496,517,10,-2,139.427,1.5,0,0,0,25
2022929064,108.103,0,0,-108.103,108.103,496,18,65.0236,128.524,1.5,0,0,0,25
2025428930,96.9377,0,0,-96.9377,96.9377,362,5,-42,94.2306,1.5,0,0,0,25
2025929068,98.6338,0,0,-98.6338,98.6338,500,12,-31,141.732,1.5,0,0,0,25
2032928772,88.822,0,0,-88.822,88.822,204,4,-26.6128,53.1128,1.5,0,0,0,25
2033929008,119.932,0,0,-119.932,119.932,440,11,24.5,124.576,1.5,0,0,0,25
2035428899,98.3576,0,0,-98.3576,98.3576,331,13,38.0014,85.5014,1.5,0,0,0,25
2039928784,87.5961,0,0,-87.5961,87.5961,216,19,21.2126,55.2874,1.5,0,0,0,25
2041928756,103.744,0,0,-103.744,103.744,188,6,3.5,48.1196,1.5,0,0,0,25
2041928805,108.293,0,0,-108.293,108.293,237,9,9.35992,63.8599,1.5,0,0,0,25
2046428807,97.2441,0,0,-97.2441,97.2441,239,1,-19.0199,63.4801,1.5,0,0,0,25
2046929071,99.743,0,0,-99.743,99.743,503,14,-54.8411,135.341,1.5,0,0,0,25
2049429005,105.368,0,0,-105.368,105.368,437,17,54,114.026,1.5,0,0,0,25
2050000188,103.744,0,0,-103.744,103.744,188,0,0,0,25,6,3.5,48.1196,1.5
2050000204,88.822,0,0,-88.822,88.822,204,0,0,0,25,4,-26.6128,53.1128,1.5
2050000209,90.9865,0,0,-90.9865,90.9865,209,0,0,0,25,7,16.5621,53.9379,1.5
2050000216,87.5961,0,0,-87.5961,87.5961,216,0,0,0,25,19,21.2126,55.2874,1.5
2050000237,108.293,0,0,-108.293,108.293,237,0,0,0,25,9,9.35992,63.8599,1.5
2050000239,97.2441,0,0,-97.2441,97.2441,239,0,0,0,25,1,-19.0199,63.4801,1.5
2050000252,90.4917,0,0,-90.4917,90.4917,252,0,0,0,25,16,19.5046,66.5046,1.5
2050000331,98.3576,0,0,-98.3576,98.3576,331,0,0,0,25,13,38.0014,85.5014,1.5
2050000343,104.86,0,0,-104.86,104.86,343,0,0,0,25,20,25.3432,94.3432,1.5
2050000362,96.9377,0,0,-96.9377,96.9377,362,0,0,0,25,5,-42,94.2306,1.5
2050000379,111.252,0,0,-111.252,111.252,379,0,0,0,25,2,-7.25851,99.5,1.5
2050000416,99.102,0,0,-99.102,99.102,416,0,0,0,25,3,-44.9489,112.5,1.5
2050000437,105.368,0,0,-105.368,105.368,437,0,0,0,25,17,54,114.026,1.5
2050000440,119.932,0,0,-119.932,119.932,440,0,0,0,25,11,24.5,124.576,1.5
2050000484,98.1834,0,0,-98.1834,98.1834,484,0,0,0,25,8,-43,133.748,1.5
2050000496,107.98,0,0,-107.98,107.98,496,0,0,0,25,15,50.8963,134.896,1.5
2050000496,108.103,0,0,-108.103,108.103,496,0,0,0,25,18,65.0236,128.524,1.5
2050000500,98.6338,0,0,-98.6338,98.6338,500,0,0,0,25,12,-31,141.732,1.5
2050000503,99.743,0,0,-99.743,99.743,503,0,0,0,25,14,-54.8411,135.341,1.5
2050000517,112.496,0,0,-112.496,112.496,517,0,0,0,25,10,-2,139.427,1.5
2051428777,90.9865,0,0,-90.9865,90.9865,209,7,16.5621,53.9379,1.5,0,0,0,25
2051928947,111.252,0,0,-111.252,111.252,379,2,-7.25851,99.5,1.5,0,0,0,25
2052428820,90.4917,0,0,-90.4917,90.4917,252,16,19.5046,66.5046,1.5,0,0,0,25
2056428911,104.86,0,0,-104.86,104.86,343,20,25.3432,94.3432,1.5,0,0,0,25
2058429052,98.1834,0,0,-98.1834,98.1834,484,8,-43,133.748,1.5,0,0,0,25
2058929064,107.98,0,0,-107.98,107.98,496,15,50.8963,134.896,1.5,0,0,0,25
2060928984,99.102,0,0,-99.102,99.102,416,3,-44.9489,112.5,1.5,0,0,0,25
2061929085,112.496,0,0,-112.496,112.496,517,10,-2,139.427,1.5,0,0,0,25
2073429064,108.103,0,0,-108.103,108.103,496,18,65.0236,128.524,1.5,0,0,0,25
2075928930,96.9377,0,0,-96.9377,96.9377,362,5,-42,94.2306,1.5,0,0,0,25
2075929068,98.6338,0,0,-98.6338,98.6338,500,12,-31,141.732,1.5,0,0,0,25
2083428772,88.822,0,0,-88.822,88.822,204,4,-26.6128,53.1128,1.5,0,0,0,25
2083929008,119.932,0,0,-119.932,119.932,440,11,24.5,124.576,1.5,0,0,0,25
2085428899,98.3576,0,0,-98.3576,98.3576,331,13,38.0014,85.5014,1.5,0,0,0,25
2089928784,87.5961,0,0,-87.5961,87.5961,216,19,21.2126,55.2874,1.5,0,0,0,25
2092428756,103.744,0,0,-103.744,103.744,188,6,3.5,48.1196,1.5,0,0,0,25
2092428805,108.293,0,0,-108.293,108.293,237,9,9.35992,63.8599,1.5,0,0,0,25
2096928807,97.2441,0,0,-97.2441,97.2441,239,1,-19.0199,63.4801,1.5,0,0,0,25
2096929071,99.743,0,0,-99.743,99.743,503,14,-54.8411,135.341,1.5,0,0,0,25
2100000188,103.744,0,0,-103.744,103.744,188,0,0,0,25,6,3.5,47.9696,1.5
2100000204,88.822,0,0,-88.822,88.822,204,0,0,0,25,4,-26.7189,53.2189,1.5
2100000209,90.9865,0,0,-90.9865,90.9865,209,0,0,0,25,7,16.6682,53.8318,1.5
2100000216,87.5961,0,0,-87.5961,87.5961,216,0,0,0,25,19,21.3186,55.1814,1.5
2100000237,108.293,0,0,-108.293,108.293,237,0,0,0,25,9,9.25386,63.7539,1.5
2100000239,97.2441,0,0,-97.2441,97.2441,239,0,0,0,25,1,-19.1259,63.3741,1.5
2100000252,90.4917,0,0,-90.4917,90.4917,252,0,0,0,25,16,19.3986,66.3986,1.5
2100000331,98.3576,0,0,-98.3576,98.3576,331,0,0,0,25,13,37.8953,85.3953,1.5
2100000343,104.86,0,0,-104.86,104.86,343,0,0,0,25,20,25.2371,94.2371,1.5
2100000362,96.9377,0,0,-96.9377,96.9377,362,0,0,0,25,5,-42,94.0806,1.5
2100000379,111.252,0,0,-111.252,111.252,379,0,0,0,25,2,-7.40851,99.5,1.5
2100000416,99.102,0,0,-99.102,99.102,416,0,0,0,25,3,-44.7989,112.5,1.5
2100000437,105.368,0,0,-105.368,105.368,437,0,0,0,25,17,54,113.876,1.5
2100000440,119.932,0,0,-119.932,119.932,440,0,0,0,25,11,24.5,124.426,1.5
2100000484,98.1834,0,0,-98.1834,98.1834,484,0,0,0,25,8,-43,133.598,1.5
2100000496,107.98,0,0,-107.98,107.98,496,0,0,0,25,15,50.7903,134.79,1.5
2100000496,108.103,0,0,-108.103,108.103,496,0,0,0,25,18,64.9175,128.418,1.5
2100000500,98.6338,0,0,-98.6338,98.6338,500,0,0,0,25,12,-31,141.582,1.5
2100000503,99.743,0,0,-99.743,99.743,503,0,0,0,25,14,-54.735,135.235,1.5
2100000517,112.496,0,0,-112.496,112.496,517,0,0,0,25,10,-2,139.277,1.5
2101429005,105.368,0,0,-105.368,105.368,437,17,54,113.876,1.5,0,0,0,25
2101928777,90.9865,0,0,-90.9865,90.9865,209,7,16.6682,53.8318,1.5,0,0,0,25
2101928947,111.252,0,0,-111.252,111.252,379,2,-7.40851,99.5,1.5,0,0,0,25
2102428820,90.4917,0,0,-90.4917,90.4917,252,16,19.3986,66.3986,1.5,0,0,0,25
2106428911,104.86,0,0,-104.86,104.86,343,20,25.2371,94.2371,1.5,0,0,0,25
2108929052,98.1834,0,0,-98.1834,98.1834,484,8,-43,133.598,1.5,0,0,0,25
2108929064,107.98,0,0,-107.98,107.98,496,15,50.7903,134.79,1.5,0,0,0,25
2111428984,99.102,0,0,-99.102,99.102,416,3,-44.7989,112.5,1.5,0,0,0,25
2111929085,112.496,0,0,-112.496,112.496,517,10,-2,139.277,1.5,0,0,0,25
2123429064,108.103,0,0,-108.103,108.103,496,18,64.9175,128.418,1.5,0,0,0,25
2125928930,96.9377,0,0,-96.9377,96.9377,362,5,-42,94.0806,1.5,0,0,0,25
2125929068,98.6338,0,0,-98.6338,98.6338,500,12,-31,141.582,1.5,0,0,0,25
2133928772,88.822,0,0,-88.822,88.822,204,4,-26.7189,53.2189,1.5,0,0,0,25
2134429008,119.932,0,0,-119.932,119.932,440,11,24.5,124.426,1.5,0,0,0,25
2135428899,98.3576,0,0,-98.3576,98.3576,331,13,37.8953,85.3953,1.5,0,0,0,25
2139928784,87.5961,0,0,-87.5961,87.5961,216,19,21.3186,55.1814,1.5,0,0,0,25
2142928756,103.744,0,0,-103.744,103.744,188,6,3.5,47.9696,1.5,0,0,0,25
2142928805,108.293,0,0,-108.293,108.293,237,9,9.25386,63.7539,1.5,0,0,0,25
2146928807,97.2441,0,0,-97.2441,97.2441,239,1,-19.1259,63.3741,1.5,0,0,0,25
2146929071,99.743,0,0,-99.743,99.743,503,14,-54.735,135.235,1.5,0,0,0,25
2150000188,103.744,0,0,-103.744,103.744,188,0,0,0,25,6,3.5,47.9696,1.5
2150000204,88.822,0,0,-88.822,88.822,204,0,0,0,25,4,-26.7189,53.2189,1.5
2150000209,90.9865,0,0,-90.9865,90.9865,209,0,0,0,25,7,16.6682,53.8318,1.5
2150000216,87.5961,0,0,-87.5961,87.5961,216,0,0,0,25,19,21.3186,55.1814,1.5
2150000237,108.293,0,0,-108.293,108.293,237,0,0,0,25,9,9.25386,63.7539,1.5
2150000239,97.2441,0,0,-97.2441,97.2441,239,0,0,0,25,1,-19.1259,63.3741,1.5
2150000252,90.4917,0,0,-90.4917,90.4917,252,0,0,0,25,16,19.3986,66.3986,1.5
2150000331,98.3576,0,0,-98.3576,98.3576,331,0,0,0,25,13,37.8953,85.3953,1.5
2150000343,104.86,0,0,-104.86,104.86,343,0,0,0,25,20,25.2371,94.2371,1.5
2150000362,96.9377,0,0,-96.9377,96.9377,362,0,0,0,25,5,-42,94.0806,1.5
2150000379,111.252,0,0,-111.252,111.252,379,0,0,0,25,2,-7.40851,99.5,1.5
2150000416,99.102,0,0,-99.102,99.102,416,0,0,0,25,3,-44.7989,112.5,1.5
2150000437,105.368,0,0,-105.368,105.368,437,0,0,0,25,17,54,113.876,1.5
2150000440,119.932,0,0,-119.932,119.932,440,0,0,0,25,11,24.5,124.426,1.5
2150000484,98.1834,0,0,-98.1834,98.1834,484,0,0,0,25,8,-43,133.598,1.5
2150000496,107.98,0,0,-107.98,107.98,496,0,0,0,25,15,50.7903,134.79,1.5
2150000496,108.103,0,0,-108.103,108.103,496,0,0,0,25,18,64.9175,128.418,1.5
2150000500,98.6338,0,0,-98.6338,98.6338,500,0,0,0,25,12,-31,141.582,1.5
2150000503,99.743,0,0,-99.743,99.743,503,0,0,0,25,14,-54.735,135.235,1.5
2150000517,112.496,0,0,-112.496,112.496,517,0,0,0,25,10,-2,139.277,1.5
2151928947,111.252,0,0,-111.252,111.252,379,2,-7.40851,99.5,1.5,0,0,0,25
2152428777,90.9865,0,0,-90.9865,90.9865,209,7,16.6682,53.8318,1.5,0,0,0,25
2152428820,90.4917,0,0,-90.4917,90.4917,252,16,19.3986,66.3986,1.5,0,0,0,25
2153429005,105.368,0,0,-105.368,105.368,437,17,54,113.876,1.5,0,0,0,25
2156428911,104.86,0,0,-104.86,104.86,343,20,25.2371,94.2371,1.5,0,0,0,25
2158929052,98.1834,0,0,-98.1834,98.1834,484,8,-43,133.598,1.5,0,0,0,25
2158929064,107.98,0,0,-107.98,107.98,496,15,50.7903,134.79,1.5,0,0,0,25
2161928984,99.102,0,0,-99.102,99.102,416,3,-44.7989,112.5,1.5,0,0,0,25
2162429085,112.496,0,0,-112.496,112.496,517,10,-2,139.277,1.5,0,0,0,25
2173429064,108.103,0,0,-108.103,108.103,496,18,64.9175,128.418,1.5,0,0,0,25
2175929068,98.6338,0,0,-98.6338,98.6338,500,12,-31,141.582,1.5,0,0,0,25
2176428930,96.9377,0,0,-96.9377,96.9377,362,5,-42,94.0806,1.5,0,0,0,25
2184428772,88.822,0,0,-88.822,88.822,204,4,-26.7189,53.2189,1.5,0,0,0,25
2184929008,119.932,0,0,-119.932,119.932,440,11,24.5,124.426,1.5,0,0,0,25
2185428899,98.3576,0,0,-98.3576,98.3576,331,13,37.8953,85.3953,1.5,0,0,0,25
2189928784,87.5961,0,0,-87.5961,87.5961,216,19,21.3186,55.1814,1.5,0,0,0,25
2192928805,108.293,0,0,-108.293,108.293,237,9,9.25386,63.7539,1.5,0,0,0,25
2193428756,103.744,0,0,-103.744,103.744,188,6,3.5,47.9696,1.5,0,0,0,25
2196929071,99.743,0,0,-99.743,99.743,503,14,-54.735,135.235,1.5,0,0,0,25
2197428807,97.2441,0,0,-97.2441,97.2441,239,1,-19.1259,63.3741,1.5,0,0,0,25
2200000188,103.744,0,0,-103.744,103.744,188,0,0,0,25,6,3.5,47.8196,1.5
2200000204,88.822,0,0,-88.822,88.822,204,0,0,0,25,4,-26.8249,53.3249,1.5
2200000209,90.9865,0,0,-90.9865,90.9865,209,0,0,0,25,7,16.7743,53.7257,1.5
2200000216,87.5961,0,0,-87.5961,87.5961,216,0,0,0,25,19,21.4247,55.0753,1.5
2200000237,108.293,0,0,-108.293,108.293,237,0,0,0,25,9,9.14779,63.6478,1.5
2200000239,97.2441,0,0,-97.2441,97.2441,239,0,0,0,25,1,-19.232,63.268,1.5
2200000252,90.4917,0,0,-90.4917,90.4917,252,0,0,0,25,16,19.2925,66.2925,1.5
2200000331,98.3576,0,0,-98.3576,98.3576,331,0,0,0,25,13,37.7893,85.2893,1.5
2200000343,104.86,0,0,-104.86,104.86,343,0,0,0,25,20,25.131,94.131,1.5
2200000362,96.9377,0,0,-96.9377,96.9377,362,0,0,0,25,5,-42,93.9306,1.5
2200000379,111.252,0,0,-111.252,111.252,379,0,0,0,25,2,-7.55851,99.5,1.5
2200000416,99.102,0,0,-99.102,99.102,416,0,0,0,25,3,-44.6489,112.5,1.5
2200000437,105.368,0,0,-105.368,105.368,437,0,0,0,25,17,54,113.726,1.5
2200000440,119.932,0,0,-119.932,119.932,440,0,0,0,25,11,24.5,124.276,1.5
2200000484,98.1834,0,0,-98.1834,98.1834,484,0,0,0,25,8,-43,133.448,1.5
2200000496,107.98,0,0,-107.98,107.98,496,0,0,0,25,15,50.6842,134.684,1.5
2200000496,108.103,0,0,-108.103,108.103,496,0,0,0,25,18,64.8114,128.311,1.5
2200000500,98.6338,0,0,-98.6338,98.6338,500,0,0,0,25,12,-31,141.432,1.5
2200000503,99.743,0,0,-99.743,99.743,503,0,0,0,25,14,-54.629,135.129,1.5
2200000517,112.496,0,0,-112.496,112.496,517,0,0,0,25,10,-2,139.127,1.5
2201928947,111.252,0,0,-111.252,111.252,379,2,-7.55851,99.5,1.5,0,0,0,25
2202428820,90.4917,0,0,-90.4917,90.4917,252,16,19.2925,66.2925,1.5,0,0,0,25
2203428777,90.9865,0,0,-90.9865,90.9865,209,7,16.7743,53.7257,1.5,0,0,0,25
2205429005,105.368,0,0,-105.368,105.368,437,17,54,113.726,1.5,0,0,0,25
2206428911,104.86,0,0,-104.86,104.86,343,20,25.131,94.131,1.5,0,0,0,25
2208929064,107.98,0,0,-107.98,107.98,496,15,50.6842,134.684,1.5,0,0,0,25
2209429052,98.1834,0,0,-98.1834,98.1834,484,8,-43,133.448,1.5,0,0,0,25
2212428984,99.102,0,0,-99.102,99.102,416,3,-44.6489,112.5,1.5,0,0,0,25
2212929085,112.496,0,0,-112.496,112.496,517,10,-2,139.127,1.5,0,0,0,25
2223429064,108.103,0,0,-108.103,108.103,496,18,64.8114,128.311,1.5,0,0,0,25
2225929068,98.6338,0,0,-98.6338,98.6338,500,12,-31,141.432,1.5,0,0,0,25
2226928930,96.9377,0,0,-96.9377,96.9377,362,5,-42,93.9306,1.5,0,0,0,25
2234928772,88.822,0,0,-88.822,88.822,204,4,-26.8249,53.3249,1.5,0,0,0,25
2235428899,98.3576,0,0,-98.3576,98.3576,331,13,37.7893,85.2893,1.5,0,0,0,25
2235429008,119.932,0,0,-119.932,119.932,440,11,24.5,124.276,1.5,0,0,0,25
2239928784,87.5961,0,0,-87.5961,87.5961,216,19,21.4247,55.0753,1.5,0,0,0,25
2243428805,108.293,0,0,-108.293,108.293,237,9,9.14779,63.6478,1.5,0,0,0,25
2243928756,103.744,0,0,-103.744,103.744,188,6,3.5,47.8196,1.5,0,0,0,25
2246929071,99.743,0,0,-99.743,99.743,503,14,-54.629,135.129,1.5,0,0,0,25
2247928807,97.2441,0,0,-97.2441,97.2441,239,1,-19.232,63.268,1.5,0,0,0,25
2250000188,103.744,0,0,-103.744,103.744,188,0,0,0,25,6,3.5,47.8196,1.5
2250000204,88.822,0,0,-88.822,88.822,204,0,0,0,25,4,-26.8249,53.3249,1.5
2250000209,90.9865,0,0,-90.9865,90.9865,209,0,0,0,25,7,16.7743,53.7257,1.5
2250000216,87.5961,0,0,-87.5961,87.5961,216,0,0,0,25,19,21.4247,55.0753,1.5
2250000237,108.293,0,0,-108.293,108.293,237,0,0,0,25,9,9.14779,63.6478,1.5
2250000239,97.2441,0,0,-97.2441,97.2441,239,0,0,0,25,1,-19.232,63.268,1.5
2250000252,90.4917,0,0,-90.4917,90.4917,252,0,0,0,25,16,19.2925,66.2925,1.5
2250000331,98.3576,0,0,-98.3576,98.3576,331,0,0,0,25,13,37.7893,85.2893,1.5
2250000343,104.86,0,0,-104.86,104.86,343,0,0,0,25,20,25.131,94.131,1.5
2250000362,96.9377,0,0,-96.9377,96.9377,362,0,0,0,25,5,-42,93.9306,1.5
2250000379,111.252,0,0,-111.252,111.252,379,0,0,0,25,2,-7.55851,99.5,1.5
2250000416,99.102,0,0,-99.102,99.102,416,0,0,0,25,3,-44.6489,112.5,1.5
2250000437,105.368,0,0,-105.368,105.368,437,0,0,0,25,17,54,113.726,1.5
2250000440,119.932,0,0,-119.932,119.932,440,0,0,0,25,11,24.5,124.276,1.5
2250000484,98.1834,0,0,-98.1834,98.1834,484,0,0,0,25,8,-43,133.448,1.5
2250000496,107.98,0,0,-107.98,107.98,496,0,0,0,25,15,50.6842,134.684,1.5
2250000496,108.103,0,0,-108.103,108.103,496,0,0,0,25,18,64.8114,128.311,1.5
2250000500,98.6338,0,0,-98.6338,98.6338,500,0,0,0,25,12,-31,141.432,1.5
2250000503,99.743,0,0,-99.743,99.743,503,0,0,0,25,14,-54.629,135.129,1.5
2250000517,112.496,0,0,-112.496,112.496,517,0,0,0,25,10,-2,139.127,1.5
2251928947,111.252,0,0,-111.252,111.252,379,2,-7.55851,99.5,1.5,0,0,0,25
2252428820,90.4917,0,0,-90.4917,90.4917,252,16,19.2925,66.2925,1.5,0,0,0,25
2253428777,90.9865,0,0,-90.9865,90.9865,209,7,16.7743,53.7257,1.5,0,0,0,25
2256428911,104.86,0,0,-104.86,104.86,343,20,25.131,94.131,1.5,0,0,0,25
2257429005,105.368,0,0,-105.368,105.368,437,17,54,113.726,1.5,0,0,0,25
2258929064,107.98,0,0,-107.98,107.98,496,15,50.6842,134.684,1.5,0,0,0,25
2259929052,98.1834,0,0,-98.1834,98.1834,484,8,-43,133.448,1.5,0,0,0,25
2262428984,99.102,0,0,-99.102,99.102,416,3,-44.6489,112.5,1.5,0,0,0,25
2262929085,112.496,0,0,-112.496,112.496,517,10,-2,139.127,1.5,0,0,0,25
2273929064,108.103,0,0,-108.103,108.103,496,18,64.8114,128.311,1.5,0,0,0,25
2276429068,98.6338,0,0,-98.6338,98.6338,500,12,-31,141.432,1.5,0,0,0,25
2277428930,96.9377,0,0,-96.9377,96.9377,362,5,-42,93.9306,1.5,0,0,0,25
2284928772,88.822,0,0,-88.822,88.822,204,4,-26.8249,53.3249,1.5,0,0,0,25
2285428899,98.3576,0,0,-98.3576,98.3576,331,13,37.7893,85.2893,1.5,0,0,0,25
2285929008,119.932,0,0,-119.932,119.932,440,11,24.5,124.276,1.5,0,0,0,25
2289928784,87.5961,0,0,-87.5961,87.5961,216,19,21.4247,55.0753,1.5,0,0,0,25
2293928756,103.744,0,0,-103.744,103.744,188,6,3.5,47.8196,1.5,0,0,0,25
2293928805,108.293,0,0,-108.293,108.293,237,9,9.14779,63.6478,1.5,0,0,0,25
2296929071,99.743,0,0,-99.743,99.743,503,14,-54.629,135.129,1.5,0,0,0,25
2298428807,97.2441,0,0,-97.2441,97.2441,239,1,-19.232,63.268,1.5,0,0,0,25
2300000188,103.744,0,0,-103.744,103.744,188,0,0,0,25,6,3.5,47.6696,1.5
2300000204,88.822,0,0,-88.822,88.822,204,0,0,0,25,4,-26.931,53.431,1.5
2300000209,90.9865,0,0,-90.9865,90.9865,209,0,0,0,25,7,16.8803,53.6197,1.5
2300000216,87.5961,0,0,-87.5961,87.5961,216,0,0,0,25,19,21.5308,54.9692,1.5
2300000237,108.293,0,0,-108.293,108.293,237,0,0,0,25,9,9.04172,63.5417,1.5
2300000239,97.2441,0,0,-97.2441,97.2441,239,0,0,0,25,1,-19.3381,63.1619,1.5
2300000252,90.4917,0,0,-90.4917,90.4917,252,0,0,0,25,16,19.1864,66.1864,1.5
2300000331,98.3576,0,0,-98.3576,98.3576,331,0,0,0,25,13,37.6832,85.1832,1.5
2300000343,104.86,0,0,-104.86,104.86,343,0,0,0,25,20,25.025,94.025,1.5
2300000362,96.9377,0,0,-96.9377,96.9377,362,0,0,0,25,5,-42,93.7806,1.5
2300000379,111.252,0,0,-111.252,111.252,379,0,0,0,25,2,-7.70851,99.5,1.5
2300000416,99.102,0,0,-99.102,99.102,416,0,0,0,25,3,-44.4989,112.5,1.5
2300000437,105.368,0,0,-105.368,105.368,437,0,0,0,25,17,54,113.576,1.5
2300000440,119.932,0,0,-119.932,119.932,440,0,0,0,25,11,24.5,124.126,1.5
2300000484,98.1834,0,0,-98.1834,98.1834,484,0,0,0,25,8,-43,133.298,1.5
2300000496,107.98,0,0,-107.98,107.98,496,0,0,0,25,15,50.5781,134.578,1.5
2300000496,108.103,0,0,-108.103,108.103,496,0,0,0,25,18,64.7054,128.205,1.5
2300000500,98.6338,0,0,-98.6338,98.6338,500,0,0,0,25,12,-31,141.282,1.5
2300000503,99.743,0,0,-99.743,99.743,503,0,0,0,25,14,-54.5229,135.023,1.5
2300000517,112.496,0,0,-112.496,112.496,517,0,0,0,25,10,-2,138.977,1.5
2301928947,111.252,0,0,-111.252,111.252,379,2,-7.70851,99.5,1.5,0,0,0,25
2302428820,90.4917,0,0,-90.4917,90.4917,252,16,19.1864,66.1864,1.5,0,0,0,25
2303428777,90.9865,0,0,-90.9865,90.9865,209,7,16.8803,53.6197,1.5,0,0,0,25
2306428911,104.86,0,0,-104.86,104.86,343,20,25.025,94.025,1.5,0,0,0,25
2308929064,107.98,0,0,-107.98,107.98,496,15,50.5781,134.578,1.5,0,0,0,25
2309429005,105.368,0,0,-105.368,105.368,437,17,54,113.576,1.5,0,0,0,25
2310429052,98.1834,0,0,-98.1834,98.1834,484,8,-43,133.298,1.5,0,0,0,25
2312928984,99.102,0,0,-99.102,99.102,416,3,-44.4989,112.5,1.5,0,0,0,25
2313429085,112.496,0,0,-112.496,112.496,517,10,-2,138.977,1.5,0,0,0,25
2323929064,108.103,0,0,-108.103,108.103,496,18,64.7054,128.205,1.5,0,0,0,25
2326929068,98.6338,0,0,-98.6338,98.6338,500,12,-31,141.282,1.5,0,0,0,25
2327928930,96.9377,0,0,-96.9377,96.9377,362,5,-42,93.7806,1.5,0,0,0,25
2335428772,88.822,0,0,-88.822,88.822,204,4,-26.931,53.431,1.5,0,0,0,25
2335428899,98.3576,0,0,-98.3576,98.3576,331,13,37.6832,85.1832,1.5,0,0,0,25
2335929008,119.932,0,0,-119.932,119.932,440,11,24.5,124.126,1.5,0,0,0,25
2339928784,87.5961,0,0,-87.5961,87.5961,216,19,21.5308,54.9692,1.5,0,0,0,25
2344428756,103.744,0,0,-103.744,103.744,188,6,3.5,47.6696,1.5,0,0,0,25
2344428805,108.293,0,0,-108.293,108.293,237,9,9.04172,63.5417,1.5,0,0,0,25
2346929071,99.743,0,0,-99.743,99.743,503,14,-54.5229,135.023,1.5,0,0,0,25
2348928807,97.2441,0,0,-97.2441,97.2441,239,1,-19.3381,63.1619,1.5,0,0,0,25
2350000188,103.744,0,0,-103.744,103.744,188,0,0,0,25,6,3.5,47.6696,1.5
2350000204,88.822,0,0,-88.822,88.822,204,0,0,0,25,4,-26.931,53.431,1.5
2350000209,90.9865,0,0,-90.9865,90.9865,209,0,0,0,25,7,16.8803,53.6197,1.5
2350000216,87.5961,0,0,-87.5961,87.5961,216,0,0,0,25,19,21.5308,54.9692,1.5
2350000237,108.293,0,0,-108.293,108.293,237,0,0,0,25,9,9.04172,63.5417,1.5
2350000239,97.2441,0,0,-97.2441,97.2441,239,0,0,0,25,1,-19.3381,63.1619,1.5
2350000252,90.4917,0,0,-90.4917,90.4917,252,0,0,0,25,16,19.1864,66.1864,1.5
2350000331,98.3576,0,0,-98.3576,98.3576,331,0,0,0,25,13,37.6832,85.1832,1.5
2350000343,104.86,0,0,-104.86,104.86,343,0,0,0,25,20,25.025,94.025,1.5
2350000362,96.9377,0,0,-96.9377,96.9377,362,0,0,0,25,5,-42,93.7806,1.5
2350000379,111.252,0,0,-111.252,111.252,379,0,0,0,25,2,-7.70851,99.5,1.5
2350000416,99.102,0,0,-99.102,99.102,416,0,0,0,25,3,-44.4989,112.5,1.5
2350000437,105.368,0,0,-105.368,105.368,437,0,0,0,25,17,54,113.576,1.5
2350000440,119.932,0,0,-119.932,119.932,440,0,0,0,25,11,24.5,124.126,1.5
2350000484,98.1834,0,0,-98.1834,98.1834,484,0,0,0,25,8,-43,133.298,1.5
2350000496,107.98,0,0,-107.98,107.98,496,0,0,0,25,15,50.5781,134.578,1.5
2350000496,108.103,0,0,-108.103,108.103,496,0,0,0,25,18,64.7054,128.205,1.5
2350000500,98.6338,0,0,-98.6338,98.6338,500,0,0,0,25,12,-31,141.282,1.5
2350000503,99.743,0,0,-99.743,99.743,503,0,0,0,25,14,-54.5229,135.023,1.5
2350000517,112.496,0,0,-112.496,112.496,517,0,0,0,25,10,-2,138.977,1.5
2352428820,90.4917,0,0,-90.4917,90.4917,252,16,19.1864,66.1864,1.5,0,0,0,25
2352428947,111.252,0,0,-111.252,111.252,379,2,-7.70851,99.5,1.5,0,0,0,25
2353928777,90.9865,0,0,-90.9865,90.9865,209,7,16.8803,53.6197,1.5,0,0,0,25
2356428911,104.86,0,0,-104.86,104.86,343,20,25.025,94.025,1.5,0,0,0,25
2358929064,107.98,0,0,-107.98,107.98,496,15,50.5781,134.578,1.5,0,0,0,25
2360929052,98.1834,0,0,-98.1834,98.1834,484,8,-43,133.298,1.5,0,0,0,25
2361429005,105.368,0,0,-105.368,105.368,437,17,54,113.576,1.5,0,0,0,25
2363428984,99.102,0,0,-99.102,99.102,416,3,-44.4989,112.5,1.5,0,0,0,25
2363929085,112.496,0,0,-112.496,112.496,517,10,-2,138.977,1.5,0,0,0,25
2373929064,108.103,0,0,-108.103,108.103,496,18,64.7054,128.205,1.5,0,0,0,25
2377429068,98.6338,0,0,-98.6338,98.6338,500,12,-31,141.282,1.5,0,0,0,25
2377928930,96.9377,0,0,-96.9377,96.9377,362,5,-42,93.7806,1.5,0,0,0,25
2385428899,98.3576,0,0,-98.3576,98.3576,331,13,37.6832,85.1832,1.5,0,0,0,25
2385928772,88.822,0,0,-88.822,88.822,204,4,-26.931,53.431,1.5,0,0,0,25
2386429008,119.932,0,0,-119.932,119.932,440,11,24.5,124.126,1.5,0,0,0,25
2389928784,87.5961,0,0,-87.5961,87.5961,216,19,21.5308,54.9692,1.5,0,0,0,25
2394928756,103.744,0,0,-103.744,103.744,188,6,3.5,47.6696,1.5,0,0,0,25
2394928805,108.293,0,0,-108.293,108.293,237,9,9.04172,63.5417,1.5,0,0,0,25
2396929071,99.743,0,0,-99.743,99.743,503,14,-54.5229,135.023,1.5,0,0,0,25
2398928807,97.2441,0,0,-97.2441,97.2441,239,1,-19.3381,63.1619,1.5,0,0,0,25
2400000188,103.744,0,0,-103.744,103.744,188,0,0,0,25,6,3.5,47.5196,1.5
2400000204,88.822,0,0,-88.822,88.822,204,0,0,0,25,4,-27.0371,53.5371,1.5
2400000209,90.9865,0,0,-90.9865,90.9865,209,0,0,0,25,7,16.9864,53.5136,1.5
2400000216,87.5961,0,0,-87.5961,87.5961,216,0,0,0,25,19,21.6368,54.8632,1.5
2400000237,108.293,0,0,-108.293,108.293,237,0,0,0,25,9,8.93566,63.4357,1.5
2400000239,97.2441,0,0,-97.2441,97.2441,239,0,0,0,25,1,-19.4441,63.0559,1.5
2400000252,90.4917,0,0,-90.4917,90.4917,252,0,0,0,25,16,19.0804,66.0804,1.5
2400000331,98.3576,0,0,-98.3576,98.3576,331,0,0,0,25,13,37.5771,85.0771,1.5
2400000343,104.86,0,0,-104.86,104.86,343,0,0,0,25,20,24.9189,93.9189,1.5
2400000362,96.9377,0,0,-96.9377,96.9377,362,0,0,0,25,5,-42,93.6306,1.5
2400000379,111.252,0,0,-111.252,111.252,379,0,0,0,25,2,-7.85851,99.5,1.5
2400000416,99.102,0,0,-99.102,99.102,416,0,0,0,25,3,-44.3489,112.5,1.5
2400000437,105.368,0,0,-105.368,105.368,437,0,0,0,25,17,54,113.426,1.5
2400000440,119.932,0,0,-119.932,119.932,440,0,0,0,25,11,24.5,123.976,1.5
2400000484,98.1834,0,0,-98.1834,98.1834,484,0,0,0,25,8,-43,133.148,1.5
2400000496,107.98,0,0,-107.98,107.98,496,0,0,0,25,15,50.4721,134.472,1.5
2400000496,108.103,0,0,-108.103,108.103,496,0,0,0,25,18,64.5993,128.099,1.5
2400000500,98.6338,0,0,-98.6338,98.6338,500,0,0,0,25,12,-31,141.132,1.5
2400000503,99.743,0,0,-99.743,99.743,503,0,0,0,25,14,-54.4168,134.917,1.5
2400000517,112.496,0,0,-112.496,112.496,517,0,0,0,25,10,-2,138.827,1.5
2402428820,90.4917,0,0,-90.4917,90.4917,252,16,19.0804,66.0804,1.5,0,0,0,25
2402928947,111.252,0,0,-111.252,111.252,379,2,-7.85851,99.5,1.5,0,0,0,25
2404428777,90.9865,0,0,-90.9865,90.9865,209,7,16.9864,53.5136,1.5,0,0,0,25
2406928911,104.86,0,0,-104.86,104.86,343,20,24.9189,93.9189,1.5,0,0,0,25
2408929064,107.98,0,0,-107.98,107.98,496,15,50.4721,134.472,1.5,0,0,0,25
2410929052,98.1834,0,0,-98.1834,98.1834,484,8,-43,133.148,1.5,0,0,0,25
2413429005,105.368,0,0,-105.368,105.368,437,17,54,113.426,1.5,0,0,0,25
2413928984,99.102,0,0,-99.102,99.102,416,3,-44.3489,112.5,1.5,0,0,0,25
2414429085,112.496,0,0,-112.496,112.496,517,10,-2,138.827,1.5,0,0,0,25
2423929064,108.103,0,0,-108.103,108.103,496,18,64.5993,128.099,1.5,0,0,0,25
2427429068,98.6338,0,0,-98.6338,98.6338,500,12,-31,141.132,1.5,0,0,0,25
2428428930,96.9377,0,0,-96.9377,96.9377,362,5,-42,93.6306,1.5,0,0,0,25
2435428899,98.3576,0,0,-98.3576,98.3576,331,13,37.5771,85.0771,1.5,0,0,0,25
2436428772,88.822,0,0,-88.822,88.822,204,4,-27.0371,53.5371,1.5,0,0,0,25
2436929008,119.932,0,0,-119.932,119.932,440,11,24.5,123.976,1.5,0,0,0,25
2439928784,87.5961,0,0,-87.5961,87.5961,216,19,21.6368,54.8632,1.5,0,0,0,25
2444928805,108.293,0,0,-108.293,108.293,237,9,8.93566,63.4357,1.5,0,0,0,25
2445428756,103.744,0,0,-103.744,103.744,188,6,3.5,47.5196,1.5,0,0,0,25
2446929071,99.743,0,0,-99.743,99.743,503,14,-54.4168,134.917,1.5,0,0,0,25
2449428807,97.2441,0,0,-97.2441,97.2441,239,1,-19.4441,63.0559,1.5,0,0,0,25
2450000188,103.744,0,0,-103.744,103.744,188,0,0,0,25,6,3.5,47.5196,1.5
2450000204,88.822,0,0,-88.822,88.822,204,0,0,0,25,4,-27.0371,53.5371,1.5
2450000209,90.9865,0,0,-90.9865,90.9865,209,0,0,0,25,7,16.9864,53.5136,1.5
2450000216,87.5961,0,0,-87.5961,87.5961,216,0,0,0,25,19,21.6368,54.8632,1.5
2450000237,108.293,0,0,-108.293,108.293,237,0,0,0,25,9,8.93566,63.4357,1.5
2450000239,97.2441,0,0,-97.2441,97.2441,239,0,0,0,25,1,-19.4441,63.0559,1.5
2450000252,90.4917,0,0,-90.4917,90.4917,252,0,0,0,25,16,19.0804,66.0804,1.5
2450000331,98.3576,0,0,-98.3576,98.3576,331,0,0,0,25,13,37.5771,85.0771,1.5
2450000343,104.86,0,0,-104.86,104.86,343,0,0,0,25,20,24.9189,93.9189,1.5
2450000362,96.9377,0,0,-96.9377,96.9377,362,0,0,0,25,5,-42,93.6306,1.5
2450000379,111.252,0,0,-111.252,111.252,379,0,0,0,25,2,-7.85851,99.5,1.5
2450000416,99.102,0,0,-99.102,99.102,416,0,0,0,25,3,-44.3489,112.5,1.5
2450000437,105.368,0,0,-105.368,105.368,437,0,0,0,25,17,54,113.426,1.5
2450000440,119.932,0,0,-119.932,119.932,440,0,0,0,25,11,24.5,123.976,1.5
2450000484,98.1834,0,0,-98.1834,98.1834,484,0,0,0,25,8,-43,133.148,1.5
2450000496,107.98,0,0,-107.98,107.98,496,0,0,0,25,15,50.4721,134.472,1.5
2450000496,108.103,0,0,-108.103,108.103,496,0,0,0,25,18,64.5993,128.099,1.5
2450000500,98.6338,0,0,-98.6338,98.6338,500,0,0,0,25,12,-31,141.132,1.5
2450000503,99.743,0,0,-99.743,99.743,503,0,0,0,25,14,-54.4168,134.917,1.5
2450000517,112.496,0,0,-112.496,112.496,517,0,0,0,25,10,-2,138.827,1.5
2452428820,90.4917,0,0,-90.4917,90.4917,252,16,19.0804,66.0804,1.5,0,0,0,25
2453428947,111.252,0,0,-111.252,111.252,379,2,-7.85851,99.5,1.5,0,0,0,25
2454928777,90.9865,0,0,-90.9865,90.9865,209,7,16.9864,53.5136,1.5,0,0,0,25
2456928911,104.86,0,0,-104.86,104.86,343,20,24.9189,93.9189,1.5,0,0,0,25
2458929064,107.98,0,0,-107.98,107.98,496,15,50.4721,134.472,1.5,0,0,0,25
2461429052,98.1834,0,0,-98.1834,98.1834,484,8,-43,133.148,1.5,0,0,0,25
2464428984,99.102,0,0,-99.102,99.102,416,3,-44.3489,112.5,1.5,0,0,0,25
2464929085,112.496,0,0,-112.496,112.496,517,10,-2,138.827,1.5,0,0,0,25
2465429005,105.368,0,0,-105.368,105.368,437,17,54,113.426,1.5,0,0,0,25
2473929064,108.103,0,0,-108.103,108.103,496,18,64.5993,128.099,1.5,0,0,0,25
2477929068,98.6338,0,0,-98.6338,98.6338,500,12,-31,141.132,1.5,0,0,0,25
2478928930,96.9377,0,0,-96.9377,96.9377,362,5,-42,93.6306,1.5,0,0,0,25
2485428899,98.3576,0,0,-98.3576,98.3576,331,13,37.5771,85.0771,1.5,0,0,0,25
2486928772,88.822,0,0,-88.822,88.822,204,4,-27.0371,53.5371,1.5,0,0,0,25
2487429008,119.932,0,0,-119.932,119.932,440,11,24.5,123.976,1.5,0,0,0,25
2489928784,87.5961,0,0,-87.5961,87.5961,216,19,21.6368,54.8632,1.5,0,0,0,25
2495393092,108.293,0,0,-108.293,108.293,237,9,8.93566,63.4357,1.5,0,0,0,25
2495928756,103.744,0,0,-103.744,103.744,188,6,3.5,47.5196,1.5,0,0,0,25
2496929071,99.743,0,0,-99.743,99.743,503,14,-54.4168,134.917,1.5,0,0,0,25
2499928807,97.2441,0,0,-97.2441,97.2441,239,1,-19.4441,63.0559,1.5,0,0,0,25
2500000188,103.744,0,0,-103.744,103.744,188,0,0,0,25,6,3.5,47.3696,1.5
2500000204,88.822,0,0,-88.822,88.822,204,0,0,0,25,4,-27.1431,53.6431,1.5
2500000209,90.9865,0,0,-90.9865,90.9865,209,0,0,0,25,7,17.0925,53.4075,1.5
2500000216,87.5961,0,0,-87.5961,87.5961,216,0,0,0,25,19,21.7429,54.7571,1.5
2500000237,108.293,0,0,-108.293,108.293,237,0,0,0,25,9,8.82959,63.3296,1.5
2500000239,97.2441,0,0,-97.2441,97.2441,239,0,0,0,25,1,-19.5502,62.9498,1.5
2500000252,90.4917,0,0,-90.4917,90.4917,252,0,0,0,25,16,18.9743,65.9743,1.5
2500000331,98.3576,0,0,-98.3576,98.3576,331,0,0,0,25,13,37.4711,84.9711,1.5
2500000343,104.86,0,0,-104.86,104.86,343,0,0,0,25,20,24.8128,93.8128,1.5
2500000362,96.9377,0,0,-96.9377,96.9377,362,0,0,0,25,5,-42,93.4806,1.5
2500000379,111.252,0,0,-111.252,111.252,379,0,0,0,25,2,-8.00851,99.5,1.5
2500000416,99.102,0,0,-99.102,99.102,416,0,0,0,25,3,-44.1989,112.5,1.5
2500000437,105.368,0,0,-105.368,105.368,437,0,0,0,25,17,54,113.276,1.5
2500000440,119.932,0,0,-119.932,119.932,440,0,0,0,25,11,24.5,123.826,1.5
2500000484,98.1834,0,0,-98.1834,98.1834,484,0,0,0,25,8,-43,132.998,1.5
2500000496,107.98,0,0,-107.98,107.98,496,0,0,0,25,15,50.366,134.366,1.5
2500000496,108.103,0,0,-108.103,108.103,496,0,0,0,25,18,64.4932,127.993,1.5
2500000500,98.6338,0,0,-98.6338,98.6338,500,0,0,0,25,12,-31,140.982,1.5
2500000503,99.743,0,0,-99.743,99.743,503,0,0,0,25,14,-54.3108,134.811,1.5
2500000517,112.496,0,0,-112.496,112.496,517,0,0,0,25,10,-2,138.677,1.5
2502428820,90.4917,0,0,-90.4917,90.4917,252,16,18.9743,65.9743,1.5,0,0,0,25
2503428947,111.252,0,0,-111.252,111.252,379,2,-8.00851,99.5,1.5,0,0,0,25
2505428777,90.9865,0,0,-90.9865,90.9865,209,7,17.0925,53.4075,1.5,0,0,0,25
2506928911,104.86,0,0,-104.86,104.86,343,20,24.8128,93.8128,1.5,0,0,0,25
2508929064,107.98,0,0,-107.98,107.98,496,15,50.366,134.366,1.5,0,0,0,25
2511929052,98.1834,0,0,-98.1834,98.1834,484,8,-43,132.998,1.5,0,0,0,25
2514428984,99.102,0,0,-99.102,99.102,416,3,-44.1989,112.5,1.5,0,0,0,25
2514929085,112.496,0,0,-112.496,112.496,517,10,-2,138.677,1.5,0,0,0,25
2517393291,105.368,0,0,-105.368,105.368,437,17,54,113.276,1.5,0,0,0,25
2523929064,108.103,0,0,-108.103,108.103,496,18,64.4932,127.993,1.5,0,0,0,25
2528429068,98.6338,0,0,-98.6338,98.6338,500,12,-31,140.982,1.5,0,0,0,25
2529428930,96.9377,0,0,-96.9377,96.9377,362,5,-42,93.4806,1.5,0,0,0,25
2535428899,98.3576,0,0,-98.3576,98.3576,331,13,37.4711,84.9711,1.5,0,0,0,25
2536928772,88.822,0,0,-88.822,88.822,204,4,-27.1431,53.6431,1.5,0,0,0,25
2537929008,119.932,0,0,-119.932,119.932,440,11,24.5,123.826,1.5,0,0,0,25
2539928784,87.5961,0,0,-87.5961,87.5961,216,19,21.7429,54.7571,1.5,0,0,0,25
2545928756,103.744,0,0,-103.744,103.744,188,6,3.5,47.3696,1.5,0,0,0,25
2545928805,108.293,0,0,-108.293,108.293,237,9,8.82959,63.3296,1.5,0,0,0,25
2546929071,99.743,0,0,-99.743,99.743,503,14,-54.3108,134.811,1.5,0,0,0,25
2550000188,103.744,0,0,-103.744,103.744,188,0,0,0,25,6,3.5,47.3696,1.5
2550000204,88.822,0,0,-88.822,88.822,204,0,0,0,25,4,-27.1431,53.6431,1.5
2550000209,90.9865,0,0,-90.9865,90.9865,209,0,0,0,25,7,17.0925,53.4075,1.5
2550000216,87.5961,0,0,-87.5961,87.5961,216,0,0,0,25,19,21.7429,54.7571,1.5
2550000237,108.293,0,0,-108.293,108.293,237,0,0,0,25,9,8.82959,63.3296,1.5
2550000239,97.2441,0,0,-97.2441,97.2441,239,0,0,0,25,1,-19.5502,62.9498,1.5
2550000252,90.4917,0,0,-90.4917,90.4917,252,0,0,0,25,16,18.9743,65.9743,1.5
2550000331,98.3576,0,0,-98.3576,98.3576,331,0,0,0,25,13,37.4711,84.9711,1.5
2550000343,104.86,0,0,-104.86,104.86,343,0,0,0,25,20,24.8128,93.8128,1.5
2550000362,96.9377,0,0,-96.9377,96.9377,362,0,0,0,25,5,-42,93.4806,1.5
2550000379,111.252,0,0,-111.252,111.252,379,0,0,0,25,2,-8.00851,99.5,1.5
2550000416,99.102,0,0,-99.102,99.102,416,0,0,0,25,3,-44.1989,112.5,1.5
2550000437,105.368,0,0,-105.368,105.368,437,0,0,0,25,17,54,113.276,1.5
2550000440,119.932,0,0,-119.932,119.932,440,0,0,0,25,11,24.5,123.826,1.5
2550000484,98.1834,0,0,-98.1834,98.1834,484,0,0,0,25,8,-43,132.998,1.5
2550000496,107.98,0,0,-107.98,107.98,496,0,0,0,25,15,50.366,134.366,1.5
2550000496,108.103,0,0,-108.103,108.103,496,0,0,0,25,18,64.4932,127.993,1.5
2550000500,98.6338,0,0,-98.6338,98.6338,500,0,0,0,25,12,-31,140.982,1.5
2550000503,99.743,0,0,-99.743,99.743,503,0,0,0,25,14,-54.3108,134.811,1.5
2550000517,112.496,0,0,-112.496,112.496,517,0,0,0,25,10,-2,138.677,1.5
2550428807,97.2441,0,0,-97.2441,97.2441,239,1,-19.5502,62.9498,1.5,0,0,0,25
2552428820,90.4917,0,0,-90.4917,90.4917,252,16,18.9743,65.9743,1.5,0,0,0,25
2553928947,111.252,0,0,-111.252,111.252,379,2,-8.00851,99.5,1.5,0,0,0,25
2555428777,90.9865,0,0,-90.9865,90.9865,209,7,17.0925,53.4075,1.5,0,0,0,25
2556928911,104.86,0,0,-104.86,104.86,343,20,24.8128,93.8128,1.5,0,0,0,25
2558929064,107.98,0,0,-107.98,107.98,496,15,50.366,134.366,1.5,0,0,0,25
2562429052,98.1834,0,0,-98.1834,98.1834,484,8,-43,132.998,1.5,0,0,0,25
2564928984,99.102,0,0,-99.102,99.102,416,3,-44.1989,112.5,1.5,0,0,0,25
2565429085,112.496,0,0,-112.496,112.496,517,10,-2,138.677,1.5,0,0,0,25
2569429005,105.368,0,0,-105.368,105.368,437,17,54,113.276,1.5,0,0,0,25
2573929064,108.103,0,0,-108.103,108.103,496,18,64.4932,127.993,1.5,0,0,0,25
2578929068,98.6338,0,0,-98.6338,98.6338,500,12,-31,140.982,1.5,0,0,0,25
2579928930,96.9377,0,0,-96.9377,96.9377,362,5,-42,93.4806,1.5,0,0,0,25
2585428899,98.3576,0,0,-98.3576,98.3576,331,13,37.4711,84.9711,1.5,0,0,0,25
2587928772,88.822,0,0,-88.822,88.822,204,4,-27.1431,53.6431,1.5,0,0,0,25
2587929008,119.932,0,0,-119.932,119.932,440,11,24.5,123.826,1.5,0,0,0,25
2589928784,87.5961,0,0,-87.5961,87.5961,216,19,21.7429,54.7571,1.5,0,0,0,25
2596428756,103.744,0,0,-103.744,103.744,188,6,3.5,47.3696,1.5,0,0,0,25
2596428805,108.293,0,0,-108.293,108.293,237,9,8.82959,63.3296,1.5,0,0,0,25
2596929071,99.743,0,0,-99.743,99.743,503,14,-54.3108,134.811,1.5,0,0,0,25
2600000188,103.744,0,0,-103.744,103.744,188,0,0,0,25,6,3.5,47.2196,1.5
2600000204,88.822,0,0,-88.822,88.822,204,0,0,0,25,4,-27.2492,53.7492,1.5
2600000209,90.9865,0,0,-90.9865,90.9865,209,0,0,0,25,7,17.1985,53.3015,1.5
2600000216,87.5961,0,0,-87.5961,87.5961,216,0,0,0,25,19,21.8489,54.6511,1.5
2600000237,108.293,0,0,-108.293,108.293,237,0,0,0,25,9,8.72353,63.2235,1.5
2600000239,97.2441,0,0,-97.2441,97.2441,239,0,0,0,25,1,-19.6563,62.8437,1.5
2600000252,90.4917,0,0,-90.4917,90.4917,252,0,0,0,25,16,18.8682,65.8682,1.5
2600000331,98.3576,0,0,-98.3576,98.3576,331,0,0,0,25,13,37.365,84.865,1.5
2600000343,104.86,0,0,-104.86,104.86,343,0,0,0,25,20,24.7068,93.7068,1.5
2600000362,96.9377,0,0,-96.9377,96.9377,362,0,0,0,25,5,-42,93.3306,1.5
2600000379,111.252,0,0,-111.252,111.252,379,0,0,0,25,2,-8.15851,99.5,1.5
2600000416,99.102,0,0,-99.102,99.102,416,0,0,0,25,3,-44.0489,112.5,1.5
2600000437,105.368,0,0,-105.368,105.368,437,0,0,0,25,17,54,113.126,1.5
2600000440,119.932,0,0,-119.932,119.932,440,0,0,0,25,11,24.5,123.676,1.5
2600000484,98.1834,0,0,-98.1834,98.1834,484,0,0,0,25,8,-43,132.848,1.5
2600000496,107.98,0,0,-107.98,107.98,496,0,0,0,25,15,50.2599,134.26,1.5
2600000496,108.103,0,0,-108.103,108.103,496,0,0,0,25,18,64.3872,127.887,1.5
2600000500,98.6338,0,0,-98.6338,98.6338,500,0,0,0,25,12,-31,140.832,1.5
2600000503,99.743,0,0,-99.743,99.743,503,0,0,0,25,14,-54.2047,134.705,1.5
2600000517,112.496,0,0,-112.496,112.496,517,0,0,0,25,10,-2,138.527,1.5
2600928807,97.2441,0,0,-97.2441,97.2441,239,1,-19.6563,62.8437,1.5,0,0,0,25
2602428820,90.4917,0,0,-90.4917,90.4917,252,16,18.8682,65.8682,1.5,0,0,0,25
2604428947,111.252,0,0,-111.252,111.252,379,2,-8.15851,99.5,1.5,0,0,0,25
2605928777,90.9865,0,0,-90.9865,90.9865,209,7,17.1985,53.3015,1.5,0,0,0,25
2607428911,104.86,0,0,-104.86,104.86,343,20,24.7068,93.7068,1.5,0,0,0,25
2608929064,107.98,0,0,-107.98,107.98,496,15,50.2599,134.26,1.5,0,0,0,25
2612929052,98.1834,0,0,-98.1834,98.1834,484,8,-43,132.848,1.5,0,0,0,25
2615428984,99.102,0,0,-99.102,99.102,416,3,-44.0489,112.5,1.5,0,0,0,25
2615929085,112.496,0,0,-112.496,112.496,517,10,-2,138.527,1.5,0,0,0,25
2621429005,105.368,0,0,-105.368,105.368,437,17,54,113.126,1.5,0,0,0,25
2623929064,108.103,0,0,-108.103,108.103,496,18,64.3872,127.887,1.5,0,0,0,25
2629429068,98.6338,0,0,-98.6338,98.6338,500,12,-31,140.832,1.5,0,0,0,25
2629928930,96.9377,0,0,-96.9377,96.9377,362,5,-42,93.3306,1.5,0,0,0,25
2635428899,98.3576,0,0,-98.3576,98.3576,331,13,37.365,84.865,1.5,0,0,0,25
2637928772,88.822,0,0,-88.822,88.822,204,4,-27.2492,53.7492,1.5,0,0,0,25
2638429008,119.932,0,0,-119.932,119.932,440,11,24.5,123.676,1.5,0,0,0,25
2639928784,87.5961,0,0,-87.5961,87.5961,216,19,21.8489,54.6511,1.5,0,0,0,25
2646428805,108.293,0,0,-108.293,108.293,237,9,8.72353,63.2235,1.5,0,0,0,25
2646928756,103.744,0,0,-103.744,103.744,188,6,3.5,47.2196,1.5,0,0,0,25
2646929071,99.743,0,0,-99.743,99.743,503,14,-54.2047,134.705,1.5,0,0,0,25
2650000188,103.744,0,0,-103.744,103.744,188,0,0,0,25,6,3.5,47.2196,1.5
2650000204,88.822,0,0,-88.822,88.822,204,0,0,0,25,4,-27.2492,53.7492,1.5
2650000209,90.9865,0,0,-90.9865,90.9865,209,0,0,0,25,7,17.1985,53.3015,1.5
2650000216,87.5961,0,0,-87.5961,87.5961,216,0,0,0,25,19,21.8489,54.6511,1.5
2650000237,108.293,0,0,-108.293,108.293,237,0,0,0,25,9,8.72353,63.2235,1.5
2650000239,97.2441,0,0,-97.2441,97.2441,239,0,0,0,25,1,-19.6563,62.8437,1.5
2650000252,90.4917,0,0,-90.4917,90.4917,252,0,0,0,25,16,18.8682,65.8682,1.5
2650000331,98.3576,0,0,-98.3576,98.3576,331,0,0,0,25,13,37.365,84.865,1.5
2650000343,104.86,0,0,-104.86,104.86,343,0,0,0,25,20,24.7068,93.7068,1.5
2650000362,96.9377,0,0,-96.9377,96.9377,362,0,0,0,25,5,-42,93.3306,1.5
2650000379,111.252,0,0,-111.252,111.252,379,0,0,0,25,2,-8.15851,99.5,1.5
2650000416,99.102,0,0,-99.102,99.102,416,0,0,0,25,3,-44.0489,112.5,1.5
2650000437,105.368,0,0,-105.368,105.368,437,0,0,0,25,17,54,113.126,1.5
2650000440,119.932,0,0,-119.932,119.932,440,0,0,0,25,11,24.5,123.676,1.5
2650000484,98.1834,0,0,-98.1834,98.1834,484,0,0,0,25,8,-43,132.848,1.5
2650000496,107.98,0,0,-107.98,107.98,496,0,0,0,25,15,50.2599,134.26,1.5
2650000496,108.103,0,0,-108.103,108.103,496,0,0,0,25,18,64.3872,127.887,1.5
2650000500,98.6338,0,0,-98.6338,98.6338,500,0,0,0,25,12,-31,140.832,1.5
2650000503,99.743,0,0,-99.743,99.743,503,0,0,0,25,14,-54.2047,134.705,1.5
2650000517,112.496,0,0,-112.496,112.496,517,0,0,0,25,10,-2,138.527,1.5
2650928807,97.2441,0,0,-97.2441,97.2441,239,1,-19.6563,62.8437,1.5,0,0,0,25
2652428820,90.4917,0,0,-90.4917,90.4917,252,16,18.8682,65.8682,1.5,0,0,0,25
2654928947,111.252,0,0,-111.252,111.252,379,2,-8.15851,99.5,1.5,0,0,0,25
2656428777,90.9865,0,0,-90.9865,90.9865,209,7,17.1985,53.3015,1.5,0,0,0,25
2657428911,104.86,0,0,-104.86,104.86,343,20,24.7068,93.7068,1.5,0,0,0,25
2658929064,107.98,0,0,-107.98,107.98,496,15,50.2599,134.26,1.5,0,0,0,25
2662929052,98.1834,0,0,-98.1834,98.1834,484,8,-43,132.848,1.5,0,0,0,25
2665928984,99.102,0,0,-99.102,99.102,416,3,-44.0489,112.5,1.5,0,0,0,25
2666429085,112.496,0,0,-112.496,112.496,517,10,-2,138.527,1.5,0,0,0,25
2673429005,105.368,0,0,-105.368,105.368,437,17,54,113.126,1.5,0,0,0,25
2673929064,108.103,0,0,-108.103,108.103,496,18,64.3872,127.887,1.5,0,0,0,25
2679429068,98.6338,0,0,-98.6338,98.6338,500,12,-31,140.832,1.5,0,0,0,25
2680428930,96.9377,0,0,-96.9377,96.9377,362,5,-42,93.3306,1.5,0,0,0,25
2685428899,98.3576,0,0,-98.3576,98.3576,331,13,37.365,84.865,1.5,0,0,0,25
2688428772,88.822,0,0,-88.822,88.822,204,4,-27.2492,53.7492,1.5,0,0,0,25
2688929008,119.932,0,0,-119.932,119.932,440,11,24.5,123.676,1.5,0,0,0,25
2689928784,87.5961,0,0,-87.5961,87.5961,216,19,21.8489,54.6511,1.5,0,0,0,25
2696928805,108.293,0,0,-108.293,108.293,237,9,8.72353,63.2235,1.5,0,0,0,25
2696929071,99.743,0,0,-99.743,99.743,503,14,-54.2047,134.705,1.5,0,0,0,25
2697428756,103.744,0,0,-103.744,103.744,188,6,3.5,47.2196,1.5,0,0,0,25
2700000188,103.744,0,0,-103.744,103.744,188,0,0,0,25,6,3.5,47.0696,1.5
2700000204,88.822,0,0,-88.822,88.822,204,0,0,0,25,4,-27.3553,53.8553,1.5
2700000209,90.9865,0,0,-90.9865,90.9865,209,0,0,0,25,7,17.3046,53.1954,1.5
2700000216,87.5961,0,0,-87.5961,87.5961,216,0,0,0,25,19,21.955,54.545,1.5
2700000237,108.293,0,0,-108.293,108.293,237,0,0,0,25,9,8.61746,63.1175,1.5
2700000239,97.2441,0,0,-97.2441,97.2441,239,0,0,0,25,1,-19.7623,62.7377,1.5
2700000252,90.4917,0,0,-90.4917,90.4917,252,0,0,0,25,16,18.7622,65.7622,1.5
2700000331,98.3576,0,0,-98.3576,98.3576,331,0,0,0,25,13,37.2589,84.7589,1.5
2700000343,104.86,0,0,-104.86,104.86,343,0,0,0,25,20,24.6007,93.6007,1.5
2700000362,96.9377,0,0,-96.9377,96.9377,362,0,0,0,25,5,-42,93.1806,1.5
2700000379,111.252,0,0,-111.252,111.252,379,0,0,0,25,2,-8.30851,99.5,1.5
2700000416,99.102,0,0,-99.102,99.102,416,0,0,0,25,3,-43.8989,112.5,1.5
2700000437,105.368,0,0,-105.368,105.368,437,0,0,0,25,17,54,112.976,1.5
2700000440,119.932,0,0,-119.932,119.932,440,0,0,0,25,11,24.5,123.526,1.5
2700000484,98.1834,0,0,-98.1834,98.1834,484,0,0,0,25,8,-43,132.698,1.5
2700000496,107.98,0,0,-107.98,107.98,496,0,0,0,25,15,50.1539,134.154,1.5
2700000496,108.103,0,0,-108.103,108.103,496,0,0,0,25,18,64.2811,127.781,1.5
2700000500,98.6338,0,0,-98.6338,98.6338,500,0,0,0,25,12,-31,140.682,1.5
2700000503,99.743,0,0,-99.743,99.743,503,0,0,0,25,14,-54.0986,134.599,1.5
2700000517,112.496,0,0,-112.496,112.496,517,0,0,0,25,10,-2,138.377,1.5
2701428807,97.2441,0,0,-97.2441,97.2441,239,1,-19.7623,62.7377,1.5,0,0,0,25
2702428820,90.4917,0,0,-90.4917,90.4917,252,16,18.7622,65.7622,1.5,0,0,0,25
2705428947,111.252,0,0,-111.252,111.252,379,2,-8.30851,99.5,1.5,0,0,0,25
2706928777,90.9865,0,0,-90.9865,90.9865,209,7,17.3046,53.1954,1.5,0,0,0,25
2707428911,104.86,0,0,-104.86,104.86,343,20,24.6007,93.6007,1.5,0,0,0,25
2708929064,107.98,0,0,-107.98,107.98,496,15,50.1539,134.154,1.5,0,0,0,25
2713429052,98.1834,0,0,-98.1834,98.1834,484,8,-43,132.698,1.5,0,0,0,25
2716428984,99.102,0,0,-99.102,99.102,416,3,-43.8989,112.5,1.5,0,0,0,25
2716929085,112.496,0,0,-112.496,112.496,517,10,-2,138.377,1.5,0,0,0,25
2723929064,108.103,0,0,-108.103,108.103,496,18,64.2811,127.781,1.5,0,0,0,25
2725429005,105.368,0,0,-105.368,105.368,437,17,54,112.976,1.5,0,0,0,25
2729929068,98.6338,0,0,-98.6338,98.6338,500,12,-31,140.682,1.5,0,0,0,25
2730928930,96.9377,0,0,-96.9377,96.9377,362,5,-42,93.1806,1.5,0,0,0,25
2735428899,98.3576,0,0,-98.3576,98.3576,331,13,37.2589,84.7589,1.5,0,0,0,25
2738928772,88.822,0,0,-88.822,88.822,204,4,-27.3553,53.8553,1.5,0,0,0,25
2739429008,119.932,0,0,-119.932,119.932,440,11,24.5,123.526,1.5,0,0,0,25
2739928784,87.5961,0,0,-87.5961,87.5961,216,19,21.955,54.545,1.5,0,0,0,25
2746929071,99.743,0,0,-99.743,99.743,503,14,-54.0986,134.599,1.5,0,0,0,25
2747428805,108.293,0,0,-108.293,108.293,237,9,8.61746,63.1175,1.5,0,0,0,25
2747928756,103.744,0,0,-103.744,103.744,188,6,3.5,47.0696,1.5,0,0,0,25
2750000188,103.744,0,0,-103.744,103.744,188,0,0,0,25,6,3.5,47.0696,1.5
2750000204,88.822,0,0,-88.822,88.822,204,0,0,0,25,4,-27.3553,53.8553,1.5
2750000209,90.9865,0,0,-90.9865,90.9865,209,0,0,0,25,7,17.3046,53.1954,1.5
2750000216,87.5961,0,0,-87.5961,87.5961,216,0,0,0,25,19,21.955,54.545,1.5
2750000237,108.293,0,0,-108.293,108.293,237,0,0,0,25,9,8.61746,63.1175,1.5
2750000239,97.2441,0,0,-97.2441,97.2441,239,0,0,0,25,1,-19.7623,62.7377,1.5
2750000252,90.4917,0,0,-90.4917,90.4917,252,0,0,0,25,16,18.7622,65.7622,1.5
2750000331,98.3576,0,0,-98.3576,98.3576,331,0,0,0,25,13,37.2589,84.7589,1.5
2750000343,104.86,0,0,-104.86,104.86,343,0,0,0,25,20,24.6007,93.6007,1.5
2750000362,96.9377,0,0,-96.9377,96.9377,362,0,0,0,25,5,-42,93.1806,1.5
2750000379,111.252,0,0,-111.252,111.252,379,0,0,0,25,2,-8.30851,99.5,1.5
2750000416,99.102,0,0,-99.102,99.102,416,0,0,0,25,3,-43.8989,112.5,1.5
2750000437,105.368,0,0,-105.368,105.368,437,0,0,0,25,17,54,112.976,1.5
2750000440,119.932,0,0,-119.932,119.932,440,0,0,0,25,11,24.5,123.526,1.5
2750000484,98.1834,0,0,-98.1834,98.1834,484,0,0,0,25,8,-43,132.698,1.5
2750000496,107.98,0,0,-107.98,107.98,496,0,0,0,25,15,50.1539,134.154,1.5
2750000496,108.103,0,0,-108.103,108.103,496,0,0,0,25,18,64.2811,127.781,1.5
2750000500,98.6338,0,0,-98.6338,98.6338,500,0,0,0,25,12,-31,140.682,1.5
2750000503,99.743,0,0,-99.743,99.743,503,0,0,0,25,14,-54.0986,134.599,1.5
2750000517,112.496,0,0,-112.496,112.496,517,0,0,0,25,10,-2,138.377,1.5
2751928807,97.2441,0,0,-97.2441,97.2441,239,1,-19.7623,62.7377,1.5,0,0,0,25
2752428820,90.4917,0,0,-90.4917,90.4917,252,16,18.7622,65.7622,1.5,0,0,0,25
2755428947,111.252,0,0,-111.252,111.252,379,2,-8.30851,99.5,1.5,0,0,0,25
2757428777,90.9865,0,0,-90.9865,90.9865,209,7,17.3046,53.1954,1.5,0,0,0,25
2757428911,104.86,0,0,-104.86,104.86,343,20,24.6007,93.6007,1.5,0,0,0,25
2758929064,107.98,0,0,-107.98,107.98,496,15,50.1539,134.154,1.5,0,0,0,25
2763929052,98.1834,0,0,-98.1834,98.1834,484,8,-43,132.698,1.5,0,0,0,25
2766428984,99.102,0,0,-99.102,99.102,416,3,-43.8989,112.5,1.5,0,0,0,25
2766929085,112.496,0,0,-112.496,112.496,517,10,-2,138.377,1.5,0,0,0,25
2773929064,108.103,0,0,-108.103,108.103,496,18,64.2811,127.781,1.5,0,0,0,25
2777429005,105.368,0,0,-105.368,105.368,437,17,54,112.976,1.5,0,0,0,25
2780429068,98.6338,0,0,-98.6338,98.6338,500,12,-31,140.682,1.5,0,0,0,25
2781428930,96.9377,0,0,-96.9377,96.9377,362,5,-42,93.1806,1.5,0,0,0,25
2785428899,98.3576,0,0,-98.3576,98.3576,331,13,37.2589,84.7589,1.5,0,0,0,25
2788928772,88.822,0,0,-88.822,88.822,204,4,-27.3553,53.8553,1.5,0,0,0,25
2789429008,119.932,0,0,-119.932,119.932,440,11,24.5,123.526,1.5,0,0,0,25
2789928784,87.5961,0,0,-87.5961,87.5961,216,19,21.955,54.545,1.5,0,0,0,25
2796929071,99.743,0,0,-99.743,99.743,503,14,-54.0986,134.599,1.5,0,0,0,25
2797928756,103.744,0,0,-103.744,103.744,188,6,3.5,47.0696,1.5,0,0,0,25
2797928805,108.293,0,0,-108.293,108.293,237,9,8.61746,63.1175,1.5,0,0,0,25
2800000188,103.744,0,0,-103.744,103.744,188,0,0,0,25,6,3.5,46.9196,1.5
2800000204,88.822,0,0,-88.822,88.822,204,0,0,0,25,4,-27.4613,53.9613,1.5
2800000209,90.9865,0,0,-90.9865,90.9865,209,0,0,0,25,7,17.4106,53.0894,1.5
2800000216,87.5961,0,0,-87.5961,87.5961,216,0,0,0,25,19,22.0611,54.4389,1.5
2800000237,108.293,0,0,-108.293,108.293,237,0,0,0,25,9,8.51139,63.0114,1.5
2800000239,97.2441,0,0,-97.2441,97.2441,239,0,0,0,25,1,-19.8684,62.6316,1.5
2800000252,90.4917,0,0,-90.4917,90.4917,252,0,0,0,25,16,18.6561,65.6561,1.5
2800000331,98.3576,0,0,-98.3576,98.3576,331,0,0,0,25,13,37.1529,84.6529,1.5
2800000343,104.86,0,0,-104.86,104.86,343,0,0,0,25,20,24.4946,93.4946,1.5
2800000362,96.9377,0,0,-96.9377,96.9377,362,0,0,0,25,5,-42,93.0306,1.5
2800000379,111.252,0,0,-111.252,111.252,379,0,0,0,25,2,-8.45851,99.5,1.5
2800000416,99.102,0,0,-99.102,99.102,416,0,0,0,25,3,-43.7489,112.5,1.5
2800000437,105.368,0,0,-105.368,105.368,437,0,0,0,25,17,54,112.826,1.5
2800000440,119.932,0,0,-119.932,119.932,440,0,0,0,25,11,24.5,123.376,1.5
2800000484,98.1834,0,0,-98.1834,98.1834,484,0,0,0,25,8,-43,132.548,1.5
2800000496,107.98,0,0,-107.98,107.98,496,0,0,0,25,15,50.0478,134.048,1.5
2800000496,108.103,0,0,-108.103,108.103,496,0,0,0,25,18,64.175,127.675,1.5
2800000500,98.6338,0,0,-98.6338,98.6338,500,0,0,0,25,12,-31,140.532,1.5
2800000503,99.743,0,0,-99.743,99.743,503,0,0,0,25,14,-53.9926,134.493,1.5
2800000517,112.496,0,0,-112.496,112.496,517,0,0,0,25,10,-2,138.227,1.5
2802428807,97.2441,0,0,-97.2441,97.2441,239,1,-19.8684,62.6316,1.5,0,0,0,25
2802428820,90.4917,0,0,-90.4917,90.4917,252,16,18.6561,65.6561,1.5,0,0,0,25
2805928947,111.252,0,0,-111.252,111.252,379,2,-8.45851,99.5,1.5,0,0,0,25
2807428777,90.9865,0,0,-90.9865,90.9865,209,7,17.4106,53.0894,1.5,0,0,0,25
2807928911,104.86,0,0,-104.86,104.86,343,20,24.4946,93.4946,1.5,0,0,0,25
2808929064,107.98,0,0,-107.98,107.98,496,15,50.0478,134.048,1.5,0,0,0,25
2814429052,98.1834,0,0,-98.1834,98.1834,484,8,-43,132.548,1.5,0,0,0,25
2816928984,99.102,0,0,-99.102,99.102,416,3,-43.7489,112.5,1.5,0,0,0,25
2817429085,112.496,0,0,-112.496,112.496,517,10,-2,138.227,1.5,0,0,0,25
2823929064,108.103,0,0,-108.103,108.103,496,18,64.175,127.675,1.5,0,0,0,25
2829429005,105.368,0,0,-105.368,105.368,437,17,54,112.826,1.5,0,0,0,25
2830929068,98.6338,0,0,-98.6338,98.6338,500,12,-31,140.532,1.5,0,0,0,25
2831928930,96.9377,0,0,-96.9377,96.9377,362,5,-42,93.0306,1.5,0,0,0,25
2835428899,98.3576,0,0,-98.3576,98.3576,331,13,37.1529,84.6529,1.5,0,0,0,25
2839428772,88.822,0,0,-88.822,88.822,204,4,-27.4613,53.9613,1.5,0,0,0,25
2839928784,87.5961,0,0,-87.5961,87.5961,216,19,22.0611,54.4389,1.5,0,0,0,25
2839929008,119.932,0,0,-119.932,119.932,440,11,24.5,123.376,1.5,0,0,0,25
2846929071,99.743,0,0,-99.743,99.743,503,14,-53.9926,134.493,1.5,0,0,0,25
2848428756,103.744,0,0,-103.744,103.744,188,6,3.5,46.9196,1.5,0,0,0,25
2848428805,108.293,0,0,-108.293,108.293,237,9,8.51139,63.0114,1.5,0,0,0,25
2850000188,103.744,0,0,-103.744,103.744,188,0,0,0,25,6,3.5,46.9196,1.5
2850000204,88.822,0,0,-88.822,88.822,204,0,0,0,25,4,-27.4613,53.9613,1.5
2850000209,90.9865,0,0,-90.9865,90.9865,209,0,0,0,25,7,17.4106,53.0894,1.5
2850000216,87.5961,0,0,-87.5961,87.5961,216,0,0,0,25,19,22.0611,54.4389,1.5
2850000237,108.293,0,0,-108.293,108.293,237,0,0,0,25,9,8.51139,63.0114,1.5
2850000239,97.2441,0,0,-97.2441,97.2441,239,0,0,0,25,1,-19.8684,62.6316,1.5
2850000252,90.4917,0,0,-90.4917,90.4917,252,0,0,0,25,16,18.6561,65.6561,1.5
2850000331,98.3576,0,0,-98.3576,98.3576,331,0,0,0,25,13,37.1529,84.6529,1.5
2850000343,104.86,0,0,-104.86,104.86,343,0,0,0,25,20,24.4946,93.4946,1.5
2850000362,96.9377,0,0,-96.9377,96.9377,362,0,0,0,25,5,-42,93.0306,1.5
2850000379,111.252,0,0,-111.252,111.252,379,0,0,0,25,2,-8.45851,99.5,1.5
2850000416,99.102,0,0,-99.102,99.102,416,0,0,0,25,3,-43.7489,112.5,1.5
2850000437,105.368,0,0,-105.368,105.368,437,0,0,0,25,17,54,112.826,1.5
2850000440,119.932,0,0,-119.932,119.932,440,0,0,0,25,11,24.5,123.376,1.5
2850000484,98.1834,0,0,-98.1834,98.1834,484,0,0,0,25,8,-43,132.548,1.5
2850000496,107.98,0,0,-107.98,107.98,496,0,0,0,25,15,50.0478,134.048,1.5
2850000496,108.103,0,0,-108.103,108.103,496,0,0,0,25,18,64.175,127.675,1.5
2850000500,98.6338,0,0,-98.6338,98.6338,500,0,0,0,25,12,-31,140.532,1.5
2850000503,99.743,0,0,-99.743,99.743,503,0,0,0,25,14,-53.9926,134.493,1.5
2850000517,112.496,0,0,-112.496,112.496,517,0,0,0,25,10,-2,138.227,1.5
2852428820,90.4917,0,0,-90.4917,90.4917,252,16,18.6561,65.6561,1.5,0,0,0,25
2852928807,97.2441,0,0,-97.2441,97.2441,239,1,-19.8684,62.6316,1.5,0,0,0,25
2856428947,111.252,0,0,-111.252,111.252,379,2,-8.45851,99.5,1.5,0,0,0,25
2857928777,90.9865,0,0,-90.9865,90.9865,209,7,17.4106,53.0894,1.5,0,0,0,25
2857928911,104.86,0,0,-104.86,104.86,343,20,24.4946,93.4946,1.5,0,0,0,25
2858929064,107.98,0,0,-107.98,107.98,496,15,50.0478,134.048,1.5,0,0,0,25
2864929052,98.1834,0,0,-98.1834,98.1834,484,8,-43,132.548,1.5,0,0,0,25
2867428984,99.102,0,0,-99.102,99.102,416,3,-43.7489,112.5,1.5,0,0,0,25
2867929085,112.496,0,0,-112.496,112.496,517,10,-2,138.227,1.5,0,0,0,25
2873929064,108.103,0,0,-108.103,108.103,496,18,64.175,127.675,1.5,0,0,0,25
2881429005,105.368,0,0,-105.368,105.368,437,17,54,112.826,1.5,0,0,0,25
2881429068,98.6338,0,0,-98.6338,98.6338,500,12,-31,140.532,1.5,0,0,0,25
2881928930,96.9377,0,0,-96.9377,96.9377,362,5,-42,93.0306,1.5,0,0,0,25
2885428899,98.3576,0,0,-98.3576,98.3576,331,13,37.1529,84.6529,1.5,0,0,0,25
2889928772,88.822,0,0,-88.822,88.822,204,4,-27.4613,53.9613,1.5,0,0,0,25
2889928784,87.5961,0,0,-87.5961,87.5961,216,19,22.0611,54.4389,1.5,0,0,0,25
2890429008,119.932,0,0,-119.932,119.932,440,11,24.5,123.376,1.5,0,0,0,25
2896929071,99.743,0,0,-99.743,99.743,503,14,-53.9926,134.493,1.5,0,0,0,25
2898928756,103.744,0,0,-103.744,103.744,188,6,3.5,46.9196,1.5,0,0,0,25
2898928805,108.293,0,0,-108.293,108.293,237,9,8.51139,63.0114,1.5,0,0,0,25
2900000188,103.744,0,0,-103.744,103.744,188,0,0,0,25,6,3.5,46.7696,1.5
2900000204,88.822,0,0,-88.822,88.822,204,0,0,0,25,4,-27.5674,54.0674,1.5
2900000209,90.9865,0,0,-90.9865,90.9865,209,0,0,0,25,7,17.5167,52.9833,1.5
2900000216,87.5961,0,0,-87.5961,87.5961,216,0,0,0,25,19,22.1671,54.3329,1.5
2900000237,108.293,0,0,-108.293,108.293,237,0,0,0,25,9,8.40533,62.9053,1.5
2900000239,97.2441,0,0,-97.2441,97.2441,239,0,0,0,25,1,-19.9745,62.5255,1.5
2900000252,90.4917,0,0,-90.4917,90.4917,252,0,0,0,25,16,18.55,65.55,1.5
2900000331,98.3576,0,0,-98.3576,98.3576,331,0,0,0,25,13,37.0468,84.5468,1.5
2900000343,104.86,0,0,-104.86,104.86,343,0,0,0,25,20,24.3886,93.3886,1.5
2900000362,96.9377,0,0,-96.9377,96.9377,362,0,0,0,25,5,-42,92.8806,1.5
2900000379,111.252,0,0,-111.252,111.252,379,0,0,0,25,2,-8.60851,99.5,1.5
2900000416,99.102,0,0,-99.102,99.102,416,0,0,0,25,3,-43.5989,112.5,1.5
2900000437,105.368,0,0,-105.368,105.368,437,0,0,0,25,17,54,112.676,1.5
2900000440,119.932,0,0,-119.932,119.932,440,0,0,0,25,11,24.5,123.226,1.5
2900000484,98.1834,0,0,-98.1834,98.1834,484,0,0,0,25,8,-43,132.398,1.5
2900000496,107.98,0,0,-107.98,107.98,496,0,0,0,25,15,49.9418,133.942,1.5
2900000496,108.103,0,0,-108.103,108.103,496,0,0,0,25,18,64.069,127.569,1.5
2900000500,98.6338,0,0,-98.6338,98.6338,500,0,0,0,25,12,-31,140.382,1.5
2900000503,99.743,0,0,-99.743,99.743,503,0,0,0,25,14,-53.8865,134.387,1.5
2900000517,112.496,0,0,-112.496,112.496,517,0,0,0,25,10,-2,138.077,1.5
2902428820,90.4917,0,0,-90.4917,90.4917,252,16,18.55,65.55,1.5,0,0,0,25
2902928807,97.2441,0,0,-97.2441,97.2441,239,1,-19.9745,62.5255,1.5,0,0,0,25
2906928947,111.252,0,0,-111.252,111.252,379,2,-8.60851,99.5,1.5,0,0,0,25
2907928911,104.86,0,0,-104.86,104.86,343,20,24.3886,93.3886,1.5,0,0,0,25
2908428777,90.9865,0,0,-90.9865,90.9865,209,7,17.5167,52.9833,1.5,0,0,0,25
2908929064,107.98,0,0,-107.98,107.98,496,15,49.9418,133.942,1.5,0,0,0,25
2914929052,98.1834,0,0,-98.1834,98.1834,484,8,-43,132.398,1.5,0,0,0,25
2917928984,99.102,0,0,-99.102,99.102,416,3,-43.5989,112.5,1.5,0,0,0,25
2918429085,112.496,0,0,-112.496,112.496,517,10,-2,138.077,1.5,0,0,0,25
2923929064,108.103,0,0,-108.103,108.103,496,18,64.069,127.569,1.5,0,0,0,25
2931429068,98.6338,0,0,-98.6338,98.6338,500,12,-31,140.382,1.5,0,0,0,25
2932428930,96.9377,0,0,-96.9377,96.9377,362,5,-42,92.8806,1.5,0,0,0,25
2933429005,105.368,0,0,-105.368,105.368,437,17,54,112.676,1.5,0,0,0,25
2935428899,98.3576,0,0,-98.3576,98.3576,331,13,37.0468,84.5468,1.5,0,0,0,25
2939928784,87.5961,0,0,-87.5961,87.5961,216,19,22.1671,54.3329,1.5,0,0,0,25
2940428772,88.822,0,0,-88.822,88.822,204,4,-27.5674,54.0674,1.5,0,0,0,25
2940429008,119.932,0,0,-119.932,119.932,440,11,24.5,123.226,1.5,0,0,0,25
2946929071,99.743,0,0,-99.743,99.743,503,14,-53.8865,134.387,1.5,0,0,0,25
2948928805,108.293,0,0,-108.293,108.293,237,9,8.40533,62.9053,1.5,0,0,0,25
2949428756,103.744,0,0,-103.744,103.744,188,6,3.5,46.7696,1.5,0,0,0,25
2950000188,103.744,0,0,-103.744,103.744,188,0,0,0,25,6,3.5,46.7696,1.5
2950000204,88.822,0,0,-88.822,88.822,204,0,0,0,25,4,-27.5674,54.0674,1.5
2950000209,90.9865,0,0,-90.9865,90.9865,209,0,0,0,25,7,17.5167,52.9833,1.5
2950000216,87.5961,0,0,-87.5961,87.5961,216,0,0,0,25,19,22.1671,54.3329,1.5
2950000237,108.293,0,0,-108.293,108.293,237,0,0,0,25,9,8.40533,62.9053,1.5
2950000239,97.2441,0,0,-97.2441,97.2441,239,0,0,0,25,1,-19.9745,62.5255,1.5
2950000252,90.4917,0,0,-90.4917,90.4917,252,0,0,0,25,16,18.55,65.55,1.5
2950000331,98.3576,0,0,-98.3576,98.3576,331,0,0,0,25,13,37.0468,84.5468,1.5
2950000343,104.86,0,0,-104.86,104.86,343,0,0,0,25,20,24.3886,93.3886,1.5
2950000362,96.9377,0,0,-96.9377,96.9377,362,0,0,0,25,5,-42,92.8806,1.5
2950000379,111.252,0,0,-111.252,111.252,379,0,0,0,25,2,-8.60851,99.5,1.5
2950000416,99.102,0,0,-99.102,99.102,416,0,0,0,25,3,-43.5989,112.5,1.5
2950000437,105.368,0,0,-105.368,105.368,437,0,0,0,25,17,54,112.676,1.5
2950000440,119.932,0,0,-119.932,119.932,440,0,0,0,25,11,24.5,123.226,1.5
2950000484,98.1834,0,0,-98.1834,98.1834,484,0,0,0,25,8,-43,132.398,1.5
2950000496,107.98,0,0,-107.98,107.98,496,0,0,0,25,15,49.9418,133.942,1.5
2950000496,108.103,0,0,-108.103,108.103,496,0,0,0,25,18,64.069,127.569,1.5
2950000500,98.6338,0,0,-98.6338,98.6338,500,0,0,0,25,12,-31,140.382,1.5
2950000503,99.743,0,0,-99.743,99.743,503,0,0,0,25,14,-53.8865,134.387,1.5
2950000517,112.496,0,0,-112.496,112.496,517,0,0,0,25,10,-2,138.077,1.5
2952428820,90.4917,0,0,-90.4917,90.4917,252,16,18.55,65.55,1.5,0,0,0,25
2953428807,97.2441,0,0,-97.2441,97.2441,239,1,-19.9745,62.5255,1.5,0,0,0,25
2957428947,111.252,0,0,-111.252,111.252,379,2,-8.60851,99.5,1.5,0,0,0,25
2957928911,104.86,0,0,-104.86,104.86,343,20,24.3886,93.3886,1.5,0,0,0,25
2958928777,90.9865,0,0,-90.9865,90.9865,209,7,17.5167,52.9833,1.5,0,0,0,25
2958929064,107.98,0,0,-107.98,107.98,496,15,49.9418,133.942,1.5,0,0,0,25
2965429052,98.1834,0,0,-98.1834,98.1834,484,8,-43,132.398,1.5,0,0,0,25
2968428984,99.102,0,0,-99.102,99.102,416,3,-43.5989,112.5,1.5,0,0,0,25
2968929085,112.496,0,0,-112.496,112.496,517,10,-2,138.077,1.5,0,0,0,25
2973929064,108.103,0,0,-108.103,108.103,496,18,64.069,127.569,1.5,0,0,0,25
2981929068,98.6338,0,0,-98.6338,98.6338,500,12,-31,140.382,1.5,0,0,0,25
2982928930,96.9377,0,0,-96.9377,96.9377,362,5,-42,92.8806,1.5,0,0,0,25
2985428899,98.3576,0,0,-98.3576,98.3576,331,13,37.0468,84.5468,1.5,0,0,0,25
2985429005,105.368,0,0,-105.368,105.368,437,17,54,112.676,1.5,0,0,0,25
2989928784,87.5961,0,0,-87.5961,87.5961,216,19,22.1671,54.3329,1.5,0,0,0,25
2990429008,119.932,0,0,-119.932,119.932,440,11,24.5,123.226,1.5,0,0,0,25
2990928772,88.822,0,0,-88.822,88.822,204,4,-27.5674,54.0674,1.5,0,0,0,25
2996929071,99.743,0,0,-99.743,99.743,503,14,-53.8865,134.387,1.5,0,0,0,25
2999357378,108.293,0,0,-108.293,108.293,237,9,8.40533,62.9053,1.5,0,0,0,25
2999928756,103.744,0,0,-103.744,103.744,188,6,3.5,46.7696,1.5,0,0,0,25
3000000188,103.744,0,0,-103.744,103.744,188,0,0,0,25,6,3.5,46.6196,1.5
3000000204,88.822,0,0,-88.822,88.822,204,0,0,0,25,4,-27.6735,54.1735,1.5
3000000209,90.9865,0,0,-90.9865,90.9865,209,0,0,0,25,7,17.6228,52.8772,1.5
3000000216,87.5961,0,0,-87.5961,87.5961,216,0,0,0,25,19,22.2732,54.2268,1.5
3000000237,108.293,0,0,-108.293,108.293,237,0,0,0,25,9,8.29926,62.7993,1.5
3000000239,97.2441,0,0,-97.2441,97.2441,239,0,0,0,25,1,-20.0805,62.4195,1.5
3000000252,90.4917,0,0,-90.4917,90.4917,252,0,0,0,25,16,18.444,65.444,1.5
3000000331,98.3576,0,0,-98.3576,98.3576,331,0,0,0,25,13,36.9407,84.4407,1.5
3000000343,104.86,0,0,-104.86,104.86,343,0,0,0,25,20,24.2825,93.2825,1.5
3000000362,96.9377,0,0,-96.9377,96.9377,362,0,0,0,25,5,-42,92.7306,1.5
3000000379,111.252,0,0,-111.252,111.252,379,0,0,0,25,2,-8.75851,99.5,1.5
3000000416,99.102,0,0,-99.102,99.102,416,0,0,0,25,3,-43.4489,112.5,1.5
3000000437,105.368,0,0,-105.368,105.368,437,0,0,0,25,17,54,112.526,1.5
3000000440,119.932,0,0,-119.932,119.932,440,0,0,0,25,11,24.5,123.076,1.5
3000000484,98.1834,0,0,-98.1834,98.1834,484,0,0,0,25,8,-43,132.248,1.5
3000000496,107.98,0,0,-107.98,107.98,496,0,0,0,25,15,49.8357,133.836,1.5
3000000496,108.103,0,0,-108.103,108.103,496,0,0,0,25,18,63.9629,127.463,1.5
3000000500,98.6338,0,0,-98.6338,98.6338,500,0,0,0,25,12,-31,140.232,1.5
3000000503,99.743,0,0,-99.743,99.743,503,0,0,0,25,14,-53.7804,134.28,1.5
3000000517,112.496,0,0,-112.496,112.496,517,0,0,0,25,10,-2,137.927,1.5
3002428820,90.4917,0,0,-90.4917,90.4917,252,16,18.444,65.444,1.5,0,0,0,25
3003928807,97.2441,0,0,-97.2441,97.2441,239,1,-20.0805,62.4195,1.5,0,0,0,25
3007428947,111.252,0,0,-111.252,111.252,379,2,-8.75851,99.5,1.5,0,0,0,25
3007928911,104.86,0,0,-104.86,104.86,343,20,24.2825,93.2825,1.5,0,0,0,25
3008929064,107.98,0,0,-107.98,107.98,496,15,49.8357,133.836,1.5,0,0,0,25
3009428777,90.9865,0,0,-90.9865,90.9865,209,7,17.6228,52.8772,1.5,0,0,0,25
3015929052,98.1834,0,0,-98.1834,98.1834,484,8,-43,132.248,1.5,0,0,0,25
3018428984,99.102,0,0,-99.102,99.102,416,3,-43.4489,112.5,1.5,0,0,0,25
3018929085,112.496,0,0,-112.496,112.496,517,10,-2,137.927,1.5,0,0,0,25
3023929064,108.103,0,0,-108.103,108.103,496,18,63.9629,127.463,1.5,0,0,0,25
3032429068,98.6338,0,0,-98.6338,98.6338,500,12,-31,140.232,1.5,0,0,0,25
3033428930,96.9377,0,0,-96.9377,96.9377,362,5,-42,92.7306,1.5,0,0,0,25
3035428899,98.3576,0,0,-98.3576,98.3576,331,13,36.9407,84.4407,1.5,0,0,0,25
3037393291,105.368,0,0,-105.368,105.368,437,17,54,112.526,1.5,0,0,0,25
3039928784,87.5961,0,0,-87.5961,87.5961,216,19,22.2732,54.2268,1.5,0,0,0,25
3040429008,119.932,0,0,-119.932,119.932,440,11,24.5,123.076,1.5,0,0,0,25
3040928772,88.822,0,0,-88.822,88.822,204,4,-27.6735,54.1735,1.5,0,0,0,25
3046929071,99.743,0,0,-99.743,99.743,503,14,-53.7804,134.28,1.5,0,0,0,25
3049928756,103.744,0,0,-103.744,103.744,188,6,3.5,46.6196,1.5,0,0,0,25
3049928805,108.293,0,0,-108.293,108.293,237,9,8.29926,62.7993,1.5,0,0,0,25
3050000188,103.744,0,0,-103.744,103.744,188,0,0,0,25,6,3.5,46.6196,1.5
3050000204,88.822,0,0,-88.822,88.822,204,0,0,0,25,4,-27.6735,54.1735,1.5
3050000209,90.9865,0,0,-90.9865,90.9865,209,0,0,0,25,7,17.6228,52.8772,1.5
3050000216,87.5961,0,0,-87.5961,87.5961,216,0,0,0,25,19,22.2732,54.2268,1.5
3050000237,108.293,0,0,-108.293,108.293,237,0,0,0,25,9,8.29926,62.7993,1.5
3050000239,97.2441,0,0,-97.2441,97.2441,239,0,0,0,25,1,-20.0805,62.4195,1.5
3050000252,90.4917,0,0,-90.4917,90.4917,252,0,0,0,25,16,18.444,65.444,1.5
3050000331,98.3576,0,0,-98.3576,98.3576,331,0,0,0,25,13,36.9407,84.4407,1.5
3050000343,104.86,0,0,-104.86,104.86,343,0,0,0,25,20,24.2825,93.2825,1.5
3050000362,96.9377,0,0,-96.9377,96.9377,362,0,0,0,25,5,-42,92.7306,1.5
3050000379,111.252,0,0,-111.252,111.252,379,0,0,0,25,2,-8.75851,99.5,1.5
3050000416,99.102,0,0,-99.102,99.102,416,0,0,0,25,3,-43.4489,112.5,1.5
3050000437,105.368,0,0,-105.368,105.368,437,0,0,0,25,17,54,112.526,1.5
3050000440,119.932,0,0,-119.932,119.932,440,0,0,0,25,11,24.5,123.076,1.5
3050000484,98.1834,0,0,-98.1834,98.1834,484,0,0,0,25,8,-43,132.248,1.5
3050000496,107.98,0,0,-107.98,107.98,496,0,0,0,25,15,49.8357,133.836,1.5
3050000496,108.103,0,0,-108.103,108.103,496,0,0,0,25,18,63.9629,127.463,1.5
3050000500,98.6338,0,0,-98.6338,98.6338,500,0,0,0,25,12,-31,140.232,1.5
3050000503,99.743,0,0,-99.743,99.743,503,0,0,0,25,14,-53.7804,134.28,1.5
3050000517,112.496,0,0,-112.496,112.496,517,0,0,0,25,10,-2,137.927,1.5
3052428820,90.4917,0,0,-90.4917,90.4917,252,16,18.444,65.444,1.5,0,0,0,25
3054428807,97.2441,0,0,-97.2441,97.2441,239,1,-20.0805,62.4195,1.5,0,0,0,25
3057928911,104.86,0,0,-104.86,104.86,343,20,24.2825,93.2825,1.5,0,0,0,25
3057928947,111.252,0,0,-111.252,111.252,379,2,-8.75851,99.5,1.5,0,0,0,25
3058929064,107.98,0,0,-107.98,107.98,496,15,49.8357,133.836,1.5,0,0,0,25
3059428777,90.9865,0,0,-90.9865,90.9865,209,7,17.6228,52.8772,1.5,0,0,0,25
3066429052,98.1834,0,0,-98.1834,98.1834,484,8,-43,132.248,1.5,0,0,0,25
3068428984,99.102,0,0,-99.102,99.102,416,3,-43.4489,112.5,1.5,0,0,0,25
3069429085,112.496,0,0,-112.496,112.496,517,10,-2,137.927,1.5,0,0,0,25
3073929064,108.103,0,0,-108.103,108.103,496,18,63.9629,127.463,1.5,0,0,0,25
3083429068,98.6338,0,0,-98.6338,98.6338,500,12,-31,140.232,1.5,0,0,0,25
3083928930,96.9377,0,0,-96.9377,96.9377,362,5,-42,92.7306,1.5,0,0,0,25
3085428899,98.3576,0,0,-98.3576,98.3576,331,13,36.9407,84.4407,1.5,0,0,0,25
3089429005,105.368,0,0,-105.368,105.368,437,17,54,112.526,1.5,0,0,0,25
3089928784,87.5961,0,0,-87.5961,87.5961,216,19,22.2732,54.2268,1.5,0,0,0,25
3090429008,119.932,0,0,-119.932,119.932,440,11,24.5,123.076,1.5,0,0,0,25
3091428772,88.822,0,0,-88.822,88.822,204,4,-27.6735,54.1735,1.5,0,0,0,25
3096929071,99.743,0,0,-99.743,99.743,503,14,-53.7804,134.28,1.5,0,0,0,25
3100000188,103.744,0,0,-103.744,103.744,188,0,0,0,25,6,3.5,46.4696,1.5
3100000204,88.822,0,0,-88.822,88.822,204,0,0,0,25,4,-27.7795,54.2795,1.5
3100000209,90.9865,0,0,-90.9865,90.9865,209,0,0,0,25,7,17.7288,52.7712,1.5
3100000216,87.5961,0,0,-87.5961,87.5961,216,0,0,0,25,19,22.3793,54.1207,1.5
3100000237,108.293,0,0,-108.293,108.293,237,0,0,0,25,9,8.1932,62.6932,1.5
3100000239,97.2441,0,0,-97.2441,97.2441,239,0,0,0,25,1,-20.1866,62.3134,1.5
3100000252,90.4917,0,0,-90.4917,90.4917,252,0,0,0,25,16,18.3379,65.3379,1.5
3100000331,98.3576,0,0,-98.3576,98.3576,331,0,0,0,25,13,36.8347,84.3347,1.5
3100000343,104.86,0,0,-104.86,104.86,343,0,0,0,25,20,24.1764,93.1764,1.5
3100000362,96.9377,0,0,-96.9377,96.9377,362,0,0,0,25,5,-42,92.5806,1.5
3100000379,111.252,0,0,-111.252,111.252,379,0,0,0,25,2,-8.90851,99.5,1.5
3100000416,99.102,0,0,-99.102,99.102,416,0,0,0,25,3,-43.2989,112.5,1.5
3100000437,105.368,0,0,-105.368,105.368,437,0,0,0,25,17,54,112.376,1.5
3100000440,119.932,0,0,-119.932,119.932,440,0,0,0,25,11,24.5,122.926,1.5
3100000484,98.1834,0,0,-98.1834,98.1834,484,0,0,0,25,8,-43,132.098,1.5
3100000496,107.98,0,0,-107.98,107.98,496,0,0,0,25,15,49.7296,133.73,1.5
3100000496,108.103,0,0,-108.103,108.103,496,0,0,0,25,18,63.8568,127.357,1.5
3100000500,98.6338,0,0,-98.6338,98.6338,500,0,0,0,25,12,-31,140.082,1.5
3100000503,99.743,0,0,-99.743,99.743,503,0,0,0,25,14,-53.6744,134.174,1.5
3100000517,112.496,0,0,-112.496,112.496,517,0,0,0,25,10,-2,137.777,1.5
3100428756,103.744,0,0,-103.744,103.744,188,6,3.5,46.4696,1.5,0,0,0,25
3100428805,108.293,0,0,-108.293,108.293,237,9,8.1932,62.6932,1.5,0,0,0,25
3102428820,90.4917,0,0,-90.4917,90.4917,252,16,18.3379,65.3379,1.5,0,0,0,25
3104928807,97.2441,0,0,-97.2441,97.2441,239,1,-20.1866,62.3134,1.5,0,0,0,25
3107928911,104.86,0,0,-104.86,104.86,343,20,24.1764,93.1764,1.5,0,0,0,25
3108428947,111.252,0,0,-111.252,111.252,379,2,-8.90851,99.5,1.5,0,0,0,25
3108929064,107.98,0,0,-107.98,107.98,496,15,49.7296,133.73,1.5,0,0,0,25
3109928777,90.9865,0,0,-90.9865,90.9865,209,7,17.7288,52.7712,1.5,0,0,0,25
3116429052,98.1834,0,0,-98.1834,98.1834,484,8,-43,132.098,1.5,0,0,0,25
3118428984,99.102,0,0,-99.102,99.102,416,3,-43.2989,112.5,1.5,0,0,0,25
3119929085,112.496,0,0,-112.496,112.496,517,10,-2,137.777,1.5,0,0,0,25
3123929064,108.103,0,0,-108.103,108.103,496,18,63.8568,127.357,1.5,0,0,0,25
3133429068,98.6338,0,0,-98.6338,98.6338,500,12,-31,140.082,1.5,0,0,0,25
3133928930,96.9377,0,0,-96.9377,96.9377,362,5,-42,92.5806,1.5,0,0,0,25
3135428899,98.3576,0,0,-98.3576,98.3576,331,13,36.8347,84.3347,1.5,0,0,0,25
3139928784,87.5961,0,0,-87.5961,87.5961,216,19,22.3793,54.1207,1.5,0,0,0,25
3140929008,119.932,0,0,-119.932,119.932,440,11,24.5,122.926,1.5,0,0,0,25
3141429005,105.368,0,0,-105.368,105.368,437,17,54,112.376,1.5,0,0,0,25
3141928772,88.822,0,0,-88.822,88.822,204,4,-27.7795,54.2795,1.5,0,0,0,25
3146929071,99.743,0,0,-99.743,99.743,503,14,-53.6744,134.174,1.5,0,0,0,25
3150000188,103.744,0,0,-103.744,103.744,188,0,0,0,25,6,3.5,46.4696,1.5
3150000204,88.822,0,0,-88.822,88.822,204,0,0,0,25,4,-27.7795,54.2795,1.5
3150000209,90.9865,0,0,-90.9865,90.9865,209,0,0,0,25,7,17.7288,52.7712,1.5
3150000216,87.5961,0,0,-87.5961,87.5961,216,0,0,0,25,19,22.3793,54.1207,1.5
3150000237,108.293,0,0,-108.293,108.293,237,0,0,0,25,9,8.1932,62.6932,1.5
3150000239,97.2441,0,0,-97.2441,97.2441,239,0,0,0,25,1,-20.1866,62.3134,1.5
3150000252,90.4917,0,0,-90.4917,90.4917,252,0,0,0,25,16,18.3379,65.3379,1.5
3150000331,98.3576,0,0,-98.3576,98.3576,331,0,0,0,25,13,36.8347,84.3347,1.5
3150000343,104.86,0,0,-104.86,104.86,343,0,0,0,25,20,24.1764,93.1764,1.5
3150000362,96.9377,0,0,-96.9377,96.9377,362,0,0,0,25,5,-42,92.5806,1.5
3150000379,111.252,0,0,-111.252,111.252,379,0,0,0,25,2,-8.90851,99.5,1.5
3150000416,99.102,0,0,-99.102,99.102,416,0,0,0,25,3,-43.2989,112.5,1.5
3150000437,105.368,0,0,-105.368,105.368,437,0,0,0,25,17,54,112.376,1.5
3150000440,119.932,0,0,-119.932,119.932,440,0,0,0,25,11,24.5,122.926,1.5
3150000484,98.1834,0,0,-98.1834,98.1834,484,0,0,0,25,8,-43,132.098,1.5
3150000496,107.98,0,0,-107.98,107.98,496,0,0,0,25,15,49.7296,133.73,1.5
3150000496,108.103,0,0,-108.103,108.103,496,0,0,0,25,18,63.8568,127.357,1.5
3150000500,98.6338,0,0,-98.6338,98.6338,500,0,0,0,25,12,-31,140.082,1.5
3150000503,99.743,0,0,-99.743,99.743,503,0,0,0,25,14,-53.6744,134.174,1.5
3150000517,112.496,0,0,-112.496,112.496,517,0,0,0,25,10,-2,137.777,1.5
3150928756,103.744,0,0,-103.744,103.744,188,6,3.5,46.4696,1.5,0,0,0,25
3150928805,108.293,0,0,-108.293,108.293,237,9,8.1932,62.6932,1.5,0,0,0,25
3152428820,90.4917,0,0,-90.4917,90.4917,252,16,18.3379,65.3379,1.5,0,0,0,25
3154928807,97.2441,0,0,-97.2441,97.2441,239,1,-20.1866,62.3134,1.5,0,0,0,25
3157928911,104.86,0,0,-104.86,104.86,343,20,24.1764,93.1764,1.5,0,0,0,25
3158928947,111.252,0,0,-111.252,111.252,379,2,-8.90851,99.5,1.5,0,0,0,25
3158929064,107.98,0,0,-107.98,107.98,496,15,49.7296,133.73,1.5,0,0,0,25
3160428777,90.9865,0,0,-90.9865,90.9865,209,7,17.7288,52.7712,1.5,0,0,0,25
3166929052,98.1834,0,0,-98.1834,98.1834,484,8,-43,132.098,1.5,0,0,0,25
3168428984,99.102,0,0,-99.102,99.102,416,3,-43.2989,112.5,1.5,0,0,0,25
3170429085,112.496,0,0,-112.496,112.496,517,10,-2,137.777,1.5,0,0,0,25
3173929064,108.103,0,0,-108.103,108.103,496,18,63.8568,127.357,1.5,0,0,0,25
3183429068,98.6338,0,0,-98.6338,98.6338,500,12,-31,140.082,1.5,0,0,0,25
3184428930,96.9377,0,0,-96.9377,96.9377,362,5,-42,92.5806,1.5,0,0,0,25
3185428899,98.3576,0,0,-98.3576,98.3576,331,13,36.8347,84.3347,1.5,0,0,0,25
3189928784,87.5961,0,0,-87.5961,87.5961,216,19,22.3793,54.1207,1.5,0,0,0,25
3191429008,119.932,0,0,-119.932,119.932,440,11,24.5,122.926,1.5,0,0,0,25
3192428772,88.822,0,0,-88.822,88.822,204,4,-27.7795,54.2795,1.5,0,0,0,25
3193429005,105.368,0,0,-105.368,105.368,437,17,54,112.376,1.5,0,0,0,25
3196929071,99.743,0,0,-99.743,99.743,503,14,-53.6744,134.174,1.5,0,0,0,25
3200000188,103.744,0,0,-103.744,103.744,188,0,0,0,25,6,3.5,46.3196,1.5
3200000204,88.822,0,0,-88.822,88.822,204,0,0,0,25,4,-27.8856,54.3856,1.5
3200000209,90.9865,0,0,-90.9865,90.9865,209,0,0,0,25,7,17.8349,52.6651,1.5
3200000216,87.5961,0,0,-87.5961,87.5961,216,0,0,0,25,19,22.4853,54.0147,1.5
3200000237,108.293,0,0,-108.293,108.293,237,0,0,0,25,9,8.08713,62.5871,1.5
3200000239,97.2441,0,0,-97.2441,97.2441,239,0,0,0,25,1,-20.2927,62.2073,1.5
3200000252,90.4917,0,0,-90.4917,90.4917,252,0,0,0,25,16,18.2318,65.2318,1.5
3200000331,98.3576,0,0,-98.3576,98.3576,331,0,0,0,25,13,36.7286,84.2286,1.5
3200000343,104.86,0,0,-104.86,104.86,343,0,0,0,25,20,24.0704,93.0704,1.5
3200000362,96.9377,0,0,-96.9377,96.9377,362,0,0,0,25,5,-42,92.4306,1.5
3200000379,111.252,0,0,-111.252,111.252,379,0,0,0,25,2,-9.05851,99.5,1.5
3200000416,99.102,0,0,-99.102,99.102,416,0,0,0,25,3,-43.1489,112.5,1.5
3200000437,105.368,0,0,-105.368,105.368,437,0,0,0,25,17,54,112.226,1.5
3200000440,119.932,0,0,-119.932,119.932,440,0,0,0,25,11,24.5,122.776,1.5
3200000484,98.1834,0,0,-98.1834,98.1834,484,0,0,0,25,8,-43,131.948,1.5
3200000496,107.98,0,0,-107.98,107.98,496,0,0,0,25,15,49.6236,133.624,1.5
3200000496,108.103,0,0,-108.103,108.103,496,0,0,0,25,18,63.7508,127.251,1.5
3200000500,98.6338,0,0,-98.6338,98.6338,500,0,0,0,25,12,-31,139.932,1.5
3200000503,99.743,0,0,-99.743,99.743,503,0,0,0,25,14,-53.5683,134.068,1.5
3200000517,112.496,0,0,-112.496,112.496,517,0,0,0,25,10,-2,137.627,1.5
3200928805,108.293,0,0,-108.293,108.293,237,9,8.08713,62.5871,1.5,0,0,0,25
3201428756,103.744,0,0,-103.744,103.744,188,6,3.5,46.3196,1.5,0,0,0,25
3202428820,90.4917,0,0,-90.4917,90.4917,252,16,18.2318,65.2318,1.5,0,0,0,25
3205428807,97.2441,0,0,-97.2441,97.2441,239,1,-20.2927,62.2073,1.5,0,0,0,25
3207928911,104.86,0,0,-104.86,104.86,343,20,24.0704,93.0704,1.5,0,0,0,25
3208929064,107.98,0,0,-107.98,107.98,496,15,49.6236,133.624,1.5,0,0,0,25
3209428947,111.252,0,0,-111.252,111.252,379,2,-9.05851,99.5,1.5,0,0,0,25
3210928777,90.9865,0,0,-90.9865,90.9865,209,7,17.8349,52.6651,1.5,0,0,0,25
3217429052,98.1834,0,0,-98.1834,98.1834,484,8,-43,131.948,1.5,0,0,0,25
3218928984,99.102,0,0,-99.102,99.102,416,3,-43.1489,112.5,1.5,0,0,0,25
3220929085,112.496,0,0,-112.496,112.496,517,10,-2,137.627,1.5,0,0,0,25
3223929064,108.103,0,0,-108.103,108.103,496,18,63.7508,127.251,1.5,0,0,0,25
3233929068,98.6338,0,0,-98.6338,98.6338,500,12,-31,139.932,1.5,0,0,0,25
3234928930,96.9377,0,0,-96.9377,96.9377,362,5,-42,92.4306,1.5,0,0,0,25
3235428899,98.3576,0,0,-98.3576,98.3576,331,13,36.7286,84.2286,1.5,0,0,0,25
3239928784,87.5961,0,0,-87.5961,87.5961,216,19,22.4853,54.0147,1.5,0,0,0,25
3241429008,119.932,0,0,-119.932,119.932,440,11,24.5,122.776,1.5,0,0,0,25
3242928772,88.822,0,0,-88.822,88.822,204,4,-27.8856,54.3856,1.5,0,0,0,25
3245429005,105.368,0,0,-105.368,105.368,437,17,54,112.226,1.5,0,0,0,25
3246929071,99.743,0,0,-99.743,99.743,503,14,-53.5683,134.068,1.5,0,0,0,25
3250000188,103.744,0,0,-103.744,103.744,188,0,0,0,25,6,3.5,46.3196,1.5
3250000204,88.822,0,0,-88.822,88.822,204,0,0,0,25,4,-27.8856,54.3856,1.5
3250000209,90.9865,0,0,-90.9865,90.9865,209,0,0,0,25,7,17.8349,52.6651,1.5
3250000216,87.5961,0,0,-87.5961,87.5961,216,0,0,0,25,19,22.4853,54.0147,1.5
3250000237,108.293,0,0,-108.293,108.293,237,0,0,0,25,9,8.08713,62.5871,1.5
3250000239,97.2441,0,0,-97.2441,97.2441,239,0,0,0,25,1,-20.2927,62.2073,1.5
3250000252,90.4917,0,0,-90.4917,90.4917,252,0,0,0,25,16,18.2318,65.2318,1.5
3250000331,98.3576,0,0,-98.3576,98.3576,331,0,0,0,25,13,36.7286,84.2286,1.5
3250000343,104.86,0,0,-104.86,104.86,343,0,0,0,25,20,24.0704,93.0704,1.5
3250000362,96.9377,0,0,-96.9377,96.9377,362,0,0,0,25,5,-42,92.4306,1.5
3250000379,111.252,0,0,-111.252,111.252,379,0,0,0,25,2,-9.05851,99.5,1.5
3250000416,99.102,0,0,-99.102,99.102,416,0,0,0,25,3,-43.1489,112.5,1.5
3250000437,105.368,0,0,-105.368,105.368,437,0,0,0,25,17,54,112.226,1.5
3250000440,119.932,0,0,-119.932,119.932,440,0,0,0,25,11,24.5,122.776,1.5
3250000484,98.1834,0,0,-98.1834,98.1834,484,0,0,0,25,8,-43,131.948,1.5
3250000496,107.98,0,0,-107.98,107.98,496,0,0,0,25,15,49.6236,133.624,1.5
3250000496,108.103,0,0,-108.103,108.103,496,0,0,0,25,18,63.7508,127.251,1.5
3250000500,98.6338,0,0,-98.6338,98.6338,500,0,0,0,25,12,-31,139.932,1.5
3250000503,99.743,0,0,-99.743,99.743,503,0,0,0,25,14,-53.5683,134.068,1.5
3250000517,112.496,0,0,-112.496,112.496,517,0,0,0,25,10,-2,137.627,1.5
3251428805,108.293,0,0,-108.293,108.293,237,9,8.08713,62.5871,1.5,0,0,0,25
3251928756,103.744,0,0,-103.744,103.744,188,6,3.5,46.3196,1.5,0,0,0,25
3252428820,90.4917,0,0,-90.4917,90.4917,252,16,18.2318,65.2318,1.5,0,0,0,25
3255928807,97.2441,0,0,-97.2441,97.2441,239,1,-20.2927,62.2073,1.5,0,0,0,25
3257928911,104.86,0,0,-104.86,104.86,343,20,24.0704,93.0704,1.5,0,0,0,25
3258929064,107.98,0,0,-107.98,107.98,496,15,49.6236,133.624,1.5,0,0,0,25
3259428947,111.252,0,0,-111.252,111.252,379,2,-9.05851,99.5,1.5,0,0,0,25
3261428777,90.9865,0,0,-90.9865,90.9865,209,7,17.8349,52.6651,1.5,0,0,0,25
3267929052,98.1834,0,0,-98.1834,98.1834,484,8,-43,131.948,1.5,0,0,0,25
3269428984,99.102,0,0,-99.102,99.102,416,3,-43.1489,112.5,1.5,0,0,0,25
3270929085,112.496,0,0,-112.496,112.496,517,10,-2,137.627,1.5,0,0,0,25
3273929064,108.103,0,0,-108.103,108.103,496,18,63.7508,127.251,1.5,0,0,0,25
3284429068,98.6338,0,0,-98.6338,98.6338,500,12,-31,139.932,1.5,0,0,0,25
3285393216,96.9377,0,0,-96.9377,96.9377,362,5,-42,92.4306,1.5,0,0,0,25
3285428899,98.3576,0,0,-98.3576,98.3576,331,13,36.7286,84.2286,1.5,0,0,0,25
3289928784,87.5961,0,0,-87.5961,87.5961,216,19,22.4853,54.0147,1.5,0,0,0,25
3291429008,119.932,0,0,-119.932,119.932,440,11,24.5,122.776,1.5,0,0,0,25
3292928772,88.822,0,0,-88.822,88.822,204,4,-27.8856,54.3856,1.5,0,0,0,25
3296929071,99.743,0,0,-99.743,99.743,503,14,-53.5683,134.068,1.5,0,0,0,25
3297429005,105.368,0,0,-105.368,105.368,437,17,54,112.226,1.5,0,0,0,25
3300000188,103.744,0,0,-103.744,103.744,188,0,0,0,25,6,3.5,46.1696,1.5
3300000204,88.822,0,0,-88.822,88.822,204,0,0,0,25,4,-27.9917,54.4917,1.5
3300000209,90.9865,0,0,-90.9865,90.9865,209,0,0,0,25,7,17.941,52.559,1.5
3300000216,87.5961,0,0,-87.5961,87.5961,216,0,0,0,25,19,22.5,53.8707,1.5
3300000237,108.293,0,0,-108.293,108.293,237,0,0,0,25,9,7.98106,62.4811,1.5
3300000239,97.2441,0,0,-97.2441,97.2441,239,0,0,0,25,1,-20.3987,62.1013,1.5
3300000252,90.4917,0,0,-90.4917,90.4917,252,0,0,0,25,16,18.1258,65.1258,1.5
3300000331,98.3576,0,0,-98.3576,98.3576,331,0,0,0,25,13,36.6225,84.1225,1.5
3300000343,104.86,0,0,-104.86,104.86,343,0,0,0,25,20,23.9643,92.9643,1.5
3300000362,96.9377,0,0,-96.9377,96.9377,362,0,0,0,25,5,-42,92.2806,1.5
3300000379,111.252,0,0,-111.252,111.252,379,0,0,0,25,2,-9.20851,99.5,1.5
3300000416,99.102,0,0,-99.102,99.102,416,0,0,0,25,3,-42.9989,112.5,1.5
3300000437,105.368,0,0,-105.368,105.368,437,0,0,0,25,17,54,112.076,1.5
3300000440,119.932,0,0,-119.932,119.932,440,0,0,0,25,11,24.5,122.626,1.5
3300000484,98.1834,0,0,-98.1834,98.1834,484,0,0,0,25,8,-43,131.798,1.5
3300000496,107.98,0,0,-107.98,107.98,496,0,0,0,25,15,49.5175,133.517,1.5
3300000496,108.103,0,0,-108.103,108.103,496,0,0,0,25,18,63.6447,127.145,1.5
3300000500,98.6338,0,0,-98.6338,98.6338,500,0,0,0,25,12,-31,139.782,1.5
3300000503,99.743,0,0,-99.743,99.743,503,0,0,0,25,14,-53.4622,133.962,1.5
3300000517,112.496,0,0,-112.496,112.496,517,0,0,0,25,10,-2,137.477,1.5
3301428805,108.293,0,0,-108.293,108.293,237,9,7.98106,62.4811,1.5,0,0,0,25
3301928756,103.744,0,0,-103.744,103.744,188,6,3.5,46.1696,1.5,0,0,0,25
3302428820,90.4917,0,0,-90.4917,90.4917,252,16,18.1258,65.1258,1.5,0,0,0,25
3306428807,97.2441,0,0,-97.2441,97.2441,239,1,-20.3987,62.1013,1.5,0,0,0,25
3307928911,104.86,0,0,-104.86,104.86,343,20,23.9643,92.9643,1.5,0,0,0,25
3308929064,107.98,0,0,-107.98,107.98,496,15,49.5175,133.517,1.5,0,0,0,25
3309928947,111.252,0,0,-111.252,111.252,379,2,-9.20851,99.5,1.5,0,0,0,25
3311428777,90.9865,0,0,-90.9865,90.9865,209,7,17.941,52.559,1.5,0,0,0,25
3318429052,98.1834,0,0,-98.1834,98.1834,484,8,-43,131.798,1.5,0,0,0,25
3319428984,99.102,0,0,-99.102,99.102,416,3,-42.9989,112.5,1.5,0,0,0,25
3321429085,112.496,0,0,-112.496,112.496,517,10,-2,137.477,1.5,0,0,0,25
3323929064,108.103,0,0,-108.103,108.103,496,18,63.6447,127.145,1.5,0,0,0,25
3334929068,98.6338,0,0,-98.6338,98.6338,500,12,-31,139.782,1.5,0,0,0,25
3335428899,98.3576,0,0,-98.3576,98.3576,331,13,36.6225,84.1225,1.5,0,0,0,25
3335928930,96.9377,0,0,-96.9377,96.9377,362,5,-42,92.2806,1.5,0,0,0,25
3339928784,87.5961,0,0,-87.5961,87.5961,216,19,22.5,53.8707,1.5,0,0,0,25
3341429008,119.932,0,0,-119.932,119.932,440,11,24.5,122.626,1.5,0,0,0,25
3343428772,88.822,0,0,-88.822,88.822,204,4,-27.9917,54.4917,1.5,0,0,0,25
3346929071,99.743,0,0,-99.743,99.743,503,14,-53.4622,133.962,1.5,0,0,0,25
3349429005,105.368,0,0,-105.368,105.368,437,17,54,112.076,1.5,0,0,0,25
3350000188,103.744,0,0,-103.744,103.744,188,0,0,0,25,6,3.5,46.1696,1.5
3350000204,88.822,0,0,-88.822,88.822,204,0,0,0,25,4,-27.9917,54.4917,1.5
3350000209,90.9865,0,0,-90.9865,90.9865,209,0,0,0,25,7,17.941,52.559,1.5
3350000216,87.5961,0,0,-87.5961,87.5961,216,0,0,0,25,19,22.5,53.8707,1.5
3350000237,108.293,0,0,-108.293,108.293,237,0,0,0,25,9,7.98106,62.4811,1.5
3350000239,97.2441,0,0,-97.2441,97.2441,239,0,0,0,25,1,-20.3987,62.1013,1.5
3350000252,90.4917,0,0,-90.4917,90.4917,252,0,0,0,25,16,18.1258,65.1258,1.5
3350000331,98.3576,0,0,-98.3576,98.3576,331,0,0,0,25,13,36.6225,84.1225,1.5
3350000343,104.86,0,0,-104.86,104.86,343,0,0,0,25,20,23.9643,92.9643,1.5
3350000362,96.9377,0,0,-96.9377,96.9377,362,0,0,0,25,5,-42,92.2806,1.5
3350000379,111.252,0,0,-111.252,111.252,379,0,0,0,25,2,-9.20851,99.5,1.5
3350000416,99.102,0,0,-99.102,99.102,416,0,0,0,25,3,-42.9989,112.5,1.5
3350000437,105.368,0,0,-105.368,105.368,437,0,0,0,25,17,54,112.076,1.5
3350000440,119.932,0,0,-119.932,119.932,440,0,0,0,25,11,24.5,122.626,1.5
3350000484,98.1834,0,0,-98.1834,98.1834,484,0,0,0,25,8,-43,131.798,1.5
3350000496,107.98,0,0,-107.98,107.98,496,0,0,0,25,15,49.5175,133.517,1.5
3350000496,108.103,0,0,-108.103,108.103,496,0,0,0,25,18,63.6447,127.145,1.5
3350000500,98.6338,0,0,-98.6338,98.6338,500,0,0,0,25,12,-31,139.782,1.5
3350000503,99.743,0,0,-99.743,99.743,503,0,0,0,25,14,-53.4622,133.962,1.5
3350000517,112.496,0,0,-112.496,112.496,517,0,0,0,25,10,-2,137.477,1.5
3351428805,108.293,0,0,-108.293,108.293,237,9,7.98106,62.4811,1.5,0,0,0,25
3352428756,103.744,0,0,-103.744,103.744,188,6,3.5,46.1696,1.5,0,0,0,25
3352428820,90.4917,0,0,-90.4917,90.4917,252,16,18.1258,65.1258,1.5,0,0,0,25
3356428807,97.2441,0,0,-97.2441,97.2441,239,1,-20.3987,62.1013,1.5,0,0,0,25
3357928911,104.86,0,0,-104.86,104.86,343,20,23.9643,92.9643,1.5,0,0,0,25
3358929064,107.98,0,0,-107.98,107.98,496,15,49.5175,133.517,1.5,0,0,0,25
3360428947,111.252,0,0,-111.252,111.252,379,2,-9.20851,99.5,1.5,0,0,0,25
3361928777,90.9865,0,0,-90.9865,90.9865,209,7,17.941,52.559,1.5,0,0,0,25
3368929052,98.1834,0,0,-98.1834,98.1834,484,8,-43,131.798,1.5,0,0,0,25
3369928984,99.102,0,0,-99.102,99.102,416,3,-42.9989,112.5,1.5,0,0,0,25
3371929085,112.496,0,0,-112.496,112.496,517,10,-2,137.477,1.5,0,0,0,25
3373929064,108.103,0,0,-108.103,108.103,496,18,63.6447,127.145,1.5,0,0,0,25
3385428899,98.3576,0,0,-98.3576,98.3576,331,13,36.6225,84.1225,1.5,0,0,0,25
3385429068,98.6338,0,0,-98.6338,98.6338,500,12,-31,139.782,1.5,0,0,0,25
3385928930,96.9377,0,0,-96.9377,96.9377,362,5,-42,92.2806,1.5,0,0,0,25
3390428784,87.5961,0,0,-87.5961,87.5961,216,19,22.5,53.8707,1.5,0,0,0,25
3391429008,119.932,0,0,-119.932,119.932,440,11,24.5,122.626,1.5,0,0,0,25
3393928772,88.822,0,0,-88.822,88.822,204,4,-27.9917,54.4917,1.5,0,0,0,25
3396929071,99.743,0,0,-99.743,99.743,503,14,-53.4622,133.962,1.5,0,0,0,25
3400000219,89.8796,0,0,-89.8796,89.8796,219,0,0,0,25,4,-28.0977,54.5977,1.5
3400035888,102.388,0,0,-102.388,102.388,173,0,0,0,25,6,3.5,46.0196,1.5
3400035916,88.0732,0,0,-88.0732,88.0732,201,0,0,0,25,7,18.047,52.453,1.5
3400035924,93.6501,0,0,-93.6501,93.6501,209,0,0,0,25,19,22.5,53.7207,1.5
3400035939,102.911,0,0,-102.911,102.911,224,0,0,0,25,9,7.875,62.375,1.5
3400035946,98.6666,0,0,-98.6666,98.6666,231,0,0,0,25,1,-20.5048,61.9952,1.5
3400035953,96.6961,0,0,-96.6961,96.6961,238,0,0,0,25,16,18.0197,65.0197,1.5
3400036030,98.6156,0,0,-98.6156,98.6156,315,0,0,0,25,13,36.5165,84.0165,1.5
3400036044,101.775,0,0,-101.775,101.775,329,0,0,0,25,20,23.8582,92.8582,1.5
3400036057,102.911,0,0,-102.911,102.911,342,0,0,0,25,2,-9.35851,99.5,1.5
3400036062,93.0634,0,0,-93.0634,93.0634,347,0,0,0,25,5,-42,92.1306,1.5
3400036124,95.1081,0,0,-95.1081,95.1081,409,0,0,0,25,3,-42.8489,112.5,1.5
3400036137,106.316,0,0,-106.316,106.316,422,0,0,0,25,17,54,111.926,1.5
3400036139,113.045,0,0,-113.045,113.045,424,0,0,0,25,11,24.5,122.476,1.5
3400036184,98.2517,0,0,-98.2517,98.2517,469,0,0,0,25,8,-43,131.648,1.5
3400036195,109.732,0,0,-109.732,109.732,480,0,0,0,25,18,63.5387,127.039,1.5
3400036196,106.746,0,0,-106.746,106.746,481,0,0,0,25,15,49.4114,133.411,1.5
3400036198,96.7347,0,0,-96.7347,96.7347,483,0,0,0,25,12,-31,139.632,1.5
3400036202,96.8948,0,0,-96.8948,96.8948,487,0,0,0,25,14,-53.3562,133.856,1.5
3400036216,112.624,0,0,-112.624,112.624,501,0,0,0,25,10,-2,137.327,1.5
3401428990,106.316,0,0,-106.316,106.316,422,17,54,111.926,1.5,0,0,0,25
3401928792,102.911,0,0,-102.911,102.911,224,9,7.875,62.375,1.5,0,0,0,25
3402928741,102.388,0,0,-102.388,102.388,173,6,3.5,46.0196,1.5,0,0,0,25
3402928806,96.6961,0,0,-96.6961,96.6961,238,16,18.0197,65.0197,1.5,0,0,0,25
3406928799,98.6666,0,0,-98.6666,98.6666,231,1,-20.5048,61.9952,1.5,0,0,0,25
3408428897,101.775,0,0,-101.775,101.775,329,20,23.8582,92.8582,1.5,0,0,0,25
3409429049,106.746,0,0,-106.746,106.746,481,15,49.4114,133.411,1.5,0,0,0,25
3410928910,102.911,0,0,-102.911,102.911,342,2,-9.35851,99.5,1.5,0,0,0,25
3412428769,88.0732,0,0,-88.0732,88.0732,201,7,18.047,52.453,1.5,0,0,0,25
3419429037,98.2517,0,0,-98.2517,98.2517,469,8,-43,131.648,1.5,0,0,0,25
3420428977,95.1081,0,0,-95.1081,95.1081,409,3,-42.8489,112.5,1.5,0,0,0,25
3422429069,112.624,0,0,-112.624,112.624,501,10,-2,137.327,1.5,0,0,0,25
3424429048,109.732,0,0,-109.732,109.732,480,18,63.5387,127.039,1.5,0,0,0,25
3435928883,98.6156,0,0,-98.6156,98.6156,315,13,36.5165,84.0165,1.5,0,0,0,25
3435929051,96.7347,0,0,-96.7347,96.7347,483,12,-31,139.632,1.5,0,0,0,25
3436428915,93.0634,0,0,-93.0634,93.0634,347,5,-42,92.1306,1.5,0,0,0,25
3440928777,93.6501,0,0,-93.6501,93.6501,209,19,22.5,53.7207,1.5,0,0,0,25
3441928992,113.045,0,0,-113.045,113.045,424,11,24.5,122.476,1.5,0,0,0,25
3444428787,89.8796,0,0,-89.8796,89.8796,219,4,-28.0977,54.5977,1.5,0,0,0,25
3450000219,89.8796,0,0,-89.8796,89.8796,219,0,0,0,25,4,-28.0977,54.5977,1.5
3450035888,102.388,0,0,-102.388,102.388,173,0,0,0,25,6,3.5,46.0196,1.5
3450035916,88.0732,0,0,-88.0732,88.0732,201,0,0,0,25,7,18.047,52.453,1.5
3450035924,93.6501,0,0,-93.6501,93.6501,209,0,0,0,25,19,22.5,53.7207,1.5
3450035939,102.911,0,0,-102.911,102.911,224,0,0,0,25,9,7.875,62.375,1.5
3450035946,98.6666,0,0,-98.6666,98.6666,231,0,0,0,25,1,-20.5048,61.9952,1.5
3450035953,96.6961,0,0,-96.6961,96.6961,238,0,0,0,25,16,18.0197,65.0197,1.5
3450036030,98.6156,0,0,-98.6156,98.6156,315,0,0,0,25,13,36.5165,84.0165,1.5
3450036044,101.775,0,0,-101.775,101.775,329,0,0,0,25,20,23.8582,92.8582,1.5
3450036057,102.911,0,0,-102.911,102.911,342,0,0,0,25,2,-9.35851,99.5,1.5
3450036062,93.0634,0,0,-93.0634,93.0634,347,0,0,0,25,5,-42,92.1306,1.5
3450036124,95.1081,0,0,-95.1081,95.1081,409,0,0,0,25,3,-42.8489,112.5,1.5
3450036137,106.316,0,0,-106.316,106.316,422,0,0,0,25,17,54,111.926,1.5
3450036139,113.045,0,0,-113.045,113.045,424,0,0,0,25,11,24.5,122.476,1.5
3450036184,98.2517,0,0,-98.2517,98.2517,469,0,0,0,25,8,-43,131.648,1.5
3450036195,109.732,0,0,-109.732,109.732,480,0,0,0,25,18,63.5387,127.039,1.5
3450036196,106.746,0,0,-106.746,106.746,481,0,0,0,25,15,49.4114,133.411,1.5
3450036198,96.7347,0,0,-96.7347,96.7347,483,0,0,0,25,12,-31,139.632,1.5
3450036202,96.8948,0,0,-96.8948,96.8948,487,0,0,0,25,14,-53.3562,133.856,1.5
3450036216,112.624,0,0,-112.624,112.624,501,0,0,0,25,10,-2,137.327,1.5
3451928792,102.911,0,0,-102.911,102.911,224,9,7.875,62.375,1.5,0,0,0,25
3452928806,96.6961,0,0,-96.6961,96.6961,238,16,18.0197,65.0197,1.5,0,0,0,25
3453428741,102.388,0,0,-102.388,102.388,173,6,3.5,46.0196,1.5,0,0,0,25
3453428990,106.316,0,0,-106.316,106.316,422,17,54,111.926,1.5,0,0,0,25
3456429055,96.8948,0,0,-96.8948,96.8948,487,14,-53.3562,133.856,1.5,0,0,0,25
3457428799,98.6666,0,0,-98.6666,98.6666,231,1,-20.5048,61.9952,1.5,0,0,0,25
3458428897,101.775,0,0,-101.775,101.775,329,20,23.8582,92.8582,1.5,0,0,0,25
3459429049,106.746,0,0,-106.746,106.746,481,15,49.4114,133.411,1.5,0,0,0,25
3461428910,102.911,0,0,-102.911,102.911,342,2,-9.35851,99.5,1.5,0,0,0,25
3462928769,88.0732,0,0,-88.0732,88.0732,201,7,18.047,52.453,1.5,0,0,0,25
3469429037,98.2517,0,0,-98.2517,98.2517,469,8,-43,131.648,1.5,0,0,0,25
3470893263,95.1081,0,0,-95.1081,95.1081,409,3,-42.8489,112.5,1.5,0,0,0,25
3472929069,112.624,0,0,-112.624,112.624,501,10,-2,137.327,1.5,0,0,0,25
3474429048,109.732,0,0,-109.732,109.732,480,18,63.5387,127.039,1.5,0,0,0,25
3485928883,98.6156,0,0,-98.6156,98.6156,315,13,36.5165,84.0165,1.5,0,0,0,25
3485929051,96.7347,0,0,-96.7347,96.7347,483,12,-31,139.632,1.5,0,0,0,25
3486928915,93.0634,0,0,-93.0634,93.0634,347,5,-42,92.1306,1.5,0,0,0,25
3490928777,93.6501,0,0,-93.6501,93.6501,209,19,22.5,53.7207,1.5,0,0,0,25
3492428992,113.045,0,0,-113.045,113.045,424,11,24.5,122.476,1.5,0,0,0,25
3494928787,89.8796,0,0,-89.8796,89.8796,219,4,-28.0977,54.5977,1.5,0,0,0,25
3500000219,89.8796,0,0,-89.8796,89.8796,219,0,0,0,25,4,-28.2038,54.7038,1.5
3500035888,102.388,0,0,-102.388,102.388,173,0,0,0,25,6,3.5,45.8696,1.5
3500035916,88.0732,0,0,-88.0732,88.0732,201,0,0,0,25,7,18.1531,52.3469,1.5
3500035924,93.6501,0,0,-93.6501,93.6501,209,0,0,0,25,19,22.5,53.5707,1.5
3500035939,102.911,0,0,-102.911,102.911,224,0,0,0,25,9,7.76893,62.2689,1.5
3500035946,98.6666,0,0,-98.6666,98.6666,231,0,0,0,25,1,-20.6109,61.8891,1.5
3500035953,96.6961,0,0,-96.6961,96.6961,238,0,0,0,25,16,17.9136,64.9136,1.5
3500036030,98.6156,0,0,-98.6156,98.6156,315,0,0,0,25,13,36.4104,83.9104,1.5
3500036044,101.775,0,0,-101.775,101.775,329,0,0,0,25,20,23.7522,92.7522,1.5
3500036057,102.911,0,0,-102.911,102.911,342,0,0,0,25,2,-9.50851,99.5,1.5
3500036062,93.0634,0,0,-93.0634,93.0634,347,0,0,0,25,5,-42,91.9806,1.5
3500036124,95.1081,0,0,-95.1081,95.1081,409,0,0,0,25,3,-42.6989,112.5,1.5
3500036137,106.316,0,0,-106.316,106.316,422,0,0,0,25,17,54,111.776,1.5
3500036139,113.045,0,0,-113.045,113.045,424,0,0,0,25,11,24.5,122.326,1.5
3500036184,98.2517,0,0,-98.2517,98.2517,469,0,0,0,25,8,-43,131.498,1.5
3500036195,109.732,0,0,-109.732,109.732,480,0,0,0,25,18,63.4326,126.933,1.5
3500036196,106.746,0,0,-106.746,106.746,481,0,0,0,25,15,49.3054,133.305,1.5
3500036198,96.7347,0,0,-96.7347,96.7347,483,0,0,0,25,12,-31,139.482,1.5
3500036202,96.8948,0,0,-96.8948,96.8948,487,0,0,0,25,14,-53.2501,133.75,1.5
3500036216,112.624,0,0,-112.624,112.624,501,0,0,0,25,10,-2,137.177,1.5
3501928792,102.911,0,0,-102.911,102.911,224,9,7.76893,62.2689,1.5,0,0,0,25
3502928806,96.6961,0,0,-96.6961,96.6961,238,16,17.9136,64.9136,1.5,0,0,0,25
3503928741,102.388,0,0,-102.388,102.388,173,6,3.5,45.8696,1.5,0,0,0,25
3505428990,106.316,0,0,-106.316,106.316,422,17,54,111.776,1.5,0,0,0,25
3506429055,96.8948,0,0,-96.8948,96.8948,487,14,-53.2501,133.75,1.5,0,0,0,25
3507928799,98.6666,0,0,-98.6666,98.6666,231,1,-20.6109,61.8891,1.5,0,0,0,25
3508428897,101.775,0,0,-101.775,101.775,329,20,23.7522,92.7522,1.5,0,0,0,25
3509429049,106.746,0,0,-106.746,106.746,481,15,49.3054,133.305,1.5,0,0,0,25
3511428910,102.911,0,0,-102.911,102.911,342,2,-9.50851,99.5,1.5,0,0,0,25
3513428769,88.0732,0,0,-88.0732,88.0732,201,7,18.1531,52.3469,1.5,0,0,0,25
3519929037,98.2517,0,0,-98.2517,98.2517,469,8,-43,131.498,1.5,0,0,0,25
3521428977,95.1081,0,0,-95.1081,95.1081,409,3,-42.6989,112.5,1.5,0,0,0,25
3522929069,112.624,0,0,-112.624,112.624,501,10,-2,137.177,1.5,0,0,0,25
3524929048,109.732,0,0,-109.732,109.732,480,18,63.4326,126.933,1.5,0,0,0,25
3535928883,98.6156,0,0,-98.6156,98.6156,315,13,36.4104,83.9104,1.5,0,0,0,25
3536429051,96.7347,0,0,-96.7347,96.7347,483,12,-31,139.482,1.5,0,0,0,25
3537428915,93.0634,0,0,-93.0634,93.0634,347,5,-42,91.9806,1.5,0,0,0,25
3541428777,93.6501,0,0,-93.6501,93.6501,209,19,22.5,53.5707,1.5,0,0,0,25
3542928992,113.045,0,0,-113.045,113.045,424,11,24.5,122.326,1.5,0,0,0,25
3544928787,89.8796,0,0,-89.8796,89.8796,219,4,-28.2038,54.7038,1.5,0,0,0,25
3550000219,89.8796,0,0,-89.8796,89.8796,219,0,0,0,25,4,-28.2038,54.7038,1.5
3550035888,102.388,0,0,-102.388,102.388,173,0,0,0,25,6,3.5,45.8696,1.5
3550035916,88.0732,0,0,-88.0732,88.0732,201,0,0,0,25,7,18.1531,52.3469,1.5
3550035924,93.6501,0,0,-93.6501,93.6501,209,0,0,0,25,19,22.5,53.5707,1.5
3550035939,102.911,0,0,-102.911,102.911,224,0,0,0,25,9,7.76893,62.2689,1.5
3550035946,98.6666,0,0,-98.6666,98.6666,231,0,0,0,25,1,-20.6109,61.8891,1.5
3550035953,96.6961,0,0,-96.6961,96.6961,238,0,0,0,25,16,17.9136,64.9136,1.5
3550036030,98.6156,0,0,-98.6156,98.6156,315,0,0,0,25,13,36.4104,83.9104,1.5
3550036044,101.775,0,0,-101.775,101.775,329,0,0,0,25,20,23.7522,92.7522,1.5
3550036057,102.911,0,0,-102.911,102.911,342,0,0,0,25,2,-9.50851,99.5,1.5
3550036062,93.0634,0,0,-93.0634,93.0634,347,0,0,0,25,5,-42,91.9806,1.5
3550036124,95.1081,0,0,-95.1081,95.1081,409,0,0,0,25,3,-42.6989,112.5,1.5
3550036137,106.316,0,0,-106.316,106.316,422,0,0,0,25,17,54,111.776,1.5
3550036139,113.045,0,0,-113.045,113.045,424,0,0,0,25,11,24.5,122.326,1.5
3550036184,98.2517,0,0,-98.2517,98.2517,469,0,0,0,25,8,-43,131.498,1.5
3550036195,109.732,0,0,-109.732,109.732,480,0,0,0,25,18,63.4326,126.933,1.5
3550036196,106.746,0,0,-106.746,106.746,481,0,0,0,25,15,49.3054,133.305,1.5
3550036198,96.7347,0,0,-96.7347,96.7347,483,0,0,0,25,12,-31,139.482,1.5
3550036202,96.8948,0,0,-96.8948,96.8948,487,0,0,0,25,14,-53.2501,133.75,1.5
3550036216,112.624,0,0,-112.624,112.624,501,0,0,0,25,10,-2,137.177,1.5
3552428792,102.911,0,0,-102.911,102.911,224,9,7.76893,62.2689,1.5,0,0,0,25
3552928806,96.6961,0,0,-96.6961,96.6961,238,16,17.9136,64.9136,1.5,0,0,0,25
3553928741,102.388,0,0,-102.388,102.388,173,6,3.5,45.8696,1.5,0,0,0,25
3556429055,96.8948,0,0,-96.8948,96.8948,487,14,-53.2501,133.75,1.5,0,0,0,25
3557393276,106.316,0,0,-106.316,106.316,422,17,54,111.776,1.5,0,0,0,25
3558428799,98.6666,0,0,-98.6666,98.6666,231,1,-20.6109,61.8891,1.5,0,0,0,25
3558928897,101.775,0,0,-101.775,101.775,329,20,23.7522,92.7522,1.5,0,0,0,25
3559429049,106.746,0,0,-106.746,106.746,481,15,49.3054,133.305,1.5,0,0,0,25
3561928910,102.911,0,0,-102.911,102.911,342,2,-9.50851,99.5,1.5,0,0,0,25
3563428769,88.0732,0,0,-88.0732,88.0732,201,7,18.1531,52.3469,1.5,0,0,0,25
3570429037,98.2517,0,0,-98.2517,98.2517,469,8,-43,131.498,1.5,0,0,0,25
3571428977,95.1081,0,0,-95.1081,95.1081,409,3,-42.6989,112.5,1.5,0,0,0,25
3573429069,112.624,0,0,-112.624,112.624,501,10,-2,137.177,1.5,0,0,0,25
3574929048,109.732,0,0,-109.732,109.732,480,18,63.4326,126.933,1.5,0,0,0,25
3585928883,98.6156,0,0,-98.6156,98.6156,315,13,36.4104,83.9104,1.5,0,0,0,25
3586929051,96.7347,0,0,-96.7347,96.7347,483,12,-31,139.482,1.5,0,0,0,25
3587928915,93.0634,0,0,-93.0634,93.0634,347,5,-42,91.9806,1.5,0,0,0,25
3591428777,93.6501,0,0,-93.6501,93.6501,209,19,22.5,53.5707,1.5,0,0,0,25
3592928992,113.045,0,0,-113.045,113.045,424,11,24.5,122.326,1.5,0,0,0,25
3595928787,89.8796,0,0,-89.8796,89.8796,219,4,-28.2038,54.7038,1.5,0,0,0,25
3600000219,89.8796,0,0,-89.8796,89.8796,219,0,0,0,25,4,-28.3099,54.8099,1.5
3600035888,102.388,0,0,-102.388,102.388,173,0,0,0,25,6,3.5,45.7196,1.5
3600035916,88.0732,0,0,-88.0732,88.0732,201,0,0,0,25,7,18.2592,52.2408,1.5
3600035924,93.6501,0,0,-93.6501,93.6501,209,0,0,0,25,19,22.5,53.4207,1.5
3600035939,102.911,0,0,-102.911,102.911,224,0,0,0,25,9,7.66287,62.1629,1.5
3600035946,98.6666,0,0,-98.6666,98.6666,231,0,0,0,25,1,-20.7169,61.7831,1.5
3600035953,96.6961,0,0,-96.6961,96.6961,238,0,0,0,25,16,17.8076,64.8076,1.5
3600036030,98.6156,0,0,-98.6156,98.6156,315,0,0,0,25,13,36.3043,83.8043,1.5
3600036044,101.775,0,0,-101.775,101.775,329,0,0,0,25,20,23.6461,92.6461,1.5
3600036057,102.911,0,0,-102.911,102.911,342,0,0,0,25,2,-9.65851,99.5,1.5
3600036062,93.0634,0,0,-93.0634,93.0634,347,0,0,0,25,5,-42,91.8306,1.5
3600036124,95.1081,0,0,-95.1081,95.1081,409,0,0,0,25,3,-42.5489,112.5,1.5
3600036137,106.316,0,0,-106.316,106.316,422,0,0,0,25,17,54,111.626,1.5
3600036139,113.045,0,0,-113.045,113.045,424,0,0,0,25,11,24.5,122.176,1.5
3600036184,98.2517,0,0,-98.2517,98.2517,469,0,0,0,25,8,-43,131.348,1.5
3600036195,109.732,0,0,-109.732,109.732,480,0,0,0,25,18,63.3265,126.827,1.5
3600036196,106.746,0,0,-106.746,106.746,481,0,0,0,25,15,49.1993,133.199,1.5
3600036198,96.7347,0,0,-96.7347,96.7347,483,0,0,0,25,12,-31,139.332,1.5
3600036202,96.8948,0,0,-96.8948,96.8948,487,0,0,0,25,14,-53.144,133.644,1.5
3600036216,112.624,0,0,-112.624,112.624,501,0,0,0,25,10,-2,137.027,1.5
3602928792,102.911,0,0,-102.911,102.911,224,9,7.66287,62.1629,1.5,0,0,0,25
3602928806,96.6961,0,0,-96.6961,96.6961,238,16,17.8076,64.8076,1.5,0,0,0,25
3604428741,102.388,0,0,-102.388,102.388,173,6,3.5,45.7196,1.5,0,0,0,25
3606429055,96.8948,0,0,-96.8948,96.8948,487,14,-53.144,133.644,1.5,0,0,0,25
3608928799,98.6666,0,0,-98.6666,98.6666,231,1,-20.7169,61.7831,1.5,0,0,0,25
3608928897,101.775,0,0,-101.775,101.775,329,20,23.6461,92.6461,1.5,0,0,0,25
3609428990,106.316,0,0,-106.316,106.316,422,17,54,111.626,1.5,0,0,0,25
3609429049,106.746,0,0,-106.746,106.746,481,15,49.1993,133.199,1.5,0,0,0,25
3612428910,102.911,0,0,-102.911,102.911,342,2,-9.65851,99.5,1.5,0,0,0,25
3613928769,88.0732,0,0,-88.0732,88.0732,201,7,18.2592,52.2408,1.5,0,0,0,25
3620929037,98.2517,0,0,-98.2517,98.2517,469,8,-43,131.348,1.5,0,0,0,25
3621428977,95.1081,0,0,-95.1081,95.1081,409,3,-42.5489,112.5,1.5,0,0,0,25
3623929069,112.624,0,0,-112.624,112.624,501,10,-2,137.027,1.5,0,0,0,25
3624929048,109.732,0,0,-109.732,109.732,480,18,63.3265,126.827,1.5,0,0,0,25
3635928883,98.6156,0,0,-98.6156,98.6156,315,13,36.3043,83.8043,1.5,0,0,0,25
3637429051,96.7347,0,0,-96.7347,96.7347,483,12,-31,139.332,1.5,0,0,0,25
3637928915,93.0634,0,0,-93.0634,93.0634,347,5,-42,91.8306,1.5,0,0,0,25
3641428777,93.6501,0,0,-93.6501,93.6501,209,19,22.5,53.4207,1.5,0,0,0,25
3643428992,113.045,0,0,-113.045,113.045,424,11,24.5,122.176,1.5,0,0,0,25
3645928787,89.8796,0,0,-89.8796,89.8796,219,4,-28.3099,54.8099,1.5,0,0,0,25
3650000219,89.8796,0,0,-89.8796,89.8796,219,0,0,0,25,4,-28.3099,54.8099,1.5
3650035888,102.388,0,0,-102.388,102.388,173,0,0,0,25,6,3.5,45.7196,1.5
3650035916,88.0732,0,0,-88.0732,88.0732,201,0,0,0,25,7,18.2592,52.2408,1.5
3650035924,93.6501,0,0,-93.6501,93.6501,209,0,0,0,25,19,22.5,53.4207,1.5
3650035939,102.911,0,0,-102.911,102.911,224,0,0,0,25,9,7.66287,62.1629,1.5
3650035946,98.6666,0,0,-98.6666,98.6666,231,0,0,0,25,1,-20.7169,61.7831,1.5
3650035953,96.6961,0,0,-96.6961,96.6961,238,0,0,0,25,16,17.8076,64.8076,1.5
3650036030,98.6156,0,0,-98.6156,98.6156,315,0,0,0,25,13,36.3043,83.8043,1.5
3650036044,101.775,0,0,-101.775,101.775,329,0,0,0,25,20,23.6461,92.6461,1.5
3650036057,102.911,0,0,-102.911,102.911,342,0,0,0,25,2,-9.65851,99.5,1.5
3650036062,93.0634,0,0,-93.0634,93.0634,347,0,0,0,25,5,-42,91.8306,1.5
3650036124,95.1081,0,0,-95.1081,95.1081,409,0,0,0,25,3,-42.5489,112.5,1.5
3650036137,106.316,0,0,-106.316,106.316,422,0,0,0,25,17,54,111.626,1.5
3650036139,113.045,0,0,-113.045,113.045,424,0,0,0,25,11,24.5,122.176,1.5
3650036184,98.2517,0,0,-98.2517,98.2517,469,0,0,0,25,8,-43,131.348,1.5
3650036195,109.732,0,0,-109.732,109.732,480,0,0,0,25,18,63.3265,126.827,1.5
3650036196,106.746,0,0,-106.746,106.746,481,0,0,0,25,15,49.1993,133.199,1.5
3650036198,96.7347,0,0,-96.7347,96.7347,483,0,0,0,25,12,-31,139.332,1.5
3650036202,96.8948,0,0,-96.8948,96.8948,487,0,0,0,25,14,-53.144,133.644,1.5
3650036216,112.624,0,0,-112.624,112.624,501,0,0,0,25,10,-2,137.027,1.5
3652928806,96.6961,0,0,-96.6961,96.6961,238,16,17.8076,64.8076,1.5,0,0,0,25
3653428792,102.911,0,0,-102.911,102.911,224,9,7.66287,62.1629,1.5,0,0,0,25
3654928741,102.388,0,0,-102.388,102.388,173,6,3.5,45.7196,1.5,0,0,0,25
3656429055,96.8948,0,0,-96.8948,96.8948,487,14,-53.144,133.644,1.5,0,0,0,25
3658928799,98.6666,0,0,-98.6666,98.6666,231,1,-20.7169,61.7831,1.5,0,0,0,25
3658928897,101.775,0,0,-101.775,101.775,329,20,23.6461,92.6461,1.5,0,0,0,25
3659429049,106.746,0,0,-106.746,106.746,481,15,49.1993,133.199,1.5,0,0,0,25
3661428990,106.316,0,0,-106.316,106.316,422,17,54,111.626,1.5,0,0,0,25
3662928910,102.911,0,0,-102.911,102.911,342,2,-9.65851,99.5,1.5,0,0,0,25
3664428769,88.0732,0,0,-88.0732,88.0732,201,7,18.2592,52.2408,1.5,0,0,0,25
3670929037,98.2517,0,0,-98.2517,98.2517,469,8,-43,131.348,1.5,0,0,0,25
3671428977,95.1081,0,0,-95.1081,95.1081,409,3,-42.5489,112.5,1.5,0,0,0,25
3674929048,109.732,0,0,-109.732,109.732,480,18,63.3265,126.827,1.5,0,0,0,25
3674929069,112.624,0,0,-112.624,112.624,501,10,-2,137.027,1.5,0,0,0,25
3685928883,98.6156,0,0,-98.6156,98.6156,315,13,36.3043,83.8043,1.5,0,0,0,25
3687429051,96.7347,0,0,-96.7347,96.7347,483,12,-31,139.332,1.5,0,0,0,25
3688428915,93.0634,0,0,-93.0634,93.0634,347,5,-42,91.8306,1.5,0,0,0,25
3691428777,93.6501,0,0,-93.6501,93.6501,209,19,22.5,53.4207,1.5,0,0,0,25
3693428992,113.045,0,0,-113.045,113.045,424,11,24.5,122.176,1.5,0,0,0,25
3696428787,89.8796,0,0,-89.8796,89.8796,219,4,-28.3099,54.8099,1.5,0,0,0,25
3700000219,89.8796,0,0,-89.8796,89.8796,219,0,0,0,25,4,-28.4159,54.9159,1.5
3700035888,102.388,0,0,-102.388,102.388,173,0,0,0,25,6,3.5,45.5696,1.5
3700035916,88.0732,0,0,-88.0732,88.0732,201,0,0,0,25,7,18.3652,52.1348,1.5
3700035924,93.6501,0,0,-93.6501,93.6501,209,0,0,0,25,19,22.5,53.2707,1.5
3700035939,102.911,0,0,-102.911,102.911,224,0,0,0,25,9,7.5568,62.0568,1.5
3700035946,98.6666,0,0,-98.6666,98.6666,231,0,0,0,25,1,-20.823,61.677,1.5
3700035953,96.6961,0,0,-96.6961,96.6961,238,0,0,0,25,16,17.7015,64.7015,1.5
3700036030,98.6156,0,0,-98.6156,98.6156,315,0,0,0,25,13,36.1983,83.6983,1.5
3700036044,101.775,0,0,-101.775,101.775,329,0,0,0,25,20,23.54,92.54,1.5
3700036057,102.911,0,0,-102.911,102.911,342,0,0,0,25,2,-9.80851,99.5,1.5
3700036062,93.0634,0,0,-93.0634,93.0634,347,0,0,0,25,5,-42,91.6806,1.5
3700036124,95.1081,0,0,-95.1081,95.1081,409,0,0,0,25,3,-42.3989,112.5,1.5
3700036137,106.316,0,0,-106.316,106.316,422,0,0,0,25,17,54,111.476,1.5
3700036139,113.045,0,0,-113.045,113.045,424,0,0,0,25,11,24.5,122.026,1.5
3700036184,98.2517,0,0,-98.2517,98.2517,469,0,0,0,25,8,-43,131.198,1.5
3700036195,109.732,0,0,-109.732,109.732,480,0,0,0,25,18,63.2205,126.72,1.5
3700036196,106.746,0,0,-106.746,106.746,481,0,0,0,25,15,49.0932,133.093,1.5
3700036198,96.7347,0,0,-96.7347,96.7347,483,0,0,0,25,12,-31,139.182,1.5
3700036202,96.8948,0,0,-96.8948,96.8948,487,0,0,0,25,14,-53.038,133.538,1.5
3700036216,112.624,0,0,-112.624,112.624,501,0,0,0,25,10,-2,136.877,1.5
3702928806,96.6961,0,0,-96.6961,96.6961,238,16,17.7015,64.7015,1.5,0,0,0,25
3703428792,102.911,0,0,-102.911,102.911,224,9,7.5568,62.0568,1.5,0,0,0,25
3705428741,102.388,0,0,-102.388,102.388,173,6,3.5,45.5696,1.5,0,0,0,25
3706429055,96.8948,0,0,-96.8948,96.8948,487,14,-53.038,133.538,1.5,0,0,0,25
3708928897,101.775,0,0,-101.775,101.775,329,20,23.54,92.54,1.5,0,0,0,25
3709428799,98.6666,0,0,-98.6666,98.6666,231,1,-20.823,61.677,1.5,0,0,0,25
3709429049,106.746,0,0,-106.746,106.746,481,15,49.0932,133.093,1.5,0,0,0,25
3713428910,102.911,0,0,-102.911,102.911,342,2,-9.80851,99.5,1.5,0,0,0,25
3713428990,106.316,0,0,-106.316,106.316,422,17,54,111.476,1.5,0,0,0,25
3714928769,88.0732,0,0,-88.0732,88.0732,201,7,18.3652,52.1348,1.5,0,0,0,25
3721428977,95.1081,0,0,-95.1081,95.1081,409,3,-42.3989,112.5,1.5,0,0,0,25
3721429037,98.2517,0,0,-98.2517,98.2517,469,8,-43,131.198,1.5,0,0,0,25
3724929069,112.624,0,0,-112.624,112.624,501,10,-2,136.877,1.5,0,0,0,25
3725429048,109.732,0,0,-109.732,109.732,480,18,63.2205,126.72,1.5,0,0,0,25
3735928883,98.6156,0,0,-98.6156,98.6156,315,13,36.1983,83.6983,1.5,0,0,0,25
3737929051,96.7347,0,0,-96.7347,96.7347,483,12,-31,139.182,1.5,0,0,0,25
3738928915,93.0634,0,0,-93.0634,93.0634,347,5,-42,91.6806,1.5,0,0,0,25
3741428777,93.6501,0,0,-93.6501,93.6501,209,19,22.5,53.2707,1.5,0,0,0,25
3743428992,113.045,0,0,-113.045,113.045,424,11,24.5,122.026,1.5,0,0,0,25
3746928787,89.8796,0,0,-89.8796,89.8796,219,4,-28.4159,54.9159,1.5,0,0,0,25
3750000219,89.8796,0,0,-89.8796,89.8796,219,0,0,0,25,4,-28.4159,54.9159,1.5
3750035888,102.388,0,0,-102.388,102.388,173,0,0,0,25,6,3.5,45.5696,1.5
3750035916,88.0732,0,0,-88.0732,88.0732,201,0,0,0,25,7,18.3652,52.1348,1.5
3750035924,93.6501,0,0,-93.6501,93.6501,209,0,0,0,25,19,22.5,53.2707,1.5
3750035939,102.911,0,0,-102.911,102.911,224,0,0,0,25,9,7.5568,62.0568,1.5
3750035946,98.6666,0,0,-98.6666,98.6666,231,0,0,0,25,1,-20.823,61.677,1.5
3750035953,96.6961,0,0,-96.6961,96.6961,238,0,0,0,25,16,17.7015,64.7015,1.5
3750036030,98.6156,0,0,-98.6156,98.6156,315,0,0,0,25,13,36.1983,83.6983,1.5
3750036044,101.775,0,0,-101.775,101.775,329,0,0,0,25,20,23.54,92.54,1.5
3750036057,102.911,0,0,-102.911,102.911,342,0,0,0,25,2,-9.80851,99.5,1.5
3750036062,93.0634,0,0,-93.0634,93.0634,347,0,0,0,25,5,-42,91.6806,1.5
3750036124,95.1081,0,0,-95.1081,95.1081,409,0,0,0,25,3,-42.3989,112.5,1.5
3750036137,106.316,0,0,-106.316,106.316,422,0,0,0,25,17,54,111.476,1.5
3750036139,113.045,0,0,-113.045,113.045,424,0,0,0,25,11,24.5,122.026,1.5
3750036184,98.2517,0,0,-98.2517,98.2517,469,0,0,0,25,8,-43,131.198,1.5
3750036195,109.732,0,0,-109.732,109.732,480,0,0,0,25,18,63.2205,126.72,1.5
3750036196,106.746,0,0,-106.746,106.746,481,0,0,0,25,15,49.0932,133.093,1.5
3750036198,96.7347,0,0,-96.7347,96.7347,483,0,0,0,25,12,-31,139.182,1.5
3750036202,96.8948,0,0,-96.8948,96.8948,487,0,0,0,25,14,-53.038,133.538,1.5
3750036216,112.624,0,0,-112.624,112.624,501,0,0,0,25,10,-2,136.877,1.5
3752928806,96.6961,0,0,-96.6961,96.6961,238,16,17.7015,64.7015,1.5,0,0,0,25
3753928792,102.911,0,0,-102.911,102.911,224,9,7.5568,62.0568,1.5,0,0,0,25
3755928741,102.388,0,0,-102.388,102.388,173,6,3.5,45.5696,1.5,0,0,0,25
3756429055,96.8948,0,0,-96.8948,96.8948,487,14,-53.038,133.538,1.5,0,0,0,25
3759428897,101.775,0,0,-101.775,101.775,329,20,23.54,92.54,1.5,0,0,0,25
3759429049,106.746,0,0,-106.746,106.746,481,15,49.0932,133.093,1.5,0,0,0,25
3759928799,98.6666,0,0,-98.6666,98.6666,231,1,-20.823,61.677,1.5,0,0,0,25
3763428910,102.911,0,0,-102.911,102.911,342,2,-9.80851,99.5,1.5,0,0,0,25
3765428769,88.0732,0,0,-88.0732,88.0732,201,7,18.3652,52.1348,1.5,0,0,0,25
3765428990,106.316,0,0,-106.316,106.316,422,17,54,111.476,1.5,0,0,0,25
3771928977,95.1081,0,0,-95.1081,95.1081,409,3,-42.3989,112.5,1.5,0,0,0,25
3771929037,98.2517,0,0,-98.2517,98.2517,469,8,-43,131.198,1.5,0,0,0,25
3774929069,112.624,0,0,-112.624,112.624,501,10,-2,136.877,1.5,0,0,0,25
3775429048,109.732,0,0,-109.732,109.732,480,18,63.2205,126.72,1.5,0,0,0,25
3785928883,98.6156,0,0,-98.6156,98.6156,315,13,36.1983,83.6983,1.5,0,0,0,25
3788429051,96.7347,0,0,-96.7347,96.7347,483,12,-31,139.182,1.5,0,0,0,25
3789428915,93.0634,0,0,-93.0634,93.0634,347,5,-42,91.6806,1.5,0,0,0,25
3791428777,93.6501,0,0,-93.6501,93.6501,209,19,22.5,53.2707,1.5,0,0,0,25
3793428992,113.045,0,0,-113.045,113.045,424,11,24.5,122.026,1.5,0,0,0,25
3796928787,89.8796,0,0,-89.8796,89.8796,219,4,-28.4159,54.9159,1.5,0,0,0,25
3800000219,89.8796,0,0,-89.8796,89.8796,219,0,0,0,25,4,-28.522,55.022,1.5
3800035888,102.388,0,0,-102.388,102.388,173,0,0,0,25,6,3.5,45.4196,1.5
3800035916,88.0732,0,0,-88.0732,88.0732,201,0,0,0,25,7,18.4713,52.0287,1.5
3800035924,93.6501,0,0,-93.6501,93.6501,209,0,0,0,25,19,22.5,53.1207,1.5
3800035939,102.911,0,0,-102.911,102.911,224,0,0,0,25,9,7.45073,61.9507,1.5
3800035946,98.6666,0,0,-98.6666,98.6666,231,0,0,0,25,1,-20.9291,61.5709,1.5
3800035953,96.6961,0,0,-96.6961,96.6961,238,0,0,0,25,16,17.5954,64.5954,1.5
3800036030,98.6156,0,0,-98.6156,98.6156,315,0,0,0,25,13,36.0922,83.5922,1.5
3800036044,101.775,0,0,-101.775,101.775,329,0,0,0,25,20,23.434,92.434,1.5
3800036057,102.911,0,0,-102.911,102.911,342,0,0,0,25,2,-9.95851,99.5,1.5
3800036062,93.0634,0,0,-93.0634,93.0634,347,0,0,0,25,5,-42,91.5306,1.5
3800036124,95.1081,0,0,-95.1081,95.1081,409,0,0,0,25,3,-42.2489,112.5,1.5
3800036137,106.316,0,0,-106.316,106.316,422,0,0,0,25,17,54,111.326,1.5
3800036139,113.045,0,0,-113.045,113.045,424,0,0,0,25,11,24.5,121.876,1.5
3800036184,98.2517,0,0,-98.2517,98.2517,469,0,0,0,25,8,-43,131.048,1.5
3800036195,109.732,0,0,-109.732,109.732,480,0,0,0,25,18,63.1144,126.614,1.5
3800036196,106.746,0,0,-106.746,106.746,481,0,0,0,25,15,48.9872,132.987,1.5
3800036198,96.7347,0,0,-96.7347,96.7347,483,0,0,0,25,12,-31,139.032,1.5
3800036202,96.8948,0,0,-96.8948,96.8948,487,0,0,0,25,14,-52.9319,133.432,1.5
3800036216,112.624,0,0,-112.624,112.624,501,0,0,0,25,10,-2,136.727,1.5
3802928806,96.6961,0,0,-96.6961,96.6961,238,16,17.5954,64.5954,1.5,0,0,0,25
3804428792,102.911,0,0,-102.911,102.911,224,9,7.45073,61.9507,1.5,0,0,0,25
3805928741,102.388,0,0,-102.388,102.388,173,6,3.5,45.4196,1.5,0,0,0,25
3806429055,96.8948,0,0,-96.8948,96.8948,487,14,-52.9319,133.432,1.5,0,0,0,25
3809428897,101.775,0,0,-101.775,101.775,329,20,23.434,92.434,1.5,0,0,0,25
3809429049,106.746,0,0,-106.746,106.746,481,15,48.9872,132.987,1.5,0,0,0,25
3810428799,98.6666,0,0,-98.6666,98.6666,231,1,-20.9291,61.5709,1.5,0,0,0,25
3813928910,102.911,0,0,-102.911,102.911,342,2,-9.95851,99.5,1.5,0,0,0,25
3815428769,88.0732,0,0,-88.0732,88.0732,201,7,18.4713,52.0287,1.5,0,0,0,25
3817428990,106.316,0,0,-106.316,106.316,422,17,54,111.326,1.5,0,0,0,25
3821928977,95.1081,0,0,-95.1081,95.1081,409,3,-42.2489,112.5,1.5,0,0,0,25
3822429037,98.2517,0,0,-98.2517,98.2517,469,8,-43,131.048,1.5,0,0,0,25
3825429048,109.732,0,0,-109.732,109.732,480,18,63.1144,126.614,1.5,0,0,0,25
3825429069,112.624,0,0,-112.624,112.624,501,10,-2,136.727,1.5,0,0,0,25
3835928883,98.6156,0,0,-98.6156,98.6156,315,13,36.0922,83.5922,1.5,0,0,0,25
3838929051,96.7347,0,0,-96.7347,96.7347,483,12,-31,139.032,1.5,0,0,0,25
3839928915,93.0634,0,0,-93.0634,93.0634,347,5,-42,91.5306,1.5,0,0,0,25
3841428777,93.6501,0,0,-93.6501,93.6501,209,19,22.5,53.1207,1.5,0,0,0,25
3843928992,113.045,0,0,-113.045,113.045,424,11,24.5,121.876,1.5,0,0,0,25
3847428787,89.8796,0,0,-89.8796,89.8796,219,4,-28.522,55.022,1.5,0,0,0,25
3850000219,89.8796,0,0,-89.8796,89.8796,219,0,0,0,25,4,-28.522,55.022,1.5
3850035888,102.388,0,0,-102.388,102.388,173,0,0,0,25,6,3.5,45.4196,1.5
3850035916,88.0732,0,0,-88.0732,88.0732,201,0,0,0,25,7,18.4713,52.0287,1.5
3850035924,93.6501,0,0,-93.6501,93.6501,209,0,0,0,25,19,22.5,53.1207,1.5
3850035939,102.911,0,0,-102.911,102.911,224,0,0,0,25,9,7.45073,61.9507,1.5
3850035946,98.6666,0,0,-98.6666,98.6666,231,0,0,0,25,1,-20.9291,61.5709,1.5
3850035953,96.6961,0,0,-96.6961,96.6961,238,0,0,0,25,16,17.5954,64.5954,1.5
3850036030,98.6156,0,0,-98.6156,98.6156,315,0,0,0,25,13,36.0922,83.5922,1.5
3850036044,101.775,0,0,-101.775,101.775,329,0,0,0,25,20,23.434,92.434,1.5
3850036057,102.911,0,0,-102.911,102.911,342,0,0,0,25,2,-9.95851,99.5,1.5
3850036062,93.0634,0,0,-93.0634,93.0634,347,0,0,0,25,5,-42,91.5306,1.5
3850036124,95.1081,0,0,-95.1081,95.1081,409,0,0,0,25,3,-42.2489,112.5,1.5
3850036137,106.316,0,0,-106.316,106.316,422,0,0,0,25,17,54,111.326,1.5
3850036139,113.045,0,0,-113.045,113.045,424,0,0,0,25,11,24.5,121.876,1.5
3850036184,98.2517,0,0,-98.2517,98.2517,469,0,0,0,25,8,-43,131.048,1.5
3850036195,109.732,0,0,-109.732,109.732,480,0,0,0,25,18,63.1144,126.614,1.5
3850036196,106.746,0,0,-106.746,106.746,481,0,0,0,25,15,48.9872,132.987,1.5
3850036198,96.7347,0,0,-96.7347,96.7347,483,0,0,0,25,12,-31,139.032,1.5
3850036202,96.8948,0,0,-96.8948,96.8948,487,0,0,0,25,14,-52.9319,133.432,1.5
3850036216,112.624,0,0,-112.624,112.624,501,0,0,0,25,10,-2,136.727,1.5
3852928806,96.6961,0,0,-96.6961,96.6961,238,16,17.5954,64.5954,1.5,0,0,0,25
3854928792,102.911,0,0,-102.911,102.911,224,9,7.45073,61.9507,1.5,0,0,0,25
3856428741,102.388,0,0,-102.388,102.388,173,6,3.5,45.4196,1.5,0,0,0,25
3856429055,96.8948,0,0,-96.8948,96.8948,487,14,-52.9319,133.432,1.5,0,0,0,25
3859428897,101.775,0,0,-101.775,101.775,329,20,23.434,92.434,1.5,0,0,0,25
3859429049,106.746,0,0,-106.746,106.746,481,15,48.9872,132.987,1.5,0,0,0,25
3860928799,98.6666,0,0,-98.6666,98.6666,231,1,-20.9291,61.5709,1.5,0,0,0,25
3864428910,102.911,0,0,-102.911,102.911,342,2,-9.95851,99.5,1.5,0,0,0,25
3865928769,88.0732,0,0,-88.0732,88.0732,201,7,18.4713,52.0287,1.5,0,0,0,25
3869428990,106.316,0,0,-106.316,106.316,422,17,54,111.326,1.5,0,0,0,25
3872428977,95.1081,0,0,-95.1081,95.1081,409,3,-42.2489,112.5,1.5,0,0,0,25
3872929037,98.2517,0,0,-98.2517,98.2517,469,8,-43,131.048,1.5,0,0,0,25
3875429048,109.732,0,0,-109.732,109.732,480,18,63.1144,126.614,1.5,0,0,0,25
3875929069,112.624,0,0,-112.624,112.624,501,10,-2,136.727,1.5,0,0,0,25
3885928883,98.6156,0,0,-98.6156,98.6156,315,13,36.0922,83.5922,1.5,0,0,0,25
3889429051,96.7347,0,0,-96.7347,96.7347,483,12,-31,139.032,1.5,0,0,0,25
3889928915,93.0634,0,0,-93.0634,93.0634,347,5,-42,91.5306,1.5,0,0,0,25
3891428777,93.6501,0,0,-93.6501,93.6501,209,19,22.5,53.1207,1.5,0,0,0,25
3893928992,113.045,0,0,-113.045,113.045,424,11,24.5,121.876,1.5,0,0,0,25
3897928787,89.8796,0,0,-89.8796,89.8796,219,4,-28.522,55.022,1.5,0,0,0,25
3900000219,89.8796,0,0,-89.8796,89.8796,219,0,0,0,25,4,-28.6281,55.1281,1.5
3900035888,102.388,0,0,-102.388,102.388,173,0,0,0,25,6,3.5,45.2696,1.5
3900035916,88.0732,0,0,-88.0732,88.0732,201,0,0,0,25,7,18.5774,51.9226,1.5
3900035924,93.6501,0,0,-93.6501,93.6501,209,0,0,0,25,19,22.5,52.9707,1.5
3900035939,102.911,0,0,-102.911,102.911,224,0,0,0,25,9,7.34467,61.8447,1.5
3900035946,98.6666,0,0,-98.6666,98.6666,231,0,0,0,25,1,-21.0351,61.4649,1.5
3900035953,96.6961,0,0,-96.6961,96.6961,238,0,0,0,25,16,17.4894,64.4894,1.5
3900036030,98.6156,0,0,-98.6156,98.6156,315,0,0,0,25,13,35.9861,83.4861,1.5
3900036044,101.775,0,0,-101.775,101.775,329,0,0,0,25,20,23.3279,92.3279,1.5
3900036057,102.911,0,0,-102.911,102.911,342,0,0,0,25,2,-10.1085,99.5,1.5
3900036062,93.0634,0,0,-93.0634,93.0634,347,0,0,0,25,5,-42,91.3806,1.5
3900036124,95.1081,0,0,-95.1081,95.1081,409,0,0,0,25,3,-42.0989,112.5,1.5
3900036137,106.316,0,0,-106.316,106.316,422,0,0,0,25,17,54,111.176,1.5
3900036139,113.045,0,0,-113.045,113.045,424,0,0,0,25,11,24.5,121.726,1.5
3900036184,98.2517,0,0,-98.2517,98.2517,469,0,0,0,25,8,-43,130.898,1.5
3900036195,109.732,0,0,-109.732,109.732,480,0,0,0,25,18,63.0083,126.508,1.5
3900036196,106.746,0,0,-106.746,106.746,481,0,0,0,25,15,48.8811,132.881,1.5
3900036198,96.7347,0,0,-96.7347,96.7347,483,0,0,0,25,12,-31,138.882,1.5
3900036202,96.8948,0,0,-96.8948,96.8948,487,0,0,0,25,14,-52.8258,133.326,1.5
3900036216,112.624,0,0,-112.624,112.624,501,0,0,0,25,10,-2,136.577,1.5
3902928806,96.6961,0,0,-96.6961,96.6961,238,16,17.4894,64.4894,1.5,0,0,0,25
3905428792,102.911,0,0,-102.911,102.911,224,9,7.34467,61.8447,1.5,0,0,0,25
3906429055,96.8948,0,0,-96.8948,96.8948,487,14,-52.8258,133.326,1.5,0,0,0,25
3906928741,102.388,0,0,-102.388,102.388,173,6,3.5,45.2696,1.5,0,0,0,25
3909428897,101.775,0,0,-101.775,101.775,329,20,23.3279,92.3279,1.5,0,0,0,25
3909429049,106.746,0,0,-106.746,106.746,481,15,48.8811,132.881,1.5,0,0,0,25
3910928799,98.6666,0,0,-98.6666,98.6666,231,1,-21.0351,61.4649,1.5,0,0,0,25
3914928910,102.911,0,0,-102.911,102.911,342,2,-10.1085,99.5,1.5,0,0,0,25
3916428769,88.0732,0,0,-88.0732,88.0732,201,7,18.5774,51.9226,1.5,0,0,0,25
3921428990,106.316,0,0,-106.316,106.316,422,17,54,111.176,1.5,0,0,0,25
3922928977,95.1081,0,0,-95.1081,95.1081,409,3,-42.0989,112.5,1.5,0,0,0,25
3922929037,98.2517,0,0,-98.2517,98.2517,469,8,-43,130.898,1.5,0,0,0,25
3925929048,109.732,0,0,-109.732,109.732,480,18,63.0083,126.508,1.5,0,0,0,25
3926429069,112.624,0,0,-112.624,112.624,501,10,-2,136.577,1.5,0,0,0,25
3935928883,98.6156,0,0,-98.6156,98.6156,315,13,35.9861,83.4861,1.5,0,0,0,25
3939429051,96.7347,0,0,-96.7347,96.7347,483,12,-31,138.882,1.5,0,0,0,25
3940428915,93.0634,0,0,-93.0634,93.0634,347,5,-42,91.3806,1.5,0,0,0,25
3941428777,93.6501,0,0,-93.6501,93.6501,209,19,22.5,52.9707,1.5,0,0,0,25
3944428992,113.045,0,0,-113.045,113.045,424,11,24.5,121.726,1.5,0,0,0,25
3948428787,89.8796,0,0,-89.8796,89.8796,219,4,-28.6281,55.1281,1.5,0,0,0,25
3950000219,89.8796,0,0,-89.8796,89.8796,219,0,0,0,25,4,-28.6281,55.1281,1.5
3950035888,102.388,0,0,-102.388,102.388,173,0,0,0,25,6,3.5,45.2696,1.5
3950035916,88.0732,0,0,-88.0732,88.0732,201,0,0,0,25,7,18.5774,51.9226,1.5
3950035924,93.6501,0,0,-93.6501,93.6501,209,0,0,0,25,19,22.5,52.9707,1.5
3950035939,102.911,0,0,-102.911,102.911,224,0,0,0,25,9,7.34467,61.8447,1.5
3950035946,98.6666,0,0,-98.6666,98.6666,231,0,0,0,25,1,-21.0351,61.4649,1.5
3950035953,96.6961,0,0,-96.6961,96.6961,238,0,0,0,25,16,17.4894,64.4894,1.5
3950036030,98.6156,0,0,-98.6156,98.6156,315,0,0,0,25,13,35.9861,83.4861,1.5
3950036044,101.775,0,0,-101.775,101.775,329,0,0,0,25,20,23.3279,92.3279,1.5
3950036057,102.911,0,0,-102.911,102.911,342,0,0,0,25,2,-10.1085,99.5,1.5
3950036062,93.0634,0,0,-93.0634,93.0634,347,0,0,0,25,5,-42,91.3806,1.5
3950036124,95.1081,0,0,-95.1081,95.1081,409,0,0,0,25,3,-42.0989,112.5,1.5
3950036137,106.316,0,0,-106.316,106.316,422,0,0,0,25,17,54,111.176,1.5
3950036139,113.045,0,0,-113.045,113.045,424,0,0,0,25,11,24.5,121.726,1.5
3950036184,98.2517,0,0,-98.2517,98.2517,469,0,0,0,25,8,-43,130.898,1.5
3950036195,109.732,0,0,-109.732,109.732,480,0,0,0,25,18,63.0083,126.508,1.5
3950036196,106.746,0,0,-106.746,106.746,481,0,0,0,25,15,48.8811,132.881,1.5
3950036198,96.7347,0,0,-96.7347,96.7347,483,0,0,0,25,12,-31,138.882,1.5
3950036202,96.8948,0,0,-96.8948,96.8948,487,0,0,0,25,14,-52.8258,133.326,1.5
3950036216,112.624,0,0,-112.624,112.624,501,0,0,0,25,10,-2,136.577,1.5
3952928806,96.6961,0,0,-96.6961,96.6961,238,16,17.4894,64.4894,1.5,0,0,0,25
3955428792,102.911,0,0,-102.911,102.911,224,9,7.34467,61.8447,1.5,0,0,0,25
3956429055,96.8948,0,0,-96.8948,96.8948,487,14,-52.8258,133.326,1.5,0,0,0,25
3957428741,102.388,0,0,-102.388,102.388,173,6,3.5,45.2696,1.5,0,0,0,25
3959429049,106.746,0,0,-106.746,106.746,481,15,48.8811,132.881,1.5,0,0,0,25
3959928897,101.775,0,0,-101.775,101.775,329,20,23.3279,92.3279,1.5,0,0,0,25
3961428799,98.6666,0,0,-98.6666,98.6666,231,1,-21.0351,61.4649,1.5,0,0,0,25
3965428910,102.911,0,0,-102.911,102.911,342,2,-10.1085,99.5,1.5,0,0,0,25
3966928769,88.0732,0,0,-88.0732,88.0732,201,7,18.5774,51.9226,1.5,0,0,0,25
3973428977,95.1081,0,0,-95.1081,95.1081,409,3,-42.0989,112.5,1.5,0,0,0,25
3973428990,106.316,0,0,-106.316,106.316,422,17,54,111.176,1.5,0,0,0,25
3973429037,98.2517,0,0,-98.2517,98.2517,469,8,-43,130.898,1.5,0,0,0,25
3975929048,109.732,0,0,-109.732,109.732,480,18,63.0083,126.508,1.5,0,0,0,25
3976929069,112.624,0,0,-112.624,112.624,501,10,-2,136.577,1.5,0,0,0,25
3985928883,98.6156,0,0,-98.6156,98.6156,315,13,35.9861,83.4861,1.5,0,0,0,25
3989929051,96.7347,0,0,-96.7347,96.7347,483,12,-31,138.882,1.5,0,0,0,25
3990928915,93.0634,0,0,-93.0634,93.0634,347,5,-42,91.3806,1.5,0,0,0,25
3991428777,93.6501,0,0,-93.6501,93.6501,209,19,22.5,52.9707,1.5,0,0,0,25
3994928992,113.045,0,0,-113.045,113.045,424,11,24.5,121.726,1.5,0,0,0,25
3998928787,89.8796,0,0,-89.8796,89.8796,219,4,-28.6281,55.1281,1.5,0,0,0,25
4000000219,89.8796,0,0,-89.8796,89.8796,219,0,0,0,25,4,-28.7341,55.2341,1.5
4000035888,102.388,0,0,-102.388,102.388,173,0,0,0,25,6,3.5,45.1196,1.5
4000035916,88.0732,0,0,-88.0732,88.0732,201,0,0,0,25,7,18.6834,51.8166,1.5
4000035924,93.6501,0,0,-93.6501,93.6501,209,0,0,0,25,19,22.5,52.8207,1.5
4000035939,102.911,0,0,-102.911,102.911,224,0,0,0,25,9,7.2386,61.7386,1.5
4000035946,98.6666,0,0,-98.6666,98.6666,231,0,0,0,25,1,-21.1412,61.3588,1.5
4000035953,96.6961,0,0,-96.6961,96.6961,238,0,0,0,25,16,17.3833,64.3833,1.5
4000036030,98.6156,0,0,-98.6156,98.6156,315,0,0,0,25,13,35.8801,83.3801,1.5
4000036044,101.775,0,0,-101.775,101.775,329,0,0,0,25,20,23.2218,92.2218,1.5
4000036057,102.911,0,0,-102.911,102.911,342,0,0,0,25,2,-10.2585,99.5,1.5
4000036062,93.0634,0,0,-93.0634,93.0634,347,0,0,0,25,5,-42,91.2306,1.5
4000036124,95.1081,0,0,-95.1081,95.1081,409,0,0,0,25,3,-41.9489,112.5,1.5
4000036137,106.316,0,0,-106.316,106.316,422,0,0,0,25,17,54,111.026,1.5
4000036139,113.045,0,0,-113.045,113.045,424,0,0,0,25,11,24.5,121.576,1.5
4000036184,98.2517,0,0,-98.2517,98.2517,469,0,0,0,25,8,-43,130.748,1.5
4000036195,109.732,0,0,-109.732,109.732,480,0,0,0,25,18,62.9023,126.402,1.5
4000036196,106.746,0,0,-106.746,106.746,481,0,0,0,25,15,48.775,132.775,1.5
4000036198,96.7347,0,0,-96.7347,96.7347,483,0,0,0,25,12,-31,138.732,1.5
4000036202,96.8948,0,0,-96.8948,96.8948,487,0,0,0,25,14,-52.7198,133.22,1.5
4000036216,112.624,0,0,-112.624,112.624,501,0,0,0,25,10,-2,136.427,1.5
4002928806,96.6961,0,0,-96.6961,96.6961,238,16,17.3833,64.3833,1.5,0,0,0,25
4005928792,102.911,0,0,-102.911,102.911,224,9,7.2386,61.7386,1.5,0,0,0,25
4006429055,96.8948,0,0,-96.8948,96.8948,487,14,-52.7198,133.22,1.5,0,0,0,25
4007928741,102.388,0,0,-102.388,102.388,173,6,3.5,45.1196,1.5,0,0,0,25
4009429049,106.746,0,0,-106.746,106.746,481,15,48.775,132.775,1.5,0,0,0,25
4009928897,101.775,0,0,-101.775,101.775,329,20,23.2218,92.2218,1.5,0,0,0,25
4011928799,98.6666,0,0,-98.6666,98.6666,231,1,-21.1412,61.3588,1.5,0,0,0,25
4015428910,102.911,0,0,-102.911,102.911,342,2,-10.2585,99.5,1.5,0,0,0,25
4017428769,88.0732,0,0,-88.0732,88.0732,201,7,18.6834,51.8166,1.5,0,0,0,25
4023928977,95.1081,0,0,-95.1081,95.1081,409,3,-41.9489,112.5,1.5,0,0,0,25
4023929037,98.2517,0,0,-98.2517,98.2517,469,8,-43,130.748,1.5,0,0,0,25
4025428990,106.316,0,0,-106.316,106.316,422,17,54,111.026,1.5,0,0,0,25
4025929048,109.732,0,0,-109.732,109.732,480,18,62.9023,126.402,1.5,0,0,0,25
4026929069,112.624,0,0,-112.624,112.624,501,10,-2,136.427,1.5,0,0,0,25
4035928883,98.6156,0,0,-98.6156,98.6156,315,13,35.8801,83.3801,1.5,0,0,0,25
4040429051,96.7347,0,0,-96.7347,96.7347,483,12,-31,138.732,1.5,0,0,0,25
4041428777,93.6501,0,0,-93.6501,93.6501,209,19,22.5,52.8207,1.5,0,0,0,25
4041428915,93.0634,0,0,-93.0634,93.0634,347,5,-42,91.2306,1.5,0,0,0,25
4045428992,113.045,0,0,-113.045,113.045,424,11,24.5,121.576,1.5,0,0,0,25
4048928787,89.8796,0,0,-89.8796,89.8796,219,4,-28.7341,55.2341,1.5,0,0,0,25
4050000219,89.8796,0,0,-89.8796,89.8796,219,0,0,0,25,4,-28.7341,55.2341,1.5
4050035888,102.388,0,0,-102.388,102.388,173,0,0,0,25,6,3.5,45.1196,1.5
4050035916,88.0732,0,0,-88.0732,88.0732,201,0,0,0,25,7,18.6834,51.8166,1.5
4050035924,93.6501,0,0,-93.6501,93.6501,209,0,0,0,25,19,22.5,52.8207,1.5
4050035939,102.911,0,0,-102.911,102.911,224,0,0,0,25,9,7.2386,61.7386,1.5
4050035946,98.6666,0,0,-98.6666,98.6666,231,0,0,0,25,1,-21.1412,61.3588,1.5
4050035953,96.6961,0,0,-96.6961,96.6961,238,0,0,0,25,16,17.3833,64.3833,1.5
4050036030,98.6156,0,0,-98.6156,98.6156,315,0,0,0,25,13,35.8801,83.3801,1.5
4050036044,101.775,0,0,-101.775,101.775,329,0,0,0,25,20,23.2218,92.2218,1.5
4050036057,102.911,0,0,-102.911,102.911,342,0,0,0,25,2,-10.2585,99.5,1.5
4050036062,93.0634,0,0,-93.0634,93.0634,347,0,0,0,25,5,-42,91.2306,1.5
4050036124,95.1081,0,0,-95.1081,95.1081,409,0,0,0,25,3,-41.9489,112.5,1.5
4050036137,106.316,0,0,-106.316,106.316,422,0,0,0,25,17,54,111.026,1.5
4050036139,113.045,0,0,-113.045,113.045,424,0,0,0,25,11,24.5,121.576,1.5
4050036184,98.2517,0,0,-98.2517,98.2517,469,0,0,0,25,8,-43,130.748,1.5
4050036195,109.732,0,0,-109.732,109.732,480,0,0,0,25,18,62.9023,126.402,1.5
4050036196,106.746,0,0,-106.746,106.746,481,0,0,0,25,15,48.775,132.775,1.5
4050036198,96.7347,0,0,-96.7347,96.7347,483,0,0,0,25,12,-31,138.732,1.5
4050036202,96.8948,0,0,-96.8948,96.8948,487,0,0,0,25,14,-52.7198,133.22,1.5
4050036216,112.624,0,0,-112.624,112.624,501,0,0,0,25,10,-2,136.427,1.5
4052928806,96.6961,0,0,-96.6961,96.6961,238,16,17.3833,64.3833,1.5,0,0,0,25
4056428792,102.911,0,0,-102.911,102.911,224,9,7.2386,61.7386,1.5,0,0,0,25
4056429055,96.8948,0,0,-96.8948,96.8948,487,14,-52.7198,133.22,1.5,0,0,0,25
4057928741,102.388,0,0,-102.388,102.388,173,6,3.5,45.1196,1.5,0,0,0,25
4059429049,106.746,0,0,-106.746,106.746,481,15,48.775,132.775,1.5,0,0,0,25
4059928897,101.775,0,0,-101.775,101.775,329,20,23.2218,92.2218,1.5,0,0,0,25
4062428799,98.6666,0,0,-98.6666,98.6666,231,1,-21.1412,61.3588,1.5,0,0,0,25
4065928910,102.911,0,0,-102.911,102.911,342,2,-10.2585,99.5,1.5,0,0,0,25
4067428769,88.0732,0,0,-88.0732,88.0732,201,7,18.6834,51.8166,1.5,0,0,0,25
4073928977,95.1081,0,0,-95.1081,95.1081,409,3,-41.9489,112.5,1.5,0,0,0,25
4074429037,98.2517,0,0,-98.2517,98.2517,469,8,-43,130.748,1.5,0,0,0,25
4075929048,109.732,0,0,-109.732,109.732,480,18,62.9023,126.402,1.5,0,0,0,25
4076929069,112.624,0,0,-112.624,112.624,501,10,-2,136.427,1.5,0,0,0,25
4077393276,106.316,0,0,-106.316,106.316,422,17,54,111.026,1.5,0,0,0,25
4085928883,98.6156,0,0,-98.6156,98.6156,315,13,35.8801,83.3801,1.5,0,0,0,25
4090929051,96.7347,0,0,-96.7347,96.7347,483,12,-31,138.732,1.5,0,0,0,25
4091428777,93.6501,0,0,-93.6501,93.6501,209,19,22.5,52.8207,1.5,0,0,0,25
4091928915,93.0634,0,0,-93.0634,93.0634,347,5,-42,91.2306,1.5,0,0,0,25
4095928992,113.045,0,0,-113.045,113.045,424,11,24.5,121.576,1.5,0,0,0,25
4099428787,89.8796,0,0,-89.8796,89.8796,219,4,-28.7341,55.2341,1.5,0,0,0,25
4100000219,89.8796,0,0,-89.8796,89.8796,219,0,0,0,25,4,-28.8402,55.3402,1.5
4100035888,102.388,0,0,-102.388,102.388,173,0,0,0,25,6,3.5,44.9696,1.5
4100035916,88.0732,0,0,-88.0732,88.0732,201,0,0,0,25,7,18.7895,51.7105,1.5
4100035924,93.6501,0,0,-93.6501,93.6501,209,0,0,0,25,19,22.5,52.6707,1.5
4100035939,102.911,0,0,-102.911,102.911,224,0,0,0,25,9,7.13254,61.6325,1.5
4100035946,98.6666,0,0,-98.6666,98.6666,231,0,0,0,25,1,-21.2473,61.2527,1.5
4100035953,96.6961,0,0,-96.6961,96.6961,238,0,0,0,25,16,17.2773,64.2773,1.5
4100036030,98.6156,0,0,-98.6156,98.6156,315,0,0,0,25,13,35.774,83.274,1.5
4100036044,101.775,0,0,-101.775,101.775,329,0,0,0,25,20,23.1158,92.1158,1.5
4100036057,102.911,0,0,-102.911,102.911,342,0,0,0,25,2,-10.4085,99.5,1.5
4100036062,93.0634,0,0,-93.0634,93.0634,347,0,0,0,25,5,-42,91.0806,1.5
4100036124,95.1081,0,0,-95.1081,95.1081,409,0,0,0,25,3,-41.7989,112.5,1.5
4100036137,106.316,0,0,-106.316,106.316,422,0,0,0,25,17,54,110.876,1.5
4100036139,113.045,0,0,-113.045,113.045,424,0,0,0,25,11,24.5,121.426,1.5
4100036184,98.2517,0,0,-98.2517,98.2517,469,0,0,0,25,8,-43,130.598,1.5
4100036195,109.732,0,0,-109.732,109.732,480,0,0,0,25,18,62.7962,126.296,1.5
4100036196,106.746,0,0,-106.746,106.746,481,0,0,0,25,15,48.669,132.669,1.5
4100036198,96.7347,0,0,-96.7347,96.7347,483,0,0,0,25,12,-31,138.582,1.5
4100036202,96.8948,0,0,-96.8948,96.8948,487,0,0,0,25,14,-52.6137,133.114,1.5
4100036216,112.624,0,0,-112.624,112.624,501,0,0,0,25,10,-2,136.277,1.5
4102928806,96.6961,0,0,-96.6961,96.6961,238,16,17.2773,64.2773,1.5,0,0,0,25
4106428792,102.911,0,0,-102.911,102.911,224,9,7.13254,61.6325,1.5,0,0,0,25
4106429055,96.8948,0,0,-96.8948,96.8948,487,14,-52.6137,133.114,1.5,0,0,0,25
4107928741,102.388,0,0,-102.388,102.388,173,6,3.5,44.9696,1.5,0,0,0,25
4109429049,106.746,0,0,-106.746,106.746,481,15,48.669,132.669,1.5,0,0,0,25
4109928897,101.775,0,0,-101.775,101.775,329,20,23.1158,92.1158,1.5,0,0,0,25
4112928799,98.6666,0,0,-98.6666,98.6666,231,1,-21.2473,61.2527,1.5,0,0,0,25
4116428910,102.911,0,0,-102.911,102.911,342,2,-10.4085,99.5,1.5,0,0,0,25
4117928769,88.0732,0,0,-88.0732,88.0732,201,7,18.7895,51.7105,1.5,0,0,0,25
4123928977,95.1081,0,0,-95.1081,95.1081,409,3,-41.7989,112.5,1.5,0,0,0,25
4124929037,98.2517,0,0,-98.2517,98.2517,469,8,-43,130.598,1.5,0,0,0,25
4125929048,109.732,0,0,-109.732,109.732,480,18,62.7962,126.296,1.5,0,0,0,25
4126929069,112.624,0,0,-112.624,112.624,501,10,-2,136.277,1.5,0,0,0,25
4129428990,106.316,0,0,-106.316,106.316,422,17,54,110.876,1.5,0,0,0,25
4135928883,98.6156,0,0,-98.6156,98.6156,315,13,35.774,83.274,1.5,0,0,0,25
4141428777,93.6501,0,0,-93.6501,93.6501,209,19,22.5,52.6707,1.5,0,0,0,25
4141429051,96.7347,0,0,-96.7347,96.7347,483,12,-31,138.582,1.5,0,0,0,25
4141928915,93.0634,0,0,-93.0634,93.0634,347,5,-42,91.0806,1.5,0,0,0,25
4145928992,113.045,0,0,-113.045,113.045,424,11,24.5,121.426,1.5,0,0,0,25
4149928787,89.8796,0,0,-89.8796,89.8796,219,4,-28.8402,55.3402,1.5,0,0,0,25
4150000219,89.8796,0,0,-89.8796,89.8796,219,0,0,0,25,4,-28.8402,55.3402,1.5
4150035888,102.388,0,0,-102.388,102.388,173,0,0,0,25,6,3.5,44.9696,1.5
4150035916,88.0732,0,0,-88.0732,88.0732,201,0,0,0,25,7,18.7895,51.7105,1.5
4150035924,93.6501,0,0,-93.6501,93.6501,209,0,0,0,25,19,22.5,52.6707,1.5
4150035939,102.911,0,0,-102.911,102.911,224,0,0,0,25,9,7.13254,61.6325,1.5
4150035946,98.6666,0,0,-98.6666,98.6666,231,0,0,0,25,1,-21.2473,61.2527,1.5
4150035953,96.6961,0,0,-96.6961,96.6961,238,0,0,0,25,16,17.2773,64.2773,1.5
4150036030,98.6156,0,0,-98.6156,98.6156,315,0,0,0,25,13,35.774,83.274,1.5
4150036044,101.775,0,0,-101.775,101.775,329,0,0,0,25,20,23.1158,92.1158,1.5
4150036057,102.911,0,0,-102.911,102.911,342,0,0,0,25,2,-10.4085,99.5,1.5
4150036062,93.0634,0,0,-93.0634,93.0634,347,0,0,0,25,5,-42,91.0806,1.5
4150036124,95.1081,0,0,-95.1081,95.1081,409,0,0,0,25,3,-41.7989,112.5,1.5
4150036137,106.316,0,0,-106.316,106.316,422,0,0,0,25,17,54,110.876,1.5
4150036139,113.045,0,0,-113.045,113.045,424,0,0,0,25,11,24.5,121.426,1.5
4150036184,98.2517,0,0,-98.2517,98.2517,469,0,0,0,25,8,-43,130.598,1.5
4150036195,109.732,0,0,-109.732,109.732,480,0,0,0,25,18,62.7962,126.296,1.5
4150036196,106.746,0,0,-106.746,106.746,481,0,0,0,25,15,48.669,132.669,1.5
4150036198,96.7347,0,0,-96.7347,96.7347,483,0,0,0,25,12,-31,138.582,1.5
4150036202,96.8948,0,0,-96.8948,96.8948,487,0,0,0,25,14,-52.6137,133.114,1.5
4150036216,112.624,0,0,-112.624,112.624,501,0,0,0,25,10,-2,136.277,1.5
4152928806,96.6961,0,0,-96.6961,96.6961,238,16,17.2773,64.2773,1.5,0,0,0,25
4156428792,102.911,0,0,-102.911,102.911,224,9,7.13254,61.6325,1.5,0,0,0,25
4156429055,96.8948,0,0,-96.8948,96.8948,487,14,-52.6137,133.114,1.5,0,0,0,25
4157928741,102.388,0,0,-102.388,102.388,173,6,3.5,44.9696,1.5,0,0,0,25
4159429049,106.746,0,0,-106.746,106.746,481,15,48.669,132.669,1.5,0,0,0,25
4159928897,101.775,0,0,-101.775,101.775,329,20,23.1158,92.1158,1.5,0,0,0,25
4162928799,98.6666,0,0,-98.6666,98.6666,231,1,-21.2473,61.2527,1.5,0,0,0,25
4166928910,102.911,0,0,-102.911,102.911,342,2,-10.4085,99.5,1.5,0,0,0,25
4168428769,88.0732,0,0,-88.0732,88.0732,201,7,18.7895,51.7105,1.5,0,0,0,25
4173928977,95.1081,0,0,-95.1081,95.1081,409,3,-41.7989,112.5,1.5,0,0,0,25
4174929037,98.2517,0,0,-98.2517,98.2517,469,8,-43,130.598,1.5,0,0,0,25
4175929048,109.732,0,0,-109.732,109.732,480,18,62.7962,126.296,1.5,0,0,0,25
4176929069,112.624,0,0,-112.624,112.624,501,10,-2,136.277,1.5,0,0,0,25
4181428990,106.316,0,0,-106.316,106.316,422,17,54,110.876,1.5,0,0,0,25
4185928883,98.6156,0,0,-98.6156,98.6156,315,13,35.774,83.274,1.5,0,0,0,25
4191428777,93.6501,0,0,-93.6501,93.6501,209,19,22.5,52.6707,1.5,0,0,0,25
4191429051,96.7347,0,0,-96.7347,96.7347,483,12,-31,138.582,1.5,0,0,0,25
4192428915,93.0634,0,0,-93.0634,93.0634,347,5,-42,91.0806,1.5,0,0,0,25
4196428992,113.045,0,0,-113.045,113.045,424,11,24.5,121.426,1.5,0,0,0,25
4200000219,89.8796,0,0,-89.8796,89.8796,219,0,0,0,25,4,-28.9463,55.4463,1.5
4200035888,102.388,0,0,-102.388,102.388,173,0,0,0,25,6,3.5,44.8196,1.5
4200035916,88.0732,0,0,-88.0732,88.0732,201,0,0,0,25,7,18.8956,51.6044,1.5
4200035924,93.6501,0,0,-93.6501,93.6501,209,0,0,0,25,19,22.5,52.5207,1.5
4200035939,102.911,0,0,-102.911,102.911,224,0,0,0,25,9,7.02647,61.5265,1.5
4200035946,98.6666,0,0,-98.6666,98.6666,231,0,0,0,25,1,-21.3533,61.1467,1.5
4200035953,96.6961,0,0,-96.6961,96.6961,238,0,0,0,25,16,17.1712,64.1712,1.5
4200036030,98.6156,0,0,-98.6156,98.6156,315,0,0,0,25,13,35.6679,83.1679,1.5
4200036044,101.775,0,0,-101.775,101.775,329,0,0,0,25,20,23.0097,92.0097,1.5
4200036057,102.911,0,0,-102.911,102.911,342,0,0,0,25,2,-10.5585,99.5,1.5
4200036062,93.0634,0,0,-93.0634,93.0634,347,0,0,0,25,5,-42,90.9306,1.5
4200036124,95.1081,0,0,-95.1081,95.1081,409,0,0,0,25,3,-41.6489,112.5,1.5
4200036137,106.316,0,0,-106.316,106.316,422,0,0,0,25,17,54,110.726,1.5
4200036139,113.045,0,0,-113.045,113.045,424,0,0,0,25,11,24.5,121.276,1.5
4200036184,98.2517,0,0,-98.2517,98.2517,469,0,0,0,25,8,-43,130.448,1.5
4200036195,109.732,0,0,-109.732,109.732,480,0,0,0,25,18,62.6901,126.19,1.5
4200036196,106.746,0,0,-106.746,106.746,481,0,0,0,25,15,48.5629,132.563,1.5
4200036198,96.7347,0,0,-96.7347,96.7347,483,0,0,0,25,12,-31,138.432,1.5
4200036202,96.8948,0,0,-96.8948,96.8948,487,0,0,0,25,14,-52.5076,133.008,1.5
4200036216,112.624,0,0,-112.624,112.624,501,0,0,0,25,10,-2,136.127,1.5
4200428787,89.8796,0,0,-89.8796,89.8796,219,4,-28.9463,55.4463,1.5,0,0,0,25
4202928806,96.6961,0,0,-96.6961,96.6961,238,16,17.1712,64.1712,1.5,0,0,0,25
4206428792,102.911,0,0,-102.911,102.911,224,9,7.02647,61.5265,1.5,0,0,0,25
4206429055,96.8948,0,0,-96.8948,96.8948,487,14,-52.5076,133.008,1.5,0,0,0,25
4207928741,102.388,0,0,-102.388,102.388,173,6,3.5,44.8196,1.5,0,0,0,25
4209429049,106.746,0,0,-106.746,106.746,481,15,48.5629,132.563,1.5,0,0,0,25
4209928897,101.775,0,0,-101.775,101.775,329,20,23.0097,92.0097,1.5,0,0,0,25
4213428799,98.6666,0,0,-98.6666,98.6666,231,1,-21.3533,61.1467,1.5,0,0,0,25
4217428910,102.911,0,0,-102.911,102.911,342,2,-10.5585,99.5,1.5,0,0,0,25
4218928769,88.0732,0,0,-88.0732,88.0732,201,7,18.8956,51.6044,1.5,0,0,0,25
4223928977,95.1081,0,0,-95.1081,95.1081,409,3,-41.6489,112.5,1.5,0,0,0,25
4225429037,98.2517,0,0,-98.2517,98.2517,469,8,-43,130.448,1.5,0,0,0,25
4225929048,109.732,0,0,-109.732,109.732,480,18,62.6901,126.19,1.5,0,0,0,25
4227429069,112.624,0,0,-112.624,112.624,501,10,-2,136.127,1.5,0,0,0,25
4233428990,106.316,0,0,-106.316,106.316,422,17,54,110.726,1.5,0,0,0,25
4235928883,98.6156,0,0,-98.6156,98.6156,315,13,35.6679,83.1679,1.5,0,0,0,25
4241428777,93.6501,0,0,-93.6501,93.6501,209,19,22.5,52.5207,1.5,0,0,0,25
4241929051,96.7347,0,0,-96.7347,96.7347,483,12,-31,138.432,1.5,0,0,0,25
4242928915,93.0634,0,0,-93.0634,93.0634,347,5,-42,90.9306,1.5,0,0,0,25
4246928992,113.045,0,0,-113.045,113.045,424,11,24.5,121.276,1.5,0,0,0,25
4250000219,89.8796,0,0,-89.8796,89.8796,219,0,0,0,25,4,-28.9463,55.4463,1.5
4250035888,102.388,0,0,-102.388,102.388,173,0,0,0,25,6,3.5,44.8196,1.5
4250035916,88.0732,0,0,-88.0732,88.0732,201,0,0,0,25,7,18.8956,51.6044,1.5
4250035924,93.6501,0,0,-93.6501,93.6501,209,0,0,0,25,19,22.5,52.5207,1.5
4250035939,102.911,0,0,-102.911,102.911,224,0,0,0,25,9,7.02647,61.5265,1.5
4250035946,98.6666,0,0,-98.6666,98.6666,231,0,0,0,25,1,-21.3533,61.1467,1.5
4250035953,96.6961,0,0,-96.6961,96.6961,238,0,0,0,25,16,17.1712,64.1712,1.5
4250036030,98.6156,0,0,-98.6156,98.6156,315,0,0,0,25,13,35.6679,83.1679,1.5
4250036044,101.775,0,0,-101.775,101.775,329,0,0,0,25,20,23.0097,92.0097,1.5
4250036057,102.911,0,0,-102.911,102.911,342,0,0,0,25,2,-10.5585,99.5,1.5
4250036062,93.0634,0,0,-93.0634,93.0634,347,0,0,0,25,5,-42,90.9306,1.5
4250036124,95.1081,0,0,-95.1081,95.1081,409,0,0,0,25,3,-41.6489,112.5,1.5
4250036137,106.316,0,0,-106.316,106.316,422,0,0,0,25,17,54,110.726,1.5
4250036139,113.045,0,0,-113.045,113.045,424,0,0,0,25,11,24.5,121.276,1.5
4250036184,98.2517,0,0,-98.2517,98.2517,469,0,0,0,25,8,-43,130.448,1.5
4250036195,109.732,0,0,-109.732,109.732,480,0,0,0,25,18,62.6901,126.19,1.5
4250036196,106.746,0,0,-106.746,106.746,481,0,0,0,25,15,48.5629,132.563,1.5
4250036198,96.7347,0,0,-96.7347,96.7347,483,0,0,0,25,12,-31,138.432,1.5
4250036202,96.8948,0,0,-96.8948,96.8948,487,0,0,0,25,14,-52.5076,133.008,1.5
4250036216,112.624,0,0,-112.624,112.624,501,0,0,0,25,10,-2,136.127,1.5
4250928787,89.8796,0,0,-89.8796,89.8796,219,4,-28.9463,55.4463,1.5,0,0,0,25
4252928806,96.6961,0,0,-96.6961,96.6961,238,16,17.1712,64.1712,1.5,0,0,0,25
4256428792,102.911,0,0,-102.911,102.911,224,9,7.02647,61.5265,1.5,0,0,0,25
4256429055,96.8948,0,0,-96.8948,96.8948,487,14,-52.5076,133.008,1.5,0,0,0,25
4258428741,102.388,0,0,-102.388,102.388,173,6,3.5,44.8196,1.5,0,0,0,25
4259429049,106.746,0,0,-106.746,106.746,481,15,48.5629,132.563,1.5,0,0,0,25
4259928897,101.775,0,0,-101.775,101.775,329,20,23.0097,92.0097,1.5,0,0,0,25
4263928799,98.6666,0,0,-98.6666,98.6666,231,1,-21.3533,61.1467,1.5,0,0,0,25
4267428910,102.911,0,0,-102.911,102.911,342,2,-10.5585,99.5,1.5,0,0,0,25
4269428769,88.0732,0,0,-88.0732,88.0732,201,7,18.8956,51.6044,1.5,0,0,0,25
4274428977,95.1081,0,0,-95.1081,95.1081,409,3,-41.6489,112.5,1.5,0,0,0,25
4275929037,98.2517,0,0,-98.2517,98.2517,469,8,-43,130.448,1.5,0,0,0,25
4275929048,109.732,0,0,-109.732,109.732,480,18,62.6901,126.19,1.5,0,0,0,25
4277429069,112.624,0,0,-112.624,112.624,501,10,-2,136.127,1.5,0,0,0,25
4285428990,106.316,0,0,-106.316,106.316,422,17,54,110.726,1.5,0,0,0,25
4285928883,98.6156,0,0,-98.6156,98.6156,315,13,35.6679,83.1679,1.5,0,0,0,25
4291428777,93.6501,0,0,-93.6501,93.6501,209,19,22.5,52.5207,1.5,0,0,0,25
4292429051,96.7347,0,0,-96.7347,96.7347,483,12,-31,138.432,1.5,0,0,0,25
4293428915,93.0634,0,0,-93.0634,93.0634,347,5,-42,90.9306,1.5,0,0,0,25
4297428992,113.045,0,0,-113.045,113.045,424,11,24.5,121.276,1.5,0,0,0,25
4300000219,89.8796,0,0,-89.8796,89.8796,219,0,0,0,25,4,-29.0523,55.5523,1.5
4300035888,102.388,0,0,-102.388,102.388,173,0,0,0,25,6,3.5,44.6696,1.5
4300035916,88.0732,0,0,-88.0732,88.0732,201,0,0,0,25,7,19.0016,51.4984,1.5
4300035924,93.6501,0,0,-93.6501,93.6501,209,0,0,0,25,19,22.5,52.3707,1.5
4300035939,102.911,0,0,-102.911,102.911,224,0,0,0,25,9,6.9204,61.4204,1.5
4300035946,98.6666,0,0,-98.6666,98.6666,231,0,0,0,25,1,-21.4594,61.0406,1.5
4300035953,96.6961,0,0,-96.6961,96.6961,238,0,0,0,25,16,17.0651,64.0651,1.5
4300036030,98.6156,0,0,-98.6156,98.6156,315,0,0,0,25,13,35.5619,83.0619,1.5
4300036044,101.775,0,0,-101.775,101.775,329,0,0,0,25,20,22.9037,91.9037,1.5
4300036057,102.911,0,0,-102.911,102.911,342,0,0,0,25,2,-10.7085,99.5,1.5
4300036062,93.0634,0,0,-93.0634,93.0634,347,0,0,0,25,5,-42,90.7806,1.5
4300036124,95.1081,0,0,-95.1081,95.1081,409,0,0,0,25,3,-41.4989,112.5,1.5
4300036137,106.316,0,0,-106.316,106.316,422,0,0,0,25,17,54,110.576,1.5
4300036139,113.045,0,0,-113.045,113.045,424,0,0,0,25,11,24.5,121.126,1.5
4300036184,98.2517,0,0,-98.2517,98.2517,469,0,0,0,25,8,-43,130.298,1.5
4300036195,109.732,0,0,-109.732,109.732,480,0,0,0,25,18,62.5841,126.084,1.5
4300036196,106.746,0,0,-106.746,106.746,481,0,0,0,25,15,48.4568,132.457,1.5
4300036198,96.7347,0,0,-96.7347,96.7347,483,0,0,0,25,12,-31,138.282,1.5
4300036202,96.8948,0,0,-96.8948,96.8948,487,0,0,0,25,14,-52.4016,132.902,1.5
4300036216,112.624,0,0,-112.624,112.624,501,0,0,0,25,10,-2,135.977,1.5
4300928787,89.8796,0,0,-89.8796,89.8796,219,4,-29.0523,55.5523,1.5,0,0,0,25
4302928806,96.6961,0,0,-96.6961,96.6961,238,16,17.0651,64.0651,1.5,0,0,0,25
4306429055,96.8948,0,0,-96.8948,96.8948,487,14,-52.4016,132.902,1.5,0,0,0,25
4306928792,102.911,0,0,-102.911,102.911,224,9,6.9204,61.4204,1.5,0,0,0,25
4308428741,102.388,0,0,-102.388,102.388,173,6,3.5,44.6696,1.5,0,0,0,25
4309429049,106.746,0,0,-106.746,106.746,481,15,48.4568,132.457,1.5,0,0,0,25
4309928897,101.775,0,0,-101.775,101.775,329,20,22.9037,91.9037,1.5,0,0,0,25
4314428799,98.6666,0,0,-98.6666,98.6666,231,1,-21.4594,61.0406,1.5,0,0,0,25
4317928910,102.911,0,0,-102.911,102.911,342,2,-10.7085,99.5,1.5,0,0,0,25
4319428769,88.0732,0,0,-88.0732,88.0732,201,7,19.0016,51.4984,1.5,0,0,0,25
4324928977,95.1081,0,0,-95.1081,95.1081,409,3,-41.4989,112.5,1.5,0,0,0,25
4325929048,109.732,0,0,-109.732,109.732,480,18,62.5841,126.084,1.5,0,0,0,25
4326429037,98.2517,0,0,-98.2517,98.2517,469,8,-43,130.298,1.5,0,0,0,25
4327929069,112.624,0,0,-112.624,112.624,501,10,-2,135.977,1.5,0,0,0,25
4335928883,98.6156,0,0,-98.6156,98.6156,315,13,35.5619,83.0619,1.5,0,0,0,25
4337428990,106.316,0,0,-106.316,106.316,422,17,54,110.576,1.5,0,0,0,25
4341428777,93.6501,0,0,-93.6501,93.6501,209,19,22.5,52.3707,1.5,0,0,0,25
4342929051,96.7347,0,0,-96.7347,96.7347,483,12,-31,138.282,1.5,0,0,0,25
4343928915,93.0634,0,0,-93.0634,93.0634,347,5,-42,90.7806,1.5,0,0,0,25
4347928992,113.045,0,0,-113.045,113.045,424,11,24.5,121.126,1.5,0,0,0,25
4350000219,89.8796,0,0,-89.8796,89.8796,219,0,0,0,25,4,-29.0523,55.5523,1.5
4350035888,102.388,0,0,-102.388,102.388,173,0,0,0,25,6,3.5,44.6696,1.5
4350035916,88.0732,0,0,-88.0732,88.0732,201,0,0,0,25,7,19.0016,51.4984,1.5
4350035924,93.6501,0,0,-93.6501,93.6501,209,0,0,0,25,19,22.5,52.3707,1.5
4350035939,102.911,0,0,-102.911,102.911,224,0,0,0,25,9,6.9204,61.4204,1.5
4350035946,98.6666,0,0,-98.6666,98.6666,231,0,0,0,25,1,-21.4594,61.0406,1.5
4350035953,96.6961,0,0,-96.6961,96.6961,238,0,0,0,25,16,17.0651,64.0651,1.5
4350036030,98.6156,0,0,-98.6156,98.6156,315,0,0,0,25,13,35.5619,83.0619,1.5
4350036044,101.775,0,0,-101.775,101.775,329,0,0,0,25,20,22.9037,91.9037,1.5
4350036057,102.911,0,0,-102.911,102.911,342,0,0,0,25,2,-10.7085,99.5,1.5
4350036062,93.0634,0,0,-93.0634,93.0634,347,0,0,0,25,5,-42,90.7806,1.5
4350036124,95.1081,0,0,-95.1081,95.1081,409,0,0,0,25,3,-41.4989,112.5,1.5
4350036137,106.316,0,0,-106.316,106.316,422,0,0,0,25,17,54,110.576,1.5
4350036139,113.045,0,0,-113.045,113.045,424,0,0,0,25,11,24.5,121.126,1.5
4350036184,98.2517,0,0,-98.2517,98.2517,469,0,0,0,25,8,-43,130.298,1.5
4350036195,109.732,0,0,-109.732,109.732,480,0,0,0,25,18,62.5841,126.084,1.5
4350036196,106.746,0,0,-106.746,106.746,481,0,0,0,25,15,48.4568,132.457,1.5
4350036198,96.7347,0,0,-96.7347,96.7347,483,0,0,0,25,12,-31,138.282,1.5
4350036202,96.8948,0,0,-96.8948,96.8948,487,0,0,0,25,14,-52.4016,132.902,1.5
4350036216,112.624,0,0,-112.624,112.624,501,0,0,0,25,10,-2,135.977,1.5
4351428787,89.8796,0,0,-89.8796,89.8796,219,4,-29.0523,55.5523,1.5,0,0,0,25
4352928806,96.6961,0,0,-96.6961,96.6961,238,16,17.0651,64.0651,1.5,0,0,0,25
4356429055,96.8948,0,0,-96.8948,96.8948,487,14,-52.4016,132.902,1.5,0,0,0,25
4357428792,102.911,0,0,-102.911,102.911,224,9,6.9204,61.4204,1.5,0,0,0,25
4358928741,102.388,0,0,-102.388,102.388,173,6,3.5,44.6696,1.5,0,0,0,25
4359429049,106.746,0,0,-106.746,106.746,481,15,48.4568,132.457,1.5,0,0,0,25
4359928897,101.775,0,0,-101.775,101.775,329,20,22.9037,91.9037,1.5,0,0,0,25
4364893085,98.6666,0,0,-98.6666,98.6666,231,1,-21.4594,61.0406,1.5,0,0,0,25
4368428910,102.911,0,0,-102.911,102.911,342,2,-10.7085,99.5,1.5,0,0,0,25
4369928769,88.0732,0,0,-88.0732,88.0732,201,7,19.0016,51.4984,1.5,0,0,0,25
4374928977,95.1081,0,0,-95.1081,95.1081,409,3,-41.4989,112.5,1.5,0,0,0,25
4375929048,109.732,0,0,-109.732,109.732,480,18,62.5841,126.084,1.5,0,0,0,25
4376929037,98.2517,0,0,-98.2517,98.2517,469,8,-43,130.298,1.5,0,0,0,25
4378429069,112.624,0,0,-112.624,112.624,501,10,-2,135.977,1.5,0,0,0,25
4385928883,98.6156,0,0,-98.6156,98.6156,315,13,35.5619,83.0619,1.5,0,0,0,25
4389428990,106.316,0,0,-106.316,106.316,422,17,54,110.576,1.5,0,0,0,25
4391428777,93.6501,0,0,-93.6501,93.6501,209,19,22.5,52.3707,1.5,0,0,0,25
4393429051,96.7347,0,0,-96.7347,96.7347,483,12,-31,138.282,1.5,0,0,0,25
4393928915,93.0634,0,0,-93.0634,93.0634,347,5,-42,90.7806,1.5,0,0,0,25
4397928992,113.045,0,0,-113.045,113.045,424,11,24.5,121.126,1.5,0,0,0,25
4400000219,89.8796,0,0,-89.8796,89.8796,219,0,0,0,25,4,-29.1584,55.6584,1.5
4400035888,102.388,0,0,-102.388,102.388,173,0,0,0,25,6,3.5,44.5196,1.5
4400035916,88.0732,0,0,-88.0732,88.0732,201,0,0,0,25,7,19.1077,51.3923,1.5
4400035924,93.6501,0,0,-93.6501,93.6501,209,0,0,0,25,19,22.5,52.2207,1.5
4400035939,102.911,0,0,-102.911,102.911,224,0,0,0,25,9,6.81434,61.3143,1.5
4400035946,98.6666,0,0,-98.6666,98.6666,231,0,0,0,25,1,-21.5655,60.9345,1.5
4400035953,96.6961,0,0,-96.6961,96.6961,238,0,0,0,25,16,16.9591,63.9591,1.5
4400036030,98.6156,0,0,-98.6156,98.6156,315,0,0,0,25,13,35.4558,82.9558,1.5
4400036044,101.775,0,0,-101.775,101.775,329,0,0,0,25,20,22.7976,91.7976,1.5
4400036057,102.911,0,0,-102.911,102.911,342,0,0,0,25,2,-10.8585,99.5,1.5
4400036062,93.0634,0,0,-93.0634,93.0634,347,0,0,0,25,5,-42,90.6306,1.5
4400036124,95.1081,0,0,-95.1081,95.1081,409,0,0,0,25,3,-41.3489,112.5,1.5
4400036137,106.316,0,0,-106.316,106.316,422,0,0,0,25,17,54,110.426,1.5
4400036139,113.045,0,0,-113.045,113.045,424,0,0,0,25,11,24.5,120.976,1.5
4400036184,98.2517,0,0,-98.2517,98.2517,469,0,0,0,25,8,-43,130.148,1.5
4400036195,109.732,0,0,-109.732,109.732,480,0,0,0,25,18,62.478,125.978,1.5
4400036196,106.746,0,0,-106.746,106.746,481,0,0,0,25,15,48.3508,132.351,1.5
4400036198,96.7347,0,0,-96.7347,96.7347,483,0,0,0,25,12,-31,138.132,1.5
4400036202,96.8948,0,0,-96.8948,96.8948,487,0,0,0,25,14,-52.2955,132.796,1.5
4400036216,112.624,0,0,-112.624,112.624,501,0,0,0,25,10,-2,135.827,1.5
4401928787,89.8796,0,0,-89.8796,89.8796,219,4,-29.1584,55.6584,1.5,0,0,0,25
4402928806,96.6961,0,0,-96.6961,96.6961,238,16,16.9591,63.9591,1.5,0,0,0,25
4406429055,96.8948,0,0,-96.8948,96.8948,487,14,-52.2955,132.796,1.5,0,0,0,25
4407928792,102.911,0,0,-102.911,102.911,224,9,6.81434,61.3143,1.5,0,0,0,25
4409428741,102.388,0,0,-102.388,102.388,173,6,3.5,44.5196,1.5,0,0,0,25
4409429049,106.746,0,0,-106.746,106.746,481,15,48.3508,132.351,1.5,0,0,0,25
4409928897,101.775,0,0,-101.775,101.775,329,20,22.7976,91.7976,1.5,0,0,0,25
4414928799,98.6666,0,0,-98.6666,98.6666,231,1,-21.5655,60.9345,1.5,0,0,0,25
4418928910,102.911,0,0,-102.911,102.911,342,2,-10.8585,99.5,1.5,0,0,0,25
4420428769,88.0732,0,0,-88.0732,88.0732,201,7,19.1077,51.3923,1.5,0,0,0,25
4425428977,95.1081,0,0,-95.1081,95.1081,409,3,-41.3489,112.5,1.5,0,0,0,25
4425929048,109.732,0,0,-109.732,109.732,480,18,62.478,125.978,1.5,0,0,0,25
4426929037,98.2517,0,0,-98.2517,98.2517,469,8,-43,130.148,1.5,0,0,0,25
4428429069,112.624,0,0,-112.624,112.624,501,10,-2,135.827,1.5,0,0,0,25
4435928883,98.6156,0,0,-98.6156,98.6156,315,13,35.4558,82.9558,1.5,0,0,0,25
4441428777,93.6501,0,0,-93.6501,93.6501,209,19,22.5,52.2207,1.5,0,0,0,25
4441428990,106.316,0,0,-106.316,106.316,422,17,54,110.426,1.5,0,0,0,25
4443429051,96.7347,0,0,-96.7347,96.7347,483,12,-31,138.132,1.5,0,0,0,25
4444428915,93.0634,0,0,-93.0634,93.0634,347,5,-42,90.6306,1.5,0,0,0,25
4448428992,113.045,0,0,-113.045,113.045,424,11,24.5,120.976,1.5,0,0,0,25
4450000219,89.8796,0,0,-89.8796,89.8796,219,0,0,0,25,4,-29.1584,55.6584,1.5
4450035888,102.388,0,0,-102.388,102.388,173,0,0,0,25,6,3.5,44.5196,1.5
4450035916,88.0732,0,0,-88.0732,88.0732,201,0,0,0,25,7,19.1077,51.3923,1.5
4450035924,93.6501,0,0,-93.6501,93.6501,209,0,0,0,25,19,22.5,52.2207,1.5
4450035939,102.911,0,0,-102.911,102.911,224,0,0,0,25,9,6.81434,61.3143,1.5
4450035946,98.6666,0,0,-98.6666,98.6666,231,0,0,0,25,1,-21.5655,60.9345,1.5
4450035953,96.6961,0,0,-96.6961,96.6961,238,0,0,0,25,16,16.9591,63.9591,1.5
4450036030,98.6156,0,0,-98.6156,98.6156,315,0,0,0,25,13,35.4558,82.9558,1.5
4450036044,101.775,0,0,-101.775,101.775,329,0,0,0,25,20,22.7976,91.7976,1.5
4450036057,102.911,0,0,-102.911,102.911,342,0,0,0,25,2,-10.8585,99.5,1.5
4450036062,93.0634,0,0,-93.0634,93.0634,347,0,0,0,25,5,-42,90.6306,1.5
4450036124,95.1081,0,0,-95.1081,95.1081,409,0,0,0,25,3,-41.3489,112.5,1.5
4450036137,106.316,0,0,-106.316,106.316,422,0,0,0,25,17,54,110.426,1.5
4450036139,113.045,0,0,-113.045,113.045,424,0,0,0,25,11,24.5,120.976,1.5
4450036184,98.2517,0,0,-98.2517,98.2517,469,0,0,0,25,8,-43,130.148,1.5
4450036195,109.732,0,0,-109.732,109.732,480,0,0,0,25,18,62.478,125.978,1.5
4450036196,106.746,0,0,-106.746,106.746,481,0,0,0,25,15,48.3508,132.351,1.5
4450036198,96.7347,0,0,-96.7347,96.7347,483,0,0,0,25,12,-31,138.132,1.5
4450036202,96.8948,0,0,-96.8948,96.8948,487,0,0,0,25,14,-52.2955,132.796,1.5
4450036216,112.624,0,0,-112.624,112.624,501,0,0,0,25,10,-2,135.827,1.5
4452428787,89.8796,0,0,-89.8796,89.8796,219,4,-29.1584,55.6584,1.5,0,0,0,25
4452928806,96.6961,0,0,-96.6961,96.6961,238,16,16.9591,63.9591,1.5,0,0,0,25
4456429055,96.8948,0,0,-96.8948,96.8948,487,14,-52.2955,132.796,1.5,0,0,0,25
4457928792,102.911,0,0,-102.911,102.911,224,9,6.81434,61.3143,1.5,0,0,0,25
4459429049,106.746,0,0,-106.746,106.746,481,15,48.3508,132.351,1.5,0,0,0,25
4459928741,102.388,0,0,-102.388,102.388,173,6,3.5,44.5196,1.5,0,0,0,25
4459928897,101.775,0,0,-101.775,101.775,329,20,22.7976,91.7976,1.5,0,0,0,25
4465428799,98.6666,0,0,-98.6666,98.6666,231,1,-21.5655,60.9345,1.5,0,0,0,25
4469428910,102.911,0,0,-102.911,102.911,342,2,-10.8585,99.5,1.5,0,0,0,25
4470928769,88.0732,0,0,-88.0732,88.0732,201,7,19.1077,51.3923,1.5,0,0,0,25
4475928977,95.1081,0,0,-95.1081,95.1081,409,3,-41.3489,112.5,1.5,0,0,0,25
4475929048,109.732,0,0,-109.732,109.732,480,18,62.478,125.978,1.5,0,0,0,25
4477429037,98.2517,0,0,-98.2517,98.2517,469,8,-43,130.148,1.5,0,0,0,25
4478429069,112.624,0,0,-112.624,112.624,501,10,-2,135.827,1.5,0,0,0,25
4485928883,98.6156,0,0,-98.6156,98.6156,315,13,35.4558,82.9558,1.5,0,0,0,25
4491428777,93.6501,0,0,-93.6501,93.6501,209,19,22.5,52.2207,1.5,0,0,0,25
4493428990,106.316,0,0,-106.316,106.316,422,17,54,110.426,1.5,0,0,0,25
4493929051,96.7347,0,0,-96.7347,96.7347,483,12,-31,138.132,1.5,0,0,0,25
4494928915,93.0634,0,0,-93.0634,93.0634,347,5,-42,90.6306,1.5,0,0,0,25
4498928992,113.045,0,0,-113.045,113.045,424,11,24.5,120.976,1.5,0,0,0,25
4500000219,89.8796,0,0,-89.8796,89.8796,219,0,0,0,25,4,-29.2645,55.7645,1.5
4500035888,102.388,0,0,-102.388,102.388,173,0,0,0,25,6,3.5,44.3696,1.5
4500035916,88.0732,0,0,-88.0732,88.0732,201,0,0,0,25,7,19.2138,51.2862,1.5
4500035924,93.6501,0,0,-93.6501,93.6501,209,0,0,0,25,19,22.5,52.0707,1.5
4500035939,102.911,0,0,-102.911,102.911,224,0,0,0,25,9,6.70827,61.2083,1.5
4500035946,98.6666,0,0,-98.6666,98.6666,231,0,0,0,25,1,-21.6715,60.8285,1.5
4500035953,96.6961,0,0,-96.6961,96.6961,238,0,0,0,25,16,16.853,63.853,1.5
4500036030,98.6156,0,0,-98.6156,98.6156,315,0,0,0,25,13,35.3498,82.8498,1.5
4500036044,101.775,0,0,-101.775,101.775,329,0,0,0,25,20,22.6915,91.6915,1.5
4500036057,102.911,0,0,-102.911,102.911,342,0,0,0,25,2,-11.0085,99.5,1.5
4500036062,93.0634,0,0,-93.0634,93.0634,347,0,0,0,25,5,-42,90.4806,1.5
4500036124,95.1081,0,0,-95.1081,95.1081,409,0,0,0,25,3,-41.1989,112.5,1.5
4500036137,106.316,0,0,-106.316,106.316,422,0,0,0,25,17,54,110.276,1.5
4500036139,113.045,0,0,-113.045,113.045,424,0,0,0,25,11,24.5,120.826,1.5
4500036184,98.2517,0,0,-98.2517,98.2517,469,0,0,0,25,8,-43,129.998,1.5
4500036195,109.732,0,0,-109.732,109.732,480,0,0,0,25,18,62.3719,125.872,1.5
4500036196,106.746,0,0,-106.746,106.746,481,0,0,0,25,15,48.2447,132.245,1.5
4500036198,96.7347,0,0,-96.7347,96.7347,483,0,0,0,25,12,-31,137.982,1.5
4500036202,96.8948,0,0,-96.8948,96.8948,487,0,0,0,25,14,-52.1894,132.689,1.5
4500036216,112.624,0,0,-112.624,112.624,501,0,0,0,25,10,-2,135.677,1.5
4502928787,89.8796,0,0,-89.8796,89.8796,219,4,-29.2645,55.7645,1.5,0,0,0,25
4502928806,96.6961,0,0,-96.6961,96.6961,238,16,16.853,63.853,1.5,0,0,0,25
4506429055,96.8948,0,0,-96.8948,96.8948,487,14,-52.1894,132.689,1.5,0,0,0,25
4507928792,102.911,0,0,-102.911,102.911,224,9,6.70827,61.2083,1.5,0,0,0,25
4509429049,106.746,0,0,-106.746,106.746,481,15,48.2447,132.245,1.5,0,0,0,25
4509928897,101.775,0,0,-101.775,101.775,329,20,22.6915,91.6915,1.5,0,0,0,25
4510428741,102.388,0,0,-102.388,102.388,173,6,3.5,44.3696,1.5,0,0,0,25
4523893055,88.0732,0,0,-88.0732,88.0732,201,7,19.2138,51.2862,1.5,0,0,0,25
4524893085,98.6666,0,0,-98.6666,98.6666,231,1,-21.6715,60.8285,1.5,0,0,0,25
4533393334,109.732,0,0,-109.732,109.732,480,18,62.3719,125.872,1.5,0,0,0,25
4535893196,102.911,0,0,-102.911,102.911,342,2,-11.0085,99.5,1.5,0,0,0,25
4550000219,89.8796,0,0,-89.8796,89.8796,219,0,0,0,25,4,-29.2645,55.7645,1.5
4550893263,95.1081,0,0,-95.1081,95.1081,409,3,-41.1989,112.5,1.5,0,0,0,25
4553500173,102.388,0,0,-102.388,102.388,173,0,0,0,25,6,3.5,44.3696,1.5
4553500201,88.0732,0,0,-88.0732,88.0732,201,0,0,0,25,7,19.2138,51.2862,1.5
4553500209,93.6501,0,0,-93.6501,93.6501,209,0,0,0,25,19,22.5,52.0707,1.5
4553500224,102.911,0,0,-102.911,102.911,224,0,0,0,25,9,6.70827,61.2083,1.5
4553500231,98.6666,0,0,-98.6666,98.6666,231,0,0,0,25,1,-21.6715,60.8285,1.5
4553500238,96.6961,0,0,-96.6961,96.6961,238,0,0,0,25,16,16.853,63.853,1.5
4553500315,98.6156,0,0,-98.6156,98.6156,315,0,0,0,25,13,35.3498,82.8498,1.5
4553500329,101.775,0,0,-101.775,101.775,329,0,0,0,25,20,22.6915,91.6915,1.5
4553500342,102.911,0,0,-102.911,102.911,342,0,0,0,25,2,-11.0085,99.5,1.5
4553500347,93.0634,0,0,-93.0634,93.0634,347,0,0,0,25,5,-42,90.4806,1.5
4553500409,95.1081,0,0,-95.1081,95.1081,409,0,0,0,25,3,-41.1989,112.5,1.5
4553500422,106.316,0,0,-106.316,106.316,422,0,0,0,25,17,54,110.276,1.5
4553500424,113.045,0,0,-113.045,113.045,424,0,0,0,25,11,24.5,120.826,1.5
4553500469,98.2517,0,0,-98.2517,98.2517,469,0,0,0,25,8,-43,129.998,1.5
4553500480,109.732,0,0,-109.732,109.732,480,0,0,0,25,18,62.3719,125.872,1.5
4553500481,106.746,0,0,-106.746,106.746,481,0,0,0,25,15,48.2447,132.245,1.5
4553500483,96.7347,0,0,-96.7347,96.7347,483,0,0,0,25,12,-31,137.982,1.5
4553500487,96.8948,0,0,-96.8948,96.8948,487,0,0,0,25,14,-52.1894,132.689,1.5
4553500501,112.624,0,0,-112.624,112.624,501,0,0,0,25,10,-2,135.677,1.5
4554893337,96.7347,0,0,-96.7347,96.7347,483,12,-31,137.982,1.5,0,0,0,25
4557393276,106.316,0,0,-106.316,106.316,422,17,54,110.276,1.5,0,0,0,25
4559393355,112.624,0,0,-112.624,112.624,501,10,-2,135.677,1.5,0,0,0,25
4562393092,96.6961,0,0,-96.6961,96.6961,238,16,16.853,63.853,1.5,0,0,0,25
4565393201,93.0634,0,0,-93.0634,93.0634,347,5,-42,90.4806,1.5,0,0,0,25
4566393169,98.6156,0,0,-98.6156,98.6156,315,13,35.3498,82.8498,1.5,0,0,0,25
4567393323,98.2517,0,0,-98.2517,98.2517,469,8,-43,129.998,1.5,0,0,0,25
4568393063,93.6501,0,0,-93.6501,93.6501,209,19,22.5,52.0707,1.5,0,0,0,25
4571893073,89.8796,0,0,-89.8796,89.8796,219,4,-29.2645,55.7645,1.5,0,0,0,25
4578393278,113.045,0,0,-113.045,113.045,424,11,24.5,120.826,1.5,0,0,0,25
4580893027,102.388,0,0,-102.388,102.388,173,6,3.5,44.3696,1.5,0,0,0,25
4584893183,101.775,0,0,-101.775,101.775,329,20,22.6915,91.6915,1.5,0,0,0,25
4585393341,96.8948,0,0,-96.8948,96.8948,487,14,-52.1894,132.689,1.5,0,0,0,25
4586393335,106.746,0,0,-106.746,106.746,481,15,48.2447,132.245,1.5,0,0,0,25
4591393078,102.911,0,0,-102.911,102.911,224,9,6.70827,61.2083,1.5,0,0,0,25
4600000219,89.8796,0,0,-89.8796,89.8796,219,0,0,0,25,4,-29.3705,55.8705,1.5
4603500173,102.388,0,0,-102.388,102.388,173,0,0,0,25,6,3.5,44.2196,1.5
4603500201,88.0732,0,0,-88.0732,88.0732,201,0,0,0,25,7,19.3198,51.1802,1.5
4603500209,93.6501,0,0,-93.6501,93.6501,209,0,0,0,25,19,22.5,51.9207,1.5
4603500224,102.911,0,0,-102.911,102.911,224,0,0,0,25,9,6.60221,61.1022,1.5
4603500231,98.6666,0,0,-98.6666,98.6666,231,0,0,0,25,1,-21.7776,60.7224,1.5
4603500238,96.6961,0,0,-96.6961,96.6961,238,0,0,0,25,16,16.7469,63.7469,1.5
4603500315,98.6156,0,0,-98.6156,98.6156,315,0,0,0,25,13,35.2437,82.7437,1.5
4603500329,101.775,0,0,-101.775,101.775,329,0,0,0,25,20,22.5855,91.5855,1.5
4603500342,102.911,0,0,-102.911,102.911,342,0,0,0,25,2,-11.1585,99.5,1.5
4603500347,93.0634,0,0,-93.0634,93.0634,347,0,0,0,25,5,-42,90.3306,1.5
4603500409,95.1081,0,0,-95.1081,95.1081,409,0,0,0,25,3,-41.0489,112.5,1.5
4603500422,106.316,0,0,-106.316,106.316,422,0,0,0,25,17,54,110.126,1.5
4603500424,113.045,0,0,-113.045,113.045,424,0,0,0,25,11,24.5,120.676,1.5
4603500469,98.2517,0,0,-98.2517,98.2517,469,0,0,0,25,8,-43,129.848,1.5
4603500480,109.732,0,0,-109.732,109.732,480,0,0,0,25,18,62.2659,125.766,1.5
4603500481,106.746,0,0,-106.746,106.746,481,0,0,0,25,15,48.1386,132.139,1.5
4603500483,96.7347,0,0,-96.7347,96.7347,483,0,0,0,25,12,-31,137.832,1.5
4603500487,96.8948,0,0,-96.8948,96.8948,487,0,0,0,25,14,-52.0834,132.583,1.5
4603500501,112.624,0,0,-112.624,112.624,501,0,0,0,25,10,-2,135.527,1.5
4603893055,88.0732,0,0,-88.0732,88.0732,201,7,19.3198,51.1802,1.5,0,0,0,25
4604893085,98.6666,0,0,-98.6666,98.6666,231,1,-21.7776,60.7224,1.5,0,0,0,25
4613393334,109.732,0,0,-109.732,109.732,480,18,62.2659,125.766,1.5,0,0,0,25
4615893196,102.911,0,0,-102.911,102.911,342,2,-11.1585,99.5,1.5,0,0,0,25
4630893263,95.1081,0,0,-95.1081,95.1081,409,3,-41.0489,112.5,1.5,0,0,0,25
4634893337,96.7347,0,0,-96.7347,96.7347,483,12,-31,137.832,1.5,0,0,0,25
4637393276,106.316,0,0,-106.316,106.316,422,17,54,110.126,1.5,0,0,0,25
4639393355,112.624,0,0,-112.624,112.624,501,10,-2,135.527,1.5,0,0,0,25
4642393092,96.6961,0,0,-96.6961,96.6961,238,16,16.7469,63.7469,1.5,0,0,0,25
4645393201,93.0634,0,0,-93.0634,93.0634,347,5,-42,90.3306,1.5,0,0,0,25
4646393169,98.6156,0,0,-98.6156,98.6156,315,13,35.2437,82.7437,1.5,0,0,0,25
4647393323,98.2517,0,0,-98.2517,98.2517,469,8,-43,129.848,1.5,0,0,0,25
4648393063,93.6501,0,0,-93.6501,93.6501,209,19,22.5,51.9207,1.5,0,0,0,25
4650000219,89.8796,0,0,-89.8796,89.8796,219,0,0,0,25,4,-29.3705,55.8705,1.5
4651893073,89.8796,0,0,-89.8796,89.8796,219,4,-29.3705,55.8705,1.5,0,0,0,25
4654500173,102.388,0,0,-102.388,102.388,173,0,0,0,25,6,3.5,44.2196,1.5
4654500201,88.0732,0,0,-88.0732,88.0732,201,0,0,0,25,7,19.3198,51.1802,1.5
4654500209,93.6501,0,0,-93.6501,93.6501,209,0,0,0,25,19,22.5,51.9207,1.5
4654500224,102.911,0,0,-102.911,102.911,224,0,0,0,25,9,6.60221,61.1022,1.5
4654500231,98.6666,0,0,-98.6666,98.6666,231,0,0,0,25,1,-21.7776,60.7224,1.5
4654500238,96.6961,0,0,-96.6961,96.6961,238,0,0,0,25,16,16.7469,63.7469,1.5
4654500315,98.6156,0,0,-98.6156,98.6156,315,0,0,0,25,13,35.2437,82.7437,1.5
4654500329,101.775,0,0,-101.775,101.775,329,0,0,0,25,20,22.5855,91.5855,1.5
4654500342,102.911,0,0,-102.911,102.911,342,0,0,0,25,2,-11.1585,99.5,1.5
4654500347,93.0634,0,0,-93.0634,93.0634,347,0,0,0,25,5,-42,90.3306,1.5
4654500409,95.1081,0,0,-95.1081,95.1081,409,0,0,0,25,3,-41.0489,112.5,1.5
4654500422,106.316,0,0,-106.316,106.316,422,0,0,0,25,17,54,110.126,1.5
4654500424,113.045,0,0,-113.045,113.045,424,0,0,0,25,11,24.5,120.676,1.5
4654500469,98.2517,0,0,-98.2517,98.2517,469,0,0,0,25,8,-43,129.848,1.5
4654500480,109.732,0,0,-109.732,109.732,480,0,0,0,25,18,62.2659,125.766,1.5
4654500481,106.746,0,0,-106.746,106.746,481,0,0,0,25,15,48.1386,132.139,1.5
4654500483,96.7347,0,0,-96.7347,96.7347,483,0,0,0,25,12,-31,137.832,1.5
4654500487,96.8948,0,0,-96.8948,96.8948,487,0,0,0,25,14,-52.0834,132.583,1.5
4654500501,112.624,0,0,-112.624,112.624,501,0,0,0,25,10,-2,135.527,1.5
4658393278,113.045,0,0,-113.045,113.045,424,11,24.5,120.676,1.5,0,0,0,25
4660893027,102.388,0,0,-102.388,102.388,173,6,3.5,44.2196,1.5,0,0,0,25
4664893183,101.775,0,0,-101.775,101.775,329,20,22.5855,91.5855,1.5,0,0,0,25
4665393341,96.8948,0,0,-96.8948,96.8948,487,14,-52.0834,132.583,1.5,0,0,0,25
4666393335,106.746,0,0,-106.746,106.746,481,15,48.1386,132.139,1.5,0,0,0,25
4671393078,102.911,0,0,-102.911,102.911,224,9,6.60221,61.1022,1.5,0,0,0,25
4683893055,88.0732,0,0,-88.0732,88.0732,201,7,19.3198,51.1802,1.5,0,0,0,25
4684893085,98.6666,0,0,-98.6666,98.6666,231,1,-21.7776,60.7224,1.5,0,0,0,25
4693393334,109.732,0,0,-109.732,109.732,480,18,62.2659,125.766,1.5,0,0,0,25
4695893196,102.911,0,0,-102.911,102.911,342,2,-11.1585,99.5,1.5,0,0,0,25
4700000219,89.8796,0,0,-89.8796,89.8796,219,0,0,0,25,4,-29.4766,55.9766,1.5
4705000173,102.388,0,0,-102.388,102.388,173,0,0,0,25,6,3.5,44.0696,1.5
4705000201,88.0732,0,0,-88.0732,88.0732,201,0,0,0,25,7,19.4259,51.0741,1.5
4705000209,93.6501,0,0,-93.6501,93.6501,209,0,0,0,25,19,22.5,51.7707,1.5
4705000224,102.911,0,0,-102.911,102.911,224,0,0,0,25,9,6.49614,60.9961,1.5
4705000231,98.6666,0,0,-98.6666,98.6666,231,0,0,0,25,1,-21.8837,60.6163,1.5
4705000238,96.6961,0,0,-96.6961,96.6961,238,0,0,0,25,16,16.6409,63.6409,1.5
4705000315,98.6156,0,0,-98.6156,98.6156,315,0,0,0,25,13,35.1376,82.6376,1.5
4705000329,101.775,0,0,-101.775,101.775,329,0,0,0,25,20,22.4794,91.4794,1.5
4705000342,102.911,0,0,-102.911,102.911,342,0,0,0,25,2,-11.3085,99.5,1.5
4705000347,93.0634,0,0,-93.0634,93.0634,347,0,0,0,25,5,-42,90.1806,1.5
4705000409,95.1081,0,0,-95.1081,95.1081,409,0,0,0,25,3,-40.8989,112.5,1.5
4705000422,106.316,0,0,-106.316,106.316,422,0,0,0,25,17,54,109.976,1.5
4705000424,113.045,0,0,-113.045,113.045,424,0,0,0,25,11,24.5,120.526,1.5
4705000469,98.2517,0,0,-98.2517,98.2517,469,0,0,0,25,8,-43,129.698,1.5
4705000480,109.732,0,0,-109.732,109.732,480,0,0,0,25,18,62.1598,125.66,1.5
4705000481,106.746,0,0,-106.746,106.746,481,0,0,0,25,15,48.0326,132.033,1.5
4705000483,96.7347,0,0,-96.7347,96.7347,483,0,0,0,25,12,-31,137.682,1.5
4705000487,96.8948,0,0,-96.8948,96.8948,487,0,0,0,25,14,-51.9773,132.477,1.5
4705000501,112.624,0,0,-112.624,112.624,501,0,0,0,25,10,-2,135.377,1.5
4710893263,95.1081,0,0,-95.1081,95.1081,409,3,-40.8989,112.5,1.5,0,0,0,25
4714893337,96.7347,0,0,-96.7347,96.7347,483,12,-31,137.682,1.5,0,0,0,25
4717393276,106.316,0,0,-106.316,106.316,422,17,54,109.976,1.5,0,0,0,25
4719393355,112.624,0,0,-112.624,112.624,501,10,-2,135.377,1.5,0,0,0,25
4722393092,96.6961,0,0,-96.6961,96.6961,238,16,16.6409,63.6409,1.5,0,0,0,25
4725393201,93.0634,0,0,-93.0634,93.0634,347,5,-42,90.1806,1.5,0,0,0,25
4726393169,98.6156,0,0,-98.6156,98.6156,315,13,35.1376,82.6376,1.5,0,0,0,25
4727393323,98.2517,0,0,-98.2517,98.2517,469,8,-43,129.698,1.5,0,0,0,25
4728393063,93.6501,0,0,-93.6501,93.6501,209,19,22.5,51.7707,1.5,0,0,0,25
4731893073,89.8796,0,0,-89.8796,89.8796,219,4,-29.4766,55.9766,1.5,0,0,0,25
4738393278,113.045,0,0,-113.045,113.045,424,11,24.5,120.526,1.5,0,0,0,25
4740893027,102.388,0,0,-102.388,102.388,173,6,3.5,44.0696,1.5,0,0,0,25
4744893183,101.775,0,0,-101.775,101.775,329,20,22.4794,91.4794,1.5,0,0,0,25
4745393341,96.8948,0,0,-96.8948,96.8948,487,14,-51.9773,132.477,1.5,0,0,0,25
4746393335,106.746,0,0,-106.746,106.746,481,15,48.0326,132.033,1.5,0,0,0,25
4750000219,89.8796,0,0,-89.8796,89.8796,219,0,0,0,25,4,-29.4766,55.9766,1.5
4751393078,102.911,0,0,-102.911,102.911,224,9,6.49614,60.9961,1.5,0,0,0,25
4755000173,102.388,0,0,-102.388,102.388,173,0,0,0,25,6,3.5,44.0696,1.5
4755000201,88.0732,0,0,-88.0732,88.0732,201,0,0,0,25,7,19.4259,51.0741,1.5
4755000209,93.6501,0,0,-93.6501,93.6501,209,0,0,0,25,19,22.5,51.7707,1.5
4755000224,102.911,0,0,-102.911,102.911,224,0,0,0,25,9,6.49614,60.9961,1.5
4755000231,98.6666,0,0,-98.6666,98.6666,231,0,0,0,25,1,-21.8837,60.6163,1.5
4755000238,96.6961,0,0,-96.6961,96.6961,238,0,0,0,25,16,16.6409,63.6409,1.5
4755000315,98.6156,0,0,-98.6156,98.6156,315,0,0,0,25,13,35.1376,82.6376,1.5
4755000329,101.775,0,0,-101.775,101.775,329,0,0,0,25,20,22.4794,91.4794,1.5
4755000342,102.911,0,0,-102.911,102.911,342,0,0,0,25,2,-11.3085,99.5,1.5
4755000347,93.0634,0,0,-93.0634,93.0634,347,0,0,0,25,5,-42,90.1806,1.5
4755000409,95.1081,0,0,-95.1081,95.1081,409,0,0,0,25,3,-40.8989,112.5,1.5
4755000422,106.316,0,0,-106.316,106.316,422,0,0,0,25,17,54,109.976,1.5
4755000424,113.045,0,0,-113.045,113.045,424,0,0,0,25,11,24.5,120.526,1.5
4755000469,98.2517,0,0,-98.2517,98.2517,469,0,0,0,25,8,-43,129.698,1.5
4755000480,109.732,0,0,-109.732,109.732,480,0,0,0,25,18,62.1598,125.66,1.5
4755000481,106.746,0,0,-106.746,106.746,481,0,0,0,25,15,48.0326,132.033,1.5
4755000483,96.7347,0,0,-96.7347,96.7347,483,0,0,0,25,12,-31,137.682,1.5
4755000487,96.8948,0,0,-96.8948,96.8948,487,0,0,0,25,14,-51.9773,132.477,1.5
4755000501,112.624,0,0,-112.624,112.624,501,0,0,0,25,10,-2,135.377,1.5
4763893055,88.0732,0,0,-88.0732,88.0732,201,7,19.4259,51.0741,1.5,0,0,0,25
4764893085,98.6666,0,0,-98.6666,98.6666,231,1,-21.8837,60.6163,1.5,0,0,0,25
4773393334,109.732,0,0,-109.732,109.732,480,18,62.1598,125.66,1.5,0,0,0,25
4775893196,102.911,0,0,-102.911,102.911,342,2,-11.3085,99.5,1.5,0,0,0,25
4790893263,95.1081,0,0,-95.1081,95.1081,409,3,-40.8989,112.5,1.5,0,0,0,25
4794893337,96.7347,0,0,-96.7347,96.7347,483,12,-31,137.682,1.5,0,0,0,25
4797393276,106.316,0,0,-106.316,106.316,422,17,54,109.976,1.5,0,0,0,25
4799393355,112.624,0,0,-112.624,112.624,501,10,-2,135.377,1.5,0,0,0,25
4800000219,89.8796,0,0,-89.8796,89.8796,219,0,0,0,25,4,-29.5827,56.0827,1.5
4802393092,96.6961,0,0,-96.6961,96.6961,238,16,16.5348,63.5348,1.5,0,0,0,25
4805000173,102.388,0,0,-102.388,102.388,173,0,0,0,25,6,3.5,43.9196,1.5
4805000201,88.0732,0,0,-88.0732,88.0732,201,0,0,0,25,7,19.532,50.968,1.5
4805000209,93.6501,0,0,-93.6501,93.6501,209,0,0,0,25,19,22.5,51.6207,1.5
4805000224,102.911,0,0,-102.911,102.911,224,0,0,0,25,9,6.39007,60.8901,1.5
4805000231,98.6666,0,0,-98.6666,98.6666,231,0,0,0,25,1,-21.9897,60.5103,1.5
4805000238,96.6961,0,0,-96.6961,96.6961,238,0,0,0,25,16,16.5348,63.5348,1.5
4805000315,98.6156,0,0,-98.6156,98.6156,315,0,0,0,25,13,35.0316,82.5316,1.5
4805000329,101.775,0,0,-101.775,101.775,329,0,0,0,25,20,22.3733,91.3733,1.5
4805000342,102.911,0,0,-102.911,102.911,342,0,0,0,25,2,-11.4585,99.5,1.5
4805000347,93.0634,0,0,-93.0634,93.0634,347,0,0,0,25,5,-42,90.0306,1.5
4805000409,95.1081,0,0,-95.1081,95.1081,409,0,0,0,25,3,-40.7489,112.5,1.5
4805000422,106.316,0,0,-106.316,106.316,422,0,0,0,25,17,54,109.826,1.5
4805000424,113.045,0,0,-113.045,113.045,424,0,0,0,25,11,24.5,120.376,1.5
4805000469,98.2517,0,0,-98.2517,98.2517,469,0,0,0,25,8,-43,129.548,1.5
4805000480,109.732,0,0,-109.732,109.732,480,0,0,0,25,18,62.0537,125.554,1.5
4805000481,106.746,0,0,-106.746,106.746,481,0,0,0,25,15,47.9265,131.926,1.5
4805000483,96.7347,0,0,-96.7347,96.7347,483,0,0,0,25,12,-31,137.532,1.5
4805000487,96.8948,0,0,-96.8948,96.8948,487,0,0,0,25,14,-51.8712,132.371,1.5
4805000501,112.624,0,0,-112.624,112.624,501,0,0,0,25,10,-2,135.227,1.5
4805393201,93.0634,0,0,-93.0634,93.0634,347,5,-42,90.0306,1.5,0,0,0,25
4806393169,98.6156,0,0,-98.6156,98.6156,315,13,35.0316,82.5316,1.5,0,0,0,25
4807393323,98.2517,0,0,-98.2517,98.2517,469,8,-43,129.548,1.5,0,0,0,25
4808393063,93.6501,0,0,-93.6501,93.6501,209,19,22.5,51.6207,1.5,0,0,0,25
4811893073,89.8796,0,0,-89.8796,89.8796,219,4,-29.5827,56.0827,1.5,0,0,0,25
4818393278,113.045,0,0,-113.045,113.045,424,11,24.5,120.376,1.5,0,0,0,25
4820893027,102.388,0,0,-102.388,102.388,173,6,3.5,43.9196,1.5,0,0,0,25
4824893183,101.775,0,0,-101.775,101.775,329,20,22.3733,91.3733,1.5,0,0,0,25
4825393341,96.8948,0,0,-96.8948,96.8948,487,14,-51.8712,132.371,1.5,0,0,0,25
4826393335,106.746,0,0,-106.746,106.746,481,15,47.9265,131.926,1.5,0,0,0,25
4831393078,102.911,0,0,-102.911,102.911,224,9,6.39007,60.8901,1.5,0,0,0,25
4843893055,88.0732,0,0,-88.0732,88.0732,201,7,19.532,50.968,1.5,0,0,0,25
4844893085,98.6666,0,0,-98.6666,98.6666,231,1,-21.9897,60.5103,1.5,0,0,0,25
4850000219,89.8796,0,0,-89.8796,89.8796,219,0,0,0,25,4,-29.5827,56.0827,1.5
4853393334,109.732,0,0,-109.732,109.732,480,18,62.0537,125.554,1.5,0,0,0,25
4855000173,102.388,0,0,-102.388,102.388,173,0,0,0,25,6,3.5,43.9196,1.5
4855000201,88.0732,0,0,-88.0732,88.0732,201,0,0,0,25,7,19.532,50.968,1.5
4855000209,93.6501,0,0,-93.6501,93.6501,209,0,0,0,25,19,22.5,51.6207,1.5
4855000224,102.911,0,0,-102.911,102.911,224,0,0,0,25,9,6.39007,60.8901,1.5
4855000231,98.6666,0,0,-98.6666,98.6666,231,0,0,0,25,1,-21.9897,60.5103,1.5
4855000238,96.6961,0,0,-96.6961,96.6961,238,0,0,0,25,16,16.5348,63.5348,1.5
4855000315,98.6156,0,0,-98.6156,98.6156,315,0,0,0,25,13,35.0316,82.5316,1.5
4855000329,101.775,0,0,-101.775,101.775,329,0,0,0,25,20,22.3733,91.3733,1.5
4855000342,102.911,0,0,-102.911,102.911,342,0,0,0,25,2,-11.4585,99.5,1.5
4855000347,93.0634,0,0,-93.0634,93.0634,347,0,0,0,25,5,-42,90.0306,1.5
4855000409,95.1081,0,0,-95.1081,95.1081,409,0,0,0,25,3,-40.7489,112.5,1.5
4855000422,106.316,0,0,-106.316,106.316,422,0,0,0,25,17,54,109.826,1.5
4855000424,113.045,0,0,-113.045,113.045,424,0,0,0,25,11,24.5,120.376,1.5
4855000469,98.2517,0,0,-98.2517,98.2517,469,0,0,0,25,8,-43,129.548,1.5
4855000480,109.732,0,0,-109.732,109.732,480,0,0,0,25,18,62.0537,125.554,1.5
4855000481,106.746,0,0,-106.746,106.746,481,0,0,0,25,15,47.9265,131.926,1.5
4855000483,96.7347,0,0,-96.7347,96.7347,483,0,0,0,25,12,-31,137.532,1.5
4855000487,96.8948,0,0,-96.8948,96.8948,487,0,0,0,25,14,-51.8712,132.371,1.5
4855000501,112.624,0,0,-112.624,112.624,501,0,0,0,25,10,-2,135.227,1.5
4855893196,102.911,0,0,-102.911,102.911,342,2,-11.4585,99.5,1.5,0,0,0,25
4870893263,95.1081,0,0,-95.1081,95.1081,409,3,-40.7489,112.5,1.5,0,0,0,25
4874893337,96.7347,0,0,-96.7347,96.7347,483,12,-31,137.532,1.5,0,0,0,25
4877393276,106.316,0,0,-106.316,106.316,422,17,54,109.826,1.5,0,0,0,25
4879393355,112.624,0,0,-112.624,112.624,501,10,-2,135.227,1.5,0,0,0,25
4882393092,96.6961,0,0,-96.6961,96.6961,238,16,16.5348,63.5348,1.5,0,0,0,25
4885393201,93.0634,0,0,-93.0634,93.0634,347,5,-42,90.0306,1.5,0,0,0,25
4886393169,98.6156,0,0,-98.6156,98.6156,315,13,35.0316,82.5316,1.5,0,0,0,25
4887393323,98.2517,0,0,-98.2517,98.2517,469,8,-43,129.548,1.5,0,0,0,25
4888393063,93.6501,0,0,-93.6501,93.6501,209,19,22.5,51.6207,1.5,0,0,0,25
4891893073,89.8796,0,0,-89.8796,89.8796,219,4,-29.5827,56.0827,1.5,0,0,0,25
4898393278,113.045,0,0,-113.045,113.045,424,11,24.5,120.376,1.5,0,0,0,25
4900000219,89.8796,0,0,-89.8796,89.8796,219,0,0,0,25,4,-29.6887,56.1887,1.5
4900893027,102.388,0,0,-102.388,102.388,173,6,3.5,43.7696,1.5,0,0,0,25
4904893183,101.775,0,0,-101.775,101.775,329,20,22.2673,91.2673,1.5,0,0,0,25
4905000173,102.388,0,0,-102.388,102.388,173,0,0,0,25,6,3.5,43.7696,1.5
4905000201,88.0732,0,0,-88.0732,88.0732,201,0,0,0,25,7,19.638,50.862,1.5
4905000209,93.6501,0,0,-93.6501,93.6501,209,0,0,0,25,19,22.5,51.4707,1.5
4905000224,102.911,0,0,-102.911,102.911,224,0,0,0,25,9,6.28401,60.784,1.5
4905000231,98.6666,0,0,-98.6666,98.6666,231,0,0,0,25,1,-22.0958,60.4042,1.5
4905000238,96.6961,0,0,-96.6961,96.6961,238,0,0,0,25,16,16.3992,63.5,1.5
4905000315,98.6156,0,0,-98.6156,98.6156,315,0,0,0,25,13,34.9255,82.4255,1.5
4905000329,101.775,0,0,-101.775,101.775,329,0,0,0,25,20,22.2673,91.2673,1.5
4905000342,102.911,0,0,-102.911,102.911,342,0,0,0,25,2,-11.6085,99.5,1.5
4905000347,93.0634,0,0,-93.0634,93.0634,347,0,0,0,25,5,-42,89.8806,1.5
4905000409,95.1081,0,0,-95.1081,95.1081,409,0,0,0,25,3,-40.5989,112.5,1.5
4905000422,106.316,0,0,-106.316,106.316,422,0,0,0,25,17,54,109.676,1.5
4905000424,113.045,0,0,-113.045,113.045,424,0,0,0,25,11,24.5,120.226,1.5
4905000469,98.2517,0,0,-98.2517,98.2517,469,0,0,0,25,8,-43,129.398,1.5
4905000480,109.732,0,0,-109.732,109.732,480,0,0,0,25,18,61.9477,125.448,1.5
4905000481,106.746,0,0,-106.746,106.746,481,0,0,0,25,15,47.8204,131.82,1.5
4905000483,96.7347,0,0,-96.7347,96.7347,483,0,0,0,25,12,-31,137.382,1.5
4905000487,96.8948,0,0,-96.8948,96.8948,487,0,0,0,25,14,-51.7652,132.265,1.5
4905000501,112.624,0,0,-112.624,112.624,501,0,0,0,25,10,-2,135.077,1.5
4905393341,96.8948,0,0,-96.8948,96.8948,487,14,-51.7652,132.265,1.5,0,0,0,25
4906393335,106.746,0,0,-106.746,106.746,481,15,47.8204,131.82,1.5,0,0,0,25
4911393078,102.911,0,0,-102.911,102.911,224,9,6.28401,60.784,1.5,0,0,0,25
4923893055,88.0732,0,0,-88.0732,88.0732,201,7,19.638,50.862,1.5,0,0,0,25
4924893085,98.6666,0,0,-98.6666,98.6666,231,1,-22.0958,60.4042,1.5,0,0,0,25
4933393334,109.732,0,0,-109.732,109.732,480,18,61.9477,125.448,1.5,0,0,0,25
4935893196,102.911,0,0,-102.911,102.911,342,2,-11.6085,99.5,1.5,0,0,0,25
4950000219,89.8796,0,0,-89.8796,89.8796,219,0,0,0,25,4,-29.6887,56.1887,1.5
4950893263,95.1081,0,0,-95.1081,95.1081,409,3,-40.5989,112.5,1.5,0,0,0,25
4954893337,96.7347,0,0,-96.7347,96.7347,483,12,-31,137.382,1.5,0,0,0,25
4955000173,102.388,0,0,-102.388,102.388,173,0,0,0,25,6,3.5,43.7696,1.5
4955000201,88.0732,0,0,-88.0732,88.0732,201,0,0,0,25,7,19.638,50.862,1.5
4955000209,93.6501,0,0,-93.6501,93.6501,209,0,0,0,25,19,22.5,51.4707,1.5
4955000224,102.911,0,0,-102.911,102.911,224,0,0,0,25,9,6.28401,60.784,1.5
4955000231,98.6666,0,0,-98.6666,98.6666,231,0,0,0,25,1,-22.0958,60.4042,1.5
4955000238,96.6961,0,0,-96.6961,96.6961,238,0,0,0,25,16,16.3992,63.5,1.5
4955000315,98.6156,0,0,-98.6156,98.6156,315,0,0,0,25,13,34.9255,82.4255,1.5
4955000329,101.775,0,0,-101.775,101.775,329,0,0,0,25,20,22.2673,91.2673,1.5
4955000342,102.911,0,0,-102.911,102.911,342,0,0,0,25,2,-11.6085,99.5,1.5
4955000347,93.0634,0,0,-93.0634,93.0634,347,0,0,0,25,5,-42,89.8806,1.5
4955000409,95.1081,0,0,-95.1081,95.1081,409,0,0,0,25,3,-40.5989,112.5,1.5
4955000422,106.316,0,0,-106.316,106.316,422,0,0,0,25,17,54,109.676,1.5
4955000424,113.045,0,0,-113.045,113.045,424,0,0,0,25,11,24.5,120.226,1.5
4955000469,98.2517,0,0,-98.2517,98.2517,469,0,0,0,25,8,-43,129.398,1.5
4955000480,109.732,0,0,-109.732,109.732,480,0,0,0,25,18,61.9477,125.448,1.5
4955000481,106.746,0,0,-106.746,106.746,481,0,0,0,25,15,47.8204,131.82,1.5
4955000483,96.7347,0,0,-96.7347,96.7347,483,0,0,0,25,12,-31,137.382,1.5
4955000487,96.8948,0,0,-96.8948,96.8948,487,0,0,0,25,14,-51.7652,132.265,1.5
4955000501,112.624,0,0,-112.624,112.624,501,0,0,0,25,10,-2,135.077,1.5
4957393276,106.316,0,0,-106.316,106.316,422,17,54,109.676,1.5,0,0,0,25
4959393355,112.624,0,0,-112.624,112.624,501,10,-2,135.077,1.5,0,0,0,25
4962393092,96.6961,0,0,-96.6961,96.6961,238,16,16.3992,63.5,1.5,0,0,0,25
4965393201,93.0634,0,0,-93.0634,93.0634,347,5,-42,89.8806,1.5,0,0,0,25
4966393169,98.6156,0,0,-98.6156,98.6156,315,13,34.9255,82.4255,1.5,0,0,0,25
4967393323,98.2517,0,0,-98.2517,98.2517,469,8,-43,129.398,1.5,0,0,0,25
4968393063,93.6501,0,0,-93.6501,93.6501,209,19,22.5,51.4707,1.5,0,0,0,25
4971893073,89.8796,0,0,-89.8796,89.8796,219,4,-29.6887,56.1887,1.5,0,0,0,25
4978393278,113.045,0,0,-113.045,113.045,424,11,24.5,120.226,1.5,0,0,0,25
4980893027,102.388,0,0,-102.388,102.388,173,6,3.5,43.7696,1.5,0,0,0,25
4984893183,101.775,0,0,-101.775,101.775,329,20,22.2673,91.2673,1.5,0,0,0,25
4985393341,96.8948,0,0,-96.8948,96.8948,487,14,-51.7652,132.265,1.5,0,0,0,25
4986393335,106.746,0,0,-106.746,106.746,481,15,47.8204,131.82,1.5,0,0,0,25
4991393078,102.911,0,0,-102.911,102.911,224,9,6.28401,60.784,1.5,0,0,0,25
