Timestamp_ns,Loss_dB,TxAntGain_dB,RxAntGain_dB,PropGain_dB,Pathloss_dB,Delay_ns,SrcId,SrcX,SrcY,SrcZ,DstId,DstX,DstY,DstZ
81,82.2159,0,0,-82.2159,82.2159,81,0,0,0,10,6,1.53407,22.633,1.5
92,83.7694,0,0,-83.7694,83.7694,92,0,0,0,10,4,-11.3816,23.54,1.5
95,83.5959,0,0,-83.5959,83.5959,95,0,0,0,10,7,6.81259,26.2351,1.5
100,83.9176,0,0,-83.9176,83.9176,100,0,0,0,10,19,9.03328,27.1796,1.5
113,84.6562,0,0,-84.6562,84.6562,113,0,0,0,10,9,5.56353,32.1928,1.5
114,84.5725,0,0,-84.5725,84.5725,114,0,0,0,10,1,-8.2831,32.089,1.5
122,85.2567,0,0,-85.2567,85.2567,122,0,0,0,10,16,10.7662,33.9139,1.5
169,96.8428,0,0,-96.8428,96.8428,169,0,0,0,10,13,20.7076,45.3977,1.5
174,99.1425,0,0,-99.1425,99.1425,174,0,0,0,10,2,-2.22945,51.5363,1.5
176,95.9741,0,0,-95.9741,95.9741,176,0,0,0,10,20,14.3332,50.0297,1.5
187,95.3645,0,0,-95.3645,95.3645,187,0,0,0,10,5,-22.0159,50.7674,1.5
217,102.659,0,0,-102.659,102.659,217,0,0,0,10,3,-25.2835,59.4869,1.5
229,100.778,0,0,-100.778,100.778,229,0,0,0,10,17,28.6707,61.9473,1.5
231,96.1692,0,0,-96.1692,96.1692,231,0,0,0,10,11,13.0927,67.5504,1.5
254,96.5642,0,0,-96.5642,96.5642,254,0,0,0,10,10,-1.16568,75.7663,1.5
256,105.15,0,0,-105.15,105.15,256,0,0,0,10,8,-23.8062,72.3358,1.5
263,105.076,0,0,-105.076,105.076,263,0,0,0,10,15,28.1569,73.0835,1.5
263,104.474,0,0,-104.474,104.474,263,0,0,0,10,18,35.7284,69.6611,1.5
265,98.9,0,0,-98.9,98.9,265,0,0,0,10,12,-16.4083,77.1281,1.5
266,101.391,0,0,-101.391,101.391,266,0,0,0,10,14,-30.2987,73.3447,1.5
16232217,82.2159,0,0,-82.2159,82.2159,81,6,1.53407,22.633,1.5,0,0,0,10
16232228,83.7694,0,0,-83.7694,83.7694,92,4,-11.3816,23.54,1.5,0,0,0,10
16232231,83.5959,0,0,-83.5959,83.5959,95,7,6.81259,26.2351,1.5,0,0,0,10
16232236,83.9176,0,0,-83.9176,83.9176,100,19,9.03328,27.1796,1.5,0,0,0,10
16232249,84.6562,0,0,-84.6562,84.6562,113,9,5.56353,32.1928,1.5,0,0,0,10
16232250,84.5725,0,0,-84.5725,84.5725,114,1,-8.2831,32.089,1.5,0,0,0,10
16232258,85.2567,0,0,-85.2567,85.2567,122,16,10.7662,33.9139,1.5,0,0,0,10
16232305,96.8428,0,0,-96.8428,96.8428,169,13,20.7076,45.3977,1.5,0,0,0,10
16232310,99.1425,0,0,-99.1425,99.1425,174,2,-2.22945,51.5363,1.5,0,0,0,10
16232312,95.9741,0,0,-95.9741,95.9741,176,20,14.3332,50.0297,1.5,0,0,0,10
16232323,95.3645,0,0,-95.3645,95.3645,187,5,-22.0159,50.7674,1.5,0,0,0,10
16232353,102.659,0,0,-102.659,102.659,217,3,-25.2835,59.4869,1.5,0,0,0,10
16232365,100.778,0,0,-100.778,100.778,229,17,28.6707,61.9473,1.5,0,0,0,10
16232367,96.1692,0,0,-96.1692,96.1692,231,11,13.0927,67.5504,1.5,0,0,0,10
16232390,96.5642,0,0,-96.5642,96.5642,254,10,-1.16568,75.7663,1.5,0,0,0,10
16232392,105.15,0,0,-105.15,105.15,256,8,-23.8062,72.3358,1.5,0,0,0,10
16232399,105.076,0,0,-105.076,105.076,263,15,28.1569,73.0835,1.5,0,0,0,10
16232399,104.474,0,0,-104.474,104.474,263,18,35.7284,69.6611,1.5,0,0,0,10
16232401,98.9,0,0,-98.9,98.9,265,12,-16.4083,77.1281,1.5,0,0,0,10
16232402,101.391,0,0,-101.391,101.391,266,14,-30.2987,73.3447,1.5,0,0,0,10
50000081,82.2159,0,0,-82.2159,82.2159,81,0,0,0,10,6,1.53407,22.633,1.5
50000092,83.7694,0,0,-83.7694,83.7694,92,0,0,0,10,4,-11.3816,23.54,1.5
50000095,83.5959,0,0,-83.5959,83.5959,95,0,0,0,10,7,6.81259,26.2351,1.5
50000100,83.9176,0,0,-83.9176,83.9176,100,0,0,0,10,19,9.03328,27.1796,1.5
50000113,84.6562,0,0,-84.6562,84.6562,113,0,0,0,10,9,5.56353,32.1928,1.5
50000114,84.5725,0,0,-84.5725,84.5725,114,0,0,0,10,1,-8.2831,32.089,1.5
50000122,85.2567,0,0,-85.2567,85.2567,122,0,0,0,10,16,10.7662,33.9139,1.5
50000169,96.8428,0,0,-96.8428,96.8428,169,0,0,0,10,13,20.7076,45.3977,1.5
50000174,99.1425,0,0,-99.1425,99.1425,174,0,0,0,10,2,-2.22945,51.5363,1.5
50000176,95.9741,0,0,-95.9741,95.9741,176,0,0,0,10,20,14.3332,50.0297,1.5
50000187,95.3645,0,0,-95.3645,95.3645,187,0,0,0,10,5,-22.0159,50.7674,1.5
50000217,102.659,0,0,-102.659,102.659,217,0,0,0,10,3,-25.2835,59.4869,1.5
50000229,100.778,0,0,-100.778,100.778,229,0,0,0,10,17,28.6707,61.9473,1.5
50000231,96.1692,0,0,-96.1692,96.1692,231,0,0,0,10,11,13.0927,67.5504,1.5
50000254,96.5642,0,0,-96.5642,96.5642,254,0,0,0,10,10,-1.16568,75.7663,1.5
50000256,105.15,0,0,-105.15,105.15,256,0,0,0,10,8,-23.8062,72.3358,1.5
50000263,105.076,0,0,-105.076,105.076,263,0,0,0,10,15,28.1569,73.0835,1.5
50000263,104.474,0,0,-104.474,104.474,263,0,0,0,10,18,35.7284,69.6611,1.5
50000265,98.9,0,0,-98.9,98.9,265,0,0,0,10,12,-16.4083,77.1281,1.5
50000266,101.391,0,0,-101.391,101.391,266,0,0,0,10,14,-30.2987,73.3447,1.5
66348474,101.391,0,0,-101.391,101.391,266,14,-30.2987,73.3447,1.5,0,0,0,10
66598471,105.076,0,0,-105.076,105.076,263,15,28.1569,73.0835,1.5,0,0,0,10
67723425,102.659,0,0,-102.659,102.659,217,3,-25.2835,59.4869,1.5,0,0,0,10
67848321,84.6562,0,0,-84.6562,84.6562,113,9,5.56353,32.1928,1.5,0,0,0,10
68723473,98.9,0,0,-98.9,98.9,265,12,-16.4083,77.1281,1.5,0,0,0,10
69348437,100.778,0,0,-100.778,100.778,229,17,28.6707,61.9473,1.5,0,0,0,10
69848462,96.5642,0,0,-96.5642,96.5642,254,10,-1.16568,75.7663,1.5,0,0,0,10
70598330,85.2567,0,0,-85.2567,85.2567,122,16,10.7662,33.9139,1.5,0,0,0,10
70973303,83.5959,0,0,-83.5959,83.5959,95,7,6.81259,26.2351,1.5,0,0,0,10
71223322,84.5725,0,0,-84.5725,84.5725,114,1,-8.2831,32.089,1.5,0,0,0,10
71348395,95.3645,0,0,-95.3645,95.3645,187,5,-22.0159,50.7674,1.5,0,0,0,10
71598377,96.8428,0,0,-96.8428,96.8428,169,13,20.7076,45.3977,1.5,0,0,0,10
71848464,105.15,0,0,-105.15,105.15,256,8,-23.8062,72.3358,1.5,0,0,0,10
72098308,83.9176,0,0,-83.9176,83.9176,100,19,9.03328,27.1796,1.5,0,0,0,10
72973300,83.7694,0,0,-83.7694,83.7694,92,4,-11.3816,23.54,1.5,0,0,0,10
73348471,104.474,0,0,-104.474,104.474,263,18,35.7284,69.6611,1.5,0,0,0,10
73973382,99.1425,0,0,-99.1425,99.1425,174,2,-2.22945,51.5363,1.5,0,0,0,10
74598439,96.1692,0,0,-96.1692,96.1692,231,11,13.0927,67.5504,1.5,0,0,0,10
75223289,82.2159,0,0,-82.2159,82.2159,81,6,1.53407,22.633,1.5,0,0,0,10
76223384,95.9741,0,0,-95.9741,95.9741,176,20,14.3332,50.0297,1.5,0,0,0,10
100000081,82.2159,0,0,-82.2159,82.2159,81,0,0,0,10,6,1.52601,22.4832,1.5
100000092,83.7694,0,0,-83.7694,83.7694,92,0,0,0,10,4,-11.502,23.6296,1.5
100000095,83.5959,0,0,-83.5959,83.5959,95,0,0,0,10,7,6.91504,26.1256,1.5
100000100,83.9176,0,0,-83.9176,83.9176,100,0,0,0,10,19,9.11819,27.056,1.5
100000113,84.6562,0,0,-84.6562,84.6562,113,0,0,0,10,9,5.46887,32.0764,1.5
100000114,84.5725,0,0,-84.5725,84.5725,114,0,0,0,10,1,-8.399,31.9938,1.5
100000122,85.2567,0,0,-85.2567,85.2567,122,0,0,0,10,16,10.6851,33.7878,1.5
100000169,96.8428,0,0,-96.8428,96.8428,169,0,0,0,10,13,20.5769,45.3243,1.5
100000174,99.1425,0,0,-99.1425,99.1425,174,0,0,0,10,2,-2.37812,51.5164,1.5
100000176,95.9741,0,0,-95.9741,95.9741,176,0,0,0,10,20,14.2533,49.9028,1.5
100000187,95.3645,0,0,-95.3645,95.3645,187,0,0,0,10,5,-22.007,50.6176,1.5
100000217,102.659,0,0,-102.659,102.659,217,0,0,0,10,3,-25.1337,59.4938,1.5
100000229,100.778,0,0,-100.778,100.778,229,0,0,0,10,17,28.6173,61.8072,1.5
100000231,96.1692,0,0,-96.1692,96.1692,231,0,0,0,10,11,13.0678,67.4024,1.5
100000254,96.5642,0,0,-96.5642,96.5642,254,0,0,0,10,10,-1.08644,75.6389,1.5
100000256,105.15,0,0,-105.15,105.15,256,0,0,0,10,8,-23.7051,72.225,1.5
100000263,105.076,0,0,-105.076,105.076,263,0,0,0,10,15,28.0448,72.9839,1.5
100000263,104.474,0,0,-104.474,104.474,263,0,0,0,10,18,35.6173,69.5603,1.5
100000265,98.9,0,0,-98.9,98.9,265,0,0,0,10,12,-16.43,76.9797,1.5
100000266,101.391,0,0,-101.391,101.391,266,0,0,0,10,14,-30.2005,73.2314,1.5
116348474,101.391,0,0,-101.391,101.391,266,14,-30.2005,73.2314,1.5,0,0,0,10
116598471,105.076,0,0,-105.076,105.076,263,15,28.0448,72.9839,1.5,0,0,0,10
117723425,102.659,0,0,-102.659,102.659,217,3,-25.1337,59.4938,1.5,0,0,0,10
117848321,84.6562,0,0,-84.6562,84.6562,113,9,5.46887,32.0764,1.5,0,0,0,10
118723473,98.9,0,0,-98.9,98.9,265,12,-16.43,76.9797,1.5,0,0,0,10
119348437,100.778,0,0,-100.778,100.778,229,17,28.6173,61.8072,1.5,0,0,0,10
119848462,96.5642,0,0,-96.5642,96.5642,254,10,-1.08644,75.6389,1.5,0,0,0,10
120598330,85.2567,0,0,-85.2567,85.2567,122,16,10.6851,33.7878,1.5,0,0,0,10
120973303,83.5959,0,0,-83.5959,83.5959,95,7,6.91504,26.1256,1.5,0,0,0,10
121223322,84.5725,0,0,-84.5725,84.5725,114,1,-8.399,31.9938,1.5,0,0,0,10
121348395,95.3645,0,0,-95.3645,95.3645,187,5,-22.007,50.6176,1.5,0,0,0,10
121598377,96.8428,0,0,-96.8428,96.8428,169,13,20.5769,45.3243,1.5,0,0,0,10
121848464,105.15,0,0,-105.15,105.15,256,8,-23.7051,72.225,1.5,0,0,0,10
122098308,83.9176,0,0,-83.9176,83.9176,100,19,9.11819,27.056,1.5,0,0,0,10
122973300,83.7694,0,0,-83.7694,83.7694,92,4,-11.502,23.6296,1.5,0,0,0,10
123348471,104.474,0,0,-104.474,104.474,263,18,35.6173,69.5603,1.5,0,0,0,10
123973382,99.1425,0,0,-99.1425,99.1425,174,2,-2.37812,51.5164,1.5,0,0,0,10
124598439,96.1692,0,0,-96.1692,96.1692,231,11,13.0678,67.4024,1.5,0,0,0,10
125223289,82.2159,0,0,-82.2159,82.2159,81,6,1.52601,22.4832,1.5,0,0,0,10
126223384,95.9741,0,0,-95.9741,95.9741,176,20,14.2533,49.9028,1.5,0,0,0,10
150000081,82.2159,0,0,-82.2159,82.2159,81,0,0,0,10,6,1.52601,22.4832,1.5
150000092,83.7694,0,0,-83.7694,83.7694,92,0,0,0,10,4,-11.502,23.6296,1.5
150000095,83.5959,0,0,-83.5959,83.5959,95,0,0,0,10,7,6.91504,26.1256,1.5
150000100,83.9176,0,0,-83.9176,83.9176,100,0,0,0,10,19,9.11819,27.056,1.5
150000113,84.6562,0,0,-84.6562,84.6562,113,0,0,0,10,9,5.46887,32.0764,1.5
150000114,84.5725,0,0,-84.5725,84.5725,114,0,0,0,10,1,-8.399,31.9938,1.5
150000122,85.2567,0,0,-85.2567,85.2567,122,0,0,0,10,16,10.6851,33.7878,1.5
150000169,96.8428,0,0,-96.8428,96.8428,169,0,0,0,10,13,20.5769,45.3243,1.5
150000174,99.1425,0,0,-99.1425,99.1425,174,0,0,0,10,2,-2.37812,51.5164,1.5
150000176,95.9741,0,0,-95.9741,95.9741,176,0,0,0,10,20,14.2533,49.9028,1.5
150000187,95.3645,0,0,-95.3645,95.3645,187,0,0,0,10,5,-22.007,50.6176,1.5
150000217,102.659,0,0,-102.659,102.659,217,0,0,0,10,3,-25.1337,59.4938,1.5
150000229,100.778,0,0,-100.778,100.778,229,0,0,0,10,17,28.6173,61.8072,1.5
150000231,96.1692,0,0,-96.1692,96.1692,231,0,0,0,10,11,13.0678,67.4024,1.5
150000254,96.5642,0,0,-96.5642,96.5642,254,0,0,0,10,10,-1.08644,75.6389,1.5
150000256,105.15,0,0,-105.15,105.15,256,0,0,0,10,8,-23.7051,72.225,1.5
150000263,105.076,0,0,-105.076,105.076,263,0,0,0,10,15,28.0448,72.9839,1.5
150000263,104.474,0,0,-104.474,104.474,263,0,0,0,10,18,35.6173,69.5603,1.5
150000265,98.9,0,0,-98.9,98.9,265,0,0,0,10,12,-16.43,76.9797,1.5
150000266,101.391,0,0,-101.391,101.391,266,0,0,0,10,14,-30.2005,73.2314,1.5
166348474,101.391,0,0,-101.391,101.391,266,14,-30.2005,73.2314,1.5,0,0,0,10
166598471,105.076,0,0,-105.076,105.076,263,15,28.0448,72.9839,1.5,0,0,0,10
167723425,102.659,0,0,-102.659,102.659,217,3,-25.1337,59.4938,1.5,0,0,0,10
167848321,84.6562,0,0,-84.6562,84.6562,113,9,5.46887,32.0764,1.5,0,0,0,10
168723473,98.9,0,0,-98.9,98.9,265,12,-16.43,76.9797,1.5,0,0,0,10
169348437,100.778,0,0,-100.778,100.778,229,17,28.6173,61.8072,1.5,0,0,0,10
169848462,96.5642,0,0,-96.5642,96.5642,254,10,-1.08644,75.6389,1.5,0,0,0,10
170598330,85.2567,0,0,-85.2567,85.2567,122,16,10.6851,33.7878,1.5,0,0,0,10
170973303,83.5959,0,0,-83.5959,83.5959,95,7,6.91504,26.1256,1.5,0,0,0,10
171223322,84.5725,0,0,-84.5725,84.5725,114,1,-8.399,31.9938,1.5,0,0,0,10
171348395,95.3645,0,0,-95.3645,95.3645,187,5,-22.007,50.6176,1.5,0,0,0,10
171598377,96.8428,0,0,-96.8428,96.8428,169,13,20.5769,45.3243,1.5,0,0,0,10
171848464,105.15,0,0,-105.15,105.15,256,8,-23.7051,72.225,1.5,0,0,0,10
172098308,83.9176,0,0,-83.9176,83.9176,100,19,9.11819,27.056,1.5,0,0,0,10
172973300,83.7694,0,0,-83.7694,83.7694,92,4,-11.502,23.6296,1.5,0,0,0,10
173348471,104.474,0,0,-104.474,104.474,263,18,35.6173,69.5603,1.5,0,0,0,10
173973382,99.1425,0,0,-99.1425,99.1425,174,2,-2.37812,51.5164,1.5,0,0,0,10
174598439,96.1692,0,0,-96.1692,96.1692,231,11,13.0678,67.4024,1.5,0,0,0,10
175223289,82.2159,0,0,-82.2159,82.2159,81,6,1.52601,22.4832,1.5,0,0,0,10
176223384,95.9741,0,0,-95.9741,95.9741,176,20,14.2533,49.9028,1.5,0,0,0,10
200000081,82.2159,0,0,-82.2159,82.2159,81,0,0,0,10,6,1.51794,22.3334,1.5
200000092,83.7694,0,0,-83.7694,83.7694,92,0,0,0,10,4,-11.6223,23.7191,1.5
200000095,83.5959,0,0,-83.5959,83.5959,95,0,0,0,10,7,7.01749,26.016,1.5
200000100,83.9176,0,0,-83.9176,83.9176,100,0,0,0,10,19,9.20311,26.9323,1.5
200000113,84.6562,0,0,-84.6562,84.6562,113,0,0,0,10,9,5.37422,31.9601,1.5
200000114,84.5725,0,0,-84.5725,84.5725,114,0,0,0,10,1,-8.5149,31.8986,1.5
200000122,85.2567,0,0,-85.2567,85.2567,122,0,0,0,10,16,10.6039,33.6616,1.5
200000169,96.8428,0,0,-96.8428,96.8428,169,0,0,0,10,13,20.4461,45.2508,1.5
200000174,99.1425,0,0,-99.1425,99.1425,174,0,0,0,10,2,-2.52702,51.5,1.5
200000176,95.9741,0,0,-95.9741,95.9741,176,0,0,0,10,20,14.1735,49.7758,1.5
200000187,95.3645,0,0,-95.3645,95.3645,187,0,0,0,10,5,-22,50.4679,1.5
200000217,102.659,0,0,-102.659,102.659,217,0,0,0,10,3,-24.9838,59.5,1.5
200000229,100.778,0,0,-100.778,100.778,229,0,0,0,10,17,28.5638,61.6671,1.5
200000231,96.1692,0,0,-96.1692,96.1692,231,0,0,0,10,11,13.0429,67.2545,1.5
200000254,96.5642,0,0,-96.5642,96.5642,254,0,0,0,10,10,-1.0072,75.5116,1.5
200000256,105.15,0,0,-105.15,105.15,256,0,0,0,10,8,-23.6041,72.1141,1.5
200000263,105.076,0,0,-105.076,105.076,263,0,0,0,10,15,27.9326,72.8843,1.5
200000263,104.474,0,0,-104.474,104.474,263,0,0,0,10,18,35.5062,69.4594,1.5
200000265,98.9,0,0,-98.9,98.9,265,0,0,0,10,12,-16.4517,76.8313,1.5
200000266,101.391,0,0,-101.391,101.391,266,0,0,0,10,14,-30.1023,73.118,1.5
216348474,101.391,0,0,-101.391,101.391,266,14,-30.1023,73.118,1.5,0,0,0,10
216598471,105.076,0,0,-105.076,105.076,263,15,27.9326,72.8843,1.5,0,0,0,10
217723425,102.659,0,0,-102.659,102.659,217,3,-24.9838,59.5,1.5,0,0,0,10
217848321,84.6562,0,0,-84.6562,84.6562,113,9,5.37422,31.9601,1.5,0,0,0,10
218723473,98.9,0,0,-98.9,98.9,265,12,-16.4517,76.8313,1.5,0,0,0,10
219348437,100.778,0,0,-100.778,100.778,229,17,28.5638,61.6671,1.5,0,0,0,10
219848462,96.5642,0,0,-96.5642,96.5642,254,10,-1.0072,75.5116,1.5,0,0,0,10
220598330,85.2567,0,0,-85.2567,85.2567,122,16,10.6039,33.6616,1.5,0,0,0,10
220973303,83.5959,0,0,-83.5959,83.5959,95,7,7.01749,26.016,1.5,0,0,0,10
221223322,84.5725,0,0,-84.5725,84.5725,114,1,-8.5149,31.8986,1.5,0,0,0,10
221348395,95.3645,0,0,-95.3645,95.3645,187,5,-22,50.4679,1.5,0,0,0,10
221598377,96.8428,0,0,-96.8428,96.8428,169,13,20.4461,45.2508,1.5,0,0,0,10
221848464,105.15,0,0,-105.15,105.15,256,8,-23.6041,72.1141,1.5,0,0,0,10
222098308,83.9176,0,0,-83.9176,83.9176,100,19,9.20311,26.9323,1.5,0,0,0,10
222973300,83.7694,0,0,-83.7694,83.7694,92,4,-11.6223,23.7191,1.5,0,0,0,10
223348471,104.474,0,0,-104.474,104.474,263,18,35.5062,69.4594,1.5,0,0,0,10
223973382,99.1425,0,0,-99.1425,99.1425,174,2,-2.52702,51.5,1.5,0,0,0,10
224598439,96.1692,0,0,-96.1692,96.1692,231,11,13.0429,67.2545,1.5,0,0,0,10
225223289,82.2159,0,0,-82.2159,82.2159,81,6,1.51794,22.3334,1.5,0,0,0,10
226223384,95.9741,0,0,-95.9741,95.9741,176,20,14.1735,49.7758,1.5,0,0,0,10
250000081,82.2159,0,0,-82.2159,82.2159,81,0,0,0,10,6,1.51794,22.3334,1.5
250000092,83.7694,0,0,-83.7694,83.7694,92,0,0,0,10,4,-11.6223,23.7191,1.5
250000095,83.5959,0,0,-83.5959,83.5959,95,0,0,0,10,7,7.01749,26.016,1.5
250000100,83.9176,0,0,-83.9176,83.9176,100,0,0,0,10,19,9.20311,26.9323,1.5
250000113,84.6562,0,0,-84.6562,84.6562,113,0,0,0,10,9,5.37422,31.9601,1.5
250000114,84.5725,0,0,-84.5725,84.5725,114,0,0,0,10,1,-8.5149,31.8986,1.5
250000122,85.2567,0,0,-85.2567,85.2567,122,0,0,0,10,16,10.6039,33.6616,1.5
250000169,96.8428,0,0,-96.8428,96.8428,169,0,0,0,10,13,20.4461,45.2508,1.5
250000174,99.1425,0,0,-99.1425,99.1425,174,0,0,0,10,2,-2.52702,51.5,1.5
250000176,95.9741,0,0,-95.9741,95.9741,176,0,0,0,10,20,14.1735,49.7758,1.5
250000187,95.3645,0,0,-95.3645,95.3645,187,0,0,0,10,5,-22,50.4679,1.5
250000217,102.659,0,0,-102.659,102.659,217,0,0,0,10,3,-24.9838,59.5,1.5
250000229,100.778,0,0,-100.778,100.778,229,0,0,0,10,17,28.5638,61.6671,1.5
250000231,96.1692,0,0,-96.1692,96.1692,231,0,0,0,10,11,13.0429,67.2545,1.5
250000254,96.5642,0,0,-96.5642,96.5642,254,0,0,0,10,10,-1.0072,75.5116,1.5
250000256,105.15,0,0,-105.15,105.15,256,0,0,0,10,8,-23.6041,72.1141,1.5
250000263,105.076,0,0,-105.076,105.076,263,0,0,0,10,15,27.9326,72.8843,1.5
250000263,104.474,0,0,-104.474,104.474,263,0,0,0,10,18,35.5062,69.4594,1.5
250000265,98.9,0,0,-98.9,98.9,265,0,0,0,10,12,-16.4517,76.8313,1.5
250000266,101.391,0,0,-101.391,101.391,266,0,0,0,10,14,-30.1023,73.118,1.5
266348474,101.391,0,0,-101.391,101.391,266,14,-30.1023,73.118,1.5,0,0,0,10
266598471,105.076,0,0,-105.076,105.076,263,15,27.9326,72.8843,1.5,0,0,0,10
267723425,102.659,0,0,-102.659,102.659,217,3,-24.9838,59.5,1.5,0,0,0,10
267848321,84.6562,0,0,-84.6562,84.6562,113,9,5.37422,31.9601,1.5,0,0,0,10
268723473,98.9,0,0,-98.9,98.9,265,12,-16.4517,76.8313,1.5,0,0,0,10
269348437,100.778,0,0,-100.778,100.778,229,17,28.5638,61.6671,1.5,0,0,0,10
269848462,96.5642,0,0,-96.5642,96.5642,254,10,-1.0072,75.5116,1.5,0,0,0,10
270598330,85.2567,0,0,-85.2567,85.2567,122,16,10.6039,33.6616,1.5,0,0,0,10
270973303,83.5959,0,0,-83.5959,83.5959,95,7,7.01749,26.016,1.5,0,0,0,10
271223322,84.5725,0,0,-84.5725,84.5725,114,1,-8.5149,31.8986,1.5,0,0,0,10
271348395,95.3645,0,0,-95.3645,95.3645,187,5,-22,50.4679,1.5,0,0,0,10
271598377,96.8428,0,0,-96.8428,96.8428,169,13,20.4461,45.2508,1.5,0,0,0,10
271848464,105.15,0,0,-105.15,105.15,256,8,-23.6041,72.1141,1.5,0,0,0,10
272098308,83.9176,0,0,-83.9176,83.9176,100,19,9.20311,26.9323,1.5,0,0,0,10
272973300,83.7694,0,0,-83.7694,83.7694,92,4,-11.6223,23.7191,1.5,0,0,0,10
273348471,104.474,0,0,-104.474,104.474,263,18,35.5062,69.4594,1.5,0,0,0,10
273973382,99.1425,0,0,-99.1425,99.1425,174,2,-2.52702,51.5,1.5,0,0,0,10
274598439,96.1692,0,0,-96.1692,96.1692,231,11,13.0429,67.2545,1.5,0,0,0,10
275223289,82.2159,0,0,-82.2159,82.2159,81,6,1.51794,22.3334,1.5,0,0,0,10
276223384,95.9741,0,0,-95.9741,95.9741,176,20,14.1735,49.7758,1.5,0,0,0,10
300000081,82.2159,0,0,-82.2159,82.2159,81,0,0,0,10,6,1.50988,22.1837,1.5
300000092,83.7694,0,0,-83.7694,83.7694,92,0,0,0,10,4,-11.7427,23.8086,1.5
300000095,83.5959,0,0,-83.5959,83.5959,95,0,0,0,10,7,7.11994,25.9065,1.5
300000100,83.9176,0,0,-83.9176,83.9176,100,0,0,0,10,19,9.28803,26.8087,1.5
300000113,84.6562,0,0,-84.6562,84.6562,113,0,0,0,10,9,5.27957,31.8437,1.5
300000114,84.5725,0,0,-84.5725,84.5725,114,0,0,0,10,1,-8.6308,31.8033,1.5
300000122,85.2567,0,0,-85.2567,85.2567,122,0,0,0,10,16,10.5228,33.5355,1.5
300000169,96.8428,0,0,-96.8428,96.8428,169,0,0,0,10,13,20.3154,45.1773,1.5
300000174,99.1425,0,0,-99.1425,99.1425,174,0,0,0,10,2,-2.67702,51.5,1.5
300000176,95.9741,0,0,-95.9741,95.9741,176,0,0,0,10,20,14.0936,49.6488,1.5
300000187,95.3645,0,0,-95.3645,95.3645,187,0,0,0,10,5,-22,50.3179,1.5
300000217,102.659,0,0,-102.659,102.659,217,0,0,0,10,3,-24.8338,59.5,1.5
300000229,100.778,0,0,-100.778,100.778,229,0,0,0,10,17,28.5103,61.5269,1.5
300000231,96.1692,0,0,-96.1692,96.1692,231,0,0,0,10,11,13.018,67.1066,1.5
300000254,96.5642,0,0,-96.5642,96.5642,254,0,0,0,10,10,-1,75.3636,1.5
300000256,105.15,0,0,-105.15,105.15,256,0,0,0,10,8,-23.503,72.0033,1.5
300000263,105.076,0,0,-105.076,105.076,263,0,0,0,10,15,27.8205,72.7847,1.5
300000263,104.474,0,0,-104.474,104.474,263,0,0,0,10,18,35.3951,69.3586,1.5
300000265,98.9,0,0,-98.9,98.9,265,0,0,0,10,12,-16.4733,76.6829,1.5
300000266,101.391,0,0,-101.391,101.391,266,0,0,0,10,14,-30.004,73.0047,1.5
316348474,101.391,0,0,-101.391,101.391,266,14,-30.004,73.0047,1.5,0,0,0,10
316598471,105.076,0,0,-105.076,105.076,263,15,27.8205,72.7847,1.5,0,0,0,10
317723425,102.659,0,0,-102.659,102.659,217,3,-24.8338,59.5,1.5,0,0,0,10
317848321,84.6562,0,0,-84.6562,84.6562,113,9,5.27957,31.8437,1.5,0,0,0,10
318723473,98.9,0,0,-98.9,98.9,265,12,-16.4733,76.6829,1.5,0,0,0,10
319348437,100.778,0,0,-100.778,100.778,229,17,28.5103,61.5269,1.5,0,0,0,10
319848462,96.5642,0,0,-96.5642,96.5642,254,10,-1,75.3636,1.5,0,0,0,10
320598330,85.2567,0,0,-85.2567,85.2567,122,16,10.5228,33.5355,1.5,0,0,0,10
320973303,83.5959,0,0,-83.5959,83.5959,95,7,7.11994,25.9065,1.5,0,0,0,10
321223322,84.5725,0,0,-84.5725,84.5725,114,1,-8.6308,31.8033,1.5,0,0,0,10
321348395,95.3645,0,0,-95.3645,95.3645,187,5,-22,50.3179,1.5,0,0,0,10
321598377,96.8428,0,0,-96.8428,96.8428,169,13,20.3154,45.1773,1.5,0,0,0,10
321848464,105.15,0,0,-105.15,105.15,256,8,-23.503,72.0033,1.5,0,0,0,10
322098308,83.9176,0,0,-83.9176,83.9176,100,19,9.28803,26.8087,1.5,0,0,0,10
322973300,83.7694,0,0,-83.7694,83.7694,92,4,-11.7427,23.8086,1.5,0,0,0,10
323348471,104.474,0,0,-104.474,104.474,263,18,35.3951,69.3586,1.5,0,0,0,10
323973382,99.1425,0,0,-99.1425,99.1425,174,2,-2.67702,51.5,1.5,0,0,0,10
324598439,96.1692,0,0,-96.1692,96.1692,231,11,13.018,67.1066,1.5,0,0,0,10
325223289,82.2159,0,0,-82.2159,82.2159,81,6,1.50988,22.1837,1.5,0,0,0,10
326223384,95.9741,0,0,-95.9741,95.9741,176,20,14.0936,49.6488,1.5,0,0,0,10
350000081,82.2159,0,0,-82.2159,82.2159,81,0,0,0,10,6,1.50988,22.1837,1.5
350000092,83.7694,0,0,-83.7694,83.7694,92,0,0,0,10,4,-11.7427,23.8086,1.5
350000095,83.5959,0,0,-83.5959,83.5959,95,0,0,0,10,7,7.11994,25.9065,1.5
350000100,83.9176,0,0,-83.9176,83.9176,100,0,0,0,10,19,9.28803,26.8087,1.5
350000113,84.6562,0,0,-84.6562,84.6562,113,0,0,0,10,9,5.27957,31.8437,1.5
350000114,84.5725,0,0,-84.5725,84.5725,114,0,0,0,10,1,-8.6308,31.8033,1.5
350000122,85.2567,0,0,-85.2567,85.2567,122,0,0,0,10,16,10.5228,33.5355,1.5
350000169,96.8428,0,0,-96.8428,96.8428,169,0,0,0,10,13,20.3154,45.1773,1.5
350000174,99.1425,0,0,-99.1425,99.1425,174,0,0,0,10,2,-2.67702,51.5,1.5
350000176,95.9741,0,0,-95.9741,95.9741,176,0,0,0,10,20,14.0936,49.6488,1.5
350000187,95.3645,0,0,-95.3645,95.3645,187,0,0,0,10,5,-22,50.3179,1.5
350000217,102.659,0,0,-102.659,102.659,217,0,0,0,10,3,-24.8338,59.5,1.5
350000229,100.778,0,0,-100.778,100.778,229,0,0,0,10,17,28.5103,61.5269,1.5
350000231,96.1692,0,0,-96.1692,96.1692,231,0,0,0,10,11,13.018,67.1066,1.5
350000254,96.5642,0,0,-96.5642,96.5642,254,0,0,0,10,10,-1,75.3636,1.5
350000256,105.15,0,0,-105.15,105.15,256,0,0,0,10,8,-23.503,72.0033,1.5
350000263,105.076,0,0,-105.076,105.076,263,0,0,0,10,15,27.8205,72.7847,1.5
350000263,104.474,0,0,-104.474,104.474,263,0,0,0,10,18,35.3951,69.3586,1.5
350000265,98.9,0,0,-98.9,98.9,265,0,0,0,10,12,-16.4733,76.6829,1.5
350000266,101.391,0,0,-101.391,101.391,266,0,0,0,10,14,-30.004,73.0047,1.5
366348474,101.391,0,0,-101.391,101.391,266,14,-30.004,73.0047,1.5,0,0,0,10
366598471,105.076,0,0,-105.076,105.076,263,15,27.8205,72.7847,1.5,0,0,0,10
367723425,102.659,0,0,-102.659,102.659,217,3,-24.8338,59.5,1.5,0,0,0,10
367848321,84.6562,0,0,-84.6562,84.6562,113,9,5.27957,31.8437,1.5,0,0,0,10
368723473,98.9,0,0,-98.9,98.9,265,12,-16.4733,76.6829,1.5,0,0,0,10
369348437,100.778,0,0,-100.778,100.778,229,17,28.5103,61.5269,1.5,0,0,0,10
369848462,96.5642,0,0,-96.5642,96.5642,254,10,-1,75.3636,1.5,0,0,0,10
370598330,85.2567,0,0,-85.2567,85.2567,122,16,10.5228,33.5355,1.5,0,0,0,10
370973303,83.5959,0,0,-83.5959,83.5959,95,7,7.11994,25.9065,1.5,0,0,0,10
371223322,84.5725,0,0,-84.5725,84.5725,114,1,-8.6308,31.8033,1.5,0,0,0,10
371348395,95.3645,0,0,-95.3645,95.3645,187,5,-22,50.3179,1.5,0,0,0,10
371598377,96.8428,0,0,-96.8428,96.8428,169,13,20.3154,45.1773,1.5,0,0,0,10
371848464,105.15,0,0,-105.15,105.15,256,8,-23.503,72.0033,1.5,0,0,0,10
372098308,83.9176,0,0,-83.9176,83.9176,100,19,9.28803,26.8087,1.5,0,0,0,10
372973300,83.7694,0,0,-83.7694,83.7694,92,4,-11.7427,23.8086,1.5,0,0,0,10
373348471,104.474,0,0,-104.474,104.474,263,18,35.3951,69.3586,1.5,0,0,0,10
373973382,99.1425,0,0,-99.1425,99.1425,174,2,-2.67702,51.5,1.5,0,0,0,10
374598439,96.1692,0,0,-96.1692,96.1692,231,11,13.018,67.1066,1.5,0,0,0,10
375223289,82.2159,0,0,-82.2159,82.2159,81,6,1.50988,22.1837,1.5,0,0,0,10
376223384,95.9741,0,0,-95.9741,95.9741,176,20,14.0936,49.6488,1.5,0,0,0,10
400000081,82.2159,0,0,-82.2159,82.2159,81,0,0,0,10,6,1.50182,22.0339,1.5
400000092,83.7694,0,0,-83.7694,83.7694,92,0,0,0,10,4,-11.863,23.8981,1.5
400000095,83.5959,0,0,-83.5959,83.5959,95,0,0,0,10,7,7.22239,25.7969,1.5
400000100,83.9176,0,0,-83.9176,83.9176,100,0,0,0,10,19,9.37294,26.685,1.5
400000113,84.6562,0,0,-84.6562,84.6562,113,0,0,0,10,9,5.18492,31.7273,1.5
400000114,84.5725,0,0,-84.5725,84.5725,114,0,0,0,10,1,-8.7467,31.7081,1.5
400000122,85.2567,0,0,-85.2567,85.2567,122,0,0,0,10,16,10.3922,33.5,1.5
400000169,96.8428,0,0,-96.8428,96.8428,169,0,0,0,10,13,20.1846,45.1038,1.5
400000174,99.1425,0,0,-99.1425,99.1425,174,0,0,0,10,2,-2.82702,51.5,1.5
400000176,95.9741,0,0,-95.9741,95.9741,176,0,0,0,10,20,14.0137,49.5218,1.5
400000187,95.3645,0,0,-95.3645,95.3645,187,0,0,0,10,5,-22,50.1679,1.5
400000217,102.659,0,0,-102.659,102.659,217,0,0,0,10,3,-24.6838,59.5,1.5
400000229,100.778,0,0,-100.778,100.778,229,0,0,0,10,17,28.5,61.3788,1.5
400000231,96.1692,0,0,-96.1692,96.1692,231,0,0,0,10,11,13,66.9581,1.5
400000254,96.5642,0,0,-96.5642,96.5642,254,0,0,0,10,10,-1,75.2136,1.5
400000256,105.15,0,0,-105.15,105.15,256,0,0,0,10,8,-23.5,71.8545,1.5
400000263,105.076,0,0,-105.076,105.076,263,0,0,0,10,15,27.7083,72.685,1.5
400000263,104.474,0,0,-104.474,104.474,263,0,0,0,10,18,35.2841,69.2578,1.5
400000265,98.9,0,0,-98.9,98.9,265,0,0,0,10,12,-16.495,76.5344,1.5
400000266,101.391,0,0,-101.391,101.391,266,0,0,0,10,14,-29.8983,72.8983,1.5
416348474,101.391,0,0,-101.391,101.391,266,14,-29.8983,72.8983,1.5,0,0,0,10
416598471,105.076,0,0,-105.076,105.076,263,15,27.7083,72.685,1.5,0,0,0,10
417723425,102.659,0,0,-102.659,102.659,217,3,-24.6838,59.5,1.5,0,0,0,10
417848321,84.6562,0,0,-84.6562,84.6562,113,9,5.18492,31.7273,1.5,0,0,0,10
418723473,98.9,0,0,-98.9,98.9,265,12,-16.495,76.5344,1.5,0,0,0,10
419348437,100.778,0,0,-100.778,100.778,229,17,28.5,61.3788,1.5,0,0,0,10
419848462,96.5642,0,0,-96.5642,96.5642,254,10,-1,75.2136,1.5,0,0,0,10
420598330,85.2567,0,0,-85.2567,85.2567,122,16,10.3922,33.5,1.5,0,0,0,10
420973303,83.5959,0,0,-83.5959,83.5959,95,7,7.22239,25.7969,1.5,0,0,0,10
421223322,84.5725,0,0,-84.5725,84.5725,114,1,-8.7467,31.7081,1.5,0,0,0,10
421348395,95.3645,0,0,-95.3645,95.3645,187,5,-22,50.1679,1.5,0,0,0,10
421598377,96.8428,0,0,-96.8428,96.8428,169,13,20.1846,45.1038,1.5,0,0,0,10
421848464,105.15,0,0,-105.15,105.15,256,8,-23.5,71.8545,1.5,0,0,0,10
422098308,83.9176,0,0,-83.9176,83.9176,100,19,9.37294,26.685,1.5,0,0,0,10
422973300,83.7694,0,0,-83.7694,83.7694,92,4,-11.863,23.8981,1.5,0,0,0,10
423348471,104.474,0,0,-104.474,104.474,263,18,35.2841,69.2578,1.5,0,0,0,10
423973382,99.1425,0,0,-99.1425,99.1425,174,2,-2.82702,51.5,1.5,0,0,0,10
424598439,96.1692,0,0,-96.1692,96.1692,231,11,13,66.9581,1.5,0,0,0,10
425223289,82.2159,0,0,-82.2159,82.2159,81,6,1.50182,22.0339,1.5,0,0,0,10
426223384,95.9741,0,0,-95.9741,95.9741,176,20,14.0137,49.5218,1.5,0,0,0,10
450000081,82.2159,0,0,-82.2159,82.2159,81,0,0,0,10,6,1.50182,22.0339,1.5
450000092,83.7694,0,0,-83.7694,83.7694,92,0,0,0,10,4,-11.863,23.8981,1.5
450000095,83.5959,0,0,-83.5959,83.5959,95,0,0,0,10,7,7.22239,25.7969,1.5
450000100,83.9176,0,0,-83.9176,83.9176,100,0,0,0,10,19,9.37294,26.685,1.5
450000113,84.6562,0,0,-84.6562,84.6562,113,0,0,0,10,9,5.18492,31.7273,1.5
450000114,84.5725,0,0,-84.5725,84.5725,114,0,0,0,10,1,-8.7467,31.7081,1.5
450000122,85.2567,0,0,-85.2567,85.2567,122,0,0,0,10,16,10.3922,33.5,1.5
450000169,96.8428,0,0,-96.8428,96.8428,169,0,0,0,10,13,20.1846,45.1038,1.5
450000174,99.1425,0,0,-99.1425,99.1425,174,0,0,0,10,2,-2.82702,51.5,1.5
450000176,95.9741,0,0,-95.9741,95.9741,176,0,0,0,10,20,14.0137,49.5218,1.5
450000187,95.3645,0,0,-95.3645,95.3645,187,0,0,0,10,5,-22,50.1679,1.5
450000217,102.659,0,0,-102.659,102.659,217,0,0,0,10,3,-24.6838,59.5,1.5
450000229,100.778,0,0,-100.778,100.778,229,0,0,0,10,17,28.5,61.3788,1.5
450000231,96.1692,0,0,-96.1692,96.1692,231,0,0,0,10,11,13,66.9581,1.5
450000254,96.5642,0,0,-96.5642,96.5642,254,0,0,0,10,10,-1,75.2136,1.5
450000256,105.15,0,0,-105.15,105.15,256,0,0,0,10,8,-23.5,71.8545,1.5
450000263,105.076,0,0,-105.076,105.076,263,0,0,0,10,15,27.7083,72.685,1.5
450000263,104.474,0,0,-104.474,104.474,263,0,0,0,10,18,35.2841,69.2578,1.5
450000265,98.9,0,0,-98.9,98.9,265,0,0,0,10,12,-16.495,76.5344,1.5
450000266,101.391,0,0,-101.391,101.391,266,0,0,0,10,14,-29.8983,72.8983,1.5
466348474,101.391,0,0,-101.391,101.391,266,14,-29.8983,72.8983,1.5,0,0,0,10
466598471,105.076,0,0,-105.076,105.076,263,15,27.7083,72.685,1.5,0,0,0,10
467723425,102.659,0,0,-102.659,102.659,217,3,-24.6838,59.5,1.5,0,0,0,10
467848321,84.6562,0,0,-84.6562,84.6562,113,9,5.18492,31.7273,1.5,0,0,0,10
468723473,98.9,0,0,-98.9,98.9,265,12,-16.495,76.5344,1.5,0,0,0,10
469348437,100.778,0,0,-100.778,100.778,229,17,28.5,61.3788,1.5,0,0,0,10
469848462,96.5642,0,0,-96.5642,96.5642,254,10,-1,75.2136,1.5,0,0,0,10
470598330,85.2567,0,0,-85.2567,85.2567,122,16,10.3922,33.5,1.5,0,0,0,10
470973303,83.5959,0,0,-83.5959,83.5959,95,7,7.22239,25.7969,1.5,0,0,0,10
471223322,84.5725,0,0,-84.5725,84.5725,114,1,-8.7467,31.7081,1.5,0,0,0,10
471348395,95.3645,0,0,-95.3645,95.3645,187,5,-22,50.1679,1.5,0,0,0,10
471598377,96.8428,0,0,-96.8428,96.8428,169,13,20.1846,45.1038,1.5,0,0,0,10
471848464,105.15,0,0,-105.15,105.15,256,8,-23.5,71.8545,1.5,0,0,0,10
472098308,83.9176,0,0,-83.9176,83.9176,100,19,9.37294,26.685,1.5,0,0,0,10
472973300,83.7694,0,0,-83.7694,83.7694,92,4,-11.863,23.8981,1.5,0,0,0,10
473348471,104.474,0,0,-104.474,104.474,263,18,35.2841,69.2578,1.5,0,0,0,10
473973382,99.1425,0,0,-99.1425,99.1425,174,2,-2.82702,51.5,1.5,0,0,0,10
474598439,96.1692,0,0,-96.1692,96.1692,231,11,13,66.9581,1.5,0,0,0,10
475223289,82.2159,0,0,-82.2159,82.2159,81,6,1.50182,22.0339,1.5,0,0,0,10
476223384,95.9741,0,0,-95.9741,95.9741,176,20,14.0137,49.5218,1.5,0,0,0,10
500000081,82.2159,0,0,-82.2159,82.2159,81,0,0,0,10,6,1.5,21.8839,1.5
500000092,83.7694,0,0,-83.7694,83.7694,92,0,0,0,10,4,-11.9834,23.9876,1.5
500000095,83.5959,0,0,-83.5959,83.5959,95,0,0,0,10,7,7.32484,25.6873,1.5
500000100,83.9176,0,0,-83.9176,83.9176,100,0,0,0,10,19,9.45786,26.5614,1.5
500000113,84.6562,0,0,-84.6562,84.6562,113,0,0,0,10,9,5.09026,31.611,1.5
500000114,84.5725,0,0,-84.5725,84.5725,114,0,0,0,10,1,-8.86259,31.6129,1.5
500000122,85.2567,0,0,-85.2567,85.2567,122,0,0,0,10,16,10.2422,33.5,1.5
500000169,96.8428,0,0,-96.8428,96.8428,169,0,0,0,10,13,20.0538,45.0303,1.5
500000174,99.1425,0,0,-99.1425,99.1425,174,0,0,0,10,2,-2.97702,51.5,1.5
500000176,95.9741,0,0,-95.9741,95.9741,176,0,0,0,10,20,13.9122,49.4122,1.5
500000187,95.3645,0,0,-95.3645,95.3645,187,0,0,0,10,5,-22,50.0179,1.5
500000217,102.659,0,0,-102.659,102.659,217,0,0,0,10,3,-24.5338,59.5,1.5
500000229,100.778,0,0,-100.778,100.778,229,0,0,0,10,17,28.5,61.2288,1.5
500000231,96.1692,0,0,-96.1692,96.1692,231,0,0,0,10,11,13,66.8081,1.5
500000254,96.5642,0,0,-96.5642,96.5642,254,0,0,0,10,10,-1,75.0636,1.5
500000256,105.15,0,0,-105.15,105.15,256,0,0,0,10,8,-23.5,71.7045,1.5
500000263,105.076,0,0,-105.076,105.076,263,0,0,0,10,15,27.5962,72.5854,1.5
500000263,104.474,0,0,-104.474,104.474,263,0,0,0,10,18,35.173,69.157,1.5
500000265,98.9,0,0,-98.9,98.9,265,0,0,0,10,12,-16.5,76.3848,1.5
500000266,101.391,0,0,-101.391,101.391,266,0,0,0,10,14,-29.7922,72.7922,1.5
516348474,101.391,0,0,-101.391,101.391,266,14,-29.7922,72.7922,1.5,0,0,0,10
516598471,105.076,0,0,-105.076,105.076,263,15,27.5962,72.5854,1.5,0,0,0,10
517723425,102.659,0,0,-102.659,102.659,217,3,-24.5338,59.5,1.5,0,0,0,10
517848321,84.6562,0,0,-84.6562,84.6562,113,9,5.09026,31.611,1.5,0,0,0,10
518723473,98.9,0,0,-98.9,98.9,265,12,-16.5,76.3848,1.5,0,0,0,10
519348437,100.778,0,0,-100.778,100.778,229,17,28.5,61.2288,1.5,0,0,0,10
519848462,96.5642,0,0,-96.5642,96.5642,254,10,-1,75.0636,1.5,0,0,0,10
520598330,85.2567,0,0,-85.2567,85.2567,122,16,10.2422,33.5,1.5,0,0,0,10
520973303,83.5959,0,0,-83.5959,83.5959,95,7,7.32484,25.6873,1.5,0,0,0,10
521223322,84.5725,0,0,-84.5725,84.5725,114,1,-8.86259,31.6129,1.5,0,0,0,10
521348395,95.3645,0,0,-95.3645,95.3645,187,5,-22,50.0179,1.5,0,0,0,10
521598377,96.8428,0,0,-96.8428,96.8428,169,13,20.0538,45.0303,1.5,0,0,0,10
521848464,105.15,0,0,-105.15,105.15,256,8,-23.5,71.7045,1.5,0,0,0,10
522098308,83.9176,0,0,-83.9176,83.9176,100,19,9.45786,26.5614,1.5,0,0,0,10
522973300,83.7694,0,0,-83.7694,83.7694,92,4,-11.9834,23.9876,1.5,0,0,0,10
523348471,104.474,0,0,-104.474,104.474,263,18,35.173,69.157,1.5,0,0,0,10
523973382,99.1425,0,0,-99.1425,99.1425,174,2,-2.97702,51.5,1.5,0,0,0,10
524598439,96.1692,0,0,-96.1692,96.1692,231,11,13,66.8081,1.5,0,0,0,10
525223289,82.2159,0,0,-82.2159,82.2159,81,6,1.5,21.8839,1.5,0,0,0,10
526223384,95.9741,0,0,-95.9741,95.9741,176,20,13.9122,49.4122,1.5,0,0,0,10
550000081,82.2159,0,0,-82.2159,82.2159,81,0,0,0,10,6,1.5,21.8839,1.5
550000092,83.7694,0,0,-83.7694,83.7694,92,0,0,0,10,4,-11.9834,23.9876,1.5
550000095,83.5959,0,0,-83.5959,83.5959,95,0,0,0,10,7,7.32484,25.6873,1.5
550000100,83.9176,0,0,-83.9176,83.9176,100,0,0,0,10,19,9.45786,26.5614,1.5
550000113,84.6562,0,0,-84.6562,84.6562,113,0,0,0,10,9,5.09026,31.611,1.5
550000114,84.5725,0,0,-84.5725,84.5725,114,0,0,0,10,1,-8.86259,31.6129,1.5
550000122,85.2567,0,0,-85.2567,85.2567,122,0,0,0,10,16,10.2422,33.5,1.5
550000169,96.8428,0,0,-96.8428,96.8428,169,0,0,0,10,13,20.0538,45.0303,1.5
550000174,99.1425,0,0,-99.1425,99.1425,174,0,0,0,10,2,-2.97702,51.5,1.5
550000176,95.9741,0,0,-95.9741,95.9741,176,0,0,0,10,20,13.9122,49.4122,1.5
550000187,95.3645,0,0,-95.3645,95.3645,187,0,0,0,10,5,-22,50.0179,1.5
550000217,102.659,0,0,-102.659,102.659,217,0,0,0,10,3,-24.5338,59.5,1.5
550000229,100.778,0,0,-100.778,100.778,229,0,0,0,10,17,28.5,61.2288,1.5
550000231,96.1692,0,0,-96.1692,96.1692,231,0,0,0,10,11,13,66.8081,1.5
550000254,96.5642,0,0,-96.5642,96.5642,254,0,0,0,10,10,-1,75.0636,1.5
550000256,105.15,0,0,-105.15,105.15,256,0,0,0,10,8,-23.5,71.7045,1.5
550000263,105.076,0,0,-105.076,105.076,263,0,0,0,10,15,27.5962,72.5854,1.5
550000263,104.474,0,0,-104.474,104.474,263,0,0,0,10,18,35.173,69.157,1.5
550000265,98.9,0,0,-98.9,98.9,265,0,0,0,10,12,-16.5,76.3848,1.5
550000266,101.391,0,0,-101.391,101.391,266,0,0,0,10,14,-29.7922,72.7922,1.5
566348474,101.391,0,0,-101.391,101.391,266,14,-29.7922,72.7922,1.5,0,0,0,10
566598471,105.076,0,0,-105.076,105.076,263,15,27.5962,72.5854,1.5,0,0,0,10
567723425,102.659,0,0,-102.659,102.659,217,3,-24.5338,59.5,1.5,0,0,0,10
567848321,84.6562,0,0,-84.6562,84.6562,113,9,5.09026,31.611,1.5,0,0,0,10
568723473,98.9,0,0,-98.9,98.9,265,12,-16.5,76.3848,1.5,0,0,0,10
569348437,100.778,0,0,-100.778,100.778,229,17,28.5,61.2288,1.5,0,0,0,10
569848462,96.5642,0,0,-96.5642,96.5642,254,10,-1,75.0636,1.5,0,0,0,10
570598330,85.2567,0,0,-85.2567,85.2567,122,16,10.2422,33.5,1.5,0,0,0,10
570973303,83.5959,0,0,-83.5959,83.5959,95,7,7.32484,25.6873,1.5,0,0,0,10
571223322,84.5725,0,0,-84.5725,84.5725,114,1,-8.86259,31.6129,1.5,0,0,0,10
571348395,95.3645,0,0,-95.3645,95.3645,187,5,-22,50.0179,1.5,0,0,0,10
571598377,96.8428,0,0,-96.8428,96.8428,169,13,20.0538,45.0303,1.5,0,0,0,10
571848464,105.15,0,0,-105.15,105.15,256,8,-23.5,71.7045,1.5,0,0,0,10
572098308,83.9176,0,0,-83.9176,83.9176,100,19,9.45786,26.5614,1.5,0,0,0,10
572973300,83.7694,0,0,-83.7694,83.7694,92,4,-11.9834,23.9876,1.5,0,0,0,10
573348471,104.474,0,0,-104.474,104.474,263,18,35.173,69.157,1.5,0,0,0,10
573973382,99.1425,0,0,-99.1425,99.1425,174,2,-2.97702,51.5,1.5,0,0,0,10
574598439,96.1692,0,0,-96.1692,96.1692,231,11,13,66.8081,1.5,0,0,0,10
575223289,82.2159,0,0,-82.2159,82.2159,81,6,1.5,21.8839,1.5,0,0,0,10
576223384,95.9741,0,0,-95.9741,95.9741,176,20,13.9122,49.4122,1.5,0,0,0,10
600000081,82.2159,0,0,-82.2159,82.2159,81,0,0,0,10,6,1.5,21.7339,1.5
600000092,83.7694,0,0,-83.7694,83.7694,92,0,0,0,10,4,-12.0914,24.0914,1.5
600000095,83.5959,0,0,-83.5959,83.5959,95,0,0,0,10,7,7.42729,25.5778,1.5
600000100,83.9176,0,0,-83.9176,83.9176,100,0,0,0,10,19,9.55343,26.4466,1.5
600000113,84.6562,0,0,-84.6562,84.6562,113,0,0,0,10,9,4.99508,31.4951,1.5
600000114,84.5725,0,0,-84.5725,84.5725,114,0,0,0,10,1,-8.97849,31.5177,1.5
600000122,85.2567,0,0,-85.2567,85.2567,122,0,0,0,10,16,10.0922,33.5,1.5
600000169,96.8428,0,0,-96.8428,96.8428,169,0,0,0,10,13,19.9376,44.9376,1.5
600000174,99.1425,0,0,-99.1425,99.1425,174,0,0,0,10,2,-3.12702,51.5,1.5
600000176,95.9741,0,0,-95.9741,95.9741,176,0,0,0,10,20,13.8061,49.3061,1.5
600000187,95.3645,0,0,-95.3645,95.3645,187,0,0,0,10,5,-22,49.8679,1.5
600000217,102.659,0,0,-102.659,102.659,217,0,0,0,10,3,-24.3838,59.5,1.5
600000229,100.778,0,0,-100.778,100.778,229,0,0,0,10,17,28.5,61.0788,1.5
600000231,96.1692,0,0,-96.1692,96.1692,231,0,0,0,10,11,13,66.6581,1.5
600000254,96.5642,0,0,-96.5642,96.5642,254,0,0,0,10,10,-1,74.9136,1.5
600000256,105.15,0,0,-105.15,105.15,256,0,0,0,10,8,-23.5,71.5545,1.5
600000263,105.076,0,0,-105.076,105.076,263,0,0,0,10,15,27.4849,72.4849,1.5
600000263,104.474,0,0,-104.474,104.474,263,0,0,0,10,18,35.0619,69.0562,1.5
600000265,98.9,0,0,-98.9,98.9,265,0,0,0,10,12,-16.5,76.2348,1.5
600000266,101.391,0,0,-101.391,101.391,266,0,0,0,10,14,-29.6862,72.6862,1.5
616348474,101.391,0,0,-101.391,101.391,266,14,-29.6862,72.6862,1.5,0,0,0,10
616598471,105.076,0,0,-105.076,105.076,263,15,27.4849,72.4849,1.5,0,0,0,10
617723425,102.659,0,0,-102.659,102.659,217,3,-24.3838,59.5,1.5,0,0,0,10
617848321,84.6562,0,0,-84.6562,84.6562,113,9,4.99508,31.4951,1.5,0,0,0,10
618723473,98.9,0,0,-98.9,98.9,265,12,-16.5,76.2348,1.5,0,0,0,10
619348437,100.778,0,0,-100.778,100.778,229,17,28.5,61.0788,1.5,0,0,0,10
619848462,96.5642,0,0,-96.5642,96.5642,254,10,-1,74.9136,1.5,0,0,0,10
620598330,85.2567,0,0,-85.2567,85.2567,122,16,10.0922,33.5,1.5,0,0,0,10
620973303,83.5959,0,0,-83.5959,83.5959,95,7,7.42729,25.5778,1.5,0,0,0,10
621223322,84.5725,0,0,-84.5725,84.5725,114,1,-8.97849,31.5177,1.5,0,0,0,10
621348395,95.3645,0,0,-95.3645,95.3645,187,5,-22,49.8679,1.5,0,0,0,10
621598377,96.8428,0,0,-96.8428,96.8428,169,13,19.9376,44.9376,1.5,0,0,0,10
621848464,105.15,0,0,-105.15,105.15,256,8,-23.5,71.5545,1.5,0,0,0,10
622098308,83.9176,0,0,-83.9176,83.9176,100,19,9.55343,26.4466,1.5,0,0,0,10
622973300,83.7694,0,0,-83.7694,83.7694,92,4,-12.0914,24.0914,1.5,0,0,0,10
623348471,104.474,0,0,-104.474,104.474,263,18,35.0619,69.0562,1.5,0,0,0,10
623973382,99.1425,0,0,-99.1425,99.1425,174,2,-3.12702,51.5,1.5,0,0,0,10
624598439,96.1692,0,0,-96.1692,96.1692,231,11,13,66.6581,1.5,0,0,0,10
625223289,82.2159,0,0,-82.2159,82.2159,81,6,1.5,21.7339,1.5,0,0,0,10
626223384,95.9741,0,0,-95.9741,95.9741,176,20,13.8061,49.3061,1.5,0,0,0,10
650000081,82.2159,0,0,-82.2159,82.2159,81,0,0,0,10,6,1.5,21.7339,1.5
650000092,83.7694,0,0,-83.7694,83.7694,92,0,0,0,10,4,-12.0914,24.0914,1.5
650000095,83.5959,0,0,-83.5959,83.5959,95,0,0,0,10,7,7.42729,25.5778,1.5
650000100,83.9176,0,0,-83.9176,83.9176,100,0,0,0,10,19,9.55343,26.4466,1.5
650000113,84.6562,0,0,-84.6562,84.6562,113,0,0,0,10,9,4.99508,31.4951,1.5
650000114,84.5725,0,0,-84.5725,84.5725,114,0,0,0,10,1,-8.97849,31.5177,1.5
650000122,85.2567,0,0,-85.2567,85.2567,122,0,0,0,10,16,10.0922,33.5,1.5
650000169,96.8428,0,0,-96.8428,96.8428,169,0,0,0,10,13,19.9376,44.9376,1.5
650000174,99.1425,0,0,-99.1425,99.1425,174,0,0,0,10,2,-3.12702,51.5,1.5
650000176,95.9741,0,0,-95.9741,95.9741,176,0,0,0,10,20,13.8061,49.3061,1.5
650000187,95.3645,0,0,-95.3645,95.3645,187,0,0,0,10,5,-22,49.8679,1.5
650000217,102.659,0,0,-102.659,102.659,217,0,0,0,10,3,-24.3838,59.5,1.5
650000229,100.778,0,0,-100.778,100.778,229,0,0,0,10,17,28.5,61.0788,1.5
650000231,96.1692,0,0,-96.1692,96.1692,231,0,0,0,10,11,13,66.6581,1.5
650000254,96.5642,0,0,-96.5642,96.5642,254,0,0,0,10,10,-1,74.9136,1.5
650000256,105.15,0,0,-105.15,105.15,256,0,0,0,10,8,-23.5,71.5545,1.5
650000263,105.076,0,0,-105.076,105.076,263,0,0,0,10,15,27.4849,72.4849,1.5
650000263,104.474,0,0,-104.474,104.474,263,0,0,0,10,18,35.0619,69.0562,1.5
650000265,98.9,0,0,-98.9,98.9,265,0,0,0,10,12,-16.5,76.2348,1.5
650000266,101.391,0,0,-101.391,101.391,266,0,0,0,10,14,-29.6862,72.6862,1.5
666348474,101.391,0,0,-101.391,101.391,266,14,-29.6862,72.6862,1.5,0,0,0,10
666598471,105.076,0,0,-105.076,105.076,263,15,27.4849,72.4849,1.5,0,0,0,10
667723425,102.659,0,0,-102.659,102.659,217,3,-24.3838,59.5,1.5,0,0,0,10
667848321,84.6562,0,0,-84.6562,84.6562,113,9,4.99508,31.4951,1.5,0,0,0,10
668723473,98.9,0,0,-98.9,98.9,265,12,-16.5,76.2348,1.5,0,0,0,10
669348437,100.778,0,0,-100.778,100.778,229,17,28.5,61.0788,1.5,0,0,0,10
669848462,96.5642,0,0,-96.5642,96.5642,254,10,-1,74.9136,1.5,0,0,0,10
670598330,85.2567,0,0,-85.2567,85.2567,122,16,10.0922,33.5,1.5,0,0,0,10
670973303,83.5959,0,0,-83.5959,83.5959,95,7,7.42729,25.5778,1.5,0,0,0,10
671223322,84.5725,0,0,-84.5725,84.5725,114,1,-8.97849,31.5177,1.5,0,0,0,10
671348395,95.3645,0,0,-95.3645,95.3645,187,5,-22,49.8679,1.5,0,0,0,10
671598377,96.8428,0,0,-96.8428,96.8428,169,13,19.9376,44.9376,1.5,0,0,0,10
671848464,105.15,0,0,-105.15,105.15,256,8,-23.5,71.5545,1.5,0,0,0,10
672098308,83.9176,0,0,-83.9176,83.9176,100,19,9.55343,26.4466,1.5,0,0,0,10
672973300,83.7694,0,0,-83.7694,83.7694,92,4,-12.0914,24.0914,1.5,0,0,0,10
673348471,104.474,0,0,-104.474,104.474,263,18,35.0619,69.0562,1.5,0,0,0,10
673973382,99.1425,0,0,-99.1425,99.1425,174,2,-3.12702,51.5,1.5,0,0,0,10
674598439,96.1692,0,0,-96.1692,96.1692,231,11,13,66.6581,1.5,0,0,0,10
675223289,82.2159,0,0,-82.2159,82.2159,81,6,1.5,21.7339,1.5,0,0,0,10
676223384,95.9741,0,0,-95.9741,95.9741,176,20,13.8061,49.3061,1.5,0,0,0,10
700000081,82.2159,0,0,-82.2159,82.2159,81,0,0,0,10,6,1.5,21.5839,1.5
700000092,83.7694,0,0,-83.7694,83.7694,92,0,0,0,10,4,-12.1975,24.1975,1.5
700000095,83.5959,0,0,-83.5959,83.5959,95,0,0,0,10,7,7.54354,25.5,1.5
700000100,83.9176,0,0,-83.9176,83.9176,100,0,0,0,10,19,9.6595,26.3405,1.5
700000113,84.6562,0,0,-84.6562,84.6562,113,0,0,0,10,9,4.88901,31.389,1.5
700000114,84.5725,0,0,-84.5725,84.5725,114,0,0,0,10,1,-9.08638,31.4136,1.5
700000122,85.2567,0,0,-85.2567,85.2567,122,0,0,0,10,16,9.95909,33.4591,1.5
700000169,96.8428,0,0,-96.8428,96.8428,169,0,0,0,10,13,19.8315,44.8315,1.5
700000174,99.1425,0,0,-99.1425,99.1425,174,0,0,0,10,2,-3.27702,51.5,1.5
700000176,95.9741,0,0,-95.9741,95.9741,176,0,0,0,10,20,13.7,49.2,1.5
700000187,95.3645,0,0,-95.3645,95.3645,187,0,0,0,10,5,-22,49.7179,1.5
700000217,102.659,0,0,-102.659,102.659,217,0,0,0,10,3,-24.2338,59.5,1.5
700000229,100.778,0,0,-100.778,100.778,229,0,0,0,10,17,28.5,60.9288,1.5
700000231,96.1692,0,0,-96.1692,96.1692,231,0,0,0,10,11,13,66.5081,1.5
700000254,96.5642,0,0,-96.5642,96.5642,254,0,0,0,10,10,-1,74.7636,1.5
700000256,105.15,0,0,-105.15,105.15,256,0,0,0,10,8,-23.4324,71.4324,1.5
700000263,105.076,0,0,-105.076,105.076,263,0,0,0,10,15,27.3788,72.3788,1.5
700000263,104.474,0,0,-104.474,104.474,263,0,0,0,10,18,34.9531,68.9531,1.5
700000265,98.9,0,0,-98.9,98.9,265,0,0,0,10,12,-16.5,76.0848,1.5
700000266,101.391,0,0,-101.391,101.391,266,0,0,0,10,14,-29.5801,72.5801,1.5
716348474,101.391,0,0,-101.391,101.391,266,14,-29.5801,72.5801,1.5,0,0,0,10
716598471,105.076,0,0,-105.076,105.076,263,15,27.3788,72.3788,1.5,0,0,0,10
717723425,102.659,0,0,-102.659,102.659,217,3,-24.2338,59.5,1.5,0,0,0,10
717848321,84.6562,0,0,-84.6562,84.6562,113,9,4.88901,31.389,1.5,0,0,0,10
718723473,98.9,0,0,-98.9,98.9,265,12,-16.5,76.0848,1.5,0,0,0,10
719348437,100.778,0,0,-100.778,100.778,229,17,28.5,60.9288,1.5,0,0,0,10
719848462,96.5642,0,0,-96.5642,96.5642,254,10,-1,74.7636,1.5,0,0,0,10
720598330,85.2567,0,0,-85.2567,85.2567,122,16,9.95909,33.4591,1.5,0,0,0,10
720973303,83.5959,0,0,-83.5959,83.5959,95,7,7.54354,25.5,1.5,0,0,0,10
721223322,84.5725,0,0,-84.5725,84.5725,114,1,-9.08638,31.4136,1.5,0,0,0,10
721348395,95.3645,0,0,-95.3645,95.3645,187,5,-22,49.7179,1.5,0,0,0,10
721598377,96.8428,0,0,-96.8428,96.8428,169,13,19.8315,44.8315,1.5,0,0,0,10
721848464,105.15,0,0,-105.15,105.15,256,8,-23.4324,71.4324,1.5,0,0,0,10
722098308,83.9176,0,0,-83.9176,83.9176,100,19,9.6595,26.3405,1.5,0,0,0,10
722973300,83.7694,0,0,-83.7694,83.7694,92,4,-12.1975,24.1975,1.5,0,0,0,10
723348471,104.474,0,0,-104.474,104.474,263,18,34.9531,68.9531,1.5,0,0,0,10
723973382,99.1425,0,0,-99.1425,99.1425,174,2,-3.27702,51.5,1.5,0,0,0,10
724598439,96.1692,0,0,-96.1692,96.1692,231,11,13,66.5081,1.5,0,0,0,10
725223289,82.2159,0,0,-82.2159,82.2159,81,6,1.5,21.5839,1.5,0,0,0,10
726223384,95.9741,0,0,-95.9741,95.9741,176,20,13.7,49.2,1.5,0,0,0,10
750000081,82.2159,0,0,-82.2159,82.2159,81,0,0,0,10,6,1.5,21.5839,1.5
750000092,83.7694,0,0,-83.7694,83.7694,92,0,0,0,10,4,-12.1975,24.1975,1.5
750000095,83.5959,0,0,-83.5959,83.5959,95,0,0,0,10,7,7.54354,25.5,1.5
750000100,83.9176,0,0,-83.9176,83.9176,100,0,0,0,10,19,9.6595,26.3405,1.5
750000113,84.6562,0,0,-84.6562,84.6562,113,0,0,0,10,9,4.88901,31.389,1.5
750000114,84.5725,0,0,-84.5725,84.5725,114,0,0,0,10,1,-9.08638,31.4136,1.5
750000122,85.2567,0,0,-85.2567,85.2567,122,0,0,0,10,16,9.95909,33.4591,1.5
750000169,96.8428,0,0,-96.8428,96.8428,169,0,0,0,10,13,19.8315,44.8315,1.5
750000174,99.1425,0,0,-99.1425,99.1425,174,0,0,0,10,2,-3.27702,51.5,1.5
750000176,95.9741,0,0,-95.9741,95.9741,176,0,0,0,10,20,13.7,49.2,1.5
750000187,95.3645,0,0,-95.3645,95.3645,187,0,0,0,10,5,-22,49.7179,1.5
750000217,102.659,0,0,-102.659,102.659,217,0,0,0,10,3,-24.2338,59.5,1.5
750000229,100.778,0,0,-100.778,100.778,229,0,0,0,10,17,28.5,60.9288,1.5
750000231,96.1692,0,0,-96.1692,96.1692,231,0,0,0,10,11,13,66.5081,1.5
750000254,96.5642,0,0,-96.5642,96.5642,254,0,0,0,10,10,-1,74.7636,1.5
750000256,105.15,0,0,-105.15,105.15,256,0,0,0,10,8,-23.4324,71.4324,1.5
750000263,105.076,0,0,-105.076,105.076,263,0,0,0,10,15,27.3788,72.3788,1.5
750000263,104.474,0,0,-104.474,104.474,263,0,0,0,10,18,34.9531,68.9531,1.5
750000265,98.9,0,0,-98.9,98.9,265,0,0,0,10,12,-16.5,76.0848,1.5
750000266,101.391,0,0,-101.391,101.391,266,0,0,0,10,14,-29.5801,72.5801,1.5
766348474,101.391,0,0,-101.391,101.391,266,14,-29.5801,72.5801,1.5,0,0,0,10
766598471,105.076,0,0,-105.076,105.076,263,15,27.3788,72.3788,1.5,0,0,0,10
767723425,102.659,0,0,-102.659,102.659,217,3,-24.2338,59.5,1.5,0,0,0,10
767848321,84.6562,0,0,-84.6562,84.6562,113,9,4.88901,31.389,1.5,0,0,0,10
768723473,98.9,0,0,-98.9,98.9,265,12,-16.5,76.0848,1.5,0,0,0,10
769348437,100.778,0,0,-100.778,100.778,229,17,28.5,60.9288,1.5,0,0,0,10
769848462,96.5642,0,0,-96.5642,96.5642,254,10,-1,74.7636,1.5,0,0,0,10
770598330,85.2567,0,0,-85.2567,85.2567,122,16,9.95909,33.4591,1.5,0,0,0,10
770973303,83.5959,0,0,-83.5959,83.5959,95,7,7.54354,25.5,1.5,0,0,0,10
771223322,84.5725,0,0,-84.5725,84.5725,114,1,-9.08638,31.4136,1.5,0,0,0,10
771348395,95.3645,0,0,-95.3645,95.3645,187,5,-22,49.7179,1.5,0,0,0,10
771598377,96.8428,0,0,-96.8428,96.8428,169,13,19.8315,44.8315,1.5,0,0,0,10
771848464,105.15,0,0,-105.15,105.15,256,8,-23.4324,71.4324,1.5,0,0,0,10
772098308,83.9176,0,0,-83.9176,83.9176,100,19,9.6595,26.3405,1.5,0,0,0,10
772973300,83.7694,0,0,-83.7694,83.7694,92,4,-12.1975,24.1975,1.5,0,0,0,10
773348471,104.474,0,0,-104.474,104.474,263,18,34.9531,68.9531,1.5,0,0,0,10
773973382,99.1425,0,0,-99.1425,99.1425,174,2,-3.27702,51.5,1.5,0,0,0,10
774598439,96.1692,0,0,-96.1692,96.1692,231,11,13,66.5081,1.5,0,0,0,10
775223289,82.2159,0,0,-82.2159,82.2159,81,6,1.5,21.5839,1.5,0,0,0,10
776223384,95.9741,0,0,-95.9741,95.9741,176,20,13.7,49.2,1.5,0,0,0,10
800000095,84.1173,0,0,-84.1173,84.1173,95,0,0,0,10,4,-12.3036,24.3036,1.5
800000174,95.7317,0,0,-95.7317,95.7317,174,0,0,0,10,2,-3.42702,51.5,1.5
800009006,82.5677,0,0,-82.5677,82.5677,77,0,0,0,10,6,1.5,21.4339,1.5
800009022,83.8334,0,0,-83.8334,83.8334,93,0,0,0,10,7,7.69354,25.5,1.5
800009027,83.5305,0,0,-83.5305,83.5305,98,0,0,0,10,19,9.76556,26.2344,1.5
800009038,84.493,0,0,-84.493,84.493,109,0,0,0,10,9,4.78295,31.2829,1.5
800009041,84.6804,0,0,-84.6804,84.6804,112,0,0,0,10,1,-9.19245,31.3076,1.5
800009048,85.1242,0,0,-85.1242,85.1242,119,0,0,0,10,16,9.85303,33.353,1.5
800009095,96.3595,0,0,-96.3595,96.3595,166,0,0,0,10,13,19.7255,44.7255,1.5
800009101,95.2882,0,0,-95.2882,95.2882,172,0,0,0,10,20,13.594,49.094,1.5
800009112,97.8376,0,0,-97.8376,97.8376,183,0,0,0,10,5,-22,49.5679,1.5
800009145,99.9903,0,0,-99.9903,99.9903,216,0,0,0,10,3,-24.0838,59.5,1.5
800009155,100.184,0,0,-100.184,100.184,226,0,0,0,10,17,28.5,60.7788,1.5
800009156,99.693,0,0,-99.693,99.693,227,0,0,0,10,11,13,66.3581,1.5
800009180,96.7752,0,0,-96.7752,96.7752,251,0,0,0,10,10,-1,74.6136,1.5
800009181,100.984,0,0,-100.984,100.984,252,0,0,0,10,8,-23.3264,71.3264,1.5
800009188,100.792,0,0,-100.792,100.792,259,0,0,0,10,15,27.2728,72.2728,1.5
800009188,100.405,0,0,-100.405,100.405,259,0,0,0,10,18,34.847,68.847,1.5
800009190,98.2674,0,0,-98.2674,98.2674,261,0,0,0,10,12,-16.5,75.9348,1.5
800009192,105.107,0,0,-105.107,105.107,263,0,0,0,10,14,-29.474,72.474,1.5
816482399,105.107,0,0,-105.107,105.107,263,14,-29.474,72.474,1.5,0,0,0,10
816732395,100.792,0,0,-100.792,100.792,259,15,27.2728,72.2728,1.5,0,0,0,10
817857352,99.9903,0,0,-99.9903,99.9903,216,3,-24.0838,59.5,1.5,0,0,0,10
817982245,84.493,0,0,-84.493,84.493,109,9,4.78295,31.2829,1.5,0,0,0,10
818857397,98.2674,0,0,-98.2674,98.2674,261,12,-16.5,75.9348,1.5,0,0,0,10
819982387,96.7752,0,0,-96.7752,96.7752,251,10,-1,74.6136,1.5,0,0,0,10
821107229,83.8334,0,0,-83.8334,83.8334,93,7,7.69354,25.5,1.5,0,0,0,10
821357248,84.6804,0,0,-84.6804,84.6804,112,1,-9.19245,31.3076,1.5,0,0,0,10
821607319,97.8376,0,0,-97.8376,97.8376,183,5,-22,49.5679,1.5,0,0,0,10
822089533,100.984,0,0,-100.984,100.984,252,8,-23.3264,71.3264,1.5,0,0,0,10
822232302,96.3595,0,0,-96.3595,96.3595,166,13,19.7255,44.7255,1.5,0,0,0,10
822973303,84.1173,0,0,-84.1173,84.1173,95,4,-12.3036,24.3036,1.5,0,0,0,10
823973382,95.7317,0,0,-95.7317,95.7317,174,2,-3.42702,51.5,1.5,0,0,0,10
824857363,99.693,0,0,-99.693,99.693,227,11,13,66.3581,1.5,0,0,0,10
825357213,82.5677,0,0,-82.5677,82.5677,77,6,1.5,21.4339,1.5,0,0,0,10
826732255,85.1242,0,0,-85.1242,85.1242,119,16,9.85303,33.353,1.5,0,0,0,10
829348434,100.184,0,0,-100.184,100.184,226,17,28.5,60.7788,1.5,0,0,0,10
832098306,83.5305,0,0,-83.5305,83.5305,98,19,9.76556,26.2344,1.5,0,0,0,10
833348467,100.405,0,0,-100.405,100.405,259,18,34.847,68.847,1.5,0,0,0,10
836223380,95.2882,0,0,-95.2882,95.2882,172,20,13.594,49.094,1.5,0,0,0,10
850000095,84.1173,0,0,-84.1173,84.1173,95,0,0,0,10,4,-12.3036,24.3036,1.5
850000174,95.7317,0,0,-95.7317,95.7317,174,0,0,0,10,2,-3.42702,51.5,1.5
850009006,82.5677,0,0,-82.5677,82.5677,77,0,0,0,10,6,1.5,21.4339,1.5
850009022,83.8334,0,0,-83.8334,83.8334,93,0,0,0,10,7,7.69354,25.5,1.5
850009027,83.5305,0,0,-83.5305,83.5305,98,0,0,0,10,19,9.76556,26.2344,1.5
850009038,84.493,0,0,-84.493,84.493,109,0,0,0,10,9,4.78295,31.2829,1.5
850009041,84.6804,0,0,-84.6804,84.6804,112,0,0,0,10,1,-9.19245,31.3076,1.5
850009048,85.1242,0,0,-85.1242,85.1242,119,0,0,0,10,16,9.85303,33.353,1.5
850009095,96.3595,0,0,-96.3595,96.3595,166,0,0,0,10,13,19.7255,44.7255,1.5
850009101,95.2882,0,0,-95.2882,95.2882,172,0,0,0,10,20,13.594,49.094,1.5
850009112,97.8376,0,0,-97.8376,97.8376,183,0,0,0,10,5,-22,49.5679,1.5
850009145,99.9903,0,0,-99.9903,99.9903,216,0,0,0,10,3,-24.0838,59.5,1.5
850009155,100.184,0,0,-100.184,100.184,226,0,0,0,10,17,28.5,60.7788,1.5
850009156,99.693,0,0,-99.693,99.693,227,0,0,0,10,11,13,66.3581,1.5
850009180,96.7752,0,0,-96.7752,96.7752,251,0,0,0,10,10,-1,74.6136,1.5
850009181,100.984,0,0,-100.984,100.984,252,0,0,0,10,8,-23.3264,71.3264,1.5
850009188,100.792,0,0,-100.792,100.792,259,0,0,0,10,15,27.2728,72.2728,1.5
850009188,100.405,0,0,-100.405,100.405,259,0,0,0,10,18,34.847,68.847,1.5
850009190,98.2674,0,0,-98.2674,98.2674,261,0,0,0,10,12,-16.5,75.9348,1.5
850009192,105.107,0,0,-105.107,105.107,263,0,0,0,10,14,-29.474,72.474,1.5
866482399,105.107,0,0,-105.107,105.107,263,14,-29.474,72.474,1.5,0,0,0,10
866732395,100.792,0,0,-100.792,100.792,259,15,27.2728,72.2728,1.5,0,0,0,10
867982245,84.493,0,0,-84.493,84.493,109,9,4.78295,31.2829,1.5,0,0,0,10
867982352,99.9903,0,0,-99.9903,99.9903,216,3,-24.0838,59.5,1.5,0,0,0,10
869982397,98.2674,0,0,-98.2674,98.2674,261,12,-16.5,75.9348,1.5,0,0,0,10
870232387,96.7752,0,0,-96.7752,96.7752,251,10,-1,74.6136,1.5,0,0,0,10
871107229,83.8334,0,0,-83.8334,83.8334,93,7,7.69354,25.5,1.5,0,0,0,10
871482248,84.6804,0,0,-84.6804,84.6804,112,1,-9.19245,31.3076,1.5,0,0,0,10
871857319,97.8376,0,0,-97.8376,97.8376,183,5,-22,49.5679,1.5,0,0,0,10
872232302,96.3595,0,0,-96.3595,96.3595,166,13,19.7255,44.7255,1.5,0,0,0,10
872357388,100.984,0,0,-100.984,100.984,252,8,-23.3264,71.3264,1.5,0,0,0,10
872973303,84.1173,0,0,-84.1173,84.1173,95,4,-12.3036,24.3036,1.5,0,0,0,10
873973382,95.7317,0,0,-95.7317,95.7317,174,2,-3.42702,51.5,1.5,0,0,0,10
875107363,99.693,0,0,-99.693,99.693,227,11,13,66.3581,1.5,0,0,0,10
875357213,82.5677,0,0,-82.5677,82.5677,77,6,1.5,21.4339,1.5,0,0,0,10
876732255,85.1242,0,0,-85.1242,85.1242,119,16,9.85303,33.353,1.5,0,0,0,10
879348434,100.184,0,0,-100.184,100.184,226,17,28.5,60.7788,1.5,0,0,0,10
882098306,83.5305,0,0,-83.5305,83.5305,98,19,9.76556,26.2344,1.5,0,0,0,10
883348467,100.405,0,0,-100.405,100.405,259,18,34.847,68.847,1.5,0,0,0,10
886223380,95.2882,0,0,-95.2882,95.2882,172,20,13.594,49.094,1.5,0,0,0,10
900000095,84.1173,0,0,-84.1173,84.1173,95,0,0,0,10,4,-12.4096,24.4096,1.5
900000174,95.7317,0,0,-95.7317,95.7317,174,0,0,0,10,2,-3.57702,51.5,1.5
900009006,82.5677,0,0,-82.5677,82.5677,77,0,0,0,10,6,1.5,21.2839,1.5
900009022,83.8334,0,0,-83.8334,83.8334,93,0,0,0,10,7,7.84354,25.5,1.5
900009027,83.5305,0,0,-83.5305,83.5305,98,0,0,0,10,19,9.87163,26.1284,1.5
900009038,84.493,0,0,-84.493,84.493,109,0,0,0,10,9,4.67688,31.1769,1.5
900009041,84.6804,0,0,-84.6804,84.6804,112,0,0,0,10,1,-9.29852,31.2015,1.5
900009048,85.1242,0,0,-85.1242,85.1242,119,0,0,0,10,16,9.74696,33.247,1.5
900009095,96.3595,0,0,-96.3595,96.3595,166,0,0,0,10,13,19.6194,44.6194,1.5
900009101,95.2882,0,0,-95.2882,95.2882,172,0,0,0,10,20,13.4879,48.9879,1.5
900009112,97.8376,0,0,-97.8376,97.8376,183,0,0,0,10,5,-22,49.4179,1.5
900009145,99.9903,0,0,-99.9903,99.9903,216,0,0,0,10,3,-23.9338,59.5,1.5
900009155,100.184,0,0,-100.184,100.184,226,0,0,0,10,17,28.5,60.6288,1.5
900009156,99.693,0,0,-99.693,99.693,227,0,0,0,10,11,13,66.2081,1.5
900009180,96.7752,0,0,-96.7752,96.7752,251,0,0,0,10,10,-1,74.4636,1.5
900009181,100.984,0,0,-100.984,100.984,252,0,0,0,10,8,-23.2203,71.2203,1.5
900009188,100.792,0,0,-100.792,100.792,259,0,0,0,10,15,27.1667,72.1667,1.5
900009188,100.405,0,0,-100.405,100.405,259,0,0,0,10,18,34.7409,68.7409,1.5
900009190,98.2674,0,0,-98.2674,98.2674,261,0,0,0,10,12,-16.5,75.7848,1.5
900009192,105.107,0,0,-105.107,105.107,263,0,0,0,10,14,-29.368,72.368,1.5
916482399,105.107,0,0,-105.107,105.107,263,14,-29.368,72.368,1.5,0,0,0,10
916732395,100.792,0,0,-100.792,100.792,259,15,27.1667,72.1667,1.5,0,0,0,10
917982245,84.493,0,0,-84.493,84.493,109,9,4.67688,31.1769,1.5,0,0,0,10
918232352,99.9903,0,0,-99.9903,99.9903,216,3,-23.9338,59.5,1.5,0,0,0,10
920107397,98.2674,0,0,-98.2674,98.2674,261,12,-16.5,75.7848,1.5,0,0,0,10
920482387,96.7752,0,0,-96.7752,96.7752,251,10,-1,74.4636,1.5,0,0,0,10
921107229,83.8334,0,0,-83.8334,83.8334,93,7,7.84354,25.5,1.5,0,0,0,10
921482248,84.6804,0,0,-84.6804,84.6804,112,1,-9.29852,31.2015,1.5,0,0,0,10
922107319,97.8376,0,0,-97.8376,97.8376,183,5,-22,49.4179,1.5,0,0,0,10
922482388,100.984,0,0,-100.984,100.984,252,8,-23.2203,71.2203,1.5,0,0,0,10
922973303,84.1173,0,0,-84.1173,84.1173,95,4,-12.4096,24.4096,1.5,0,0,0,10
923357302,96.3595,0,0,-96.3595,96.3595,166,13,19.6194,44.6194,1.5,0,0,0,10
923973382,95.7317,0,0,-95.7317,95.7317,174,2,-3.57702,51.5,1.5,0,0,0,10
925107363,99.693,0,0,-99.693,99.693,227,11,13,66.2081,1.5,0,0,0,10
925357213,82.5677,0,0,-82.5677,82.5677,77,6,1.5,21.2839,1.5,0,0,0,10
926732255,85.1242,0,0,-85.1242,85.1242,119,16,9.74696,33.247,1.5,0,0,0,10
929348434,100.184,0,0,-100.184,100.184,226,17,28.5,60.6288,1.5,0,0,0,10
932098306,83.5305,0,0,-83.5305,83.5305,98,19,9.87163,26.1284,1.5,0,0,0,10
933348467,100.405,0,0,-100.405,100.405,259,18,34.7409,68.7409,1.5,0,0,0,10
936223380,95.2882,0,0,-95.2882,95.2882,172,20,13.4879,48.9879,1.5,0,0,0,10
950000095,84.1173,0,0,-84.1173,84.1173,95,0,0,0,10,4,-12.4096,24.4096,1.5
950000174,95.7317,0,0,-95.7317,95.7317,174,0,0,0,10,2,-3.57702,51.5,1.5
950009006,82.5677,0,0,-82.5677,82.5677,77,0,0,0,10,6,1.5,21.2839,1.5
950009022,83.8334,0,0,-83.8334,83.8334,93,0,0,0,10,7,7.84354,25.5,1.5
950009027,83.5305,0,0,-83.5305,83.5305,98,0,0,0,10,19,9.87163,26.1284,1.5
950009038,84.493,0,0,-84.493,84.493,109,0,0,0,10,9,4.67688,31.1769,1.5
950009041,84.6804,0,0,-84.6804,84.6804,112,0,0,0,10,1,-9.29852,31.2015,1.5
950009048,85.1242,0,0,-85.1242,85.1242,119,0,0,0,10,16,9.74696,33.247,1.5
950009095,96.3595,0,0,-96.3595,96.3595,166,0,0,0,10,13,19.6194,44.6194,1.5
950009101,95.2882,0,0,-95.2882,95.2882,172,0,0,0,10,20,13.4879,48.9879,1.5
950009112,97.8376,0,0,-97.8376,97.8376,183,0,0,0,10,5,-22,49.4179,1.5
950009145,99.9903,0,0,-99.9903,99.9903,216,0,0,0,10,3,-23.9338,59.5,1.5
950009155,100.184,0,0,-100.184,100.184,226,0,0,0,10,17,28.5,60.6288,1.5
950009156,99.693,0,0,-99.693,99.693,227,0,0,0,10,11,13,66.2081,1.5
950009180,96.7752,0,0,-96.7752,96.7752,251,0,0,0,10,10,-1,74.4636,1.5
950009181,100.984,0,0,-100.984,100.984,252,0,0,0,10,8,-23.2203,71.2203,1.5
950009188,100.792,0,0,-100.792,100.792,259,0,0,0,10,15,27.1667,72.1667,1.5
950009188,100.405,0,0,-100.405,100.405,259,0,0,0,10,18,34.7409,68.7409,1.5
950009190,98.2674,0,0,-98.2674,98.2674,261,0,0,0,10,12,-16.5,75.7848,1.5
950009192,105.107,0,0,-105.107,105.107,263,0,0,0,10,14,-29.368,72.368,1.5
966732395,100.792,0,0,-100.792,100.792,259,15,27.1667,72.1667,1.5,0,0,0,10
967357399,105.107,0,0,-105.107,105.107,263,14,-29.368,72.368,1.5,0,0,0,10
967982245,84.493,0,0,-84.493,84.493,109,9,4.67688,31.1769,1.5,0,0,0,10
968357352,99.9903,0,0,-99.9903,99.9903,216,3,-23.9338,59.5,1.5,0,0,0,10
970107397,98.2674,0,0,-98.2674,98.2674,261,12,-16.5,75.7848,1.5,0,0,0,10
970482387,96.7752,0,0,-96.7752,96.7752,251,10,-1,74.4636,1.5,0,0,0,10
971107229,83.8334,0,0,-83.8334,83.8334,93,7,7.84354,25.5,1.5,0,0,0,10
971482248,84.6804,0,0,-84.6804,84.6804,112,1,-9.29852,31.2015,1.5,0,0,0,10
972232319,97.8376,0,0,-97.8376,97.8376,183,5,-22,49.4179,1.5,0,0,0,10
972482388,100.984,0,0,-100.984,100.984,252,8,-23.2203,71.2203,1.5,0,0,0,10
972973303,84.1173,0,0,-84.1173,84.1173,95,4,-12.4096,24.4096,1.5,0,0,0,10
973357302,96.3595,0,0,-96.3595,96.3595,166,13,19.6194,44.6194,1.5,0,0,0,10
973973382,95.7317,0,0,-95.7317,95.7317,174,2,-3.57702,51.5,1.5,0,0,0,10
975107363,99.693,0,0,-99.693,99.693,227,11,13,66.2081,1.5,0,0,0,10
975357213,82.5677,0,0,-82.5677,82.5677,77,6,1.5,21.2839,1.5,0,0,0,10
976732255,85.1242,0,0,-85.1242,85.1242,119,16,9.74696,33.247,1.5,0,0,0,10
979348434,100.184,0,0,-100.184,100.184,226,17,28.5,60.6288,1.5,0,0,0,10
982098306,83.5305,0,0,-83.5305,83.5305,98,19,9.87163,26.1284,1.5,0,0,0,10
983348467,100.405,0,0,-100.405,100.405,259,18,34.7409,68.7409,1.5,0,0,0,10
986223380,95.2882,0,0,-95.2882,95.2882,172,20,13.4879,48.9879,1.5,0,0,0,10
1000000095,84.1173,0,0,-84.1173,84.1173,95,0,0,0,10,4,-12.5157,24.5157,1.5
1000000174,95.7317,0,0,-95.7317,95.7317,174,0,0,0,10,2,-3.72702,51.5,1.5
1000009006,82.5677,0,0,-82.5677,82.5677,77,0,0,0,10,6,1.5,21.1339,1.5
1000009022,83.8334,0,0,-83.8334,83.8334,93,0,0,0,10,7,7.99354,25.5,1.5
1000009027,83.5305,0,0,-83.5305,83.5305,98,0,0,0,10,19,9.9777,26.0223,1.5
1000009038,84.493,0,0,-84.493,84.493,109,0,0,0,10,9,4.57082,31.0708,1.5
1000009041,84.6804,0,0,-84.6804,84.6804,112,0,0,0,10,1,-9.40458,31.0954,1.5
1000009048,85.1242,0,0,-85.1242,85.1242,119,0,0,0,10,16,9.6409,33.1409,1.5
1000009095,96.3595,0,0,-96.3595,96.3595,166,0,0,0,10,13,19.5133,44.5133,1.5
1000009101,95.2882,0,0,-95.2882,95.2882,172,0,0,0,10,20,13.3818,48.8818,1.5
1000009112,97.8376,0,0,-97.8376,97.8376,183,0,0,0,10,5,-22,49.2679,1.5
1000009145,99.9903,0,0,-99.9903,99.9903,216,0,0,0,10,3,-23.7838,59.5,1.5
1000009155,100.184,0,0,-100.184,100.184,226,0,0,0,10,17,28.5,60.4788,1.5
1000009156,99.693,0,0,-99.693,99.693,227,0,0,0,10,11,13,66.0581,1.5
1000009180,96.7752,0,0,-96.7752,96.7752,251,0,0,0,10,10,-1,74.3136,1.5
1000009181,100.984,0,0,-100.984,100.984,252,0,0,0,10,8,-23.1142,71.1142,1.5
1000009188,100.792,0,0,-100.792,100.792,259,0,0,0,10,15,27.0606,72.0606,1.5
1000009188,100.405,0,0,-100.405,100.405,259,0,0,0,10,18,34.6349,68.6349,1.5
1000009190,98.2674,0,0,-98.2674,98.2674,261,0,0,0,10,12,-16.5,75.6348,1.5
1000009192,105.107,0,0,-105.107,105.107,263,0,0,0,10,14,-29.2619,72.2619,1.5
1016732395,100.792,0,0,-100.792,100.792,259,15,27.0606,72.0606,1.5,0,0,0,10
1017357399,105.107,0,0,-105.107,105.107,263,14,-29.2619,72.2619,1.5,0,0,0,10
1017982245,84.493,0,0,-84.493,84.493,109,9,4.57082,31.0708,1.5,0,0,0,10
1018357352,99.9903,0,0,-99.9903,99.9903,216,3,-23.7838,59.5,1.5,0,0,0,10
1020107397,98.2674,0,0,-98.2674,98.2674,261,12,-16.5,75.6348,1.5,0,0,0,10
1020482387,96.7752,0,0,-96.7752,96.7752,251,10,-1,74.3136,1.5,0,0,0,10
1021107229,83.8334,0,0,-83.8334,83.8334,93,7,7.99354,25.5,1.5,0,0,0,10
1021732248,84.6804,0,0,-84.6804,84.6804,112,1,-9.40458,31.0954,1.5,0,0,0,10
1022482319,97.8376,0,0,-97.8376,97.8376,183,5,-22,49.2679,1.5,0,0,0,10
1022482388,100.984,0,0,-100.984,100.984,252,8,-23.1142,71.1142,1.5,0,0,0,10
1022973303,84.1173,0,0,-84.1173,84.1173,95,4,-12.5157,24.5157,1.5,0,0,0,10
1023973382,95.7317,0,0,-95.7317,95.7317,174,2,-3.72702,51.5,1.5,0,0,0,10
1024482302,96.3595,0,0,-96.3595,96.3595,166,13,19.5133,44.5133,1.5,0,0,0,10
1025357213,82.5677,0,0,-82.5677,82.5677,77,6,1.5,21.1339,1.5,0,0,0,10
1025357363,99.693,0,0,-99.693,99.693,227,11,13,66.0581,1.5,0,0,0,10
1026732255,85.1242,0,0,-85.1242,85.1242,119,16,9.6409,33.1409,1.5,0,0,0,10
1029348434,100.184,0,0,-100.184,100.184,226,17,28.5,60.4788,1.5,0,0,0,10
1032098306,83.5305,0,0,-83.5305,83.5305,98,19,9.9777,26.0223,1.5,0,0,0,10
1033348467,100.405,0,0,-100.405,100.405,259,18,34.6349,68.6349,1.5,0,0,0,10
1036223380,95.2882,0,0,-95.2882,95.2882,172,20,13.3818,48.8818,1.5,0,0,0,10
1050000095,84.1173,0,0,-84.1173,84.1173,95,0,0,0,10,4,-12.5157,24.5157,1.5
1050000174,95.7317,0,0,-95.7317,95.7317,174,0,0,0,10,2,-3.72702,51.5,1.5
1050009006,82.5677,0,0,-82.5677,82.5677,77,0,0,0,10,6,1.5,21.1339,1.5
1050009022,83.8334,0,0,-83.8334,83.8334,93,0,0,0,10,7,7.99354,25.5,1.5
1050009027,83.5305,0,0,-83.5305,83.5305,98,0,0,0,10,19,9.9777,26.0223,1.5
1050009038,84.493,0,0,-84.493,84.493,109,0,0,0,10,9,4.57082,31.0708,1.5
1050009041,84.6804,0,0,-84.6804,84.6804,112,0,0,0,10,1,-9.40458,31.0954,1.5
1050009048,85.1242,0,0,-85.1242,85.1242,119,0,0,0,10,16,9.6409,33.1409,1.5
1050009095,96.3595,0,0,-96.3595,96.3595,166,0,0,0,10,13,19.5133,44.5133,1.5
1050009101,95.2882,0,0,-95.2882,95.2882,172,0,0,0,10,20,13.3818,48.8818,1.5
1050009112,97.8376,0,0,-97.8376,97.8376,183,0,0,0,10,5,-22,49.2679,1.5
1050009145,99.9903,0,0,-99.9903,99.9903,216,0,0,0,10,3,-23.7838,59.5,1.5
1050009155,100.184,0,0,-100.184,100.184,226,0,0,0,10,17,28.5,60.4788,1.5
1050009156,99.693,0,0,-99.693,99.693,227,0,0,0,10,11,13,66.0581,1.5
1050009180,96.7752,0,0,-96.7752,96.7752,251,0,0,0,10,10,-1,74.3136,1.5
1050009181,100.984,0,0,-100.984,100.984,252,0,0,0,10,8,-23.1142,71.1142,1.5
1050009188,100.792,0,0,-100.792,100.792,259,0,0,0,10,15,27.0606,72.0606,1.5
1050009188,100.405,0,0,-100.405,100.405,259,0,0,0,10,18,34.6349,68.6349,1.5
1050009190,98.2674,0,0,-98.2674,98.2674,261,0,0,0,10,12,-16.5,75.6348,1.5
1050009192,105.107,0,0,-105.107,105.107,263,0,0,0,10,14,-29.2619,72.2619,1.5
1066732395,100.792,0,0,-100.792,100.792,259,15,27.0606,72.0606,1.5,0,0,0,10
1067357399,105.107,0,0,-105.107,105.107,263,14,-29.2619,72.2619,1.5,0,0,0,10
1067982245,84.493,0,0,-84.493,84.493,109,9,4.57082,31.0708,1.5,0,0,0,10
1068357352,99.9903,0,0,-99.9903,99.9903,216,3,-23.7838,59.5,1.5,0,0,0,10
1070357397,98.2674,0,0,-98.2674,98.2674,261,12,-16.5,75.6348,1.5,0,0,0,10
1070732387,96.7752,0,0,-96.7752,96.7752,251,10,-1,74.3136,1.5,0,0,0,10
1071107229,83.8334,0,0,-83.8334,83.8334,93,7,7.99354,25.5,1.5,0,0,0,10
1071982248,84.6804,0,0,-84.6804,84.6804,112,1,-9.40458,31.0954,1.5,0,0,0,10
1072482388,100.984,0,0,-100.984,100.984,252,8,-23.1142,71.1142,1.5,0,0,0,10
1072732319,97.8376,0,0,-97.8376,97.8376,183,5,-22,49.2679,1.5,0,0,0,10
1072973303,84.1173,0,0,-84.1173,84.1173,95,4,-12.5157,24.5157,1.5,0,0,0,10
1073973382,95.7317,0,0,-95.7317,95.7317,174,2,-3.72702,51.5,1.5,0,0,0,10
1074482302,96.3595,0,0,-96.3595,96.3595,166,13,19.5133,44.5133,1.5,0,0,0,10
1075357213,82.5677,0,0,-82.5677,82.5677,77,6,1.5,21.1339,1.5,0,0,0,10
1075357363,99.693,0,0,-99.693,99.693,227,11,13,66.0581,1.5,0,0,0,10
1076732255,85.1242,0,0,-85.1242,85.1242,119,16,9.6409,33.1409,1.5,0,0,0,10
1079348434,100.184,0,0,-100.184,100.184,226,17,28.5,60.4788,1.5,0,0,0,10
1082098306,83.5305,0,0,-83.5305,83.5305,98,19,9.9777,26.0223,1.5,0,0,0,10
1083348467,100.405,0,0,-100.405,100.405,259,18,34.6349,68.6349,1.5,0,0,0,10
1086223380,95.2882,0,0,-95.2882,95.2882,172,20,13.3818,48.8818,1.5,0,0,0,10
1100000095,84.1173,0,0,-84.1173,84.1173,95,0,0,0,10,4,-12.6218,24.6218,1.5
1100000174,95.7317,0,0,-95.7317,95.7317,174,0,0,0,10,2,-3.87702,51.5,1.5
1100009006,82.5677,0,0,-82.5677,82.5677,77,0,0,0,10,6,1.5,20.9839,1.5
1100009022,83.8334,0,0,-83.8334,83.8334,93,0,0,0,10,7,8.1015,25.3985,1.5
1100009027,83.5305,0,0,-83.5305,83.5305,98,0,0,0,10,19,10.0838,25.9162,1.5
1100009038,84.493,0,0,-84.493,84.493,109,0,0,0,10,9,4.46475,30.9647,1.5
1100009041,84.6804,0,0,-84.6804,84.6804,112,0,0,0,10,1,-9.51065,30.9894,1.5
1100009048,85.1242,0,0,-85.1242,85.1242,119,0,0,0,10,16,9.53483,33.0348,1.5
1100009095,96.3595,0,0,-96.3595,96.3595,166,0,0,0,10,13,19.4073,44.4073,1.5
1100009101,95.2882,0,0,-95.2882,95.2882,172,0,0,0,10,20,13.2758,48.7758,1.5
1100009112,97.8376,0,0,-97.8376,97.8376,183,0,0,0,10,5,-22,49.1179,1.5
1100009145,99.9903,0,0,-99.9903,99.9903,216,0,0,0,10,3,-23.6338,59.5,1.5
1100009155,100.184,0,0,-100.184,100.184,226,0,0,0,10,17,28.5,60.3288,1.5
1100009156,99.693,0,0,-99.693,99.693,227,0,0,0,10,11,13,65.9081,1.5
1100009180,96.7752,0,0,-96.7752,96.7752,251,0,0,0,10,10,-1,74.1636,1.5
1100009181,100.984,0,0,-100.984,100.984,252,0,0,0,10,8,-23.0082,71.0082,1.5
1100009188,100.792,0,0,-100.792,100.792,259,0,0,0,10,15,26.9546,71.9546,1.5
1100009188,100.405,0,0,-100.405,100.405,259,0,0,0,10,18,34.5288,68.5288,1.5
1100009190,98.2674,0,0,-98.2674,98.2674,261,0,0,0,10,12,-16.5,75.4848,1.5
1100009192,105.107,0,0,-105.107,105.107,263,0,0,0,10,14,-29.1558,72.1558,1.5
1116732395,100.792,0,0,-100.792,100.792,259,15,26.9546,71.9546,1.5,0,0,0,10
1117982245,84.493,0,0,-84.493,84.493,109,9,4.46475,30.9647,1.5,0,0,0,10
1118107399,105.107,0,0,-105.107,105.107,263,14,-29.1558,72.1558,1.5,0,0,0,10
1118357352,99.9903,0,0,-99.9903,99.9903,216,3,-23.6338,59.5,1.5,0,0,0,10
1120607397,98.2674,0,0,-98.2674,98.2674,261,12,-16.5,75.4848,1.5,0,0,0,10
1120857387,96.7752,0,0,-96.7752,96.7752,251,10,-1,74.1636,1.5,0,0,0,10
1121107229,83.8334,0,0,-83.8334,83.8334,93,7,8.1015,25.3985,1.5,0,0,0,10
1122107248,84.6804,0,0,-84.6804,84.6804,112,1,-9.51065,30.9894,1.5,0,0,0,10
1122482388,100.984,0,0,-100.984,100.984,252,8,-23.0082,71.0082,1.5,0,0,0,10
1122973303,84.1173,0,0,-84.1173,84.1173,95,4,-12.6218,24.6218,1.5,0,0,0,10
1122982319,97.8376,0,0,-97.8376,97.8376,183,5,-22,49.1179,1.5,0,0,0,10
1123973382,95.7317,0,0,-95.7317,95.7317,174,2,-3.87702,51.5,1.5,0,0,0,10
1125357213,82.5677,0,0,-82.5677,82.5677,77,6,1.5,20.9839,1.5,0,0,0,10
1125357363,99.693,0,0,-99.693,99.693,227,11,13,65.9081,1.5,0,0,0,10
1125482302,96.3595,0,0,-96.3595,96.3595,166,13,19.4073,44.4073,1.5,0,0,0,10
1126732255,85.1242,0,0,-85.1242,85.1242,119,16,9.53483,33.0348,1.5,0,0,0,10
1129348434,100.184,0,0,-100.184,100.184,226,17,28.5,60.3288,1.5,0,0,0,10
1132098306,83.5305,0,0,-83.5305,83.5305,98,19,10.0838,25.9162,1.5,0,0,0,10
1133348467,100.405,0,0,-100.405,100.405,259,18,34.5288,68.5288,1.5,0,0,0,10
1136223380,95.2882,0,0,-95.2882,95.2882,172,20,13.2758,48.7758,1.5,0,0,0,10
1150000095,84.1173,0,0,-84.1173,84.1173,95,0,0,0,10,4,-12.6218,24.6218,1.5
1150000174,95.7317,0,0,-95.7317,95.7317,174,0,0,0,10,2,-3.87702,51.5,1.5
1150009006,82.5677,0,0,-82.5677,82.5677,77,0,0,0,10,6,1.5,20.9839,1.5
1150009022,83.8334,0,0,-83.8334,83.8334,93,0,0,0,10,7,8.1015,25.3985,1.5
1150009027,83.5305,0,0,-83.5305,83.5305,98,0,0,0,10,19,10.0838,25.9162,1.5
1150009038,84.493,0,0,-84.493,84.493,109,0,0,0,10,9,4.46475,30.9647,1.5
1150009041,84.6804,0,0,-84.6804,84.6804,112,0,0,0,10,1,-9.51065,30.9894,1.5
1150009048,85.1242,0,0,-85.1242,85.1242,119,0,0,0,10,16,9.53483,33.0348,1.5
1150009095,96.3595,0,0,-96.3595,96.3595,166,0,0,0,10,13,19.4073,44.4073,1.5
1150009101,95.2882,0,0,-95.2882,95.2882,172,0,0,0,10,20,13.2758,48.7758,1.5
1150009112,97.8376,0,0,-97.8376,97.8376,183,0,0,0,10,5,-22,49.1179,1.5
1150009145,99.9903,0,0,-99.9903,99.9903,216,0,0,0,10,3,-23.6338,59.5,1.5
1150009155,100.184,0,0,-100.184,100.184,226,0,0,0,10,17,28.5,60.3288,1.5
1150009156,99.693,0,0,-99.693,99.693,227,0,0,0,10,11,13,65.9081,1.5
1150009180,96.7752,0,0,-96.7752,96.7752,251,0,0,0,10,10,-1,74.1636,1.5
1150009181,100.984,0,0,-100.984,100.984,252,0,0,0,10,8,-23.0082,71.0082,1.5
1150009188,100.792,0,0,-100.792,100.792,259,0,0,0,10,15,26.9546,71.9546,1.5
1150009188,100.405,0,0,-100.405,100.405,259,0,0,0,10,18,34.5288,68.5288,1.5
1150009190,98.2674,0,0,-98.2674,98.2674,261,0,0,0,10,12,-16.5,75.4848,1.5
1150009192,105.107,0,0,-105.107,105.107,263,0,0,0,10,14,-29.1558,72.1558,1.5
1166732395,100.792,0,0,-100.792,100.792,259,15,26.9546,71.9546,1.5,0,0,0,10
1167982245,84.493,0,0,-84.493,84.493,109,9,4.46475,30.9647,1.5,0,0,0,10
1168357352,99.9903,0,0,-99.9903,99.9903,216,3,-23.6338,59.5,1.5,0,0,0,10
1168357399,105.107,0,0,-105.107,105.107,263,14,-29.1558,72.1558,1.5,0,0,0,10
1170857397,98.2674,0,0,-98.2674,98.2674,261,12,-16.5,75.4848,1.5,0,0,0,10
1171107229,83.8334,0,0,-83.8334,83.8334,93,7,8.1015,25.3985,1.5,0,0,0,10
1171107387,96.7752,0,0,-96.7752,96.7752,251,10,-1,74.1636,1.5,0,0,0,10
1172107248,84.6804,0,0,-84.6804,84.6804,112,1,-9.51065,30.9894,1.5,0,0,0,10
1172732388,100.984,0,0,-100.984,100.984,252,8,-23.0082,71.0082,1.5,0,0,0,10
1172973303,84.1173,0,0,-84.1173,84.1173,95,4,-12.6218,24.6218,1.5,0,0,0,10
1173232319,97.8376,0,0,-97.8376,97.8376,183,5,-22,49.1179,1.5,0,0,0,10
1173973382,95.7317,0,0,-95.7317,95.7317,174,2,-3.87702,51.5,1.5,0,0,0,10
1175357213,82.5677,0,0,-82.5677,82.5677,77,6,1.5,20.9839,1.5,0,0,0,10
1175482302,96.3595,0,0,-96.3595,96.3595,166,13,19.4073,44.4073,1.5,0,0,0,10
1175482363,99.693,0,0,-99.693,99.693,227,11,13,65.9081,1.5,0,0,0,10
1176732255,85.1242,0,0,-85.1242,85.1242,119,16,9.53483,33.0348,1.5,0,0,0,10
1179348434,100.184,0,0,-100.184,100.184,226,17,28.5,60.3288,1.5,0,0,0,10
1182098306,83.5305,0,0,-83.5305,83.5305,98,19,10.0838,25.9162,1.5,0,0,0,10
1183348467,100.405,0,0,-100.405,100.405,259,18,34.5288,68.5288,1.5,0,0,0,10
1186223380,95.2882,0,0,-95.2882,95.2882,172,20,13.2758,48.7758,1.5,0,0,0,10
1200000095,84.1173,0,0,-84.1173,84.1173,95,0,0,0,10,4,-12.7278,24.7278,1.5
1200000174,95.7317,0,0,-95.7317,95.7317,174,0,0,0,10,2,-4.02702,51.5,1.5
1200009006,82.5677,0,0,-82.5677,82.5677,77,0,0,0,10,6,1.5,20.8339,1.5
1200009022,83.8334,0,0,-83.8334,83.8334,93,0,0,0,10,7,8.20756,25.2924,1.5
1200009027,83.5305,0,0,-83.5305,83.5305,98,0,0,0,10,19,10.1898,25.8102,1.5
1200009038,84.493,0,0,-84.493,84.493,109,0,0,0,10,9,4.35868,30.8587,1.5
1200009041,84.6804,0,0,-84.6804,84.6804,112,0,0,0,10,1,-9.61671,30.8833,1.5
1200009048,85.1242,0,0,-85.1242,85.1242,119,0,0,0,10,16,9.39926,33,1.5
1200009095,96.3595,0,0,-96.3595,96.3595,166,0,0,0,10,13,19.3012,44.3012,1.5
1200009101,95.2882,0,0,-95.2882,95.2882,172,0,0,0,10,20,13.1697,48.6697,1.5
1200009112,97.8376,0,0,-97.8376,97.8376,183,0,0,0,10,5,-22,48.9679,1.5
1200009145,99.9903,0,0,-99.9903,99.9903,216,0,0,0,10,3,-23.4838,59.5,1.5
1200009155,100.184,0,0,-100.184,100.184,226,0,0,0,10,17,28.5,60.1788,1.5
1200009156,99.693,0,0,-99.693,99.693,227,0,0,0,10,11,13,65.7581,1.5
1200009180,96.7752,0,0,-96.7752,96.7752,251,0,0,0,10,10,-1,74.0136,1.5
1200009181,100.984,0,0,-100.984,100.984,252,0,0,0,10,8,-22.9021,70.9021,1.5
1200009188,100.792,0,0,-100.792,100.792,259,0,0,0,10,15,26.8485,71.8485,1.5
1200009188,100.405,0,0,-100.405,100.405,259,0,0,0,10,18,34.4227,68.4227,1.5
1200009190,98.2674,0,0,-98.2674,98.2674,261,0,0,0,10,12,-16.5,75.3348,1.5
1200009192,105.107,0,0,-105.107,105.107,263,0,0,0,10,14,-29.0498,72.0498,1.5
1216732395,100.792,0,0,-100.792,100.792,259,15,26.8485,71.8485,1.5,0,0,0,10
1217982245,84.493,0,0,-84.493,84.493,109,9,4.35868,30.8587,1.5,0,0,0,10
1218357352,99.9903,0,0,-99.9903,99.9903,216,3,-23.4838,59.5,1.5,0,0,0,10
1218357399,105.107,0,0,-105.107,105.107,263,14,-29.0498,72.0498,1.5,0,0,0,10
1220982397,98.2674,0,0,-98.2674,98.2674,261,12,-16.5,75.3348,1.5,0,0,0,10
1221107229,83.8334,0,0,-83.8334,83.8334,93,7,8.20756,25.2924,1.5,0,0,0,10
1221357387,96.7752,0,0,-96.7752,96.7752,251,10,-1,74.0136,1.5,0,0,0,10
1222107248,84.6804,0,0,-84.6804,84.6804,112,1,-9.61671,30.8833,1.5,0,0,0,10
1222973303,84.1173,0,0,-84.1173,84.1173,95,4,-12.7278,24.7278,1.5,0,0,0,10
1222982388,100.984,0,0,-100.984,100.984,252,8,-22.9021,70.9021,1.5,0,0,0,10
1223357319,97.8376,0,0,-97.8376,97.8376,183,5,-22,48.9679,1.5,0,0,0,10
1223973382,95.7317,0,0,-95.7317,95.7317,174,2,-4.02702,51.5,1.5,0,0,0,10
1225357213,82.5677,0,0,-82.5677,82.5677,77,6,1.5,20.8339,1.5,0,0,0,10
1225482302,96.3595,0,0,-96.3595,96.3595,166,13,19.3012,44.3012,1.5,0,0,0,10
1225482363,99.693,0,0,-99.693,99.693,227,11,13,65.7581,1.5,0,0,0,10
1226732255,85.1242,0,0,-85.1242,85.1242,119,16,9.39926,33,1.5,0,0,0,10
1229348434,100.184,0,0,-100.184,100.184,226,17,28.5,60.1788,1.5,0,0,0,10
1232098306,83.5305,0,0,-83.5305,83.5305,98,19,10.1898,25.8102,1.5,0,0,0,10
1233348467,100.405,0,0,-100.405,100.405,259,18,34.4227,68.4227,1.5,0,0,0,10
1236223380,95.2882,0,0,-95.2882,95.2882,172,20,13.1697,48.6697,1.5,0,0,0,10
1250000095,84.1173,0,0,-84.1173,84.1173,95,0,0,0,10,4,-12.7278,24.7278,1.5
1250000174,95.7317,0,0,-95.7317,95.7317,174,0,0,0,10,2,-4.02702,51.5,1.5
1250009006,82.5677,0,0,-82.5677,82.5677,77,0,0,0,10,6,1.5,20.8339,1.5
1250009022,83.8334,0,0,-83.8334,83.8334,93,0,0,0,10,7,8.20756,25.2924,1.5
1250009027,83.5305,0,0,-83.5305,83.5305,98,0,0,0,10,19,10.1898,25.8102,1.5
1250009038,84.493,0,0,-84.493,84.493,109,0,0,0,10,9,4.35868,30.8587,1.5
1250009041,84.6804,0,0,-84.6804,84.6804,112,0,0,0,10,1,-9.61671,30.8833,1.5
1250009048,85.1242,0,0,-85.1242,85.1242,119,0,0,0,10,16,9.39926,33,1.5
1250009095,96.3595,0,0,-96.3595,96.3595,166,0,0,0,10,13,19.3012,44.3012,1.5
1250009101,95.2882,0,0,-95.2882,95.2882,172,0,0,0,10,20,13.1697,48.6697,1.5
1250009112,97.8376,0,0,-97.8376,97.8376,183,0,0,0,10,5,-22,48.9679,1.5
1250009145,99.9903,0,0,-99.9903,99.9903,216,0,0,0,10,3,-23.4838,59.5,1.5
1250009155,100.184,0,0,-100.184,100.184,226,0,0,0,10,17,28.5,60.1788,1.5
1250009156,99.693,0,0,-99.693,99.693,227,0,0,0,10,11,13,65.7581,1.5
1250009180,96.7752,0,0,-96.7752,96.7752,251,0,0,0,10,10,-1,74.0136,1.5
1250009181,100.984,0,0,-100.984,100.984,252,0,0,0,10,8,-22.9021,70.9021,1.5
1250009188,100.792,0,0,-100.792,100.792,259,0,0,0,10,15,26.8485,71.8485,1.5
1250009188,100.405,0,0,-100.405,100.405,259,0,0,0,10,18,34.4227,68.4227,1.5
1250009190,98.2674,0,0,-98.2674,98.2674,261,0,0,0,10,12,-16.5,75.3348,1.5
1250009192,105.107,0,0,-105.107,105.107,263,0,0,0,10,14,-29.0498,72.0498,1.5
1266732395,100.792,0,0,-100.792,100.792,259,15,26.8485,71.8485,1.5,0,0,0,10
1267982245,84.493,0,0,-84.493,84.493,109,9,4.35868,30.8587,1.5,0,0,0,10
1268357352,99.9903,0,0,-99.9903,99.9903,216,3,-23.4838,59.5,1.5,0,0,0,10
1268357399,105.107,0,0,-105.107,105.107,263,14,-29.0498,72.0498,1.5,0,0,0,10
1271107229,83.8334,0,0,-83.8334,83.8334,93,7,8.20756,25.2924,1.5,0,0,0,10
1271232397,98.2674,0,0,-98.2674,98.2674,261,12,-16.5,75.3348,1.5,0,0,0,10
1271357387,96.7752,0,0,-96.7752,96.7752,251,10,-1,74.0136,1.5,0,0,0,10
1272357248,84.6804,0,0,-84.6804,84.6804,112,1,-9.61671,30.8833,1.5,0,0,0,10
1272973303,84.1173,0,0,-84.1173,84.1173,95,4,-12.7278,24.7278,1.5,0,0,0,10
1273232388,100.984,0,0,-100.984,100.984,252,8,-22.9021,70.9021,1.5,0,0,0,10
1273357319,97.8376,0,0,-97.8376,97.8376,183,5,-22,48.9679,1.5,0,0,0,10
1273973382,95.7317,0,0,-95.7317,95.7317,174,2,-4.02702,51.5,1.5,0,0,0,10
1275357213,82.5677,0,0,-82.5677,82.5677,77,6,1.5,20.8339,1.5,0,0,0,10
1275482302,96.3595,0,0,-96.3595,96.3595,166,13,19.3012,44.3012,1.5,0,0,0,10
1275482363,99.693,0,0,-99.693,99.693,227,11,13,65.7581,1.5,0,0,0,10
1276732255,85.1242,0,0,-85.1242,85.1242,119,16,9.39926,33,1.5,0,0,0,10
1279348434,100.184,0,0,-100.184,100.184,226,17,28.5,60.1788,1.5,0,0,0,10
1282098306,83.5305,0,0,-83.5305,83.5305,98,19,10.1898,25.8102,1.5,0,0,0,10
1283348467,100.405,0,0,-100.405,100.405,259,18,34.4227,68.4227,1.5,0,0,0,10
1286223380,95.2882,0,0,-95.2882,95.2882,172,20,13.1697,48.6697,1.5,0,0,0,10
1300000095,84.1173,0,0,-84.1173,84.1173,95,0,0,0,10,4,-12.8339,24.8339,1.5
1300000174,95.7317,0,0,-95.7317,95.7317,174,0,0,0,10,2,-4.17702,51.5,1.5
1300009006,82.5677,0,0,-82.5677,82.5677,77,0,0,0,10,6,1.5,20.6839,1.5
1300009022,83.8334,0,0,-83.8334,83.8334,93,0,0,0,10,7,8.31363,25.1864,1.5
1300009027,83.5305,0,0,-83.5305,83.5305,98,0,0,0,10,19,10.2959,25.7041,1.5
1300009038,84.493,0,0,-84.493,84.493,109,0,0,0,10,9,4.25262,30.7526,1.5
1300009041,84.6804,0,0,-84.6804,84.6804,112,0,0,0,10,1,-9.72278,30.7772,1.5
1300009048,85.1242,0,0,-85.1242,85.1242,119,0,0,0,10,16,9.24926,33,1.5
1300009095,96.3595,0,0,-96.3595,96.3595,166,0,0,0,10,13,19.1951,44.1951,1.5
1300009101,95.2882,0,0,-95.2882,95.2882,172,0,0,0,10,20,13.0636,48.5636,1.5
1300009112,97.8376,0,0,-97.8376,97.8376,183,0,0,0,10,5,-22,48.8179,1.5
1300009145,99.9903,0,0,-99.9903,99.9903,216,0,0,0,10,3,-23.3338,59.5,1.5
1300009155,100.184,0,0,-100.184,100.184,226,0,0,0,10,17,28.5,60.0288,1.5
1300009156,99.693,0,0,-99.693,99.693,227,0,0,0,10,11,13,65.6081,1.5
1300009180,96.7752,0,0,-96.7752,96.7752,251,0,0,0,10,10,-1,73.8636,1.5
1300009181,100.984,0,0,-100.984,100.984,252,0,0,0,10,8,-22.796,70.796,1.5
1300009188,100.792,0,0,-100.792,100.792,259,0,0,0,10,15,26.7424,71.7424,1.5
1300009188,100.405,0,0,-100.405,100.405,259,0,0,0,10,18,34.3167,68.3167,1.5
1300009190,98.2674,0,0,-98.2674,98.2674,261,0,0,0,10,12,-16.5,75.1848,1.5
1300009192,105.107,0,0,-105.107,105.107,263,0,0,0,10,14,-28.9437,71.9437,1.5
1316732395,100.792,0,0,-100.792,100.792,259,15,26.7424,71.7424,1.5,0,0,0,10
1317982245,84.493,0,0,-84.493,84.493,109,9,4.25262,30.7526,1.5,0,0,0,10
1318607352,99.9903,0,0,-99.9903,99.9903,216,3,-23.3338,59.5,1.5,0,0,0,10
1319357399,105.107,0,0,-105.107,105.107,263,14,-28.9437,71.9437,1.5,0,0,0,10
1321107229,83.8334,0,0,-83.8334,83.8334,93,7,8.31363,25.1864,1.5,0,0,0,10
1321357387,96.7752,0,0,-96.7752,96.7752,251,10,-1,73.8636,1.5,0,0,0,10
1321482397,98.2674,0,0,-98.2674,98.2674,261,12,-16.5,75.1848,1.5,0,0,0,10
1322607248,84.6804,0,0,-84.6804,84.6804,112,1,-9.72278,30.7772,1.5,0,0,0,10
1322973303,84.1173,0,0,-84.1173,84.1173,95,4,-12.8339,24.8339,1.5,0,0,0,10
1323357319,97.8376,0,0,-97.8376,97.8376,183,5,-22,48.8179,1.5,0,0,0,10
1323482388,100.984,0,0,-100.984,100.984,252,8,-22.796,70.796,1.5,0,0,0,10
1323973382,95.7317,0,0,-95.7317,95.7317,174,2,-4.17702,51.5,1.5,0,0,0,10
1325357213,82.5677,0,0,-82.5677,82.5677,77,6,1.5,20.6839,1.5,0,0,0,10
1325482363,99.693,0,0,-99.693,99.693,227,11,13,65.6081,1.5,0,0,0,10
1326482302,96.3595,0,0,-96.3595,96.3595,166,13,19.1951,44.1951,1.5,0,0,0,10
1326732255,85.1242,0,0,-85.1242,85.1242,119,16,9.24926,33,1.5,0,0,0,10
1329348434,100.184,0,0,-100.184,100.184,226,17,28.5,60.0288,1.5,0,0,0,10
1332098306,83.5305,0,0,-83.5305,83.5305,98,19,10.2959,25.7041,1.5,0,0,0,10
1333348467,100.405,0,0,-100.405,100.405,259,18,34.3167,68.3167,1.5,0,0,0,10
1336223380,95.2882,0,0,-95.2882,95.2882,172,20,13.0636,48.5636,1.5,0,0,0,10
1350000095,84.1173,0,0,-84.1173,84.1173,95,0,0,0,10,4,-12.8339,24.8339,1.5
1350000174,95.7317,0,0,-95.7317,95.7317,174,0,0,0,10,2,-4.17702,51.5,1.5
1350009006,82.5677,0,0,-82.5677,82.5677,77,0,0,0,10,6,1.5,20.6839,1.5
1350009022,83.8334,0,0,-83.8334,83.8334,93,0,0,0,10,7,8.31363,25.1864,1.5
1350009027,83.5305,0,0,-83.5305,83.5305,98,0,0,0,10,19,10.2959,25.7041,1.5
1350009038,84.493,0,0,-84.493,84.493,109,0,0,0,10,9,4.25262,30.7526,1.5
1350009041,84.6804,0,0,-84.6804,84.6804,112,0,0,0,10,1,-9.72278,30.7772,1.5
1350009048,85.1242,0,0,-85.1242,85.1242,119,0,0,0,10,16,9.24926,33,1.5
1350009095,96.3595,0,0,-96.3595,96.3595,166,0,0,0,10,13,19.1951,44.1951,1.5
1350009101,95.2882,0,0,-95.2882,95.2882,172,0,0,0,10,20,13.0636,48.5636,1.5
1350009112,97.8376,0,0,-97.8376,97.8376,183,0,0,0,10,5,-22,48.8179,1.5
1350009145,99.9903,0,0,-99.9903,99.9903,216,0,0,0,10,3,-23.3338,59.5,1.5
1350009155,100.184,0,0,-100.184,100.184,226,0,0,0,10,17,28.5,60.0288,1.5
1350009156,99.693,0,0,-99.693,99.693,227,0,0,0,10,11,13,65.6081,1.5
1350009180,96.7752,0,0,-96.7752,96.7752,251,0,0,0,10,10,-1,73.8636,1.5
1350009181,100.984,0,0,-100.984,100.984,252,0,0,0,10,8,-22.796,70.796,1.5
1350009188,100.792,0,0,-100.792,100.792,259,0,0,0,10,15,26.7424,71.7424,1.5
1350009188,100.405,0,0,-100.405,100.405,259,0,0,0,10,18,34.3167,68.3167,1.5
1350009190,98.2674,0,0,-98.2674,98.2674,261,0,0,0,10,12,-16.5,75.1848,1.5
1350009192,105.107,0,0,-105.107,105.107,263,0,0,0,10,14,-28.9437,71.9437,1.5
1366732395,100.792,0,0,-100.792,100.792,259,15,26.7424,71.7424,1.5,0,0,0,10
1367982245,84.493,0,0,-84.493,84.493,109,9,4.25262,30.7526,1.5,0,0,0,10
1368857352,99.9903,0,0,-99.9903,99.9903,216,3,-23.3338,59.5,1.5,0,0,0,10
1369357399,105.107,0,0,-105.107,105.107,263,14,-28.9437,71.9437,1.5,0,0,0,10
1371107229,83.8334,0,0,-83.8334,83.8334,93,7,8.31363,25.1864,1.5,0,0,0,10
1371482387,96.7752,0,0,-96.7752,96.7752,251,10,-1,73.8636,1.5,0,0,0,10
1371732397,98.2674,0,0,-98.2674,98.2674,261,12,-16.5,75.1848,1.5,0,0,0,10
1372857248,84.6804,0,0,-84.6804,84.6804,112,1,-9.72278,30.7772,1.5,0,0,0,10
1372973303,84.1173,0,0,-84.1173,84.1173,95,4,-12.8339,24.8339,1.5,0,0,0,10
1373357319,97.8376,0,0,-97.8376,97.8376,183,5,-22,48.8179,1.5,0,0,0,10
1373607388,100.984,0,0,-100.984,100.984,252,8,-22.796,70.796,1.5,0,0,0,10
1373973382,95.7317,0,0,-95.7317,95.7317,174,2,-4.17702,51.5,1.5,0,0,0,10
1375357213,82.5677,0,0,-82.5677,82.5677,77,6,1.5,20.6839,1.5,0,0,0,10
1375482363,99.693,0,0,-99.693,99.693,227,11,13,65.6081,1.5,0,0,0,10
1376482302,96.3595,0,0,-96.3595,96.3595,166,13,19.1951,44.1951,1.5,0,0,0,10
1376732255,85.1242,0,0,-85.1242,85.1242,119,16,9.24926,33,1.5,0,0,0,10
1379348434,100.184,0,0,-100.184,100.184,226,17,28.5,60.0288,1.5,0,0,0,10
1382098306,83.5305,0,0,-83.5305,83.5305,98,19,10.2959,25.7041,1.5,0,0,0,10
1383348467,100.405,0,0,-100.405,100.405,259,18,34.3167,68.3167,1.5,0,0,0,10
1386223380,95.2882,0,0,-95.2882,95.2882,172,20,13.0636,48.5636,1.5,0,0,0,10
1400000095,84.1173,0,0,-84.1173,84.1173,95,0,0,0,10,4,-12.94,24.94,1.5
1400000174,95.7317,0,0,-95.7317,95.7317,174,0,0,0,10,2,-4.32702,51.5,1.5
1400009006,82.5677,0,0,-82.5677,82.5677,77,0,0,0,10,6,1.5,20.5339,1.5
1400009022,83.8334,0,0,-83.8334,83.8334,93,0,0,0,10,7,8.4197,25.0803,1.5
1400009027,83.5305,0,0,-83.5305,83.5305,98,0,0,0,10,19,10.402,25.598,1.5
1400009038,84.493,0,0,-84.493,84.493,109,0,0,0,10,9,4.14655,30.6466,1.5
1400009041,84.6804,0,0,-84.6804,84.6804,112,0,0,0,10,1,-9.82885,30.6712,1.5
1400009048,85.1242,0,0,-85.1242,85.1242,119,0,0,0,10,16,9.09926,33,1.5
1400009095,96.3595,0,0,-96.3595,96.3595,166,0,0,0,10,13,19.0891,44.0891,1.5
1400009101,95.2882,0,0,-95.2882,95.2882,172,0,0,0,10,20,12.9576,48.4576,1.5
1400009112,97.8376,0,0,-97.8376,97.8376,183,0,0,0,10,5,-22,48.6679,1.5
1400009145,99.9903,0,0,-99.9903,99.9903,216,0,0,0,10,3,-23.1838,59.5,1.5
1400009155,100.184,0,0,-100.184,100.184,226,0,0,0,10,17,28.5,59.8788,1.5
1400009156,99.693,0,0,-99.693,99.693,227,0,0,0,10,11,13,65.4581,1.5
1400009180,96.7752,0,0,-96.7752,96.7752,251,0,0,0,10,10,-1,73.7136,1.5
1400009181,100.984,0,0,-100.984,100.984,252,0,0,0,10,8,-22.69,70.69,1.5
1400009188,100.792,0,0,-100.792,100.792,259,0,0,0,10,15,26.6364,71.6364,1.5
1400009188,100.405,0,0,-100.405,100.405,259,0,0,0,10,18,34.2106,68.2106,1.5
1400009190,98.2674,0,0,-98.2674,98.2674,261,0,0,0,10,12,-16.5,75.0348,1.5
1400009192,105.107,0,0,-105.107,105.107,263,0,0,0,10,14,-28.8376,71.8376,1.5
1416732395,100.792,0,0,-100.792,100.792,259,15,26.6364,71.6364,1.5,0,0,0,10
1417982245,84.493,0,0,-84.493,84.493,109,9,4.14655,30.6466,1.5,0,0,0,10
1419107352,99.9903,0,0,-99.9903,99.9903,216,3,-23.1838,59.5,1.5,0,0,0,10
1419357399,105.107,0,0,-105.107,105.107,263,14,-28.8376,71.8376,1.5,0,0,0,10
1421107229,83.8334,0,0,-83.8334,83.8334,93,7,8.4197,25.0803,1.5,0,0,0,10
1421482387,96.7752,0,0,-96.7752,96.7752,251,10,-1,73.7136,1.5,0,0,0,10
1421982397,98.2674,0,0,-98.2674,98.2674,261,12,-16.5,75.0348,1.5,0,0,0,10
1422973303,84.1173,0,0,-84.1173,84.1173,95,4,-12.94,24.94,1.5,0,0,0,10
1423107248,84.6804,0,0,-84.6804,84.6804,112,1,-9.82885,30.6712,1.5,0,0,0,10
1423357319,97.8376,0,0,-97.8376,97.8376,183,5,-22,48.6679,1.5,0,0,0,10
1423607388,100.984,0,0,-100.984,100.984,252,8,-22.69,70.69,1.5,0,0,0,10
1423973382,95.7317,0,0,-95.7317,95.7317,174,2,-4.32702,51.5,1.5,0,0,0,10
1425357213,82.5677,0,0,-82.5677,82.5677,77,6,1.5,20.5339,1.5,0,0,0,10
1425482363,99.693,0,0,-99.693,99.693,227,11,13,65.4581,1.5,0,0,0,10
1426482302,96.3595,0,0,-96.3595,96.3595,166,13,19.0891,44.0891,1.5,0,0,0,10
1426732255,85.1242,0,0,-85.1242,85.1242,119,16,9.09926,33,1.5,0,0,0,10
1429348434,100.184,0,0,-100.184,100.184,226,17,28.5,59.8788,1.5,0,0,0,10
1432098306,83.5305,0,0,-83.5305,83.5305,98,19,10.402,25.598,1.5,0,0,0,10
1433348467,100.405,0,0,-100.405,100.405,259,18,34.2106,68.2106,1.5,0,0,0,10
1436223380,95.2882,0,0,-95.2882,95.2882,172,20,12.9576,48.4576,1.5,0,0,0,10
1450000095,84.1173,0,0,-84.1173,84.1173,95,0,0,0,10,4,-12.94,24.94,1.5
1450000174,95.7317,0,0,-95.7317,95.7317,174,0,0,0,10,2,-4.32702,51.5,1.5
1450009006,82.5677,0,0,-82.5677,82.5677,77,0,0,0,10,6,1.5,20.5339,1.5
1450009022,83.8334,0,0,-83.8334,83.8334,93,0,0,0,10,7,8.4197,25.0803,1.5
1450009027,83.5305,0,0,-83.5305,83.5305,98,0,0,0,10,19,10.402,25.598,1.5
1450009038,84.493,0,0,-84.493,84.493,109,0,0,0,10,9,4.14655,30.6466,1.5
1450009041,84.6804,0,0,-84.6804,84.6804,112,0,0,0,10,1,-9.82885,30.6712,1.5
1450009048,85.1242,0,0,-85.1242,85.1242,119,0,0,0,10,16,9.09926,33,1.5
1450009095,96.3595,0,0,-96.3595,96.3595,166,0,0,0,10,13,19.0891,44.0891,1.5
1450009101,95.2882,0,0,-95.2882,95.2882,172,0,0,0,10,20,12.9576,48.4576,1.5
1450009112,97.8376,0,0,-97.8376,97.8376,183,0,0,0,10,5,-22,48.6679,1.5
1450009145,99.9903,0,0,-99.9903,99.9903,216,0,0,0,10,3,-23.1838,59.5,1.5
1450009155,100.184,0,0,-100.184,100.184,226,0,0,0,10,17,28.5,59.8788,1.5
1450009156,99.693,0,0,-99.693,99.693,227,0,0,0,10,11,13,65.4581,1.5
1450009180,96.7752,0,0,-96.7752,96.7752,251,0,0,0,10,10,-1,73.7136,1.5
1450009181,100.984,0,0,-100.984,100.984,252,0,0,0,10,8,-22.69,70.69,1.5
1450009188,100.792,0,0,-100.792,100.792,259,0,0,0,10,15,26.6364,71.6364,1.5
1450009188,100.405,0,0,-100.405,100.405,259,0,0,0,10,18,34.2106,68.2106,1.5
1450009190,98.2674,0,0,-98.2674,98.2674,261,0,0,0,10,12,-16.5,75.0348,1.5
1450009192,105.107,0,0,-105.107,105.107,263,0,0,0,10,14,-28.8376,71.8376,1.5
1466732395,100.792,0,0,-100.792,100.792,259,15,26.6364,71.6364,1.5,0,0,0,10
1467982245,84.493,0,0,-84.493,84.493,109,9,4.14655,30.6466,1.5,0,0,0,10
1469357352,99.9903,0,0,-99.9903,99.9903,216,3,-23.1838,59.5,1.5,0,0,0,10
1469982399,105.107,0,0,-105.107,105.107,263,14,-28.8376,71.8376,1.5,0,0,0,10
1471107229,83.8334,0,0,-83.8334,83.8334,93,7,8.4197,25.0803,1.5,0,0,0,10
1471482387,96.7752,0,0,-96.7752,96.7752,251,10,-1,73.7136,1.5,0,0,0,10
1472107397,98.2674,0,0,-98.2674,98.2674,261,12,-16.5,75.0348,1.5,0,0,0,10
1472973303,84.1173,0,0,-84.1173,84.1173,95,4,-12.94,24.94,1.5,0,0,0,10
1473232248,84.6804,0,0,-84.6804,84.6804,112,1,-9.82885,30.6712,1.5,0,0,0,10
1473607319,97.8376,0,0,-97.8376,97.8376,183,5,-22,48.6679,1.5,0,0,0,10
1473607388,100.984,0,0,-100.984,100.984,252,8,-22.69,70.69,1.5,0,0,0,10
1473973382,95.7317,0,0,-95.7317,95.7317,174,2,-4.32702,51.5,1.5,0,0,0,10
1475357213,82.5677,0,0,-82.5677,82.5677,77,6,1.5,20.5339,1.5,0,0,0,10
1475482363,99.693,0,0,-99.693,99.693,227,11,13,65.4581,1.5,0,0,0,10
1476732255,85.1242,0,0,-85.1242,85.1242,119,16,9.09926,33,1.5,0,0,0,10
1477482302,96.3595,0,0,-96.3595,96.3595,166,13,19.0891,44.0891,1.5,0,0,0,10
1479348434,100.184,0,0,-100.184,100.184,226,17,28.5,59.8788,1.5,0,0,0,10
1482098306,83.5305,0,0,-83.5305,83.5305,98,19,10.402,25.598,1.5,0,0,0,10
1483348467,100.405,0,0,-100.405,100.405,259,18,34.2106,68.2106,1.5,0,0,0,10
1486223380,95.2882,0,0,-95.2882,95.2882,172,20,12.9576,48.4576,1.5,0,0,0,10
1500000098,83.7549,0,0,-83.7549,83.7549,98,0,0,0,10,4,-13.046,25.046,1.5
1500000175,96.7694,0,0,-96.7694,96.7694,175,0,0,0,10,2,-4.47702,51.5,1.5
1500017931,81.9599,0,0,-81.9599,81.9599,74,0,0,0,10,6,1.5,20.3839,1.5
1500017949,83.7718,0,0,-83.7718,83.7718,92,0,0,0,10,7,8.52576,24.9742,1.5
1500017953,84.1811,0,0,-84.1811,84.1811,96,0,0,0,10,19,10.508,25.492,1.5
1500017964,84.3046,0,0,-84.3046,84.3046,107,0,0,0,10,9,4.04049,30.5405,1.5
1500017968,84.8887,0,0,-84.8887,84.8887,111,0,0,0,10,1,-9.93491,30.5651,1.5
1500017975,84.6194,0,0,-84.6194,84.6194,118,0,0,0,10,16,8.94926,33,1.5
1500018019,96.1069,0,0,-96.1069,96.1069,162,0,0,0,10,13,18.983,43.983,1.5
1500018026,95.2284,0,0,-95.2284,95.2284,169,0,0,0,10,20,12.8515,48.3515,1.5
1500018037,95.1104,0,0,-95.1104,95.1104,180,0,0,0,10,5,-22,48.5179,1.5
1500018072,101.242,0,0,-101.242,101.242,215,0,0,0,10,3,-23.0338,59.5,1.5
1500018080,103.18,0,0,-103.18,103.18,223,0,0,0,10,17,28.5,59.7288,1.5
1500018081,98.127,0,0,-98.127,98.127,224,0,0,0,10,11,13,65.3081,1.5
1500018104,96.5674,0,0,-96.5674,96.5674,247,0,0,0,10,10,-1,73.5636,1.5
1500018106,103.468,0,0,-103.468,103.468,249,0,0,0,10,8,-22.5839,70.5839,1.5
1500018113,105.192,0,0,-105.192,105.192,256,0,0,0,10,15,26.5303,71.5303,1.5
1500018113,104.079,0,0,-104.079,104.079,256,0,0,0,10,18,34.1045,68.1045,1.5
1500018114,98.1852,0,0,-98.1852,98.1852,257,0,0,0,10,12,-16.5,74.8848,1.5
1500018116,100.616,0,0,-100.616,100.616,259,0,0,0,10,14,-28.7316,71.7316,1.5
1516857392,105.192,0,0,-105.192,105.192,256,15,26.5303,71.5303,1.5,0,0,0,10
1518232243,84.3046,0,0,-84.3046,84.3046,107,9,4.04049,30.5405,1.5,0,0,0,10
1519482351,101.242,0,0,-101.242,101.242,215,3,-23.0338,59.5,1.5,0,0,0,10
1520357395,100.616,0,0,-100.616,100.616,259,14,-28.7316,71.7316,1.5,0,0,0,10
1521232228,83.7718,0,0,-83.7718,83.7718,92,7,8.52576,24.9742,1.5,0,0,0,10
1521857383,96.5674,0,0,-96.5674,96.5674,247,10,-1,73.5636,1.5,0,0,0,10
1522357393,98.1852,0,0,-98.1852,98.1852,257,12,-16.5,74.8848,1.5,0,0,0,10
1522973306,83.7549,0,0,-83.7549,83.7549,98,4,-13.046,25.046,1.5,0,0,0,10
1523482247,84.8887,0,0,-84.8887,84.8887,111,1,-9.93491,30.5651,1.5,0,0,0,10
1523857316,95.1104,0,0,-95.1104,95.1104,180,5,-22,48.5179,1.5,0,0,0,10
1523857385,103.468,0,0,-103.468,103.468,249,8,-22.5839,70.5839,1.5,0,0,0,10
1523973383,96.7694,0,0,-96.7694,96.7694,175,2,-4.47702,51.5,1.5,0,0,0,10
1525607210,81.9599,0,0,-81.9599,81.9599,74,6,1.5,20.3839,1.5,0,0,0,10
1525732360,98.127,0,0,-98.127,98.127,224,11,13,65.3081,1.5,0,0,0,10
1526857254,84.6194,0,0,-84.6194,84.6194,118,16,8.94926,33,1.5,0,0,0,10
1527607298,96.1069,0,0,-96.1069,96.1069,162,13,18.983,43.983,1.5,0,0,0,10
1529482359,103.18,0,0,-103.18,103.18,223,17,28.5,59.7288,1.5,0,0,0,10
1532232232,84.1811,0,0,-84.1811,84.1811,96,19,10.508,25.492,1.5,0,0,0,10
1533482392,104.079,0,0,-104.079,104.079,256,18,34.1045,68.1045,1.5,0,0,0,10
1536357305,95.2284,0,0,-95.2284,95.2284,169,20,12.8515,48.3515,1.5,0,0,0,10
1550000098,83.7549,0,0,-83.7549,83.7549,98,0,0,0,10,4,-13.046,25.046,1.5
1550000175,96.7694,0,0,-96.7694,96.7694,175,0,0,0,10,2,-4.47702,51.5,1.5
1550017931,81.9599,0,0,-81.9599,81.9599,74,0,0,0,10,6,1.5,20.3839,1.5
1550017949,83.7718,0,0,-83.7718,83.7718,92,0,0,0,10,7,8.52576,24.9742,1.5
1550017953,84.1811,0,0,-84.1811,84.1811,96,0,0,0,10,19,10.508,25.492,1.5
1550017964,84.3046,0,0,-84.3046,84.3046,107,0,0,0,10,9,4.04049,30.5405,1.5
1550017968,84.8887,0,0,-84.8887,84.8887,111,0,0,0,10,1,-9.93491,30.5651,1.5
1550017975,84.6194,0,0,-84.6194,84.6194,118,0,0,0,10,16,8.94926,33,1.5
1550018019,96.1069,0,0,-96.1069,96.1069,162,0,0,0,10,13,18.983,43.983,1.5
1550018026,95.2284,0,0,-95.2284,95.2284,169,0,0,0,10,20,12.8515,48.3515,1.5
1550018037,95.1104,0,0,-95.1104,95.1104,180,0,0,0,10,5,-22,48.5179,1.5
1550018072,101.242,0,0,-101.242,101.242,215,0,0,0,10,3,-23.0338,59.5,1.5
1550018080,103.18,0,0,-103.18,103.18,223,0,0,0,10,17,28.5,59.7288,1.5
1550018081,98.127,0,0,-98.127,98.127,224,0,0,0,10,11,13,65.3081,1.5
1550018104,96.5674,0,0,-96.5674,96.5674,247,0,0,0,10,10,-1,73.5636,1.5
1550018106,103.468,0,0,-103.468,103.468,249,0,0,0,10,8,-22.5839,70.5839,1.5
1550018113,105.192,0,0,-105.192,105.192,256,0,0,0,10,15,26.5303,71.5303,1.5
1550018113,104.079,0,0,-104.079,104.079,256,0,0,0,10,18,34.1045,68.1045,1.5
1550018114,98.1852,0,0,-98.1852,98.1852,257,0,0,0,10,12,-16.5,74.8848,1.5
1550018116,100.616,0,0,-100.616,100.616,259,0,0,0,10,14,-28.7316,71.7316,1.5
1566857392,105.192,0,0,-105.192,105.192,256,15,26.5303,71.5303,1.5,0,0,0,10
1568482243,84.3046,0,0,-84.3046,84.3046,107,9,4.04049,30.5405,1.5,0,0,0,10
1569482351,101.242,0,0,-101.242,101.242,215,3,-23.0338,59.5,1.5,0,0,0,10
1570357395,100.616,0,0,-100.616,100.616,259,14,-28.7316,71.7316,1.5,0,0,0,10
1571482228,83.7718,0,0,-83.7718,83.7718,92,7,8.52576,24.9742,1.5,0,0,0,10
1571982383,96.5674,0,0,-96.5674,96.5674,247,10,-1,73.5636,1.5,0,0,0,10
1572607393,98.1852,0,0,-98.1852,98.1852,257,12,-16.5,74.8848,1.5,0,0,0,10
1572973306,83.7549,0,0,-83.7549,83.7549,98,4,-13.046,25.046,1.5,0,0,0,10
1573607247,84.8887,0,0,-84.8887,84.8887,111,1,-9.93491,30.5651,1.5,0,0,0,10
1573973383,96.7694,0,0,-96.7694,96.7694,175,2,-4.47702,51.5,1.5,0,0,0,10
1574107316,95.1104,0,0,-95.1104,95.1104,180,5,-22,48.5179,1.5,0,0,0,10
1574107385,103.468,0,0,-103.468,103.468,249,8,-22.5839,70.5839,1.5,0,0,0,10
1575732210,81.9599,0,0,-81.9599,81.9599,74,6,1.5,20.3839,1.5,0,0,0,10
1575732360,98.127,0,0,-98.127,98.127,224,11,13,65.3081,1.5,0,0,0,10
1576857254,84.6194,0,0,-84.6194,84.6194,118,16,8.94926,33,1.5,0,0,0,10
1578607298,96.1069,0,0,-96.1069,96.1069,162,13,18.983,43.983,1.5,0,0,0,10
1579482359,103.18,0,0,-103.18,103.18,223,17,28.5,59.7288,1.5,0,0,0,10
1582232232,84.1811,0,0,-84.1811,84.1811,96,19,10.508,25.492,1.5,0,0,0,10
1583482392,104.079,0,0,-104.079,104.079,256,18,34.1045,68.1045,1.5,0,0,0,10
1586357305,95.2284,0,0,-95.2284,95.2284,169,20,12.8515,48.3515,1.5,0,0,0,10
1600000098,83.7549,0,0,-83.7549,83.7549,98,0,0,0,10,4,-13.1521,25.1521,1.5
1600000175,96.7694,0,0,-96.7694,96.7694,175,0,0,0,10,2,-4.62702,51.5,1.5
1600017931,81.9599,0,0,-81.9599,81.9599,74,0,0,0,10,6,1.5,20.2339,1.5
1600017949,83.7718,0,0,-83.7718,83.7718,92,0,0,0,10,7,8.63183,24.8682,1.5
1600017953,84.1811,0,0,-84.1811,84.1811,96,0,0,0,10,19,10.6141,25.3859,1.5
1600017964,84.3046,0,0,-84.3046,84.3046,107,0,0,0,10,9,3.93442,30.4344,1.5
1600017968,84.8887,0,0,-84.8887,84.8887,111,0,0,0,10,1,-10.041,30.459,1.5
1600017975,84.6194,0,0,-84.6194,84.6194,118,0,0,0,10,16,8.79926,33,1.5
1600018019,96.1069,0,0,-96.1069,96.1069,162,0,0,0,10,13,18.877,43.877,1.5
1600018026,95.2284,0,0,-95.2284,95.2284,169,0,0,0,10,20,12.7454,48.2454,1.5
1600018037,95.1104,0,0,-95.1104,95.1104,180,0,0,0,10,5,-22,48.3679,1.5
1600018072,101.242,0,0,-101.242,101.242,215,0,0,0,10,3,-22.8838,59.5,1.5
1600018080,103.18,0,0,-103.18,103.18,223,0,0,0,10,17,28.5,59.5788,1.5
1600018081,98.127,0,0,-98.127,98.127,224,0,0,0,10,11,13,65.1581,1.5
1600018104,96.5674,0,0,-96.5674,96.5674,247,0,0,0,10,10,-1,73.4136,1.5
1600018106,103.468,0,0,-103.468,103.468,249,0,0,0,10,8,-22.5,70.4687,1.5
1600018113,105.192,0,0,-105.192,105.192,256,0,0,0,10,15,26.4242,71.4242,1.5
1600018113,104.079,0,0,-104.079,104.079,256,0,0,0,10,18,33.9985,67.9985,1.5
1600018114,98.1852,0,0,-98.1852,98.1852,257,0,0,0,10,12,-16.5,74.7348,1.5
1600018116,100.616,0,0,-100.616,100.616,259,0,0,0,10,14,-28.6255,71.6255,1.5
1616857392,105.192,0,0,-105.192,105.192,256,15,26.4242,71.4242,1.5,0,0,0,10
1618607243,84.3046,0,0,-84.3046,84.3046,107,9,3.93442,30.4344,1.5,0,0,0,10
1619482351,101.242,0,0,-101.242,101.242,215,3,-22.8838,59.5,1.5,0,0,0,10
1620357395,100.616,0,0,-100.616,100.616,259,14,-28.6255,71.6255,1.5,0,0,0,10
1621732228,83.7718,0,0,-83.7718,83.7718,92,7,8.63183,24.8682,1.5,0,0,0,10
1621982383,96.5674,0,0,-96.5674,96.5674,247,10,-1,73.4136,1.5,0,0,0,10
1622857393,98.1852,0,0,-98.1852,98.1852,257,12,-16.5,74.7348,1.5,0,0,0,10
1622973306,83.7549,0,0,-83.7549,83.7549,98,4,-13.1521,25.1521,1.5,0,0,0,10
1623607247,84.8887,0,0,-84.8887,84.8887,111,1,-10.041,30.459,1.5,0,0,0,10
1623973383,96.7694,0,0,-96.7694,96.7694,175,2,-4.62702,51.5,1.5,0,0,0,10
1624357316,95.1104,0,0,-95.1104,95.1104,180,5,-22,48.3679,1.5,0,0,0,10
1624357385,103.468,0,0,-103.468,103.468,249,8,-22.5,70.4687,1.5,0,0,0,10
1625732210,81.9599,0,0,-81.9599,81.9599,74,6,1.5,20.2339,1.5,0,0,0,10
1625732360,98.127,0,0,-98.127,98.127,224,11,13,65.1581,1.5,0,0,0,10
1626857254,84.6194,0,0,-84.6194,84.6194,118,16,8.79926,33,1.5,0,0,0,10
1628607298,96.1069,0,0,-96.1069,96.1069,162,13,18.877,43.877,1.5,0,0,0,10
1629482359,103.18,0,0,-103.18,103.18,223,17,28.5,59.5788,1.5,0,0,0,10
1632232232,84.1811,0,0,-84.1811,84.1811,96,19,10.6141,25.3859,1.5,0,0,0,10
1633482392,104.079,0,0,-104.079,104.079,256,18,33.9985,67.9985,1.5,0,0,0,10
1636357305,95.2284,0,0,-95.2284,95.2284,169,20,12.7454,48.2454,1.5,0,0,0,10
1650000098,83.7549,0,0,-83.7549,83.7549,98,0,0,0,10,4,-13.1521,25.1521,1.5
1650000175,96.7694,0,0,-96.7694,96.7694,175,0,0,0,10,2,-4.62702,51.5,1.5
1650017931,81.9599,0,0,-81.9599,81.9599,74,0,0,0,10,6,1.5,20.2339,1.5
1650017949,83.7718,0,0,-83.7718,83.7718,92,0,0,0,10,7,8.63183,24.8682,1.5
1650017953,84.1811,0,0,-84.1811,84.1811,96,0,0,0,10,19,10.6141,25.3859,1.5
1650017964,84.3046,0,0,-84.3046,84.3046,107,0,0,0,10,9,3.93442,30.4344,1.5
1650017968,84.8887,0,0,-84.8887,84.8887,111,0,0,0,10,1,-10.041,30.459,1.5
1650017975,84.6194,0,0,-84.6194,84.6194,118,0,0,0,10,16,8.79926,33,1.5
1650018019,96.1069,0,0,-96.1069,96.1069,162,0,0,0,10,13,18.877,43.877,1.5
1650018026,95.2284,0,0,-95.2284,95.2284,169,0,0,0,10,20,12.7454,48.2454,1.5
1650018037,95.1104,0,0,-95.1104,95.1104,180,0,0,0,10,5,-22,48.3679,1.5
1650018072,101.242,0,0,-101.242,101.242,215,0,0,0,10,3,-22.8838,59.5,1.5
1650018080,103.18,0,0,-103.18,103.18,223,0,0,0,10,17,28.5,59.5788,1.5
1650018081,98.127,0,0,-98.127,98.127,224,0,0,0,10,11,13,65.1581,1.5
1650018104,96.5674,0,0,-96.5674,96.5674,247,0,0,0,10,10,-1,73.4136,1.5
1650018106,103.468,0,0,-103.468,103.468,249,0,0,0,10,8,-22.5,70.4687,1.5
1650018113,105.192,0,0,-105.192,105.192,256,0,0,0,10,15,26.4242,71.4242,1.5
1650018113,104.079,0,0,-104.079,104.079,256,0,0,0,10,18,33.9985,67.9985,1.5
1650018114,98.1852,0,0,-98.1852,98.1852,257,0,0,0,10,12,-16.5,74.7348,1.5
1650018116,100.616,0,0,-100.616,100.616,259,0,0,0,10,14,-28.6255,71.6255,1.5
1666857392,105.192,0,0,-105.192,105.192,256,15,26.4242,71.4242,1.5,0,0,0,10
1668607243,84.3046,0,0,-84.3046,84.3046,107,9,3.93442,30.4344,1.5,0,0,0,10
1669482351,101.242,0,0,-101.242,101.242,215,3,-22.8838,59.5,1.5,0,0,0,10
1671107395,100.616,0,0,-100.616,100.616,259,14,-28.6255,71.6255,1.5,0,0,0,10
1671982228,83.7718,0,0,-83.7718,83.7718,92,7,8.63183,24.8682,1.5,0,0,0,10
1671982383,96.5674,0,0,-96.5674,96.5674,247,10,-1,73.4136,1.5,0,0,0,10
1672857393,98.1852,0,0,-98.1852,98.1852,257,12,-16.5,74.7348,1.5,0,0,0,10
1672973306,83.7549,0,0,-83.7549,83.7549,98,4,-13.1521,25.1521,1.5,0,0,0,10
1673732247,84.8887,0,0,-84.8887,84.8887,111,1,-10.041,30.459,1.5,0,0,0,10
1673973383,96.7694,0,0,-96.7694,96.7694,175,2,-4.62702,51.5,1.5,0,0,0,10
1674482316,95.1104,0,0,-95.1104,95.1104,180,5,-22,48.3679,1.5,0,0,0,10
1674607385,103.468,0,0,-103.468,103.468,249,8,-22.5,70.4687,1.5,0,0,0,10
1675732210,81.9599,0,0,-81.9599,81.9599,74,6,1.5,20.2339,1.5,0,0,0,10
1675982360,98.127,0,0,-98.127,98.127,224,11,13,65.1581,1.5,0,0,0,10
1676857254,84.6194,0,0,-84.6194,84.6194,118,16,8.79926,33,1.5,0,0,0,10
1678607298,96.1069,0,0,-96.1069,96.1069,162,13,18.877,43.877,1.5,0,0,0,10
1679482359,103.18,0,0,-103.18,103.18,223,17,28.5,59.5788,1.5,0,0,0,10
1682232232,84.1811,0,0,-84.1811,84.1811,96,19,10.6141,25.3859,1.5,0,0,0,10
1683482392,104.079,0,0,-104.079,104.079,256,18,33.9985,67.9985,1.5,0,0,0,10
1686357305,95.2284,0,0,-95.2284,95.2284,169,20,12.7454,48.2454,1.5,0,0,0,10
1700000098,83.7549,0,0,-83.7549,83.7549,98,0,0,0,10,4,-13.2582,25.2582,1.5
1700000175,96.7694,0,0,-96.7694,96.7694,175,0,0,0,10,2,-4.77702,51.5,1.5
1700044715,81.9599,0,0,-81.9599,81.9599,74,0,0,0,10,6,1.5,20.0839,1.5
1700044733,83.7718,0,0,-83.7718,83.7718,92,0,0,0,10,7,8.73789,24.7621,1.5
1700044737,84.1811,0,0,-84.1811,84.1811,96,0,0,0,10,19,10.7202,25.2798,1.5
1700044748,84.3046,0,0,-84.3046,84.3046,107,0,0,0,10,9,3.82835,30.3284,1.5
1700044752,84.8887,0,0,-84.8887,84.8887,111,0,0,0,10,1,-10.147,30.353,1.5
1700044759,84.6194,0,0,-84.6194,84.6194,118,0,0,0,10,16,8.64926,33,1.5
1700044803,96.1069,0,0,-96.1069,96.1069,162,0,0,0,10,13,18.7709,43.7709,1.5
1700044810,95.2284,0,0,-95.2284,95.2284,169,0,0,0,10,20,12.6394,48.1394,1.5
1700044821,95.1104,0,0,-95.1104,95.1104,180,0,0,0,10,5,-22,48.2179,1.5
1700044856,101.242,0,0,-101.242,101.242,215,0,0,0,10,3,-22.7338,59.5,1.5
1700044864,103.18,0,0,-103.18,103.18,223,0,0,0,10,17,28.5,59.4288,1.5
1700044865,98.127,0,0,-98.127,98.127,224,0,0,0,10,11,13,65.0081,1.5
1700044888,96.5674,0,0,-96.5674,96.5674,247,0,0,0,10,10,-1,73.2636,1.5
1700044890,103.468,0,0,-103.468,103.468,249,0,0,0,10,8,-22.5,70.3187,1.5
1700044897,105.192,0,0,-105.192,105.192,256,0,0,0,10,15,26.3182,71.3182,1.5
1700044897,104.079,0,0,-104.079,104.079,256,0,0,0,10,18,33.8924,67.8924,1.5
1700044898,98.1852,0,0,-98.1852,98.1852,257,0,0,0,10,12,-16.5,74.5848,1.5
1700044900,100.616,0,0,-100.616,100.616,259,0,0,0,10,14,-28.5194,71.5194,1.5
1716857392,105.192,0,0,-105.192,105.192,256,15,26.3182,71.3182,1.5,0,0,0,10
1718607243,84.3046,0,0,-84.3046,84.3046,107,9,3.82835,30.3284,1.5,0,0,0,10
1719482351,101.242,0,0,-101.242,101.242,215,3,-22.7338,59.5,1.5,0,0,0,10
1721357395,100.616,0,0,-100.616,100.616,259,14,-28.5194,71.5194,1.5,0,0,0,10
1721982383,96.5674,0,0,-96.5674,96.5674,247,10,-1,73.2636,1.5,0,0,0,10
1722232228,83.7718,0,0,-83.7718,83.7718,92,7,8.73789,24.7621,1.5,0,0,0,10
1722857393,98.1852,0,0,-98.1852,98.1852,257,12,-16.5,74.5848,1.5,0,0,0,10
1722973306,83.7549,0,0,-83.7549,83.7549,98,4,-13.2582,25.2582,1.5,0,0,0,10
1723973383,96.7694,0,0,-96.7694,96.7694,175,2,-4.77702,51.5,1.5,0,0,0,10
1723982247,84.8887,0,0,-84.8887,84.8887,111,1,-10.147,30.353,1.5,0,0,0,10
1724482316,95.1104,0,0,-95.1104,95.1104,180,5,-22,48.2179,1.5,0,0,0,10
1724732385,103.468,0,0,-103.468,103.468,249,8,-22.5,70.3187,1.5,0,0,0,10
1725982210,81.9599,0,0,-81.9599,81.9599,74,6,1.5,20.0839,1.5,0,0,0,10
1726232360,98.127,0,0,-98.127,98.127,224,11,13,65.0081,1.5,0,0,0,10
1726857254,84.6194,0,0,-84.6194,84.6194,118,16,8.64926,33,1.5,0,0,0,10
1728607298,96.1069,0,0,-96.1069,96.1069,162,13,18.7709,43.7709,1.5,0,0,0,10
1729482359,103.18,0,0,-103.18,103.18,223,17,28.5,59.4288,1.5,0,0,0,10
1732232232,84.1811,0,0,-84.1811,84.1811,96,19,10.7202,25.2798,1.5,0,0,0,10
1733482392,104.079,0,0,-104.079,104.079,256,18,33.8924,67.8924,1.5,0,0,0,10
1736357305,95.2284,0,0,-95.2284,95.2284,169,20,12.6394,48.1394,1.5,0,0,0,10
1750000098,83.7549,0,0,-83.7549,83.7549,98,0,0,0,10,4,-13.2582,25.2582,1.5
1750000175,96.7694,0,0,-96.7694,96.7694,175,0,0,0,10,2,-4.77702,51.5,1.5
1750044715,81.9599,0,0,-81.9599,81.9599,74,0,0,0,10,6,1.5,20.0839,1.5
1750044733,83.7718,0,0,-83.7718,83.7718,92,0,0,0,10,7,8.73789,24.7621,1.5
1750044737,84.1811,0,0,-84.1811,84.1811,96,0,0,0,10,19,10.7202,25.2798,1.5
1750044748,84.3046,0,0,-84.3046,84.3046,107,0,0,0,10,9,3.82835,30.3284,1.5
1750044752,84.8887,0,0,-84.8887,84.8887,111,0,0,0,10,1,-10.147,30.353,1.5
1750044759,84.6194,0,0,-84.6194,84.6194,118,0,0,0,10,16,8.64926,33,1.5
1750044803,96.1069,0,0,-96.1069,96.1069,162,0,0,0,10,13,18.7709,43.7709,1.5
1750044810,95.2284,0,0,-95.2284,95.2284,169,0,0,0,10,20,12.6394,48.1394,1.5
1750044821,95.1104,0,0,-95.1104,95.1104,180,0,0,0,10,5,-22,48.2179,1.5
1750044856,101.242,0,0,-101.242,101.242,215,0,0,0,10,3,-22.7338,59.5,1.5
1750044864,103.18,0,0,-103.18,103.18,223,0,0,0,10,17,28.5,59.4288,1.5
1750044865,98.127,0,0,-98.127,98.127,224,0,0,0,10,11,13,65.0081,1.5
1750044888,96.5674,0,0,-96.5674,96.5674,247,0,0,0,10,10,-1,73.2636,1.5
1750044890,103.468,0,0,-103.468,103.468,249,0,0,0,10,8,-22.5,70.3187,1.5
1750044897,105.192,0,0,-105.192,105.192,256,0,0,0,10,15,26.3182,71.3182,1.5
1750044897,104.079,0,0,-104.079,104.079,256,0,0,0,10,18,33.8924,67.8924,1.5
1750044898,98.1852,0,0,-98.1852,98.1852,257,0,0,0,10,12,-16.5,74.5848,1.5
1750044900,100.616,0,0,-100.616,100.616,259,0,0,0,10,14,-28.5194,71.5194,1.5
1766857392,105.192,0,0,-105.192,105.192,256,15,26.3182,71.3182,1.5,0,0,0,10
1768607243,84.3046,0,0,-84.3046,84.3046,107,9,3.82835,30.3284,1.5,0,0,0,10
1769732351,101.242,0,0,-101.242,101.242,215,3,-22.7338,59.5,1.5,0,0,0,10
1771357395,100.616,0,0,-100.616,100.616,259,14,-28.5194,71.5194,1.5,0,0,0,10
1771982383,96.5674,0,0,-96.5674,96.5674,247,10,-1,73.2636,1.5,0,0,0,10
1772357228,83.7718,0,0,-83.7718,83.7718,92,7,8.73789,24.7621,1.5,0,0,0,10
1772973306,83.7549,0,0,-83.7549,83.7549,98,4,-13.2582,25.2582,1.5,0,0,0,10
1773107393,98.1852,0,0,-98.1852,98.1852,257,12,-16.5,74.5848,1.5,0,0,0,10
1773973383,96.7694,0,0,-96.7694,96.7694,175,2,-4.77702,51.5,1.5,0,0,0,10
1774232247,84.8887,0,0,-84.8887,84.8887,111,1,-10.147,30.353,1.5,0,0,0,10
1774482316,95.1104,0,0,-95.1104,95.1104,180,5,-22,48.2179,1.5,0,0,0,10
1774732385,103.468,0,0,-103.468,103.468,249,8,-22.5,70.3187,1.5,0,0,0,10
1776232210,81.9599,0,0,-81.9599,81.9599,74,6,1.5,20.0839,1.5,0,0,0,10
1776482360,98.127,0,0,-98.127,98.127,224,11,13,65.0081,1.5,0,0,0,10
1776857254,84.6194,0,0,-84.6194,84.6194,118,16,8.64926,33,1.5,0,0,0,10
1779482359,103.18,0,0,-103.18,103.18,223,17,28.5,59.4288,1.5,0,0,0,10
1779607298,96.1069,0,0,-96.1069,96.1069,162,13,18.7709,43.7709,1.5,0,0,0,10
1782232232,84.1811,0,0,-84.1811,84.1811,96,19,10.7202,25.2798,1.5,0,0,0,10
1783482392,104.079,0,0,-104.079,104.079,256,18,33.8924,67.8924,1.5,0,0,0,10
1786357305,95.2284,0,0,-95.2284,95.2284,169,20,12.6394,48.1394,1.5,0,0,0,10
1800000098,83.7549,0,0,-83.7549,83.7549,98,0,0,0,10,4,-13.3642,25.3642,1.5
1800000175,96.7694,0,0,-96.7694,96.7694,175,0,0,0,10,2,-4.92702,51.5,1.5
1800044715,81.9599,0,0,-81.9599,81.9599,74,0,0,0,10,6,1.5,19.9339,1.5
1800044733,83.7718,0,0,-83.7718,83.7718,92,0,0,0,10,7,8.84396,24.656,1.5
1800044737,84.1811,0,0,-84.1811,84.1811,96,0,0,0,10,19,10.8262,25.1738,1.5
1800044748,84.3046,0,0,-84.3046,84.3046,107,0,0,0,10,9,3.72229,30.2223,1.5
1800044752,84.8887,0,0,-84.8887,84.8887,111,0,0,0,10,1,-10.2531,30.2469,1.5
1800044759,84.6194,0,0,-84.6194,84.6194,118,0,0,0,10,16,8.49926,33,1.5
1800044803,96.1069,0,0,-96.1069,96.1069,162,0,0,0,10,13,18.6648,43.6648,1.5
1800044810,95.2284,0,0,-95.2284,95.2284,169,0,0,0,10,20,12.5333,48.0333,1.5
1800044821,95.1104,0,0,-95.1104,95.1104,180,0,0,0,10,5,-22,48.0679,1.5
1800044856,101.242,0,0,-101.242,101.242,215,0,0,0,10,3,-22.5838,59.5,1.5
1800044864,103.18,0,0,-103.18,103.18,223,0,0,0,10,17,28.5,59.2788,1.5
1800044865,98.127,0,0,-98.127,98.127,224,0,0,0,10,11,13,64.8581,1.5
1800044888,96.5674,0,0,-96.5674,96.5674,247,0,0,0,10,10,-1,73.1136,1.5
1800044890,103.468,0,0,-103.468,103.468,249,0,0,0,10,8,-22.5,70.1687,1.5
1800044897,105.192,0,0,-105.192,105.192,256,0,0,0,10,15,26.2121,71.2121,1.5
1800044897,104.079,0,0,-104.079,104.079,256,0,0,0,10,18,33.7863,67.7863,1.5
1800044898,98.1852,0,0,-98.1852,98.1852,257,0,0,0,10,12,-16.5,74.4348,1.5
1800044900,100.616,0,0,-100.616,100.616,259,0,0,0,10,14,-28.4134,71.4134,1.5
1816857392,105.192,0,0,-105.192,105.192,256,15,26.2121,71.2121,1.5,0,0,0,10
1818607243,84.3046,0,0,-84.3046,84.3046,107,9,3.72229,30.2223,1.5,0,0,0,10
1819982351,101.242,0,0,-101.242,101.242,215,3,-22.5838,59.5,1.5,0,0,0,10
1821982383,96.5674,0,0,-96.5674,96.5674,247,10,-1,73.1136,1.5,0,0,0,10
1822482395,100.616,0,0,-100.616,100.616,259,14,-28.4134,71.4134,1.5,0,0,0,10
1822607228,83.7718,0,0,-83.7718,83.7718,92,7,8.84396,24.656,1.5,0,0,0,10
1822973306,83.7549,0,0,-83.7549,83.7549,98,4,-13.3642,25.3642,1.5,0,0,0,10
1823232393,98.1852,0,0,-98.1852,98.1852,257,12,-16.5,74.4348,1.5,0,0,0,10
1823973383,96.7694,0,0,-96.7694,96.7694,175,2,-4.92702,51.5,1.5,0,0,0,10
1824357247,84.8887,0,0,-84.8887,84.8887,111,1,-10.2531,30.2469,1.5,0,0,0,10
1824482316,95.1104,0,0,-95.1104,95.1104,180,5,-22,48.0679,1.5,0,0,0,10
1824732385,103.468,0,0,-103.468,103.468,249,8,-22.5,70.1687,1.5,0,0,0,10
1826482210,81.9599,0,0,-81.9599,81.9599,74,6,1.5,19.9339,1.5,0,0,0,10
1826607360,98.127,0,0,-98.127,98.127,224,11,13,64.8581,1.5,0,0,0,10
1826857254,84.6194,0,0,-84.6194,84.6194,118,16,8.49926,33,1.5,0,0,0,10
1829482359,103.18,0,0,-103.18,103.18,223,17,28.5,59.2788,1.5,0,0,0,10
1829607298,96.1069,0,0,-96.1069,96.1069,162,13,18.6648,43.6648,1.5,0,0,0,10
1832232232,84.1811,0,0,-84.1811,84.1811,96,19,10.8262,25.1738,1.5,0,0,0,10
1833482392,104.079,0,0,-104.079,104.079,256,18,33.7863,67.7863,1.5,0,0,0,10
1836357305,95.2284,0,0,-95.2284,95.2284,169,20,12.5333,48.0333,1.5,0,0,0,10
1850000098,83.7549,0,0,-83.7549,83.7549,98,0,0,0,10,4,-13.3642,25.3642,1.5
1850000175,96.7694,0,0,-96.7694,96.7694,175,0,0,0,10,2,-4.92702,51.5,1.5
1850044715,81.9599,0,0,-81.9599,81.9599,74,0,0,0,10,6,1.5,19.9339,1.5
1850044733,83.7718,0,0,-83.7718,83.7718,92,0,0,0,10,7,8.84396,24.656,1.5
1850044737,84.1811,0,0,-84.1811,84.1811,96,0,0,0,10,19,10.8262,25.1738,1.5
1850044748,84.3046,0,0,-84.3046,84.3046,107,0,0,0,10,9,3.72229,30.2223,1.5
1850044752,84.8887,0,0,-84.8887,84.8887,111,0,0,0,10,1,-10.2531,30.2469,1.5
1850044759,84.6194,0,0,-84.6194,84.6194,118,0,0,0,10,16,8.49926,33,1.5
1850044803,96.1069,0,0,-96.1069,96.1069,162,0,0,0,10,13,18.6648,43.6648,1.5
1850044810,95.2284,0,0,-95.2284,95.2284,169,0,0,0,10,20,12.5333,48.0333,1.5
1850044821,95.1104,0,0,-95.1104,95.1104,180,0,0,0,10,5,-22,48.0679,1.5
1850044856,101.242,0,0,-101.242,101.242,215,0,0,0,10,3,-22.5838,59.5,1.5
1850044864,103.18,0,0,-103.18,103.18,223,0,0,0,10,17,28.5,59.2788,1.5
1850044865,98.127,0,0,-98.127,98.127,224,0,0,0,10,11,13,64.8581,1.5
1850044888,96.5674,0,0,-96.5674,96.5674,247,0,0,0,10,10,-1,73.1136,1.5
1850044890,103.468,0,0,-103.468,103.468,249,0,0,0,10,8,-22.5,70.1687,1.5
1850044897,105.192,0,0,-105.192,105.192,256,0,0,0,10,15,26.2121,71.2121,1.5
1850044897,104.079,0,0,-104.079,104.079,256,0,0,0,10,18,33.7863,67.7863,1.5
1850044898,98.1852,0,0,-98.1852,98.1852,257,0,0,0,10,12,-16.5,74.4348,1.5
1850044900,100.616,0,0,-100.616,100.616,259,0,0,0,10,14,-28.4134,71.4134,1.5
1866857392,105.192,0,0,-105.192,105.192,256,15,26.2121,71.2121,1.5,0,0,0,10
1868857243,84.3046,0,0,-84.3046,84.3046,107,9,3.72229,30.2223,1.5,0,0,0,10
1870232351,101.242,0,0,-101.242,101.242,215,3,-22.5838,59.5,1.5,0,0,0,10
1871982383,96.5674,0,0,-96.5674,96.5674,247,10,-1,73.1136,1.5,0,0,0,10
1872482395,100.616,0,0,-100.616,100.616,259,14,-28.4134,71.4134,1.5,0,0,0,10
1872857228,83.7718,0,0,-83.7718,83.7718,92,7,8.84396,24.656,1.5,0,0,0,10
1872973306,83.7549,0,0,-83.7549,83.7549,98,4,-13.3642,25.3642,1.5,0,0,0,10
1873232393,98.1852,0,0,-98.1852,98.1852,257,12,-16.5,74.4348,1.5,0,0,0,10
1873973383,96.7694,0,0,-96.7694,96.7694,175,2,-4.92702,51.5,1.5,0,0,0,10
1874357247,84.8887,0,0,-84.8887,84.8887,111,1,-10.2531,30.2469,1.5,0,0,0,10
1874482316,95.1104,0,0,-95.1104,95.1104,180,5,-22,48.0679,1.5,0,0,0,10
1874732385,103.468,0,0,-103.468,103.468,249,8,-22.5,70.1687,1.5,0,0,0,10
1876607360,98.127,0,0,-98.127,98.127,224,11,13,64.8581,1.5,0,0,0,10
1876732210,81.9599,0,0,-81.9599,81.9599,74,6,1.5,19.9339,1.5,0,0,0,10
1876857254,84.6194,0,0,-84.6194,84.6194,118,16,8.49926,33,1.5,0,0,0,10
1879482359,103.18,0,0,-103.18,103.18,223,17,28.5,59.2788,1.5,0,0,0,10
1879607298,96.1069,0,0,-96.1069,96.1069,162,13,18.6648,43.6648,1.5,0,0,0,10
1882232232,84.1811,0,0,-84.1811,84.1811,96,19,10.8262,25.1738,1.5,0,0,0,10
1883482392,104.079,0,0,-104.079,104.079,256,18,33.7863,67.7863,1.5,0,0,0,10
1886357305,95.2284,0,0,-95.2284,95.2284,169,20,12.5333,48.0333,1.5,0,0,0,10
1900000098,83.7549,0,0,-83.7549,83.7549,98,0,0,0,10,4,-13.4703,25.4703,1.5
1900000175,96.7694,0,0,-96.7694,96.7694,175,0,0,0,10,2,-5.07702,51.5,1.5
1900044715,81.9599,0,0,-81.9599,81.9599,74,0,0,0,10,6,1.5,19.7839,1.5
1900044733,83.7718,0,0,-83.7718,83.7718,92,0,0,0,10,7,8.95003,24.55,1.5
1900044737,84.1811,0,0,-84.1811,84.1811,96,0,0,0,10,19,10.9323,25.0677,1.5
1900044748,84.3046,0,0,-84.3046,84.3046,107,0,0,0,10,9,3.61622,30.1162,1.5
1900044752,84.8887,0,0,-84.8887,84.8887,111,0,0,0,10,1,-10.3592,30.1408,1.5
1900044759,84.6194,0,0,-84.6194,84.6194,118,0,0,0,10,16,8.34926,33,1.5
1900044803,96.1069,0,0,-96.1069,96.1069,162,0,0,0,10,13,18.5588,43.5588,1.5
1900044810,95.2284,0,0,-95.2284,95.2284,169,0,0,0,10,20,12.4272,47.9272,1.5
1900044821,95.1104,0,0,-95.1104,95.1104,180,0,0,0,10,5,-22,47.9179,1.5
1900044856,101.242,0,0,-101.242,101.242,215,0,0,0,10,3,-22.4338,59.5,1.5
1900044864,103.18,0,0,-103.18,103.18,223,0,0,0,10,17,28.5,59.1288,1.5
1900044865,98.127,0,0,-98.127,98.127,224,0,0,0,10,11,13,64.7081,1.5
1900044888,96.5674,0,0,-96.5674,96.5674,247,0,0,0,10,10,-1,72.9636,1.5
1900044890,103.468,0,0,-103.468,103.468,249,0,0,0,10,8,-22.5,70.0187,1.5
1900044897,105.192,0,0,-105.192,105.192,256,0,0,0,10,15,26.106,71.106,1.5
1900044897,104.079,0,0,-104.079,104.079,256,0,0,0,10,18,33.6803,67.6803,1.5
1900044898,98.1852,0,0,-98.1852,98.1852,257,0,0,0,10,12,-16.5,74.2848,1.5
1900044900,100.616,0,0,-100.616,100.616,259,0,0,0,10,14,-28.3073,71.3073,1.5
1916857392,105.192,0,0,-105.192,105.192,256,15,26.106,71.106,1.5,0,0,0,10
1919107243,84.3046,0,0,-84.3046,84.3046,107,9,3.61622,30.1162,1.5,0,0,0,10
1920482351,101.242,0,0,-101.242,101.242,215,3,-22.4338,59.5,1.5,0,0,0,10
1922107383,96.5674,0,0,-96.5674,96.5674,247,10,-1,72.9636,1.5,0,0,0,10
1922973306,83.7549,0,0,-83.7549,83.7549,98,4,-13.4703,25.4703,1.5,0,0,0,10
1923107228,83.7718,0,0,-83.7718,83.7718,92,7,8.95003,24.55,1.5,0,0,0,10
1923232393,98.1852,0,0,-98.1852,98.1852,257,12,-16.5,74.2848,1.5,0,0,0,10
1923607395,100.616,0,0,-100.616,100.616,259,14,-28.3073,71.3073,1.5,0,0,0,10
1923973383,96.7694,0,0,-96.7694,96.7694,175,2,-5.07702,51.5,1.5,0,0,0,10
1924357247,84.8887,0,0,-84.8887,84.8887,111,1,-10.3592,30.1408,1.5,0,0,0,10
1924732316,95.1104,0,0,-95.1104,95.1104,180,5,-22,47.9179,1.5,0,0,0,10
1924732385,103.468,0,0,-103.468,103.468,249,8,-22.5,70.0187,1.5,0,0,0,10
1926607360,98.127,0,0,-98.127,98.127,224,11,13,64.7081,1.5,0,0,0,10
1926857210,81.9599,0,0,-81.9599,81.9599,74,6,1.5,19.7839,1.5,0,0,0,10
1926857254,84.6194,0,0,-84.6194,84.6194,118,16,8.34926,33,1.5,0,0,0,10
1929482359,103.18,0,0,-103.18,103.18,223,17,28.5,59.1288,1.5,0,0,0,10
1930607298,96.1069,0,0,-96.1069,96.1069,162,13,18.5588,43.5588,1.5,0,0,0,10
1932232232,84.1811,0,0,-84.1811,84.1811,96,19,10.9323,25.0677,1.5,0,0,0,10
1933482392,104.079,0,0,-104.079,104.079,256,18,33.6803,67.6803,1.5,0,0,0,10
1936357305,95.2284,0,0,-95.2284,95.2284,169,20,12.4272,47.9272,1.5,0,0,0,10
1950000098,83.7549,0,0,-83.7549,83.7549,98,0,0,0,10,4,-13.4703,25.4703,1.5
1950000175,96.7694,0,0,-96.7694,96.7694,175,0,0,0,10,2,-5.07702,51.5,1.5
1950044715,81.9599,0,0,-81.9599,81.9599,74,0,0,0,10,6,1.5,19.7839,1.5
1950044733,83.7718,0,0,-83.7718,83.7718,92,0,0,0,10,7,8.95003,24.55,1.5
1950044737,84.1811,0,0,-84.1811,84.1811,96,0,0,0,10,19,10.9323,25.0677,1.5
1950044748,84.3046,0,0,-84.3046,84.3046,107,0,0,0,10,9,3.61622,30.1162,1.5
1950044752,84.8887,0,0,-84.8887,84.8887,111,0,0,0,10,1,-10.3592,30.1408,1.5
1950044759,84.6194,0,0,-84.6194,84.6194,118,0,0,0,10,16,8.34926,33,1.5
1950044803,96.1069,0,0,-96.1069,96.1069,162,0,0,0,10,13,18.5588,43.5588,1.5
1950044810,95.2284,0,0,-95.2284,95.2284,169,0,0,0,10,20,12.4272,47.9272,1.5
1950044821,95.1104,0,0,-95.1104,95.1104,180,0,0,0,10,5,-22,47.9179,1.5
1950044856,101.242,0,0,-101.242,101.242,215,0,0,0,10,3,-22.4338,59.5,1.5
1950044864,103.18,0,0,-103.18,103.18,223,0,0,0,10,17,28.5,59.1288,1.5
1950044865,98.127,0,0,-98.127,98.127,224,0,0,0,10,11,13,64.7081,1.5
1950044888,96.5674,0,0,-96.5674,96.5674,247,0,0,0,10,10,-1,72.9636,1.5
1950044890,103.468,0,0,-103.468,103.468,249,0,0,0,10,8,-22.5,70.0187,1.5
1950044897,105.192,0,0,-105.192,105.192,256,0,0,0,10,15,26.106,71.106,1.5
1950044897,104.079,0,0,-104.079,104.079,256,0,0,0,10,18,33.6803,67.6803,1.5
1950044898,98.1852,0,0,-98.1852,98.1852,257,0,0,0,10,12,-16.5,74.2848,1.5
1950044900,100.616,0,0,-100.616,100.616,259,0,0,0,10,14,-28.3073,71.3073,1.5
1966857392,105.192,0,0,-105.192,105.192,256,15,26.106,71.106,1.5,0,0,0,10
1969357243,84.3046,0,0,-84.3046,84.3046,107,9,3.61622,30.1162,1.5,0,0,0,10
1970607351,101.242,0,0,-101.242,101.242,215,3,-22.4338,59.5,1.5,0,0,0,10
1972107383,96.5674,0,0,-96.5674,96.5674,247,10,-1,72.9636,1.5,0,0,0,10
1972973306,83.7549,0,0,-83.7549,83.7549,98,4,-13.4703,25.4703,1.5,0,0,0,10
1973232393,98.1852,0,0,-98.1852,98.1852,257,12,-16.5,74.2848,1.5,0,0,0,10
1973357228,83.7718,0,0,-83.7718,83.7718,92,7,8.95003,24.55,1.5,0,0,0,10
1973607395,100.616,0,0,-100.616,100.616,259,14,-28.3073,71.3073,1.5,0,0,0,10
1973973383,96.7694,0,0,-96.7694,96.7694,175,2,-5.07702,51.5,1.5,0,0,0,10
1974357247,84.8887,0,0,-84.8887,84.8887,111,1,-10.3592,30.1408,1.5,0,0,0,10
1974732385,103.468,0,0,-103.468,103.468,249,8,-22.5,70.0187,1.5,0,0,0,10
1974982316,95.1104,0,0,-95.1104,95.1104,180,5,-22,47.9179,1.5,0,0,0,10
1976857210,81.9599,0,0,-81.9599,81.9599,74,6,1.5,19.7839,1.5,0,0,0,10
1976857254,84.6194,0,0,-84.6194,84.6194,118,16,8.34926,33,1.5,0,0,0,10
1976857360,98.127,0,0,-98.127,98.127,224,11,13,64.7081,1.5,0,0,0,10
1979482359,103.18,0,0,-103.18,103.18,223,17,28.5,59.1288,1.5,0,0,0,10
1980607298,96.1069,0,0,-96.1069,96.1069,162,13,18.5588,43.5588,1.5,0,0,0,10
1982232232,84.1811,0,0,-84.1811,84.1811,96,19,10.9323,25.0677,1.5,0,0,0,10
1983482392,104.079,0,0,-104.079,104.079,256,18,33.6803,67.6803,1.5,0,0,0,10
1986357305,95.2284,0,0,-95.2284,95.2284,169,20,12.4272,47.9272,1.5,0,0,0,10
2000000098,83.7549,0,0,-83.7549,83.7549,98,0,0,0,10,4,-13.5764,25.5764,1.5
2000000175,96.7694,0,0,-96.7694,96.7694,175,0,0,0,10,2,-5.22702,51.5,1.5
2000044715,81.9599,0,0,-81.9599,81.9599,74,0,0,0,10,6,1.5,19.6339,1.5
2000044733,83.7718,0,0,-83.7718,83.7718,92,0,0,0,10,7,9.07932,24.5,1.5
2000044737,84.1811,0,0,-84.1811,84.1811,96,0,0,0,10,19,11.0384,24.9616,1.5
2000044748,84.3046,0,0,-84.3046,84.3046,107,0,0,0,10,9,3.51016,30.0102,1.5
2000044752,84.8887,0,0,-84.8887,84.8887,111,0,0,0,10,1,-10.4652,30.0348,1.5
2000044759,84.6194,0,0,-84.6194,84.6194,118,0,0,0,10,16,8.19926,33,1.5
2000044803,96.1069,0,0,-96.1069,96.1069,162,0,0,0,10,13,18.4527,43.4527,1.5
2000044810,95.2284,0,0,-95.2284,95.2284,169,0,0,0,10,20,12.3212,47.8212,1.5
2000044821,95.1104,0,0,-95.1104,95.1104,180,0,0,0,10,5,-22,47.7679,1.5
2000044856,101.242,0,0,-101.242,101.242,215,0,0,0,10,3,-22.2838,59.5,1.5
2000044864,103.18,0,0,-103.18,103.18,223,0,0,0,10,17,28.5,58.9788,1.5
2000044865,98.127,0,0,-98.127,98.127,224,0,0,0,10,11,13,64.5581,1.5
2000044888,96.5674,0,0,-96.5674,96.5674,247,0,0,0,10,10,-1,72.8136,1.5
2000044890,103.468,0,0,-103.468,103.468,249,0,0,0,10,8,-22.5,69.8687,1.5
2000044897,105.192,0,0,-105.192,105.192,256,0,0,0,10,15,26,71,1.5
2000044897,104.079,0,0,-104.079,104.079,256,0,0,0,10,18,33.5742,67.5742,1.5
2000044898,98.1852,0,0,-98.1852,98.1852,257,0,0,0,10,12,-16.5,74.1348,1.5
2000044900,100.616,0,0,-100.616,100.616,259,0,0,0,10,14,-28.2012,71.2012,1.5
2016857392,105.192,0,0,-105.192,105.192,256,15,26,71,1.5,0,0,0,10
2019607243,84.3046,0,0,-84.3046,84.3046,107,9,3.51016,30.0102,1.5,0,0,0,10
2020607351,101.242,0,0,-101.242,101.242,215,3,-22.2838,59.5,1.5,0,0,0,10
2022232383,96.5674,0,0,-96.5674,96.5674,247,10,-1,72.8136,1.5,0,0,0,10
2022973306,83.7549,0,0,-83.7549,83.7549,98,4,-13.5764,25.5764,1.5,0,0,0,10
2023232393,98.1852,0,0,-98.1852,98.1852,257,12,-16.5,74.1348,1.5,0,0,0,10
2023482228,83.7718,0,0,-83.7718,83.7718,92,7,9.07932,24.5,1.5,0,0,0,10
2023973383,96.7694,0,0,-96.7694,96.7694,175,2,-5.22702,51.5,1.5,0,0,0,10
2024357247,84.8887,0,0,-84.8887,84.8887,111,1,-10.4652,30.0348,1.5,0,0,0,10
2024357395,100.616,0,0,-100.616,100.616,259,14,-28.2012,71.2012,1.5,0,0,0,10
2024732385,103.468,0,0,-103.468,103.468,249,8,-22.5,69.8687,1.5,0,0,0,10
2025232316,95.1104,0,0,-95.1104,95.1104,180,5,-22,47.7679,1.5,0,0,0,10
2026857210,81.9599,0,0,-81.9599,81.9599,74,6,1.5,19.6339,1.5,0,0,0,10
2026857254,84.6194,0,0,-84.6194,84.6194,118,16,8.19926,33,1.5,0,0,0,10
2027107360,98.127,0,0,-98.127,98.127,224,11,13,64.5581,1.5,0,0,0,10
2029482359,103.18,0,0,-103.18,103.18,223,17,28.5,58.9788,1.5,0,0,0,10
2030607298,96.1069,0,0,-96.1069,96.1069,162,13,18.4527,43.4527,1.5,0,0,0,10
2032232232,84.1811,0,0,-84.1811,84.1811,96,19,11.0384,24.9616,1.5,0,0,0,10
2033482392,104.079,0,0,-104.079,104.079,256,18,33.5742,67.5742,1.5,0,0,0,10
2036357305,95.2284,0,0,-95.2284,95.2284,169,20,12.3212,47.8212,1.5,0,0,0,10
2050000098,83.7549,0,0,-83.7549,83.7549,98,0,0,0,10,4,-13.5764,25.5764,1.5
2050000175,96.7694,0,0,-96.7694,96.7694,175,0,0,0,10,2,-5.22702,51.5,1.5
2050044715,81.9599,0,0,-81.9599,81.9599,74,0,0,0,10,6,1.5,19.6339,1.5
2050044733,83.7718,0,0,-83.7718,83.7718,92,0,0,0,10,7,9.07932,24.5,1.5
2050044737,84.1811,0,0,-84.1811,84.1811,96,0,0,0,10,19,11.0384,24.9616,1.5
2050044748,84.3046,0,0,-84.3046,84.3046,107,0,0,0,10,9,3.51016,30.0102,1.5
2050044752,84.8887,0,0,-84.8887,84.8887,111,0,0,0,10,1,-10.4652,30.0348,1.5
2050044759,84.6194,0,0,-84.6194,84.6194,118,0,0,0,10,16,8.19926,33,1.5
2050044803,96.1069,0,0,-96.1069,96.1069,162,0,0,0,10,13,18.4527,43.4527,1.5
2050044810,95.2284,0,0,-95.2284,95.2284,169,0,0,0,10,20,12.3212,47.8212,1.5
2050044821,95.1104,0,0,-95.1104,95.1104,180,0,0,0,10,5,-22,47.7679,1.5
2050044856,101.242,0,0,-101.242,101.242,215,0,0,0,10,3,-22.2838,59.5,1.5
2050044864,103.18,0,0,-103.18,103.18,223,0,0,0,10,17,28.5,58.9788,1.5
2050044865,98.127,0,0,-98.127,98.127,224,0,0,0,10,11,13,64.5581,1.5
2050044888,96.5674,0,0,-96.5674,96.5674,247,0,0,0,10,10,-1,72.8136,1.5
2050044890,103.468,0,0,-103.468,103.468,249,0,0,0,10,8,-22.5,69.8687,1.5
2050044897,105.192,0,0,-105.192,105.192,256,0,0,0,10,15,26,71,1.5
2050044897,104.079,0,0,-104.079,104.079,256,0,0,0,10,18,33.5742,67.5742,1.5
2050044898,98.1852,0,0,-98.1852,98.1852,257,0,0,0,10,12,-16.5,74.1348,1.5
2050044900,100.616,0,0,-100.616,100.616,259,0,0,0,10,14,-28.2012,71.2012,1.5
2066857392,105.192,0,0,-105.192,105.192,256,15,26,71,1.5,0,0,0,10
2069732243,84.3046,0,0,-84.3046,84.3046,107,9,3.51016,30.0102,1.5,0,0,0,10
2070607351,101.242,0,0,-101.242,101.242,215,3,-22.2838,59.5,1.5,0,0,0,10
2072232383,96.5674,0,0,-96.5674,96.5674,247,10,-1,72.8136,1.5,0,0,0,10
2072973306,83.7549,0,0,-83.7549,83.7549,98,4,-13.5764,25.5764,1.5,0,0,0,10
2073482228,83.7718,0,0,-83.7718,83.7718,92,7,9.07932,24.5,1.5,0,0,0,10
2073482393,98.1852,0,0,-98.1852,98.1852,257,12,-16.5,74.1348,1.5,0,0,0,10
2073973383,96.7694,0,0,-96.7694,96.7694,175,2,-5.22702,51.5,1.5,0,0,0,10
2074607247,84.8887,0,0,-84.8887,84.8887,111,1,-10.4652,30.0348,1.5,0,0,0,10
2074607395,100.616,0,0,-100.616,100.616,259,14,-28.2012,71.2012,1.5,0,0,0,10
2074982385,103.468,0,0,-103.468,103.468,249,8,-22.5,69.8687,1.5,0,0,0,10
2075482316,95.1104,0,0,-95.1104,95.1104,180,5,-22,47.7679,1.5,0,0,0,10
2076857210,81.9599,0,0,-81.9599,81.9599,74,6,1.5,19.6339,1.5,0,0,0,10
2076857254,84.6194,0,0,-84.6194,84.6194,118,16,8.19926,33,1.5,0,0,0,10
2077357360,98.127,0,0,-98.127,98.127,224,11,13,64.5581,1.5,0,0,0,10
2079482359,103.18,0,0,-103.18,103.18,223,17,28.5,58.9788,1.5,0,0,0,10
2080607298,96.1069,0,0,-96.1069,96.1069,162,13,18.4527,43.4527,1.5,0,0,0,10
2082232232,84.1811,0,0,-84.1811,84.1811,96,19,11.0384,24.9616,1.5,0,0,0,10
2083482392,104.079,0,0,-104.079,104.079,256,18,33.5742,67.5742,1.5,0,0,0,10
2086357305,95.2284,0,0,-95.2284,95.2284,169,20,12.3212,47.8212,1.5,0,0,0,10
2100000098,83.7549,0,0,-83.7549,83.7549,98,0,0,0,10,4,-13.6824,25.6824,1.5
2100000175,96.7694,0,0,-96.7694,96.7694,175,0,0,0,10,2,-5.37702,51.5,1.5
2100044715,81.9599,0,0,-81.9599,81.9599,74,0,0,0,10,6,1.5,19.4839,1.5
2100044733,83.7718,0,0,-83.7718,83.7718,92,0,0,0,10,7,9.22932,24.5,1.5
2100044737,84.1811,0,0,-84.1811,84.1811,96,0,0,0,10,19,11.1444,24.8556,1.5
2100044748,84.3046,0,0,-84.3046,84.3046,107,0,0,0,10,9,3.40409,29.9041,1.5
2100044752,84.8887,0,0,-84.8887,84.8887,111,0,0,0,10,1,-10.5713,29.9287,1.5
2100044759,84.6194,0,0,-84.6194,84.6194,118,0,0,0,10,16,8.04926,33,1.5
2100044803,96.1069,0,0,-96.1069,96.1069,162,0,0,0,10,13,18.3466,43.3466,1.5
2100044810,95.2284,0,0,-95.2284,95.2284,169,0,0,0,10,20,12.2151,47.7151,1.5
2100044821,95.1104,0,0,-95.1104,95.1104,180,0,0,0,10,5,-22,47.6179,1.5
2100044856,101.242,0,0,-101.242,101.242,215,0,0,0,10,3,-22.1338,59.5,1.5
2100044864,103.18,0,0,-103.18,103.18,223,0,0,0,10,17,28.5,58.8288,1.5
2100044865,98.127,0,0,-98.127,98.127,224,0,0,0,10,11,13,64.4081,1.5
2100044888,96.5674,0,0,-96.5674,96.5674,247,0,0,0,10,10,-1,72.6636,1.5
2100044890,103.468,0,0,-103.468,103.468,249,0,0,0,10,8,-22.5,69.7187,1.5
2100044897,105.192,0,0,-105.192,105.192,256,0,0,0,10,15,25.8939,70.8939,1.5
2100044897,104.079,0,0,-104.079,104.079,256,0,0,0,10,18,33.4681,67.4681,1.5
2100044898,98.1852,0,0,-98.1852,98.1852,257,0,0,0,10,12,-16.4893,73.9893,1.5
2100044900,100.616,0,0,-100.616,100.616,259,0,0,0,10,14,-28.0952,71.0952,1.5
2116857392,105.192,0,0,-105.192,105.192,256,15,25.8939,70.8939,1.5,0,0,0,10
2119732243,84.3046,0,0,-84.3046,84.3046,107,9,3.40409,29.9041,1.5,0,0,0,10
2120607351,101.242,0,0,-101.242,101.242,215,3,-22.1338,59.5,1.5,0,0,0,10
2122232383,96.5674,0,0,-96.5674,96.5674,247,10,-1,72.6636,1.5,0,0,0,10
2122973306,83.7549,0,0,-83.7549,83.7549,98,4,-13.6824,25.6824,1.5,0,0,0,10
2123482228,83.7718,0,0,-83.7718,83.7718,92,7,9.22932,24.5,1.5,0,0,0,10
2123732393,98.1852,0,0,-98.1852,98.1852,257,12,-16.4893,73.9893,1.5,0,0,0,10
2123973383,96.7694,0,0,-96.7694,96.7694,175,2,-5.37702,51.5,1.5,0,0,0,10
2124607395,100.616,0,0,-100.616,100.616,259,14,-28.0952,71.0952,1.5,0,0,0,10
2124857247,84.8887,0,0,-84.8887,84.8887,111,1,-10.5713,29.9287,1.5,0,0,0,10
2125232385,103.468,0,0,-103.468,103.468,249,8,-22.5,69.7187,1.5,0,0,0,10
2125607316,95.1104,0,0,-95.1104,95.1104,180,5,-22,47.6179,1.5,0,0,0,10
2126857210,81.9599,0,0,-81.9599,81.9599,74,6,1.5,19.4839,1.5,0,0,0,10
2126857254,84.6194,0,0,-84.6194,84.6194,118,16,8.04926,33,1.5,0,0,0,10
2127607360,98.127,0,0,-98.127,98.127,224,11,13,64.4081,1.5,0,0,0,10
2129482359,103.18,0,0,-103.18,103.18,223,17,28.5,58.8288,1.5,0,0,0,10
2131598370,96.1069,0,0,-96.1069,96.1069,162,13,18.3466,43.3466,1.5,0,0,0,10
2132232232,84.1811,0,0,-84.1811,84.1811,96,19,11.1444,24.8556,1.5,0,0,0,10
2133482392,104.079,0,0,-104.079,104.079,256,18,33.4681,67.4681,1.5,0,0,0,10
2136357305,95.2284,0,0,-95.2284,95.2284,169,20,12.2151,47.7151,1.5,0,0,0,10
2150000098,83.7549,0,0,-83.7549,83.7549,98,0,0,0,10,4,-13.6824,25.6824,1.5
2150000175,96.7694,0,0,-96.7694,96.7694,175,0,0,0,10,2,-5.37702,51.5,1.5
2150044715,81.9599,0,0,-81.9599,81.9599,74,0,0,0,10,6,1.5,19.4839,1.5
2150044733,83.7718,0,0,-83.7718,83.7718,92,0,0,0,10,7,9.22932,24.5,1.5
2150044737,84.1811,0,0,-84.1811,84.1811,96,0,0,0,10,19,11.1444,24.8556,1.5
2150044748,84.3046,0,0,-84.3046,84.3046,107,0,0,0,10,9,3.40409,29.9041,1.5
2150044752,84.8887,0,0,-84.8887,84.8887,111,0,0,0,10,1,-10.5713,29.9287,1.5
2150044759,84.6194,0,0,-84.6194,84.6194,118,0,0,0,10,16,8.04926,33,1.5
2150044803,96.1069,0,0,-96.1069,96.1069,162,0,0,0,10,13,18.3466,43.3466,1.5
2150044810,95.2284,0,0,-95.2284,95.2284,169,0,0,0,10,20,12.2151,47.7151,1.5
2150044821,95.1104,0,0,-95.1104,95.1104,180,0,0,0,10,5,-22,47.6179,1.5
2150044856,101.242,0,0,-101.242,101.242,215,0,0,0,10,3,-22.1338,59.5,1.5
2150044864,103.18,0,0,-103.18,103.18,223,0,0,0,10,17,28.5,58.8288,1.5
2150044865,98.127,0,0,-98.127,98.127,224,0,0,0,10,11,13,64.4081,1.5
2150044888,96.5674,0,0,-96.5674,96.5674,247,0,0,0,10,10,-1,72.6636,1.5
2150044890,103.468,0,0,-103.468,103.468,249,0,0,0,10,8,-22.5,69.7187,1.5
2150044897,105.192,0,0,-105.192,105.192,256,0,0,0,10,15,25.8939,70.8939,1.5
2150044897,104.079,0,0,-104.079,104.079,256,0,0,0,10,18,33.4681,67.4681,1.5
2150044898,98.1852,0,0,-98.1852,98.1852,257,0,0,0,10,12,-16.4893,73.9893,1.5
2150044900,100.616,0,0,-100.616,100.616,259,0,0,0,10,14,-28.0952,71.0952,1.5
2166857392,105.192,0,0,-105.192,105.192,256,15,25.8939,70.8939,1.5,0,0,0,10
2169732243,84.3046,0,0,-84.3046,84.3046,107,9,3.40409,29.9041,1.5,0,0,0,10
2170607351,101.242,0,0,-101.242,101.242,215,3,-22.1338,59.5,1.5,0,0,0,10
2172232383,96.5674,0,0,-96.5674,96.5674,247,10,-1,72.6636,1.5,0,0,0,10
2172973306,83.7549,0,0,-83.7549,83.7549,98,4,-13.6824,25.6824,1.5,0,0,0,10
2173482228,83.7718,0,0,-83.7718,83.7718,92,7,9.22932,24.5,1.5,0,0,0,10
2173973383,96.7694,0,0,-96.7694,96.7694,175,2,-5.37702,51.5,1.5,0,0,0,10
2173982393,98.1852,0,0,-98.1852,98.1852,257,12,-16.4893,73.9893,1.5,0,0,0,10
2174607395,100.616,0,0,-100.616,100.616,259,14,-28.0952,71.0952,1.5,0,0,0,10
2175107247,84.8887,0,0,-84.8887,84.8887,111,1,-10.5713,29.9287,1.5,0,0,0,10
2175482385,103.468,0,0,-103.468,103.468,249,8,-22.5,69.7187,1.5,0,0,0,10
2175607316,95.1104,0,0,-95.1104,95.1104,180,5,-22,47.6179,1.5,0,0,0,10
2176857254,84.6194,0,0,-84.6194,84.6194,118,16,8.04926,33,1.5,0,0,0,10
2177107210,81.9599,0,0,-81.9599,81.9599,74,6,1.5,19.4839,1.5,0,0,0,10
2177732360,98.127,0,0,-98.127,98.127,224,11,13,64.4081,1.5,0,0,0,10
2179482359,103.18,0,0,-103.18,103.18,223,17,28.5,58.8288,1.5,0,0,0,10
2181598370,96.1069,0,0,-96.1069,96.1069,162,13,18.3466,43.3466,1.5,0,0,0,10
2182232232,84.1811,0,0,-84.1811,84.1811,96,19,11.1444,24.8556,1.5,0,0,0,10
2183482392,104.079,0,0,-104.079,104.079,256,18,33.4681,67.4681,1.5,0,0,0,10
2186357305,95.2284,0,0,-95.2284,95.2284,169,20,12.2151,47.7151,1.5,0,0,0,10
2200000098,83.7549,0,0,-83.7549,83.7549,98,0,0,0,10,4,-13.7885,25.7885,1.5
2200000175,96.7694,0,0,-96.7694,96.7694,175,0,0,0,10,2,-5.51911,51.5191,1.5
2200044733,83.7718,0,0,-83.7718,83.7718,92,0,0,0,10,7,9.37932,24.5,1.5
2200044737,84.1811,0,0,-84.1811,84.1811,96,0,0,0,10,19,11.2505,24.7495,1.5
2200044748,84.3046,0,0,-84.3046,84.3046,107,0,0,0,10,9,3.29802,29.798,1.5
2200044752,84.8887,0,0,-84.8887,84.8887,111,0,0,0,10,1,-10.6774,29.8226,1.5
2200044759,84.6194,0,0,-84.6194,84.6194,118,0,0,0,10,16,7.89926,33,1.5
2200044803,96.1069,0,0,-96.1069,96.1069,162,0,0,0,10,13,18.2406,43.2406,1.5
2200044810,95.2284,0,0,-95.2284,95.2284,169,0,0,0,10,20,12.109,47.609,1.5
2200044821,95.1104,0,0,-95.1104,95.1104,180,0,0,0,10,5,-22,47.4679,1.5
2200044856,101.242,0,0,-101.242,101.242,215,0,0,0,10,3,-21.9838,59.5,1.5
2200044864,103.18,0,0,-103.18,103.18,223,0,0,0,10,17,28.5,58.6788,1.5
2200044865,98.127,0,0,-98.127,98.127,224,0,0,0,10,11,13,64.2581,1.5
2200044888,96.5674,0,0,-96.5674,96.5674,247,0,0,0,10,10,-1,72.5136,1.5
2200044890,103.468,0,0,-103.468,103.468,249,0,0,0,10,8,-22.5,69.5687,1.5
2200044897,105.192,0,0,-105.192,105.192,256,0,0,0,10,15,25.7878,70.7878,1.5
2200044897,104.079,0,0,-104.079,104.079,256,0,0,0,10,18,33.3621,67.3621,1.5
2200044898,98.1852,0,0,-98.1852,98.1852,257,0,0,0,10,12,-16.3832,73.8832,1.5
2200044900,100.616,0,0,-100.616,100.616,259,0,0,0,10,14,-27.9891,70.9891,1.5
2200053638,81.926,0,0,-81.926,81.926,69,0,0,0,10,6,1.5,19.3339,1.5
2216857392,105.192,0,0,-105.192,105.192,256,15,25.7878,70.7878,1.5,0,0,0,10
2219732243,84.3046,0,0,-84.3046,84.3046,107,9,3.29802,29.798,1.5,0,0,0,10
2220732351,101.242,0,0,-101.242,101.242,215,3,-21.9838,59.5,1.5,0,0,0,10
2222232383,96.5674,0,0,-96.5674,96.5674,247,10,-1,72.5136,1.5,0,0,0,10
2222973306,83.7549,0,0,-83.7549,83.7549,98,4,-13.7885,25.7885,1.5,0,0,0,10
2223482228,83.7718,0,0,-83.7718,83.7718,92,7,9.37932,24.5,1.5,0,0,0,10
2223973383,96.7694,0,0,-96.7694,96.7694,175,2,-5.51911,51.5191,1.5,0,0,0,10
2224232393,98.1852,0,0,-98.1852,98.1852,257,12,-16.3832,73.8832,1.5,0,0,0,10
2225357247,84.8887,0,0,-84.8887,84.8887,111,1,-10.6774,29.8226,1.5,0,0,0,10
2225607316,95.1104,0,0,-95.1104,95.1104,180,5,-22,47.4679,1.5,0,0,0,10
2225607395,100.616,0,0,-100.616,100.616,259,14,-27.9891,70.9891,1.5,0,0,0,10
2225732385,103.468,0,0,-103.468,103.468,249,8,-22.5,69.5687,1.5,0,0,0,10
2226857254,84.6194,0,0,-84.6194,84.6194,118,16,7.89926,33,1.5,0,0,0,10
2227357205,81.926,0,0,-81.926,81.926,69,6,1.5,19.3339,1.5,0,0,0,10
2227732360,98.127,0,0,-98.127,98.127,224,11,13,64.2581,1.5,0,0,0,10
2229482359,103.18,0,0,-103.18,103.18,223,17,28.5,58.6788,1.5,0,0,0,10
2231598370,96.1069,0,0,-96.1069,96.1069,162,13,18.2406,43.2406,1.5,0,0,0,10
2232232232,84.1811,0,0,-84.1811,84.1811,96,19,11.2505,24.7495,1.5,0,0,0,10
2233482392,104.079,0,0,-104.079,104.079,256,18,33.3621,67.3621,1.5,0,0,0,10
2236357305,95.2284,0,0,-95.2284,95.2284,169,20,12.109,47.609,1.5,0,0,0,10
2250000098,83.7549,0,0,-83.7549,83.7549,98,0,0,0,10,4,-13.7885,25.7885,1.5
2250000175,96.7694,0,0,-96.7694,96.7694,175,0,0,0,10,2,-5.51911,51.5191,1.5
2250044733,83.7718,0,0,-83.7718,83.7718,92,0,0,0,10,7,9.37932,24.5,1.5
2250044737,84.1811,0,0,-84.1811,84.1811,96,0,0,0,10,19,11.2505,24.7495,1.5
2250044748,84.3046,0,0,-84.3046,84.3046,107,0,0,0,10,9,3.29802,29.798,1.5
2250044752,84.8887,0,0,-84.8887,84.8887,111,0,0,0,10,1,-10.6774,29.8226,1.5
2250044759,84.6194,0,0,-84.6194,84.6194,118,0,0,0,10,16,7.89926,33,1.5
2250044803,96.1069,0,0,-96.1069,96.1069,162,0,0,0,10,13,18.2406,43.2406,1.5
2250044810,95.2284,0,0,-95.2284,95.2284,169,0,0,0,10,20,12.109,47.609,1.5
2250044821,95.1104,0,0,-95.1104,95.1104,180,0,0,0,10,5,-22,47.4679,1.5
2250044856,101.242,0,0,-101.242,101.242,215,0,0,0,10,3,-21.9838,59.5,1.5
2250044864,103.18,0,0,-103.18,103.18,223,0,0,0,10,17,28.5,58.6788,1.5
2250044865,98.127,0,0,-98.127,98.127,224,0,0,0,10,11,13,64.2581,1.5
2250044888,96.5674,0,0,-96.5674,96.5674,247,0,0,0,10,10,-1,72.5136,1.5
2250044890,103.468,0,0,-103.468,103.468,249,0,0,0,10,8,-22.5,69.5687,1.5
2250044897,105.192,0,0,-105.192,105.192,256,0,0,0,10,15,25.7878,70.7878,1.5
2250044897,104.079,0,0,-104.079,104.079,256,0,0,0,10,18,33.3621,67.3621,1.5
2250044898,98.1852,0,0,-98.1852,98.1852,257,0,0,0,10,12,-16.3832,73.8832,1.5
2250044900,100.616,0,0,-100.616,100.616,259,0,0,0,10,14,-27.9891,70.9891,1.5
2250053638,81.926,0,0,-81.926,81.926,69,0,0,0,10,6,1.5,19.3339,1.5
2266857392,105.192,0,0,-105.192,105.192,256,15,25.7878,70.7878,1.5,0,0,0,10
2269732243,84.3046,0,0,-84.3046,84.3046,107,9,3.29802,29.798,1.5,0,0,0,10
2270732351,101.242,0,0,-101.242,101.242,215,3,-21.9838,59.5,1.5,0,0,0,10
2272357383,96.5674,0,0,-96.5674,96.5674,247,10,-1,72.5136,1.5,0,0,0,10
2272973306,83.7549,0,0,-83.7549,83.7549,98,4,-13.7885,25.7885,1.5,0,0,0,10
2273732228,83.7718,0,0,-83.7718,83.7718,92,7,9.37932,24.5,1.5,0,0,0,10
2273973383,96.7694,0,0,-96.7694,96.7694,175,2,-5.51911,51.5191,1.5,0,0,0,10
2274357393,98.1852,0,0,-98.1852,98.1852,257,12,-16.3832,73.8832,1.5,0,0,0,10
2275482247,84.8887,0,0,-84.8887,84.8887,111,1,-10.6774,29.8226,1.5,0,0,0,10
2275607316,95.1104,0,0,-95.1104,95.1104,180,5,-22,47.4679,1.5,0,0,0,10
2275607395,100.616,0,0,-100.616,100.616,259,14,-27.9891,70.9891,1.5,0,0,0,10
2275857385,103.468,0,0,-103.468,103.468,249,8,-22.5,69.5687,1.5,0,0,0,10
2276857254,84.6194,0,0,-84.6194,84.6194,118,16,7.89926,33,1.5,0,0,0,10
2277607205,81.926,0,0,-81.926,81.926,69,6,1.5,19.3339,1.5,0,0,0,10
2277732360,98.127,0,0,-98.127,98.127,224,11,13,64.2581,1.5,0,0,0,10
2279482359,103.18,0,0,-103.18,103.18,223,17,28.5,58.6788,1.5,0,0,0,10
2281598370,96.1069,0,0,-96.1069,96.1069,162,13,18.2406,43.2406,1.5,0,0,0,10
2282232232,84.1811,0,0,-84.1811,84.1811,96,19,11.2505,24.7495,1.5,0,0,0,10
2283482392,104.079,0,0,-104.079,104.079,256,18,33.3621,67.3621,1.5,0,0,0,10
2286357305,95.2284,0,0,-95.2284,95.2284,169,20,12.109,47.609,1.5,0,0,0,10
2300000098,83.7549,0,0,-83.7549,83.7549,98,0,0,0,10,4,-13.8946,25.8946,1.5
2300000175,96.7694,0,0,-96.7694,96.7694,175,0,0,0,10,2,-5.62517,51.6252,1.5
2300044733,83.7718,0,0,-83.7718,83.7718,92,0,0,0,10,7,9.52932,24.5,1.5
2300044737,84.1811,0,0,-84.1811,84.1811,96,0,0,0,10,19,11.3566,24.6434,1.5
2300044748,84.3046,0,0,-84.3046,84.3046,107,0,0,0,10,9,3.19196,29.692,1.5
2300044752,84.8887,0,0,-84.8887,84.8887,111,0,0,0,10,1,-10.7834,29.7166,1.5
2300044759,84.6194,0,0,-84.6194,84.6194,118,0,0,0,10,16,7.74926,33,1.5
2300044803,96.1069,0,0,-96.1069,96.1069,162,0,0,0,10,13,18.1345,43.1345,1.5
2300044810,95.2284,0,0,-95.2284,95.2284,169,0,0,0,10,20,12.003,47.503,1.5
2300044821,95.1104,0,0,-95.1104,95.1104,180,0,0,0,10,5,-22,47.3179,1.5
2300044856,101.242,0,0,-101.242,101.242,215,0,0,0,10,3,-21.8338,59.5,1.5
2300044864,103.18,0,0,-103.18,103.18,223,0,0,0,10,17,28.5,58.5288,1.5
2300044865,98.127,0,0,-98.127,98.127,224,0,0,0,10,11,13,64.1081,1.5
2300044888,96.5674,0,0,-96.5674,96.5674,247,0,0,0,10,10,-1,72.3636,1.5
2300044890,103.468,0,0,-103.468,103.468,249,0,0,0,10,8,-22.5,69.4187,1.5
2300044897,105.192,0,0,-105.192,105.192,256,0,0,0,10,15,25.6818,70.6818,1.5
2300044897,104.079,0,0,-104.079,104.079,256,0,0,0,10,18,33.256,67.256,1.5
2300044898,98.1852,0,0,-98.1852,98.1852,257,0,0,0,10,12,-16.2771,73.7771,1.5
2300044900,100.616,0,0,-100.616,100.616,259,0,0,0,10,14,-27.883,70.883,1.5
2300053638,81.926,0,0,-81.926,81.926,69,0,0,0,10,6,1.5,19.1839,1.5
2316857392,105.192,0,0,-105.192,105.192,256,15,25.6818,70.6818,1.5,0,0,0,10
2319857243,84.3046,0,0,-84.3046,84.3046,107,9,3.19196,29.692,1.5,0,0,0,10
2320857351,101.242,0,0,-101.242,101.242,215,3,-21.8338,59.5,1.5,0,0,0,10
2322357383,96.5674,0,0,-96.5674,96.5674,247,10,-1,72.3636,1.5,0,0,0,10
2322973306,83.7549,0,0,-83.7549,83.7549,98,4,-13.8946,25.8946,1.5,0,0,0,10
2323973383,96.7694,0,0,-96.7694,96.7694,175,2,-5.62517,51.6252,1.5,0,0,0,10
2323982228,83.7718,0,0,-83.7718,83.7718,92,7,9.52932,24.5,1.5,0,0,0,10
2324357393,98.1852,0,0,-98.1852,98.1852,257,12,-16.2771,73.7771,1.5,0,0,0,10
2325482247,84.8887,0,0,-84.8887,84.8887,111,1,-10.7834,29.7166,1.5,0,0,0,10
2325607316,95.1104,0,0,-95.1104,95.1104,180,5,-22,47.3179,1.5,0,0,0,10
2325607395,100.616,0,0,-100.616,100.616,259,14,-27.883,70.883,1.5,0,0,0,10
2325857385,103.468,0,0,-103.468,103.468,249,8,-22.5,69.4187,1.5,0,0,0,10
2326857254,84.6194,0,0,-84.6194,84.6194,118,16,7.74926,33,1.5,0,0,0,10
2327732360,98.127,0,0,-98.127,98.127,224,11,13,64.1081,1.5,0,0,0,10
2327857205,81.926,0,0,-81.926,81.926,69,6,1.5,19.1839,1.5,0,0,0,10
2329482359,103.18,0,0,-103.18,103.18,223,17,28.5,58.5288,1.5,0,0,0,10
2331598370,96.1069,0,0,-96.1069,96.1069,162,13,18.1345,43.1345,1.5,0,0,0,10
2332232232,84.1811,0,0,-84.1811,84.1811,96,19,11.3566,24.6434,1.5,0,0,0,10
2333482392,104.079,0,0,-104.079,104.079,256,18,33.256,67.256,1.5,0,0,0,10
2336357305,95.2284,0,0,-95.2284,95.2284,169,20,12.003,47.503,1.5,0,0,0,10
2350000098,83.7549,0,0,-83.7549,83.7549,98,0,0,0,10,4,-13.8946,25.8946,1.5
2350000175,96.7694,0,0,-96.7694,96.7694,175,0,0,0,10,2,-5.62517,51.6252,1.5
2350044733,83.7718,0,0,-83.7718,83.7718,92,0,0,0,10,7,9.52932,24.5,1.5
2350044737,84.1811,0,0,-84.1811,84.1811,96,0,0,0,10,19,11.3566,24.6434,1.5
2350044748,84.3046,0,0,-84.3046,84.3046,107,0,0,0,10,9,3.19196,29.692,1.5
2350044752,84.8887,0,0,-84.8887,84.8887,111,0,0,0,10,1,-10.7834,29.7166,1.5
2350044759,84.6194,0,0,-84.6194,84.6194,118,0,0,0,10,16,7.74926,33,1.5
2350044803,96.1069,0,0,-96.1069,96.1069,162,0,0,0,10,13,18.1345,43.1345,1.5
2350044810,95.2284,0,0,-95.2284,95.2284,169,0,0,0,10,20,12.003,47.503,1.5
2350044821,95.1104,0,0,-95.1104,95.1104,180,0,0,0,10,5,-22,47.3179,1.5
2350044856,101.242,0,0,-101.242,101.242,215,0,0,0,10,3,-21.8338,59.5,1.5
2350044864,103.18,0,0,-103.18,103.18,223,0,0,0,10,17,28.5,58.5288,1.5
2350044865,98.127,0,0,-98.127,98.127,224,0,0,0,10,11,13,64.1081,1.5
2350044888,96.5674,0,0,-96.5674,96.5674,247,0,0,0,10,10,-1,72.3636,1.5
2350044890,103.468,0,0,-103.468,103.468,249,0,0,0,10,8,-22.5,69.4187,1.5
2350044897,105.192,0,0,-105.192,105.192,256,0,0,0,10,15,25.6818,70.6818,1.5
2350044897,104.079,0,0,-104.079,104.079,256,0,0,0,10,18,33.256,67.256,1.5
2350044898,98.1852,0,0,-98.1852,98.1852,257,0,0,0,10,12,-16.2771,73.7771,1.5
2350044900,100.616,0,0,-100.616,100.616,259,0,0,0,10,14,-27.883,70.883,1.5
2350053638,81.926,0,0,-81.926,81.926,69,0,0,0,10,6,1.5,19.1839,1.5
2366857392,105.192,0,0,-105.192,105.192,256,15,25.6818,70.6818,1.5,0,0,0,10
2369857243,84.3046,0,0,-84.3046,84.3046,107,9,3.19196,29.692,1.5,0,0,0,10
2371107351,101.242,0,0,-101.242,101.242,215,3,-21.8338,59.5,1.5,0,0,0,10
2372357383,96.5674,0,0,-96.5674,96.5674,247,10,-1,72.3636,1.5,0,0,0,10
2372973306,83.7549,0,0,-83.7549,83.7549,98,4,-13.8946,25.8946,1.5,0,0,0,10
2373973383,96.7694,0,0,-96.7694,96.7694,175,2,-5.62517,51.6252,1.5,0,0,0,10
2374232228,83.7718,0,0,-83.7718,83.7718,92,7,9.52932,24.5,1.5,0,0,0,10
2374357393,98.1852,0,0,-98.1852,98.1852,257,12,-16.2771,73.7771,1.5,0,0,0,10
2375482247,84.8887,0,0,-84.8887,84.8887,111,1,-10.7834,29.7166,1.5,0,0,0,10
2375857316,95.1104,0,0,-95.1104,95.1104,180,5,-22,47.3179,1.5,0,0,0,10
2375857385,103.468,0,0,-103.468,103.468,249,8,-22.5,69.4187,1.5,0,0,0,10
2376232395,100.616,0,0,-100.616,100.616,259,14,-27.883,70.883,1.5,0,0,0,10
2376857254,84.6194,0,0,-84.6194,84.6194,118,16,7.74926,33,1.5,0,0,0,10
2377732360,98.127,0,0,-98.127,98.127,224,11,13,64.1081,1.5,0,0,0,10
2377982205,81.926,0,0,-81.926,81.926,69,6,1.5,19.1839,1.5,0,0,0,10
2379482359,103.18,0,0,-103.18,103.18,223,17,28.5,58.5288,1.5,0,0,0,10
2381598370,96.1069,0,0,-96.1069,96.1069,162,13,18.1345,43.1345,1.5,0,0,0,10
2382232232,84.1811,0,0,-84.1811,84.1811,96,19,11.3566,24.6434,1.5,0,0,0,10
2383482392,104.079,0,0,-104.079,104.079,256,18,33.256,67.256,1.5,0,0,0,10
2386357305,95.2284,0,0,-95.2284,95.2284,169,20,12.003,47.503,1.5,0,0,0,10
2400000103,83.9193,0,0,-83.9193,83.9193,103,0,0,0,10,4,-14.0006,26.0006,1.5
2400000176,96.7678,0,0,-96.7678,96.7678,176,0,0,0,10,2,-5.73124,51.7312,1.5
2400044733,83.5857,0,0,-83.5857,83.5857,92,0,0,0,10,7,9.67932,24.5,1.5
2400053639,82.1108,0,0,-82.1108,82.1108,70,0,0,0,10,6,1.5,19.0339,1.5
2400053664,83.4853,0,0,-83.4853,83.4853,95,0,0,0,10,19,11.4626,24.5374,1.5
2400053672,84.373,0,0,-84.373,84.373,103,0,0,0,10,9,3.08589,29.5859,1.5
2400053678,84.3234,0,0,-84.3234,84.3234,109,0,0,0,10,1,-10.8895,29.6105,1.5
2400053685,84.5732,0,0,-84.5732,84.5732,116,0,0,0,10,16,7.59926,33,1.5
2400053727,97.0791,0,0,-97.0791,97.0791,158,0,0,0,10,13,18.0284,43.0284,1.5
2400053734,95.2536,0,0,-95.2536,95.2536,165,0,0,0,10,20,11.8969,47.3969,1.5
2400053745,96.4266,0,0,-96.4266,96.4266,176,0,0,0,10,5,-22,47.1679,1.5
2400053782,100.688,0,0,-100.688,100.688,213,0,0,0,10,3,-21.6838,59.5,1.5
2400053788,102.326,0,0,-102.326,102.326,219,0,0,0,10,17,28.5,58.3788,1.5
2400053789,96.0925,0,0,-96.0925,96.0925,220,0,0,0,10,11,13,63.9581,1.5
2400053812,97.425,0,0,-97.425,97.425,243,0,0,0,10,10,-1,72.2136,1.5
2400053814,103.2,0,0,-103.2,103.2,245,0,0,0,10,8,-22.5,69.2687,1.5
2400053820,101.461,0,0,-101.461,101.461,251,0,0,0,10,18,33.1499,67.1499,1.5
2400053821,100.661,0,0,-100.661,100.661,252,0,0,0,10,15,25.5757,70.5757,1.5
2400053822,99.1114,0,0,-99.1114,99.1114,253,0,0,0,10,12,-16.1711,73.6711,1.5
2400053824,103.724,0,0,-103.724,103.724,255,0,0,0,10,14,-27.777,70.777,1.5
2416982388,100.661,0,0,-100.661,100.661,252,15,25.5757,70.5757,1.5,0,0,0,10
2419982239,84.373,0,0,-84.373,84.373,103,9,3.08589,29.5859,1.5,0,0,0,10
2421357349,100.688,0,0,-100.688,100.688,213,3,-21.6838,59.5,1.5,0,0,0,10
2422732379,97.425,0,0,-97.425,97.425,243,10,-1,72.2136,1.5,0,0,0,10
2422973311,83.9193,0,0,-83.9193,83.9193,103,4,-14.0006,26.0006,1.5,0,0,0,10
2423973384,96.7678,0,0,-96.7678,96.7678,176,2,-5.73124,51.7312,1.5,0,0,0,10
2424482228,83.5857,0,0,-83.5857,83.5857,92,7,9.67932,24.5,1.5,0,0,0,10
2424607389,99.1114,0,0,-99.1114,99.1114,253,12,-16.1711,73.6711,1.5,0,0,0,10
2425732245,84.3234,0,0,-84.3234,84.3234,109,1,-10.8895,29.6105,1.5,0,0,0,10
2426107312,96.4266,0,0,-96.4266,96.4266,176,5,-22,47.1679,1.5,0,0,0,10
2426107381,103.2,0,0,-103.2,103.2,245,8,-22.5,69.2687,1.5,0,0,0,10
2426348463,103.724,0,0,-103.724,103.724,255,14,-27.777,70.777,1.5,0,0,0,10
2426982252,84.5732,0,0,-84.5732,84.5732,116,16,7.59926,33,1.5,0,0,0,10
2427982206,82.1108,0,0,-82.1108,82.1108,70,6,1.5,19.0339,1.5,0,0,0,10
2427982356,96.0925,0,0,-96.0925,96.0925,220,11,13,63.9581,1.5,0,0,0,10
2429607355,102.326,0,0,-102.326,102.326,219,17,28.5,58.3788,1.5,0,0,0,10
2432357231,83.4853,0,0,-83.4853,83.4853,95,19,11.4626,24.5374,1.5,0,0,0,10
2432482294,97.0791,0,0,-97.0791,97.0791,158,13,18.0284,43.0284,1.5,0,0,0,10
2433607387,101.461,0,0,-101.461,101.461,251,18,33.1499,67.1499,1.5,0,0,0,10
2436482301,95.2536,0,0,-95.2536,95.2536,165,20,11.8969,47.3969,1.5,0,0,0,10
2450000103,83.9193,0,0,-83.9193,83.9193,103,0,0,0,10,4,-14.0006,26.0006,1.5
2450000176,96.7678,0,0,-96.7678,96.7678,176,0,0,0,10,2,-5.73124,51.7312,1.5
2450044733,83.5857,0,0,-83.5857,83.5857,92,0,0,0,10,7,9.67932,24.5,1.5
2450053639,82.1108,0,0,-82.1108,82.1108,70,0,0,0,10,6,1.5,19.0339,1.5
2450053664,83.4853,0,0,-83.4853,83.4853,95,0,0,0,10,19,11.4626,24.5374,1.5
2450053672,84.373,0,0,-84.373,84.373,103,0,0,0,10,9,3.08589,29.5859,1.5
2450053678,84.3234,0,0,-84.3234,84.3234,109,0,0,0,10,1,-10.8895,29.6105,1.5
2450053685,84.5732,0,0,-84.5732,84.5732,116,0,0,0,10,16,7.59926,33,1.5
2450053727,97.0791,0,0,-97.0791,97.0791,158,0,0,0,10,13,18.0284,43.0284,1.5
2450053734,95.2536,0,0,-95.2536,95.2536,165,0,0,0,10,20,11.8969,47.3969,1.5
2450053745,96.4266,0,0,-96.4266,96.4266,176,0,0,0,10,5,-22,47.1679,1.5
2450053782,100.688,0,0,-100.688,100.688,213,0,0,0,10,3,-21.6838,59.5,1.5
2450053788,102.326,0,0,-102.326,102.326,219,0,0,0,10,17,28.5,58.3788,1.5
2450053789,96.0925,0,0,-96.0925,96.0925,220,0,0,0,10,11,13,63.9581,1.5
2450053812,97.425,0,0,-97.425,97.425,243,0,0,0,10,10,-1,72.2136,1.5
2450053814,103.2,0,0,-103.2,103.2,245,0,0,0,10,8,-22.5,69.2687,1.5
2450053820,101.461,0,0,-101.461,101.461,251,0,0,0,10,18,33.1499,67.1499,1.5
2450053821,100.661,0,0,-100.661,100.661,252,0,0,0,10,15,25.5757,70.5757,1.5
2450053822,99.1114,0,0,-99.1114,99.1114,253,0,0,0,10,12,-16.1711,73.6711,1.5
2450053824,103.724,0,0,-103.724,103.724,255,0,0,0,10,14,-27.777,70.777,1.5
2466982388,100.661,0,0,-100.661,100.661,252,15,25.5757,70.5757,1.5,0,0,0,10
2470232239,84.373,0,0,-84.373,84.373,103,9,3.08589,29.5859,1.5,0,0,0,10
2471607349,100.688,0,0,-100.688,100.688,213,3,-21.6838,59.5,1.5,0,0,0,10
2472857379,97.425,0,0,-97.425,97.425,243,10,-1,72.2136,1.5,0,0,0,10
2472973311,83.9193,0,0,-83.9193,83.9193,103,4,-14.0006,26.0006,1.5,0,0,0,10
2473973384,96.7678,0,0,-96.7678,96.7678,176,2,-5.73124,51.7312,1.5,0,0,0,10
2474607228,83.5857,0,0,-83.5857,83.5857,92,7,9.67932,24.5,1.5,0,0,0,10
2474857389,99.1114,0,0,-99.1114,99.1114,253,12,-16.1711,73.6711,1.5,0,0,0,10
2475982245,84.3234,0,0,-84.3234,84.3234,109,1,-10.8895,29.6105,1.5,0,0,0,10
2476348463,103.724,0,0,-103.724,103.724,255,14,-27.777,70.777,1.5,0,0,0,10
2476357312,96.4266,0,0,-96.4266,96.4266,176,5,-22,47.1679,1.5,0,0,0,10
2476357381,103.2,0,0,-103.2,103.2,245,8,-22.5,69.2687,1.5,0,0,0,10
2476982252,84.5732,0,0,-84.5732,84.5732,116,16,7.59926,33,1.5,0,0,0,10
2477982206,82.1108,0,0,-82.1108,82.1108,70,6,1.5,19.0339,1.5,0,0,0,10
2478107356,96.0925,0,0,-96.0925,96.0925,220,11,13,63.9581,1.5,0,0,0,10
2479607355,102.326,0,0,-102.326,102.326,219,17,28.5,58.3788,1.5,0,0,0,10
2482357231,83.4853,0,0,-83.4853,83.4853,95,19,11.4626,24.5374,1.5,0,0,0,10
2482482294,97.0791,0,0,-97.0791,97.0791,158,13,18.0284,43.0284,1.5,0,0,0,10
2483607387,101.461,0,0,-101.461,101.461,251,18,33.1499,67.1499,1.5,0,0,0,10
2486482301,95.2536,0,0,-95.2536,95.2536,165,20,11.8969,47.3969,1.5,0,0,0,10
2500000103,83.9193,0,0,-83.9193,83.9193,103,0,0,0,10,4,-14.1067,26.1067,1.5
2500000176,96.7678,0,0,-96.7678,96.7678,176,0,0,0,10,2,-5.83731,51.8373,1.5
2500044733,83.5857,0,0,-83.5857,83.5857,92,0,0,0,10,7,9.82932,24.5,1.5
2500062567,82.1108,0,0,-82.1108,82.1108,70,0,0,0,10,6,1.5,18.8839,1.5
2500062592,83.4853,0,0,-83.4853,83.4853,95,0,0,0,10,19,11.5687,24.4313,1.5
2500062600,84.373,0,0,-84.373,84.373,103,0,0,0,10,9,2.97983,29.4798,1.5
2500062606,84.3234,0,0,-84.3234,84.3234,109,0,0,0,10,1,-10.9956,29.5044,1.5
2500062613,84.5732,0,0,-84.5732,84.5732,116,0,0,0,10,16,7.44926,33,1.5
2500062655,97.0791,0,0,-97.0791,97.0791,158,0,0,0,10,13,17.9224,42.9224,1.5
2500062662,95.2536,0,0,-95.2536,95.2536,165,0,0,0,10,20,11.7909,47.2909,1.5
2500062673,96.4266,0,0,-96.4266,96.4266,176,0,0,0,10,5,-22,47.0179,1.5
2500062710,100.688,0,0,-100.688,100.688,213,0,0,0,10,3,-21.5338,59.5,1.5
2500062716,102.326,0,0,-102.326,102.326,219,0,0,0,10,17,28.5,58.2288,1.5
2500062717,96.0925,0,0,-96.0925,96.0925,220,0,0,0,10,11,13,63.8081,1.5
2500062740,97.425,0,0,-97.425,97.425,243,0,0,0,10,10,-1,72.0636,1.5
2500062742,103.2,0,0,-103.2,103.2,245,0,0,0,10,8,-22.5,69.1187,1.5
2500062748,101.461,0,0,-101.461,101.461,251,0,0,0,10,18,33.0439,67.0439,1.5
2500062749,100.661,0,0,-100.661,100.661,252,0,0,0,10,15,25.4696,70.4696,1.5
2500062750,99.1114,0,0,-99.1114,99.1114,253,0,0,0,10,12,-16.065,73.565,1.5
2500062752,103.724,0,0,-103.724,103.724,255,0,0,0,10,14,-27.6709,70.6709,1.5
2516982388,100.661,0,0,-100.661,100.661,252,15,25.4696,70.4696,1.5,0,0,0,10
2520482239,84.373,0,0,-84.373,84.373,103,9,2.97983,29.4798,1.5,0,0,0,10
2521732349,100.688,0,0,-100.688,100.688,213,3,-21.5338,59.5,1.5,0,0,0,10
2522857379,97.425,0,0,-97.425,97.425,243,10,-1,72.0636,1.5,0,0,0,10
2522973311,83.9193,0,0,-83.9193,83.9193,103,4,-14.1067,26.1067,1.5,0,0,0,10
2523973384,96.7678,0,0,-96.7678,96.7678,176,2,-5.83731,51.8373,1.5,0,0,0,10
2524607228,83.5857,0,0,-83.5857,83.5857,92,7,9.82932,24.5,1.5,0,0,0,10
2525107389,99.1114,0,0,-99.1114,99.1114,253,12,-16.065,73.565,1.5,0,0,0,10
2526232245,84.3234,0,0,-84.3234,84.3234,109,1,-10.9956,29.5044,1.5,0,0,0,10
2526348463,103.724,0,0,-103.724,103.724,255,14,-27.6709,70.6709,1.5,0,0,0,10
2526607312,96.4266,0,0,-96.4266,96.4266,176,5,-22,47.0179,1.5,0,0,0,10
2526607381,103.2,0,0,-103.2,103.2,245,8,-22.5,69.1187,1.5,0,0,0,10
2526982252,84.5732,0,0,-84.5732,84.5732,116,16,7.44926,33,1.5,0,0,0,10
2528107356,96.0925,0,0,-96.0925,96.0925,220,11,13,63.8081,1.5,0,0,0,10
2528232206,82.1108,0,0,-82.1108,82.1108,70,6,1.5,18.8839,1.5,0,0,0,10
2529607355,102.326,0,0,-102.326,102.326,219,17,28.5,58.2288,1.5,0,0,0,10
2532357231,83.4853,0,0,-83.4853,83.4853,95,19,11.5687,24.4313,1.5,0,0,0,10
2533482294,97.0791,0,0,-97.0791,97.0791,158,13,17.9224,42.9224,1.5,0,0,0,10
2533607387,101.461,0,0,-101.461,101.461,251,18,33.0439,67.0439,1.5,0,0,0,10
2536482301,95.2536,0,0,-95.2536,95.2536,165,20,11.7909,47.2909,1.5,0,0,0,10
2550000103,83.9193,0,0,-83.9193,83.9193,103,0,0,0,10,4,-14.1067,26.1067,1.5
2550000176,96.7678,0,0,-96.7678,96.7678,176,0,0,0,10,2,-5.83731,51.8373,1.5
2550044733,83.5857,0,0,-83.5857,83.5857,92,0,0,0,10,7,9.82932,24.5,1.5
2550062567,82.1108,0,0,-82.1108,82.1108,70,0,0,0,10,6,1.5,18.8839,1.5
2550062592,83.4853,0,0,-83.4853,83.4853,95,0,0,0,10,19,11.5687,24.4313,1.5
2550062600,84.373,0,0,-84.373,84.373,103,0,0,0,10,9,2.97983,29.4798,1.5
2550062606,84.3234,0,0,-84.3234,84.3234,109,0,0,0,10,1,-10.9956,29.5044,1.5
2550062613,84.5732,0,0,-84.5732,84.5732,116,0,0,0,10,16,7.44926,33,1.5
2550062655,97.0791,0,0,-97.0791,97.0791,158,0,0,0,10,13,17.9224,42.9224,1.5
2550062662,95.2536,0,0,-95.2536,95.2536,165,0,0,0,10,20,11.7909,47.2909,1.5
2550062673,96.4266,0,0,-96.4266,96.4266,176,0,0,0,10,5,-22,47.0179,1.5
2550062710,100.688,0,0,-100.688,100.688,213,0,0,0,10,3,-21.5338,59.5,1.5
2550062716,102.326,0,0,-102.326,102.326,219,0,0,0,10,17,28.5,58.2288,1.5
2550062717,96.0925,0,0,-96.0925,96.0925,220,0,0,0,10,11,13,63.8081,1.5
2550062740,97.425,0,0,-97.425,97.425,243,0,0,0,10,10,-1,72.0636,1.5
2550062742,103.2,0,0,-103.2,103.2,245,0,0,0,10,8,-22.5,69.1187,1.5
2550062748,101.461,0,0,-101.461,101.461,251,0,0,0,10,18,33.0439,67.0439,1.5
2550062749,100.661,0,0,-100.661,100.661,252,0,0,0,10,15,25.4696,70.4696,1.5
2550062750,99.1114,0,0,-99.1114,99.1114,253,0,0,0,10,12,-16.065,73.565,1.5
2550062752,103.724,0,0,-103.724,103.724,255,0,0,0,10,14,-27.6709,70.6709,1.5
2566982388,100.661,0,0,-100.661,100.661,252,15,25.4696,70.4696,1.5,0,0,0,10
2570732239,84.373,0,0,-84.373,84.373,103,9,2.97983,29.4798,1.5,0,0,0,10
2571982349,100.688,0,0,-100.688,100.688,213,3,-21.5338,59.5,1.5,0,0,0,10
2572857379,97.425,0,0,-97.425,97.425,243,10,-1,72.0636,1.5,0,0,0,10
2572973311,83.9193,0,0,-83.9193,83.9193,103,4,-14.1067,26.1067,1.5,0,0,0,10
2573973384,96.7678,0,0,-96.7678,96.7678,176,2,-5.83731,51.8373,1.5,0,0,0,10
2574607228,83.5857,0,0,-83.5857,83.5857,92,7,9.82932,24.5,1.5,0,0,0,10
2575357389,99.1114,0,0,-99.1114,99.1114,253,12,-16.065,73.565,1.5,0,0,0,10
2576348463,103.724,0,0,-103.724,103.724,255,14,-27.6709,70.6709,1.5,0,0,0,10
2576482245,84.3234,0,0,-84.3234,84.3234,109,1,-10.9956,29.5044,1.5,0,0,0,10
2576732312,96.4266,0,0,-96.4266,96.4266,176,5,-22,47.0179,1.5,0,0,0,10
2576857381,103.2,0,0,-103.2,103.2,245,8,-22.5,69.1187,1.5,0,0,0,10
2576982252,84.5732,0,0,-84.5732,84.5732,116,16,7.44926,33,1.5,0,0,0,10
2578232356,96.0925,0,0,-96.0925,96.0925,220,11,13,63.8081,1.5,0,0,0,10
2578482206,82.1108,0,0,-82.1108,82.1108,70,6,1.5,18.8839,1.5,0,0,0,10
2579607355,102.326,0,0,-102.326,102.326,219,17,28.5,58.2288,1.5,0,0,0,10
2582357231,83.4853,0,0,-83.4853,83.4853,95,19,11.5687,24.4313,1.5,0,0,0,10
2583482294,97.0791,0,0,-97.0791,97.0791,158,13,17.9224,42.9224,1.5,0,0,0,10
2583607387,101.461,0,0,-101.461,101.461,251,18,33.0439,67.0439,1.5,0,0,0,10
2586482301,95.2536,0,0,-95.2536,95.2536,165,20,11.7909,47.2909,1.5,0,0,0,10
2600000103,83.9193,0,0,-83.9193,83.9193,103,0,0,0,10,4,-14.2128,26.2128,1.5
2600000176,96.7678,0,0,-96.7678,96.7678,176,0,0,0,10,2,-5.94337,51.9434,1.5
2600044733,83.5857,0,0,-83.5857,83.5857,92,0,0,0,10,7,9.97932,24.5,1.5
2600062567,82.1108,0,0,-82.1108,82.1108,70,0,0,0,10,6,1.5,18.7339,1.5
2600062592,83.4853,0,0,-83.4853,83.4853,95,0,0,0,10,19,11.6748,24.3252,1.5
2600062600,84.373,0,0,-84.373,84.373,103,0,0,0,10,9,2.87376,29.3738,1.5
2600062606,84.3234,0,0,-84.3234,84.3234,109,0,0,0,10,1,-11.1016,29.3984,1.5
2600062613,84.5732,0,0,-84.5732,84.5732,116,0,0,0,10,16,7.29926,33,1.5
2600062655,97.0791,0,0,-97.0791,97.0791,158,0,0,0,10,13,17.8163,42.8163,1.5
2600062662,95.2536,0,0,-95.2536,95.2536,165,0,0,0,10,20,11.6848,47.1848,1.5
2600062673,96.4266,0,0,-96.4266,96.4266,176,0,0,0,10,5,-22,46.8679,1.5
2600062710,100.688,0,0,-100.688,100.688,213,0,0,0,10,3,-21.3838,59.5,1.5
2600062716,102.326,0,0,-102.326,102.326,219,0,0,0,10,17,28.5,58.0788,1.5
2600062717,96.0925,0,0,-96.0925,96.0925,220,0,0,0,10,11,13,63.6581,1.5
2600062740,97.425,0,0,-97.425,97.425,243,0,0,0,10,10,-1,71.9136,1.5
2600062742,103.2,0,0,-103.2,103.2,245,0,0,0,10,8,-22.5,68.9687,1.5
2600062748,101.461,0,0,-101.461,101.461,251,0,0,0,10,18,32.9378,66.9378,1.5
2600062749,100.661,0,0,-100.661,100.661,252,0,0,0,10,15,25.3636,70.3636,1.5
2600062750,99.1114,0,0,-99.1114,99.1114,253,0,0,0,10,12,-15.9589,73.4589,1.5
2600062752,103.724,0,0,-103.724,103.724,255,0,0,0,10,14,-27.5648,70.5648,1.5
2616982388,100.661,0,0,-100.661,100.661,252,15,25.3636,70.3636,1.5,0,0,0,10
2620857239,84.373,0,0,-84.373,84.373,103,9,2.87376,29.3738,1.5,0,0,0,10
2622232349,100.688,0,0,-100.688,100.688,213,3,-21.3838,59.5,1.5,0,0,0,10
2622973311,83.9193,0,0,-83.9193,83.9193,103,4,-14.2128,26.2128,1.5,0,0,0,10
2623107379,97.425,0,0,-97.425,97.425,243,10,-1,71.9136,1.5,0,0,0,10
2623973384,96.7678,0,0,-96.7678,96.7678,176,2,-5.94337,51.9434,1.5,0,0,0,10
2624857228,83.5857,0,0,-83.5857,83.5857,92,7,9.97932,24.5,1.5,0,0,0,10
2625482389,99.1114,0,0,-99.1114,99.1114,253,12,-15.9589,73.4589,1.5,0,0,0,10
2626348463,103.724,0,0,-103.724,103.724,255,14,-27.5648,70.5648,1.5,0,0,0,10
2626607245,84.3234,0,0,-84.3234,84.3234,109,1,-11.1016,29.3984,1.5,0,0,0,10
2626732312,96.4266,0,0,-96.4266,96.4266,176,5,-22,46.8679,1.5,0,0,0,10
2626982252,84.5732,0,0,-84.5732,84.5732,116,16,7.29926,33,1.5,0,0,0,10
2626982381,103.2,0,0,-103.2,103.2,245,8,-22.5,68.9687,1.5,0,0,0,10
2628482356,96.0925,0,0,-96.0925,96.0925,220,11,13,63.6581,1.5,0,0,0,10
2628732206,82.1108,0,0,-82.1108,82.1108,70,6,1.5,18.7339,1.5,0,0,0,10
2629607355,102.326,0,0,-102.326,102.326,219,17,28.5,58.0788,1.5,0,0,0,10
2632357231,83.4853,0,0,-83.4853,83.4853,95,19,11.6748,24.3252,1.5,0,0,0,10
2633482294,97.0791,0,0,-97.0791,97.0791,158,13,17.8163,42.8163,1.5,0,0,0,10
2633607387,101.461,0,0,-101.461,101.461,251,18,32.9378,66.9378,1.5,0,0,0,10
2636482301,95.2536,0,0,-95.2536,95.2536,165,20,11.6848,47.1848,1.5,0,0,0,10
2650000103,83.9193,0,0,-83.9193,83.9193,103,0,0,0,10,4,-14.2128,26.2128,1.5
2650000176,96.7678,0,0,-96.7678,96.7678,176,0,0,0,10,2,-5.94337,51.9434,1.5
2650044733,83.5857,0,0,-83.5857,83.5857,92,0,0,0,10,7,9.97932,24.5,1.5
2650062567,82.1108,0,0,-82.1108,82.1108,70,0,0,0,10,6,1.5,18.7339,1.5
2650062592,83.4853,0,0,-83.4853,83.4853,95,0,0,0,10,19,11.6748,24.3252,1.5
2650062600,84.373,0,0,-84.373,84.373,103,0,0,0,10,9,2.87376,29.3738,1.5
2650062606,84.3234,0,0,-84.3234,84.3234,109,0,0,0,10,1,-11.1016,29.3984,1.5
2650062613,84.5732,0,0,-84.5732,84.5732,116,0,0,0,10,16,7.29926,33,1.5
2650062655,97.0791,0,0,-97.0791,97.0791,158,0,0,0,10,13,17.8163,42.8163,1.5
2650062662,95.2536,0,0,-95.2536,95.2536,165,0,0,0,10,20,11.6848,47.1848,1.5
2650062673,96.4266,0,0,-96.4266,96.4266,176,0,0,0,10,5,-22,46.8679,1.5
2650062710,100.688,0,0,-100.688,100.688,213,0,0,0,10,3,-21.3838,59.5,1.5
2650062716,102.326,0,0,-102.326,102.326,219,0,0,0,10,17,28.5,58.0788,1.5
2650062717,96.0925,0,0,-96.0925,96.0925,220,0,0,0,10,11,13,63.6581,1.5
2650062740,97.425,0,0,-97.425,97.425,243,0,0,0,10,10,-1,71.9136,1.5
2650062742,103.2,0,0,-103.2,103.2,245,0,0,0,10,8,-22.5,68.9687,1.5
2650062748,101.461,0,0,-101.461,101.461,251,0,0,0,10,18,32.9378,66.9378,1.5
2650062749,100.661,0,0,-100.661,100.661,252,0,0,0,10,15,25.3636,70.3636,1.5
2650062750,99.1114,0,0,-99.1114,99.1114,253,0,0,0,10,12,-15.9589,73.4589,1.5
2650062752,103.724,0,0,-103.724,103.724,255,0,0,0,10,14,-27.5648,70.5648,1.5
2666982388,100.661,0,0,-100.661,100.661,252,15,25.3636,70.3636,1.5,0,0,0,10
2670857239,84.373,0,0,-84.373,84.373,103,9,2.87376,29.3738,1.5,0,0,0,10
2672482349,100.688,0,0,-100.688,100.688,213,3,-21.3838,59.5,1.5,0,0,0,10
2672973311,83.9193,0,0,-83.9193,83.9193,103,4,-14.2128,26.2128,1.5,0,0,0,10
2673232379,97.425,0,0,-97.425,97.425,243,10,-1,71.9136,1.5,0,0,0,10
2673973384,96.7678,0,0,-96.7678,96.7678,176,2,-5.94337,51.9434,1.5,0,0,0,10
2675107228,83.5857,0,0,-83.5857,83.5857,92,7,9.97932,24.5,1.5,0,0,0,10
2675482389,99.1114,0,0,-99.1114,99.1114,253,12,-15.9589,73.4589,1.5,0,0,0,10
2676348463,103.724,0,0,-103.724,103.724,255,14,-27.5648,70.5648,1.5,0,0,0,10
2676607245,84.3234,0,0,-84.3234,84.3234,109,1,-11.1016,29.3984,1.5,0,0,0,10
2676732312,96.4266,0,0,-96.4266,96.4266,176,5,-22,46.8679,1.5,0,0,0,10
2676982252,84.5732,0,0,-84.5732,84.5732,116,16,7.29926,33,1.5,0,0,0,10
2676982381,103.2,0,0,-103.2,103.2,245,8,-22.5,68.9687,1.5,0,0,0,10
2678482356,96.0925,0,0,-96.0925,96.0925,220,11,13,63.6581,1.5,0,0,0,10
2678982206,82.1108,0,0,-82.1108,82.1108,70,6,1.5,18.7339,1.5,0,0,0,10
2679607355,102.326,0,0,-102.326,102.326,219,17,28.5,58.0788,1.5,0,0,0,10
2682357231,83.4853,0,0,-83.4853,83.4853,95,19,11.6748,24.3252,1.5,0,0,0,10
2683482294,97.0791,0,0,-97.0791,97.0791,158,13,17.8163,42.8163,1.5,0,0,0,10
2683607387,101.461,0,0,-101.461,101.461,251,18,32.9378,66.9378,1.5,0,0,0,10
2686482301,95.2536,0,0,-95.2536,95.2536,165,20,11.6848,47.1848,1.5,0,0,0,10
2700000103,83.9193,0,0,-83.9193,83.9193,103,0,0,0,10,4,-14.3188,26.3188,1.5
2700000176,96.7678,0,0,-96.7678,96.7678,176,0,0,0,10,2,-6.06992,52,1.5
2700044733,83.5857,0,0,-83.5857,83.5857,92,0,0,0,10,7,10.1293,24.5,1.5
2700071495,82.1108,0,0,-82.1108,82.1108,70,0,0,0,10,6,1.5,18.5839,1.5
2700071520,83.4853,0,0,-83.4853,83.4853,95,0,0,0,10,19,11.7808,24.2192,1.5
2700071528,84.373,0,0,-84.373,84.373,103,0,0,0,10,9,2.76769,29.2677,1.5
2700071534,84.3234,0,0,-84.3234,84.3234,109,0,0,0,10,1,-11.2077,29.2923,1.5
2700071541,84.5732,0,0,-84.5732,84.5732,116,0,0,0,10,16,7.14926,33,1.5
2700071583,97.0791,0,0,-97.0791,97.0791,158,0,0,0,10,13,17.7102,42.7102,1.5
2700071590,95.2536,0,0,-95.2536,95.2536,165,0,0,0,10,20,11.5787,47.0787,1.5
2700071601,96.4266,0,0,-96.4266,96.4266,176,0,0,0,10,5,-22,46.7179,1.5
2700071638,100.688,0,0,-100.688,100.688,213,0,0,0,10,3,-21.2338,59.5,1.5
2700071644,102.326,0,0,-102.326,102.326,219,0,0,0,10,17,28.5,57.9288,1.5
2700071645,96.0925,0,0,-96.0925,96.0925,220,0,0,0,10,11,13,63.5081,1.5
2700071668,97.425,0,0,-97.425,97.425,243,0,0,0,10,10,-1,71.7636,1.5
2700071670,103.2,0,0,-103.2,103.2,245,0,0,0,10,8,-22.5,68.8187,1.5
2700071676,101.461,0,0,-101.461,101.461,251,0,0,0,10,18,32.8318,66.8318,1.5
2700071677,100.661,0,0,-100.661,100.661,252,0,0,0,10,15,25.2575,70.2575,1.5
2700071678,99.1114,0,0,-99.1114,99.1114,253,0,0,0,10,12,-15.8529,73.3529,1.5
2700071680,103.724,0,0,-103.724,103.724,255,0,0,0,10,14,-27.4588,70.4588,1.5
2716982388,100.661,0,0,-100.661,100.661,252,15,25.2575,70.2575,1.5,0,0,0,10
2720857239,84.373,0,0,-84.373,84.373,103,9,2.76769,29.2677,1.5,0,0,0,10
2722732349,100.688,0,0,-100.688,100.688,213,3,-21.2338,59.5,1.5,0,0,0,10
2722973311,83.9193,0,0,-83.9193,83.9193,103,4,-14.3188,26.3188,1.5,0,0,0,10
2723232379,97.425,0,0,-97.425,97.425,243,10,-1,71.7636,1.5,0,0,0,10
2723973384,96.7678,0,0,-96.7678,96.7678,176,2,-6.06992,52,1.5,0,0,0,10
2725357228,83.5857,0,0,-83.5857,83.5857,92,7,10.1293,24.5,1.5,0,0,0,10
2725482389,99.1114,0,0,-99.1114,99.1114,253,12,-15.8529,73.3529,1.5,0,0,0,10
2726348463,103.724,0,0,-103.724,103.724,255,14,-27.4588,70.4588,1.5,0,0,0,10
2726607245,84.3234,0,0,-84.3234,84.3234,109,1,-11.2077,29.2923,1.5,0,0,0,10
2726982252,84.5732,0,0,-84.5732,84.5732,116,16,7.14926,33,1.5,0,0,0,10
2726982312,96.4266,0,0,-96.4266,96.4266,176,5,-22,46.7179,1.5,0,0,0,10
2726982381,103.2,0,0,-103.2,103.2,245,8,-22.5,68.8187,1.5,0,0,0,10
2728482356,96.0925,0,0,-96.0925,96.0925,220,11,13,63.5081,1.5,0,0,0,10
2729107206,82.1108,0,0,-82.1108,82.1108,70,6,1.5,18.5839,1.5,0,0,0,10
2729607355,102.326,0,0,-102.326,102.326,219,17,28.5,57.9288,1.5,0,0,0,10
2732357231,83.4853,0,0,-83.4853,83.4853,95,19,11.7808,24.2192,1.5,0,0,0,10
2733607387,101.461,0,0,-101.461,101.461,251,18,32.8318,66.8318,1.5,0,0,0,10
2734482294,97.0791,0,0,-97.0791,97.0791,158,13,17.7102,42.7102,1.5,0,0,0,10
2736482301,95.2536,0,0,-95.2536,95.2536,165,20,11.5787,47.0787,1.5,0,0,0,10
2750000103,83.9193,0,0,-83.9193,83.9193,103,0,0,0,10,4,-14.3188,26.3188,1.5
2750000176,96.7678,0,0,-96.7678,96.7678,176,0,0,0,10,2,-6.06992,52,1.5
2750044733,83.5857,0,0,-83.5857,83.5857,92,0,0,0,10,7,10.1293,24.5,1.5
2750071495,82.1108,0,0,-82.1108,82.1108,70,0,0,0,10,6,1.5,18.5839,1.5
2750071520,83.4853,0,0,-83.4853,83.4853,95,0,0,0,10,19,11.7808,24.2192,1.5
2750071528,84.373,0,0,-84.373,84.373,103,0,0,0,10,9,2.76769,29.2677,1.5
2750071534,84.3234,0,0,-84.3234,84.3234,109,0,0,0,10,1,-11.2077,29.2923,1.5
2750071541,84.5732,0,0,-84.5732,84.5732,116,0,0,0,10,16,7.14926,33,1.5
2750071583,97.0791,0,0,-97.0791,97.0791,158,0,0,0,10,13,17.7102,42.7102,1.5
2750071590,95.2536,0,0,-95.2536,95.2536,165,0,0,0,10,20,11.5787,47.0787,1.5
2750071601,96.4266,0,0,-96.4266,96.4266,176,0,0,0,10,5,-22,46.7179,1.5
2750071638,100.688,0,0,-100.688,100.688,213,0,0,0,10,3,-21.2338,59.5,1.5
2750071644,102.326,0,0,-102.326,102.326,219,0,0,0,10,17,28.5,57.9288,1.5
2750071645,96.0925,0,0,-96.0925,96.0925,220,0,0,0,10,11,13,63.5081,1.5
2750071668,97.425,0,0,-97.425,97.425,243,0,0,0,10,10,-1,71.7636,1.5
2750071670,103.2,0,0,-103.2,103.2,245,0,0,0,10,8,-22.5,68.8187,1.5
2750071676,101.461,0,0,-101.461,101.461,251,0,0,0,10,18,32.8318,66.8318,1.5
2750071677,100.661,0,0,-100.661,100.661,252,0,0,0,10,15,25.2575,70.2575,1.5
2750071678,99.1114,0,0,-99.1114,99.1114,253,0,0,0,10,12,-15.8529,73.3529,1.5
2750071680,103.724,0,0,-103.724,103.724,255,0,0,0,10,14,-27.4588,70.4588,1.5
2766982388,100.661,0,0,-100.661,100.661,252,15,25.2575,70.2575,1.5,0,0,0,10
2771107239,84.373,0,0,-84.373,84.373,103,9,2.76769,29.2677,1.5,0,0,0,10
2772857349,100.688,0,0,-100.688,100.688,213,3,-21.2338,59.5,1.5,0,0,0,10
2772973311,83.9193,0,0,-83.9193,83.9193,103,4,-14.3188,26.3188,1.5,0,0,0,10
2773232379,97.425,0,0,-97.425,97.425,243,10,-1,71.7636,1.5,0,0,0,10
2773973384,96.7678,0,0,-96.7678,96.7678,176,2,-6.06992,52,1.5,0,0,0,10
2775482389,99.1114,0,0,-99.1114,99.1114,253,12,-15.8529,73.3529,1.5,0,0,0,10
2775607228,83.5857,0,0,-83.5857,83.5857,92,7,10.1293,24.5,1.5,0,0,0,10
2776348463,103.724,0,0,-103.724,103.724,255,14,-27.4588,70.4588,1.5,0,0,0,10
2776607245,84.3234,0,0,-84.3234,84.3234,109,1,-11.2077,29.2923,1.5,0,0,0,10
2776982252,84.5732,0,0,-84.5732,84.5732,116,16,7.14926,33,1.5,0,0,0,10
2776982381,103.2,0,0,-103.2,103.2,245,8,-22.5,68.8187,1.5,0,0,0,10
2777232312,96.4266,0,0,-96.4266,96.4266,176,5,-22,46.7179,1.5,0,0,0,10
2778732356,96.0925,0,0,-96.0925,96.0925,220,11,13,63.5081,1.5,0,0,0,10
2779107206,82.1108,0,0,-82.1108,82.1108,70,6,1.5,18.5839,1.5,0,0,0,10
2779607355,102.326,0,0,-102.326,102.326,219,17,28.5,57.9288,1.5,0,0,0,10
2782357231,83.4853,0,0,-83.4853,83.4853,95,19,11.7808,24.2192,1.5,0,0,0,10
2783607387,101.461,0,0,-101.461,101.461,251,18,32.8318,66.8318,1.5,0,0,0,10
2784482294,97.0791,0,0,-97.0791,97.0791,158,13,17.7102,42.7102,1.5,0,0,0,10
2786482301,95.2536,0,0,-95.2536,95.2536,165,20,11.5787,47.0787,1.5,0,0,0,10
2800000103,83.9193,0,0,-83.9193,83.9193,103,0,0,0,10,4,-14.4249,26.4249,1.5
2800000176,96.7678,0,0,-96.7678,96.7678,176,0,0,0,10,2,-6.21992,52,1.5
2800044733,83.5857,0,0,-83.5857,83.5857,92,0,0,0,10,7,10.2793,24.5,1.5
2800071495,82.1108,0,0,-82.1108,82.1108,70,0,0,0,10,6,1.5,18.4339,1.5
2800071520,83.4853,0,0,-83.4853,83.4853,95,0,0,0,10,19,11.8869,24.1131,1.5
2800071528,84.373,0,0,-84.373,84.373,103,0,0,0,10,9,2.66163,29.1616,1.5
2800071534,84.3234,0,0,-84.3234,84.3234,109,0,0,0,10,1,-11.3138,29.1862,1.5
2800071541,84.5732,0,0,-84.5732,84.5732,116,0,0,0,10,16,6.99926,33,1.5
2800071583,97.0791,0,0,-97.0791,97.0791,158,0,0,0,10,13,17.6042,42.6042,1.5
2800071590,95.2536,0,0,-95.2536,95.2536,165,0,0,0,10,20,11.4727,46.9727,1.5
2800071601,96.4266,0,0,-96.4266,96.4266,176,0,0,0,10,5,-22,46.5679,1.5
2800071638,100.688,0,0,-100.688,100.688,213,0,0,0,10,3,-21.0838,59.5,1.5
2800071644,102.326,0,0,-102.326,102.326,219,0,0,0,10,17,28.5,57.7788,1.5
2800071645,96.0925,0,0,-96.0925,96.0925,220,0,0,0,10,11,13,63.3581,1.5
2800071668,97.425,0,0,-97.425,97.425,243,0,0,0,10,10,-1,71.6136,1.5
2800071670,103.2,0,0,-103.2,103.2,245,0,0,0,10,8,-22.5,68.6687,1.5
2800071676,101.461,0,0,-101.461,101.461,251,0,0,0,10,18,32.7257,66.7257,1.5
2800071677,100.661,0,0,-100.661,100.661,252,0,0,0,10,15,25.1515,70.1515,1.5
2800071678,99.1114,0,0,-99.1114,99.1114,253,0,0,0,10,12,-15.7468,73.2468,1.5
2800071680,103.724,0,0,-103.724,103.724,255,0,0,0,10,14,-27.3527,70.3527,1.5
2816982388,100.661,0,0,-100.661,100.661,252,15,25.1515,70.1515,1.5,0,0,0,10
2821357239,84.373,0,0,-84.373,84.373,103,9,2.66163,29.1616,1.5,0,0,0,10
2822857349,100.688,0,0,-100.688,100.688,213,3,-21.0838,59.5,1.5,0,0,0,10
2822973311,83.9193,0,0,-83.9193,83.9193,103,4,-14.4249,26.4249,1.5,0,0,0,10
2823232379,97.425,0,0,-97.425,97.425,243,10,-1,71.6136,1.5,0,0,0,10
2823973384,96.7678,0,0,-96.7678,96.7678,176,2,-6.21992,52,1.5,0,0,0,10
2825482389,99.1114,0,0,-99.1114,99.1114,253,12,-15.7468,73.2468,1.5,0,0,0,10
2825732228,83.5857,0,0,-83.5857,83.5857,92,7,10.2793,24.5,1.5,0,0,0,10
2826348463,103.724,0,0,-103.724,103.724,255,14,-27.3527,70.3527,1.5,0,0,0,10
2826607245,84.3234,0,0,-84.3234,84.3234,109,1,-11.3138,29.1862,1.5,0,0,0,10
2826982252,84.5732,0,0,-84.5732,84.5732,116,16,6.99926,33,1.5,0,0,0,10
2826982381,103.2,0,0,-103.2,103.2,245,8,-22.5,68.6687,1.5,0,0,0,10
2827482312,96.4266,0,0,-96.4266,96.4266,176,5,-22,46.5679,1.5,0,0,0,10
2828982356,96.0925,0,0,-96.0925,96.0925,220,11,13,63.3581,1.5,0,0,0,10
2829107206,82.1108,0,0,-82.1108,82.1108,70,6,1.5,18.4339,1.5,0,0,0,10
2829607355,102.326,0,0,-102.326,102.326,219,17,28.5,57.7788,1.5,0,0,0,10
2832357231,83.4853,0,0,-83.4853,83.4853,95,19,11.8869,24.1131,1.5,0,0,0,10
2833607387,101.461,0,0,-101.461,101.461,251,18,32.7257,66.7257,1.5,0,0,0,10
2834482294,97.0791,0,0,-97.0791,97.0791,158,13,17.6042,42.6042,1.5,0,0,0,10
2836482301,95.2536,0,0,-95.2536,95.2536,165,20,11.4727,46.9727,1.5,0,0,0,10
2850000103,83.9193,0,0,-83.9193,83.9193,103,0,0,0,10,4,-14.4249,26.4249,1.5
2850000176,96.7678,0,0,-96.7678,96.7678,176,0,0,0,10,2,-6.21992,52,1.5
2850044733,83.5857,0,0,-83.5857,83.5857,92,0,0,0,10,7,10.2793,24.5,1.5
2850071495,82.1108,0,0,-82.1108,82.1108,70,0,0,0,10,6,1.5,18.4339,1.5
2850071520,83.4853,0,0,-83.4853,83.4853,95,0,0,0,10,19,11.8869,24.1131,1.5
2850071528,84.373,0,0,-84.373,84.373,103,0,0,0,10,9,2.66163,29.1616,1.5
2850071534,84.3234,0,0,-84.3234,84.3234,109,0,0,0,10,1,-11.3138,29.1862,1.5
2850071541,84.5732,0,0,-84.5732,84.5732,116,0,0,0,10,16,6.99926,33,1.5
2850071583,97.0791,0,0,-97.0791,97.0791,158,0,0,0,10,13,17.6042,42.6042,1.5
2850071590,95.2536,0,0,-95.2536,95.2536,165,0,0,0,10,20,11.4727,46.9727,1.5
2850071601,96.4266,0,0,-96.4266,96.4266,176,0,0,0,10,5,-22,46.5679,1.5
2850071638,100.688,0,0,-100.688,100.688,213,0,0,0,10,3,-21.0838,59.5,1.5
2850071644,102.326,0,0,-102.326,102.326,219,0,0,0,10,17,28.5,57.7788,1.5
2850071645,96.0925,0,0,-96.0925,96.0925,220,0,0,0,10,11,13,63.3581,1.5
2850071668,97.425,0,0,-97.425,97.425,243,0,0,0,10,10,-1,71.6136,1.5
2850071670,103.2,0,0,-103.2,103.2,245,0,0,0,10,8,-22.5,68.6687,1.5
2850071676,101.461,0,0,-101.461,101.461,251,0,0,0,10,18,32.7257,66.7257,1.5
2850071677,100.661,0,0,-100.661,100.661,252,0,0,0,10,15,25.1515,70.1515,1.5
2850071678,99.1114,0,0,-99.1114,99.1114,253,0,0,0,10,12,-15.7468,73.2468,1.5
2850071680,103.724,0,0,-103.724,103.724,255,0,0,0,10,14,-27.3527,70.3527,1.5
2866982388,100.661,0,0,-100.661,100.661,252,15,25.1515,70.1515,1.5,0,0,0,10
2871607239,84.373,0,0,-84.373,84.373,103,9,2.66163,29.1616,1.5,0,0,0,10
2872857349,100.688,0,0,-100.688,100.688,213,3,-21.0838,59.5,1.5,0,0,0,10
2872973311,83.9193,0,0,-83.9193,83.9193,103,4,-14.4249,26.4249,1.5,0,0,0,10
2873232379,97.425,0,0,-97.425,97.425,243,10,-1,71.6136,1.5,0,0,0,10
2873973384,96.7678,0,0,-96.7678,96.7678,176,2,-6.21992,52,1.5,0,0,0,10
2875732228,83.5857,0,0,-83.5857,83.5857,92,7,10.2793,24.5,1.5,0,0,0,10
2875732389,99.1114,0,0,-99.1114,99.1114,253,12,-15.7468,73.2468,1.5,0,0,0,10
2876348463,103.724,0,0,-103.724,103.724,255,14,-27.3527,70.3527,1.5,0,0,0,10
2876857245,84.3234,0,0,-84.3234,84.3234,109,1,-11.3138,29.1862,1.5,0,0,0,10
2876982252,84.5732,0,0,-84.5732,84.5732,116,16,6.99926,33,1.5,0,0,0,10
2877232381,103.2,0,0,-103.2,103.2,245,8,-22.5,68.6687,1.5,0,0,0,10
2877732312,96.4266,0,0,-96.4266,96.4266,176,5,-22,46.5679,1.5,0,0,0,10
2879107206,82.1108,0,0,-82.1108,82.1108,70,6,1.5,18.4339,1.5,0,0,0,10
2879107356,96.0925,0,0,-96.0925,96.0925,220,11,13,63.3581,1.5,0,0,0,10
2879607355,102.326,0,0,-102.326,102.326,219,17,28.5,57.7788,1.5,0,0,0,10
2882357231,83.4853,0,0,-83.4853,83.4853,95,19,11.8869,24.1131,1.5,0,0,0,10
2883607387,101.461,0,0,-101.461,101.461,251,18,32.7257,66.7257,1.5,0,0,0,10
2885482294,97.0791,0,0,-97.0791,97.0791,158,13,17.6042,42.6042,1.5,0,0,0,10
2886482301,95.2536,0,0,-95.2536,95.2536,165,20,11.4727,46.9727,1.5,0,0,0,10
2900000103,83.9193,0,0,-83.9193,83.9193,103,0,0,0,10,4,-14.531,26.531,1.5
2900000176,96.7678,0,0,-96.7678,96.7678,176,0,0,0,10,2,-6.36992,52,1.5
2900044733,83.5857,0,0,-83.5857,83.5857,92,0,0,0,10,7,10.4293,24.5,1.5
2900071495,82.1108,0,0,-82.1108,82.1108,70,0,0,0,10,6,1.5,18.2839,1.5
2900071520,83.4853,0,0,-83.4853,83.4853,95,0,0,0,10,19,11.993,24.007,1.5
2900071528,84.373,0,0,-84.373,84.373,103,0,0,0,10,9,2.55556,29.0556,1.5
2900071534,84.3234,0,0,-84.3234,84.3234,109,0,0,0,10,1,-11.4198,29.0802,1.5
2900071541,84.5732,0,0,-84.5732,84.5732,116,0,0,0,10,16,6.84926,33,1.5
2900071583,97.0791,0,0,-97.0791,97.0791,158,0,0,0,10,13,17.4981,42.4981,1.5
2900071590,95.2536,0,0,-95.2536,95.2536,165,0,0,0,10,20,11.3666,46.8666,1.5
2900071601,96.4266,0,0,-96.4266,96.4266,176,0,0,0,10,5,-22,46.4179,1.5
2900071638,100.688,0,0,-100.688,100.688,213,0,0,0,10,3,-20.9338,59.5,1.5
2900071644,102.326,0,0,-102.326,102.326,219,0,0,0,10,17,28.5,57.6288,1.5
2900071645,96.0925,0,0,-96.0925,96.0925,220,0,0,0,10,11,13,63.2081,1.5
2900071668,97.425,0,0,-97.425,97.425,243,0,0,0,10,10,-1,71.4636,1.5
2900071670,103.2,0,0,-103.2,103.2,245,0,0,0,10,8,-22.5,68.5187,1.5
2900071676,101.461,0,0,-101.461,101.461,251,0,0,0,10,18,32.6196,66.6196,1.5
2900071677,100.661,0,0,-100.661,100.661,252,0,0,0,10,15,25.0454,70.0454,1.5
2900071678,99.1114,0,0,-99.1114,99.1114,253,0,0,0,10,12,-15.6407,73.1407,1.5
2900071680,103.724,0,0,-103.724,103.724,255,0,0,0,10,14,-27.2466,70.2466,1.5
2916982388,100.661,0,0,-100.661,100.661,252,15,25.0454,70.0454,1.5,0,0,0,10
2921857239,84.373,0,0,-84.373,84.373,103,9,2.55556,29.0556,1.5,0,0,0,10
2922857349,100.688,0,0,-100.688,100.688,213,3,-20.9338,59.5,1.5,0,0,0,10
2922973311,83.9193,0,0,-83.9193,83.9193,103,4,-14.531,26.531,1.5,0,0,0,10
2923232379,97.425,0,0,-97.425,97.425,243,10,-1,71.4636,1.5,0,0,0,10
2923973384,96.7678,0,0,-96.7678,96.7678,176,2,-6.36992,52,1.5,0,0,0,10
2925732228,83.5857,0,0,-83.5857,83.5857,92,7,10.4293,24.5,1.5,0,0,0,10
2925857389,99.1114,0,0,-99.1114,99.1114,253,12,-15.6407,73.1407,1.5,0,0,0,10
2926348463,103.724,0,0,-103.724,103.724,255,14,-27.2466,70.2466,1.5,0,0,0,10
2926982252,84.5732,0,0,-84.5732,84.5732,116,16,6.84926,33,1.5,0,0,0,10
2927107245,84.3234,0,0,-84.3234,84.3234,109,1,-11.4198,29.0802,1.5,0,0,0,10
2927482381,103.2,0,0,-103.2,103.2,245,8,-22.5,68.5187,1.5,0,0,0,10
2927857312,96.4266,0,0,-96.4266,96.4266,176,5,-22,46.4179,1.5,0,0,0,10
2929107206,82.1108,0,0,-82.1108,82.1108,70,6,1.5,18.2839,1.5,0,0,0,10
2929357356,96.0925,0,0,-96.0925,96.0925,220,11,13,63.2081,1.5,0,0,0,10
2929607355,102.326,0,0,-102.326,102.326,219,17,28.5,57.6288,1.5,0,0,0,10
2932357231,83.4853,0,0,-83.4853,83.4853,95,19,11.993,24.007,1.5,0,0,0,10
2933607387,101.461,0,0,-101.461,101.461,251,18,32.6196,66.6196,1.5,0,0,0,10
2935482294,97.0791,0,0,-97.0791,97.0791,158,13,17.4981,42.4981,1.5,0,0,0,10
2936482301,95.2536,0,0,-95.2536,95.2536,165,20,11.3666,46.8666,1.5,0,0,0,10
2950000103,83.9193,0,0,-83.9193,83.9193,103,0,0,0,10,4,-14.531,26.531,1.5
2950000176,96.7678,0,0,-96.7678,96.7678,176,0,0,0,10,2,-6.36992,52,1.5
2950044733,83.5857,0,0,-83.5857,83.5857,92,0,0,0,10,7,10.4293,24.5,1.5
2950071495,82.1108,0,0,-82.1108,82.1108,70,0,0,0,10,6,1.5,18.2839,1.5
2950071520,83.4853,0,0,-83.4853,83.4853,95,0,0,0,10,19,11.993,24.007,1.5
2950071528,84.373,0,0,-84.373,84.373,103,0,0,0,10,9,2.55556,29.0556,1.5
2950071534,84.3234,0,0,-84.3234,84.3234,109,0,0,0,10,1,-11.4198,29.0802,1.5
2950071541,84.5732,0,0,-84.5732,84.5732,116,0,0,0,10,16,6.84926,33,1.5
2950071583,97.0791,0,0,-97.0791,97.0791,158,0,0,0,10,13,17.4981,42.4981,1.5
2950071590,95.2536,0,0,-95.2536,95.2536,165,0,0,0,10,20,11.3666,46.8666,1.5
2950071601,96.4266,0,0,-96.4266,96.4266,176,0,0,0,10,5,-22,46.4179,1.5
2950071638,100.688,0,0,-100.688,100.688,213,0,0,0,10,3,-20.9338,59.5,1.5
2950071644,102.326,0,0,-102.326,102.326,219,0,0,0,10,17,28.5,57.6288,1.5
2950071645,96.0925,0,0,-96.0925,96.0925,220,0,0,0,10,11,13,63.2081,1.5
2950071668,97.425,0,0,-97.425,97.425,243,0,0,0,10,10,-1,71.4636,1.5
2950071670,103.2,0,0,-103.2,103.2,245,0,0,0,10,8,-22.5,68.5187,1.5
2950071676,101.461,0,0,-101.461,101.461,251,0,0,0,10,18,32.6196,66.6196,1.5
2950071677,100.661,0,0,-100.661,100.661,252,0,0,0,10,15,25.0454,70.0454,1.5
2950071678,99.1114,0,0,-99.1114,99.1114,253,0,0,0,10,12,-15.6407,73.1407,1.5
2950071680,103.724,0,0,-103.724,103.724,255,0,0,0,10,14,-27.2466,70.2466,1.5
2966982388,100.661,0,0,-100.661,100.661,252,15,25.0454,70.0454,1.5,0,0,0,10
2971982239,84.373,0,0,-84.373,84.373,103,9,2.55556,29.0556,1.5,0,0,0,10
2972857349,100.688,0,0,-100.688,100.688,213,3,-20.9338,59.5,1.5,0,0,0,10
2972973311,83.9193,0,0,-83.9193,83.9193,103,4,-14.531,26.531,1.5,0,0,0,10
2973232379,97.425,0,0,-97.425,97.425,243,10,-1,71.4636,1.5,0,0,0,10
2973973384,96.7678,0,0,-96.7678,96.7678,176,2,-6.36992,52,1.5,0,0,0,10
2975732228,83.5857,0,0,-83.5857,83.5857,92,7,10.4293,24.5,1.5,0,0,0,10
2975857389,99.1114,0,0,-99.1114,99.1114,253,12,-15.6407,73.1407,1.5,0,0,0,10
2976348463,103.724,0,0,-103.724,103.724,255,14,-27.2466,70.2466,1.5,0,0,0,10
2976982252,84.5732,0,0,-84.5732,84.5732,116,16,6.84926,33,1.5,0,0,0,10
2977357245,84.3234,0,0,-84.3234,84.3234,109,1,-11.4198,29.0802,1.5,0,0,0,10
2977732381,103.2,0,0,-103.2,103.2,245,8,-22.5,68.5187,1.5,0,0,0,10
2977857312,96.4266,0,0,-96.4266,96.4266,176,5,-22,46.4179,1.5,0,0,0,10
2979357206,82.1108,0,0,-82.1108,82.1108,70,6,1.5,18.2839,1.5,0,0,0,10
2979607355,102.326,0,0,-102.326,102.326,219,17,28.5,57.6288,1.5,0,0,0,10
2979607356,96.0925,0,0,-96.0925,96.0925,220,11,13,63.2081,1.5,0,0,0,10
2982357231,83.4853,0,0,-83.4853,83.4853,95,19,11.993,24.007,1.5,0,0,0,10
2983607387,101.461,0,0,-101.461,101.461,251,18,32.6196,66.6196,1.5,0,0,0,10
2985482294,97.0791,0,0,-97.0791,97.0791,158,13,17.4981,42.4981,1.5,0,0,0,10
2986482301,95.2536,0,0,-95.2536,95.2536,165,20,11.3666,46.8666,1.5,0,0,0,10
3000000103,83.9193,0,0,-83.9193,83.9193,103,0,0,0,10,4,-14.637,26.637,1.5
3000000176,96.7678,0,0,-96.7678,96.7678,176,0,0,0,10,2,-6.51992,52,1.5
3000044733,83.5857,0,0,-83.5857,83.5857,92,0,0,0,10,7,10.4293,24.5,1.5
3000125070,82.1108,0,0,-82.1108,82.1108,70,0,0,0,10,6,1.5,18.1339,1.5
3000125095,83.4853,0,0,-83.4853,83.4853,95,0,0,0,10,19,12.099,23.901,1.5
3000125103,84.373,0,0,-84.373,84.373,103,0,0,0,10,9,2.4495,28.9495,1.5
3000125109,84.3234,0,0,-84.3234,84.3234,109,0,0,0,10,1,-11.5259,28.9741,1.5
3000125116,84.5732,0,0,-84.5732,84.5732,116,0,0,0,10,16,6.69926,33,1.5
3000125158,97.0791,0,0,-97.0791,97.0791,158,0,0,0,10,13,17.392,42.392,1.5
3000125165,95.2536,0,0,-95.2536,95.2536,165,0,0,0,10,20,11.2605,46.7605,1.5
3000125176,96.4266,0,0,-96.4266,96.4266,176,0,0,0,10,5,-22,46.2679,1.5
3000125213,100.688,0,0,-100.688,100.688,213,0,0,0,10,3,-20.7838,59.5,1.5
3000125219,102.326,0,0,-102.326,102.326,219,0,0,0,10,17,28.5,57.4788,1.5
3000125220,96.0925,0,0,-96.0925,96.0925,220,0,0,0,10,11,13,63.0581,1.5
3000125243,97.425,0,0,-97.425,97.425,243,0,0,0,10,10,-1,71.3136,1.5
3000125245,103.2,0,0,-103.2,103.2,245,0,0,0,10,8,-22.5,68.3687,1.5
3000125251,101.461,0,0,-101.461,101.461,251,0,0,0,10,18,32.5136,66.5136,1.5
3000125252,100.661,0,0,-100.661,100.661,252,0,0,0,10,15,24.9393,69.9393,1.5
3000125253,99.1114,0,0,-99.1114,99.1114,253,0,0,0,10,12,-15.5347,73.0347,1.5
3000125255,103.724,0,0,-103.724,103.724,255,0,0,0,10,14,-27.1406,70.1406,1.5
3016982388,100.661,0,0,-100.661,100.661,252,15,24.9393,69.9393,1.5,0,0,0,10
3021982239,84.373,0,0,-84.373,84.373,103,9,2.4495,28.9495,1.5,0,0,0,10
3022973311,83.9193,0,0,-83.9193,83.9193,103,4,-14.637,26.637,1.5,0,0,0,10
3023107349,100.688,0,0,-100.688,100.688,213,3,-20.7838,59.5,1.5,0,0,0,10
3023482379,97.425,0,0,-97.425,97.425,243,10,-1,71.3136,1.5,0,0,0,10
3023973384,96.7678,0,0,-96.7678,96.7678,176,2,-6.51992,52,1.5,0,0,0,10
3025732228,83.5857,0,0,-83.5857,83.5857,92,7,10.4293,24.5,1.5,0,0,0,10
3025982389,99.1114,0,0,-99.1114,99.1114,253,12,-15.5347,73.0347,1.5,0,0,0,10
3026348463,103.724,0,0,-103.724,103.724,255,14,-27.1406,70.1406,1.5,0,0,0,10
3026982252,84.5732,0,0,-84.5732,84.5732,116,16,6.69926,33,1.5,0,0,0,10
3027607245,84.3234,0,0,-84.3234,84.3234,109,1,-11.5259,28.9741,1.5,0,0,0,10
3027857312,96.4266,0,0,-96.4266,96.4266,176,5,-22,46.2679,1.5,0,0,0,10
3027982381,103.2,0,0,-103.2,103.2,245,8,-22.5,68.3687,1.5,0,0,0,10
3029607206,82.1108,0,0,-82.1108,82.1108,70,6,1.5,18.1339,1.5,0,0,0,10
3029607355,102.326,0,0,-102.326,102.326,219,17,28.5,57.4788,1.5,0,0,0,10
3029857356,96.0925,0,0,-96.0925,96.0925,220,11,13,63.0581,1.5,0,0,0,10
3032357231,83.4853,0,0,-83.4853,83.4853,95,19,12.099,23.901,1.5,0,0,0,10
3033607387,101.461,0,0,-101.461,101.461,251,18,32.5136,66.5136,1.5,0,0,0,10
3035482294,97.0791,0,0,-97.0791,97.0791,158,13,17.392,42.392,1.5,0,0,0,10
3036482301,95.2536,0,0,-95.2536,95.2536,165,20,11.2605,46.7605,1.5,0,0,0,10
3050000103,83.9193,0,0,-83.9193,83.9193,103,0,0,0,10,4,-14.637,26.637,1.5
3050000176,96.7678,0,0,-96.7678,96.7678,176,0,0,0,10,2,-6.51992,52,1.5
3050044733,83.5857,0,0,-83.5857,83.5857,92,0,0,0,10,7,10.4293,24.5,1.5
3050125070,82.1108,0,0,-82.1108,82.1108,70,0,0,0,10,6,1.5,18.1339,1.5
3050125095,83.4853,0,0,-83.4853,83.4853,95,0,0,0,10,19,12.099,23.901,1.5
3050125103,84.373,0,0,-84.373,84.373,103,0,0,0,10,9,2.4495,28.9495,1.5
3050125109,84.3234,0,0,-84.3234,84.3234,109,0,0,0,10,1,-11.5259,28.9741,1.5
3050125116,84.5732,0,0,-84.5732,84.5732,116,0,0,0,10,16,6.69926,33,1.5
3050125158,97.0791,0,0,-97.0791,97.0791,158,0,0,0,10,13,17.392,42.392,1.5
3050125165,95.2536,0,0,-95.2536,95.2536,165,0,0,0,10,20,11.2605,46.7605,1.5
3050125176,96.4266,0,0,-96.4266,96.4266,176,0,0,0,10,5,-22,46.2679,1.5
3050125213,100.688,0,0,-100.688,100.688,213,0,0,0,10,3,-20.7838,59.5,1.5
3050125219,102.326,0,0,-102.326,102.326,219,0,0,0,10,17,28.5,57.4788,1.5
3050125220,96.0925,0,0,-96.0925,96.0925,220,0,0,0,10,11,13,63.0581,1.5
3050125243,97.425,0,0,-97.425,97.425,243,0,0,0,10,10,-1,71.3136,1.5
3050125245,103.2,0,0,-103.2,103.2,245,0,0,0,10,8,-22.5,68.3687,1.5
3050125251,101.461,0,0,-101.461,101.461,251,0,0,0,10,18,32.5136,66.5136,1.5
3050125252,100.661,0,0,-100.661,100.661,252,0,0,0,10,15,24.9393,69.9393,1.5
3050125253,99.1114,0,0,-99.1114,99.1114,253,0,0,0,10,12,-15.5347,73.0347,1.5
3050125255,103.724,0,0,-103.724,103.724,255,0,0,0,10,14,-27.1406,70.1406,1.5
3066982388,100.661,0,0,-100.661,100.661,252,15,24.9393,69.9393,1.5,0,0,0,10
3071982239,84.373,0,0,-84.373,84.373,103,9,2.4495,28.9495,1.5,0,0,0,10
3072973311,83.9193,0,0,-83.9193,83.9193,103,4,-14.637,26.637,1.5,0,0,0,10
3073357349,100.688,0,0,-100.688,100.688,213,3,-20.7838,59.5,1.5,0,0,0,10
3073482379,97.425,0,0,-97.425,97.425,243,10,-1,71.3136,1.5,0,0,0,10
3073973384,96.7678,0,0,-96.7678,96.7678,176,2,-6.51992,52,1.5,0,0,0,10
3075982228,83.5857,0,0,-83.5857,83.5857,92,7,10.4293,24.5,1.5,0,0,0,10
3076232389,99.1114,0,0,-99.1114,99.1114,253,12,-15.5347,73.0347,1.5,0,0,0,10
3076348463,103.724,0,0,-103.724,103.724,255,14,-27.1406,70.1406,1.5,0,0,0,10
3076982252,84.5732,0,0,-84.5732,84.5732,116,16,6.69926,33,1.5,0,0,0,10
3077732245,84.3234,0,0,-84.3234,84.3234,109,1,-11.5259,28.9741,1.5,0,0,0,10
3077857312,96.4266,0,0,-96.4266,96.4266,176,5,-22,46.2679,1.5,0,0,0,10
3078107381,103.2,0,0,-103.2,103.2,245,8,-22.5,68.3687,1.5,0,0,0,10
3079607355,102.326,0,0,-102.326,102.326,219,17,28.5,57.4788,1.5,0,0,0,10
3079857206,82.1108,0,0,-82.1108,82.1108,70,6,1.5,18.1339,1.5,0,0,0,10
3079982356,96.0925,0,0,-96.0925,96.0925,220,11,13,63.0581,1.5,0,0,0,10
3082357231,83.4853,0,0,-83.4853,83.4853,95,19,12.099,23.901,1.5,0,0,0,10
3083607387,101.461,0,0,-101.461,101.461,251,18,32.5136,66.5136,1.5,0,0,0,10
3086482294,97.0791,0,0,-97.0791,97.0791,158,13,17.392,42.392,1.5,0,0,0,10
3086482301,95.2536,0,0,-95.2536,95.2536,165,20,11.2605,46.7605,1.5,0,0,0,10
3100000103,83.9193,0,0,-83.9193,83.9193,103,0,0,0,10,4,-14.7431,26.7431,1.5
3100000176,96.7678,0,0,-96.7678,96.7678,176,0,0,0,10,2,-6.66992,52,1.5
3100044733,83.5857,0,0,-83.5857,83.5857,92,0,0,0,10,7,10.4293,24.5,1.5
3100125095,83.4853,0,0,-83.4853,83.4853,95,0,0,0,10,19,12.2051,23.7949,1.5
3100125103,84.373,0,0,-84.373,84.373,103,0,0,0,10,9,2.34343,28.8434,1.5
3100125109,84.3234,0,0,-84.3234,84.3234,109,0,0,0,10,1,-11.632,28.868,1.5
3100125116,84.5732,0,0,-84.5732,84.5732,116,0,0,0,10,16,6.54926,33,1.5
3100125158,97.0791,0,0,-97.0791,97.0791,158,0,0,0,10,13,17.286,42.286,1.5
3100125165,95.2536,0,0,-95.2536,95.2536,165,0,0,0,10,20,11.1545,46.6545,1.5
3100125176,96.4266,0,0,-96.4266,96.4266,176,0,0,0,10,5,-22,46.1179,1.5
3100125213,100.688,0,0,-100.688,100.688,213,0,0,0,10,3,-20.6338,59.5,1.5
3100125219,102.326,0,0,-102.326,102.326,219,0,0,0,10,17,28.5,57.3288,1.5
3100125220,96.0925,0,0,-96.0925,96.0925,220,0,0,0,10,11,13,62.9081,1.5
3100125243,97.425,0,0,-97.425,97.425,243,0,0,0,10,10,-1,71.1636,1.5
3100125245,103.2,0,0,-103.2,103.2,245,0,0,0,10,8,-22.5,68.2187,1.5
3100125251,101.461,0,0,-101.461,101.461,251,0,0,0,10,18,32.4075,66.4075,1.5
3100125252,100.661,0,0,-100.661,100.661,252,0,0,0,10,15,24.8333,69.8333,1.5
3100125253,99.1114,0,0,-99.1114,99.1114,253,0,0,0,10,12,-15.5,72.899,1.5
3100125255,103.724,0,0,-103.724,103.724,255,0,0,0,10,14,-27.0345,70.0345,1.5
3100133994,81.7816,0,0,-81.7816,81.7816,65,0,0,0,10,6,1.5,17.9839,1.5
3116982388,100.661,0,0,-100.661,100.661,252,15,24.8333,69.8333,1.5,0,0,0,10
3122232239,84.373,0,0,-84.373,84.373,103,9,2.34343,28.8434,1.5,0,0,0,10
3122973311,83.9193,0,0,-83.9193,83.9193,103,4,-14.7431,26.7431,1.5,0,0,0,10
3123482379,97.425,0,0,-97.425,97.425,243,10,-1,71.1636,1.5,0,0,0,10
3123607349,100.688,0,0,-100.688,100.688,213,3,-20.6338,59.5,1.5,0,0,0,10
3123973384,96.7678,0,0,-96.7678,96.7678,176,2,-6.66992,52,1.5,0,0,0,10
3126232228,83.5857,0,0,-83.5857,83.5857,92,7,10.4293,24.5,1.5,0,0,0,10
3126348463,103.724,0,0,-103.724,103.724,255,14,-27.0345,70.0345,1.5,0,0,0,10
3126482389,99.1114,0,0,-99.1114,99.1114,253,12,-15.5,72.899,1.5,0,0,0,10
3126982252,84.5732,0,0,-84.5732,84.5732,116,16,6.54926,33,1.5,0,0,0,10
3127732245,84.3234,0,0,-84.3234,84.3234,109,1,-11.632,28.868,1.5,0,0,0,10
3127857312,96.4266,0,0,-96.4266,96.4266,176,5,-22,46.1179,1.5,0,0,0,10
3128107381,103.2,0,0,-103.2,103.2,245,8,-22.5,68.2187,1.5,0,0,0,10
3129607355,102.326,0,0,-102.326,102.326,219,17,28.5,57.3288,1.5,0,0,0,10
3129982356,96.0925,0,0,-96.0925,96.0925,220,11,13,62.9081,1.5,0,0,0,10
3130107201,81.7816,0,0,-81.7816,81.7816,65,6,1.5,17.9839,1.5,0,0,0,10
3132357231,83.4853,0,0,-83.4853,83.4853,95,19,12.2051,23.7949,1.5,0,0,0,10
3133607387,101.461,0,0,-101.461,101.461,251,18,32.4075,66.4075,1.5,0,0,0,10
3136482294,97.0791,0,0,-97.0791,97.0791,158,13,17.286,42.286,1.5,0,0,0,10
3136482301,95.2536,0,0,-95.2536,95.2536,165,20,11.1545,46.6545,1.5,0,0,0,10
3150000103,83.9193,0,0,-83.9193,83.9193,103,0,0,0,10,4,-14.7431,26.7431,1.5
3150000176,96.7678,0,0,-96.7678,96.7678,176,0,0,0,10,2,-6.66992,52,1.5
3150044733,83.5857,0,0,-83.5857,83.5857,92,0,0,0,10,7,10.4293,24.5,1.5
3150125095,83.4853,0,0,-83.4853,83.4853,95,0,0,0,10,19,12.2051,23.7949,1.5
3150125103,84.373,0,0,-84.373,84.373,103,0,0,0,10,9,2.34343,28.8434,1.5
3150125109,84.3234,0,0,-84.3234,84.3234,109,0,0,0,10,1,-11.632,28.868,1.5
3150125116,84.5732,0,0,-84.5732,84.5732,116,0,0,0,10,16,6.54926,33,1.5
3150125158,97.0791,0,0,-97.0791,97.0791,158,0,0,0,10,13,17.286,42.286,1.5
3150125165,95.2536,0,0,-95.2536,95.2536,165,0,0,0,10,20,11.1545,46.6545,1.5
3150125176,96.4266,0,0,-96.4266,96.4266,176,0,0,0,10,5,-22,46.1179,1.5
3150125213,100.688,0,0,-100.688,100.688,213,0,0,0,10,3,-20.6338,59.5,1.5
3150125219,102.326,0,0,-102.326,102.326,219,0,0,0,10,17,28.5,57.3288,1.5
3150125220,96.0925,0,0,-96.0925,96.0925,220,0,0,0,10,11,13,62.9081,1.5
3150125243,97.425,0,0,-97.425,97.425,243,0,0,0,10,10,-1,71.1636,1.5
3150125245,103.2,0,0,-103.2,103.2,245,0,0,0,10,8,-22.5,68.2187,1.5
3150125251,101.461,0,0,-101.461,101.461,251,0,0,0,10,18,32.4075,66.4075,1.5
3150125252,100.661,0,0,-100.661,100.661,252,0,0,0,10,15,24.8333,69.8333,1.5
3150125253,99.1114,0,0,-99.1114,99.1114,253,0,0,0,10,12,-15.5,72.899,1.5
3150125255,103.724,0,0,-103.724,103.724,255,0,0,0,10,14,-27.0345,70.0345,1.5
3150133994,81.7816,0,0,-81.7816,81.7816,65,0,0,0,10,6,1.5,17.9839,1.5
3166982388,100.661,0,0,-100.661,100.661,252,15,24.8333,69.8333,1.5,0,0,0,10
3172482239,84.373,0,0,-84.373,84.373,103,9,2.34343,28.8434,1.5,0,0,0,10
3172973311,83.9193,0,0,-83.9193,83.9193,103,4,-14.7431,26.7431,1.5,0,0,0,10
3173482379,97.425,0,0,-97.425,97.425,243,10,-1,71.1636,1.5,0,0,0,10
3173857349,100.688,0,0,-100.688,100.688,213,3,-20.6338,59.5,1.5,0,0,0,10
3173973384,96.7678,0,0,-96.7678,96.7678,176,2,-6.66992,52,1.5,0,0,0,10
3176348463,103.724,0,0,-103.724,103.724,255,14,-27.0345,70.0345,1.5,0,0,0,10
3176482228,83.5857,0,0,-83.5857,83.5857,92,7,10.4293,24.5,1.5,0,0,0,10
3176607389,99.1114,0,0,-99.1114,99.1114,253,12,-15.5,72.899,1.5,0,0,0,10
3176982252,84.5732,0,0,-84.5732,84.5732,116,16,6.54926,33,1.5,0,0,0,10
3177732245,84.3234,0,0,-84.3234,84.3234,109,1,-11.632,28.868,1.5,0,0,0,10
3178107312,96.4266,0,0,-96.4266,96.4266,176,5,-22,46.1179,1.5,0,0,0,10
3178107381,103.2,0,0,-103.2,103.2,245,8,-22.5,68.2187,1.5,0,0,0,10
3179607355,102.326,0,0,-102.326,102.326,219,17,28.5,57.3288,1.5,0,0,0,10
3180107356,96.0925,0,0,-96.0925,96.0925,220,11,13,62.9081,1.5,0,0,0,10
3180232201,81.7816,0,0,-81.7816,81.7816,65,6,1.5,17.9839,1.5,0,0,0,10
3182357231,83.4853,0,0,-83.4853,83.4853,95,19,12.2051,23.7949,1.5,0,0,0,10
3183607387,101.461,0,0,-101.461,101.461,251,18,32.4075,66.4075,1.5,0,0,0,10
3186482294,97.0791,0,0,-97.0791,97.0791,158,13,17.286,42.286,1.5,0,0,0,10
3186482301,95.2536,0,0,-95.2536,95.2536,165,20,11.1545,46.6545,1.5,0,0,0,10
3200000103,83.9193,0,0,-83.9193,83.9193,103,0,0,0,10,4,-14.8492,26.8492,1.5
3200000176,96.7678,0,0,-96.7678,96.7678,176,0,0,0,10,2,-6.81992,52,1.5
3200044733,83.5857,0,0,-83.5857,83.5857,92,0,0,0,10,7,10.8793,24.5,1.5
3200125095,83.4853,0,0,-83.4853,83.4853,95,0,0,0,10,19,12.3111,23.6889,1.5
3200125103,84.373,0,0,-84.373,84.373,103,0,0,0,10,9,2.23736,28.7374,1.5
3200125109,84.3234,0,0,-84.3234,84.3234,109,0,0,0,10,1,-11.738,28.762,1.5
3200125116,84.5732,0,0,-84.5732,84.5732,116,0,0,0,10,16,6.39926,33,1.5
3200125158,97.0791,0,0,-97.0791,97.0791,158,0,0,0,10,13,17.1799,42.1799,1.5
3200125165,95.2536,0,0,-95.2536,95.2536,165,0,0,0,10,20,11.0484,46.5484,1.5
3200125176,96.4266,0,0,-96.4266,96.4266,176,0,0,0,10,5,-22,45.9679,1.5
3200125213,100.688,0,0,-100.688,100.688,213,0,0,0,10,3,-20.4838,59.5,1.5
3200125219,102.326,0,0,-102.326,102.326,219,0,0,0,10,17,28.5,57.1788,1.5
3200125220,96.0925,0,0,-96.0925,96.0925,220,0,0,0,10,11,13,62.7581,1.5
3200125243,97.425,0,0,-97.425,97.425,243,0,0,0,10,10,-1,71.0136,1.5
3200125245,103.2,0,0,-103.2,103.2,245,0,0,0,10,8,-22.5,68.0687,1.5
3200125251,101.461,0,0,-101.461,101.461,251,0,0,0,10,18,32.3014,66.3014,1.5
3200125252,100.661,0,0,-100.661,100.661,252,0,0,0,10,15,24.7272,69.7272,1.5
3200125253,99.1114,0,0,-99.1114,99.1114,253,0,0,0,10,12,-15.5,72.749,1.5
3200125255,103.724,0,0,-103.724,103.724,255,0,0,0,10,14,-26.9284,69.9284,1.5
3200133994,81.7816,0,0,-81.7816,81.7816,65,0,0,0,10,6,1.5,17.8339,1.5
3216982388,100.661,0,0,-100.661,100.661,252,15,24.7272,69.7272,1.5,0,0,0,10
3222732239,84.373,0,0,-84.373,84.373,103,9,2.23736,28.7374,1.5,0,0,0,10
3222973311,83.9193,0,0,-83.9193,83.9193,103,4,-14.8492,26.8492,1.5,0,0,0,10
3223482379,97.425,0,0,-97.425,97.425,243,10,-1,71.0136,1.5,0,0,0,10
3223973384,96.7678,0,0,-96.7678,96.7678,176,2,-6.81992,52,1.5,0,0,0,10
3223982349,100.688,0,0,-100.688,100.688,213,3,-20.4838,59.5,1.5,0,0,0,10
3226348463,103.724,0,0,-103.724,103.724,255,14,-26.9284,69.9284,1.5,0,0,0,10
3226607389,99.1114,0,0,-99.1114,99.1114,253,12,-15.5,72.749,1.5,0,0,0,10
3226732228,83.5857,0,0,-83.5857,83.5857,92,7,10.8793,24.5,1.5,0,0,0,10
3226982252,84.5732,0,0,-84.5732,84.5732,116,16,6.39926,33,1.5,0,0,0,10
3227732245,84.3234,0,0,-84.3234,84.3234,109,1,-11.738,28.762,1.5,0,0,0,10
3228107381,103.2,0,0,-103.2,103.2,245,8,-22.5,68.0687,1.5,0,0,0,10
3228357312,96.4266,0,0,-96.4266,96.4266,176,5,-22,45.9679,1.5,0,0,0,10
3229607355,102.326,0,0,-102.326,102.326,219,17,28.5,57.1788,1.5,0,0,0,10
3230232201,81.7816,0,0,-81.7816,81.7816,65,6,1.5,17.8339,1.5,0,0,0,10
3230232356,96.0925,0,0,-96.0925,96.0925,220,11,13,62.7581,1.5,0,0,0,10
3232357231,83.4853,0,0,-83.4853,83.4853,95,19,12.3111,23.6889,1.5,0,0,0,10
3233607387,101.461,0,0,-101.461,101.461,251,18,32.3014,66.3014,1.5,0,0,0,10
3236482301,95.2536,0,0,-95.2536,95.2536,165,20,11.0484,46.5484,1.5,0,0,0,10
3237482294,97.0791,0,0,-97.0791,97.0791,158,13,17.1799,42.1799,1.5,0,0,0,10
3250000103,83.9193,0,0,-83.9193,83.9193,103,0,0,0,10,4,-14.8492,26.8492,1.5
3250000176,96.7678,0,0,-96.7678,96.7678,176,0,0,0,10,2,-6.81992,52,1.5
3250044733,83.5857,0,0,-83.5857,83.5857,92,0,0,0,10,7,10.8793,24.5,1.5
3250125095,83.4853,0,0,-83.4853,83.4853,95,0,0,0,10,19,12.3111,23.6889,1.5
3250125103,84.373,0,0,-84.373,84.373,103,0,0,0,10,9,2.23736,28.7374,1.5
3250125109,84.3234,0,0,-84.3234,84.3234,109,0,0,0,10,1,-11.738,28.762,1.5
3250125116,84.5732,0,0,-84.5732,84.5732,116,0,0,0,10,16,6.39926,33,1.5
3250125158,97.0791,0,0,-97.0791,97.0791,158,0,0,0,10,13,17.1799,42.1799,1.5
3250125165,95.2536,0,0,-95.2536,95.2536,165,0,0,0,10,20,11.0484,46.5484,1.5
3250125176,96.4266,0,0,-96.4266,96.4266,176,0,0,0,10,5,-22,45.9679,1.5
3250125213,100.688,0,0,-100.688,100.688,213,0,0,0,10,3,-20.4838,59.5,1.5
3250125219,102.326,0,0,-102.326,102.326,219,0,0,0,10,17,28.5,57.1788,1.5
3250125220,96.0925,0,0,-96.0925,96.0925,220,0,0,0,10,11,13,62.7581,1.5
3250125243,97.425,0,0,-97.425,97.425,243,0,0,0,10,10,-1,71.0136,1.5
3250125245,103.2,0,0,-103.2,103.2,245,0,0,0,10,8,-22.5,68.0687,1.5
3250125251,101.461,0,0,-101.461,101.461,251,0,0,0,10,18,32.3014,66.3014,1.5
3250125252,100.661,0,0,-100.661,100.661,252,0,0,0,10,15,24.7272,69.7272,1.5
3250125253,99.1114,0,0,-99.1114,99.1114,253,0,0,0,10,12,-15.5,72.749,1.5
3250125255,103.724,0,0,-103.724,103.724,255,0,0,0,10,14,-26.9284,69.9284,1.5
3250133994,81.7816,0,0,-81.7816,81.7816,65,0,0,0,10,6,1.5,17.8339,1.5
3266982388,100.661,0,0,-100.661,100.661,252,15,24.7272,69.7272,1.5,0,0,0,10
3272973311,83.9193,0,0,-83.9193,83.9193,103,4,-14.8492,26.8492,1.5,0,0,0,10
3272982239,84.373,0,0,-84.373,84.373,103,9,2.23736,28.7374,1.5,0,0,0,10
3273482379,97.425,0,0,-97.425,97.425,243,10,-1,71.0136,1.5,0,0,0,10
3273973384,96.7678,0,0,-96.7678,96.7678,176,2,-6.81992,52,1.5,0,0,0,10
3273982349,100.688,0,0,-100.688,100.688,213,3,-20.4838,59.5,1.5,0,0,0,10
3276348463,103.724,0,0,-103.724,103.724,255,14,-26.9284,69.9284,1.5,0,0,0,10
3276607389,99.1114,0,0,-99.1114,99.1114,253,12,-15.5,72.749,1.5,0,0,0,10
3276857228,83.5857,0,0,-83.5857,83.5857,92,7,10.8793,24.5,1.5,0,0,0,10
3276982252,84.5732,0,0,-84.5732,84.5732,116,16,6.39926,33,1.5,0,0,0,10
3277732245,84.3234,0,0,-84.3234,84.3234,109,1,-11.738,28.762,1.5,0,0,0,10
3278107381,103.2,0,0,-103.2,103.2,245,8,-22.5,68.0687,1.5,0,0,0,10
3278607312,96.4266,0,0,-96.4266,96.4266,176,5,-22,45.9679,1.5,0,0,0,10
3279607355,102.326,0,0,-102.326,102.326,219,17,28.5,57.1788,1.5,0,0,0,10
3280232201,81.7816,0,0,-81.7816,81.7816,65,6,1.5,17.8339,1.5,0,0,0,10
3280482356,96.0925,0,0,-96.0925,96.0925,220,11,13,62.7581,1.5,0,0,0,10
3282357231,83.4853,0,0,-83.4853,83.4853,95,19,12.3111,23.6889,1.5,0,0,0,10
3283607387,101.461,0,0,-101.461,101.461,251,18,32.3014,66.3014,1.5,0,0,0,10
3286482301,95.2536,0,0,-95.2536,95.2536,165,20,11.0484,46.5484,1.5,0,0,0,10
3287482294,97.0791,0,0,-97.0791,97.0791,158,13,17.1799,42.1799,1.5,0,0,0,10
3300000107,84.3376,0,0,-84.3376,84.3376,107,0,0,0,10,4,-14.9552,26.9552,1.5
3300000177,96.6791,0,0,-96.6791,96.6791,177,0,0,0,10,2,-6.96992,52,1.5
3300044735,83.5047,0,0,-83.5047,83.5047,94,0,0,0,10,7,11.0293,24.5,1.5
3300125116,85.1191,0,0,-85.1191,85.1191,116,0,0,0,10,16,6.24926,33,1.5
3300133995,81.8145,0,0,-81.8145,81.8145,66,0,0,0,10,6,1.5,17.6839,1.5
3300134022,84.0121,0,0,-84.0121,84.0121,93,0,0,0,10,19,12.4172,23.5828,1.5
3300134029,84.5263,0,0,-84.5263,84.5263,100,0,0,0,10,9,2.1313,28.6313,1.5
3300134036,84.4884,0,0,-84.4884,84.4884,107,0,0,0,10,1,-11.8441,28.6559,1.5
3300134083,96.4248,0,0,-96.4248,96.4248,154,0,0,0,10,13,17.0738,42.0738,1.5
3300134091,94.64,0,0,-94.64,94.64,162,0,0,0,10,20,10.9423,46.4423,1.5
3300134101,95.3054,0,0,-95.3054,95.3054,172,0,0,0,10,5,-22,45.8179,1.5
3300134141,98.6267,0,0,-98.6267,98.6267,212,0,0,0,10,3,-20.3338,59.5,1.5
3300134144,101.436,0,0,-101.436,101.436,215,0,0,0,10,17,28.5,57.0288,1.5
3300134144,98.2452,0,0,-98.2452,98.2452,215,0,0,0,10,11,13,62.6081,1.5
3300134167,96.1291,0,0,-96.1291,96.1291,238,0,0,0,10,10,-1,70.8636,1.5
3300134169,102.813,0,0,-102.813,102.813,240,0,0,0,10,8,-22.5,67.9187,1.5
3300134176,100.225,0,0,-100.225,100.225,247,0,0,0,10,18,32.1954,66.1954,1.5
3300134177,101.258,0,0,-101.258,101.258,248,0,0,0,10,15,24.6211,69.6211,1.5
3300134178,103.056,0,0,-103.056,103.056,249,0,0,0,10,12,-15.5,72.599,1.5
3300134180,102.317,0,0,-102.317,102.317,251,0,0,0,10,14,-26.8224,69.8224,1.5
3317107384,101.258,0,0,-101.258,101.258,248,15,24.6211,69.6211,1.5,0,0,0,10
3322973315,84.3376,0,0,-84.3376,84.3376,107,4,-14.9552,26.9552,1.5,0,0,0,10
3323107236,84.5263,0,0,-84.5263,84.5263,100,9,2.1313,28.6313,1.5,0,0,0,10
3323607374,96.1291,0,0,-96.1291,96.1291,238,10,-1,70.8636,1.5,0,0,0,10
3323973385,96.6791,0,0,-96.6791,96.6791,177,2,-6.96992,52,1.5,0,0,0,10
3324107348,98.6267,0,0,-98.6267,98.6267,212,3,-20.3338,59.5,1.5,0,0,0,10
3326482387,102.317,0,0,-102.317,102.317,251,14,-26.8224,69.8224,1.5,0,0,0,10
3326857230,83.5047,0,0,-83.5047,83.5047,94,7,11.0293,24.5,1.5,0,0,0,10
3326857385,103.056,0,0,-103.056,103.056,249,12,-15.5,72.599,1.5,0,0,0,10
3326982252,85.1191,0,0,-85.1191,85.1191,116,16,6.24926,33,1.5,0,0,0,10
3327982243,84.4884,0,0,-84.4884,84.4884,107,1,-11.8441,28.6559,1.5,0,0,0,10
3328357376,102.813,0,0,-102.813,102.813,240,8,-22.5,67.9187,1.5,0,0,0,10
3328857308,95.3054,0,0,-95.3054,95.3054,172,5,-22,45.8179,1.5,0,0,0,10
3329857351,101.436,0,0,-101.436,101.436,215,17,28.5,57.0288,1.5,0,0,0,10
3330232202,81.8145,0,0,-81.8145,81.8145,66,6,1.5,17.6839,1.5,0,0,0,10
3330732351,98.2452,0,0,-98.2452,98.2452,215,11,13,62.6081,1.5,0,0,0,10
3332482229,84.0121,0,0,-84.0121,84.0121,93,19,12.4172,23.5828,1.5,0,0,0,10
3333732383,100.225,0,0,-100.225,100.225,247,18,32.1954,66.1954,1.5,0,0,0,10
3336607298,94.64,0,0,-94.64,94.64,162,20,10.9423,46.4423,1.5,0,0,0,10
3338607290,96.4248,0,0,-96.4248,96.4248,154,13,17.0738,42.0738,1.5,0,0,0,10
3350000107,84.3376,0,0,-84.3376,84.3376,107,0,0,0,10,4,-14.9552,26.9552,1.5
3350000177,96.6791,0,0,-96.6791,96.6791,177,0,0,0,10,2,-6.96992,52,1.5
3350053663,83.5047,0,0,-83.5047,83.5047,94,0,0,0,10,7,11.0293,24.5,1.5
3350125116,85.1191,0,0,-85.1191,85.1191,116,0,0,0,10,16,6.24926,33,1.5
3350133995,81.8145,0,0,-81.8145,81.8145,66,0,0,0,10,6,1.5,17.6839,1.5
3350134022,84.0121,0,0,-84.0121,84.0121,93,0,0,0,10,19,12.4172,23.5828,1.5
3350134029,84.5263,0,0,-84.5263,84.5263,100,0,0,0,10,9,2.1313,28.6313,1.5
3350134036,84.4884,0,0,-84.4884,84.4884,107,0,0,0,10,1,-11.8441,28.6559,1.5
3350134083,96.4248,0,0,-96.4248,96.4248,154,0,0,0,10,13,17.0738,42.0738,1.5
3350134091,94.64,0,0,-94.64,94.64,162,0,0,0,10,20,10.9423,46.4423,1.5
3350134101,95.3054,0,0,-95.3054,95.3054,172,0,0,0,10,5,-22,45.8179,1.5
3350134141,98.6267,0,0,-98.6267,98.6267,212,0,0,0,10,3,-20.3338,59.5,1.5
3350134144,101.436,0,0,-101.436,101.436,215,0,0,0,10,17,28.5,57.0288,1.5
3350134144,98.2452,0,0,-98.2452,98.2452,215,0,0,0,10,11,13,62.6081,1.5
3350134167,96.1291,0,0,-96.1291,96.1291,238,0,0,0,10,10,-1,70.8636,1.5
3350134169,102.813,0,0,-102.813,102.813,240,0,0,0,10,8,-22.5,67.9187,1.5
3350134176,100.225,0,0,-100.225,100.225,247,0,0,0,10,18,32.1954,66.1954,1.5
3350134177,101.258,0,0,-101.258,101.258,248,0,0,0,10,15,24.6211,69.6211,1.5
3350134178,103.056,0,0,-103.056,103.056,249,0,0,0,10,12,-15.5,72.599,1.5
3350134180,102.317,0,0,-102.317,102.317,251,0,0,0,10,14,-26.8224,69.8224,1.5
3367107384,101.258,0,0,-101.258,101.258,248,15,24.6211,69.6211,1.5,0,0,0,10
3372973315,84.3376,0,0,-84.3376,84.3376,107,4,-14.9552,26.9552,1.5,0,0,0,10
3373107236,84.5263,0,0,-84.5263,84.5263,100,9,2.1313,28.6313,1.5,0,0,0,10
3373732374,96.1291,0,0,-96.1291,96.1291,238,10,-1,70.8636,1.5,0,0,0,10
3373973385,96.6791,0,0,-96.6791,96.6791,177,2,-6.96992,52,1.5,0,0,0,10
3374232348,98.6267,0,0,-98.6267,98.6267,212,3,-20.3338,59.5,1.5,0,0,0,10
3376482387,102.317,0,0,-102.317,102.317,251,14,-26.8224,69.8224,1.5,0,0,0,10
3376857230,83.5047,0,0,-83.5047,83.5047,94,7,11.0293,24.5,1.5,0,0,0,10
3376857385,103.056,0,0,-103.056,103.056,249,12,-15.5,72.599,1.5,0,0,0,10
3376982252,85.1191,0,0,-85.1191,85.1191,116,16,6.24926,33,1.5,0,0,0,10
3378232243,84.4884,0,0,-84.4884,84.4884,107,1,-11.8441,28.6559,1.5,0,0,0,10
3378607376,102.813,0,0,-102.813,102.813,240,8,-22.5,67.9187,1.5,0,0,0,10
3378982308,95.3054,0,0,-95.3054,95.3054,172,5,-22,45.8179,1.5,0,0,0,10
3379857351,101.436,0,0,-101.436,101.436,215,17,28.5,57.0288,1.5,0,0,0,10
3380232202,81.8145,0,0,-81.8145,81.8145,66,6,1.5,17.6839,1.5,0,0,0,10
3380982351,98.2452,0,0,-98.2452,98.2452,215,11,13,62.6081,1.5,0,0,0,10
3382482229,84.0121,0,0,-84.0121,84.0121,93,19,12.4172,23.5828,1.5,0,0,0,10
3383732383,100.225,0,0,-100.225,100.225,247,18,32.1954,66.1954,1.5,0,0,0,10
3386607298,94.64,0,0,-94.64,94.64,162,20,10.9423,46.4423,1.5,0,0,0,10
3388607290,96.4248,0,0,-96.4248,96.4248,154,13,17.0738,42.0738,1.5,0,0,0,10
3400000107,84.3376,0,0,-84.3376,84.3376,107,0,0,0,10,4,-15.0613,27.0613,1.5
3400000177,96.6791,0,0,-96.6791,96.6791,177,0,0,0,10,2,-7.11992,52,1.5
3400053663,83.5047,0,0,-83.5047,83.5047,94,0,0,0,10,7,11.1793,24.5,1.5
3400125116,85.1191,0,0,-85.1191,85.1191,116,0,0,0,10,16,6.09926,33,1.5
3400133995,81.8145,0,0,-81.8145,81.8145,66,0,0,0,10,6,1.5,17.5339,1.5
3400134022,84.0121,0,0,-84.0121,84.0121,93,0,0,0,10,19,12.5233,23.4767,1.5
3400134029,84.5263,0,0,-84.5263,84.5263,100,0,0,0,10,9,2.02523,28.5252,1.5
3400134036,84.4884,0,0,-84.4884,84.4884,107,0,0,0,10,1,-11.9502,28.5498,1.5
3400134083,96.4248,0,0,-96.4248,96.4248,154,0,0,0,10,13,16.9678,41.9678,1.5
3400134091,94.64,0,0,-94.64,94.64,162,0,0,0,10,20,10.8363,46.3363,1.5
3400134101,95.3054,0,0,-95.3054,95.3054,172,0,0,0,10,5,-22,45.6679,1.5
3400134141,98.6267,0,0,-98.6267,98.6267,212,0,0,0,10,3,-20.1838,59.5,1.5
3400134144,101.436,0,0,-101.436,101.436,215,0,0,0,10,17,28.5,56.8788,1.5
3400134144,98.2452,0,0,-98.2452,98.2452,215,0,0,0,10,11,13,62.4581,1.5
3400134167,96.1291,0,0,-96.1291,96.1291,238,0,0,0,10,10,-1,70.7136,1.5
3400134169,102.813,0,0,-102.813,102.813,240,0,0,0,10,8,-22.5,67.7687,1.5
3400134176,100.225,0,0,-100.225,100.225,247,0,0,0,10,18,32.0893,66.0893,1.5
3400134177,101.258,0,0,-101.258,101.258,248,0,0,0,10,15,24.5151,69.5151,1.5
3400134178,103.056,0,0,-103.056,103.056,249,0,0,0,10,12,-15.5,72.449,1.5
3400134180,102.317,0,0,-102.317,102.317,251,0,0,0,10,14,-26.7163,69.7163,1.5
3417107384,101.258,0,0,-101.258,101.258,248,15,24.5151,69.5151,1.5,0,0,0,10
3422973315,84.3376,0,0,-84.3376,84.3376,107,4,-15.0613,27.0613,1.5,0,0,0,10
3423107236,84.5263,0,0,-84.5263,84.5263,100,9,2.02523,28.5252,1.5,0,0,0,10
3423973385,96.6791,0,0,-96.6791,96.6791,177,2,-7.11992,52,1.5,0,0,0,10
3423982374,96.1291,0,0,-96.1291,96.1291,238,10,-1,70.7136,1.5,0,0,0,10
3424482348,98.6267,0,0,-98.6267,98.6267,212,3,-20.1838,59.5,1.5,0,0,0,10
3426482387,102.317,0,0,-102.317,102.317,251,14,-26.7163,69.7163,1.5,0,0,0,10
3426857230,83.5047,0,0,-83.5047,83.5047,94,7,11.1793,24.5,1.5,0,0,0,10
3426857385,103.056,0,0,-103.056,103.056,249,12,-15.5,72.449,1.5,0,0,0,10
3426982252,85.1191,0,0,-85.1191,85.1191,116,16,6.09926,33,1.5,0,0,0,10
3428482243,84.4884,0,0,-84.4884,84.4884,107,1,-11.9502,28.5498,1.5,0,0,0,10
3428857376,102.813,0,0,-102.813,102.813,240,8,-22.5,67.7687,1.5,0,0,0,10
3428982308,95.3054,0,0,-95.3054,95.3054,172,5,-22,45.6679,1.5,0,0,0,10
3429857351,101.436,0,0,-101.436,101.436,215,17,28.5,56.8788,1.5,0,0,0,10
3430482202,81.8145,0,0,-81.8145,81.8145,66,6,1.5,17.5339,1.5,0,0,0,10
3431107351,98.2452,0,0,-98.2452,98.2452,215,11,13,62.4581,1.5,0,0,0,10
3432482229,84.0121,0,0,-84.0121,84.0121,93,19,12.5233,23.4767,1.5,0,0,0,10
3433732383,100.225,0,0,-100.225,100.225,247,18,32.0893,66.0893,1.5,0,0,0,10
3436607298,94.64,0,0,-94.64,94.64,162,20,10.8363,46.3363,1.5,0,0,0,10
3438607290,96.4248,0,0,-96.4248,96.4248,154,13,16.9678,41.9678,1.5,0,0,0,10
3450000107,84.3376,0,0,-84.3376,84.3376,107,0,0,0,10,4,-15.0613,27.0613,1.5
3450000177,96.6791,0,0,-96.6791,96.6791,177,0,0,0,10,2,-7.11992,52,1.5
3450053663,83.5047,0,0,-83.5047,83.5047,94,0,0,0,10,7,11.1793,24.5,1.5
3450125116,85.1191,0,0,-85.1191,85.1191,116,0,0,0,10,16,6.09926,33,1.5
3450133995,81.8145,0,0,-81.8145,81.8145,66,0,0,0,10,6,1.5,17.5339,1.5
3450134022,84.0121,0,0,-84.0121,84.0121,93,0,0,0,10,19,12.5233,23.4767,1.5
3450134029,84.5263,0,0,-84.5263,84.5263,100,0,0,0,10,9,2.02523,28.5252,1.5
3450134036,84.4884,0,0,-84.4884,84.4884,107,0,0,0,10,1,-11.9502,28.5498,1.5
3450134083,96.4248,0,0,-96.4248,96.4248,154,0,0,0,10,13,16.9678,41.9678,1.5
3450134091,94.64,0,0,-94.64,94.64,162,0,0,0,10,20,10.8363,46.3363,1.5
3450134101,95.3054,0,0,-95.3054,95.3054,172,0,0,0,10,5,-22,45.6679,1.5
3450134141,98.6267,0,0,-98.6267,98.6267,212,0,0,0,10,3,-20.1838,59.5,1.5
3450134144,101.436,0,0,-101.436,101.436,215,0,0,0,10,17,28.5,56.8788,1.5
3450134144,98.2452,0,0,-98.2452,98.2452,215,0,0,0,10,11,13,62.4581,1.5
3450134167,96.1291,0,0,-96.1291,96.1291,238,0,0,0,10,10,-1,70.7136,1.5
3450134169,102.813,0,0,-102.813,102.813,240,0,0,0,10,8,-22.5,67.7687,1.5
3450134176,100.225,0,0,-100.225,100.225,247,0,0,0,10,18,32.0893,66.0893,1.5
3450134177,101.258,0,0,-101.258,101.258,248,0,0,0,10,15,24.5151,69.5151,1.5
3450134178,103.056,0,0,-103.056,103.056,249,0,0,0,10,12,-15.5,72.449,1.5
3450134180,102.317,0,0,-102.317,102.317,251,0,0,0,10,14,-26.7163,69.7163,1.5
3467107384,101.258,0,0,-101.258,101.258,248,15,24.5151,69.5151,1.5,0,0,0,10
3472973315,84.3376,0,0,-84.3376,84.3376,107,4,-15.0613,27.0613,1.5,0,0,0,10
3473107236,84.5263,0,0,-84.5263,84.5263,100,9,2.02523,28.5252,1.5,0,0,0,10
3473973385,96.6791,0,0,-96.6791,96.6791,177,2,-7.11992,52,1.5,0,0,0,10
3474107374,96.1291,0,0,-96.1291,96.1291,238,10,-1,70.7136,1.5,0,0,0,10
3474732348,98.6267,0,0,-98.6267,98.6267,212,3,-20.1838,59.5,1.5,0,0,0,10
3476482387,102.317,0,0,-102.317,102.317,251,14,-26.7163,69.7163,1.5,0,0,0,10
3476857230,83.5047,0,0,-83.5047,83.5047,94,7,11.1793,24.5,1.5,0,0,0,10
3476857385,103.056,0,0,-103.056,103.056,249,12,-15.5,72.449,1.5,0,0,0,10
3476982252,85.1191,0,0,-85.1191,85.1191,116,16,6.09926,33,1.5,0,0,0,10
3478732243,84.4884,0,0,-84.4884,84.4884,107,1,-11.9502,28.5498,1.5,0,0,0,10
3478982308,95.3054,0,0,-95.3054,95.3054,172,5,-22,45.6679,1.5,0,0,0,10
3479107376,102.813,0,0,-102.813,102.813,240,8,-22.5,67.7687,1.5,0,0,0,10
3479857351,101.436,0,0,-101.436,101.436,215,17,28.5,56.8788,1.5,0,0,0,10
3480732202,81.8145,0,0,-81.8145,81.8145,66,6,1.5,17.5339,1.5,0,0,0,10
3481107351,98.2452,0,0,-98.2452,98.2452,215,11,13,62.4581,1.5,0,0,0,10
3482482229,84.0121,0,0,-84.0121,84.0121,93,19,12.5233,23.4767,1.5,0,0,0,10
3483732383,100.225,0,0,-100.225,100.225,247,18,32.0893,66.0893,1.5,0,0,0,10
3486607298,94.64,0,0,-94.64,94.64,162,20,10.8363,46.3363,1.5,0,0,0,10
3488607290,96.4248,0,0,-96.4248,96.4248,154,13,16.9678,41.9678,1.5,0,0,0,10
3500000107,84.3376,0,0,-84.3376,84.3376,107,0,0,0,10,4,-15.1673,27.1673,1.5
3500000177,96.6791,0,0,-96.6791,96.6791,177,0,0,0,10,2,-7.26992,52,1.5
3500053663,83.5047,0,0,-83.5047,83.5047,94,0,0,0,10,7,11.3293,24.5,1.5
3500125116,85.1191,0,0,-85.1191,85.1191,116,0,0,0,10,16,5.94926,33,1.5
3500133995,81.8145,0,0,-81.8145,81.8145,66,0,0,0,10,6,1.5,17.3839,1.5
3500134022,84.0121,0,0,-84.0121,84.0121,93,0,0,0,10,19,12.6293,23.3707,1.5
3500134029,84.5263,0,0,-84.5263,84.5263,100,0,0,0,10,9,1.91917,28.4192,1.5
3500134036,84.4884,0,0,-84.4884,84.4884,107,0,0,0,10,1,-12,28.4205,1.5
3500134083,96.4248,0,0,-96.4248,96.4248,154,0,0,0,10,13,16.8617,41.8617,1.5
3500134091,94.64,0,0,-94.64,94.64,162,0,0,0,10,20,10.7302,46.2302,1.5
3500134101,95.3054,0,0,-95.3054,95.3054,172,0,0,0,10,5,-22,45.5179,1.5
3500134141,98.6267,0,0,-98.6267,98.6267,212,0,0,0,10,3,-20.0338,59.5,1.5
3500134144,101.436,0,0,-101.436,101.436,215,0,0,0,10,17,28.5,56.7288,1.5
3500134144,98.2452,0,0,-98.2452,98.2452,215,0,0,0,10,11,13,62.3081,1.5
3500134167,96.1291,0,0,-96.1291,96.1291,238,0,0,0,10,10,-1,70.5636,1.5
3500134169,102.813,0,0,-102.813,102.813,240,0,0,0,10,8,-22.5,67.6187,1.5
3500134176,100.225,0,0,-100.225,100.225,247,0,0,0,10,18,31.9832,65.9832,1.5
3500134177,101.258,0,0,-101.258,101.258,248,0,0,0,10,15,24.409,69.409,1.5
3500134178,103.056,0,0,-103.056,103.056,249,0,0,0,10,12,-15.5,72.299,1.5
3500134180,102.317,0,0,-102.317,102.317,251,0,0,0,10,14,-26.6103,69.6103,1.5
3517107384,101.258,0,0,-101.258,101.258,248,15,24.409,69.409,1.5,0,0,0,10
3522973315,84.3376,0,0,-84.3376,84.3376,107,4,-15.1673,27.1673,1.5,0,0,0,10
3523107236,84.5263,0,0,-84.5263,84.5263,100,9,1.91917,28.4192,1.5,0,0,0,10
3523973385,96.6791,0,0,-96.6791,96.6791,177,2,-7.26992,52,1.5,0,0,0,10
3524107374,96.1291,0,0,-96.1291,96.1291,238,10,-1,70.5636,1.5,0,0,0,10
3524982348,98.6267,0,0,-98.6267,98.6267,212,3,-20.0338,59.5,1.5,0,0,0,10
3526857385,103.056,0,0,-103.056,103.056,249,12,-15.5,72.299,1.5,0,0,0,10
3526982252,85.1191,0,0,-85.1191,85.1191,116,16,5.94926,33,1.5,0,0,0,10
3527107230,83.5047,0,0,-83.5047,83.5047,94,7,11.3293,24.5,1.5,0,0,0,10
3527357387,102.317,0,0,-102.317,102.317,251,14,-26.6103,69.6103,1.5,0,0,0,10
3528857243,84.4884,0,0,-84.4884,84.4884,107,1,-12,28.4205,1.5,0,0,0,10
3528982308,95.3054,0,0,-95.3054,95.3054,172,5,-22,45.5179,1.5,0,0,0,10
3529232376,102.813,0,0,-102.813,102.813,240,8,-22.5,67.6187,1.5,0,0,0,10
3529857351,101.436,0,0,-101.436,101.436,215,17,28.5,56.7288,1.5,0,0,0,10
3530982202,81.8145,0,0,-81.8145,81.8145,66,6,1.5,17.3839,1.5,0,0,0,10
3531107351,98.2452,0,0,-98.2452,98.2452,215,11,13,62.3081,1.5,0,0,0,10
3532482229,84.0121,0,0,-84.0121,84.0121,93,19,12.6293,23.3707,1.5,0,0,0,10
3533732383,100.225,0,0,-100.225,100.225,247,18,31.9832,65.9832,1.5,0,0,0,10
3536607298,94.64,0,0,-94.64,94.64,162,20,10.7302,46.2302,1.5,0,0,0,10
3539607290,96.4248,0,0,-96.4248,96.4248,154,13,16.8617,41.8617,1.5,0,0,0,10
3550000107,84.3376,0,0,-84.3376,84.3376,107,0,0,0,10,4,-15.1673,27.1673,1.5
3550000177,96.6791,0,0,-96.6791,96.6791,177,0,0,0,10,2,-7.26992,52,1.5
3550053663,83.5047,0,0,-83.5047,83.5047,94,0,0,0,10,7,11.3293,24.5,1.5
3550125116,85.1191,0,0,-85.1191,85.1191,116,0,0,0,10,16,5.94926,33,1.5
3550133995,81.8145,0,0,-81.8145,81.8145,66,0,0,0,10,6,1.5,17.3839,1.5
3550134022,84.0121,0,0,-84.0121,84.0121,93,0,0,0,10,19,12.6293,23.3707,1.5
3550134029,84.5263,0,0,-84.5263,84.5263,100,0,0,0,10,9,1.91917,28.4192,1.5
3550134036,84.4884,0,0,-84.4884,84.4884,107,0,0,0,10,1,-12,28.4205,1.5
3550134083,96.4248,0,0,-96.4248,96.4248,154,0,0,0,10,13,16.8617,41.8617,1.5
3550134091,94.64,0,0,-94.64,94.64,162,0,0,0,10,20,10.7302,46.2302,1.5
3550134101,95.3054,0,0,-95.3054,95.3054,172,0,0,0,10,5,-22,45.5179,1.5
3550134141,98.6267,0,0,-98.6267,98.6267,212,0,0,0,10,3,-20.0338,59.5,1.5
3550134144,101.436,0,0,-101.436,101.436,215,0,0,0,10,17,28.5,56.7288,1.5
3550134144,98.2452,0,0,-98.2452,98.2452,215,0,0,0,10,11,13,62.3081,1.5
3550134167,96.1291,0,0,-96.1291,96.1291,238,0,0,0,10,10,-1,70.5636,1.5
3550134169,102.813,0,0,-102.813,102.813,240,0,0,0,10,8,-22.5,67.6187,1.5
3550134176,100.225,0,0,-100.225,100.225,247,0,0,0,10,18,31.9832,65.9832,1.5
3550134177,101.258,0,0,-101.258,101.258,248,0,0,0,10,15,24.409,69.409,1.5
3550134178,103.056,0,0,-103.056,103.056,249,0,0,0,10,12,-15.5,72.299,1.5
3550134180,102.317,0,0,-102.317,102.317,251,0,0,0,10,14,-26.6103,69.6103,1.5
3567107384,101.258,0,0,-101.258,101.258,248,15,24.409,69.409,1.5,0,0,0,10
3572973315,84.3376,0,0,-84.3376,84.3376,107,4,-15.1673,27.1673,1.5,0,0,0,10
3573357236,84.5263,0,0,-84.5263,84.5263,100,9,1.91917,28.4192,1.5,0,0,0,10
3573973385,96.6791,0,0,-96.6791,96.6791,177,2,-7.26992,52,1.5,0,0,0,10
3574107374,96.1291,0,0,-96.1291,96.1291,238,10,-1,70.5636,1.5,0,0,0,10
3575107348,98.6267,0,0,-98.6267,98.6267,212,3,-20.0338,59.5,1.5,0,0,0,10
3576982252,85.1191,0,0,-85.1191,85.1191,116,16,5.94926,33,1.5,0,0,0,10
3577107385,103.056,0,0,-103.056,103.056,249,12,-15.5,72.299,1.5,0,0,0,10
3577357230,83.5047,0,0,-83.5047,83.5047,94,7,11.3293,24.5,1.5,0,0,0,10
3577357387,102.317,0,0,-102.317,102.317,251,14,-26.6103,69.6103,1.5,0,0,0,10
3578857243,84.4884,0,0,-84.4884,84.4884,107,1,-12,28.4205,1.5,0,0,0,10
3578982308,95.3054,0,0,-95.3054,95.3054,172,5,-22,45.5179,1.5,0,0,0,10
3579232376,102.813,0,0,-102.813,102.813,240,8,-22.5,67.6187,1.5,0,0,0,10
3579857351,101.436,0,0,-101.436,101.436,215,17,28.5,56.7288,1.5,0,0,0,10
3581107351,98.2452,0,0,-98.2452,98.2452,215,11,13,62.3081,1.5,0,0,0,10
3581232202,81.8145,0,0,-81.8145,81.8145,66,6,1.5,17.3839,1.5,0,0,0,10
3582482229,84.0121,0,0,-84.0121,84.0121,93,19,12.6293,23.3707,1.5,0,0,0,10
3583732383,100.225,0,0,-100.225,100.225,247,18,31.9832,65.9832,1.5,0,0,0,10
3586607298,94.64,0,0,-94.64,94.64,162,20,10.7302,46.2302,1.5,0,0,0,10
3589607290,96.4248,0,0,-96.4248,96.4248,154,13,16.8617,41.8617,1.5,0,0,0,10
3600000107,84.3376,0,0,-84.3376,84.3376,107,0,0,0,10,4,-15.2734,27.2734,1.5
3600000177,96.6791,0,0,-96.6791,96.6791,177,0,0,0,10,2,-7.41992,52,1.5
3600053663,83.5047,0,0,-83.5047,83.5047,94,0,0,0,10,7,11.4793,24.5,1.5
3600125116,85.1191,0,0,-85.1191,85.1191,116,0,0,0,10,16,5.79926,33,1.5
3600133995,81.8145,0,0,-81.8145,81.8145,66,0,0,0,10,6,1.5,17.2339,1.5
3600134022,84.0121,0,0,-84.0121,84.0121,93,0,0,0,10,19,12.7354,23.2646,1.5
3600134029,84.5263,0,0,-84.5263,84.5263,100,0,0,0,10,9,1.8131,28.3131,1.5
3600134036,84.4884,0,0,-84.4884,84.4884,107,0,0,0,10,1,-12,28.2705,1.5
3600134083,96.4248,0,0,-96.4248,96.4248,154,0,0,0,10,13,16.7556,41.7556,1.5
3600134091,94.64,0,0,-94.64,94.64,162,0,0,0,10,20,10.6241,46.1241,1.5
3600134101,95.3054,0,0,-95.3054,95.3054,172,0,0,0,10,5,-22,45.3679,1.5
3600134141,98.6267,0,0,-98.6267,98.6267,212,0,0,0,10,3,-19.8838,59.5,1.5
3600134144,101.436,0,0,-101.436,101.436,215,0,0,0,10,17,28.5,56.5788,1.5
3600134144,98.2452,0,0,-98.2452,98.2452,215,0,0,0,10,11,13,62.1581,1.5
3600134167,96.1291,0,0,-96.1291,96.1291,238,0,0,0,10,10,-1,70.4136,1.5
3600134169,102.813,0,0,-102.813,102.813,240,0,0,0,10,8,-22.5,67.4687,1.5
3600134176,100.225,0,0,-100.225,100.225,247,0,0,0,10,18,31.8772,65.8772,1.5
3600134177,101.258,0,0,-101.258,101.258,248,0,0,0,10,15,24.3029,69.3029,1.5
3600134178,103.056,0,0,-103.056,103.056,249,0,0,0,10,12,-15.5,72.149,1.5
3600134180,102.317,0,0,-102.317,102.317,251,0,0,0,10,14,-26.5042,69.5042,1.5
3617107384,101.258,0,0,-101.258,101.258,248,15,24.3029,69.3029,1.5,0,0,0,10
3622973315,84.3376,0,0,-84.3376,84.3376,107,4,-15.2734,27.2734,1.5,0,0,0,10
3623607236,84.5263,0,0,-84.5263,84.5263,100,9,1.8131,28.3131,1.5,0,0,0,10
3623973385,96.6791,0,0,-96.6791,96.6791,177,2,-7.41992,52,1.5,0,0,0,10
3624107374,96.1291,0,0,-96.1291,96.1291,238,10,-1,70.4136,1.5,0,0,0,10
3625107348,98.6267,0,0,-98.6267,98.6267,212,3,-19.8838,59.5,1.5,0,0,0,10
3626982252,85.1191,0,0,-85.1191,85.1191,116,16,5.79926,33,1.5,0,0,0,10
3627357385,103.056,0,0,-103.056,103.056,249,12,-15.5,72.149,1.5,0,0,0,10
3627357387,102.317,0,0,-102.317,102.317,251,14,-26.5042,69.5042,1.5,0,0,0,10
3627607230,83.5047,0,0,-83.5047,83.5047,94,7,11.4793,24.5,1.5,0,0,0,10
3628857243,84.4884,0,0,-84.4884,84.4884,107,1,-12,28.2705,1.5,0,0,0,10
3629232308,95.3054,0,0,-95.3054,95.3054,172,5,-22,45.3679,1.5,0,0,0,10
3629232376,102.813,0,0,-102.813,102.813,240,8,-22.5,67.4687,1.5,0,0,0,10
3629857351,101.436,0,0,-101.436,101.436,215,17,28.5,56.5788,1.5,0,0,0,10
3631107351,98.2452,0,0,-98.2452,98.2452,215,11,13,62.1581,1.5,0,0,0,10
3631357202,81.8145,0,0,-81.8145,81.8145,66,6,1.5,17.2339,1.5,0,0,0,10
3632482229,84.0121,0,0,-84.0121,84.0121,93,19,12.7354,23.2646,1.5,0,0,0,10
3633732383,100.225,0,0,-100.225,100.225,247,18,31.8772,65.8772,1.5,0,0,0,10
3636607298,94.64,0,0,-94.64,94.64,162,20,10.6241,46.1241,1.5,0,0,0,10
3639607290,96.4248,0,0,-96.4248,96.4248,154,13,16.7556,41.7556,1.5,0,0,0,10
3650000107,84.3376,0,0,-84.3376,84.3376,107,0,0,0,10,4,-15.2734,27.2734,1.5
3650000177,96.6791,0,0,-96.6791,96.6791,177,0,0,0,10,2,-7.41992,52,1.5
3650062591,83.5047,0,0,-83.5047,83.5047,94,0,0,0,10,7,11.4793,24.5,1.5
3650125116,85.1191,0,0,-85.1191,85.1191,116,0,0,0,10,16,5.79926,33,1.5
3650133995,81.8145,0,0,-81.8145,81.8145,66,0,0,0,10,6,1.5,17.2339,1.5
3650134022,84.0121,0,0,-84.0121,84.0121,93,0,0,0,10,19,12.7354,23.2646,1.5
3650134029,84.5263,0,0,-84.5263,84.5263,100,0,0,0,10,9,1.8131,28.3131,1.5
3650134036,84.4884,0,0,-84.4884,84.4884,107,0,0,0,10,1,-12,28.2705,1.5
3650134083,96.4248,0,0,-96.4248,96.4248,154,0,0,0,10,13,16.7556,41.7556,1.5
3650134091,94.64,0,0,-94.64,94.64,162,0,0,0,10,20,10.6241,46.1241,1.5
3650134101,95.3054,0,0,-95.3054,95.3054,172,0,0,0,10,5,-22,45.3679,1.5
3650134141,98.6267,0,0,-98.6267,98.6267,212,0,0,0,10,3,-19.8838,59.5,1.5
3650134144,101.436,0,0,-101.436,101.436,215,0,0,0,10,17,28.5,56.5788,1.5
3650134144,98.2452,0,0,-98.2452,98.2452,215,0,0,0,10,11,13,62.1581,1.5
3650134167,96.1291,0,0,-96.1291,96.1291,238,0,0,0,10,10,-1,70.4136,1.5
3650134169,102.813,0,0,-102.813,102.813,240,0,0,0,10,8,-22.5,67.4687,1.5
3650134176,100.225,0,0,-100.225,100.225,247,0,0,0,10,18,31.8772,65.8772,1.5
3650134177,101.258,0,0,-101.258,101.258,248,0,0,0,10,15,24.3029,69.3029,1.5
3650134178,103.056,0,0,-103.056,103.056,249,0,0,0,10,12,-15.5,72.149,1.5
3650134180,102.317,0,0,-102.317,102.317,251,0,0,0,10,14,-26.5042,69.5042,1.5
3667107384,101.258,0,0,-101.258,101.258,248,15,24.3029,69.3029,1.5,0,0,0,10
3672973315,84.3376,0,0,-84.3376,84.3376,107,4,-15.2734,27.2734,1.5,0,0,0,10
3673857236,84.5263,0,0,-84.5263,84.5263,100,9,1.8131,28.3131,1.5,0,0,0,10
3673973385,96.6791,0,0,-96.6791,96.6791,177,2,-7.41992,52,1.5,0,0,0,10
3674107374,96.1291,0,0,-96.1291,96.1291,238,10,-1,70.4136,1.5,0,0,0,10
3675107348,98.6267,0,0,-98.6267,98.6267,212,3,-19.8838,59.5,1.5,0,0,0,10
3676982252,85.1191,0,0,-85.1191,85.1191,116,16,5.79926,33,1.5,0,0,0,10
3677473460,102.317,0,0,-102.317,102.317,251,14,-26.5042,69.5042,1.5,0,0,0,10
3677607385,103.056,0,0,-103.056,103.056,249,12,-15.5,72.149,1.5,0,0,0,10
3677857230,83.5047,0,0,-83.5047,83.5047,94,7,11.4793,24.5,1.5,0,0,0,10
3678857243,84.4884,0,0,-84.4884,84.4884,107,1,-12,28.2705,1.5,0,0,0,10
3679232376,102.813,0,0,-102.813,102.813,240,8,-22.5,67.4687,1.5,0,0,0,10
3679482308,95.3054,0,0,-95.3054,95.3054,172,5,-22,45.3679,1.5,0,0,0,10
3679857351,101.436,0,0,-101.436,101.436,215,17,28.5,56.5788,1.5,0,0,0,10
3681357202,81.8145,0,0,-81.8145,81.8145,66,6,1.5,17.2339,1.5,0,0,0,10
3681357351,98.2452,0,0,-98.2452,98.2452,215,11,13,62.1581,1.5,0,0,0,10
3682482229,84.0121,0,0,-84.0121,84.0121,93,19,12.7354,23.2646,1.5,0,0,0,10
3683732383,100.225,0,0,-100.225,100.225,247,18,31.8772,65.8772,1.5,0,0,0,10
3686607298,94.64,0,0,-94.64,94.64,162,20,10.6241,46.1241,1.5,0,0,0,10
3690607290,96.4248,0,0,-96.4248,96.4248,154,13,16.7556,41.7556,1.5,0,0,0,10
3700000107,84.3376,0,0,-84.3376,84.3376,107,0,0,0,10,4,-15.3795,27.3795,1.5
3700000177,96.6791,0,0,-96.6791,96.6791,177,0,0,0,10,2,-7.56992,52,1.5
3700062591,83.5047,0,0,-83.5047,83.5047,94,0,0,0,10,7,11.6293,24.5,1.5
3700125116,85.1191,0,0,-85.1191,85.1191,116,0,0,0,10,16,5.64926,33,1.5
3700133995,81.8145,0,0,-81.8145,81.8145,66,0,0,0,10,6,1.5,17.0839,1.5
3700134022,84.0121,0,0,-84.0121,84.0121,93,0,0,0,10,19,12.8415,23.1585,1.5
3700134029,84.5263,0,0,-84.5263,84.5263,100,0,0,0,10,9,1.70703,28.207,1.5
3700134036,84.4884,0,0,-84.4884,84.4884,107,0,0,0,10,1,-12,28.1205,1.5
3700134083,96.4248,0,0,-96.4248,96.4248,154,0,0,0,10,13,16.6496,41.6496,1.5
3700134091,94.64,0,0,-94.64,94.64,162,0,0,0,10,20,10.5181,46.0181,1.5
3700134101,95.3054,0,0,-95.3054,95.3054,172,0,0,0,10,5,-22,45.2179,1.5
3700134141,98.6267,0,0,-98.6267,98.6267,212,0,0,0,10,3,-19.7338,59.5,1.5
3700134144,101.436,0,0,-101.436,101.436,215,0,0,0,10,17,28.5,56.4288,1.5
3700134144,98.2452,0,0,-98.2452,98.2452,215,0,0,0,10,11,13,62.0081,1.5
3700134167,96.1291,0,0,-96.1291,96.1291,238,0,0,0,10,10,-1,70.2636,1.5
3700134169,102.813,0,0,-102.813,102.813,240,0,0,0,10,8,-22.5,67.3187,1.5
3700134176,100.225,0,0,-100.225,100.225,247,0,0,0,10,18,31.7711,65.7711,1.5
3700134177,101.258,0,0,-101.258,101.258,248,0,0,0,10,15,24.1969,69.1969,1.5
3700134178,103.056,0,0,-103.056,103.056,249,0,0,0,10,12,-15.5,71.999,1.5
3700134180,102.317,0,0,-102.317,102.317,251,0,0,0,10,14,-26.3981,69.3981,1.5
3717107384,101.258,0,0,-101.258,101.258,248,15,24.1969,69.1969,1.5,0,0,0,10
3722973315,84.3376,0,0,-84.3376,84.3376,107,4,-15.3795,27.3795,1.5,0,0,0,10
3723973385,96.6791,0,0,-96.6791,96.6791,177,2,-7.56992,52,1.5,0,0,0,10
3724107236,84.5263,0,0,-84.5263,84.5263,100,9,1.70703,28.207,1.5,0,0,0,10
3724107374,96.1291,0,0,-96.1291,96.1291,238,10,-1,70.2636,1.5,0,0,0,10
3725107348,98.6267,0,0,-98.6267,98.6267,212,3,-19.7338,59.5,1.5,0,0,0,10
3726982252,85.1191,0,0,-85.1191,85.1191,116,16,5.64926,33,1.5,0,0,0,10
3727732385,103.056,0,0,-103.056,103.056,249,12,-15.5,71.999,1.5,0,0,0,10
3727857387,102.317,0,0,-102.317,102.317,251,14,-26.3981,69.3981,1.5,0,0,0,10
3727982230,83.5047,0,0,-83.5047,83.5047,94,7,11.6293,24.5,1.5,0,0,0,10
3728857243,84.4884,0,0,-84.4884,84.4884,107,1,-12,28.1205,1.5,0,0,0,10
3729232376,102.813,0,0,-102.813,102.813,240,8,-22.5,67.3187,1.5,0,0,0,10
3729732308,95.3054,0,0,-95.3054,95.3054,172,5,-22,45.2179,1.5,0,0,0,10
3729857351,101.436,0,0,-101.436,101.436,215,17,28.5,56.4288,1.5,0,0,0,10
3731357202,81.8145,0,0,-81.8145,81.8145,66,6,1.5,17.0839,1.5,0,0,0,10
3731482351,98.2452,0,0,-98.2452,98.2452,215,11,13,62.0081,1.5,0,0,0,10
3732482229,84.0121,0,0,-84.0121,84.0121,93,19,12.8415,23.1585,1.5,0,0,0,10
3733732383,100.225,0,0,-100.225,100.225,247,18,31.7711,65.7711,1.5,0,0,0,10
3736607298,94.64,0,0,-94.64,94.64,162,20,10.5181,46.0181,1.5,0,0,0,10
3740607290,96.4248,0,0,-96.4248,96.4248,154,13,16.6496,41.6496,1.5,0,0,0,10
3750000107,84.3376,0,0,-84.3376,84.3376,107,0,0,0,10,4,-15.3795,27.3795,1.5
3750000177,96.6791,0,0,-96.6791,96.6791,177,0,0,0,10,2,-7.56992,52,1.5
3750062591,83.5047,0,0,-83.5047,83.5047,94,0,0,0,10,7,11.6293,24.5,1.5
3750125116,85.1191,0,0,-85.1191,85.1191,116,0,0,0,10,16,5.64926,33,1.5
3750133995,81.8145,0,0,-81.8145,81.8145,66,0,0,0,10,6,1.5,17.0839,1.5
3750134022,84.0121,0,0,-84.0121,84.0121,93,0,0,0,10,19,12.8415,23.1585,1.5
3750134029,84.5263,0,0,-84.5263,84.5263,100,0,0,0,10,9,1.70703,28.207,1.5
3750134036,84.4884,0,0,-84.4884,84.4884,107,0,0,0,10,1,-12,28.1205,1.5
3750134083,96.4248,0,0,-96.4248,96.4248,154,0,0,0,10,13,16.6496,41.6496,1.5
3750134091,94.64,0,0,-94.64,94.64,162,0,0,0,10,20,10.5181,46.0181,1.5
3750134101,95.3054,0,0,-95.3054,95.3054,172,0,0,0,10,5,-22,45.2179,1.5
3750134141,98.6267,0,0,-98.6267,98.6267,212,0,0,0,10,3,-19.7338,59.5,1.5
3750134144,101.436,0,0,-101.436,101.436,215,0,0,0,10,17,28.5,56.4288,1.5
3750134144,98.2452,0,0,-98.2452,98.2452,215,0,0,0,10,11,13,62.0081,1.5
3750134167,96.1291,0,0,-96.1291,96.1291,238,0,0,0,10,10,-1,70.2636,1.5
3750134169,102.813,0,0,-102.813,102.813,240,0,0,0,10,8,-22.5,67.3187,1.5
3750134176,100.225,0,0,-100.225,100.225,247,0,0,0,10,18,31.7711,65.7711,1.5
3750134177,101.258,0,0,-101.258,101.258,248,0,0,0,10,15,24.1969,69.1969,1.5
3750134178,103.056,0,0,-103.056,103.056,249,0,0,0,10,12,-15.5,71.999,1.5
3750134180,102.317,0,0,-102.317,102.317,251,0,0,0,10,14,-26.3981,69.3981,1.5
3767107384,101.258,0,0,-101.258,101.258,248,15,24.1969,69.1969,1.5,0,0,0,10
3772973315,84.3376,0,0,-84.3376,84.3376,107,4,-15.3795,27.3795,1.5,0,0,0,10
3773973385,96.6791,0,0,-96.6791,96.6791,177,2,-7.56992,52,1.5,0,0,0,10
3774107374,96.1291,0,0,-96.1291,96.1291,238,10,-1,70.2636,1.5,0,0,0,10
3774232236,84.5263,0,0,-84.5263,84.5263,100,9,1.70703,28.207,1.5,0,0,0,10
3775107348,98.6267,0,0,-98.6267,98.6267,212,3,-19.7338,59.5,1.5,0,0,0,10
3776982252,85.1191,0,0,-85.1191,85.1191,116,16,5.64926,33,1.5,0,0,0,10
3777982230,83.5047,0,0,-83.5047,83.5047,94,7,11.6293,24.5,1.5,0,0,0,10
3777982385,103.056,0,0,-103.056,103.056,249,12,-15.5,71.999,1.5,0,0,0,10
3778232387,102.317,0,0,-102.317,102.317,251,14,-26.3981,69.3981,1.5,0,0,0,10
3779107243,84.4884,0,0,-84.4884,84.4884,107,1,-12,28.1205,1.5,0,0,0,10
3779482376,102.813,0,0,-102.813,102.813,240,8,-22.5,67.3187,1.5,0,0,0,10
3779857351,101.436,0,0,-101.436,101.436,215,17,28.5,56.4288,1.5,0,0,0,10
3779982308,95.3054,0,0,-95.3054,95.3054,172,5,-22,45.2179,1.5,0,0,0,10
3781357202,81.8145,0,0,-81.8145,81.8145,66,6,1.5,17.0839,1.5,0,0,0,10
3781482351,98.2452,0,0,-98.2452,98.2452,215,11,13,62.0081,1.5,0,0,0,10
3782482229,84.0121,0,0,-84.0121,84.0121,93,19,12.8415,23.1585,1.5,0,0,0,10
3783732383,100.225,0,0,-100.225,100.225,247,18,31.7711,65.7711,1.5,0,0,0,10
3786607298,94.64,0,0,-94.64,94.64,162,20,10.5181,46.0181,1.5,0,0,0,10
3790607290,96.4248,0,0,-96.4248,96.4248,154,13,16.6496,41.6496,1.5,0,0,0,10
3800000107,84.3376,0,0,-84.3376,84.3376,107,0,0,0,10,4,-15.4855,27.4855,1.5
3800000177,96.6791,0,0,-96.6791,96.6791,177,0,0,0,10,2,-7.71992,52,1.5
3800062591,83.5047,0,0,-83.5047,83.5047,94,0,0,0,10,7,11.7793,24.5,1.5
3800125116,85.1191,0,0,-85.1191,85.1191,116,0,0,0,10,16,5.49948,32.9995,1.5
3800133995,81.8145,0,0,-81.8145,81.8145,66,0,0,0,10,6,1.5,16.9339,1.5
3800134022,84.0121,0,0,-84.0121,84.0121,93,0,0,0,10,19,12.9475,23.0525,1.5
3800134029,84.5263,0,0,-84.5263,84.5263,100,0,0,0,10,9,1.60097,28.101,1.5
3800134036,84.4884,0,0,-84.4884,84.4884,107,0,0,0,10,1,-12,27.9705,1.5
3800134083,96.4248,0,0,-96.4248,96.4248,154,0,0,0,10,13,16.5435,41.5435,1.5
3800134091,94.64,0,0,-94.64,94.64,162,0,0,0,10,20,10.412,45.912,1.5
3800134101,95.3054,0,0,-95.3054,95.3054,172,0,0,0,10,5,-22,45.0679,1.5
3800134141,98.6267,0,0,-98.6267,98.6267,212,0,0,0,10,3,-19.5838,59.5,1.5
3800134144,101.436,0,0,-101.436,101.436,215,0,0,0,10,17,28.5,56.2788,1.5
3800134144,98.2452,0,0,-98.2452,98.2452,215,0,0,0,10,11,12.8997,61.8997,1.5
3800134167,96.1291,0,0,-96.1291,96.1291,238,0,0,0,10,10,-1,70.1136,1.5
3800134169,102.813,0,0,-102.813,102.813,240,0,0,0,10,8,-22.5,67.1687,1.5
3800134176,100.225,0,0,-100.225,100.225,247,0,0,0,10,18,31.665,65.665,1.5
3800134177,101.258,0,0,-101.258,101.258,248,0,0,0,10,15,24.0908,69.0908,1.5
3800134178,103.056,0,0,-103.056,103.056,249,0,0,0,10,12,-15.5,71.849,1.5
3800134180,102.317,0,0,-102.317,102.317,251,0,0,0,10,14,-26.2921,69.2921,1.5
3817107384,101.258,0,0,-101.258,101.258,248,15,24.0908,69.0908,1.5,0,0,0,10
3822973315,84.3376,0,0,-84.3376,84.3376,107,4,-15.4855,27.4855,1.5,0,0,0,10
3823973385,96.6791,0,0,-96.6791,96.6791,177,2,-7.71992,52,1.5,0,0,0,10
3824107374,96.1291,0,0,-96.1291,96.1291,238,10,-1,70.1136,1.5,0,0,0,10
3824232236,84.5263,0,0,-84.5263,84.5263,100,9,1.60097,28.101,1.5,0,0,0,10
3825357348,98.6267,0,0,-98.6267,98.6267,212,3,-19.5838,59.5,1.5,0,0,0,10
3826982252,85.1191,0,0,-85.1191,85.1191,116,16,5.49948,32.9995,1.5,0,0,0,10
3827982230,83.5047,0,0,-83.5047,83.5047,94,7,11.7793,24.5,1.5,0,0,0,10
3828232385,103.056,0,0,-103.056,103.056,249,12,-15.5,71.849,1.5,0,0,0,10
3828232387,102.317,0,0,-102.317,102.317,251,14,-26.2921,69.2921,1.5,0,0,0,10
3829357243,84.4884,0,0,-84.4884,84.4884,107,1,-12,27.9705,1.5,0,0,0,10
3829732376,102.813,0,0,-102.813,102.813,240,8,-22.5,67.1687,1.5,0,0,0,10
3829857351,101.436,0,0,-101.436,101.436,215,17,28.5,56.2788,1.5,0,0,0,10
3830107308,95.3054,0,0,-95.3054,95.3054,172,5,-22,45.0679,1.5,0,0,0,10
3831357202,81.8145,0,0,-81.8145,81.8145,66,6,1.5,16.9339,1.5,0,0,0,10
3831607351,98.2452,0,0,-98.2452,98.2452,215,11,12.8997,61.8997,1.5,0,0,0,10
3832482229,84.0121,0,0,-84.0121,84.0121,93,19,12.9475,23.0525,1.5,0,0,0,10
3833732383,100.225,0,0,-100.225,100.225,247,18,31.665,65.665,1.5,0,0,0,10
3836607298,94.64,0,0,-94.64,94.64,162,20,10.412,45.912,1.5,0,0,0,10
3840607290,96.4248,0,0,-96.4248,96.4248,154,13,16.5435,41.5435,1.5,0,0,0,10
3850000107,84.3376,0,0,-84.3376,84.3376,107,0,0,0,10,4,-15.4855,27.4855,1.5
3850000177,96.6791,0,0,-96.6791,96.6791,177,0,0,0,10,2,-7.71992,52,1.5
3850062591,83.5047,0,0,-83.5047,83.5047,94,0,0,0,10,7,11.7793,24.5,1.5
3850125116,85.1191,0,0,-85.1191,85.1191,116,0,0,0,10,16,5.49948,32.9995,1.5
3850133995,81.8145,0,0,-81.8145,81.8145,66,0,0,0,10,6,1.5,16.9339,1.5
3850134022,84.0121,0,0,-84.0121,84.0121,93,0,0,0,10,19,12.9475,23.0525,1.5
3850134029,84.5263,0,0,-84.5263,84.5263,100,0,0,0,10,9,1.60097,28.101,1.5
3850134036,84.4884,0,0,-84.4884,84.4884,107,0,0,0,10,1,-12,27.9705,1.5
3850134083,96.4248,0,0,-96.4248,96.4248,154,0,0,0,10,13,16.5435,41.5435,1.5
3850134091,94.64,0,0,-94.64,94.64,162,0,0,0,10,20,10.412,45.912,1.5
3850134101,95.3054,0,0,-95.3054,95.3054,172,0,0,0,10,5,-22,45.0679,1.5
3850134141,98.6267,0,0,-98.6267,98.6267,212,0,0,0,10,3,-19.5838,59.5,1.5
3850134144,101.436,0,0,-101.436,101.436,215,0,0,0,10,17,28.5,56.2788,1.5
3850134144,98.2452,0,0,-98.2452,98.2452,215,0,0,0,10,11,12.8997,61.8997,1.5
3850134167,96.1291,0,0,-96.1291,96.1291,238,0,0,0,10,10,-1,70.1136,1.5
3850134169,102.813,0,0,-102.813,102.813,240,0,0,0,10,8,-22.5,67.1687,1.5
3850134176,100.225,0,0,-100.225,100.225,247,0,0,0,10,18,31.665,65.665,1.5
3850134177,101.258,0,0,-101.258,101.258,248,0,0,0,10,15,24.0908,69.0908,1.5
3850134178,103.056,0,0,-103.056,103.056,249,0,0,0,10,12,-15.5,71.849,1.5
3850134180,102.317,0,0,-102.317,102.317,251,0,0,0,10,14,-26.2921,69.2921,1.5
3867107384,101.258,0,0,-101.258,101.258,248,15,24.0908,69.0908,1.5,0,0,0,10
3872973315,84.3376,0,0,-84.3376,84.3376,107,4,-15.4855,27.4855,1.5,0,0,0,10
3873973385,96.6791,0,0,-96.6791,96.6791,177,2,-7.71992,52,1.5,0,0,0,10
3874107374,96.1291,0,0,-96.1291,96.1291,238,10,-1,70.1136,1.5,0,0,0,10
3874232236,84.5263,0,0,-84.5263,84.5263,100,9,1.60097,28.101,1.5,0,0,0,10
3875607348,98.6267,0,0,-98.6267,98.6267,212,3,-19.5838,59.5,1.5,0,0,0,10
3876982252,85.1191,0,0,-85.1191,85.1191,116,16,5.49948,32.9995,1.5,0,0,0,10
3878232230,83.5047,0,0,-83.5047,83.5047,94,7,11.7793,24.5,1.5,0,0,0,10
3878232387,102.317,0,0,-102.317,102.317,251,14,-26.2921,69.2921,1.5,0,0,0,10
3878482385,103.056,0,0,-103.056,103.056,249,12,-15.5,71.849,1.5,0,0,0,10
3879607243,84.4884,0,0,-84.4884,84.4884,107,1,-12,27.9705,1.5,0,0,0,10
3879857351,101.436,0,0,-101.436,101.436,215,17,28.5,56.2788,1.5,0,0,0,10
3879982376,102.813,0,0,-102.813,102.813,240,8,-22.5,67.1687,1.5,0,0,0,10
3880107308,95.3054,0,0,-95.3054,95.3054,172,5,-22,45.0679,1.5,0,0,0,10
3881607202,81.8145,0,0,-81.8145,81.8145,66,6,1.5,16.9339,1.5,0,0,0,10
3881607351,98.2452,0,0,-98.2452,98.2452,215,11,12.8997,61.8997,1.5,0,0,0,10
3882482229,84.0121,0,0,-84.0121,84.0121,93,19,12.9475,23.0525,1.5,0,0,0,10
3883732383,100.225,0,0,-100.225,100.225,247,18,31.665,65.665,1.5,0,0,0,10
3886607298,94.64,0,0,-94.64,94.64,162,20,10.412,45.912,1.5,0,0,0,10
3891598362,96.4248,0,0,-96.4248,96.4248,154,13,16.5435,41.5435,1.5,0,0,0,10
3900000107,84.3376,0,0,-84.3376,84.3376,107,0,0,0,10,4,-15.5916,27.5916,1.5
3900000177,96.6791,0,0,-96.6791,96.6791,177,0,0,0,10,2,-7.86992,52,1.5
3900062591,83.5047,0,0,-83.5047,83.5047,94,0,0,0,10,7,11.9293,24.5,1.5
3900125116,85.1191,0,0,-85.1191,85.1191,116,0,0,0,10,16,5.39341,32.8934,1.5
3900134022,84.0121,0,0,-84.0121,84.0121,93,0,0,0,10,19,13.0536,22.9464,1.5
3900134029,84.5263,0,0,-84.5263,84.5263,100,0,0,0,10,9,1.4949,27.9949,1.5
3900134036,84.4884,0,0,-84.4884,84.4884,107,0,0,0,10,1,-12,27.8205,1.5
3900134083,96.4248,0,0,-96.4248,96.4248,154,0,0,0,10,13,16.4374,41.4374,1.5
3900134091,94.64,0,0,-94.64,94.64,162,0,0,0,10,20,10.3059,45.8059,1.5
3900134101,95.3054,0,0,-95.3054,95.3054,172,0,0,0,10,5,-22,44.9179,1.5
3900134141,98.6267,0,0,-98.6267,98.6267,212,0,0,0,10,3,-19.4338,59.5,1.5
3900134144,101.436,0,0,-101.436,101.436,215,0,0,0,10,17,28.5,56.1288,1.5
3900134144,98.2452,0,0,-98.2452,98.2452,215,0,0,0,10,11,12.7936,61.7936,1.5
3900134167,96.1291,0,0,-96.1291,96.1291,238,0,0,0,10,10,-1,69.9636,1.5
3900134169,102.813,0,0,-102.813,102.813,240,0,0,0,10,8,-22.5,67.0187,1.5
3900134176,100.225,0,0,-100.225,100.225,247,0,0,0,10,18,31.559,65.559,1.5
3900134177,101.258,0,0,-101.258,101.258,248,0,0,0,10,15,23.9847,68.9847,1.5
3900134178,103.056,0,0,-103.056,103.056,249,0,0,0,10,12,-15.5,71.699,1.5
3900134180,102.317,0,0,-102.317,102.317,251,0,0,0,10,14,-26.186,69.186,1.5
3900142918,81.2649,0,0,-81.2649,81.2649,61,0,0,0,10,6,1.5,16.7839,1.5
3917107384,101.258,0,0,-101.258,101.258,248,15,23.9847,68.9847,1.5,0,0,0,10
3922973315,84.3376,0,0,-84.3376,84.3376,107,4,-15.5916,27.5916,1.5,0,0,0,10
3923973385,96.6791,0,0,-96.6791,96.6791,177,2,-7.86992,52,1.5,0,0,0,10
3924232236,84.5263,0,0,-84.5263,84.5263,100,9,1.4949,27.9949,1.5,0,0,0,10
3924357374,96.1291,0,0,-96.1291,96.1291,238,10,-1,69.9636,1.5,0,0,0,10
3925857348,98.6267,0,0,-98.6267,98.6267,212,3,-19.4338,59.5,1.5,0,0,0,10
3926982252,85.1191,0,0,-85.1191,85.1191,116,16,5.39341,32.8934,1.5,0,0,0,10
3928348460,102.317,0,0,-102.317,102.317,251,14,-26.186,69.186,1.5,0,0,0,10
3928482230,83.5047,0,0,-83.5047,83.5047,94,7,11.9293,24.5,1.5,0,0,0,10
3928723457,103.056,0,0,-103.056,103.056,249,12,-15.5,71.699,1.5,0,0,0,10
3929857243,84.4884,0,0,-84.4884,84.4884,107,1,-12,27.8205,1.5,0,0,0,10
3929857351,101.436,0,0,-101.436,101.436,215,17,28.5,56.1288,1.5,0,0,0,10
3930107308,95.3054,0,0,-95.3054,95.3054,172,5,-22,44.9179,1.5,0,0,0,10
3930232376,102.813,0,0,-102.813,102.813,240,8,-22.5,67.0187,1.5,0,0,0,10
3931607351,98.2452,0,0,-98.2452,98.2452,215,11,12.7936,61.7936,1.5,0,0,0,10
3931982197,81.2649,0,0,-81.2649,81.2649,61,6,1.5,16.7839,1.5,0,0,0,10
3932482229,84.0121,0,0,-84.0121,84.0121,93,19,13.0536,22.9464,1.5,0,0,0,10
3933732383,100.225,0,0,-100.225,100.225,247,18,31.559,65.559,1.5,0,0,0,10
3936607298,94.64,0,0,-94.64,94.64,162,20,10.3059,45.8059,1.5,0,0,0,10
3941598362,96.4248,0,0,-96.4248,96.4248,154,13,16.4374,41.4374,1.5,0,0,0,10
3950000107,84.3376,0,0,-84.3376,84.3376,107,0,0,0,10,4,-15.5916,27.5916,1.5
3950000177,96.6791,0,0,-96.6791,96.6791,177,0,0,0,10,2,-7.86992,52,1.5
3950062591,83.5047,0,0,-83.5047,83.5047,94,0,0,0,10,7,11.9293,24.5,1.5
3950125116,85.1191,0,0,-85.1191,85.1191,116,0,0,0,10,16,5.39341,32.8934,1.5
3950134022,84.0121,0,0,-84.0121,84.0121,93,0,0,0,10,19,13.0536,22.9464,1.5
3950134029,84.5263,0,0,-84.5263,84.5263,100,0,0,0,10,9,1.4949,27.9949,1.5
3950134036,84.4884,0,0,-84.4884,84.4884,107,0,0,0,10,1,-12,27.8205,1.5
3950134083,96.4248,0,0,-96.4248,96.4248,154,0,0,0,10,13,16.4374,41.4374,1.5
3950134091,94.64,0,0,-94.64,94.64,162,0,0,0,10,20,10.3059,45.8059,1.5
3950134101,95.3054,0,0,-95.3054,95.3054,172,0,0,0,10,5,-22,44.9179,1.5
3950134141,98.6267,0,0,-98.6267,98.6267,212,0,0,0,10,3,-19.4338,59.5,1.5
3950134144,101.436,0,0,-101.436,101.436,215,0,0,0,10,17,28.5,56.1288,1.5
3950134144,98.2452,0,0,-98.2452,98.2452,215,0,0,0,10,11,12.7936,61.7936,1.5
3950134167,96.1291,0,0,-96.1291,96.1291,238,0,0,0,10,10,-1,69.9636,1.5
3950134169,102.813,0,0,-102.813,102.813,240,0,0,0,10,8,-22.5,67.0187,1.5
3950134176,100.225,0,0,-100.225,100.225,247,0,0,0,10,18,31.559,65.559,1.5
3950134177,101.258,0,0,-101.258,101.258,248,0,0,0,10,15,23.9847,68.9847,1.5
3950134178,103.056,0,0,-103.056,103.056,249,0,0,0,10,12,-15.5,71.699,1.5
3950134180,102.317,0,0,-102.317,102.317,251,0,0,0,10,14,-26.186,69.186,1.5
3950142918,81.2649,0,0,-81.2649,81.2649,61,0,0,0,10,6,1.5,16.7839,1.5
3967107384,101.258,0,0,-101.258,101.258,248,15,23.9847,68.9847,1.5,0,0,0,10
3972973315,84.3376,0,0,-84.3376,84.3376,107,4,-15.5916,27.5916,1.5,0,0,0,10
3973973385,96.6791,0,0,-96.6791,96.6791,177,2,-7.86992,52,1.5,0,0,0,10
3974232236,84.5263,0,0,-84.5263,84.5263,100,9,1.4949,27.9949,1.5,0,0,0,10
3974607374,96.1291,0,0,-96.1291,96.1291,238,10,-1,69.9636,1.5,0,0,0,10
3976107348,98.6267,0,0,-98.6267,98.6267,212,3,-19.4338,59.5,1.5,0,0,0,10
3976982252,85.1191,0,0,-85.1191,85.1191,116,16,5.39341,32.8934,1.5,0,0,0,10
3978723457,103.056,0,0,-103.056,103.056,249,12,-15.5,71.699,1.5,0,0,0,10
3978732230,83.5047,0,0,-83.5047,83.5047,94,7,11.9293,24.5,1.5,0,0,0,10
3978732387,102.317,0,0,-102.317,102.317,251,14,-26.186,69.186,1.5,0,0,0,10
3979857351,101.436,0,0,-101.436,101.436,215,17,28.5,56.1288,1.5,0,0,0,10
3979982243,84.4884,0,0,-84.4884,84.4884,107,1,-12,27.8205,1.5,0,0,0,10
3980357308,95.3054,0,0,-95.3054,95.3054,172,5,-22,44.9179,1.5,0,0,0,10
3980357376,102.813,0,0,-102.813,102.813,240,8,-22.5,67.0187,1.5,0,0,0,10
3981607351,98.2452,0,0,-98.2452,98.2452,215,11,12.7936,61.7936,1.5,0,0,0,10
3982107197,81.2649,0,0,-81.2649,81.2649,61,6,1.5,16.7839,1.5,0,0,0,10
3982482229,84.0121,0,0,-84.0121,84.0121,93,19,13.0536,22.9464,1.5,0,0,0,10
3983732383,100.225,0,0,-100.225,100.225,247,18,31.559,65.559,1.5,0,0,0,10
3986607298,94.64,0,0,-94.64,94.64,162,20,10.3059,45.8059,1.5,0,0,0,10
3991598362,96.4248,0,0,-96.4248,96.4248,154,13,16.4374,41.4374,1.5,0,0,0,10
4000000107,84.3376,0,0,-84.3376,84.3376,107,0,0,0,10,4,-15.6977,27.6977,1.5
4000000177,96.6791,0,0,-96.6791,96.6791,177,0,0,0,10,2,-8.01992,52,1.5
4000062591,83.5047,0,0,-83.5047,83.5047,94,0,0,0,10,7,12.0793,24.5,1.5
4000125116,85.1191,0,0,-85.1191,85.1191,116,0,0,0,10,16,5.28734,32.7873,1.5
4000134022,84.0121,0,0,-84.0121,84.0121,93,0,0,0,10,19,13.1597,22.8403,1.5
4000134029,84.5263,0,0,-84.5263,84.5263,100,0,0,0,10,9,1.38884,27.8888,1.5
4000134036,84.4884,0,0,-84.4884,84.4884,107,0,0,0,10,1,-12,27.6705,1.5
4000134083,96.4248,0,0,-96.4248,96.4248,154,0,0,0,10,13,16.3314,41.3314,1.5
4000134091,94.64,0,0,-94.64,94.64,162,0,0,0,10,20,10.1999,45.6999,1.5
4000134101,95.3054,0,0,-95.3054,95.3054,172,0,0,0,10,5,-22,44.7679,1.5
4000134141,98.6267,0,0,-98.6267,98.6267,212,0,0,0,10,3,-19.2838,59.5,1.5
4000134144,101.436,0,0,-101.436,101.436,215,0,0,0,10,17,28.5,55.9788,1.5
4000134144,98.2452,0,0,-98.2452,98.2452,215,0,0,0,10,11,12.6875,61.6875,1.5
4000134167,96.1291,0,0,-96.1291,96.1291,238,0,0,0,10,10,-1,69.8136,1.5
4000134169,102.813,0,0,-102.813,102.813,240,0,0,0,10,8,-22.5,66.8687,1.5
4000134176,100.225,0,0,-100.225,100.225,247,0,0,0,10,18,31.4529,65.4529,1.5
4000134177,101.258,0,0,-101.258,101.258,248,0,0,0,10,15,23.8787,68.8787,1.5
4000134178,103.056,0,0,-103.056,103.056,249,0,0,0,10,12,-15.5,71.549,1.5
4000134180,102.317,0,0,-102.317,102.317,251,0,0,0,10,14,-26.0799,69.0799,1.5
4000142918,81.2649,0,0,-81.2649,81.2649,61,0,0,0,10,6,1.5,16.6339,1.5
4017107384,101.258,0,0,-101.258,101.258,248,15,23.8787,68.8787,1.5,0,0,0,10
4022973315,84.3376,0,0,-84.3376,84.3376,107,4,-15.6977,27.6977,1.5,0,0,0,10
4023973385,96.6791,0,0,-96.6791,96.6791,177,2,-8.01992,52,1.5,0,0,0,10
4024482236,84.5263,0,0,-84.5263,84.5263,100,9,1.38884,27.8888,1.5,0,0,0,10
4024857374,96.1291,0,0,-96.1291,96.1291,238,10,-1,69.8136,1.5,0,0,0,10
4026232348,98.6267,0,0,-98.6267,98.6267,212,3,-19.2838,59.5,1.5,0,0,0,10
4026982252,85.1191,0,0,-85.1191,85.1191,116,16,5.28734,32.7873,1.5,0,0,0,10
4028723457,103.056,0,0,-103.056,103.056,249,12,-15.5,71.549,1.5,0,0,0,10
4028982230,83.5047,0,0,-83.5047,83.5047,94,7,12.0793,24.5,1.5,0,0,0,10
4029107387,102.317,0,0,-102.317,102.317,251,14,-26.0799,69.0799,1.5,0,0,0,10
4029857351,101.436,0,0,-101.436,101.436,215,17,28.5,55.9788,1.5,0,0,0,10
4029982243,84.4884,0,0,-84.4884,84.4884,107,1,-12,27.6705,1.5,0,0,0,10
4030357376,102.813,0,0,-102.813,102.813,240,8,-22.5,66.8687,1.5,0,0,0,10
4030607308,95.3054,0,0,-95.3054,95.3054,172,5,-22,44.7679,1.5,0,0,0,10
4031607351,98.2452,0,0,-98.2452,98.2452,215,11,12.6875,61.6875,1.5,0,0,0,10
4032357197,81.2649,0,0,-81.2649,81.2649,61,6,1.5,16.6339,1.5,0,0,0,10
4032482229,84.0121,0,0,-84.0121,84.0121,93,19,13.1597,22.8403,1.5,0,0,0,10
4033732383,100.225,0,0,-100.225,100.225,247,18,31.4529,65.4529,1.5,0,0,0,10
4036607298,94.64,0,0,-94.64,94.64,162,20,10.1999,45.6999,1.5,0,0,0,10
4041598362,96.4248,0,0,-96.4248,96.4248,154,13,16.3314,41.3314,1.5,0,0,0,10
4050000107,84.3376,0,0,-84.3376,84.3376,107,0,0,0,10,4,-15.6977,27.6977,1.5
4050000177,96.6791,0,0,-96.6791,96.6791,177,0,0,0,10,2,-8.01992,52,1.5
4050071519,83.5047,0,0,-83.5047,83.5047,94,0,0,0,10,7,12.0793,24.5,1.5
4050125116,85.1191,0,0,-85.1191,85.1191,116,0,0,0,10,16,5.28734,32.7873,1.5
4050134022,84.0121,0,0,-84.0121,84.0121,93,0,0,0,10,19,13.1597,22.8403,1.5
4050134029,84.5263,0,0,-84.5263,84.5263,100,0,0,0,10,9,1.38884,27.8888,1.5
4050134036,84.4884,0,0,-84.4884,84.4884,107,0,0,0,10,1,-12,27.6705,1.5
4050134083,96.4248,0,0,-96.4248,96.4248,154,0,0,0,10,13,16.3314,41.3314,1.5
4050134091,94.64,0,0,-94.64,94.64,162,0,0,0,10,20,10.1999,45.6999,1.5
4050134101,95.3054,0,0,-95.3054,95.3054,172,0,0,0,10,5,-22,44.7679,1.5
4050134141,98.6267,0,0,-98.6267,98.6267,212,0,0,0,10,3,-19.2838,59.5,1.5
4050134144,101.436,0,0,-101.436,101.436,215,0,0,0,10,17,28.5,55.9788,1.5
4050134144,98.2452,0,0,-98.2452,98.2452,215,0,0,0,10,11,12.6875,61.6875,1.5
4050134167,96.1291,0,0,-96.1291,96.1291,238,0,0,0,10,10,-1,69.8136,1.5
4050134169,102.813,0,0,-102.813,102.813,240,0,0,0,10,8,-22.5,66.8687,1.5
4050134176,100.225,0,0,-100.225,100.225,247,0,0,0,10,18,31.4529,65.4529,1.5
4050134177,101.258,0,0,-101.258,101.258,248,0,0,0,10,15,23.8787,68.8787,1.5
4050134178,103.056,0,0,-103.056,103.056,249,0,0,0,10,12,-15.5,71.549,1.5
4050134180,102.317,0,0,-102.317,102.317,251,0,0,0,10,14,-26.0799,69.0799,1.5
4050142918,81.2649,0,0,-81.2649,81.2649,61,0,0,0,10,6,1.5,16.6339,1.5
4067107384,101.258,0,0,-101.258,101.258,248,15,23.8787,68.8787,1.5,0,0,0,10
4072973315,84.3376,0,0,-84.3376,84.3376,107,4,-15.6977,27.6977,1.5,0,0,0,10
4073973385,96.6791,0,0,-96.6791,96.6791,177,2,-8.01992,52,1.5,0,0,0,10
4074732236,84.5263,0,0,-84.5263,84.5263,100,9,1.38884,27.8888,1.5,0,0,0,10
4075107374,96.1291,0,0,-96.1291,96.1291,238,10,-1,69.8136,1.5,0,0,0,10
4076232348,98.6267,0,0,-98.6267,98.6267,212,3,-19.2838,59.5,1.5,0,0,0,10
4076982252,85.1191,0,0,-85.1191,85.1191,116,16,5.28734,32.7873,1.5,0,0,0,10
4078723457,103.056,0,0,-103.056,103.056,249,12,-15.5,71.549,1.5,0,0,0,10
4079107230,83.5047,0,0,-83.5047,83.5047,94,7,12.0793,24.5,1.5,0,0,0,10
4079107387,102.317,0,0,-102.317,102.317,251,14,-26.0799,69.0799,1.5,0,0,0,10
4079857351,101.436,0,0,-101.436,101.436,215,17,28.5,55.9788,1.5,0,0,0,10
4079982243,84.4884,0,0,-84.4884,84.4884,107,1,-12,27.6705,1.5,0,0,0,10
4080357376,102.813,0,0,-102.813,102.813,240,8,-22.5,66.8687,1.5,0,0,0,10
4080857308,95.3054,0,0,-95.3054,95.3054,172,5,-22,44.7679,1.5,0,0,0,10
4081857351,98.2452,0,0,-98.2452,98.2452,215,11,12.6875,61.6875,1.5,0,0,0,10
4082482197,81.2649,0,0,-81.2649,81.2649,61,6,1.5,16.6339,1.5,0,0,0,10
4082482229,84.0121,0,0,-84.0121,84.0121,93,19,13.1597,22.8403,1.5,0,0,0,10
4083732383,100.225,0,0,-100.225,100.225,247,18,31.4529,65.4529,1.5,0,0,0,10
4086607298,94.64,0,0,-94.64,94.64,162,20,10.1999,45.6999,1.5,0,0,0,10
4091598362,96.4248,0,0,-96.4248,96.4248,154,13,16.3314,41.3314,1.5,0,0,0,10
4100000107,84.3376,0,0,-84.3376,84.3376,107,0,0,0,10,4,-15.8037,27.8037,1.5
4100000177,96.6791,0,0,-96.6791,96.6791,177,0,0,0,10,2,-8.16992,52,1.5
4100071519,83.5047,0,0,-83.5047,83.5047,94,0,0,0,10,7,12.2293,24.5,1.5
4100125116,85.1191,0,0,-85.1191,85.1191,116,0,0,0,10,16,5.18128,32.6813,1.5
4100134022,84.0121,0,0,-84.0121,84.0121,93,0,0,0,10,19,13.2657,22.7343,1.5
4100134029,84.5263,0,0,-84.5263,84.5263,100,0,0,0,10,9,1.28277,27.7828,1.5
4100134036,84.4884,0,0,-84.4884,84.4884,107,0,0,0,10,1,-12,27.5205,1.5
4100134083,96.4248,0,0,-96.4248,96.4248,154,0,0,0,10,13,16.2253,41.2253,1.5
4100134091,94.64,0,0,-94.64,94.64,162,0,0,0,10,20,10.0938,45.5938,1.5
4100134101,95.3054,0,0,-95.3054,95.3054,172,0,0,0,10,5,-22,44.6179,1.5
4100134141,98.6267,0,0,-98.6267,98.6267,212,0,0,0,10,3,-19.1338,59.5,1.5
4100134144,101.436,0,0,-101.436,101.436,215,0,0,0,10,17,28.5,55.8288,1.5
4100134144,98.2452,0,0,-98.2452,98.2452,215,0,0,0,10,11,12.5815,61.5815,1.5
4100134167,96.1291,0,0,-96.1291,96.1291,238,0,0,0,10,10,-1,69.6636,1.5
4100134169,102.813,0,0,-102.813,102.813,240,0,0,0,10,8,-22.5,66.7187,1.5
4100134176,100.225,0,0,-100.225,100.225,247,0,0,0,10,18,31.3468,65.3468,1.5
4100134177,101.258,0,0,-101.258,101.258,248,0,0,0,10,15,23.7726,68.7726,1.5
4100134178,103.056,0,0,-103.056,103.056,249,0,0,0,10,12,-15.5,71.399,1.5
4100134180,102.317,0,0,-102.317,102.317,251,0,0,0,10,14,-25.9739,68.9739,1.5
4100142918,81.2649,0,0,-81.2649,81.2649,61,0,0,0,10,6,1.5,16.4839,1.5
4117107384,101.258,0,0,-101.258,101.258,248,15,23.7726,68.7726,1.5,0,0,0,10
4122973315,84.3376,0,0,-84.3376,84.3376,107,4,-15.8037,27.8037,1.5,0,0,0,10
4123973385,96.6791,0,0,-96.6791,96.6791,177,2,-8.16992,52,1.5,0,0,0,10
4124982236,84.5263,0,0,-84.5263,84.5263,100,9,1.28277,27.7828,1.5,0,0,0,10
4125232374,96.1291,0,0,-96.1291,96.1291,238,10,-1,69.6636,1.5,0,0,0,10
4126232348,98.6267,0,0,-98.6267,98.6267,212,3,-19.1338,59.5,1.5,0,0,0,10
4126982252,85.1191,0,0,-85.1191,85.1191,116,16,5.18128,32.6813,1.5,0,0,0,10
4128723457,103.056,0,0,-103.056,103.056,249,12,-15.5,71.399,1.5,0,0,0,10
4129107230,83.5047,0,0,-83.5047,83.5047,94,7,12.2293,24.5,1.5,0,0,0,10
4129107387,102.317,0,0,-102.317,102.317,251,14,-25.9739,68.9739,1.5,0,0,0,10
4129857351,101.436,0,0,-101.436,101.436,215,17,28.5,55.8288,1.5,0,0,0,10
4129982243,84.4884,0,0,-84.4884,84.4884,107,1,-12,27.5205,1.5,0,0,0,10
4130607376,102.813,0,0,-102.813,102.813,240,8,-22.5,66.7187,1.5,0,0,0,10
4131107308,95.3054,0,0,-95.3054,95.3054,172,5,-22,44.6179,1.5,0,0,0,10
4132107351,98.2452,0,0,-98.2452,98.2452,215,11,12.5815,61.5815,1.5,0,0,0,10
4132482197,81.2649,0,0,-81.2649,81.2649,61,6,1.5,16.4839,1.5,0,0,0,10
4132482229,84.0121,0,0,-84.0121,84.0121,93,19,13.2657,22.7343,1.5,0,0,0,10
4133732383,100.225,0,0,-100.225,100.225,247,18,31.3468,65.3468,1.5,0,0,0,10
4136607298,94.64,0,0,-94.64,94.64,162,20,10.0938,45.5938,1.5,0,0,0,10
4141598362,96.4248,0,0,-96.4248,96.4248,154,13,16.2253,41.2253,1.5,0,0,0,10
4150000107,84.3376,0,0,-84.3376,84.3376,107,0,0,0,10,4,-15.8037,27.8037,1.5
4150000177,96.6791,0,0,-96.6791,96.6791,177,0,0,0,10,2,-8.16992,52,1.5
4150080447,83.5047,0,0,-83.5047,83.5047,94,0,0,0,10,7,12.2293,24.5,1.5
4150125116,85.1191,0,0,-85.1191,85.1191,116,0,0,0,10,16,5.18128,32.6813,1.5
4150134022,84.0121,0,0,-84.0121,84.0121,93,0,0,0,10,19,13.2657,22.7343,1.5
4150134029,84.5263,0,0,-84.5263,84.5263,100,0,0,0,10,9,1.28277,27.7828,1.5
4150134036,84.4884,0,0,-84.4884,84.4884,107,0,0,0,10,1,-12,27.5205,1.5
4150134083,96.4248,0,0,-96.4248,96.4248,154,0,0,0,10,13,16.2253,41.2253,1.5
4150134091,94.64,0,0,-94.64,94.64,162,0,0,0,10,20,10.0938,45.5938,1.5
4150134101,95.3054,0,0,-95.3054,95.3054,172,0,0,0,10,5,-22,44.6179,1.5
4150134141,98.6267,0,0,-98.6267,98.6267,212,0,0,0,10,3,-19.1338,59.5,1.5
4150134144,101.436,0,0,-101.436,101.436,215,0,0,0,10,17,28.5,55.8288,1.5
4150134144,98.2452,0,0,-98.2452,98.2452,215,0,0,0,10,11,12.5815,61.5815,1.5
4150134167,96.1291,0,0,-96.1291,96.1291,238,0,0,0,10,10,-1,69.6636,1.5
4150134169,102.813,0,0,-102.813,102.813,240,0,0,0,10,8,-22.5,66.7187,1.5
4150134176,100.225,0,0,-100.225,100.225,247,0,0,0,10,18,31.3468,65.3468,1.5
4150134177,101.258,0,0,-101.258,101.258,248,0,0,0,10,15,23.7726,68.7726,1.5
4150134178,103.056,0,0,-103.056,103.056,249,0,0,0,10,12,-15.5,71.399,1.5
4150134180,102.317,0,0,-102.317,102.317,251,0,0,0,10,14,-25.9739,68.9739,1.5
4150142918,81.2649,0,0,-81.2649,81.2649,61,0,0,0,10,6,1.5,16.4839,1.5
4167107384,101.258,0,0,-101.258,101.258,248,15,23.7726,68.7726,1.5,0,0,0,10
4172973315,84.3376,0,0,-84.3376,84.3376,107,4,-15.8037,27.8037,1.5,0,0,0,10
4173973385,96.6791,0,0,-96.6791,96.6791,177,2,-8.16992,52,1.5,0,0,0,10
4175232236,84.5263,0,0,-84.5263,84.5263,100,9,1.28277,27.7828,1.5,0,0,0,10
4175482374,96.1291,0,0,-96.1291,96.1291,238,10,-1,69.6636,1.5,0,0,0,10
4176232348,98.6267,0,0,-98.6267,98.6267,212,3,-19.1338,59.5,1.5,0,0,0,10
4176982252,85.1191,0,0,-85.1191,85.1191,116,16,5.18128,32.6813,1.5,0,0,0,10
4178723457,103.056,0,0,-103.056,103.056,249,12,-15.5,71.399,1.5,0,0,0,10
4179107230,83.5047,0,0,-83.5047,83.5047,94,7,12.2293,24.5,1.5,0,0,0,10
4179214532,102.317,0,0,-102.317,102.317,251,14,-25.9739,68.9739,1.5,0,0,0,10
4179857351,101.436,0,0,-101.436,101.436,215,17,28.5,55.8288,1.5,0,0,0,10
4179982243,84.4884,0,0,-84.4884,84.4884,107,1,-12,27.5205,1.5,0,0,0,10
4180857376,102.813,0,0,-102.813,102.813,240,8,-22.5,66.7187,1.5,0,0,0,10
4181232308,95.3054,0,0,-95.3054,95.3054,172,5,-22,44.6179,1.5,0,0,0,10
4182357351,98.2452,0,0,-98.2452,98.2452,215,11,12.5815,61.5815,1.5,0,0,0,10
4182482197,81.2649,0,0,-81.2649,81.2649,61,6,1.5,16.4839,1.5,0,0,0,10
4182482229,84.0121,0,0,-84.0121,84.0121,93,19,13.2657,22.7343,1.5,0,0,0,10
4183732383,100.225,0,0,-100.225,100.225,247,18,31.3468,65.3468,1.5,0,0,0,10
4186607298,94.64,0,0,-94.64,94.64,162,20,10.0938,45.5938,1.5,0,0,0,10
4191598362,96.4248,0,0,-96.4248,96.4248,154,13,16.2253,41.2253,1.5,0,0,0,10
4200000111,87.8976,0,0,-87.8976,87.8976,111,0,0,0,10,4,-15.9098,27.9098,1.5
4200000178,95.5851,0,0,-95.5851,95.5851,178,0,0,0,10,2,-8.31992,52,1.5
4200080449,83.6201,0,0,-83.6201,83.6201,96,0,0,0,10,7,12.3793,24.5,1.5
4200134043,84.5989,0,0,-84.5989,84.5989,114,0,0,0,10,16,5.07521,32.5752,1.5
4200142919,81.3013,0,0,-81.3013,81.3013,62,0,0,0,10,6,1.5,16.3339,1.5
4200142949,83.2176,0,0,-83.2176,83.2176,92,0,0,0,10,19,13.3718,22.6282,1.5
4200142954,83.5338,0,0,-83.5338,83.5338,97,0,0,0,10,9,1.1767,27.6767,1.5
4200142961,83.8674,0,0,-83.8674,83.8674,104,0,0,0,10,1,-12,27.3705,1.5
4200143007,95.6124,0,0,-95.6124,95.6124,150,0,0,0,10,13,16.1192,41.1192,1.5
4200143015,95.1235,0,0,-95.1235,95.1235,158,0,0,0,10,20,9.98773,45.4877,1.5
4200143025,94.8338,0,0,-94.8338,94.8338,168,0,0,0,10,5,-22,44.4679,1.5
4200143067,100.507,0,0,-100.507,100.507,210,0,0,0,10,3,-18.9838,59.5,1.5
4200143068,100.42,0,0,-100.42,100.42,211,0,0,0,10,17,28.5,55.6788,1.5
4200143068,96.9414,0,0,-96.9414,96.9414,211,0,0,0,10,11,12.5,61.4652,1.5
4200143091,96.1052,0,0,-96.1052,96.1052,234,0,0,0,10,10,-1,69.5136,1.5
4200143093,100.255,0,0,-100.255,100.255,236,0,0,0,10,8,-22.5,66.5687,1.5
4200143100,102.384,0,0,-102.384,102.384,243,0,0,0,10,18,31.2408,65.2408,1.5
4200143101,103.825,0,0,-103.825,103.825,244,0,0,0,10,15,23.6665,68.6665,1.5
4200143102,101.937,0,0,-101.937,101.937,245,0,0,0,10,12,-15.5,71.249,1.5
4200143104,100.417,0,0,-100.417,100.417,247,0,0,0,10,14,-25.8678,68.8678,1.5
4217232380,103.825,0,0,-103.825,103.825,244,15,23.6665,68.6665,1.5,0,0,0,10
4222973319,87.8976,0,0,-87.8976,87.8976,111,4,-15.9098,27.9098,1.5,0,0,0,10
4223973386,95.5851,0,0,-95.5851,95.5851,178,2,-8.31992,52,1.5,0,0,0,10
4225357233,83.5338,0,0,-83.5338,83.5338,97,9,1.1767,27.6767,1.5,0,0,0,10
4225732370,96.1052,0,0,-96.1052,96.1052,234,10,-1,69.5136,1.5,0,0,0,10
4226357346,100.507,0,0,-100.507,100.507,210,3,-18.9838,59.5,1.5,0,0,0,10
4227107250,84.5989,0,0,-84.5989,84.5989,114,16,5.07521,32.5752,1.5,0,0,0,10
4228857381,101.937,0,0,-101.937,101.937,245,12,-15.5,71.249,1.5,0,0,0,10
4229107232,83.6201,0,0,-83.6201,83.6201,96,7,12.3793,24.5,1.5,0,0,0,10
4229607383,100.417,0,0,-100.417,100.417,247,14,-25.8678,68.8678,1.5,0,0,0,10
4229964492,100.42,0,0,-100.42,100.42,211,17,28.5,55.6788,1.5,0,0,0,10
4230232240,83.8674,0,0,-83.8674,83.8674,104,1,-12,27.3705,1.5,0,0,0,10
4231107372,100.255,0,0,-100.255,100.255,236,8,-22.5,66.5687,1.5,0,0,0,10
4231348376,94.8338,0,0,-94.8338,94.8338,168,5,-22,44.4679,1.5,0,0,0,10
4232482347,96.9414,0,0,-96.9414,96.9414,211,11,12.5,61.4652,1.5,0,0,0,10
4232607228,83.2176,0,0,-83.2176,83.2176,92,19,13.3718,22.6282,1.5,0,0,0,10
4232732198,81.3013,0,0,-81.3013,81.3013,62,6,1.5,16.3339,1.5,0,0,0,10
4233857379,102.384,0,0,-102.384,102.384,243,18,31.2408,65.2408,1.5,0,0,0,10
4236732294,95.1235,0,0,-95.1235,95.1235,158,20,9.98773,45.4877,1.5,0,0,0,10
4242357286,95.6124,0,0,-95.6124,95.6124,150,13,16.1192,41.1192,1.5,0,0,0,10
4250000111,87.8976,0,0,-87.8976,87.8976,111,0,0,0,10,4,-15.9098,27.9098,1.5
4250000178,95.5851,0,0,-95.5851,95.5851,178,0,0,0,10,2,-8.31992,52,1.5
4250125096,83.6201,0,0,-83.6201,83.6201,96,0,0,0,10,7,12.3793,24.5,1.5
4250134043,84.5989,0,0,-84.5989,84.5989,114,0,0,0,10,16,5.07521,32.5752,1.5
4250142919,81.3013,0,0,-81.3013,81.3013,62,0,0,0,10,6,1.5,16.3339,1.5
4250142949,83.2176,0,0,-83.2176,83.2176,92,0,0,0,10,19,13.3718,22.6282,1.5
4250142954,83.5338,0,0,-83.5338,83.5338,97,0,0,0,10,9,1.1767,27.6767,1.5
4250142961,83.8674,0,0,-83.8674,83.8674,104,0,0,0,10,1,-12,27.3705,1.5
4250143007,95.6124,0,0,-95.6124,95.6124,150,0,0,0,10,13,16.1192,41.1192,1.5
4250143015,95.1235,0,0,-95.1235,95.1235,158,0,0,0,10,20,9.98773,45.4877,1.5
4250143025,94.8338,0,0,-94.8338,94.8338,168,0,0,0,10,5,-22,44.4679,1.5
4250143067,100.507,0,0,-100.507,100.507,210,0,0,0,10,3,-18.9838,59.5,1.5
4250143068,100.42,0,0,-100.42,100.42,211,0,0,0,10,17,28.5,55.6788,1.5
4250143068,96.9414,0,0,-96.9414,96.9414,211,0,0,0,10,11,12.5,61.4652,1.5
4250143091,96.1052,0,0,-96.1052,96.1052,234,0,0,0,10,10,-1,69.5136,1.5
4250143093,100.255,0,0,-100.255,100.255,236,0,0,0,10,8,-22.5,66.5687,1.5
4250143100,102.384,0,0,-102.384,102.384,243,0,0,0,10,18,31.2408,65.2408,1.5
4250143101,103.825,0,0,-103.825,103.825,244,0,0,0,10,15,23.6665,68.6665,1.5
4250143102,101.937,0,0,-101.937,101.937,245,0,0,0,10,12,-15.5,71.249,1.5
4250143104,100.417,0,0,-100.417,100.417,247,0,0,0,10,14,-25.8678,68.8678,1.5
4267232380,103.825,0,0,-103.825,103.825,244,15,23.6665,68.6665,1.5,0,0,0,10
4272973319,87.8976,0,0,-87.8976,87.8976,111,4,-15.9098,27.9098,1.5,0,0,0,10
4273973386,95.5851,0,0,-95.5851,95.5851,178,2,-8.31992,52,1.5,0,0,0,10
4275357233,83.5338,0,0,-83.5338,83.5338,97,9,1.1767,27.6767,1.5,0,0,0,10
4275982370,96.1052,0,0,-96.1052,96.1052,234,10,-1,69.5136,1.5,0,0,0,10
4276482346,100.507,0,0,-100.507,100.507,210,3,-18.9838,59.5,1.5,0,0,0,10
4277107250,84.5989,0,0,-84.5989,84.5989,114,16,5.07521,32.5752,1.5,0,0,0,10
4278857381,101.937,0,0,-101.937,101.937,245,12,-15.5,71.249,1.5,0,0,0,10
4279107232,83.6201,0,0,-83.6201,83.6201,96,7,12.3793,24.5,1.5,0,0,0,10
4279982347,100.42,0,0,-100.42,100.42,211,17,28.5,55.6788,1.5,0,0,0,10
4279982383,100.417,0,0,-100.417,100.417,247,14,-25.8678,68.8678,1.5,0,0,0,10
4280482240,83.8674,0,0,-83.8674,83.8674,104,1,-12,27.3705,1.5,0,0,0,10
4281348376,94.8338,0,0,-94.8338,94.8338,168,5,-22,44.4679,1.5,0,0,0,10
4281357372,100.255,0,0,-100.255,100.255,236,8,-22.5,66.5687,1.5,0,0,0,10
4282607228,83.2176,0,0,-83.2176,83.2176,92,19,13.3718,22.6282,1.5,0,0,0,10
4282732347,96.9414,0,0,-96.9414,96.9414,211,11,12.5,61.4652,1.5,0,0,0,10
4282982198,81.3013,0,0,-81.3013,81.3013,62,6,1.5,16.3339,1.5,0,0,0,10
4283857379,102.384,0,0,-102.384,102.384,243,18,31.2408,65.2408,1.5,0,0,0,10
4286732294,95.1235,0,0,-95.1235,95.1235,158,20,9.98773,45.4877,1.5,0,0,0,10
4292357286,95.6124,0,0,-95.6124,95.6124,150,13,16.1192,41.1192,1.5,0,0,0,10
4300000111,87.8976,0,0,-87.8976,87.8976,111,0,0,0,10,4,-16.0159,28.0159,1.5
4300000178,95.5851,0,0,-95.5851,95.5851,178,0,0,0,10,2,-8.46992,52,1.5
4300125096,83.6201,0,0,-83.6201,83.6201,96,0,0,0,10,7,12.5293,24.5,1.5
4300134043,84.5989,0,0,-84.5989,84.5989,114,0,0,0,10,16,4.95636,32.5,1.5
4300142919,81.3013,0,0,-81.3013,81.3013,62,0,0,0,10,6,1.5,16.1839,1.5
4300142949,83.2176,0,0,-83.2176,83.2176,92,0,0,0,10,19,13.4779,22.5221,1.5
4300142954,83.5338,0,0,-83.5338,83.5338,97,0,0,0,10,9,1.07064,27.5706,1.5
4300142961,83.8674,0,0,-83.8674,83.8674,104,0,0,0,10,1,-12,27.2205,1.5
4300143007,95.6124,0,0,-95.6124,95.6124,150,0,0,0,10,13,16.0132,41.0132,1.5
4300143015,95.1235,0,0,-95.1235,95.1235,158,0,0,0,10,20,9.88166,45.3817,1.5
4300143025,94.8338,0,0,-94.8338,94.8338,168,0,0,0,10,5,-22,44.3179,1.5
4300143067,100.507,0,0,-100.507,100.507,210,0,0,0,10,3,-18.8338,59.5,1.5
4300143068,100.42,0,0,-100.42,100.42,211,0,0,0,10,17,28.5,55.5288,1.5
4300143068,96.9414,0,0,-96.9414,96.9414,211,0,0,0,10,11,12.5,61.3152,1.5
4300143091,96.1052,0,0,-96.1052,96.1052,234,0,0,0,10,10,-1,69.3636,1.5
4300143093,100.255,0,0,-100.255,100.255,236,0,0,0,10,8,-22.5,66.4187,1.5
4300143100,102.384,0,0,-102.384,102.384,243,0,0,0,10,18,31.1347,65.1347,1.5
4300143101,103.825,0,0,-103.825,103.825,244,0,0,0,10,15,23.5605,68.5605,1.5
4300143102,101.937,0,0,-101.937,101.937,245,0,0,0,10,12,-15.5,71.099,1.5
4300143104,100.417,0,0,-100.417,100.417,247,0,0,0,10,14,-25.7617,68.7617,1.5
4317232380,103.825,0,0,-103.825,103.825,244,15,23.5605,68.5605,1.5,0,0,0,10
4322973319,87.8976,0,0,-87.8976,87.8976,111,4,-16.0159,28.0159,1.5,0,0,0,10
4323973386,95.5851,0,0,-95.5851,95.5851,178,2,-8.46992,52,1.5,0,0,0,10
4325357233,83.5338,0,0,-83.5338,83.5338,97,9,1.07064,27.5706,1.5,0,0,0,10
4326232370,96.1052,0,0,-96.1052,96.1052,234,10,-1,69.3636,1.5,0,0,0,10
4326732346,100.507,0,0,-100.507,100.507,210,3,-18.8338,59.5,1.5,0,0,0,10
4327107250,84.5989,0,0,-84.5989,84.5989,114,16,4.95636,32.5,1.5,0,0,0,10
4328857381,101.937,0,0,-101.937,101.937,245,12,-15.5,71.099,1.5,0,0,0,10
4329357232,83.6201,0,0,-83.6201,83.6201,96,7,12.5293,24.5,1.5,0,0,0,10
4329982347,100.42,0,0,-100.42,100.42,211,17,28.5,55.5288,1.5,0,0,0,10
4329982383,100.417,0,0,-100.417,100.417,247,14,-25.7617,68.7617,1.5,0,0,0,10
4330732240,83.8674,0,0,-83.8674,83.8674,104,1,-12,27.2205,1.5,0,0,0,10
4331348376,94.8338,0,0,-94.8338,94.8338,168,5,-22,44.3179,1.5,0,0,0,10
4331482372,100.255,0,0,-100.255,100.255,236,8,-22.5,66.4187,1.5,0,0,0,10
4332607228,83.2176,0,0,-83.2176,83.2176,92,19,13.4779,22.5221,1.5,0,0,0,10
4332982347,96.9414,0,0,-96.9414,96.9414,211,11,12.5,61.3152,1.5,0,0,0,10
4333232198,81.3013,0,0,-81.3013,81.3013,62,6,1.5,16.1839,1.5,0,0,0,10
4333857379,102.384,0,0,-102.384,102.384,243,18,31.1347,65.1347,1.5,0,0,0,10
4336732294,95.1235,0,0,-95.1235,95.1235,158,20,9.88166,45.3817,1.5,0,0,0,10
4342357286,95.6124,0,0,-95.6124,95.6124,150,13,16.0132,41.0132,1.5,0,0,0,10
4350000111,87.8976,0,0,-87.8976,87.8976,111,0,0,0,10,4,-16.0159,28.0159,1.5
4350000178,95.5851,0,0,-95.5851,95.5851,178,0,0,0,10,2,-8.46992,52,1.5
4350125096,83.6201,0,0,-83.6201,83.6201,96,0,0,0,10,7,12.5293,24.5,1.5
4350134043,84.5989,0,0,-84.5989,84.5989,114,0,0,0,10,16,4.95636,32.5,1.5
4350142919,81.3013,0,0,-81.3013,81.3013,62,0,0,0,10,6,1.5,16.1839,1.5
4350142949,83.2176,0,0,-83.2176,83.2176,92,0,0,0,10,19,13.4779,22.5221,1.5
4350142954,83.5338,0,0,-83.5338,83.5338,97,0,0,0,10,9,1.07064,27.5706,1.5
4350142961,83.8674,0,0,-83.8674,83.8674,104,0,0,0,10,1,-12,27.2205,1.5
4350143007,95.6124,0,0,-95.6124,95.6124,150,0,0,0,10,13,16.0132,41.0132,1.5
4350143015,95.1235,0,0,-95.1235,95.1235,158,0,0,0,10,20,9.88166,45.3817,1.5
4350143025,94.8338,0,0,-94.8338,94.8338,168,0,0,0,10,5,-22,44.3179,1.5
4350143067,100.507,0,0,-100.507,100.507,210,0,0,0,10,3,-18.8338,59.5,1.5
4350143068,100.42,0,0,-100.42,100.42,211,0,0,0,10,17,28.5,55.5288,1.5
4350143068,96.9414,0,0,-96.9414,96.9414,211,0,0,0,10,11,12.5,61.3152,1.5
4350143091,96.1052,0,0,-96.1052,96.1052,234,0,0,0,10,10,-1,69.3636,1.5
4350143093,100.255,0,0,-100.255,100.255,236,0,0,0,10,8,-22.5,66.4187,1.5
4350143100,102.384,0,0,-102.384,102.384,243,0,0,0,10,18,31.1347,65.1347,1.5
4350143101,103.825,0,0,-103.825,103.825,244,0,0,0,10,15,23.5605,68.5605,1.5
4350143102,101.937,0,0,-101.937,101.937,245,0,0,0,10,12,-15.5,71.099,1.5
4350143104,100.417,0,0,-100.417,100.417,247,0,0,0,10,14,-25.7617,68.7617,1.5
4367232380,103.825,0,0,-103.825,103.825,244,15,23.5605,68.5605,1.5,0,0,0,10
4372973319,87.8976,0,0,-87.8976,87.8976,111,4,-16.0159,28.0159,1.5,0,0,0,10
4373973386,95.5851,0,0,-95.5851,95.5851,178,2,-8.46992,52,1.5,0,0,0,10
4375357233,83.5338,0,0,-83.5338,83.5338,97,9,1.07064,27.5706,1.5,0,0,0,10
4376357370,96.1052,0,0,-96.1052,96.1052,234,10,-1,69.3636,1.5,0,0,0,10
4376982346,100.507,0,0,-100.507,100.507,210,3,-18.8338,59.5,1.5,0,0,0,10
4377107250,84.5989,0,0,-84.5989,84.5989,114,16,4.95636,32.5,1.5,0,0,0,10
4378857381,101.937,0,0,-101.937,101.937,245,12,-15.5,71.099,1.5,0,0,0,10
4379607232,83.6201,0,0,-83.6201,83.6201,96,7,12.5293,24.5,1.5,0,0,0,10
4379982347,100.42,0,0,-100.42,100.42,211,17,28.5,55.5288,1.5,0,0,0,10
4379982383,100.417,0,0,-100.417,100.417,247,14,-25.7617,68.7617,1.5,0,0,0,10
4380982240,83.8674,0,0,-83.8674,83.8674,104,1,-12,27.2205,1.5,0,0,0,10
4381348376,94.8338,0,0,-94.8338,94.8338,168,5,-22,44.3179,1.5,0,0,0,10
4381482372,100.255,0,0,-100.255,100.255,236,8,-22.5,66.4187,1.5,0,0,0,10
4382607228,83.2176,0,0,-83.2176,83.2176,92,19,13.4779,22.5221,1.5,0,0,0,10
4383232347,96.9414,0,0,-96.9414,96.9414,211,11,12.5,61.3152,1.5,0,0,0,10
4383482198,81.3013,0,0,-81.3013,81.3013,62,6,1.5,16.1839,1.5,0,0,0,10
4383857379,102.384,0,0,-102.384,102.384,243,18,31.1347,65.1347,1.5,0,0,0,10
4386732294,95.1235,0,0,-95.1235,95.1235,158,20,9.88166,45.3817,1.5,0,0,0,10
4393357286,95.6124,0,0,-95.6124,95.6124,150,13,16.0132,41.0132,1.5,0,0,0,10
4400000111,87.8976,0,0,-87.8976,87.8976,111,0,0,0,10,4,-16.1219,28.1219,1.5
4400000178,95.5851,0,0,-95.5851,95.5851,178,0,0,0,10,2,-8.61992,52,1.5
4400125096,83.6201,0,0,-83.6201,83.6201,96,0,0,0,10,7,12.6793,24.5,1.5
4400134043,84.5989,0,0,-84.5989,84.5989,114,0,0,0,10,16,4.80636,32.5,1.5
4400142919,81.3013,0,0,-81.3013,81.3013,62,0,0,0,10,6,1.5,16.0339,1.5
4400142949,83.2176,0,0,-83.2176,83.2176,92,0,0,0,10,19,13.5839,22.4161,1.5
4400142954,83.5338,0,0,-83.5338,83.5338,97,0,0,0,10,9,0.964571,27.4646,1.5
4400142961,83.8674,0,0,-83.8674,83.8674,104,0,0,0,10,1,-12,27.0705,1.5
4400143007,95.6124,0,0,-95.6124,95.6124,150,0,0,0,10,13,15.9071,40.9071,1.5
4400143015,95.1235,0,0,-95.1235,95.1235,158,0,0,0,10,20,9.7756,45.2756,1.5
4400143025,94.8338,0,0,-94.8338,94.8338,168,0,0,0,10,5,-22,44.1679,1.5
4400143067,100.507,0,0,-100.507,100.507,210,0,0,0,10,3,-18.6838,59.5,1.5
4400143068,100.42,0,0,-100.42,100.42,211,0,0,0,10,17,28.5,55.3788,1.5
4400143068,96.9414,0,0,-96.9414,96.9414,211,0,0,0,10,11,12.5,61.1652,1.5
4400143091,96.1052,0,0,-96.1052,96.1052,234,0,0,0,10,10,-1,69.2136,1.5
4400143093,100.255,0,0,-100.255,100.255,236,0,0,0,10,8,-22.5,66.2687,1.5
4400143100,102.384,0,0,-102.384,102.384,243,0,0,0,10,18,31.0286,65.0286,1.5
4400143101,103.825,0,0,-103.825,103.825,244,0,0,0,10,15,23.4544,68.4544,1.5
4400143102,101.937,0,0,-101.937,101.937,245,0,0,0,10,12,-15.5,70.949,1.5
4400143104,100.417,0,0,-100.417,100.417,247,0,0,0,10,14,-25.6557,68.6557,1.5
4417232380,103.825,0,0,-103.825,103.825,244,15,23.4544,68.4544,1.5,0,0,0,10
4422973319,87.8976,0,0,-87.8976,87.8976,111,4,-16.1219,28.1219,1.5,0,0,0,10
4423973386,95.5851,0,0,-95.5851,95.5851,178,2,-8.61992,52,1.5,0,0,0,10
4425357233,83.5338,0,0,-83.5338,83.5338,97,9,0.964571,27.4646,1.5,0,0,0,10
4426357370,96.1052,0,0,-96.1052,96.1052,234,10,-1,69.2136,1.5,0,0,0,10
4427107250,84.5989,0,0,-84.5989,84.5989,114,16,4.80636,32.5,1.5,0,0,0,10
4427232346,100.507,0,0,-100.507,100.507,210,3,-18.6838,59.5,1.5,0,0,0,10
4428857381,101.937,0,0,-101.937,101.937,245,12,-15.5,70.949,1.5,0,0,0,10
4429857232,83.6201,0,0,-83.6201,83.6201,96,7,12.6793,24.5,1.5,0,0,0,10
4429982347,100.42,0,0,-100.42,100.42,211,17,28.5,55.3788,1.5,0,0,0,10
4429982383,100.417,0,0,-100.417,100.417,247,14,-25.6557,68.6557,1.5,0,0,0,10
4431107240,83.8674,0,0,-83.8674,83.8674,104,1,-12,27.0705,1.5,0,0,0,10
4431348376,94.8338,0,0,-94.8338,94.8338,168,5,-22,44.1679,1.5,0,0,0,10
4431482372,100.255,0,0,-100.255,100.255,236,8,-22.5,66.2687,1.5,0,0,0,10
4432607228,83.2176,0,0,-83.2176,83.2176,92,19,13.5839,22.4161,1.5,0,0,0,10
4433357347,96.9414,0,0,-96.9414,96.9414,211,11,12.5,61.1652,1.5,0,0,0,10
4433607198,81.3013,0,0,-81.3013,81.3013,62,6,1.5,16.0339,1.5,0,0,0,10
4433857379,102.384,0,0,-102.384,102.384,243,18,31.0286,65.0286,1.5,0,0,0,10
4436732294,95.1235,0,0,-95.1235,95.1235,158,20,9.7756,45.2756,1.5,0,0,0,10
4443357286,95.6124,0,0,-95.6124,95.6124,150,13,15.9071,40.9071,1.5,0,0,0,10
4450000111,87.8976,0,0,-87.8976,87.8976,111,0,0,0,10,4,-16.1219,28.1219,1.5
4450000178,95.5851,0,0,-95.5851,95.5851,178,0,0,0,10,2,-8.61992,52,1.5
4450125096,83.6201,0,0,-83.6201,83.6201,96,0,0,0,10,7,12.6793,24.5,1.5
4450134043,84.5989,0,0,-84.5989,84.5989,114,0,0,0,10,16,4.80636,32.5,1.5
4450142919,81.3013,0,0,-81.3013,81.3013,62,0,0,0,10,6,1.5,16.0339,1.5
4450142949,83.2176,0,0,-83.2176,83.2176,92,0,0,0,10,19,13.5839,22.4161,1.5
4450142954,83.5338,0,0,-83.5338,83.5338,97,0,0,0,10,9,0.964571,27.4646,1.5
4450142961,83.8674,0,0,-83.8674,83.8674,104,0,0,0,10,1,-12,27.0705,1.5
4450143007,95.6124,0,0,-95.6124,95.6124,150,0,0,0,10,13,15.9071,40.9071,1.5
4450143015,95.1235,0,0,-95.1235,95.1235,158,0,0,0,10,20,9.7756,45.2756,1.5
4450143025,94.8338,0,0,-94.8338,94.8338,168,0,0,0,10,5,-22,44.1679,1.5
4450143067,100.507,0,0,-100.507,100.507,210,0,0,0,10,3,-18.6838,59.5,1.5
4450143068,100.42,0,0,-100.42,100.42,211,0,0,0,10,17,28.5,55.3788,1.5
4450143068,96.9414,0,0,-96.9414,96.9414,211,0,0,0,10,11,12.5,61.1652,1.5
4450143091,96.1052,0,0,-96.1052,96.1052,234,0,0,0,10,10,-1,69.2136,1.5
4450143093,100.255,0,0,-100.255,100.255,236,0,0,0,10,8,-22.5,66.2687,1.5
4450143100,102.384,0,0,-102.384,102.384,243,0,0,0,10,18,31.0286,65.0286,1.5
4450143101,103.825,0,0,-103.825,103.825,244,0,0,0,10,15,23.4544,68.4544,1.5
4450143102,101.937,0,0,-101.937,101.937,245,0,0,0,10,12,-15.5,70.949,1.5
4450143104,100.417,0,0,-100.417,100.417,247,0,0,0,10,14,-25.6557,68.6557,1.5
4467232380,103.825,0,0,-103.825,103.825,244,15,23.4544,68.4544,1.5,0,0,0,10
4472973319,87.8976,0,0,-87.8976,87.8976,111,4,-16.1219,28.1219,1.5,0,0,0,10
4473973386,95.5851,0,0,-95.5851,95.5851,178,2,-8.61992,52,1.5,0,0,0,10
4475607233,83.5338,0,0,-83.5338,83.5338,97,9,0.964571,27.4646,1.5,0,0,0,10
4476357370,96.1052,0,0,-96.1052,96.1052,234,10,-1,69.2136,1.5,0,0,0,10
4477107250,84.5989,0,0,-84.5989,84.5989,114,16,4.80636,32.5,1.5,0,0,0,10
4477357346,100.507,0,0,-100.507,100.507,210,3,-18.6838,59.5,1.5,0,0,0,10
4478857381,101.937,0,0,-101.937,101.937,245,12,-15.5,70.949,1.5,0,0,0,10
4479982347,100.42,0,0,-100.42,100.42,211,17,28.5,55.3788,1.5,0,0,0,10
4480107232,83.6201,0,0,-83.6201,83.6201,96,7,12.6793,24.5,1.5,0,0,0,10
4480482383,100.417,0,0,-100.417,100.417,247,14,-25.6557,68.6557,1.5,0,0,0,10
4481107240,83.8674,0,0,-83.8674,83.8674,104,1,-12,27.0705,1.5,0,0,0,10
4481348376,94.8338,0,0,-94.8338,94.8338,168,5,-22,44.1679,1.5,0,0,0,10
4481482372,100.255,0,0,-100.255,100.255,236,8,-22.5,66.2687,1.5,0,0,0,10
4482607228,83.2176,0,0,-83.2176,83.2176,92,19,13.5839,22.4161,1.5,0,0,0,10
4483357347,96.9414,0,0,-96.9414,96.9414,211,11,12.5,61.1652,1.5,0,0,0,10
4483607198,81.3013,0,0,-81.3013,81.3013,62,6,1.5,16.0339,1.5,0,0,0,10
4483857379,102.384,0,0,-102.384,102.384,243,18,31.0286,65.0286,1.5,0,0,0,10
4486732294,95.1235,0,0,-95.1235,95.1235,158,20,9.7756,45.2756,1.5,0,0,0,10
4493357286,95.6124,0,0,-95.6124,95.6124,150,13,15.9071,40.9071,1.5,0,0,0,10
4500000111,87.8976,0,0,-87.8976,87.8976,111,0,0,0,10,4,-16.228,28.228,1.5
4500000178,95.5851,0,0,-95.5851,95.5851,178,0,0,0,10,2,-8.76992,52,1.5
4500125096,83.6201,0,0,-83.6201,83.6201,96,0,0,0,10,7,12.8293,24.5,1.5
4500134043,84.5989,0,0,-84.5989,84.5989,114,0,0,0,10,16,4.65636,32.5,1.5
4500142919,81.3013,0,0,-81.3013,81.3013,62,0,0,0,10,6,1.5,15.8839,1.5
4500142949,83.2176,0,0,-83.2176,83.2176,92,0,0,0,10,19,13.69,22.31,1.5
4500142954,83.5338,0,0,-83.5338,83.5338,97,0,0,0,10,9,0.858505,27.3585,1.5
4500142961,83.8674,0,0,-83.8674,83.8674,104,0,0,0,10,1,-12,26.9205,1.5
4500143007,95.6124,0,0,-95.6124,95.6124,150,0,0,0,10,13,15.801,40.801,1.5
4500143015,95.1235,0,0,-95.1235,95.1235,158,0,0,0,10,20,9.66953,45.1695,1.5
4500143025,94.8338,0,0,-94.8338,94.8338,168,0,0,0,10,5,-22,44.0179,1.5
4500143067,100.507,0,0,-100.507,100.507,210,0,0,0,10,3,-18.5338,59.5,1.5
4500143068,100.42,0,0,-100.42,100.42,211,0,0,0,10,17,28.5,55.2288,1.5
4500143068,96.9414,0,0,-96.9414,96.9414,211,0,0,0,10,11,12.5,61.0152,1.5
4500143091,96.1052,0,0,-96.1052,96.1052,234,0,0,0,10,10,-1,69.0636,1.5
4500143093,100.255,0,0,-100.255,100.255,236,0,0,0,10,8,-22.5,66.1187,1.5
4500143100,102.384,0,0,-102.384,102.384,243,0,0,0,10,18,30.9226,64.9226,1.5
4500143101,103.825,0,0,-103.825,103.825,244,0,0,0,10,15,23.3483,68.3483,1.5
4500143102,101.937,0,0,-101.937,101.937,245,0,0,0,10,12,-15.5,70.799,1.5
4500143104,100.417,0,0,-100.417,100.417,247,0,0,0,10,14,-25.5496,68.5496,1.5
4522973319,87.8976,0,0,-87.8976,87.8976,111,4,-16.228,28.228,1.5,0,0,0,10
4523973386,95.5851,0,0,-95.5851,95.5851,178,2,-8.76992,52,1.5,0,0,0,10
4526598452,103.825,0,0,-103.825,103.825,244,15,23.3483,68.3483,1.5,0,0,0,10
4527723418,100.507,0,0,-100.507,100.507,210,3,-18.5338,59.5,1.5,0,0,0,10
4527848305,83.5338,0,0,-83.5338,83.5338,97,9,0.858505,27.3585,1.5,0,0,0,10
4529848442,96.1052,0,0,-96.1052,96.1052,234,10,-1,69.0636,1.5,0,0,0,10
4530598322,84.5989,0,0,-84.5989,84.5989,114,16,4.65636,32.5,1.5,0,0,0,10
4530973304,83.6201,0,0,-83.6201,83.6201,96,7,12.8293,24.5,1.5,0,0,0,10
4531223312,83.8674,0,0,-83.8674,83.8674,104,1,-12,26.9205,1.5,0,0,0,10
4531348376,94.8338,0,0,-94.8338,94.8338,168,5,-22,44.0179,1.5,0,0,0,10
4531848444,100.255,0,0,-100.255,100.255,236,8,-22.5,66.1187,1.5,0,0,0,10
4534598419,96.9414,0,0,-96.9414,96.9414,211,11,12.5,61.0152,1.5,0,0,0,10
4535223270,81.3013,0,0,-81.3013,81.3013,62,6,1.5,15.8839,1.5,0,0,0,10
4536348455,100.417,0,0,-100.417,100.417,247,14,-25.5496,68.5496,1.5,0,0,0,10
4538723453,101.937,0,0,-101.937,101.937,245,12,-15.5,70.799,1.5,0,0,0,10
4539348419,100.42,0,0,-100.42,100.42,211,17,28.5,55.2288,1.5,0,0,0,10
4542098300,83.2176,0,0,-83.2176,83.2176,92,19,13.69,22.31,1.5,0,0,0,10
4543348451,102.384,0,0,-102.384,102.384,243,18,30.9226,64.9226,1.5,0,0,0,10
4546223366,95.1235,0,0,-95.1235,95.1235,158,20,9.66953,45.1695,1.5,0,0,0,10
4550000111,87.8976,0,0,-87.8976,87.8976,111,0,0,0,10,4,-16.228,28.228,1.5
4550000178,95.5851,0,0,-95.5851,95.5851,178,0,0,0,10,2,-8.76992,52,1.5
4550250062,81.3013,0,0,-81.3013,81.3013,62,0,0,0,10,6,1.5,15.8839,1.5
4550250092,83.2176,0,0,-83.2176,83.2176,92,0,0,0,10,19,13.69,22.31,1.5
4550250096,83.6201,0,0,-83.6201,83.6201,96,0,0,0,10,7,12.8293,24.5,1.5
4550250097,83.5338,0,0,-83.5338,83.5338,97,0,0,0,10,9,0.858505,27.3585,1.5
4550250104,83.8674,0,0,-83.8674,83.8674,104,0,0,0,10,1,-12,26.9205,1.5
4550250114,84.5989,0,0,-84.5989,84.5989,114,0,0,0,10,16,4.65636,32.5,1.5
4550250150,95.6124,0,0,-95.6124,95.6124,150,0,0,0,10,13,15.801,40.801,1.5
4550250158,95.1235,0,0,-95.1235,95.1235,158,0,0,0,10,20,9.66953,45.1695,1.5
4550250168,94.8338,0,0,-94.8338,94.8338,168,0,0,0,10,5,-22,44.0179,1.5
4550250210,100.507,0,0,-100.507,100.507,210,0,0,0,10,3,-18.5338,59.5,1.5
4550250211,100.42,0,0,-100.42,100.42,211,0,0,0,10,17,28.5,55.2288,1.5
4550250211,96.9414,0,0,-96.9414,96.9414,211,0,0,0,10,11,12.5,61.0152,1.5
4550250234,96.1052,0,0,-96.1052,96.1052,234,0,0,0,10,10,-1,69.0636,1.5
4550250236,100.255,0,0,-100.255,100.255,236,0,0,0,10,8,-22.5,66.1187,1.5
4550250243,102.384,0,0,-102.384,102.384,243,0,0,0,10,18,30.9226,64.9226,1.5
4550250244,103.825,0,0,-103.825,103.825,244,0,0,0,10,15,23.3483,68.3483,1.5
4550250245,101.937,0,0,-101.937,101.937,245,0,0,0,10,12,-15.5,70.799,1.5
4550250247,100.417,0,0,-100.417,100.417,247,0,0,0,10,14,-25.5496,68.5496,1.5
4551598358,95.6124,0,0,-95.6124,95.6124,150,13,15.801,40.801,1.5,0,0,0,10
4572973319,87.8976,0,0,-87.8976,87.8976,111,4,-16.228,28.228,1.5,0,0,0,10
4573973386,95.5851,0,0,-95.5851,95.5851,178,2,-8.76992,52,1.5,0,0,0,10
4576598452,103.825,0,0,-103.825,103.825,244,15,23.3483,68.3483,1.5,0,0,0,10
4577723418,100.507,0,0,-100.507,100.507,210,3,-18.5338,59.5,1.5,0,0,0,10
4577848305,83.5338,0,0,-83.5338,83.5338,97,9,0.858505,27.3585,1.5,0,0,0,10
4579848442,96.1052,0,0,-96.1052,96.1052,234,10,-1,69.0636,1.5,0,0,0,10
4580598322,84.5989,0,0,-84.5989,84.5989,114,16,4.65636,32.5,1.5,0,0,0,10
4580973304,83.6201,0,0,-83.6201,83.6201,96,7,12.8293,24.5,1.5,0,0,0,10
4581223312,83.8674,0,0,-83.8674,83.8674,104,1,-12,26.9205,1.5,0,0,0,10
4581348376,94.8338,0,0,-94.8338,94.8338,168,5,-22,44.0179,1.5,0,0,0,10
4581848444,100.255,0,0,-100.255,100.255,236,8,-22.5,66.1187,1.5,0,0,0,10
4584598419,96.9414,0,0,-96.9414,96.9414,211,11,12.5,61.0152,1.5,0,0,0,10
4585223270,81.3013,0,0,-81.3013,81.3013,62,6,1.5,15.8839,1.5,0,0,0,10
4586348455,100.417,0,0,-100.417,100.417,247,14,-25.5496,68.5496,1.5,0,0,0,10
4588723453,101.937,0,0,-101.937,101.937,245,12,-15.5,70.799,1.5,0,0,0,10
4589348419,100.42,0,0,-100.42,100.42,211,17,28.5,55.2288,1.5,0,0,0,10
4592098300,83.2176,0,0,-83.2176,83.2176,92,19,13.69,22.31,1.5,0,0,0,10
4593348451,102.384,0,0,-102.384,102.384,243,18,30.9226,64.9226,1.5,0,0,0,10
4596223366,95.1235,0,0,-95.1235,95.1235,158,20,9.66953,45.1695,1.5,0,0,0,10
4600000111,87.8976,0,0,-87.8976,87.8976,111,0,0,0,10,4,-16.3341,28.3341,1.5
4600000178,95.5851,0,0,-95.5851,95.5851,178,0,0,0,10,2,-8.91992,52,1.5
4600250062,81.3013,0,0,-81.3013,81.3013,62,0,0,0,10,6,1.5,15.7339,1.5
4600250092,83.2176,0,0,-83.2176,83.2176,92,0,0,0,10,19,13.7961,22.2039,1.5
4600250096,83.6201,0,0,-83.6201,83.6201,96,0,0,0,10,7,12.9793,24.5,1.5
4600250097,83.5338,0,0,-83.5338,83.5338,97,0,0,0,10,9,0.752439,27.2524,1.5
4600250104,83.8674,0,0,-83.8674,83.8674,104,0,0,0,10,1,-12,26.7705,1.5
4600250114,84.5989,0,0,-84.5989,84.5989,114,0,0,0,10,16,4.50636,32.5,1.5
4600250150,95.6124,0,0,-95.6124,95.6124,150,0,0,0,10,13,15.695,40.695,1.5
4600250158,95.1235,0,0,-95.1235,95.1235,158,0,0,0,10,20,9.56347,45.0635,1.5
4600250168,94.8338,0,0,-94.8338,94.8338,168,0,0,0,10,5,-22,43.8679,1.5
4600250210,100.507,0,0,-100.507,100.507,210,0,0,0,10,3,-18.3838,59.5,1.5
4600250211,100.42,0,0,-100.42,100.42,211,0,0,0,10,17,28.5,55.0788,1.5
4600250211,96.9414,0,0,-96.9414,96.9414,211,0,0,0,10,11,12.5,60.8652,1.5
4600250234,96.1052,0,0,-96.1052,96.1052,234,0,0,0,10,10,-1,68.9136,1.5
4600250236,100.255,0,0,-100.255,100.255,236,0,0,0,10,8,-22.5,65.9687,1.5
4600250243,102.384,0,0,-102.384,102.384,243,0,0,0,10,18,30.8165,64.8165,1.5
4600250244,103.825,0,0,-103.825,103.825,244,0,0,0,10,15,23.2423,68.2423,1.5
4600250245,101.937,0,0,-101.937,101.937,245,0,0,0,10,12,-15.5,70.649,1.5
4600250247,100.417,0,0,-100.417,100.417,247,0,0,0,10,14,-25.4435,68.4435,1.5
4601598358,95.6124,0,0,-95.6124,95.6124,150,13,15.695,40.695,1.5,0,0,0,10
4622973319,87.8976,0,0,-87.8976,87.8976,111,4,-16.3341,28.3341,1.5,0,0,0,10
4623973386,95.5851,0,0,-95.5851,95.5851,178,2,-8.91992,52,1.5,0,0,0,10
4626598452,103.825,0,0,-103.825,103.825,244,15,23.2423,68.2423,1.5,0,0,0,10
4627723418,100.507,0,0,-100.507,100.507,210,3,-18.3838,59.5,1.5,0,0,0,10
4627848305,83.5338,0,0,-83.5338,83.5338,97,9,0.752439,27.2524,1.5,0,0,0,10
4629848442,96.1052,0,0,-96.1052,96.1052,234,10,-1,68.9136,1.5,0,0,0,10
4630598322,84.5989,0,0,-84.5989,84.5989,114,16,4.50636,32.5,1.5,0,0,0,10
4630973304,83.6201,0,0,-83.6201,83.6201,96,7,12.9793,24.5,1.5,0,0,0,10
4631223312,83.8674,0,0,-83.8674,83.8674,104,1,-12,26.7705,1.5,0,0,0,10
4631348376,94.8338,0,0,-94.8338,94.8338,168,5,-22,43.8679,1.5,0,0,0,10
4631848444,100.255,0,0,-100.255,100.255,236,8,-22.5,65.9687,1.5,0,0,0,10
4634598419,96.9414,0,0,-96.9414,96.9414,211,11,12.5,60.8652,1.5,0,0,0,10
4635223270,81.3013,0,0,-81.3013,81.3013,62,6,1.5,15.7339,1.5,0,0,0,10
4636348455,100.417,0,0,-100.417,100.417,247,14,-25.4435,68.4435,1.5,0,0,0,10
4638723453,101.937,0,0,-101.937,101.937,245,12,-15.5,70.649,1.5,0,0,0,10
4639348419,100.42,0,0,-100.42,100.42,211,17,28.5,55.0788,1.5,0,0,0,10
4642098300,83.2176,0,0,-83.2176,83.2176,92,19,13.7961,22.2039,1.5,0,0,0,10
4643348451,102.384,0,0,-102.384,102.384,243,18,30.8165,64.8165,1.5,0,0,0,10
4646223366,95.1235,0,0,-95.1235,95.1235,158,20,9.56347,45.0635,1.5,0,0,0,10
4650000111,87.8976,0,0,-87.8976,87.8976,111,0,0,0,10,4,-16.3341,28.3341,1.5
4650000178,95.5851,0,0,-95.5851,95.5851,178,0,0,0,10,2,-8.91992,52,1.5
4650250062,81.3013,0,0,-81.3013,81.3013,62,0,0,0,10,6,1.5,15.7339,1.5
4650250092,83.2176,0,0,-83.2176,83.2176,92,0,0,0,10,19,13.7961,22.2039,1.5
4650250096,83.6201,0,0,-83.6201,83.6201,96,0,0,0,10,7,12.9793,24.5,1.5
4650250097,83.5338,0,0,-83.5338,83.5338,97,0,0,0,10,9,0.752439,27.2524,1.5
4650250104,83.8674,0,0,-83.8674,83.8674,104,0,0,0,10,1,-12,26.7705,1.5
4650250114,84.5989,0,0,-84.5989,84.5989,114,0,0,0,10,16,4.50636,32.5,1.5
4650250150,95.6124,0,0,-95.6124,95.6124,150,0,0,0,10,13,15.695,40.695,1.5
4650250158,95.1235,0,0,-95.1235,95.1235,158,0,0,0,10,20,9.56347,45.0635,1.5
4650250168,94.8338,0,0,-94.8338,94.8338,168,0,0,0,10,5,-22,43.8679,1.5
4650250210,100.507,0,0,-100.507,100.507,210,0,0,0,10,3,-18.3838,59.5,1.5
4650250211,100.42,0,0,-100.42,100.42,211,0,0,0,10,17,28.5,55.0788,1.5
4650250211,96.9414,0,0,-96.9414,96.9414,211,0,0,0,10,11,12.5,60.8652,1.5
4650250234,96.1052,0,0,-96.1052,96.1052,234,0,0,0,10,10,-1,68.9136,1.5
4650250236,100.255,0,0,-100.255,100.255,236,0,0,0,10,8,-22.5,65.9687,1.5
4650250243,102.384,0,0,-102.384,102.384,243,0,0,0,10,18,30.8165,64.8165,1.5
4650250244,103.825,0,0,-103.825,103.825,244,0,0,0,10,15,23.2423,68.2423,1.5
4650250245,101.937,0,0,-101.937,101.937,245,0,0,0,10,12,-15.5,70.649,1.5
4650250247,100.417,0,0,-100.417,100.417,247,0,0,0,10,14,-25.4435,68.4435,1.5
4651598358,95.6124,0,0,-95.6124,95.6124,150,13,15.695,40.695,1.5,0,0,0,10
4672973319,87.8976,0,0,-87.8976,87.8976,111,4,-16.3341,28.3341,1.5,0,0,0,10
4673973386,95.5851,0,0,-95.5851,95.5851,178,2,-8.91992,52,1.5,0,0,0,10
4676598452,103.825,0,0,-103.825,103.825,244,15,23.2423,68.2423,1.5,0,0,0,10
4677723418,100.507,0,0,-100.507,100.507,210,3,-18.3838,59.5,1.5,0,0,0,10
4677848305,83.5338,0,0,-83.5338,83.5338,97,9,0.752439,27.2524,1.5,0,0,0,10
4679848442,96.1052,0,0,-96.1052,96.1052,234,10,-1,68.9136,1.5,0,0,0,10
4680598322,84.5989,0,0,-84.5989,84.5989,114,16,4.50636,32.5,1.5,0,0,0,10
4680973304,83.6201,0,0,-83.6201,83.6201,96,7,12.9793,24.5,1.5,0,0,0,10
4681223312,83.8674,0,0,-83.8674,83.8674,104,1,-12,26.7705,1.5,0,0,0,10
4681348376,94.8338,0,0,-94.8338,94.8338,168,5,-22,43.8679,1.5,0,0,0,10
4681848444,100.255,0,0,-100.255,100.255,236,8,-22.5,65.9687,1.5,0,0,0,10
4684598419,96.9414,0,0,-96.9414,96.9414,211,11,12.5,60.8652,1.5,0,0,0,10
4685223270,81.3013,0,0,-81.3013,81.3013,62,6,1.5,15.7339,1.5,0,0,0,10
4686348455,100.417,0,0,-100.417,100.417,247,14,-25.4435,68.4435,1.5,0,0,0,10
4688723453,101.937,0,0,-101.937,101.937,245,12,-15.5,70.649,1.5,0,0,0,10
4689348419,100.42,0,0,-100.42,100.42,211,17,28.5,55.0788,1.5,0,0,0,10
4692098300,83.2176,0,0,-83.2176,83.2176,92,19,13.7961,22.2039,1.5,0,0,0,10
4693348451,102.384,0,0,-102.384,102.384,243,18,30.8165,64.8165,1.5,0,0,0,10
4696223366,95.1235,0,0,-95.1235,95.1235,158,20,9.56347,45.0635,1.5,0,0,0,10
4700000111,87.8976,0,0,-87.8976,87.8976,111,0,0,0,10,4,-16.4401,28.4401,1.5
4700000178,95.5851,0,0,-95.5851,95.5851,178,0,0,0,10,2,-9.06992,52,1.5
4700250062,81.3013,0,0,-81.3013,81.3013,62,0,0,0,10,6,1.5,15.5839,1.5
4700250092,83.2176,0,0,-83.2176,83.2176,92,0,0,0,10,19,13.9021,22.0979,1.5
4700250096,83.6201,0,0,-83.6201,83.6201,96,0,0,0,10,7,13.1293,24.5,1.5
4700250097,83.5338,0,0,-83.5338,83.5338,97,0,0,0,10,9,0.646373,27.1464,1.5
4700250104,83.8674,0,0,-83.8674,83.8674,104,0,0,0,10,1,-12,26.6205,1.5
4700250114,84.5989,0,0,-84.5989,84.5989,114,0,0,0,10,16,4.35636,32.5,1.5
4700250150,95.6124,0,0,-95.6124,95.6124,150,0,0,0,10,13,15.5889,40.5889,1.5
4700250158,95.1235,0,0,-95.1235,95.1235,158,0,0,0,10,20,9.4574,44.9574,1.5
4700250168,94.8338,0,0,-94.8338,94.8338,168,0,0,0,10,5,-22,43.7179,1.5
4700250210,100.507,0,0,-100.507,100.507,210,0,0,0,10,3,-18.2338,59.5,1.5
4700250211,100.42,0,0,-100.42,100.42,211,0,0,0,10,17,28.5,54.9288,1.5
4700250211,96.9414,0,0,-96.9414,96.9414,211,0,0,0,10,11,12.5,60.7152,1.5
4700250234,96.1052,0,0,-96.1052,96.1052,234,0,0,0,10,10,-1,68.7636,1.5
4700250236,100.255,0,0,-100.255,100.255,236,0,0,0,10,8,-22.5,65.8187,1.5
4700250243,102.384,0,0,-102.384,102.384,243,0,0,0,10,18,30.7104,64.7104,1.5
4700250244,103.825,0,0,-103.825,103.825,244,0,0,0,10,15,23.1362,68.1362,1.5
4700250245,101.937,0,0,-101.937,101.937,245,0,0,0,10,12,-15.5,70.499,1.5
4700250247,100.417,0,0,-100.417,100.417,247,0,0,0,10,14,-25.3375,68.3375,1.5
4701598358,95.6124,0,0,-95.6124,95.6124,150,13,15.5889,40.5889,1.5,0,0,0,10
4722973319,87.8976,0,0,-87.8976,87.8976,111,4,-16.4401,28.4401,1.5,0,0,0,10
4723973386,95.5851,0,0,-95.5851,95.5851,178,2,-9.06992,52,1.5,0,0,0,10
4726598452,103.825,0,0,-103.825,103.825,244,15,23.1362,68.1362,1.5,0,0,0,10
4727723418,100.507,0,0,-100.507,100.507,210,3,-18.2338,59.5,1.5,0,0,0,10
4727848305,83.5338,0,0,-83.5338,83.5338,97,9,0.646373,27.1464,1.5,0,0,0,10
4729848442,96.1052,0,0,-96.1052,96.1052,234,10,-1,68.7636,1.5,0,0,0,10
4730598322,84.5989,0,0,-84.5989,84.5989,114,16,4.35636,32.5,1.5,0,0,0,10
4730973304,83.6201,0,0,-83.6201,83.6201,96,7,13.1293,24.5,1.5,0,0,0,10
4731223312,83.8674,0,0,-83.8674,83.8674,104,1,-12,26.6205,1.5,0,0,0,10
4731348376,94.8338,0,0,-94.8338,94.8338,168,5,-22,43.7179,1.5,0,0,0,10
4731848444,100.255,0,0,-100.255,100.255,236,8,-22.5,65.8187,1.5,0,0,0,10
4734598419,96.9414,0,0,-96.9414,96.9414,211,11,12.5,60.7152,1.5,0,0,0,10
4735223270,81.3013,0,0,-81.3013,81.3013,62,6,1.5,15.5839,1.5,0,0,0,10
4736348455,100.417,0,0,-100.417,100.417,247,14,-25.3375,68.3375,1.5,0,0,0,10
4738723453,101.937,0,0,-101.937,101.937,245,12,-15.5,70.499,1.5,0,0,0,10
4739348419,100.42,0,0,-100.42,100.42,211,17,28.5,54.9288,1.5,0,0,0,10
4742098300,83.2176,0,0,-83.2176,83.2176,92,19,13.9021,22.0979,1.5,0,0,0,10
4743348451,102.384,0,0,-102.384,102.384,243,18,30.7104,64.7104,1.5,0,0,0,10
4746223366,95.1235,0,0,-95.1235,95.1235,158,20,9.4574,44.9574,1.5,0,0,0,10
4750000111,87.8976,0,0,-87.8976,87.8976,111,0,0,0,10,4,-16.4401,28.4401,1.5
4750000178,95.5851,0,0,-95.5851,95.5851,178,0,0,0,10,2,-9.06992,52,1.5
4750250062,81.3013,0,0,-81.3013,81.3013,62,0,0,0,10,6,1.5,15.5839,1.5
4750250092,83.2176,0,0,-83.2176,83.2176,92,0,0,0,10,19,13.9021,22.0979,1.5
4750250096,83.6201,0,0,-83.6201,83.6201,96,0,0,0,10,7,13.1293,24.5,1.5
4750250097,83.5338,0,0,-83.5338,83.5338,97,0,0,0,10,9,0.646373,27.1464,1.5
4750250104,83.8674,0,0,-83.8674,83.8674,104,0,0,0,10,1,-12,26.6205,1.5
4750250114,84.5989,0,0,-84.5989,84.5989,114,0,0,0,10,16,4.35636,32.5,1.5
4750250150,95.6124,0,0,-95.6124,95.6124,150,0,0,0,10,13,15.5889,40.5889,1.5
4750250158,95.1235,0,0,-95.1235,95.1235,158,0,0,0,10,20,9.4574,44.9574,1.5
4750250168,94.8338,0,0,-94.8338,94.8338,168,0,0,0,10,5,-22,43.7179,1.5
4750250210,100.507,0,0,-100.507,100.507,210,0,0,0,10,3,-18.2338,59.5,1.5
4750250211,100.42,0,0,-100.42,100.42,211,0,0,0,10,17,28.5,54.9288,1.5
4750250211,96.9414,0,0,-96.9414,96.9414,211,0,0,0,10,11,12.5,60.7152,1.5
4750250234,96.1052,0,0,-96.1052,96.1052,234,0,0,0,10,10,-1,68.7636,1.5
4750250236,100.255,0,0,-100.255,100.255,236,0,0,0,10,8,-22.5,65.8187,1.5
4750250243,102.384,0,0,-102.384,102.384,243,0,0,0,10,18,30.7104,64.7104,1.5
4750250244,103.825,0,0,-103.825,103.825,244,0,0,0,10,15,23.1362,68.1362,1.5
4750250245,101.937,0,0,-101.937,101.937,245,0,0,0,10,12,-15.5,70.499,1.5
4750250247,100.417,0,0,-100.417,100.417,247,0,0,0,10,14,-25.3375,68.3375,1.5
4751598358,95.6124,0,0,-95.6124,95.6124,150,13,15.5889,40.5889,1.5,0,0,0,10
4772973319,87.8976,0,0,-87.8976,87.8976,111,4,-16.4401,28.4401,1.5,0,0,0,10
4773973386,95.5851,0,0,-95.5851,95.5851,178,2,-9.06992,52,1.5,0,0,0,10
4776598452,103.825,0,0,-103.825,103.825,244,15,23.1362,68.1362,1.5,0,0,0,10
4777723418,100.507,0,0,-100.507,100.507,210,3,-18.2338,59.5,1.5,0,0,0,10
4777848305,83.5338,0,0,-83.5338,83.5338,97,9,0.646373,27.1464,1.5,0,0,0,10
4779848442,96.1052,0,0,-96.1052,96.1052,234,10,-1,68.7636,1.5,0,0,0,10
4780598322,84.5989,0,0,-84.5989,84.5989,114,16,4.35636,32.5,1.5,0,0,0,10
4780973304,83.6201,0,0,-83.6201,83.6201,96,7,13.1293,24.5,1.5,0,0,0,10
4781223312,83.8674,0,0,-83.8674,83.8674,104,1,-12,26.6205,1.5,0,0,0,10
4781348376,94.8338,0,0,-94.8338,94.8338,168,5,-22,43.7179,1.5,0,0,0,10
4781848444,100.255,0,0,-100.255,100.255,236,8,-22.5,65.8187,1.5,0,0,0,10
4784598419,96.9414,0,0,-96.9414,96.9414,211,11,12.5,60.7152,1.5,0,0,0,10
4785223270,81.3013,0,0,-81.3013,81.3013,62,6,1.5,15.5839,1.5,0,0,0,10
4786348455,100.417,0,0,-100.417,100.417,247,14,-25.3375,68.3375,1.5,0,0,0,10
4788723453,101.937,0,0,-101.937,101.937,245,12,-15.5,70.499,1.5,0,0,0,10
4789348419,100.42,0,0,-100.42,100.42,211,17,28.5,54.9288,1.5,0,0,0,10
4792098300,83.2176,0,0,-83.2176,83.2176,92,19,13.9021,22.0979,1.5,0,0,0,10
4793348451,102.384,0,0,-102.384,102.384,243,18,30.7104,64.7104,1.5,0,0,0,10
4796223366,95.1235,0,0,-95.1235,95.1235,158,20,9.4574,44.9574,1.5,0,0,0,10
4800000111,87.8976,0,0,-87.8976,87.8976,111,0,0,0,10,4,-16.5462,28.5462,1.5
4800000178,95.5851,0,0,-95.5851,95.5851,178,0,0,0,10,2,-9.21992,52,1.5
4800250092,83.2176,0,0,-83.2176,83.2176,92,0,0,0,10,19,14.0082,21.9918,1.5
4800250096,83.6201,0,0,-83.6201,83.6201,96,0,0,0,10,7,13.2793,24.5,1.5
4800250097,83.5338,0,0,-83.5338,83.5338,97,0,0,0,10,9,0.540307,27.0403,1.5
4800250104,83.8674,0,0,-83.8674,83.8674,104,0,0,0,10,1,-12,26.4705,1.5
4800250114,84.5989,0,0,-84.5989,84.5989,114,0,0,0,10,16,4.20636,32.5,1.5
4800250150,95.6124,0,0,-95.6124,95.6124,150,0,0,0,10,13,15.4828,40.4828,1.5
4800250158,95.1235,0,0,-95.1235,95.1235,158,0,0,0,10,20,9.35133,44.8513,1.5
4800250168,94.8338,0,0,-94.8338,94.8338,168,0,0,0,10,5,-22,43.5679,1.5
4800250210,100.507,0,0,-100.507,100.507,210,0,0,0,10,3,-18.0838,59.5,1.5
4800250211,100.42,0,0,-100.42,100.42,211,0,0,0,10,17,28.5,54.7788,1.5
4800250211,96.9414,0,0,-96.9414,96.9414,211,0,0,0,10,11,12.5,60.5652,1.5
4800250234,96.1052,0,0,-96.1052,96.1052,234,0,0,0,10,10,-1,68.6136,1.5
4800250236,100.255,0,0,-100.255,100.255,236,0,0,0,10,8,-22.5,65.6687,1.5
4800250243,102.384,0,0,-102.384,102.384,243,0,0,0,10,18,30.6044,64.6044,1.5
4800250244,103.825,0,0,-103.825,103.825,244,0,0,0,10,15,23.0301,68.0301,1.5
4800250245,101.937,0,0,-101.937,101.937,245,0,0,0,10,12,-15.5,70.349,1.5
4800250247,100.417,0,0,-100.417,100.417,247,0,0,0,10,14,-25.2314,68.2314,1.5
4800625058,80.7702,0,0,-80.7702,80.7702,58,0,0,0,10,6,1.5,15.4339,1.5
4801598358,95.6124,0,0,-95.6124,95.6124,150,13,15.4828,40.4828,1.5,0,0,0,10
4822973319,87.8976,0,0,-87.8976,87.8976,111,4,-16.5462,28.5462,1.5,0,0,0,10
4823973386,95.5851,0,0,-95.5851,95.5851,178,2,-9.21992,52,1.5,0,0,0,10
4826598452,103.825,0,0,-103.825,103.825,244,15,23.0301,68.0301,1.5,0,0,0,10
4827723418,100.507,0,0,-100.507,100.507,210,3,-18.0838,59.5,1.5,0,0,0,10
4827848305,83.5338,0,0,-83.5338,83.5338,97,9,0.540307,27.0403,1.5,0,0,0,10
4829848442,96.1052,0,0,-96.1052,96.1052,234,10,-1,68.6136,1.5,0,0,0,10
4830598322,84.5989,0,0,-84.5989,84.5989,114,16,4.20636,32.5,1.5,0,0,0,10
4830973304,83.6201,0,0,-83.6201,83.6201,96,7,13.2793,24.5,1.5,0,0,0,10
4831223312,83.8674,0,0,-83.8674,83.8674,104,1,-12,26.4705,1.5,0,0,0,10
4831348376,94.8338,0,0,-94.8338,94.8338,168,5,-22,43.5679,1.5,0,0,0,10
4831848444,100.255,0,0,-100.255,100.255,236,8,-22.5,65.6687,1.5,0,0,0,10
4834598419,96.9414,0,0,-96.9414,96.9414,211,11,12.5,60.5652,1.5,0,0,0,10
4836348455,100.417,0,0,-100.417,100.417,247,14,-25.2314,68.2314,1.5,0,0,0,10
4838723453,101.937,0,0,-101.937,101.937,245,12,-15.5,70.349,1.5,0,0,0,10
4839348419,100.42,0,0,-100.42,100.42,211,17,28.5,54.7788,1.5,0,0,0,10
4842098300,83.2176,0,0,-83.2176,83.2176,92,19,14.0082,21.9918,1.5,0,0,0,10
4843348451,102.384,0,0,-102.384,102.384,243,18,30.6044,64.6044,1.5,0,0,0,10
4845223266,80.7702,0,0,-80.7702,80.7702,58,6,1.5,15.4339,1.5,0,0,0,10
4846223366,95.1235,0,0,-95.1235,95.1235,158,20,9.35133,44.8513,1.5,0,0,0,10
4850000111,87.8976,0,0,-87.8976,87.8976,111,0,0,0,10,4,-16.5462,28.5462,1.5
4850000178,95.5851,0,0,-95.5851,95.5851,178,0,0,0,10,2,-9.21992,52,1.5
4850250092,83.2176,0,0,-83.2176,83.2176,92,0,0,0,10,19,14.0082,21.9918,1.5
4850250096,83.6201,0,0,-83.6201,83.6201,96,0,0,0,10,7,13.2793,24.5,1.5
4850250097,83.5338,0,0,-83.5338,83.5338,97,0,0,0,10,9,0.540307,27.0403,1.5
4850250104,83.8674,0,0,-83.8674,83.8674,104,0,0,0,10,1,-12,26.4705,1.5
4850250114,84.5989,0,0,-84.5989,84.5989,114,0,0,0,10,16,4.20636,32.5,1.5
4850250150,95.6124,0,0,-95.6124,95.6124,150,0,0,0,10,13,15.4828,40.4828,1.5
4850250158,95.1235,0,0,-95.1235,95.1235,158,0,0,0,10,20,9.35133,44.8513,1.5
4850250168,94.8338,0,0,-94.8338,94.8338,168,0,0,0,10,5,-22,43.5679,1.5
4850250210,100.507,0,0,-100.507,100.507,210,0,0,0,10,3,-18.0838,59.5,1.5
4850250211,100.42,0,0,-100.42,100.42,211,0,0,0,10,17,28.5,54.7788,1.5
4850250211,96.9414,0,0,-96.9414,96.9414,211,0,0,0,10,11,12.5,60.5652,1.5
4850250234,96.1052,0,0,-96.1052,96.1052,234,0,0,0,10,10,-1,68.6136,1.5
4850250236,100.255,0,0,-100.255,100.255,236,0,0,0,10,8,-22.5,65.6687,1.5
4850250243,102.384,0,0,-102.384,102.384,243,0,0,0,10,18,30.6044,64.6044,1.5
4850250244,103.825,0,0,-103.825,103.825,244,0,0,0,10,15,23.0301,68.0301,1.5
4850250245,101.937,0,0,-101.937,101.937,245,0,0,0,10,12,-15.5,70.349,1.5
4850250247,100.417,0,0,-100.417,100.417,247,0,0,0,10,14,-25.2314,68.2314,1.5
4850625058,80.7702,0,0,-80.7702,80.7702,58,0,0,0,10,6,1.5,15.4339,1.5
4851598358,95.6124,0,0,-95.6124,95.6124,150,13,15.4828,40.4828,1.5,0,0,0,10
4872973319,87.8976,0,0,-87.8976,87.8976,111,4,-16.5462,28.5462,1.5,0,0,0,10
4873973386,95.5851,0,0,-95.5851,95.5851,178,2,-9.21992,52,1.5,0,0,0,10
4876598452,103.825,0,0,-103.825,103.825,244,15,23.0301,68.0301,1.5,0,0,0,10
4877723418,100.507,0,0,-100.507,100.507,210,3,-18.0838,59.5,1.5,0,0,0,10
4877848305,83.5338,0,0,-83.5338,83.5338,97,9,0.540307,27.0403,1.5,0,0,0,10
4879848442,96.1052,0,0,-96.1052,96.1052,234,10,-1,68.6136,1.5,0,0,0,10
4880598322,84.5989,0,0,-84.5989,84.5989,114,16,4.20636,32.5,1.5,0,0,0,10
4880973304,83.6201,0,0,-83.6201,83.6201,96,7,13.2793,24.5,1.5,0,0,0,10
4881223312,83.8674,0,0,-83.8674,83.8674,104,1,-12,26.4705,1.5,0,0,0,10
4881348376,94.8338,0,0,-94.8338,94.8338,168,5,-22,43.5679,1.5,0,0,0,10
4881848444,100.255,0,0,-100.255,100.255,236,8,-22.5,65.6687,1.5,0,0,0,10
4884598419,96.9414,0,0,-96.9414,96.9414,211,11,12.5,60.5652,1.5,0,0,0,10
4886348455,100.417,0,0,-100.417,100.417,247,14,-25.2314,68.2314,1.5,0,0,0,10
4888723453,101.937,0,0,-101.937,101.937,245,12,-15.5,70.349,1.5,0,0,0,10
4889348419,100.42,0,0,-100.42,100.42,211,17,28.5,54.7788,1.5,0,0,0,10
4892098300,83.2176,0,0,-83.2176,83.2176,92,19,14.0082,21.9918,1.5,0,0,0,10
4893348451,102.384,0,0,-102.384,102.384,243,18,30.6044,64.6044,1.5,0,0,0,10
4895223266,80.7702,0,0,-80.7702,80.7702,58,6,1.5,15.4339,1.5,0,0,0,10
4896223366,95.1235,0,0,-95.1235,95.1235,158,20,9.35133,44.8513,1.5,0,0,0,10
4900000111,87.8976,0,0,-87.8976,87.8976,111,0,0,0,10,4,-16.6523,28.6523,1.5
4900000178,95.5851,0,0,-95.5851,95.5851,178,0,0,0,10,2,-9.36992,52,1.5
4900250092,83.2176,0,0,-83.2176,83.2176,92,0,0,0,10,19,14.1143,21.8857,1.5
4900250096,83.6201,0,0,-83.6201,83.6201,96,0,0,0,10,7,13.4293,24.5,1.5
4900250097,83.5338,0,0,-83.5338,83.5338,97,0,0,0,10,9,0.434241,26.9342,1.5
4900250104,83.8674,0,0,-83.8674,83.8674,104,0,0,0,10,1,-12,26.3205,1.5
4900250114,84.5989,0,0,-84.5989,84.5989,114,0,0,0,10,16,4.05636,32.5,1.5
4900250150,95.6124,0,0,-95.6124,95.6124,150,0,0,0,10,13,15.3768,40.3768,1.5
4900250158,95.1235,0,0,-95.1235,95.1235,158,0,0,0,10,20,9.24527,44.7453,1.5
4900250168,94.8338,0,0,-94.8338,94.8338,168,0,0,0,10,5,-22,43.4179,1.5
4900250210,100.507,0,0,-100.507,100.507,210,0,0,0,10,3,-17.9338,59.5,1.5
4900250211,100.42,0,0,-100.42,100.42,211,0,0,0,10,17,28.5,54.6288,1.5
4900250211,96.9414,0,0,-96.9414,96.9414,211,0,0,0,10,11,12.5,60.4152,1.5
4900250234,96.1052,0,0,-96.1052,96.1052,234,0,0,0,10,10,-1,68.4636,1.5
4900250236,100.255,0,0,-100.255,100.255,236,0,0,0,10,8,-22.5,65.5187,1.5
4900250243,102.384,0,0,-102.384,102.384,243,0,0,0,10,18,30.4983,64.4983,1.5
4900250244,103.825,0,0,-103.825,103.825,244,0,0,0,10,15,22.9241,67.9241,1.5
4900250245,101.937,0,0,-101.937,101.937,245,0,0,0,10,12,-15.5,70.199,1.5
4900250247,100.417,0,0,-100.417,100.417,247,0,0,0,10,14,-25.1253,68.1253,1.5
4900625058,80.7702,0,0,-80.7702,80.7702,58,0,0,0,10,6,1.5,15.2839,1.5
4901598358,95.6124,0,0,-95.6124,95.6124,150,13,15.3768,40.3768,1.5,0,0,0,10
4922973319,87.8976,0,0,-87.8976,87.8976,111,4,-16.6523,28.6523,1.5,0,0,0,10
4923973386,95.5851,0,0,-95.5851,95.5851,178,2,-9.36992,52,1.5,0,0,0,10
4926598452,103.825,0,0,-103.825,103.825,244,15,22.9241,67.9241,1.5,0,0,0,10
4927723418,100.507,0,0,-100.507,100.507,210,3,-17.9338,59.5,1.5,0,0,0,10
4927848305,83.5338,0,0,-83.5338,83.5338,97,9,0.434241,26.9342,1.5,0,0,0,10
4929848442,96.1052,0,0,-96.1052,96.1052,234,10,-1,68.4636,1.5,0,0,0,10
4930598322,84.5989,0,0,-84.5989,84.5989,114,16,4.05636,32.5,1.5,0,0,0,10
4930973304,83.6201,0,0,-83.6201,83.6201,96,7,13.4293,24.5,1.5,0,0,0,10
4931223312,83.8674,0,0,-83.8674,83.8674,104,1,-12,26.3205,1.5,0,0,0,10
4931348376,94.8338,0,0,-94.8338,94.8338,168,5,-22,43.4179,1.5,0,0,0,10
4931848444,100.255,0,0,-100.255,100.255,236,8,-22.5,65.5187,1.5,0,0,0,10
4934598419,96.9414,0,0,-96.9414,96.9414,211,11,12.5,60.4152,1.5,0,0,0,10
4936348455,100.417,0,0,-100.417,100.417,247,14,-25.1253,68.1253,1.5,0,0,0,10
4938723453,101.937,0,0,-101.937,101.937,245,12,-15.5,70.199,1.5,0,0,0,10
4939348419,100.42,0,0,-100.42,100.42,211,17,28.5,54.6288,1.5,0,0,0,10
4942098300,83.2176,0,0,-83.2176,83.2176,92,19,14.1143,21.8857,1.5,0,0,0,10
4943348451,102.384,0,0,-102.384,102.384,243,18,30.4983,64.4983,1.5,0,0,0,10
4945223266,80.7702,0,0,-80.7702,80.7702,58,6,1.5,15.2839,1.5,0,0,0,10
4946223366,95.1235,0,0,-95.1235,95.1235,158,20,9.24527,44.7453,1.5,0,0,0,10
4950000111,87.8976,0,0,-87.8976,87.8976,111,0,0,0,10,4,-16.6523,28.6523,1.5
4950000178,95.5851,0,0,-95.5851,95.5851,178,0,0,0,10,2,-9.36992,52,1.5
4950250092,83.2176,0,0,-83.2176,83.2176,92,0,0,0,10,19,14.1143,21.8857,1.5
4950250096,83.6201,0,0,-83.6201,83.6201,96,0,0,0,10,7,13.4293,24.5,1.5
4950250097,83.5338,0,0,-83.5338,83.5338,97,0,0,0,10,9,0.434241,26.9342,1.5
4950250104,83.8674,0,0,-83.8674,83.8674,104,0,0,0,10,1,-12,26.3205,1.5
4950250114,84.5989,0,0,-84.5989,84.5989,114,0,0,0,10,16,4.05636,32.5,1.5
4950250150,95.6124,0,0,-95.6124,95.6124,150,0,0,0,10,13,15.3768,40.3768,1.5
4950250158,95.1235,0,0,-95.1235,95.1235,158,0,0,0,10,20,9.24527,44.7453,1.5
4950250168,94.8338,0,0,-94.8338,94.8338,168,0,0,0,10,5,-22,43.4179,1.5
4950250210,100.507,0,0,-100.507,100.507,210,0,0,0,10,3,-17.9338,59.5,1.5
4950250211,100.42,0,0,-100.42,100.42,211,0,0,0,10,17,28.5,54.6288,1.5
4950250211,96.9414,0,0,-96.9414,96.9414,211,0,0,0,10,11,12.5,60.4152,1.5
4950250234,96.1052,0,0,-96.1052,96.1052,234,0,0,0,10,10,-1,68.4636,1.5
4950250236,100.255,0,0,-100.255,100.255,236,0,0,0,10,8,-22.5,65.5187,1.5
4950250243,102.384,0,0,-102.384,102.384,243,0,0,0,10,18,30.4983,64.4983,1.5
4950250244,103.825,0,0,-103.825,103.825,244,0,0,0,10,15,22.9241,67.9241,1.5
4950250245,101.937,0,0,-101.937,101.937,245,0,0,0,10,12,-15.5,70.199,1.5
4950250247,100.417,0,0,-100.417,100.417,247,0,0,0,10,14,-25.1253,68.1253,1.5
4950625058,80.7702,0,0,-80.7702,80.7702,58,0,0,0,10,6,1.5,15.2839,1.5
4951598358,95.6124,0,0,-95.6124,95.6124,150,13,15.3768,40.3768,1.5,0,0,0,10
4972973319,87.8976,0,0,-87.8976,87.8976,111,4,-16.6523,28.6523,1.5,0,0,0,10
4973973386,95.5851,0,0,-95.5851,95.5851,178,2,-9.36992,52,1.5,0,0,0,10
4976598452,103.825,0,0,-103.825,103.825,244,15,22.9241,67.9241,1.5,0,0,0,10
4977723418,100.507,0,0,-100.507,100.507,210,3,-17.9338,59.5,1.5,0,0,0,10
4977848305,83.5338,0,0,-83.5338,83.5338,97,9,0.434241,26.9342,1.5,0,0,0,10
4979848442,96.1052,0,0,-96.1052,96.1052,234,10,-1,68.4636,1.5,0,0,0,10
4980598322,84.5989,0,0,-84.5989,84.5989,114,16,4.05636,32.5,1.5,0,0,0,10
4980973304,83.6201,0,0,-83.6201,83.6201,96,7,13.4293,24.5,1.5,0,0,0,10
4981223312,83.8674,0,0,-83.8674,83.8674,104,1,-12,26.3205,1.5,0,0,0,10
4981348376,94.8338,0,0,-94.8338,94.8338,168,5,-22,43.4179,1.5,0,0,0,10
4981848444,100.255,0,0,-100.255,100.255,236,8,-22.5,65.5187,1.5,0,0,0,10
4984598419,96.9414,0,0,-96.9414,96.9414,211,11,12.5,60.4152,1.5,0,0,0,10
4986348455,100.417,0,0,-100.417,100.417,247,14,-25.1253,68.1253,1.5,0,0,0,10
4988723453,101.937,0,0,-101.937,101.937,245,12,-15.5,70.199,1.5,0,0,0,10
4989348419,100.42,0,0,-100.42,100.42,211,17,28.5,54.6288,1.5,0,0,0,10
4992098300,83.2176,0,0,-83.2176,83.2176,92,19,14.1143,21.8857,1.5,0,0,0,10
4993348451,102.384,0,0,-102.384,102.384,243,18,30.4983,64.4983,1.5,0,0,0,10
4995223266,80.7702,0,0,-80.7702,80.7702,58,6,1.5,15.2839,1.5,0,0,0,10
4996223366,95.1235,0,0,-95.1235,95.1235,158,20,9.24527,44.7453,1.5,0,0,0,10
