Timestamp_ns,Loss_dB,TxAntGain_dB,RxAntGain_dB,PropGain_dB,Pathloss_dB,Delay_ns,SrcId,SrcX,SrcY,SrcZ,DstId,DstX,DstY,DstZ
81,82.2159,0,0,-82.2159,82.2159,81,0,0,0,10,6,1.53407,22.633,1.5
92,83.7694,0,0,-83.7694,83.7694,92,0,0,0,10,4,-11.3816,23.54,1.5
95,83.5959,0,0,-83.5959,83.5959,95,0,0,0,10,7,6.81259,26.2351,1.5
100,83.9175,0,0,-83.9175,83.9175,100,0,0,0,10,19,9.03328,27.1796,1.5
113,84.6562,0,0,-84.6562,84.6562,113,0,0,0,10,9,5.56353,32.1928,1.5
114,84.5725,0,0,-84.5725,84.5725,114,0,0,0,10,1,-8.2831,32.089,1.5
122,85.2567,0,0,-85.2567,85.2567,122,0,0,0,10,16,10.7662,33.9139,1.5
169,96.8428,0,0,-96.8428,96.8428,169,0,0,0,10,13,20.7076,45.3977,1.5
174,99.1425,0,0,-99.1425,99.1425,174,0,0,0,10,2,-2.22945,51.5363,1.5
176,95.9741,0,0,-95.9741,95.9741,176,0,0,0,10,20,14.3332,50.0297,1.5
187,95.3645,0,0,-95.3645,95.3645,187,0,0,0,10,5,-22.0159,50.7674,1.5
217,102.659,0,0,-102.659,102.659,217,0,0,0,10,3,-25.2835,59.4869,1.5
229,100.778,0,0,-100.778,100.778,229,0,0,0,10,17,28.6707,61.9473,1.5
231,96.1692,0,0,-96.1692,96.1692,231,0,0,0,10,11,13.0927,67.5504,1.5
254,96.5642,0,0,-96.5642,96.5642,254,0,0,0,10,10,-1.16568,75.7663,1.5
256,105.15,0,0,-105.15,105.15,256,0,0,0,10,8,-23.8062,72.3358,1.5
263,105.076,0,0,-105.076,105.076,263,0,0,0,10,15,28.1569,73.0835,1.5
263,104.474,0,0,-104.474,104.474,263,0,0,0,10,18,35.7284,69.6611,1.5
265,98.9,0,0,-98.9,98.9,265,0,0,0,10,12,-16.4083,77.1281,1.5
266,101.391,0,0,-101.391,101.391,266,0,0,0,10,14,-30.2987,73.3447,1.5
16232217,82.2159,0,0,-82.2159,82.2159,81,6,1.53407,22.633,1.5,0,0,0,10
16232228,83.7694,0,0,-83.7694,83.7694,92,4,-11.3816,23.54,1.5,0,0,0,10
16232231,83.5959,0,0,-83.5959,83.5959,95,7,6.81259,26.2351,1.5,0,0,0,10
16232236,83.9175,0,0,-83.9175,83.9175,100,19,9.03328,27.1796,1.5,0,0,0,10
16232249,84.6562,0,0,-84.6562,84.6562,113,9,5.56353,32.1928,1.5,0,0,0,10
16232250,84.5725,0,0,-84.5725,84.5725,114,1,-8.2831,32.089,1.5,0,0,0,10
16232258,85.2567,0,0,-85.2567,85.2567,122,16,10.7662,33.9139,1.5,0,0,0,10
16232305,96.8428,0,0,-96.8428,96.8428,169,13,20.7076,45.3977,1.5,0,0,0,10
16232310,99.1425,0,0,-99.1425,99.1425,174,2,-2.22945,51.5363,1.5,0,0,0,10
16232312,95.9741,0,0,-95.9741,95.9741,176,20,14.3332,50.0297,1.5,0,0,0,10
16232323,95.3645,0,0,-95.3645,95.3645,187,5,-22.0159,50.7674,1.5,0,0,0,10
16232353,102.659,0,0,-102.659,102.659,217,3,-25.2835,59.4869,1.5,0,0,0,10
16232365,100.778,0,0,-100.778,100.778,229,17,28.6707,61.9473,1.5,0,0,0,10
16232367,96.1692,0,0,-96.1692,96.1692,231,11,13.0927,67.5504,1.5,0,0,0,10
16232390,96.5642,0,0,-96.5642,96.5642,254,10,-1.16568,75.7663,1.5,0,0,0,10
16232392,105.15,0,0,-105.15,105.15,256,8,-23.8062,72.3358,1.5,0,0,0,10
16232399,105.076,0,0,-105.076,105.076,263,15,28.1569,73.0835,1.5,0,0,0,10
16232399,104.474,0,0,-104.474,104.474,263,18,35.7284,69.6611,1.5,0,0,0,10
16232401,98.9,0,0,-98.9,98.9,265,12,-16.4083,77.1281,1.5,0,0,0,10
16232402,101.391,0,0,-101.391,101.391,266,14,-30.2987,73.3447,1.5,0,0,0,10
50000081,82.2159,0,0,-82.2159,82.2159,81,0,0,0,10,6,1.53407,22.633,1.5
50000092,83.7694,0,0,-83.7694,83.7694,92,0,0,0,10,4,-11.3816,23.54,1.5
50000095,83.5959,0,0,-83.5959,83.5959,95,0,0,0,10,7,6.81259,26.2351,1.5
50000100,83.9175,0,0,-83.9175,83.9175,100,0,0,0,10,19,9.03328,27.1796,1.5
50000113,84.6562,0,0,-84.6562,84.6562,113,0,0,0,10,9,5.56353,32.1928,1.5
50000114,84.5725,0,0,-84.5725,84.5725,114,0,0,0,10,1,-8.2831,32.089,1.5
50000122,85.2567,0,0,-85.2567,85.2567,122,0,0,0,10,16,10.7662,33.9139,1.5
50000169,96.8428,0,0,-96.8428,96.8428,169,0,0,0,10,13,20.7076,45.3977,1.5
50000174,99.1425,0,0,-99.1425,99.1425,174,0,0,0,10,2,-2.22945,51.5363,1.5
50000176,95.9741,0,0,-95.9741,95.9741,176,0,0,0,10,20,14.3332,50.0297,1.5
50000187,95.3645,0,0,-95.3645,95.3645,187,0,0,0,10,5,-22.0159,50.7674,1.5
50000217,102.659,0,0,-102.659,102.659,217,0,0,0,10,3,-25.2835,59.4869,1.5
50000229,100.778,0,0,-100.778,100.778,229,0,0,0,10,17,28.6707,61.9473,1.5
50000231,96.1692,0,0,-96.1692,96.1692,231,0,0,0,10,11,13.0927,67.5504,1.5
50000254,96.5642,0,0,-96.5642,96.5642,254,0,0,0,10,10,-1.16568,75.7663,1.5
50000256,105.15,0,0,-105.15,105.15,256,0,0,0,10,8,-23.8062,72.3358,1.5
50000263,105.076,0,0,-105.076,105.076,263,0,0,0,10,15,28.1569,73.0835,1.5
50000263,104.474,0,0,-104.474,104.474,263,0,0,0,10,18,35.7284,69.6611,1.5
50000265,98.9,0,0,-98.9,98.9,265,0,0,0,10,12,-16.4083,77.1281,1.5
50000266,101.391,0,0,-101.391,101.391,266,0,0,0,10,14,-30.2987,73.3447,1.5
66348474,101.391,0,0,-101.391,101.391,266,14,-30.2987,73.3447,1.5,0,0,0,10
66598471,105.076,0,0,-105.076,105.076,263,15,28.1569,73.0835,1.5,0,0,0,10
67723425,102.659,0,0,-102.659,102.659,217,3,-25.2835,59.4869,1.5,0,0,0,10
67848321,84.6562,0,0,-84.6562,84.6562,113,9,5.56353,32.1928,1.5,0,0,0,10
68723473,98.9,0,0,-98.9,98.9,265,12,-16.4083,77.1281,1.5,0,0,0,10
69348437,100.778,0,0,-100.778,100.778,229,17,28.6707,61.9473,1.5,0,0,0,10
69848462,96.5642,0,0,-96.5642,96.5642,254,10,-1.16568,75.7663,1.5,0,0,0,10
70598330,85.2567,0,0,-85.2567,85.2567,122,16,10.7662,33.9139,1.5,0,0,0,10
70973303,83.5959,0,0,-83.5959,83.5959,95,7,6.81259,26.2351,1.5,0,0,0,10
71223322,84.5725,0,0,-84.5725,84.5725,114,1,-8.2831,32.089,1.5,0,0,0,10
71348395,95.3645,0,0,-95.3645,95.3645,187,5,-22.0159,50.7674,1.5,0,0,0,10
71598377,96.8428,0,0,-96.8428,96.8428,169,13,20.7076,45.3977,1.5,0,0,0,10
71848464,105.15,0,0,-105.15,105.15,256,8,-23.8062,72.3358,1.5,0,0,0,10
72098308,83.9175,0,0,-83.9175,83.9175,100,19,9.03328,27.1796,1.5,0,0,0,10
72973300,83.7694,0,0,-83.7694,83.7694,92,4,-11.3816,23.54,1.5,0,0,0,10
73348471,104.474,0,0,-104.474,104.474,263,18,35.7284,69.6611,1.5,0,0,0,10
73973382,99.1425,0,0,-99.1425,99.1425,174,2,-2.22945,51.5363,1.5,0,0,0,10
74598439,96.1692,0,0,-96.1692,96.1692,231,11,13.0927,67.5504,1.5,0,0,0,10
75223289,82.2159,0,0,-82.2159,82.2159,81,6,1.53407,22.633,1.5,0,0,0,10
76223384,95.9741,0,0,-95.9741,95.9741,176,20,14.3332,50.0297,1.5,0,0,0,10
100000081,82.2159,0,0,-82.2159,82.2159,81,0,0,0,10,6,1.52601,22.4832,1.5
100000092,83.7694,0,0,-83.7694,83.7694,92,0,0,0,10,4,-11.502,23.6296,1.5
100000095,83.5959,0,0,-83.5959,83.5959,95,0,0,0,10,7,6.91504,26.1256,1.5
100000100,83.9175,0,0,-83.9175,83.9175,100,0,0,0,10,19,9.11819,27.056,1.5
100000113,84.6562,0,0,-84.6562,84.6562,113,0,0,0,10,9,5.46887,32.0764,1.5
100000114,84.5725,0,0,-84.5725,84.5725,114,0,0,0,10,1,-8.399,31.9938,1.5
100000122,85.2567,0,0,-85.2567,85.2567,122,0,0,0,10,16,10.6851,33.7878,1.5
100000169,96.8428,0,0,-96.8428,96.8428,169,0,0,0,10,13,20.5769,45.3243,1.5
100000174,99.1425,0,0,-99.1425,99.1425,174,0,0,0,10,2,-2.37812,51.5164,1.5
100000176,95.9741,0,0,-95.9741,95.9741,176,0,0,0,10,20,14.2533,49.9028,1.5
100000187,95.3645,0,0,-95.3645,95.3645,187,0,0,0,10,5,-22.007,50.6176,1.5
100000217,102.659,0,0,-102.659,102.659,217,0,0,0,10,3,-25.1337,59.4938,1.5
100000229,100.778,0,0,-100.778,100.778,229,0,0,0,10,17,28.6173,61.8072,1.5
100000231,96.1692,0,0,-96.1692,96.1692,231,0,0,0,10,11,13.0678,67.4024,1.5
100000254,96.5642,0,0,-96.5642,96.5642,254,0,0,0,10,10,-1.08644,75.6389,1.5
100000256,105.15,0,0,-105.15,105.15,256,0,0,0,10,8,-23.7051,72.225,1.5
100000263,105.076,0,0,-105.076,105.076,263,0,0,0,10,15,28.0448,72.9839,1.5
100000263,104.474,0,0,-104.474,104.474,263,0,0,0,10,18,35.6173,69.5603,1.5
100000265,98.9,0,0,-98.9,98.9,265,0,0,0,10,12,-16.43,76.9797,1.5
100000266,101.391,0,0,-101.391,101.391,266,0,0,0,10,14,-30.2005,73.2314,1.5
116348474,101.391,0,0,-101.391,101.391,266,14,-30.2005,73.2314,1.5,0,0,0,10
116598471,105.076,0,0,-105.076,105.076,263,15,28.0448,72.9839,1.5,0,0,0,10
117723425,102.659,0,0,-102.659,102.659,217,3,-25.1337,59.4938,1.5,0,0,0,10
117848321,84.6562,0,0,-84.6562,84.6562,113,9,5.46887,32.0764,1.5,0,0,0,10
118723473,98.9,0,0,-98.9,98.9,265,12,-16.43,76.9797,1.5,0,0,0,10
119348437,100.778,0,0,-100.778,100.778,229,17,28.6173,61.8072,1.5,0,0,0,10
119848462,96.5642,0,0,-96.5642,96.5642,254,10,-1.08644,75.6389,1.5,0,0,0,10
120598330,85.2567,0,0,-85.2567,85.2567,122,16,10.6851,33.7878,1.5,0,0,0,10
120973303,83.5959,0,0,-83.5959,83.5959,95,7,6.91504,26.1256,1.5,0,0,0,10
121223322,84.5725,0,0,-84.5725,84.5725,114,1,-8.399,31.9938,1.5,0,0,0,10
121348395,95.3645,0,0,-95.3645,95.3645,187,5,-22.007,50.6176,1.5,0,0,0,10
121598377,96.8428,0,0,-96.8428,96.8428,169,13,20.5769,45.3243,1.5,0,0,0,10
121848464,105.15,0,0,-105.15,105.15,256,8,-23.7051,72.225,1.5,0,0,0,10
122098308,83.9175,0,0,-83.9175,83.9175,100,19,9.11819,27.056,1.5,0,0,0,10
122973300,83.7694,0,0,-83.7694,83.7694,92,4,-11.502,23.6296,1.5,0,0,0,10
123348471,104.474,0,0,-104.474,104.474,263,18,35.6173,69.5603,1.5,0,0,0,10
123973382,99.1425,0,0,-99.1425,99.1425,174,2,-2.37812,51.5164,1.5,0,0,0,10
124598439,96.1692,0,0,-96.1692,96.1692,231,11,13.0678,67.4024,1.5,0,0,0,10
125223289,82.2159,0,0,-82.2159,82.2159,81,6,1.52601,22.4832,1.5,0,0,0,10
126223384,95.9741,0,0,-95.9741,95.9741,176,20,14.2533,49.9028,1.5,0,0,0,10
150000081,82.2159,0,0,-82.2159,82.2159,81,0,0,0,10,6,1.52601,22.4832,1.5
150000092,83.7694,0,0,-83.7694,83.7694,92,0,0,0,10,4,-11.502,23.6296,1.5
150000095,83.5959,0,0,-83.5959,83.5959,95,0,0,0,10,7,6.91504,26.1256,1.5
150000100,83.9175,0,0,-83.9175,83.9175,100,0,0,0,10,19,9.11819,27.056,1.5
150000113,84.6562,0,0,-84.6562,84.6562,113,0,0,0,10,9,5.46887,32.0764,1.5
150000114,84.5725,0,0,-84.5725,84.5725,114,0,0,0,10,1,-8.399,31.9938,1.5
150000122,85.2567,0,0,-85.2567,85.2567,122,0,0,0,10,16,10.6851,33.7878,1.5
150000169,96.8428,0,0,-96.8428,96.8428,169,0,0,0,10,13,20.5769,45.3243,1.5
150000174,99.1425,0,0,-99.1425,99.1425,174,0,0,0,10,2,-2.37812,51.5164,1.5
150000176,95.9741,0,0,-95.9741,95.9741,176,0,0,0,10,20,14.2533,49.9028,1.5
150000187,95.3645,0,0,-95.3645,95.3645,187,0,0,0,10,5,-22.007,50.6176,1.5
150000217,102.659,0,0,-102.659,102.659,217,0,0,0,10,3,-25.1337,59.4938,1.5
150000229,100.778,0,0,-100.778,100.778,229,0,0,0,10,17,28.6173,61.8072,1.5
150000231,96.1692,0,0,-96.1692,96.1692,231,0,0,0,10,11,13.0678,67.4024,1.5
150000254,96.5642,0,0,-96.5642,96.5642,254,0,0,0,10,10,-1.08644,75.6389,1.5
150000256,105.15,0,0,-105.15,105.15,256,0,0,0,10,8,-23.7051,72.225,1.5
150000263,105.076,0,0,-105.076,105.076,263,0,0,0,10,15,28.0448,72.9839,1.5
150000263,104.474,0,0,-104.474,104.474,263,0,0,0,10,18,35.6173,69.5603,1.5
150000265,98.9,0,0,-98.9,98.9,265,0,0,0,10,12,-16.43,76.9797,1.5
150000266,101.391,0,0,-101.391,101.391,266,0,0,0,10,14,-30.2005,73.2314,1.5
166348474,101.391,0,0,-101.391,101.391,266,14,-30.2005,73.2314,1.5,0,0,0,10
166598471,105.076,0,0,-105.076,105.076,263,15,28.0448,72.9839,1.5,0,0,0,10
167723425,102.659,0,0,-102.659,102.659,217,3,-25.1337,59.4938,1.5,0,0,0,10
167848321,84.6562,0,0,-84.6562,84.6562,113,9,5.46887,32.0764,1.5,0,0,0,10
168723473,98.9,0,0,-98.9,98.9,265,12,-16.43,76.9797,1.5,0,0,0,10
169348437,100.778,0,0,-100.778,100.778,229,17,28.6173,61.8072,1.5,0,0,0,10
169848462,96.5642,0,0,-96.5642,96.5642,254,10,-1.08644,75.6389,1.5,0,0,0,10
170598330,85.2567,0,0,-85.2567,85.2567,122,16,10.6851,33.7878,1.5,0,0,0,10
170973303,83.5959,0,0,-83.5959,83.5959,95,7,6.91504,26.1256,1.5,0,0,0,10
171223322,84.5725,0,0,-84.5725,84.5725,114,1,-8.399,31.9938,1.5,0,0,0,10
171348395,95.3645,0,0,-95.3645,95.3645,187,5,-22.007,50.6176,1.5,0,0,0,10
171598377,96.8428,0,0,-96.8428,96.8428,169,13,20.5769,45.3243,1.5,0,0,0,10
171848464,105.15,0,0,-105.15,105.15,256,8,-23.7051,72.225,1.5,0,0,0,10
172098308,83.9175,0,0,-83.9175,83.9175,100,19,9.11819,27.056,1.5,0,0,0,10
172973300,83.7694,0,0,-83.7694,83.7694,92,4,-11.502,23.6296,1.5,0,0,0,10
173348471,104.474,0,0,-104.474,104.474,263,18,35.6173,69.5603,1.5,0,0,0,10
173973382,99.1425,0,0,-99.1425,99.1425,174,2,-2.37812,51.5164,1.5,0,0,0,10
174598439,96.1692,0,0,-96.1692,96.1692,231,11,13.0678,67.4024,1.5,0,0,0,10
175223289,82.2159,0,0,-82.2159,82.2159,81,6,1.52601,22.4832,1.5,0,0,0,10
176223384,95.9741,0,0,-95.9741,95.9741,176,20,14.2533,49.9028,1.5,0,0,0,10
200000081,82.2159,0,0,-82.2159,82.2159,81,0,0,0,10,6,1.51794,22.3334,1.5
200000092,83.7694,0,0,-83.7694,83.7694,92,0,0,0,10,4,-11.6223,23.7191,1.5
200000095,83.5959,0,0,-83.5959,83.5959,95,0,0,0,10,7,7.01749,26.016,1.5
200000100,83.9175,0,0,-83.9175,83.9175,100,0,0,0,10,19,9.20311,26.9323,1.5
200000113,84.6562,0,0,-84.6562,84.6562,113,0,0,0,10,9,5.37422,31.9601,1.5
200000114,84.5725,0,0,-84.5725,84.5725,114,0,0,0,10,1,-8.5149,31.8986,1.5
200000122,85.2567,0,0,-85.2567,85.2567,122,0,0,0,10,16,10.6039,33.6616,1.5
200000169,96.8428,0,0,-96.8428,96.8428,169,0,0,0,10,13,20.4461,45.2508,1.5
200000174,99.1425,0,0,-99.1425,99.1425,174,0,0,0,10,2,-2.52702,51.5,1.5
200000176,95.9741,0,0,-95.9741,95.9741,176,0,0,0,10,20,14.1735,49.7758,1.5
200000187,95.3645,0,0,-95.3645,95.3645,187,0,0,0,10,5,-22,50.4679,1.5
200000217,102.659,0,0,-102.659,102.659,217,0,0,0,10,3,-24.9838,59.5,1.5
200000229,100.778,0,0,-100.778,100.778,229,0,0,0,10,17,28.5638,61.6671,1.5
200000231,96.1692,0,0,-96.1692,96.1692,231,0,0,0,10,11,13.0429,67.2545,1.5
200000254,96.5642,0,0,-96.5642,96.5642,254,0,0,0,10,10,-1.0072,75.5116,1.5
200000256,105.15,0,0,-105.15,105.15,256,0,0,0,10,8,-23.6041,72.1141,1.5
200000263,105.076,0,0,-105.076,105.076,263,0,0,0,10,15,27.9326,72.8843,1.5
200000263,104.474,0,0,-104.474,104.474,263,0,0,0,10,18,35.5062,69.4594,1.5
200000265,98.9,0,0,-98.9,98.9,265,0,0,0,10,12,-16.4517,76.8313,1.5
200000266,101.391,0,0,-101.391,101.391,266,0,0,0,10,14,-30.1023,73.118,1.5
216348474,101.391,0,0,-101.391,101.391,266,14,-30.1023,73.118,1.5,0,0,0,10
216598471,105.076,0,0,-105.076,105.076,263,15,27.9326,72.8843,1.5,0,0,0,10
217723425,102.659,0,0,-102.659,102.659,217,3,-24.9838,59.5,1.5,0,0,0,10
217848321,84.6562,0,0,-84.6562,84.6562,113,9,5.37422,31.9601,1.5,0,0,0,10
218723473,98.9,0,0,-98.9,98.9,265,12,-16.4517,76.8313,1.5,0,0,0,10
219348437,100.778,0,0,-100.778,100.778,229,17,28.5638,61.6671,1.5,0,0,0,10
219848462,96.5642,0,0,-96.5642,96.5642,254,10,-1.0072,75.5116,1.5,0,0,0,10
220598330,85.2567,0,0,-85.2567,85.2567,122,16,10.6039,33.6616,1.5,0,0,0,10
220973303,83.5959,0,0,-83.5959,83.5959,95,7,7.01749,26.016,1.5,0,0,0,10
221223322,84.5725,0,0,-84.5725,84.5725,114,1,-8.5149,31.8986,1.5,0,0,0,10
221348395,95.3645,0,0,-95.3645,95.3645,187,5,-22,50.4679,1.5,0,0,0,10
221598377,96.8428,0,0,-96.8428,96.8428,169,13,20.4461,45.2508,1.5,0,0,0,10
221848464,105.15,0,0,-105.15,105.15,256,8,-23.6041,72.1141,1.5,0,0,0,10
222098308,83.9175,0,0,-83.9175,83.9175,100,19,9.20311,26.9323,1.5,0,0,0,10
222973300,83.7694,0,0,-83.7694,83.7694,92,4,-11.6223,23.7191,1.5,0,0,0,10
223348471,104.474,0,0,-104.474,104.474,263,18,35.5062,69.4594,1.5,0,0,0,10
223973382,99.1425,0,0,-99.1425,99.1425,174,2,-2.52702,51.5,1.5,0,0,0,10
224598439,96.1692,0,0,-96.1692,96.1692,231,11,13.0429,67.2545,1.5,0,0,0,10
225223289,82.2159,0,0,-82.2159,82.2159,81,6,1.51794,22.3334,1.5,0,0,0,10
226223384,95.9741,0,0,-95.9741,95.9741,176,20,14.1735,49.7758,1.5,0,0,0,10
250000081,82.2159,0,0,-82.2159,82.2159,81,0,0,0,10,6,1.51794,22.3334,1.5
250000092,83.7694,0,0,-83.7694,83.7694,92,0,0,0,10,4,-11.6223,23.7191,1.5
250000095,83.5959,0,0,-83.5959,83.5959,95,0,0,0,10,7,7.01749,26.016,1.5
250000100,83.9175,0,0,-83.9175,83.9175,100,0,0,0,10,19,9.20311,26.9323,1.5
250000113,84.6562,0,0,-84.6562,84.6562,113,0,0,0,10,9,5.37422,31.9601,1.5
250000114,84.5725,0,0,-84.5725,84.5725,114,0,0,0,10,1,-8.5149,31.8986,1.5
250000122,85.2567,0,0,-85.2567,85.2567,122,0,0,0,10,16,10.6039,33.6616,1.5
250000169,96.8428,0,0,-96.8428,96.8428,169,0,0,0,10,13,20.4461,45.2508,1.5
250000174,99.1425,0,0,-99.1425,99.1425,174,0,0,0,10,2,-2.52702,51.5,1.5
250000176,95.9741,0,0,-95.9741,95.9741,176,0,0,0,10,20,14.1735,49.7758,1.5
250000187,95.3645,0,0,-95.3645,95.3645,187,0,0,0,10,5,-22,50.4679,1.5
250000217,102.659,0,0,-102.659,102.659,217,0,0,0,10,3,-24.9838,59.5,1.5
250000229,100.778,0,0,-100.778,100.778,229,0,0,0,10,17,28.5638,61.6671,1.5
250000231,96.1692,0,0,-96.1692,96.1692,231,0,0,0,10,11,13.0429,67.2545,1.5
250000254,96.5642,0,0,-96.5642,96.5642,254,0,0,0,10,10,-1.0072,75.5116,1.5
250000256,105.15,0,0,-105.15,105.15,256,0,0,0,10,8,-23.6041,72.1141,1.5
250000263,105.076,0,0,-105.076,105.076,263,0,0,0,10,15,27.9326,72.8843,1.5
250000263,104.474,0,0,-104.474,104.474,263,0,0,0,10,18,35.5062,69.4594,1.5
250000265,98.9,0,0,-98.9,98.9,265,0,0,0,10,12,-16.4517,76.8313,1.5
250000266,101.391,0,0,-101.391,101.391,266,0,0,0,10,14,-30.1023,73.118,1.5
266348474,101.391,0,0,-101.391,101.391,266,14,-30.1023,73.118,1.5,0,0,0,10
266598471,105.076,0,0,-105.076,105.076,263,15,27.9326,72.8843,1.5,0,0,0,10
267723425,102.659,0,0,-102.659,102.659,217,3,-24.9838,59.5,1.5,0,0,0,10
267848321,84.6562,0,0,-84.6562,84.6562,113,9,5.37422,31.9601,1.5,0,0,0,10
268723473,98.9,0,0,-98.9,98.9,265,12,-16.4517,76.8313,1.5,0,0,0,10
269348437,100.778,0,0,-100.778,100.778,229,17,28.5638,61.6671,1.5,0,0,0,10
269848462,96.5642,0,0,-96.5642,96.5642,254,10,-1.0072,75.5116,1.5,0,0,0,10
270598330,85.2567,0,0,-85.2567,85.2567,122,16,10.6039,33.6616,1.5,0,0,0,10
270973303,83.5959,0,0,-83.5959,83.5959,95,7,7.01749,26.016,1.5,0,0,0,10
271223322,84.5725,0,0,-84.5725,84.5725,114,1,-8.5149,31.8986,1.5,0,0,0,10
271348395,95.3645,0,0,-95.3645,95.3645,187,5,-22,50.4679,1.5,0,0,0,10
271598377,96.8428,0,0,-96.8428,96.8428,169,13,20.4461,45.2508,1.5,0,0,0,10
271848464,105.15,0,0,-105.15,105.15,256,8,-23.6041,72.1141,1.5,0,0,0,10
272098308,83.9175,0,0,-83.9175,83.9175,100,19,9.20311,26.9323,1.5,0,0,0,10
272973300,83.7694,0,0,-83.7694,83.7694,92,4,-11.6223,23.7191,1.5,0,0,0,10
273348471,104.474,0,0,-104.474,104.474,263,18,35.5062,69.4594,1.5,0,0,0,10
273973382,99.1425,0,0,-99.1425,99.1425,174,2,-2.52702,51.5,1.5,0,0,0,10
274598439,96.1692,0,0,-96.1692,96.1692,231,11,13.0429,67.2545,1.5,0,0,0,10
275223289,82.2159,0,0,-82.2159,82.2159,81,6,1.51794,22.3334,1.5,0,0,0,10
276223384,95.9741,0,0,-95.9741,95.9741,176,20,14.1735,49.7758,1.5,0,0,0,10
300000081,82.2159,0,0,-82.2159,82.2159,81,0,0,0,10,6,1.50988,22.1837,1.5
300000092,83.7694,0,0,-83.7694,83.7694,92,0,0,0,10,4,-11.7427,23.8086,1.5
300000095,83.5959,0,0,-83.5959,83.5959,95,0,0,0,10,7,7.11994,25.9065,1.5
300000100,83.9175,0,0,-83.9175,83.9175,100,0,0,0,10,19,9.28803,26.8087,1.5
300000113,84.6562,0,0,-84.6562,84.6562,113,0,0,0,10,9,5.27957,31.8437,1.5
300000114,84.5725,0,0,-84.5725,84.5725,114,0,0,0,10,1,-8.6308,31.8033,1.5
300000122,85.2567,0,0,-85.2567,85.2567,122,0,0,0,10,16,10.5228,33.5355,1.5
300000169,96.8428,0,0,-96.8428,96.8428,169,0,0,0,10,13,20.3154,45.1773,1.5
300000174,99.1425,0,0,-99.1425,99.1425,174,0,0,0,10,2,-2.67702,51.5,1.5
300000176,95.9741,0,0,-95.9741,95.9741,176,0,0,0,10,20,14.0936,49.6488,1.5
300000187,95.3645,0,0,-95.3645,95.3645,187,0,0,0,10,5,-22,50.3179,1.5
300000217,102.659,0,0,-102.659,102.659,217,0,0,0,10,3,-24.8338,59.5,1.5
300000229,100.778,0,0,-100.778,100.778,229,0,0,0,10,17,28.5103,61.5269,1.5
300000231,96.1692,0,0,-96.1692,96.1692,231,0,0,0,10,11,13.018,67.1066,1.5
300000254,96.5642,0,0,-96.5642,96.5642,254,0,0,0,10,10,-1,75.3636,1.5
300000256,105.15,0,0,-105.15,105.15,256,0,0,0,10,8,-23.503,72.0033,1.5
300000263,105.076,0,0,-105.076,105.076,263,0,0,0,10,15,27.8205,72.7847,1.5
300000263,104.474,0,0,-104.474,104.474,263,0,0,0,10,18,35.3951,69.3586,1.5
300000265,98.9,0,0,-98.9,98.9,265,0,0,0,10,12,-16.4733,76.6829,1.5
300000266,101.391,0,0,-101.391,101.391,266,0,0,0,10,14,-30.004,73.0047,1.5
316348474,101.391,0,0,-101.391,101.391,266,14,-30.004,73.0047,1.5,0,0,0,10
316598471,105.076,0,0,-105.076,105.076,263,15,27.8205,72.7847,1.5,0,0,0,10
317723425,102.659,0,0,-102.659,102.659,217,3,-24.8338,59.5,1.5,0,0,0,10
317848321,84.6562,0,0,-84.6562,84.6562,113,9,5.27957,31.8437,1.5,0,0,0,10
318723473,98.9,0,0,-98.9,98.9,265,12,-16.4733,76.6829,1.5,0,0,0,10
319348437,100.778,0,0,-100.778,100.778,229,17,28.5103,61.5269,1.5,0,0,0,10
319848462,96.5642,0,0,-96.5642,96.5642,254,10,-1,75.3636,1.5,0,0,0,10
320598330,85.2567,0,0,-85.2567,85.2567,122,16,10.5228,33.5355,1.5,0,0,0,10
320973303,83.5959,0,0,-83.5959,83.5959,95,7,7.11994,25.9065,1.5,0,0,0,10
321223322,84.5725,0,0,-84.5725,84.5725,114,1,-8.6308,31.8033,1.5,0,0,0,10
321348395,95.3645,0,0,-95.3645,95.3645,187,5,-22,50.3179,1.5,0,0,0,10
321598377,96.8428,0,0,-96.8428,96.8428,169,13,20.3154,45.1773,1.5,0,0,0,10
321848464,105.15,0,0,-105.15,105.15,256,8,-23.503,72.0033,1.5,0,0,0,10
322098308,83.9175,0,0,-83.9175,83.9175,100,19,9.28803,26.8087,1.5,0,0,0,10
322973300,83.7694,0,0,-83.7694,83.7694,92,4,-11.7427,23.8086,1.5,0,0,0,10
323348471,104.474,0,0,-104.474,104.474,263,18,35.3951,69.3586,1.5,0,0,0,10
323973382,99.1425,0,0,-99.1425,99.1425,174,2,-2.67702,51.5,1.5,0,0,0,10
324598439,96.1692,0,0,-96.1692,96.1692,231,11,13.018,67.1066,1.5,0,0,0,10
325223289,82.2159,0,0,-82.2159,82.2159,81,6,1.50988,22.1837,1.5,0,0,0,10
326223384,95.9741,0,0,-95.9741,95.9741,176,20,14.0936,49.6488,1.5,0,0,0,10
350000081,82.2159,0,0,-82.2159,82.2159,81,0,0,0,10,6,1.50988,22.1837,1.5
350000092,83.7694,0,0,-83.7694,83.7694,92,0,0,0,10,4,-11.7427,23.8086,1.5
350000095,83.5959,0,0,-83.5959,83.5959,95,0,0,0,10,7,7.11994,25.9065,1.5
350000100,83.9175,0,0,-83.9175,83.9175,100,0,0,0,10,19,9.28803,26.8087,1.5
350000113,84.6562,0,0,-84.6562,84.6562,113,0,0,0,10,9,5.27957,31.8437,1.5
350000114,84.5725,0,0,-84.5725,84.5725,114,0,0,0,10,1,-8.6308,31.8033,1.5
350000122,85.2567,0,0,-85.2567,85.2567,122,0,0,0,10,16,10.5228,33.5355,1.5
350000169,96.8428,0,0,-96.8428,96.8428,169,0,0,0,10,13,20.3154,45.1773,1.5
350000174,99.1425,0,0,-99.1425,99.1425,174,0,0,0,10,2,-2.67702,51.5,1.5
350000176,95.9741,0,0,-95.9741,95.9741,176,0,0,0,10,20,14.0936,49.6488,1.5
350000187,95.3645,0,0,-95.3645,95.3645,187,0,0,0,10,5,-22,50.3179,1.5
350000217,102.659,0,0,-102.659,102.659,217,0,0,0,10,3,-24.8338,59.5,1.5
350000229,100.778,0,0,-100.778,100.778,229,0,0,0,10,17,28.5103,61.5269,1.5
350000231,96.1692,0,0,-96.1692,96.1692,231,0,0,0,10,11,13.018,67.1066,1.5
350000254,96.5642,0,0,-96.5642,96.5642,254,0,0,0,10,10,-1,75.3636,1.5
350000256,105.15,0,0,-105.15,105.15,256,0,0,0,10,8,-23.503,72.0033,1.5
350000263,105.076,0,0,-105.076,105.076,263,0,0,0,10,15,27.8205,72.7847,1.5
350000263,104.474,0,0,-104.474,104.474,263,0,0,0,10,18,35.3951,69.3586,1.5
350000265,98.9,0,0,-98.9,98.9,265,0,0,0,10,12,-16.4733,76.6829,1.5
350000266,101.391,0,0,-101.391,101.391,266,0,0,0,10,14,-30.004,73.0047,1.5
366348474,101.391,0,0,-101.391,101.391,266,14,-30.004,73.0047,1.5,0,0,0,10
366598471,105.076,0,0,-105.076,105.076,263,15,27.8205,72.7847,1.5,0,0,0,10
367723425,102.659,0,0,-102.659,102.659,217,3,-24.8338,59.5,1.5,0,0,0,10
367848321,84.6562,0,0,-84.6562,84.6562,113,9,5.27957,31.8437,1.5,0,0,0,10
368723473,98.9,0,0,-98.9,98.9,265,12,-16.4733,76.6829,1.5,0,0,0,10
369348437,100.778,0,0,-100.778,100.778,229,17,28.5103,61.5269,1.5,0,0,0,10
369848462,96.5642,0,0,-96.5642,96.5642,254,10,-1,75.3636,1.5,0,0,0,10
370598330,85.2567,0,0,-85.2567,85.2567,122,16,10.5228,33.5355,1.5,0,0,0,10
370973303,83.5959,0,0,-83.5959,83.5959,95,7,7.11994,25.9065,1.5,0,0,0,10
371223322,84.5725,0,0,-84.5725,84.5725,114,1,-8.6308,31.8033,1.5,0,0,0,10
371348395,95.3645,0,0,-95.3645,95.3645,187,5,-22,50.3179,1.5,0,0,0,10
371598377,96.8428,0,0,-96.8428,96.8428,169,13,20.3154,45.1773,1.5,0,0,0,10
371848464,105.15,0,0,-105.15,105.15,256,8,-23.503,72.0033,1.5,0,0,0,10
372098308,83.9175,0,0,-83.9175,83.9175,100,19,9.28803,26.8087,1.5,0,0,0,10
372973300,83.7694,0,0,-83.7694,83.7694,92,4,-11.7427,23.8086,1.5,0,0,0,10
373348471,104.474,0,0,-104.474,104.474,263,18,35.3951,69.3586,1.5,0,0,0,10
373973382,99.1425,0,0,-99.1425,99.1425,174,2,-2.67702,51.5,1.5,0,0,0,10
374598439,96.1692,0,0,-96.1692,96.1692,231,11,13.018,67.1066,1.5,0,0,0,10
375223289,82.2159,0,0,-82.2159,82.2159,81,6,1.50988,22.1837,1.5,0,0,0,10
376223384,95.9741,0,0,-95.9741,95.9741,176,20,14.0936,49.6488,1.5,0,0,0,10
400000081,82.2159,0,0,-82.2159,82.2159,81,0,0,0,10,6,1.50182,22.0339,1.5
400000092,83.7694,0,0,-83.7694,83.7694,92,0,0,0,10,4,-11.863,23.8981,1.5
400000095,83.5959,0,0,-83.5959,83.5959,95,0,0,0,10,7,7.22239,25.7969,1.5
400000100,83.9175,0,0,-83.9175,83.9175,100,0,0,0,10,19,9.37294,26.685,1.5
400000113,84.6562,0,0,-84.6562,84.6562,113,0,0,0,10,9,5.18492,31.7273,1.5
400000114,84.5725,0,0,-84.5725,84.5725,114,0,0,0,10,1,-8.7467,31.7081,1.5
400000122,85.2567,0,0,-85.2567,85.2567,122,0,0,0,10,16,10.3922,33.5,1.5
400000169,96.8428,0,0,-96.8428,96.8428,169,0,0,0,10,13,20.1846,45.1038,1.5
400000174,99.1425,0,0,-99.1425,99.1425,174,0,0,0,10,2,-2.82702,51.5,1.5
400000176,95.9741,0,0,-95.9741,95.9741,176,0,0,0,10,20,14.0137,49.5218,1.5
400000187,95.3645,0,0,-95.3645,95.3645,187,0,0,0,10,5,-22,50.1679,1.5
400000217,102.659,0,0,-102.659,102.659,217,0,0,0,10,3,-24.6838,59.5,1.5
400000229,100.778,0,0,-100.778,100.778,229,0,0,0,10,17,28.5,61.3788,1.5
400000231,96.1692,0,0,-96.1692,96.1692,231,0,0,0,10,11,13,66.9581,1.5
400000254,96.5642,0,0,-96.5642,96.5642,254,0,0,0,10,10,-1,75.2136,1.5
400000256,105.15,0,0,-105.15,105.15,256,0,0,0,10,8,-23.5,71.8545,1.5
400000263,105.076,0,0,-105.076,105.076,263,0,0,0,10,15,27.7083,72.685,1.5
400000263,104.474,0,0,-104.474,104.474,263,0,0,0,10,18,35.2841,69.2578,1.5
400000265,98.9,0,0,-98.9,98.9,265,0,0,0,10,12,-16.495,76.5344,1.5
400000266,101.391,0,0,-101.391,101.391,266,0,0,0,10,14,-29.8983,72.8983,1.5
416348474,101.391,0,0,-101.391,101.391,266,14,-29.8983,72.8983,1.5,0,0,0,10
416598471,105.076,0,0,-105.076,105.076,263,15,27.7083,72.685,1.5,0,0,0,10
417723425,102.659,0,0,-102.659,102.659,217,3,-24.6838,59.5,1.5,0,0,0,10
417848321,84.6562,0,0,-84.6562,84.6562,113,9,5.18492,31.7273,1.5,0,0,0,10
418723473,98.9,0,0,-98.9,98.9,265,12,-16.495,76.5344,1.5,0,0,0,10
419348437,100.778,0,0,-100.778,100.778,229,17,28.5,61.3788,1.5,0,0,0,10
419848462,96.5642,0,0,-96.5642,96.5642,254,10,-1,75.2136,1.5,0,0,0,10
420598330,85.2567,0,0,-85.2567,85.2567,122,16,10.3922,33.5,1.5,0,0,0,10
420973303,83.5959,0,0,-83.5959,83.5959,95,7,7.22239,25.7969,1.5,0,0,0,10
421223322,84.5725,0,0,-84.5725,84.5725,114,1,-8.7467,31.7081,1.5,0,0,0,10
421348395,95.3645,0,0,-95.3645,95.3645,187,5,-22,50.1679,1.5,0,0,0,10
421598377,96.8428,0,0,-96.8428,96.8428,169,13,20.1846,45.1038,1.5,0,0,0,10
421848464,105.15,0,0,-105.15,105.15,256,8,-23.5,71.8545,1.5,0,0,0,10
422098308,83.9175,0,0,-83.9175,83.9175,100,19,9.37294,26.685,1.5,0,0,0,10
422973300,83.7694,0,0,-83.7694,83.7694,92,4,-11.863,23.8981,1.5,0,0,0,10
423348471,104.474,0,0,-104.474,104.474,263,18,35.2841,69.2578,1.5,0,0,0,10
423973382,99.1425,0,0,-99.1425,99.1425,174,2,-2.82702,51.5,1.5,0,0,0,10
424598439,96.1692,0,0,-96.1692,96.1692,231,11,13,66.9581,1.5,0,0,0,10
425223289,82.2159,0,0,-82.2159,82.2159,81,6,1.50182,22.0339,1.5,0,0,0,10
426223384,95.9741,0,0,-95.9741,95.9741,176,20,14.0137,49.5218,1.5,0,0,0,10
450000081,82.2159,0,0,-82.2159,82.2159,81,0,0,0,10,6,1.50182,22.0339,1.5
450000092,83.7694,0,0,-83.7694,83.7694,92,0,0,0,10,4,-11.863,23.8981,1.5
450000095,83.5959,0,0,-83.5959,83.5959,95,0,0,0,10,7,7.22239,25.7969,1.5
450000100,83.9175,0,0,-83.9175,83.9175,100,0,0,0,10,19,9.37294,26.685,1.5
450000113,84.6562,0,0,-84.6562,84.6562,113,0,0,0,10,9,5.18492,31.7273,1.5
450000114,84.5725,0,0,-84.5725,84.5725,114,0,0,0,10,1,-8.7467,31.7081,1.5
450000122,85.2567,0,0,-85.2567,85.2567,122,0,0,0,10,16,10.3922,33.5,1.5
450000169,96.8428,0,0,-96.8428,96.8428,169,0,0,0,10,13,20.1846,45.1038,1.5
450000174,99.1425,0,0,-99.1425,99.1425,174,0,0,0,10,2,-2.82702,51.5,1.5
450000176,95.9741,0,0,-95.9741,95.9741,176,0,0,0,10,20,14.0137,49.5218,1.5
450000187,95.3645,0,0,-95.3645,95.3645,187,0,0,0,10,5,-22,50.1679,1.5
450000217,102.659,0,0,-102.659,102.659,217,0,0,0,10,3,-24.6838,59.5,1.5
450000229,100.778,0,0,-100.778,100.778,229,0,0,0,10,17,28.5,61.3788,1.5
450000231,96.1692,0,0,-96.1692,96.1692,231,0,0,0,10,11,13,66.9581,1.5
450000254,96.5642,0,0,-96.5642,96.5642,254,0,0,0,10,10,-1,75.2136,1.5
450000256,105.15,0,0,-105.15,105.15,256,0,0,0,10,8,-23.5,71.8545,1.5
450000263,105.076,0,0,-105.076,105.076,263,0,0,0,10,15,27.7083,72.685,1.5
450000263,104.474,0,0,-104.474,104.474,263,0,0,0,10,18,35.2841,69.2578,1.5
450000265,98.9,0,0,-98.9,98.9,265,0,0,0,10,12,-16.495,76.5344,1.5
450000266,101.391,0,0,-101.391,101.391,266,0,0,0,10,14,-29.8983,72.8983,1.5
466348474,101.391,0,0,-101.391,101.391,266,14,-29.8983,72.8983,1.5,0,0,0,10
466598471,105.076,0,0,-105.076,105.076,263,15,27.7083,72.685,1.5,0,0,0,10
467723425,102.659,0,0,-102.659,102.659,217,3,-24.6838,59.5,1.5,0,0,0,10
467848321,84.6562,0,0,-84.6562,84.6562,113,9,5.18492,31.7273,1.5,0,0,0,10
468723473,98.9,0,0,-98.9,98.9,265,12,-16.495,76.5344,1.5,0,0,0,10
469348437,100.778,0,0,-100.778,100.778,229,17,28.5,61.3788,1.5,0,0,0,10
469848462,96.5642,0,0,-96.5642,96.5642,254,10,-1,75.2136,1.5,0,0,0,10
470598330,85.2567,0,0,-85.2567,85.2567,122,16,10.3922,33.5,1.5,0,0,0,10
470973303,83.5959,0,0,-83.5959,83.5959,95,7,7.22239,25.7969,1.5,0,0,0,10
471223322,84.5725,0,0,-84.5725,84.5725,114,1,-8.7467,31.7081,1.5,0,0,0,10
471348395,95.3645,0,0,-95.3645,95.3645,187,5,-22,50.1679,1.5,0,0,0,10
471598377,96.8428,0,0,-96.8428,96.8428,169,13,20.1846,45.1038,1.5,0,0,0,10
471848464,105.15,0,0,-105.15,105.15,256,8,-23.5,71.8545,1.5,0,0,0,10
472098308,83.9175,0,0,-83.9175,83.9175,100,19,9.37294,26.685,1.5,0,0,0,10
472973300,83.7694,0,0,-83.7694,83.7694,92,4,-11.863,23.8981,1.5,0,0,0,10
473348471,104.474,0,0,-104.474,104.474,263,18,35.2841,69.2578,1.5,0,0,0,10
473973382,99.1425,0,0,-99.1425,99.1425,174,2,-2.82702,51.5,1.5,0,0,0,10
474598439,96.1692,0,0,-96.1692,96.1692,231,11,13,66.9581,1.5,0,0,0,10
475223289,82.2159,0,0,-82.2159,82.2159,81,6,1.50182,22.0339,1.5,0,0,0,10
476223384,95.9741,0,0,-95.9741,95.9741,176,20,14.0137,49.5218,1.5,0,0,0,10
500000081,82.2159,0,0,-82.2159,82.2159,81,0,0,0,10,6,1.5,21.8839,1.5
500000092,83.7694,0,0,-83.7694,83.7694,92,0,0,0,10,4,-11.9834,23.9876,1.5
500000095,83.5959,0,0,-83.5959,83.5959,95,0,0,0,10,7,7.32484,25.6873,1.5
500000100,83.9175,0,0,-83.9175,83.9175,100,0,0,0,10,19,9.45786,26.5614,1.5
500000113,84.6562,0,0,-84.6562,84.6562,113,0,0,0,10,9,5.09026,31.611,1.5
500000114,84.5725,0,0,-84.5725,84.5725,114,0,0,0,10,1,-8.86259,31.6129,1.5
500000122,85.2567,0,0,-85.2567,85.2567,122,0,0,0,10,16,10.2422,33.5,1.5
500000169,96.8428,0,0,-96.8428,96.8428,169,0,0,0,10,13,20.0538,45.0303,1.5
500000174,99.1425,0,0,-99.1425,99.1425,174,0,0,0,10,2,-2.97702,51.5,1.5
500000176,95.9741,0,0,-95.9741,95.9741,176,0,0,0,10,20,13.9122,49.4122,1.5
500000187,95.3645,0,0,-95.3645,95.3645,187,0,0,0,10,5,-22,50.0179,1.5
500000217,102.659,0,0,-102.659,102.659,217,0,0,0,10,3,-24.5338,59.5,1.5
500000229,100.778,0,0,-100.778,100.778,229,0,0,0,10,17,28.5,61.2288,1.5
500000231,96.1692,0,0,-96.1692,96.1692,231,0,0,0,10,11,13,66.8081,1.5
500000254,96.5642,0,0,-96.5642,96.5642,254,0,0,0,10,10,-1,75.0636,1.5
500000256,105.15,0,0,-105.15,105.15,256,0,0,0,10,8,-23.5,71.7045,1.5
500000263,105.076,0,0,-105.076,105.076,263,0,0,0,10,15,27.5962,72.5854,1.5
500000263,104.474,0,0,-104.474,104.474,263,0,0,0,10,18,35.173,69.157,1.5
500000265,98.9,0,0,-98.9,98.9,265,0,0,0,10,12,-16.5,76.3848,1.5
500000266,101.391,0,0,-101.391,101.391,266,0,0,0,10,14,-29.7922,72.7922,1.5
516348474,101.391,0,0,-101.391,101.391,266,14,-29.7922,72.7922,1.5,0,0,0,10
516598471,105.076,0,0,-105.076,105.076,263,15,27.5962,72.5854,1.5,0,0,0,10
517723425,102.659,0,0,-102.659,102.659,217,3,-24.5338,59.5,1.5,0,0,0,10
517848321,84.6562,0,0,-84.6562,84.6562,113,9,5.09026,31.611,1.5,0,0,0,10
518723473,98.9,0,0,-98.9,98.9,265,12,-16.5,76.3848,1.5,0,0,0,10
519348437,100.778,0,0,-100.778,100.778,229,17,28.5,61.2288,1.5,0,0,0,10
519848462,96.5642,0,0,-96.5642,96.5642,254,10,-1,75.0636,1.5,0,0,0,10
520598330,85.2567,0,0,-85.2567,85.2567,122,16,10.2422,33.5,1.5,0,0,0,10
520973303,83.5959,0,0,-83.5959,83.5959,95,7,7.32484,25.6873,1.5,0,0,0,10
521223322,84.5725,0,0,-84.5725,84.5725,114,1,-8.86259,31.6129,1.5,0,0,0,10
521348395,95.3645,0,0,-95.3645,95.3645,187,5,-22,50.0179,1.5,0,0,0,10
521598377,96.8428,0,0,-96.8428,96.8428,169,13,20.0538,45.0303,1.5,0,0,0,10
521848464,105.15,0,0,-105.15,105.15,256,8,-23.5,71.7045,1.5,0,0,0,10
522098308,83.9175,0,0,-83.9175,83.9175,100,19,9.45786,26.5614,1.5,0,0,0,10
522973300,83.7694,0,0,-83.7694,83.7694,92,4,-11.9834,23.9876,1.5,0,0,0,10
523348471,104.474,0,0,-104.474,104.474,263,18,35.173,69.157,1.5,0,0,0,10
523973382,99.1425,0,0,-99.1425,99.1425,174,2,-2.97702,51.5,1.5,0,0,0,10
524598439,96.1692,0,0,-96.1692,96.1692,231,11,13,66.8081,1.5,0,0,0,10
525223289,82.2159,0,0,-82.2159,82.2159,81,6,1.5,21.8839,1.5,0,0,0,10
526223384,95.9741,0,0,-95.9741,95.9741,176,20,13.9122,49.4122,1.5,0,0,0,10
550000081,82.2159,0,0,-82.2159,82.2159,81,0,0,0,10,6,1.5,21.8839,1.5
550000092,83.7694,0,0,-83.7694,83.7694,92,0,0,0,10,4,-11.9834,23.9876,1.5
550000095,83.5959,0,0,-83.5959,83.5959,95,0,0,0,10,7,7.32484,25.6873,1.5
550000100,83.9175,0,0,-83.9175,83.9175,100,0,0,0,10,19,9.45786,26.5614,1.5
550000113,84.6562,0,0,-84.6562,84.6562,113,0,0,0,10,9,5.09026,31.611,1.5
550000114,84.5725,0,0,-84.5725,84.5725,114,0,0,0,10,1,-8.86259,31.6129,1.5
550000122,85.2567,0,0,-85.2567,85.2567,122,0,0,0,10,16,10.2422,33.5,1.5
550000169,96.8428,0,0,-96.8428,96.8428,169,0,0,0,10,13,20.0538,45.0303,1.5
550000174,99.1425,0,0,-99.1425,99.1425,174,0,0,0,10,2,-2.97702,51.5,1.5
550000176,95.9741,0,0,-95.9741,95.9741,176,0,0,0,10,20,13.9122,49.4122,1.5
550000187,95.3645,0,0,-95.3645,95.3645,187,0,0,0,10,5,-22,50.0179,1.5
550000217,102.659,0,0,-102.659,102.659,217,0,0,0,10,3,-24.5338,59.5,1.5
550000229,100.778,0,0,-100.778,100.778,229,0,0,0,10,17,28.5,61.2288,1.5
550000231,96.1692,0,0,-96.1692,96.1692,231,0,0,0,10,11,13,66.8081,1.5
550000254,96.5642,0,0,-96.5642,96.5642,254,0,0,0,10,10,-1,75.0636,1.5
550000256,105.15,0,0,-105.15,105.15,256,0,0,0,10,8,-23.5,71.7045,1.5
550000263,105.076,0,0,-105.076,105.076,263,0,0,0,10,15,27.5962,72.5854,1.5
550000263,104.474,0,0,-104.474,104.474,263,0,0,0,10,18,35.173,69.157,1.5
550000265,98.9,0,0,-98.9,98.9,265,0,0,0,10,12,-16.5,76.3848,1.5
550000266,101.391,0,0,-101.391,101.391,266,0,0,0,10,14,-29.7922,72.7922,1.5
566348474,101.391,0,0,-101.391,101.391,266,14,-29.7922,72.7922,1.5,0,0,0,10
566598471,105.076,0,0,-105.076,105.076,263,15,27.5962,72.5854,1.5,0,0,0,10
567723425,102.659,0,0,-102.659,102.659,217,3,-24.5338,59.5,1.5,0,0,0,10
567848321,84.6562,0,0,-84.6562,84.6562,113,9,5.09026,31.611,1.5,0,0,0,10
568723473,98.9,0,0,-98.9,98.9,265,12,-16.5,76.3848,1.5,0,0,0,10
569348437,100.778,0,0,-100.778,100.778,229,17,28.5,61.2288,1.5,0,0,0,10
569848462,96.5642,0,0,-96.5642,96.5642,254,10,-1,75.0636,1.5,0,0,0,10
570598330,85.2567,0,0,-85.2567,85.2567,122,16,10.2422,33.5,1.5,0,0,0,10
570973303,83.5959,0,0,-83.5959,83.5959,95,7,7.32484,25.6873,1.5,0,0,0,10
571223322,84.5725,0,0,-84.5725,84.5725,114,1,-8.86259,31.6129,1.5,0,0,0,10
571348395,95.3645,0,0,-95.3645,95.3645,187,5,-22,50.0179,1.5,0,0,0,10
571598377,96.8428,0,0,-96.8428,96.8428,169,13,20.0538,45.0303,1.5,0,0,0,10
571848464,105.15,0,0,-105.15,105.15,256,8,-23.5,71.7045,1.5,0,0,0,10
572098308,83.9175,0,0,-83.9175,83.9175,100,19,9.45786,26.5614,1.5,0,0,0,10
572973300,83.7694,0,0,-83.7694,83.7694,92,4,-11.9834,23.9876,1.5,0,0,0,10
573348471,104.474,0,0,-104.474,104.474,263,18,35.173,69.157,1.5,0,0,0,10
573973382,99.1425,0,0,-99.1425,99.1425,174,2,-2.97702,51.5,1.5,0,0,0,10
574598439,96.1692,0,0,-96.1692,96.1692,231,11,13,66.8081,1.5,0,0,0,10
575223289,82.2159,0,0,-82.2159,82.2159,81,6,1.5,21.8839,1.5,0,0,0,10
576223384,95.9741,0,0,-95.9741,95.9741,176,20,13.9122,49.4122,1.5,0,0,0,10
600000081,82.2159,0,0,-82.2159,82.2159,81,0,0,0,10,6,1.5,21.7339,1.5
600000092,83.7694,0,0,-83.7694,83.7694,92,0,0,0,10,4,-12.0914,24.0914,1.5
600000095,83.5959,0,0,-83.5959,83.5959,95,0,0,0,10,7,7.42729,25.5778,1.5
600000100,83.9175,0,0,-83.9175,83.9175,100,0,0,0,10,19,9.55343,26.4466,1.5
600000113,84.6562,0,0,-84.6562,84.6562,113,0,0,0,10,9,4.99508,31.4951,1.5
600000114,84.5725,0,0,-84.5725,84.5725,114,0,0,0,10,1,-8.97849,31.5177,1.5
600000122,85.2567,0,0,-85.2567,85.2567,122,0,0,0,10,16,10.0922,33.5,1.5
600000169,96.8428,0,0,-96.8428,96.8428,169,0,0,0,10,13,19.9376,44.9376,1.5
600000174,99.1425,0,0,-99.1425,99.1425,174,0,0,0,10,2,-3.12702,51.5,1.5
600000176,95.9741,0,0,-95.9741,95.9741,176,0,0,0,10,20,13.8061,49.3061,1.5
600000187,95.3645,0,0,-95.3645,95.3645,187,0,0,0,10,5,-22,49.8679,1.5
600000217,102.659,0,0,-102.659,102.659,217,0,0,0,10,3,-24.3838,59.5,1.5
600000229,100.778,0,0,-100.778,100.778,229,0,0,0,10,17,28.5,61.0788,1.5
600000231,96.1692,0,0,-96.1692,96.1692,231,0,0,0,10,11,13,66.6581,1.5
600000254,96.5642,0,0,-96.5642,96.5642,254,0,0,0,10,10,-1,74.9136,1.5
600000256,105.15,0,0,-105.15,105.15,256,0,0,0,10,8,-23.5,71.5545,1.5
600000263,105.076,0,0,-105.076,105.076,263,0,0,0,10,15,27.4849,72.4849,1.5
600000263,104.474,0,0,-104.474,104.474,263,0,0,0,10,18,35.0619,69.0562,1.5
600000265,98.9,0,0,-98.9,98.9,265,0,0,0,10,12,-16.5,76.2348,1.5
600000266,101.391,0,0,-101.391,101.391,266,0,0,0,10,14,-29.6862,72.6862,1.5
616348474,101.391,0,0,-101.391,101.391,266,14,-29.6862,72.6862,1.5,0,0,0,10
616598471,105.076,0,0,-105.076,105.076,263,15,27.4849,72.4849,1.5,0,0,0,10
617723425,102.659,0,0,-102.659,102.659,217,3,-24.3838,59.5,1.5,0,0,0,10
617848321,84.6562,0,0,-84.6562,84.6562,113,9,4.99508,31.4951,1.5,0,0,0,10
618723473,98.9,0,0,-98.9,98.9,265,12,-16.5,76.2348,1.5,0,0,0,10
619348437,100.778,0,0,-100.778,100.778,229,17,28.5,61.0788,1.5,0,0,0,10
619848462,96.5642,0,0,-96.5642,96.5642,254,10,-1,74.9136,1.5,0,0,0,10
620598330,85.2567,0,0,-85.2567,85.2567,122,16,10.0922,33.5,1.5,0,0,0,10
620973303,83.5959,0,0,-83.5959,83.5959,95,7,7.42729,25.5778,1.5,0,0,0,10
621223322,84.5725,0,0,-84.5725,84.5725,114,1,-8.97849,31.5177,1.5,0,0,0,10
621348395,95.3645,0,0,-95.3645,95.3645,187,5,-22,49.8679,1.5,0,0,0,10
621598377,96.8428,0,0,-96.8428,96.8428,169,13,19.9376,44.9376,1.5,0,0,0,10
621848464,105.15,0,0,-105.15,105.15,256,8,-23.5,71.5545,1.5,0,0,0,10
622098308,83.9175,0,0,-83.9175,83.9175,100,19,9.55343,26.4466,1.5,0,0,0,10
622973300,83.7694,0,0,-83.7694,83.7694,92,4,-12.0914,24.0914,1.5,0,0,0,10
623348471,104.474,0,0,-104.474,104.474,263,18,35.0619,69.0562,1.5,0,0,0,10
623973382,99.1425,0,0,-99.1425,99.1425,174,2,-3.12702,51.5,1.5,0,0,0,10
624598439,96.1692,0,0,-96.1692,96.1692,231,11,13,66.6581,1.5,0,0,0,10
625223289,82.2159,0,0,-82.2159,82.2159,81,6,1.5,21.7339,1.5,0,0,0,10
626223384,95.9741,0,0,-95.9741,95.9741,176,20,13.8061,49.3061,1.5,0,0,0,10
650000081,82.2159,0,0,-82.2159,82.2159,81,0,0,0,10,6,1.5,21.7339,1.5
650000092,83.7694,0,0,-83.7694,83.7694,92,0,0,0,10,4,-12.0914,24.0914,1.5
650000095,83.5959,0,0,-83.5959,83.5959,95,0,0,0,10,7,7.42729,25.5778,1.5
650000100,83.9175,0,0,-83.9175,83.9175,100,0,0,0,10,19,9.55343,26.4466,1.5
650000113,84.6562,0,0,-84.6562,84.6562,113,0,0,0,10,9,4.99508,31.4951,1.5
650000114,84.5725,0,0,-84.5725,84.5725,114,0,0,0,10,1,-8.97849,31.5177,1.5
650000122,85.2567,0,0,-85.2567,85.2567,122,0,0,0,10,16,10.0922,33.5,1.5
650000169,96.8428,0,0,-96.8428,96.8428,169,0,0,0,10,13,19.9376,44.9376,1.5
650000174,99.1425,0,0,-99.1425,99.1425,174,0,0,0,10,2,-3.12702,51.5,1.5
650000176,95.9741,0,0,-95.9741,95.9741,176,0,0,0,10,20,13.8061,49.3061,1.5
650000187,95.3645,0,0,-95.3645,95.3645,187,0,0,0,10,5,-22,49.8679,1.5
650000217,102.659,0,0,-102.659,102.659,217,0,0,0,10,3,-24.3838,59.5,1.5
650000229,100.778,0,0,-100.778,100.778,229,0,0,0,10,17,28.5,61.0788,1.5
650000231,96.1692,0,0,-96.1692,96.1692,231,0,0,0,10,11,13,66.6581,1.5
650000254,96.5642,0,0,-96.5642,96.5642,254,0,0,0,10,10,-1,74.9136,1.5
650000256,105.15,0,0,-105.15,105.15,256,0,0,0,10,8,-23.5,71.5545,1.5
650000263,105.076,0,0,-105.076,105.076,263,0,0,0,10,15,27.4849,72.4849,1.5
650000263,104.474,0,0,-104.474,104.474,263,0,0,0,10,18,35.0619,69.0562,1.5
650000265,98.9,0,0,-98.9,98.9,265,0,0,0,10,12,-16.5,76.2348,1.5
650000266,101.391,0,0,-101.391,101.391,266,0,0,0,10,14,-29.6862,72.6862,1.5
666348474,101.391,0,0,-101.391,101.391,266,14,-29.6862,72.6862,1.5,0,0,0,10
666598471,105.076,0,0,-105.076,105.076,263,15,27.4849,72.4849,1.5,0,0,0,10
667723425,102.659,0,0,-102.659,102.659,217,3,-24.3838,59.5,1.5,0,0,0,10
667848321,84.6562,0,0,-84.6562,84.6562,113,9,4.99508,31.4951,1.5,0,0,0,10
668723473,98.9,0,0,-98.9,98.9,265,12,-16.5,76.2348,1.5,0,0,0,10
669348437,100.778,0,0,-100.778,100.778,229,17,28.5,61.0788,1.5,0,0,0,10
669848462,96.5642,0,0,-96.5642,96.5642,254,10,-1,74.9136,1.5,0,0,0,10
670598330,85.2567,0,0,-85.2567,85.2567,122,16,10.0922,33.5,1.5,0,0,0,10
670973303,83.5959,0,0,-83.5959,83.5959,95,7,7.42729,25.5778,1.5,0,0,0,10
671223322,84.5725,0,0,-84.5725,84.5725,114,1,-8.97849,31.5177,1.5,0,0,0,10
671348395,95.3645,0,0,-95.3645,95.3645,187,5,-22,49.8679,1.5,0,0,0,10
671598377,96.8428,0,0,-96.8428,96.8428,169,13,19.9376,44.9376,1.5,0,0,0,10
671848464,105.15,0,0,-105.15,105.15,256,8,-23.5,71.5545,1.5,0,0,0,10
672098308,83.9175,0,0,-83.9175,83.9175,100,19,9.55343,26.4466,1.5,0,0,0,10
672973300,83.7694,0,0,-83.7694,83.7694,92,4,-12.0914,24.0914,1.5,0,0,0,10
673348471,104.474,0,0,-104.474,104.474,263,18,35.0619,69.0562,1.5,0,0,0,10
673973382,99.1425,0,0,-99.1425,99.1425,174,2,-3.12702,51.5,1.5,0,0,0,10
674598439,96.1692,0,0,-96.1692,96.1692,231,11,13,66.6581,1.5,0,0,0,10
675223289,82.2159,0,0,-82.2159,82.2159,81,6,1.5,21.7339,1.5,0,0,0,10
676223384,95.9741,0,0,-95.9741,95.9741,176,20,13.8061,49.3061,1.5,0,0,0,10
700000081,82.2159,0,0,-82.2159,82.2159,81,0,0,0,10,6,1.5,21.5839,1.5
700000092,83.7694,0,0,-83.7694,83.7694,92,0,0,0,10,4,-12.1975,24.1975,1.5
700000095,83.5959,0,0,-83.5959,83.5959,95,0,0,0,10,7,7.54354,25.5,1.5
700000100,83.9175,0,0,-83.9175,83.9175,100,0,0,0,10,19,9.6595,26.3405,1.5
700000113,84.6562,0,0,-84.6562,84.6562,113,0,0,0,10,9,4.88901,31.389,1.5
700000114,84.5725,0,0,-84.5725,84.5725,114,0,0,0,10,1,-9.08638,31.4136,1.5
700000122,85.2567,0,0,-85.2567,85.2567,122,0,0,0,10,16,9.95909,33.4591,1.5
700000169,96.8428,0,0,-96.8428,96.8428,169,0,0,0,10,13,19.8315,44.8315,1.5
700000174,99.1425,0,0,-99.1425,99.1425,174,0,0,0,10,2,-3.27702,51.5,1.5
700000176,95.9741,0,0,-95.9741,95.9741,176,0,0,0,10,20,13.7,49.2,1.5
700000187,95.3645,0,0,-95.3645,95.3645,187,0,0,0,10,5,-22,49.7179,1.5
700000217,102.659,0,0,-102.659,102.659,217,0,0,0,10,3,-24.2338,59.5,1.5
700000229,100.778,0,0,-100.778,100.778,229,0,0,0,10,17,28.5,60.9288,1.5
700000231,96.1692,0,0,-96.1692,96.1692,231,0,0,0,10,11,13,66.5081,1.5
700000254,96.5642,0,0,-96.5642,96.5642,254,0,0,0,10,10,-1,74.7636,1.5
700000256,105.15,0,0,-105.15,105.15,256,0,0,0,10,8,-23.4324,71.4324,1.5
700000263,105.076,0,0,-105.076,105.076,263,0,0,0,10,15,27.3788,72.3788,1.5
700000263,104.474,0,0,-104.474,104.474,263,0,0,0,10,18,34.9531,68.9531,1.5
700000265,98.9,0,0,-98.9,98.9,265,0,0,0,10,12,-16.5,76.0848,1.5
700000266,101.391,0,0,-101.391,101.391,266,0,0,0,10,14,-29.5801,72.5801,1.5
716348474,101.391,0,0,-101.391,101.391,266,14,-29.5801,72.5801,1.5,0,0,0,10
716598471,105.076,0,0,-105.076,105.076,263,15,27.3788,72.3788,1.5,0,0,0,10
717723425,102.659,0,0,-102.659,102.659,217,3,-24.2338,59.5,1.5,0,0,0,10
717848321,84.6562,0,0,-84.6562,84.6562,113,9,4.88901,31.389,1.5,0,0,0,10
718723473,98.9,0,0,-98.9,98.9,265,12,-16.5,76.0848,1.5,0,0,0,10
719348437,100.778,0,0,-100.778,100.778,229,17,28.5,60.9288,1.5,0,0,0,10
719848462,96.5642,0,0,-96.5642,96.5642,254,10,-1,74.7636,1.5,0,0,0,10
720598330,85.2567,0,0,-85.2567,85.2567,122,16,9.95909,33.4591,1.5,0,0,0,10
720973303,83.5959,0,0,-83.5959,83.5959,95,7,7.54354,25.5,1.5,0,0,0,10
721223322,84.5725,0,0,-84.5725,84.5725,114,1,-9.08638,31.4136,1.5,0,0,0,10
721348395,95.3645,0,0,-95.3645,95.3645,187,5,-22,49.7179,1.5,0,0,0,10
721598377,96.8428,0,0,-96.8428,96.8428,169,13,19.8315,44.8315,1.5,0,0,0,10
721848464,105.15,0,0,-105.15,105.15,256,8,-23.4324,71.4324,1.5,0,0,0,10
722098308,83.9175,0,0,-83.9175,83.9175,100,19,9.6595,26.3405,1.5,0,0,0,10
722973300,83.7694,0,0,-83.7694,83.7694,92,4,-12.1975,24.1975,1.5,0,0,0,10
723348471,104.474,0,0,-104.474,104.474,263,18,34.9531,68.9531,1.5,0,0,0,10
723973382,99.1425,0,0,-99.1425,99.1425,174,2,-3.27702,51.5,1.5,0,0,0,10
724598439,96.1692,0,0,-96.1692,96.1692,231,11,13,66.5081,1.5,0,0,0,10
725223289,82.2159,0,0,-82.2159,82.2159,81,6,1.5,21.5839,1.5,0,0,0,10
726223384,95.9741,0,0,-95.9741,95.9741,176,20,13.7,49.2,1.5,0,0,0,10
750000081,82.2159,0,0,-82.2159,82.2159,81,0,0,0,10,6,1.5,21.5839,1.5
750000092,83.7694,0,0,-83.7694,83.7694,92,0,0,0,10,4,-12.1975,24.1975,1.5
750000095,83.5959,0,0,-83.5959,83.5959,95,0,0,0,10,7,7.54354,25.5,1.5
750000100,83.9175,0,0,-83.9175,83.9175,100,0,0,0,10,19,9.6595,26.3405,1.5
750000113,84.6562,0,0,-84.6562,84.6562,113,0,0,0,10,9,4.88901,31.389,1.5
750000114,84.5725,0,0,-84.5725,84.5725,114,0,0,0,10,1,-9.08638,31.4136,1.5
750000122,85.2567,0,0,-85.2567,85.2567,122,0,0,0,10,16,9.95909,33.4591,1.5
750000169,96.8428,0,0,-96.8428,96.8428,169,0,0,0,10,13,19.8315,44.8315,1.5
750000174,99.1425,0,0,-99.1425,99.1425,174,0,0,0,10,2,-3.27702,51.5,1.5
750000176,95.9741,0,0,-95.9741,95.9741,176,0,0,0,10,20,13.7,49.2,1.5
750000187,95.3645,0,0,-95.3645,95.3645,187,0,0,0,10,5,-22,49.7179,1.5
750000217,102.659,0,0,-102.659,102.659,217,0,0,0,10,3,-24.2338,59.5,1.5
750000229,100.778,0,0,-100.778,100.778,229,0,0,0,10,17,28.5,60.9288,1.5
750000231,96.1692,0,0,-96.1692,96.1692,231,0,0,0,10,11,13,66.5081,1.5
750000254,96.5642,0,0,-96.5642,96.5642,254,0,0,0,10,10,-1,74.7636,1.5
750000256,105.15,0,0,-105.15,105.15,256,0,0,0,10,8,-23.4324,71.4324,1.5
750000263,105.076,0,0,-105.076,105.076,263,0,0,0,10,15,27.3788,72.3788,1.5
750000263,104.474,0,0,-104.474,104.474,263,0,0,0,10,18,34.9531,68.9531,1.5
750000265,98.9,0,0,-98.9,98.9,265,0,0,0,10,12,-16.5,76.0848,1.5
750000266,101.391,0,0,-101.391,101.391,266,0,0,0,10,14,-29.5801,72.5801,1.5
766348474,101.391,0,0,-101.391,101.391,266,14,-29.5801,72.5801,1.5,0,0,0,10
766598471,105.076,0,0,-105.076,105.076,263,15,27.3788,72.3788,1.5,0,0,0,10
767723425,102.659,0,0,-102.659,102.659,217,3,-24.2338,59.5,1.5,0,0,0,10
767848321,84.6562,0,0,-84.6562,84.6562,113,9,4.88901,31.389,1.5,0,0,0,10
768723473,98.9,0,0,-98.9,98.9,265,12,-16.5,76.0848,1.5,0,0,0,10
769348437,100.778,0,0,-100.778,100.778,229,17,28.5,60.9288,1.5,0,0,0,10
769848462,96.5642,0,0,-96.5642,96.5642,254,10,-1,74.7636,1.5,0,0,0,10
770598330,85.2567,0,0,-85.2567,85.2567,122,16,9.95909,33.4591,1.5,0,0,0,10
770973303,83.5959,0,0,-83.5959,83.5959,95,7,7.54354,25.5,1.5,0,0,0,10
771223322,84.5725,0,0,-84.5725,84.5725,114,1,-9.08638,31.4136,1.5,0,0,0,10
771348395,95.3645,0,0,-95.3645,95.3645,187,5,-22,49.7179,1.5,0,0,0,10
771598377,96.8428,0,0,-96.8428,96.8428,169,13,19.8315,44.8315,1.5,0,0,0,10
771848464,105.15,0,0,-105.15,105.15,256,8,-23.4324,71.4324,1.5,0,0,0,10
772098308,83.9175,0,0,-83.9175,83.9175,100,19,9.6595,26.3405,1.5,0,0,0,10
772973300,83.7694,0,0,-83.7694,83.7694,92,4,-12.1975,24.1975,1.5,0,0,0,10
773348471,104.474,0,0,-104.474,104.474,263,18,34.9531,68.9531,1.5,0,0,0,10
773973382,99.1425,0,0,-99.1425,99.1425,174,2,-3.27702,51.5,1.5,0,0,0,10
774598439,96.1692,0,0,-96.1692,96.1692,231,11,13,66.5081,1.5,0,0,0,10
775223289,82.2159,0,0,-82.2159,82.2159,81,6,1.5,21.5839,1.5,0,0,0,10
776223384,95.9741,0,0,-95.9741,95.9741,176,20,13.7,49.2,1.5,0,0,0,10
800000095,84.1173,0,0,-84.1173,84.1173,95,0,0,0,10,4,-12.3036,24.3036,1.5
800000174,95.7317,0,0,-95.7317,95.7317,174,0,0,0,10,2,-3.42702,51.5,1.5
800125077,82.5677,0,0,-82.5677,82.5677,77,0,0,0,10,6,1.5,21.4339,1.5
800125093,83.8334,0,0,-83.8334,83.8334,93,0,0,0,10,7,7.69354,25.5,1.5
800125098,83.5304,0,0,-83.5304,83.5304,98,0,0,0,10,19,9.76556,26.2344,1.5
800125109,84.493,0,0,-84.493,84.493,109,0,0,0,10,9,4.78295,31.2829,1.5
800125112,84.6805,0,0,-84.6805,84.6805,112,0,0,0,10,1,-9.19245,31.3076,1.5
800125119,85.1241,0,0,-85.1241,85.1241,119,0,0,0,10,16,9.85303,33.353,1.5
800125166,96.3595,0,0,-96.3595,96.3595,166,0,0,0,10,13,19.7255,44.7255,1.5
800125172,95.2917,0,0,-95.2917,95.2917,172,0,0,0,10,20,13.594,49.094,1.5
800125183,97.8376,0,0,-97.8376,97.8376,183,0,0,0,10,5,-22,49.5679,1.5
800125216,99.9903,0,0,-99.9903,99.9903,216,0,0,0,10,3,-24.0838,59.5,1.5
800125226,100.184,0,0,-100.184,100.184,226,0,0,0,10,17,28.5,60.7788,1.5
800125227,99.693,0,0,-99.693,99.693,227,0,0,0,10,11,13,66.3581,1.5
800125251,96.7752,0,0,-96.7752,96.7752,251,0,0,0,10,10,-1,74.6136,1.5
800125252,100.984,0,0,-100.984,100.984,252,0,0,0,10,8,-23.3264,71.3264,1.5
800125259,100.792,0,0,-100.792,100.792,259,0,0,0,10,15,27.2728,72.2728,1.5
800125259,100.405,0,0,-100.405,100.405,259,0,0,0,10,18,34.847,68.847,1.5
800125261,98.2674,0,0,-98.2674,98.2674,261,0,0,0,10,12,-16.5,75.9348,1.5
800125263,105.107,0,0,-105.107,105.107,263,0,0,0,10,14,-29.474,72.474,1.5
817857352,99.9903,0,0,-99.9903,99.9903,216,3,-24.0838,59.5,1.5,0,0,0,10
821107387,96.7752,0,0,-96.7752,96.7752,251,10,-1,74.6136,1.5,0,0,0,10
821357229,83.8334,0,0,-83.8334,83.8334,93,7,7.69354,25.5,1.5,0,0,0,10
821357395,100.792,0,0,-100.792,100.792,259,15,27.2728,72.2728,1.5,0,0,0,10
821732248,84.6805,0,0,-84.6805,84.6805,112,1,-9.19245,31.3076,1.5,0,0,0,10
822857397,98.2674,0,0,-98.2674,98.2674,261,12,-16.5,75.9348,1.5,0,0,0,10
822973303,84.1173,0,0,-84.1173,84.1173,95,4,-12.3036,24.3036,1.5,0,0,0,10
823107245,84.493,0,0,-84.493,84.493,109,9,4.78295,31.2829,1.5,0,0,0,10
823357302,96.3595,0,0,-96.3595,96.3595,166,13,19.7255,44.7255,1.5,0,0,0,10
823973382,95.7317,0,0,-95.7317,95.7317,174,2,-3.42702,51.5,1.5,0,0,0,10
824357399,105.107,0,0,-105.107,105.107,263,14,-29.474,72.474,1.5,0,0,0,10
824857363,99.693,0,0,-99.693,99.693,227,11,13,66.3581,1.5,0,0,0,10
825107388,100.984,0,0,-100.984,100.984,252,8,-23.3264,71.3264,1.5,0,0,0,10
825232319,97.8376,0,0,-97.8376,97.8376,183,5,-22,49.5679,1.5,0,0,0,10
829107213,82.5677,0,0,-82.5677,82.5677,77,6,1.5,21.4339,1.5,0,0,0,10
829348434,100.184,0,0,-100.184,100.184,226,17,28.5,60.7788,1.5,0,0,0,10
830598327,85.1241,0,0,-85.1241,85.1241,119,16,9.85303,33.353,1.5,0,0,0,10
832098306,83.5304,0,0,-83.5304,83.5304,98,19,9.76556,26.2344,1.5,0,0,0,10
833348467,100.405,0,0,-100.405,100.405,259,18,34.847,68.847,1.5,0,0,0,10
836223380,95.2917,0,0,-95.2917,95.2917,172,20,13.594,49.094,1.5,0,0,0,10
850000095,84.1173,0,0,-84.1173,84.1173,95,0,0,0,10,4,-12.3036,24.3036,1.5
850000174,95.7317,0,0,-95.7317,95.7317,174,0,0,0,10,2,-3.42702,51.5,1.5
850125077,82.5677,0,0,-82.5677,82.5677,77,0,0,0,10,6,1.5,21.4339,1.5
850125093,83.8334,0,0,-83.8334,83.8334,93,0,0,0,10,7,7.69354,25.5,1.5
850125098,83.5304,0,0,-83.5304,83.5304,98,0,0,0,10,19,9.76556,26.2344,1.5
850125109,84.493,0,0,-84.493,84.493,109,0,0,0,10,9,4.78295,31.2829,1.5
850125112,84.6805,0,0,-84.6805,84.6805,112,0,0,0,10,1,-9.19245,31.3076,1.5
850125119,85.1241,0,0,-85.1241,85.1241,119,0,0,0,10,16,9.85303,33.353,1.5
850125166,96.3595,0,0,-96.3595,96.3595,166,0,0,0,10,13,19.7255,44.7255,1.5
850125172,95.2917,0,0,-95.2917,95.2917,172,0,0,0,10,20,13.594,49.094,1.5
850125183,97.8376,0,0,-97.8376,97.8376,183,0,0,0,10,5,-22,49.5679,1.5
850125216,99.9903,0,0,-99.9903,99.9903,216,0,0,0,10,3,-24.0838,59.5,1.5
850125226,100.184,0,0,-100.184,100.184,226,0,0,0,10,17,28.5,60.7788,1.5
850125227,99.693,0,0,-99.693,99.693,227,0,0,0,10,11,13,66.3581,1.5
850125251,96.7752,0,0,-96.7752,96.7752,251,0,0,0,10,10,-1,74.6136,1.5
850125252,100.984,0,0,-100.984,100.984,252,0,0,0,10,8,-23.3264,71.3264,1.5
850125259,100.792,0,0,-100.792,100.792,259,0,0,0,10,15,27.2728,72.2728,1.5
850125259,100.405,0,0,-100.405,100.405,259,0,0,0,10,18,34.847,68.847,1.5
850125261,98.2674,0,0,-98.2674,98.2674,261,0,0,0,10,12,-16.5,75.9348,1.5
850125263,105.107,0,0,-105.107,105.107,263,0,0,0,10,14,-29.474,72.474,1.5
869607352,99.9903,0,0,-99.9903,99.9903,216,3,-24.0838,59.5,1.5,0,0,0,10
872973303,84.1173,0,0,-84.1173,84.1173,95,4,-12.3036,24.3036,1.5,0,0,0,10
872982387,96.7752,0,0,-96.7752,96.7752,251,10,-1,74.6136,1.5,0,0,0,10
873107229,83.8334,0,0,-83.8334,83.8334,93,7,7.69354,25.5,1.5,0,0,0,10
873607248,84.6805,0,0,-84.6805,84.6805,112,1,-9.19245,31.3076,1.5,0,0,0,10
873973382,95.7317,0,0,-95.7317,95.7317,174,2,-3.42702,51.5,1.5,0,0,0,10
874732397,98.2674,0,0,-98.2674,98.2674,261,12,-16.5,75.9348,1.5,0,0,0,10
874848472,105.107,0,0,-105.107,105.107,263,14,-29.474,72.474,1.5,0,0,0,10
874982245,84.493,0,0,-84.493,84.493,109,9,4.78295,31.2829,1.5,0,0,0,10
876598467,100.792,0,0,-100.792,100.792,259,15,27.2728,72.2728,1.5,0,0,0,10
876732363,99.693,0,0,-99.693,99.693,227,11,13,66.3581,1.5,0,0,0,10
876982388,100.984,0,0,-100.984,100.984,252,8,-23.3264,71.3264,1.5,0,0,0,10
877107319,97.8376,0,0,-97.8376,97.8376,183,5,-22,49.5679,1.5,0,0,0,10
879348434,100.184,0,0,-100.184,100.184,226,17,28.5,60.7788,1.5,0,0,0,10
880598327,85.1241,0,0,-85.1241,85.1241,119,16,9.85303,33.353,1.5,0,0,0,10
880857213,82.5677,0,0,-82.5677,82.5677,77,6,1.5,21.4339,1.5,0,0,0,10
881598374,96.3595,0,0,-96.3595,96.3595,166,13,19.7255,44.7255,1.5,0,0,0,10
882098306,83.5304,0,0,-83.5304,83.5304,98,19,9.76556,26.2344,1.5,0,0,0,10
883348467,100.405,0,0,-100.405,100.405,259,18,34.847,68.847,1.5,0,0,0,10
886223380,95.2917,0,0,-95.2917,95.2917,172,20,13.594,49.094,1.5,0,0,0,10
900000095,84.1173,0,0,-84.1173,84.1173,95,0,0,0,10,4,-12.4096,24.4096,1.5
900000174,95.7317,0,0,-95.7317,95.7317,174,0,0,0,10,2,-3.57702,51.5,1.5
900250077,82.5677,0,0,-82.5677,82.5677,77,0,0,0,10,6,1.5,21.2839,1.5
900250093,83.8334,0,0,-83.8334,83.8334,93,0,0,0,10,7,7.84354,25.5,1.5
900250098,83.5304,0,0,-83.5304,83.5304,98,0,0,0,10,19,9.87163,26.1284,1.5
900250109,84.493,0,0,-84.493,84.493,109,0,0,0,10,9,4.67688,31.1769,1.5
900250112,84.6805,0,0,-84.6805,84.6805,112,0,0,0,10,1,-9.29852,31.2015,1.5
900250119,85.1241,0,0,-85.1241,85.1241,119,0,0,0,10,16,9.74696,33.247,1.5
900250166,96.3595,0,0,-96.3595,96.3595,166,0,0,0,10,13,19.6194,44.6194,1.5
900250172,95.2917,0,0,-95.2917,95.2917,172,0,0,0,10,20,13.4879,48.9879,1.5
900250183,97.8376,0,0,-97.8376,97.8376,183,0,0,0,10,5,-22,49.4179,1.5
900250216,99.9903,0,0,-99.9903,99.9903,216,0,0,0,10,3,-23.9338,59.5,1.5
900250226,100.184,0,0,-100.184,100.184,226,0,0,0,10,17,28.5,60.6288,1.5
900250227,99.693,0,0,-99.693,99.693,227,0,0,0,10,11,13,66.2081,1.5
900250251,96.7752,0,0,-96.7752,96.7752,251,0,0,0,10,10,-1,74.4636,1.5
900250252,100.984,0,0,-100.984,100.984,252,0,0,0,10,8,-23.2203,71.2203,1.5
900250259,100.792,0,0,-100.792,100.792,259,0,0,0,10,15,27.1667,72.1667,1.5
900250259,100.405,0,0,-100.405,100.405,259,0,0,0,10,18,34.7409,68.7409,1.5
900250261,98.2674,0,0,-98.2674,98.2674,261,0,0,0,10,12,-16.5,75.7848,1.5
900250263,105.107,0,0,-105.107,105.107,263,0,0,0,10,14,-29.368,72.368,1.5
921357352,99.9903,0,0,-99.9903,99.9903,216,3,-23.9338,59.5,1.5,0,0,0,10
922973303,84.1173,0,0,-84.1173,84.1173,95,4,-12.4096,24.4096,1.5,0,0,0,10
923973382,95.7317,0,0,-95.7317,95.7317,174,2,-3.57702,51.5,1.5,0,0,0,10
924732387,96.7752,0,0,-96.7752,96.7752,251,10,-1,74.4636,1.5,0,0,0,10
924982229,83.8334,0,0,-83.8334,83.8334,93,7,7.84354,25.5,1.5,0,0,0,10
925357248,84.6805,0,0,-84.6805,84.6805,112,1,-9.29852,31.2015,1.5,0,0,0,10
926348471,105.107,0,0,-105.107,105.107,263,14,-29.368,72.368,1.5,0,0,0,10
926598467,100.792,0,0,-100.792,100.792,259,15,27.1667,72.1667,1.5,0,0,0,10
926607397,98.2674,0,0,-98.2674,98.2674,261,12,-16.5,75.7848,1.5,0,0,0,10
926732245,84.493,0,0,-84.493,84.493,109,9,4.67688,31.1769,1.5,0,0,0,10
928607363,99.693,0,0,-99.693,99.693,227,11,13,66.2081,1.5,0,0,0,10
928732388,100.984,0,0,-100.984,100.984,252,8,-23.2203,71.2203,1.5,0,0,0,10
928982319,97.8376,0,0,-97.8376,97.8376,183,5,-22,49.4179,1.5,0,0,0,10
929348434,100.184,0,0,-100.184,100.184,226,17,28.5,60.6288,1.5,0,0,0,10
930598327,85.1241,0,0,-85.1241,85.1241,119,16,9.74696,33.247,1.5,0,0,0,10
931598374,96.3595,0,0,-96.3595,96.3595,166,13,19.6194,44.6194,1.5,0,0,0,10
932098306,83.5304,0,0,-83.5304,83.5304,98,19,9.87163,26.1284,1.5,0,0,0,10
932732213,82.5677,0,0,-82.5677,82.5677,77,6,1.5,21.2839,1.5,0,0,0,10
933348467,100.405,0,0,-100.405,100.405,259,18,34.7409,68.7409,1.5,0,0,0,10
936223380,95.2917,0,0,-95.2917,95.2917,172,20,13.4879,48.9879,1.5,0,0,0,10
950000095,84.1173,0,0,-84.1173,84.1173,95,0,0,0,10,4,-12.4096,24.4096,1.5
950000174,95.7317,0,0,-95.7317,95.7317,174,0,0,0,10,2,-3.57702,51.5,1.5
950250077,82.5677,0,0,-82.5677,82.5677,77,0,0,0,10,6,1.5,21.2839,1.5
950250093,83.8334,0,0,-83.8334,83.8334,93,0,0,0,10,7,7.84354,25.5,1.5
950250098,83.5304,0,0,-83.5304,83.5304,98,0,0,0,10,19,9.87163,26.1284,1.5
950250109,84.493,0,0,-84.493,84.493,109,0,0,0,10,9,4.67688,31.1769,1.5
950250112,84.6805,0,0,-84.6805,84.6805,112,0,0,0,10,1,-9.29852,31.2015,1.5
950250119,85.1241,0,0,-85.1241,85.1241,119,0,0,0,10,16,9.74696,33.247,1.5
950250166,96.3595,0,0,-96.3595,96.3595,166,0,0,0,10,13,19.6194,44.6194,1.5
950250172,95.2917,0,0,-95.2917,95.2917,172,0,0,0,10,20,13.4879,48.9879,1.5
950250183,97.8376,0,0,-97.8376,97.8376,183,0,0,0,10,5,-22,49.4179,1.5
950250216,99.9903,0,0,-99.9903,99.9903,216,0,0,0,10,3,-23.9338,59.5,1.5
950250226,100.184,0,0,-100.184,100.184,226,0,0,0,10,17,28.5,60.6288,1.5
950250227,99.693,0,0,-99.693,99.693,227,0,0,0,10,11,13,66.2081,1.5
950250251,96.7752,0,0,-96.7752,96.7752,251,0,0,0,10,10,-1,74.4636,1.5
950250252,100.984,0,0,-100.984,100.984,252,0,0,0,10,8,-23.2203,71.2203,1.5
950250259,100.792,0,0,-100.792,100.792,259,0,0,0,10,15,27.1667,72.1667,1.5
950250259,100.405,0,0,-100.405,100.405,259,0,0,0,10,18,34.7409,68.7409,1.5
950250261,98.2674,0,0,-98.2674,98.2674,261,0,0,0,10,12,-16.5,75.7848,1.5
950250263,105.107,0,0,-105.107,105.107,263,0,0,0,10,14,-29.368,72.368,1.5
972973303,84.1173,0,0,-84.1173,84.1173,95,4,-12.4096,24.4096,1.5,0,0,0,10
973232352,99.9903,0,0,-99.9903,99.9903,216,3,-23.9338,59.5,1.5,0,0,0,10
973973382,95.7317,0,0,-95.7317,95.7317,174,2,-3.57702,51.5,1.5,0,0,0,10
976348471,105.107,0,0,-105.107,105.107,263,14,-29.368,72.368,1.5,0,0,0,10
976598467,100.792,0,0,-100.792,100.792,259,15,27.1667,72.1667,1.5,0,0,0,10
976607387,96.7752,0,0,-96.7752,96.7752,251,10,-1,74.4636,1.5,0,0,0,10
976857229,83.8334,0,0,-83.8334,83.8334,93,7,7.84354,25.5,1.5,0,0,0,10
976857245,84.493,0,0,-84.493,84.493,109,9,4.67688,31.1769,1.5,0,0,0,10
977232248,84.6805,0,0,-84.6805,84.6805,112,1,-9.29852,31.2015,1.5,0,0,0,10
978357397,98.2674,0,0,-98.2674,98.2674,261,12,-16.5,75.7848,1.5,0,0,0,10
979348434,100.184,0,0,-100.184,100.184,226,17,28.5,60.6288,1.5,0,0,0,10
980357363,99.693,0,0,-99.693,99.693,227,11,13,66.2081,1.5,0,0,0,10
980598327,85.1241,0,0,-85.1241,85.1241,119,16,9.74696,33.247,1.5,0,0,0,10
980607388,100.984,0,0,-100.984,100.984,252,8,-23.2203,71.2203,1.5,0,0,0,10
980857319,97.8376,0,0,-97.8376,97.8376,183,5,-22,49.4179,1.5,0,0,0,10
981598374,96.3595,0,0,-96.3595,96.3595,166,13,19.6194,44.6194,1.5,0,0,0,10
982098306,83.5304,0,0,-83.5304,83.5304,98,19,9.87163,26.1284,1.5,0,0,0,10
983348467,100.405,0,0,-100.405,100.405,259,18,34.7409,68.7409,1.5,0,0,0,10
984607213,82.5677,0,0,-82.5677,82.5677,77,6,1.5,21.2839,1.5,0,0,0,10
986223380,95.2917,0,0,-95.2917,95.2917,172,20,13.4879,48.9879,1.5,0,0,0,10
1000000095,84.1173,0,0,-84.1173,84.1173,95,0,0,0,10,4,-12.5157,24.5157,1.5
1000000174,95.7317,0,0,-95.7317,95.7317,174,0,0,0,10,2,-3.72702,51.5,1.5
1000250077,82.5677,0,0,-82.5677,82.5677,77,0,0,0,10,6,1.5,21.1339,1.5
1000250093,83.8334,0,0,-83.8334,83.8334,93,0,0,0,10,7,7.99354,25.5,1.5
1000250098,83.5304,0,0,-83.5304,83.5304,98,0,0,0,10,19,9.9777,26.0223,1.5
1000250109,84.493,0,0,-84.493,84.493,109,0,0,0,10,9,4.57082,31.0708,1.5
1000250112,84.6805,0,0,-84.6805,84.6805,112,0,0,0,10,1,-9.40458,31.0954,1.5
1000250119,85.1241,0,0,-85.1241,85.1241,119,0,0,0,10,16,9.6409,33.1409,1.5
1000250166,96.3595,0,0,-96.3595,96.3595,166,0,0,0,10,13,19.5133,44.5133,1.5
1000250172,95.2917,0,0,-95.2917,95.2917,172,0,0,0,10,20,13.3818,48.8818,1.5
1000250183,97.8376,0,0,-97.8376,97.8376,183,0,0,0,10,5,-22,49.2679,1.5
1000250216,99.9903,0,0,-99.9903,99.9903,216,0,0,0,10,3,-23.7838,59.5,1.5
1000250226,100.184,0,0,-100.184,100.184,226,0,0,0,10,17,28.5,60.4788,1.5
1000250227,99.693,0,0,-99.693,99.693,227,0,0,0,10,11,13,66.0581,1.5
1000250251,96.7752,0,0,-96.7752,96.7752,251,0,0,0,10,10,-1,74.3136,1.5
1000250252,100.984,0,0,-100.984,100.984,252,0,0,0,10,8,-23.1142,71.1142,1.5
1000250259,100.792,0,0,-100.792,100.792,259,0,0,0,10,15,27.0606,72.0606,1.5
1000250259,100.405,0,0,-100.405,100.405,259,0,0,0,10,18,34.6349,68.6349,1.5
1000250261,98.2674,0,0,-98.2674,98.2674,261,0,0,0,10,12,-16.5,75.6348,1.5
1000250263,105.107,0,0,-105.107,105.107,263,0,0,0,10,14,-29.2619,72.2619,1.5
1022973303,84.1173,0,0,-84.1173,84.1173,95,4,-12.5157,24.5157,1.5,0,0,0,10
1023973382,95.7317,0,0,-95.7317,95.7317,174,2,-3.72702,51.5,1.5,0,0,0,10
1025107352,99.9903,0,0,-99.9903,99.9903,216,3,-23.7838,59.5,1.5,0,0,0,10
1026348471,105.107,0,0,-105.107,105.107,263,14,-29.2619,72.2619,1.5,0,0,0,10
1026598467,100.792,0,0,-100.792,100.792,259,15,27.0606,72.0606,1.5,0,0,0,10
1027848317,84.493,0,0,-84.493,84.493,109,9,4.57082,31.0708,1.5,0,0,0,10
1028482387,96.7752,0,0,-96.7752,96.7752,251,10,-1,74.3136,1.5,0,0,0,10
1028607229,83.8334,0,0,-83.8334,83.8334,93,7,7.99354,25.5,1.5,0,0,0,10
1028723469,98.2674,0,0,-98.2674,98.2674,261,12,-16.5,75.6348,1.5,0,0,0,10
1029107248,84.6805,0,0,-84.6805,84.6805,112,1,-9.40458,31.0954,1.5,0,0,0,10
1029348434,100.184,0,0,-100.184,100.184,226,17,28.5,60.4788,1.5,0,0,0,10
1030598327,85.1241,0,0,-85.1241,85.1241,119,16,9.6409,33.1409,1.5,0,0,0,10
1031348391,97.8376,0,0,-97.8376,97.8376,183,5,-22,49.2679,1.5,0,0,0,10
1031598374,96.3595,0,0,-96.3595,96.3595,166,13,19.5133,44.5133,1.5,0,0,0,10
1031848460,100.984,0,0,-100.984,100.984,252,8,-23.1142,71.1142,1.5,0,0,0,10
1032098306,83.5304,0,0,-83.5304,83.5304,98,19,9.9777,26.0223,1.5,0,0,0,10
1032232363,99.693,0,0,-99.693,99.693,227,11,13,66.0581,1.5,0,0,0,10
1033348467,100.405,0,0,-100.405,100.405,259,18,34.6349,68.6349,1.5,0,0,0,10
1035223285,82.5677,0,0,-82.5677,82.5677,77,6,1.5,21.1339,1.5,0,0,0,10
1036223380,95.2917,0,0,-95.2917,95.2917,172,20,13.3818,48.8818,1.5,0,0,0,10
1050000095,84.1173,0,0,-84.1173,84.1173,95,0,0,0,10,4,-12.5157,24.5157,1.5
1050000174,95.7317,0,0,-95.7317,95.7317,174,0,0,0,10,2,-3.72702,51.5,1.5
1050250077,82.5677,0,0,-82.5677,82.5677,77,0,0,0,10,6,1.5,21.1339,1.5
1050250093,83.8334,0,0,-83.8334,83.8334,93,0,0,0,10,7,7.99354,25.5,1.5
1050250098,83.5304,0,0,-83.5304,83.5304,98,0,0,0,10,19,9.9777,26.0223,1.5
1050250109,84.493,0,0,-84.493,84.493,109,0,0,0,10,9,4.57082,31.0708,1.5
1050250112,84.6805,0,0,-84.6805,84.6805,112,0,0,0,10,1,-9.40458,31.0954,1.5
1050250119,85.1241,0,0,-85.1241,85.1241,119,0,0,0,10,16,9.6409,33.1409,1.5
1050250166,96.3595,0,0,-96.3595,96.3595,166,0,0,0,10,13,19.5133,44.5133,1.5
1050250172,95.2917,0,0,-95.2917,95.2917,172,0,0,0,10,20,13.3818,48.8818,1.5
1050250183,97.8376,0,0,-97.8376,97.8376,183,0,0,0,10,5,-22,49.2679,1.5
1050250216,99.9903,0,0,-99.9903,99.9903,216,0,0,0,10,3,-23.7838,59.5,1.5
1050250226,100.184,0,0,-100.184,100.184,226,0,0,0,10,17,28.5,60.4788,1.5
1050250227,99.693,0,0,-99.693,99.693,227,0,0,0,10,11,13,66.0581,1.5
1050250251,96.7752,0,0,-96.7752,96.7752,251,0,0,0,10,10,-1,74.3136,1.5
1050250252,100.984,0,0,-100.984,100.984,252,0,0,0,10,8,-23.1142,71.1142,1.5
1050250259,100.792,0,0,-100.792,100.792,259,0,0,0,10,15,27.0606,72.0606,1.5
1050250259,100.405,0,0,-100.405,100.405,259,0,0,0,10,18,34.6349,68.6349,1.5
1050250261,98.2674,0,0,-98.2674,98.2674,261,0,0,0,10,12,-16.5,75.6348,1.5
1050250263,105.107,0,0,-105.107,105.107,263,0,0,0,10,14,-29.2619,72.2619,1.5
1072973303,84.1173,0,0,-84.1173,84.1173,95,4,-12.5157,24.5157,1.5,0,0,0,10
1073973382,95.7317,0,0,-95.7317,95.7317,174,2,-3.72702,51.5,1.5,0,0,0,10
1076348471,105.107,0,0,-105.107,105.107,263,14,-29.2619,72.2619,1.5,0,0,0,10
1076598467,100.792,0,0,-100.792,100.792,259,15,27.0606,72.0606,1.5,0,0,0,10
1076982352,99.9903,0,0,-99.9903,99.9903,216,3,-23.7838,59.5,1.5,0,0,0,10
1077848317,84.493,0,0,-84.493,84.493,109,9,4.57082,31.0708,1.5,0,0,0,10
1078723469,98.2674,0,0,-98.2674,98.2674,261,12,-16.5,75.6348,1.5,0,0,0,10
1079348434,100.184,0,0,-100.184,100.184,226,17,28.5,60.4788,1.5,0,0,0,10
1079848459,96.7752,0,0,-96.7752,96.7752,251,10,-1,74.3136,1.5,0,0,0,10
1080482229,83.8334,0,0,-83.8334,83.8334,93,7,7.99354,25.5,1.5,0,0,0,10
1080598327,85.1241,0,0,-85.1241,85.1241,119,16,9.6409,33.1409,1.5,0,0,0,10
1080857248,84.6805,0,0,-84.6805,84.6805,112,1,-9.40458,31.0954,1.5,0,0,0,10
1081348391,97.8376,0,0,-97.8376,97.8376,183,5,-22,49.2679,1.5,0,0,0,10
1081598374,96.3595,0,0,-96.3595,96.3595,166,13,19.5133,44.5133,1.5,0,0,0,10
1081848460,100.984,0,0,-100.984,100.984,252,8,-23.1142,71.1142,1.5,0,0,0,10
1082098306,83.5304,0,0,-83.5304,83.5304,98,19,9.9777,26.0223,1.5,0,0,0,10
1083348467,100.405,0,0,-100.405,100.405,259,18,34.6349,68.6349,1.5,0,0,0,10
1084107363,99.693,0,0,-99.693,99.693,227,11,13,66.0581,1.5,0,0,0,10
1085223285,82.5677,0,0,-82.5677,82.5677,77,6,1.5,21.1339,1.5,0,0,0,10
1086223380,95.2917,0,0,-95.2917,95.2917,172,20,13.3818,48.8818,1.5,0,0,0,10
1100000095,84.1173,0,0,-84.1173,84.1173,95,0,0,0,10,4,-12.6218,24.6218,1.5
1100000174,95.7317,0,0,-95.7317,95.7317,174,0,0,0,10,2,-3.87702,51.5,1.5
1100250077,82.5677,0,0,-82.5677,82.5677,77,0,0,0,10,6,1.5,20.9839,1.5
1100250093,83.8334,0,0,-83.8334,83.8334,93,0,0,0,10,7,8.1015,25.3985,1.5
1100250098,83.5304,0,0,-83.5304,83.5304,98,0,0,0,10,19,10.0838,25.9162,1.5
1100250109,84.493,0,0,-84.493,84.493,109,0,0,0,10,9,4.46475,30.9647,1.5
1100250112,84.6805,0,0,-84.6805,84.6805,112,0,0,0,10,1,-9.51065,30.9894,1.5
1100250119,85.1241,0,0,-85.1241,85.1241,119,0,0,0,10,16,9.53483,33.0348,1.5
1100250166,96.3595,0,0,-96.3595,96.3595,166,0,0,0,10,13,19.4073,44.4073,1.5
1100250172,95.2917,0,0,-95.2917,95.2917,172,0,0,0,10,20,13.2758,48.7758,1.5
1100250183,97.8376,0,0,-97.8376,97.8376,183,0,0,0,10,5,-22,49.1179,1.5
1100250216,99.9903,0,0,-99.9903,99.9903,216,0,0,0,10,3,-23.6338,59.5,1.5
1100250226,100.184,0,0,-100.184,100.184,226,0,0,0,10,17,28.5,60.3288,1.5
1100250227,99.693,0,0,-99.693,99.693,227,0,0,0,10,11,13,65.9081,1.5
1100250251,96.7752,0,0,-96.7752,96.7752,251,0,0,0,10,10,-1,74.1636,1.5
1100250252,100.984,0,0,-100.984,100.984,252,0,0,0,10,8,-23.0082,71.0082,1.5
1100250259,100.792,0,0,-100.792,100.792,259,0,0,0,10,15,26.9546,71.9546,1.5
1100250259,100.405,0,0,-100.405,100.405,259,0,0,0,10,18,34.5288,68.5288,1.5
1100250261,98.2674,0,0,-98.2674,98.2674,261,0,0,0,10,12,-16.5,75.4848,1.5
1100250263,105.107,0,0,-105.107,105.107,263,0,0,0,10,14,-29.1558,72.1558,1.5
1122973303,84.1173,0,0,-84.1173,84.1173,95,4,-12.6218,24.6218,1.5,0,0,0,10
1123973382,95.7317,0,0,-95.7317,95.7317,174,2,-3.87702,51.5,1.5,0,0,0,10
1126348471,105.107,0,0,-105.107,105.107,263,14,-29.1558,72.1558,1.5,0,0,0,10
1126598467,100.792,0,0,-100.792,100.792,259,15,26.9546,71.9546,1.5,0,0,0,10
1127723424,99.9903,0,0,-99.9903,99.9903,216,3,-23.6338,59.5,1.5,0,0,0,10
1127848317,84.493,0,0,-84.493,84.493,109,9,4.46475,30.9647,1.5,0,0,0,10
1128723469,98.2674,0,0,-98.2674,98.2674,261,12,-16.5,75.4848,1.5,0,0,0,10
1129348434,100.184,0,0,-100.184,100.184,226,17,28.5,60.3288,1.5,0,0,0,10
1129848459,96.7752,0,0,-96.7752,96.7752,251,10,-1,74.1636,1.5,0,0,0,10
1130598327,85.1241,0,0,-85.1241,85.1241,119,16,9.53483,33.0348,1.5,0,0,0,10
1130973301,83.8334,0,0,-83.8334,83.8334,93,7,8.1015,25.3985,1.5,0,0,0,10
1131223320,84.6805,0,0,-84.6805,84.6805,112,1,-9.51065,30.9894,1.5,0,0,0,10
1131348391,97.8376,0,0,-97.8376,97.8376,183,5,-22,49.1179,1.5,0,0,0,10
1131598374,96.3595,0,0,-96.3595,96.3595,166,13,19.4073,44.4073,1.5,0,0,0,10
1131848460,100.984,0,0,-100.984,100.984,252,8,-23.0082,71.0082,1.5,0,0,0,10
1132098306,83.5304,0,0,-83.5304,83.5304,98,19,10.0838,25.9162,1.5,0,0,0,10
1133348467,100.405,0,0,-100.405,100.405,259,18,34.5288,68.5288,1.5,0,0,0,10
1134598435,99.693,0,0,-99.693,99.693,227,11,13,65.9081,1.5,0,0,0,10
1135223285,82.5677,0,0,-82.5677,82.5677,77,6,1.5,20.9839,1.5,0,0,0,10
1136223380,95.2917,0,0,-95.2917,95.2917,172,20,13.2758,48.7758,1.5,0,0,0,10
1150000095,84.1173,0,0,-84.1173,84.1173,95,0,0,0,10,4,-12.6218,24.6218,1.5
1150000174,95.7317,0,0,-95.7317,95.7317,174,0,0,0,10,2,-3.87702,51.5,1.5
1150250077,82.5677,0,0,-82.5677,82.5677,77,0,0,0,10,6,1.5,20.9839,1.5
1150250093,83.8334,0,0,-83.8334,83.8334,93,0,0,0,10,7,8.1015,25.3985,1.5
1150250098,83.5304,0,0,-83.5304,83.5304,98,0,0,0,10,19,10.0838,25.9162,1.5
1150250109,84.493,0,0,-84.493,84.493,109,0,0,0,10,9,4.46475,30.9647,1.5
1150250112,84.6805,0,0,-84.6805,84.6805,112,0,0,0,10,1,-9.51065,30.9894,1.5
1150250119,85.1241,0,0,-85.1241,85.1241,119,0,0,0,10,16,9.53483,33.0348,1.5
1150250166,96.3595,0,0,-96.3595,96.3595,166,0,0,0,10,13,19.4073,44.4073,1.5
1150250172,95.2917,0,0,-95.2917,95.2917,172,0,0,0,10,20,13.2758,48.7758,1.5
1150250183,97.8376,0,0,-97.8376,97.8376,183,0,0,0,10,5,-22,49.1179,1.5
1150250216,99.9903,0,0,-99.9903,99.9903,216,0,0,0,10,3,-23.6338,59.5,1.5
1150250226,100.184,0,0,-100.184,100.184,226,0,0,0,10,17,28.5,60.3288,1.5
1150250227,99.693,0,0,-99.693,99.693,227,0,0,0,10,11,13,65.9081,1.5
1150250251,96.7752,0,0,-96.7752,96.7752,251,0,0,0,10,10,-1,74.1636,1.5
1150250252,100.984,0,0,-100.984,100.984,252,0,0,0,10,8,-23.0082,71.0082,1.5
1150250259,100.792,0,0,-100.792,100.792,259,0,0,0,10,15,26.9546,71.9546,1.5
1150250259,100.405,0,0,-100.405,100.405,259,0,0,0,10,18,34.5288,68.5288,1.5
1150250261,98.2674,0,0,-98.2674,98.2674,261,0,0,0,10,12,-16.5,75.4848,1.5
1150250263,105.107,0,0,-105.107,105.107,263,0,0,0,10,14,-29.1558,72.1558,1.5
1172973303,84.1173,0,0,-84.1173,84.1173,95,4,-12.6218,24.6218,1.5,0,0,0,10
1173973382,95.7317,0,0,-95.7317,95.7317,174,2,-3.87702,51.5,1.5,0,0,0,10
1176348471,105.107,0,0,-105.107,105.107,263,14,-29.1558,72.1558,1.5,0,0,0,10
1176598467,100.792,0,0,-100.792,100.792,259,15,26.9546,71.9546,1.5,0,0,0,10
1177723424,99.9903,0,0,-99.9903,99.9903,216,3,-23.6338,59.5,1.5,0,0,0,10
1177848317,84.493,0,0,-84.493,84.493,109,9,4.46475,30.9647,1.5,0,0,0,10
1178723469,98.2674,0,0,-98.2674,98.2674,261,12,-16.5,75.4848,1.5,0,0,0,10
1179348434,100.184,0,0,-100.184,100.184,226,17,28.5,60.3288,1.5,0,0,0,10
1179848459,96.7752,0,0,-96.7752,96.7752,251,10,-1,74.1636,1.5,0,0,0,10
1180598327,85.1241,0,0,-85.1241,85.1241,119,16,9.53483,33.0348,1.5,0,0,0,10
1180973301,83.8334,0,0,-83.8334,83.8334,93,7,8.1015,25.3985,1.5,0,0,0,10
1181223320,84.6805,0,0,-84.6805,84.6805,112,1,-9.51065,30.9894,1.5,0,0,0,10
1181348391,97.8376,0,0,-97.8376,97.8376,183,5,-22,49.1179,1.5,0,0,0,10
1181598374,96.3595,0,0,-96.3595,96.3595,166,13,19.4073,44.4073,1.5,0,0,0,10
1181848460,100.984,0,0,-100.984,100.984,252,8,-23.0082,71.0082,1.5,0,0,0,10
1182098306,83.5304,0,0,-83.5304,83.5304,98,19,10.0838,25.9162,1.5,0,0,0,10
1183348467,100.405,0,0,-100.405,100.405,259,18,34.5288,68.5288,1.5,0,0,0,10
1184598435,99.693,0,0,-99.693,99.693,227,11,13,65.9081,1.5,0,0,0,10
1185223285,82.5677,0,0,-82.5677,82.5677,77,6,1.5,20.9839,1.5,0,0,0,10
1186223380,95.2917,0,0,-95.2917,95.2917,172,20,13.2758,48.7758,1.5,0,0,0,10
1200000095,84.1173,0,0,-84.1173,84.1173,95,0,0,0,10,4,-12.7278,24.7278,1.5
1200000174,95.7317,0,0,-95.7317,95.7317,174,0,0,0,10,2,-4.02702,51.5,1.5
1200250077,82.5677,0,0,-82.5677,82.5677,77,0,0,0,10,6,1.5,20.8339,1.5
1200250093,83.8334,0,0,-83.8334,83.8334,93,0,0,0,10,7,8.20756,25.2924,1.5
1200250098,83.5304,0,0,-83.5304,83.5304,98,0,0,0,10,19,10.1898,25.8102,1.5
1200250109,84.493,0,0,-84.493,84.493,109,0,0,0,10,9,4.35868,30.8587,1.5
1200250112,84.6805,0,0,-84.6805,84.6805,112,0,0,0,10,1,-9.61671,30.8833,1.5
1200250119,85.1241,0,0,-85.1241,85.1241,119,0,0,0,10,16,9.39926,33,1.5
1200250166,96.3595,0,0,-96.3595,96.3595,166,0,0,0,10,13,19.3012,44.3012,1.5
1200250172,95.2917,0,0,-95.2917,95.2917,172,0,0,0,10,20,13.1697,48.6697,1.5
1200250183,97.8376,0,0,-97.8376,97.8376,183,0,0,0,10,5,-22,48.9679,1.5
1200250216,99.9903,0,0,-99.9903,99.9903,216,0,0,0,10,3,-23.4838,59.5,1.5
1200250226,100.184,0,0,-100.184,100.184,226,0,0,0,10,17,28.5,60.1788,1.5
1200250227,99.693,0,0,-99.693,99.693,227,0,0,0,10,11,13,65.7581,1.5
1200250251,96.7752,0,0,-96.7752,96.7752,251,0,0,0,10,10,-1,74.0136,1.5
1200250252,100.984,0,0,-100.984,100.984,252,0,0,0,10,8,-22.9021,70.9021,1.5
1200250259,100.792,0,0,-100.792,100.792,259,0,0,0,10,15,26.8485,71.8485,1.5
1200250259,100.405,0,0,-100.405,100.405,259,0,0,0,10,18,34.4227,68.4227,1.5
1200250261,98.2674,0,0,-98.2674,98.2674,261,0,0,0,10,12,-16.5,75.3348,1.5
1200250263,105.107,0,0,-105.107,105.107,263,0,0,0,10,14,-29.0498,72.0498,1.5
1222973303,84.1173,0,0,-84.1173,84.1173,95,4,-12.7278,24.7278,1.5,0,0,0,10
1223973382,95.7317,0,0,-95.7317,95.7317,174,2,-4.02702,51.5,1.5,0,0,0,10
1226348471,105.107,0,0,-105.107,105.107,263,14,-29.0498,72.0498,1.5,0,0,0,10
1226598467,100.792,0,0,-100.792,100.792,259,15,26.8485,71.8485,1.5,0,0,0,10
1227723424,99.9903,0,0,-99.9903,99.9903,216,3,-23.4838,59.5,1.5,0,0,0,10
1227848317,84.493,0,0,-84.493,84.493,109,9,4.35868,30.8587,1.5,0,0,0,10
1228723469,98.2674,0,0,-98.2674,98.2674,261,12,-16.5,75.3348,1.5,0,0,0,10
1229348434,100.184,0,0,-100.184,100.184,226,17,28.5,60.1788,1.5,0,0,0,10
1229848459,96.7752,0,0,-96.7752,96.7752,251,10,-1,74.0136,1.5,0,0,0,10
1230598327,85.1241,0,0,-85.1241,85.1241,119,16,9.39926,33,1.5,0,0,0,10
1230973301,83.8334,0,0,-83.8334,83.8334,93,7,8.20756,25.2924,1.5,0,0,0,10
1231223320,84.6805,0,0,-84.6805,84.6805,112,1,-9.61671,30.8833,1.5,0,0,0,10
1231348391,97.8376,0,0,-97.8376,97.8376,183,5,-22,48.9679,1.5,0,0,0,10
1231598374,96.3595,0,0,-96.3595,96.3595,166,13,19.3012,44.3012,1.5,0,0,0,10
1231848460,100.984,0,0,-100.984,100.984,252,8,-22.9021,70.9021,1.5,0,0,0,10
1232098306,83.5304,0,0,-83.5304,83.5304,98,19,10.1898,25.8102,1.5,0,0,0,10
1233348467,100.405,0,0,-100.405,100.405,259,18,34.4227,68.4227,1.5,0,0,0,10
1234598435,99.693,0,0,-99.693,99.693,227,11,13,65.7581,1.5,0,0,0,10
1235223285,82.5677,0,0,-82.5677,82.5677,77,6,1.5,20.8339,1.5,0,0,0,10
1236223380,95.2917,0,0,-95.2917,95.2917,172,20,13.1697,48.6697,1.5,0,0,0,10
1250000095,84.1173,0,0,-84.1173,84.1173,95,0,0,0,10,4,-12.7278,24.7278,1.5
1250000174,95.7317,0,0,-95.7317,95.7317,174,0,0,0,10,2,-4.02702,51.5,1.5
1250250077,82.5677,0,0,-82.5677,82.5677,77,0,0,0,10,6,1.5,20.8339,1.5
1250250093,83.8334,0,0,-83.8334,83.8334,93,0,0,0,10,7,8.20756,25.2924,1.5
1250250098,83.5304,0,0,-83.5304,83.5304,98,0,0,0,10,19,10.1898,25.8102,1.5
1250250109,84.493,0,0,-84.493,84.493,109,0,0,0,10,9,4.35868,30.8587,1.5
1250250112,84.6805,0,0,-84.6805,84.6805,112,0,0,0,10,1,-9.61671,30.8833,1.5
1250250119,85.1241,0,0,-85.1241,85.1241,119,0,0,0,10,16,9.39926,33,1.5
1250250166,96.3595,0,0,-96.3595,96.3595,166,0,0,0,10,13,19.3012,44.3012,1.5
1250250172,95.2917,0,0,-95.2917,95.2917,172,0,0,0,10,20,13.1697,48.6697,1.5
1250250183,97.8376,0,0,-97.8376,97.8376,183,0,0,0,10,5,-22,48.9679,1.5
1250250216,99.9903,0,0,-99.9903,99.9903,216,0,0,0,10,3,-23.4838,59.5,1.5
1250250226,100.184,0,0,-100.184,100.184,226,0,0,0,10,17,28.5,60.1788,1.5
1250250227,99.693,0,0,-99.693,99.693,227,0,0,0,10,11,13,65.7581,1.5
1250250251,96.7752,0,0,-96.7752,96.7752,251,0,0,0,10,10,-1,74.0136,1.5
1250250252,100.984,0,0,-100.984,100.984,252,0,0,0,10,8,-22.9021,70.9021,1.5
1250250259,100.792,0,0,-100.792,100.792,259,0,0,0,10,15,26.8485,71.8485,1.5
1250250259,100.405,0,0,-100.405,100.405,259,0,0,0,10,18,34.4227,68.4227,1.5
1250250261,98.2674,0,0,-98.2674,98.2674,261,0,0,0,10,12,-16.5,75.3348,1.5
1250250263,105.107,0,0,-105.107,105.107,263,0,0,0,10,14,-29.0498,72.0498,1.5
1272973303,84.1173,0,0,-84.1173,84.1173,95,4,-12.7278,24.7278,1.5,0,0,0,10
1273973382,95.7317,0,0,-95.7317,95.7317,174,2,-4.02702,51.5,1.5,0,0,0,10
1276348471,105.107,0,0,-105.107,105.107,263,14,-29.0498,72.0498,1.5,0,0,0,10
1276598467,100.792,0,0,-100.792,100.792,259,15,26.8485,71.8485,1.5,0,0,0,10
1277723424,99.9903,0,0,-99.9903,99.9903,216,3,-23.4838,59.5,1.5,0,0,0,10
1277848317,84.493,0,0,-84.493,84.493,109,9,4.35868,30.8587,1.5,0,0,0,10
1278723469,98.2674,0,0,-98.2674,98.2674,261,12,-16.5,75.3348,1.5,0,0,0,10
1279348434,100.184,0,0,-100.184,100.184,226,17,28.5,60.1788,1.5,0,0,0,10
1279848459,96.7752,0,0,-96.7752,96.7752,251,10,-1,74.0136,1.5,0,0,0,10
1280598327,85.1241,0,0,-85.1241,85.1241,119,16,9.39926,33,1.5,0,0,0,10
1280973301,83.8334,0,0,-83.8334,83.8334,93,7,8.20756,25.2924,1.5,0,0,0,10
1281223320,84.6805,0,0,-84.6805,84.6805,112,1,-9.61671,30.8833,1.5,0,0,0,10
1281348391,97.8376,0,0,-97.8376,97.8376,183,5,-22,48.9679,1.5,0,0,0,10
1281598374,96.3595,0,0,-96.3595,96.3595,166,13,19.3012,44.3012,1.5,0,0,0,10
1281848460,100.984,0,0,-100.984,100.984,252,8,-22.9021,70.9021,1.5,0,0,0,10
1282098306,83.5304,0,0,-83.5304,83.5304,98,19,10.1898,25.8102,1.5,0,0,0,10
1283348467,100.405,0,0,-100.405,100.405,259,18,34.4227,68.4227,1.5,0,0,0,10
1284598435,99.693,0,0,-99.693,99.693,227,11,13,65.7581,1.5,0,0,0,10
1285223285,82.5677,0,0,-82.5677,82.5677,77,6,1.5,20.8339,1.5,0,0,0,10
1286223380,95.2917,0,0,-95.2917,95.2917,172,20,13.1697,48.6697,1.5,0,0,0,10
1300000095,84.1173,0,0,-84.1173,84.1173,95,0,0,0,10,4,-12.8339,24.8339,1.5
1300000174,95.7317,0,0,-95.7317,95.7317,174,0,0,0,10,2,-4.17702,51.5,1.5
1300250077,82.5677,0,0,-82.5677,82.5677,77,0,0,0,10,6,1.5,20.6839,1.5
1300250093,83.8334,0,0,-83.8334,83.8334,93,0,0,0,10,7,8.31363,25.1864,1.5
1300250098,83.5304,0,0,-83.5304,83.5304,98,0,0,0,10,19,10.2959,25.7041,1.5
1300250109,84.493,0,0,-84.493,84.493,109,0,0,0,10,9,4.25262,30.7526,1.5
1300250112,84.6805,0,0,-84.6805,84.6805,112,0,0,0,10,1,-9.72278,30.7772,1.5
1300250119,85.1241,0,0,-85.1241,85.1241,119,0,0,0,10,16,9.24926,33,1.5
1300250166,96.3595,0,0,-96.3595,96.3595,166,0,0,0,10,13,19.1951,44.1951,1.5
1300250172,95.2917,0,0,-95.2917,95.2917,172,0,0,0,10,20,13.0636,48.5636,1.5
1300250183,97.8376,0,0,-97.8376,97.8376,183,0,0,0,10,5,-22,48.8179,1.5
1300250216,99.9903,0,0,-99.9903,99.9903,216,0,0,0,10,3,-23.3338,59.5,1.5
1300250226,100.184,0,0,-100.184,100.184,226,0,0,0,10,17,28.5,60.0288,1.5
1300250227,99.693,0,0,-99.693,99.693,227,0,0,0,10,11,13,65.6081,1.5
1300250251,96.7752,0,0,-96.7752,96.7752,251,0,0,0,10,10,-1,73.8636,1.5
1300250252,100.984,0,0,-100.984,100.984,252,0,0,0,10,8,-22.796,70.796,1.5
1300250259,100.792,0,0,-100.792,100.792,259,0,0,0,10,15,26.7424,71.7424,1.5
1300250259,100.405,0,0,-100.405,100.405,259,0,0,0,10,18,34.3167,68.3167,1.5
1300250261,98.2674,0,0,-98.2674,98.2674,261,0,0,0,10,12,-16.5,75.1848,1.5
1300250263,105.107,0,0,-105.107,105.107,263,0,0,0,10,14,-28.9437,71.9437,1.5
1322973303,84.1173,0,0,-84.1173,84.1173,95,4,-12.8339,24.8339,1.5,0,0,0,10
1323973382,95.7317,0,0,-95.7317,95.7317,174,2,-4.17702,51.5,1.5,0,0,0,10
1326348471,105.107,0,0,-105.107,105.107,263,14,-28.9437,71.9437,1.5,0,0,0,10
1326598467,100.792,0,0,-100.792,100.792,259,15,26.7424,71.7424,1.5,0,0,0,10
1327723424,99.9903,0,0,-99.9903,99.9903,216,3,-23.3338,59.5,1.5,0,0,0,10
1327848317,84.493,0,0,-84.493,84.493,109,9,4.25262,30.7526,1.5,0,0,0,10
1328723469,98.2674,0,0,-98.2674,98.2674,261,12,-16.5,75.1848,1.5,0,0,0,10
1329348434,100.184,0,0,-100.184,100.184,226,17,28.5,60.0288,1.5,0,0,0,10
1329848459,96.7752,0,0,-96.7752,96.7752,251,10,-1,73.8636,1.5,0,0,0,10
1330598327,85.1241,0,0,-85.1241,85.1241,119,16,9.24926,33,1.5,0,0,0,10
1330973301,83.8334,0,0,-83.8334,83.8334,93,7,8.31363,25.1864,1.5,0,0,0,10
1331223320,84.6805,0,0,-84.6805,84.6805,112,1,-9.72278,30.7772,1.5,0,0,0,10
1331348391,97.8376,0,0,-97.8376,97.8376,183,5,-22,48.8179,1.5,0,0,0,10
1331598374,96.3595,0,0,-96.3595,96.3595,166,13,19.1951,44.1951,1.5,0,0,0,10
1331848460,100.984,0,0,-100.984,100.984,252,8,-22.796,70.796,1.5,0,0,0,10
1332098306,83.5304,0,0,-83.5304,83.5304,98,19,10.2959,25.7041,1.5,0,0,0,10
1333348467,100.405,0,0,-100.405,100.405,259,18,34.3167,68.3167,1.5,0,0,0,10
1334598435,99.693,0,0,-99.693,99.693,227,11,13,65.6081,1.5,0,0,0,10
1335223285,82.5677,0,0,-82.5677,82.5677,77,6,1.5,20.6839,1.5,0,0,0,10
1336223380,95.2917,0,0,-95.2917,95.2917,172,20,13.0636,48.5636,1.5,0,0,0,10
1350000095,84.1173,0,0,-84.1173,84.1173,95,0,0,0,10,4,-12.8339,24.8339,1.5
1350000174,95.7317,0,0,-95.7317,95.7317,174,0,0,0,10,2,-4.17702,51.5,1.5
1350250077,82.5677,0,0,-82.5677,82.5677,77,0,0,0,10,6,1.5,20.6839,1.5
1350250093,83.8334,0,0,-83.8334,83.8334,93,0,0,0,10,7,8.31363,25.1864,1.5
1350250098,83.5304,0,0,-83.5304,83.5304,98,0,0,0,10,19,10.2959,25.7041,1.5
1350250109,84.493,0,0,-84.493,84.493,109,0,0,0,10,9,4.25262,30.7526,1.5
1350250112,84.6805,0,0,-84.6805,84.6805,112,0,0,0,10,1,-9.72278,30.7772,1.5
1350250119,85.1241,0,0,-85.1241,85.1241,119,0,0,0,10,16,9.24926,33,1.5
1350250166,96.3595,0,0,-96.3595,96.3595,166,0,0,0,10,13,19.1951,44.1951,1.5
1350250172,95.2917,0,0,-95.2917,95.2917,172,0,0,0,10,20,13.0636,48.5636,1.5
1350250183,97.8376,0,0,-97.8376,97.8376,183,0,0,0,10,5,-22,48.8179,1.5
1350250216,99.9903,0,0,-99.9903,99.9903,216,0,0,0,10,3,-23.3338,59.5,1.5
1350250226,100.184,0,0,-100.184,100.184,226,0,0,0,10,17,28.5,60.0288,1.5
1350250227,99.693,0,0,-99.693,99.693,227,0,0,0,10,11,13,65.6081,1.5
1350250251,96.7752,0,0,-96.7752,96.7752,251,0,0,0,10,10,-1,73.8636,1.5
1350250252,100.984,0,0,-100.984,100.984,252,0,0,0,10,8,-22.796,70.796,1.5
1350250259,100.792,0,0,-100.792,100.792,259,0,0,0,10,15,26.7424,71.7424,1.5
1350250259,100.405,0,0,-100.405,100.405,259,0,0,0,10,18,34.3167,68.3167,1.5
1350250261,98.2674,0,0,-98.2674,98.2674,261,0,0,0,10,12,-16.5,75.1848,1.5
1350250263,105.107,0,0,-105.107,105.107,263,0,0,0,10,14,-28.9437,71.9437,1.5
1372973303,84.1173,0,0,-84.1173,84.1173,95,4,-12.8339,24.8339,1.5,0,0,0,10
1373973382,95.7317,0,0,-95.7317,95.7317,174,2,-4.17702,51.5,1.5,0,0,0,10
1376348471,105.107,0,0,-105.107,105.107,263,14,-28.9437,71.9437,1.5,0,0,0,10
1376598467,100.792,0,0,-100.792,100.792,259,15,26.7424,71.7424,1.5,0,0,0,10
1377723424,99.9903,0,0,-99.9903,99.9903,216,3,-23.3338,59.5,1.5,0,0,0,10
1377848317,84.493,0,0,-84.493,84.493,109,9,4.25262,30.7526,1.5,0,0,0,10
1378723469,98.2674,0,0,-98.2674,98.2674,261,12,-16.5,75.1848,1.5,0,0,0,10
1379348434,100.184,0,0,-100.184,100.184,226,17,28.5,60.0288,1.5,0,0,0,10
1379848459,96.7752,0,0,-96.7752,96.7752,251,10,-1,73.8636,1.5,0,0,0,10
1380598327,85.1241,0,0,-85.1241,85.1241,119,16,9.24926,33,1.5,0,0,0,10
1380973301,83.8334,0,0,-83.8334,83.8334,93,7,8.31363,25.1864,1.5,0,0,0,10
1381223320,84.6805,0,0,-84.6805,84.6805,112,1,-9.72278,30.7772,1.5,0,0,0,10
1381348391,97.8376,0,0,-97.8376,97.8376,183,5,-22,48.8179,1.5,0,0,0,10
1381598374,96.3595,0,0,-96.3595,96.3595,166,13,19.1951,44.1951,1.5,0,0,0,10
1381848460,100.984,0,0,-100.984,100.984,252,8,-22.796,70.796,1.5,0,0,0,10
1382098306,83.5304,0,0,-83.5304,83.5304,98,19,10.2959,25.7041,1.5,0,0,0,10
1383348467,100.405,0,0,-100.405,100.405,259,18,34.3167,68.3167,1.5,0,0,0,10
1384598435,99.693,0,0,-99.693,99.693,227,11,13,65.6081,1.5,0,0,0,10
1385223285,82.5677,0,0,-82.5677,82.5677,77,6,1.5,20.6839,1.5,0,0,0,10
1386223380,95.2917,0,0,-95.2917,95.2917,172,20,13.0636,48.5636,1.5,0,0,0,10
1400000095,84.1173,0,0,-84.1173,84.1173,95,0,0,0,10,4,-12.94,24.94,1.5
1400000174,95.7317,0,0,-95.7317,95.7317,174,0,0,0,10,2,-4.32702,51.5,1.5
1400250077,82.5677,0,0,-82.5677,82.5677,77,0,0,0,10,6,1.5,20.5339,1.5
1400250093,83.8334,0,0,-83.8334,83.8334,93,0,0,0,10,7,8.4197,25.0803,1.5
1400250098,83.5304,0,0,-83.5304,83.5304,98,0,0,0,10,19,10.402,25.598,1.5
1400250109,84.493,0,0,-84.493,84.493,109,0,0,0,10,9,4.14655,30.6466,1.5
1400250112,84.6805,0,0,-84.6805,84.6805,112,0,0,0,10,1,-9.82885,30.6712,1.5
1400250119,85.1241,0,0,-85.1241,85.1241,119,0,0,0,10,16,9.09926,33,1.5
1400250166,96.3595,0,0,-96.3595,96.3595,166,0,0,0,10,13,19.0891,44.0891,1.5
1400250172,95.2917,0,0,-95.2917,95.2917,172,0,0,0,10,20,12.9576,48.4576,1.5
1400250183,97.8376,0,0,-97.8376,97.8376,183,0,0,0,10,5,-22,48.6679,1.5
1400250216,99.9903,0,0,-99.9903,99.9903,216,0,0,0,10,3,-23.1838,59.5,1.5
1400250226,100.184,0,0,-100.184,100.184,226,0,0,0,10,17,28.5,59.8788,1.5
1400250227,99.693,0,0,-99.693,99.693,227,0,0,0,10,11,13,65.4581,1.5
1400250251,96.7752,0,0,-96.7752,96.7752,251,0,0,0,10,10,-1,73.7136,1.5
1400250252,100.984,0,0,-100.984,100.984,252,0,0,0,10,8,-22.69,70.69,1.5
1400250259,100.792,0,0,-100.792,100.792,259,0,0,0,10,15,26.6364,71.6364,1.5
1400250259,100.405,0,0,-100.405,100.405,259,0,0,0,10,18,34.2106,68.2106,1.5
1400250261,98.2674,0,0,-98.2674,98.2674,261,0,0,0,10,12,-16.5,75.0348,1.5
1400250263,105.107,0,0,-105.107,105.107,263,0,0,0,10,14,-28.8376,71.8376,1.5
1422973303,84.1173,0,0,-84.1173,84.1173,95,4,-12.94,24.94,1.5,0,0,0,10
1423973382,95.7317,0,0,-95.7317,95.7317,174,2,-4.32702,51.5,1.5,0,0,0,10
1426348471,105.107,0,0,-105.107,105.107,263,14,-28.8376,71.8376,1.5,0,0,0,10
1426598467,100.792,0,0,-100.792,100.792,259,15,26.6364,71.6364,1.5,0,0,0,10
1427723424,99.9903,0,0,-99.9903,99.9903,216,3,-23.1838,59.5,1.5,0,0,0,10
1427848317,84.493,0,0,-84.493,84.493,109,9,4.14655,30.6466,1.5,0,0,0,10
1428723469,98.2674,0,0,-98.2674,98.2674,261,12,-16.5,75.0348,1.5,0,0,0,10
1429348434,100.184,0,0,-100.184,100.184,226,17,28.5,59.8788,1.5,0,0,0,10
1429848459,96.7752,0,0,-96.7752,96.7752,251,10,-1,73.7136,1.5,0,0,0,10
1430598327,85.1241,0,0,-85.1241,85.1241,119,16,9.09926,33,1.5,0,0,0,10
1430973301,83.8334,0,0,-83.8334,83.8334,93,7,8.4197,25.0803,1.5,0,0,0,10
1431223320,84.6805,0,0,-84.6805,84.6805,112,1,-9.82885,30.6712,1.5,0,0,0,10
1431348391,97.8376,0,0,-97.8376,97.8376,183,5,-22,48.6679,1.5,0,0,0,10
1431598374,96.3595,0,0,-96.3595,96.3595,166,13,19.0891,44.0891,1.5,0,0,0,10
1431848460,100.984,0,0,-100.984,100.984,252,8,-22.69,70.69,1.5,0,0,0,10
1432098306,83.5304,0,0,-83.5304,83.5304,98,19,10.402,25.598,1.5,0,0,0,10
1433348467,100.405,0,0,-100.405,100.405,259,18,34.2106,68.2106,1.5,0,0,0,10
1434598435,99.693,0,0,-99.693,99.693,227,11,13,65.4581,1.5,0,0,0,10
1435223285,82.5677,0,0,-82.5677,82.5677,77,6,1.5,20.5339,1.5,0,0,0,10
1436223380,95.2917,0,0,-95.2917,95.2917,172,20,12.9576,48.4576,1.5,0,0,0,10
1450000095,84.1173,0,0,-84.1173,84.1173,95,0,0,0,10,4,-12.94,24.94,1.5
1450000174,95.7317,0,0,-95.7317,95.7317,174,0,0,0,10,2,-4.32702,51.5,1.5
1450250077,82.5677,0,0,-82.5677,82.5677,77,0,0,0,10,6,1.5,20.5339,1.5
1450250093,83.8334,0,0,-83.8334,83.8334,93,0,0,0,10,7,8.4197,25.0803,1.5
1450250098,83.5304,0,0,-83.5304,83.5304,98,0,0,0,10,19,10.402,25.598,1.5
1450250109,84.493,0,0,-84.493,84.493,109,0,0,0,10,9,4.14655,30.6466,1.5
1450250112,84.6805,0,0,-84.6805,84.6805,112,0,0,0,10,1,-9.82885,30.6712,1.5
1450250119,85.1241,0,0,-85.1241,85.1241,119,0,0,0,10,16,9.09926,33,1.5
1450250166,96.3595,0,0,-96.3595,96.3595,166,0,0,0,10,13,19.0891,44.0891,1.5
1450250172,95.2917,0,0,-95.2917,95.2917,172,0,0,0,10,20,12.9576,48.4576,1.5
1450250183,97.8376,0,0,-97.8376,97.8376,183,0,0,0,10,5,-22,48.6679,1.5
1450250216,99.9903,0,0,-99.9903,99.9903,216,0,0,0,10,3,-23.1838,59.5,1.5
1450250226,100.184,0,0,-100.184,100.184,226,0,0,0,10,17,28.5,59.8788,1.5
1450250227,99.693,0,0,-99.693,99.693,227,0,0,0,10,11,13,65.4581,1.5
1450250251,96.7752,0,0,-96.7752,96.7752,251,0,0,0,10,10,-1,73.7136,1.5
1450250252,100.984,0,0,-100.984,100.984,252,0,0,0,10,8,-22.69,70.69,1.5
1450250259,100.792,0,0,-100.792,100.792,259,0,0,0,10,15,26.6364,71.6364,1.5
1450250259,100.405,0,0,-100.405,100.405,259,0,0,0,10,18,34.2106,68.2106,1.5
1450250261,98.2674,0,0,-98.2674,98.2674,261,0,0,0,10,12,-16.5,75.0348,1.5
1450250263,105.107,0,0,-105.107,105.107,263,0,0,0,10,14,-28.8376,71.8376,1.5
1472973303,84.1173,0,0,-84.1173,84.1173,95,4,-12.94,24.94,1.5,0,0,0,10
1473973382,95.7317,0,0,-95.7317,95.7317,174,2,-4.32702,51.5,1.5,0,0,0,10
1476348471,105.107,0,0,-105.107,105.107,263,14,-28.8376,71.8376,1.5,0,0,0,10
1476598467,100.792,0,0,-100.792,100.792,259,15,26.6364,71.6364,1.5,0,0,0,10
1477723424,99.9903,0,0,-99.9903,99.9903,216,3,-23.1838,59.5,1.5,0,0,0,10
1477848317,84.493,0,0,-84.493,84.493,109,9,4.14655,30.6466,1.5,0,0,0,10
1478723469,98.2674,0,0,-98.2674,98.2674,261,12,-16.5,75.0348,1.5,0,0,0,10
1479348434,100.184,0,0,-100.184,100.184,226,17,28.5,59.8788,1.5,0,0,0,10
1479848459,96.7752,0,0,-96.7752,96.7752,251,10,-1,73.7136,1.5,0,0,0,10
1480598327,85.1241,0,0,-85.1241,85.1241,119,16,9.09926,33,1.5,0,0,0,10
1480973301,83.8334,0,0,-83.8334,83.8334,93,7,8.4197,25.0803,1.5,0,0,0,10
1481223320,84.6805,0,0,-84.6805,84.6805,112,1,-9.82885,30.6712,1.5,0,0,0,10
1481348391,97.8376,0,0,-97.8376,97.8376,183,5,-22,48.6679,1.5,0,0,0,10
1481598374,96.3595,0,0,-96.3595,96.3595,166,13,19.0891,44.0891,1.5,0,0,0,10
1481848460,100.984,0,0,-100.984,100.984,252,8,-22.69,70.69,1.5,0,0,0,10
1482098306,83.5304,0,0,-83.5304,83.5304,98,19,10.402,25.598,1.5,0,0,0,10
1483348467,100.405,0,0,-100.405,100.405,259,18,34.2106,68.2106,1.5,0,0,0,10
1484598435,99.693,0,0,-99.693,99.693,227,11,13,65.4581,1.5,0,0,0,10
1485223285,82.5677,0,0,-82.5677,82.5677,77,6,1.5,20.5339,1.5,0,0,0,10
1486223380,95.2917,0,0,-95.2917,95.2917,172,20,12.9576,48.4576,1.5,0,0,0,10
1500000098,83.7549,0,0,-83.7549,83.7549,98,0,0,0,10,4,-13.046,25.046,1.5
1500000175,96.7694,0,0,-96.7694,96.7694,175,0,0,0,10,2,-4.47702,51.5,1.5
1500375074,81.9599,0,0,-81.9599,81.9599,74,0,0,0,10,6,1.5,20.3839,1.5
1500375092,83.7718,0,0,-83.7718,83.7718,92,0,0,0,10,7,8.52576,24.9742,1.5
1500375096,84.1811,0,0,-84.1811,84.1811,96,0,0,0,10,19,10.508,25.492,1.5
1500375107,84.3046,0,0,-84.3046,84.3046,107,0,0,0,10,9,4.04049,30.5405,1.5
1500375111,84.8887,0,0,-84.8887,84.8887,111,0,0,0,10,1,-9.93491,30.5651,1.5
1500375118,84.6191,0,0,-84.6191,84.6191,118,0,0,0,10,16,8.94926,33,1.5
1500375162,96.1069,0,0,-96.1069,96.1069,162,0,0,0,10,13,18.983,43.983,1.5
1500375169,95.2284,0,0,-95.2284,95.2284,169,0,0,0,10,20,12.8515,48.3515,1.5
1500375180,95.1104,0,0,-95.1104,95.1104,180,0,0,0,10,5,-22,48.5179,1.5
1500375215,101.242,0,0,-101.242,101.242,215,0,0,0,10,3,-23.0338,59.5,1.5
1500375223,103.18,0,0,-103.18,103.18,223,0,0,0,10,17,28.5,59.7288,1.5
1500375224,98.127,0,0,-98.127,98.127,224,0,0,0,10,11,13,65.3081,1.5
1500375247,96.5674,0,0,-96.5674,96.5674,247,0,0,0,10,10,-1,73.5636,1.5
1500375249,103.468,0,0,-103.468,103.468,249,0,0,0,10,8,-22.5839,70.5839,1.5
1500375256,105.192,0,0,-105.192,105.192,256,0,0,0,10,15,26.5303,71.5303,1.5
1500375256,104.079,0,0,-104.079,104.079,256,0,0,0,10,18,34.1045,68.1045,1.5
1500375257,98.1852,0,0,-98.1852,98.1852,257,0,0,0,10,12,-16.5,74.8848,1.5
1500375259,100.616,0,0,-100.616,100.616,259,0,0,0,10,14,-28.7316,71.7316,1.5
1522973306,83.7549,0,0,-83.7549,83.7549,98,4,-13.046,25.046,1.5,0,0,0,10
1523973383,96.7694,0,0,-96.7694,96.7694,175,2,-4.47702,51.5,1.5,0,0,0,10
1530732254,84.6191,0,0,-84.6191,84.6191,118,16,8.94926,33,1.5,0,0,0,10
1531357393,98.1852,0,0,-98.1852,98.1852,257,12,-16.5,74.8848,1.5,0,0,0,10
1531607243,84.3046,0,0,-84.3046,84.3046,107,9,4.04049,30.5405,1.5,0,0,0,10
1531982351,101.242,0,0,-101.242,101.242,215,3,-23.0338,59.5,1.5,0,0,0,10
1532473458,103.468,0,0,-103.468,103.468,249,8,-22.5839,70.5839,1.5,0,0,0,10
1533357392,105.192,0,0,-105.192,105.192,256,15,26.5303,71.5303,1.5,0,0,0,10
1533732316,95.1104,0,0,-95.1104,95.1104,180,5,-22,48.5179,1.5,0,0,0,10
1534732232,84.1811,0,0,-84.1811,84.1811,96,19,10.508,25.492,1.5,0,0,0,10
1535357383,96.5674,0,0,-96.5674,96.5674,247,10,-1,73.5636,1.5,0,0,0,10
1535607228,83.7718,0,0,-83.7718,83.7718,92,7,8.52576,24.9742,1.5,0,0,0,10
1535982247,84.8887,0,0,-84.8887,84.8887,111,1,-9.93491,30.5651,1.5,0,0,0,10
1536348467,100.616,0,0,-100.616,100.616,259,14,-28.7316,71.7316,1.5,0,0,0,10
1536732392,104.079,0,0,-104.079,104.079,256,18,34.1045,68.1045,1.5,0,0,0,10
1537482210,81.9599,0,0,-81.9599,81.9599,74,6,1.5,20.3839,1.5,0,0,0,10
1539107360,98.127,0,0,-98.127,98.127,224,11,13,65.3081,1.5,0,0,0,10
1539348431,103.18,0,0,-103.18,103.18,223,17,28.5,59.7288,1.5,0,0,0,10
1541598370,96.1069,0,0,-96.1069,96.1069,162,13,18.983,43.983,1.5,0,0,0,10
1544232305,95.2284,0,0,-95.2284,95.2284,169,20,12.8515,48.3515,1.5,0,0,0,10
1550000098,83.7549,0,0,-83.7549,83.7549,98,0,0,0,10,4,-13.046,25.046,1.5
1550000175,96.7694,0,0,-96.7694,96.7694,175,0,0,0,10,2,-4.47702,51.5,1.5
1550500074,81.9599,0,0,-81.9599,81.9599,74,0,0,0,10,6,1.5,20.3839,1.5
1550500092,83.7718,0,0,-83.7718,83.7718,92,0,0,0,10,7,8.52576,24.9742,1.5
1550500096,84.1811,0,0,-84.1811,84.1811,96,0,0,0,10,19,10.508,25.492,1.5
1550500107,84.3046,0,0,-84.3046,84.3046,107,0,0,0,10,9,4.04049,30.5405,1.5
1550500111,84.8887,0,0,-84.8887,84.8887,111,0,0,0,10,1,-9.93491,30.5651,1.5
1550500118,84.6191,0,0,-84.6191,84.6191,118,0,0,0,10,16,8.94926,33,1.5
1550500162,96.1069,0,0,-96.1069,96.1069,162,0,0,0,10,13,18.983,43.983,1.5
1550500169,95.2284,0,0,-95.2284,95.2284,169,0,0,0,10,20,12.8515,48.3515,1.5
1550500180,95.1104,0,0,-95.1104,95.1104,180,0,0,0,10,5,-22,48.5179,1.5
1550500215,101.242,0,0,-101.242,101.242,215,0,0,0,10,3,-23.0338,59.5,1.5
1550500223,103.18,0,0,-103.18,103.18,223,0,0,0,10,17,28.5,59.7288,1.5
1550500224,98.127,0,0,-98.127,98.127,224,0,0,0,10,11,13,65.3081,1.5
1550500247,96.5674,0,0,-96.5674,96.5674,247,0,0,0,10,10,-1,73.5636,1.5
1550500249,103.468,0,0,-103.468,103.468,249,0,0,0,10,8,-22.5839,70.5839,1.5
1550500256,105.192,0,0,-105.192,105.192,256,0,0,0,10,15,26.5303,71.5303,1.5
1550500256,104.079,0,0,-104.079,104.079,256,0,0,0,10,18,34.1045,68.1045,1.5
1550500257,98.1852,0,0,-98.1852,98.1852,257,0,0,0,10,12,-16.5,74.8848,1.5
1550500259,100.616,0,0,-100.616,100.616,259,0,0,0,10,14,-28.7316,71.7316,1.5
1572973306,83.7549,0,0,-83.7549,83.7549,98,4,-13.046,25.046,1.5,0,0,0,10
1573973383,96.7694,0,0,-96.7694,96.7694,175,2,-4.47702,51.5,1.5,0,0,0,10
1583232393,98.1852,0,0,-98.1852,98.1852,257,12,-16.5,74.8848,1.5,0,0,0,10
1583357243,84.3046,0,0,-84.3046,84.3046,107,9,4.04049,30.5405,1.5,0,0,0,10
1583857351,101.242,0,0,-101.242,101.242,215,3,-23.0338,59.5,1.5,0,0,0,10
1585357385,103.468,0,0,-103.468,103.468,249,8,-22.5839,70.5839,1.5,0,0,0,10
1585607316,95.1104,0,0,-95.1104,95.1104,180,5,-22,48.5179,1.5,0,0,0,10
1586348467,100.616,0,0,-100.616,100.616,259,14,-28.7316,71.7316,1.5,0,0,0,10
1586482254,84.6191,0,0,-84.6191,84.6191,118,16,8.94926,33,1.5,0,0,0,10
1586598464,105.192,0,0,-105.192,105.192,256,15,26.5303,71.5303,1.5,0,0,0,10
1587232383,96.5674,0,0,-96.5674,96.5674,247,10,-1,73.5636,1.5,0,0,0,10
1587357228,83.7718,0,0,-83.7718,83.7718,92,7,8.52576,24.9742,1.5,0,0,0,10
1587732247,84.8887,0,0,-84.8887,84.8887,111,1,-9.93491,30.5651,1.5,0,0,0,10
1589348431,103.18,0,0,-103.18,103.18,223,17,28.5,59.7288,1.5,0,0,0,10
1589357210,81.9599,0,0,-81.9599,81.9599,74,6,1.5,20.3839,1.5,0,0,0,10
1590982360,98.127,0,0,-98.127,98.127,224,11,13,65.3081,1.5,0,0,0,10
1591598370,96.1069,0,0,-96.1069,96.1069,162,13,18.983,43.983,1.5,0,0,0,10
1592098304,84.1811,0,0,-84.1811,84.1811,96,19,10.508,25.492,1.5,0,0,0,10
1593348464,104.079,0,0,-104.079,104.079,256,18,34.1045,68.1045,1.5,0,0,0,10
1596223377,95.2284,0,0,-95.2284,95.2284,169,20,12.8515,48.3515,1.5,0,0,0,10
1600000098,83.7549,0,0,-83.7549,83.7549,98,0,0,0,10,4,-13.1521,25.1521,1.5
1600000175,96.7694,0,0,-96.7694,96.7694,175,0,0,0,10,2,-4.62702,51.5,1.5
1600500074,81.9599,0,0,-81.9599,81.9599,74,0,0,0,10,6,1.5,20.2339,1.5
1600500092,83.7718,0,0,-83.7718,83.7718,92,0,0,0,10,7,8.63183,24.8682,1.5
1600500096,84.1811,0,0,-84.1811,84.1811,96,0,0,0,10,19,10.6141,25.3859,1.5
1600500107,84.3046,0,0,-84.3046,84.3046,107,0,0,0,10,9,3.93442,30.4344,1.5
1600500111,84.8887,0,0,-84.8887,84.8887,111,0,0,0,10,1,-10.041,30.459,1.5
1600500118,84.6191,0,0,-84.6191,84.6191,118,0,0,0,10,16,8.79926,33,1.5
1600500162,96.1069,0,0,-96.1069,96.1069,162,0,0,0,10,13,18.877,43.877,1.5
1600500169,95.2284,0,0,-95.2284,95.2284,169,0,0,0,10,20,12.7454,48.2454,1.5
1600500180,95.1104,0,0,-95.1104,95.1104,180,0,0,0,10,5,-22,48.3679,1.5
1600500215,101.242,0,0,-101.242,101.242,215,0,0,0,10,3,-22.8838,59.5,1.5
1600500223,103.18,0,0,-103.18,103.18,223,0,0,0,10,17,28.5,59.5788,1.5
1600500224,98.127,0,0,-98.127,98.127,224,0,0,0,10,11,13,65.1581,1.5
1600500247,96.5674,0,0,-96.5674,96.5674,247,0,0,0,10,10,-1,73.4136,1.5
1600500249,103.468,0,0,-103.468,103.468,249,0,0,0,10,8,-22.5,70.4687,1.5
1600500256,105.192,0,0,-105.192,105.192,256,0,0,0,10,15,26.4242,71.4242,1.5
1600500256,104.079,0,0,-104.079,104.079,256,0,0,0,10,18,33.9985,67.9985,1.5
1600500257,98.1852,0,0,-98.1852,98.1852,257,0,0,0,10,12,-16.5,74.7348,1.5
1600500259,100.616,0,0,-100.616,100.616,259,0,0,0,10,14,-28.6255,71.6255,1.5
1622973306,83.7549,0,0,-83.7549,83.7549,98,4,-13.1521,25.1521,1.5,0,0,0,10
1623973383,96.7694,0,0,-96.7694,96.7694,175,2,-4.62702,51.5,1.5,0,0,0,10
1635107393,98.1852,0,0,-98.1852,98.1852,257,12,-16.5,74.7348,1.5,0,0,0,10
1635232243,84.3046,0,0,-84.3046,84.3046,107,9,3.93442,30.4344,1.5,0,0,0,10
1635607351,101.242,0,0,-101.242,101.242,215,3,-22.8838,59.5,1.5,0,0,0,10
1636348467,100.616,0,0,-100.616,100.616,259,14,-28.6255,71.6255,1.5,0,0,0,10
1636598464,105.192,0,0,-105.192,105.192,256,15,26.4242,71.4242,1.5,0,0,0,10
1637232385,103.468,0,0,-103.468,103.468,249,8,-22.5,70.4687,1.5,0,0,0,10
1637482316,95.1104,0,0,-95.1104,95.1104,180,5,-22,48.3679,1.5,0,0,0,10
1638982383,96.5674,0,0,-96.5674,96.5674,247,10,-1,73.4136,1.5,0,0,0,10
1639232228,83.7718,0,0,-83.7718,83.7718,92,7,8.63183,24.8682,1.5,0,0,0,10
1639348431,103.18,0,0,-103.18,103.18,223,17,28.5,59.5788,1.5,0,0,0,10
1639607247,84.8887,0,0,-84.8887,84.8887,111,1,-10.041,30.459,1.5,0,0,0,10
1640598326,84.6191,0,0,-84.6191,84.6191,118,16,8.79926,33,1.5,0,0,0,10
1641232210,81.9599,0,0,-81.9599,81.9599,74,6,1.5,20.2339,1.5,0,0,0,10
1641598370,96.1069,0,0,-96.1069,96.1069,162,13,18.877,43.877,1.5,0,0,0,10
1642098304,84.1811,0,0,-84.1811,84.1811,96,19,10.6141,25.3859,1.5,0,0,0,10
1642857360,98.127,0,0,-98.127,98.127,224,11,13,65.1581,1.5,0,0,0,10
1643348464,104.079,0,0,-104.079,104.079,256,18,33.9985,67.9985,1.5,0,0,0,10
1646223377,95.2284,0,0,-95.2284,95.2284,169,20,12.7454,48.2454,1.5,0,0,0,10
1650000098,83.7549,0,0,-83.7549,83.7549,98,0,0,0,10,4,-13.1521,25.1521,1.5
1650000175,96.7694,0,0,-96.7694,96.7694,175,0,0,0,10,2,-4.62702,51.5,1.5
1650625074,81.9599,0,0,-81.9599,81.9599,74,0,0,0,10,6,1.5,20.2339,1.5
1650625092,83.7718,0,0,-83.7718,83.7718,92,0,0,0,10,7,8.63183,24.8682,1.5
1650625096,84.1811,0,0,-84.1811,84.1811,96,0,0,0,10,19,10.6141,25.3859,1.5
1650625107,84.3046,0,0,-84.3046,84.3046,107,0,0,0,10,9,3.93442,30.4344,1.5
1650625111,84.8887,0,0,-84.8887,84.8887,111,0,0,0,10,1,-10.041,30.459,1.5
1650625118,84.6191,0,0,-84.6191,84.6191,118,0,0,0,10,16,8.79926,33,1.5
1650625162,96.1069,0,0,-96.1069,96.1069,162,0,0,0,10,13,18.877,43.877,1.5
1650625169,95.2284,0,0,-95.2284,95.2284,169,0,0,0,10,20,12.7454,48.2454,1.5
1650625180,95.1104,0,0,-95.1104,95.1104,180,0,0,0,10,5,-22,48.3679,1.5
1650625215,101.242,0,0,-101.242,101.242,215,0,0,0,10,3,-22.8838,59.5,1.5
1650625223,103.18,0,0,-103.18,103.18,223,0,0,0,10,17,28.5,59.5788,1.5
1650625224,98.127,0,0,-98.127,98.127,224,0,0,0,10,11,13,65.1581,1.5
1650625247,96.5674,0,0,-96.5674,96.5674,247,0,0,0,10,10,-1,73.4136,1.5
1650625249,103.468,0,0,-103.468,103.468,249,0,0,0,10,8,-22.5,70.4687,1.5
1650625256,105.192,0,0,-105.192,105.192,256,0,0,0,10,15,26.4242,71.4242,1.5
1650625256,104.079,0,0,-104.079,104.079,256,0,0,0,10,18,33.9985,67.9985,1.5
1650625257,98.1852,0,0,-98.1852,98.1852,257,0,0,0,10,12,-16.5,74.7348,1.5
1650625259,100.616,0,0,-100.616,100.616,259,0,0,0,10,14,-28.6255,71.6255,1.5
1672973306,83.7549,0,0,-83.7549,83.7549,98,4,-13.1521,25.1521,1.5,0,0,0,10
1673973383,96.7694,0,0,-96.7694,96.7694,175,2,-4.62702,51.5,1.5,0,0,0,10
1686348467,100.616,0,0,-100.616,100.616,259,14,-28.6255,71.6255,1.5,0,0,0,10
1686598464,105.192,0,0,-105.192,105.192,256,15,26.4242,71.4242,1.5,0,0,0,10
1686857393,98.1852,0,0,-98.1852,98.1852,257,12,-16.5,74.7348,1.5,0,0,0,10
1687107243,84.3046,0,0,-84.3046,84.3046,107,9,3.93442,30.4344,1.5,0,0,0,10
1687482351,101.242,0,0,-101.242,101.242,215,3,-22.8838,59.5,1.5,0,0,0,10
1689107385,103.468,0,0,-103.468,103.468,249,8,-22.5,70.4687,1.5,0,0,0,10
1689232316,95.1104,0,0,-95.1104,95.1104,180,5,-22,48.3679,1.5,0,0,0,10
1689348431,103.18,0,0,-103.18,103.18,223,17,28.5,59.5788,1.5,0,0,0,10
1689848455,96.5674,0,0,-96.5674,96.5674,247,10,-1,73.4136,1.5,0,0,0,10
1690598326,84.6191,0,0,-84.6191,84.6191,118,16,8.79926,33,1.5,0,0,0,10
1690973300,83.7718,0,0,-83.7718,83.7718,92,7,8.63183,24.8682,1.5,0,0,0,10
1691223319,84.8887,0,0,-84.8887,84.8887,111,1,-10.041,30.459,1.5,0,0,0,10
1691598370,96.1069,0,0,-96.1069,96.1069,162,13,18.877,43.877,1.5,0,0,0,10
1692098304,84.1811,0,0,-84.1811,84.1811,96,19,10.6141,25.3859,1.5,0,0,0,10
1693107210,81.9599,0,0,-81.9599,81.9599,74,6,1.5,20.2339,1.5,0,0,0,10
1693232360,98.127,0,0,-98.127,98.127,224,11,13,65.1581,1.5,0,0,0,10
1693348464,104.079,0,0,-104.079,104.079,256,18,33.9985,67.9985,1.5,0,0,0,10
1696223377,95.2284,0,0,-95.2284,95.2284,169,20,12.7454,48.2454,1.5,0,0,0,10
1700000098,83.7549,0,0,-83.7549,83.7549,98,0,0,0,10,4,-13.2582,25.2582,1.5
1700000175,96.7694,0,0,-96.7694,96.7694,175,0,0,0,10,2,-4.77702,51.5,1.5
1700625074,81.9599,0,0,-81.9599,81.9599,74,0,0,0,10,6,1.5,20.0839,1.5
1700625092,83.7718,0,0,-83.7718,83.7718,92,0,0,0,10,7,8.73789,24.7621,1.5
1700625096,84.1811,0,0,-84.1811,84.1811,96,0,0,0,10,19,10.7202,25.2798,1.5
1700625107,84.3046,0,0,-84.3046,84.3046,107,0,0,0,10,9,3.82835,30.3284,1.5
1700625111,84.8887,0,0,-84.8887,84.8887,111,0,0,0,10,1,-10.147,30.353,1.5
1700625118,84.6191,0,0,-84.6191,84.6191,118,0,0,0,10,16,8.64926,33,1.5
1700625162,96.1069,0,0,-96.1069,96.1069,162,0,0,0,10,13,18.7709,43.7709,1.5
1700625169,95.2284,0,0,-95.2284,95.2284,169,0,0,0,10,20,12.6394,48.1394,1.5
1700625180,95.1104,0,0,-95.1104,95.1104,180,0,0,0,10,5,-22,48.2179,1.5
1700625215,101.242,0,0,-101.242,101.242,215,0,0,0,10,3,-22.7338,59.5,1.5
1700625223,103.18,0,0,-103.18,103.18,223,0,0,0,10,17,28.5,59.4288,1.5
1700625224,98.127,0,0,-98.127,98.127,224,0,0,0,10,11,13,65.0081,1.5
1700625247,96.5674,0,0,-96.5674,96.5674,247,0,0,0,10,10,-1,73.2636,1.5
1700625249,103.468,0,0,-103.468,103.468,249,0,0,0,10,8,-22.5,70.3187,1.5
1700625256,105.192,0,0,-105.192,105.192,256,0,0,0,10,15,26.3182,71.3182,1.5
1700625256,104.079,0,0,-104.079,104.079,256,0,0,0,10,18,33.8924,67.8924,1.5
1700625257,98.1852,0,0,-98.1852,98.1852,257,0,0,0,10,12,-16.5,74.5848,1.5
1700625259,100.616,0,0,-100.616,100.616,259,0,0,0,10,14,-28.5194,71.5194,1.5
1722973306,83.7549,0,0,-83.7549,83.7549,98,4,-13.2582,25.2582,1.5,0,0,0,10
1723973383,96.7694,0,0,-96.7694,96.7694,175,2,-4.77702,51.5,1.5,0,0,0,10
1736348467,100.616,0,0,-100.616,100.616,259,14,-28.5194,71.5194,1.5,0,0,0,10
1736598464,105.192,0,0,-105.192,105.192,256,15,26.3182,71.3182,1.5,0,0,0,10
1737723423,101.242,0,0,-101.242,101.242,215,3,-22.7338,59.5,1.5,0,0,0,10
1737848315,84.3046,0,0,-84.3046,84.3046,107,9,3.82835,30.3284,1.5,0,0,0,10
1738723465,98.1852,0,0,-98.1852,98.1852,257,12,-16.5,74.5848,1.5,0,0,0,10
1739348431,103.18,0,0,-103.18,103.18,223,17,28.5,59.4288,1.5,0,0,0,10
1739848455,96.5674,0,0,-96.5674,96.5674,247,10,-1,73.2636,1.5,0,0,0,10
1740598326,84.6191,0,0,-84.6191,84.6191,118,16,8.64926,33,1.5,0,0,0,10
1740973300,83.7718,0,0,-83.7718,83.7718,92,7,8.73789,24.7621,1.5,0,0,0,10
1740982385,103.468,0,0,-103.468,103.468,249,8,-22.5,70.3187,1.5,0,0,0,10
1741107316,95.1104,0,0,-95.1104,95.1104,180,5,-22,48.2179,1.5,0,0,0,10
1741223319,84.8887,0,0,-84.8887,84.8887,111,1,-10.147,30.353,1.5,0,0,0,10
1741598370,96.1069,0,0,-96.1069,96.1069,162,13,18.7709,43.7709,1.5,0,0,0,10
1742098304,84.1811,0,0,-84.1811,84.1811,96,19,10.7202,25.2798,1.5,0,0,0,10
1743348464,104.079,0,0,-104.079,104.079,256,18,33.8924,67.8924,1.5,0,0,0,10
1744598432,98.127,0,0,-98.127,98.127,224,11,13,65.0081,1.5,0,0,0,10
1744857210,81.9599,0,0,-81.9599,81.9599,74,6,1.5,20.0839,1.5,0,0,0,10
1746223377,95.2284,0,0,-95.2284,95.2284,169,20,12.6394,48.1394,1.5,0,0,0,10
1750000098,83.7549,0,0,-83.7549,83.7549,98,0,0,0,10,4,-13.2582,25.2582,1.5
1750000175,96.7694,0,0,-96.7694,96.7694,175,0,0,0,10,2,-4.77702,51.5,1.5
1750625074,81.9599,0,0,-81.9599,81.9599,74,0,0,0,10,6,1.5,20.0839,1.5
1750625092,83.7718,0,0,-83.7718,83.7718,92,0,0,0,10,7,8.73789,24.7621,1.5
1750625096,84.1811,0,0,-84.1811,84.1811,96,0,0,0,10,19,10.7202,25.2798,1.5
1750625107,84.3046,0,0,-84.3046,84.3046,107,0,0,0,10,9,3.82835,30.3284,1.5
1750625111,84.8887,0,0,-84.8887,84.8887,111,0,0,0,10,1,-10.147,30.353,1.5
1750625118,84.6191,0,0,-84.6191,84.6191,118,0,0,0,10,16,8.64926,33,1.5
1750625162,96.1069,0,0,-96.1069,96.1069,162,0,0,0,10,13,18.7709,43.7709,1.5
1750625169,95.2284,0,0,-95.2284,95.2284,169,0,0,0,10,20,12.6394,48.1394,1.5
1750625180,95.1104,0,0,-95.1104,95.1104,180,0,0,0,10,5,-22,48.2179,1.5
1750625215,101.242,0,0,-101.242,101.242,215,0,0,0,10,3,-22.7338,59.5,1.5
1750625223,103.18,0,0,-103.18,103.18,223,0,0,0,10,17,28.5,59.4288,1.5
1750625224,98.127,0,0,-98.127,98.127,224,0,0,0,10,11,13,65.0081,1.5
1750625247,96.5674,0,0,-96.5674,96.5674,247,0,0,0,10,10,-1,73.2636,1.5
1750625249,103.468,0,0,-103.468,103.468,249,0,0,0,10,8,-22.5,70.3187,1.5
1750625256,105.192,0,0,-105.192,105.192,256,0,0,0,10,15,26.3182,71.3182,1.5
1750625256,104.079,0,0,-104.079,104.079,256,0,0,0,10,18,33.8924,67.8924,1.5
1750625257,98.1852,0,0,-98.1852,98.1852,257,0,0,0,10,12,-16.5,74.5848,1.5
1750625259,100.616,0,0,-100.616,100.616,259,0,0,0,10,14,-28.5194,71.5194,1.5
1772973306,83.7549,0,0,-83.7549,83.7549,98,4,-13.2582,25.2582,1.5,0,0,0,10
1773973383,96.7694,0,0,-96.7694,96.7694,175,2,-4.77702,51.5,1.5,0,0,0,10
1786348467,100.616,0,0,-100.616,100.616,259,14,-28.5194,71.5194,1.5,0,0,0,10
1786598464,105.192,0,0,-105.192,105.192,256,15,26.3182,71.3182,1.5,0,0,0,10
1787723423,101.242,0,0,-101.242,101.242,215,3,-22.7338,59.5,1.5,0,0,0,10
1787848315,84.3046,0,0,-84.3046,84.3046,107,9,3.82835,30.3284,1.5,0,0,0,10
1788723465,98.1852,0,0,-98.1852,98.1852,257,12,-16.5,74.5848,1.5,0,0,0,10
1789348431,103.18,0,0,-103.18,103.18,223,17,28.5,59.4288,1.5,0,0,0,10
1789848455,96.5674,0,0,-96.5674,96.5674,247,10,-1,73.2636,1.5,0,0,0,10
1790598326,84.6191,0,0,-84.6191,84.6191,118,16,8.64926,33,1.5,0,0,0,10
1790973300,83.7718,0,0,-83.7718,83.7718,92,7,8.73789,24.7621,1.5,0,0,0,10
1791223319,84.8887,0,0,-84.8887,84.8887,111,1,-10.147,30.353,1.5,0,0,0,10
1791348388,95.1104,0,0,-95.1104,95.1104,180,5,-22,48.2179,1.5,0,0,0,10
1791598370,96.1069,0,0,-96.1069,96.1069,162,13,18.7709,43.7709,1.5,0,0,0,10
1791848457,103.468,0,0,-103.468,103.468,249,8,-22.5,70.3187,1.5,0,0,0,10
1792098304,84.1811,0,0,-84.1811,84.1811,96,19,10.7202,25.2798,1.5,0,0,0,10
1793348464,104.079,0,0,-104.079,104.079,256,18,33.8924,67.8924,1.5,0,0,0,10
1794598432,98.127,0,0,-98.127,98.127,224,11,13,65.0081,1.5,0,0,0,10
1795223282,81.9599,0,0,-81.9599,81.9599,74,6,1.5,20.0839,1.5,0,0,0,10
1796223377,95.2284,0,0,-95.2284,95.2284,169,20,12.6394,48.1394,1.5,0,0,0,10
1800000098,83.7549,0,0,-83.7549,83.7549,98,0,0,0,10,4,-13.3642,25.3642,1.5
1800000175,96.7694,0,0,-96.7694,96.7694,175,0,0,0,10,2,-4.92702,51.5,1.5
1800625074,81.9599,0,0,-81.9599,81.9599,74,0,0,0,10,6,1.5,19.9339,1.5
1800625092,83.7718,0,0,-83.7718,83.7718,92,0,0,0,10,7,8.84396,24.656,1.5
1800625096,84.1811,0,0,-84.1811,84.1811,96,0,0,0,10,19,10.8262,25.1738,1.5
1800625107,84.3046,0,0,-84.3046,84.3046,107,0,0,0,10,9,3.72229,30.2223,1.5
1800625111,84.8887,0,0,-84.8887,84.8887,111,0,0,0,10,1,-10.2531,30.2469,1.5
1800625118,84.6191,0,0,-84.6191,84.6191,118,0,0,0,10,16,8.49926,33,1.5
1800625162,96.1069,0,0,-96.1069,96.1069,162,0,0,0,10,13,18.6648,43.6648,1.5
1800625169,95.2284,0,0,-95.2284,95.2284,169,0,0,0,10,20,12.5333,48.0333,1.5
1800625180,95.1104,0,0,-95.1104,95.1104,180,0,0,0,10,5,-22,48.0679,1.5
1800625215,101.242,0,0,-101.242,101.242,215,0,0,0,10,3,-22.5838,59.5,1.5
1800625223,103.18,0,0,-103.18,103.18,223,0,0,0,10,17,28.5,59.2788,1.5
1800625224,98.127,0,0,-98.127,98.127,224,0,0,0,10,11,13,64.8581,1.5
1800625247,96.5674,0,0,-96.5674,96.5674,247,0,0,0,10,10,-1,73.1136,1.5
1800625249,103.468,0,0,-103.468,103.468,249,0,0,0,10,8,-22.5,70.1687,1.5
1800625256,105.192,0,0,-105.192,105.192,256,0,0,0,10,15,26.2121,71.2121,1.5
1800625256,104.079,0,0,-104.079,104.079,256,0,0,0,10,18,33.7863,67.7863,1.5
1800625257,98.1852,0,0,-98.1852,98.1852,257,0,0,0,10,12,-16.5,74.4348,1.5
1800625259,100.616,0,0,-100.616,100.616,259,0,0,0,10,14,-28.4134,71.4134,1.5
1822973306,83.7549,0,0,-83.7549,83.7549,98,4,-13.3642,25.3642,1.5,0,0,0,10
1823973383,96.7694,0,0,-96.7694,96.7694,175,2,-4.92702,51.5,1.5,0,0,0,10
1836348467,100.616,0,0,-100.616,100.616,259,14,-28.4134,71.4134,1.5,0,0,0,10
1836598464,105.192,0,0,-105.192,105.192,256,15,26.2121,71.2121,1.5,0,0,0,10
1837723423,101.242,0,0,-101.242,101.242,215,3,-22.5838,59.5,1.5,0,0,0,10
1837848315,84.3046,0,0,-84.3046,84.3046,107,9,3.72229,30.2223,1.5,0,0,0,10
1838723465,98.1852,0,0,-98.1852,98.1852,257,12,-16.5,74.4348,1.5,0,0,0,10
1839348431,103.18,0,0,-103.18,103.18,223,17,28.5,59.2788,1.5,0,0,0,10
1839848455,96.5674,0,0,-96.5674,96.5674,247,10,-1,73.1136,1.5,0,0,0,10
1840598326,84.6191,0,0,-84.6191,84.6191,118,16,8.49926,33,1.5,0,0,0,10
1840973300,83.7718,0,0,-83.7718,83.7718,92,7,8.84396,24.656,1.5,0,0,0,10
1841223319,84.8887,0,0,-84.8887,84.8887,111,1,-10.2531,30.2469,1.5,0,0,0,10
1841348388,95.1104,0,0,-95.1104,95.1104,180,5,-22,48.0679,1.5,0,0,0,10
1841598370,96.1069,0,0,-96.1069,96.1069,162,13,18.6648,43.6648,1.5,0,0,0,10
1841848457,103.468,0,0,-103.468,103.468,249,8,-22.5,70.1687,1.5,0,0,0,10
1842098304,84.1811,0,0,-84.1811,84.1811,96,19,10.8262,25.1738,1.5,0,0,0,10
1843348464,104.079,0,0,-104.079,104.079,256,18,33.7863,67.7863,1.5,0,0,0,10
1844598432,98.127,0,0,-98.127,98.127,224,11,13,64.8581,1.5,0,0,0,10
1845223282,81.9599,0,0,-81.9599,81.9599,74,6,1.5,19.9339,1.5,0,0,0,10
1846223377,95.2284,0,0,-95.2284,95.2284,169,20,12.5333,48.0333,1.5,0,0,0,10
1850000098,83.7549,0,0,-83.7549,83.7549,98,0,0,0,10,4,-13.3642,25.3642,1.5
1850000175,96.7694,0,0,-96.7694,96.7694,175,0,0,0,10,2,-4.92702,51.5,1.5
1850625074,81.9599,0,0,-81.9599,81.9599,74,0,0,0,10,6,1.5,19.9339,1.5
1850625092,83.7718,0,0,-83.7718,83.7718,92,0,0,0,10,7,8.84396,24.656,1.5
1850625096,84.1811,0,0,-84.1811,84.1811,96,0,0,0,10,19,10.8262,25.1738,1.5
1850625107,84.3046,0,0,-84.3046,84.3046,107,0,0,0,10,9,3.72229,30.2223,1.5
1850625111,84.8887,0,0,-84.8887,84.8887,111,0,0,0,10,1,-10.2531,30.2469,1.5
1850625118,84.6191,0,0,-84.6191,84.6191,118,0,0,0,10,16,8.49926,33,1.5
1850625162,96.1069,0,0,-96.1069,96.1069,162,0,0,0,10,13,18.6648,43.6648,1.5
1850625169,95.2284,0,0,-95.2284,95.2284,169,0,0,0,10,20,12.5333,48.0333,1.5
1850625180,95.1104,0,0,-95.1104,95.1104,180,0,0,0,10,5,-22,48.0679,1.5
1850625215,101.242,0,0,-101.242,101.242,215,0,0,0,10,3,-22.5838,59.5,1.5
1850625223,103.18,0,0,-103.18,103.18,223,0,0,0,10,17,28.5,59.2788,1.5
1850625224,98.127,0,0,-98.127,98.127,224,0,0,0,10,11,13,64.8581,1.5
1850625247,96.5674,0,0,-96.5674,96.5674,247,0,0,0,10,10,-1,73.1136,1.5
1850625249,103.468,0,0,-103.468,103.468,249,0,0,0,10,8,-22.5,70.1687,1.5
1850625256,105.192,0,0,-105.192,105.192,256,0,0,0,10,15,26.2121,71.2121,1.5
1850625256,104.079,0,0,-104.079,104.079,256,0,0,0,10,18,33.7863,67.7863,1.5
1850625257,98.1852,0,0,-98.1852,98.1852,257,0,0,0,10,12,-16.5,74.4348,1.5
1850625259,100.616,0,0,-100.616,100.616,259,0,0,0,10,14,-28.4134,71.4134,1.5
1872973306,83.7549,0,0,-83.7549,83.7549,98,4,-13.3642,25.3642,1.5,0,0,0,10
1873973383,96.7694,0,0,-96.7694,96.7694,175,2,-4.92702,51.5,1.5,0,0,0,10
1886348467,100.616,0,0,-100.616,100.616,259,14,-28.4134,71.4134,1.5,0,0,0,10
1886598464,105.192,0,0,-105.192,105.192,256,15,26.2121,71.2121,1.5,0,0,0,10
1887723423,101.242,0,0,-101.242,101.242,215,3,-22.5838,59.5,1.5,0,0,0,10
1887848315,84.3046,0,0,-84.3046,84.3046,107,9,3.72229,30.2223,1.5,0,0,0,10
1888723465,98.1852,0,0,-98.1852,98.1852,257,12,-16.5,74.4348,1.5,0,0,0,10
1889348431,103.18,0,0,-103.18,103.18,223,17,28.5,59.2788,1.5,0,0,0,10
1889848455,96.5674,0,0,-96.5674,96.5674,247,10,-1,73.1136,1.5,0,0,0,10
1890598326,84.6191,0,0,-84.6191,84.6191,118,16,8.49926,33,1.5,0,0,0,10
1890973300,83.7718,0,0,-83.7718,83.7718,92,7,8.84396,24.656,1.5,0,0,0,10
1891223319,84.8887,0,0,-84.8887,84.8887,111,1,-10.2531,30.2469,1.5,0,0,0,10
1891348388,95.1104,0,0,-95.1104,95.1104,180,5,-22,48.0679,1.5,0,0,0,10
1891598370,96.1069,0,0,-96.1069,96.1069,162,13,18.6648,43.6648,1.5,0,0,0,10
1891848457,103.468,0,0,-103.468,103.468,249,8,-22.5,70.1687,1.5,0,0,0,10
1892098304,84.1811,0,0,-84.1811,84.1811,96,19,10.8262,25.1738,1.5,0,0,0,10
1893348464,104.079,0,0,-104.079,104.079,256,18,33.7863,67.7863,1.5,0,0,0,10
1894598432,98.127,0,0,-98.127,98.127,224,11,13,64.8581,1.5,0,0,0,10
1895223282,81.9599,0,0,-81.9599,81.9599,74,6,1.5,19.9339,1.5,0,0,0,10
1896223377,95.2284,0,0,-95.2284,95.2284,169,20,12.5333,48.0333,1.5,0,0,0,10
1900000098,83.7549,0,0,-83.7549,83.7549,98,0,0,0,10,4,-13.4703,25.4703,1.5
1900000175,96.7694,0,0,-96.7694,96.7694,175,0,0,0,10,2,-5.07702,51.5,1.5
1900625074,81.9599,0,0,-81.9599,81.9599,74,0,0,0,10,6,1.5,19.7839,1.5
1900625092,83.7718,0,0,-83.7718,83.7718,92,0,0,0,10,7,8.95003,24.55,1.5
1900625096,84.1811,0,0,-84.1811,84.1811,96,0,0,0,10,19,10.9323,25.0677,1.5
1900625107,84.3046,0,0,-84.3046,84.3046,107,0,0,0,10,9,3.61622,30.1162,1.5
1900625111,84.8887,0,0,-84.8887,84.8887,111,0,0,0,10,1,-10.3592,30.1408,1.5
1900625118,84.6191,0,0,-84.6191,84.6191,118,0,0,0,10,16,8.34926,33,1.5
1900625162,96.1069,0,0,-96.1069,96.1069,162,0,0,0,10,13,18.5588,43.5588,1.5
1900625169,95.2284,0,0,-95.2284,95.2284,169,0,0,0,10,20,12.4272,47.9272,1.5
1900625180,95.1104,0,0,-95.1104,95.1104,180,0,0,0,10,5,-22,47.9179,1.5
1900625215,101.242,0,0,-101.242,101.242,215,0,0,0,10,3,-22.4338,59.5,1.5
1900625223,103.18,0,0,-103.18,103.18,223,0,0,0,10,17,28.5,59.1288,1.5
1900625224,98.127,0,0,-98.127,98.127,224,0,0,0,10,11,13,64.7081,1.5
1900625247,96.5674,0,0,-96.5674,96.5674,247,0,0,0,10,10,-1,72.9636,1.5
1900625249,103.468,0,0,-103.468,103.468,249,0,0,0,10,8,-22.5,70.0187,1.5
1900625256,105.192,0,0,-105.192,105.192,256,0,0,0,10,15,26.106,71.106,1.5
1900625256,104.079,0,0,-104.079,104.079,256,0,0,0,10,18,33.6803,67.6803,1.5
1900625257,98.1852,0,0,-98.1852,98.1852,257,0,0,0,10,12,-16.5,74.2848,1.5
1900625259,100.616,0,0,-100.616,100.616,259,0,0,0,10,14,-28.3073,71.3073,1.5
1922973306,83.7549,0,0,-83.7549,83.7549,98,4,-13.4703,25.4703,1.5,0,0,0,10
1923973383,96.7694,0,0,-96.7694,96.7694,175,2,-5.07702,51.5,1.5,0,0,0,10
1936348467,100.616,0,0,-100.616,100.616,259,14,-28.3073,71.3073,1.5,0,0,0,10
1936598464,105.192,0,0,-105.192,105.192,256,15,26.106,71.106,1.5,0,0,0,10
1937723423,101.242,0,0,-101.242,101.242,215,3,-22.4338,59.5,1.5,0,0,0,10
1937848315,84.3046,0,0,-84.3046,84.3046,107,9,3.61622,30.1162,1.5,0,0,0,10
1938723465,98.1852,0,0,-98.1852,98.1852,257,12,-16.5,74.2848,1.5,0,0,0,10
1939348431,103.18,0,0,-103.18,103.18,223,17,28.5,59.1288,1.5,0,0,0,10
1939848455,96.5674,0,0,-96.5674,96.5674,247,10,-1,72.9636,1.5,0,0,0,10
1940598326,84.6191,0,0,-84.6191,84.6191,118,16,8.34926,33,1.5,0,0,0,10
1940973300,83.7718,0,0,-83.7718,83.7718,92,7,8.95003,24.55,1.5,0,0,0,10
1941223319,84.8887,0,0,-84.8887,84.8887,111,1,-10.3592,30.1408,1.5,0,0,0,10
1941348388,95.1104,0,0,-95.1104,95.1104,180,5,-22,47.9179,1.5,0,0,0,10
1941598370,96.1069,0,0,-96.1069,96.1069,162,13,18.5588,43.5588,1.5,0,0,0,10
1941848457,103.468,0,0,-103.468,103.468,249,8,-22.5,70.0187,1.5,0,0,0,10
1942098304,84.1811,0,0,-84.1811,84.1811,96,19,10.9323,25.0677,1.5,0,0,0,10
1943348464,104.079,0,0,-104.079,104.079,256,18,33.6803,67.6803,1.5,0,0,0,10
1944598432,98.127,0,0,-98.127,98.127,224,11,13,64.7081,1.5,0,0,0,10
1945223282,81.9599,0,0,-81.9599,81.9599,74,6,1.5,19.7839,1.5,0,0,0,10
1946223377,95.2284,0,0,-95.2284,95.2284,169,20,12.4272,47.9272,1.5,0,0,0,10
1950000098,83.7549,0,0,-83.7549,83.7549,98,0,0,0,10,4,-13.4703,25.4703,1.5
1950000175,96.7694,0,0,-96.7694,96.7694,175,0,0,0,10,2,-5.07702,51.5,1.5
1950625074,81.9599,0,0,-81.9599,81.9599,74,0,0,0,10,6,1.5,19.7839,1.5
1950625092,83.7718,0,0,-83.7718,83.7718,92,0,0,0,10,7,8.95003,24.55,1.5
1950625096,84.1811,0,0,-84.1811,84.1811,96,0,0,0,10,19,10.9323,25.0677,1.5
1950625107,84.3046,0,0,-84.3046,84.3046,107,0,0,0,10,9,3.61622,30.1162,1.5
1950625111,84.8887,0,0,-84.8887,84.8887,111,0,0,0,10,1,-10.3592,30.1408,1.5
1950625118,84.6191,0,0,-84.6191,84.6191,118,0,0,0,10,16,8.34926,33,1.5
1950625162,96.1069,0,0,-96.1069,96.1069,162,0,0,0,10,13,18.5588,43.5588,1.5
1950625169,95.2284,0,0,-95.2284,95.2284,169,0,0,0,10,20,12.4272,47.9272,1.5
1950625180,95.1104,0,0,-95.1104,95.1104,180,0,0,0,10,5,-22,47.9179,1.5
1950625215,101.242,0,0,-101.242,101.242,215,0,0,0,10,3,-22.4338,59.5,1.5
1950625223,103.18,0,0,-103.18,103.18,223,0,0,0,10,17,28.5,59.1288,1.5
1950625224,98.127,0,0,-98.127,98.127,224,0,0,0,10,11,13,64.7081,1.5
1950625247,96.5674,0,0,-96.5674,96.5674,247,0,0,0,10,10,-1,72.9636,1.5
1950625249,103.468,0,0,-103.468,103.468,249,0,0,0,10,8,-22.5,70.0187,1.5
1950625256,105.192,0,0,-105.192,105.192,256,0,0,0,10,15,26.106,71.106,1.5
1950625256,104.079,0,0,-104.079,104.079,256,0,0,0,10,18,33.6803,67.6803,1.5
1950625257,98.1852,0,0,-98.1852,98.1852,257,0,0,0,10,12,-16.5,74.2848,1.5
1950625259,100.616,0,0,-100.616,100.616,259,0,0,0,10,14,-28.3073,71.3073,1.5
1972973306,83.7549,0,0,-83.7549,83.7549,98,4,-13.4703,25.4703,1.5,0,0,0,10
1973973383,96.7694,0,0,-96.7694,96.7694,175,2,-5.07702,51.5,1.5,0,0,0,10
1986348467,100.616,0,0,-100.616,100.616,259,14,-28.3073,71.3073,1.5,0,0,0,10
1986598464,105.192,0,0,-105.192,105.192,256,15,26.106,71.106,1.5,0,0,0,10
1987723423,101.242,0,0,-101.242,101.242,215,3,-22.4338,59.5,1.5,0,0,0,10
1987848315,84.3046,0,0,-84.3046,84.3046,107,9,3.61622,30.1162,1.5,0,0,0,10
1988723465,98.1852,0,0,-98.1852,98.1852,257,12,-16.5,74.2848,1.5,0,0,0,10
1989348431,103.18,0,0,-103.18,103.18,223,17,28.5,59.1288,1.5,0,0,0,10
1989848455,96.5674,0,0,-96.5674,96.5674,247,10,-1,72.9636,1.5,0,0,0,10
1990598326,84.6191,0,0,-84.6191,84.6191,118,16,8.34926,33,1.5,0,0,0,10
1990973300,83.7718,0,0,-83.7718,83.7718,92,7,8.95003,24.55,1.5,0,0,0,10
1991223319,84.8887,0,0,-84.8887,84.8887,111,1,-10.3592,30.1408,1.5,0,0,0,10
1991348388,95.1104,0,0,-95.1104,95.1104,180,5,-22,47.9179,1.5,0,0,0,10
1991598370,96.1069,0,0,-96.1069,96.1069,162,13,18.5588,43.5588,1.5,0,0,0,10
1991848457,103.468,0,0,-103.468,103.468,249,8,-22.5,70.0187,1.5,0,0,0,10
1992098304,84.1811,0,0,-84.1811,84.1811,96,19,10.9323,25.0677,1.5,0,0,0,10
1993348464,104.079,0,0,-104.079,104.079,256,18,33.6803,67.6803,1.5,0,0,0,10
1994598432,98.127,0,0,-98.127,98.127,224,11,13,64.7081,1.5,0,0,0,10
1995223282,81.9599,0,0,-81.9599,81.9599,74,6,1.5,19.7839,1.5,0,0,0,10
1996223377,95.2284,0,0,-95.2284,95.2284,169,20,12.4272,47.9272,1.5,0,0,0,10
2000000098,83.7549,0,0,-83.7549,83.7549,98,0,0,0,10,4,-13.5764,25.5764,1.5
2000000175,96.7694,0,0,-96.7694,96.7694,175,0,0,0,10,2,-5.22702,51.5,1.5
2000625074,81.9599,0,0,-81.9599,81.9599,74,0,0,0,10,6,1.5,19.6339,1.5
2000625092,83.7718,0,0,-83.7718,83.7718,92,0,0,0,10,7,9.07932,24.5,1.5
2000625096,84.1811,0,0,-84.1811,84.1811,96,0,0,0,10,19,11.0384,24.9616,1.5
2000625107,84.3046,0,0,-84.3046,84.3046,107,0,0,0,10,9,3.51016,30.0102,1.5
2000625111,84.8887,0,0,-84.8887,84.8887,111,0,0,0,10,1,-10.4652,30.0348,1.5
2000625118,84.6191,0,0,-84.6191,84.6191,118,0,0,0,10,16,8.19926,33,1.5
2000625162,96.1069,0,0,-96.1069,96.1069,162,0,0,0,10,13,18.4527,43.4527,1.5
2000625169,95.2284,0,0,-95.2284,95.2284,169,0,0,0,10,20,12.3212,47.8212,1.5
2000625180,95.1104,0,0,-95.1104,95.1104,180,0,0,0,10,5,-22,47.7679,1.5
2000625215,101.242,0,0,-101.242,101.242,215,0,0,0,10,3,-22.2838,59.5,1.5
2000625223,103.18,0,0,-103.18,103.18,223,0,0,0,10,17,28.5,58.9788,1.5
2000625224,98.127,0,0,-98.127,98.127,224,0,0,0,10,11,13,64.5581,1.5
2000625247,96.5674,0,0,-96.5674,96.5674,247,0,0,0,10,10,-1,72.8136,1.5
2000625249,103.468,0,0,-103.468,103.468,249,0,0,0,10,8,-22.5,69.8687,1.5
2000625256,105.192,0,0,-105.192,105.192,256,0,0,0,10,15,26,71,1.5
2000625256,104.079,0,0,-104.079,104.079,256,0,0,0,10,18,33.5742,67.5742,1.5
2000625257,98.1852,0,0,-98.1852,98.1852,257,0,0,0,10,12,-16.5,74.1348,1.5
2000625259,100.616,0,0,-100.616,100.616,259,0,0,0,10,14,-28.2012,71.2012,1.5
2022973306,83.7549,0,0,-83.7549,83.7549,98,4,-13.5764,25.5764,1.5,0,0,0,10
2023973383,96.7694,0,0,-96.7694,96.7694,175,2,-5.22702,51.5,1.5,0,0,0,10
2036348467,100.616,0,0,-100.616,100.616,259,14,-28.2012,71.2012,1.5,0,0,0,10
2036598464,105.192,0,0,-105.192,105.192,256,15,26,71,1.5,0,0,0,10
2037723423,101.242,0,0,-101.242,101.242,215,3,-22.2838,59.5,1.5,0,0,0,10
2037848315,84.3046,0,0,-84.3046,84.3046,107,9,3.51016,30.0102,1.5,0,0,0,10
2038723465,98.1852,0,0,-98.1852,98.1852,257,12,-16.5,74.1348,1.5,0,0,0,10
2039348431,103.18,0,0,-103.18,103.18,223,17,28.5,58.9788,1.5,0,0,0,10
2039848455,96.5674,0,0,-96.5674,96.5674,247,10,-1,72.8136,1.5,0,0,0,10
2040598326,84.6191,0,0,-84.6191,84.6191,118,16,8.19926,33,1.5,0,0,0,10
2040973300,83.7718,0,0,-83.7718,83.7718,92,7,9.07932,24.5,1.5,0,0,0,10
2041223319,84.8887,0,0,-84.8887,84.8887,111,1,-10.4652,30.0348,1.5,0,0,0,10
2041348388,95.1104,0,0,-95.1104,95.1104,180,5,-22,47.7679,1.5,0,0,0,10
2041598370,96.1069,0,0,-96.1069,96.1069,162,13,18.4527,43.4527,1.5,0,0,0,10
2041848457,103.468,0,0,-103.468,103.468,249,8,-22.5,69.8687,1.5,0,0,0,10
2042098304,84.1811,0,0,-84.1811,84.1811,96,19,11.0384,24.9616,1.5,0,0,0,10
2043348464,104.079,0,0,-104.079,104.079,256,18,33.5742,67.5742,1.5,0,0,0,10
2044598432,98.127,0,0,-98.127,98.127,224,11,13,64.5581,1.5,0,0,0,10
2045223282,81.9599,0,0,-81.9599,81.9599,74,6,1.5,19.6339,1.5,0,0,0,10
2046223377,95.2284,0,0,-95.2284,95.2284,169,20,12.3212,47.8212,1.5,0,0,0,10
2050000098,83.7549,0,0,-83.7549,83.7549,98,0,0,0,10,4,-13.5764,25.5764,1.5
2050000175,96.7694,0,0,-96.7694,96.7694,175,0,0,0,10,2,-5.22702,51.5,1.5
2050625074,81.9599,0,0,-81.9599,81.9599,74,0,0,0,10,6,1.5,19.6339,1.5
2050625092,83.7718,0,0,-83.7718,83.7718,92,0,0,0,10,7,9.07932,24.5,1.5
2050625096,84.1811,0,0,-84.1811,84.1811,96,0,0,0,10,19,11.0384,24.9616,1.5
2050625107,84.3046,0,0,-84.3046,84.3046,107,0,0,0,10,9,3.51016,30.0102,1.5
2050625111,84.8887,0,0,-84.8887,84.8887,111,0,0,0,10,1,-10.4652,30.0348,1.5
2050625118,84.6191,0,0,-84.6191,84.6191,118,0,0,0,10,16,8.19926,33,1.5
2050625162,96.1069,0,0,-96.1069,96.1069,162,0,0,0,10,13,18.4527,43.4527,1.5
2050625169,95.2284,0,0,-95.2284,95.2284,169,0,0,0,10,20,12.3212,47.8212,1.5
2050625180,95.1104,0,0,-95.1104,95.1104,180,0,0,0,10,5,-22,47.7679,1.5
2050625215,101.242,0,0,-101.242,101.242,215,0,0,0,10,3,-22.2838,59.5,1.5
2050625223,103.18,0,0,-103.18,103.18,223,0,0,0,10,17,28.5,58.9788,1.5
2050625224,98.127,0,0,-98.127,98.127,224,0,0,0,10,11,13,64.5581,1.5
2050625247,96.5674,0,0,-96.5674,96.5674,247,0,0,0,10,10,-1,72.8136,1.5
2050625249,103.468,0,0,-103.468,103.468,249,0,0,0,10,8,-22.5,69.8687,1.5
2050625256,105.192,0,0,-105.192,105.192,256,0,0,0,10,15,26,71,1.5
2050625256,104.079,0,0,-104.079,104.079,256,0,0,0,10,18,33.5742,67.5742,1.5
2050625257,98.1852,0,0,-98.1852,98.1852,257,0,0,0,10,12,-16.5,74.1348,1.5
2050625259,100.616,0,0,-100.616,100.616,259,0,0,0,10,14,-28.2012,71.2012,1.5
2072973306,83.7549,0,0,-83.7549,83.7549,98,4,-13.5764,25.5764,1.5,0,0,0,10
2073973383,96.7694,0,0,-96.7694,96.7694,175,2,-5.22702,51.5,1.5,0,0,0,10
2086348467,100.616,0,0,-100.616,100.616,259,14,-28.2012,71.2012,1.5,0,0,0,10
2086598464,105.192,0,0,-105.192,105.192,256,15,26,71,1.5,0,0,0,10
2087723423,101.242,0,0,-101.242,101.242,215,3,-22.2838,59.5,1.5,0,0,0,10
2087848315,84.3046,0,0,-84.3046,84.3046,107,9,3.51016,30.0102,1.5,0,0,0,10
2088723465,98.1852,0,0,-98.1852,98.1852,257,12,-16.5,74.1348,1.5,0,0,0,10
2089348431,103.18,0,0,-103.18,103.18,223,17,28.5,58.9788,1.5,0,0,0,10
2089848455,96.5674,0,0,-96.5674,96.5674,247,10,-1,72.8136,1.5,0,0,0,10
2090598326,84.6191,0,0,-84.6191,84.6191,118,16,8.19926,33,1.5,0,0,0,10
2090973300,83.7718,0,0,-83.7718,83.7718,92,7,9.07932,24.5,1.5,0,0,0,10
2091223319,84.8887,0,0,-84.8887,84.8887,111,1,-10.4652,30.0348,1.5,0,0,0,10
2091348388,95.1104,0,0,-95.1104,95.1104,180,5,-22,47.7679,1.5,0,0,0,10
2091598370,96.1069,0,0,-96.1069,96.1069,162,13,18.4527,43.4527,1.5,0,0,0,10
2091848457,103.468,0,0,-103.468,103.468,249,8,-22.5,69.8687,1.5,0,0,0,10
2092098304,84.1811,0,0,-84.1811,84.1811,96,19,11.0384,24.9616,1.5,0,0,0,10
2093348464,104.079,0,0,-104.079,104.079,256,18,33.5742,67.5742,1.5,0,0,0,10
2094598432,98.127,0,0,-98.127,98.127,224,11,13,64.5581,1.5,0,0,0,10
2095223282,81.9599,0,0,-81.9599,81.9599,74,6,1.5,19.6339,1.5,0,0,0,10
2096223377,95.2284,0,0,-95.2284,95.2284,169,20,12.3212,47.8212,1.5,0,0,0,10
2100000098,83.7549,0,0,-83.7549,83.7549,98,0,0,0,10,4,-13.6824,25.6824,1.5
2100000175,96.7694,0,0,-96.7694,96.7694,175,0,0,0,10,2,-5.37702,51.5,1.5
2100625074,81.9599,0,0,-81.9599,81.9599,74,0,0,0,10,6,1.5,19.4839,1.5
2100625092,83.7718,0,0,-83.7718,83.7718,92,0,0,0,10,7,9.22932,24.5,1.5
2100625096,84.1811,0,0,-84.1811,84.1811,96,0,0,0,10,19,11.1444,24.8556,1.5
2100625107,84.3046,0,0,-84.3046,84.3046,107,0,0,0,10,9,3.40409,29.9041,1.5
2100625111,84.8887,0,0,-84.8887,84.8887,111,0,0,0,10,1,-10.5713,29.9287,1.5
2100625118,84.6191,0,0,-84.6191,84.6191,118,0,0,0,10,16,8.04926,33,1.5
2100625162,96.1069,0,0,-96.1069,96.1069,162,0,0,0,10,13,18.3466,43.3466,1.5
2100625169,95.2284,0,0,-95.2284,95.2284,169,0,0,0,10,20,12.2151,47.7151,1.5
2100625180,95.1104,0,0,-95.1104,95.1104,180,0,0,0,10,5,-22,47.6179,1.5
2100625215,101.242,0,0,-101.242,101.242,215,0,0,0,10,3,-22.1338,59.5,1.5
2100625223,103.18,0,0,-103.18,103.18,223,0,0,0,10,17,28.5,58.8288,1.5
2100625224,98.127,0,0,-98.127,98.127,224,0,0,0,10,11,13,64.4081,1.5
2100625247,96.5674,0,0,-96.5674,96.5674,247,0,0,0,10,10,-1,72.6636,1.5
2100625249,103.468,0,0,-103.468,103.468,249,0,0,0,10,8,-22.5,69.7187,1.5
2100625256,105.192,0,0,-105.192,105.192,256,0,0,0,10,15,25.8939,70.8939,1.5
2100625256,104.079,0,0,-104.079,104.079,256,0,0,0,10,18,33.4681,67.4681,1.5
2100625257,98.1852,0,0,-98.1852,98.1852,257,0,0,0,10,12,-16.4893,73.9893,1.5
2100625259,100.616,0,0,-100.616,100.616,259,0,0,0,10,14,-28.0952,71.0952,1.5
2122973306,83.7549,0,0,-83.7549,83.7549,98,4,-13.6824,25.6824,1.5,0,0,0,10
2123973383,96.7694,0,0,-96.7694,96.7694,175,2,-5.37702,51.5,1.5,0,0,0,10
2136348467,100.616,0,0,-100.616,100.616,259,14,-28.0952,71.0952,1.5,0,0,0,10
2136598464,105.192,0,0,-105.192,105.192,256,15,25.8939,70.8939,1.5,0,0,0,10
2137723423,101.242,0,0,-101.242,101.242,215,3,-22.1338,59.5,1.5,0,0,0,10
2137848315,84.3046,0,0,-84.3046,84.3046,107,9,3.40409,29.9041,1.5,0,0,0,10
2138723465,98.1852,0,0,-98.1852,98.1852,257,12,-16.4893,73.9893,1.5,0,0,0,10
2139348431,103.18,0,0,-103.18,103.18,223,17,28.5,58.8288,1.5,0,0,0,10
2139848455,96.5674,0,0,-96.5674,96.5674,247,10,-1,72.6636,1.5,0,0,0,10
2140598326,84.6191,0,0,-84.6191,84.6191,118,16,8.04926,33,1.5,0,0,0,10
2140973300,83.7718,0,0,-83.7718,83.7718,92,7,9.22932,24.5,1.5,0,0,0,10
2141223319,84.8887,0,0,-84.8887,84.8887,111,1,-10.5713,29.9287,1.5,0,0,0,10
2141348388,95.1104,0,0,-95.1104,95.1104,180,5,-22,47.6179,1.5,0,0,0,10
2141598370,96.1069,0,0,-96.1069,96.1069,162,13,18.3466,43.3466,1.5,0,0,0,10
2141848457,103.468,0,0,-103.468,103.468,249,8,-22.5,69.7187,1.5,0,0,0,10
2142098304,84.1811,0,0,-84.1811,84.1811,96,19,11.1444,24.8556,1.5,0,0,0,10
2143348464,104.079,0,0,-104.079,104.079,256,18,33.4681,67.4681,1.5,0,0,0,10
2144598432,98.127,0,0,-98.127,98.127,224,11,13,64.4081,1.5,0,0,0,10
2145223282,81.9599,0,0,-81.9599,81.9599,74,6,1.5,19.4839,1.5,0,0,0,10
2146223377,95.2284,0,0,-95.2284,95.2284,169,20,12.2151,47.7151,1.5,0,0,0,10
2150000098,83.7549,0,0,-83.7549,83.7549,98,0,0,0,10,4,-13.6824,25.6824,1.5
2150000175,96.7694,0,0,-96.7694,96.7694,175,0,0,0,10,2,-5.37702,51.5,1.5
2150625074,81.9599,0,0,-81.9599,81.9599,74,0,0,0,10,6,1.5,19.4839,1.5
2150625092,83.7718,0,0,-83.7718,83.7718,92,0,0,0,10,7,9.22932,24.5,1.5
2150625096,84.1811,0,0,-84.1811,84.1811,96,0,0,0,10,19,11.1444,24.8556,1.5
2150625107,84.3046,0,0,-84.3046,84.3046,107,0,0,0,10,9,3.40409,29.9041,1.5
2150625111,84.8887,0,0,-84.8887,84.8887,111,0,0,0,10,1,-10.5713,29.9287,1.5
2150625118,84.6191,0,0,-84.6191,84.6191,118,0,0,0,10,16,8.04926,33,1.5
2150625162,96.1069,0,0,-96.1069,96.1069,162,0,0,0,10,13,18.3466,43.3466,1.5
2150625169,95.2284,0,0,-95.2284,95.2284,169,0,0,0,10,20,12.2151,47.7151,1.5
2150625180,95.1104,0,0,-95.1104,95.1104,180,0,0,0,10,5,-22,47.6179,1.5
2150625215,101.242,0,0,-101.242,101.242,215,0,0,0,10,3,-22.1338,59.5,1.5
2150625223,103.18,0,0,-103.18,103.18,223,0,0,0,10,17,28.5,58.8288,1.5
2150625224,98.127,0,0,-98.127,98.127,224,0,0,0,10,11,13,64.4081,1.5
2150625247,96.5674,0,0,-96.5674,96.5674,247,0,0,0,10,10,-1,72.6636,1.5
2150625249,103.468,0,0,-103.468,103.468,249,0,0,0,10,8,-22.5,69.7187,1.5
2150625256,105.192,0,0,-105.192,105.192,256,0,0,0,10,15,25.8939,70.8939,1.5
2150625256,104.079,0,0,-104.079,104.079,256,0,0,0,10,18,33.4681,67.4681,1.5
2150625257,98.1852,0,0,-98.1852,98.1852,257,0,0,0,10,12,-16.4893,73.9893,1.5
2150625259,100.616,0,0,-100.616,100.616,259,0,0,0,10,14,-28.0952,71.0952,1.5
2172973306,83.7549,0,0,-83.7549,83.7549,98,4,-13.6824,25.6824,1.5,0,0,0,10
2173973383,96.7694,0,0,-96.7694,96.7694,175,2,-5.37702,51.5,1.5,0,0,0,10
2186348467,100.616,0,0,-100.616,100.616,259,14,-28.0952,71.0952,1.5,0,0,0,10
2186598464,105.192,0,0,-105.192,105.192,256,15,25.8939,70.8939,1.5,0,0,0,10
2187723423,101.242,0,0,-101.242,101.242,215,3,-22.1338,59.5,1.5,0,0,0,10
2187848315,84.3046,0,0,-84.3046,84.3046,107,9,3.40409,29.9041,1.5,0,0,0,10
2188723465,98.1852,0,0,-98.1852,98.1852,257,12,-16.4893,73.9893,1.5,0,0,0,10
2189348431,103.18,0,0,-103.18,103.18,223,17,28.5,58.8288,1.5,0,0,0,10
2189848455,96.5674,0,0,-96.5674,96.5674,247,10,-1,72.6636,1.5,0,0,0,10
2190598326,84.6191,0,0,-84.6191,84.6191,118,16,8.04926,33,1.5,0,0,0,10
2190973300,83.7718,0,0,-83.7718,83.7718,92,7,9.22932,24.5,1.5,0,0,0,10
2191223319,84.8887,0,0,-84.8887,84.8887,111,1,-10.5713,29.9287,1.5,0,0,0,10
2191348388,95.1104,0,0,-95.1104,95.1104,180,5,-22,47.6179,1.5,0,0,0,10
2191598370,96.1069,0,0,-96.1069,96.1069,162,13,18.3466,43.3466,1.5,0,0,0,10
2191848457,103.468,0,0,-103.468,103.468,249,8,-22.5,69.7187,1.5,0,0,0,10
2192098304,84.1811,0,0,-84.1811,84.1811,96,19,11.1444,24.8556,1.5,0,0,0,10
2193348464,104.079,0,0,-104.079,104.079,256,18,33.4681,67.4681,1.5,0,0,0,10
2194598432,98.127,0,0,-98.127,98.127,224,11,13,64.4081,1.5,0,0,0,10
2195223282,81.9599,0,0,-81.9599,81.9599,74,6,1.5,19.4839,1.5,0,0,0,10
2196223377,95.2284,0,0,-95.2284,95.2284,169,20,12.2151,47.7151,1.5,0,0,0,10
2200000098,83.7549,0,0,-83.7549,83.7549,98,0,0,0,10,4,-13.7885,25.7885,1.5
2200000175,96.7694,0,0,-96.7694,96.7694,175,0,0,0,10,2,-5.51911,51.5191,1.5
2200625092,83.7718,0,0,-83.7718,83.7718,92,0,0,0,10,7,9.37932,24.5,1.5
2200625096,84.1811,0,0,-84.1811,84.1811,96,0,0,0,10,19,11.2505,24.7495,1.5
2200625107,84.3046,0,0,-84.3046,84.3046,107,0,0,0,10,9,3.29802,29.798,1.5
2200625111,84.8887,0,0,-84.8887,84.8887,111,0,0,0,10,1,-10.6774,29.8226,1.5
2200625118,84.6191,0,0,-84.6191,84.6191,118,0,0,0,10,16,7.89926,33,1.5
2200625162,96.1069,0,0,-96.1069,96.1069,162,0,0,0,10,13,18.2406,43.2406,1.5
2200625169,95.2284,0,0,-95.2284,95.2284,169,0,0,0,10,20,12.109,47.609,1.5
2200625180,95.1104,0,0,-95.1104,95.1104,180,0,0,0,10,5,-22,47.4679,1.5
2200625215,101.242,0,0,-101.242,101.242,215,0,0,0,10,3,-21.9838,59.5,1.5
2200625223,103.18,0,0,-103.18,103.18,223,0,0,0,10,17,28.5,58.6788,1.5
2200625224,98.127,0,0,-98.127,98.127,224,0,0,0,10,11,13,64.2581,1.5
2200625247,96.5674,0,0,-96.5674,96.5674,247,0,0,0,10,10,-1,72.5136,1.5
2200625249,103.468,0,0,-103.468,103.468,249,0,0,0,10,8,-22.5,69.5687,1.5
2200625256,105.192,0,0,-105.192,105.192,256,0,0,0,10,15,25.7878,70.7878,1.5
2200625256,104.079,0,0,-104.079,104.079,256,0,0,0,10,18,33.3621,67.3621,1.5
2200625257,98.1852,0,0,-98.1852,98.1852,257,0,0,0,10,12,-16.3832,73.8832,1.5
2200625259,100.616,0,0,-100.616,100.616,259,0,0,0,10,14,-27.9891,70.9891,1.5
2200875069,81.926,0,0,-81.926,81.926,69,0,0,0,10,6,1.5,19.3339,1.5
2222973306,83.7549,0,0,-83.7549,83.7549,98,4,-13.7885,25.7885,1.5,0,0,0,10
2223973383,96.7694,0,0,-96.7694,96.7694,175,2,-5.51911,51.5191,1.5,0,0,0,10
2236348467,100.616,0,0,-100.616,100.616,259,14,-27.9891,70.9891,1.5,0,0,0,10
2236598464,105.192,0,0,-105.192,105.192,256,15,25.7878,70.7878,1.5,0,0,0,10
2237723423,101.242,0,0,-101.242,101.242,215,3,-21.9838,59.5,1.5,0,0,0,10
2237848315,84.3046,0,0,-84.3046,84.3046,107,9,3.29802,29.798,1.5,0,0,0,10
2238723465,98.1852,0,0,-98.1852,98.1852,257,12,-16.3832,73.8832,1.5,0,0,0,10
2239348431,103.18,0,0,-103.18,103.18,223,17,28.5,58.6788,1.5,0,0,0,10
2239848455,96.5674,0,0,-96.5674,96.5674,247,10,-1,72.5136,1.5,0,0,0,10
2240598326,84.6191,0,0,-84.6191,84.6191,118,16,7.89926,33,1.5,0,0,0,10
2240973300,83.7718,0,0,-83.7718,83.7718,92,7,9.37932,24.5,1.5,0,0,0,10
2241223319,84.8887,0,0,-84.8887,84.8887,111,1,-10.6774,29.8226,1.5,0,0,0,10
2241348388,95.1104,0,0,-95.1104,95.1104,180,5,-22,47.4679,1.5,0,0,0,10
2241598370,96.1069,0,0,-96.1069,96.1069,162,13,18.2406,43.2406,1.5,0,0,0,10
2241848457,103.468,0,0,-103.468,103.468,249,8,-22.5,69.5687,1.5,0,0,0,10
2242098304,84.1811,0,0,-84.1811,84.1811,96,19,11.2505,24.7495,1.5,0,0,0,10
2243348464,104.079,0,0,-104.079,104.079,256,18,33.3621,67.3621,1.5,0,0,0,10
2244598432,98.127,0,0,-98.127,98.127,224,11,13,64.2581,1.5,0,0,0,10
2245982205,81.926,0,0,-81.926,81.926,69,6,1.5,19.3339,1.5,0,0,0,10
2246223377,95.2284,0,0,-95.2284,95.2284,169,20,12.109,47.609,1.5,0,0,0,10
2250000098,83.7549,0,0,-83.7549,83.7549,98,0,0,0,10,4,-13.7885,25.7885,1.5
2250000175,96.7694,0,0,-96.7694,96.7694,175,0,0,0,10,2,-5.51911,51.5191,1.5
2250625092,83.7718,0,0,-83.7718,83.7718,92,0,0,0,10,7,9.37932,24.5,1.5
2250625096,84.1811,0,0,-84.1811,84.1811,96,0,0,0,10,19,11.2505,24.7495,1.5
2250625107,84.3046,0,0,-84.3046,84.3046,107,0,0,0,10,9,3.29802,29.798,1.5
2250625111,84.8887,0,0,-84.8887,84.8887,111,0,0,0,10,1,-10.6774,29.8226,1.5
2250625118,84.6191,0,0,-84.6191,84.6191,118,0,0,0,10,16,7.89926,33,1.5
2250625162,96.1069,0,0,-96.1069,96.1069,162,0,0,0,10,13,18.2406,43.2406,1.5
2250625169,95.2284,0,0,-95.2284,95.2284,169,0,0,0,10,20,12.109,47.609,1.5
2250625180,95.1104,0,0,-95.1104,95.1104,180,0,0,0,10,5,-22,47.4679,1.5
2250625215,101.242,0,0,-101.242,101.242,215,0,0,0,10,3,-21.9838,59.5,1.5
2250625223,103.18,0,0,-103.18,103.18,223,0,0,0,10,17,28.5,58.6788,1.5
2250625224,98.127,0,0,-98.127,98.127,224,0,0,0,10,11,13,64.2581,1.5
2250625247,96.5674,0,0,-96.5674,96.5674,247,0,0,0,10,10,-1,72.5136,1.5
2250625249,103.468,0,0,-103.468,103.468,249,0,0,0,10,8,-22.5,69.5687,1.5
2250625256,105.192,0,0,-105.192,105.192,256,0,0,0,10,15,25.7878,70.7878,1.5
2250625256,104.079,0,0,-104.079,104.079,256,0,0,0,10,18,33.3621,67.3621,1.5
2250625257,98.1852,0,0,-98.1852,98.1852,257,0,0,0,10,12,-16.3832,73.8832,1.5
2250625259,100.616,0,0,-100.616,100.616,259,0,0,0,10,14,-27.9891,70.9891,1.5
2250875069,81.926,0,0,-81.926,81.926,69,0,0,0,10,6,1.5,19.3339,1.5
2272973306,83.7549,0,0,-83.7549,83.7549,98,4,-13.7885,25.7885,1.5,0,0,0,10
2273973383,96.7694,0,0,-96.7694,96.7694,175,2,-5.51911,51.5191,1.5,0,0,0,10
2286348467,100.616,0,0,-100.616,100.616,259,14,-27.9891,70.9891,1.5,0,0,0,10
2286598464,105.192,0,0,-105.192,105.192,256,15,25.7878,70.7878,1.5,0,0,0,10
2287723423,101.242,0,0,-101.242,101.242,215,3,-21.9838,59.5,1.5,0,0,0,10
2287848315,84.3046,0,0,-84.3046,84.3046,107,9,3.29802,29.798,1.5,0,0,0,10
2288723465,98.1852,0,0,-98.1852,98.1852,257,12,-16.3832,73.8832,1.5,0,0,0,10
2289348431,103.18,0,0,-103.18,103.18,223,17,28.5,58.6788,1.5,0,0,0,10
2289848455,96.5674,0,0,-96.5674,96.5674,247,10,-1,72.5136,1.5,0,0,0,10
2290598326,84.6191,0,0,-84.6191,84.6191,118,16,7.89926,33,1.5,0,0,0,10
2290973300,83.7718,0,0,-83.7718,83.7718,92,7,9.37932,24.5,1.5,0,0,0,10
2291223319,84.8887,0,0,-84.8887,84.8887,111,1,-10.6774,29.8226,1.5,0,0,0,10
2291348388,95.1104,0,0,-95.1104,95.1104,180,5,-22,47.4679,1.5,0,0,0,10
2291598370,96.1069,0,0,-96.1069,96.1069,162,13,18.2406,43.2406,1.5,0,0,0,10
2291848457,103.468,0,0,-103.468,103.468,249,8,-22.5,69.5687,1.5,0,0,0,10
2292098304,84.1811,0,0,-84.1811,84.1811,96,19,11.2505,24.7495,1.5,0,0,0,10
2293348464,104.079,0,0,-104.079,104.079,256,18,33.3621,67.3621,1.5,0,0,0,10
2294598432,98.127,0,0,-98.127,98.127,224,11,13,64.2581,1.5,0,0,0,10
2296223377,95.2284,0,0,-95.2284,95.2284,169,20,12.109,47.609,1.5,0,0,0,10
2297857205,81.926,0,0,-81.926,81.926,69,6,1.5,19.3339,1.5,0,0,0,10
2300000098,83.7549,0,0,-83.7549,83.7549,98,0,0,0,10,4,-13.8946,25.8946,1.5
2300000175,96.7694,0,0,-96.7694,96.7694,175,0,0,0,10,2,-5.62517,51.6252,1.5
2300625092,83.7718,0,0,-83.7718,83.7718,92,0,0,0,10,7,9.52932,24.5,1.5
2300625096,84.1811,0,0,-84.1811,84.1811,96,0,0,0,10,19,11.3566,24.6434,1.5
2300625107,84.3046,0,0,-84.3046,84.3046,107,0,0,0,10,9,3.19196,29.692,1.5
2300625111,84.8887,0,0,-84.8887,84.8887,111,0,0,0,10,1,-10.7834,29.7166,1.5
2300625118,84.6191,0,0,-84.6191,84.6191,118,0,0,0,10,16,7.74926,33,1.5
2300625162,96.1069,0,0,-96.1069,96.1069,162,0,0,0,10,13,18.1345,43.1345,1.5
2300625169,95.2284,0,0,-95.2284,95.2284,169,0,0,0,10,20,12.003,47.503,1.5
2300625180,95.1104,0,0,-95.1104,95.1104,180,0,0,0,10,5,-22,47.3179,1.5
2300625215,101.242,0,0,-101.242,101.242,215,0,0,0,10,3,-21.8338,59.5,1.5
2300625223,103.18,0,0,-103.18,103.18,223,0,0,0,10,17,28.5,58.5288,1.5
2300625224,98.127,0,0,-98.127,98.127,224,0,0,0,10,11,13,64.1081,1.5
2300625247,96.5674,0,0,-96.5674,96.5674,247,0,0,0,10,10,-1,72.3636,1.5
2300625249,103.468,0,0,-103.468,103.468,249,0,0,0,10,8,-22.5,69.4187,1.5
2300625256,105.192,0,0,-105.192,105.192,256,0,0,0,10,15,25.6818,70.6818,1.5
2300625256,104.079,0,0,-104.079,104.079,256,0,0,0,10,18,33.256,67.256,1.5
2300625257,98.1852,0,0,-98.1852,98.1852,257,0,0,0,10,12,-16.2771,73.7771,1.5
2300625259,100.616,0,0,-100.616,100.616,259,0,0,0,10,14,-27.883,70.883,1.5
2300875069,81.926,0,0,-81.926,81.926,69,0,0,0,10,6,1.5,19.1839,1.5
2322973306,83.7549,0,0,-83.7549,83.7549,98,4,-13.8946,25.8946,1.5,0,0,0,10
2323973383,96.7694,0,0,-96.7694,96.7694,175,2,-5.62517,51.6252,1.5,0,0,0,10
2336348467,100.616,0,0,-100.616,100.616,259,14,-27.883,70.883,1.5,0,0,0,10
2336598464,105.192,0,0,-105.192,105.192,256,15,25.6818,70.6818,1.5,0,0,0,10
2337723423,101.242,0,0,-101.242,101.242,215,3,-21.8338,59.5,1.5,0,0,0,10
2337848315,84.3046,0,0,-84.3046,84.3046,107,9,3.19196,29.692,1.5,0,0,0,10
2338723465,98.1852,0,0,-98.1852,98.1852,257,12,-16.2771,73.7771,1.5,0,0,0,10
2339348431,103.18,0,0,-103.18,103.18,223,17,28.5,58.5288,1.5,0,0,0,10
2339848455,96.5674,0,0,-96.5674,96.5674,247,10,-1,72.3636,1.5,0,0,0,10
2340598326,84.6191,0,0,-84.6191,84.6191,118,16,7.74926,33,1.5,0,0,0,10
2340973300,83.7718,0,0,-83.7718,83.7718,92,7,9.52932,24.5,1.5,0,0,0,10
2341223319,84.8887,0,0,-84.8887,84.8887,111,1,-10.7834,29.7166,1.5,0,0,0,10
2341348388,95.1104,0,0,-95.1104,95.1104,180,5,-22,47.3179,1.5,0,0,0,10
2341598370,96.1069,0,0,-96.1069,96.1069,162,13,18.1345,43.1345,1.5,0,0,0,10
2341848457,103.468,0,0,-103.468,103.468,249,8,-22.5,69.4187,1.5,0,0,0,10
2342098304,84.1811,0,0,-84.1811,84.1811,96,19,11.3566,24.6434,1.5,0,0,0,10
2343348464,104.079,0,0,-104.079,104.079,256,18,33.256,67.256,1.5,0,0,0,10
2344598432,98.127,0,0,-98.127,98.127,224,11,13,64.1081,1.5,0,0,0,10
2346223377,95.2284,0,0,-95.2284,95.2284,169,20,12.003,47.503,1.5,0,0,0,10
2349732205,81.926,0,0,-81.926,81.926,69,6,1.5,19.1839,1.5,0,0,0,10
2350000098,83.7549,0,0,-83.7549,83.7549,98,0,0,0,10,4,-13.8946,25.8946,1.5
2350000175,96.7694,0,0,-96.7694,96.7694,175,0,0,0,10,2,-5.62517,51.6252,1.5
2350625092,83.7718,0,0,-83.7718,83.7718,92,0,0,0,10,7,9.52932,24.5,1.5
2350625096,84.1811,0,0,-84.1811,84.1811,96,0,0,0,10,19,11.3566,24.6434,1.5
2350625107,84.3046,0,0,-84.3046,84.3046,107,0,0,0,10,9,3.19196,29.692,1.5
2350625111,84.8887,0,0,-84.8887,84.8887,111,0,0,0,10,1,-10.7834,29.7166,1.5
2350625118,84.6191,0,0,-84.6191,84.6191,118,0,0,0,10,16,7.74926,33,1.5
2350625162,96.1069,0,0,-96.1069,96.1069,162,0,0,0,10,13,18.1345,43.1345,1.5
2350625169,95.2284,0,0,-95.2284,95.2284,169,0,0,0,10,20,12.003,47.503,1.5
2350625180,95.1104,0,0,-95.1104,95.1104,180,0,0,0,10,5,-22,47.3179,1.5
2350625215,101.242,0,0,-101.242,101.242,215,0,0,0,10,3,-21.8338,59.5,1.5
2350625223,103.18,0,0,-103.18,103.18,223,0,0,0,10,17,28.5,58.5288,1.5
2350625224,98.127,0,0,-98.127,98.127,224,0,0,0,10,11,13,64.1081,1.5
2350625247,96.5674,0,0,-96.5674,96.5674,247,0,0,0,10,10,-1,72.3636,1.5
2350625249,103.468,0,0,-103.468,103.468,249,0,0,0,10,8,-22.5,69.4187,1.5
2350625256,105.192,0,0,-105.192,105.192,256,0,0,0,10,15,25.6818,70.6818,1.5
2350625256,104.079,0,0,-104.079,104.079,256,0,0,0,10,18,33.256,67.256,1.5
2350625257,98.1852,0,0,-98.1852,98.1852,257,0,0,0,10,12,-16.2771,73.7771,1.5
2350625259,100.616,0,0,-100.616,100.616,259,0,0,0,10,14,-27.883,70.883,1.5
2350875069,81.926,0,0,-81.926,81.926,69,0,0,0,10,6,1.5,19.1839,1.5
2372973306,83.7549,0,0,-83.7549,83.7549,98,4,-13.8946,25.8946,1.5,0,0,0,10
2373973383,96.7694,0,0,-96.7694,96.7694,175,2,-5.62517,51.6252,1.5,0,0,0,10
2386348467,100.616,0,0,-100.616,100.616,259,14,-27.883,70.883,1.5,0,0,0,10
2386598464,105.192,0,0,-105.192,105.192,256,15,25.6818,70.6818,1.5,0,0,0,10
2387723423,101.242,0,0,-101.242,101.242,215,3,-21.8338,59.5,1.5,0,0,0,10
2387848315,84.3046,0,0,-84.3046,84.3046,107,9,3.19196,29.692,1.5,0,0,0,10
2388723465,98.1852,0,0,-98.1852,98.1852,257,12,-16.2771,73.7771,1.5,0,0,0,10
2389348431,103.18,0,0,-103.18,103.18,223,17,28.5,58.5288,1.5,0,0,0,10
2389848455,96.5674,0,0,-96.5674,96.5674,247,10,-1,72.3636,1.5,0,0,0,10
2390598326,84.6191,0,0,-84.6191,84.6191,118,16,7.74926,33,1.5,0,0,0,10
2390973300,83.7718,0,0,-83.7718,83.7718,92,7,9.52932,24.5,1.5,0,0,0,10
2391223319,84.8887,0,0,-84.8887,84.8887,111,1,-10.7834,29.7166,1.5,0,0,0,10
2391348388,95.1104,0,0,-95.1104,95.1104,180,5,-22,47.3179,1.5,0,0,0,10
2391598370,96.1069,0,0,-96.1069,96.1069,162,13,18.1345,43.1345,1.5,0,0,0,10
2391848457,103.468,0,0,-103.468,103.468,249,8,-22.5,69.4187,1.5,0,0,0,10
2392098304,84.1811,0,0,-84.1811,84.1811,96,19,11.3566,24.6434,1.5,0,0,0,10
2393348464,104.079,0,0,-104.079,104.079,256,18,33.256,67.256,1.5,0,0,0,10
2394598432,98.127,0,0,-98.127,98.127,224,11,13,64.1081,1.5,0,0,0,10
2396223377,95.2284,0,0,-95.2284,95.2284,169,20,12.003,47.503,1.5,0,0,0,10
2400000103,83.9193,0,0,-83.9193,83.9193,103,0,0,0,10,4,-14.0006,26.0006,1.5
2400000176,96.7678,0,0,-96.7678,96.7678,176,0,0,0,10,2,-5.73124,51.7312,1.5
2400625092,83.5857,0,0,-83.5857,83.5857,92,0,0,0,10,7,9.67932,24.5,1.5
2400750095,83.4854,0,0,-83.4854,83.4854,95,0,0,0,10,19,11.4626,24.5374,1.5
2400750103,84.373,0,0,-84.373,84.373,103,0,0,0,10,9,3.08589,29.5859,1.5
2400750109,84.3234,0,0,-84.3234,84.3234,109,0,0,0,10,1,-10.8895,29.6105,1.5
2400750116,84.5729,0,0,-84.5729,84.5729,116,0,0,0,10,16,7.59926,33,1.5
2400750158,97.0791,0,0,-97.0791,97.0791,158,0,0,0,10,13,18.0284,43.0284,1.5
2400750165,95.2536,0,0,-95.2536,95.2536,165,0,0,0,10,20,11.8969,47.3969,1.5
2400750176,96.4266,0,0,-96.4266,96.4266,176,0,0,0,10,5,-22,47.1679,1.5
2400750213,100.688,0,0,-100.688,100.688,213,0,0,0,10,3,-21.6838,59.5,1.5
2400750219,102.326,0,0,-102.326,102.326,219,0,0,0,10,17,28.5,58.3788,1.5
2400750220,96.0925,0,0,-96.0925,96.0925,220,0,0,0,10,11,13,63.9581,1.5
2400750243,97.425,0,0,-97.425,97.425,243,0,0,0,10,10,-1,72.2136,1.5
2400750245,103.2,0,0,-103.2,103.2,245,0,0,0,10,8,-22.5,69.2687,1.5
2400750251,101.461,0,0,-101.461,101.461,251,0,0,0,10,18,33.1499,67.1499,1.5
2400750252,100.661,0,0,-100.661,100.661,252,0,0,0,10,15,25.5757,70.5757,1.5
2400750253,99.1114,0,0,-99.1114,99.1114,253,0,0,0,10,12,-16.1711,73.6711,1.5
2400750255,103.724,0,0,-103.724,103.724,255,0,0,0,10,14,-27.777,70.777,1.5
2400875070,82.1108,0,0,-82.1108,82.1108,70,0,0,0,10,6,1.5,19.0339,1.5
2401482206,82.1108,0,0,-82.1108,82.1108,70,6,1.5,19.0339,1.5,0,0,0,10
2422973311,83.9193,0,0,-83.9193,83.9193,103,4,-14.0006,26.0006,1.5,0,0,0,10
2423973384,96.7678,0,0,-96.7678,96.7678,176,2,-5.73124,51.7312,1.5,0,0,0,10
2437357388,100.661,0,0,-100.661,100.661,252,15,25.5757,70.5757,1.5,0,0,0,10
2439973452,97.425,0,0,-97.425,97.425,243,10,-1,72.2136,1.5,0,0,0,10
2440973300,83.5857,0,0,-83.5857,83.5857,92,7,9.67932,24.5,1.5,0,0,0,10
2441482389,99.1114,0,0,-99.1114,99.1114,253,12,-16.1711,73.6711,1.5,0,0,0,10
2441607239,84.373,0,0,-84.373,84.373,103,9,3.08589,29.5859,1.5,0,0,0,10
2442107349,100.688,0,0,-100.688,100.688,213,3,-21.6838,59.5,1.5,0,0,0,10
2442482252,84.5729,0,0,-84.5729,84.5729,116,16,7.59926,33,1.5,0,0,0,10
2443357294,97.0791,0,0,-97.0791,97.0791,158,13,18.0284,43.0284,1.5,0,0,0,10
2443607381,103.2,0,0,-103.2,103.2,245,8,-22.5,69.2687,1.5,0,0,0,10
2443857312,96.4266,0,0,-96.4266,96.4266,176,5,-22,47.1679,1.5,0,0,0,10
2444357391,103.724,0,0,-103.724,103.724,255,14,-27.777,70.777,1.5,0,0,0,10
2444857231,83.4854,0,0,-83.4854,83.4854,95,19,11.4626,24.5374,1.5,0,0,0,10
2445982245,84.3234,0,0,-84.3234,84.3234,109,1,-10.8895,29.6105,1.5,0,0,0,10
2446857387,101.461,0,0,-101.461,101.461,251,18,33.1499,67.1499,1.5,0,0,0,10
2447482355,102.326,0,0,-102.326,102.326,219,17,28.5,58.3788,1.5,0,0,0,10
2449232356,96.0925,0,0,-96.0925,96.0925,220,11,13,63.9581,1.5,0,0,0,10
2450000103,83.9193,0,0,-83.9193,83.9193,103,0,0,0,10,4,-14.0006,26.0006,1.5
2450000176,96.7678,0,0,-96.7678,96.7678,176,0,0,0,10,2,-5.73124,51.7312,1.5
2450625092,83.5857,0,0,-83.5857,83.5857,92,0,0,0,10,7,9.67932,24.5,1.5
2450875070,82.1108,0,0,-82.1108,82.1108,70,0,0,0,10,6,1.5,19.0339,1.5
2450875095,83.4854,0,0,-83.4854,83.4854,95,0,0,0,10,19,11.4626,24.5374,1.5
2450875103,84.373,0,0,-84.373,84.373,103,0,0,0,10,9,3.08589,29.5859,1.5
2450875109,84.3234,0,0,-84.3234,84.3234,109,0,0,0,10,1,-10.8895,29.6105,1.5
2450875116,84.5729,0,0,-84.5729,84.5729,116,0,0,0,10,16,7.59926,33,1.5
2450875158,97.0791,0,0,-97.0791,97.0791,158,0,0,0,10,13,18.0284,43.0284,1.5
2450875165,95.2536,0,0,-95.2536,95.2536,165,0,0,0,10,20,11.8969,47.3969,1.5
2450875176,96.4266,0,0,-96.4266,96.4266,176,0,0,0,10,5,-22,47.1679,1.5
2450875213,100.688,0,0,-100.688,100.688,213,0,0,0,10,3,-21.6838,59.5,1.5
2450875219,102.326,0,0,-102.326,102.326,219,0,0,0,10,17,28.5,58.3788,1.5
2450875220,96.0925,0,0,-96.0925,96.0925,220,0,0,0,10,11,13,63.9581,1.5
2450875243,97.425,0,0,-97.425,97.425,243,0,0,0,10,10,-1,72.2136,1.5
2450875245,103.2,0,0,-103.2,103.2,245,0,0,0,10,8,-22.5,69.2687,1.5
2450875251,101.461,0,0,-101.461,101.461,251,0,0,0,10,18,33.1499,67.1499,1.5
2450875252,100.661,0,0,-100.661,100.661,252,0,0,0,10,15,25.5757,70.5757,1.5
2450875253,99.1114,0,0,-99.1114,99.1114,253,0,0,0,10,12,-16.1711,73.6711,1.5
2450875255,103.724,0,0,-103.724,103.724,255,0,0,0,10,14,-27.777,70.777,1.5
2453357206,82.1108,0,0,-82.1108,82.1108,70,6,1.5,19.0339,1.5,0,0,0,10
2454357301,95.2536,0,0,-95.2536,95.2536,165,20,11.8969,47.3969,1.5,0,0,0,10
2472973311,83.9193,0,0,-83.9193,83.9193,103,4,-14.0006,26.0006,1.5,0,0,0,10
2473973384,96.7678,0,0,-96.7678,96.7678,176,2,-5.73124,51.7312,1.5,0,0,0,10
2490973300,83.5857,0,0,-83.5857,83.5857,92,7,9.67932,24.5,1.5,0,0,0,10
2491482379,97.425,0,0,-97.425,97.425,243,10,-1,72.2136,1.5,0,0,0,10
2493232389,99.1114,0,0,-99.1114,99.1114,253,12,-16.1711,73.6711,1.5,0,0,0,10
2493357388,100.661,0,0,-100.661,100.661,252,15,25.5757,70.5757,1.5,0,0,0,10
2493482239,84.373,0,0,-84.373,84.373,103,9,3.08589,29.5859,1.5,0,0,0,10
2493857349,100.688,0,0,-100.688,100.688,213,3,-21.6838,59.5,1.5,0,0,0,10
2494232381,103.2,0,0,-103.2,103.2,245,8,-22.5,69.2687,1.5,0,0,0,10
2495732312,96.4266,0,0,-96.4266,96.4266,176,5,-22,47.1679,1.5,0,0,0,10
2496348463,103.724,0,0,-103.724,103.724,255,14,-27.777,70.777,1.5,0,0,0,10
2497857245,84.3234,0,0,-84.3234,84.3234,109,1,-10.8895,29.6105,1.5,0,0,0,10
2498482252,84.5729,0,0,-84.5729,84.5729,116,16,7.59926,33,1.5,0,0,0,10
2499348427,102.326,0,0,-102.326,102.326,219,17,28.5,58.3788,1.5,0,0,0,10
2500000103,83.9193,0,0,-83.9193,83.9193,103,0,0,0,10,4,-14.1067,26.1067,1.5
2500000176,96.7678,0,0,-96.7678,96.7678,176,0,0,0,10,2,-5.83731,51.8373,1.5
2500625092,83.5857,0,0,-83.5857,83.5857,92,0,0,0,10,7,9.82932,24.5,1.5
2500875070,82.1108,0,0,-82.1108,82.1108,70,0,0,0,10,6,1.5,18.8839,1.5
2500875095,83.4854,0,0,-83.4854,83.4854,95,0,0,0,10,19,11.5687,24.4313,1.5
2500875103,84.373,0,0,-84.373,84.373,103,0,0,0,10,9,2.97983,29.4798,1.5
2500875109,84.3234,0,0,-84.3234,84.3234,109,0,0,0,10,1,-10.9956,29.5044,1.5
2500875116,84.5729,0,0,-84.5729,84.5729,116,0,0,0,10,16,7.44926,33,1.5
2500875158,97.0791,0,0,-97.0791,97.0791,158,0,0,0,10,13,17.9224,42.9224,1.5
2500875165,95.2536,0,0,-95.2536,95.2536,165,0,0,0,10,20,11.7909,47.2909,1.5
2500875176,96.4266,0,0,-96.4266,96.4266,176,0,0,0,10,5,-22,47.0179,1.5
2500875213,100.688,0,0,-100.688,100.688,213,0,0,0,10,3,-21.5338,59.5,1.5
2500875219,102.326,0,0,-102.326,102.326,219,0,0,0,10,17,28.5,58.2288,1.5
2500875220,96.0925,0,0,-96.0925,96.0925,220,0,0,0,10,11,13,63.8081,1.5
2500875243,97.425,0,0,-97.425,97.425,243,0,0,0,10,10,-1,72.0636,1.5
2500875245,103.2,0,0,-103.2,103.2,245,0,0,0,10,8,-22.5,69.1187,1.5
2500875251,101.461,0,0,-101.461,101.461,251,0,0,0,10,18,33.0439,67.0439,1.5
2500875252,100.661,0,0,-100.661,100.661,252,0,0,0,10,15,25.4696,70.4696,1.5
2500875253,99.1114,0,0,-99.1114,99.1114,253,0,0,0,10,12,-16.065,73.565,1.5
2500875255,103.724,0,0,-103.724,103.724,255,0,0,0,10,14,-27.6709,70.6709,1.5
2500982356,96.0925,0,0,-96.0925,96.0925,220,11,13,63.8081,1.5,0,0,0,10
2501598366,97.0791,0,0,-97.0791,97.0791,158,13,17.9224,42.9224,1.5,0,0,0,10
2502098303,83.4854,0,0,-83.4854,83.4854,95,19,11.5687,24.4313,1.5,0,0,0,10
2503348459,101.461,0,0,-101.461,101.461,251,18,33.0439,67.0439,1.5,0,0,0,10
2505223278,82.1108,0,0,-82.1108,82.1108,70,6,1.5,18.8839,1.5,0,0,0,10
2506223373,95.2536,0,0,-95.2536,95.2536,165,20,11.7909,47.2909,1.5,0,0,0,10
2522973311,83.9193,0,0,-83.9193,83.9193,103,4,-14.1067,26.1067,1.5,0,0,0,10
2523973384,96.7678,0,0,-96.7678,96.7678,176,2,-5.83731,51.8373,1.5,0,0,0,10
2540973300,83.5857,0,0,-83.5857,83.5857,92,7,9.82932,24.5,1.5,0,0,0,10
2543357379,97.425,0,0,-97.425,97.425,243,10,-1,72.0636,1.5,0,0,0,10
2545107389,99.1114,0,0,-99.1114,99.1114,253,12,-16.065,73.565,1.5,0,0,0,10
2545357239,84.373,0,0,-84.373,84.373,103,9,2.97983,29.4798,1.5,0,0,0,10
2545732349,100.688,0,0,-100.688,100.688,213,3,-21.5338,59.5,1.5,0,0,0,10
2546348463,103.724,0,0,-103.724,103.724,255,14,-27.6709,70.6709,1.5,0,0,0,10
2546598460,100.661,0,0,-100.661,100.661,252,15,25.4696,70.4696,1.5,0,0,0,10
2547357381,103.2,0,0,-103.2,103.2,245,8,-22.5,69.1187,1.5,0,0,0,10
2547482312,96.4266,0,0,-96.4266,96.4266,176,5,-22,47.0179,1.5,0,0,0,10
2549348427,102.326,0,0,-102.326,102.326,219,17,28.5,58.2288,1.5,0,0,0,10
2549732245,84.3234,0,0,-84.3234,84.3234,109,1,-10.9956,29.5044,1.5,0,0,0,10
2550000103,83.9193,0,0,-83.9193,83.9193,103,0,0,0,10,4,-14.1067,26.1067,1.5
2550000176,96.7678,0,0,-96.7678,96.7678,176,0,0,0,10,2,-5.83731,51.8373,1.5
2550598324,84.5729,0,0,-84.5729,84.5729,116,16,7.44926,33,1.5,0,0,0,10
2550625092,83.5857,0,0,-83.5857,83.5857,92,0,0,0,10,7,9.82932,24.5,1.5
2550875070,82.1108,0,0,-82.1108,82.1108,70,0,0,0,10,6,1.5,18.8839,1.5
2550875095,83.4854,0,0,-83.4854,83.4854,95,0,0,0,10,19,11.5687,24.4313,1.5
2550875103,84.373,0,0,-84.373,84.373,103,0,0,0,10,9,2.97983,29.4798,1.5
2550875109,84.3234,0,0,-84.3234,84.3234,109,0,0,0,10,1,-10.9956,29.5044,1.5
2550875116,84.5729,0,0,-84.5729,84.5729,116,0,0,0,10,16,7.44926,33,1.5
2550875158,97.0791,0,0,-97.0791,97.0791,158,0,0,0,10,13,17.9224,42.9224,1.5
2550875165,95.2536,0,0,-95.2536,95.2536,165,0,0,0,10,20,11.7909,47.2909,1.5
2550875176,96.4266,0,0,-96.4266,96.4266,176,0,0,0,10,5,-22,47.0179,1.5
2550875213,100.688,0,0,-100.688,100.688,213,0,0,0,10,3,-21.5338,59.5,1.5
2550875219,102.326,0,0,-102.326,102.326,219,0,0,0,10,17,28.5,58.2288,1.5
2550875220,96.0925,0,0,-96.0925,96.0925,220,0,0,0,10,11,13,63.8081,1.5
2550875243,97.425,0,0,-97.425,97.425,243,0,0,0,10,10,-1,72.0636,1.5
2550875245,103.2,0,0,-103.2,103.2,245,0,0,0,10,8,-22.5,69.1187,1.5
2550875251,101.461,0,0,-101.461,101.461,251,0,0,0,10,18,33.0439,67.0439,1.5
2550875252,100.661,0,0,-100.661,100.661,252,0,0,0,10,15,25.4696,70.4696,1.5
2550875253,99.1114,0,0,-99.1114,99.1114,253,0,0,0,10,12,-16.065,73.565,1.5
2550875255,103.724,0,0,-103.724,103.724,255,0,0,0,10,14,-27.6709,70.6709,1.5
2551598366,97.0791,0,0,-97.0791,97.0791,158,13,17.9224,42.9224,1.5,0,0,0,10
2552098303,83.4854,0,0,-83.4854,83.4854,95,19,11.5687,24.4313,1.5,0,0,0,10
2552857356,96.0925,0,0,-96.0925,96.0925,220,11,13,63.8081,1.5,0,0,0,10
2553348459,101.461,0,0,-101.461,101.461,251,18,33.0439,67.0439,1.5,0,0,0,10
2555223278,82.1108,0,0,-82.1108,82.1108,70,6,1.5,18.8839,1.5,0,0,0,10
2556223373,95.2536,0,0,-95.2536,95.2536,165,20,11.7909,47.2909,1.5,0,0,0,10
2572973311,83.9193,0,0,-83.9193,83.9193,103,4,-14.1067,26.1067,1.5,0,0,0,10
2573973384,96.7678,0,0,-96.7678,96.7678,176,2,-5.83731,51.8373,1.5,0,0,0,10
2590973300,83.5857,0,0,-83.5857,83.5857,92,7,9.82932,24.5,1.5,0,0,0,10
2595232379,97.425,0,0,-97.425,97.425,243,10,-1,72.0636,1.5,0,0,0,10
2596348463,103.724,0,0,-103.724,103.724,255,14,-27.6709,70.6709,1.5,0,0,0,10
2596598460,100.661,0,0,-100.661,100.661,252,15,25.4696,70.4696,1.5,0,0,0,10
2596982389,99.1114,0,0,-99.1114,99.1114,253,12,-16.065,73.565,1.5,0,0,0,10
2597232239,84.373,0,0,-84.373,84.373,103,9,2.97983,29.4798,1.5,0,0,0,10
2597607349,100.688,0,0,-100.688,100.688,213,3,-21.5338,59.5,1.5,0,0,0,10
2599107381,103.2,0,0,-103.2,103.2,245,8,-22.5,69.1187,1.5,0,0,0,10
2599348427,102.326,0,0,-102.326,102.326,219,17,28.5,58.2288,1.5,0,0,0,10
2599357312,96.4266,0,0,-96.4266,96.4266,176,5,-22,47.0179,1.5,0,0,0,10
2600000103,83.9193,0,0,-83.9193,83.9193,103,0,0,0,10,4,-14.2128,26.2128,1.5
2600000176,96.7678,0,0,-96.7678,96.7678,176,0,0,0,10,2,-5.94337,51.9434,1.5
2600598324,84.5729,0,0,-84.5729,84.5729,116,16,7.29926,33,1.5,0,0,0,10
2600625092,83.5857,0,0,-83.5857,83.5857,92,0,0,0,10,7,9.97932,24.5,1.5
2600875070,82.1108,0,0,-82.1108,82.1108,70,0,0,0,10,6,1.5,18.7339,1.5
2600875095,83.4854,0,0,-83.4854,83.4854,95,0,0,0,10,19,11.6748,24.3252,1.5
2600875103,84.373,0,0,-84.373,84.373,103,0,0,0,10,9,2.87376,29.3738,1.5
2600875109,84.3234,0,0,-84.3234,84.3234,109,0,0,0,10,1,-11.1016,29.3984,1.5
2600875116,84.5729,0,0,-84.5729,84.5729,116,0,0,0,10,16,7.29926,33,1.5
2600875158,97.0791,0,0,-97.0791,97.0791,158,0,0,0,10,13,17.8163,42.8163,1.5
2600875165,95.2536,0,0,-95.2536,95.2536,165,0,0,0,10,20,11.6848,47.1848,1.5
2600875176,96.4266,0,0,-96.4266,96.4266,176,0,0,0,10,5,-22,46.8679,1.5
2600875213,100.688,0,0,-100.688,100.688,213,0,0,0,10,3,-21.3838,59.5,1.5
2600875219,102.326,0,0,-102.326,102.326,219,0,0,0,10,17,28.5,58.0788,1.5
2600875220,96.0925,0,0,-96.0925,96.0925,220,0,0,0,10,11,13,63.6581,1.5
2600875243,97.425,0,0,-97.425,97.425,243,0,0,0,10,10,-1,71.9136,1.5
2600875245,103.2,0,0,-103.2,103.2,245,0,0,0,10,8,-22.5,68.9687,1.5
2600875251,101.461,0,0,-101.461,101.461,251,0,0,0,10,18,32.9378,66.9378,1.5
2600875252,100.661,0,0,-100.661,100.661,252,0,0,0,10,15,25.3636,70.3636,1.5
2600875253,99.1114,0,0,-99.1114,99.1114,253,0,0,0,10,12,-15.9589,73.4589,1.5
2600875255,103.724,0,0,-103.724,103.724,255,0,0,0,10,14,-27.5648,70.5648,1.5
2601223317,84.3234,0,0,-84.3234,84.3234,109,1,-11.1016,29.3984,1.5,0,0,0,10
2601598366,97.0791,0,0,-97.0791,97.0791,158,13,17.8163,42.8163,1.5,0,0,0,10
2602098303,83.4854,0,0,-83.4854,83.4854,95,19,11.6748,24.3252,1.5,0,0,0,10
2603348459,101.461,0,0,-101.461,101.461,251,18,32.9378,66.9378,1.5,0,0,0,10
2604598428,96.0925,0,0,-96.0925,96.0925,220,11,13,63.6581,1.5,0,0,0,10
2605223278,82.1108,0,0,-82.1108,82.1108,70,6,1.5,18.7339,1.5,0,0,0,10
2606223373,95.2536,0,0,-95.2536,95.2536,165,20,11.6848,47.1848,1.5,0,0,0,10
2622973311,83.9193,0,0,-83.9193,83.9193,103,4,-14.2128,26.2128,1.5,0,0,0,10
2623973384,96.7678,0,0,-96.7678,96.7678,176,2,-5.94337,51.9434,1.5,0,0,0,10
2640973300,83.5857,0,0,-83.5857,83.5857,92,7,9.97932,24.5,1.5,0,0,0,10
2646348463,103.724,0,0,-103.724,103.724,255,14,-27.5648,70.5648,1.5,0,0,0,10
2646598460,100.661,0,0,-100.661,100.661,252,15,25.3636,70.3636,1.5,0,0,0,10
2646982379,97.425,0,0,-97.425,97.425,243,10,-1,71.9136,1.5,0,0,0,10
2647723421,100.688,0,0,-100.688,100.688,213,3,-21.3838,59.5,1.5,0,0,0,10
2647848311,84.373,0,0,-84.373,84.373,103,9,2.87376,29.3738,1.5,0,0,0,10
2648723461,99.1114,0,0,-99.1114,99.1114,253,12,-15.9589,73.4589,1.5,0,0,0,10
2649348427,102.326,0,0,-102.326,102.326,219,17,28.5,58.0788,1.5,0,0,0,10
2650000103,83.9193,0,0,-83.9193,83.9193,103,0,0,0,10,4,-14.2128,26.2128,1.5
2650000176,96.7678,0,0,-96.7678,96.7678,176,0,0,0,10,2,-5.94337,51.9434,1.5
2650598324,84.5729,0,0,-84.5729,84.5729,116,16,7.29926,33,1.5,0,0,0,10
2650625092,83.5857,0,0,-83.5857,83.5857,92,0,0,0,10,7,9.97932,24.5,1.5
2650875070,82.1108,0,0,-82.1108,82.1108,70,0,0,0,10,6,1.5,18.7339,1.5
2650875095,83.4854,0,0,-83.4854,83.4854,95,0,0,0,10,19,11.6748,24.3252,1.5
2650875103,84.373,0,0,-84.373,84.373,103,0,0,0,10,9,2.87376,29.3738,1.5
2650875109,84.3234,0,0,-84.3234,84.3234,109,0,0,0,10,1,-11.1016,29.3984,1.5
2650875116,84.5729,0,0,-84.5729,84.5729,116,0,0,0,10,16,7.29926,33,1.5
2650875158,97.0791,0,0,-97.0791,97.0791,158,0,0,0,10,13,17.8163,42.8163,1.5
2650875165,95.2536,0,0,-95.2536,95.2536,165,0,0,0,10,20,11.6848,47.1848,1.5
2650875176,96.4266,0,0,-96.4266,96.4266,176,0,0,0,10,5,-22,46.8679,1.5
2650875213,100.688,0,0,-100.688,100.688,213,0,0,0,10,3,-21.3838,59.5,1.5
2650875219,102.326,0,0,-102.326,102.326,219,0,0,0,10,17,28.5,58.0788,1.5
2650875220,96.0925,0,0,-96.0925,96.0925,220,0,0,0,10,11,13,63.6581,1.5
2650875243,97.425,0,0,-97.425,97.425,243,0,0,0,10,10,-1,71.9136,1.5
2650875245,103.2,0,0,-103.2,103.2,245,0,0,0,10,8,-22.5,68.9687,1.5
2650875251,101.461,0,0,-101.461,101.461,251,0,0,0,10,18,32.9378,66.9378,1.5
2650875252,100.661,0,0,-100.661,100.661,252,0,0,0,10,15,25.3636,70.3636,1.5
2650875253,99.1114,0,0,-99.1114,99.1114,253,0,0,0,10,12,-15.9589,73.4589,1.5
2650875255,103.724,0,0,-103.724,103.724,255,0,0,0,10,14,-27.5648,70.5648,1.5
2650982381,103.2,0,0,-103.2,103.2,245,8,-22.5,68.9687,1.5,0,0,0,10
2651223317,84.3234,0,0,-84.3234,84.3234,109,1,-11.1016,29.3984,1.5,0,0,0,10
2651232312,96.4266,0,0,-96.4266,96.4266,176,5,-22,46.8679,1.5,0,0,0,10
2651598366,97.0791,0,0,-97.0791,97.0791,158,13,17.8163,42.8163,1.5,0,0,0,10
2652098303,83.4854,0,0,-83.4854,83.4854,95,19,11.6748,24.3252,1.5,0,0,0,10
2653348459,101.461,0,0,-101.461,101.461,251,18,32.9378,66.9378,1.5,0,0,0,10
2654598428,96.0925,0,0,-96.0925,96.0925,220,11,13,63.6581,1.5,0,0,0,10
2655223278,82.1108,0,0,-82.1108,82.1108,70,6,1.5,18.7339,1.5,0,0,0,10
2656223373,95.2536,0,0,-95.2536,95.2536,165,20,11.6848,47.1848,1.5,0,0,0,10
2672973311,83.9193,0,0,-83.9193,83.9193,103,4,-14.2128,26.2128,1.5,0,0,0,10
2673973384,96.7678,0,0,-96.7678,96.7678,176,2,-5.94337,51.9434,1.5,0,0,0,10
2690973300,83.5857,0,0,-83.5857,83.5857,92,7,9.97932,24.5,1.5,0,0,0,10
2696348463,103.724,0,0,-103.724,103.724,255,14,-27.5648,70.5648,1.5,0,0,0,10
2696598460,100.661,0,0,-100.661,100.661,252,15,25.3636,70.3636,1.5,0,0,0,10
2697723421,100.688,0,0,-100.688,100.688,213,3,-21.3838,59.5,1.5,0,0,0,10
2697848311,84.373,0,0,-84.373,84.373,103,9,2.87376,29.3738,1.5,0,0,0,10
2698723461,99.1114,0,0,-99.1114,99.1114,253,12,-15.9589,73.4589,1.5,0,0,0,10
2698857379,97.425,0,0,-97.425,97.425,243,10,-1,71.9136,1.5,0,0,0,10
2699348427,102.326,0,0,-102.326,102.326,219,17,28.5,58.0788,1.5,0,0,0,10
2700000103,83.9193,0,0,-83.9193,83.9193,103,0,0,0,10,4,-14.3188,26.3188,1.5
2700000176,96.7678,0,0,-96.7678,96.7678,176,0,0,0,10,2,-6.06992,52,1.5
2700598324,84.5729,0,0,-84.5729,84.5729,116,16,7.14926,33,1.5,0,0,0,10
2700625092,83.5857,0,0,-83.5857,83.5857,92,0,0,0,10,7,10.1293,24.5,1.5
2700875070,82.1108,0,0,-82.1108,82.1108,70,0,0,0,10,6,1.5,18.5839,1.5
2700875095,83.4854,0,0,-83.4854,83.4854,95,0,0,0,10,19,11.7808,24.2192,1.5
2700875103,84.373,0,0,-84.373,84.373,103,0,0,0,10,9,2.76769,29.2677,1.5
2700875109,84.3234,0,0,-84.3234,84.3234,109,0,0,0,10,1,-11.2077,29.2923,1.5
2700875116,84.5729,0,0,-84.5729,84.5729,116,0,0,0,10,16,7.14926,33,1.5
2700875158,97.0791,0,0,-97.0791,97.0791,158,0,0,0,10,13,17.7102,42.7102,1.5
2700875165,95.2536,0,0,-95.2536,95.2536,165,0,0,0,10,20,11.5787,47.0787,1.5
2700875176,96.4266,0,0,-96.4266,96.4266,176,0,0,0,10,5,-22,46.7179,1.5
2700875213,100.688,0,0,-100.688,100.688,213,0,0,0,10,3,-21.2338,59.5,1.5
2700875219,102.326,0,0,-102.326,102.326,219,0,0,0,10,17,28.5,57.9288,1.5
2700875220,96.0925,0,0,-96.0925,96.0925,220,0,0,0,10,11,13,63.5081,1.5
2700875243,97.425,0,0,-97.425,97.425,243,0,0,0,10,10,-1,71.7636,1.5
2700875245,103.2,0,0,-103.2,103.2,245,0,0,0,10,8,-22.5,68.8187,1.5
2700875251,101.461,0,0,-101.461,101.461,251,0,0,0,10,18,32.8318,66.8318,1.5
2700875252,100.661,0,0,-100.661,100.661,252,0,0,0,10,15,25.2575,70.2575,1.5
2700875253,99.1114,0,0,-99.1114,99.1114,253,0,0,0,10,12,-15.8529,73.3529,1.5
2700875255,103.724,0,0,-103.724,103.724,255,0,0,0,10,14,-27.4588,70.4588,1.5
2701223317,84.3234,0,0,-84.3234,84.3234,109,1,-11.2077,29.2923,1.5,0,0,0,10
2701348384,96.4266,0,0,-96.4266,96.4266,176,5,-22,46.7179,1.5,0,0,0,10
2701598366,97.0791,0,0,-97.0791,97.0791,158,13,17.7102,42.7102,1.5,0,0,0,10
2701848453,103.2,0,0,-103.2,103.2,245,8,-22.5,68.8187,1.5,0,0,0,10
2702098303,83.4854,0,0,-83.4854,83.4854,95,19,11.7808,24.2192,1.5,0,0,0,10
2703348459,101.461,0,0,-101.461,101.461,251,18,32.8318,66.8318,1.5,0,0,0,10
2704598428,96.0925,0,0,-96.0925,96.0925,220,11,13,63.5081,1.5,0,0,0,10
2705223278,82.1108,0,0,-82.1108,82.1108,70,6,1.5,18.5839,1.5,0,0,0,10
2706223373,95.2536,0,0,-95.2536,95.2536,165,20,11.5787,47.0787,1.5,0,0,0,10
2722973311,83.9193,0,0,-83.9193,83.9193,103,4,-14.3188,26.3188,1.5,0,0,0,10
2723973384,96.7678,0,0,-96.7678,96.7678,176,2,-6.06992,52,1.5,0,0,0,10
2740973300,83.5857,0,0,-83.5857,83.5857,92,7,10.1293,24.5,1.5,0,0,0,10
2746348463,103.724,0,0,-103.724,103.724,255,14,-27.4588,70.4588,1.5,0,0,0,10
2746598460,100.661,0,0,-100.661,100.661,252,15,25.2575,70.2575,1.5,0,0,0,10
2747723421,100.688,0,0,-100.688,100.688,213,3,-21.2338,59.5,1.5,0,0,0,10
2747848311,84.373,0,0,-84.373,84.373,103,9,2.76769,29.2677,1.5,0,0,0,10
2748723461,99.1114,0,0,-99.1114,99.1114,253,12,-15.8529,73.3529,1.5,0,0,0,10
2749348427,102.326,0,0,-102.326,102.326,219,17,28.5,57.9288,1.5,0,0,0,10
2749848451,97.425,0,0,-97.425,97.425,243,10,-1,71.7636,1.5,0,0,0,10
2750000103,83.9193,0,0,-83.9193,83.9193,103,0,0,0,10,4,-14.3188,26.3188,1.5
2750000176,96.7678,0,0,-96.7678,96.7678,176,0,0,0,10,2,-6.06992,52,1.5
2750598324,84.5729,0,0,-84.5729,84.5729,116,16,7.14926,33,1.5,0,0,0,10
2750625092,83.5857,0,0,-83.5857,83.5857,92,0,0,0,10,7,10.1293,24.5,1.5
2750875070,82.1108,0,0,-82.1108,82.1108,70,0,0,0,10,6,1.5,18.5839,1.5
2750875095,83.4854,0,0,-83.4854,83.4854,95,0,0,0,10,19,11.7808,24.2192,1.5
2750875103,84.373,0,0,-84.373,84.373,103,0,0,0,10,9,2.76769,29.2677,1.5
2750875109,84.3234,0,0,-84.3234,84.3234,109,0,0,0,10,1,-11.2077,29.2923,1.5
2750875116,84.5729,0,0,-84.5729,84.5729,116,0,0,0,10,16,7.14926,33,1.5
2750875158,97.0791,0,0,-97.0791,97.0791,158,0,0,0,10,13,17.7102,42.7102,1.5
2750875165,95.2536,0,0,-95.2536,95.2536,165,0,0,0,10,20,11.5787,47.0787,1.5
2750875176,96.4266,0,0,-96.4266,96.4266,176,0,0,0,10,5,-22,46.7179,1.5
2750875213,100.688,0,0,-100.688,100.688,213,0,0,0,10,3,-21.2338,59.5,1.5
2750875219,102.326,0,0,-102.326,102.326,219,0,0,0,10,17,28.5,57.9288,1.5
2750875220,96.0925,0,0,-96.0925,96.0925,220,0,0,0,10,11,13,63.5081,1.5
2750875243,97.425,0,0,-97.425,97.425,243,0,0,0,10,10,-1,71.7636,1.5
2750875245,103.2,0,0,-103.2,103.2,245,0,0,0,10,8,-22.5,68.8187,1.5
2750875251,101.461,0,0,-101.461,101.461,251,0,0,0,10,18,32.8318,66.8318,1.5
2750875252,100.661,0,0,-100.661,100.661,252,0,0,0,10,15,25.2575,70.2575,1.5
2750875253,99.1114,0,0,-99.1114,99.1114,253,0,0,0,10,12,-15.8529,73.3529,1.5
2750875255,103.724,0,0,-103.724,103.724,255,0,0,0,10,14,-27.4588,70.4588,1.5
2751223317,84.3234,0,0,-84.3234,84.3234,109,1,-11.2077,29.2923,1.5,0,0,0,10
2751348384,96.4266,0,0,-96.4266,96.4266,176,5,-22,46.7179,1.5,0,0,0,10
2751598366,97.0791,0,0,-97.0791,97.0791,158,13,17.7102,42.7102,1.5,0,0,0,10
2751848453,103.2,0,0,-103.2,103.2,245,8,-22.5,68.8187,1.5,0,0,0,10
2752098303,83.4854,0,0,-83.4854,83.4854,95,19,11.7808,24.2192,1.5,0,0,0,10
2753348459,101.461,0,0,-101.461,101.461,251,18,32.8318,66.8318,1.5,0,0,0,10
2754598428,96.0925,0,0,-96.0925,96.0925,220,11,13,63.5081,1.5,0,0,0,10
2755223278,82.1108,0,0,-82.1108,82.1108,70,6,1.5,18.5839,1.5,0,0,0,10
2756223373,95.2536,0,0,-95.2536,95.2536,165,20,11.5787,47.0787,1.5,0,0,0,10
2772973311,83.9193,0,0,-83.9193,83.9193,103,4,-14.3188,26.3188,1.5,0,0,0,10
2773973384,96.7678,0,0,-96.7678,96.7678,176,2,-6.06992,52,1.5,0,0,0,10
2790973300,83.5857,0,0,-83.5857,83.5857,92,7,10.1293,24.5,1.5,0,0,0,10
2796348463,103.724,0,0,-103.724,103.724,255,14,-27.4588,70.4588,1.5,0,0,0,10
2796598460,100.661,0,0,-100.661,100.661,252,15,25.2575,70.2575,1.5,0,0,0,10
2797723421,100.688,0,0,-100.688,100.688,213,3,-21.2338,59.5,1.5,0,0,0,10
2797848311,84.373,0,0,-84.373,84.373,103,9,2.76769,29.2677,1.5,0,0,0,10
2798723461,99.1114,0,0,-99.1114,99.1114,253,12,-15.8529,73.3529,1.5,0,0,0,10
2799348427,102.326,0,0,-102.326,102.326,219,17,28.5,57.9288,1.5,0,0,0,10
2799848451,97.425,0,0,-97.425,97.425,243,10,-1,71.7636,1.5,0,0,0,10
2800000103,83.9193,0,0,-83.9193,83.9193,103,0,0,0,10,4,-14.4249,26.4249,1.5
2800000176,96.7678,0,0,-96.7678,96.7678,176,0,0,0,10,2,-6.21992,52,1.5
2800598324,84.5729,0,0,-84.5729,84.5729,116,16,6.99926,33,1.5,0,0,0,10
2800625092,83.5857,0,0,-83.5857,83.5857,92,0,0,0,10,7,10.2793,24.5,1.5
2800875070,82.1108,0,0,-82.1108,82.1108,70,0,0,0,10,6,1.5,18.4339,1.5
2800875095,83.4854,0,0,-83.4854,83.4854,95,0,0,0,10,19,11.8869,24.1131,1.5
2800875103,84.373,0,0,-84.373,84.373,103,0,0,0,10,9,2.66163,29.1616,1.5
2800875109,84.3234,0,0,-84.3234,84.3234,109,0,0,0,10,1,-11.3138,29.1862,1.5
2800875116,84.5729,0,0,-84.5729,84.5729,116,0,0,0,10,16,6.99926,33,1.5
2800875158,97.0791,0,0,-97.0791,97.0791,158,0,0,0,10,13,17.6042,42.6042,1.5
2800875165,95.2536,0,0,-95.2536,95.2536,165,0,0,0,10,20,11.4727,46.9727,1.5
2800875176,96.4266,0,0,-96.4266,96.4266,176,0,0,0,10,5,-22,46.5679,1.5
2800875213,100.688,0,0,-100.688,100.688,213,0,0,0,10,3,-21.0838,59.5,1.5
2800875219,102.326,0,0,-102.326,102.326,219,0,0,0,10,17,28.5,57.7788,1.5
2800875220,96.0925,0,0,-96.0925,96.0925,220,0,0,0,10,11,13,63.3581,1.5
2800875243,97.425,0,0,-97.425,97.425,243,0,0,0,10,10,-1,71.6136,1.5
2800875245,103.2,0,0,-103.2,103.2,245,0,0,0,10,8,-22.5,68.6687,1.5
2800875251,101.461,0,0,-101.461,101.461,251,0,0,0,10,18,32.7257,66.7257,1.5
2800875252,100.661,0,0,-100.661,100.661,252,0,0,0,10,15,25.1515,70.1515,1.5
2800875253,99.1114,0,0,-99.1114,99.1114,253,0,0,0,10,12,-15.7468,73.2468,1.5
2800875255,103.724,0,0,-103.724,103.724,255,0,0,0,10,14,-27.3527,70.3527,1.5
2801223317,84.3234,0,0,-84.3234,84.3234,109,1,-11.3138,29.1862,1.5,0,0,0,10
2801348384,96.4266,0,0,-96.4266,96.4266,176,5,-22,46.5679,1.5,0,0,0,10
2801598366,97.0791,0,0,-97.0791,97.0791,158,13,17.6042,42.6042,1.5,0,0,0,10
2801848453,103.2,0,0,-103.2,103.2,245,8,-22.5,68.6687,1.5,0,0,0,10
2802098303,83.4854,0,0,-83.4854,83.4854,95,19,11.8869,24.1131,1.5,0,0,0,10
2803348459,101.461,0,0,-101.461,101.461,251,18,32.7257,66.7257,1.5,0,0,0,10
2804598428,96.0925,0,0,-96.0925,96.0925,220,11,13,63.3581,1.5,0,0,0,10
2805223278,82.1108,0,0,-82.1108,82.1108,70,6,1.5,18.4339,1.5,0,0,0,10
2806223373,95.2536,0,0,-95.2536,95.2536,165,20,11.4727,46.9727,1.5,0,0,0,10
2822973311,83.9193,0,0,-83.9193,83.9193,103,4,-14.4249,26.4249,1.5,0,0,0,10
2823973384,96.7678,0,0,-96.7678,96.7678,176,2,-6.21992,52,1.5,0,0,0,10
2840973300,83.5857,0,0,-83.5857,83.5857,92,7,10.2793,24.5,1.5,0,0,0,10
2846348463,103.724,0,0,-103.724,103.724,255,14,-27.3527,70.3527,1.5,0,0,0,10
2846598460,100.661,0,0,-100.661,100.661,252,15,25.1515,70.1515,1.5,0,0,0,10
2847723421,100.688,0,0,-100.688,100.688,213,3,-21.0838,59.5,1.5,0,0,0,10
2847848311,84.373,0,0,-84.373,84.373,103,9,2.66163,29.1616,1.5,0,0,0,10
2848723461,99.1114,0,0,-99.1114,99.1114,253,12,-15.7468,73.2468,1.5,0,0,0,10
2849348427,102.326,0,0,-102.326,102.326,219,17,28.5,57.7788,1.5,0,0,0,10
2849848451,97.425,0,0,-97.425,97.425,243,10,-1,71.6136,1.5,0,0,0,10
2850000103,83.9193,0,0,-83.9193,83.9193,103,0,0,0,10,4,-14.4249,26.4249,1.5
2850000176,96.7678,0,0,-96.7678,96.7678,176,0,0,0,10,2,-6.21992,52,1.5
2850598324,84.5729,0,0,-84.5729,84.5729,116,16,6.99926,33,1.5,0,0,0,10
2850625092,83.5857,0,0,-83.5857,83.5857,92,0,0,0,10,7,10.2793,24.5,1.5
2850875070,82.1108,0,0,-82.1108,82.1108,70,0,0,0,10,6,1.5,18.4339,1.5
2850875095,83.4854,0,0,-83.4854,83.4854,95,0,0,0,10,19,11.8869,24.1131,1.5
2850875103,84.373,0,0,-84.373,84.373,103,0,0,0,10,9,2.66163,29.1616,1.5
2850875109,84.3234,0,0,-84.3234,84.3234,109,0,0,0,10,1,-11.3138,29.1862,1.5
2850875116,84.5729,0,0,-84.5729,84.5729,116,0,0,0,10,16,6.99926,33,1.5
2850875158,97.0791,0,0,-97.0791,97.0791,158,0,0,0,10,13,17.6042,42.6042,1.5
2850875165,95.2536,0,0,-95.2536,95.2536,165,0,0,0,10,20,11.4727,46.9727,1.5
2850875176,96.4266,0,0,-96.4266,96.4266,176,0,0,0,10,5,-22,46.5679,1.5
2850875213,100.688,0,0,-100.688,100.688,213,0,0,0,10,3,-21.0838,59.5,1.5
2850875219,102.326,0,0,-102.326,102.326,219,0,0,0,10,17,28.5,57.7788,1.5
2850875220,96.0925,0,0,-96.0925,96.0925,220,0,0,0,10,11,13,63.3581,1.5
2850875243,97.425,0,0,-97.425,97.425,243,0,0,0,10,10,-1,71.6136,1.5
2850875245,103.2,0,0,-103.2,103.2,245,0,0,0,10,8,-22.5,68.6687,1.5
2850875251,101.461,0,0,-101.461,101.461,251,0,0,0,10,18,32.7257,66.7257,1.5
2850875252,100.661,0,0,-100.661,100.661,252,0,0,0,10,15,25.1515,70.1515,1.5
2850875253,99.1114,0,0,-99.1114,99.1114,253,0,0,0,10,12,-15.7468,73.2468,1.5
2850875255,103.724,0,0,-103.724,103.724,255,0,0,0,10,14,-27.3527,70.3527,1.5
2851223317,84.3234,0,0,-84.3234,84.3234,109,1,-11.3138,29.1862,1.5,0,0,0,10
2851348384,96.4266,0,0,-96.4266,96.4266,176,5,-22,46.5679,1.5,0,0,0,10
2851598366,97.0791,0,0,-97.0791,97.0791,158,13,17.6042,42.6042,1.5,0,0,0,10
2851848453,103.2,0,0,-103.2,103.2,245,8,-22.5,68.6687,1.5,0,0,0,10
2852098303,83.4854,0,0,-83.4854,83.4854,95,19,11.8869,24.1131,1.5,0,0,0,10
2853348459,101.461,0,0,-101.461,101.461,251,18,32.7257,66.7257,1.5,0,0,0,10
2854598428,96.0925,0,0,-96.0925,96.0925,220,11,13,63.3581,1.5,0,0,0,10
2855223278,82.1108,0,0,-82.1108,82.1108,70,6,1.5,18.4339,1.5,0,0,0,10
2856223373,95.2536,0,0,-95.2536,95.2536,165,20,11.4727,46.9727,1.5,0,0,0,10
2872973311,83.9193,0,0,-83.9193,83.9193,103,4,-14.4249,26.4249,1.5,0,0,0,10
2873973384,96.7678,0,0,-96.7678,96.7678,176,2,-6.21992,52,1.5,0,0,0,10
2890973300,83.5857,0,0,-83.5857,83.5857,92,7,10.2793,24.5,1.5,0,0,0,10
2896348463,103.724,0,0,-103.724,103.724,255,14,-27.3527,70.3527,1.5,0,0,0,10
2896598460,100.661,0,0,-100.661,100.661,252,15,25.1515,70.1515,1.5,0,0,0,10
2897723421,100.688,0,0,-100.688,100.688,213,3,-21.0838,59.5,1.5,0,0,0,10
2897848311,84.373,0,0,-84.373,84.373,103,9,2.66163,29.1616,1.5,0,0,0,10
2898723461,99.1114,0,0,-99.1114,99.1114,253,12,-15.7468,73.2468,1.5,0,0,0,10
2899348427,102.326,0,0,-102.326,102.326,219,17,28.5,57.7788,1.5,0,0,0,10
2899848451,97.425,0,0,-97.425,97.425,243,10,-1,71.6136,1.5,0,0,0,10
2900000103,83.9193,0,0,-83.9193,83.9193,103,0,0,0,10,4,-14.531,26.531,1.5
2900000176,96.7678,0,0,-96.7678,96.7678,176,0,0,0,10,2,-6.36992,52,1.5
2900598324,84.5729,0,0,-84.5729,84.5729,116,16,6.84926,33,1.5,0,0,0,10
2900625092,83.5857,0,0,-83.5857,83.5857,92,0,0,0,10,7,10.4293,24.5,1.5
2900875070,82.1108,0,0,-82.1108,82.1108,70,0,0,0,10,6,1.5,18.2839,1.5
2900875095,83.4854,0,0,-83.4854,83.4854,95,0,0,0,10,19,11.993,24.007,1.5
2900875103,84.373,0,0,-84.373,84.373,103,0,0,0,10,9,2.55556,29.0556,1.5
2900875109,84.3234,0,0,-84.3234,84.3234,109,0,0,0,10,1,-11.4198,29.0802,1.5
2900875116,84.5729,0,0,-84.5729,84.5729,116,0,0,0,10,16,6.84926,33,1.5
2900875158,97.0791,0,0,-97.0791,97.0791,158,0,0,0,10,13,17.4981,42.4981,1.5
2900875165,95.2536,0,0,-95.2536,95.2536,165,0,0,0,10,20,11.3666,46.8666,1.5
2900875176,96.4266,0,0,-96.4266,96.4266,176,0,0,0,10,5,-22,46.4179,1.5
2900875213,100.688,0,0,-100.688,100.688,213,0,0,0,10,3,-20.9338,59.5,1.5
2900875219,102.326,0,0,-102.326,102.326,219,0,0,0,10,17,28.5,57.6288,1.5
2900875220,96.0925,0,0,-96.0925,96.0925,220,0,0,0,10,11,13,63.2081,1.5
2900875243,97.425,0,0,-97.425,97.425,243,0,0,0,10,10,-1,71.4636,1.5
2900875245,103.2,0,0,-103.2,103.2,245,0,0,0,10,8,-22.5,68.5187,1.5
2900875251,101.461,0,0,-101.461,101.461,251,0,0,0,10,18,32.6196,66.6196,1.5
2900875252,100.661,0,0,-100.661,100.661,252,0,0,0,10,15,25.0454,70.0454,1.5
2900875253,99.1114,0,0,-99.1114,99.1114,253,0,0,0,10,12,-15.6407,73.1407,1.5
2900875255,103.724,0,0,-103.724,103.724,255,0,0,0,10,14,-27.2466,70.2466,1.5
2901223317,84.3234,0,0,-84.3234,84.3234,109,1,-11.4198,29.0802,1.5,0,0,0,10
2901348384,96.4266,0,0,-96.4266,96.4266,176,5,-22,46.4179,1.5,0,0,0,10
2901598366,97.0791,0,0,-97.0791,97.0791,158,13,17.4981,42.4981,1.5,0,0,0,10
2901848453,103.2,0,0,-103.2,103.2,245,8,-22.5,68.5187,1.5,0,0,0,10
2902098303,83.4854,0,0,-83.4854,83.4854,95,19,11.993,24.007,1.5,0,0,0,10
2903348459,101.461,0,0,-101.461,101.461,251,18,32.6196,66.6196,1.5,0,0,0,10
2904598428,96.0925,0,0,-96.0925,96.0925,220,11,13,63.2081,1.5,0,0,0,10
2905223278,82.1108,0,0,-82.1108,82.1108,70,6,1.5,18.2839,1.5,0,0,0,10
2906223373,95.2536,0,0,-95.2536,95.2536,165,20,11.3666,46.8666,1.5,0,0,0,10
2922973311,83.9193,0,0,-83.9193,83.9193,103,4,-14.531,26.531,1.5,0,0,0,10
2923973384,96.7678,0,0,-96.7678,96.7678,176,2,-6.36992,52,1.5,0,0,0,10
2940973300,83.5857,0,0,-83.5857,83.5857,92,7,10.4293,24.5,1.5,0,0,0,10
2946348463,103.724,0,0,-103.724,103.724,255,14,-27.2466,70.2466,1.5,0,0,0,10
2946598460,100.661,0,0,-100.661,100.661,252,15,25.0454,70.0454,1.5,0,0,0,10
2947723421,100.688,0,0,-100.688,100.688,213,3,-20.9338,59.5,1.5,0,0,0,10
2947848311,84.373,0,0,-84.373,84.373,103,9,2.55556,29.0556,1.5,0,0,0,10
2948723461,99.1114,0,0,-99.1114,99.1114,253,12,-15.6407,73.1407,1.5,0,0,0,10
2949348427,102.326,0,0,-102.326,102.326,219,17,28.5,57.6288,1.5,0,0,0,10
2949848451,97.425,0,0,-97.425,97.425,243,10,-1,71.4636,1.5,0,0,0,10
2950000103,83.9193,0,0,-83.9193,83.9193,103,0,0,0,10,4,-14.531,26.531,1.5
2950000176,96.7678,0,0,-96.7678,96.7678,176,0,0,0,10,2,-6.36992,52,1.5
2950598324,84.5729,0,0,-84.5729,84.5729,116,16,6.84926,33,1.5,0,0,0,10
2950625092,83.5857,0,0,-83.5857,83.5857,92,0,0,0,10,7,10.4293,24.5,1.5
2950875070,82.1108,0,0,-82.1108,82.1108,70,0,0,0,10,6,1.5,18.2839,1.5
2950875095,83.4854,0,0,-83.4854,83.4854,95,0,0,0,10,19,11.993,24.007,1.5
2950875103,84.373,0,0,-84.373,84.373,103,0,0,0,10,9,2.55556,29.0556,1.5
2950875109,84.3234,0,0,-84.3234,84.3234,109,0,0,0,10,1,-11.4198,29.0802,1.5
2950875116,84.5729,0,0,-84.5729,84.5729,116,0,0,0,10,16,6.84926,33,1.5
2950875158,97.0791,0,0,-97.0791,97.0791,158,0,0,0,10,13,17.4981,42.4981,1.5
2950875165,95.2536,0,0,-95.2536,95.2536,165,0,0,0,10,20,11.3666,46.8666,1.5
2950875176,96.4266,0,0,-96.4266,96.4266,176,0,0,0,10,5,-22,46.4179,1.5
2950875213,100.688,0,0,-100.688,100.688,213,0,0,0,10,3,-20.9338,59.5,1.5
2950875219,102.326,0,0,-102.326,102.326,219,0,0,0,10,17,28.5,57.6288,1.5
2950875220,96.0925,0,0,-96.0925,96.0925,220,0,0,0,10,11,13,63.2081,1.5
2950875243,97.425,0,0,-97.425,97.425,243,0,0,0,10,10,-1,71.4636,1.5
2950875245,103.2,0,0,-103.2,103.2,245,0,0,0,10,8,-22.5,68.5187,1.5
2950875251,101.461,0,0,-101.461,101.461,251,0,0,0,10,18,32.6196,66.6196,1.5
2950875252,100.661,0,0,-100.661,100.661,252,0,0,0,10,15,25.0454,70.0454,1.5
2950875253,99.1114,0,0,-99.1114,99.1114,253,0,0,0,10,12,-15.6407,73.1407,1.5
2950875255,103.724,0,0,-103.724,103.724,255,0,0,0,10,14,-27.2466,70.2466,1.5
2951223317,84.3234,0,0,-84.3234,84.3234,109,1,-11.4198,29.0802,1.5,0,0,0,10
2951348384,96.4266,0,0,-96.4266,96.4266,176,5,-22,46.4179,1.5,0,0,0,10
2951598366,97.0791,0,0,-97.0791,97.0791,158,13,17.4981,42.4981,1.5,0,0,0,10
2951848453,103.2,0,0,-103.2,103.2,245,8,-22.5,68.5187,1.5,0,0,0,10
2952098303,83.4854,0,0,-83.4854,83.4854,95,19,11.993,24.007,1.5,0,0,0,10
2953348459,101.461,0,0,-101.461,101.461,251,18,32.6196,66.6196,1.5,0,0,0,10
2954598428,96.0925,0,0,-96.0925,96.0925,220,11,13,63.2081,1.5,0,0,0,10
2955223278,82.1108,0,0,-82.1108,82.1108,70,6,1.5,18.2839,1.5,0,0,0,10
2956223373,95.2536,0,0,-95.2536,95.2536,165,20,11.3666,46.8666,1.5,0,0,0,10
2972973311,83.9193,0,0,-83.9193,83.9193,103,4,-14.531,26.531,1.5,0,0,0,10
2973973384,96.7678,0,0,-96.7678,96.7678,176,2,-6.36992,52,1.5,0,0,0,10
2990973300,83.5857,0,0,-83.5857,83.5857,92,7,10.4293,24.5,1.5,0,0,0,10
2996348463,103.724,0,0,-103.724,103.724,255,14,-27.2466,70.2466,1.5,0,0,0,10
2996598460,100.661,0,0,-100.661,100.661,252,15,25.0454,70.0454,1.5,0,0,0,10
2997723421,100.688,0,0,-100.688,100.688,213,3,-20.9338,59.5,1.5,0,0,0,10
2997848311,84.373,0,0,-84.373,84.373,103,9,2.55556,29.0556,1.5,0,0,0,10
2998723461,99.1114,0,0,-99.1114,99.1114,253,12,-15.6407,73.1407,1.5,0,0,0,10
2999348427,102.326,0,0,-102.326,102.326,219,17,28.5,57.6288,1.5,0,0,0,10
2999848451,97.425,0,0,-97.425,97.425,243,10,-1,71.4636,1.5,0,0,0,10
3000000103,83.9193,0,0,-83.9193,83.9193,103,0,0,0,10,4,-14.637,26.637,1.5
3000000176,96.7678,0,0,-96.7678,96.7678,176,0,0,0,10,2,-6.51992,52,1.5
3000598324,84.5729,0,0,-84.5729,84.5729,116,16,6.69926,33,1.5,0,0,0,10
3000625092,83.5857,0,0,-83.5857,83.5857,92,0,0,0,10,7,10.4293,24.5,1.5
3000875070,82.1108,0,0,-82.1108,82.1108,70,0,0,0,10,6,1.5,18.1339,1.5
3000875095,83.4854,0,0,-83.4854,83.4854,95,0,0,0,10,19,12.099,23.901,1.5
3000875103,84.373,0,0,-84.373,84.373,103,0,0,0,10,9,2.4495,28.9495,1.5
3000875109,84.3234,0,0,-84.3234,84.3234,109,0,0,0,10,1,-11.5259,28.9741,1.5
3000875116,84.5729,0,0,-84.5729,84.5729,116,0,0,0,10,16,6.69926,33,1.5
3000875158,97.0791,0,0,-97.0791,97.0791,158,0,0,0,10,13,17.392,42.392,1.5
3000875165,95.2536,0,0,-95.2536,95.2536,165,0,0,0,10,20,11.2605,46.7605,1.5
3000875176,96.4266,0,0,-96.4266,96.4266,176,0,0,0,10,5,-22,46.2679,1.5
3000875213,100.688,0,0,-100.688,100.688,213,0,0,0,10,3,-20.7838,59.5,1.5
3000875219,102.326,0,0,-102.326,102.326,219,0,0,0,10,17,28.5,57.4788,1.5
3000875220,96.0925,0,0,-96.0925,96.0925,220,0,0,0,10,11,13,63.0581,1.5
3000875243,97.425,0,0,-97.425,97.425,243,0,0,0,10,10,-1,71.3136,1.5
3000875245,103.2,0,0,-103.2,103.2,245,0,0,0,10,8,-22.5,68.3687,1.5
3000875251,101.461,0,0,-101.461,101.461,251,0,0,0,10,18,32.5136,66.5136,1.5
3000875252,100.661,0,0,-100.661,100.661,252,0,0,0,10,15,24.9393,69.9393,1.5
3000875253,99.1114,0,0,-99.1114,99.1114,253,0,0,0,10,12,-15.5347,73.0347,1.5
3000875255,103.724,0,0,-103.724,103.724,255,0,0,0,10,14,-27.1406,70.1406,1.5
3001223317,84.3234,0,0,-84.3234,84.3234,109,1,-11.5259,28.9741,1.5,0,0,0,10
3001348384,96.4266,0,0,-96.4266,96.4266,176,5,-22,46.2679,1.5,0,0,0,10
3001598366,97.0791,0,0,-97.0791,97.0791,158,13,17.392,42.392,1.5,0,0,0,10
3001848453,103.2,0,0,-103.2,103.2,245,8,-22.5,68.3687,1.5,0,0,0,10
3002098303,83.4854,0,0,-83.4854,83.4854,95,19,12.099,23.901,1.5,0,0,0,10
3003348459,101.461,0,0,-101.461,101.461,251,18,32.5136,66.5136,1.5,0,0,0,10
3004598428,96.0925,0,0,-96.0925,96.0925,220,11,13,63.0581,1.5,0,0,0,10
3005223278,82.1108,0,0,-82.1108,82.1108,70,6,1.5,18.1339,1.5,0,0,0,10
3006223373,95.2536,0,0,-95.2536,95.2536,165,20,11.2605,46.7605,1.5,0,0,0,10
3022973311,83.9193,0,0,-83.9193,83.9193,103,4,-14.637,26.637,1.5,0,0,0,10
3023973384,96.7678,0,0,-96.7678,96.7678,176,2,-6.51992,52,1.5,0,0,0,10
3040973300,83.5857,0,0,-83.5857,83.5857,92,7,10.4293,24.5,1.5,0,0,0,10
3046348463,103.724,0,0,-103.724,103.724,255,14,-27.1406,70.1406,1.5,0,0,0,10
3046598460,100.661,0,0,-100.661,100.661,252,15,24.9393,69.9393,1.5,0,0,0,10
3047723421,100.688,0,0,-100.688,100.688,213,3,-20.7838,59.5,1.5,0,0,0,10
3047848311,84.373,0,0,-84.373,84.373,103,9,2.4495,28.9495,1.5,0,0,0,10
3048723461,99.1114,0,0,-99.1114,99.1114,253,12,-15.5347,73.0347,1.5,0,0,0,10
3049348427,102.326,0,0,-102.326,102.326,219,17,28.5,57.4788,1.5,0,0,0,10
3049848451,97.425,0,0,-97.425,97.425,243,10,-1,71.3136,1.5,0,0,0,10
3050000103,83.9193,0,0,-83.9193,83.9193,103,0,0,0,10,4,-14.637,26.637,1.5
3050000176,96.7678,0,0,-96.7678,96.7678,176,0,0,0,10,2,-6.51992,52,1.5
3050598324,84.5729,0,0,-84.5729,84.5729,116,16,6.69926,33,1.5,0,0,0,10
3050625092,83.5857,0,0,-83.5857,83.5857,92,0,0,0,10,7,10.4293,24.5,1.5
3050875070,82.1108,0,0,-82.1108,82.1108,70,0,0,0,10,6,1.5,18.1339,1.5
3050875095,83.4854,0,0,-83.4854,83.4854,95,0,0,0,10,19,12.099,23.901,1.5
3050875103,84.373,0,0,-84.373,84.373,103,0,0,0,10,9,2.4495,28.9495,1.5
3050875109,84.3234,0,0,-84.3234,84.3234,109,0,0,0,10,1,-11.5259,28.9741,1.5
3050875116,84.5729,0,0,-84.5729,84.5729,116,0,0,0,10,16,6.69926,33,1.5
3050875158,97.0791,0,0,-97.0791,97.0791,158,0,0,0,10,13,17.392,42.392,1.5
3050875165,95.2536,0,0,-95.2536,95.2536,165,0,0,0,10,20,11.2605,46.7605,1.5
3050875176,96.4266,0,0,-96.4266,96.4266,176,0,0,0,10,5,-22,46.2679,1.5
3050875213,100.688,0,0,-100.688,100.688,213,0,0,0,10,3,-20.7838,59.5,1.5
3050875219,102.326,0,0,-102.326,102.326,219,0,0,0,10,17,28.5,57.4788,1.5
3050875220,96.0925,0,0,-96.0925,96.0925,220,0,0,0,10,11,13,63.0581,1.5
3050875243,97.425,0,0,-97.425,97.425,243,0,0,0,10,10,-1,71.3136,1.5
3050875245,103.2,0,0,-103.2,103.2,245,0,0,0,10,8,-22.5,68.3687,1.5
3050875251,101.461,0,0,-101.461,101.461,251,0,0,0,10,18,32.5136,66.5136,1.5
3050875252,100.661,0,0,-100.661,100.661,252,0,0,0,10,15,24.9393,69.9393,1.5
3050875253,99.1114,0,0,-99.1114,99.1114,253,0,0,0,10,12,-15.5347,73.0347,1.5
3050875255,103.724,0,0,-103.724,103.724,255,0,0,0,10,14,-27.1406,70.1406,1.5
3051223317,84.3234,0,0,-84.3234,84.3234,109,1,-11.5259,28.9741,1.5,0,0,0,10
3051348384,96.4266,0,0,-96.4266,96.4266,176,5,-22,46.2679,1.5,0,0,0,10
3051598366,97.0791,0,0,-97.0791,97.0791,158,13,17.392,42.392,1.5,0,0,0,10
3051848453,103.2,0,0,-103.2,103.2,245,8,-22.5,68.3687,1.5,0,0,0,10
3052098303,83.4854,0,0,-83.4854,83.4854,95,19,12.099,23.901,1.5,0,0,0,10
3053348459,101.461,0,0,-101.461,101.461,251,18,32.5136,66.5136,1.5,0,0,0,10
3054598428,96.0925,0,0,-96.0925,96.0925,220,11,13,63.0581,1.5,0,0,0,10
3055223278,82.1108,0,0,-82.1108,82.1108,70,6,1.5,18.1339,1.5,0,0,0,10
3056223373,95.2536,0,0,-95.2536,95.2536,165,20,11.2605,46.7605,1.5,0,0,0,10
3072973311,83.9193,0,0,-83.9193,83.9193,103,4,-14.637,26.637,1.5,0,0,0,10
3073973384,96.7678,0,0,-96.7678,96.7678,176,2,-6.51992,52,1.5,0,0,0,10
3090973300,83.5857,0,0,-83.5857,83.5857,92,7,10.4293,24.5,1.5,0,0,0,10
3096348463,103.724,0,0,-103.724,103.724,255,14,-27.1406,70.1406,1.5,0,0,0,10
3096598460,100.661,0,0,-100.661,100.661,252,15,24.9393,69.9393,1.5,0,0,0,10
3097723421,100.688,0,0,-100.688,100.688,213,3,-20.7838,59.5,1.5,0,0,0,10
3097848311,84.373,0,0,-84.373,84.373,103,9,2.4495,28.9495,1.5,0,0,0,10
3098723461,99.1114,0,0,-99.1114,99.1114,253,12,-15.5347,73.0347,1.5,0,0,0,10
3099348427,102.326,0,0,-102.326,102.326,219,17,28.5,57.4788,1.5,0,0,0,10
3099848451,97.425,0,0,-97.425,97.425,243,10,-1,71.3136,1.5,0,0,0,10
3100000103,83.9193,0,0,-83.9193,83.9193,103,0,0,0,10,4,-14.7431,26.7431,1.5
3100000176,96.7678,0,0,-96.7678,96.7678,176,0,0,0,10,2,-6.66992,52,1.5
3100598324,84.5729,0,0,-84.5729,84.5729,116,16,6.54926,33,1.5,0,0,0,10
3100625092,83.5857,0,0,-83.5857,83.5857,92,0,0,0,10,7,10.4293,24.5,1.5
3100875095,83.4854,0,0,-83.4854,83.4854,95,0,0,0,10,19,12.2051,23.7949,1.5
3100875103,84.373,0,0,-84.373,84.373,103,0,0,0,10,9,2.34343,28.8434,1.5
3100875109,84.3234,0,0,-84.3234,84.3234,109,0,0,0,10,1,-11.632,28.868,1.5
3100875116,84.5729,0,0,-84.5729,84.5729,116,0,0,0,10,16,6.54926,33,1.5
3100875158,97.0791,0,0,-97.0791,97.0791,158,0,0,0,10,13,17.286,42.286,1.5
3100875165,95.2536,0,0,-95.2536,95.2536,165,0,0,0,10,20,11.1545,46.6545,1.5
3100875176,96.4266,0,0,-96.4266,96.4266,176,0,0,0,10,5,-22,46.1179,1.5
3100875213,100.688,0,0,-100.688,100.688,213,0,0,0,10,3,-20.6338,59.5,1.5
3100875219,102.326,0,0,-102.326,102.326,219,0,0,0,10,17,28.5,57.3288,1.5
3100875220,96.0925,0,0,-96.0925,96.0925,220,0,0,0,10,11,13,62.9081,1.5
3100875243,97.425,0,0,-97.425,97.425,243,0,0,0,10,10,-1,71.1636,1.5
3100875245,103.2,0,0,-103.2,103.2,245,0,0,0,10,8,-22.5,68.2187,1.5
3100875251,101.461,0,0,-101.461,101.461,251,0,0,0,10,18,32.4075,66.4075,1.5
3100875252,100.661,0,0,-100.661,100.661,252,0,0,0,10,15,24.8333,69.8333,1.5
3100875253,99.1114,0,0,-99.1114,99.1114,253,0,0,0,10,12,-15.5,72.899,1.5
3100875255,103.724,0,0,-103.724,103.724,255,0,0,0,10,14,-27.0345,70.0345,1.5
3101000065,81.7816,0,0,-81.7816,81.7816,65,0,0,0,10,6,1.5,17.9839,1.5
3101223317,84.3234,0,0,-84.3234,84.3234,109,1,-11.632,28.868,1.5,0,0,0,10
3101348384,96.4266,0,0,-96.4266,96.4266,176,5,-22,46.1179,1.5,0,0,0,10
3101598366,97.0791,0,0,-97.0791,97.0791,158,13,17.286,42.286,1.5,0,0,0,10
3101848453,103.2,0,0,-103.2,103.2,245,8,-22.5,68.2187,1.5,0,0,0,10
3102098303,83.4854,0,0,-83.4854,83.4854,95,19,12.2051,23.7949,1.5,0,0,0,10
3103348459,101.461,0,0,-101.461,101.461,251,18,32.4075,66.4075,1.5,0,0,0,10
3104598428,96.0925,0,0,-96.0925,96.0925,220,11,13,62.9081,1.5,0,0,0,10
3106223373,95.2536,0,0,-95.2536,95.2536,165,20,11.1545,46.6545,1.5,0,0,0,10
3109982201,81.7816,0,0,-81.7816,81.7816,65,6,1.5,17.9839,1.5,0,0,0,10
3122973311,83.9193,0,0,-83.9193,83.9193,103,4,-14.7431,26.7431,1.5,0,0,0,10
3123973384,96.7678,0,0,-96.7678,96.7678,176,2,-6.66992,52,1.5,0,0,0,10
3140973300,83.5857,0,0,-83.5857,83.5857,92,7,10.4293,24.5,1.5,0,0,0,10
3146348463,103.724,0,0,-103.724,103.724,255,14,-27.0345,70.0345,1.5,0,0,0,10
3146598460,100.661,0,0,-100.661,100.661,252,15,24.8333,69.8333,1.5,0,0,0,10
3147723421,100.688,0,0,-100.688,100.688,213,3,-20.6338,59.5,1.5,0,0,0,10
3147848311,84.373,0,0,-84.373,84.373,103,9,2.34343,28.8434,1.5,0,0,0,10
3148723461,99.1114,0,0,-99.1114,99.1114,253,12,-15.5,72.899,1.5,0,0,0,10
3149348427,102.326,0,0,-102.326,102.326,219,17,28.5,57.3288,1.5,0,0,0,10
3149848451,97.425,0,0,-97.425,97.425,243,10,-1,71.1636,1.5,0,0,0,10
3150000103,83.9193,0,0,-83.9193,83.9193,103,0,0,0,10,4,-14.7431,26.7431,1.5
3150000176,96.7678,0,0,-96.7678,96.7678,176,0,0,0,10,2,-6.66992,52,1.5
3150598324,84.5729,0,0,-84.5729,84.5729,116,16,6.54926,33,1.5,0,0,0,10
3150625092,83.5857,0,0,-83.5857,83.5857,92,0,0,0,10,7,10.4293,24.5,1.5
3150875095,83.4854,0,0,-83.4854,83.4854,95,0,0,0,10,19,12.2051,23.7949,1.5
3150875103,84.373,0,0,-84.373,84.373,103,0,0,0,10,9,2.34343,28.8434,1.5
3150875109,84.3234,0,0,-84.3234,84.3234,109,0,0,0,10,1,-11.632,28.868,1.5
3150875116,84.5729,0,0,-84.5729,84.5729,116,0,0,0,10,16,6.54926,33,1.5
3150875158,97.0791,0,0,-97.0791,97.0791,158,0,0,0,10,13,17.286,42.286,1.5
3150875165,95.2536,0,0,-95.2536,95.2536,165,0,0,0,10,20,11.1545,46.6545,1.5
3150875176,96.4266,0,0,-96.4266,96.4266,176,0,0,0,10,5,-22,46.1179,1.5
3150875213,100.688,0,0,-100.688,100.688,213,0,0,0,10,3,-20.6338,59.5,1.5
3150875219,102.326,0,0,-102.326,102.326,219,0,0,0,10,17,28.5,57.3288,1.5
3150875220,96.0925,0,0,-96.0925,96.0925,220,0,0,0,10,11,13,62.9081,1.5
3150875243,97.425,0,0,-97.425,97.425,243,0,0,0,10,10,-1,71.1636,1.5
3150875245,103.2,0,0,-103.2,103.2,245,0,0,0,10,8,-22.5,68.2187,1.5
3150875251,101.461,0,0,-101.461,101.461,251,0,0,0,10,18,32.4075,66.4075,1.5
3150875252,100.661,0,0,-100.661,100.661,252,0,0,0,10,15,24.8333,69.8333,1.5
3150875253,99.1114,0,0,-99.1114,99.1114,253,0,0,0,10,12,-15.5,72.899,1.5
3150875255,103.724,0,0,-103.724,103.724,255,0,0,0,10,14,-27.0345,70.0345,1.5
3151000065,81.7816,0,0,-81.7816,81.7816,65,0,0,0,10,6,1.5,17.9839,1.5
3151223317,84.3234,0,0,-84.3234,84.3234,109,1,-11.632,28.868,1.5,0,0,0,10
3151348384,96.4266,0,0,-96.4266,96.4266,176,5,-22,46.1179,1.5,0,0,0,10
3151598366,97.0791,0,0,-97.0791,97.0791,158,13,17.286,42.286,1.5,0,0,0,10
3151848453,103.2,0,0,-103.2,103.2,245,8,-22.5,68.2187,1.5,0,0,0,10
3152098303,83.4854,0,0,-83.4854,83.4854,95,19,12.2051,23.7949,1.5,0,0,0,10
3153348459,101.461,0,0,-101.461,101.461,251,18,32.4075,66.4075,1.5,0,0,0,10
3154598428,96.0925,0,0,-96.0925,96.0925,220,11,13,62.9081,1.5,0,0,0,10
3156223373,95.2536,0,0,-95.2536,95.2536,165,20,11.1545,46.6545,1.5,0,0,0,10
3161857201,81.7816,0,0,-81.7816,81.7816,65,6,1.5,17.9839,1.5,0,0,0,10
3172973311,83.9193,0,0,-83.9193,83.9193,103,4,-14.7431,26.7431,1.5,0,0,0,10
3173973384,96.7678,0,0,-96.7678,96.7678,176,2,-6.66992,52,1.5,0,0,0,10
3190973300,83.5857,0,0,-83.5857,83.5857,92,7,10.4293,24.5,1.5,0,0,0,10
3196348463,103.724,0,0,-103.724,103.724,255,14,-27.0345,70.0345,1.5,0,0,0,10
3196598460,100.661,0,0,-100.661,100.661,252,15,24.8333,69.8333,1.5,0,0,0,10
3197723421,100.688,0,0,-100.688,100.688,213,3,-20.6338,59.5,1.5,0,0,0,10
3197848311,84.373,0,0,-84.373,84.373,103,9,2.34343,28.8434,1.5,0,0,0,10
3198723461,99.1114,0,0,-99.1114,99.1114,253,12,-15.5,72.899,1.5,0,0,0,10
3199348427,102.326,0,0,-102.326,102.326,219,17,28.5,57.3288,1.5,0,0,0,10
3199848451,97.425,0,0,-97.425,97.425,243,10,-1,71.1636,1.5,0,0,0,10
3200000103,83.9193,0,0,-83.9193,83.9193,103,0,0,0,10,4,-14.8492,26.8492,1.5
3200000176,96.7678,0,0,-96.7678,96.7678,176,0,0,0,10,2,-6.81992,52,1.5
3200598324,84.5729,0,0,-84.5729,84.5729,116,16,6.39926,33,1.5,0,0,0,10
3200625092,83.5857,0,0,-83.5857,83.5857,92,0,0,0,10,7,10.8793,24.5,1.5
3200875095,83.4854,0,0,-83.4854,83.4854,95,0,0,0,10,19,12.3111,23.6889,1.5
3200875103,84.373,0,0,-84.373,84.373,103,0,0,0,10,9,2.23736,28.7374,1.5
3200875109,84.3234,0,0,-84.3234,84.3234,109,0,0,0,10,1,-11.738,28.762,1.5
3200875116,84.5729,0,0,-84.5729,84.5729,116,0,0,0,10,16,6.39926,33,1.5
3200875158,97.0791,0,0,-97.0791,97.0791,158,0,0,0,10,13,17.1799,42.1799,1.5
3200875165,95.2536,0,0,-95.2536,95.2536,165,0,0,0,10,20,11.0484,46.5484,1.5
3200875176,96.4266,0,0,-96.4266,96.4266,176,0,0,0,10,5,-22,45.9679,1.5
3200875213,100.688,0,0,-100.688,100.688,213,0,0,0,10,3,-20.4838,59.5,1.5
3200875219,102.326,0,0,-102.326,102.326,219,0,0,0,10,17,28.5,57.1788,1.5
3200875220,96.0925,0,0,-96.0925,96.0925,220,0,0,0,10,11,13,62.7581,1.5
3200875243,97.425,0,0,-97.425,97.425,243,0,0,0,10,10,-1,71.0136,1.5
3200875245,103.2,0,0,-103.2,103.2,245,0,0,0,10,8,-22.5,68.0687,1.5
3200875251,101.461,0,0,-101.461,101.461,251,0,0,0,10,18,32.3014,66.3014,1.5
3200875252,100.661,0,0,-100.661,100.661,252,0,0,0,10,15,24.7272,69.7272,1.5
3200875253,99.1114,0,0,-99.1114,99.1114,253,0,0,0,10,12,-15.5,72.749,1.5
3200875255,103.724,0,0,-103.724,103.724,255,0,0,0,10,14,-26.9284,69.9284,1.5
3201000065,81.7816,0,0,-81.7816,81.7816,65,0,0,0,10,6,1.5,17.8339,1.5
3201223317,84.3234,0,0,-84.3234,84.3234,109,1,-11.738,28.762,1.5,0,0,0,10
3201348384,96.4266,0,0,-96.4266,96.4266,176,5,-22,45.9679,1.5,0,0,0,10
3201598366,97.0791,0,0,-97.0791,97.0791,158,13,17.1799,42.1799,1.5,0,0,0,10
3201848453,103.2,0,0,-103.2,103.2,245,8,-22.5,68.0687,1.5,0,0,0,10
3202098303,83.4854,0,0,-83.4854,83.4854,95,19,12.3111,23.6889,1.5,0,0,0,10
3203348459,101.461,0,0,-101.461,101.461,251,18,32.3014,66.3014,1.5,0,0,0,10
3204598428,96.0925,0,0,-96.0925,96.0925,220,11,13,62.7581,1.5,0,0,0,10
3206223373,95.2536,0,0,-95.2536,95.2536,165,20,11.0484,46.5484,1.5,0,0,0,10
3213732201,81.7816,0,0,-81.7816,81.7816,65,6,1.5,17.8339,1.5,0,0,0,10
3222973311,83.9193,0,0,-83.9193,83.9193,103,4,-14.8492,26.8492,1.5,0,0,0,10
3223973384,96.7678,0,0,-96.7678,96.7678,176,2,-6.81992,52,1.5,0,0,0,10
3240973300,83.5857,0,0,-83.5857,83.5857,92,7,10.8793,24.5,1.5,0,0,0,10
3246348463,103.724,0,0,-103.724,103.724,255,14,-26.9284,69.9284,1.5,0,0,0,10
3246598460,100.661,0,0,-100.661,100.661,252,15,24.7272,69.7272,1.5,0,0,0,10
3247723421,100.688,0,0,-100.688,100.688,213,3,-20.4838,59.5,1.5,0,0,0,10
3247848311,84.373,0,0,-84.373,84.373,103,9,2.23736,28.7374,1.5,0,0,0,10
3248723461,99.1114,0,0,-99.1114,99.1114,253,12,-15.5,72.749,1.5,0,0,0,10
3249348427,102.326,0,0,-102.326,102.326,219,17,28.5,57.1788,1.5,0,0,0,10
3249848451,97.425,0,0,-97.425,97.425,243,10,-1,71.0136,1.5,0,0,0,10
3250000103,83.9193,0,0,-83.9193,83.9193,103,0,0,0,10,4,-14.8492,26.8492,1.5
3250000176,96.7678,0,0,-96.7678,96.7678,176,0,0,0,10,2,-6.81992,52,1.5
3250598324,84.5729,0,0,-84.5729,84.5729,116,16,6.39926,33,1.5,0,0,0,10
3250625092,83.5857,0,0,-83.5857,83.5857,92,0,0,0,10,7,10.8793,24.5,1.5
3250875095,83.4854,0,0,-83.4854,83.4854,95,0,0,0,10,19,12.3111,23.6889,1.5
3250875103,84.373,0,0,-84.373,84.373,103,0,0,0,10,9,2.23736,28.7374,1.5
3250875109,84.3234,0,0,-84.3234,84.3234,109,0,0,0,10,1,-11.738,28.762,1.5
3250875116,84.5729,0,0,-84.5729,84.5729,116,0,0,0,10,16,6.39926,33,1.5
3250875158,97.0791,0,0,-97.0791,97.0791,158,0,0,0,10,13,17.1799,42.1799,1.5
3250875165,95.2536,0,0,-95.2536,95.2536,165,0,0,0,10,20,11.0484,46.5484,1.5
3250875176,96.4266,0,0,-96.4266,96.4266,176,0,0,0,10,5,-22,45.9679,1.5
3250875213,100.688,0,0,-100.688,100.688,213,0,0,0,10,3,-20.4838,59.5,1.5
3250875219,102.326,0,0,-102.326,102.326,219,0,0,0,10,17,28.5,57.1788,1.5
3250875220,96.0925,0,0,-96.0925,96.0925,220,0,0,0,10,11,13,62.7581,1.5
3250875243,97.425,0,0,-97.425,97.425,243,0,0,0,10,10,-1,71.0136,1.5
3250875245,103.2,0,0,-103.2,103.2,245,0,0,0,10,8,-22.5,68.0687,1.5
3250875251,101.461,0,0,-101.461,101.461,251,0,0,0,10,18,32.3014,66.3014,1.5
3250875252,100.661,0,0,-100.661,100.661,252,0,0,0,10,15,24.7272,69.7272,1.5
3250875253,99.1114,0,0,-99.1114,99.1114,253,0,0,0,10,12,-15.5,72.749,1.5
3250875255,103.724,0,0,-103.724,103.724,255,0,0,0,10,14,-26.9284,69.9284,1.5
3251000065,81.7816,0,0,-81.7816,81.7816,65,0,0,0,10,6,1.5,17.8339,1.5
3251223317,84.3234,0,0,-84.3234,84.3234,109,1,-11.738,28.762,1.5,0,0,0,10
3251348384,96.4266,0,0,-96.4266,96.4266,176,5,-22,45.9679,1.5,0,0,0,10
3251598366,97.0791,0,0,-97.0791,97.0791,158,13,17.1799,42.1799,1.5,0,0,0,10
3251848453,103.2,0,0,-103.2,103.2,245,8,-22.5,68.0687,1.5,0,0,0,10
3252098303,83.4854,0,0,-83.4854,83.4854,95,19,12.3111,23.6889,1.5,0,0,0,10
3253348459,101.461,0,0,-101.461,101.461,251,18,32.3014,66.3014,1.5,0,0,0,10
3254598428,96.0925,0,0,-96.0925,96.0925,220,11,13,62.7581,1.5,0,0,0,10
3256223373,95.2536,0,0,-95.2536,95.2536,165,20,11.0484,46.5484,1.5,0,0,0,10
3265223273,81.7816,0,0,-81.7816,81.7816,65,6,1.5,17.8339,1.5,0,0,0,10
3272973311,83.9193,0,0,-83.9193,83.9193,103,4,-14.8492,26.8492,1.5,0,0,0,10
3273973384,96.7678,0,0,-96.7678,96.7678,176,2,-6.81992,52,1.5,0,0,0,10
3290973300,83.5857,0,0,-83.5857,83.5857,92,7,10.8793,24.5,1.5,0,0,0,10
3296348463,103.724,0,0,-103.724,103.724,255,14,-26.9284,69.9284,1.5,0,0,0,10
3296598460,100.661,0,0,-100.661,100.661,252,15,24.7272,69.7272,1.5,0,0,0,10
3297723421,100.688,0,0,-100.688,100.688,213,3,-20.4838,59.5,1.5,0,0,0,10
3297848311,84.373,0,0,-84.373,84.373,103,9,2.23736,28.7374,1.5,0,0,0,10
3298723461,99.1114,0,0,-99.1114,99.1114,253,12,-15.5,72.749,1.5,0,0,0,10
3299348427,102.326,0,0,-102.326,102.326,219,17,28.5,57.1788,1.5,0,0,0,10
3299848451,97.425,0,0,-97.425,97.425,243,10,-1,71.0136,1.5,0,0,0,10
3300000107,84.3376,0,0,-84.3376,84.3376,107,0,0,0,10,4,-14.9552,26.9552,1.5
3300000177,96.6791,0,0,-96.6791,96.6791,177,0,0,0,10,2,-6.96992,52,1.5
3300598324,85.1191,0,0,-85.1191,85.1191,116,16,6.24926,33,1.5,0,0,0,10
3300625094,83.5047,0,0,-83.5047,83.5047,94,0,0,0,10,7,11.0293,24.5,1.5
3300875116,85.1191,0,0,-85.1191,85.1191,116,0,0,0,10,16,6.24926,33,1.5
3301000066,81.8145,0,0,-81.8145,81.8145,66,0,0,0,10,6,1.5,17.6839,1.5
3301000093,84.0121,0,0,-84.0121,84.0121,93,0,0,0,10,19,12.4172,23.5828,1.5
3301000100,84.5263,0,0,-84.5263,84.5263,100,0,0,0,10,9,2.1313,28.6313,1.5
3301000107,84.4884,0,0,-84.4884,84.4884,107,0,0,0,10,1,-11.8441,28.6559,1.5
3301000154,96.4248,0,0,-96.4248,96.4248,154,0,0,0,10,13,17.0738,42.0738,1.5
3301000162,94.64,0,0,-94.64,94.64,162,0,0,0,10,20,10.9423,46.4423,1.5
3301000172,95.3054,0,0,-95.3054,95.3054,172,0,0,0,10,5,-22,45.8179,1.5
3301000212,98.6267,0,0,-98.6267,98.6267,212,0,0,0,10,3,-20.3338,59.5,1.5
3301000215,101.436,0,0,-101.436,101.436,215,0,0,0,10,17,28.5,57.0288,1.5
3301000215,98.2457,0,0,-98.2457,98.2457,215,0,0,0,10,11,13,62.6081,1.5
3301000238,96.1291,0,0,-96.1291,96.1291,238,0,0,0,10,10,-1,70.8636,1.5
3301000240,102.813,0,0,-102.813,102.813,240,0,0,0,10,8,-22.5,67.9187,1.5
3301000247,100.225,0,0,-100.225,100.225,247,0,0,0,10,18,32.1954,66.1954,1.5
3301000248,101.258,0,0,-101.258,101.258,248,0,0,0,10,15,24.6211,69.6211,1.5
3301000249,103.056,0,0,-103.056,103.056,249,0,0,0,10,12,-15.5,72.599,1.5
3301000251,102.317,0,0,-102.317,102.317,251,0,0,0,10,14,-26.8224,69.8224,1.5
3301982376,102.813,0,0,-102.813,102.813,240,8,-22.5,67.9187,1.5,0,0,0,10
3302107308,95.3054,0,0,-95.3054,95.3054,172,5,-22,45.8179,1.5,0,0,0,10
3303357290,96.4248,0,0,-96.4248,96.4248,154,13,17.0738,42.0738,1.5,0,0,0,10
3304232243,84.4884,0,0,-84.4884,84.4884,107,1,-11.8441,28.6559,1.5,0,0,0,10
3306857298,94.64,0,0,-94.64,94.64,162,20,10.9423,46.4423,1.5,0,0,0,10
3307482351,98.2457,0,0,-98.2457,98.2457,215,11,13,62.6081,1.5,0,0,0,10
3308857229,84.0121,0,0,-84.0121,84.0121,93,19,12.4172,23.5828,1.5,0,0,0,10
3310857383,100.225,0,0,-100.225,100.225,247,18,32.1954,66.1954,1.5,0,0,0,10
3315223274,81.8145,0,0,-81.8145,81.8145,66,6,1.5,17.6839,1.5,0,0,0,10
3322973315,84.3376,0,0,-84.3376,84.3376,107,4,-14.9552,26.9552,1.5,0,0,0,10
3323973385,96.6791,0,0,-96.6791,96.6791,177,2,-6.96992,52,1.5,0,0,0,10
3340973302,83.5047,0,0,-83.5047,83.5047,94,7,11.0293,24.5,1.5,0,0,0,10
3349357384,101.258,0,0,-101.258,101.258,248,15,24.6211,69.6211,1.5,0,0,0,10
3349982374,96.1291,0,0,-96.1291,96.1291,238,10,-1,70.8636,1.5,0,0,0,10
3350000107,84.3376,0,0,-84.3376,84.3376,107,0,0,0,10,4,-14.9552,26.9552,1.5
3350000177,96.6791,0,0,-96.6791,96.6791,177,0,0,0,10,2,-6.96992,52,1.5
3350598324,85.1191,0,0,-85.1191,85.1191,116,16,6.24926,33,1.5,0,0,0,10
3350625094,83.5047,0,0,-83.5047,83.5047,94,0,0,0,10,7,11.0293,24.5,1.5
3350875116,85.1191,0,0,-85.1191,85.1191,116,0,0,0,10,16,6.24926,33,1.5
3351000066,81.8145,0,0,-81.8145,81.8145,66,0,0,0,10,6,1.5,17.6839,1.5
3351000093,84.0121,0,0,-84.0121,84.0121,93,0,0,0,10,19,12.4172,23.5828,1.5
3351000100,84.5263,0,0,-84.5263,84.5263,100,0,0,0,10,9,2.1313,28.6313,1.5
3351000107,84.4884,0,0,-84.4884,84.4884,107,0,0,0,10,1,-11.8441,28.6559,1.5
3351000154,96.4248,0,0,-96.4248,96.4248,154,0,0,0,10,13,17.0738,42.0738,1.5
3351000162,94.64,0,0,-94.64,94.64,162,0,0,0,10,20,10.9423,46.4423,1.5
3351000172,95.3054,0,0,-95.3054,95.3054,172,0,0,0,10,5,-22,45.8179,1.5
3351000212,98.6267,0,0,-98.6267,98.6267,212,0,0,0,10,3,-20.3338,59.5,1.5
3351000215,101.436,0,0,-101.436,101.436,215,0,0,0,10,17,28.5,57.0288,1.5
3351000215,98.2457,0,0,-98.2457,98.2457,215,0,0,0,10,11,13,62.6081,1.5
3351000238,96.1291,0,0,-96.1291,96.1291,238,0,0,0,10,10,-1,70.8636,1.5
3351000240,102.813,0,0,-102.813,102.813,240,0,0,0,10,8,-22.5,67.9187,1.5
3351000247,100.225,0,0,-100.225,100.225,247,0,0,0,10,18,32.1954,66.1954,1.5
3351000248,101.258,0,0,-101.258,101.258,248,0,0,0,10,15,24.6211,69.6211,1.5
3351000249,103.056,0,0,-103.056,103.056,249,0,0,0,10,12,-15.5,72.599,1.5
3351000251,102.317,0,0,-102.317,102.317,251,0,0,0,10,14,-26.8224,69.8224,1.5
3351482385,103.056,0,0,-103.056,103.056,249,12,-15.5,72.599,1.5,0,0,0,10
3351732236,84.5263,0,0,-84.5263,84.5263,100,9,2.1313,28.6313,1.5,0,0,0,10
3352107348,98.6267,0,0,-98.6267,98.6267,212,3,-20.3338,59.5,1.5,0,0,0,10
3353732376,102.813,0,0,-102.813,102.813,240,8,-22.5,67.9187,1.5,0,0,0,10
3353982308,95.3054,0,0,-95.3054,95.3054,172,5,-22,45.8179,1.5,0,0,0,10
3354232387,102.317,0,0,-102.317,102.317,251,14,-26.8224,69.8224,1.5,0,0,0,10
3356107243,84.4884,0,0,-84.4884,84.4884,107,1,-11.8441,28.6559,1.5,0,0,0,10
3359232351,98.2457,0,0,-98.2457,98.2457,215,11,13,62.6081,1.5,0,0,0,10
3359348423,101.436,0,0,-101.436,101.436,215,17,28.5,57.0288,1.5,0,0,0,10
3361598362,96.4248,0,0,-96.4248,96.4248,154,13,17.0738,42.0738,1.5,0,0,0,10
3362098301,84.0121,0,0,-84.0121,84.0121,93,19,12.4172,23.5828,1.5,0,0,0,10
3363348455,100.225,0,0,-100.225,100.225,247,18,32.1954,66.1954,1.5,0,0,0,10
3364482298,94.64,0,0,-94.64,94.64,162,20,10.9423,46.4423,1.5,0,0,0,10
3365223274,81.8145,0,0,-81.8145,81.8145,66,6,1.5,17.6839,1.5,0,0,0,10
3372973315,84.3376,0,0,-84.3376,84.3376,107,4,-14.9552,26.9552,1.5,0,0,0,10
3373973385,96.6791,0,0,-96.6791,96.6791,177,2,-6.96992,52,1.5,0,0,0,10
3390973302,83.5047,0,0,-83.5047,83.5047,94,7,11.0293,24.5,1.5,0,0,0,10
3400000107,84.3376,0,0,-84.3376,84.3376,107,0,0,0,10,4,-15.0613,27.0613,1.5
3400000177,96.6791,0,0,-96.6791,96.6791,177,0,0,0,10,2,-7.11992,52,1.5
3400098447,96.1291,0,0,-96.1291,96.1291,238,10,-1,70.7136,1.5,0,0,0,10
3400598324,85.1191,0,0,-85.1191,85.1191,116,16,6.09926,33,1.5,0,0,0,10
3400625094,83.5047,0,0,-83.5047,83.5047,94,0,0,0,10,7,11.1793,24.5,1.5
3400875116,85.1191,0,0,-85.1191,85.1191,116,0,0,0,10,16,6.09926,33,1.5
3401000066,81.8145,0,0,-81.8145,81.8145,66,0,0,0,10,6,1.5,17.5339,1.5
3401000093,84.0121,0,0,-84.0121,84.0121,93,0,0,0,10,19,12.5233,23.4767,1.5
3401000100,84.5263,0,0,-84.5263,84.5263,100,0,0,0,10,9,2.02523,28.5252,1.5
3401000107,84.4884,0,0,-84.4884,84.4884,107,0,0,0,10,1,-11.9502,28.5498,1.5
3401000154,96.4248,0,0,-96.4248,96.4248,154,0,0,0,10,13,16.9678,41.9678,1.5
3401000162,94.64,0,0,-94.64,94.64,162,0,0,0,10,20,10.8363,46.3363,1.5
3401000172,95.3054,0,0,-95.3054,95.3054,172,0,0,0,10,5,-22,45.6679,1.5
3401000212,98.6267,0,0,-98.6267,98.6267,212,0,0,0,10,3,-20.1838,59.5,1.5
3401000215,101.436,0,0,-101.436,101.436,215,0,0,0,10,17,28.5,56.8788,1.5
3401000215,98.2457,0,0,-98.2457,98.2457,215,0,0,0,10,11,13,62.4581,1.5
3401000238,96.1291,0,0,-96.1291,96.1291,238,0,0,0,10,10,-1,70.7136,1.5
3401000240,102.813,0,0,-102.813,102.813,240,0,0,0,10,8,-22.5,67.7687,1.5
3401000247,100.225,0,0,-100.225,100.225,247,0,0,0,10,18,32.0893,66.0893,1.5
3401000248,101.258,0,0,-101.258,101.258,248,0,0,0,10,15,24.5151,69.5151,1.5
3401000249,103.056,0,0,-103.056,103.056,249,0,0,0,10,12,-15.5,72.449,1.5
3401000251,102.317,0,0,-102.317,102.317,251,0,0,0,10,14,-26.7163,69.7163,1.5
3403357385,103.056,0,0,-103.056,103.056,249,12,-15.5,72.449,1.5,0,0,0,10
3403607236,84.5263,0,0,-84.5263,84.5263,100,9,2.02523,28.5252,1.5,0,0,0,10
3403982348,98.6267,0,0,-98.6267,98.6267,212,3,-20.1838,59.5,1.5,0,0,0,10
3404357387,102.317,0,0,-102.317,102.317,251,14,-26.7163,69.7163,1.5,0,0,0,10
3405357384,101.258,0,0,-101.258,101.258,248,15,24.5151,69.5151,1.5,0,0,0,10
3405607376,102.813,0,0,-102.813,102.813,240,8,-22.5,67.7687,1.5,0,0,0,10
3405732308,95.3054,0,0,-95.3054,95.3054,172,5,-22,45.6679,1.5,0,0,0,10
3407982243,84.4884,0,0,-84.4884,84.4884,107,1,-11.9502,28.5498,1.5,0,0,0,10
3409348423,101.436,0,0,-101.436,101.436,215,17,28.5,56.8788,1.5,0,0,0,10
3411107351,98.2457,0,0,-98.2457,98.2457,215,11,13,62.4581,1.5,0,0,0,10
3411598362,96.4248,0,0,-96.4248,96.4248,154,13,16.9678,41.9678,1.5,0,0,0,10
3412098301,84.0121,0,0,-84.0121,84.0121,93,19,12.5233,23.4767,1.5,0,0,0,10
3413348455,100.225,0,0,-100.225,100.225,247,18,32.0893,66.0893,1.5,0,0,0,10
3415223274,81.8145,0,0,-81.8145,81.8145,66,6,1.5,17.5339,1.5,0,0,0,10
3416223370,94.64,0,0,-94.64,94.64,162,20,10.8363,46.3363,1.5,0,0,0,10
3422973315,84.3376,0,0,-84.3376,84.3376,107,4,-15.0613,27.0613,1.5,0,0,0,10
3423973385,96.6791,0,0,-96.6791,96.6791,177,2,-7.11992,52,1.5,0,0,0,10
3440973302,83.5047,0,0,-83.5047,83.5047,94,7,11.1793,24.5,1.5,0,0,0,10
3450000107,84.3376,0,0,-84.3376,84.3376,107,0,0,0,10,4,-15.0613,27.0613,1.5
3450000177,96.6791,0,0,-96.6791,96.6791,177,0,0,0,10,2,-7.11992,52,1.5
3450598324,85.1191,0,0,-85.1191,85.1191,116,16,6.09926,33,1.5,0,0,0,10
3450625094,83.5047,0,0,-83.5047,83.5047,94,0,0,0,10,7,11.1793,24.5,1.5
3450875116,85.1191,0,0,-85.1191,85.1191,116,0,0,0,10,16,6.09926,33,1.5
3451000066,81.8145,0,0,-81.8145,81.8145,66,0,0,0,10,6,1.5,17.5339,1.5
3451000093,84.0121,0,0,-84.0121,84.0121,93,0,0,0,10,19,12.5233,23.4767,1.5
3451000100,84.5263,0,0,-84.5263,84.5263,100,0,0,0,10,9,2.02523,28.5252,1.5
3451000107,84.4884,0,0,-84.4884,84.4884,107,0,0,0,10,1,-11.9502,28.5498,1.5
3451000154,96.4248,0,0,-96.4248,96.4248,154,0,0,0,10,13,16.9678,41.9678,1.5
3451000162,94.64,0,0,-94.64,94.64,162,0,0,0,10,20,10.8363,46.3363,1.5
3451000172,95.3054,0,0,-95.3054,95.3054,172,0,0,0,10,5,-22,45.6679,1.5
3451000212,98.6267,0,0,-98.6267,98.6267,212,0,0,0,10,3,-20.1838,59.5,1.5
3451000215,101.436,0,0,-101.436,101.436,215,0,0,0,10,17,28.5,56.8788,1.5
3451000215,98.2457,0,0,-98.2457,98.2457,215,0,0,0,10,11,13,62.4581,1.5
3451000238,96.1291,0,0,-96.1291,96.1291,238,0,0,0,10,10,-1,70.7136,1.5
3451000240,102.813,0,0,-102.813,102.813,240,0,0,0,10,8,-22.5,67.7687,1.5
3451000247,100.225,0,0,-100.225,100.225,247,0,0,0,10,18,32.0893,66.0893,1.5
3451000248,101.258,0,0,-101.258,101.258,248,0,0,0,10,15,24.5151,69.5151,1.5
3451000249,103.056,0,0,-103.056,103.056,249,0,0,0,10,12,-15.5,72.449,1.5
3451000251,102.317,0,0,-102.317,102.317,251,0,0,0,10,14,-26.7163,69.7163,1.5
3453482374,96.1291,0,0,-96.1291,96.1291,238,10,-1,70.7136,1.5,0,0,0,10
3455232385,103.056,0,0,-103.056,103.056,249,12,-15.5,72.449,1.5,0,0,0,10
3455357236,84.5263,0,0,-84.5263,84.5263,100,9,2.02523,28.5252,1.5,0,0,0,10
3455857348,98.6267,0,0,-98.6267,98.6267,212,3,-20.1838,59.5,1.5,0,0,0,10
3455973457,101.258,0,0,-101.258,101.258,248,15,24.5151,69.5151,1.5,0,0,0,10
3456348459,102.317,0,0,-102.317,102.317,251,14,-26.7163,69.7163,1.5,0,0,0,10
3457357376,102.813,0,0,-102.813,102.813,240,8,-22.5,67.7687,1.5,0,0,0,10
3457607308,95.3054,0,0,-95.3054,95.3054,172,5,-22,45.6679,1.5,0,0,0,10
3459348423,101.436,0,0,-101.436,101.436,215,17,28.5,56.8788,1.5,0,0,0,10
3459732243,84.4884,0,0,-84.4884,84.4884,107,1,-11.9502,28.5498,1.5,0,0,0,10
3461598362,96.4248,0,0,-96.4248,96.4248,154,13,16.9678,41.9678,1.5,0,0,0,10
3462098301,84.0121,0,0,-84.0121,84.0121,93,19,12.5233,23.4767,1.5,0,0,0,10
3462982351,98.2457,0,0,-98.2457,98.2457,215,11,13,62.4581,1.5,0,0,0,10
3463348455,100.225,0,0,-100.225,100.225,247,18,32.0893,66.0893,1.5,0,0,0,10
3465223274,81.8145,0,0,-81.8145,81.8145,66,6,1.5,17.5339,1.5,0,0,0,10
3466223370,94.64,0,0,-94.64,94.64,162,20,10.8363,46.3363,1.5,0,0,0,10
3472973315,84.3376,0,0,-84.3376,84.3376,107,4,-15.0613,27.0613,1.5,0,0,0,10
3473973385,96.6791,0,0,-96.6791,96.6791,177,2,-7.11992,52,1.5,0,0,0,10
3490973302,83.5047,0,0,-83.5047,83.5047,94,7,11.1793,24.5,1.5,0,0,0,10
3500000107,84.3376,0,0,-84.3376,84.3376,107,0,0,0,10,4,-15.1673,27.1673,1.5
3500000177,96.6791,0,0,-96.6791,96.6791,177,0,0,0,10,2,-7.26992,52,1.5
3500598324,85.1191,0,0,-85.1191,85.1191,116,16,5.94926,33,1.5,0,0,0,10
3500625094,83.5047,0,0,-83.5047,83.5047,94,0,0,0,10,7,11.3293,24.5,1.5
3500875116,85.1191,0,0,-85.1191,85.1191,116,0,0,0,10,16,5.94926,33,1.5
3501000066,81.8145,0,0,-81.8145,81.8145,66,0,0,0,10,6,1.5,17.3839,1.5
3501000093,84.0121,0,0,-84.0121,84.0121,93,0,0,0,10,19,12.6293,23.3707,1.5
3501000100,84.5263,0,0,-84.5263,84.5263,100,0,0,0,10,9,1.91917,28.4192,1.5
3501000107,84.4884,0,0,-84.4884,84.4884,107,0,0,0,10,1,-12,28.4205,1.5
3501000154,96.4248,0,0,-96.4248,96.4248,154,0,0,0,10,13,16.8617,41.8617,1.5
3501000162,94.64,0,0,-94.64,94.64,162,0,0,0,10,20,10.7302,46.2302,1.5
3501000172,95.3054,0,0,-95.3054,95.3054,172,0,0,0,10,5,-22,45.5179,1.5
3501000212,98.6267,0,0,-98.6267,98.6267,212,0,0,0,10,3,-20.0338,59.5,1.5
3501000215,101.436,0,0,-101.436,101.436,215,0,0,0,10,17,28.5,56.7288,1.5
3501000215,98.2457,0,0,-98.2457,98.2457,215,0,0,0,10,11,13,62.3081,1.5
3501000238,96.1291,0,0,-96.1291,96.1291,238,0,0,0,10,10,-1,70.5636,1.5
3501000240,102.813,0,0,-102.813,102.813,240,0,0,0,10,8,-22.5,67.6187,1.5
3501000247,100.225,0,0,-100.225,100.225,247,0,0,0,10,18,31.9832,65.9832,1.5
3501000248,101.258,0,0,-101.258,101.258,248,0,0,0,10,15,24.409,69.409,1.5
3501000249,103.056,0,0,-103.056,103.056,249,0,0,0,10,12,-15.5,72.299,1.5
3501000251,102.317,0,0,-102.317,102.317,251,0,0,0,10,14,-26.6103,69.6103,1.5
3505232374,96.1291,0,0,-96.1291,96.1291,238,10,-1,70.5636,1.5,0,0,0,10
3506348459,102.317,0,0,-102.317,102.317,251,14,-26.6103,69.6103,1.5,0,0,0,10
3506598456,101.258,0,0,-101.258,101.258,248,15,24.409,69.409,1.5,0,0,0,10
3507107385,103.056,0,0,-103.056,103.056,249,12,-15.5,72.299,1.5,0,0,0,10
3507232236,84.5263,0,0,-84.5263,84.5263,100,9,1.91917,28.4192,1.5,0,0,0,10
3507607348,98.6267,0,0,-98.6267,98.6267,212,3,-20.0338,59.5,1.5,0,0,0,10
3509232376,102.813,0,0,-102.813,102.813,240,8,-22.5,67.6187,1.5,0,0,0,10
3509348423,101.436,0,0,-101.436,101.436,215,17,28.5,56.7288,1.5,0,0,0,10
3509482308,95.3054,0,0,-95.3054,95.3054,172,5,-22,45.5179,1.5,0,0,0,10
3511223315,84.4884,0,0,-84.4884,84.4884,107,1,-12,28.4205,1.5,0,0,0,10
3511598362,96.4248,0,0,-96.4248,96.4248,154,13,16.8617,41.8617,1.5,0,0,0,10
3512098301,84.0121,0,0,-84.0121,84.0121,93,19,12.6293,23.3707,1.5,0,0,0,10
3513348455,100.225,0,0,-100.225,100.225,247,18,31.9832,65.9832,1.5,0,0,0,10
3514598423,98.2457,0,0,-98.2457,98.2457,215,11,13,62.3081,1.5,0,0,0,10
3515223274,81.8145,0,0,-81.8145,81.8145,66,6,1.5,17.3839,1.5,0,0,0,10
3516223370,94.64,0,0,-94.64,94.64,162,20,10.7302,46.2302,1.5,0,0,0,10
3522973315,84.3376,0,0,-84.3376,84.3376,107,4,-15.1673,27.1673,1.5,0,0,0,10
3523973385,96.6791,0,0,-96.6791,96.6791,177,2,-7.26992,52,1.5,0,0,0,10
3540973302,83.5047,0,0,-83.5047,83.5047,94,7,11.3293,24.5,1.5,0,0,0,10
3550000107,84.3376,0,0,-84.3376,84.3376,107,0,0,0,10,4,-15.1673,27.1673,1.5
3550000177,96.6791,0,0,-96.6791,96.6791,177,0,0,0,10,2,-7.26992,52,1.5
3550598324,85.1191,0,0,-85.1191,85.1191,116,16,5.94926,33,1.5,0,0,0,10
3550625094,83.5047,0,0,-83.5047,83.5047,94,0,0,0,10,7,11.3293,24.5,1.5
3550875116,85.1191,0,0,-85.1191,85.1191,116,0,0,0,10,16,5.94926,33,1.5
3551000066,81.8145,0,0,-81.8145,81.8145,66,0,0,0,10,6,1.5,17.3839,1.5
3551000093,84.0121,0,0,-84.0121,84.0121,93,0,0,0,10,19,12.6293,23.3707,1.5
3551000100,84.5263,0,0,-84.5263,84.5263,100,0,0,0,10,9,1.91917,28.4192,1.5
3551000107,84.4884,0,0,-84.4884,84.4884,107,0,0,0,10,1,-12,28.4205,1.5
3551000154,96.4248,0,0,-96.4248,96.4248,154,0,0,0,10,13,16.8617,41.8617,1.5
3551000162,94.64,0,0,-94.64,94.64,162,0,0,0,10,20,10.7302,46.2302,1.5
3551000172,95.3054,0,0,-95.3054,95.3054,172,0,0,0,10,5,-22,45.5179,1.5
3551000212,98.6267,0,0,-98.6267,98.6267,212,0,0,0,10,3,-20.0338,59.5,1.5
3551000215,101.436,0,0,-101.436,101.436,215,0,0,0,10,17,28.5,56.7288,1.5
3551000215,98.2457,0,0,-98.2457,98.2457,215,0,0,0,10,11,13,62.3081,1.5
3551000238,96.1291,0,0,-96.1291,96.1291,238,0,0,0,10,10,-1,70.5636,1.5
3551000240,102.813,0,0,-102.813,102.813,240,0,0,0,10,8,-22.5,67.6187,1.5
3551000247,100.225,0,0,-100.225,100.225,247,0,0,0,10,18,31.9832,65.9832,1.5
3551000248,101.258,0,0,-101.258,101.258,248,0,0,0,10,15,24.409,69.409,1.5
3551000249,103.056,0,0,-103.056,103.056,249,0,0,0,10,12,-15.5,72.299,1.5
3551000251,102.317,0,0,-102.317,102.317,251,0,0,0,10,14,-26.6103,69.6103,1.5
3556348459,102.317,0,0,-102.317,102.317,251,14,-26.6103,69.6103,1.5,0,0,0,10
3556598456,101.258,0,0,-101.258,101.258,248,15,24.409,69.409,1.5,0,0,0,10
3557107374,96.1291,0,0,-96.1291,96.1291,238,10,-1,70.5636,1.5,0,0,0,10
3557723420,98.6267,0,0,-98.6267,98.6267,212,3,-20.0338,59.5,1.5,0,0,0,10
3557848308,84.5263,0,0,-84.5263,84.5263,100,9,1.91917,28.4192,1.5,0,0,0,10
3558723457,103.056,0,0,-103.056,103.056,249,12,-15.5,72.299,1.5,0,0,0,10
3559348423,101.436,0,0,-101.436,101.436,215,17,28.5,56.7288,1.5,0,0,0,10
3561107376,102.813,0,0,-102.813,102.813,240,8,-22.5,67.6187,1.5,0,0,0,10
3561223315,84.4884,0,0,-84.4884,84.4884,107,1,-12,28.4205,1.5,0,0,0,10
3561232308,95.3054,0,0,-95.3054,95.3054,172,5,-22,45.5179,1.5,0,0,0,10
3561598362,96.4248,0,0,-96.4248,96.4248,154,13,16.8617,41.8617,1.5,0,0,0,10
3562098301,84.0121,0,0,-84.0121,84.0121,93,19,12.6293,23.3707,1.5,0,0,0,10
3563348455,100.225,0,0,-100.225,100.225,247,18,31.9832,65.9832,1.5,0,0,0,10
3564598423,98.2457,0,0,-98.2457,98.2457,215,11,13,62.3081,1.5,0,0,0,10
3565223274,81.8145,0,0,-81.8145,81.8145,66,6,1.5,17.3839,1.5,0,0,0,10
3566223370,94.64,0,0,-94.64,94.64,162,20,10.7302,46.2302,1.5,0,0,0,10
3572973315,84.3376,0,0,-84.3376,84.3376,107,4,-15.1673,27.1673,1.5,0,0,0,10
3573973385,96.6791,0,0,-96.6791,96.6791,177,2,-7.26992,52,1.5,0,0,0,10
3590973302,83.5047,0,0,-83.5047,83.5047,94,7,11.3293,24.5,1.5,0,0,0,10
3600000107,84.3376,0,0,-84.3376,84.3376,107,0,0,0,10,4,-15.2734,27.2734,1.5
3600000177,96.6791,0,0,-96.6791,96.6791,177,0,0,0,10,2,-7.41992,52,1.5
3600598324,85.1191,0,0,-85.1191,85.1191,116,16,5.79926,33,1.5,0,0,0,10
3600625094,83.5047,0,0,-83.5047,83.5047,94,0,0,0,10,7,11.4793,24.5,1.5
3600875116,85.1191,0,0,-85.1191,85.1191,116,0,0,0,10,16,5.79926,33,1.5
3601000066,81.8145,0,0,-81.8145,81.8145,66,0,0,0,10,6,1.5,17.2339,1.5
3601000093,84.0121,0,0,-84.0121,84.0121,93,0,0,0,10,19,12.7354,23.2646,1.5
3601000100,84.5263,0,0,-84.5263,84.5263,100,0,0,0,10,9,1.8131,28.3131,1.5
3601000107,84.4884,0,0,-84.4884,84.4884,107,0,0,0,10,1,-12,28.2705,1.5
3601000154,96.4248,0,0,-96.4248,96.4248,154,0,0,0,10,13,16.7556,41.7556,1.5
3601000162,94.64,0,0,-94.64,94.64,162,0,0,0,10,20,10.6241,46.1241,1.5
3601000172,95.3054,0,0,-95.3054,95.3054,172,0,0,0,10,5,-22,45.3679,1.5
3601000212,98.6267,0,0,-98.6267,98.6267,212,0,0,0,10,3,-19.8838,59.5,1.5
3601000215,101.436,0,0,-101.436,101.436,215,0,0,0,10,17,28.5,56.5788,1.5
3601000215,98.2457,0,0,-98.2457,98.2457,215,0,0,0,10,11,13,62.1581,1.5
3601000238,96.1291,0,0,-96.1291,96.1291,238,0,0,0,10,10,-1,70.4136,1.5
3601000240,102.813,0,0,-102.813,102.813,240,0,0,0,10,8,-22.5,67.4687,1.5
3601000247,100.225,0,0,-100.225,100.225,247,0,0,0,10,18,31.8772,65.8772,1.5
3601000248,101.258,0,0,-101.258,101.258,248,0,0,0,10,15,24.3029,69.3029,1.5
3601000249,103.056,0,0,-103.056,103.056,249,0,0,0,10,12,-15.5,72.149,1.5
3601000251,102.317,0,0,-102.317,102.317,251,0,0,0,10,14,-26.5042,69.5042,1.5
3606348459,102.317,0,0,-102.317,102.317,251,14,-26.5042,69.5042,1.5,0,0,0,10
3606598456,101.258,0,0,-101.258,101.258,248,15,24.3029,69.3029,1.5,0,0,0,10
3607723420,98.6267,0,0,-98.6267,98.6267,212,3,-19.8838,59.5,1.5,0,0,0,10
3607848308,84.5263,0,0,-84.5263,84.5263,100,9,1.8131,28.3131,1.5,0,0,0,10
3608723457,103.056,0,0,-103.056,103.056,249,12,-15.5,72.149,1.5,0,0,0,10
3608982374,96.1291,0,0,-96.1291,96.1291,238,10,-1,70.4136,1.5,0,0,0,10
3609348423,101.436,0,0,-101.436,101.436,215,17,28.5,56.5788,1.5,0,0,0,10
3611223315,84.4884,0,0,-84.4884,84.4884,107,1,-12,28.2705,1.5,0,0,0,10
3611348380,95.3054,0,0,-95.3054,95.3054,172,5,-22,45.3679,1.5,0,0,0,10
3611598362,96.4248,0,0,-96.4248,96.4248,154,13,16.7556,41.7556,1.5,0,0,0,10
3611848448,102.813,0,0,-102.813,102.813,240,8,-22.5,67.4687,1.5,0,0,0,10
3612098301,84.0121,0,0,-84.0121,84.0121,93,19,12.7354,23.2646,1.5,0,0,0,10
3613348455,100.225,0,0,-100.225,100.225,247,18,31.8772,65.8772,1.5,0,0,0,10
3614598423,98.2457,0,0,-98.2457,98.2457,215,11,13,62.1581,1.5,0,0,0,10
3615223274,81.8145,0,0,-81.8145,81.8145,66,6,1.5,17.2339,1.5,0,0,0,10
3616223370,94.64,0,0,-94.64,94.64,162,20,10.6241,46.1241,1.5,0,0,0,10
3622973315,84.3376,0,0,-84.3376,84.3376,107,4,-15.2734,27.2734,1.5,0,0,0,10
3623973385,96.6791,0,0,-96.6791,96.6791,177,2,-7.41992,52,1.5,0,0,0,10
3640973302,83.5047,0,0,-83.5047,83.5047,94,7,11.4793,24.5,1.5,0,0,0,10
3650000107,84.3376,0,0,-84.3376,84.3376,107,0,0,0,10,4,-15.2734,27.2734,1.5
3650000177,96.6791,0,0,-96.6791,96.6791,177,0,0,0,10,2,-7.41992,52,1.5
3650598324,85.1191,0,0,-85.1191,85.1191,116,16,5.79926,33,1.5,0,0,0,10
3650625094,83.5047,0,0,-83.5047,83.5047,94,0,0,0,10,7,11.4793,24.5,1.5
3650875116,85.1191,0,0,-85.1191,85.1191,116,0,0,0,10,16,5.79926,33,1.5
3651000066,81.8145,0,0,-81.8145,81.8145,66,0,0,0,10,6,1.5,17.2339,1.5
3651000093,84.0121,0,0,-84.0121,84.0121,93,0,0,0,10,19,12.7354,23.2646,1.5
3651000100,84.5263,0,0,-84.5263,84.5263,100,0,0,0,10,9,1.8131,28.3131,1.5
3651000107,84.4884,0,0,-84.4884,84.4884,107,0,0,0,10,1,-12,28.2705,1.5
3651000154,96.4248,0,0,-96.4248,96.4248,154,0,0,0,10,13,16.7556,41.7556,1.5
3651000162,94.64,0,0,-94.64,94.64,162,0,0,0,10,20,10.6241,46.1241,1.5
3651000172,95.3054,0,0,-95.3054,95.3054,172,0,0,0,10,5,-22,45.3679,1.5
3651000212,98.6267,0,0,-98.6267,98.6267,212,0,0,0,10,3,-19.8838,59.5,1.5
3651000215,101.436,0,0,-101.436,101.436,215,0,0,0,10,17,28.5,56.5788,1.5
3651000215,98.2457,0,0,-98.2457,98.2457,215,0,0,0,10,11,13,62.1581,1.5
3651000238,96.1291,0,0,-96.1291,96.1291,238,0,0,0,10,10,-1,70.4136,1.5
3651000240,102.813,0,0,-102.813,102.813,240,0,0,0,10,8,-22.5,67.4687,1.5
3651000247,100.225,0,0,-100.225,100.225,247,0,0,0,10,18,31.8772,65.8772,1.5
3651000248,101.258,0,0,-101.258,101.258,248,0,0,0,10,15,24.3029,69.3029,1.5
3651000249,103.056,0,0,-103.056,103.056,249,0,0,0,10,12,-15.5,72.149,1.5
3651000251,102.317,0,0,-102.317,102.317,251,0,0,0,10,14,-26.5042,69.5042,1.5
3656348459,102.317,0,0,-102.317,102.317,251,14,-26.5042,69.5042,1.5,0,0,0,10
3656598456,101.258,0,0,-101.258,101.258,248,15,24.3029,69.3029,1.5,0,0,0,10
3657723420,98.6267,0,0,-98.6267,98.6267,212,3,-19.8838,59.5,1.5,0,0,0,10
3657848308,84.5263,0,0,-84.5263,84.5263,100,9,1.8131,28.3131,1.5,0,0,0,10
3658723457,103.056,0,0,-103.056,103.056,249,12,-15.5,72.149,1.5,0,0,0,10
3659348423,101.436,0,0,-101.436,101.436,215,17,28.5,56.5788,1.5,0,0,0,10
3659848446,96.1291,0,0,-96.1291,96.1291,238,10,-1,70.4136,1.5,0,0,0,10
3661223315,84.4884,0,0,-84.4884,84.4884,107,1,-12,28.2705,1.5,0,0,0,10
3661348380,95.3054,0,0,-95.3054,95.3054,172,5,-22,45.3679,1.5,0,0,0,10
3661598362,96.4248,0,0,-96.4248,96.4248,154,13,16.7556,41.7556,1.5,0,0,0,10
3661848448,102.813,0,0,-102.813,102.813,240,8,-22.5,67.4687,1.5,0,0,0,10
3662098301,84.0121,0,0,-84.0121,84.0121,93,19,12.7354,23.2646,1.5,0,0,0,10
3663348455,100.225,0,0,-100.225,100.225,247,18,31.8772,65.8772,1.5,0,0,0,10
3664598423,98.2457,0,0,-98.2457,98.2457,215,11,13,62.1581,1.5,0,0,0,10
3665223274,81.8145,0,0,-81.8145,81.8145,66,6,1.5,17.2339,1.5,0,0,0,10
3666223370,94.64,0,0,-94.64,94.64,162,20,10.6241,46.1241,1.5,0,0,0,10
3672973315,84.3376,0,0,-84.3376,84.3376,107,4,-15.2734,27.2734,1.5,0,0,0,10
3673973385,96.6791,0,0,-96.6791,96.6791,177,2,-7.41992,52,1.5,0,0,0,10
3690973302,83.5047,0,0,-83.5047,83.5047,94,7,11.4793,24.5,1.5,0,0,0,10
3700000107,84.3376,0,0,-84.3376,84.3376,107,0,0,0,10,4,-15.3795,27.3795,1.5
3700000177,96.6791,0,0,-96.6791,96.6791,177,0,0,0,10,2,-7.56992,52,1.5
3700598324,85.1191,0,0,-85.1191,85.1191,116,16,5.64926,33,1.5,0,0,0,10
3700625094,83.5047,0,0,-83.5047,83.5047,94,0,0,0,10,7,11.6293,24.5,1.5
3700875116,85.1191,0,0,-85.1191,85.1191,116,0,0,0,10,16,5.64926,33,1.5
3701000066,81.8145,0,0,-81.8145,81.8145,66,0,0,0,10,6,1.5,17.0839,1.5
3701000093,84.0121,0,0,-84.0121,84.0121,93,0,0,0,10,19,12.8415,23.1585,1.5
3701000100,84.5263,0,0,-84.5263,84.5263,100,0,0,0,10,9,1.70703,28.207,1.5
3701000107,84.4884,0,0,-84.4884,84.4884,107,0,0,0,10,1,-12,28.1205,1.5
3701000154,96.4248,0,0,-96.4248,96.4248,154,0,0,0,10,13,16.6496,41.6496,1.5
3701000162,94.64,0,0,-94.64,94.64,162,0,0,0,10,20,10.5181,46.0181,1.5
3701000172,95.3054,0,0,-95.3054,95.3054,172,0,0,0,10,5,-22,45.2179,1.5
3701000212,98.6267,0,0,-98.6267,98.6267,212,0,0,0,10,3,-19.7338,59.5,1.5
3701000215,101.436,0,0,-101.436,101.436,215,0,0,0,10,17,28.5,56.4288,1.5
3701000215,98.2457,0,0,-98.2457,98.2457,215,0,0,0,10,11,13,62.0081,1.5
3701000238,96.1291,0,0,-96.1291,96.1291,238,0,0,0,10,10,-1,70.2636,1.5
3701000240,102.813,0,0,-102.813,102.813,240,0,0,0,10,8,-22.5,67.3187,1.5
3701000247,100.225,0,0,-100.225,100.225,247,0,0,0,10,18,31.7711,65.7711,1.5
3701000248,101.258,0,0,-101.258,101.258,248,0,0,0,10,15,24.1969,69.1969,1.5
3701000249,103.056,0,0,-103.056,103.056,249,0,0,0,10,12,-15.5,71.999,1.5
3701000251,102.317,0,0,-102.317,102.317,251,0,0,0,10,14,-26.3981,69.3981,1.5
3706348459,102.317,0,0,-102.317,102.317,251,14,-26.3981,69.3981,1.5,0,0,0,10
3706598456,101.258,0,0,-101.258,101.258,248,15,24.1969,69.1969,1.5,0,0,0,10
3707723420,98.6267,0,0,-98.6267,98.6267,212,3,-19.7338,59.5,1.5,0,0,0,10
3707848308,84.5263,0,0,-84.5263,84.5263,100,9,1.70703,28.207,1.5,0,0,0,10
3708723457,103.056,0,0,-103.056,103.056,249,12,-15.5,71.999,1.5,0,0,0,10
3709348423,101.436,0,0,-101.436,101.436,215,17,28.5,56.4288,1.5,0,0,0,10
3709848446,96.1291,0,0,-96.1291,96.1291,238,10,-1,70.2636,1.5,0,0,0,10
3711223315,84.4884,0,0,-84.4884,84.4884,107,1,-12,28.1205,1.5,0,0,0,10
3711348380,95.3054,0,0,-95.3054,95.3054,172,5,-22,45.2179,1.5,0,0,0,10
3711598362,96.4248,0,0,-96.4248,96.4248,154,13,16.6496,41.6496,1.5,0,0,0,10
3711848448,102.813,0,0,-102.813,102.813,240,8,-22.5,67.3187,1.5,0,0,0,10
3712098301,84.0121,0,0,-84.0121,84.0121,93,19,12.8415,23.1585,1.5,0,0,0,10
3713348455,100.225,0,0,-100.225,100.225,247,18,31.7711,65.7711,1.5,0,0,0,10
3714598423,98.2457,0,0,-98.2457,98.2457,215,11,13,62.0081,1.5,0,0,0,10
3715223274,81.8145,0,0,-81.8145,81.8145,66,6,1.5,17.0839,1.5,0,0,0,10
3716223370,94.64,0,0,-94.64,94.64,162,20,10.5181,46.0181,1.5,0,0,0,10
3722973315,84.3376,0,0,-84.3376,84.3376,107,4,-15.3795,27.3795,1.5,0,0,0,10
3723973385,96.6791,0,0,-96.6791,96.6791,177,2,-7.56992,52,1.5,0,0,0,10
3740973302,83.5047,0,0,-83.5047,83.5047,94,7,11.6293,24.5,1.5,0,0,0,10
3750000107,84.3376,0,0,-84.3376,84.3376,107,0,0,0,10,4,-15.3795,27.3795,1.5
3750000177,96.6791,0,0,-96.6791,96.6791,177,0,0,0,10,2,-7.56992,52,1.5
3750598324,85.1191,0,0,-85.1191,85.1191,116,16,5.64926,33,1.5,0,0,0,10
3750625094,83.5047,0,0,-83.5047,83.5047,94,0,0,0,10,7,11.6293,24.5,1.5
3750875116,85.1191,0,0,-85.1191,85.1191,116,0,0,0,10,16,5.64926,33,1.5
3751000066,81.8145,0,0,-81.8145,81.8145,66,0,0,0,10,6,1.5,17.0839,1.5
3751000093,84.0121,0,0,-84.0121,84.0121,93,0,0,0,10,19,12.8415,23.1585,1.5
3751000100,84.5263,0,0,-84.5263,84.5263,100,0,0,0,10,9,1.70703,28.207,1.5
3751000107,84.4884,0,0,-84.4884,84.4884,107,0,0,0,10,1,-12,28.1205,1.5
3751000154,96.4248,0,0,-96.4248,96.4248,154,0,0,0,10,13,16.6496,41.6496,1.5
3751000162,94.64,0,0,-94.64,94.64,162,0,0,0,10,20,10.5181,46.0181,1.5
3751000172,95.3054,0,0,-95.3054,95.3054,172,0,0,0,10,5,-22,45.2179,1.5
3751000212,98.6267,0,0,-98.6267,98.6267,212,0,0,0,10,3,-19.7338,59.5,1.5
3751000215,101.436,0,0,-101.436,101.436,215,0,0,0,10,17,28.5,56.4288,1.5
3751000215,98.2457,0,0,-98.2457,98.2457,215,0,0,0,10,11,13,62.0081,1.5
3751000238,96.1291,0,0,-96.1291,96.1291,238,0,0,0,10,10,-1,70.2636,1.5
3751000240,102.813,0,0,-102.813,102.813,240,0,0,0,10,8,-22.5,67.3187,1.5
3751000247,100.225,0,0,-100.225,100.225,247,0,0,0,10,18,31.7711,65.7711,1.5
3751000248,101.258,0,0,-101.258,101.258,248,0,0,0,10,15,24.1969,69.1969,1.5
3751000249,103.056,0,0,-103.056,103.056,249,0,0,0,10,12,-15.5,71.999,1.5
3751000251,102.317,0,0,-102.317,102.317,251,0,0,0,10,14,-26.3981,69.3981,1.5
3756348459,102.317,0,0,-102.317,102.317,251,14,-26.3981,69.3981,1.5,0,0,0,10
3756598456,101.258,0,0,-101.258,101.258,248,15,24.1969,69.1969,1.5,0,0,0,10
3757723420,98.6267,0,0,-98.6267,98.6267,212,3,-19.7338,59.5,1.5,0,0,0,10
3757848308,84.5263,0,0,-84.5263,84.5263,100,9,1.70703,28.207,1.5,0,0,0,10
3758723457,103.056,0,0,-103.056,103.056,249,12,-15.5,71.999,1.5,0,0,0,10
3759348423,101.436,0,0,-101.436,101.436,215,17,28.5,56.4288,1.5,0,0,0,10
3759848446,96.1291,0,0,-96.1291,96.1291,238,10,-1,70.2636,1.5,0,0,0,10
3761223315,84.4884,0,0,-84.4884,84.4884,107,1,-12,28.1205,1.5,0,0,0,10
3761348380,95.3054,0,0,-95.3054,95.3054,172,5,-22,45.2179,1.5,0,0,0,10
3761598362,96.4248,0,0,-96.4248,96.4248,154,13,16.6496,41.6496,1.5,0,0,0,10
3761848448,102.813,0,0,-102.813,102.813,240,8,-22.5,67.3187,1.5,0,0,0,10
3762098301,84.0121,0,0,-84.0121,84.0121,93,19,12.8415,23.1585,1.5,0,0,0,10
3763348455,100.225,0,0,-100.225,100.225,247,18,31.7711,65.7711,1.5,0,0,0,10
3764598423,98.2457,0,0,-98.2457,98.2457,215,11,13,62.0081,1.5,0,0,0,10
3765223274,81.8145,0,0,-81.8145,81.8145,66,6,1.5,17.0839,1.5,0,0,0,10
3766223370,94.64,0,0,-94.64,94.64,162,20,10.5181,46.0181,1.5,0,0,0,10
3772973315,84.3376,0,0,-84.3376,84.3376,107,4,-15.3795,27.3795,1.5,0,0,0,10
3773973385,96.6791,0,0,-96.6791,96.6791,177,2,-7.56992,52,1.5,0,0,0,10
3790973302,83.5047,0,0,-83.5047,83.5047,94,7,11.6293,24.5,1.5,0,0,0,10
3800000107,84.3376,0,0,-84.3376,84.3376,107,0,0,0,10,4,-15.4855,27.4855,1.5
3800000177,96.6791,0,0,-96.6791,96.6791,177,0,0,0,10,2,-7.71992,52,1.5
3800598324,85.1191,0,0,-85.1191,85.1191,116,16,5.49948,32.9995,1.5,0,0,0,10
3800625094,83.5047,0,0,-83.5047,83.5047,94,0,0,0,10,7,11.7793,24.5,1.5
3800875116,85.1191,0,0,-85.1191,85.1191,116,0,0,0,10,16,5.49948,32.9995,1.5
3801000066,81.8145,0,0,-81.8145,81.8145,66,0,0,0,10,6,1.5,16.9339,1.5
3801000093,84.0121,0,0,-84.0121,84.0121,93,0,0,0,10,19,12.9475,23.0525,1.5
3801000100,84.5263,0,0,-84.5263,84.5263,100,0,0,0,10,9,1.60097,28.101,1.5
3801000107,84.4884,0,0,-84.4884,84.4884,107,0,0,0,10,1,-12,27.9705,1.5
3801000154,96.4248,0,0,-96.4248,96.4248,154,0,0,0,10,13,16.5435,41.5435,1.5
3801000162,94.64,0,0,-94.64,94.64,162,0,0,0,10,20,10.412,45.912,1.5
3801000172,95.3054,0,0,-95.3054,95.3054,172,0,0,0,10,5,-22,45.0679,1.5
3801000212,98.6267,0,0,-98.6267,98.6267,212,0,0,0,10,3,-19.5838,59.5,1.5
3801000215,101.436,0,0,-101.436,101.436,215,0,0,0,10,17,28.5,56.2788,1.5
3801000215,98.2457,0,0,-98.2457,98.2457,215,0,0,0,10,11,12.8997,61.8997,1.5
3801000238,96.1291,0,0,-96.1291,96.1291,238,0,0,0,10,10,-1,70.1136,1.5
3801000240,102.813,0,0,-102.813,102.813,240,0,0,0,10,8,-22.5,67.1687,1.5
3801000247,100.225,0,0,-100.225,100.225,247,0,0,0,10,18,31.665,65.665,1.5
3801000248,101.258,0,0,-101.258,101.258,248,0,0,0,10,15,24.0908,69.0908,1.5
3801000249,103.056,0,0,-103.056,103.056,249,0,0,0,10,12,-15.5,71.849,1.5
3801000251,102.317,0,0,-102.317,102.317,251,0,0,0,10,14,-26.2921,69.2921,1.5
3806348459,102.317,0,0,-102.317,102.317,251,14,-26.2921,69.2921,1.5,0,0,0,10
3806598456,101.258,0,0,-101.258,101.258,248,15,24.0908,69.0908,1.5,0,0,0,10
3807723420,98.6267,0,0,-98.6267,98.6267,212,3,-19.5838,59.5,1.5,0,0,0,10
3807848308,84.5263,0,0,-84.5263,84.5263,100,9,1.60097,28.101,1.5,0,0,0,10
3808723457,103.056,0,0,-103.056,103.056,249,12,-15.5,71.849,1.5,0,0,0,10
3809348423,101.436,0,0,-101.436,101.436,215,17,28.5,56.2788,1.5,0,0,0,10
3809848446,96.1291,0,0,-96.1291,96.1291,238,10,-1,70.1136,1.5,0,0,0,10
3811223315,84.4884,0,0,-84.4884,84.4884,107,1,-12,27.9705,1.5,0,0,0,10
3811348380,95.3054,0,0,-95.3054,95.3054,172,5,-22,45.0679,1.5,0,0,0,10
3811598362,96.4248,0,0,-96.4248,96.4248,154,13,16.5435,41.5435,1.5,0,0,0,10
3811848448,102.813,0,0,-102.813,102.813,240,8,-22.5,67.1687,1.5,0,0,0,10
3812098301,84.0121,0,0,-84.0121,84.0121,93,19,12.9475,23.0525,1.5,0,0,0,10
3813348455,100.225,0,0,-100.225,100.225,247,18,31.665,65.665,1.5,0,0,0,10
3814598423,98.2457,0,0,-98.2457,98.2457,215,11,12.8997,61.8997,1.5,0,0,0,10
3815223274,81.8145,0,0,-81.8145,81.8145,66,6,1.5,16.9339,1.5,0,0,0,10
3816223370,94.64,0,0,-94.64,94.64,162,20,10.412,45.912,1.5,0,0,0,10
3822973315,84.3376,0,0,-84.3376,84.3376,107,4,-15.4855,27.4855,1.5,0,0,0,10
3823973385,96.6791,0,0,-96.6791,96.6791,177,2,-7.71992,52,1.5,0,0,0,10
3840973302,83.5047,0,0,-83.5047,83.5047,94,7,11.7793,24.5,1.5,0,0,0,10
3850000107,84.3376,0,0,-84.3376,84.3376,107,0,0,0,10,4,-15.4855,27.4855,1.5
3850000177,96.6791,0,0,-96.6791,96.6791,177,0,0,0,10,2,-7.71992,52,1.5
3850598324,85.1191,0,0,-85.1191,85.1191,116,16,5.49948,32.9995,1.5,0,0,0,10
3850625094,83.5047,0,0,-83.5047,83.5047,94,0,0,0,10,7,11.7793,24.5,1.5
3850875116,85.1191,0,0,-85.1191,85.1191,116,0,0,0,10,16,5.49948,32.9995,1.5
3851000066,81.8145,0,0,-81.8145,81.8145,66,0,0,0,10,6,1.5,16.9339,1.5
3851000093,84.0121,0,0,-84.0121,84.0121,93,0,0,0,10,19,12.9475,23.0525,1.5
3851000100,84.5263,0,0,-84.5263,84.5263,100,0,0,0,10,9,1.60097,28.101,1.5
3851000107,84.4884,0,0,-84.4884,84.4884,107,0,0,0,10,1,-12,27.9705,1.5
3851000154,96.4248,0,0,-96.4248,96.4248,154,0,0,0,10,13,16.5435,41.5435,1.5
3851000162,94.64,0,0,-94.64,94.64,162,0,0,0,10,20,10.412,45.912,1.5
3851000172,95.3054,0,0,-95.3054,95.3054,172,0,0,0,10,5,-22,45.0679,1.5
3851000212,98.6267,0,0,-98.6267,98.6267,212,0,0,0,10,3,-19.5838,59.5,1.5
3851000215,101.436,0,0,-101.436,101.436,215,0,0,0,10,17,28.5,56.2788,1.5
3851000215,98.2457,0,0,-98.2457,98.2457,215,0,0,0,10,11,12.8997,61.8997,1.5
3851000238,96.1291,0,0,-96.1291,96.1291,238,0,0,0,10,10,-1,70.1136,1.5
3851000240,102.813,0,0,-102.813,102.813,240,0,0,0,10,8,-22.5,67.1687,1.5
3851000247,100.225,0,0,-100.225,100.225,247,0,0,0,10,18,31.665,65.665,1.5
3851000248,101.258,0,0,-101.258,101.258,248,0,0,0,10,15,24.0908,69.0908,1.5
3851000249,103.056,0,0,-103.056,103.056,249,0,0,0,10,12,-15.5,71.849,1.5
3851000251,102.317,0,0,-102.317,102.317,251,0,0,0,10,14,-26.2921,69.2921,1.5
3856348459,102.317,0,0,-102.317,102.317,251,14,-26.2921,69.2921,1.5,0,0,0,10
3856598456,101.258,0,0,-101.258,101.258,248,15,24.0908,69.0908,1.5,0,0,0,10
3857723420,98.6267,0,0,-98.6267,98.6267,212,3,-19.5838,59.5,1.5,0,0,0,10
3857848308,84.5263,0,0,-84.5263,84.5263,100,9,1.60097,28.101,1.5,0,0,0,10
3858723457,103.056,0,0,-103.056,103.056,249,12,-15.5,71.849,1.5,0,0,0,10
3859348423,101.436,0,0,-101.436,101.436,215,17,28.5,56.2788,1.5,0,0,0,10
3859848446,96.1291,0,0,-96.1291,96.1291,238,10,-1,70.1136,1.5,0,0,0,10
3861223315,84.4884,0,0,-84.4884,84.4884,107,1,-12,27.9705,1.5,0,0,0,10
3861348380,95.3054,0,0,-95.3054,95.3054,172,5,-22,45.0679,1.5,0,0,0,10
3861598362,96.4248,0,0,-96.4248,96.4248,154,13,16.5435,41.5435,1.5,0,0,0,10
3861848448,102.813,0,0,-102.813,102.813,240,8,-22.5,67.1687,1.5,0,0,0,10
3862098301,84.0121,0,0,-84.0121,84.0121,93,19,12.9475,23.0525,1.5,0,0,0,10
3863348455,100.225,0,0,-100.225,100.225,247,18,31.665,65.665,1.5,0,0,0,10
3864598423,98.2457,0,0,-98.2457,98.2457,215,11,12.8997,61.8997,1.5,0,0,0,10
3865223274,81.8145,0,0,-81.8145,81.8145,66,6,1.5,16.9339,1.5,0,0,0,10
3866223370,94.64,0,0,-94.64,94.64,162,20,10.412,45.912,1.5,0,0,0,10
3872973315,84.3376,0,0,-84.3376,84.3376,107,4,-15.4855,27.4855,1.5,0,0,0,10
3873973385,96.6791,0,0,-96.6791,96.6791,177,2,-7.71992,52,1.5,0,0,0,10
3890973302,83.5047,0,0,-83.5047,83.5047,94,7,11.7793,24.5,1.5,0,0,0,10
3900000107,84.3376,0,0,-84.3376,84.3376,107,0,0,0,10,4,-15.5916,27.5916,1.5
3900000177,96.6791,0,0,-96.6791,96.6791,177,0,0,0,10,2,-7.86992,52,1.5
3900598324,85.1191,0,0,-85.1191,85.1191,116,16,5.39341,32.8934,1.5,0,0,0,10
3900625094,83.5047,0,0,-83.5047,83.5047,94,0,0,0,10,7,11.9293,24.5,1.5
3900875116,85.1191,0,0,-85.1191,85.1191,116,0,0,0,10,16,5.39341,32.8934,1.5
3901000093,84.0121,0,0,-84.0121,84.0121,93,0,0,0,10,19,13.0536,22.9464,1.5
3901000100,84.5263,0,0,-84.5263,84.5263,100,0,0,0,10,9,1.4949,27.9949,1.5
3901000107,84.4884,0,0,-84.4884,84.4884,107,0,0,0,10,1,-12,27.8205,1.5
3901000154,96.4248,0,0,-96.4248,96.4248,154,0,0,0,10,13,16.4374,41.4374,1.5
3901000162,94.64,0,0,-94.64,94.64,162,0,0,0,10,20,10.3059,45.8059,1.5
3901000172,95.3054,0,0,-95.3054,95.3054,172,0,0,0,10,5,-22,44.9179,1.5
3901000212,98.6267,0,0,-98.6267,98.6267,212,0,0,0,10,3,-19.4338,59.5,1.5
3901000215,101.436,0,0,-101.436,101.436,215,0,0,0,10,17,28.5,56.1288,1.5
3901000215,98.2457,0,0,-98.2457,98.2457,215,0,0,0,10,11,12.7936,61.7936,1.5
3901000238,96.1291,0,0,-96.1291,96.1291,238,0,0,0,10,10,-1,69.9636,1.5
3901000240,102.813,0,0,-102.813,102.813,240,0,0,0,10,8,-22.5,67.0187,1.5
3901000247,100.225,0,0,-100.225,100.225,247,0,0,0,10,18,31.559,65.559,1.5
3901000248,101.258,0,0,-101.258,101.258,248,0,0,0,10,15,23.9847,68.9847,1.5
3901000249,103.056,0,0,-103.056,103.056,249,0,0,0,10,12,-15.5,71.699,1.5
3901000251,102.317,0,0,-102.317,102.317,251,0,0,0,10,14,-26.186,69.186,1.5
3901008990,81.2649,0,0,-81.2649,81.2649,61,0,0,0,10,6,1.5,16.7839,1.5
3906348459,102.317,0,0,-102.317,102.317,251,14,-26.186,69.186,1.5,0,0,0,10
3906598456,101.258,0,0,-101.258,101.258,248,15,23.9847,68.9847,1.5,0,0,0,10
3907723420,98.6267,0,0,-98.6267,98.6267,212,3,-19.4338,59.5,1.5,0,0,0,10
3907848308,84.5263,0,0,-84.5263,84.5263,100,9,1.4949,27.9949,1.5,0,0,0,10
3908723457,103.056,0,0,-103.056,103.056,249,12,-15.5,71.699,1.5,0,0,0,10
3909348423,101.436,0,0,-101.436,101.436,215,17,28.5,56.1288,1.5,0,0,0,10
3909848446,96.1291,0,0,-96.1291,96.1291,238,10,-1,69.9636,1.5,0,0,0,10
3911223315,84.4884,0,0,-84.4884,84.4884,107,1,-12,27.8205,1.5,0,0,0,10
3911348380,95.3054,0,0,-95.3054,95.3054,172,5,-22,44.9179,1.5,0,0,0,10
3911598362,96.4248,0,0,-96.4248,96.4248,154,13,16.4374,41.4374,1.5,0,0,0,10
3911848448,102.813,0,0,-102.813,102.813,240,8,-22.5,67.0187,1.5,0,0,0,10
3912098301,84.0121,0,0,-84.0121,84.0121,93,19,13.0536,22.9464,1.5,0,0,0,10
3913348455,100.225,0,0,-100.225,100.225,247,18,31.559,65.559,1.5,0,0,0,10
3914598423,98.2457,0,0,-98.2457,98.2457,215,11,12.7936,61.7936,1.5,0,0,0,10
3916223370,94.64,0,0,-94.64,94.64,162,20,10.3059,45.8059,1.5,0,0,0,10
3916357197,81.2649,0,0,-81.2649,81.2649,61,6,1.5,16.7839,1.5,0,0,0,10
3922973315,84.3376,0,0,-84.3376,84.3376,107,4,-15.5916,27.5916,1.5,0,0,0,10
3923973385,96.6791,0,0,-96.6791,96.6791,177,2,-7.86992,52,1.5,0,0,0,10
3940973302,83.5047,0,0,-83.5047,83.5047,94,7,11.9293,24.5,1.5,0,0,0,10
3950000107,84.3376,0,0,-84.3376,84.3376,107,0,0,0,10,4,-15.5916,27.5916,1.5
3950000177,96.6791,0,0,-96.6791,96.6791,177,0,0,0,10,2,-7.86992,52,1.5
3950598324,85.1191,0,0,-85.1191,85.1191,116,16,5.39341,32.8934,1.5,0,0,0,10
3950625094,83.5047,0,0,-83.5047,83.5047,94,0,0,0,10,7,11.9293,24.5,1.5
3950875116,85.1191,0,0,-85.1191,85.1191,116,0,0,0,10,16,5.39341,32.8934,1.5
3951000093,84.0121,0,0,-84.0121,84.0121,93,0,0,0,10,19,13.0536,22.9464,1.5
3951000100,84.5263,0,0,-84.5263,84.5263,100,0,0,0,10,9,1.4949,27.9949,1.5
3951000107,84.4884,0,0,-84.4884,84.4884,107,0,0,0,10,1,-12,27.8205,1.5
3951000154,96.4248,0,0,-96.4248,96.4248,154,0,0,0,10,13,16.4374,41.4374,1.5
3951000162,94.64,0,0,-94.64,94.64,162,0,0,0,10,20,10.3059,45.8059,1.5
3951000172,95.3054,0,0,-95.3054,95.3054,172,0,0,0,10,5,-22,44.9179,1.5
3951000212,98.6267,0,0,-98.6267,98.6267,212,0,0,0,10,3,-19.4338,59.5,1.5
3951000215,101.436,0,0,-101.436,101.436,215,0,0,0,10,17,28.5,56.1288,1.5
3951000215,98.2457,0,0,-98.2457,98.2457,215,0,0,0,10,11,12.7936,61.7936,1.5
3951000238,96.1291,0,0,-96.1291,96.1291,238,0,0,0,10,10,-1,69.9636,1.5
3951000240,102.813,0,0,-102.813,102.813,240,0,0,0,10,8,-22.5,67.0187,1.5
3951000247,100.225,0,0,-100.225,100.225,247,0,0,0,10,18,31.559,65.559,1.5
3951000248,101.258,0,0,-101.258,101.258,248,0,0,0,10,15,23.9847,68.9847,1.5
3951000249,103.056,0,0,-103.056,103.056,249,0,0,0,10,12,-15.5,71.699,1.5
3951000251,102.317,0,0,-102.317,102.317,251,0,0,0,10,14,-26.186,69.186,1.5
3951250061,81.2649,0,0,-81.2649,81.2649,61,0,0,0,10,6,1.5,16.7839,1.5
3956348459,102.317,0,0,-102.317,102.317,251,14,-26.186,69.186,1.5,0,0,0,10
3956598456,101.258,0,0,-101.258,101.258,248,15,23.9847,68.9847,1.5,0,0,0,10
3957723420,98.6267,0,0,-98.6267,98.6267,212,3,-19.4338,59.5,1.5,0,0,0,10
3957848308,84.5263,0,0,-84.5263,84.5263,100,9,1.4949,27.9949,1.5,0,0,0,10
3958723457,103.056,0,0,-103.056,103.056,249,12,-15.5,71.699,1.5,0,0,0,10
3959348423,101.436,0,0,-101.436,101.436,215,17,28.5,56.1288,1.5,0,0,0,10
3959848446,96.1291,0,0,-96.1291,96.1291,238,10,-1,69.9636,1.5,0,0,0,10
3961223315,84.4884,0,0,-84.4884,84.4884,107,1,-12,27.8205,1.5,0,0,0,10
3961348380,95.3054,0,0,-95.3054,95.3054,172,5,-22,44.9179,1.5,0,0,0,10
3961598362,96.4248,0,0,-96.4248,96.4248,154,13,16.4374,41.4374,1.5,0,0,0,10
3961848448,102.813,0,0,-102.813,102.813,240,8,-22.5,67.0187,1.5,0,0,0,10
3962098301,84.0121,0,0,-84.0121,84.0121,93,19,13.0536,22.9464,1.5,0,0,0,10
3963348455,100.225,0,0,-100.225,100.225,247,18,31.559,65.559,1.5,0,0,0,10
3964598423,98.2457,0,0,-98.2457,98.2457,215,11,12.7936,61.7936,1.5,0,0,0,10
3966223370,94.64,0,0,-94.64,94.64,162,20,10.3059,45.8059,1.5,0,0,0,10
3968232197,81.2649,0,0,-81.2649,81.2649,61,6,1.5,16.7839,1.5,0,0,0,10
3972973315,84.3376,0,0,-84.3376,84.3376,107,4,-15.5916,27.5916,1.5,0,0,0,10
3973973385,96.6791,0,0,-96.6791,96.6791,177,2,-7.86992,52,1.5,0,0,0,10
3990973302,83.5047,0,0,-83.5047,83.5047,94,7,11.9293,24.5,1.5,0,0,0,10
4000000107,84.3376,0,0,-84.3376,84.3376,107,0,0,0,10,4,-15.6977,27.6977,1.5
4000000177,96.6791,0,0,-96.6791,96.6791,177,0,0,0,10,2,-8.01992,52,1.5
4000598324,85.1191,0,0,-85.1191,85.1191,116,16,5.28734,32.7873,1.5,0,0,0,10
4000625094,83.5047,0,0,-83.5047,83.5047,94,0,0,0,10,7,12.0793,24.5,1.5
4000875116,85.1191,0,0,-85.1191,85.1191,116,0,0,0,10,16,5.28734,32.7873,1.5
4001000093,84.0121,0,0,-84.0121,84.0121,93,0,0,0,10,19,13.1597,22.8403,1.5
4001000100,84.5263,0,0,-84.5263,84.5263,100,0,0,0,10,9,1.38884,27.8888,1.5
4001000107,84.4884,0,0,-84.4884,84.4884,107,0,0,0,10,1,-12,27.6705,1.5
4001000154,96.4248,0,0,-96.4248,96.4248,154,0,0,0,10,13,16.3314,41.3314,1.5
4001000162,94.64,0,0,-94.64,94.64,162,0,0,0,10,20,10.1999,45.6999,1.5
4001000172,95.3054,0,0,-95.3054,95.3054,172,0,0,0,10,5,-22,44.7679,1.5
4001000212,98.6267,0,0,-98.6267,98.6267,212,0,0,0,10,3,-19.2838,59.5,1.5
4001000215,101.436,0,0,-101.436,101.436,215,0,0,0,10,17,28.5,55.9788,1.5
4001000215,98.2457,0,0,-98.2457,98.2457,215,0,0,0,10,11,12.6875,61.6875,1.5
4001000238,96.1291,0,0,-96.1291,96.1291,238,0,0,0,10,10,-1,69.8136,1.5
4001000240,102.813,0,0,-102.813,102.813,240,0,0,0,10,8,-22.5,66.8687,1.5
4001000247,100.225,0,0,-100.225,100.225,247,0,0,0,10,18,31.4529,65.4529,1.5
4001000248,101.258,0,0,-101.258,101.258,248,0,0,0,10,15,23.8787,68.8787,1.5
4001000249,103.056,0,0,-103.056,103.056,249,0,0,0,10,12,-15.5,71.549,1.5
4001000251,102.317,0,0,-102.317,102.317,251,0,0,0,10,14,-26.0799,69.0799,1.5
4001250061,81.2649,0,0,-81.2649,81.2649,61,0,0,0,10,6,1.5,16.6339,1.5
4006348459,102.317,0,0,-102.317,102.317,251,14,-26.0799,69.0799,1.5,0,0,0,10
4006598456,101.258,0,0,-101.258,101.258,248,15,23.8787,68.8787,1.5,0,0,0,10
4007723420,98.6267,0,0,-98.6267,98.6267,212,3,-19.2838,59.5,1.5,0,0,0,10
4007848308,84.5263,0,0,-84.5263,84.5263,100,9,1.38884,27.8888,1.5,0,0,0,10
4008723457,103.056,0,0,-103.056,103.056,249,12,-15.5,71.549,1.5,0,0,0,10
4009348423,101.436,0,0,-101.436,101.436,215,17,28.5,55.9788,1.5,0,0,0,10
4009848446,96.1291,0,0,-96.1291,96.1291,238,10,-1,69.8136,1.5,0,0,0,10
4011223315,84.4884,0,0,-84.4884,84.4884,107,1,-12,27.6705,1.5,0,0,0,10
4011348380,95.3054,0,0,-95.3054,95.3054,172,5,-22,44.7679,1.5,0,0,0,10
4011598362,96.4248,0,0,-96.4248,96.4248,154,13,16.3314,41.3314,1.5,0,0,0,10
4011848448,102.813,0,0,-102.813,102.813,240,8,-22.5,66.8687,1.5,0,0,0,10
4012098301,84.0121,0,0,-84.0121,84.0121,93,19,13.1597,22.8403,1.5,0,0,0,10
4013348455,100.225,0,0,-100.225,100.225,247,18,31.4529,65.4529,1.5,0,0,0,10
4014598423,98.2457,0,0,-98.2457,98.2457,215,11,12.6875,61.6875,1.5,0,0,0,10
4016223370,94.64,0,0,-94.64,94.64,162,20,10.1999,45.6999,1.5,0,0,0,10
4020107197,81.2649,0,0,-81.2649,81.2649,61,6,1.5,16.6339,1.5,0,0,0,10
4022973315,84.3376,0,0,-84.3376,84.3376,107,4,-15.6977,27.6977,1.5,0,0,0,10
4023973385,96.6791,0,0,-96.6791,96.6791,177,2,-8.01992,52,1.5,0,0,0,10
4040973302,83.5047,0,0,-83.5047,83.5047,94,7,12.0793,24.5,1.5,0,0,0,10
4050000107,84.3376,0,0,-84.3376,84.3376,107,0,0,0,10,4,-15.6977,27.6977,1.5
4050000177,96.6791,0,0,-96.6791,96.6791,177,0,0,0,10,2,-8.01992,52,1.5
4050598324,85.1191,0,0,-85.1191,85.1191,116,16,5.28734,32.7873,1.5,0,0,0,10
4050625094,83.5047,0,0,-83.5047,83.5047,94,0,0,0,10,7,12.0793,24.5,1.5
4050875116,85.1191,0,0,-85.1191,85.1191,116,0,0,0,10,16,5.28734,32.7873,1.5
4051000093,84.0121,0,0,-84.0121,84.0121,93,0,0,0,10,19,13.1597,22.8403,1.5
4051000100,84.5263,0,0,-84.5263,84.5263,100,0,0,0,10,9,1.38884,27.8888,1.5
4051000107,84.4884,0,0,-84.4884,84.4884,107,0,0,0,10,1,-12,27.6705,1.5
4051000154,96.4248,0,0,-96.4248,96.4248,154,0,0,0,10,13,16.3314,41.3314,1.5
4051000162,94.64,0,0,-94.64,94.64,162,0,0,0,10,20,10.1999,45.6999,1.5
4051000172,95.3054,0,0,-95.3054,95.3054,172,0,0,0,10,5,-22,44.7679,1.5
4051000212,98.6267,0,0,-98.6267,98.6267,212,0,0,0,10,3,-19.2838,59.5,1.5
4051000215,101.436,0,0,-101.436,101.436,215,0,0,0,10,17,28.5,55.9788,1.5
4051000215,98.2457,0,0,-98.2457,98.2457,215,0,0,0,10,11,12.6875,61.6875,1.5
4051000238,96.1291,0,0,-96.1291,96.1291,238,0,0,0,10,10,-1,69.8136,1.5
4051000240,102.813,0,0,-102.813,102.813,240,0,0,0,10,8,-22.5,66.8687,1.5
4051000247,100.225,0,0,-100.225,100.225,247,0,0,0,10,18,31.4529,65.4529,1.5
4051000248,101.258,0,0,-101.258,101.258,248,0,0,0,10,15,23.8787,68.8787,1.5
4051000249,103.056,0,0,-103.056,103.056,249,0,0,0,10,12,-15.5,71.549,1.5
4051000251,102.317,0,0,-102.317,102.317,251,0,0,0,10,14,-26.0799,69.0799,1.5
4051250061,81.2649,0,0,-81.2649,81.2649,61,0,0,0,10,6,1.5,16.6339,1.5
4056348459,102.317,0,0,-102.317,102.317,251,14,-26.0799,69.0799,1.5,0,0,0,10
4056598456,101.258,0,0,-101.258,101.258,248,15,23.8787,68.8787,1.5,0,0,0,10
4057723420,98.6267,0,0,-98.6267,98.6267,212,3,-19.2838,59.5,1.5,0,0,0,10
4057848308,84.5263,0,0,-84.5263,84.5263,100,9,1.38884,27.8888,1.5,0,0,0,10
4058723457,103.056,0,0,-103.056,103.056,249,12,-15.5,71.549,1.5,0,0,0,10
4059348423,101.436,0,0,-101.436,101.436,215,17,28.5,55.9788,1.5,0,0,0,10
4059848446,96.1291,0,0,-96.1291,96.1291,238,10,-1,69.8136,1.5,0,0,0,10
4061223315,84.4884,0,0,-84.4884,84.4884,107,1,-12,27.6705,1.5,0,0,0,10
4061348380,95.3054,0,0,-95.3054,95.3054,172,5,-22,44.7679,1.5,0,0,0,10
4061598362,96.4248,0,0,-96.4248,96.4248,154,13,16.3314,41.3314,1.5,0,0,0,10
4061848448,102.813,0,0,-102.813,102.813,240,8,-22.5,66.8687,1.5,0,0,0,10
4062098301,84.0121,0,0,-84.0121,84.0121,93,19,13.1597,22.8403,1.5,0,0,0,10
4063348455,100.225,0,0,-100.225,100.225,247,18,31.4529,65.4529,1.5,0,0,0,10
4064598423,98.2457,0,0,-98.2457,98.2457,215,11,12.6875,61.6875,1.5,0,0,0,10
4066223370,94.64,0,0,-94.64,94.64,162,20,10.1999,45.6999,1.5,0,0,0,10
4071982197,81.2649,0,0,-81.2649,81.2649,61,6,1.5,16.6339,1.5,0,0,0,10
4072973315,84.3376,0,0,-84.3376,84.3376,107,4,-15.6977,27.6977,1.5,0,0,0,10
4073973385,96.6791,0,0,-96.6791,96.6791,177,2,-8.01992,52,1.5,0,0,0,10
4090973302,83.5047,0,0,-83.5047,83.5047,94,7,12.0793,24.5,1.5,0,0,0,10
4100000107,84.3376,0,0,-84.3376,84.3376,107,0,0,0,10,4,-15.8037,27.8037,1.5
4100000177,96.6791,0,0,-96.6791,96.6791,177,0,0,0,10,2,-8.16992,52,1.5
4100598324,85.1191,0,0,-85.1191,85.1191,116,16,5.18128,32.6813,1.5,0,0,0,10
4100625094,83.5047,0,0,-83.5047,83.5047,94,0,0,0,10,7,12.2293,24.5,1.5
4100875116,85.1191,0,0,-85.1191,85.1191,116,0,0,0,10,16,5.18128,32.6813,1.5
4101000093,84.0121,0,0,-84.0121,84.0121,93,0,0,0,10,19,13.2657,22.7343,1.5
4101000100,84.5263,0,0,-84.5263,84.5263,100,0,0,0,10,9,1.28277,27.7828,1.5
4101000107,84.4884,0,0,-84.4884,84.4884,107,0,0,0,10,1,-12,27.5205,1.5
4101000154,96.4248,0,0,-96.4248,96.4248,154,0,0,0,10,13,16.2253,41.2253,1.5
4101000162,94.64,0,0,-94.64,94.64,162,0,0,0,10,20,10.0938,45.5938,1.5
4101000172,95.3054,0,0,-95.3054,95.3054,172,0,0,0,10,5,-22,44.6179,1.5
4101000212,98.6267,0,0,-98.6267,98.6267,212,0,0,0,10,3,-19.1338,59.5,1.5
4101000215,101.436,0,0,-101.436,101.436,215,0,0,0,10,17,28.5,55.8288,1.5
4101000215,98.2457,0,0,-98.2457,98.2457,215,0,0,0,10,11,12.5815,61.5815,1.5
4101000238,96.1291,0,0,-96.1291,96.1291,238,0,0,0,10,10,-1,69.6636,1.5
4101000240,102.813,0,0,-102.813,102.813,240,0,0,0,10,8,-22.5,66.7187,1.5
4101000247,100.225,0,0,-100.225,100.225,247,0,0,0,10,18,31.3468,65.3468,1.5
4101000248,101.258,0,0,-101.258,101.258,248,0,0,0,10,15,23.7726,68.7726,1.5
4101000249,103.056,0,0,-103.056,103.056,249,0,0,0,10,12,-15.5,71.399,1.5
4101000251,102.317,0,0,-102.317,102.317,251,0,0,0,10,14,-25.9739,68.9739,1.5
4101250061,81.2649,0,0,-81.2649,81.2649,61,0,0,0,10,6,1.5,16.4839,1.5
4106348459,102.317,0,0,-102.317,102.317,251,14,-25.9739,68.9739,1.5,0,0,0,10
4106598456,101.258,0,0,-101.258,101.258,248,15,23.7726,68.7726,1.5,0,0,0,10
4107723420,98.6267,0,0,-98.6267,98.6267,212,3,-19.1338,59.5,1.5,0,0,0,10
4107848308,84.5263,0,0,-84.5263,84.5263,100,9,1.28277,27.7828,1.5,0,0,0,10
4108723457,103.056,0,0,-103.056,103.056,249,12,-15.5,71.399,1.5,0,0,0,10
4109348423,101.436,0,0,-101.436,101.436,215,17,28.5,55.8288,1.5,0,0,0,10
4109848446,96.1291,0,0,-96.1291,96.1291,238,10,-1,69.6636,1.5,0,0,0,10
4111223315,84.4884,0,0,-84.4884,84.4884,107,1,-12,27.5205,1.5,0,0,0,10
4111348380,95.3054,0,0,-95.3054,95.3054,172,5,-22,44.6179,1.5,0,0,0,10
4111598362,96.4248,0,0,-96.4248,96.4248,154,13,16.2253,41.2253,1.5,0,0,0,10
4111848448,102.813,0,0,-102.813,102.813,240,8,-22.5,66.7187,1.5,0,0,0,10
4112098301,84.0121,0,0,-84.0121,84.0121,93,19,13.2657,22.7343,1.5,0,0,0,10
4113348455,100.225,0,0,-100.225,100.225,247,18,31.3468,65.3468,1.5,0,0,0,10
4114598423,98.2457,0,0,-98.2457,98.2457,215,11,12.5815,61.5815,1.5,0,0,0,10
4116223370,94.64,0,0,-94.64,94.64,162,20,10.0938,45.5938,1.5,0,0,0,10
4122973315,84.3376,0,0,-84.3376,84.3376,107,4,-15.8037,27.8037,1.5,0,0,0,10
4123732197,81.2649,0,0,-81.2649,81.2649,61,6,1.5,16.4839,1.5,0,0,0,10
4123973385,96.6791,0,0,-96.6791,96.6791,177,2,-8.16992,52,1.5,0,0,0,10
4140973302,83.5047,0,0,-83.5047,83.5047,94,7,12.2293,24.5,1.5,0,0,0,10
4150000107,84.3376,0,0,-84.3376,84.3376,107,0,0,0,10,4,-15.8037,27.8037,1.5
4150000177,96.6791,0,0,-96.6791,96.6791,177,0,0,0,10,2,-8.16992,52,1.5
4150598324,85.1191,0,0,-85.1191,85.1191,116,16,5.18128,32.6813,1.5,0,0,0,10
4150625094,83.5047,0,0,-83.5047,83.5047,94,0,0,0,10,7,12.2293,24.5,1.5
4150875116,85.1191,0,0,-85.1191,85.1191,116,0,0,0,10,16,5.18128,32.6813,1.5
4151000093,84.0121,0,0,-84.0121,84.0121,93,0,0,0,10,19,13.2657,22.7343,1.5
4151000100,84.5263,0,0,-84.5263,84.5263,100,0,0,0,10,9,1.28277,27.7828,1.5
4151000107,84.4884,0,0,-84.4884,84.4884,107,0,0,0,10,1,-12,27.5205,1.5
4151000154,96.4248,0,0,-96.4248,96.4248,154,0,0,0,10,13,16.2253,41.2253,1.5
4151000162,94.64,0,0,-94.64,94.64,162,0,0,0,10,20,10.0938,45.5938,1.5
4151000172,95.3054,0,0,-95.3054,95.3054,172,0,0,0,10,5,-22,44.6179,1.5
4151000212,98.6267,0,0,-98.6267,98.6267,212,0,0,0,10,3,-19.1338,59.5,1.5
4151000215,101.436,0,0,-101.436,101.436,215,0,0,0,10,17,28.5,55.8288,1.5
4151000215,98.2457,0,0,-98.2457,98.2457,215,0,0,0,10,11,12.5815,61.5815,1.5
4151000238,96.1291,0,0,-96.1291,96.1291,238,0,0,0,10,10,-1,69.6636,1.5
4151000240,102.813,0,0,-102.813,102.813,240,0,0,0,10,8,-22.5,66.7187,1.5
4151000247,100.225,0,0,-100.225,100.225,247,0,0,0,10,18,31.3468,65.3468,1.5
4151000248,101.258,0,0,-101.258,101.258,248,0,0,0,10,15,23.7726,68.7726,1.5
4151000249,103.056,0,0,-103.056,103.056,249,0,0,0,10,12,-15.5,71.399,1.5
4151000251,102.317,0,0,-102.317,102.317,251,0,0,0,10,14,-25.9739,68.9739,1.5
4151250061,81.2649,0,0,-81.2649,81.2649,61,0,0,0,10,6,1.5,16.4839,1.5
4156348459,102.317,0,0,-102.317,102.317,251,14,-25.9739,68.9739,1.5,0,0,0,10
4156598456,101.258,0,0,-101.258,101.258,248,15,23.7726,68.7726,1.5,0,0,0,10
4157723420,98.6267,0,0,-98.6267,98.6267,212,3,-19.1338,59.5,1.5,0,0,0,10
4157848308,84.5263,0,0,-84.5263,84.5263,100,9,1.28277,27.7828,1.5,0,0,0,10
4158723457,103.056,0,0,-103.056,103.056,249,12,-15.5,71.399,1.5,0,0,0,10
4159348423,101.436,0,0,-101.436,101.436,215,17,28.5,55.8288,1.5,0,0,0,10
4159848446,96.1291,0,0,-96.1291,96.1291,238,10,-1,69.6636,1.5,0,0,0,10
4161223315,84.4884,0,0,-84.4884,84.4884,107,1,-12,27.5205,1.5,0,0,0,10
4161348380,95.3054,0,0,-95.3054,95.3054,172,5,-22,44.6179,1.5,0,0,0,10
4161598362,96.4248,0,0,-96.4248,96.4248,154,13,16.2253,41.2253,1.5,0,0,0,10
4161848448,102.813,0,0,-102.813,102.813,240,8,-22.5,66.7187,1.5,0,0,0,10
4162098301,84.0121,0,0,-84.0121,84.0121,93,19,13.2657,22.7343,1.5,0,0,0,10
4163348455,100.225,0,0,-100.225,100.225,247,18,31.3468,65.3468,1.5,0,0,0,10
4164598423,98.2457,0,0,-98.2457,98.2457,215,11,12.5815,61.5815,1.5,0,0,0,10
4166223370,94.64,0,0,-94.64,94.64,162,20,10.0938,45.5938,1.5,0,0,0,10
4172973315,84.3376,0,0,-84.3376,84.3376,107,4,-15.8037,27.8037,1.5,0,0,0,10
4173973385,96.6791,0,0,-96.6791,96.6791,177,2,-8.16992,52,1.5,0,0,0,10
4175223269,81.2649,0,0,-81.2649,81.2649,61,6,1.5,16.4839,1.5,0,0,0,10
4190973302,83.5047,0,0,-83.5047,83.5047,94,7,12.2293,24.5,1.5,0,0,0,10
4200000111,87.8975,0,0,-87.8975,87.8975,111,0,0,0,10,4,-15.9098,27.9098,1.5
4200000178,95.5851,0,0,-95.5851,95.5851,178,0,0,0,10,2,-8.31992,52,1.5
4200625096,83.6201,0,0,-83.6201,83.6201,96,0,0,0,10,7,12.3793,24.5,1.5
4201000114,84.5989,0,0,-84.5989,84.5989,114,0,0,0,10,16,5.07521,32.5752,1.5
4201250062,81.3013,0,0,-81.3013,81.3013,62,0,0,0,10,6,1.5,16.3339,1.5
4201250092,83.2176,0,0,-83.2176,83.2176,92,0,0,0,10,19,13.3718,22.6282,1.5
4201250097,83.5338,0,0,-83.5338,83.5338,97,0,0,0,10,9,1.1767,27.6767,1.5
4201250104,83.8674,0,0,-83.8674,83.8674,104,0,0,0,10,1,-12,27.3705,1.5
4201250150,95.6124,0,0,-95.6124,95.6124,150,0,0,0,10,13,16.1192,41.1192,1.5
4201250158,95.1235,0,0,-95.1235,95.1235,158,0,0,0,10,20,9.98773,45.4877,1.5
4201250168,94.8338,0,0,-94.8338,94.8338,168,0,0,0,10,5,-22,44.4679,1.5
4201250210,100.507,0,0,-100.507,100.507,210,0,0,0,10,3,-18.9838,59.5,1.5
4201250211,100.42,0,0,-100.42,100.42,211,0,0,0,10,17,28.5,55.6788,1.5
4201250211,96.9414,0,0,-96.9414,96.9414,211,0,0,0,10,11,12.5,61.4652,1.5
4201250234,96.1052,0,0,-96.1052,96.1052,234,0,0,0,10,10,-1,69.5136,1.5
4201250236,100.255,0,0,-100.255,100.255,236,0,0,0,10,8,-22.5,66.5687,1.5
4201250243,102.384,0,0,-102.384,102.384,243,0,0,0,10,18,31.2408,65.2408,1.5
4201250244,103.825,0,0,-103.825,103.825,244,0,0,0,10,15,23.6665,68.6665,1.5
4201250245,101.937,0,0,-101.937,101.937,245,0,0,0,10,12,-15.5,71.249,1.5
4201250247,100.417,0,0,-100.417,100.417,247,0,0,0,10,14,-25.8678,68.8678,1.5
4202482250,84.5989,0,0,-84.5989,84.5989,114,16,5.07521,32.5752,1.5,0,0,0,10
4206857380,103.825,0,0,-103.825,103.825,244,15,23.6665,68.6665,1.5,0,0,0,10
4208848454,101.937,0,0,-101.937,101.937,245,12,-15.5,71.249,1.5,0,0,0,10
4209982233,83.5338,0,0,-83.5338,83.5338,97,9,1.1767,27.6767,1.5,0,0,0,10
4210357346,100.507,0,0,-100.507,100.507,210,3,-18.9838,59.5,1.5,0,0,0,10
4211982372,100.255,0,0,-100.255,100.255,236,8,-22.5,66.5687,1.5,0,0,0,10
4212107304,94.8338,0,0,-94.8338,94.8338,168,5,-22,44.4679,1.5,0,0,0,10
4213232286,95.6124,0,0,-95.6124,95.6124,150,13,16.1192,41.1192,1.5,0,0,0,10
4213732370,96.1052,0,0,-96.1052,96.1052,234,10,-1,69.5136,1.5,0,0,0,10
4214357240,83.8674,0,0,-83.8674,83.8674,104,1,-12,27.3705,1.5,0,0,0,10
4216348455,100.417,0,0,-100.417,100.417,247,14,-25.8678,68.8678,1.5,0,0,0,10
4216857294,95.1235,0,0,-95.1235,95.1235,158,20,9.98773,45.4877,1.5,0,0,0,10
4217357347,100.42,0,0,-100.42,100.42,211,17,28.5,55.6788,1.5,0,0,0,10
4217482347,96.9414,0,0,-96.9414,96.9414,211,11,12.5,61.4652,1.5,0,0,0,10
4218857228,83.2176,0,0,-83.2176,83.2176,92,19,13.3718,22.6282,1.5,0,0,0,10
4220857379,102.384,0,0,-102.384,102.384,243,18,31.2408,65.2408,1.5,0,0,0,10
4222973319,87.8975,0,0,-87.8975,87.8975,111,4,-15.9098,27.9098,1.5,0,0,0,10
4223973386,95.5851,0,0,-95.5851,95.5851,178,2,-8.31992,52,1.5,0,0,0,10
4225223270,81.3013,0,0,-81.3013,81.3013,62,6,1.5,16.3339,1.5,0,0,0,10
4240973304,83.6201,0,0,-83.6201,83.6201,96,7,12.3793,24.5,1.5,0,0,0,10
4250000111,87.8975,0,0,-87.8975,87.8975,111,0,0,0,10,4,-15.9098,27.9098,1.5
4250000178,95.5851,0,0,-95.5851,95.5851,178,0,0,0,10,2,-8.31992,52,1.5
4250625096,83.6201,0,0,-83.6201,83.6201,96,0,0,0,10,7,12.3793,24.5,1.5
4251000114,84.5989,0,0,-84.5989,84.5989,114,0,0,0,10,16,5.07521,32.5752,1.5
4251250062,81.3013,0,0,-81.3013,81.3013,62,0,0,0,10,6,1.5,16.3339,1.5
4251250092,83.2176,0,0,-83.2176,83.2176,92,0,0,0,10,19,13.3718,22.6282,1.5
4251250097,83.5338,0,0,-83.5338,83.5338,97,0,0,0,10,9,1.1767,27.6767,1.5
4251250104,83.8674,0,0,-83.8674,83.8674,104,0,0,0,10,1,-12,27.3705,1.5
4251250150,95.6124,0,0,-95.6124,95.6124,150,0,0,0,10,13,16.1192,41.1192,1.5
4251250158,95.1235,0,0,-95.1235,95.1235,158,0,0,0,10,20,9.98773,45.4877,1.5
4251250168,94.8338,0,0,-94.8338,94.8338,168,0,0,0,10,5,-22,44.4679,1.5
4251250210,100.507,0,0,-100.507,100.507,210,0,0,0,10,3,-18.9838,59.5,1.5
4251250211,100.42,0,0,-100.42,100.42,211,0,0,0,10,17,28.5,55.6788,1.5
4251250211,96.9414,0,0,-96.9414,96.9414,211,0,0,0,10,11,12.5,61.4652,1.5
4251250234,96.1052,0,0,-96.1052,96.1052,234,0,0,0,10,10,-1,69.5136,1.5
4251250236,100.255,0,0,-100.255,100.255,236,0,0,0,10,8,-22.5,66.5687,1.5
4251250243,102.384,0,0,-102.384,102.384,243,0,0,0,10,18,31.2408,65.2408,1.5
4251250244,103.825,0,0,-103.825,103.825,244,0,0,0,10,15,23.6665,68.6665,1.5
4251250245,101.937,0,0,-101.937,101.937,245,0,0,0,10,12,-15.5,71.249,1.5
4251250247,100.417,0,0,-100.417,100.417,247,0,0,0,10,14,-25.8678,68.8678,1.5
4257482380,103.825,0,0,-103.825,103.825,244,15,23.6665,68.6665,1.5,0,0,0,10
4258482250,84.5989,0,0,-84.5989,84.5989,114,16,5.07521,32.5752,1.5,0,0,0,10
4261607381,101.937,0,0,-101.937,101.937,245,12,-15.5,71.249,1.5,0,0,0,10
4261857233,83.5338,0,0,-83.5338,83.5338,97,9,1.1767,27.6767,1.5,0,0,0,10
4262232346,100.507,0,0,-100.507,100.507,210,3,-18.9838,59.5,1.5,0,0,0,10
4263357286,95.6124,0,0,-95.6124,95.6124,150,13,16.1192,41.1192,1.5,0,0,0,10
4263857372,100.255,0,0,-100.255,100.255,236,8,-22.5,66.5687,1.5,0,0,0,10
4263982304,94.8338,0,0,-94.8338,94.8338,168,5,-22,44.4679,1.5,0,0,0,10
4264098443,96.1052,0,0,-96.1052,96.1052,234,10,-1,69.5136,1.5,0,0,0,10
4266232240,83.8674,0,0,-83.8674,83.8674,104,1,-12,27.3705,1.5,0,0,0,10
4266348455,100.417,0,0,-100.417,100.417,247,14,-25.8678,68.8678,1.5,0,0,0,10
4269348419,100.42,0,0,-100.42,100.42,211,17,28.5,55.6788,1.5,0,0,0,10
4269357347,96.9414,0,0,-96.9414,96.9414,211,11,12.5,61.4652,1.5,0,0,0,10
4272098300,83.2176,0,0,-83.2176,83.2176,92,19,13.3718,22.6282,1.5,0,0,0,10
4272973319,87.8975,0,0,-87.8975,87.8975,111,4,-15.9098,27.9098,1.5,0,0,0,10
4273348451,102.384,0,0,-102.384,102.384,243,18,31.2408,65.2408,1.5,0,0,0,10
4273973386,95.5851,0,0,-95.5851,95.5851,178,2,-8.31992,52,1.5,0,0,0,10
4274482294,95.1235,0,0,-95.1235,95.1235,158,20,9.98773,45.4877,1.5,0,0,0,10
4275223270,81.3013,0,0,-81.3013,81.3013,62,6,1.5,16.3339,1.5,0,0,0,10
4290973304,83.6201,0,0,-83.6201,83.6201,96,7,12.3793,24.5,1.5,0,0,0,10
4300000111,87.8975,0,0,-87.8975,87.8975,111,0,0,0,10,4,-16.0159,28.0159,1.5
4300000178,95.5851,0,0,-95.5851,95.5851,178,0,0,0,10,2,-8.46992,52,1.5
4300625096,83.6201,0,0,-83.6201,83.6201,96,0,0,0,10,7,12.5293,24.5,1.5
4301000114,84.5989,0,0,-84.5989,84.5989,114,0,0,0,10,16,4.95636,32.5,1.5
4301250062,81.3013,0,0,-81.3013,81.3013,62,0,0,0,10,6,1.5,16.1839,1.5
4301250092,83.2176,0,0,-83.2176,83.2176,92,0,0,0,10,19,13.4779,22.5221,1.5
4301250097,83.5338,0,0,-83.5338,83.5338,97,0,0,0,10,9,1.07064,27.5706,1.5
4301250104,83.8674,0,0,-83.8674,83.8674,104,0,0,0,10,1,-12,27.2205,1.5
4301250150,95.6124,0,0,-95.6124,95.6124,150,0,0,0,10,13,16.0132,41.0132,1.5
4301250158,95.1235,0,0,-95.1235,95.1235,158,0,0,0,10,20,9.88166,45.3817,1.5
4301250168,94.8338,0,0,-94.8338,94.8338,168,0,0,0,10,5,-22,44.3179,1.5
4301250210,100.507,0,0,-100.507,100.507,210,0,0,0,10,3,-18.8338,59.5,1.5
4301250211,100.42,0,0,-100.42,100.42,211,0,0,0,10,17,28.5,55.5288,1.5
4301250211,96.9414,0,0,-96.9414,96.9414,211,0,0,0,10,11,12.5,61.3152,1.5
4301250234,96.1052,0,0,-96.1052,96.1052,234,0,0,0,10,10,-1,69.3636,1.5
4301250236,100.255,0,0,-100.255,100.255,236,0,0,0,10,8,-22.5,66.4187,1.5
4301250243,102.384,0,0,-102.384,102.384,243,0,0,0,10,18,31.1347,65.1347,1.5
4301250244,103.825,0,0,-103.825,103.825,244,0,0,0,10,15,23.5605,68.5605,1.5
4301250245,101.937,0,0,-101.937,101.937,245,0,0,0,10,12,-15.5,71.099,1.5
4301250247,100.417,0,0,-100.417,100.417,247,0,0,0,10,14,-25.7617,68.7617,1.5
4309357380,103.825,0,0,-103.825,103.825,244,15,23.5605,68.5605,1.5,0,0,0,10
4310598322,84.5989,0,0,-84.5989,84.5989,114,16,4.95636,32.5,1.5,0,0,0,10
4313482381,101.937,0,0,-101.937,101.937,245,12,-15.5,71.099,1.5,0,0,0,10
4313607233,83.5338,0,0,-83.5338,83.5338,97,9,1.07064,27.5706,1.5,0,0,0,10
4314107346,100.507,0,0,-100.507,100.507,210,3,-18.8338,59.5,1.5,0,0,0,10
4315607372,100.255,0,0,-100.255,100.255,236,8,-22.5,66.4187,1.5,0,0,0,10
4315857304,94.8338,0,0,-94.8338,94.8338,168,5,-22,44.3179,1.5,0,0,0,10
4316348455,100.417,0,0,-100.417,100.417,247,14,-25.7617,68.7617,1.5,0,0,0,10
4317482370,96.1052,0,0,-96.1052,96.1052,234,10,-1,69.3636,1.5,0,0,0,10
4317982240,83.8674,0,0,-83.8674,83.8674,104,1,-12,27.2205,1.5,0,0,0,10
4319348419,100.42,0,0,-100.42,100.42,211,17,28.5,55.5288,1.5,0,0,0,10
4321232347,96.9414,0,0,-96.9414,96.9414,211,11,12.5,61.3152,1.5,0,0,0,10
4321598358,95.6124,0,0,-95.6124,95.6124,150,13,16.0132,41.0132,1.5,0,0,0,10
4322098300,83.2176,0,0,-83.2176,83.2176,92,19,13.4779,22.5221,1.5,0,0,0,10
4322973319,87.8975,0,0,-87.8975,87.8975,111,4,-16.0159,28.0159,1.5,0,0,0,10
4323348451,102.384,0,0,-102.384,102.384,243,18,31.1347,65.1347,1.5,0,0,0,10
4323973386,95.5851,0,0,-95.5851,95.5851,178,2,-8.46992,52,1.5,0,0,0,10
4325223270,81.3013,0,0,-81.3013,81.3013,62,6,1.5,16.1839,1.5,0,0,0,10
4326223366,95.1235,0,0,-95.1235,95.1235,158,20,9.88166,45.3817,1.5,0,0,0,10
4340973304,83.6201,0,0,-83.6201,83.6201,96,7,12.5293,24.5,1.5,0,0,0,10
4350000111,87.8975,0,0,-87.8975,87.8975,111,0,0,0,10,4,-16.0159,28.0159,1.5
4350000178,95.5851,0,0,-95.5851,95.5851,178,0,0,0,10,2,-8.46992,52,1.5
4350625096,83.6201,0,0,-83.6201,83.6201,96,0,0,0,10,7,12.5293,24.5,1.5
4351000114,84.5989,0,0,-84.5989,84.5989,114,0,0,0,10,16,4.95636,32.5,1.5
4351250062,81.3013,0,0,-81.3013,81.3013,62,0,0,0,10,6,1.5,16.1839,1.5
4351250092,83.2176,0,0,-83.2176,83.2176,92,0,0,0,10,19,13.4779,22.5221,1.5
4351250097,83.5338,0,0,-83.5338,83.5338,97,0,0,0,10,9,1.07064,27.5706,1.5
4351250104,83.8674,0,0,-83.8674,83.8674,104,0,0,0,10,1,-12,27.2205,1.5
4351250150,95.6124,0,0,-95.6124,95.6124,150,0,0,0,10,13,16.0132,41.0132,1.5
4351250158,95.1235,0,0,-95.1235,95.1235,158,0,0,0,10,20,9.88166,45.3817,1.5
4351250168,94.8338,0,0,-94.8338,94.8338,168,0,0,0,10,5,-22,44.3179,1.5
4351250210,100.507,0,0,-100.507,100.507,210,0,0,0,10,3,-18.8338,59.5,1.5
4351250211,100.42,0,0,-100.42,100.42,211,0,0,0,10,17,28.5,55.5288,1.5
4351250211,96.9414,0,0,-96.9414,96.9414,211,0,0,0,10,11,12.5,61.3152,1.5
4351250234,96.1052,0,0,-96.1052,96.1052,234,0,0,0,10,10,-1,69.3636,1.5
4351250236,100.255,0,0,-100.255,100.255,236,0,0,0,10,8,-22.5,66.4187,1.5
4351250243,102.384,0,0,-102.384,102.384,243,0,0,0,10,18,31.1347,65.1347,1.5
4351250244,103.825,0,0,-103.825,103.825,244,0,0,0,10,15,23.5605,68.5605,1.5
4351250245,101.937,0,0,-101.937,101.937,245,0,0,0,10,12,-15.5,71.099,1.5
4351250247,100.417,0,0,-100.417,100.417,247,0,0,0,10,14,-25.7617,68.7617,1.5
4360598322,84.5989,0,0,-84.5989,84.5989,114,16,4.95636,32.5,1.5,0,0,0,10
4365232381,101.937,0,0,-101.937,101.937,245,12,-15.5,71.099,1.5,0,0,0,10
4365357380,103.825,0,0,-103.825,103.825,244,15,23.5605,68.5605,1.5,0,0,0,10
4365482233,83.5338,0,0,-83.5338,83.5338,97,9,1.07064,27.5706,1.5,0,0,0,10
4365857346,100.507,0,0,-100.507,100.507,210,3,-18.8338,59.5,1.5,0,0,0,10
4366348455,100.417,0,0,-100.417,100.417,247,14,-25.7617,68.7617,1.5,0,0,0,10
4367482372,100.255,0,0,-100.255,100.255,236,8,-22.5,66.4187,1.5,0,0,0,10
4367732304,94.8338,0,0,-94.8338,94.8338,168,5,-22,44.3179,1.5,0,0,0,10
4369232370,96.1052,0,0,-96.1052,96.1052,234,10,-1,69.3636,1.5,0,0,0,10
4369348419,100.42,0,0,-100.42,100.42,211,17,28.5,55.5288,1.5,0,0,0,10
4369857240,83.8674,0,0,-83.8674,83.8674,104,1,-12,27.2205,1.5,0,0,0,10
4371598358,95.6124,0,0,-95.6124,95.6124,150,13,16.0132,41.0132,1.5,0,0,0,10
4372098300,83.2176,0,0,-83.2176,83.2176,92,19,13.4779,22.5221,1.5,0,0,0,10
4372973319,87.8975,0,0,-87.8975,87.8975,111,4,-16.0159,28.0159,1.5,0,0,0,10
4372982347,96.9414,0,0,-96.9414,96.9414,211,11,12.5,61.3152,1.5,0,0,0,10
4373348451,102.384,0,0,-102.384,102.384,243,18,31.1347,65.1347,1.5,0,0,0,10
4373973386,95.5851,0,0,-95.5851,95.5851,178,2,-8.46992,52,1.5,0,0,0,10
4375223270,81.3013,0,0,-81.3013,81.3013,62,6,1.5,16.1839,1.5,0,0,0,10
4376223366,95.1235,0,0,-95.1235,95.1235,158,20,9.88166,45.3817,1.5,0,0,0,10
4390973304,83.6201,0,0,-83.6201,83.6201,96,7,12.5293,24.5,1.5,0,0,0,10
4400000111,87.8975,0,0,-87.8975,87.8975,111,0,0,0,10,4,-16.1219,28.1219,1.5
4400000178,95.5851,0,0,-95.5851,95.5851,178,0,0,0,10,2,-8.61992,52,1.5
4400625096,83.6201,0,0,-83.6201,83.6201,96,0,0,0,10,7,12.6793,24.5,1.5
4401000114,84.5989,0,0,-84.5989,84.5989,114,0,0,0,10,16,4.80636,32.5,1.5
4401250062,81.3013,0,0,-81.3013,81.3013,62,0,0,0,10,6,1.5,16.0339,1.5
4401250092,83.2176,0,0,-83.2176,83.2176,92,0,0,0,10,19,13.5839,22.4161,1.5
4401250097,83.5338,0,0,-83.5338,83.5338,97,0,0,0,10,9,0.964571,27.4646,1.5
4401250104,83.8674,0,0,-83.8674,83.8674,104,0,0,0,10,1,-12,27.0705,1.5
4401250150,95.6124,0,0,-95.6124,95.6124,150,0,0,0,10,13,15.9071,40.9071,1.5
4401250158,95.1235,0,0,-95.1235,95.1235,158,0,0,0,10,20,9.7756,45.2756,1.5
4401250168,94.8338,0,0,-94.8338,94.8338,168,0,0,0,10,5,-22,44.1679,1.5
4401250210,100.507,0,0,-100.507,100.507,210,0,0,0,10,3,-18.6838,59.5,1.5
4401250211,100.42,0,0,-100.42,100.42,211,0,0,0,10,17,28.5,55.3788,1.5
4401250211,96.9414,0,0,-96.9414,96.9414,211,0,0,0,10,11,12.5,61.1652,1.5
4401250234,96.1052,0,0,-96.1052,96.1052,234,0,0,0,10,10,-1,69.2136,1.5
4401250236,100.255,0,0,-100.255,100.255,236,0,0,0,10,8,-22.5,66.2687,1.5
4401250243,102.384,0,0,-102.384,102.384,243,0,0,0,10,18,31.0286,65.0286,1.5
4401250244,103.825,0,0,-103.825,103.825,244,0,0,0,10,15,23.4544,68.4544,1.5
4401250245,101.937,0,0,-101.937,101.937,245,0,0,0,10,12,-15.5,70.949,1.5
4401250247,100.417,0,0,-100.417,100.417,247,0,0,0,10,14,-25.6557,68.6557,1.5
4410598322,84.5989,0,0,-84.5989,84.5989,114,16,4.80636,32.5,1.5,0,0,0,10
4415973453,103.825,0,0,-103.825,103.825,244,15,23.4544,68.4544,1.5,0,0,0,10
4416348455,100.417,0,0,-100.417,100.417,247,14,-25.6557,68.6557,1.5,0,0,0,10
4417107381,101.937,0,0,-101.937,101.937,245,12,-15.5,70.949,1.5,0,0,0,10
4417357233,83.5338,0,0,-83.5338,83.5338,97,9,0.964571,27.4646,1.5,0,0,0,10
4417723418,100.507,0,0,-100.507,100.507,210,3,-18.6838,59.5,1.5,0,0,0,10
4419348419,100.42,0,0,-100.42,100.42,211,17,28.5,55.3788,1.5,0,0,0,10
4419357372,100.255,0,0,-100.255,100.255,236,8,-22.5,66.2687,1.5,0,0,0,10
4419482304,94.8338,0,0,-94.8338,94.8338,168,5,-22,44.1679,1.5,0,0,0,10
4419848442,96.1052,0,0,-96.1052,96.1052,234,10,-1,69.2136,1.5,0,0,0,10
4421223312,83.8674,0,0,-83.8674,83.8674,104,1,-12,27.0705,1.5,0,0,0,10
4421598358,95.6124,0,0,-95.6124,95.6124,150,13,15.9071,40.9071,1.5,0,0,0,10
4422098300,83.2176,0,0,-83.2176,83.2176,92,19,13.5839,22.4161,1.5,0,0,0,10
4422973319,87.8975,0,0,-87.8975,87.8975,111,4,-16.1219,28.1219,1.5,0,0,0,10
4423348451,102.384,0,0,-102.384,102.384,243,18,31.0286,65.0286,1.5,0,0,0,10
4423973386,95.5851,0,0,-95.5851,95.5851,178,2,-8.61992,52,1.5,0,0,0,10
4424598419,96.9414,0,0,-96.9414,96.9414,211,11,12.5,61.1652,1.5,0,0,0,10
4425223270,81.3013,0,0,-81.3013,81.3013,62,6,1.5,16.0339,1.5,0,0,0,10
4426223366,95.1235,0,0,-95.1235,95.1235,158,20,9.7756,45.2756,1.5,0,0,0,10
4440973304,83.6201,0,0,-83.6201,83.6201,96,7,12.6793,24.5,1.5,0,0,0,10
4450000111,87.8975,0,0,-87.8975,87.8975,111,0,0,0,10,4,-16.1219,28.1219,1.5
4450000178,95.5851,0,0,-95.5851,95.5851,178,0,0,0,10,2,-8.61992,52,1.5
4450625096,83.6201,0,0,-83.6201,83.6201,96,0,0,0,10,7,12.6793,24.5,1.5
4451000114,84.5989,0,0,-84.5989,84.5989,114,0,0,0,10,16,4.80636,32.5,1.5
4451250062,81.3013,0,0,-81.3013,81.3013,62,0,0,0,10,6,1.5,16.0339,1.5
4451250092,83.2176,0,0,-83.2176,83.2176,92,0,0,0,10,19,13.5839,22.4161,1.5
4451250097,83.5338,0,0,-83.5338,83.5338,97,0,0,0,10,9,0.964571,27.4646,1.5
4451250104,83.8674,0,0,-83.8674,83.8674,104,0,0,0,10,1,-12,27.0705,1.5
4451250150,95.6124,0,0,-95.6124,95.6124,150,0,0,0,10,13,15.9071,40.9071,1.5
4451250158,95.1235,0,0,-95.1235,95.1235,158,0,0,0,10,20,9.7756,45.2756,1.5
4451250168,94.8338,0,0,-94.8338,94.8338,168,0,0,0,10,5,-22,44.1679,1.5
4451250210,100.507,0,0,-100.507,100.507,210,0,0,0,10,3,-18.6838,59.5,1.5
4451250211,100.42,0,0,-100.42,100.42,211,0,0,0,10,17,28.5,55.3788,1.5
4451250211,96.9414,0,0,-96.9414,96.9414,211,0,0,0,10,11,12.5,61.1652,1.5
4451250234,96.1052,0,0,-96.1052,96.1052,234,0,0,0,10,10,-1,69.2136,1.5
4451250236,100.255,0,0,-100.255,100.255,236,0,0,0,10,8,-22.5,66.2687,1.5
4451250243,102.384,0,0,-102.384,102.384,243,0,0,0,10,18,31.0286,65.0286,1.5
4451250244,103.825,0,0,-103.825,103.825,244,0,0,0,10,15,23.4544,68.4544,1.5
4451250245,101.937,0,0,-101.937,101.937,245,0,0,0,10,12,-15.5,70.949,1.5
4451250247,100.417,0,0,-100.417,100.417,247,0,0,0,10,14,-25.6557,68.6557,1.5
4460598322,84.5989,0,0,-84.5989,84.5989,114,16,4.80636,32.5,1.5,0,0,0,10
4466348455,100.417,0,0,-100.417,100.417,247,14,-25.6557,68.6557,1.5,0,0,0,10
4466598452,103.825,0,0,-103.825,103.825,244,15,23.4544,68.4544,1.5,0,0,0,10
4467723418,100.507,0,0,-100.507,100.507,210,3,-18.6838,59.5,1.5,0,0,0,10
4467848305,83.5338,0,0,-83.5338,83.5338,97,9,0.964571,27.4646,1.5,0,0,0,10
4468723453,101.937,0,0,-101.937,101.937,245,12,-15.5,70.949,1.5,0,0,0,10
4469348419,100.42,0,0,-100.42,100.42,211,17,28.5,55.3788,1.5,0,0,0,10
4469848442,96.1052,0,0,-96.1052,96.1052,234,10,-1,69.2136,1.5,0,0,0,10
4471107372,100.255,0,0,-100.255,100.255,236,8,-22.5,66.2687,1.5,0,0,0,10
4471223312,83.8674,0,0,-83.8674,83.8674,104,1,-12,27.0705,1.5,0,0,0,10
4471348376,94.8338,0,0,-94.8338,94.8338,168,5,-22,44.1679,1.5,0,0,0,10
4471598358,95.6124,0,0,-95.6124,95.6124,150,13,15.9071,40.9071,1.5,0,0,0,10
4472098300,83.2176,0,0,-83.2176,83.2176,92,19,13.5839,22.4161,1.5,0,0,0,10
4472973319,87.8975,0,0,-87.8975,87.8975,111,4,-16.1219,28.1219,1.5,0,0,0,10
4473348451,102.384,0,0,-102.384,102.384,243,18,31.0286,65.0286,1.5,0,0,0,10
4473973386,95.5851,0,0,-95.5851,95.5851,178,2,-8.61992,52,1.5,0,0,0,10
4474598419,96.9414,0,0,-96.9414,96.9414,211,11,12.5,61.1652,1.5,0,0,0,10
4475223270,81.3013,0,0,-81.3013,81.3013,62,6,1.5,16.0339,1.5,0,0,0,10
4476223366,95.1235,0,0,-95.1235,95.1235,158,20,9.7756,45.2756,1.5,0,0,0,10
4490973304,83.6201,0,0,-83.6201,83.6201,96,7,12.6793,24.5,1.5,0,0,0,10
4500000111,87.8975,0,0,-87.8975,87.8975,111,0,0,0,10,4,-16.228,28.228,1.5
4500000178,95.5851,0,0,-95.5851,95.5851,178,0,0,0,10,2,-8.76992,52,1.5
4500625096,83.6201,0,0,-83.6201,83.6201,96,0,0,0,10,7,12.8293,24.5,1.5
4501000114,84.5989,0,0,-84.5989,84.5989,114,0,0,0,10,16,4.65636,32.5,1.5
4501250062,81.3013,0,0,-81.3013,81.3013,62,0,0,0,10,6,1.5,15.8839,1.5
4501250092,83.2176,0,0,-83.2176,83.2176,92,0,0,0,10,19,13.69,22.31,1.5
4501250097,83.5338,0,0,-83.5338,83.5338,97,0,0,0,10,9,0.858505,27.3585,1.5
4501250104,83.8674,0,0,-83.8674,83.8674,104,0,0,0,10,1,-12,26.9205,1.5
4501250150,95.6124,0,0,-95.6124,95.6124,150,0,0,0,10,13,15.801,40.801,1.5
4501250158,95.1235,0,0,-95.1235,95.1235,158,0,0,0,10,20,9.66953,45.1695,1.5
4501250168,94.8338,0,0,-94.8338,94.8338,168,0,0,0,10,5,-22,44.0179,1.5
4501250210,100.507,0,0,-100.507,100.507,210,0,0,0,10,3,-18.5338,59.5,1.5
4501250211,100.42,0,0,-100.42,100.42,211,0,0,0,10,17,28.5,55.2288,1.5
4501250211,96.9414,0,0,-96.9414,96.9414,211,0,0,0,10,11,12.5,61.0152,1.5
4501250234,96.1052,0,0,-96.1052,96.1052,234,0,0,0,10,10,-1,69.0636,1.5
4501250236,100.255,0,0,-100.255,100.255,236,0,0,0,10,8,-22.5,66.1187,1.5
4501250243,102.384,0,0,-102.384,102.384,243,0,0,0,10,18,30.9226,64.9226,1.5
4501250244,103.825,0,0,-103.825,103.825,244,0,0,0,10,15,23.3483,68.3483,1.5
4501250245,101.937,0,0,-101.937,101.937,245,0,0,0,10,12,-15.5,70.799,1.5
4501250247,100.417,0,0,-100.417,100.417,247,0,0,0,10,14,-25.5496,68.5496,1.5
4510598322,84.5989,0,0,-84.5989,84.5989,114,16,4.65636,32.5,1.5,0,0,0,10
4516348455,100.417,0,0,-100.417,100.417,247,14,-25.5496,68.5496,1.5,0,0,0,10
4516598452,103.825,0,0,-103.825,103.825,244,15,23.3483,68.3483,1.5,0,0,0,10
4517723418,100.507,0,0,-100.507,100.507,210,3,-18.5338,59.5,1.5,0,0,0,10
4517848305,83.5338,0,0,-83.5338,83.5338,97,9,0.858505,27.3585,1.5,0,0,0,10
4518723453,101.937,0,0,-101.937,101.937,245,12,-15.5,70.799,1.5,0,0,0,10
4519348419,100.42,0,0,-100.42,100.42,211,17,28.5,55.2288,1.5,0,0,0,10
4519848442,96.1052,0,0,-96.1052,96.1052,234,10,-1,69.0636,1.5,0,0,0,10
4521223312,83.8674,0,0,-83.8674,83.8674,104,1,-12,26.9205,1.5,0,0,0,10
4521348376,94.8338,0,0,-94.8338,94.8338,168,5,-22,44.0179,1.5,0,0,0,10
4521598358,95.6124,0,0,-95.6124,95.6124,150,13,15.801,40.801,1.5,0,0,0,10
4521848444,100.255,0,0,-100.255,100.255,236,8,-22.5,66.1187,1.5,0,0,0,10
4522098300,83.2176,0,0,-83.2176,83.2176,92,19,13.69,22.31,1.5,0,0,0,10
4522973319,87.8975,0,0,-87.8975,87.8975,111,4,-16.228,28.228,1.5,0,0,0,10
4523348451,102.384,0,0,-102.384,102.384,243,18,30.9226,64.9226,1.5,0,0,0,10
4523973386,95.5851,0,0,-95.5851,95.5851,178,2,-8.76992,52,1.5,0,0,0,10
4524598419,96.9414,0,0,-96.9414,96.9414,211,11,12.5,61.0152,1.5,0,0,0,10
4525223270,81.3013,0,0,-81.3013,81.3013,62,6,1.5,15.8839,1.5,0,0,0,10
4526223366,95.1235,0,0,-95.1235,95.1235,158,20,9.66953,45.1695,1.5,0,0,0,10
4540973304,83.6201,0,0,-83.6201,83.6201,96,7,12.8293,24.5,1.5,0,0,0,10
4550000111,87.8975,0,0,-87.8975,87.8975,111,0,0,0,10,4,-16.228,28.228,1.5
4550000178,95.5851,0,0,-95.5851,95.5851,178,0,0,0,10,2,-8.76992,52,1.5
4550625096,83.6201,0,0,-83.6201,83.6201,96,0,0,0,10,7,12.8293,24.5,1.5
4551000114,84.5989,0,0,-84.5989,84.5989,114,0,0,0,10,16,4.65636,32.5,1.5
4551250062,81.3013,0,0,-81.3013,81.3013,62,0,0,0,10,6,1.5,15.8839,1.5
4551250092,83.2176,0,0,-83.2176,83.2176,92,0,0,0,10,19,13.69,22.31,1.5
4551250097,83.5338,0,0,-83.5338,83.5338,97,0,0,0,10,9,0.858505,27.3585,1.5
4551250104,83.8674,0,0,-83.8674,83.8674,104,0,0,0,10,1,-12,26.9205,1.5
4551250150,95.6124,0,0,-95.6124,95.6124,150,0,0,0,10,13,15.801,40.801,1.5
4551250158,95.1235,0,0,-95.1235,95.1235,158,0,0,0,10,20,9.66953,45.1695,1.5
4551250168,94.8338,0,0,-94.8338,94.8338,168,0,0,0,10,5,-22,44.0179,1.5
4551250210,100.507,0,0,-100.507,100.507,210,0,0,0,10,3,-18.5338,59.5,1.5
4551250211,100.42,0,0,-100.42,100.42,211,0,0,0,10,17,28.5,55.2288,1.5
4551250211,96.9414,0,0,-96.9414,96.9414,211,0,0,0,10,11,12.5,61.0152,1.5
4551250234,96.1052,0,0,-96.1052,96.1052,234,0,0,0,10,10,-1,69.0636,1.5
4551250236,100.255,0,0,-100.255,100.255,236,0,0,0,10,8,-22.5,66.1187,1.5
4551250243,102.384,0,0,-102.384,102.384,243,0,0,0,10,18,30.9226,64.9226,1.5
4551250244,103.825,0,0,-103.825,103.825,244,0,0,0,10,15,23.3483,68.3483,1.5
4551250245,101.937,0,0,-101.937,101.937,245,0,0,0,10,12,-15.5,70.799,1.5
4551250247,100.417,0,0,-100.417,100.417,247,0,0,0,10,14,-25.5496,68.5496,1.5
4560598322,84.5989,0,0,-84.5989,84.5989,114,16,4.65636,32.5,1.5,0,0,0,10
4566348455,100.417,0,0,-100.417,100.417,247,14,-25.5496,68.5496,1.5,0,0,0,10
4566598452,103.825,0,0,-103.825,103.825,244,15,23.3483,68.3483,1.5,0,0,0,10
4567723418,100.507,0,0,-100.507,100.507,210,3,-18.5338,59.5,1.5,0,0,0,10
4567848305,83.5338,0,0,-83.5338,83.5338,97,9,0.858505,27.3585,1.5,0,0,0,10
4568723453,101.937,0,0,-101.937,101.937,245,12,-15.5,70.799,1.5,0,0,0,10
4569348419,100.42,0,0,-100.42,100.42,211,17,28.5,55.2288,1.5,0,0,0,10
4569848442,96.1052,0,0,-96.1052,96.1052,234,10,-1,69.0636,1.5,0,0,0,10
4571223312,83.8674,0,0,-83.8674,83.8674,104,1,-12,26.9205,1.5,0,0,0,10
4571348376,94.8338,0,0,-94.8338,94.8338,168,5,-22,44.0179,1.5,0,0,0,10
4571598358,95.6124,0,0,-95.6124,95.6124,150,13,15.801,40.801,1.5,0,0,0,10
4571848444,100.255,0,0,-100.255,100.255,236,8,-22.5,66.1187,1.5,0,0,0,10
4572098300,83.2176,0,0,-83.2176,83.2176,92,19,13.69,22.31,1.5,0,0,0,10
4572973319,87.8975,0,0,-87.8975,87.8975,111,4,-16.228,28.228,1.5,0,0,0,10
4573348451,102.384,0,0,-102.384,102.384,243,18,30.9226,64.9226,1.5,0,0,0,10
4573973386,95.5851,0,0,-95.5851,95.5851,178,2,-8.76992,52,1.5,0,0,0,10
4574598419,96.9414,0,0,-96.9414,96.9414,211,11,12.5,61.0152,1.5,0,0,0,10
4575223270,81.3013,0,0,-81.3013,81.3013,62,6,1.5,15.8839,1.5,0,0,0,10
4576223366,95.1235,0,0,-95.1235,95.1235,158,20,9.66953,45.1695,1.5,0,0,0,10
4590973304,83.6201,0,0,-83.6201,83.6201,96,7,12.8293,24.5,1.5,0,0,0,10
4600000111,87.8975,0,0,-87.8975,87.8975,111,0,0,0,10,4,-16.3341,28.3341,1.5
4600000178,95.5851,0,0,-95.5851,95.5851,178,0,0,0,10,2,-8.91992,52,1.5
4600625096,83.6201,0,0,-83.6201,83.6201,96,0,0,0,10,7,12.9793,24.5,1.5
4601000114,84.5989,0,0,-84.5989,84.5989,114,0,0,0,10,16,4.50636,32.5,1.5
4601250062,81.3013,0,0,-81.3013,81.3013,62,0,0,0,10,6,1.5,15.7339,1.5
4601250092,83.2176,0,0,-83.2176,83.2176,92,0,0,0,10,19,13.7961,22.2039,1.5
4601250097,83.5338,0,0,-83.5338,83.5338,97,0,0,0,10,9,0.752439,27.2524,1.5
4601250104,83.8674,0,0,-83.8674,83.8674,104,0,0,0,10,1,-12,26.7705,1.5
4601250150,95.6124,0,0,-95.6124,95.6124,150,0,0,0,10,13,15.695,40.695,1.5
4601250158,95.1235,0,0,-95.1235,95.1235,158,0,0,0,10,20,9.56347,45.0635,1.5
4601250168,94.8338,0,0,-94.8338,94.8338,168,0,0,0,10,5,-22,43.8679,1.5
4601250210,100.507,0,0,-100.507,100.507,210,0,0,0,10,3,-18.3838,59.5,1.5
4601250211,100.42,0,0,-100.42,100.42,211,0,0,0,10,17,28.5,55.0788,1.5
4601250211,96.9414,0,0,-96.9414,96.9414,211,0,0,0,10,11,12.5,60.8652,1.5
4601250234,96.1052,0,0,-96.1052,96.1052,234,0,0,0,10,10,-1,68.9136,1.5
4601250236,100.255,0,0,-100.255,100.255,236,0,0,0,10,8,-22.5,65.9687,1.5
4601250243,102.384,0,0,-102.384,102.384,243,0,0,0,10,18,30.8165,64.8165,1.5
4601250244,103.825,0,0,-103.825,103.825,244,0,0,0,10,15,23.2423,68.2423,1.5
4601250245,101.937,0,0,-101.937,101.937,245,0,0,0,10,12,-15.5,70.649,1.5
4601250247,100.417,0,0,-100.417,100.417,247,0,0,0,10,14,-25.4435,68.4435,1.5
4610598322,84.5989,0,0,-84.5989,84.5989,114,16,4.50636,32.5,1.5,0,0,0,10
4616348455,100.417,0,0,-100.417,100.417,247,14,-25.4435,68.4435,1.5,0,0,0,10
4616598452,103.825,0,0,-103.825,103.825,244,15,23.2423,68.2423,1.5,0,0,0,10
4617723418,100.507,0,0,-100.507,100.507,210,3,-18.3838,59.5,1.5,0,0,0,10
4617848305,83.5338,0,0,-83.5338,83.5338,97,9,0.752439,27.2524,1.5,0,0,0,10
4618723453,101.937,0,0,-101.937,101.937,245,12,-15.5,70.649,1.5,0,0,0,10
4619348419,100.42,0,0,-100.42,100.42,211,17,28.5,55.0788,1.5,0,0,0,10
4619848442,96.1052,0,0,-96.1052,96.1052,234,10,-1,68.9136,1.5,0,0,0,10
4621223312,83.8674,0,0,-83.8674,83.8674,104,1,-12,26.7705,1.5,0,0,0,10
4621348376,94.8338,0,0,-94.8338,94.8338,168,5,-22,43.8679,1.5,0,0,0,10
4621598358,95.6124,0,0,-95.6124,95.6124,150,13,15.695,40.695,1.5,0,0,0,10
4621848444,100.255,0,0,-100.255,100.255,236,8,-22.5,65.9687,1.5,0,0,0,10
4622098300,83.2176,0,0,-83.2176,83.2176,92,19,13.7961,22.2039,1.5,0,0,0,10
4622973319,87.8975,0,0,-87.8975,87.8975,111,4,-16.3341,28.3341,1.5,0,0,0,10
4623348451,102.384,0,0,-102.384,102.384,243,18,30.8165,64.8165,1.5,0,0,0,10
4623973386,95.5851,0,0,-95.5851,95.5851,178,2,-8.91992,52,1.5,0,0,0,10
4624598419,96.9414,0,0,-96.9414,96.9414,211,11,12.5,60.8652,1.5,0,0,0,10
4625223270,81.3013,0,0,-81.3013,81.3013,62,6,1.5,15.7339,1.5,0,0,0,10
4626223366,95.1235,0,0,-95.1235,95.1235,158,20,9.56347,45.0635,1.5,0,0,0,10
4640973304,83.6201,0,0,-83.6201,83.6201,96,7,12.9793,24.5,1.5,0,0,0,10
4650000111,87.8975,0,0,-87.8975,87.8975,111,0,0,0,10,4,-16.3341,28.3341,1.5
4650000178,95.5851,0,0,-95.5851,95.5851,178,0,0,0,10,2,-8.91992,52,1.5
4650625096,83.6201,0,0,-83.6201,83.6201,96,0,0,0,10,7,12.9793,24.5,1.5
4651000114,84.5989,0,0,-84.5989,84.5989,114,0,0,0,10,16,4.50636,32.5,1.5
4651250062,81.3013,0,0,-81.3013,81.3013,62,0,0,0,10,6,1.5,15.7339,1.5
4651250092,83.2176,0,0,-83.2176,83.2176,92,0,0,0,10,19,13.7961,22.2039,1.5
4651250097,83.5338,0,0,-83.5338,83.5338,97,0,0,0,10,9,0.752439,27.2524,1.5
4651250104,83.8674,0,0,-83.8674,83.8674,104,0,0,0,10,1,-12,26.7705,1.5
4651250150,95.6124,0,0,-95.6124,95.6124,150,0,0,0,10,13,15.695,40.695,1.5
4651250158,95.1235,0,0,-95.1235,95.1235,158,0,0,0,10,20,9.56347,45.0635,1.5
4651250168,94.8338,0,0,-94.8338,94.8338,168,0,0,0,10,5,-22,43.8679,1.5
4651250210,100.507,0,0,-100.507,100.507,210,0,0,0,10,3,-18.3838,59.5,1.5
4651250211,100.42,0,0,-100.42,100.42,211,0,0,0,10,17,28.5,55.0788,1.5
4651250211,96.9414,0,0,-96.9414,96.9414,211,0,0,0,10,11,12.5,60.8652,1.5
4651250234,96.1052,0,0,-96.1052,96.1052,234,0,0,0,10,10,-1,68.9136,1.5
4651250236,100.255,0,0,-100.255,100.255,236,0,0,0,10,8,-22.5,65.9687,1.5
4651250243,102.384,0,0,-102.384,102.384,243,0,0,0,10,18,30.8165,64.8165,1.5
4651250244,103.825,0,0,-103.825,103.825,244,0,0,0,10,15,23.2423,68.2423,1.5
4651250245,101.937,0,0,-101.937,101.937,245,0,0,0,10,12,-15.5,70.649,1.5
4651250247,100.417,0,0,-100.417,100.417,247,0,0,0,10,14,-25.4435,68.4435,1.5
4660598322,84.5989,0,0,-84.5989,84.5989,114,16,4.50636,32.5,1.5,0,0,0,10
4666348455,100.417,0,0,-100.417,100.417,247,14,-25.4435,68.4435,1.5,0,0,0,10
4666598452,103.825,0,0,-103.825,103.825,244,15,23.2423,68.2423,1.5,0,0,0,10
4667723418,100.507,0,0,-100.507,100.507,210,3,-18.3838,59.5,1.5,0,0,0,10
4667848305,83.5338,0,0,-83.5338,83.5338,97,9,0.752439,27.2524,1.5,0,0,0,10
4668723453,101.937,0,0,-101.937,101.937,245,12,-15.5,70.649,1.5,0,0,0,10
4669348419,100.42,0,0,-100.42,100.42,211,17,28.5,55.0788,1.5,0,0,0,10
4669848442,96.1052,0,0,-96.1052,96.1052,234,10,-1,68.9136,1.5,0,0,0,10
4671223312,83.8674,0,0,-83.8674,83.8674,104,1,-12,26.7705,1.5,0,0,0,10
4671348376,94.8338,0,0,-94.8338,94.8338,168,5,-22,43.8679,1.5,0,0,0,10
4671598358,95.6124,0,0,-95.6124,95.6124,150,13,15.695,40.695,1.5,0,0,0,10
4671848444,100.255,0,0,-100.255,100.255,236,8,-22.5,65.9687,1.5,0,0,0,10
4672098300,83.2176,0,0,-83.2176,83.2176,92,19,13.7961,22.2039,1.5,0,0,0,10
4672973319,87.8975,0,0,-87.8975,87.8975,111,4,-16.3341,28.3341,1.5,0,0,0,10
4673348451,102.384,0,0,-102.384,102.384,243,18,30.8165,64.8165,1.5,0,0,0,10
4673973386,95.5851,0,0,-95.5851,95.5851,178,2,-8.91992,52,1.5,0,0,0,10
4674598419,96.9414,0,0,-96.9414,96.9414,211,11,12.5,60.8652,1.5,0,0,0,10
4675223270,81.3013,0,0,-81.3013,81.3013,62,6,1.5,15.7339,1.5,0,0,0,10
4676223366,95.1235,0,0,-95.1235,95.1235,158,20,9.56347,45.0635,1.5,0,0,0,10
4690973304,83.6201,0,0,-83.6201,83.6201,96,7,12.9793,24.5,1.5,0,0,0,10
4700000111,87.8975,0,0,-87.8975,87.8975,111,0,0,0,10,4,-16.4401,28.4401,1.5
4700000178,95.5851,0,0,-95.5851,95.5851,178,0,0,0,10,2,-9.06992,52,1.5
4700625096,83.6201,0,0,-83.6201,83.6201,96,0,0,0,10,7,13.1293,24.5,1.5
4701000114,84.5989,0,0,-84.5989,84.5989,114,0,0,0,10,16,4.35636,32.5,1.5
4701250062,81.3013,0,0,-81.3013,81.3013,62,0,0,0,10,6,1.5,15.5839,1.5
4701250092,83.2176,0,0,-83.2176,83.2176,92,0,0,0,10,19,13.9021,22.0979,1.5
4701250097,83.5338,0,0,-83.5338,83.5338,97,0,0,0,10,9,0.646373,27.1464,1.5
4701250104,83.8674,0,0,-83.8674,83.8674,104,0,0,0,10,1,-12,26.6205,1.5
4701250150,95.6124,0,0,-95.6124,95.6124,150,0,0,0,10,13,15.5889,40.5889,1.5
4701250158,95.1235,0,0,-95.1235,95.1235,158,0,0,0,10,20,9.4574,44.9574,1.5
4701250168,94.8338,0,0,-94.8338,94.8338,168,0,0,0,10,5,-22,43.7179,1.5
4701250210,100.507,0,0,-100.507,100.507,210,0,0,0,10,3,-18.2338,59.5,1.5
4701250211,100.42,0,0,-100.42,100.42,211,0,0,0,10,17,28.5,54.9288,1.5
4701250211,96.9414,0,0,-96.9414,96.9414,211,0,0,0,10,11,12.5,60.7152,1.5
4701250234,96.1052,0,0,-96.1052,96.1052,234,0,0,0,10,10,-1,68.7636,1.5
4701250236,100.255,0,0,-100.255,100.255,236,0,0,0,10,8,-22.5,65.8187,1.5
4701250243,102.384,0,0,-102.384,102.384,243,0,0,0,10,18,30.7104,64.7104,1.5
4701250244,103.825,0,0,-103.825,103.825,244,0,0,0,10,15,23.1362,68.1362,1.5
4701250245,101.937,0,0,-101.937,101.937,245,0,0,0,10,12,-15.5,70.499,1.5
4701250247,100.417,0,0,-100.417,100.417,247,0,0,0,10,14,-25.3375,68.3375,1.5
4710598322,84.5989,0,0,-84.5989,84.5989,114,16,4.35636,32.5,1.5,0,0,0,10
4716348455,100.417,0,0,-100.417,100.417,247,14,-25.3375,68.3375,1.5,0,0,0,10
4716598452,103.825,0,0,-103.825,103.825,244,15,23.1362,68.1362,1.5,0,0,0,10
4717723418,100.507,0,0,-100.507,100.507,210,3,-18.2338,59.5,1.5,0,0,0,10
4717848305,83.5338,0,0,-83.5338,83.5338,97,9,0.646373,27.1464,1.5,0,0,0,10
4718723453,101.937,0,0,-101.937,101.937,245,12,-15.5,70.499,1.5,0,0,0,10
4719348419,100.42,0,0,-100.42,100.42,211,17,28.5,54.9288,1.5,0,0,0,10
4719848442,96.1052,0,0,-96.1052,96.1052,234,10,-1,68.7636,1.5,0,0,0,10
4721223312,83.8674,0,0,-83.8674,83.8674,104,1,-12,26.6205,1.5,0,0,0,10
4721348376,94.8338,0,0,-94.8338,94.8338,168,5,-22,43.7179,1.5,0,0,0,10
4721598358,95.6124,0,0,-95.6124,95.6124,150,13,15.5889,40.5889,1.5,0,0,0,10
4721848444,100.255,0,0,-100.255,100.255,236,8,-22.5,65.8187,1.5,0,0,0,10
4722098300,83.2176,0,0,-83.2176,83.2176,92,19,13.9021,22.0979,1.5,0,0,0,10
4722973319,87.8975,0,0,-87.8975,87.8975,111,4,-16.4401,28.4401,1.5,0,0,0,10
4723348451,102.384,0,0,-102.384,102.384,243,18,30.7104,64.7104,1.5,0,0,0,10
4723973386,95.5851,0,0,-95.5851,95.5851,178,2,-9.06992,52,1.5,0,0,0,10
4724598419,96.9414,0,0,-96.9414,96.9414,211,11,12.5,60.7152,1.5,0,0,0,10
4725223270,81.3013,0,0,-81.3013,81.3013,62,6,1.5,15.5839,1.5,0,0,0,10
4726223366,95.1235,0,0,-95.1235,95.1235,158,20,9.4574,44.9574,1.5,0,0,0,10
4740973304,83.6201,0,0,-83.6201,83.6201,96,7,13.1293,24.5,1.5,0,0,0,10
4750000111,87.8975,0,0,-87.8975,87.8975,111,0,0,0,10,4,-16.4401,28.4401,1.5
4750000178,95.5851,0,0,-95.5851,95.5851,178,0,0,0,10,2,-9.06992,52,1.5
4750625096,83.6201,0,0,-83.6201,83.6201,96,0,0,0,10,7,13.1293,24.5,1.5
4751000114,84.5989,0,0,-84.5989,84.5989,114,0,0,0,10,16,4.35636,32.5,1.5
4751250062,81.3013,0,0,-81.3013,81.3013,62,0,0,0,10,6,1.5,15.5839,1.5
4751250092,83.2176,0,0,-83.2176,83.2176,92,0,0,0,10,19,13.9021,22.0979,1.5
4751250097,83.5338,0,0,-83.5338,83.5338,97,0,0,0,10,9,0.646373,27.1464,1.5
4751250104,83.8674,0,0,-83.8674,83.8674,104,0,0,0,10,1,-12,26.6205,1.5
4751250150,95.6124,0,0,-95.6124,95.6124,150,0,0,0,10,13,15.5889,40.5889,1.5
4751250158,95.1235,0,0,-95.1235,95.1235,158,0,0,0,10,20,9.4574,44.9574,1.5
4751250168,94.8338,0,0,-94.8338,94.8338,168,0,0,0,10,5,-22,43.7179,1.5
4751250210,100.507,0,0,-100.507,100.507,210,0,0,0,10,3,-18.2338,59.5,1.5
4751250211,100.42,0,0,-100.42,100.42,211,0,0,0,10,17,28.5,54.9288,1.5
4751250211,96.9414,0,0,-96.9414,96.9414,211,0,0,0,10,11,12.5,60.7152,1.5
4751250234,96.1052,0,0,-96.1052,96.1052,234,0,0,0,10,10,-1,68.7636,1.5
4751250236,100.255,0,0,-100.255,100.255,236,0,0,0,10,8,-22.5,65.8187,1.5
4751250243,102.384,0,0,-102.384,102.384,243,0,0,0,10,18,30.7104,64.7104,1.5
4751250244,103.825,0,0,-103.825,103.825,244,0,0,0,10,15,23.1362,68.1362,1.5
4751250245,101.937,0,0,-101.937,101.937,245,0,0,0,10,12,-15.5,70.499,1.5
4751250247,100.417,0,0,-100.417,100.417,247,0,0,0,10,14,-25.3375,68.3375,1.5
4760598322,84.5989,0,0,-84.5989,84.5989,114,16,4.35636,32.5,1.5,0,0,0,10
4766348455,100.417,0,0,-100.417,100.417,247,14,-25.3375,68.3375,1.5,0,0,0,10
4766598452,103.825,0,0,-103.825,103.825,244,15,23.1362,68.1362,1.5,0,0,0,10
4767723418,100.507,0,0,-100.507,100.507,210,3,-18.2338,59.5,1.5,0,0,0,10
4767848305,83.5338,0,0,-83.5338,83.5338,97,9,0.646373,27.1464,1.5,0,0,0,10
4768723453,101.937,0,0,-101.937,101.937,245,12,-15.5,70.499,1.5,0,0,0,10
4769348419,100.42,0,0,-100.42,100.42,211,17,28.5,54.9288,1.5,0,0,0,10
4769848442,96.1052,0,0,-96.1052,96.1052,234,10,-1,68.7636,1.5,0,0,0,10
4771223312,83.8674,0,0,-83.8674,83.8674,104,1,-12,26.6205,1.5,0,0,0,10
4771348376,94.8338,0,0,-94.8338,94.8338,168,5,-22,43.7179,1.5,0,0,0,10
4771598358,95.6124,0,0,-95.6124,95.6124,150,13,15.5889,40.5889,1.5,0,0,0,10
4771848444,100.255,0,0,-100.255,100.255,236,8,-22.5,65.8187,1.5,0,0,0,10
4772098300,83.2176,0,0,-83.2176,83.2176,92,19,13.9021,22.0979,1.5,0,0,0,10
4772973319,87.8975,0,0,-87.8975,87.8975,111,4,-16.4401,28.4401,1.5,0,0,0,10
4773348451,102.384,0,0,-102.384,102.384,243,18,30.7104,64.7104,1.5,0,0,0,10
4773973386,95.5851,0,0,-95.5851,95.5851,178,2,-9.06992,52,1.5,0,0,0,10
4774598419,96.9414,0,0,-96.9414,96.9414,211,11,12.5,60.7152,1.5,0,0,0,10
4775223270,81.3013,0,0,-81.3013,81.3013,62,6,1.5,15.5839,1.5,0,0,0,10
4776223366,95.1235,0,0,-95.1235,95.1235,158,20,9.4574,44.9574,1.5,0,0,0,10
4790973304,83.6201,0,0,-83.6201,83.6201,96,7,13.1293,24.5,1.5,0,0,0,10
4800000111,87.8975,0,0,-87.8975,87.8975,111,0,0,0,10,4,-16.5462,28.5462,1.5
4800000178,95.5851,0,0,-95.5851,95.5851,178,0,0,0,10,2,-9.21992,52,1.5
4800625096,83.6201,0,0,-83.6201,83.6201,96,0,0,0,10,7,13.2793,24.5,1.5
4801000114,84.5989,0,0,-84.5989,84.5989,114,0,0,0,10,16,4.20636,32.5,1.5
4801250092,83.2176,0,0,-83.2176,83.2176,92,0,0,0,10,19,14.0082,21.9918,1.5
4801250097,83.5338,0,0,-83.5338,83.5338,97,0,0,0,10,9,0.540307,27.0403,1.5
4801250104,83.8674,0,0,-83.8674,83.8674,104,0,0,0,10,1,-12,26.4705,1.5
4801250150,95.6124,0,0,-95.6124,95.6124,150,0,0,0,10,13,15.4828,40.4828,1.5
4801250158,95.1235,0,0,-95.1235,95.1235,158,0,0,0,10,20,9.35133,44.8513,1.5
4801250168,94.8338,0,0,-94.8338,94.8338,168,0,0,0,10,5,-22,43.5679,1.5
4801250210,100.507,0,0,-100.507,100.507,210,0,0,0,10,3,-18.0838,59.5,1.5
4801250211,100.42,0,0,-100.42,100.42,211,0,0,0,10,17,28.5,54.7788,1.5
4801250211,96.9414,0,0,-96.9414,96.9414,211,0,0,0,10,11,12.5,60.5652,1.5
4801250234,96.1052,0,0,-96.1052,96.1052,234,0,0,0,10,10,-1,68.6136,1.5
4801250236,100.255,0,0,-100.255,100.255,236,0,0,0,10,8,-22.5,65.6687,1.5
4801250243,102.384,0,0,-102.384,102.384,243,0,0,0,10,18,30.6044,64.6044,1.5
4801250244,103.825,0,0,-103.825,103.825,244,0,0,0,10,15,23.0301,68.0301,1.5
4801250245,101.937,0,0,-101.937,101.937,245,0,0,0,10,12,-15.5,70.349,1.5
4801250247,100.417,0,0,-100.417,100.417,247,0,0,0,10,14,-25.2314,68.2314,1.5
4801500058,80.7702,0,0,-80.7702,80.7702,58,0,0,0,10,6,1.5,15.4339,1.5
4810598322,84.5989,0,0,-84.5989,84.5989,114,16,4.20636,32.5,1.5,0,0,0,10
4816348455,100.417,0,0,-100.417,100.417,247,14,-25.2314,68.2314,1.5,0,0,0,10
4816598452,103.825,0,0,-103.825,103.825,244,15,23.0301,68.0301,1.5,0,0,0,10
4817723418,100.507,0,0,-100.507,100.507,210,3,-18.0838,59.5,1.5,0,0,0,10
4817848305,83.5338,0,0,-83.5338,83.5338,97,9,0.540307,27.0403,1.5,0,0,0,10
4818723453,101.937,0,0,-101.937,101.937,245,12,-15.5,70.349,1.5,0,0,0,10
4819348419,100.42,0,0,-100.42,100.42,211,17,28.5,54.7788,1.5,0,0,0,10
4819848442,96.1052,0,0,-96.1052,96.1052,234,10,-1,68.6136,1.5,0,0,0,10
4821223312,83.8674,0,0,-83.8674,83.8674,104,1,-12,26.4705,1.5,0,0,0,10
4821348376,94.8338,0,0,-94.8338,94.8338,168,5,-22,43.5679,1.5,0,0,0,10
4821598358,95.6124,0,0,-95.6124,95.6124,150,13,15.4828,40.4828,1.5,0,0,0,10
4821848444,100.255,0,0,-100.255,100.255,236,8,-22.5,65.6687,1.5,0,0,0,10
4822098300,83.2176,0,0,-83.2176,83.2176,92,19,14.0082,21.9918,1.5,0,0,0,10
4822973319,87.8975,0,0,-87.8975,87.8975,111,4,-16.5462,28.5462,1.5,0,0,0,10
4823348451,102.384,0,0,-102.384,102.384,243,18,30.6044,64.6044,1.5,0,0,0,10
4823973386,95.5851,0,0,-95.5851,95.5851,178,2,-9.21992,52,1.5,0,0,0,10
4824598419,96.9414,0,0,-96.9414,96.9414,211,11,12.5,60.5652,1.5,0,0,0,10
4826223366,95.1235,0,0,-95.1235,95.1235,158,20,9.35133,44.8513,1.5,0,0,0,10
4835223266,80.7702,0,0,-80.7702,80.7702,58,6,1.5,15.4339,1.5,0,0,0,10
4840973304,83.6201,0,0,-83.6201,83.6201,96,7,13.2793,24.5,1.5,0,0,0,10
4850000111,87.8975,0,0,-87.8975,87.8975,111,0,0,0,10,4,-16.5462,28.5462,1.5
4850000178,95.5851,0,0,-95.5851,95.5851,178,0,0,0,10,2,-9.21992,52,1.5
4850625096,83.6201,0,0,-83.6201,83.6201,96,0,0,0,10,7,13.2793,24.5,1.5
4851000114,84.5989,0,0,-84.5989,84.5989,114,0,0,0,10,16,4.20636,32.5,1.5
4851250092,83.2176,0,0,-83.2176,83.2176,92,0,0,0,10,19,14.0082,21.9918,1.5
4851250097,83.5338,0,0,-83.5338,83.5338,97,0,0,0,10,9,0.540307,27.0403,1.5
4851250104,83.8674,0,0,-83.8674,83.8674,104,0,0,0,10,1,-12,26.4705,1.5
4851250150,95.6124,0,0,-95.6124,95.6124,150,0,0,0,10,13,15.4828,40.4828,1.5
4851250158,95.1235,0,0,-95.1235,95.1235,158,0,0,0,10,20,9.35133,44.8513,1.5
4851250168,94.8338,0,0,-94.8338,94.8338,168,0,0,0,10,5,-22,43.5679,1.5
4851250210,100.507,0,0,-100.507,100.507,210,0,0,0,10,3,-18.0838,59.5,1.5
4851250211,100.42,0,0,-100.42,100.42,211,0,0,0,10,17,28.5,54.7788,1.5
4851250211,96.9414,0,0,-96.9414,96.9414,211,0,0,0,10,11,12.5,60.5652,1.5
4851250234,96.1052,0,0,-96.1052,96.1052,234,0,0,0,10,10,-1,68.6136,1.5
4851250236,100.255,0,0,-100.255,100.255,236,0,0,0,10,8,-22.5,65.6687,1.5
4851250243,102.384,0,0,-102.384,102.384,243,0,0,0,10,18,30.6044,64.6044,1.5
4851250244,103.825,0,0,-103.825,103.825,244,0,0,0,10,15,23.0301,68.0301,1.5
4851250245,101.937,0,0,-101.937,101.937,245,0,0,0,10,12,-15.5,70.349,1.5
4851250247,100.417,0,0,-100.417,100.417,247,0,0,0,10,14,-25.2314,68.2314,1.5
4851500058,80.7702,0,0,-80.7702,80.7702,58,0,0,0,10,6,1.5,15.4339,1.5
4860598322,84.5989,0,0,-84.5989,84.5989,114,16,4.20636,32.5,1.5,0,0,0,10
4866348455,100.417,0,0,-100.417,100.417,247,14,-25.2314,68.2314,1.5,0,0,0,10
4866598452,103.825,0,0,-103.825,103.825,244,15,23.0301,68.0301,1.5,0,0,0,10
4867723418,100.507,0,0,-100.507,100.507,210,3,-18.0838,59.5,1.5,0,0,0,10
4867848305,83.5338,0,0,-83.5338,83.5338,97,9,0.540307,27.0403,1.5,0,0,0,10
4868723453,101.937,0,0,-101.937,101.937,245,12,-15.5,70.349,1.5,0,0,0,10
4869348419,100.42,0,0,-100.42,100.42,211,17,28.5,54.7788,1.5,0,0,0,10
4869848442,96.1052,0,0,-96.1052,96.1052,234,10,-1,68.6136,1.5,0,0,0,10
4871223312,83.8674,0,0,-83.8674,83.8674,104,1,-12,26.4705,1.5,0,0,0,10
4871348376,94.8338,0,0,-94.8338,94.8338,168,5,-22,43.5679,1.5,0,0,0,10
4871598358,95.6124,0,0,-95.6124,95.6124,150,13,15.4828,40.4828,1.5,0,0,0,10
4871848444,100.255,0,0,-100.255,100.255,236,8,-22.5,65.6687,1.5,0,0,0,10
4872098300,83.2176,0,0,-83.2176,83.2176,92,19,14.0082,21.9918,1.5,0,0,0,10
4872973319,87.8975,0,0,-87.8975,87.8975,111,4,-16.5462,28.5462,1.5,0,0,0,10
4873348451,102.384,0,0,-102.384,102.384,243,18,30.6044,64.6044,1.5,0,0,0,10
4873973386,95.5851,0,0,-95.5851,95.5851,178,2,-9.21992,52,1.5,0,0,0,10
4874598419,96.9414,0,0,-96.9414,96.9414,211,11,12.5,60.5652,1.5,0,0,0,10
4876223366,95.1235,0,0,-95.1235,95.1235,158,20,9.35133,44.8513,1.5,0,0,0,10
4885223266,80.7702,0,0,-80.7702,80.7702,58,6,1.5,15.4339,1.5,0,0,0,10
4890973304,83.6201,0,0,-83.6201,83.6201,96,7,13.2793,24.5,1.5,0,0,0,10
4900000111,87.8975,0,0,-87.8975,87.8975,111,0,0,0,10,4,-16.6523,28.6523,1.5
4900000178,95.5851,0,0,-95.5851,95.5851,178,0,0,0,10,2,-9.36992,52,1.5
4900625096,83.6201,0,0,-83.6201,83.6201,96,0,0,0,10,7,13.4293,24.5,1.5
4901000114,84.5989,0,0,-84.5989,84.5989,114,0,0,0,10,16,4.05636,32.5,1.5
4901250092,83.2176,0,0,-83.2176,83.2176,92,0,0,0,10,19,14.1143,21.8857,1.5
4901250097,83.5338,0,0,-83.5338,83.5338,97,0,0,0,10,9,0.434241,26.9342,1.5
4901250104,83.8674,0,0,-83.8674,83.8674,104,0,0,0,10,1,-12,26.3205,1.5
4901250150,95.6124,0,0,-95.6124,95.6124,150,0,0,0,10,13,15.3768,40.3768,1.5
4901250158,95.1235,0,0,-95.1235,95.1235,158,0,0,0,10,20,9.24527,44.7453,1.5
4901250168,94.8338,0,0,-94.8338,94.8338,168,0,0,0,10,5,-22,43.4179,1.5
4901250210,100.507,0,0,-100.507,100.507,210,0,0,0,10,3,-17.9338,59.5,1.5
4901250211,100.42,0,0,-100.42,100.42,211,0,0,0,10,17,28.5,54.6288,1.5
4901250211,96.9414,0,0,-96.9414,96.9414,211,0,0,0,10,11,12.5,60.4152,1.5
4901250234,96.1052,0,0,-96.1052,96.1052,234,0,0,0,10,10,-1,68.4636,1.5
4901250236,100.255,0,0,-100.255,100.255,236,0,0,0,10,8,-22.5,65.5187,1.5
4901250243,102.384,0,0,-102.384,102.384,243,0,0,0,10,18,30.4983,64.4983,1.5
4901250244,103.825,0,0,-103.825,103.825,244,0,0,0,10,15,22.9241,67.9241,1.5
4901250245,101.937,0,0,-101.937,101.937,245,0,0,0,10,12,-15.5,70.199,1.5
4901250247,100.417,0,0,-100.417,100.417,247,0,0,0,10,14,-25.1253,68.1253,1.5
4901500058,80.7702,0,0,-80.7702,80.7702,58,0,0,0,10,6,1.5,15.2839,1.5
4910598322,84.5989,0,0,-84.5989,84.5989,114,16,4.05636,32.5,1.5,0,0,0,10
4916348455,100.417,0,0,-100.417,100.417,247,14,-25.1253,68.1253,1.5,0,0,0,10
4916598452,103.825,0,0,-103.825,103.825,244,15,22.9241,67.9241,1.5,0,0,0,10
4917723418,100.507,0,0,-100.507,100.507,210,3,-17.9338,59.5,1.5,0,0,0,10
4917848305,83.5338,0,0,-83.5338,83.5338,97,9,0.434241,26.9342,1.5,0,0,0,10
4918723453,101.937,0,0,-101.937,101.937,245,12,-15.5,70.199,1.5,0,0,0,10
4919348419,100.42,0,0,-100.42,100.42,211,17,28.5,54.6288,1.5,0,0,0,10
4919848442,96.1052,0,0,-96.1052,96.1052,234,10,-1,68.4636,1.5,0,0,0,10
4921223312,83.8674,0,0,-83.8674,83.8674,104,1,-12,26.3205,1.5,0,0,0,10
4921348376,94.8338,0,0,-94.8338,94.8338,168,5,-22,43.4179,1.5,0,0,0,10
4921598358,95.6124,0,0,-95.6124,95.6124,150,13,15.3768,40.3768,1.5,0,0,0,10
4921848444,100.255,0,0,-100.255,100.255,236,8,-22.5,65.5187,1.5,0,0,0,10
4922098300,83.2176,0,0,-83.2176,83.2176,92,19,14.1143,21.8857,1.5,0,0,0,10
4922973319,87.8975,0,0,-87.8975,87.8975,111,4,-16.6523,28.6523,1.5,0,0,0,10
4923348451,102.384,0,0,-102.384,102.384,243,18,30.4983,64.4983,1.5,0,0,0,10
4923973386,95.5851,0,0,-95.5851,95.5851,178,2,-9.36992,52,1.5,0,0,0,10
4924598419,96.9414,0,0,-96.9414,96.9414,211,11,12.5,60.4152,1.5,0,0,0,10
4926223366,95.1235,0,0,-95.1235,95.1235,158,20,9.24527,44.7453,1.5,0,0,0,10
4935223266,80.7702,0,0,-80.7702,80.7702,58,6,1.5,15.2839,1.5,0,0,0,10
4940973304,83.6201,0,0,-83.6201,83.6201,96,7,13.4293,24.5,1.5,0,0,0,10
4950000111,87.8975,0,0,-87.8975,87.8975,111,0,0,0,10,4,-16.6523,28.6523,1.5
4950000178,95.5851,0,0,-95.5851,95.5851,178,0,0,0,10,2,-9.36992,52,1.5
4950625096,83.6201,0,0,-83.6201,83.6201,96,0,0,0,10,7,13.4293,24.5,1.5
4951000114,84.5989,0,0,-84.5989,84.5989,114,0,0,0,10,16,4.05636,32.5,1.5
4951250092,83.2176,0,0,-83.2176,83.2176,92,0,0,0,10,19,14.1143,21.8857,1.5
4951250097,83.5338,0,0,-83.5338,83.5338,97,0,0,0,10,9,0.434241,26.9342,1.5
4951250104,83.8674,0,0,-83.8674,83.8674,104,0,0,0,10,1,-12,26.3205,1.5
4951250150,95.6124,0,0,-95.6124,95.6124,150,0,0,0,10,13,15.3768,40.3768,1.5
4951250158,95.1235,0,0,-95.1235,95.1235,158,0,0,0,10,20,9.24527,44.7453,1.5
4951250168,94.8338,0,0,-94.8338,94.8338,168,0,0,0,10,5,-22,43.4179,1.5
4951250210,100.507,0,0,-100.507,100.507,210,0,0,0,10,3,-17.9338,59.5,1.5
4951250211,100.42,0,0,-100.42,100.42,211,0,0,0,10,17,28.5,54.6288,1.5
4951250211,96.9414,0,0,-96.9414,96.9414,211,0,0,0,10,11,12.5,60.4152,1.5
4951250234,96.1052,0,0,-96.1052,96.1052,234,0,0,0,10,10,-1,68.4636,1.5
4951250236,100.255,0,0,-100.255,100.255,236,0,0,0,10,8,-22.5,65.5187,1.5
4951250243,102.384,0,0,-102.384,102.384,243,0,0,0,10,18,30.4983,64.4983,1.5
4951250244,103.825,0,0,-103.825,103.825,244,0,0,0,10,15,22.9241,67.9241,1.5
4951250245,101.937,0,0,-101.937,101.937,245,0,0,0,10,12,-15.5,70.199,1.5
4951250247,100.417,0,0,-100.417,100.417,247,0,0,0,10,14,-25.1253,68.1253,1.5
4951500058,80.7702,0,0,-80.7702,80.7702,58,0,0,0,10,6,1.5,15.2839,1.5
4960598322,84.5989,0,0,-84.5989,84.5989,114,16,4.05636,32.5,1.5,0,0,0,10
4966348455,100.417,0,0,-100.417,100.417,247,14,-25.1253,68.1253,1.5,0,0,0,10
4966598452,103.825,0,0,-103.825,103.825,244,15,22.9241,67.9241,1.5,0,0,0,10
4967723418,100.507,0,0,-100.507,100.507,210,3,-17.9338,59.5,1.5,0,0,0,10
4967848305,83.5338,0,0,-83.5338,83.5338,97,9,0.434241,26.9342,1.5,0,0,0,10
4968723453,101.937,0,0,-101.937,101.937,245,12,-15.5,70.199,1.5,0,0,0,10
4969348419,100.42,0,0,-100.42,100.42,211,17,28.5,54.6288,1.5,0,0,0,10
4969848442,96.1052,0,0,-96.1052,96.1052,234,10,-1,68.4636,1.5,0,0,0,10
4971223312,83.8674,0,0,-83.8674,83.8674,104,1,-12,26.3205,1.5,0,0,0,10
4971348376,94.8338,0,0,-94.8338,94.8338,168,5,-22,43.4179,1.5,0,0,0,10
4971598358,95.6124,0,0,-95.6124,95.6124,150,13,15.3768,40.3768,1.5,0,0,0,10
4971848444,100.255,0,0,-100.255,100.255,236,8,-22.5,65.5187,1.5,0,0,0,10
4972098300,83.2176,0,0,-83.2176,83.2176,92,19,14.1143,21.8857,1.5,0,0,0,10
4972973319,87.8975,0,0,-87.8975,87.8975,111,4,-16.6523,28.6523,1.5,0,0,0,10
4973348451,102.384,0,0,-102.384,102.384,243,18,30.4983,64.4983,1.5,0,0,0,10
4973973386,95.5851,0,0,-95.5851,95.5851,178,2,-9.36992,52,1.5,0,0,0,10
4974598419,96.9414,0,0,-96.9414,96.9414,211,11,12.5,60.4152,1.5,0,0,0,10
4976223366,95.1235,0,0,-95.1235,95.1235,158,20,9.24527,44.7453,1.5,0,0,0,10
4985223266,80.7702,0,0,-80.7702,80.7702,58,6,1.5,15.2839,1.5,0,0,0,10
4990973304,83.6201,0,0,-83.6201,83.6201,96,7,13.4293,24.5,1.5,0,0,0,10
