Timestamp_ns,Loss_dB,TxAntGain_dB,RxAntGain_dB,PropGain_dB,Pathloss_dB,Delay_ns,SrcId,SrcX,SrcY,SrcZ,DstId,DstX,DstY,DstZ
81,82.2156,0,0,-82.2156,82.2156,81,0,0,0,10,6,1.53407,22.633,1.5
92,83.7694,0,0,-83.7694,83.7694,92,0,0,0,10,4,-11.3816,23.54,1.5
95,83.5961,0,0,-83.5961,83.5961,95,0,0,0,10,7,6.81259,26.2351,1.5
100,83.9173,0,0,-83.9173,83.9173,100,0,0,0,10,19,9.03328,27.1796,1.5
113,84.6558,0,0,-84.6558,84.6558,113,0,0,0,10,9,5.56353,32.1928,1.5
114,84.5726,0,0,-84.5726,84.5726,114,0,0,0,10,1,-8.2831,32.089,1.5
122,85.257,0,0,-85.257,85.257,122,0,0,0,10,16,10.7662,33.9139,1.5
169,96.8431,0,0,-96.8431,96.8431,169,0,0,0,10,13,20.7076,45.3977,1.5
174,99.1425,0,0,-99.1425,99.1425,174,0,0,0,10,2,-2.22945,51.5363,1.5
176,95.974,0,0,-95.974,95.974,176,0,0,0,10,20,14.3332,50.0297,1.5
187,95.3644,0,0,-95.3644,95.3644,187,0,0,0,10,5,-22.0159,50.7674,1.5
217,102.659,0,0,-102.659,102.659,217,0,0,0,10,3,-25.2835,59.4869,1.5
229,100.777,0,0,-100.777,100.777,229,0,0,0,10,17,28.6707,61.9473,1.5
231,96.1691,0,0,-96.1691,96.1691,231,0,0,0,10,11,13.0927,67.5504,1.5
254,96.5645,0,0,-96.5645,96.5645,254,0,0,0,10,10,-1.16568,75.7663,1.5
256,105.151,0,0,-105.151,105.151,256,0,0,0,10,8,-23.8062,72.3358,1.5
263,105.076,0,0,-105.076,105.076,263,0,0,0,10,15,28.1569,73.0835,1.5
263,104.475,0,0,-104.475,104.475,263,0,0,0,10,18,35.7284,69.6611,1.5
265,98.9001,0,0,-98.9001,98.9001,265,0,0,0,10,12,-16.4083,77.1281,1.5
266,101.392,0,0,-101.392,101.392,266,0,0,0,10,14,-30.2987,73.3447,1.5
16232217,82.2156,0,0,-82.2156,82.2156,81,6,1.53407,22.633,1.5,0,0,0,10
16232228,83.7694,0,0,-83.7694,83.7694,92,4,-11.3816,23.54,1.5,0,0,0,10
16232231,83.5961,0,0,-83.5961,83.5961,95,7,6.81259,26.2351,1.5,0,0,0,10
16232236,83.9173,0,0,-83.9173,83.9173,100,19,9.03328,27.1796,1.5,0,0,0,10
16232249,84.6558,0,0,-84.6558,84.6558,113,9,5.56353,32.1928,1.5,0,0,0,10
16232250,84.5726,0,0,-84.5726,84.5726,114,1,-8.2831,32.089,1.5,0,0,0,10
16232258,85.257,0,0,-85.257,85.257,122,16,10.7662,33.9139,1.5,0,0,0,10
16232305,96.8431,0,0,-96.8431,96.8431,169,13,20.7076,45.3977,1.5,0,0,0,10
16232310,99.1425,0,0,-99.1425,99.1425,174,2,-2.22945,51.5363,1.5,0,0,0,10
16232312,95.974,0,0,-95.974,95.974,176,20,14.3332,50.0297,1.5,0,0,0,10
16232323,95.3644,0,0,-95.3644,95.3644,187,5,-22.0159,50.7674,1.5,0,0,0,10
16232353,102.659,0,0,-102.659,102.659,217,3,-25.2835,59.4869,1.5,0,0,0,10
16232365,100.777,0,0,-100.777,100.777,229,17,28.6707,61.9473,1.5,0,0,0,10
16232367,96.1691,0,0,-96.1691,96.1691,231,11,13.0927,67.5504,1.5,0,0,0,10
16232390,96.5645,0,0,-96.5645,96.5645,254,10,-1.16568,75.7663,1.5,0,0,0,10
16232392,105.151,0,0,-105.151,105.151,256,8,-23.8062,72.3358,1.5,0,0,0,10
16232399,105.076,0,0,-105.076,105.076,263,15,28.1569,73.0835,1.5,0,0,0,10
16232399,104.475,0,0,-104.475,104.475,263,18,35.7284,69.6611,1.5,0,0,0,10
16232401,98.9001,0,0,-98.9001,98.9001,265,12,-16.4083,77.1281,1.5,0,0,0,10
16232402,101.392,0,0,-101.392,101.392,266,14,-30.2987,73.3447,1.5,0,0,0,10
50000081,82.2156,0,0,-82.2156,82.2156,81,0,0,0,10,6,1.53407,22.633,1.5
50000092,83.7694,0,0,-83.7694,83.7694,92,0,0,0,10,4,-11.3816,23.54,1.5
50000095,83.5961,0,0,-83.5961,83.5961,95,0,0,0,10,7,6.81259,26.2351,1.5
50000100,83.9173,0,0,-83.9173,83.9173,100,0,0,0,10,19,9.03328,27.1796,1.5
50000113,84.6558,0,0,-84.6558,84.6558,113,0,0,0,10,9,5.56353,32.1928,1.5
50000114,84.5726,0,0,-84.5726,84.5726,114,0,0,0,10,1,-8.2831,32.089,1.5
50000122,85.257,0,0,-85.257,85.257,122,0,0,0,10,16,10.7662,33.9139,1.5
50000169,96.8431,0,0,-96.8431,96.8431,169,0,0,0,10,13,20.7076,45.3977,1.5
50000174,99.1425,0,0,-99.1425,99.1425,174,0,0,0,10,2,-2.22945,51.5363,1.5
50000176,95.974,0,0,-95.974,95.974,176,0,0,0,10,20,14.3332,50.0297,1.5
50000187,95.3644,0,0,-95.3644,95.3644,187,0,0,0,10,5,-22.0159,50.7674,1.5
50000217,102.659,0,0,-102.659,102.659,217,0,0,0,10,3,-25.2835,59.4869,1.5
50000229,100.777,0,0,-100.777,100.777,229,0,0,0,10,17,28.6707,61.9473,1.5
50000231,96.1691,0,0,-96.1691,96.1691,231,0,0,0,10,11,13.0927,67.5504,1.5
50000254,96.5645,0,0,-96.5645,96.5645,254,0,0,0,10,10,-1.16568,75.7663,1.5
50000256,105.151,0,0,-105.151,105.151,256,0,0,0,10,8,-23.8062,72.3358,1.5
50000263,105.076,0,0,-105.076,105.076,263,0,0,0,10,15,28.1569,73.0835,1.5
50000263,104.475,0,0,-104.475,104.475,263,0,0,0,10,18,35.7284,69.6611,1.5
50000265,98.9001,0,0,-98.9001,98.9001,265,0,0,0,10,12,-16.4083,77.1281,1.5
50000266,101.392,0,0,-101.392,101.392,266,0,0,0,10,14,-30.2987,73.3447,1.5
66348474,101.392,0,0,-101.392,101.392,266,14,-30.2987,73.3447,1.5,0,0,0,10
66598471,105.076,0,0,-105.076,105.076,263,15,28.1569,73.0835,1.5,0,0,0,10
67723425,102.659,0,0,-102.659,102.659,217,3,-25.2835,59.4869,1.5,0,0,0,10
67848321,84.6558,0,0,-84.6558,84.6558,113,9,5.56353,32.1928,1.5,0,0,0,10
68723473,98.9001,0,0,-98.9001,98.9001,265,12,-16.4083,77.1281,1.5,0,0,0,10
69348437,100.777,0,0,-100.777,100.777,229,17,28.6707,61.9473,1.5,0,0,0,10
69848462,96.5645,0,0,-96.5645,96.5645,254,10,-1.16568,75.7663,1.5,0,0,0,10
70598330,85.257,0,0,-85.257,85.257,122,16,10.7662,33.9139,1.5,0,0,0,10
70973303,83.5961,0,0,-83.5961,83.5961,95,7,6.81259,26.2351,1.5,0,0,0,10
71223322,84.5726,0,0,-84.5726,84.5726,114,1,-8.2831,32.089,1.5,0,0,0,10
71348395,95.3644,0,0,-95.3644,95.3644,187,5,-22.0159,50.7674,1.5,0,0,0,10
71598377,96.8431,0,0,-96.8431,96.8431,169,13,20.7076,45.3977,1.5,0,0,0,10
71848464,105.151,0,0,-105.151,105.151,256,8,-23.8062,72.3358,1.5,0,0,0,10
72098308,83.9173,0,0,-83.9173,83.9173,100,19,9.03328,27.1796,1.5,0,0,0,10
72973300,83.7694,0,0,-83.7694,83.7694,92,4,-11.3816,23.54,1.5,0,0,0,10
73348471,104.475,0,0,-104.475,104.475,263,18,35.7284,69.6611,1.5,0,0,0,10
73973382,99.1425,0,0,-99.1425,99.1425,174,2,-2.22945,51.5363,1.5,0,0,0,10
74598439,96.1691,0,0,-96.1691,96.1691,231,11,13.0927,67.5504,1.5,0,0,0,10
75223289,82.2156,0,0,-82.2156,82.2156,81,6,1.53407,22.633,1.5,0,0,0,10
76223384,95.974,0,0,-95.974,95.974,176,20,14.3332,50.0297,1.5,0,0,0,10
100000081,82.2156,0,0,-82.2156,82.2156,81,0,0,0,10,6,1.52601,22.4832,1.5
100000092,83.7694,0,0,-83.7694,83.7694,92,0,0,0,10,4,-11.502,23.6296,1.5
100000095,83.5961,0,0,-83.5961,83.5961,95,0,0,0,10,7,6.91504,26.1256,1.5
100000100,83.9173,0,0,-83.9173,83.9173,100,0,0,0,10,19,9.11819,27.056,1.5
100000113,84.6558,0,0,-84.6558,84.6558,113,0,0,0,10,9,5.46887,32.0764,1.5
100000114,84.5726,0,0,-84.5726,84.5726,114,0,0,0,10,1,-8.399,31.9938,1.5
100000122,85.257,0,0,-85.257,85.257,122,0,0,0,10,16,10.6851,33.7878,1.5
100000169,96.8431,0,0,-96.8431,96.8431,169,0,0,0,10,13,20.5769,45.3243,1.5
100000174,99.1425,0,0,-99.1425,99.1425,174,0,0,0,10,2,-2.37812,51.5164,1.5
100000176,95.974,0,0,-95.974,95.974,176,0,0,0,10,20,14.2533,49.9028,1.5
100000187,95.3644,0,0,-95.3644,95.3644,187,0,0,0,10,5,-22.007,50.6176,1.5
100000217,102.659,0,0,-102.659,102.659,217,0,0,0,10,3,-25.1337,59.4938,1.5
100000229,100.777,0,0,-100.777,100.777,229,0,0,0,10,17,28.6173,61.8072,1.5
100000231,96.1691,0,0,-96.1691,96.1691,231,0,0,0,10,11,13.0678,67.4024,1.5
100000254,96.5645,0,0,-96.5645,96.5645,254,0,0,0,10,10,-1.08644,75.6389,1.5
100000256,105.151,0,0,-105.151,105.151,256,0,0,0,10,8,-23.7051,72.225,1.5
100000263,105.076,0,0,-105.076,105.076,263,0,0,0,10,15,28.0448,72.9839,1.5
100000263,104.475,0,0,-104.475,104.475,263,0,0,0,10,18,35.6173,69.5603,1.5
100000265,98.9001,0,0,-98.9001,98.9001,265,0,0,0,10,12,-16.43,76.9797,1.5
100000266,101.392,0,0,-101.392,101.392,266,0,0,0,10,14,-30.2005,73.2314,1.5
116348474,101.392,0,0,-101.392,101.392,266,14,-30.2005,73.2314,1.5,0,0,0,10
116598471,105.076,0,0,-105.076,105.076,263,15,28.0448,72.9839,1.5,0,0,0,10
117723425,102.659,0,0,-102.659,102.659,217,3,-25.1337,59.4938,1.5,0,0,0,10
117848321,84.6558,0,0,-84.6558,84.6558,113,9,5.46887,32.0764,1.5,0,0,0,10
118723473,98.9001,0,0,-98.9001,98.9001,265,12,-16.43,76.9797,1.5,0,0,0,10
119348437,100.777,0,0,-100.777,100.777,229,17,28.6173,61.8072,1.5,0,0,0,10
119848462,96.5645,0,0,-96.5645,96.5645,254,10,-1.08644,75.6389,1.5,0,0,0,10
120598330,85.257,0,0,-85.257,85.257,122,16,10.6851,33.7878,1.5,0,0,0,10
120973303,83.5961,0,0,-83.5961,83.5961,95,7,6.91504,26.1256,1.5,0,0,0,10
121223322,84.5726,0,0,-84.5726,84.5726,114,1,-8.399,31.9938,1.5,0,0,0,10
121348395,95.3644,0,0,-95.3644,95.3644,187,5,-22.007,50.6176,1.5,0,0,0,10
121598377,96.8431,0,0,-96.8431,96.8431,169,13,20.5769,45.3243,1.5,0,0,0,10
121848464,105.151,0,0,-105.151,105.151,256,8,-23.7051,72.225,1.5,0,0,0,10
122098308,83.9173,0,0,-83.9173,83.9173,100,19,9.11819,27.056,1.5,0,0,0,10
122973300,83.7694,0,0,-83.7694,83.7694,92,4,-11.502,23.6296,1.5,0,0,0,10
123348471,104.475,0,0,-104.475,104.475,263,18,35.6173,69.5603,1.5,0,0,0,10
123973382,99.1425,0,0,-99.1425,99.1425,174,2,-2.37812,51.5164,1.5,0,0,0,10
124598439,96.1691,0,0,-96.1691,96.1691,231,11,13.0678,67.4024,1.5,0,0,0,10
125223289,82.2156,0,0,-82.2156,82.2156,81,6,1.52601,22.4832,1.5,0,0,0,10
126223384,95.974,0,0,-95.974,95.974,176,20,14.2533,49.9028,1.5,0,0,0,10
150000081,82.2156,0,0,-82.2156,82.2156,81,0,0,0,10,6,1.52601,22.4832,1.5
150000092,83.7694,0,0,-83.7694,83.7694,92,0,0,0,10,4,-11.502,23.6296,1.5
150000095,83.5961,0,0,-83.5961,83.5961,95,0,0,0,10,7,6.91504,26.1256,1.5
150000100,83.9173,0,0,-83.9173,83.9173,100,0,0,0,10,19,9.11819,27.056,1.5
150000113,84.6558,0,0,-84.6558,84.6558,113,0,0,0,10,9,5.46887,32.0764,1.5
150000114,84.5726,0,0,-84.5726,84.5726,114,0,0,0,10,1,-8.399,31.9938,1.5
150000122,85.257,0,0,-85.257,85.257,122,0,0,0,10,16,10.6851,33.7878,1.5
150000169,96.8431,0,0,-96.8431,96.8431,169,0,0,0,10,13,20.5769,45.3243,1.5
150000174,99.1425,0,0,-99.1425,99.1425,174,0,0,0,10,2,-2.37812,51.5164,1.5
150000176,95.974,0,0,-95.974,95.974,176,0,0,0,10,20,14.2533,49.9028,1.5
150000187,95.3644,0,0,-95.3644,95.3644,187,0,0,0,10,5,-22.007,50.6176,1.5
150000217,102.659,0,0,-102.659,102.659,217,0,0,0,10,3,-25.1337,59.4938,1.5
150000229,100.777,0,0,-100.777,100.777,229,0,0,0,10,17,28.6173,61.8072,1.5
150000231,96.1691,0,0,-96.1691,96.1691,231,0,0,0,10,11,13.0678,67.4024,1.5
150000254,96.5645,0,0,-96.5645,96.5645,254,0,0,0,10,10,-1.08644,75.6389,1.5
150000256,105.151,0,0,-105.151,105.151,256,0,0,0,10,8,-23.7051,72.225,1.5
150000263,105.076,0,0,-105.076,105.076,263,0,0,0,10,15,28.0448,72.9839,1.5
150000263,104.475,0,0,-104.475,104.475,263,0,0,0,10,18,35.6173,69.5603,1.5
150000265,98.9001,0,0,-98.9001,98.9001,265,0,0,0,10,12,-16.43,76.9797,1.5
150000266,101.392,0,0,-101.392,101.392,266,0,0,0,10,14,-30.2005,73.2314,1.5
166348474,101.392,0,0,-101.392,101.392,266,14,-30.2005,73.2314,1.5,0,0,0,10
166598471,105.076,0,0,-105.076,105.076,263,15,28.0448,72.9839,1.5,0,0,0,10
167723425,102.659,0,0,-102.659,102.659,217,3,-25.1337,59.4938,1.5,0,0,0,10
167848321,84.6558,0,0,-84.6558,84.6558,113,9,5.46887,32.0764,1.5,0,0,0,10
168723473,98.9001,0,0,-98.9001,98.9001,265,12,-16.43,76.9797,1.5,0,0,0,10
169348437,100.777,0,0,-100.777,100.777,229,17,28.6173,61.8072,1.5,0,0,0,10
169848462,96.5645,0,0,-96.5645,96.5645,254,10,-1.08644,75.6389,1.5,0,0,0,10
170598330,85.257,0,0,-85.257,85.257,122,16,10.6851,33.7878,1.5,0,0,0,10
170973303,83.5961,0,0,-83.5961,83.5961,95,7,6.91504,26.1256,1.5,0,0,0,10
171223322,84.5726,0,0,-84.5726,84.5726,114,1,-8.399,31.9938,1.5,0,0,0,10
171348395,95.3644,0,0,-95.3644,95.3644,187,5,-22.007,50.6176,1.5,0,0,0,10
171598377,96.8431,0,0,-96.8431,96.8431,169,13,20.5769,45.3243,1.5,0,0,0,10
171848464,105.151,0,0,-105.151,105.151,256,8,-23.7051,72.225,1.5,0,0,0,10
172098308,83.9173,0,0,-83.9173,83.9173,100,19,9.11819,27.056,1.5,0,0,0,10
172973300,83.7694,0,0,-83.7694,83.7694,92,4,-11.502,23.6296,1.5,0,0,0,10
173348471,104.475,0,0,-104.475,104.475,263,18,35.6173,69.5603,1.5,0,0,0,10
173973382,99.1425,0,0,-99.1425,99.1425,174,2,-2.37812,51.5164,1.5,0,0,0,10
174598439,96.1691,0,0,-96.1691,96.1691,231,11,13.0678,67.4024,1.5,0,0,0,10
175223289,82.2156,0,0,-82.2156,82.2156,81,6,1.52601,22.4832,1.5,0,0,0,10
176223384,95.974,0,0,-95.974,95.974,176,20,14.2533,49.9028,1.5,0,0,0,10
200000081,82.2156,0,0,-82.2156,82.2156,81,0,0,0,10,6,1.51794,22.3334,1.5
200000092,83.7694,0,0,-83.7694,83.7694,92,0,0,0,10,4,-11.6223,23.7191,1.5
200000095,83.5961,0,0,-83.5961,83.5961,95,0,0,0,10,7,7.01749,26.016,1.5
200000100,83.9173,0,0,-83.9173,83.9173,100,0,0,0,10,19,9.20311,26.9323,1.5
200000113,84.6558,0,0,-84.6558,84.6558,113,0,0,0,10,9,5.37422,31.9601,1.5
200000114,84.5726,0,0,-84.5726,84.5726,114,0,0,0,10,1,-8.5149,31.8986,1.5
200000122,85.257,0,0,-85.257,85.257,122,0,0,0,10,16,10.6039,33.6616,1.5
200000169,96.8431,0,0,-96.8431,96.8431,169,0,0,0,10,13,20.4461,45.2508,1.5
200000174,99.1425,0,0,-99.1425,99.1425,174,0,0,0,10,2,-2.52702,51.5,1.5
200000176,95.974,0,0,-95.974,95.974,176,0,0,0,10,20,14.1735,49.7758,1.5
200000187,95.3644,0,0,-95.3644,95.3644,187,0,0,0,10,5,-22,50.4679,1.5
200000217,102.659,0,0,-102.659,102.659,217,0,0,0,10,3,-24.9838,59.5,1.5
200000229,100.777,0,0,-100.777,100.777,229,0,0,0,10,17,28.5638,61.6671,1.5
200000231,96.1691,0,0,-96.1691,96.1691,231,0,0,0,10,11,13.0429,67.2545,1.5
200000254,96.5645,0,0,-96.5645,96.5645,254,0,0,0,10,10,-1.0072,75.5116,1.5
200000256,105.151,0,0,-105.151,105.151,256,0,0,0,10,8,-23.6041,72.1141,1.5
200000263,105.076,0,0,-105.076,105.076,263,0,0,0,10,15,27.9326,72.8843,1.5
200000263,104.475,0,0,-104.475,104.475,263,0,0,0,10,18,35.5062,69.4594,1.5
200000265,98.9001,0,0,-98.9001,98.9001,265,0,0,0,10,12,-16.4517,76.8313,1.5
200000266,101.392,0,0,-101.392,101.392,266,0,0,0,10,14,-30.1023,73.118,1.5
216348474,101.392,0,0,-101.392,101.392,266,14,-30.1023,73.118,1.5,0,0,0,10
216598471,105.076,0,0,-105.076,105.076,263,15,27.9326,72.8843,1.5,0,0,0,10
217723425,102.659,0,0,-102.659,102.659,217,3,-24.9838,59.5,1.5,0,0,0,10
217848321,84.6558,0,0,-84.6558,84.6558,113,9,5.37422,31.9601,1.5,0,0,0,10
218723473,98.9001,0,0,-98.9001,98.9001,265,12,-16.4517,76.8313,1.5,0,0,0,10
219348437,100.777,0,0,-100.777,100.777,229,17,28.5638,61.6671,1.5,0,0,0,10
219848462,96.5645,0,0,-96.5645,96.5645,254,10,-1.0072,75.5116,1.5,0,0,0,10
220598330,85.257,0,0,-85.257,85.257,122,16,10.6039,33.6616,1.5,0,0,0,10
220973303,83.5961,0,0,-83.5961,83.5961,95,7,7.01749,26.016,1.5,0,0,0,10
221223322,84.5726,0,0,-84.5726,84.5726,114,1,-8.5149,31.8986,1.5,0,0,0,10
221348395,95.3644,0,0,-95.3644,95.3644,187,5,-22,50.4679,1.5,0,0,0,10
221598377,96.8431,0,0,-96.8431,96.8431,169,13,20.4461,45.2508,1.5,0,0,0,10
221848464,105.151,0,0,-105.151,105.151,256,8,-23.6041,72.1141,1.5,0,0,0,10
222098308,83.9173,0,0,-83.9173,83.9173,100,19,9.20311,26.9323,1.5,0,0,0,10
222973300,83.7694,0,0,-83.7694,83.7694,92,4,-11.6223,23.7191,1.5,0,0,0,10
223348471,104.475,0,0,-104.475,104.475,263,18,35.5062,69.4594,1.5,0,0,0,10
223973382,99.1425,0,0,-99.1425,99.1425,174,2,-2.52702,51.5,1.5,0,0,0,10
224598439,96.1691,0,0,-96.1691,96.1691,231,11,13.0429,67.2545,1.5,0,0,0,10
225223289,82.2156,0,0,-82.2156,82.2156,81,6,1.51794,22.3334,1.5,0,0,0,10
226223384,95.974,0,0,-95.974,95.974,176,20,14.1735,49.7758,1.5,0,0,0,10
250000081,82.2156,0,0,-82.2156,82.2156,81,0,0,0,10,6,1.51794,22.3334,1.5
250000092,83.7694,0,0,-83.7694,83.7694,92,0,0,0,10,4,-11.6223,23.7191,1.5
250000095,83.5961,0,0,-83.5961,83.5961,95,0,0,0,10,7,7.01749,26.016,1.5
250000100,83.9173,0,0,-83.9173,83.9173,100,0,0,0,10,19,9.20311,26.9323,1.5
250000113,84.6558,0,0,-84.6558,84.6558,113,0,0,0,10,9,5.37422,31.9601,1.5
250000114,84.5726,0,0,-84.5726,84.5726,114,0,0,0,10,1,-8.5149,31.8986,1.5
250000122,85.257,0,0,-85.257,85.257,122,0,0,0,10,16,10.6039,33.6616,1.5
250000169,96.8431,0,0,-96.8431,96.8431,169,0,0,0,10,13,20.4461,45.2508,1.5
250000174,99.1425,0,0,-99.1425,99.1425,174,0,0,0,10,2,-2.52702,51.5,1.5
250000176,95.974,0,0,-95.974,95.974,176,0,0,0,10,20,14.1735,49.7758,1.5
250000187,95.3644,0,0,-95.3644,95.3644,187,0,0,0,10,5,-22,50.4679,1.5
250000217,102.659,0,0,-102.659,102.659,217,0,0,0,10,3,-24.9838,59.5,1.5
250000229,100.777,0,0,-100.777,100.777,229,0,0,0,10,17,28.5638,61.6671,1.5
250000231,96.1691,0,0,-96.1691,96.1691,231,0,0,0,10,11,13.0429,67.2545,1.5
250000254,96.5645,0,0,-96.5645,96.5645,254,0,0,0,10,10,-1.0072,75.5116,1.5
250000256,105.151,0,0,-105.151,105.151,256,0,0,0,10,8,-23.6041,72.1141,1.5
250000263,105.076,0,0,-105.076,105.076,263,0,0,0,10,15,27.9326,72.8843,1.5
250000263,104.475,0,0,-104.475,104.475,263,0,0,0,10,18,35.5062,69.4594,1.5
250000265,98.9001,0,0,-98.9001,98.9001,265,0,0,0,10,12,-16.4517,76.8313,1.5
250000266,101.392,0,0,-101.392,101.392,266,0,0,0,10,14,-30.1023,73.118,1.5
266348474,101.392,0,0,-101.392,101.392,266,14,-30.1023,73.118,1.5,0,0,0,10
266598471,105.076,0,0,-105.076,105.076,263,15,27.9326,72.8843,1.5,0,0,0,10
267723425,102.659,0,0,-102.659,102.659,217,3,-24.9838,59.5,1.5,0,0,0,10
267848321,84.6558,0,0,-84.6558,84.6558,113,9,5.37422,31.9601,1.5,0,0,0,10
268723473,98.9001,0,0,-98.9001,98.9001,265,12,-16.4517,76.8313,1.5,0,0,0,10
269348437,100.777,0,0,-100.777,100.777,229,17,28.5638,61.6671,1.5,0,0,0,10
269848462,96.5645,0,0,-96.5645,96.5645,254,10,-1.0072,75.5116,1.5,0,0,0,10
270598330,85.257,0,0,-85.257,85.257,122,16,10.6039,33.6616,1.5,0,0,0,10
270973303,83.5961,0,0,-83.5961,83.5961,95,7,7.01749,26.016,1.5,0,0,0,10
271223322,84.5726,0,0,-84.5726,84.5726,114,1,-8.5149,31.8986,1.5,0,0,0,10
271348395,95.3644,0,0,-95.3644,95.3644,187,5,-22,50.4679,1.5,0,0,0,10
271598377,96.8431,0,0,-96.8431,96.8431,169,13,20.4461,45.2508,1.5,0,0,0,10
271848464,105.151,0,0,-105.151,105.151,256,8,-23.6041,72.1141,1.5,0,0,0,10
272098308,83.9173,0,0,-83.9173,83.9173,100,19,9.20311,26.9323,1.5,0,0,0,10
272973300,83.7694,0,0,-83.7694,83.7694,92,4,-11.6223,23.7191,1.5,0,0,0,10
273348471,104.475,0,0,-104.475,104.475,263,18,35.5062,69.4594,1.5,0,0,0,10
273973382,99.1425,0,0,-99.1425,99.1425,174,2,-2.52702,51.5,1.5,0,0,0,10
274598439,96.1691,0,0,-96.1691,96.1691,231,11,13.0429,67.2545,1.5,0,0,0,10
275223289,82.2156,0,0,-82.2156,82.2156,81,6,1.51794,22.3334,1.5,0,0,0,10
276223384,95.974,0,0,-95.974,95.974,176,20,14.1735,49.7758,1.5,0,0,0,10
300000081,82.2156,0,0,-82.2156,82.2156,81,0,0,0,10,6,1.50988,22.1837,1.5
300000092,83.7694,0,0,-83.7694,83.7694,92,0,0,0,10,4,-11.7427,23.8086,1.5
300000095,83.5961,0,0,-83.5961,83.5961,95,0,0,0,10,7,7.11994,25.9065,1.5
300000100,83.9173,0,0,-83.9173,83.9173,100,0,0,0,10,19,9.28803,26.8087,1.5
300000113,84.6558,0,0,-84.6558,84.6558,113,0,0,0,10,9,5.27957,31.8437,1.5
300000114,84.5726,0,0,-84.5726,84.5726,114,0,0,0,10,1,-8.6308,31.8033,1.5
300000122,85.257,0,0,-85.257,85.257,122,0,0,0,10,16,10.5228,33.5355,1.5
300000169,96.8431,0,0,-96.8431,96.8431,169,0,0,0,10,13,20.3154,45.1773,1.5
300000174,99.1425,0,0,-99.1425,99.1425,174,0,0,0,10,2,-2.67702,51.5,1.5
300000176,95.974,0,0,-95.974,95.974,176,0,0,0,10,20,14.0936,49.6488,1.5
300000187,95.3644,0,0,-95.3644,95.3644,187,0,0,0,10,5,-22,50.3179,1.5
300000217,102.659,0,0,-102.659,102.659,217,0,0,0,10,3,-24.8338,59.5,1.5
300000229,100.777,0,0,-100.777,100.777,229,0,0,0,10,17,28.5103,61.5269,1.5
300000231,96.1691,0,0,-96.1691,96.1691,231,0,0,0,10,11,13.018,67.1066,1.5
300000254,96.5645,0,0,-96.5645,96.5645,254,0,0,0,10,10,-1,75.3636,1.5
300000256,105.151,0,0,-105.151,105.151,256,0,0,0,10,8,-23.503,72.0033,1.5
300000263,105.076,0,0,-105.076,105.076,263,0,0,0,10,15,27.8205,72.7847,1.5
300000263,104.475,0,0,-104.475,104.475,263,0,0,0,10,18,35.3951,69.3586,1.5
300000265,98.9001,0,0,-98.9001,98.9001,265,0,0,0,10,12,-16.4733,76.6829,1.5
300000266,101.392,0,0,-101.392,101.392,266,0,0,0,10,14,-30.004,73.0047,1.5
316348474,101.392,0,0,-101.392,101.392,266,14,-30.004,73.0047,1.5,0,0,0,10
316598471,105.076,0,0,-105.076,105.076,263,15,27.8205,72.7847,1.5,0,0,0,10
317723425,102.659,0,0,-102.659,102.659,217,3,-24.8338,59.5,1.5,0,0,0,10
317848321,84.6558,0,0,-84.6558,84.6558,113,9,5.27957,31.8437,1.5,0,0,0,10
318723473,98.9001,0,0,-98.9001,98.9001,265,12,-16.4733,76.6829,1.5,0,0,0,10
319348437,100.777,0,0,-100.777,100.777,229,17,28.5103,61.5269,1.5,0,0,0,10
319848462,96.5645,0,0,-96.5645,96.5645,254,10,-1,75.3636,1.5,0,0,0,10
320598330,85.257,0,0,-85.257,85.257,122,16,10.5228,33.5355,1.5,0,0,0,10
320973303,83.5961,0,0,-83.5961,83.5961,95,7,7.11994,25.9065,1.5,0,0,0,10
321223322,84.5726,0,0,-84.5726,84.5726,114,1,-8.6308,31.8033,1.5,0,0,0,10
321348395,95.3644,0,0,-95.3644,95.3644,187,5,-22,50.3179,1.5,0,0,0,10
321598377,96.8431,0,0,-96.8431,96.8431,169,13,20.3154,45.1773,1.5,0,0,0,10
321848464,105.151,0,0,-105.151,105.151,256,8,-23.503,72.0033,1.5,0,0,0,10
322098308,83.9173,0,0,-83.9173,83.9173,100,19,9.28803,26.8087,1.5,0,0,0,10
322973300,83.7694,0,0,-83.7694,83.7694,92,4,-11.7427,23.8086,1.5,0,0,0,10
323348471,104.475,0,0,-104.475,104.475,263,18,35.3951,69.3586,1.5,0,0,0,10
323973382,99.1425,0,0,-99.1425,99.1425,174,2,-2.67702,51.5,1.5,0,0,0,10
324598439,96.1691,0,0,-96.1691,96.1691,231,11,13.018,67.1066,1.5,0,0,0,10
325223289,82.2156,0,0,-82.2156,82.2156,81,6,1.50988,22.1837,1.5,0,0,0,10
326223384,95.974,0,0,-95.974,95.974,176,20,14.0936,49.6488,1.5,0,0,0,10
350000081,82.2156,0,0,-82.2156,82.2156,81,0,0,0,10,6,1.50988,22.1837,1.5
350000092,83.7694,0,0,-83.7694,83.7694,92,0,0,0,10,4,-11.7427,23.8086,1.5
350000095,83.5961,0,0,-83.5961,83.5961,95,0,0,0,10,7,7.11994,25.9065,1.5
350000100,83.9173,0,0,-83.9173,83.9173,100,0,0,0,10,19,9.28803,26.8087,1.5
350000113,84.6558,0,0,-84.6558,84.6558,113,0,0,0,10,9,5.27957,31.8437,1.5
350000114,84.5726,0,0,-84.5726,84.5726,114,0,0,0,10,1,-8.6308,31.8033,1.5
350000122,85.257,0,0,-85.257,85.257,122,0,0,0,10,16,10.5228,33.5355,1.5
350000169,96.8431,0,0,-96.8431,96.8431,169,0,0,0,10,13,20.3154,45.1773,1.5
350000174,99.1425,0,0,-99.1425,99.1425,174,0,0,0,10,2,-2.67702,51.5,1.5
350000176,95.974,0,0,-95.974,95.974,176,0,0,0,10,20,14.0936,49.6488,1.5
350000187,95.3644,0,0,-95.3644,95.3644,187,0,0,0,10,5,-22,50.3179,1.5
350000217,102.659,0,0,-102.659,102.659,217,0,0,0,10,3,-24.8338,59.5,1.5
350000229,100.777,0,0,-100.777,100.777,229,0,0,0,10,17,28.5103,61.5269,1.5
350000231,96.1691,0,0,-96.1691,96.1691,231,0,0,0,10,11,13.018,67.1066,1.5
350000254,96.5645,0,0,-96.5645,96.5645,254,0,0,0,10,10,-1,75.3636,1.5
350000256,105.151,0,0,-105.151,105.151,256,0,0,0,10,8,-23.503,72.0033,1.5
350000263,105.076,0,0,-105.076,105.076,263,0,0,0,10,15,27.8205,72.7847,1.5
350000263,104.475,0,0,-104.475,104.475,263,0,0,0,10,18,35.3951,69.3586,1.5
350000265,98.9001,0,0,-98.9001,98.9001,265,0,0,0,10,12,-16.4733,76.6829,1.5
350000266,101.392,0,0,-101.392,101.392,266,0,0,0,10,14,-30.004,73.0047,1.5
366348474,101.392,0,0,-101.392,101.392,266,14,-30.004,73.0047,1.5,0,0,0,10
366598471,105.076,0,0,-105.076,105.076,263,15,27.8205,72.7847,1.5,0,0,0,10
367723425,102.659,0,0,-102.659,102.659,217,3,-24.8338,59.5,1.5,0,0,0,10
367848321,84.6558,0,0,-84.6558,84.6558,113,9,5.27957,31.8437,1.5,0,0,0,10
368723473,98.9001,0,0,-98.9001,98.9001,265,12,-16.4733,76.6829,1.5,0,0,0,10
369348437,100.777,0,0,-100.777,100.777,229,17,28.5103,61.5269,1.5,0,0,0,10
369848462,96.5645,0,0,-96.5645,96.5645,254,10,-1,75.3636,1.5,0,0,0,10
370598330,85.257,0,0,-85.257,85.257,122,16,10.5228,33.5355,1.5,0,0,0,10
370973303,83.5961,0,0,-83.5961,83.5961,95,7,7.11994,25.9065,1.5,0,0,0,10
371223322,84.5726,0,0,-84.5726,84.5726,114,1,-8.6308,31.8033,1.5,0,0,0,10
371348395,95.3644,0,0,-95.3644,95.3644,187,5,-22,50.3179,1.5,0,0,0,10
371598377,96.8431,0,0,-96.8431,96.8431,169,13,20.3154,45.1773,1.5,0,0,0,10
371848464,105.151,0,0,-105.151,105.151,256,8,-23.503,72.0033,1.5,0,0,0,10
372098308,83.9173,0,0,-83.9173,83.9173,100,19,9.28803,26.8087,1.5,0,0,0,10
372973300,83.7694,0,0,-83.7694,83.7694,92,4,-11.7427,23.8086,1.5,0,0,0,10
373348471,104.475,0,0,-104.475,104.475,263,18,35.3951,69.3586,1.5,0,0,0,10
373973382,99.1425,0,0,-99.1425,99.1425,174,2,-2.67702,51.5,1.5,0,0,0,10
374598439,96.1691,0,0,-96.1691,96.1691,231,11,13.018,67.1066,1.5,0,0,0,10
375223289,82.2156,0,0,-82.2156,82.2156,81,6,1.50988,22.1837,1.5,0,0,0,10
376223384,95.974,0,0,-95.974,95.974,176,20,14.0936,49.6488,1.5,0,0,0,10
400000081,82.2156,0,0,-82.2156,82.2156,81,0,0,0,10,6,1.50182,22.0339,1.5
400000092,83.7694,0,0,-83.7694,83.7694,92,0,0,0,10,4,-11.863,23.8981,1.5
400000095,83.5961,0,0,-83.5961,83.5961,95,0,0,0,10,7,7.22239,25.7969,1.5
400000100,83.9173,0,0,-83.9173,83.9173,100,0,0,0,10,19,9.37294,26.685,1.5
400000113,84.6558,0,0,-84.6558,84.6558,113,0,0,0,10,9,5.18492,31.7273,1.5
400000114,84.5726,0,0,-84.5726,84.5726,114,0,0,0,10,1,-8.7467,31.7081,1.5
400000122,85.257,0,0,-85.257,85.257,122,0,0,0,10,16,10.3922,33.5,1.5
400000169,96.8431,0,0,-96.8431,96.8431,169,0,0,0,10,13,20.1846,45.1038,1.5
400000174,99.1425,0,0,-99.1425,99.1425,174,0,0,0,10,2,-2.82702,51.5,1.5
400000176,95.974,0,0,-95.974,95.974,176,0,0,0,10,20,14.0137,49.5218,1.5
400000187,95.3644,0,0,-95.3644,95.3644,187,0,0,0,10,5,-22,50.1679,1.5
400000217,102.659,0,0,-102.659,102.659,217,0,0,0,10,3,-24.6838,59.5,1.5
400000229,100.777,0,0,-100.777,100.777,229,0,0,0,10,17,28.5,61.3788,1.5
400000231,96.1691,0,0,-96.1691,96.1691,231,0,0,0,10,11,13,66.9581,1.5
400000254,96.5645,0,0,-96.5645,96.5645,254,0,0,0,10,10,-1,75.2136,1.5
400000256,105.151,0,0,-105.151,105.151,256,0,0,0,10,8,-23.5,71.8545,1.5
400000263,105.076,0,0,-105.076,105.076,263,0,0,0,10,15,27.7083,72.685,1.5
400000263,104.475,0,0,-104.475,104.475,263,0,0,0,10,18,35.2841,69.2578,1.5
400000265,98.9001,0,0,-98.9001,98.9001,265,0,0,0,10,12,-16.495,76.5344,1.5
400000266,101.392,0,0,-101.392,101.392,266,0,0,0,10,14,-29.8983,72.8983,1.5
416348474,101.392,0,0,-101.392,101.392,266,14,-29.8983,72.8983,1.5,0,0,0,10
416598471,105.076,0,0,-105.076,105.076,263,15,27.7083,72.685,1.5,0,0,0,10
417723425,102.659,0,0,-102.659,102.659,217,3,-24.6838,59.5,1.5,0,0,0,10
417848321,84.6558,0,0,-84.6558,84.6558,113,9,5.18492,31.7273,1.5,0,0,0,10
418723473,98.9001,0,0,-98.9001,98.9001,265,12,-16.495,76.5344,1.5,0,0,0,10
419348437,100.777,0,0,-100.777,100.777,229,17,28.5,61.3788,1.5,0,0,0,10
419848462,96.5645,0,0,-96.5645,96.5645,254,10,-1,75.2136,1.5,0,0,0,10
420598330,85.257,0,0,-85.257,85.257,122,16,10.3922,33.5,1.5,0,0,0,10
420973303,83.5961,0,0,-83.5961,83.5961,95,7,7.22239,25.7969,1.5,0,0,0,10
421223322,84.5726,0,0,-84.5726,84.5726,114,1,-8.7467,31.7081,1.5,0,0,0,10
421348395,95.3644,0,0,-95.3644,95.3644,187,5,-22,50.1679,1.5,0,0,0,10
421598377,96.8431,0,0,-96.8431,96.8431,169,13,20.1846,45.1038,1.5,0,0,0,10
421848464,105.151,0,0,-105.151,105.151,256,8,-23.5,71.8545,1.5,0,0,0,10
422098308,83.9173,0,0,-83.9173,83.9173,100,19,9.37294,26.685,1.5,0,0,0,10
422973300,83.7694,0,0,-83.7694,83.7694,92,4,-11.863,23.8981,1.5,0,0,0,10
423348471,104.475,0,0,-104.475,104.475,263,18,35.2841,69.2578,1.5,0,0,0,10
423973382,99.1425,0,0,-99.1425,99.1425,174,2,-2.82702,51.5,1.5,0,0,0,10
424598439,96.1691,0,0,-96.1691,96.1691,231,11,13,66.9581,1.5,0,0,0,10
425223289,82.2156,0,0,-82.2156,82.2156,81,6,1.50182,22.0339,1.5,0,0,0,10
426223384,95.974,0,0,-95.974,95.974,176,20,14.0137,49.5218,1.5,0,0,0,10
450000081,82.2156,0,0,-82.2156,82.2156,81,0,0,0,10,6,1.50182,22.0339,1.5
450000092,83.7694,0,0,-83.7694,83.7694,92,0,0,0,10,4,-11.863,23.8981,1.5
450000095,83.5961,0,0,-83.5961,83.5961,95,0,0,0,10,7,7.22239,25.7969,1.5
450000100,83.9173,0,0,-83.9173,83.9173,100,0,0,0,10,19,9.37294,26.685,1.5
450000113,84.6558,0,0,-84.6558,84.6558,113,0,0,0,10,9,5.18492,31.7273,1.5
450000114,84.5726,0,0,-84.5726,84.5726,114,0,0,0,10,1,-8.7467,31.7081,1.5
450000122,85.257,0,0,-85.257,85.257,122,0,0,0,10,16,10.3922,33.5,1.5
450000169,96.8431,0,0,-96.8431,96.8431,169,0,0,0,10,13,20.1846,45.1038,1.5
450000174,99.1425,0,0,-99.1425,99.1425,174,0,0,0,10,2,-2.82702,51.5,1.5
450000176,95.974,0,0,-95.974,95.974,176,0,0,0,10,20,14.0137,49.5218,1.5
450000187,95.3644,0,0,-95.3644,95.3644,187,0,0,0,10,5,-22,50.1679,1.5
450000217,102.659,0,0,-102.659,102.659,217,0,0,0,10,3,-24.6838,59.5,1.5
450000229,100.777,0,0,-100.777,100.777,229,0,0,0,10,17,28.5,61.3788,1.5
450000231,96.1691,0,0,-96.1691,96.1691,231,0,0,0,10,11,13,66.9581,1.5
450000254,96.5645,0,0,-96.5645,96.5645,254,0,0,0,10,10,-1,75.2136,1.5
450000256,105.151,0,0,-105.151,105.151,256,0,0,0,10,8,-23.5,71.8545,1.5
450000263,105.076,0,0,-105.076,105.076,263,0,0,0,10,15,27.7083,72.685,1.5
450000263,104.475,0,0,-104.475,104.475,263,0,0,0,10,18,35.2841,69.2578,1.5
450000265,98.9001,0,0,-98.9001,98.9001,265,0,0,0,10,12,-16.495,76.5344,1.5
450000266,101.392,0,0,-101.392,101.392,266,0,0,0,10,14,-29.8983,72.8983,1.5
466348474,101.392,0,0,-101.392,101.392,266,14,-29.8983,72.8983,1.5,0,0,0,10
466598471,105.076,0,0,-105.076,105.076,263,15,27.7083,72.685,1.5,0,0,0,10
467723425,102.659,0,0,-102.659,102.659,217,3,-24.6838,59.5,1.5,0,0,0,10
467848321,84.6558,0,0,-84.6558,84.6558,113,9,5.18492,31.7273,1.5,0,0,0,10
468723473,98.9001,0,0,-98.9001,98.9001,265,12,-16.495,76.5344,1.5,0,0,0,10
469348437,100.777,0,0,-100.777,100.777,229,17,28.5,61.3788,1.5,0,0,0,10
469848462,96.5645,0,0,-96.5645,96.5645,254,10,-1,75.2136,1.5,0,0,0,10
470598330,85.257,0,0,-85.257,85.257,122,16,10.3922,33.5,1.5,0,0,0,10
470973303,83.5961,0,0,-83.5961,83.5961,95,7,7.22239,25.7969,1.5,0,0,0,10
471223322,84.5726,0,0,-84.5726,84.5726,114,1,-8.7467,31.7081,1.5,0,0,0,10
471348395,95.3644,0,0,-95.3644,95.3644,187,5,-22,50.1679,1.5,0,0,0,10
471598377,96.8431,0,0,-96.8431,96.8431,169,13,20.1846,45.1038,1.5,0,0,0,10
471848464,105.151,0,0,-105.151,105.151,256,8,-23.5,71.8545,1.5,0,0,0,10
472098308,83.9173,0,0,-83.9173,83.9173,100,19,9.37294,26.685,1.5,0,0,0,10
472973300,83.7694,0,0,-83.7694,83.7694,92,4,-11.863,23.8981,1.5,0,0,0,10
473348471,104.475,0,0,-104.475,104.475,263,18,35.2841,69.2578,1.5,0,0,0,10
473973382,99.1425,0,0,-99.1425,99.1425,174,2,-2.82702,51.5,1.5,0,0,0,10
474598439,96.1691,0,0,-96.1691,96.1691,231,11,13,66.9581,1.5,0,0,0,10
475223289,82.2156,0,0,-82.2156,82.2156,81,6,1.50182,22.0339,1.5,0,0,0,10
476223384,95.974,0,0,-95.974,95.974,176,20,14.0137,49.5218,1.5,0,0,0,10
500000081,82.2156,0,0,-82.2156,82.2156,81,0,0,0,10,6,1.5,21.8839,1.5
500000092,83.7694,0,0,-83.7694,83.7694,92,0,0,0,10,4,-11.9834,23.9876,1.5
500000095,83.5961,0,0,-83.5961,83.5961,95,0,0,0,10,7,7.32484,25.6873,1.5
500000100,83.9173,0,0,-83.9173,83.9173,100,0,0,0,10,19,9.45786,26.5614,1.5
500000113,84.6558,0,0,-84.6558,84.6558,113,0,0,0,10,9,5.09026,31.611,1.5
500000114,84.5726,0,0,-84.5726,84.5726,114,0,0,0,10,1,-8.86259,31.6129,1.5
500000122,85.257,0,0,-85.257,85.257,122,0,0,0,10,16,10.2422,33.5,1.5
500000169,96.8431,0,0,-96.8431,96.8431,169,0,0,0,10,13,20.0538,45.0303,1.5
500000174,99.1425,0,0,-99.1425,99.1425,174,0,0,0,10,2,-2.97702,51.5,1.5
500000176,95.974,0,0,-95.974,95.974,176,0,0,0,10,20,13.9122,49.4122,1.5
500000187,95.3644,0,0,-95.3644,95.3644,187,0,0,0,10,5,-22,50.0179,1.5
500000217,102.659,0,0,-102.659,102.659,217,0,0,0,10,3,-24.5338,59.5,1.5
500000229,100.777,0,0,-100.777,100.777,229,0,0,0,10,17,28.5,61.2288,1.5
500000231,96.1691,0,0,-96.1691,96.1691,231,0,0,0,10,11,13,66.8081,1.5
500000254,96.5645,0,0,-96.5645,96.5645,254,0,0,0,10,10,-1,75.0636,1.5
500000256,105.151,0,0,-105.151,105.151,256,0,0,0,10,8,-23.5,71.7045,1.5
500000263,105.076,0,0,-105.076,105.076,263,0,0,0,10,15,27.5962,72.5854,1.5
500000263,104.475,0,0,-104.475,104.475,263,0,0,0,10,18,35.173,69.157,1.5
500000265,98.9001,0,0,-98.9001,98.9001,265,0,0,0,10,12,-16.5,76.3848,1.5
500000266,101.392,0,0,-101.392,101.392,266,0,0,0,10,14,-29.7922,72.7922,1.5
516348474,101.392,0,0,-101.392,101.392,266,14,-29.7922,72.7922,1.5,0,0,0,10
516598471,105.076,0,0,-105.076,105.076,263,15,27.5962,72.5854,1.5,0,0,0,10
517723425,102.659,0,0,-102.659,102.659,217,3,-24.5338,59.5,1.5,0,0,0,10
517848321,84.6558,0,0,-84.6558,84.6558,113,9,5.09026,31.611,1.5,0,0,0,10
518723473,98.9001,0,0,-98.9001,98.9001,265,12,-16.5,76.3848,1.5,0,0,0,10
519348437,100.777,0,0,-100.777,100.777,229,17,28.5,61.2288,1.5,0,0,0,10
519848462,96.5645,0,0,-96.5645,96.5645,254,10,-1,75.0636,1.5,0,0,0,10
520598330,85.257,0,0,-85.257,85.257,122,16,10.2422,33.5,1.5,0,0,0,10
520973303,83.5961,0,0,-83.5961,83.5961,95,7,7.32484,25.6873,1.5,0,0,0,10
521223322,84.5726,0,0,-84.5726,84.5726,114,1,-8.86259,31.6129,1.5,0,0,0,10
521348395,95.3644,0,0,-95.3644,95.3644,187,5,-22,50.0179,1.5,0,0,0,10
521598377,96.8431,0,0,-96.8431,96.8431,169,13,20.0538,45.0303,1.5,0,0,0,10
521848464,105.151,0,0,-105.151,105.151,256,8,-23.5,71.7045,1.5,0,0,0,10
522098308,83.9173,0,0,-83.9173,83.9173,100,19,9.45786,26.5614,1.5,0,0,0,10
522973300,83.7694,0,0,-83.7694,83.7694,92,4,-11.9834,23.9876,1.5,0,0,0,10
523348471,104.475,0,0,-104.475,104.475,263,18,35.173,69.157,1.5,0,0,0,10
523973382,99.1425,0,0,-99.1425,99.1425,174,2,-2.97702,51.5,1.5,0,0,0,10
524598439,96.1691,0,0,-96.1691,96.1691,231,11,13,66.8081,1.5,0,0,0,10
525223289,82.2156,0,0,-82.2156,82.2156,81,6,1.5,21.8839,1.5,0,0,0,10
526223384,95.974,0,0,-95.974,95.974,176,20,13.9122,49.4122,1.5,0,0,0,10
550000081,82.2156,0,0,-82.2156,82.2156,81,0,0,0,10,6,1.5,21.8839,1.5
550000092,83.7694,0,0,-83.7694,83.7694,92,0,0,0,10,4,-11.9834,23.9876,1.5
550000095,83.5961,0,0,-83.5961,83.5961,95,0,0,0,10,7,7.32484,25.6873,1.5
550000100,83.9173,0,0,-83.9173,83.9173,100,0,0,0,10,19,9.45786,26.5614,1.5
550000113,84.6558,0,0,-84.6558,84.6558,113,0,0,0,10,9,5.09026,31.611,1.5
550000114,84.5726,0,0,-84.5726,84.5726,114,0,0,0,10,1,-8.86259,31.6129,1.5
550000122,85.257,0,0,-85.257,85.257,122,0,0,0,10,16,10.2422,33.5,1.5
550000169,96.8431,0,0,-96.8431,96.8431,169,0,0,0,10,13,20.0538,45.0303,1.5
550000174,99.1425,0,0,-99.1425,99.1425,174,0,0,0,10,2,-2.97702,51.5,1.5
550000176,95.974,0,0,-95.974,95.974,176,0,0,0,10,20,13.9122,49.4122,1.5
550000187,95.3644,0,0,-95.3644,95.3644,187,0,0,0,10,5,-22,50.0179,1.5
550000217,102.659,0,0,-102.659,102.659,217,0,0,0,10,3,-24.5338,59.5,1.5
550000229,100.777,0,0,-100.777,100.777,229,0,0,0,10,17,28.5,61.2288,1.5
550000231,96.1691,0,0,-96.1691,96.1691,231,0,0,0,10,11,13,66.8081,1.5
550000254,96.5645,0,0,-96.5645,96.5645,254,0,0,0,10,10,-1,75.0636,1.5
550000256,105.151,0,0,-105.151,105.151,256,0,0,0,10,8,-23.5,71.7045,1.5
550000263,105.076,0,0,-105.076,105.076,263,0,0,0,10,15,27.5962,72.5854,1.5
550000263,104.475,0,0,-104.475,104.475,263,0,0,0,10,18,35.173,69.157,1.5
550000265,98.9001,0,0,-98.9001,98.9001,265,0,0,0,10,12,-16.5,76.3848,1.5
550000266,101.392,0,0,-101.392,101.392,266,0,0,0,10,14,-29.7922,72.7922,1.5
566348474,101.392,0,0,-101.392,101.392,266,14,-29.7922,72.7922,1.5,0,0,0,10
566598471,105.076,0,0,-105.076,105.076,263,15,27.5962,72.5854,1.5,0,0,0,10
567723425,102.659,0,0,-102.659,102.659,217,3,-24.5338,59.5,1.5,0,0,0,10
567848321,84.6558,0,0,-84.6558,84.6558,113,9,5.09026,31.611,1.5,0,0,0,10
568723473,98.9001,0,0,-98.9001,98.9001,265,12,-16.5,76.3848,1.5,0,0,0,10
569348437,100.777,0,0,-100.777,100.777,229,17,28.5,61.2288,1.5,0,0,0,10
569848462,96.5645,0,0,-96.5645,96.5645,254,10,-1,75.0636,1.5,0,0,0,10
570598330,85.257,0,0,-85.257,85.257,122,16,10.2422,33.5,1.5,0,0,0,10
570973303,83.5961,0,0,-83.5961,83.5961,95,7,7.32484,25.6873,1.5,0,0,0,10
571223322,84.5726,0,0,-84.5726,84.5726,114,1,-8.86259,31.6129,1.5,0,0,0,10
571348395,95.3644,0,0,-95.3644,95.3644,187,5,-22,50.0179,1.5,0,0,0,10
571598377,96.8431,0,0,-96.8431,96.8431,169,13,20.0538,45.0303,1.5,0,0,0,10
571848464,105.151,0,0,-105.151,105.151,256,8,-23.5,71.7045,1.5,0,0,0,10
572098308,83.9173,0,0,-83.9173,83.9173,100,19,9.45786,26.5614,1.5,0,0,0,10
572973300,83.7694,0,0,-83.7694,83.7694,92,4,-11.9834,23.9876,1.5,0,0,0,10
573348471,104.475,0,0,-104.475,104.475,263,18,35.173,69.157,1.5,0,0,0,10
573973382,99.1425,0,0,-99.1425,99.1425,174,2,-2.97702,51.5,1.5,0,0,0,10
574598439,96.1691,0,0,-96.1691,96.1691,231,11,13,66.8081,1.5,0,0,0,10
575223289,82.2156,0,0,-82.2156,82.2156,81,6,1.5,21.8839,1.5,0,0,0,10
576223384,95.974,0,0,-95.974,95.974,176,20,13.9122,49.4122,1.5,0,0,0,10
600000081,82.2156,0,0,-82.2156,82.2156,81,0,0,0,10,6,1.5,21.7339,1.5
600000092,83.7694,0,0,-83.7694,83.7694,92,0,0,0,10,4,-12.0914,24.0914,1.5
600000095,83.5961,0,0,-83.5961,83.5961,95,0,0,0,10,7,7.42729,25.5778,1.5
600000100,83.9173,0,0,-83.9173,83.9173,100,0,0,0,10,19,9.55343,26.4466,1.5
600000113,84.6558,0,0,-84.6558,84.6558,113,0,0,0,10,9,4.99508,31.4951,1.5
600000114,84.5726,0,0,-84.5726,84.5726,114,0,0,0,10,1,-8.97849,31.5177,1.5
600000122,85.257,0,0,-85.257,85.257,122,0,0,0,10,16,10.0922,33.5,1.5
600000169,96.8431,0,0,-96.8431,96.8431,169,0,0,0,10,13,19.9376,44.9376,1.5
600000174,99.1425,0,0,-99.1425,99.1425,174,0,0,0,10,2,-3.12702,51.5,1.5
600000176,95.974,0,0,-95.974,95.974,176,0,0,0,10,20,13.8061,49.3061,1.5
600000187,95.3644,0,0,-95.3644,95.3644,187,0,0,0,10,5,-22,49.8679,1.5
600000217,102.659,0,0,-102.659,102.659,217,0,0,0,10,3,-24.3838,59.5,1.5
600000229,100.777,0,0,-100.777,100.777,229,0,0,0,10,17,28.5,61.0788,1.5
600000231,96.1691,0,0,-96.1691,96.1691,231,0,0,0,10,11,13,66.6581,1.5
600000254,96.5645,0,0,-96.5645,96.5645,254,0,0,0,10,10,-1,74.9136,1.5
600000256,105.151,0,0,-105.151,105.151,256,0,0,0,10,8,-23.5,71.5545,1.5
600000263,105.076,0,0,-105.076,105.076,263,0,0,0,10,15,27.4849,72.4849,1.5
600000263,104.475,0,0,-104.475,104.475,263,0,0,0,10,18,35.0619,69.0562,1.5
600000265,98.9001,0,0,-98.9001,98.9001,265,0,0,0,10,12,-16.5,76.2348,1.5
600000266,101.392,0,0,-101.392,101.392,266,0,0,0,10,14,-29.6862,72.6862,1.5
616348474,101.392,0,0,-101.392,101.392,266,14,-29.6862,72.6862,1.5,0,0,0,10
616598471,105.076,0,0,-105.076,105.076,263,15,27.4849,72.4849,1.5,0,0,0,10
617723425,102.659,0,0,-102.659,102.659,217,3,-24.3838,59.5,1.5,0,0,0,10
617848321,84.6558,0,0,-84.6558,84.6558,113,9,4.99508,31.4951,1.5,0,0,0,10
618723473,98.9001,0,0,-98.9001,98.9001,265,12,-16.5,76.2348,1.5,0,0,0,10
619348437,100.777,0,0,-100.777,100.777,229,17,28.5,61.0788,1.5,0,0,0,10
619848462,96.5645,0,0,-96.5645,96.5645,254,10,-1,74.9136,1.5,0,0,0,10
620598330,85.257,0,0,-85.257,85.257,122,16,10.0922,33.5,1.5,0,0,0,10
620973303,83.5961,0,0,-83.5961,83.5961,95,7,7.42729,25.5778,1.5,0,0,0,10
621223322,84.5726,0,0,-84.5726,84.5726,114,1,-8.97849,31.5177,1.5,0,0,0,10
621348395,95.3644,0,0,-95.3644,95.3644,187,5,-22,49.8679,1.5,0,0,0,10
621598377,96.8431,0,0,-96.8431,96.8431,169,13,19.9376,44.9376,1.5,0,0,0,10
621848464,105.151,0,0,-105.151,105.151,256,8,-23.5,71.5545,1.5,0,0,0,10
622098308,83.9173,0,0,-83.9173,83.9173,100,19,9.55343,26.4466,1.5,0,0,0,10
622973300,83.7694,0,0,-83.7694,83.7694,92,4,-12.0914,24.0914,1.5,0,0,0,10
623348471,104.475,0,0,-104.475,104.475,263,18,35.0619,69.0562,1.5,0,0,0,10
623973382,99.1425,0,0,-99.1425,99.1425,174,2,-3.12702,51.5,1.5,0,0,0,10
624598439,96.1691,0,0,-96.1691,96.1691,231,11,13,66.6581,1.5,0,0,0,10
625223289,82.2156,0,0,-82.2156,82.2156,81,6,1.5,21.7339,1.5,0,0,0,10
626223384,95.974,0,0,-95.974,95.974,176,20,13.8061,49.3061,1.5,0,0,0,10
650000081,82.2156,0,0,-82.2156,82.2156,81,0,0,0,10,6,1.5,21.7339,1.5
650000092,83.7694,0,0,-83.7694,83.7694,92,0,0,0,10,4,-12.0914,24.0914,1.5
650000095,83.5961,0,0,-83.5961,83.5961,95,0,0,0,10,7,7.42729,25.5778,1.5
650000100,83.9173,0,0,-83.9173,83.9173,100,0,0,0,10,19,9.55343,26.4466,1.5
650000113,84.6558,0,0,-84.6558,84.6558,113,0,0,0,10,9,4.99508,31.4951,1.5
650000114,84.5726,0,0,-84.5726,84.5726,114,0,0,0,10,1,-8.97849,31.5177,1.5
650000122,85.257,0,0,-85.257,85.257,122,0,0,0,10,16,10.0922,33.5,1.5
650000169,96.8431,0,0,-96.8431,96.8431,169,0,0,0,10,13,19.9376,44.9376,1.5
650000174,99.1425,0,0,-99.1425,99.1425,174,0,0,0,10,2,-3.12702,51.5,1.5
650000176,95.974,0,0,-95.974,95.974,176,0,0,0,10,20,13.8061,49.3061,1.5
650000187,95.3644,0,0,-95.3644,95.3644,187,0,0,0,10,5,-22,49.8679,1.5
650000217,102.659,0,0,-102.659,102.659,217,0,0,0,10,3,-24.3838,59.5,1.5
650000229,100.777,0,0,-100.777,100.777,229,0,0,0,10,17,28.5,61.0788,1.5
650000231,96.1691,0,0,-96.1691,96.1691,231,0,0,0,10,11,13,66.6581,1.5
650000254,96.5645,0,0,-96.5645,96.5645,254,0,0,0,10,10,-1,74.9136,1.5
650000256,105.151,0,0,-105.151,105.151,256,0,0,0,10,8,-23.5,71.5545,1.5
650000263,105.076,0,0,-105.076,105.076,263,0,0,0,10,15,27.4849,72.4849,1.5
650000263,104.475,0,0,-104.475,104.475,263,0,0,0,10,18,35.0619,69.0562,1.5
650000265,98.9001,0,0,-98.9001,98.9001,265,0,0,0,10,12,-16.5,76.2348,1.5
650000266,101.392,0,0,-101.392,101.392,266,0,0,0,10,14,-29.6862,72.6862,1.5
666348474,101.392,0,0,-101.392,101.392,266,14,-29.6862,72.6862,1.5,0,0,0,10
666598471,105.076,0,0,-105.076,105.076,263,15,27.4849,72.4849,1.5,0,0,0,10
667723425,102.659,0,0,-102.659,102.659,217,3,-24.3838,59.5,1.5,0,0,0,10
667848321,84.6558,0,0,-84.6558,84.6558,113,9,4.99508,31.4951,1.5,0,0,0,10
668723473,98.9001,0,0,-98.9001,98.9001,265,12,-16.5,76.2348,1.5,0,0,0,10
669348437,100.777,0,0,-100.777,100.777,229,17,28.5,61.0788,1.5,0,0,0,10
669848462,96.5645,0,0,-96.5645,96.5645,254,10,-1,74.9136,1.5,0,0,0,10
670598330,85.257,0,0,-85.257,85.257,122,16,10.0922,33.5,1.5,0,0,0,10
670973303,83.5961,0,0,-83.5961,83.5961,95,7,7.42729,25.5778,1.5,0,0,0,10
671223322,84.5726,0,0,-84.5726,84.5726,114,1,-8.97849,31.5177,1.5,0,0,0,10
671348395,95.3644,0,0,-95.3644,95.3644,187,5,-22,49.8679,1.5,0,0,0,10
671598377,96.8431,0,0,-96.8431,96.8431,169,13,19.9376,44.9376,1.5,0,0,0,10
671848464,105.151,0,0,-105.151,105.151,256,8,-23.5,71.5545,1.5,0,0,0,10
672098308,83.9173,0,0,-83.9173,83.9173,100,19,9.55343,26.4466,1.5,0,0,0,10
672973300,83.7694,0,0,-83.7694,83.7694,92,4,-12.0914,24.0914,1.5,0,0,0,10
673348471,104.475,0,0,-104.475,104.475,263,18,35.0619,69.0562,1.5,0,0,0,10
673973382,99.1425,0,0,-99.1425,99.1425,174,2,-3.12702,51.5,1.5,0,0,0,10
674598439,96.1691,0,0,-96.1691,96.1691,231,11,13,66.6581,1.5,0,0,0,10
675223289,82.2156,0,0,-82.2156,82.2156,81,6,1.5,21.7339,1.5,0,0,0,10
676223384,95.974,0,0,-95.974,95.974,176,20,13.8061,49.3061,1.5,0,0,0,10
700000081,82.2156,0,0,-82.2156,82.2156,81,0,0,0,10,6,1.5,21.5839,1.5
700000092,83.7694,0,0,-83.7694,83.7694,92,0,0,0,10,4,-12.1975,24.1975,1.5
700000095,83.5961,0,0,-83.5961,83.5961,95,0,0,0,10,7,7.54354,25.5,1.5
700000100,83.9173,0,0,-83.9173,83.9173,100,0,0,0,10,19,9.6595,26.3405,1.5
700000113,84.6558,0,0,-84.6558,84.6558,113,0,0,0,10,9,4.88901,31.389,1.5
700000114,84.5726,0,0,-84.5726,84.5726,114,0,0,0,10,1,-9.08638,31.4136,1.5
700000122,85.257,0,0,-85.257,85.257,122,0,0,0,10,16,9.95909,33.4591,1.5
700000169,96.8431,0,0,-96.8431,96.8431,169,0,0,0,10,13,19.8315,44.8315,1.5
700000174,99.1425,0,0,-99.1425,99.1425,174,0,0,0,10,2,-3.27702,51.5,1.5
700000176,95.974,0,0,-95.974,95.974,176,0,0,0,10,20,13.7,49.2,1.5
700000187,95.3644,0,0,-95.3644,95.3644,187,0,0,0,10,5,-22,49.7179,1.5
700000217,102.659,0,0,-102.659,102.659,217,0,0,0,10,3,-24.2338,59.5,1.5
700000229,100.777,0,0,-100.777,100.777,229,0,0,0,10,17,28.5,60.9288,1.5
700000231,96.1691,0,0,-96.1691,96.1691,231,0,0,0,10,11,13,66.5081,1.5
700000254,96.5645,0,0,-96.5645,96.5645,254,0,0,0,10,10,-1,74.7636,1.5
700000256,105.151,0,0,-105.151,105.151,256,0,0,0,10,8,-23.4324,71.4324,1.5
700000263,105.076,0,0,-105.076,105.076,263,0,0,0,10,15,27.3788,72.3788,1.5
700000263,104.475,0,0,-104.475,104.475,263,0,0,0,10,18,34.9531,68.9531,1.5
700000265,98.9001,0,0,-98.9001,98.9001,265,0,0,0,10,12,-16.5,76.0848,1.5
700000266,101.392,0,0,-101.392,101.392,266,0,0,0,10,14,-29.5801,72.5801,1.5
716348474,101.392,0,0,-101.392,101.392,266,14,-29.5801,72.5801,1.5,0,0,0,10
716598471,105.076,0,0,-105.076,105.076,263,15,27.3788,72.3788,1.5,0,0,0,10
717723425,102.659,0,0,-102.659,102.659,217,3,-24.2338,59.5,1.5,0,0,0,10
717848321,84.6558,0,0,-84.6558,84.6558,113,9,4.88901,31.389,1.5,0,0,0,10
718723473,98.9001,0,0,-98.9001,98.9001,265,12,-16.5,76.0848,1.5,0,0,0,10
719348437,100.777,0,0,-100.777,100.777,229,17,28.5,60.9288,1.5,0,0,0,10
719848462,96.5645,0,0,-96.5645,96.5645,254,10,-1,74.7636,1.5,0,0,0,10
720598330,85.257,0,0,-85.257,85.257,122,16,9.95909,33.4591,1.5,0,0,0,10
720973303,83.5961,0,0,-83.5961,83.5961,95,7,7.54354,25.5,1.5,0,0,0,10
721223322,84.5726,0,0,-84.5726,84.5726,114,1,-9.08638,31.4136,1.5,0,0,0,10
721348395,95.3644,0,0,-95.3644,95.3644,187,5,-22,49.7179,1.5,0,0,0,10
721598377,96.8431,0,0,-96.8431,96.8431,169,13,19.8315,44.8315,1.5,0,0,0,10
721848464,105.151,0,0,-105.151,105.151,256,8,-23.4324,71.4324,1.5,0,0,0,10
722098308,83.9173,0,0,-83.9173,83.9173,100,19,9.6595,26.3405,1.5,0,0,0,10
722973300,83.7694,0,0,-83.7694,83.7694,92,4,-12.1975,24.1975,1.5,0,0,0,10
723348471,104.475,0,0,-104.475,104.475,263,18,34.9531,68.9531,1.5,0,0,0,10
723973382,99.1425,0,0,-99.1425,99.1425,174,2,-3.27702,51.5,1.5,0,0,0,10
724598439,96.1691,0,0,-96.1691,96.1691,231,11,13,66.5081,1.5,0,0,0,10
725223289,82.2156,0,0,-82.2156,82.2156,81,6,1.5,21.5839,1.5,0,0,0,10
726223384,95.974,0,0,-95.974,95.974,176,20,13.7,49.2,1.5,0,0,0,10
750000081,82.2156,0,0,-82.2156,82.2156,81,0,0,0,10,6,1.5,21.5839,1.5
750000092,83.7694,0,0,-83.7694,83.7694,92,0,0,0,10,4,-12.1975,24.1975,1.5
750000095,83.5961,0,0,-83.5961,83.5961,95,0,0,0,10,7,7.54354,25.5,1.5
750000100,83.9173,0,0,-83.9173,83.9173,100,0,0,0,10,19,9.6595,26.3405,1.5
750000113,84.6558,0,0,-84.6558,84.6558,113,0,0,0,10,9,4.88901,31.389,1.5
750000114,84.5726,0,0,-84.5726,84.5726,114,0,0,0,10,1,-9.08638,31.4136,1.5
750000122,85.257,0,0,-85.257,85.257,122,0,0,0,10,16,9.95909,33.4591,1.5
750000169,96.8431,0,0,-96.8431,96.8431,169,0,0,0,10,13,19.8315,44.8315,1.5
750000174,99.1425,0,0,-99.1425,99.1425,174,0,0,0,10,2,-3.27702,51.5,1.5
750000176,95.974,0,0,-95.974,95.974,176,0,0,0,10,20,13.7,49.2,1.5
750000187,95.3644,0,0,-95.3644,95.3644,187,0,0,0,10,5,-22,49.7179,1.5
750000217,102.659,0,0,-102.659,102.659,217,0,0,0,10,3,-24.2338,59.5,1.5
750000229,100.777,0,0,-100.777,100.777,229,0,0,0,10,17,28.5,60.9288,1.5
750000231,96.1691,0,0,-96.1691,96.1691,231,0,0,0,10,11,13,66.5081,1.5
750000254,96.5645,0,0,-96.5645,96.5645,254,0,0,0,10,10,-1,74.7636,1.5
750000256,105.151,0,0,-105.151,105.151,256,0,0,0,10,8,-23.4324,71.4324,1.5
750000263,105.076,0,0,-105.076,105.076,263,0,0,0,10,15,27.3788,72.3788,1.5
750000263,104.475,0,0,-104.475,104.475,263,0,0,0,10,18,34.9531,68.9531,1.5
750000265,98.9001,0,0,-98.9001,98.9001,265,0,0,0,10,12,-16.5,76.0848,1.5
750000266,101.392,0,0,-101.392,101.392,266,0,0,0,10,14,-29.5801,72.5801,1.5
766348474,101.392,0,0,-101.392,101.392,266,14,-29.5801,72.5801,1.5,0,0,0,10
766598471,105.076,0,0,-105.076,105.076,263,15,27.3788,72.3788,1.5,0,0,0,10
767723425,102.659,0,0,-102.659,102.659,217,3,-24.2338,59.5,1.5,0,0,0,10
767848321,84.6558,0,0,-84.6558,84.6558,113,9,4.88901,31.389,1.5,0,0,0,10
768723473,98.9001,0,0,-98.9001,98.9001,265,12,-16.5,76.0848,1.5,0,0,0,10
769348437,100.777,0,0,-100.777,100.777,229,17,28.5,60.9288,1.5,0,0,0,10
769848462,96.5645,0,0,-96.5645,96.5645,254,10,-1,74.7636,1.5,0,0,0,10
770598330,85.257,0,0,-85.257,85.257,122,16,9.95909,33.4591,1.5,0,0,0,10
770973303,83.5961,0,0,-83.5961,83.5961,95,7,7.54354,25.5,1.5,0,0,0,10
771223322,84.5726,0,0,-84.5726,84.5726,114,1,-9.08638,31.4136,1.5,0,0,0,10
771348395,95.3644,0,0,-95.3644,95.3644,187,5,-22,49.7179,1.5,0,0,0,10
771598377,96.8431,0,0,-96.8431,96.8431,169,13,19.8315,44.8315,1.5,0,0,0,10
771848464,105.151,0,0,-105.151,105.151,256,8,-23.4324,71.4324,1.5,0,0,0,10
772098308,83.9173,0,0,-83.9173,83.9173,100,19,9.6595,26.3405,1.5,0,0,0,10
772973300,83.7694,0,0,-83.7694,83.7694,92,4,-12.1975,24.1975,1.5,0,0,0,10
773348471,104.475,0,0,-104.475,104.475,263,18,34.9531,68.9531,1.5,0,0,0,10
773973382,99.1425,0,0,-99.1425,99.1425,174,2,-3.27702,51.5,1.5,0,0,0,10
774598439,96.1691,0,0,-96.1691,96.1691,231,11,13,66.5081,1.5,0,0,0,10
775223289,82.2156,0,0,-82.2156,82.2156,81,6,1.5,21.5839,1.5,0,0,0,10
776223384,95.974,0,0,-95.974,95.974,176,20,13.7,49.2,1.5,0,0,0,10
800000081,82.2156,0,0,-82.2156,82.2156,81,0,0,0,10,6,1.5,21.4339,1.5
800000092,83.7694,0,0,-83.7694,83.7694,92,0,0,0,10,4,-12.3036,24.3036,1.5
800000095,83.5961,0,0,-83.5961,83.5961,95,0,0,0,10,7,7.69354,25.5,1.5
800000100,83.9173,0,0,-83.9173,83.9173,100,0,0,0,10,19,9.76556,26.2344,1.5
800000113,84.6558,0,0,-84.6558,84.6558,113,0,0,0,10,9,4.78295,31.2829,1.5
800000114,84.5726,0,0,-84.5726,84.5726,114,0,0,0,10,1,-9.19245,31.3076,1.5
800000122,85.257,0,0,-85.257,85.257,122,0,0,0,10,16,9.85303,33.353,1.5
800000169,96.8431,0,0,-96.8431,96.8431,169,0,0,0,10,13,19.7255,44.7255,1.5
800000174,99.1425,0,0,-99.1425,99.1425,174,0,0,0,10,2,-3.42702,51.5,1.5
800000176,95.974,0,0,-95.974,95.974,176,0,0,0,10,20,13.594,49.094,1.5
800000187,95.3644,0,0,-95.3644,95.3644,187,0,0,0,10,5,-22,49.5679,1.5
800000217,102.659,0,0,-102.659,102.659,217,0,0,0,10,3,-24.0838,59.5,1.5
800000229,100.777,0,0,-100.777,100.777,229,0,0,0,10,17,28.5,60.7788,1.5
800000231,96.1691,0,0,-96.1691,96.1691,231,0,0,0,10,11,13,66.3581,1.5
800000254,96.5645,0,0,-96.5645,96.5645,254,0,0,0,10,10,-1,74.6136,1.5
800000256,105.151,0,0,-105.151,105.151,256,0,0,0,10,8,-23.3264,71.3264,1.5
800000263,105.076,0,0,-105.076,105.076,263,0,0,0,10,15,27.2728,72.2728,1.5
800000263,104.475,0,0,-104.475,104.475,263,0,0,0,10,18,34.847,68.847,1.5
800000265,98.9001,0,0,-98.9001,98.9001,265,0,0,0,10,12,-16.5,75.9348,1.5
800000266,101.392,0,0,-101.392,101.392,266,0,0,0,10,14,-29.474,72.474,1.5
816348474,101.392,0,0,-101.392,101.392,266,14,-29.474,72.474,1.5,0,0,0,10
816598471,105.076,0,0,-105.076,105.076,263,15,27.2728,72.2728,1.5,0,0,0,10
817723425,102.659,0,0,-102.659,102.659,217,3,-24.0838,59.5,1.5,0,0,0,10
817848321,84.6558,0,0,-84.6558,84.6558,113,9,4.78295,31.2829,1.5,0,0,0,10
818723473,98.9001,0,0,-98.9001,98.9001,265,12,-16.5,75.9348,1.5,0,0,0,10
819348437,100.777,0,0,-100.777,100.777,229,17,28.5,60.7788,1.5,0,0,0,10
819848462,96.5645,0,0,-96.5645,96.5645,254,10,-1,74.6136,1.5,0,0,0,10
820598330,85.257,0,0,-85.257,85.257,122,16,9.85303,33.353,1.5,0,0,0,10
820973303,83.5961,0,0,-83.5961,83.5961,95,7,7.69354,25.5,1.5,0,0,0,10
821223322,84.5726,0,0,-84.5726,84.5726,114,1,-9.19245,31.3076,1.5,0,0,0,10
821348395,95.3644,0,0,-95.3644,95.3644,187,5,-22,49.5679,1.5,0,0,0,10
821598377,96.8431,0,0,-96.8431,96.8431,169,13,19.7255,44.7255,1.5,0,0,0,10
821848464,105.151,0,0,-105.151,105.151,256,8,-23.3264,71.3264,1.5,0,0,0,10
822098308,83.9173,0,0,-83.9173,83.9173,100,19,9.76556,26.2344,1.5,0,0,0,10
822973300,83.7694,0,0,-83.7694,83.7694,92,4,-12.3036,24.3036,1.5,0,0,0,10
823348471,104.475,0,0,-104.475,104.475,263,18,34.847,68.847,1.5,0,0,0,10
823973382,99.1425,0,0,-99.1425,99.1425,174,2,-3.42702,51.5,1.5,0,0,0,10
824598439,96.1691,0,0,-96.1691,96.1691,231,11,13,66.3581,1.5,0,0,0,10
825223289,82.2156,0,0,-82.2156,82.2156,81,6,1.5,21.4339,1.5,0,0,0,10
826223384,95.974,0,0,-95.974,95.974,176,20,13.594,49.094,1.5,0,0,0,10
850000081,82.2156,0,0,-82.2156,82.2156,81,0,0,0,10,6,1.5,21.4339,1.5
850000092,83.7694,0,0,-83.7694,83.7694,92,0,0,0,10,4,-12.3036,24.3036,1.5
850000095,83.5961,0,0,-83.5961,83.5961,95,0,0,0,10,7,7.69354,25.5,1.5
850000100,83.9173,0,0,-83.9173,83.9173,100,0,0,0,10,19,9.76556,26.2344,1.5
850000113,84.6558,0,0,-84.6558,84.6558,113,0,0,0,10,9,4.78295,31.2829,1.5
850000114,84.5726,0,0,-84.5726,84.5726,114,0,0,0,10,1,-9.19245,31.3076,1.5
850000122,85.257,0,0,-85.257,85.257,122,0,0,0,10,16,9.85303,33.353,1.5
850000169,96.8431,0,0,-96.8431,96.8431,169,0,0,0,10,13,19.7255,44.7255,1.5
850000174,99.1425,0,0,-99.1425,99.1425,174,0,0,0,10,2,-3.42702,51.5,1.5
850000176,95.974,0,0,-95.974,95.974,176,0,0,0,10,20,13.594,49.094,1.5
850000187,95.3644,0,0,-95.3644,95.3644,187,0,0,0,10,5,-22,49.5679,1.5
850000217,102.659,0,0,-102.659,102.659,217,0,0,0,10,3,-24.0838,59.5,1.5
850000229,100.777,0,0,-100.777,100.777,229,0,0,0,10,17,28.5,60.7788,1.5
850000231,96.1691,0,0,-96.1691,96.1691,231,0,0,0,10,11,13,66.3581,1.5
850000254,96.5645,0,0,-96.5645,96.5645,254,0,0,0,10,10,-1,74.6136,1.5
850000256,105.151,0,0,-105.151,105.151,256,0,0,0,10,8,-23.3264,71.3264,1.5
850000263,105.076,0,0,-105.076,105.076,263,0,0,0,10,15,27.2728,72.2728,1.5
850000263,104.475,0,0,-104.475,104.475,263,0,0,0,10,18,34.847,68.847,1.5
850000265,98.9001,0,0,-98.9001,98.9001,265,0,0,0,10,12,-16.5,75.9348,1.5
850000266,101.392,0,0,-101.392,101.392,266,0,0,0,10,14,-29.474,72.474,1.5
866348474,101.392,0,0,-101.392,101.392,266,14,-29.474,72.474,1.5,0,0,0,10
866598471,105.076,0,0,-105.076,105.076,263,15,27.2728,72.2728,1.5,0,0,0,10
867723425,102.659,0,0,-102.659,102.659,217,3,-24.0838,59.5,1.5,0,0,0,10
867848321,84.6558,0,0,-84.6558,84.6558,113,9,4.78295,31.2829,1.5,0,0,0,10
868723473,98.9001,0,0,-98.9001,98.9001,265,12,-16.5,75.9348,1.5,0,0,0,10
869348437,100.777,0,0,-100.777,100.777,229,17,28.5,60.7788,1.5,0,0,0,10
869848462,96.5645,0,0,-96.5645,96.5645,254,10,-1,74.6136,1.5,0,0,0,10
870598330,85.257,0,0,-85.257,85.257,122,16,9.85303,33.353,1.5,0,0,0,10
870973303,83.5961,0,0,-83.5961,83.5961,95,7,7.69354,25.5,1.5,0,0,0,10
871223322,84.5726,0,0,-84.5726,84.5726,114,1,-9.19245,31.3076,1.5,0,0,0,10
871348395,95.3644,0,0,-95.3644,95.3644,187,5,-22,49.5679,1.5,0,0,0,10
871598377,96.8431,0,0,-96.8431,96.8431,169,13,19.7255,44.7255,1.5,0,0,0,10
871848464,105.151,0,0,-105.151,105.151,256,8,-23.3264,71.3264,1.5,0,0,0,10
872098308,83.9173,0,0,-83.9173,83.9173,100,19,9.76556,26.2344,1.5,0,0,0,10
872973300,83.7694,0,0,-83.7694,83.7694,92,4,-12.3036,24.3036,1.5,0,0,0,10
873348471,104.475,0,0,-104.475,104.475,263,18,34.847,68.847,1.5,0,0,0,10
873973382,99.1425,0,0,-99.1425,99.1425,174,2,-3.42702,51.5,1.5,0,0,0,10
874598439,96.1691,0,0,-96.1691,96.1691,231,11,13,66.3581,1.5,0,0,0,10
875223289,82.2156,0,0,-82.2156,82.2156,81,6,1.5,21.4339,1.5,0,0,0,10
876223384,95.974,0,0,-95.974,95.974,176,20,13.594,49.094,1.5,0,0,0,10
900000081,82.2156,0,0,-82.2156,82.2156,81,0,0,0,10,6,1.5,21.2839,1.5
900000092,83.7694,0,0,-83.7694,83.7694,92,0,0,0,10,4,-12.4096,24.4096,1.5
900000095,83.5961,0,0,-83.5961,83.5961,95,0,0,0,10,7,7.84354,25.5,1.5
900000100,83.9173,0,0,-83.9173,83.9173,100,0,0,0,10,19,9.87163,26.1284,1.5
900000113,84.6558,0,0,-84.6558,84.6558,113,0,0,0,10,9,4.67688,31.1769,1.5
900000114,84.5726,0,0,-84.5726,84.5726,114,0,0,0,10,1,-9.29852,31.2015,1.5
900000122,85.257,0,0,-85.257,85.257,122,0,0,0,10,16,9.74696,33.247,1.5
900000169,96.8431,0,0,-96.8431,96.8431,169,0,0,0,10,13,19.6194,44.6194,1.5
900000174,99.1425,0,0,-99.1425,99.1425,174,0,0,0,10,2,-3.57702,51.5,1.5
900000176,95.974,0,0,-95.974,95.974,176,0,0,0,10,20,13.4879,48.9879,1.5
900000187,95.3644,0,0,-95.3644,95.3644,187,0,0,0,10,5,-22,49.4179,1.5
900000217,102.659,0,0,-102.659,102.659,217,0,0,0,10,3,-23.9338,59.5,1.5
900000229,100.777,0,0,-100.777,100.777,229,0,0,0,10,17,28.5,60.6288,1.5
900000231,96.1691,0,0,-96.1691,96.1691,231,0,0,0,10,11,13,66.2081,1.5
900000254,96.5645,0,0,-96.5645,96.5645,254,0,0,0,10,10,-1,74.4636,1.5
900000256,105.151,0,0,-105.151,105.151,256,0,0,0,10,8,-23.2203,71.2203,1.5
900000263,105.076,0,0,-105.076,105.076,263,0,0,0,10,15,27.1667,72.1667,1.5
900000263,104.475,0,0,-104.475,104.475,263,0,0,0,10,18,34.7409,68.7409,1.5
900000265,98.9001,0,0,-98.9001,98.9001,265,0,0,0,10,12,-16.5,75.7848,1.5
900000266,101.392,0,0,-101.392,101.392,266,0,0,0,10,14,-29.368,72.368,1.5
916348474,101.392,0,0,-101.392,101.392,266,14,-29.368,72.368,1.5,0,0,0,10
916598471,105.076,0,0,-105.076,105.076,263,15,27.1667,72.1667,1.5,0,0,0,10
917723425,102.659,0,0,-102.659,102.659,217,3,-23.9338,59.5,1.5,0,0,0,10
917848321,84.6558,0,0,-84.6558,84.6558,113,9,4.67688,31.1769,1.5,0,0,0,10
918723473,98.9001,0,0,-98.9001,98.9001,265,12,-16.5,75.7848,1.5,0,0,0,10
919348437,100.777,0,0,-100.777,100.777,229,17,28.5,60.6288,1.5,0,0,0,10
919848462,96.5645,0,0,-96.5645,96.5645,254,10,-1,74.4636,1.5,0,0,0,10
920598330,85.257,0,0,-85.257,85.257,122,16,9.74696,33.247,1.5,0,0,0,10
920973303,83.5961,0,0,-83.5961,83.5961,95,7,7.84354,25.5,1.5,0,0,0,10
921223322,84.5726,0,0,-84.5726,84.5726,114,1,-9.29852,31.2015,1.5,0,0,0,10
921348395,95.3644,0,0,-95.3644,95.3644,187,5,-22,49.4179,1.5,0,0,0,10
921598377,96.8431,0,0,-96.8431,96.8431,169,13,19.6194,44.6194,1.5,0,0,0,10
921848464,105.151,0,0,-105.151,105.151,256,8,-23.2203,71.2203,1.5,0,0,0,10
922098308,83.9173,0,0,-83.9173,83.9173,100,19,9.87163,26.1284,1.5,0,0,0,10
922973300,83.7694,0,0,-83.7694,83.7694,92,4,-12.4096,24.4096,1.5,0,0,0,10
923348471,104.475,0,0,-104.475,104.475,263,18,34.7409,68.7409,1.5,0,0,0,10
923973382,99.1425,0,0,-99.1425,99.1425,174,2,-3.57702,51.5,1.5,0,0,0,10
924598439,96.1691,0,0,-96.1691,96.1691,231,11,13,66.2081,1.5,0,0,0,10
925223289,82.2156,0,0,-82.2156,82.2156,81,6,1.5,21.2839,1.5,0,0,0,10
926223384,95.974,0,0,-95.974,95.974,176,20,13.4879,48.9879,1.5,0,0,0,10
950000081,82.2156,0,0,-82.2156,82.2156,81,0,0,0,10,6,1.5,21.2839,1.5
950000092,83.7694,0,0,-83.7694,83.7694,92,0,0,0,10,4,-12.4096,24.4096,1.5
950000095,83.5961,0,0,-83.5961,83.5961,95,0,0,0,10,7,7.84354,25.5,1.5
950000100,83.9173,0,0,-83.9173,83.9173,100,0,0,0,10,19,9.87163,26.1284,1.5
950000113,84.6558,0,0,-84.6558,84.6558,113,0,0,0,10,9,4.67688,31.1769,1.5
950000114,84.5726,0,0,-84.5726,84.5726,114,0,0,0,10,1,-9.29852,31.2015,1.5
950000122,85.257,0,0,-85.257,85.257,122,0,0,0,10,16,9.74696,33.247,1.5
950000169,96.8431,0,0,-96.8431,96.8431,169,0,0,0,10,13,19.6194,44.6194,1.5
950000174,99.1425,0,0,-99.1425,99.1425,174,0,0,0,10,2,-3.57702,51.5,1.5
950000176,95.974,0,0,-95.974,95.974,176,0,0,0,10,20,13.4879,48.9879,1.5
950000187,95.3644,0,0,-95.3644,95.3644,187,0,0,0,10,5,-22,49.4179,1.5
950000217,102.659,0,0,-102.659,102.659,217,0,0,0,10,3,-23.9338,59.5,1.5
950000229,100.777,0,0,-100.777,100.777,229,0,0,0,10,17,28.5,60.6288,1.5
950000231,96.1691,0,0,-96.1691,96.1691,231,0,0,0,10,11,13,66.2081,1.5
950000254,96.5645,0,0,-96.5645,96.5645,254,0,0,0,10,10,-1,74.4636,1.5
950000256,105.151,0,0,-105.151,105.151,256,0,0,0,10,8,-23.2203,71.2203,1.5
950000263,105.076,0,0,-105.076,105.076,263,0,0,0,10,15,27.1667,72.1667,1.5
950000263,104.475,0,0,-104.475,104.475,263,0,0,0,10,18,34.7409,68.7409,1.5
950000265,98.9001,0,0,-98.9001,98.9001,265,0,0,0,10,12,-16.5,75.7848,1.5
950000266,101.392,0,0,-101.392,101.392,266,0,0,0,10,14,-29.368,72.368,1.5
966348474,101.392,0,0,-101.392,101.392,266,14,-29.368,72.368,1.5,0,0,0,10
966598471,105.076,0,0,-105.076,105.076,263,15,27.1667,72.1667,1.5,0,0,0,10
967723425,102.659,0,0,-102.659,102.659,217,3,-23.9338,59.5,1.5,0,0,0,10
967848321,84.6558,0,0,-84.6558,84.6558,113,9,4.67688,31.1769,1.5,0,0,0,10
968723473,98.9001,0,0,-98.9001,98.9001,265,12,-16.5,75.7848,1.5,0,0,0,10
969348437,100.777,0,0,-100.777,100.777,229,17,28.5,60.6288,1.5,0,0,0,10
969848462,96.5645,0,0,-96.5645,96.5645,254,10,-1,74.4636,1.5,0,0,0,10
970598330,85.257,0,0,-85.257,85.257,122,16,9.74696,33.247,1.5,0,0,0,10
970973303,83.5961,0,0,-83.5961,83.5961,95,7,7.84354,25.5,1.5,0,0,0,10
971223322,84.5726,0,0,-84.5726,84.5726,114,1,-9.29852,31.2015,1.5,0,0,0,10
971348395,95.3644,0,0,-95.3644,95.3644,187,5,-22,49.4179,1.5,0,0,0,10
971598377,96.8431,0,0,-96.8431,96.8431,169,13,19.6194,44.6194,1.5,0,0,0,10
971848464,105.151,0,0,-105.151,105.151,256,8,-23.2203,71.2203,1.5,0,0,0,10
972098308,83.9173,0,0,-83.9173,83.9173,100,19,9.87163,26.1284,1.5,0,0,0,10
972973300,83.7694,0,0,-83.7694,83.7694,92,4,-12.4096,24.4096,1.5,0,0,0,10
973348471,104.475,0,0,-104.475,104.475,263,18,34.7409,68.7409,1.5,0,0,0,10
973973382,99.1425,0,0,-99.1425,99.1425,174,2,-3.57702,51.5,1.5,0,0,0,10
974598439,96.1691,0,0,-96.1691,96.1691,231,11,13,66.2081,1.5,0,0,0,10
975223289,82.2156,0,0,-82.2156,82.2156,81,6,1.5,21.2839,1.5,0,0,0,10
976223384,95.974,0,0,-95.974,95.974,176,20,13.4879,48.9879,1.5,0,0,0,10
1000000081,82.2156,0,0,-82.2156,82.2156,81,0,0,0,10,6,1.5,21.1339,1.5
1000000092,83.7694,0,0,-83.7694,83.7694,92,0,0,0,10,4,-12.5157,24.5157,1.5
1000000095,83.5961,0,0,-83.5961,83.5961,95,0,0,0,10,7,7.99354,25.5,1.5
1000000100,83.9173,0,0,-83.9173,83.9173,100,0,0,0,10,19,9.9777,26.0223,1.5
1000000113,84.6558,0,0,-84.6558,84.6558,113,0,0,0,10,9,4.57082,31.0708,1.5
1000000114,84.5726,0,0,-84.5726,84.5726,114,0,0,0,10,1,-9.40458,31.0954,1.5
1000000122,85.257,0,0,-85.257,85.257,122,0,0,0,10,16,9.6409,33.1409,1.5
1000000169,96.8431,0,0,-96.8431,96.8431,169,0,0,0,10,13,19.5133,44.5133,1.5
1000000174,99.1425,0,0,-99.1425,99.1425,174,0,0,0,10,2,-3.72702,51.5,1.5
1000000176,95.974,0,0,-95.974,95.974,176,0,0,0,10,20,13.3818,48.8818,1.5
1000000187,95.3644,0,0,-95.3644,95.3644,187,0,0,0,10,5,-22,49.2679,1.5
1000000217,102.659,0,0,-102.659,102.659,217,0,0,0,10,3,-23.7838,59.5,1.5
1000000229,100.777,0,0,-100.777,100.777,229,0,0,0,10,17,28.5,60.4788,1.5
1000000231,96.1691,0,0,-96.1691,96.1691,231,0,0,0,10,11,13,66.0581,1.5
1000000254,96.5645,0,0,-96.5645,96.5645,254,0,0,0,10,10,-1,74.3136,1.5
1000000256,105.151,0,0,-105.151,105.151,256,0,0,0,10,8,-23.1142,71.1142,1.5
1000000263,105.076,0,0,-105.076,105.076,263,0,0,0,10,15,27.0606,72.0606,1.5
1000000263,104.475,0,0,-104.475,104.475,263,0,0,0,10,18,34.6349,68.6349,1.5
1000000265,98.9001,0,0,-98.9001,98.9001,265,0,0,0,10,12,-16.5,75.6348,1.5
1000000266,101.392,0,0,-101.392,101.392,266,0,0,0,10,14,-29.2619,72.2619,1.5
1016348474,101.392,0,0,-101.392,101.392,266,14,-29.2619,72.2619,1.5,0,0,0,10
1016598471,105.076,0,0,-105.076,105.076,263,15,27.0606,72.0606,1.5,0,0,0,10
1017723425,102.659,0,0,-102.659,102.659,217,3,-23.7838,59.5,1.5,0,0,0,10
1017848321,84.6558,0,0,-84.6558,84.6558,113,9,4.57082,31.0708,1.5,0,0,0,10
1018723473,98.9001,0,0,-98.9001,98.9001,265,12,-16.5,75.6348,1.5,0,0,0,10
1019348437,100.777,0,0,-100.777,100.777,229,17,28.5,60.4788,1.5,0,0,0,10
1019848462,96.5645,0,0,-96.5645,96.5645,254,10,-1,74.3136,1.5,0,0,0,10
1020598330,85.257,0,0,-85.257,85.257,122,16,9.6409,33.1409,1.5,0,0,0,10
1020973303,83.5961,0,0,-83.5961,83.5961,95,7,7.99354,25.5,1.5,0,0,0,10
1021223322,84.5726,0,0,-84.5726,84.5726,114,1,-9.40458,31.0954,1.5,0,0,0,10
1021348395,95.3644,0,0,-95.3644,95.3644,187,5,-22,49.2679,1.5,0,0,0,10
1021598377,96.8431,0,0,-96.8431,96.8431,169,13,19.5133,44.5133,1.5,0,0,0,10
1021848464,105.151,0,0,-105.151,105.151,256,8,-23.1142,71.1142,1.5,0,0,0,10
1022098308,83.9173,0,0,-83.9173,83.9173,100,19,9.9777,26.0223,1.5,0,0,0,10
1022973300,83.7694,0,0,-83.7694,83.7694,92,4,-12.5157,24.5157,1.5,0,0,0,10
1023348471,104.475,0,0,-104.475,104.475,263,18,34.6349,68.6349,1.5,0,0,0,10
1023973382,99.1425,0,0,-99.1425,99.1425,174,2,-3.72702,51.5,1.5,0,0,0,10
1024598439,96.1691,0,0,-96.1691,96.1691,231,11,13,66.0581,1.5,0,0,0,10
1025223289,82.2156,0,0,-82.2156,82.2156,81,6,1.5,21.1339,1.5,0,0,0,10
1026223384,95.974,0,0,-95.974,95.974,176,20,13.3818,48.8818,1.5,0,0,0,10
1050000081,82.2156,0,0,-82.2156,82.2156,81,0,0,0,10,6,1.5,21.1339,1.5
1050000092,83.7694,0,0,-83.7694,83.7694,92,0,0,0,10,4,-12.5157,24.5157,1.5
1050000095,83.5961,0,0,-83.5961,83.5961,95,0,0,0,10,7,7.99354,25.5,1.5
1050000100,83.9173,0,0,-83.9173,83.9173,100,0,0,0,10,19,9.9777,26.0223,1.5
1050000113,84.6558,0,0,-84.6558,84.6558,113,0,0,0,10,9,4.57082,31.0708,1.5
1050000114,84.5726,0,0,-84.5726,84.5726,114,0,0,0,10,1,-9.40458,31.0954,1.5
1050000122,85.257,0,0,-85.257,85.257,122,0,0,0,10,16,9.6409,33.1409,1.5
1050000169,96.8431,0,0,-96.8431,96.8431,169,0,0,0,10,13,19.5133,44.5133,1.5
1050000174,99.1425,0,0,-99.1425,99.1425,174,0,0,0,10,2,-3.72702,51.5,1.5
1050000176,95.974,0,0,-95.974,95.974,176,0,0,0,10,20,13.3818,48.8818,1.5
1050000187,95.3644,0,0,-95.3644,95.3644,187,0,0,0,10,5,-22,49.2679,1.5
1050000217,102.659,0,0,-102.659,102.659,217,0,0,0,10,3,-23.7838,59.5,1.5
1050000229,100.777,0,0,-100.777,100.777,229,0,0,0,10,17,28.5,60.4788,1.5
1050000231,96.1691,0,0,-96.1691,96.1691,231,0,0,0,10,11,13,66.0581,1.5
1050000254,96.5645,0,0,-96.5645,96.5645,254,0,0,0,10,10,-1,74.3136,1.5
1050000256,105.151,0,0,-105.151,105.151,256,0,0,0,10,8,-23.1142,71.1142,1.5
1050000263,105.076,0,0,-105.076,105.076,263,0,0,0,10,15,27.0606,72.0606,1.5
1050000263,104.475,0,0,-104.475,104.475,263,0,0,0,10,18,34.6349,68.6349,1.5
1050000265,98.9001,0,0,-98.9001,98.9001,265,0,0,0,10,12,-16.5,75.6348,1.5
1050000266,101.392,0,0,-101.392,101.392,266,0,0,0,10,14,-29.2619,72.2619,1.5
1066348474,101.392,0,0,-101.392,101.392,266,14,-29.2619,72.2619,1.5,0,0,0,10
1066598471,105.076,0,0,-105.076,105.076,263,15,27.0606,72.0606,1.5,0,0,0,10
1067723425,102.659,0,0,-102.659,102.659,217,3,-23.7838,59.5,1.5,0,0,0,10
1067848321,84.6558,0,0,-84.6558,84.6558,113,9,4.57082,31.0708,1.5,0,0,0,10
1068723473,98.9001,0,0,-98.9001,98.9001,265,12,-16.5,75.6348,1.5,0,0,0,10
1069348437,100.777,0,0,-100.777,100.777,229,17,28.5,60.4788,1.5,0,0,0,10
1069848462,96.5645,0,0,-96.5645,96.5645,254,10,-1,74.3136,1.5,0,0,0,10
1070598330,85.257,0,0,-85.257,85.257,122,16,9.6409,33.1409,1.5,0,0,0,10
1070973303,83.5961,0,0,-83.5961,83.5961,95,7,7.99354,25.5,1.5,0,0,0,10
1071223322,84.5726,0,0,-84.5726,84.5726,114,1,-9.40458,31.0954,1.5,0,0,0,10
1071348395,95.3644,0,0,-95.3644,95.3644,187,5,-22,49.2679,1.5,0,0,0,10
1071598377,96.8431,0,0,-96.8431,96.8431,169,13,19.5133,44.5133,1.5,0,0,0,10
1071848464,105.151,0,0,-105.151,105.151,256,8,-23.1142,71.1142,1.5,0,0,0,10
1072098308,83.9173,0,0,-83.9173,83.9173,100,19,9.9777,26.0223,1.5,0,0,0,10
1072973300,83.7694,0,0,-83.7694,83.7694,92,4,-12.5157,24.5157,1.5,0,0,0,10
1073348471,104.475,0,0,-104.475,104.475,263,18,34.6349,68.6349,1.5,0,0,0,10
1073973382,99.1425,0,0,-99.1425,99.1425,174,2,-3.72702,51.5,1.5,0,0,0,10
1074598439,96.1691,0,0,-96.1691,96.1691,231,11,13,66.0581,1.5,0,0,0,10
1075223289,82.2156,0,0,-82.2156,82.2156,81,6,1.5,21.1339,1.5,0,0,0,10
1076223384,95.974,0,0,-95.974,95.974,176,20,13.3818,48.8818,1.5,0,0,0,10
1100000081,82.2156,0,0,-82.2156,82.2156,81,0,0,0,10,6,1.5,20.9839,1.5
1100000092,83.7694,0,0,-83.7694,83.7694,92,0,0,0,10,4,-12.6218,24.6218,1.5
1100000095,83.5961,0,0,-83.5961,83.5961,95,0,0,0,10,7,8.1015,25.3985,1.5
1100000100,83.9173,0,0,-83.9173,83.9173,100,0,0,0,10,19,10.0838,25.9162,1.5
1100000113,84.6558,0,0,-84.6558,84.6558,113,0,0,0,10,9,4.46475,30.9647,1.5
1100000114,84.5726,0,0,-84.5726,84.5726,114,0,0,0,10,1,-9.51065,30.9894,1.5
1100000122,85.257,0,0,-85.257,85.257,122,0,0,0,10,16,9.53483,33.0348,1.5
1100000169,96.8431,0,0,-96.8431,96.8431,169,0,0,0,10,13,19.4073,44.4073,1.5
1100000174,99.1425,0,0,-99.1425,99.1425,174,0,0,0,10,2,-3.87702,51.5,1.5
1100000176,95.974,0,0,-95.974,95.974,176,0,0,0,10,20,13.2758,48.7758,1.5
1100000187,95.3644,0,0,-95.3644,95.3644,187,0,0,0,10,5,-22,49.1179,1.5
1100000217,102.659,0,0,-102.659,102.659,217,0,0,0,10,3,-23.6338,59.5,1.5
1100000229,100.777,0,0,-100.777,100.777,229,0,0,0,10,17,28.5,60.3288,1.5
1100000231,96.1691,0,0,-96.1691,96.1691,231,0,0,0,10,11,13,65.9081,1.5
1100000254,96.5645,0,0,-96.5645,96.5645,254,0,0,0,10,10,-1,74.1636,1.5
1100000256,105.151,0,0,-105.151,105.151,256,0,0,0,10,8,-23.0082,71.0082,1.5
1100000263,105.076,0,0,-105.076,105.076,263,0,0,0,10,15,26.9546,71.9546,1.5
1100000263,104.475,0,0,-104.475,104.475,263,0,0,0,10,18,34.5288,68.5288,1.5
1100000265,98.9001,0,0,-98.9001,98.9001,265,0,0,0,10,12,-16.5,75.4848,1.5
1100000266,101.392,0,0,-101.392,101.392,266,0,0,0,10,14,-29.1558,72.1558,1.5
1116348474,101.392,0,0,-101.392,101.392,266,14,-29.1558,72.1558,1.5,0,0,0,10
1116598471,105.076,0,0,-105.076,105.076,263,15,26.9546,71.9546,1.5,0,0,0,10
1117723425,102.659,0,0,-102.659,102.659,217,3,-23.6338,59.5,1.5,0,0,0,10
1117848321,84.6558,0,0,-84.6558,84.6558,113,9,4.46475,30.9647,1.5,0,0,0,10
1118723473,98.9001,0,0,-98.9001,98.9001,265,12,-16.5,75.4848,1.5,0,0,0,10
1119348437,100.777,0,0,-100.777,100.777,229,17,28.5,60.3288,1.5,0,0,0,10
1119848462,96.5645,0,0,-96.5645,96.5645,254,10,-1,74.1636,1.5,0,0,0,10
1120598330,85.257,0,0,-85.257,85.257,122,16,9.53483,33.0348,1.5,0,0,0,10
1120973303,83.5961,0,0,-83.5961,83.5961,95,7,8.1015,25.3985,1.5,0,0,0,10
1121223322,84.5726,0,0,-84.5726,84.5726,114,1,-9.51065,30.9894,1.5,0,0,0,10
1121348395,95.3644,0,0,-95.3644,95.3644,187,5,-22,49.1179,1.5,0,0,0,10
1121598377,96.8431,0,0,-96.8431,96.8431,169,13,19.4073,44.4073,1.5,0,0,0,10
1121848464,105.151,0,0,-105.151,105.151,256,8,-23.0082,71.0082,1.5,0,0,0,10
1122098308,83.9173,0,0,-83.9173,83.9173,100,19,10.0838,25.9162,1.5,0,0,0,10
1122973300,83.7694,0,0,-83.7694,83.7694,92,4,-12.6218,24.6218,1.5,0,0,0,10
1123348471,104.475,0,0,-104.475,104.475,263,18,34.5288,68.5288,1.5,0,0,0,10
1123973382,99.1425,0,0,-99.1425,99.1425,174,2,-3.87702,51.5,1.5,0,0,0,10
1124598439,96.1691,0,0,-96.1691,96.1691,231,11,13,65.9081,1.5,0,0,0,10
1125223289,82.2156,0,0,-82.2156,82.2156,81,6,1.5,20.9839,1.5,0,0,0,10
1126223384,95.974,0,0,-95.974,95.974,176,20,13.2758,48.7758,1.5,0,0,0,10
1150000081,82.2156,0,0,-82.2156,82.2156,81,0,0,0,10,6,1.5,20.9839,1.5
1150000092,83.7694,0,0,-83.7694,83.7694,92,0,0,0,10,4,-12.6218,24.6218,1.5
1150000095,83.5961,0,0,-83.5961,83.5961,95,0,0,0,10,7,8.1015,25.3985,1.5
1150000100,83.9173,0,0,-83.9173,83.9173,100,0,0,0,10,19,10.0838,25.9162,1.5
1150000113,84.6558,0,0,-84.6558,84.6558,113,0,0,0,10,9,4.46475,30.9647,1.5
1150000114,84.5726,0,0,-84.5726,84.5726,114,0,0,0,10,1,-9.51065,30.9894,1.5
1150000122,85.257,0,0,-85.257,85.257,122,0,0,0,10,16,9.53483,33.0348,1.5
1150000169,96.8431,0,0,-96.8431,96.8431,169,0,0,0,10,13,19.4073,44.4073,1.5
1150000174,99.1425,0,0,-99.1425,99.1425,174,0,0,0,10,2,-3.87702,51.5,1.5
1150000176,95.974,0,0,-95.974,95.974,176,0,0,0,10,20,13.2758,48.7758,1.5
1150000187,95.3644,0,0,-95.3644,95.3644,187,0,0,0,10,5,-22,49.1179,1.5
1150000217,102.659,0,0,-102.659,102.659,217,0,0,0,10,3,-23.6338,59.5,1.5
1150000229,100.777,0,0,-100.777,100.777,229,0,0,0,10,17,28.5,60.3288,1.5
1150000231,96.1691,0,0,-96.1691,96.1691,231,0,0,0,10,11,13,65.9081,1.5
1150000254,96.5645,0,0,-96.5645,96.5645,254,0,0,0,10,10,-1,74.1636,1.5
1150000256,105.151,0,0,-105.151,105.151,256,0,0,0,10,8,-23.0082,71.0082,1.5
1150000263,105.076,0,0,-105.076,105.076,263,0,0,0,10,15,26.9546,71.9546,1.5
1150000263,104.475,0,0,-104.475,104.475,263,0,0,0,10,18,34.5288,68.5288,1.5
1150000265,98.9001,0,0,-98.9001,98.9001,265,0,0,0,10,12,-16.5,75.4848,1.5
1150000266,101.392,0,0,-101.392,101.392,266,0,0,0,10,14,-29.1558,72.1558,1.5
1166348474,101.392,0,0,-101.392,101.392,266,14,-29.1558,72.1558,1.5,0,0,0,10
1166598471,105.076,0,0,-105.076,105.076,263,15,26.9546,71.9546,1.5,0,0,0,10
1167723425,102.659,0,0,-102.659,102.659,217,3,-23.6338,59.5,1.5,0,0,0,10
1167848321,84.6558,0,0,-84.6558,84.6558,113,9,4.46475,30.9647,1.5,0,0,0,10
1168723473,98.9001,0,0,-98.9001,98.9001,265,12,-16.5,75.4848,1.5,0,0,0,10
1169348437,100.777,0,0,-100.777,100.777,229,17,28.5,60.3288,1.5,0,0,0,10
1169848462,96.5645,0,0,-96.5645,96.5645,254,10,-1,74.1636,1.5,0,0,0,10
1170598330,85.257,0,0,-85.257,85.257,122,16,9.53483,33.0348,1.5,0,0,0,10
1170973303,83.5961,0,0,-83.5961,83.5961,95,7,8.1015,25.3985,1.5,0,0,0,10
1171223322,84.5726,0,0,-84.5726,84.5726,114,1,-9.51065,30.9894,1.5,0,0,0,10
1171348395,95.3644,0,0,-95.3644,95.3644,187,5,-22,49.1179,1.5,0,0,0,10
1171598377,96.8431,0,0,-96.8431,96.8431,169,13,19.4073,44.4073,1.5,0,0,0,10
1171848464,105.151,0,0,-105.151,105.151,256,8,-23.0082,71.0082,1.5,0,0,0,10
1172098308,83.9173,0,0,-83.9173,83.9173,100,19,10.0838,25.9162,1.5,0,0,0,10
1172973300,83.7694,0,0,-83.7694,83.7694,92,4,-12.6218,24.6218,1.5,0,0,0,10
1173348471,104.475,0,0,-104.475,104.475,263,18,34.5288,68.5288,1.5,0,0,0,10
1173973382,99.1425,0,0,-99.1425,99.1425,174,2,-3.87702,51.5,1.5,0,0,0,10
1174598439,96.1691,0,0,-96.1691,96.1691,231,11,13,65.9081,1.5,0,0,0,10
1175223289,82.2156,0,0,-82.2156,82.2156,81,6,1.5,20.9839,1.5,0,0,0,10
1176223384,95.974,0,0,-95.974,95.974,176,20,13.2758,48.7758,1.5,0,0,0,10
1200000081,82.2156,0,0,-82.2156,82.2156,81,0,0,0,10,6,1.5,20.8339,1.5
1200000092,83.7694,0,0,-83.7694,83.7694,92,0,0,0,10,4,-12.7278,24.7278,1.5
1200000095,83.5961,0,0,-83.5961,83.5961,95,0,0,0,10,7,8.20756,25.2924,1.5
1200000100,83.9173,0,0,-83.9173,83.9173,100,0,0,0,10,19,10.1898,25.8102,1.5
1200000113,84.6558,0,0,-84.6558,84.6558,113,0,0,0,10,9,4.35868,30.8587,1.5
1200000114,84.5726,0,0,-84.5726,84.5726,114,0,0,0,10,1,-9.61671,30.8833,1.5
1200000122,85.257,0,0,-85.257,85.257,122,0,0,0,10,16,9.39926,33,1.5
1200000169,96.8431,0,0,-96.8431,96.8431,169,0,0,0,10,13,19.3012,44.3012,1.5
1200000174,99.1425,0,0,-99.1425,99.1425,174,0,0,0,10,2,-4.02702,51.5,1.5
1200000176,95.974,0,0,-95.974,95.974,176,0,0,0,10,20,13.1697,48.6697,1.5
1200000187,95.3644,0,0,-95.3644,95.3644,187,0,0,0,10,5,-22,48.9679,1.5
1200000217,102.659,0,0,-102.659,102.659,217,0,0,0,10,3,-23.4838,59.5,1.5
1200000229,100.777,0,0,-100.777,100.777,229,0,0,0,10,17,28.5,60.1788,1.5
1200000231,96.1691,0,0,-96.1691,96.1691,231,0,0,0,10,11,13,65.7581,1.5
1200000254,96.5645,0,0,-96.5645,96.5645,254,0,0,0,10,10,-1,74.0136,1.5
1200000256,105.151,0,0,-105.151,105.151,256,0,0,0,10,8,-22.9021,70.9021,1.5
1200000263,105.076,0,0,-105.076,105.076,263,0,0,0,10,15,26.8485,71.8485,1.5
1200000263,104.475,0,0,-104.475,104.475,263,0,0,0,10,18,34.4227,68.4227,1.5
1200000265,98.9001,0,0,-98.9001,98.9001,265,0,0,0,10,12,-16.5,75.3348,1.5
1200000266,101.392,0,0,-101.392,101.392,266,0,0,0,10,14,-29.0498,72.0498,1.5
1216348474,101.392,0,0,-101.392,101.392,266,14,-29.0498,72.0498,1.5,0,0,0,10
1216598471,105.076,0,0,-105.076,105.076,263,15,26.8485,71.8485,1.5,0,0,0,10
1217723425,102.659,0,0,-102.659,102.659,217,3,-23.4838,59.5,1.5,0,0,0,10
1217848321,84.6558,0,0,-84.6558,84.6558,113,9,4.35868,30.8587,1.5,0,0,0,10
1218723473,98.9001,0,0,-98.9001,98.9001,265,12,-16.5,75.3348,1.5,0,0,0,10
1219348437,100.777,0,0,-100.777,100.777,229,17,28.5,60.1788,1.5,0,0,0,10
1219848462,96.5645,0,0,-96.5645,96.5645,254,10,-1,74.0136,1.5,0,0,0,10
1220598330,85.257,0,0,-85.257,85.257,122,16,9.39926,33,1.5,0,0,0,10
1220973303,83.5961,0,0,-83.5961,83.5961,95,7,8.20756,25.2924,1.5,0,0,0,10
1221223322,84.5726,0,0,-84.5726,84.5726,114,1,-9.61671,30.8833,1.5,0,0,0,10
1221348395,95.3644,0,0,-95.3644,95.3644,187,5,-22,48.9679,1.5,0,0,0,10
1221598377,96.8431,0,0,-96.8431,96.8431,169,13,19.3012,44.3012,1.5,0,0,0,10
1221848464,105.151,0,0,-105.151,105.151,256,8,-22.9021,70.9021,1.5,0,0,0,10
1222098308,83.9173,0,0,-83.9173,83.9173,100,19,10.1898,25.8102,1.5,0,0,0,10
1222973300,83.7694,0,0,-83.7694,83.7694,92,4,-12.7278,24.7278,1.5,0,0,0,10
1223348471,104.475,0,0,-104.475,104.475,263,18,34.4227,68.4227,1.5,0,0,0,10
1223973382,99.1425,0,0,-99.1425,99.1425,174,2,-4.02702,51.5,1.5,0,0,0,10
1224598439,96.1691,0,0,-96.1691,96.1691,231,11,13,65.7581,1.5,0,0,0,10
1225223289,82.2156,0,0,-82.2156,82.2156,81,6,1.5,20.8339,1.5,0,0,0,10
1226223384,95.974,0,0,-95.974,95.974,176,20,13.1697,48.6697,1.5,0,0,0,10
1250000081,82.2156,0,0,-82.2156,82.2156,81,0,0,0,10,6,1.5,20.8339,1.5
1250000092,83.7694,0,0,-83.7694,83.7694,92,0,0,0,10,4,-12.7278,24.7278,1.5
1250000095,83.5961,0,0,-83.5961,83.5961,95,0,0,0,10,7,8.20756,25.2924,1.5
1250000100,83.9173,0,0,-83.9173,83.9173,100,0,0,0,10,19,10.1898,25.8102,1.5
1250000113,84.6558,0,0,-84.6558,84.6558,113,0,0,0,10,9,4.35868,30.8587,1.5
1250000114,84.5726,0,0,-84.5726,84.5726,114,0,0,0,10,1,-9.61671,30.8833,1.5
1250000122,85.257,0,0,-85.257,85.257,122,0,0,0,10,16,9.39926,33,1.5
1250000169,96.8431,0,0,-96.8431,96.8431,169,0,0,0,10,13,19.3012,44.3012,1.5
1250000174,99.1425,0,0,-99.1425,99.1425,174,0,0,0,10,2,-4.02702,51.5,1.5
1250000176,95.974,0,0,-95.974,95.974,176,0,0,0,10,20,13.1697,48.6697,1.5
1250000187,95.3644,0,0,-95.3644,95.3644,187,0,0,0,10,5,-22,48.9679,1.5
1250000217,102.659,0,0,-102.659,102.659,217,0,0,0,10,3,-23.4838,59.5,1.5
1250000229,100.777,0,0,-100.777,100.777,229,0,0,0,10,17,28.5,60.1788,1.5
1250000231,96.1691,0,0,-96.1691,96.1691,231,0,0,0,10,11,13,65.7581,1.5
1250000254,96.5645,0,0,-96.5645,96.5645,254,0,0,0,10,10,-1,74.0136,1.5
1250000256,105.151,0,0,-105.151,105.151,256,0,0,0,10,8,-22.9021,70.9021,1.5
1250000263,105.076,0,0,-105.076,105.076,263,0,0,0,10,15,26.8485,71.8485,1.5
1250000263,104.475,0,0,-104.475,104.475,263,0,0,0,10,18,34.4227,68.4227,1.5
1250000265,98.9001,0,0,-98.9001,98.9001,265,0,0,0,10,12,-16.5,75.3348,1.5
1250000266,101.392,0,0,-101.392,101.392,266,0,0,0,10,14,-29.0498,72.0498,1.5
1266348474,101.392,0,0,-101.392,101.392,266,14,-29.0498,72.0498,1.5,0,0,0,10
1266598471,105.076,0,0,-105.076,105.076,263,15,26.8485,71.8485,1.5,0,0,0,10
1267723425,102.659,0,0,-102.659,102.659,217,3,-23.4838,59.5,1.5,0,0,0,10
1267848321,84.6558,0,0,-84.6558,84.6558,113,9,4.35868,30.8587,1.5,0,0,0,10
1268723473,98.9001,0,0,-98.9001,98.9001,265,12,-16.5,75.3348,1.5,0,0,0,10
1269348437,100.777,0,0,-100.777,100.777,229,17,28.5,60.1788,1.5,0,0,0,10
1269848462,96.5645,0,0,-96.5645,96.5645,254,10,-1,74.0136,1.5,0,0,0,10
1270598330,85.257,0,0,-85.257,85.257,122,16,9.39926,33,1.5,0,0,0,10
1270973303,83.5961,0,0,-83.5961,83.5961,95,7,8.20756,25.2924,1.5,0,0,0,10
1271223322,84.5726,0,0,-84.5726,84.5726,114,1,-9.61671,30.8833,1.5,0,0,0,10
1271348395,95.3644,0,0,-95.3644,95.3644,187,5,-22,48.9679,1.5,0,0,0,10
1271598377,96.8431,0,0,-96.8431,96.8431,169,13,19.3012,44.3012,1.5,0,0,0,10
1271848464,105.151,0,0,-105.151,105.151,256,8,-22.9021,70.9021,1.5,0,0,0,10
1272098308,83.9173,0,0,-83.9173,83.9173,100,19,10.1898,25.8102,1.5,0,0,0,10
1272973300,83.7694,0,0,-83.7694,83.7694,92,4,-12.7278,24.7278,1.5,0,0,0,10
1273348471,104.475,0,0,-104.475,104.475,263,18,34.4227,68.4227,1.5,0,0,0,10
1273973382,99.1425,0,0,-99.1425,99.1425,174,2,-4.02702,51.5,1.5,0,0,0,10
1274598439,96.1691,0,0,-96.1691,96.1691,231,11,13,65.7581,1.5,0,0,0,10
1275223289,82.2156,0,0,-82.2156,82.2156,81,6,1.5,20.8339,1.5,0,0,0,10
1276223384,95.974,0,0,-95.974,95.974,176,20,13.1697,48.6697,1.5,0,0,0,10
1300000081,82.2156,0,0,-82.2156,82.2156,81,0,0,0,10,6,1.5,20.6839,1.5
1300000092,83.7694,0,0,-83.7694,83.7694,92,0,0,0,10,4,-12.8339,24.8339,1.5
1300000095,83.5961,0,0,-83.5961,83.5961,95,0,0,0,10,7,8.31363,25.1864,1.5
1300000100,83.9173,0,0,-83.9173,83.9173,100,0,0,0,10,19,10.2959,25.7041,1.5
1300000113,84.6558,0,0,-84.6558,84.6558,113,0,0,0,10,9,4.25262,30.7526,1.5
1300000114,84.5726,0,0,-84.5726,84.5726,114,0,0,0,10,1,-9.72278,30.7772,1.5
1300000122,85.257,0,0,-85.257,85.257,122,0,0,0,10,16,9.24926,33,1.5
1300000169,96.8431,0,0,-96.8431,96.8431,169,0,0,0,10,13,19.1951,44.1951,1.5
1300000174,99.1425,0,0,-99.1425,99.1425,174,0,0,0,10,2,-4.17702,51.5,1.5
1300000176,95.974,0,0,-95.974,95.974,176,0,0,0,10,20,13.0636,48.5636,1.5
1300000187,95.3644,0,0,-95.3644,95.3644,187,0,0,0,10,5,-22,48.8179,1.5
1300000217,102.659,0,0,-102.659,102.659,217,0,0,0,10,3,-23.3338,59.5,1.5
1300000229,100.777,0,0,-100.777,100.777,229,0,0,0,10,17,28.5,60.0288,1.5
1300000231,96.1691,0,0,-96.1691,96.1691,231,0,0,0,10,11,13,65.6081,1.5
1300000254,96.5645,0,0,-96.5645,96.5645,254,0,0,0,10,10,-1,73.8636,1.5
1300000256,105.151,0,0,-105.151,105.151,256,0,0,0,10,8,-22.796,70.796,1.5
1300000263,105.076,0,0,-105.076,105.076,263,0,0,0,10,15,26.7424,71.7424,1.5
1300000263,104.475,0,0,-104.475,104.475,263,0,0,0,10,18,34.3167,68.3167,1.5
1300000265,98.9001,0,0,-98.9001,98.9001,265,0,0,0,10,12,-16.5,75.1848,1.5
1300000266,101.392,0,0,-101.392,101.392,266,0,0,0,10,14,-28.9437,71.9437,1.5
1316348474,101.392,0,0,-101.392,101.392,266,14,-28.9437,71.9437,1.5,0,0,0,10
1316598471,105.076,0,0,-105.076,105.076,263,15,26.7424,71.7424,1.5,0,0,0,10
1317723425,102.659,0,0,-102.659,102.659,217,3,-23.3338,59.5,1.5,0,0,0,10
1317848321,84.6558,0,0,-84.6558,84.6558,113,9,4.25262,30.7526,1.5,0,0,0,10
1318723473,98.9001,0,0,-98.9001,98.9001,265,12,-16.5,75.1848,1.5,0,0,0,10
1319348437,100.777,0,0,-100.777,100.777,229,17,28.5,60.0288,1.5,0,0,0,10
1319848462,96.5645,0,0,-96.5645,96.5645,254,10,-1,73.8636,1.5,0,0,0,10
1320598330,85.257,0,0,-85.257,85.257,122,16,9.24926,33,1.5,0,0,0,10
1320973303,83.5961,0,0,-83.5961,83.5961,95,7,8.31363,25.1864,1.5,0,0,0,10
1321223322,84.5726,0,0,-84.5726,84.5726,114,1,-9.72278,30.7772,1.5,0,0,0,10
1321348395,95.3644,0,0,-95.3644,95.3644,187,5,-22,48.8179,1.5,0,0,0,10
1321598377,96.8431,0,0,-96.8431,96.8431,169,13,19.1951,44.1951,1.5,0,0,0,10
1321848464,105.151,0,0,-105.151,105.151,256,8,-22.796,70.796,1.5,0,0,0,10
1322098308,83.9173,0,0,-83.9173,83.9173,100,19,10.2959,25.7041,1.5,0,0,0,10
1322973300,83.7694,0,0,-83.7694,83.7694,92,4,-12.8339,24.8339,1.5,0,0,0,10
1323348471,104.475,0,0,-104.475,104.475,263,18,34.3167,68.3167,1.5,0,0,0,10
1323973382,99.1425,0,0,-99.1425,99.1425,174,2,-4.17702,51.5,1.5,0,0,0,10
1324598439,96.1691,0,0,-96.1691,96.1691,231,11,13,65.6081,1.5,0,0,0,10
1325223289,82.2156,0,0,-82.2156,82.2156,81,6,1.5,20.6839,1.5,0,0,0,10
1326223384,95.974,0,0,-95.974,95.974,176,20,13.0636,48.5636,1.5,0,0,0,10
1350000081,82.2156,0,0,-82.2156,82.2156,81,0,0,0,10,6,1.5,20.6839,1.5
1350000092,83.7694,0,0,-83.7694,83.7694,92,0,0,0,10,4,-12.8339,24.8339,1.5
1350000095,83.5961,0,0,-83.5961,83.5961,95,0,0,0,10,7,8.31363,25.1864,1.5
1350000100,83.9173,0,0,-83.9173,83.9173,100,0,0,0,10,19,10.2959,25.7041,1.5
1350000113,84.6558,0,0,-84.6558,84.6558,113,0,0,0,10,9,4.25262,30.7526,1.5
1350000114,84.5726,0,0,-84.5726,84.5726,114,0,0,0,10,1,-9.72278,30.7772,1.5
1350000122,85.257,0,0,-85.257,85.257,122,0,0,0,10,16,9.24926,33,1.5
1350000169,96.8431,0,0,-96.8431,96.8431,169,0,0,0,10,13,19.1951,44.1951,1.5
1350000174,99.1425,0,0,-99.1425,99.1425,174,0,0,0,10,2,-4.17702,51.5,1.5
1350000176,95.974,0,0,-95.974,95.974,176,0,0,0,10,20,13.0636,48.5636,1.5
1350000187,95.3644,0,0,-95.3644,95.3644,187,0,0,0,10,5,-22,48.8179,1.5
1350000217,102.659,0,0,-102.659,102.659,217,0,0,0,10,3,-23.3338,59.5,1.5
1350000229,100.777,0,0,-100.777,100.777,229,0,0,0,10,17,28.5,60.0288,1.5
1350000231,96.1691,0,0,-96.1691,96.1691,231,0,0,0,10,11,13,65.6081,1.5
1350000254,96.5645,0,0,-96.5645,96.5645,254,0,0,0,10,10,-1,73.8636,1.5
1350000256,105.151,0,0,-105.151,105.151,256,0,0,0,10,8,-22.796,70.796,1.5
1350000263,105.076,0,0,-105.076,105.076,263,0,0,0,10,15,26.7424,71.7424,1.5
1350000263,104.475,0,0,-104.475,104.475,263,0,0,0,10,18,34.3167,68.3167,1.5
1350000265,98.9001,0,0,-98.9001,98.9001,265,0,0,0,10,12,-16.5,75.1848,1.5
1350000266,101.392,0,0,-101.392,101.392,266,0,0,0,10,14,-28.9437,71.9437,1.5
1366348474,101.392,0,0,-101.392,101.392,266,14,-28.9437,71.9437,1.5,0,0,0,10
1366598471,105.076,0,0,-105.076,105.076,263,15,26.7424,71.7424,1.5,0,0,0,10
1367723425,102.659,0,0,-102.659,102.659,217,3,-23.3338,59.5,1.5,0,0,0,10
1367848321,84.6558,0,0,-84.6558,84.6558,113,9,4.25262,30.7526,1.5,0,0,0,10
1368723473,98.9001,0,0,-98.9001,98.9001,265,12,-16.5,75.1848,1.5,0,0,0,10
1369348437,100.777,0,0,-100.777,100.777,229,17,28.5,60.0288,1.5,0,0,0,10
1369848462,96.5645,0,0,-96.5645,96.5645,254,10,-1,73.8636,1.5,0,0,0,10
1370598330,85.257,0,0,-85.257,85.257,122,16,9.24926,33,1.5,0,0,0,10
1370973303,83.5961,0,0,-83.5961,83.5961,95,7,8.31363,25.1864,1.5,0,0,0,10
1371223322,84.5726,0,0,-84.5726,84.5726,114,1,-9.72278,30.7772,1.5,0,0,0,10
1371348395,95.3644,0,0,-95.3644,95.3644,187,5,-22,48.8179,1.5,0,0,0,10
1371598377,96.8431,0,0,-96.8431,96.8431,169,13,19.1951,44.1951,1.5,0,0,0,10
1371848464,105.151,0,0,-105.151,105.151,256,8,-22.796,70.796,1.5,0,0,0,10
1372098308,83.9173,0,0,-83.9173,83.9173,100,19,10.2959,25.7041,1.5,0,0,0,10
1372973300,83.7694,0,0,-83.7694,83.7694,92,4,-12.8339,24.8339,1.5,0,0,0,10
1373348471,104.475,0,0,-104.475,104.475,263,18,34.3167,68.3167,1.5,0,0,0,10
1373973382,99.1425,0,0,-99.1425,99.1425,174,2,-4.17702,51.5,1.5,0,0,0,10
1374598439,96.1691,0,0,-96.1691,96.1691,231,11,13,65.6081,1.5,0,0,0,10
1375223289,82.2156,0,0,-82.2156,82.2156,81,6,1.5,20.6839,1.5,0,0,0,10
1376223384,95.974,0,0,-95.974,95.974,176,20,13.0636,48.5636,1.5,0,0,0,10
1400000081,82.2156,0,0,-82.2156,82.2156,81,0,0,0,10,6,1.5,20.5339,1.5
1400000092,83.7694,0,0,-83.7694,83.7694,92,0,0,0,10,4,-12.94,24.94,1.5
1400000095,83.5961,0,0,-83.5961,83.5961,95,0,0,0,10,7,8.4197,25.0803,1.5
1400000100,83.9173,0,0,-83.9173,83.9173,100,0,0,0,10,19,10.402,25.598,1.5
1400000113,84.6558,0,0,-84.6558,84.6558,113,0,0,0,10,9,4.14655,30.6466,1.5
1400000114,84.5726,0,0,-84.5726,84.5726,114,0,0,0,10,1,-9.82885,30.6712,1.5
1400000122,85.257,0,0,-85.257,85.257,122,0,0,0,10,16,9.09926,33,1.5
1400000169,96.8431,0,0,-96.8431,96.8431,169,0,0,0,10,13,19.0891,44.0891,1.5
1400000174,99.1425,0,0,-99.1425,99.1425,174,0,0,0,10,2,-4.32702,51.5,1.5
1400000176,95.974,0,0,-95.974,95.974,176,0,0,0,10,20,12.9576,48.4576,1.5
1400000187,95.3644,0,0,-95.3644,95.3644,187,0,0,0,10,5,-22,48.6679,1.5
1400000217,102.659,0,0,-102.659,102.659,217,0,0,0,10,3,-23.1838,59.5,1.5
1400000229,100.777,0,0,-100.777,100.777,229,0,0,0,10,17,28.5,59.8788,1.5
1400000231,96.1691,0,0,-96.1691,96.1691,231,0,0,0,10,11,13,65.4581,1.5
1400000254,96.5645,0,0,-96.5645,96.5645,254,0,0,0,10,10,-1,73.7136,1.5
1400000256,105.151,0,0,-105.151,105.151,256,0,0,0,10,8,-22.69,70.69,1.5
1400000263,105.076,0,0,-105.076,105.076,263,0,0,0,10,15,26.6364,71.6364,1.5
1400000263,104.475,0,0,-104.475,104.475,263,0,0,0,10,18,34.2106,68.2106,1.5
1400000265,98.9001,0,0,-98.9001,98.9001,265,0,0,0,10,12,-16.5,75.0348,1.5
1400000266,101.392,0,0,-101.392,101.392,266,0,0,0,10,14,-28.8376,71.8376,1.5
1416348474,101.392,0,0,-101.392,101.392,266,14,-28.8376,71.8376,1.5,0,0,0,10
1416598471,105.076,0,0,-105.076,105.076,263,15,26.6364,71.6364,1.5,0,0,0,10
1417723425,102.659,0,0,-102.659,102.659,217,3,-23.1838,59.5,1.5,0,0,0,10
1417848321,84.6558,0,0,-84.6558,84.6558,113,9,4.14655,30.6466,1.5,0,0,0,10
1418723473,98.9001,0,0,-98.9001,98.9001,265,12,-16.5,75.0348,1.5,0,0,0,10
1419348437,100.777,0,0,-100.777,100.777,229,17,28.5,59.8788,1.5,0,0,0,10
1419848462,96.5645,0,0,-96.5645,96.5645,254,10,-1,73.7136,1.5,0,0,0,10
1420598330,85.257,0,0,-85.257,85.257,122,16,9.09926,33,1.5,0,0,0,10
1420973303,83.5961,0,0,-83.5961,83.5961,95,7,8.4197,25.0803,1.5,0,0,0,10
1421223322,84.5726,0,0,-84.5726,84.5726,114,1,-9.82885,30.6712,1.5,0,0,0,10
1421348395,95.3644,0,0,-95.3644,95.3644,187,5,-22,48.6679,1.5,0,0,0,10
1421598377,96.8431,0,0,-96.8431,96.8431,169,13,19.0891,44.0891,1.5,0,0,0,10
1421848464,105.151,0,0,-105.151,105.151,256,8,-22.69,70.69,1.5,0,0,0,10
1422098308,83.9173,0,0,-83.9173,83.9173,100,19,10.402,25.598,1.5,0,0,0,10
1422973300,83.7694,0,0,-83.7694,83.7694,92,4,-12.94,24.94,1.5,0,0,0,10
1423348471,104.475,0,0,-104.475,104.475,263,18,34.2106,68.2106,1.5,0,0,0,10
1423973382,99.1425,0,0,-99.1425,99.1425,174,2,-4.32702,51.5,1.5,0,0,0,10
1424598439,96.1691,0,0,-96.1691,96.1691,231,11,13,65.4581,1.5,0,0,0,10
1425223289,82.2156,0,0,-82.2156,82.2156,81,6,1.5,20.5339,1.5,0,0,0,10
1426223384,95.974,0,0,-95.974,95.974,176,20,12.9576,48.4576,1.5,0,0,0,10
1450000081,82.2156,0,0,-82.2156,82.2156,81,0,0,0,10,6,1.5,20.5339,1.5
1450000092,83.7694,0,0,-83.7694,83.7694,92,0,0,0,10,4,-12.94,24.94,1.5
1450000095,83.5961,0,0,-83.5961,83.5961,95,0,0,0,10,7,8.4197,25.0803,1.5
1450000100,83.9173,0,0,-83.9173,83.9173,100,0,0,0,10,19,10.402,25.598,1.5
1450000113,84.6558,0,0,-84.6558,84.6558,113,0,0,0,10,9,4.14655,30.6466,1.5
1450000114,84.5726,0,0,-84.5726,84.5726,114,0,0,0,10,1,-9.82885,30.6712,1.5
1450000122,85.257,0,0,-85.257,85.257,122,0,0,0,10,16,9.09926,33,1.5
1450000169,96.8431,0,0,-96.8431,96.8431,169,0,0,0,10,13,19.0891,44.0891,1.5
1450000174,99.1425,0,0,-99.1425,99.1425,174,0,0,0,10,2,-4.32702,51.5,1.5
1450000176,95.974,0,0,-95.974,95.974,176,0,0,0,10,20,12.9576,48.4576,1.5
1450000187,95.3644,0,0,-95.3644,95.3644,187,0,0,0,10,5,-22,48.6679,1.5
1450000217,102.659,0,0,-102.659,102.659,217,0,0,0,10,3,-23.1838,59.5,1.5
1450000229,100.777,0,0,-100.777,100.777,229,0,0,0,10,17,28.5,59.8788,1.5
1450000231,96.1691,0,0,-96.1691,96.1691,231,0,0,0,10,11,13,65.4581,1.5
1450000254,96.5645,0,0,-96.5645,96.5645,254,0,0,0,10,10,-1,73.7136,1.5
1450000256,105.151,0,0,-105.151,105.151,256,0,0,0,10,8,-22.69,70.69,1.5
1450000263,105.076,0,0,-105.076,105.076,263,0,0,0,10,15,26.6364,71.6364,1.5
1450000263,104.475,0,0,-104.475,104.475,263,0,0,0,10,18,34.2106,68.2106,1.5
1450000265,98.9001,0,0,-98.9001,98.9001,265,0,0,0,10,12,-16.5,75.0348,1.5
1450000266,101.392,0,0,-101.392,101.392,266,0,0,0,10,14,-28.8376,71.8376,1.5
1466348474,101.392,0,0,-101.392,101.392,266,14,-28.8376,71.8376,1.5,0,0,0,10
1466598471,105.076,0,0,-105.076,105.076,263,15,26.6364,71.6364,1.5,0,0,0,10
1467723425,102.659,0,0,-102.659,102.659,217,3,-23.1838,59.5,1.5,0,0,0,10
1467848321,84.6558,0,0,-84.6558,84.6558,113,9,4.14655,30.6466,1.5,0,0,0,10
1468723473,98.9001,0,0,-98.9001,98.9001,265,12,-16.5,75.0348,1.5,0,0,0,10
1469348437,100.777,0,0,-100.777,100.777,229,17,28.5,59.8788,1.5,0,0,0,10
1469848462,96.5645,0,0,-96.5645,96.5645,254,10,-1,73.7136,1.5,0,0,0,10
1470598330,85.257,0,0,-85.257,85.257,122,16,9.09926,33,1.5,0,0,0,10
1470973303,83.5961,0,0,-83.5961,83.5961,95,7,8.4197,25.0803,1.5,0,0,0,10
1471223322,84.5726,0,0,-84.5726,84.5726,114,1,-9.82885,30.6712,1.5,0,0,0,10
1471348395,95.3644,0,0,-95.3644,95.3644,187,5,-22,48.6679,1.5,0,0,0,10
1471598377,96.8431,0,0,-96.8431,96.8431,169,13,19.0891,44.0891,1.5,0,0,0,10
1471848464,105.151,0,0,-105.151,105.151,256,8,-22.69,70.69,1.5,0,0,0,10
1472098308,83.9173,0,0,-83.9173,83.9173,100,19,10.402,25.598,1.5,0,0,0,10
1472973300,83.7694,0,0,-83.7694,83.7694,92,4,-12.94,24.94,1.5,0,0,0,10
1473348471,104.475,0,0,-104.475,104.475,263,18,34.2106,68.2106,1.5,0,0,0,10
1473973382,99.1425,0,0,-99.1425,99.1425,174,2,-4.32702,51.5,1.5,0,0,0,10
1474598439,96.1691,0,0,-96.1691,96.1691,231,11,13,65.4581,1.5,0,0,0,10
1475223289,82.2156,0,0,-82.2156,82.2156,81,6,1.5,20.5339,1.5,0,0,0,10
1476223384,95.974,0,0,-95.974,95.974,176,20,12.9576,48.4576,1.5,0,0,0,10
1500000098,83.7548,0,0,-83.7548,83.7548,98,0,0,0,10,4,-13.046,25.046,1.5
1500000175,96.7692,0,0,-96.7692,96.7692,175,0,0,0,10,2,-4.47702,51.5,1.5
1500009003,81.9587,0,0,-81.9587,81.9587,74,0,0,0,10,6,1.5,20.3839,1.5
1500009021,83.7717,0,0,-83.7717,83.7717,92,0,0,0,10,7,8.52576,24.9742,1.5
1500009025,84.1783,0,0,-84.1783,84.1783,96,0,0,0,10,19,10.508,25.492,1.5
1500009036,84.3043,0,0,-84.3043,84.3043,107,0,0,0,10,9,4.04049,30.5405,1.5
1500009040,84.8891,0,0,-84.8891,84.8891,111,0,0,0,10,1,-9.93491,30.5651,1.5
1500009047,84.6175,0,0,-84.6175,84.6175,118,0,0,0,10,16,8.94926,33,1.5
1500009091,96.107,0,0,-96.107,96.107,162,0,0,0,10,13,18.983,43.983,1.5
1500009098,95.2284,0,0,-95.2284,95.2284,169,0,0,0,10,20,12.8515,48.3515,1.5
1500009109,95.1105,0,0,-95.1105,95.1105,180,0,0,0,10,5,-22,48.5179,1.5
1500009144,101.242,0,0,-101.242,101.242,215,0,0,0,10,3,-23.0338,59.5,1.5
1500009152,103.18,0,0,-103.18,103.18,223,0,0,0,10,17,28.5,59.7288,1.5
1500009153,98.1273,0,0,-98.1273,98.1273,224,0,0,0,10,11,13,65.3081,1.5
1500009176,96.5672,0,0,-96.5672,96.5672,247,0,0,0,10,10,-1,73.5636,1.5
1500009178,103.467,0,0,-103.467,103.467,249,0,0,0,10,8,-22.5839,70.5839,1.5
1500009185,105.193,0,0,-105.193,105.193,256,0,0,0,10,15,26.5303,71.5303,1.5
1500009185,104.078,0,0,-104.078,104.078,256,0,0,0,10,18,34.1045,68.1045,1.5
1500009186,98.1852,0,0,-98.1852,98.1852,257,0,0,0,10,12,-16.5,74.8848,1.5
1500009188,100.616,0,0,-100.616,100.616,259,0,0,0,10,14,-28.7316,71.7316,1.5
1516732392,105.193,0,0,-105.193,105.193,256,15,26.5303,71.5303,1.5,0,0,0,10
1517857351,101.242,0,0,-101.242,101.242,215,3,-23.0338,59.5,1.5,0,0,0,10
1518607243,84.3043,0,0,-84.3043,84.3043,107,9,4.04049,30.5405,1.5,0,0,0,10
1519482359,103.18,0,0,-103.18,103.18,223,17,28.5,59.7288,1.5,0,0,0,10
1519857393,98.1852,0,0,-98.1852,98.1852,257,12,-16.5,74.8848,1.5,0,0,0,10
1520857254,84.6175,0,0,-84.6175,84.6175,118,16,8.94926,33,1.5,0,0,0,10
1520982383,96.5672,0,0,-96.5672,96.5672,247,10,-1,73.5636,1.5,0,0,0,10
1521107228,83.7717,0,0,-83.7717,83.7717,92,7,8.52576,24.9742,1.5,0,0,0,10
1521607247,84.8891,0,0,-84.8891,84.8891,111,1,-9.93491,30.5651,1.5,0,0,0,10
1521982385,103.467,0,0,-103.467,103.467,249,8,-22.5839,70.5839,1.5,0,0,0,10
1522232232,84.1783,0,0,-84.1783,84.1783,96,19,10.508,25.492,1.5,0,0,0,10
1522232316,95.1105,0,0,-95.1105,95.1105,180,5,-22,48.5179,1.5,0,0,0,10
1522973306,83.7548,0,0,-83.7548,83.7548,98,4,-13.046,25.046,1.5,0,0,0,10
1523357298,96.107,0,0,-96.107,96.107,162,13,18.983,43.983,1.5,0,0,0,10
1523973383,96.7692,0,0,-96.7692,96.7692,175,2,-4.47702,51.5,1.5,0,0,0,10
1524107392,104.078,0,0,-104.078,104.078,256,18,34.1045,68.1045,1.5,0,0,0,10
1524357395,100.616,0,0,-100.616,100.616,259,14,-28.7316,71.7316,1.5,0,0,0,10
1524732360,98.1273,0,0,-98.1273,98.1273,224,11,13,65.3081,1.5,0,0,0,10
1525982210,81.9587,0,0,-81.9587,81.9587,74,6,1.5,20.3839,1.5,0,0,0,10
1526982305,95.2284,0,0,-95.2284,95.2284,169,20,12.8515,48.3515,1.5,0,0,0,10
1550000098,83.7548,0,0,-83.7548,83.7548,98,0,0,0,10,4,-13.046,25.046,1.5
1550000175,96.7692,0,0,-96.7692,96.7692,175,0,0,0,10,2,-4.47702,51.5,1.5
1550009003,81.9587,0,0,-81.9587,81.9587,74,0,0,0,10,6,1.5,20.3839,1.5
1550009021,83.7717,0,0,-83.7717,83.7717,92,0,0,0,10,7,8.52576,24.9742,1.5
1550009025,84.1783,0,0,-84.1783,84.1783,96,0,0,0,10,19,10.508,25.492,1.5
1550009036,84.3043,0,0,-84.3043,84.3043,107,0,0,0,10,9,4.04049,30.5405,1.5
1550009040,84.8891,0,0,-84.8891,84.8891,111,0,0,0,10,1,-9.93491,30.5651,1.5
1550009047,84.6175,0,0,-84.6175,84.6175,118,0,0,0,10,16,8.94926,33,1.5
1550009091,96.107,0,0,-96.107,96.107,162,0,0,0,10,13,18.983,43.983,1.5
1550009098,95.2284,0,0,-95.2284,95.2284,169,0,0,0,10,20,12.8515,48.3515,1.5
1550009109,95.1105,0,0,-95.1105,95.1105,180,0,0,0,10,5,-22,48.5179,1.5
1550009144,101.242,0,0,-101.242,101.242,215,0,0,0,10,3,-23.0338,59.5,1.5
1550009152,103.18,0,0,-103.18,103.18,223,0,0,0,10,17,28.5,59.7288,1.5
1550009153,98.1273,0,0,-98.1273,98.1273,224,0,0,0,10,11,13,65.3081,1.5
1550009176,96.5672,0,0,-96.5672,96.5672,247,0,0,0,10,10,-1,73.5636,1.5
1550009178,103.467,0,0,-103.467,103.467,249,0,0,0,10,8,-22.5839,70.5839,1.5
1550009185,105.193,0,0,-105.193,105.193,256,0,0,0,10,15,26.5303,71.5303,1.5
1550009185,104.078,0,0,-104.078,104.078,256,0,0,0,10,18,34.1045,68.1045,1.5
1550009186,98.1852,0,0,-98.1852,98.1852,257,0,0,0,10,12,-16.5,74.8848,1.5
1550009188,100.616,0,0,-100.616,100.616,259,0,0,0,10,14,-28.7316,71.7316,1.5
1566982392,105.193,0,0,-105.193,105.193,256,15,26.5303,71.5303,1.5,0,0,0,10
1567982351,101.242,0,0,-101.242,101.242,215,3,-23.0338,59.5,1.5,0,0,0,10
1568982243,84.3043,0,0,-84.3043,84.3043,107,9,4.04049,30.5405,1.5,0,0,0,10
1569830576,103.18,0,0,-103.18,103.18,223,17,28.5,59.7288,1.5,0,0,0,10
1570232393,98.1852,0,0,-98.1852,98.1852,257,12,-16.5,74.8848,1.5,0,0,0,10
1571232254,84.6175,0,0,-84.6175,84.6175,118,16,8.94926,33,1.5,0,0,0,10
1571357383,96.5672,0,0,-96.5672,96.5672,247,10,-1,73.5636,1.5,0,0,0,10
1571607228,83.7717,0,0,-83.7717,83.7717,92,7,8.52576,24.9742,1.5,0,0,0,10
1571982247,84.8891,0,0,-84.8891,84.8891,111,1,-9.93491,30.5651,1.5,0,0,0,10
1572482385,103.467,0,0,-103.467,103.467,249,8,-22.5839,70.5839,1.5,0,0,0,10
1572607316,95.1105,0,0,-95.1105,95.1105,180,5,-22,48.5179,1.5,0,0,0,10
1572732232,84.1783,0,0,-84.1783,84.1783,96,19,10.508,25.492,1.5,0,0,0,10
1572973306,83.7548,0,0,-83.7548,83.7548,98,4,-13.046,25.046,1.5,0,0,0,10
1573357298,96.107,0,0,-96.107,96.107,162,13,18.983,43.983,1.5,0,0,0,10
1573973383,96.7692,0,0,-96.7692,96.7692,175,2,-4.47702,51.5,1.5,0,0,0,10
1574357395,100.616,0,0,-100.616,100.616,259,14,-28.7316,71.7316,1.5,0,0,0,10
1574732392,104.078,0,0,-104.078,104.078,256,18,34.1045,68.1045,1.5,0,0,0,10
1575107360,98.1273,0,0,-98.1273,98.1273,224,11,13,65.3081,1.5,0,0,0,10
1576357210,81.9587,0,0,-81.9587,81.9587,74,6,1.5,20.3839,1.5,0,0,0,10
1577732305,95.2284,0,0,-95.2284,95.2284,169,20,12.8515,48.3515,1.5,0,0,0,10
1600000098,83.7548,0,0,-83.7548,83.7548,98,0,0,0,10,4,-13.1521,25.1521,1.5
1600000175,96.7692,0,0,-96.7692,96.7692,175,0,0,0,10,2,-4.62702,51.5,1.5
1600009003,81.9587,0,0,-81.9587,81.9587,74,0,0,0,10,6,1.5,20.2339,1.5
1600009021,83.7717,0,0,-83.7717,83.7717,92,0,0,0,10,7,8.63183,24.8682,1.5
1600009025,84.1783,0,0,-84.1783,84.1783,96,0,0,0,10,19,10.6141,25.3859,1.5
1600009036,84.3043,0,0,-84.3043,84.3043,107,0,0,0,10,9,3.93442,30.4344,1.5
1600009040,84.8891,0,0,-84.8891,84.8891,111,0,0,0,10,1,-10.041,30.459,1.5
1600009047,84.6175,0,0,-84.6175,84.6175,118,0,0,0,10,16,8.79926,33,1.5
1600009091,96.107,0,0,-96.107,96.107,162,0,0,0,10,13,18.877,43.877,1.5
1600009098,95.2284,0,0,-95.2284,95.2284,169,0,0,0,10,20,12.7454,48.2454,1.5
1600009109,95.1105,0,0,-95.1105,95.1105,180,0,0,0,10,5,-22,48.3679,1.5
1600009144,101.242,0,0,-101.242,101.242,215,0,0,0,10,3,-22.8838,59.5,1.5
1600009152,103.18,0,0,-103.18,103.18,223,0,0,0,10,17,28.5,59.5788,1.5
1600009153,98.1273,0,0,-98.1273,98.1273,224,0,0,0,10,11,13,65.1581,1.5
1600009176,96.5672,0,0,-96.5672,96.5672,247,0,0,0,10,10,-1,73.4136,1.5
1600009178,103.467,0,0,-103.467,103.467,249,0,0,0,10,8,-22.5,70.4687,1.5
1600009185,105.193,0,0,-105.193,105.193,256,0,0,0,10,15,26.4242,71.4242,1.5
1600009185,104.078,0,0,-104.078,104.078,256,0,0,0,10,18,33.9985,67.9985,1.5
1600009186,98.1852,0,0,-98.1852,98.1852,257,0,0,0,10,12,-16.5,74.7348,1.5
1600009188,100.616,0,0,-100.616,100.616,259,0,0,0,10,14,-28.6255,71.6255,1.5
1617223465,105.193,0,0,-105.193,105.193,256,15,26.4242,71.4242,1.5,0,0,0,10
1618357351,101.242,0,0,-101.242,101.242,215,3,-22.8838,59.5,1.5,0,0,0,10
1619357243,84.3043,0,0,-84.3043,84.3043,107,9,3.93442,30.4344,1.5,0,0,0,10
1620607393,98.1852,0,0,-98.1852,98.1852,257,12,-16.5,74.7348,1.5,0,0,0,10
1621607254,84.6175,0,0,-84.6175,84.6175,118,16,8.79926,33,1.5,0,0,0,10
1621732383,96.5672,0,0,-96.5672,96.5672,247,10,-1,73.4136,1.5,0,0,0,10
1621982228,83.7717,0,0,-83.7717,83.7717,92,7,8.63183,24.8682,1.5,0,0,0,10
1622357247,84.8891,0,0,-84.8891,84.8891,111,1,-10.041,30.459,1.5,0,0,0,10
1622857385,103.467,0,0,-103.467,103.467,249,8,-22.5,70.4687,1.5,0,0,0,10
1622973306,83.7548,0,0,-83.7548,83.7548,98,4,-13.1521,25.1521,1.5,0,0,0,10
1622982316,95.1105,0,0,-95.1105,95.1105,180,5,-22,48.3679,1.5,0,0,0,10
1623357298,96.107,0,0,-96.107,96.107,162,13,18.877,43.877,1.5,0,0,0,10
1623482232,84.1783,0,0,-84.1783,84.1783,96,19,10.6141,25.3859,1.5,0,0,0,10
1623482359,103.18,0,0,-103.18,103.18,223,17,28.5,59.5788,1.5,0,0,0,10
1623973383,96.7692,0,0,-96.7692,96.7692,175,2,-4.62702,51.5,1.5,0,0,0,10
1624357395,100.616,0,0,-100.616,100.616,259,14,-28.6255,71.6255,1.5,0,0,0,10
1625482360,98.1273,0,0,-98.1273,98.1273,224,11,13,65.1581,1.5,0,0,0,10
1625482392,104.078,0,0,-104.078,104.078,256,18,33.9985,67.9985,1.5,0,0,0,10
1626857210,81.9587,0,0,-81.9587,81.9587,74,6,1.5,20.2339,1.5,0,0,0,10
1627982305,95.2284,0,0,-95.2284,95.2284,169,20,12.7454,48.2454,1.5,0,0,0,10
1650000098,83.7548,0,0,-83.7548,83.7548,98,0,0,0,10,4,-13.1521,25.1521,1.5
1650000175,96.7692,0,0,-96.7692,96.7692,175,0,0,0,10,2,-4.62702,51.5,1.5
1650009003,81.9587,0,0,-81.9587,81.9587,74,0,0,0,10,6,1.5,20.2339,1.5
1650009021,83.7717,0,0,-83.7717,83.7717,92,0,0,0,10,7,8.63183,24.8682,1.5
1650009025,84.1783,0,0,-84.1783,84.1783,96,0,0,0,10,19,10.6141,25.3859,1.5
1650009036,84.3043,0,0,-84.3043,84.3043,107,0,0,0,10,9,3.93442,30.4344,1.5
1650009040,84.8891,0,0,-84.8891,84.8891,111,0,0,0,10,1,-10.041,30.459,1.5
1650009047,84.6175,0,0,-84.6175,84.6175,118,0,0,0,10,16,8.79926,33,1.5
1650009091,96.107,0,0,-96.107,96.107,162,0,0,0,10,13,18.877,43.877,1.5
1650009098,95.2284,0,0,-95.2284,95.2284,169,0,0,0,10,20,12.7454,48.2454,1.5
1650009109,95.1105,0,0,-95.1105,95.1105,180,0,0,0,10,5,-22,48.3679,1.5
1650009144,101.242,0,0,-101.242,101.242,215,0,0,0,10,3,-22.8838,59.5,1.5
1650009152,103.18,0,0,-103.18,103.18,223,0,0,0,10,17,28.5,59.5788,1.5
1650009153,98.1273,0,0,-98.1273,98.1273,224,0,0,0,10,11,13,65.1581,1.5
1650009176,96.5672,0,0,-96.5672,96.5672,247,0,0,0,10,10,-1,73.4136,1.5
1650009178,103.467,0,0,-103.467,103.467,249,0,0,0,10,8,-22.5,70.4687,1.5
1650009185,105.193,0,0,-105.193,105.193,256,0,0,0,10,15,26.4242,71.4242,1.5
1650009185,104.078,0,0,-104.078,104.078,256,0,0,0,10,18,33.9985,67.9985,1.5
1650009186,98.1852,0,0,-98.1852,98.1852,257,0,0,0,10,12,-16.5,74.7348,1.5
1650009188,100.616,0,0,-100.616,100.616,259,0,0,0,10,14,-28.6255,71.6255,1.5
1667857392,105.193,0,0,-105.193,105.193,256,15,26.4242,71.4242,1.5,0,0,0,10
1668732351,101.242,0,0,-101.242,101.242,215,3,-22.8838,59.5,1.5,0,0,0,10
1669857243,84.3043,0,0,-84.3043,84.3043,107,9,3.93442,30.4344,1.5,0,0,0,10
1671107393,98.1852,0,0,-98.1852,98.1852,257,12,-16.5,74.7348,1.5,0,0,0,10
1672107254,84.6175,0,0,-84.6175,84.6175,118,16,8.79926,33,1.5,0,0,0,10
1672107383,96.5672,0,0,-96.5672,96.5672,247,10,-1,73.4136,1.5,0,0,0,10
1672357228,83.7717,0,0,-83.7717,83.7717,92,7,8.63183,24.8682,1.5,0,0,0,10
1672732247,84.8891,0,0,-84.8891,84.8891,111,1,-10.041,30.459,1.5,0,0,0,10
1672973306,83.7548,0,0,-83.7548,83.7548,98,4,-13.1521,25.1521,1.5,0,0,0,10
1673232385,103.467,0,0,-103.467,103.467,249,8,-22.5,70.4687,1.5,0,0,0,10
1673357298,96.107,0,0,-96.107,96.107,162,13,18.877,43.877,1.5,0,0,0,10
1673482316,95.1105,0,0,-95.1105,95.1105,180,5,-22,48.3679,1.5,0,0,0,10
1673839504,103.18,0,0,-103.18,103.18,223,17,28.5,59.5788,1.5,0,0,0,10
1673973383,96.7692,0,0,-96.7692,96.7692,175,2,-4.62702,51.5,1.5,0,0,0,10
1674107232,84.1783,0,0,-84.1783,84.1783,96,19,10.6141,25.3859,1.5,0,0,0,10
1674357395,100.616,0,0,-100.616,100.616,259,14,-28.6255,71.6255,1.5,0,0,0,10
1675857360,98.1273,0,0,-98.1273,98.1273,224,11,13,65.1581,1.5,0,0,0,10
1676107392,104.078,0,0,-104.078,104.078,256,18,33.9985,67.9985,1.5,0,0,0,10
1677232210,81.9587,0,0,-81.9587,81.9587,74,6,1.5,20.2339,1.5,0,0,0,10
1677982305,95.2284,0,0,-95.2284,95.2284,169,20,12.7454,48.2454,1.5,0,0,0,10
1700000098,83.7548,0,0,-83.7548,83.7548,98,0,0,0,10,4,-13.2582,25.2582,1.5
1700000175,96.7692,0,0,-96.7692,96.7692,175,0,0,0,10,2,-4.77702,51.5,1.5
1700009003,81.9587,0,0,-81.9587,81.9587,74,0,0,0,10,6,1.5,20.0839,1.5
1700009021,83.7717,0,0,-83.7717,83.7717,92,0,0,0,10,7,8.73789,24.7621,1.5
1700009025,84.1783,0,0,-84.1783,84.1783,96,0,0,0,10,19,10.7202,25.2798,1.5
1700009036,84.3043,0,0,-84.3043,84.3043,107,0,0,0,10,9,3.82835,30.3284,1.5
1700009040,84.8891,0,0,-84.8891,84.8891,111,0,0,0,10,1,-10.147,30.353,1.5
1700009047,84.6175,0,0,-84.6175,84.6175,118,0,0,0,10,16,8.64926,33,1.5
1700009091,96.107,0,0,-96.107,96.107,162,0,0,0,10,13,18.7709,43.7709,1.5
1700009098,95.2284,0,0,-95.2284,95.2284,169,0,0,0,10,20,12.6394,48.1394,1.5
1700009109,95.1105,0,0,-95.1105,95.1105,180,0,0,0,10,5,-22,48.2179,1.5
1700009144,101.242,0,0,-101.242,101.242,215,0,0,0,10,3,-22.7338,59.5,1.5
1700009152,103.18,0,0,-103.18,103.18,223,0,0,0,10,17,28.5,59.4288,1.5
1700009153,98.1273,0,0,-98.1273,98.1273,224,0,0,0,10,11,13,65.0081,1.5
1700009176,96.5672,0,0,-96.5672,96.5672,247,0,0,0,10,10,-1,73.2636,1.5
1700009178,103.467,0,0,-103.467,103.467,249,0,0,0,10,8,-22.5,70.3187,1.5
1700009185,105.193,0,0,-105.193,105.193,256,0,0,0,10,15,26.3182,71.3182,1.5
1700009185,104.078,0,0,-104.078,104.078,256,0,0,0,10,18,33.8924,67.8924,1.5
1700009186,98.1852,0,0,-98.1852,98.1852,257,0,0,0,10,12,-16.5,74.5848,1.5
1700009188,100.616,0,0,-100.616,100.616,259,0,0,0,10,14,-28.5194,71.5194,1.5
1718232392,105.193,0,0,-105.193,105.193,256,15,26.3182,71.3182,1.5,0,0,0,10
1719232351,101.242,0,0,-101.242,101.242,215,3,-22.7338,59.5,1.5,0,0,0,10
1720232243,84.3043,0,0,-84.3043,84.3043,107,9,3.82835,30.3284,1.5,0,0,0,10
1721482393,98.1852,0,0,-98.1852,98.1852,257,12,-16.5,74.5848,1.5,0,0,0,10
1722482254,84.6175,0,0,-84.6175,84.6175,118,16,8.64926,33,1.5,0,0,0,10
1722607383,96.5672,0,0,-96.5672,96.5672,247,10,-1,73.2636,1.5,0,0,0,10
1722732228,83.7717,0,0,-83.7717,83.7717,92,7,8.73789,24.7621,1.5,0,0,0,10
1722973306,83.7548,0,0,-83.7548,83.7548,98,4,-13.2582,25.2582,1.5,0,0,0,10
1723107247,84.8891,0,0,-84.8891,84.8891,111,1,-10.147,30.353,1.5,0,0,0,10
1723357298,96.107,0,0,-96.107,96.107,162,13,18.7709,43.7709,1.5,0,0,0,10
1723607385,103.467,0,0,-103.467,103.467,249,8,-22.5,70.3187,1.5,0,0,0,10
1723857316,95.1105,0,0,-95.1105,95.1105,180,5,-22,48.2179,1.5,0,0,0,10
1723973383,96.7692,0,0,-96.7692,96.7692,175,2,-4.77702,51.5,1.5,0,0,0,10
1724357395,100.616,0,0,-100.616,100.616,259,14,-28.5194,71.5194,1.5,0,0,0,10
1724857232,84.1783,0,0,-84.1783,84.1783,96,19,10.7202,25.2798,1.5,0,0,0,10
1726357360,98.1273,0,0,-98.1273,98.1273,224,11,13,65.0081,1.5,0,0,0,10
1726732359,103.18,0,0,-103.18,103.18,223,17,28.5,59.4288,1.5,0,0,0,10
1726857392,104.078,0,0,-104.078,104.078,256,18,33.8924,67.8924,1.5,0,0,0,10
1727607210,81.9587,0,0,-81.9587,81.9587,74,6,1.5,20.0839,1.5,0,0,0,10
1728232305,95.2284,0,0,-95.2284,95.2284,169,20,12.6394,48.1394,1.5,0,0,0,10
1750000098,83.7548,0,0,-83.7548,83.7548,98,0,0,0,10,4,-13.2582,25.2582,1.5
1750000175,96.7692,0,0,-96.7692,96.7692,175,0,0,0,10,2,-4.77702,51.5,1.5
1750009003,81.9587,0,0,-81.9587,81.9587,74,0,0,0,10,6,1.5,20.0839,1.5
1750009021,83.7717,0,0,-83.7717,83.7717,92,0,0,0,10,7,8.73789,24.7621,1.5
1750009025,84.1783,0,0,-84.1783,84.1783,96,0,0,0,10,19,10.7202,25.2798,1.5
1750009036,84.3043,0,0,-84.3043,84.3043,107,0,0,0,10,9,3.82835,30.3284,1.5
1750009040,84.8891,0,0,-84.8891,84.8891,111,0,0,0,10,1,-10.147,30.353,1.5
1750009047,84.6175,0,0,-84.6175,84.6175,118,0,0,0,10,16,8.64926,33,1.5
1750009091,96.107,0,0,-96.107,96.107,162,0,0,0,10,13,18.7709,43.7709,1.5
1750009098,95.2284,0,0,-95.2284,95.2284,169,0,0,0,10,20,12.6394,48.1394,1.5
1750009109,95.1105,0,0,-95.1105,95.1105,180,0,0,0,10,5,-22,48.2179,1.5
1750009144,101.242,0,0,-101.242,101.242,215,0,0,0,10,3,-22.7338,59.5,1.5
1750009152,103.18,0,0,-103.18,103.18,223,0,0,0,10,17,28.5,59.4288,1.5
1750009153,98.1273,0,0,-98.1273,98.1273,224,0,0,0,10,11,13,65.0081,1.5
1750009176,96.5672,0,0,-96.5672,96.5672,247,0,0,0,10,10,-1,73.2636,1.5
1750009178,103.467,0,0,-103.467,103.467,249,0,0,0,10,8,-22.5,70.3187,1.5
1750009185,105.193,0,0,-105.193,105.193,256,0,0,0,10,15,26.3182,71.3182,1.5
1750009185,104.078,0,0,-104.078,104.078,256,0,0,0,10,18,33.8924,67.8924,1.5
1750009186,98.1852,0,0,-98.1852,98.1852,257,0,0,0,10,12,-16.5,74.5848,1.5
1750009188,100.616,0,0,-100.616,100.616,259,0,0,0,10,14,-28.5194,71.5194,1.5
1768473465,105.193,0,0,-105.193,105.193,256,15,26.3182,71.3182,1.5,0,0,0,10
1769607351,101.242,0,0,-101.242,101.242,215,3,-22.7338,59.5,1.5,0,0,0,10
1770348316,84.3043,0,0,-84.3043,84.3043,107,9,3.82835,30.3284,1.5,0,0,0,10
1771857393,98.1852,0,0,-98.1852,98.1852,257,12,-16.5,74.5848,1.5,0,0,0,10
1772857254,84.6175,0,0,-84.6175,84.6175,118,16,8.64926,33,1.5,0,0,0,10
1772973306,83.7548,0,0,-83.7548,83.7548,98,4,-13.2582,25.2582,1.5,0,0,0,10
1772982383,96.5672,0,0,-96.5672,96.5672,247,10,-1,73.2636,1.5,0,0,0,10
1773107228,83.7717,0,0,-83.7717,83.7717,92,7,8.73789,24.7621,1.5,0,0,0,10
1773357298,96.107,0,0,-96.107,96.107,162,13,18.7709,43.7709,1.5,0,0,0,10
1773607247,84.8891,0,0,-84.8891,84.8891,111,1,-10.147,30.353,1.5,0,0,0,10
1773973383,96.7692,0,0,-96.7692,96.7692,175,2,-4.77702,51.5,1.5,0,0,0,10
1773982385,103.467,0,0,-103.467,103.467,249,8,-22.5,70.3187,1.5,0,0,0,10
1774232316,95.1105,0,0,-95.1105,95.1105,180,5,-22,48.2179,1.5,0,0,0,10
1774357395,100.616,0,0,-100.616,100.616,259,14,-28.5194,71.5194,1.5,0,0,0,10
1775482232,84.1783,0,0,-84.1783,84.1783,96,19,10.7202,25.2798,1.5,0,0,0,10
1776732360,98.1273,0,0,-98.1273,98.1273,224,11,13,65.0081,1.5,0,0,0,10
1777232359,103.18,0,0,-103.18,103.18,223,17,28.5,59.4288,1.5,0,0,0,10
1777482392,104.078,0,0,-104.078,104.078,256,18,33.8924,67.8924,1.5,0,0,0,10
1777982210,81.9587,0,0,-81.9587,81.9587,74,6,1.5,20.0839,1.5,0,0,0,10
1778232305,95.2284,0,0,-95.2284,95.2284,169,20,12.6394,48.1394,1.5,0,0,0,10
1800000098,83.7548,0,0,-83.7548,83.7548,98,0,0,0,10,4,-13.3642,25.3642,1.5
1800000175,96.7692,0,0,-96.7692,96.7692,175,0,0,0,10,2,-4.92702,51.5,1.5
1800009003,81.9587,0,0,-81.9587,81.9587,74,0,0,0,10,6,1.5,19.9339,1.5
1800009021,83.7717,0,0,-83.7717,83.7717,92,0,0,0,10,7,8.84396,24.656,1.5
1800009025,84.1783,0,0,-84.1783,84.1783,96,0,0,0,10,19,10.8262,25.1738,1.5
1800009036,84.3043,0,0,-84.3043,84.3043,107,0,0,0,10,9,3.72229,30.2223,1.5
1800009040,84.8891,0,0,-84.8891,84.8891,111,0,0,0,10,1,-10.2531,30.2469,1.5
1800009047,84.6175,0,0,-84.6175,84.6175,118,0,0,0,10,16,8.49926,33,1.5
1800009091,96.107,0,0,-96.107,96.107,162,0,0,0,10,13,18.6648,43.6648,1.5
1800009098,95.2284,0,0,-95.2284,95.2284,169,0,0,0,10,20,12.5333,48.0333,1.5
1800009109,95.1105,0,0,-95.1105,95.1105,180,0,0,0,10,5,-22,48.0679,1.5
1800009144,101.242,0,0,-101.242,101.242,215,0,0,0,10,3,-22.5838,59.5,1.5
1800009152,103.18,0,0,-103.18,103.18,223,0,0,0,10,17,28.5,59.2788,1.5
1800009153,98.1273,0,0,-98.1273,98.1273,224,0,0,0,10,11,13,64.8581,1.5
1800009176,96.5672,0,0,-96.5672,96.5672,247,0,0,0,10,10,-1,73.1136,1.5
1800009178,103.467,0,0,-103.467,103.467,249,0,0,0,10,8,-22.5,70.1687,1.5
1800009185,105.193,0,0,-105.193,105.193,256,0,0,0,10,15,26.2121,71.2121,1.5
1800009185,104.078,0,0,-104.078,104.078,256,0,0,0,10,18,33.7863,67.7863,1.5
1800009186,98.1852,0,0,-98.1852,98.1852,257,0,0,0,10,12,-16.5,74.4348,1.5
1800009188,100.616,0,0,-100.616,100.616,259,0,0,0,10,14,-28.4134,71.4134,1.5
1818982392,105.193,0,0,-105.193,105.193,256,15,26.2121,71.2121,1.5,0,0,0,10
1819982351,101.242,0,0,-101.242,101.242,215,3,-22.5838,59.5,1.5,0,0,0,10
1820982243,84.3043,0,0,-84.3043,84.3043,107,9,3.72229,30.2223,1.5,0,0,0,10
1822232393,98.1852,0,0,-98.1852,98.1852,257,12,-16.5,74.4348,1.5,0,0,0,10
1822973306,83.7548,0,0,-83.7548,83.7548,98,4,-13.3642,25.3642,1.5,0,0,0,10
1823232254,84.6175,0,0,-84.6175,84.6175,118,16,8.49926,33,1.5,0,0,0,10
1823357298,96.107,0,0,-96.107,96.107,162,13,18.6648,43.6648,1.5,0,0,0,10
1823357383,96.5672,0,0,-96.5672,96.5672,247,10,-1,73.1136,1.5,0,0,0,10
1823607228,83.7717,0,0,-83.7717,83.7717,92,7,8.84396,24.656,1.5,0,0,0,10
1823973383,96.7692,0,0,-96.7692,96.7692,175,2,-4.92702,51.5,1.5,0,0,0,10
1823982247,84.8891,0,0,-84.8891,84.8891,111,1,-10.2531,30.2469,1.5,0,0,0,10
1824357395,100.616,0,0,-100.616,100.616,259,14,-28.4134,71.4134,1.5,0,0,0,10
1824482385,103.467,0,0,-103.467,103.467,249,8,-22.5,70.1687,1.5,0,0,0,10
1824607316,95.1105,0,0,-95.1105,95.1105,180,5,-22,48.0679,1.5,0,0,0,10
1826232232,84.1783,0,0,-84.1783,84.1783,96,19,10.8262,25.1738,1.5,0,0,0,10
1827107360,98.1273,0,0,-98.1273,98.1273,224,11,13,64.8581,1.5,0,0,0,10
1827482359,103.18,0,0,-103.18,103.18,223,17,28.5,59.2788,1.5,0,0,0,10
1828232392,104.078,0,0,-104.078,104.078,256,18,33.7863,67.7863,1.5,0,0,0,10
1828357210,81.9587,0,0,-81.9587,81.9587,74,6,1.5,19.9339,1.5,0,0,0,10
1828857305,95.2284,0,0,-95.2284,95.2284,169,20,12.5333,48.0333,1.5,0,0,0,10
1850000098,83.7548,0,0,-83.7548,83.7548,98,0,0,0,10,4,-13.3642,25.3642,1.5
1850000175,96.7692,0,0,-96.7692,96.7692,175,0,0,0,10,2,-4.92702,51.5,1.5
1850009003,81.9587,0,0,-81.9587,81.9587,74,0,0,0,10,6,1.5,19.9339,1.5
1850009021,83.7717,0,0,-83.7717,83.7717,92,0,0,0,10,7,8.84396,24.656,1.5
1850009025,84.1783,0,0,-84.1783,84.1783,96,0,0,0,10,19,10.8262,25.1738,1.5
1850009036,84.3043,0,0,-84.3043,84.3043,107,0,0,0,10,9,3.72229,30.2223,1.5
1850009040,84.8891,0,0,-84.8891,84.8891,111,0,0,0,10,1,-10.2531,30.2469,1.5
1850009047,84.6175,0,0,-84.6175,84.6175,118,0,0,0,10,16,8.49926,33,1.5
1850009091,96.107,0,0,-96.107,96.107,162,0,0,0,10,13,18.6648,43.6648,1.5
1850009098,95.2284,0,0,-95.2284,95.2284,169,0,0,0,10,20,12.5333,48.0333,1.5
1850009109,95.1105,0,0,-95.1105,95.1105,180,0,0,0,10,5,-22,48.0679,1.5
1850009144,101.242,0,0,-101.242,101.242,215,0,0,0,10,3,-22.5838,59.5,1.5
1850009152,103.18,0,0,-103.18,103.18,223,0,0,0,10,17,28.5,59.2788,1.5
1850009153,98.1273,0,0,-98.1273,98.1273,224,0,0,0,10,11,13,64.8581,1.5
1850009176,96.5672,0,0,-96.5672,96.5672,247,0,0,0,10,10,-1,73.1136,1.5
1850009178,103.467,0,0,-103.467,103.467,249,0,0,0,10,8,-22.5,70.1687,1.5
1850009185,105.193,0,0,-105.193,105.193,256,0,0,0,10,15,26.2121,71.2121,1.5
1850009185,104.078,0,0,-104.078,104.078,256,0,0,0,10,18,33.7863,67.7863,1.5
1850009186,98.1852,0,0,-98.1852,98.1852,257,0,0,0,10,12,-16.5,74.4348,1.5
1850009188,100.616,0,0,-100.616,100.616,259,0,0,0,10,14,-28.4134,71.4134,1.5
1869357392,105.193,0,0,-105.193,105.193,256,15,26.2121,71.2121,1.5,0,0,0,10
1870357351,101.242,0,0,-101.242,101.242,215,3,-22.5838,59.5,1.5,0,0,0,10
1871357243,84.3043,0,0,-84.3043,84.3043,107,9,3.72229,30.2223,1.5,0,0,0,10
1872607393,98.1852,0,0,-98.1852,98.1852,257,12,-16.5,74.4348,1.5,0,0,0,10
1872973306,83.7548,0,0,-83.7548,83.7548,98,4,-13.3642,25.3642,1.5,0,0,0,10
1873357298,96.107,0,0,-96.107,96.107,162,13,18.6648,43.6648,1.5,0,0,0,10
1873607254,84.6175,0,0,-84.6175,84.6175,118,16,8.49926,33,1.5,0,0,0,10
1873732383,96.5672,0,0,-96.5672,96.5672,247,10,-1,73.1136,1.5,0,0,0,10
1873973383,96.7692,0,0,-96.7692,96.7692,175,2,-4.92702,51.5,1.5,0,0,0,10
1873982228,83.7717,0,0,-83.7717,83.7717,92,7,8.84396,24.656,1.5,0,0,0,10
1874357247,84.8891,0,0,-84.8891,84.8891,111,1,-10.2531,30.2469,1.5,0,0,0,10
1874357395,100.616,0,0,-100.616,100.616,259,14,-28.4134,71.4134,1.5,0,0,0,10
1874857385,103.467,0,0,-103.467,103.467,249,8,-22.5,70.1687,1.5,0,0,0,10
1874982316,95.1105,0,0,-95.1105,95.1105,180,5,-22,48.0679,1.5,0,0,0,10
1876857232,84.1783,0,0,-84.1783,84.1783,96,19,10.8262,25.1738,1.5,0,0,0,10
1877482360,98.1273,0,0,-98.1273,98.1273,224,11,13,64.8581,1.5,0,0,0,10
1878857210,81.9587,0,0,-81.9587,81.9587,74,6,1.5,19.9339,1.5,0,0,0,10
1878857392,104.078,0,0,-104.078,104.078,256,18,33.7863,67.7863,1.5,0,0,0,10
1879348431,103.18,0,0,-103.18,103.18,223,17,28.5,59.2788,1.5,0,0,0,10
1879482305,95.2284,0,0,-95.2284,95.2284,169,20,12.5333,48.0333,1.5,0,0,0,10
1900000098,83.7548,0,0,-83.7548,83.7548,98,0,0,0,10,4,-13.4703,25.4703,1.5
1900000175,96.7692,0,0,-96.7692,96.7692,175,0,0,0,10,2,-5.07702,51.5,1.5
1900009003,81.9587,0,0,-81.9587,81.9587,74,0,0,0,10,6,1.5,19.7839,1.5
1900009021,83.7717,0,0,-83.7717,83.7717,92,0,0,0,10,7,8.95003,24.55,1.5
1900009025,84.1783,0,0,-84.1783,84.1783,96,0,0,0,10,19,10.9323,25.0677,1.5
1900009036,84.3043,0,0,-84.3043,84.3043,107,0,0,0,10,9,3.61622,30.1162,1.5
1900009040,84.8891,0,0,-84.8891,84.8891,111,0,0,0,10,1,-10.3592,30.1408,1.5
1900009047,84.6175,0,0,-84.6175,84.6175,118,0,0,0,10,16,8.34926,33,1.5
1900009091,96.107,0,0,-96.107,96.107,162,0,0,0,10,13,18.5588,43.5588,1.5
1900009098,95.2284,0,0,-95.2284,95.2284,169,0,0,0,10,20,12.4272,47.9272,1.5
1900009109,95.1105,0,0,-95.1105,95.1105,180,0,0,0,10,5,-22,47.9179,1.5
1900009144,101.242,0,0,-101.242,101.242,215,0,0,0,10,3,-22.4338,59.5,1.5
1900009152,103.18,0,0,-103.18,103.18,223,0,0,0,10,17,28.5,59.1288,1.5
1900009153,98.1273,0,0,-98.1273,98.1273,224,0,0,0,10,11,13,64.7081,1.5
1900009176,96.5672,0,0,-96.5672,96.5672,247,0,0,0,10,10,-1,72.9636,1.5
1900009178,103.467,0,0,-103.467,103.467,249,0,0,0,10,8,-22.5,70.0187,1.5
1900009185,105.193,0,0,-105.193,105.193,256,0,0,0,10,15,26.106,71.106,1.5
1900009185,104.078,0,0,-104.078,104.078,256,0,0,0,10,18,33.6803,67.6803,1.5
1900009186,98.1852,0,0,-98.1852,98.1852,257,0,0,0,10,12,-16.5,74.2848,1.5
1900009188,100.616,0,0,-100.616,100.616,259,0,0,0,10,14,-28.3073,71.3073,1.5
1919839537,105.193,0,0,-105.193,105.193,256,15,26.106,71.106,1.5,0,0,0,10
1920732351,101.242,0,0,-101.242,101.242,215,3,-22.4338,59.5,1.5,0,0,0,10
1921857243,84.3043,0,0,-84.3043,84.3043,107,9,3.61622,30.1162,1.5,0,0,0,10
1922973306,83.7548,0,0,-83.7548,83.7548,98,4,-13.4703,25.4703,1.5,0,0,0,10
1923107393,98.1852,0,0,-98.1852,98.1852,257,12,-16.5,74.2848,1.5,0,0,0,10
1923357298,96.107,0,0,-96.107,96.107,162,13,18.5588,43.5588,1.5,0,0,0,10
1923973383,96.7692,0,0,-96.7692,96.7692,175,2,-5.07702,51.5,1.5,0,0,0,10
1924107254,84.6175,0,0,-84.6175,84.6175,118,16,8.34926,33,1.5,0,0,0,10
1924107383,96.5672,0,0,-96.5672,96.5672,247,10,-1,72.9636,1.5,0,0,0,10
1924357228,83.7717,0,0,-83.7717,83.7717,92,7,8.95003,24.55,1.5,0,0,0,10
1924357395,100.616,0,0,-100.616,100.616,259,14,-28.3073,71.3073,1.5,0,0,0,10
1924732247,84.8891,0,0,-84.8891,84.8891,111,1,-10.3592,30.1408,1.5,0,0,0,10
1925232385,103.467,0,0,-103.467,103.467,249,8,-22.5,70.0187,1.5,0,0,0,10
1925482316,95.1105,0,0,-95.1105,95.1105,180,5,-22,47.9179,1.5,0,0,0,10
1927607232,84.1783,0,0,-84.1783,84.1783,96,19,10.9323,25.0677,1.5,0,0,0,10
1927857360,98.1273,0,0,-98.1273,98.1273,224,11,13,64.7081,1.5,0,0,0,10
1929232210,81.9587,0,0,-81.9587,81.9587,74,6,1.5,19.7839,1.5,0,0,0,10
1929348431,103.18,0,0,-103.18,103.18,223,17,28.5,59.1288,1.5,0,0,0,10
1929607392,104.078,0,0,-104.078,104.078,256,18,33.6803,67.6803,1.5,0,0,0,10
1930232305,95.2284,0,0,-95.2284,95.2284,169,20,12.4272,47.9272,1.5,0,0,0,10
1950000098,83.7548,0,0,-83.7548,83.7548,98,0,0,0,10,4,-13.4703,25.4703,1.5
1950000175,96.7692,0,0,-96.7692,96.7692,175,0,0,0,10,2,-5.07702,51.5,1.5
1950009003,81.9587,0,0,-81.9587,81.9587,74,0,0,0,10,6,1.5,19.7839,1.5
1950009021,83.7717,0,0,-83.7717,83.7717,92,0,0,0,10,7,8.95003,24.55,1.5
1950009025,84.1783,0,0,-84.1783,84.1783,96,0,0,0,10,19,10.9323,25.0677,1.5
1950009036,84.3043,0,0,-84.3043,84.3043,107,0,0,0,10,9,3.61622,30.1162,1.5
1950009040,84.8891,0,0,-84.8891,84.8891,111,0,0,0,10,1,-10.3592,30.1408,1.5
1950009047,84.6175,0,0,-84.6175,84.6175,118,0,0,0,10,16,8.34926,33,1.5
1950009091,96.107,0,0,-96.107,96.107,162,0,0,0,10,13,18.5588,43.5588,1.5
1950009098,95.2284,0,0,-95.2284,95.2284,169,0,0,0,10,20,12.4272,47.9272,1.5
1950009109,95.1105,0,0,-95.1105,95.1105,180,0,0,0,10,5,-22,47.9179,1.5
1950009144,101.242,0,0,-101.242,101.242,215,0,0,0,10,3,-22.4338,59.5,1.5
1950009152,103.18,0,0,-103.18,103.18,223,0,0,0,10,17,28.5,59.1288,1.5
1950009153,98.1273,0,0,-98.1273,98.1273,224,0,0,0,10,11,13,64.7081,1.5
1950009176,96.5672,0,0,-96.5672,96.5672,247,0,0,0,10,10,-1,72.9636,1.5
1950009178,103.467,0,0,-103.467,103.467,249,0,0,0,10,8,-22.5,70.0187,1.5
1950009185,105.193,0,0,-105.193,105.193,256,0,0,0,10,15,26.106,71.106,1.5
1950009185,104.078,0,0,-104.078,104.078,256,0,0,0,10,18,33.6803,67.6803,1.5
1950009186,98.1852,0,0,-98.1852,98.1852,257,0,0,0,10,12,-16.5,74.2848,1.5
1950009188,100.616,0,0,-100.616,100.616,259,0,0,0,10,14,-28.3073,71.3073,1.5
1969839537,105.193,0,0,-105.193,105.193,256,15,26.106,71.106,1.5,0,0,0,10
1971232351,101.242,0,0,-101.242,101.242,215,3,-22.4338,59.5,1.5,0,0,0,10
1972232243,84.3043,0,0,-84.3043,84.3043,107,9,3.61622,30.1162,1.5,0,0,0,10
1972973306,83.7548,0,0,-83.7548,83.7548,98,4,-13.4703,25.4703,1.5,0,0,0,10
1973357298,96.107,0,0,-96.107,96.107,162,13,18.5588,43.5588,1.5,0,0,0,10
1973482393,98.1852,0,0,-98.1852,98.1852,257,12,-16.5,74.2848,1.5,0,0,0,10
1973973383,96.7692,0,0,-96.7692,96.7692,175,2,-5.07702,51.5,1.5,0,0,0,10
1974357395,100.616,0,0,-100.616,100.616,259,14,-28.3073,71.3073,1.5,0,0,0,10
1974482254,84.6175,0,0,-84.6175,84.6175,118,16,8.34926,33,1.5,0,0,0,10
1974607383,96.5672,0,0,-96.5672,96.5672,247,10,-1,72.9636,1.5,0,0,0,10
1974732228,83.7717,0,0,-83.7717,83.7717,92,7,8.95003,24.55,1.5,0,0,0,10
1975107247,84.8891,0,0,-84.8891,84.8891,111,1,-10.3592,30.1408,1.5,0,0,0,10
1975607385,103.467,0,0,-103.467,103.467,249,8,-22.5,70.0187,1.5,0,0,0,10
1975857316,95.1105,0,0,-95.1105,95.1105,180,5,-22,47.9179,1.5,0,0,0,10
1978232232,84.1783,0,0,-84.1783,84.1783,96,19,10.9323,25.0677,1.5,0,0,0,10
1978357360,98.1273,0,0,-98.1273,98.1273,224,11,13,64.7081,1.5,0,0,0,10
1979348431,103.18,0,0,-103.18,103.18,223,17,28.5,59.1288,1.5,0,0,0,10
1979607210,81.9587,0,0,-81.9587,81.9587,74,6,1.5,19.7839,1.5,0,0,0,10
1980232392,104.078,0,0,-104.078,104.078,256,18,33.6803,67.6803,1.5,0,0,0,10
1980857305,95.2284,0,0,-95.2284,95.2284,169,20,12.4272,47.9272,1.5,0,0,0,10
2000000098,83.7548,0,0,-83.7548,83.7548,98,0,0,0,10,4,-13.5764,25.5764,1.5
2000000175,96.7692,0,0,-96.7692,96.7692,175,0,0,0,10,2,-5.22702,51.5,1.5
2000009003,81.9587,0,0,-81.9587,81.9587,74,0,0,0,10,6,1.5,19.6339,1.5
2000009021,83.7717,0,0,-83.7717,83.7717,92,0,0,0,10,7,9.07932,24.5,1.5
2000009025,84.1783,0,0,-84.1783,84.1783,96,0,0,0,10,19,11.0384,24.9616,1.5
2000009036,84.3043,0,0,-84.3043,84.3043,107,0,0,0,10,9,3.51016,30.0102,1.5
2000009040,84.8891,0,0,-84.8891,84.8891,111,0,0,0,10,1,-10.4652,30.0348,1.5
2000009047,84.6175,0,0,-84.6175,84.6175,118,0,0,0,10,16,8.19926,33,1.5
2000009091,96.107,0,0,-96.107,96.107,162,0,0,0,10,13,18.4527,43.4527,1.5
2000009098,95.2284,0,0,-95.2284,95.2284,169,0,0,0,10,20,12.3212,47.8212,1.5
2000009109,95.1105,0,0,-95.1105,95.1105,180,0,0,0,10,5,-22,47.7679,1.5
2000009144,101.242,0,0,-101.242,101.242,215,0,0,0,10,3,-22.2838,59.5,1.5
2000009152,103.18,0,0,-103.18,103.18,223,0,0,0,10,17,28.5,58.9788,1.5
2000009153,98.1273,0,0,-98.1273,98.1273,224,0,0,0,10,11,13,64.5581,1.5
2000009176,96.5672,0,0,-96.5672,96.5672,247,0,0,0,10,10,-1,72.8136,1.5
2000009178,103.467,0,0,-103.467,103.467,249,0,0,0,10,8,-22.5,69.8687,1.5
2000009185,105.193,0,0,-105.193,105.193,256,0,0,0,10,15,26,71,1.5
2000009185,104.078,0,0,-104.078,104.078,256,0,0,0,10,18,33.5742,67.5742,1.5
2000009186,98.1852,0,0,-98.1852,98.1852,257,0,0,0,10,12,-16.5,74.1348,1.5
2000009188,100.616,0,0,-100.616,100.616,259,0,0,0,10,14,-28.2012,71.2012,1.5
2019857392,105.193,0,0,-105.193,105.193,256,15,26,71,1.5,0,0,0,10
2021607351,101.242,0,0,-101.242,101.242,215,3,-22.2838,59.5,1.5,0,0,0,10
2022607243,84.3043,0,0,-84.3043,84.3043,107,9,3.51016,30.0102,1.5,0,0,0,10
2022973306,83.7548,0,0,-83.7548,83.7548,98,4,-13.5764,25.5764,1.5,0,0,0,10
2023357298,96.107,0,0,-96.107,96.107,162,13,18.4527,43.4527,1.5,0,0,0,10
2023857393,98.1852,0,0,-98.1852,98.1852,257,12,-16.5,74.1348,1.5,0,0,0,10
2023973383,96.7692,0,0,-96.7692,96.7692,175,2,-5.22702,51.5,1.5,0,0,0,10
2024357395,100.616,0,0,-100.616,100.616,259,14,-28.2012,71.2012,1.5,0,0,0,10
2024857254,84.6175,0,0,-84.6175,84.6175,118,16,8.19926,33,1.5,0,0,0,10
2024982383,96.5672,0,0,-96.5672,96.5672,247,10,-1,72.8136,1.5,0,0,0,10
2025107228,83.7717,0,0,-83.7717,83.7717,92,7,9.07932,24.5,1.5,0,0,0,10
2025607247,84.8891,0,0,-84.8891,84.8891,111,1,-10.4652,30.0348,1.5,0,0,0,10
2025982385,103.467,0,0,-103.467,103.467,249,8,-22.5,69.8687,1.5,0,0,0,10
2026232316,95.1105,0,0,-95.1105,95.1105,180,5,-22,47.7679,1.5,0,0,0,10
2028473433,98.1273,0,0,-98.1273,98.1273,224,11,13,64.5581,1.5,0,0,0,10
2028982232,84.1783,0,0,-84.1783,84.1783,96,19,11.0384,24.9616,1.5,0,0,0,10
2029348431,103.18,0,0,-103.18,103.18,223,17,28.5,58.9788,1.5,0,0,0,10
2029982210,81.9587,0,0,-81.9587,81.9587,74,6,1.5,19.6339,1.5,0,0,0,10
2030982392,104.078,0,0,-104.078,104.078,256,18,33.5742,67.5742,1.5,0,0,0,10
2031607305,95.2284,0,0,-95.2284,95.2284,169,20,12.3212,47.8212,1.5,0,0,0,10
2050000098,83.7548,0,0,-83.7548,83.7548,98,0,0,0,10,4,-13.5764,25.5764,1.5
2050000175,96.7692,0,0,-96.7692,96.7692,175,0,0,0,10,2,-5.22702,51.5,1.5
2050009003,81.9587,0,0,-81.9587,81.9587,74,0,0,0,10,6,1.5,19.6339,1.5
2050009021,83.7717,0,0,-83.7717,83.7717,92,0,0,0,10,7,9.07932,24.5,1.5
2050009025,84.1783,0,0,-84.1783,84.1783,96,0,0,0,10,19,11.0384,24.9616,1.5
2050009036,84.3043,0,0,-84.3043,84.3043,107,0,0,0,10,9,3.51016,30.0102,1.5
2050009040,84.8891,0,0,-84.8891,84.8891,111,0,0,0,10,1,-10.4652,30.0348,1.5
2050009047,84.6175,0,0,-84.6175,84.6175,118,0,0,0,10,16,8.19926,33,1.5
2050009091,96.107,0,0,-96.107,96.107,162,0,0,0,10,13,18.4527,43.4527,1.5
2050009098,95.2284,0,0,-95.2284,95.2284,169,0,0,0,10,20,12.3212,47.8212,1.5
2050009109,95.1105,0,0,-95.1105,95.1105,180,0,0,0,10,5,-22,47.7679,1.5
2050009144,101.242,0,0,-101.242,101.242,215,0,0,0,10,3,-22.2838,59.5,1.5
2050009152,103.18,0,0,-103.18,103.18,223,0,0,0,10,17,28.5,58.9788,1.5
2050009153,98.1273,0,0,-98.1273,98.1273,224,0,0,0,10,11,13,64.5581,1.5
2050009176,96.5672,0,0,-96.5672,96.5672,247,0,0,0,10,10,-1,72.8136,1.5
2050009178,103.467,0,0,-103.467,103.467,249,0,0,0,10,8,-22.5,69.8687,1.5
2050009185,105.193,0,0,-105.193,105.193,256,0,0,0,10,15,26,71,1.5
2050009185,104.078,0,0,-104.078,104.078,256,0,0,0,10,18,33.5742,67.5742,1.5
2050009186,98.1852,0,0,-98.1852,98.1852,257,0,0,0,10,12,-16.5,74.1348,1.5
2050009188,100.616,0,0,-100.616,100.616,259,0,0,0,10,14,-28.2012,71.2012,1.5
2070232392,105.193,0,0,-105.193,105.193,256,15,26,71,1.5,0,0,0,10
2071982351,101.242,0,0,-101.242,101.242,215,3,-22.2838,59.5,1.5,0,0,0,10
2072973306,83.7548,0,0,-83.7548,83.7548,98,4,-13.5764,25.5764,1.5,0,0,0,10
2072982243,84.3043,0,0,-84.3043,84.3043,107,9,3.51016,30.0102,1.5,0,0,0,10
2073357298,96.107,0,0,-96.107,96.107,162,13,18.4527,43.4527,1.5,0,0,0,10
2073973383,96.7692,0,0,-96.7692,96.7692,175,2,-5.22702,51.5,1.5,0,0,0,10
2074232393,98.1852,0,0,-98.1852,98.1852,257,12,-16.5,74.1348,1.5,0,0,0,10
2074357395,100.616,0,0,-100.616,100.616,259,14,-28.2012,71.2012,1.5,0,0,0,10
2075232254,84.6175,0,0,-84.6175,84.6175,118,16,8.19926,33,1.5,0,0,0,10
2075357383,96.5672,0,0,-96.5672,96.5672,247,10,-1,72.8136,1.5,0,0,0,10
2075607228,83.7717,0,0,-83.7717,83.7717,92,7,9.07932,24.5,1.5,0,0,0,10
2075982247,84.8891,0,0,-84.8891,84.8891,111,1,-10.4652,30.0348,1.5,0,0,0,10
2076482385,103.467,0,0,-103.467,103.467,249,8,-22.5,69.8687,1.5,0,0,0,10
2076607316,95.1105,0,0,-95.1105,95.1105,180,5,-22,47.7679,1.5,0,0,0,10
2079107360,98.1273,0,0,-98.1273,98.1273,224,11,13,64.5581,1.5,0,0,0,10
2079348431,103.18,0,0,-103.18,103.18,223,17,28.5,58.9788,1.5,0,0,0,10
2079607232,84.1783,0,0,-84.1783,84.1783,96,19,11.0384,24.9616,1.5,0,0,0,10
2080357210,81.9587,0,0,-81.9587,81.9587,74,6,1.5,19.6339,1.5,0,0,0,10
2081607392,104.078,0,0,-104.078,104.078,256,18,33.5742,67.5742,1.5,0,0,0,10
2082232305,95.2284,0,0,-95.2284,95.2284,169,20,12.3212,47.8212,1.5,0,0,0,10
2100000098,83.7548,0,0,-83.7548,83.7548,98,0,0,0,10,4,-13.6824,25.6824,1.5
2100000175,96.7692,0,0,-96.7692,96.7692,175,0,0,0,10,2,-5.37702,51.5,1.5
2100009003,81.9587,0,0,-81.9587,81.9587,74,0,0,0,10,6,1.5,19.4839,1.5
2100009021,83.7717,0,0,-83.7717,83.7717,92,0,0,0,10,7,9.22932,24.5,1.5
2100009025,84.1783,0,0,-84.1783,84.1783,96,0,0,0,10,19,11.1444,24.8556,1.5
2100009036,84.3043,0,0,-84.3043,84.3043,107,0,0,0,10,9,3.40409,29.9041,1.5
2100009040,84.8891,0,0,-84.8891,84.8891,111,0,0,0,10,1,-10.5713,29.9287,1.5
2100009047,84.6175,0,0,-84.6175,84.6175,118,0,0,0,10,16,8.04926,33,1.5
2100009091,96.107,0,0,-96.107,96.107,162,0,0,0,10,13,18.3466,43.3466,1.5
2100009098,95.2284,0,0,-95.2284,95.2284,169,0,0,0,10,20,12.2151,47.7151,1.5
2100009109,95.1105,0,0,-95.1105,95.1105,180,0,0,0,10,5,-22,47.6179,1.5
2100009144,101.242,0,0,-101.242,101.242,215,0,0,0,10,3,-22.1338,59.5,1.5
2100009152,103.18,0,0,-103.18,103.18,223,0,0,0,10,17,28.5,58.8288,1.5
2100009153,98.1273,0,0,-98.1273,98.1273,224,0,0,0,10,11,13,64.4081,1.5
2100009176,96.5672,0,0,-96.5672,96.5672,247,0,0,0,10,10,-1,72.6636,1.5
2100009178,103.467,0,0,-103.467,103.467,249,0,0,0,10,8,-22.5,69.7187,1.5
2100009185,105.193,0,0,-105.193,105.193,256,0,0,0,10,15,25.8939,70.8939,1.5
2100009185,104.078,0,0,-104.078,104.078,256,0,0,0,10,18,33.4681,67.4681,1.5
2100009186,98.1852,0,0,-98.1852,98.1852,257,0,0,0,10,12,-16.4893,73.9893,1.5
2100009188,100.616,0,0,-100.616,100.616,259,0,0,0,10,14,-28.0952,71.0952,1.5
2120473465,105.193,0,0,-105.193,105.193,256,15,25.8939,70.8939,1.5,0,0,0,10
2122357351,101.242,0,0,-101.242,101.242,215,3,-22.1338,59.5,1.5,0,0,0,10
2122973306,83.7548,0,0,-83.7548,83.7548,98,4,-13.6824,25.6824,1.5,0,0,0,10
2123357243,84.3043,0,0,-84.3043,84.3043,107,9,3.40409,29.9041,1.5,0,0,0,10
2123357298,96.107,0,0,-96.107,96.107,162,13,18.3466,43.3466,1.5,0,0,0,10
2123973383,96.7692,0,0,-96.7692,96.7692,175,2,-5.37702,51.5,1.5,0,0,0,10
2124357395,100.616,0,0,-100.616,100.616,259,14,-28.0952,71.0952,1.5,0,0,0,10
2124607393,98.1852,0,0,-98.1852,98.1852,257,12,-16.4893,73.9893,1.5,0,0,0,10
2125607254,84.6175,0,0,-84.6175,84.6175,118,16,8.04926,33,1.5,0,0,0,10
2125732383,96.5672,0,0,-96.5672,96.5672,247,10,-1,72.6636,1.5,0,0,0,10
2125982228,83.7717,0,0,-83.7717,83.7717,92,7,9.22932,24.5,1.5,0,0,0,10
2126357247,84.8891,0,0,-84.8891,84.8891,111,1,-10.5713,29.9287,1.5,0,0,0,10
2126857385,103.467,0,0,-103.467,103.467,249,8,-22.5,69.7187,1.5,0,0,0,10
2126982316,95.1105,0,0,-95.1105,95.1105,180,5,-22,47.6179,1.5,0,0,0,10
2129348431,103.18,0,0,-103.18,103.18,223,17,28.5,58.8288,1.5,0,0,0,10
2129482360,98.1273,0,0,-98.1273,98.1273,224,11,13,64.4081,1.5,0,0,0,10
2130357232,84.1783,0,0,-84.1783,84.1783,96,19,11.1444,24.8556,1.5,0,0,0,10
2130857210,81.9587,0,0,-81.9587,81.9587,74,6,1.5,19.4839,1.5,0,0,0,10
2132357392,104.078,0,0,-104.078,104.078,256,18,33.4681,67.4681,1.5,0,0,0,10
2132982305,95.2284,0,0,-95.2284,95.2284,169,20,12.2151,47.7151,1.5,0,0,0,10
2150000098,83.7548,0,0,-83.7548,83.7548,98,0,0,0,10,4,-13.6824,25.6824,1.5
2150000175,96.7692,0,0,-96.7692,96.7692,175,0,0,0,10,2,-5.37702,51.5,1.5
2150009003,81.9587,0,0,-81.9587,81.9587,74,0,0,0,10,6,1.5,19.4839,1.5
2150009021,83.7717,0,0,-83.7717,83.7717,92,0,0,0,10,7,9.22932,24.5,1.5
2150009025,84.1783,0,0,-84.1783,84.1783,96,0,0,0,10,19,11.1444,24.8556,1.5
2150009036,84.3043,0,0,-84.3043,84.3043,107,0,0,0,10,9,3.40409,29.9041,1.5
2150009040,84.8891,0,0,-84.8891,84.8891,111,0,0,0,10,1,-10.5713,29.9287,1.5
2150009047,84.6175,0,0,-84.6175,84.6175,118,0,0,0,10,16,8.04926,33,1.5
2150009091,96.107,0,0,-96.107,96.107,162,0,0,0,10,13,18.3466,43.3466,1.5
2150009098,95.2284,0,0,-95.2284,95.2284,169,0,0,0,10,20,12.2151,47.7151,1.5
2150009109,95.1105,0,0,-95.1105,95.1105,180,0,0,0,10,5,-22,47.6179,1.5
2150009144,101.242,0,0,-101.242,101.242,215,0,0,0,10,3,-22.1338,59.5,1.5
2150009152,103.18,0,0,-103.18,103.18,223,0,0,0,10,17,28.5,58.8288,1.5
2150009153,98.1273,0,0,-98.1273,98.1273,224,0,0,0,10,11,13,64.4081,1.5
2150009176,96.5672,0,0,-96.5672,96.5672,247,0,0,0,10,10,-1,72.6636,1.5
2150009178,103.467,0,0,-103.467,103.467,249,0,0,0,10,8,-22.5,69.7187,1.5
2150009185,105.193,0,0,-105.193,105.193,256,0,0,0,10,15,25.8939,70.8939,1.5
2150009185,104.078,0,0,-104.078,104.078,256,0,0,0,10,18,33.4681,67.4681,1.5
2150009186,98.1852,0,0,-98.1852,98.1852,257,0,0,0,10,12,-16.4893,73.9893,1.5
2150009188,100.616,0,0,-100.616,100.616,259,0,0,0,10,14,-28.0952,71.0952,1.5
2170982392,105.193,0,0,-105.193,105.193,256,15,25.8939,70.8939,1.5,0,0,0,10
2172732351,101.242,0,0,-101.242,101.242,215,3,-22.1338,59.5,1.5,0,0,0,10
2172973306,83.7548,0,0,-83.7548,83.7548,98,4,-13.6824,25.6824,1.5,0,0,0,10
2173357298,96.107,0,0,-96.107,96.107,162,13,18.3466,43.3466,1.5,0,0,0,10
2173857243,84.3043,0,0,-84.3043,84.3043,107,9,3.40409,29.9041,1.5,0,0,0,10
2173973383,96.7692,0,0,-96.7692,96.7692,175,2,-5.37702,51.5,1.5,0,0,0,10
2174357395,100.616,0,0,-100.616,100.616,259,14,-28.0952,71.0952,1.5,0,0,0,10
2175107393,98.1852,0,0,-98.1852,98.1852,257,12,-16.4893,73.9893,1.5,0,0,0,10
2176107254,84.6175,0,0,-84.6175,84.6175,118,16,8.04926,33,1.5,0,0,0,10
2176107383,96.5672,0,0,-96.5672,96.5672,247,10,-1,72.6636,1.5,0,0,0,10
2176357228,83.7717,0,0,-83.7717,83.7717,92,7,9.22932,24.5,1.5,0,0,0,10
2176732247,84.8891,0,0,-84.8891,84.8891,111,1,-10.5713,29.9287,1.5,0,0,0,10
2177232385,103.467,0,0,-103.467,103.467,249,8,-22.5,69.7187,1.5,0,0,0,10
2177482316,95.1105,0,0,-95.1105,95.1105,180,5,-22,47.6179,1.5,0,0,0,10
2179348431,103.18,0,0,-103.18,103.18,223,17,28.5,58.8288,1.5,0,0,0,10
2179857360,98.1273,0,0,-98.1273,98.1273,224,11,13,64.4081,1.5,0,0,0,10
2180982232,84.1783,0,0,-84.1783,84.1783,96,19,11.1444,24.8556,1.5,0,0,0,10
2181232210,81.9587,0,0,-81.9587,81.9587,74,6,1.5,19.4839,1.5,0,0,0,10
2182982392,104.078,0,0,-104.078,104.078,256,18,33.4681,67.4681,1.5,0,0,0,10
2183607305,95.2284,0,0,-95.2284,95.2284,169,20,12.2151,47.7151,1.5,0,0,0,10
2200000098,83.7548,0,0,-83.7548,83.7548,98,0,0,0,10,4,-13.7885,25.7885,1.5
2200000175,96.7692,0,0,-96.7692,96.7692,175,0,0,0,10,2,-5.51911,51.5191,1.5
2200125074,81.9587,0,0,-81.9587,81.9587,74,0,0,0,10,6,1.5,19.3339,1.5
2200125092,83.7717,0,0,-83.7717,83.7717,92,0,0,0,10,7,9.37932,24.5,1.5
2200125096,84.1783,0,0,-84.1783,84.1783,96,0,0,0,10,19,11.2505,24.7495,1.5
2200125107,84.3043,0,0,-84.3043,84.3043,107,0,0,0,10,9,3.29802,29.798,1.5
2200125111,84.8891,0,0,-84.8891,84.8891,111,0,0,0,10,1,-10.6774,29.8226,1.5
2200125118,84.6175,0,0,-84.6175,84.6175,118,0,0,0,10,16,7.89926,33,1.5
2200125162,96.107,0,0,-96.107,96.107,162,0,0,0,10,13,18.2406,43.2406,1.5
2200125169,95.2284,0,0,-95.2284,95.2284,169,0,0,0,10,20,12.109,47.609,1.5
2200125180,95.1105,0,0,-95.1105,95.1105,180,0,0,0,10,5,-22,47.4679,1.5
2200125215,101.242,0,0,-101.242,101.242,215,0,0,0,10,3,-21.9838,59.5,1.5
2200125223,103.18,0,0,-103.18,103.18,223,0,0,0,10,17,28.5,58.6788,1.5
2200125224,98.1273,0,0,-98.1273,98.1273,224,0,0,0,10,11,13,64.2581,1.5
2200125247,96.5672,0,0,-96.5672,96.5672,247,0,0,0,10,10,-1,72.5136,1.5
2200125249,103.467,0,0,-103.467,103.467,249,0,0,0,10,8,-22.5,69.5687,1.5
2200125256,105.193,0,0,-105.193,105.193,256,0,0,0,10,15,25.7878,70.7878,1.5
2200125256,104.078,0,0,-104.078,104.078,256,0,0,0,10,18,33.3621,67.3621,1.5
2200125257,98.1852,0,0,-98.1852,98.1852,257,0,0,0,10,12,-16.3832,73.8832,1.5
2200125259,100.616,0,0,-100.616,100.616,259,0,0,0,10,14,-27.9891,70.9891,1.5
2221357392,105.193,0,0,-105.193,105.193,256,15,25.7878,70.7878,1.5,0,0,0,10
2222973306,83.7548,0,0,-83.7548,83.7548,98,4,-13.7885,25.7885,1.5,0,0,0,10
2223232351,101.242,0,0,-101.242,101.242,215,3,-21.9838,59.5,1.5,0,0,0,10
2223357298,96.107,0,0,-96.107,96.107,162,13,18.2406,43.2406,1.5,0,0,0,10
2223973383,96.7692,0,0,-96.7692,96.7692,175,2,-5.51911,51.5191,1.5,0,0,0,10
2224232243,84.3043,0,0,-84.3043,84.3043,107,9,3.29802,29.798,1.5,0,0,0,10
2224357395,100.616,0,0,-100.616,100.616,259,14,-27.9891,70.9891,1.5,0,0,0,10
2225482393,98.1852,0,0,-98.1852,98.1852,257,12,-16.3832,73.8832,1.5,0,0,0,10
2226482254,84.6175,0,0,-84.6175,84.6175,118,16,7.89926,33,1.5,0,0,0,10
2226607383,96.5672,0,0,-96.5672,96.5672,247,10,-1,72.5136,1.5,0,0,0,10
2226732228,83.7717,0,0,-83.7717,83.7717,92,7,9.37932,24.5,1.5,0,0,0,10
2227107247,84.8891,0,0,-84.8891,84.8891,111,1,-10.6774,29.8226,1.5,0,0,0,10
2227607385,103.467,0,0,-103.467,103.467,249,8,-22.5,69.5687,1.5,0,0,0,10
2227857316,95.1105,0,0,-95.1105,95.1105,180,5,-22,47.4679,1.5,0,0,0,10
2229348431,103.18,0,0,-103.18,103.18,223,17,28.5,58.6788,1.5,0,0,0,10
2230357360,98.1273,0,0,-98.1273,98.1273,224,11,13,64.2581,1.5,0,0,0,10
2231607210,81.9587,0,0,-81.9587,81.9587,74,6,1.5,19.3339,1.5,0,0,0,10
2231732232,84.1783,0,0,-84.1783,84.1783,96,19,11.2505,24.7495,1.5,0,0,0,10
2233348464,104.078,0,0,-104.078,104.078,256,18,33.3621,67.3621,1.5,0,0,0,10
2234357305,95.2284,0,0,-95.2284,95.2284,169,20,12.109,47.609,1.5,0,0,0,10
2250000098,83.7548,0,0,-83.7548,83.7548,98,0,0,0,10,4,-13.7885,25.7885,1.5
2250000175,96.7692,0,0,-96.7692,96.7692,175,0,0,0,10,2,-5.51911,51.5191,1.5
2250125074,81.9587,0,0,-81.9587,81.9587,74,0,0,0,10,6,1.5,19.3339,1.5
2250125092,83.7717,0,0,-83.7717,83.7717,92,0,0,0,10,7,9.37932,24.5,1.5
2250125096,84.1783,0,0,-84.1783,84.1783,96,0,0,0,10,19,11.2505,24.7495,1.5
2250125107,84.3043,0,0,-84.3043,84.3043,107,0,0,0,10,9,3.29802,29.798,1.5
2250125111,84.8891,0,0,-84.8891,84.8891,111,0,0,0,10,1,-10.6774,29.8226,1.5
2250125118,84.6175,0,0,-84.6175,84.6175,118,0,0,0,10,16,7.89926,33,1.5
2250125162,96.107,0,0,-96.107,96.107,162,0,0,0,10,13,18.2406,43.2406,1.5
2250125169,95.2284,0,0,-95.2284,95.2284,169,0,0,0,10,20,12.109,47.609,1.5
2250125180,95.1105,0,0,-95.1105,95.1105,180,0,0,0,10,5,-22,47.4679,1.5
2250125215,101.242,0,0,-101.242,101.242,215,0,0,0,10,3,-21.9838,59.5,1.5
2250125223,103.18,0,0,-103.18,103.18,223,0,0,0,10,17,28.5,58.6788,1.5
2250125224,98.1273,0,0,-98.1273,98.1273,224,0,0,0,10,11,13,64.2581,1.5
2250125247,96.5672,0,0,-96.5672,96.5672,247,0,0,0,10,10,-1,72.5136,1.5
2250125249,103.467,0,0,-103.467,103.467,249,0,0,0,10,8,-22.5,69.5687,1.5
2250125256,105.193,0,0,-105.193,105.193,256,0,0,0,10,15,25.7878,70.7878,1.5
2250125256,104.078,0,0,-104.078,104.078,256,0,0,0,10,18,33.3621,67.3621,1.5
2250125257,98.1852,0,0,-98.1852,98.1852,257,0,0,0,10,12,-16.3832,73.8832,1.5
2250125259,100.616,0,0,-100.616,100.616,259,0,0,0,10,14,-27.9891,70.9891,1.5
2271839537,105.193,0,0,-105.193,105.193,256,15,25.7878,70.7878,1.5,0,0,0,10
2272973306,83.7548,0,0,-83.7548,83.7548,98,4,-13.7885,25.7885,1.5,0,0,0,10
2273357298,96.107,0,0,-96.107,96.107,162,13,18.2406,43.2406,1.5,0,0,0,10
2273607351,101.242,0,0,-101.242,101.242,215,3,-21.9838,59.5,1.5,0,0,0,10
2273973383,96.7692,0,0,-96.7692,96.7692,175,2,-5.51911,51.5191,1.5,0,0,0,10
2274348316,84.3043,0,0,-84.3043,84.3043,107,9,3.29802,29.798,1.5,0,0,0,10
2274357395,100.616,0,0,-100.616,100.616,259,14,-27.9891,70.9891,1.5,0,0,0,10
2275857393,98.1852,0,0,-98.1852,98.1852,257,12,-16.3832,73.8832,1.5,0,0,0,10
2276857254,84.6175,0,0,-84.6175,84.6175,118,16,7.89926,33,1.5,0,0,0,10
2276982383,96.5672,0,0,-96.5672,96.5672,247,10,-1,72.5136,1.5,0,0,0,10
2277107228,83.7717,0,0,-83.7717,83.7717,92,7,9.37932,24.5,1.5,0,0,0,10
2277607247,84.8891,0,0,-84.8891,84.8891,111,1,-10.6774,29.8226,1.5,0,0,0,10
2277982385,103.467,0,0,-103.467,103.467,249,8,-22.5,69.5687,1.5,0,0,0,10
2278232316,95.1105,0,0,-95.1105,95.1105,180,5,-22,47.4679,1.5,0,0,0,10
2279348431,103.18,0,0,-103.18,103.18,223,17,28.5,58.6788,1.5,0,0,0,10
2280732360,98.1273,0,0,-98.1273,98.1273,224,11,13,64.2581,1.5,0,0,0,10
2281982210,81.9587,0,0,-81.9587,81.9587,74,6,1.5,19.3339,1.5,0,0,0,10
2282098304,84.1783,0,0,-84.1783,84.1783,96,19,11.2505,24.7495,1.5,0,0,0,10
2283348464,104.078,0,0,-104.078,104.078,256,18,33.3621,67.3621,1.5,0,0,0,10
2284982305,95.2284,0,0,-95.2284,95.2284,169,20,12.109,47.609,1.5,0,0,0,10
2300000098,83.7548,0,0,-83.7548,83.7548,98,0,0,0,10,4,-13.8946,25.8946,1.5
2300000175,96.7692,0,0,-96.7692,96.7692,175,0,0,0,10,2,-5.62517,51.6252,1.5
2300125074,81.9587,0,0,-81.9587,81.9587,74,0,0,0,10,6,1.5,19.1839,1.5
2300125092,83.7717,0,0,-83.7717,83.7717,92,0,0,0,10,7,9.52932,24.5,1.5
2300125096,84.1783,0,0,-84.1783,84.1783,96,0,0,0,10,19,11.3566,24.6434,1.5
2300125107,84.3043,0,0,-84.3043,84.3043,107,0,0,0,10,9,3.19196,29.692,1.5
2300125111,84.8891,0,0,-84.8891,84.8891,111,0,0,0,10,1,-10.7834,29.7166,1.5
2300125118,84.6175,0,0,-84.6175,84.6175,118,0,0,0,10,16,7.74926,33,1.5
2300125162,96.107,0,0,-96.107,96.107,162,0,0,0,10,13,18.1345,43.1345,1.5
2300125169,95.2284,0,0,-95.2284,95.2284,169,0,0,0,10,20,12.003,47.503,1.5
2300125180,95.1105,0,0,-95.1105,95.1105,180,0,0,0,10,5,-22,47.3179,1.5
2300125215,101.242,0,0,-101.242,101.242,215,0,0,0,10,3,-21.8338,59.5,1.5
2300125223,103.18,0,0,-103.18,103.18,223,0,0,0,10,17,28.5,58.5288,1.5
2300125224,98.1273,0,0,-98.1273,98.1273,224,0,0,0,10,11,13,64.1081,1.5
2300125247,96.5672,0,0,-96.5672,96.5672,247,0,0,0,10,10,-1,72.3636,1.5
2300125249,103.467,0,0,-103.467,103.467,249,0,0,0,10,8,-22.5,69.4187,1.5
2300125256,105.193,0,0,-105.193,105.193,256,0,0,0,10,15,25.6818,70.6818,1.5
2300125256,104.078,0,0,-104.078,104.078,256,0,0,0,10,18,33.256,67.256,1.5
2300125257,98.1852,0,0,-98.1852,98.1852,257,0,0,0,10,12,-16.2771,73.7771,1.5
2300125259,100.616,0,0,-100.616,100.616,259,0,0,0,10,14,-27.883,70.883,1.5
2321839537,105.193,0,0,-105.193,105.193,256,15,25.6818,70.6818,1.5,0,0,0,10
2322973306,83.7548,0,0,-83.7548,83.7548,98,4,-13.8946,25.8946,1.5,0,0,0,10
2323357298,96.107,0,0,-96.107,96.107,162,13,18.1345,43.1345,1.5,0,0,0,10
2323973383,96.7692,0,0,-96.7692,96.7692,175,2,-5.62517,51.6252,1.5,0,0,0,10
2323982351,101.242,0,0,-101.242,101.242,215,3,-21.8338,59.5,1.5,0,0,0,10
2324357395,100.616,0,0,-100.616,100.616,259,14,-27.883,70.883,1.5,0,0,0,10
2324982243,84.3043,0,0,-84.3043,84.3043,107,9,3.19196,29.692,1.5,0,0,0,10
2326232393,98.1852,0,0,-98.1852,98.1852,257,12,-16.2771,73.7771,1.5,0,0,0,10
2327232254,84.6175,0,0,-84.6175,84.6175,118,16,7.74926,33,1.5,0,0,0,10
2327357383,96.5672,0,0,-96.5672,96.5672,247,10,-1,72.3636,1.5,0,0,0,10
2327607228,83.7717,0,0,-83.7717,83.7717,92,7,9.52932,24.5,1.5,0,0,0,10
2327982247,84.8891,0,0,-84.8891,84.8891,111,1,-10.7834,29.7166,1.5,0,0,0,10
2328482385,103.467,0,0,-103.467,103.467,249,8,-22.5,69.4187,1.5,0,0,0,10
2328607316,95.1105,0,0,-95.1105,95.1105,180,5,-22,47.3179,1.5,0,0,0,10
2329348431,103.18,0,0,-103.18,103.18,223,17,28.5,58.5288,1.5,0,0,0,10
2331107360,98.1273,0,0,-98.1273,98.1273,224,11,13,64.1081,1.5,0,0,0,10
2332098304,84.1783,0,0,-84.1783,84.1783,96,19,11.3566,24.6434,1.5,0,0,0,10
2332357210,81.9587,0,0,-81.9587,81.9587,74,6,1.5,19.1839,1.5,0,0,0,10
2333348464,104.078,0,0,-104.078,104.078,256,18,33.256,67.256,1.5,0,0,0,10
2335732305,95.2284,0,0,-95.2284,95.2284,169,20,12.003,47.503,1.5,0,0,0,10
2350000098,83.7548,0,0,-83.7548,83.7548,98,0,0,0,10,4,-13.8946,25.8946,1.5
2350000175,96.7692,0,0,-96.7692,96.7692,175,0,0,0,10,2,-5.62517,51.6252,1.5
2350125074,81.9587,0,0,-81.9587,81.9587,74,0,0,0,10,6,1.5,19.1839,1.5
2350125092,83.7717,0,0,-83.7717,83.7717,92,0,0,0,10,7,9.52932,24.5,1.5
2350125096,84.1783,0,0,-84.1783,84.1783,96,0,0,0,10,19,11.3566,24.6434,1.5
2350125107,84.3043,0,0,-84.3043,84.3043,107,0,0,0,10,9,3.19196,29.692,1.5
2350125111,84.8891,0,0,-84.8891,84.8891,111,0,0,0,10,1,-10.7834,29.7166,1.5
2350125118,84.6175,0,0,-84.6175,84.6175,118,0,0,0,10,16,7.74926,33,1.5
2350125162,96.107,0,0,-96.107,96.107,162,0,0,0,10,13,18.1345,43.1345,1.5
2350125169,95.2284,0,0,-95.2284,95.2284,169,0,0,0,10,20,12.003,47.503,1.5
2350125180,95.1105,0,0,-95.1105,95.1105,180,0,0,0,10,5,-22,47.3179,1.5
2350125215,101.242,0,0,-101.242,101.242,215,0,0,0,10,3,-21.8338,59.5,1.5
2350125223,103.18,0,0,-103.18,103.18,223,0,0,0,10,17,28.5,58.5288,1.5
2350125224,98.1273,0,0,-98.1273,98.1273,224,0,0,0,10,11,13,64.1081,1.5
2350125247,96.5672,0,0,-96.5672,96.5672,247,0,0,0,10,10,-1,72.3636,1.5
2350125249,103.467,0,0,-103.467,103.467,249,0,0,0,10,8,-22.5,69.4187,1.5
2350125256,105.193,0,0,-105.193,105.193,256,0,0,0,10,15,25.6818,70.6818,1.5
2350125256,104.078,0,0,-104.078,104.078,256,0,0,0,10,18,33.256,67.256,1.5
2350125257,98.1852,0,0,-98.1852,98.1852,257,0,0,0,10,12,-16.2771,73.7771,1.5
2350125259,100.616,0,0,-100.616,100.616,259,0,0,0,10,14,-27.883,70.883,1.5
2371857392,105.193,0,0,-105.193,105.193,256,15,25.6818,70.6818,1.5,0,0,0,10
2372973306,83.7548,0,0,-83.7548,83.7548,98,4,-13.8946,25.8946,1.5,0,0,0,10
2373357298,96.107,0,0,-96.107,96.107,162,13,18.1345,43.1345,1.5,0,0,0,10
2373973383,96.7692,0,0,-96.7692,96.7692,175,2,-5.62517,51.6252,1.5,0,0,0,10
2374357351,101.242,0,0,-101.242,101.242,215,3,-21.8338,59.5,1.5,0,0,0,10
2374357395,100.616,0,0,-100.616,100.616,259,14,-27.883,70.883,1.5,0,0,0,10
2375357243,84.3043,0,0,-84.3043,84.3043,107,9,3.19196,29.692,1.5,0,0,0,10
2376607393,98.1852,0,0,-98.1852,98.1852,257,12,-16.2771,73.7771,1.5,0,0,0,10
2377607254,84.6175,0,0,-84.6175,84.6175,118,16,7.74926,33,1.5,0,0,0,10
2377732383,96.5672,0,0,-96.5672,96.5672,247,10,-1,72.3636,1.5,0,0,0,10
2377982228,83.7717,0,0,-83.7717,83.7717,92,7,9.52932,24.5,1.5,0,0,0,10
2378357247,84.8891,0,0,-84.8891,84.8891,111,1,-10.7834,29.7166,1.5,0,0,0,10
2378857385,103.467,0,0,-103.467,103.467,249,8,-22.5,69.4187,1.5,0,0,0,10
2378982316,95.1105,0,0,-95.1105,95.1105,180,5,-22,47.3179,1.5,0,0,0,10
2379348431,103.18,0,0,-103.18,103.18,223,17,28.5,58.5288,1.5,0,0,0,10
2381482360,98.1273,0,0,-98.1273,98.1273,224,11,13,64.1081,1.5,0,0,0,10
2382098304,84.1783,0,0,-84.1783,84.1783,96,19,11.3566,24.6434,1.5,0,0,0,10
2382857210,81.9587,0,0,-81.9587,81.9587,74,6,1.5,19.1839,1.5,0,0,0,10
2383348464,104.078,0,0,-104.078,104.078,256,18,33.256,67.256,1.5,0,0,0,10
2386223377,95.2284,0,0,-95.2284,95.2284,169,20,12.003,47.503,1.5,0,0,0,10
2400000098,83.7548,0,0,-83.7548,83.7548,98,0,0,0,10,4,-14.0006,26.0006,1.5
2400000175,96.7692,0,0,-96.7692,96.7692,175,0,0,0,10,2,-5.73124,51.7312,1.5
2400125074,81.9587,0,0,-81.9587,81.9587,74,0,0,0,10,6,1.5,19.0339,1.5
2400125092,83.7717,0,0,-83.7717,83.7717,92,0,0,0,10,7,9.67932,24.5,1.5
2400125096,84.1783,0,0,-84.1783,84.1783,96,0,0,0,10,19,11.4626,24.5374,1.5
2400125107,84.3043,0,0,-84.3043,84.3043,107,0,0,0,10,9,3.08589,29.5859,1.5
2400125111,84.8891,0,0,-84.8891,84.8891,111,0,0,0,10,1,-10.8895,29.6105,1.5
2400125118,84.6175,0,0,-84.6175,84.6175,118,0,0,0,10,16,7.59926,33,1.5
2400125162,96.107,0,0,-96.107,96.107,162,0,0,0,10,13,18.0284,43.0284,1.5
2400125169,95.2284,0,0,-95.2284,95.2284,169,0,0,0,10,20,11.8969,47.3969,1.5
2400125180,95.1105,0,0,-95.1105,95.1105,180,0,0,0,10,5,-22,47.1679,1.5
2400125215,101.242,0,0,-101.242,101.242,215,0,0,0,10,3,-21.6838,59.5,1.5
2400125223,103.18,0,0,-103.18,103.18,223,0,0,0,10,17,28.5,58.3788,1.5
2400125224,98.1273,0,0,-98.1273,98.1273,224,0,0,0,10,11,13,63.9581,1.5
2400125247,96.5672,0,0,-96.5672,96.5672,247,0,0,0,10,10,-1,72.2136,1.5
2400125249,103.467,0,0,-103.467,103.467,249,0,0,0,10,8,-22.5,69.2687,1.5
2400125256,105.193,0,0,-105.193,105.193,256,0,0,0,10,15,25.5757,70.5757,1.5
2400125256,104.078,0,0,-104.078,104.078,256,0,0,0,10,18,33.1499,67.1499,1.5
2400125257,98.1852,0,0,-98.1852,98.1852,257,0,0,0,10,12,-16.1711,73.6711,1.5
2400125259,100.616,0,0,-100.616,100.616,259,0,0,0,10,14,-27.777,70.777,1.5
2422232392,105.193,0,0,-105.193,105.193,256,15,25.5757,70.5757,1.5,0,0,0,10
2422973306,83.7548,0,0,-83.7548,83.7548,98,4,-14.0006,26.0006,1.5,0,0,0,10
2423357298,96.107,0,0,-96.107,96.107,162,13,18.0284,43.0284,1.5,0,0,0,10
2423973383,96.7692,0,0,-96.7692,96.7692,175,2,-5.73124,51.7312,1.5,0,0,0,10
2424357395,100.616,0,0,-100.616,100.616,259,14,-27.777,70.777,1.5,0,0,0,10
2424732351,101.242,0,0,-101.242,101.242,215,3,-21.6838,59.5,1.5,0,0,0,10
2425857243,84.3043,0,0,-84.3043,84.3043,107,9,3.08589,29.5859,1.5,0,0,0,10
2427107393,98.1852,0,0,-98.1852,98.1852,257,12,-16.1711,73.6711,1.5,0,0,0,10
2428107254,84.6175,0,0,-84.6175,84.6175,118,16,7.59926,33,1.5,0,0,0,10
2428107383,96.5672,0,0,-96.5672,96.5672,247,10,-1,72.2136,1.5,0,0,0,10
2428357228,83.7717,0,0,-83.7717,83.7717,92,7,9.67932,24.5,1.5,0,0,0,10
2428732247,84.8891,0,0,-84.8891,84.8891,111,1,-10.8895,29.6105,1.5,0,0,0,10
2429232385,103.467,0,0,-103.467,103.467,249,8,-22.5,69.2687,1.5,0,0,0,10
2429348431,103.18,0,0,-103.18,103.18,223,17,28.5,58.3788,1.5,0,0,0,10
2429482316,95.1105,0,0,-95.1105,95.1105,180,5,-22,47.1679,1.5,0,0,0,10
2431857360,98.1273,0,0,-98.1273,98.1273,224,11,13,63.9581,1.5,0,0,0,10
2432098304,84.1783,0,0,-84.1783,84.1783,96,19,11.4626,24.5374,1.5,0,0,0,10
2433232210,81.9587,0,0,-81.9587,81.9587,74,6,1.5,19.0339,1.5,0,0,0,10
2433348464,104.078,0,0,-104.078,104.078,256,18,33.1499,67.1499,1.5,0,0,0,10
2436223377,95.2284,0,0,-95.2284,95.2284,169,20,11.8969,47.3969,1.5,0,0,0,10
2450000098,83.7548,0,0,-83.7548,83.7548,98,0,0,0,10,4,-14.0006,26.0006,1.5
2450000175,96.7692,0,0,-96.7692,96.7692,175,0,0,0,10,2,-5.73124,51.7312,1.5
2450125074,81.9587,0,0,-81.9587,81.9587,74,0,0,0,10,6,1.5,19.0339,1.5
2450125092,83.7717,0,0,-83.7717,83.7717,92,0,0,0,10,7,9.67932,24.5,1.5
2450125096,84.1783,0,0,-84.1783,84.1783,96,0,0,0,10,19,11.4626,24.5374,1.5
2450125107,84.3043,0,0,-84.3043,84.3043,107,0,0,0,10,9,3.08589,29.5859,1.5
2450125111,84.8891,0,0,-84.8891,84.8891,111,0,0,0,10,1,-10.8895,29.6105,1.5
2450125118,84.6175,0,0,-84.6175,84.6175,118,0,0,0,10,16,7.59926,33,1.5
2450125162,96.107,0,0,-96.107,96.107,162,0,0,0,10,13,18.0284,43.0284,1.5
2450125169,95.2284,0,0,-95.2284,95.2284,169,0,0,0,10,20,11.8969,47.3969,1.5
2450125180,95.1105,0,0,-95.1105,95.1105,180,0,0,0,10,5,-22,47.1679,1.5
2450125215,101.242,0,0,-101.242,101.242,215,0,0,0,10,3,-21.6838,59.5,1.5
2450125223,103.18,0,0,-103.18,103.18,223,0,0,0,10,17,28.5,58.3788,1.5
2450125224,98.1273,0,0,-98.1273,98.1273,224,0,0,0,10,11,13,63.9581,1.5
2450125247,96.5672,0,0,-96.5672,96.5672,247,0,0,0,10,10,-1,72.2136,1.5
2450125249,103.467,0,0,-103.467,103.467,249,0,0,0,10,8,-22.5,69.2687,1.5
2450125256,105.193,0,0,-105.193,105.193,256,0,0,0,10,15,25.5757,70.5757,1.5
2450125256,104.078,0,0,-104.078,104.078,256,0,0,0,10,18,33.1499,67.1499,1.5
2450125257,98.1852,0,0,-98.1852,98.1852,257,0,0,0,10,12,-16.1711,73.6711,1.5
2450125259,100.616,0,0,-100.616,100.616,259,0,0,0,10,14,-27.777,70.777,1.5
2472473465,105.193,0,0,-105.193,105.193,256,15,25.5757,70.5757,1.5,0,0,0,10
2472973306,83.7548,0,0,-83.7548,83.7548,98,4,-14.0006,26.0006,1.5,0,0,0,10
2473357298,96.107,0,0,-96.107,96.107,162,13,18.0284,43.0284,1.5,0,0,0,10
2473973383,96.7692,0,0,-96.7692,96.7692,175,2,-5.73124,51.7312,1.5,0,0,0,10
2474357395,100.616,0,0,-100.616,100.616,259,14,-27.777,70.777,1.5,0,0,0,10
2475232351,101.242,0,0,-101.242,101.242,215,3,-21.6838,59.5,1.5,0,0,0,10
2476232243,84.3043,0,0,-84.3043,84.3043,107,9,3.08589,29.5859,1.5,0,0,0,10
2477482393,98.1852,0,0,-98.1852,98.1852,257,12,-16.1711,73.6711,1.5,0,0,0,10
2478482254,84.6175,0,0,-84.6175,84.6175,118,16,7.59926,33,1.5,0,0,0,10
2478607383,96.5672,0,0,-96.5672,96.5672,247,10,-1,72.2136,1.5,0,0,0,10
2478732228,83.7717,0,0,-83.7717,83.7717,92,7,9.67932,24.5,1.5,0,0,0,10
2479107247,84.8891,0,0,-84.8891,84.8891,111,1,-10.8895,29.6105,1.5,0,0,0,10
2479348431,103.18,0,0,-103.18,103.18,223,17,28.5,58.3788,1.5,0,0,0,10
2479607385,103.467,0,0,-103.467,103.467,249,8,-22.5,69.2687,1.5,0,0,0,10
2479857316,95.1105,0,0,-95.1105,95.1105,180,5,-22,47.1679,1.5,0,0,0,10
2482098304,84.1783,0,0,-84.1783,84.1783,96,19,11.4626,24.5374,1.5,0,0,0,10
2482357360,98.1273,0,0,-98.1273,98.1273,224,11,13,63.9581,1.5,0,0,0,10
2483348464,104.078,0,0,-104.078,104.078,256,18,33.1499,67.1499,1.5,0,0,0,10
2483607210,81.9587,0,0,-81.9587,81.9587,74,6,1.5,19.0339,1.5,0,0,0,10
2486223377,95.2284,0,0,-95.2284,95.2284,169,20,11.8969,47.3969,1.5,0,0,0,10
2500000098,83.7548,0,0,-83.7548,83.7548,98,0,0,0,10,4,-14.1067,26.1067,1.5
2500000175,96.7692,0,0,-96.7692,96.7692,175,0,0,0,10,2,-5.83731,51.8373,1.5
2500125074,81.9587,0,0,-81.9587,81.9587,74,0,0,0,10,6,1.5,18.8839,1.5
2500125092,83.7717,0,0,-83.7717,83.7717,92,0,0,0,10,7,9.82932,24.5,1.5
2500125096,84.1783,0,0,-84.1783,84.1783,96,0,0,0,10,19,11.5687,24.4313,1.5
2500125107,84.3043,0,0,-84.3043,84.3043,107,0,0,0,10,9,2.97983,29.4798,1.5
2500125111,84.8891,0,0,-84.8891,84.8891,111,0,0,0,10,1,-10.9956,29.5044,1.5
2500125118,84.6175,0,0,-84.6175,84.6175,118,0,0,0,10,16,7.44926,33,1.5
2500125162,96.107,0,0,-96.107,96.107,162,0,0,0,10,13,17.9224,42.9224,1.5
2500125169,95.2284,0,0,-95.2284,95.2284,169,0,0,0,10,20,11.7909,47.2909,1.5
2500125180,95.1105,0,0,-95.1105,95.1105,180,0,0,0,10,5,-22,47.0179,1.5
2500125215,101.242,0,0,-101.242,101.242,215,0,0,0,10,3,-21.5338,59.5,1.5
2500125223,103.18,0,0,-103.18,103.18,223,0,0,0,10,17,28.5,58.2288,1.5
2500125224,98.1273,0,0,-98.1273,98.1273,224,0,0,0,10,11,13,63.8081,1.5
2500125247,96.5672,0,0,-96.5672,96.5672,247,0,0,0,10,10,-1,72.0636,1.5
2500125249,103.467,0,0,-103.467,103.467,249,0,0,0,10,8,-22.5,69.1187,1.5
2500125256,105.193,0,0,-105.193,105.193,256,0,0,0,10,15,25.4696,70.4696,1.5
2500125256,104.078,0,0,-104.078,104.078,256,0,0,0,10,18,33.0439,67.0439,1.5
2500125257,98.1852,0,0,-98.1852,98.1852,257,0,0,0,10,12,-16.065,73.565,1.5
2500125259,100.616,0,0,-100.616,100.616,259,0,0,0,10,14,-27.6709,70.6709,1.5
2522473465,105.193,0,0,-105.193,105.193,256,15,25.4696,70.4696,1.5,0,0,0,10
2522973306,83.7548,0,0,-83.7548,83.7548,98,4,-14.1067,26.1067,1.5,0,0,0,10
2523357298,96.107,0,0,-96.107,96.107,162,13,17.9224,42.9224,1.5,0,0,0,10
2523973383,96.7692,0,0,-96.7692,96.7692,175,2,-5.83731,51.8373,1.5,0,0,0,10
2524357395,100.616,0,0,-100.616,100.616,259,14,-27.6709,70.6709,1.5,0,0,0,10
2525607351,101.242,0,0,-101.242,101.242,215,3,-21.5338,59.5,1.5,0,0,0,10
2526607243,84.3043,0,0,-84.3043,84.3043,107,9,2.97983,29.4798,1.5,0,0,0,10
2527857393,98.1852,0,0,-98.1852,98.1852,257,12,-16.065,73.565,1.5,0,0,0,10
2528857254,84.6175,0,0,-84.6175,84.6175,118,16,7.44926,33,1.5,0,0,0,10
2528982383,96.5672,0,0,-96.5672,96.5672,247,10,-1,72.0636,1.5,0,0,0,10
2529107228,83.7717,0,0,-83.7717,83.7717,92,7,9.82932,24.5,1.5,0,0,0,10
2529348431,103.18,0,0,-103.18,103.18,223,17,28.5,58.2288,1.5,0,0,0,10
2529607247,84.8891,0,0,-84.8891,84.8891,111,1,-10.9956,29.5044,1.5,0,0,0,10
2529982385,103.467,0,0,-103.467,103.467,249,8,-22.5,69.1187,1.5,0,0,0,10
2530232316,95.1105,0,0,-95.1105,95.1105,180,5,-22,47.0179,1.5,0,0,0,10
2532098304,84.1783,0,0,-84.1783,84.1783,96,19,11.5687,24.4313,1.5,0,0,0,10
2532473433,98.1273,0,0,-98.1273,98.1273,224,11,13,63.8081,1.5,0,0,0,10
2533348464,104.078,0,0,-104.078,104.078,256,18,33.0439,67.0439,1.5,0,0,0,10
2533982210,81.9587,0,0,-81.9587,81.9587,74,6,1.5,18.8839,1.5,0,0,0,10
2536223377,95.2284,0,0,-95.2284,95.2284,169,20,11.7909,47.2909,1.5,0,0,0,10
2550000098,83.7548,0,0,-83.7548,83.7548,98,0,0,0,10,4,-14.1067,26.1067,1.5
2550000175,96.7692,0,0,-96.7692,96.7692,175,0,0,0,10,2,-5.83731,51.8373,1.5
2550125074,81.9587,0,0,-81.9587,81.9587,74,0,0,0,10,6,1.5,18.8839,1.5
2550125092,83.7717,0,0,-83.7717,83.7717,92,0,0,0,10,7,9.82932,24.5,1.5
2550125096,84.1783,0,0,-84.1783,84.1783,96,0,0,0,10,19,11.5687,24.4313,1.5
2550125107,84.3043,0,0,-84.3043,84.3043,107,0,0,0,10,9,2.97983,29.4798,1.5
2550125111,84.8891,0,0,-84.8891,84.8891,111,0,0,0,10,1,-10.9956,29.5044,1.5
2550125118,84.6175,0,0,-84.6175,84.6175,118,0,0,0,10,16,7.44926,33,1.5
2550125162,96.107,0,0,-96.107,96.107,162,0,0,0,10,13,17.9224,42.9224,1.5
2550125169,95.2284,0,0,-95.2284,95.2284,169,0,0,0,10,20,11.7909,47.2909,1.5
2550125180,95.1105,0,0,-95.1105,95.1105,180,0,0,0,10,5,-22,47.0179,1.5
2550125215,101.242,0,0,-101.242,101.242,215,0,0,0,10,3,-21.5338,59.5,1.5
2550125223,103.18,0,0,-103.18,103.18,223,0,0,0,10,17,28.5,58.2288,1.5
2550125224,98.1273,0,0,-98.1273,98.1273,224,0,0,0,10,11,13,63.8081,1.5
2550125247,96.5672,0,0,-96.5672,96.5672,247,0,0,0,10,10,-1,72.0636,1.5
2550125249,103.467,0,0,-103.467,103.467,249,0,0,0,10,8,-22.5,69.1187,1.5
2550125256,105.193,0,0,-105.193,105.193,256,0,0,0,10,15,25.4696,70.4696,1.5
2550125256,104.078,0,0,-104.078,104.078,256,0,0,0,10,18,33.0439,67.0439,1.5
2550125257,98.1852,0,0,-98.1852,98.1852,257,0,0,0,10,12,-16.065,73.565,1.5
2550125259,100.616,0,0,-100.616,100.616,259,0,0,0,10,14,-27.6709,70.6709,1.5
2572607392,105.193,0,0,-105.193,105.193,256,15,25.4696,70.4696,1.5,0,0,0,10
2572973306,83.7548,0,0,-83.7548,83.7548,98,4,-14.1067,26.1067,1.5,0,0,0,10
2573357298,96.107,0,0,-96.107,96.107,162,13,17.9224,42.9224,1.5,0,0,0,10
2573973383,96.7692,0,0,-96.7692,96.7692,175,2,-5.83731,51.8373,1.5,0,0,0,10
2574357395,100.616,0,0,-100.616,100.616,259,14,-27.6709,70.6709,1.5,0,0,0,10
2575982351,101.242,0,0,-101.242,101.242,215,3,-21.5338,59.5,1.5,0,0,0,10
2576982243,84.3043,0,0,-84.3043,84.3043,107,9,2.97983,29.4798,1.5,0,0,0,10
2578232393,98.1852,0,0,-98.1852,98.1852,257,12,-16.065,73.565,1.5,0,0,0,10
2579232254,84.6175,0,0,-84.6175,84.6175,118,16,7.44926,33,1.5,0,0,0,10
2579348431,103.18,0,0,-103.18,103.18,223,17,28.5,58.2288,1.5,0,0,0,10
2579357383,96.5672,0,0,-96.5672,96.5672,247,10,-1,72.0636,1.5,0,0,0,10
2579607228,83.7717,0,0,-83.7717,83.7717,92,7,9.82932,24.5,1.5,0,0,0,10
2579982247,84.8891,0,0,-84.8891,84.8891,111,1,-10.9956,29.5044,1.5,0,0,0,10
2580482385,103.467,0,0,-103.467,103.467,249,8,-22.5,69.1187,1.5,0,0,0,10
2580607316,95.1105,0,0,-95.1105,95.1105,180,5,-22,47.0179,1.5,0,0,0,10
2582098304,84.1783,0,0,-84.1783,84.1783,96,19,11.5687,24.4313,1.5,0,0,0,10
2583107360,98.1273,0,0,-98.1273,98.1273,224,11,13,63.8081,1.5,0,0,0,10
2583348464,104.078,0,0,-104.078,104.078,256,18,33.0439,67.0439,1.5,0,0,0,10
2584357210,81.9587,0,0,-81.9587,81.9587,74,6,1.5,18.8839,1.5,0,0,0,10
2586223377,95.2284,0,0,-95.2284,95.2284,169,20,11.7909,47.2909,1.5,0,0,0,10
2600000098,83.7548,0,0,-83.7548,83.7548,98,0,0,0,10,4,-14.2128,26.2128,1.5
2600000175,96.7692,0,0,-96.7692,96.7692,175,0,0,0,10,2,-5.94337,51.9434,1.5
2600125074,81.9587,0,0,-81.9587,81.9587,74,0,0,0,10,6,1.5,18.7339,1.5
2600125092,83.7717,0,0,-83.7717,83.7717,92,0,0,0,10,7,9.97932,24.5,1.5
2600125096,84.1783,0,0,-84.1783,84.1783,96,0,0,0,10,19,11.6748,24.3252,1.5
2600125107,84.3043,0,0,-84.3043,84.3043,107,0,0,0,10,9,2.87376,29.3738,1.5
2600125111,84.8891,0,0,-84.8891,84.8891,111,0,0,0,10,1,-11.1016,29.3984,1.5
2600125118,84.6175,0,0,-84.6175,84.6175,118,0,0,0,10,16,7.29926,33,1.5
2600125162,96.107,0,0,-96.107,96.107,162,0,0,0,10,13,17.8163,42.8163,1.5
2600125169,95.2284,0,0,-95.2284,95.2284,169,0,0,0,10,20,11.6848,47.1848,1.5
2600125180,95.1105,0,0,-95.1105,95.1105,180,0,0,0,10,5,-22,46.8679,1.5
2600125215,101.242,0,0,-101.242,101.242,215,0,0,0,10,3,-21.3838,59.5,1.5
2600125223,103.18,0,0,-103.18,103.18,223,0,0,0,10,17,28.5,58.0788,1.5
2600125224,98.1273,0,0,-98.1273,98.1273,224,0,0,0,10,11,13,63.6581,1.5
2600125247,96.5672,0,0,-96.5672,96.5672,247,0,0,0,10,10,-1,71.9136,1.5
2600125249,103.467,0,0,-103.467,103.467,249,0,0,0,10,8,-22.5,68.9687,1.5
2600125256,105.193,0,0,-105.193,105.193,256,0,0,0,10,15,25.3636,70.3636,1.5
2600125256,104.078,0,0,-104.078,104.078,256,0,0,0,10,18,32.9378,66.9378,1.5
2600125257,98.1852,0,0,-98.1852,98.1852,257,0,0,0,10,12,-15.9589,73.4589,1.5
2600125259,100.616,0,0,-100.616,100.616,259,0,0,0,10,14,-27.5648,70.5648,1.5
2622973306,83.7548,0,0,-83.7548,83.7548,98,4,-14.2128,26.2128,1.5,0,0,0,10
2622982392,105.193,0,0,-105.193,105.193,256,15,25.3636,70.3636,1.5,0,0,0,10
2623357298,96.107,0,0,-96.107,96.107,162,13,17.8163,42.8163,1.5,0,0,0,10
2623973383,96.7692,0,0,-96.7692,96.7692,175,2,-5.94337,51.9434,1.5,0,0,0,10
2624357395,100.616,0,0,-100.616,100.616,259,14,-27.5648,70.5648,1.5,0,0,0,10
2626357351,101.242,0,0,-101.242,101.242,215,3,-21.3838,59.5,1.5,0,0,0,10
2627357243,84.3043,0,0,-84.3043,84.3043,107,9,2.87376,29.3738,1.5,0,0,0,10
2628607393,98.1852,0,0,-98.1852,98.1852,257,12,-15.9589,73.4589,1.5,0,0,0,10
2629348431,103.18,0,0,-103.18,103.18,223,17,28.5,58.0788,1.5,0,0,0,10
2629607254,84.6175,0,0,-84.6175,84.6175,118,16,7.29926,33,1.5,0,0,0,10
2629732383,96.5672,0,0,-96.5672,96.5672,247,10,-1,71.9136,1.5,0,0,0,10
2629982228,83.7717,0,0,-83.7717,83.7717,92,7,9.97932,24.5,1.5,0,0,0,10
2630357247,84.8891,0,0,-84.8891,84.8891,111,1,-11.1016,29.3984,1.5,0,0,0,10
2630857385,103.467,0,0,-103.467,103.467,249,8,-22.5,68.9687,1.5,0,0,0,10
2630982316,95.1105,0,0,-95.1105,95.1105,180,5,-22,46.8679,1.5,0,0,0,10
2632098304,84.1783,0,0,-84.1783,84.1783,96,19,11.6748,24.3252,1.5,0,0,0,10
2633348464,104.078,0,0,-104.078,104.078,256,18,32.9378,66.9378,1.5,0,0,0,10
2633482360,98.1273,0,0,-98.1273,98.1273,224,11,13,63.6581,1.5,0,0,0,10
2634857210,81.9587,0,0,-81.9587,81.9587,74,6,1.5,18.7339,1.5,0,0,0,10
2636223377,95.2284,0,0,-95.2284,95.2284,169,20,11.6848,47.1848,1.5,0,0,0,10
2650000098,83.7548,0,0,-83.7548,83.7548,98,0,0,0,10,4,-14.2128,26.2128,1.5
2650000175,96.7692,0,0,-96.7692,96.7692,175,0,0,0,10,2,-5.94337,51.9434,1.5
2650125074,81.9587,0,0,-81.9587,81.9587,74,0,0,0,10,6,1.5,18.7339,1.5
2650125092,83.7717,0,0,-83.7717,83.7717,92,0,0,0,10,7,9.97932,24.5,1.5
2650125096,84.1783,0,0,-84.1783,84.1783,96,0,0,0,10,19,11.6748,24.3252,1.5
2650125107,84.3043,0,0,-84.3043,84.3043,107,0,0,0,10,9,2.87376,29.3738,1.5
2650125111,84.8891,0,0,-84.8891,84.8891,111,0,0,0,10,1,-11.1016,29.3984,1.5
2650125118,84.6175,0,0,-84.6175,84.6175,118,0,0,0,10,16,7.29926,33,1.5
2650125162,96.107,0,0,-96.107,96.107,162,0,0,0,10,13,17.8163,42.8163,1.5
2650125169,95.2284,0,0,-95.2284,95.2284,169,0,0,0,10,20,11.6848,47.1848,1.5
2650125180,95.1105,0,0,-95.1105,95.1105,180,0,0,0,10,5,-22,46.8679,1.5
2650125215,101.242,0,0,-101.242,101.242,215,0,0,0,10,3,-21.3838,59.5,1.5
2650125223,103.18,0,0,-103.18,103.18,223,0,0,0,10,17,28.5,58.0788,1.5
2650125224,98.1273,0,0,-98.1273,98.1273,224,0,0,0,10,11,13,63.6581,1.5
2650125247,96.5672,0,0,-96.5672,96.5672,247,0,0,0,10,10,-1,71.9136,1.5
2650125249,103.467,0,0,-103.467,103.467,249,0,0,0,10,8,-22.5,68.9687,1.5
2650125256,105.193,0,0,-105.193,105.193,256,0,0,0,10,15,25.3636,70.3636,1.5
2650125256,104.078,0,0,-104.078,104.078,256,0,0,0,10,18,32.9378,66.9378,1.5
2650125257,98.1852,0,0,-98.1852,98.1852,257,0,0,0,10,12,-15.9589,73.4589,1.5
2650125259,100.616,0,0,-100.616,100.616,259,0,0,0,10,14,-27.5648,70.5648,1.5
2672973306,83.7548,0,0,-83.7548,83.7548,98,4,-14.2128,26.2128,1.5,0,0,0,10
2673098465,105.193,0,0,-105.193,105.193,256,15,25.3636,70.3636,1.5,0,0,0,10
2673357298,96.107,0,0,-96.107,96.107,162,13,17.8163,42.8163,1.5,0,0,0,10
2673973383,96.7692,0,0,-96.7692,96.7692,175,2,-5.94337,51.9434,1.5,0,0,0,10
2674357395,100.616,0,0,-100.616,100.616,259,14,-27.5648,70.5648,1.5,0,0,0,10
2676732351,101.242,0,0,-101.242,101.242,215,3,-21.3838,59.5,1.5,0,0,0,10
2677848315,84.3043,0,0,-84.3043,84.3043,107,9,2.87376,29.3738,1.5,0,0,0,10
2678723465,98.1852,0,0,-98.1852,98.1852,257,12,-15.9589,73.4589,1.5,0,0,0,10
2679348431,103.18,0,0,-103.18,103.18,223,17,28.5,58.0788,1.5,0,0,0,10
2679848455,96.5672,0,0,-96.5672,96.5672,247,10,-1,71.9136,1.5,0,0,0,10
2680107254,84.6175,0,0,-84.6175,84.6175,118,16,7.29926,33,1.5,0,0,0,10
2680357228,83.7717,0,0,-83.7717,83.7717,92,7,9.97932,24.5,1.5,0,0,0,10
2680732247,84.8891,0,0,-84.8891,84.8891,111,1,-11.1016,29.3984,1.5,0,0,0,10
2681232385,103.467,0,0,-103.467,103.467,249,8,-22.5,68.9687,1.5,0,0,0,10
2681348388,95.1105,0,0,-95.1105,95.1105,180,5,-22,46.8679,1.5,0,0,0,10
2682098304,84.1783,0,0,-84.1783,84.1783,96,19,11.6748,24.3252,1.5,0,0,0,10
2683348464,104.078,0,0,-104.078,104.078,256,18,32.9378,66.9378,1.5,0,0,0,10
2683857360,98.1273,0,0,-98.1273,98.1273,224,11,13,63.6581,1.5,0,0,0,10
2685223282,81.9587,0,0,-81.9587,81.9587,74,6,1.5,18.7339,1.5,0,0,0,10
2686223377,95.2284,0,0,-95.2284,95.2284,169,20,11.6848,47.1848,1.5,0,0,0,10
2700000098,83.7548,0,0,-83.7548,83.7548,98,0,0,0,10,4,-14.3188,26.3188,1.5
2700000175,96.7692,0,0,-96.7692,96.7692,175,0,0,0,10,2,-6.06992,52,1.5
2700125074,81.9587,0,0,-81.9587,81.9587,74,0,0,0,10,6,1.5,18.5839,1.5
2700125092,83.7717,0,0,-83.7717,83.7717,92,0,0,0,10,7,10.1293,24.5,1.5
2700125096,84.1783,0,0,-84.1783,84.1783,96,0,0,0,10,19,11.7808,24.2192,1.5
2700125107,84.3043,0,0,-84.3043,84.3043,107,0,0,0,10,9,2.76769,29.2677,1.5
2700125111,84.8891,0,0,-84.8891,84.8891,111,0,0,0,10,1,-11.2077,29.2923,1.5
2700125118,84.6175,0,0,-84.6175,84.6175,118,0,0,0,10,16,7.14926,33,1.5
2700125162,96.107,0,0,-96.107,96.107,162,0,0,0,10,13,17.7102,42.7102,1.5
2700125169,95.2284,0,0,-95.2284,95.2284,169,0,0,0,10,20,11.5787,47.0787,1.5
2700125180,95.1105,0,0,-95.1105,95.1105,180,0,0,0,10,5,-22,46.7179,1.5
2700125215,101.242,0,0,-101.242,101.242,215,0,0,0,10,3,-21.2338,59.5,1.5
2700125223,103.18,0,0,-103.18,103.18,223,0,0,0,10,17,28.5,57.9288,1.5
2700125224,98.1273,0,0,-98.1273,98.1273,224,0,0,0,10,11,13,63.5081,1.5
2700125247,96.5672,0,0,-96.5672,96.5672,247,0,0,0,10,10,-1,71.7636,1.5
2700125249,103.467,0,0,-103.467,103.467,249,0,0,0,10,8,-22.5,68.8187,1.5
2700125256,105.193,0,0,-105.193,105.193,256,0,0,0,10,15,25.2575,70.2575,1.5
2700125256,104.078,0,0,-104.078,104.078,256,0,0,0,10,18,32.8318,66.8318,1.5
2700125257,98.1852,0,0,-98.1852,98.1852,257,0,0,0,10,12,-15.8529,73.3529,1.5
2700125259,100.616,0,0,-100.616,100.616,259,0,0,0,10,14,-27.4588,70.4588,1.5
2722973306,83.7548,0,0,-83.7548,83.7548,98,4,-14.3188,26.3188,1.5,0,0,0,10
2723107392,105.193,0,0,-105.193,105.193,256,15,25.2575,70.2575,1.5,0,0,0,10
2723357298,96.107,0,0,-96.107,96.107,162,13,17.7102,42.7102,1.5,0,0,0,10
2723973383,96.7692,0,0,-96.7692,96.7692,175,2,-6.06992,52,1.5,0,0,0,10
2724357395,100.616,0,0,-100.616,100.616,259,14,-27.4588,70.4588,1.5,0,0,0,10
2727232351,101.242,0,0,-101.242,101.242,215,3,-21.2338,59.5,1.5,0,0,0,10
2727848315,84.3043,0,0,-84.3043,84.3043,107,9,2.76769,29.2677,1.5,0,0,0,10
2728723465,98.1852,0,0,-98.1852,98.1852,257,12,-15.8529,73.3529,1.5,0,0,0,10
2729348431,103.18,0,0,-103.18,103.18,223,17,28.5,57.9288,1.5,0,0,0,10
2729848455,96.5672,0,0,-96.5672,96.5672,247,10,-1,71.7636,1.5,0,0,0,10
2730482254,84.6175,0,0,-84.6175,84.6175,118,16,7.14926,33,1.5,0,0,0,10
2730732228,83.7717,0,0,-83.7717,83.7717,92,7,10.1293,24.5,1.5,0,0,0,10
2731107247,84.8891,0,0,-84.8891,84.8891,111,1,-11.2077,29.2923,1.5,0,0,0,10
2731348388,95.1105,0,0,-95.1105,95.1105,180,5,-22,46.7179,1.5,0,0,0,10
2731607385,103.467,0,0,-103.467,103.467,249,8,-22.5,68.8187,1.5,0,0,0,10
2732098304,84.1783,0,0,-84.1783,84.1783,96,19,11.7808,24.2192,1.5,0,0,0,10
2733348464,104.078,0,0,-104.078,104.078,256,18,32.8318,66.8318,1.5,0,0,0,10
2734357360,98.1273,0,0,-98.1273,98.1273,224,11,13,63.5081,1.5,0,0,0,10
2735223282,81.9587,0,0,-81.9587,81.9587,74,6,1.5,18.5839,1.5,0,0,0,10
2736223377,95.2284,0,0,-95.2284,95.2284,169,20,11.5787,47.0787,1.5,0,0,0,10
2750000098,83.7548,0,0,-83.7548,83.7548,98,0,0,0,10,4,-14.3188,26.3188,1.5
2750000175,96.7692,0,0,-96.7692,96.7692,175,0,0,0,10,2,-6.06992,52,1.5
2750125074,81.9587,0,0,-81.9587,81.9587,74,0,0,0,10,6,1.5,18.5839,1.5
2750125092,83.7717,0,0,-83.7717,83.7717,92,0,0,0,10,7,10.1293,24.5,1.5
2750125096,84.1783,0,0,-84.1783,84.1783,96,0,0,0,10,19,11.7808,24.2192,1.5
2750125107,84.3043,0,0,-84.3043,84.3043,107,0,0,0,10,9,2.76769,29.2677,1.5
2750125111,84.8891,0,0,-84.8891,84.8891,111,0,0,0,10,1,-11.2077,29.2923,1.5
2750125118,84.6175,0,0,-84.6175,84.6175,118,0,0,0,10,16,7.14926,33,1.5
2750125162,96.107,0,0,-96.107,96.107,162,0,0,0,10,13,17.7102,42.7102,1.5
2750125169,95.2284,0,0,-95.2284,95.2284,169,0,0,0,10,20,11.5787,47.0787,1.5
2750125180,95.1105,0,0,-95.1105,95.1105,180,0,0,0,10,5,-22,46.7179,1.5
2750125215,101.242,0,0,-101.242,101.242,215,0,0,0,10,3,-21.2338,59.5,1.5
2750125223,103.18,0,0,-103.18,103.18,223,0,0,0,10,17,28.5,57.9288,1.5
2750125224,98.1273,0,0,-98.1273,98.1273,224,0,0,0,10,11,13,63.5081,1.5
2750125247,96.5672,0,0,-96.5672,96.5672,247,0,0,0,10,10,-1,71.7636,1.5
2750125249,103.467,0,0,-103.467,103.467,249,0,0,0,10,8,-22.5,68.8187,1.5
2750125256,105.193,0,0,-105.193,105.193,256,0,0,0,10,15,25.2575,70.2575,1.5
2750125256,104.078,0,0,-104.078,104.078,256,0,0,0,10,18,32.8318,66.8318,1.5
2750125257,98.1852,0,0,-98.1852,98.1852,257,0,0,0,10,12,-15.8529,73.3529,1.5
2750125259,100.616,0,0,-100.616,100.616,259,0,0,0,10,14,-27.4588,70.4588,1.5
2772973306,83.7548,0,0,-83.7548,83.7548,98,4,-14.3188,26.3188,1.5,0,0,0,10
2773357298,96.107,0,0,-96.107,96.107,162,13,17.7102,42.7102,1.5,0,0,0,10
2773357392,105.193,0,0,-105.193,105.193,256,15,25.2575,70.2575,1.5,0,0,0,10
2773973383,96.7692,0,0,-96.7692,96.7692,175,2,-6.06992,52,1.5,0,0,0,10
2774357395,100.616,0,0,-100.616,100.616,259,14,-27.4588,70.4588,1.5,0,0,0,10
2777607351,101.242,0,0,-101.242,101.242,215,3,-21.2338,59.5,1.5,0,0,0,10
2777848315,84.3043,0,0,-84.3043,84.3043,107,9,2.76769,29.2677,1.5,0,0,0,10
2778723465,98.1852,0,0,-98.1852,98.1852,257,12,-15.8529,73.3529,1.5,0,0,0,10
2779348431,103.18,0,0,-103.18,103.18,223,17,28.5,57.9288,1.5,0,0,0,10
2779848455,96.5672,0,0,-96.5672,96.5672,247,10,-1,71.7636,1.5,0,0,0,10
2780598326,84.6175,0,0,-84.6175,84.6175,118,16,7.14926,33,1.5,0,0,0,10
2780973300,83.7717,0,0,-83.7717,83.7717,92,7,10.1293,24.5,1.5,0,0,0,10
2781223319,84.8891,0,0,-84.8891,84.8891,111,1,-11.2077,29.2923,1.5,0,0,0,10
2781348388,95.1105,0,0,-95.1105,95.1105,180,5,-22,46.7179,1.5,0,0,0,10
2781848457,103.467,0,0,-103.467,103.467,249,8,-22.5,68.8187,1.5,0,0,0,10
2782098304,84.1783,0,0,-84.1783,84.1783,96,19,11.7808,24.2192,1.5,0,0,0,10
2783348464,104.078,0,0,-104.078,104.078,256,18,32.8318,66.8318,1.5,0,0,0,10
2784598432,98.1273,0,0,-98.1273,98.1273,224,11,13,63.5081,1.5,0,0,0,10
2785223282,81.9587,0,0,-81.9587,81.9587,74,6,1.5,18.5839,1.5,0,0,0,10
2786223377,95.2284,0,0,-95.2284,95.2284,169,20,11.5787,47.0787,1.5,0,0,0,10
2800000098,83.7548,0,0,-83.7548,83.7548,98,0,0,0,10,4,-14.4249,26.4249,1.5
2800000175,96.7692,0,0,-96.7692,96.7692,175,0,0,0,10,2,-6.21992,52,1.5
2800125074,81.9587,0,0,-81.9587,81.9587,74,0,0,0,10,6,1.5,18.4339,1.5
2800125092,83.7717,0,0,-83.7717,83.7717,92,0,0,0,10,7,10.2793,24.5,1.5
2800125096,84.1783,0,0,-84.1783,84.1783,96,0,0,0,10,19,11.8869,24.1131,1.5
2800125107,84.3043,0,0,-84.3043,84.3043,107,0,0,0,10,9,2.66163,29.1616,1.5
2800125111,84.8891,0,0,-84.8891,84.8891,111,0,0,0,10,1,-11.3138,29.1862,1.5
2800125118,84.6175,0,0,-84.6175,84.6175,118,0,0,0,10,16,6.99926,33,1.5
2800125162,96.107,0,0,-96.107,96.107,162,0,0,0,10,13,17.6042,42.6042,1.5
2800125169,95.2284,0,0,-95.2284,95.2284,169,0,0,0,10,20,11.4727,46.9727,1.5
2800125180,95.1105,0,0,-95.1105,95.1105,180,0,0,0,10,5,-22,46.5679,1.5
2800125215,101.242,0,0,-101.242,101.242,215,0,0,0,10,3,-21.0838,59.5,1.5
2800125223,103.18,0,0,-103.18,103.18,223,0,0,0,10,17,28.5,57.7788,1.5
2800125224,98.1273,0,0,-98.1273,98.1273,224,0,0,0,10,11,13,63.3581,1.5
2800125247,96.5672,0,0,-96.5672,96.5672,247,0,0,0,10,10,-1,71.6136,1.5
2800125249,103.467,0,0,-103.467,103.467,249,0,0,0,10,8,-22.5,68.6687,1.5
2800125256,105.193,0,0,-105.193,105.193,256,0,0,0,10,15,25.1515,70.1515,1.5
2800125256,104.078,0,0,-104.078,104.078,256,0,0,0,10,18,32.7257,66.7257,1.5
2800125257,98.1852,0,0,-98.1852,98.1852,257,0,0,0,10,12,-15.7468,73.2468,1.5
2800125259,100.616,0,0,-100.616,100.616,259,0,0,0,10,14,-27.3527,70.3527,1.5
2822973306,83.7548,0,0,-83.7548,83.7548,98,4,-14.4249,26.4249,1.5,0,0,0,10
2823357298,96.107,0,0,-96.107,96.107,162,13,17.6042,42.6042,1.5,0,0,0,10
2823848465,105.193,0,0,-105.193,105.193,256,15,25.1515,70.1515,1.5,0,0,0,10
2823973383,96.7692,0,0,-96.7692,96.7692,175,2,-6.21992,52,1.5,0,0,0,10
2824357395,100.616,0,0,-100.616,100.616,259,14,-27.3527,70.3527,1.5,0,0,0,10
2827723423,101.242,0,0,-101.242,101.242,215,3,-21.0838,59.5,1.5,0,0,0,10
2827848315,84.3043,0,0,-84.3043,84.3043,107,9,2.66163,29.1616,1.5,0,0,0,10
2828723465,98.1852,0,0,-98.1852,98.1852,257,12,-15.7468,73.2468,1.5,0,0,0,10
2829348431,103.18,0,0,-103.18,103.18,223,17,28.5,57.7788,1.5,0,0,0,10
2829848455,96.5672,0,0,-96.5672,96.5672,247,10,-1,71.6136,1.5,0,0,0,10
2830598326,84.6175,0,0,-84.6175,84.6175,118,16,6.99926,33,1.5,0,0,0,10
2830973300,83.7717,0,0,-83.7717,83.7717,92,7,10.2793,24.5,1.5,0,0,0,10
2831223319,84.8891,0,0,-84.8891,84.8891,111,1,-11.3138,29.1862,1.5,0,0,0,10
2831348388,95.1105,0,0,-95.1105,95.1105,180,5,-22,46.5679,1.5,0,0,0,10
2831848457,103.467,0,0,-103.467,103.467,249,8,-22.5,68.6687,1.5,0,0,0,10
2832098304,84.1783,0,0,-84.1783,84.1783,96,19,11.8869,24.1131,1.5,0,0,0,10
2833348464,104.078,0,0,-104.078,104.078,256,18,32.7257,66.7257,1.5,0,0,0,10
2834598432,98.1273,0,0,-98.1273,98.1273,224,11,13,63.3581,1.5,0,0,0,10
2835223282,81.9587,0,0,-81.9587,81.9587,74,6,1.5,18.4339,1.5,0,0,0,10
2836223377,95.2284,0,0,-95.2284,95.2284,169,20,11.4727,46.9727,1.5,0,0,0,10
2850000098,83.7548,0,0,-83.7548,83.7548,98,0,0,0,10,4,-14.4249,26.4249,1.5
2850000175,96.7692,0,0,-96.7692,96.7692,175,0,0,0,10,2,-6.21992,52,1.5
2850125074,81.9587,0,0,-81.9587,81.9587,74,0,0,0,10,6,1.5,18.4339,1.5
2850125092,83.7717,0,0,-83.7717,83.7717,92,0,0,0,10,7,10.2793,24.5,1.5
2850125096,84.1783,0,0,-84.1783,84.1783,96,0,0,0,10,19,11.8869,24.1131,1.5
2850125107,84.3043,0,0,-84.3043,84.3043,107,0,0,0,10,9,2.66163,29.1616,1.5
2850125111,84.8891,0,0,-84.8891,84.8891,111,0,0,0,10,1,-11.3138,29.1862,1.5
2850125118,84.6175,0,0,-84.6175,84.6175,118,0,0,0,10,16,6.99926,33,1.5
2850125162,96.107,0,0,-96.107,96.107,162,0,0,0,10,13,17.6042,42.6042,1.5
2850125169,95.2284,0,0,-95.2284,95.2284,169,0,0,0,10,20,11.4727,46.9727,1.5
2850125180,95.1105,0,0,-95.1105,95.1105,180,0,0,0,10,5,-22,46.5679,1.5
2850125215,101.242,0,0,-101.242,101.242,215,0,0,0,10,3,-21.0838,59.5,1.5
2850125223,103.18,0,0,-103.18,103.18,223,0,0,0,10,17,28.5,57.7788,1.5
2850125224,98.1273,0,0,-98.1273,98.1273,224,0,0,0,10,11,13,63.3581,1.5
2850125247,96.5672,0,0,-96.5672,96.5672,247,0,0,0,10,10,-1,71.6136,1.5
2850125249,103.467,0,0,-103.467,103.467,249,0,0,0,10,8,-22.5,68.6687,1.5
2850125256,105.193,0,0,-105.193,105.193,256,0,0,0,10,15,25.1515,70.1515,1.5
2850125256,104.078,0,0,-104.078,104.078,256,0,0,0,10,18,32.7257,66.7257,1.5
2850125257,98.1852,0,0,-98.1852,98.1852,257,0,0,0,10,12,-15.7468,73.2468,1.5
2850125259,100.616,0,0,-100.616,100.616,259,0,0,0,10,14,-27.3527,70.3527,1.5
2872973306,83.7548,0,0,-83.7548,83.7548,98,4,-14.4249,26.4249,1.5,0,0,0,10
2873357298,96.107,0,0,-96.107,96.107,162,13,17.6042,42.6042,1.5,0,0,0,10
2873848465,105.193,0,0,-105.193,105.193,256,15,25.1515,70.1515,1.5,0,0,0,10
2873973383,96.7692,0,0,-96.7692,96.7692,175,2,-6.21992,52,1.5,0,0,0,10
2874357395,100.616,0,0,-100.616,100.616,259,14,-27.3527,70.3527,1.5,0,0,0,10
2877723423,101.242,0,0,-101.242,101.242,215,3,-21.0838,59.5,1.5,0,0,0,10
2877848315,84.3043,0,0,-84.3043,84.3043,107,9,2.66163,29.1616,1.5,0,0,0,10
2878723465,98.1852,0,0,-98.1852,98.1852,257,12,-15.7468,73.2468,1.5,0,0,0,10
2879348431,103.18,0,0,-103.18,103.18,223,17,28.5,57.7788,1.5,0,0,0,10
2879848455,96.5672,0,0,-96.5672,96.5672,247,10,-1,71.6136,1.5,0,0,0,10
2880598326,84.6175,0,0,-84.6175,84.6175,118,16,6.99926,33,1.5,0,0,0,10
2880973300,83.7717,0,0,-83.7717,83.7717,92,7,10.2793,24.5,1.5,0,0,0,10
2881223319,84.8891,0,0,-84.8891,84.8891,111,1,-11.3138,29.1862,1.5,0,0,0,10
2881348388,95.1105,0,0,-95.1105,95.1105,180,5,-22,46.5679,1.5,0,0,0,10
2881848457,103.467,0,0,-103.467,103.467,249,8,-22.5,68.6687,1.5,0,0,0,10
2882098304,84.1783,0,0,-84.1783,84.1783,96,19,11.8869,24.1131,1.5,0,0,0,10
2883348464,104.078,0,0,-104.078,104.078,256,18,32.7257,66.7257,1.5,0,0,0,10
2884598432,98.1273,0,0,-98.1273,98.1273,224,11,13,63.3581,1.5,0,0,0,10
2885223282,81.9587,0,0,-81.9587,81.9587,74,6,1.5,18.4339,1.5,0,0,0,10
2886223377,95.2284,0,0,-95.2284,95.2284,169,20,11.4727,46.9727,1.5,0,0,0,10
2900000105,84.3391,0,0,-84.3391,84.3391,105,0,0,0,10,4,-14.531,26.531,1.5
2900000177,97.497,0,0,-97.497,97.497,177,0,0,0,10,2,-6.36992,52,1.5
2900125093,83.8602,0,0,-83.8602,83.8602,93,0,0,0,10,7,10.4293,24.5,1.5
2900133996,81.6289,0,0,-81.6289,81.6289,67,0,0,0,10,6,1.5,18.2839,1.5
2900134023,83.4099,0,0,-83.4099,83.4099,94,0,0,0,10,19,11.993,24.007,1.5
2900134030,83.8029,0,0,-83.8029,83.8029,101,0,0,0,10,9,2.55556,29.0556,1.5
2900134037,84.2915,0,0,-84.2915,84.2915,108,0,0,0,10,1,-11.4198,29.0802,1.5
2900134045,85.1949,0,0,-85.1949,85.1949,116,0,0,0,10,16,6.84926,33,1.5
2900134085,97.2019,0,0,-97.2019,97.2019,156,0,0,0,10,13,17.4981,42.4981,1.5
2900134092,95.1304,0,0,-95.1304,95.1304,163,0,0,0,10,20,11.3666,46.8666,1.5
2900134103,94.9408,0,0,-94.9408,94.9408,174,0,0,0,10,5,-22,46.4179,1.5
2900134141,99.4354,0,0,-99.4354,99.4354,212,0,0,0,10,3,-20.9338,59.5,1.5
2900134145,99.5593,0,0,-99.5593,99.5593,216,0,0,0,10,17,28.5,57.6288,1.5
2900134146,97.3403,0,0,-97.3403,97.3403,217,0,0,0,10,11,13,63.2081,1.5
2900134169,96.0468,0,0,-96.0468,96.0468,240,0,0,0,10,10,-1,71.4636,1.5
2900134171,101.147,0,0,-101.147,101.147,242,0,0,0,10,8,-22.5,68.5187,1.5
2900134178,103.506,0,0,-103.506,103.506,249,0,0,0,10,18,32.6196,66.6196,1.5
2900134179,104.15,0,0,-104.15,104.15,250,0,0,0,10,15,25.0454,70.0454,1.5
2900134180,100.588,0,0,-100.588,100.588,251,0,0,0,10,12,-15.6407,73.1407,1.5
2900134182,100.529,0,0,-100.529,100.529,253,0,0,0,10,14,-27.2466,70.2466,1.5
2922973313,84.3391,0,0,-84.3391,84.3391,105,4,-14.531,26.531,1.5,0,0,0,10
2923482292,97.2019,0,0,-97.2019,97.2019,156,13,17.4981,42.4981,1.5,0,0,0,10
2923857386,104.15,0,0,-104.15,104.15,250,15,25.0454,70.0454,1.5,0,0,0,10
2923973385,97.497,0,0,-97.497,97.497,177,2,-6.36992,52,1.5,0,0,0,10
2924482389,100.529,0,0,-100.529,100.529,253,14,-27.2466,70.2466,1.5,0,0,0,10
2928357237,83.8029,0,0,-83.8029,83.8029,101,9,2.55556,29.0556,1.5,0,0,0,10
2928732348,99.4354,0,0,-99.4354,99.4354,212,3,-20.9338,59.5,1.5,0,0,0,10
2929607387,100.588,0,0,-100.588,100.588,251,12,-15.6407,73.1407,1.5,0,0,0,10
2929830569,99.5593,0,0,-99.5593,99.5593,216,17,28.5,57.6288,1.5,0,0,0,10
2930732252,85.1949,0,0,-85.1949,85.1949,116,16,6.84926,33,1.5,0,0,0,10
2930732376,96.0468,0,0,-96.0468,96.0468,240,10,-1,71.4636,1.5,0,0,0,10
2930973301,83.8602,0,0,-83.8602,83.8602,93,7,10.4293,24.5,1.5,0,0,0,10
2931357244,84.2915,0,0,-84.2915,84.2915,108,1,-11.4198,29.0802,1.5,0,0,0,10
2931982310,94.9408,0,0,-94.9408,94.9408,174,5,-22,46.4179,1.5,0,0,0,10
2931982378,101.147,0,0,-101.147,101.147,242,8,-22.5,68.5187,1.5,0,0,0,10
2932232230,83.4099,0,0,-83.4099,83.4099,94,19,11.993,24.007,1.5,0,0,0,10
2934107385,103.506,0,0,-103.506,103.506,249,18,32.6196,66.6196,1.5,0,0,0,10
2934732353,97.3403,0,0,-97.3403,97.3403,217,11,13,63.2081,1.5,0,0,0,10
2935732203,81.6289,0,0,-81.6289,81.6289,67,6,1.5,18.2839,1.5,0,0,0,10
2936982299,95.1304,0,0,-95.1304,95.1304,163,20,11.3666,46.8666,1.5,0,0,0,10
2950000105,84.3391,0,0,-84.3391,84.3391,105,0,0,0,10,4,-14.531,26.531,1.5
2950000177,97.497,0,0,-97.497,97.497,177,0,0,0,10,2,-6.36992,52,1.5
2950125093,83.8602,0,0,-83.8602,83.8602,93,0,0,0,10,7,10.4293,24.5,1.5
2950133996,81.6289,0,0,-81.6289,81.6289,67,0,0,0,10,6,1.5,18.2839,1.5
2950134023,83.4099,0,0,-83.4099,83.4099,94,0,0,0,10,19,11.993,24.007,1.5
2950134030,83.8029,0,0,-83.8029,83.8029,101,0,0,0,10,9,2.55556,29.0556,1.5
2950134037,84.2915,0,0,-84.2915,84.2915,108,0,0,0,10,1,-11.4198,29.0802,1.5
2950134045,85.1949,0,0,-85.1949,85.1949,116,0,0,0,10,16,6.84926,33,1.5
2950134085,97.2019,0,0,-97.2019,97.2019,156,0,0,0,10,13,17.4981,42.4981,1.5
2950134092,95.1304,0,0,-95.1304,95.1304,163,0,0,0,10,20,11.3666,46.8666,1.5
2950134103,94.9408,0,0,-94.9408,94.9408,174,0,0,0,10,5,-22,46.4179,1.5
2950134141,99.4354,0,0,-99.4354,99.4354,212,0,0,0,10,3,-20.9338,59.5,1.5
2950134145,99.5593,0,0,-99.5593,99.5593,216,0,0,0,10,17,28.5,57.6288,1.5
2950134146,97.3403,0,0,-97.3403,97.3403,217,0,0,0,10,11,13,63.2081,1.5
2950134169,96.0468,0,0,-96.0468,96.0468,240,0,0,0,10,10,-1,71.4636,1.5
2950134171,101.147,0,0,-101.147,101.147,242,0,0,0,10,8,-22.5,68.5187,1.5
2950134178,103.506,0,0,-103.506,103.506,249,0,0,0,10,18,32.6196,66.6196,1.5
2950134179,104.15,0,0,-104.15,104.15,250,0,0,0,10,15,25.0454,70.0454,1.5
2950134180,100.588,0,0,-100.588,100.588,251,0,0,0,10,12,-15.6407,73.1407,1.5
2950134182,100.529,0,0,-100.529,100.529,253,0,0,0,10,14,-27.2466,70.2466,1.5
2972973313,84.3391,0,0,-84.3391,84.3391,105,4,-14.531,26.531,1.5,0,0,0,10
2973482292,97.2019,0,0,-97.2019,97.2019,156,13,17.4981,42.4981,1.5,0,0,0,10
2973973385,97.497,0,0,-97.497,97.497,177,2,-6.36992,52,1.5,0,0,0,10
2974232386,104.15,0,0,-104.15,104.15,250,15,25.0454,70.0454,1.5,0,0,0,10
2974482389,100.529,0,0,-100.529,100.529,253,14,-27.2466,70.2466,1.5,0,0,0,10
2978732237,83.8029,0,0,-83.8029,83.8029,101,9,2.55556,29.0556,1.5,0,0,0,10
2979232348,99.4354,0,0,-99.4354,99.4354,212,3,-20.9338,59.5,1.5,0,0,0,10
2979982387,100.588,0,0,-100.588,100.588,251,12,-15.6407,73.1407,1.5,0,0,0,10
2980857252,85.1949,0,0,-85.1949,85.1949,116,16,6.84926,33,1.5,0,0,0,10
2980973301,83.8602,0,0,-83.8602,83.8602,93,7,10.4293,24.5,1.5,0,0,0,10
2981107376,96.0468,0,0,-96.0468,96.0468,240,10,-1,71.4636,1.5,0,0,0,10
2981732244,84.2915,0,0,-84.2915,84.2915,108,1,-11.4198,29.0802,1.5,0,0,0,10
2982232378,101.147,0,0,-101.147,101.147,242,8,-22.5,68.5187,1.5,0,0,0,10
2982357310,94.9408,0,0,-94.9408,94.9408,174,5,-22,46.4179,1.5,0,0,0,10
2982857230,83.4099,0,0,-83.4099,83.4099,94,19,11.993,24.007,1.5,0,0,0,10
2983482352,99.5593,0,0,-99.5593,99.5593,216,17,28.5,57.6288,1.5,0,0,0,10
2984732385,103.506,0,0,-103.506,103.506,249,18,32.6196,66.6196,1.5,0,0,0,10
2984857353,97.3403,0,0,-97.3403,97.3403,217,11,13,63.2081,1.5,0,0,0,10
2986232203,81.6289,0,0,-81.6289,81.6289,67,6,1.5,18.2839,1.5,0,0,0,10
2987732299,95.1304,0,0,-95.1304,95.1304,163,20,11.3666,46.8666,1.5,0,0,0,10
3000000105,84.3391,0,0,-84.3391,84.3391,105,0,0,0,10,4,-14.637,26.637,1.5
3000000177,97.497,0,0,-97.497,97.497,177,0,0,0,10,2,-6.51992,52,1.5
3000125093,83.8602,0,0,-83.8602,83.8602,93,0,0,0,10,7,10.4293,24.5,1.5
3000133996,81.6289,0,0,-81.6289,81.6289,67,0,0,0,10,6,1.5,18.1339,1.5
3000134023,83.4099,0,0,-83.4099,83.4099,94,0,0,0,10,19,12.099,23.901,1.5
3000134030,83.8029,0,0,-83.8029,83.8029,101,0,0,0,10,9,2.4495,28.9495,1.5
3000134037,84.2915,0,0,-84.2915,84.2915,108,0,0,0,10,1,-11.5259,28.9741,1.5
3000134045,85.1949,0,0,-85.1949,85.1949,116,0,0,0,10,16,6.69926,33,1.5
3000134085,97.2019,0,0,-97.2019,97.2019,156,0,0,0,10,13,17.392,42.392,1.5
3000134092,95.1304,0,0,-95.1304,95.1304,163,0,0,0,10,20,11.2605,46.7605,1.5
3000134103,94.9408,0,0,-94.9408,94.9408,174,0,0,0,10,5,-22,46.2679,1.5
3000134141,99.4354,0,0,-99.4354,99.4354,212,0,0,0,10,3,-20.7838,59.5,1.5
3000134145,99.5593,0,0,-99.5593,99.5593,216,0,0,0,10,17,28.5,57.4788,1.5
3000134146,97.3403,0,0,-97.3403,97.3403,217,0,0,0,10,11,13,63.0581,1.5
3000134169,96.0468,0,0,-96.0468,96.0468,240,0,0,0,10,10,-1,71.3136,1.5
3000134171,101.147,0,0,-101.147,101.147,242,0,0,0,10,8,-22.5,68.3687,1.5
3000134178,103.506,0,0,-103.506,103.506,249,0,0,0,10,18,32.5136,66.5136,1.5
3000134179,104.15,0,0,-104.15,104.15,250,0,0,0,10,15,24.9393,69.9393,1.5
3000134180,100.588,0,0,-100.588,100.588,251,0,0,0,10,12,-15.5347,73.0347,1.5
3000134182,100.529,0,0,-100.529,100.529,253,0,0,0,10,14,-27.1406,70.1406,1.5
3022973313,84.3391,0,0,-84.3391,84.3391,105,4,-14.637,26.637,1.5,0,0,0,10
3023482292,97.2019,0,0,-97.2019,97.2019,156,13,17.392,42.392,1.5,0,0,0,10
3023973385,97.497,0,0,-97.497,97.497,177,2,-6.51992,52,1.5,0,0,0,10
3024473459,104.15,0,0,-104.15,104.15,250,15,24.9393,69.9393,1.5,0,0,0,10
3024482389,100.529,0,0,-100.529,100.529,253,14,-27.1406,70.1406,1.5,0,0,0,10
3029232237,83.8029,0,0,-83.8029,83.8029,101,9,2.4495,28.9495,1.5,0,0,0,10
3029607348,99.4354,0,0,-99.4354,99.4354,212,3,-20.7838,59.5,1.5,0,0,0,10
3030357387,100.588,0,0,-100.588,100.588,251,12,-15.5347,73.0347,1.5,0,0,0,10
3030973301,83.8602,0,0,-83.8602,83.8602,93,7,10.4293,24.5,1.5,0,0,0,10
3031232252,85.1949,0,0,-85.1949,85.1949,116,16,6.69926,33,1.5,0,0,0,10
3031482376,96.0468,0,0,-96.0468,96.0468,240,10,-1,71.3136,1.5,0,0,0,10
3032107244,84.2915,0,0,-84.2915,84.2915,108,1,-11.5259,28.9741,1.5,0,0,0,10
3032607378,101.147,0,0,-101.147,101.147,242,8,-22.5,68.3687,1.5,0,0,0,10
3032857310,94.9408,0,0,-94.9408,94.9408,174,5,-22,46.2679,1.5,0,0,0,10
3033482230,83.4099,0,0,-83.4099,83.4099,94,19,12.099,23.901,1.5,0,0,0,10
3033839497,99.5593,0,0,-99.5593,99.5593,216,17,28.5,57.4788,1.5,0,0,0,10
3034982353,97.3403,0,0,-97.3403,97.3403,217,11,13,63.0581,1.5,0,0,0,10
3035482385,103.506,0,0,-103.506,103.506,249,18,32.5136,66.5136,1.5,0,0,0,10
3036607203,81.6289,0,0,-81.6289,81.6289,67,6,1.5,18.1339,1.5,0,0,0,10
3038357299,95.1304,0,0,-95.1304,95.1304,163,20,11.2605,46.7605,1.5,0,0,0,10
3050000105,84.3391,0,0,-84.3391,84.3391,105,0,0,0,10,4,-14.637,26.637,1.5
3050000177,97.497,0,0,-97.497,97.497,177,0,0,0,10,2,-6.51992,52,1.5
3050125093,83.8602,0,0,-83.8602,83.8602,93,0,0,0,10,7,10.4293,24.5,1.5
3050133996,81.6289,0,0,-81.6289,81.6289,67,0,0,0,10,6,1.5,18.1339,1.5
3050134023,83.4099,0,0,-83.4099,83.4099,94,0,0,0,10,19,12.099,23.901,1.5
3050134030,83.8029,0,0,-83.8029,83.8029,101,0,0,0,10,9,2.4495,28.9495,1.5
3050134037,84.2915,0,0,-84.2915,84.2915,108,0,0,0,10,1,-11.5259,28.9741,1.5
3050134045,85.1949,0,0,-85.1949,85.1949,116,0,0,0,10,16,6.69926,33,1.5
3050134085,97.2019,0,0,-97.2019,97.2019,156,0,0,0,10,13,17.392,42.392,1.5
3050134092,95.1304,0,0,-95.1304,95.1304,163,0,0,0,10,20,11.2605,46.7605,1.5
3050134103,94.9408,0,0,-94.9408,94.9408,174,0,0,0,10,5,-22,46.2679,1.5
3050134141,99.4354,0,0,-99.4354,99.4354,212,0,0,0,10,3,-20.7838,59.5,1.5
3050134145,99.5593,0,0,-99.5593,99.5593,216,0,0,0,10,17,28.5,57.4788,1.5
3050134146,97.3403,0,0,-97.3403,97.3403,217,0,0,0,10,11,13,63.0581,1.5
3050134169,96.0468,0,0,-96.0468,96.0468,240,0,0,0,10,10,-1,71.3136,1.5
3050134171,101.147,0,0,-101.147,101.147,242,0,0,0,10,8,-22.5,68.3687,1.5
3050134178,103.506,0,0,-103.506,103.506,249,0,0,0,10,18,32.5136,66.5136,1.5
3050134179,104.15,0,0,-104.15,104.15,250,0,0,0,10,15,24.9393,69.9393,1.5
3050134180,100.588,0,0,-100.588,100.588,251,0,0,0,10,12,-15.5347,73.0347,1.5
3050134182,100.529,0,0,-100.529,100.529,253,0,0,0,10,14,-27.1406,70.1406,1.5
3072973313,84.3391,0,0,-84.3391,84.3391,105,4,-14.637,26.637,1.5,0,0,0,10
3073482292,97.2019,0,0,-97.2019,97.2019,156,13,17.392,42.392,1.5,0,0,0,10
3073973385,97.497,0,0,-97.497,97.497,177,2,-6.51992,52,1.5,0,0,0,10
3074482389,100.529,0,0,-100.529,100.529,253,14,-27.1406,70.1406,1.5,0,0,0,10
3074982386,104.15,0,0,-104.15,104.15,250,15,24.9393,69.9393,1.5,0,0,0,10
3079607237,83.8029,0,0,-83.8029,83.8029,101,9,2.4495,28.9495,1.5,0,0,0,10
3079982348,99.4354,0,0,-99.4354,99.4354,212,3,-20.7838,59.5,1.5,0,0,0,10
3080857387,100.588,0,0,-100.588,100.588,251,12,-15.5347,73.0347,1.5,0,0,0,10
3080973301,83.8602,0,0,-83.8602,83.8602,93,7,10.4293,24.5,1.5,0,0,0,10
3081607252,85.1949,0,0,-85.1949,85.1949,116,16,6.69926,33,1.5,0,0,0,10
3081857376,96.0468,0,0,-96.0468,96.0468,240,10,-1,71.3136,1.5,0,0,0,10
3082482244,84.2915,0,0,-84.2915,84.2915,108,1,-11.5259,28.9741,1.5,0,0,0,10
3082982378,101.147,0,0,-101.147,101.147,242,8,-22.5,68.3687,1.5,0,0,0,10
3083232310,94.9408,0,0,-94.9408,94.9408,174,5,-22,46.2679,1.5,0,0,0,10
3084232230,83.4099,0,0,-83.4099,83.4099,94,19,12.099,23.901,1.5,0,0,0,10
3085232353,97.3403,0,0,-97.3403,97.3403,217,11,13,63.0581,1.5,0,0,0,10
3086107385,103.506,0,0,-103.506,103.506,249,18,32.5136,66.5136,1.5,0,0,0,10
3086982203,81.6289,0,0,-81.6289,81.6289,67,6,1.5,18.1339,1.5,0,0,0,10
3087482352,99.5593,0,0,-99.5593,99.5593,216,17,28.5,57.4788,1.5,0,0,0,10
3089107299,95.1304,0,0,-95.1304,95.1304,163,20,11.2605,46.7605,1.5,0,0,0,10
3100000105,84.3391,0,0,-84.3391,84.3391,105,0,0,0,10,4,-14.7431,26.7431,1.5
3100000177,97.497,0,0,-97.497,97.497,177,0,0,0,10,2,-6.66992,52,1.5
3100125093,83.8602,0,0,-83.8602,83.8602,93,0,0,0,10,7,10.4293,24.5,1.5
3100133996,81.6289,0,0,-81.6289,81.6289,67,0,0,0,10,6,1.5,17.9839,1.5
3100134023,83.4099,0,0,-83.4099,83.4099,94,0,0,0,10,19,12.2051,23.7949,1.5
3100134030,83.8029,0,0,-83.8029,83.8029,101,0,0,0,10,9,2.34343,28.8434,1.5
3100134037,84.2915,0,0,-84.2915,84.2915,108,0,0,0,10,1,-11.632,28.868,1.5
3100134045,85.1949,0,0,-85.1949,85.1949,116,0,0,0,10,16,6.54926,33,1.5
3100134085,97.2019,0,0,-97.2019,97.2019,156,0,0,0,10,13,17.286,42.286,1.5
3100134092,95.1304,0,0,-95.1304,95.1304,163,0,0,0,10,20,11.1545,46.6545,1.5
3100134103,94.9408,0,0,-94.9408,94.9408,174,0,0,0,10,5,-22,46.1179,1.5
3100134141,99.4354,0,0,-99.4354,99.4354,212,0,0,0,10,3,-20.6338,59.5,1.5
3100134145,99.5593,0,0,-99.5593,99.5593,216,0,0,0,10,17,28.5,57.3288,1.5
3100134146,97.3403,0,0,-97.3403,97.3403,217,0,0,0,10,11,13,62.9081,1.5
3100134169,96.0468,0,0,-96.0468,96.0468,240,0,0,0,10,10,-1,71.1636,1.5
3100134171,101.147,0,0,-101.147,101.147,242,0,0,0,10,8,-22.5,68.2187,1.5
3100134178,103.506,0,0,-103.506,103.506,249,0,0,0,10,18,32.4075,66.4075,1.5
3100134179,104.15,0,0,-104.15,104.15,250,0,0,0,10,15,24.8333,69.8333,1.5
3100134180,100.588,0,0,-100.588,100.588,251,0,0,0,10,12,-15.5,72.899,1.5
3100134182,100.529,0,0,-100.529,100.529,253,0,0,0,10,14,-27.0345,70.0345,1.5
3122973313,84.3391,0,0,-84.3391,84.3391,105,4,-14.7431,26.7431,1.5,0,0,0,10
3123482292,97.2019,0,0,-97.2019,97.2019,156,13,17.286,42.286,1.5,0,0,0,10
3123973385,97.497,0,0,-97.497,97.497,177,2,-6.66992,52,1.5,0,0,0,10
3124482389,100.529,0,0,-100.529,100.529,253,14,-27.0345,70.0345,1.5,0,0,0,10
3125357386,104.15,0,0,-104.15,104.15,250,15,24.8333,69.8333,1.5,0,0,0,10
3129982237,83.8029,0,0,-83.8029,83.8029,101,9,2.34343,28.8434,1.5,0,0,0,10
3130357348,99.4354,0,0,-99.4354,99.4354,212,3,-20.6338,59.5,1.5,0,0,0,10
3130973301,83.8602,0,0,-83.8602,83.8602,93,7,10.4293,24.5,1.5,0,0,0,10
3131232387,100.588,0,0,-100.588,100.588,251,12,-15.5,72.899,1.5,0,0,0,10
3132107252,85.1949,0,0,-85.1949,85.1949,116,16,6.54926,33,1.5,0,0,0,10
3132357376,96.0468,0,0,-96.0468,96.0468,240,10,-1,71.1636,1.5,0,0,0,10
3132857244,84.2915,0,0,-84.2915,84.2915,108,1,-11.632,28.868,1.5,0,0,0,10
3133357378,101.147,0,0,-101.147,101.147,242,8,-22.5,68.2187,1.5,0,0,0,10
3133607310,94.9408,0,0,-94.9408,94.9408,174,5,-22,46.1179,1.5,0,0,0,10
3134857230,83.4099,0,0,-83.4099,83.4099,94,19,12.2051,23.7949,1.5,0,0,0,10
3136107353,97.3403,0,0,-97.3403,97.3403,217,11,13,62.9081,1.5,0,0,0,10
3136857385,103.506,0,0,-103.506,103.506,249,18,32.4075,66.4075,1.5,0,0,0,10
3137357203,81.6289,0,0,-81.6289,81.6289,67,6,1.5,17.9839,1.5,0,0,0,10
3137973425,99.5593,0,0,-99.5593,99.5593,216,17,28.5,57.3288,1.5,0,0,0,10
3139732299,95.1304,0,0,-95.1304,95.1304,163,20,11.1545,46.6545,1.5,0,0,0,10
3150000105,84.3391,0,0,-84.3391,84.3391,105,0,0,0,10,4,-14.7431,26.7431,1.5
3150000177,97.497,0,0,-97.497,97.497,177,0,0,0,10,2,-6.66992,52,1.5
3150125093,83.8602,0,0,-83.8602,83.8602,93,0,0,0,10,7,10.4293,24.5,1.5
3150133996,81.6289,0,0,-81.6289,81.6289,67,0,0,0,10,6,1.5,17.9839,1.5
3150134023,83.4099,0,0,-83.4099,83.4099,94,0,0,0,10,19,12.2051,23.7949,1.5
3150134030,83.8029,0,0,-83.8029,83.8029,101,0,0,0,10,9,2.34343,28.8434,1.5
3150134037,84.2915,0,0,-84.2915,84.2915,108,0,0,0,10,1,-11.632,28.868,1.5
3150134045,85.1949,0,0,-85.1949,85.1949,116,0,0,0,10,16,6.54926,33,1.5
3150134085,97.2019,0,0,-97.2019,97.2019,156,0,0,0,10,13,17.286,42.286,1.5
3150134092,95.1304,0,0,-95.1304,95.1304,163,0,0,0,10,20,11.1545,46.6545,1.5
3150134103,94.9408,0,0,-94.9408,94.9408,174,0,0,0,10,5,-22,46.1179,1.5
3150134141,99.4354,0,0,-99.4354,99.4354,212,0,0,0,10,3,-20.6338,59.5,1.5
3150134145,99.5593,0,0,-99.5593,99.5593,216,0,0,0,10,17,28.5,57.3288,1.5
3150134146,97.3403,0,0,-97.3403,97.3403,217,0,0,0,10,11,13,62.9081,1.5
3150134169,96.0468,0,0,-96.0468,96.0468,240,0,0,0,10,10,-1,71.1636,1.5
3150134171,101.147,0,0,-101.147,101.147,242,0,0,0,10,8,-22.5,68.2187,1.5
3150134178,103.506,0,0,-103.506,103.506,249,0,0,0,10,18,32.4075,66.4075,1.5
3150134179,104.15,0,0,-104.15,104.15,250,0,0,0,10,15,24.8333,69.8333,1.5
3150134180,100.588,0,0,-100.588,100.588,251,0,0,0,10,12,-15.5,72.899,1.5
3150134182,100.529,0,0,-100.529,100.529,253,0,0,0,10,14,-27.0345,70.0345,1.5
3172973313,84.3391,0,0,-84.3391,84.3391,105,4,-14.7431,26.7431,1.5,0,0,0,10
3173482292,97.2019,0,0,-97.2019,97.2019,156,13,17.286,42.286,1.5,0,0,0,10
3173973385,97.497,0,0,-97.497,97.497,177,2,-6.66992,52,1.5,0,0,0,10
3174482389,100.529,0,0,-100.529,100.529,253,14,-27.0345,70.0345,1.5,0,0,0,10
3175848459,104.15,0,0,-104.15,104.15,250,15,24.8333,69.8333,1.5,0,0,0,10
3180357237,83.8029,0,0,-83.8029,83.8029,101,9,2.34343,28.8434,1.5,0,0,0,10
3180732348,99.4354,0,0,-99.4354,99.4354,212,3,-20.6338,59.5,1.5,0,0,0,10
3180973301,83.8602,0,0,-83.8602,83.8602,93,7,10.4293,24.5,1.5,0,0,0,10
3181607387,100.588,0,0,-100.588,100.588,251,12,-15.5,72.899,1.5,0,0,0,10
3182482252,85.1949,0,0,-85.1949,85.1949,116,16,6.54926,33,1.5,0,0,0,10
3182732376,96.0468,0,0,-96.0468,96.0468,240,10,-1,71.1636,1.5,0,0,0,10
3183357244,84.2915,0,0,-84.2915,84.2915,108,1,-11.632,28.868,1.5,0,0,0,10
3183857378,101.147,0,0,-101.147,101.147,242,8,-22.5,68.2187,1.5,0,0,0,10
3183982310,94.9408,0,0,-94.9408,94.9408,174,5,-22,46.1179,1.5,0,0,0,10
3185607230,83.4099,0,0,-83.4099,83.4099,94,19,12.2051,23.7949,1.5,0,0,0,10
3186482353,97.3403,0,0,-97.3403,97.3403,217,11,13,62.9081,1.5,0,0,0,10
3187482385,103.506,0,0,-103.506,103.506,249,18,32.4075,66.4075,1.5,0,0,0,10
3187732203,81.6289,0,0,-81.6289,81.6289,67,6,1.5,17.9839,1.5,0,0,0,10
3189348424,99.5593,0,0,-99.5593,99.5593,216,17,28.5,57.3288,1.5,0,0,0,10
3190482299,95.1304,0,0,-95.1304,95.1304,163,20,11.1545,46.6545,1.5,0,0,0,10
3200000105,84.3391,0,0,-84.3391,84.3391,105,0,0,0,10,4,-14.8492,26.8492,1.5
3200000177,97.497,0,0,-97.497,97.497,177,0,0,0,10,2,-6.81992,52,1.5
3200125093,83.8602,0,0,-83.8602,83.8602,93,0,0,0,10,7,10.8793,24.5,1.5
3200133996,81.6289,0,0,-81.6289,81.6289,67,0,0,0,10,6,1.5,17.8339,1.5
3200134023,83.4099,0,0,-83.4099,83.4099,94,0,0,0,10,19,12.3111,23.6889,1.5
3200134030,83.8029,0,0,-83.8029,83.8029,101,0,0,0,10,9,2.23736,28.7374,1.5
3200134037,84.2915,0,0,-84.2915,84.2915,108,0,0,0,10,1,-11.738,28.762,1.5
3200134045,85.1949,0,0,-85.1949,85.1949,116,0,0,0,10,16,6.39926,33,1.5
3200134085,97.2019,0,0,-97.2019,97.2019,156,0,0,0,10,13,17.1799,42.1799,1.5
3200134092,95.1304,0,0,-95.1304,95.1304,163,0,0,0,10,20,11.0484,46.5484,1.5
3200134103,94.9408,0,0,-94.9408,94.9408,174,0,0,0,10,5,-22,45.9679,1.5
3200134141,99.4354,0,0,-99.4354,99.4354,212,0,0,0,10,3,-20.4838,59.5,1.5
3200134145,99.5593,0,0,-99.5593,99.5593,216,0,0,0,10,17,28.5,57.1788,1.5
3200134146,97.3403,0,0,-97.3403,97.3403,217,0,0,0,10,11,13,62.7581,1.5
3200134169,96.0468,0,0,-96.0468,96.0468,240,0,0,0,10,10,-1,71.0136,1.5
3200134171,101.147,0,0,-101.147,101.147,242,0,0,0,10,8,-22.5,68.0687,1.5
3200134178,103.506,0,0,-103.506,103.506,249,0,0,0,10,18,32.3014,66.3014,1.5
3200134179,104.15,0,0,-104.15,104.15,250,0,0,0,10,15,24.7272,69.7272,1.5
3200134180,100.588,0,0,-100.588,100.588,251,0,0,0,10,12,-15.5,72.749,1.5
3200134182,100.529,0,0,-100.529,100.529,253,0,0,0,10,14,-26.9284,69.9284,1.5
3222973313,84.3391,0,0,-84.3391,84.3391,105,4,-14.8492,26.8492,1.5,0,0,0,10
3223482292,97.2019,0,0,-97.2019,97.2019,156,13,17.1799,42.1799,1.5,0,0,0,10
3223973385,97.497,0,0,-97.497,97.497,177,2,-6.81992,52,1.5,0,0,0,10
3224482389,100.529,0,0,-100.529,100.529,253,14,-26.9284,69.9284,1.5,0,0,0,10
3225848459,104.15,0,0,-104.15,104.15,250,15,24.7272,69.7272,1.5,0,0,0,10
3230732237,83.8029,0,0,-83.8029,83.8029,101,9,2.23736,28.7374,1.5,0,0,0,10
3230973301,83.8602,0,0,-83.8602,83.8602,93,7,10.8793,24.5,1.5,0,0,0,10
3231232348,99.4354,0,0,-99.4354,99.4354,212,3,-20.4838,59.5,1.5,0,0,0,10
3231982387,100.588,0,0,-100.588,100.588,251,12,-15.5,72.749,1.5,0,0,0,10
3232857252,85.1949,0,0,-85.1949,85.1949,116,16,6.39926,33,1.5,0,0,0,10
3233107376,96.0468,0,0,-96.0468,96.0468,240,10,-1,71.0136,1.5,0,0,0,10
3233732244,84.2915,0,0,-84.2915,84.2915,108,1,-11.738,28.762,1.5,0,0,0,10
3234232378,101.147,0,0,-101.147,101.147,242,8,-22.5,68.0687,1.5,0,0,0,10
3234357310,94.9408,0,0,-94.9408,94.9408,174,5,-22,45.9679,1.5,0,0,0,10
3236232230,83.4099,0,0,-83.4099,83.4099,94,19,12.3111,23.6889,1.5,0,0,0,10
3236857353,97.3403,0,0,-97.3403,97.3403,217,11,13,62.7581,1.5,0,0,0,10
3238232203,81.6289,0,0,-81.6289,81.6289,67,6,1.5,17.8339,1.5,0,0,0,10
3238232385,103.506,0,0,-103.506,103.506,249,18,32.3014,66.3014,1.5,0,0,0,10
3239348424,99.5593,0,0,-99.5593,99.5593,216,17,28.5,57.1788,1.5,0,0,0,10
3241107299,95.1304,0,0,-95.1304,95.1304,163,20,11.0484,46.5484,1.5,0,0,0,10
3250000105,84.3391,0,0,-84.3391,84.3391,105,0,0,0,10,4,-14.8492,26.8492,1.5
3250000177,97.497,0,0,-97.497,97.497,177,0,0,0,10,2,-6.81992,52,1.5
3250125093,83.8602,0,0,-83.8602,83.8602,93,0,0,0,10,7,10.8793,24.5,1.5
3250133996,81.6289,0,0,-81.6289,81.6289,67,0,0,0,10,6,1.5,17.8339,1.5
3250134023,83.4099,0,0,-83.4099,83.4099,94,0,0,0,10,19,12.3111,23.6889,1.5
3250134030,83.8029,0,0,-83.8029,83.8029,101,0,0,0,10,9,2.23736,28.7374,1.5
3250134037,84.2915,0,0,-84.2915,84.2915,108,0,0,0,10,1,-11.738,28.762,1.5
3250134045,85.1949,0,0,-85.1949,85.1949,116,0,0,0,10,16,6.39926,33,1.5
3250134085,97.2019,0,0,-97.2019,97.2019,156,0,0,0,10,13,17.1799,42.1799,1.5
3250134092,95.1304,0,0,-95.1304,95.1304,163,0,0,0,10,20,11.0484,46.5484,1.5
3250134103,94.9408,0,0,-94.9408,94.9408,174,0,0,0,10,5,-22,45.9679,1.5
3250134141,99.4354,0,0,-99.4354,99.4354,212,0,0,0,10,3,-20.4838,59.5,1.5
3250134145,99.5593,0,0,-99.5593,99.5593,216,0,0,0,10,17,28.5,57.1788,1.5
3250134146,97.3403,0,0,-97.3403,97.3403,217,0,0,0,10,11,13,62.7581,1.5
3250134169,96.0468,0,0,-96.0468,96.0468,240,0,0,0,10,10,-1,71.0136,1.5
3250134171,101.147,0,0,-101.147,101.147,242,0,0,0,10,8,-22.5,68.0687,1.5
3250134178,103.506,0,0,-103.506,103.506,249,0,0,0,10,18,32.3014,66.3014,1.5
3250134179,104.15,0,0,-104.15,104.15,250,0,0,0,10,15,24.7272,69.7272,1.5
3250134180,100.588,0,0,-100.588,100.588,251,0,0,0,10,12,-15.5,72.749,1.5
3250134182,100.529,0,0,-100.529,100.529,253,0,0,0,10,14,-26.9284,69.9284,1.5
3272973313,84.3391,0,0,-84.3391,84.3391,105,4,-14.8492,26.8492,1.5,0,0,0,10
3273482292,97.2019,0,0,-97.2019,97.2019,156,13,17.1799,42.1799,1.5,0,0,0,10
3273973385,97.497,0,0,-97.497,97.497,177,2,-6.81992,52,1.5,0,0,0,10
3274482389,100.529,0,0,-100.529,100.529,253,14,-26.9284,69.9284,1.5,0,0,0,10
3275857386,104.15,0,0,-104.15,104.15,250,15,24.7272,69.7272,1.5,0,0,0,10
3280857237,83.8029,0,0,-83.8029,83.8029,101,9,2.23736,28.7374,1.5,0,0,0,10
3280973301,83.8602,0,0,-83.8602,83.8602,93,7,10.8793,24.5,1.5,0,0,0,10
3281607348,99.4354,0,0,-99.4354,99.4354,212,3,-20.4838,59.5,1.5,0,0,0,10
3282357387,100.588,0,0,-100.588,100.588,251,12,-15.5,72.749,1.5,0,0,0,10
3283232252,85.1949,0,0,-85.1949,85.1949,116,16,6.39926,33,1.5,0,0,0,10
3283482376,96.0468,0,0,-96.0468,96.0468,240,10,-1,71.0136,1.5,0,0,0,10
3284107244,84.2915,0,0,-84.2915,84.2915,108,1,-11.738,28.762,1.5,0,0,0,10
3284607378,101.147,0,0,-101.147,101.147,242,8,-22.5,68.0687,1.5,0,0,0,10
3284857310,94.9408,0,0,-94.9408,94.9408,174,5,-22,45.9679,1.5,0,0,0,10
3286982230,83.4099,0,0,-83.4099,83.4099,94,19,12.3111,23.6889,1.5,0,0,0,10
3287232353,97.3403,0,0,-97.3403,97.3403,217,11,13,62.7581,1.5,0,0,0,10
3288607203,81.6289,0,0,-81.6289,81.6289,67,6,1.5,17.8339,1.5,0,0,0,10
3288857385,103.506,0,0,-103.506,103.506,249,18,32.3014,66.3014,1.5,0,0,0,10
3289348424,99.5593,0,0,-99.5593,99.5593,216,17,28.5,57.1788,1.5,0,0,0,10
3291857299,95.1304,0,0,-95.1304,95.1304,163,20,11.0484,46.5484,1.5,0,0,0,10
3300000105,84.3391,0,0,-84.3391,84.3391,105,0,0,0,10,4,-14.9552,26.9552,1.5
3300000177,97.497,0,0,-97.497,97.497,177,0,0,0,10,2,-6.96992,52,1.5
3300125093,83.8602,0,0,-83.8602,83.8602,93,0,0,0,10,7,11.0293,24.5,1.5
3300133996,81.6289,0,0,-81.6289,81.6289,67,0,0,0,10,6,1.5,17.6839,1.5
3300134023,83.4099,0,0,-83.4099,83.4099,94,0,0,0,10,19,12.4172,23.5828,1.5
3300134030,83.8029,0,0,-83.8029,83.8029,101,0,0,0,10,9,2.1313,28.6313,1.5
3300134037,84.2915,0,0,-84.2915,84.2915,108,0,0,0,10,1,-11.8441,28.6559,1.5
3300134045,85.1949,0,0,-85.1949,85.1949,116,0,0,0,10,16,6.24926,33,1.5
3300134085,97.2019,0,0,-97.2019,97.2019,156,0,0,0,10,13,17.0738,42.0738,1.5
3300134092,95.1304,0,0,-95.1304,95.1304,163,0,0,0,10,20,10.9423,46.4423,1.5
3300134103,94.9408,0,0,-94.9408,94.9408,174,0,0,0,10,5,-22,45.8179,1.5
3300134141,99.4354,0,0,-99.4354,99.4354,212,0,0,0,10,3,-20.3338,59.5,1.5
3300134145,99.5593,0,0,-99.5593,99.5593,216,0,0,0,10,17,28.5,57.0288,1.5
3300134146,97.3403,0,0,-97.3403,97.3403,217,0,0,0,10,11,13,62.6081,1.5
3300134169,96.0468,0,0,-96.0468,96.0468,240,0,0,0,10,10,-1,70.8636,1.5
3300134171,101.147,0,0,-101.147,101.147,242,0,0,0,10,8,-22.5,67.9187,1.5
3300134178,103.506,0,0,-103.506,103.506,249,0,0,0,10,18,32.1954,66.1954,1.5
3300134179,104.15,0,0,-104.15,104.15,250,0,0,0,10,15,24.6211,69.6211,1.5
3300134180,100.588,0,0,-100.588,100.588,251,0,0,0,10,12,-15.5,72.599,1.5
3300134182,100.529,0,0,-100.529,100.529,253,0,0,0,10,14,-26.8224,69.8224,1.5
3322973313,84.3391,0,0,-84.3391,84.3391,105,4,-14.9552,26.9552,1.5,0,0,0,10
3323482292,97.2019,0,0,-97.2019,97.2019,156,13,17.0738,42.0738,1.5,0,0,0,10
3323973385,97.497,0,0,-97.497,97.497,177,2,-6.96992,52,1.5,0,0,0,10
3324482389,100.529,0,0,-100.529,100.529,253,14,-26.8224,69.8224,1.5,0,0,0,10
3326232386,104.15,0,0,-104.15,104.15,250,15,24.6211,69.6211,1.5,0,0,0,10
3330973301,83.8602,0,0,-83.8602,83.8602,93,7,11.0293,24.5,1.5,0,0,0,10
3331107237,83.8029,0,0,-83.8029,83.8029,101,9,2.1313,28.6313,1.5,0,0,0,10
3331982348,99.4354,0,0,-99.4354,99.4354,212,3,-20.3338,59.5,1.5,0,0,0,10
3332857387,100.588,0,0,-100.588,100.588,251,12,-15.5,72.599,1.5,0,0,0,10
3333607252,85.1949,0,0,-85.1949,85.1949,116,16,6.24926,33,1.5,0,0,0,10
3333857376,96.0468,0,0,-96.0468,96.0468,240,10,-1,70.8636,1.5,0,0,0,10
3334482244,84.2915,0,0,-84.2915,84.2915,108,1,-11.8441,28.6559,1.5,0,0,0,10
3334982378,101.147,0,0,-101.147,101.147,242,8,-22.5,67.9187,1.5,0,0,0,10
3335232310,94.9408,0,0,-94.9408,94.9408,174,5,-22,45.8179,1.5,0,0,0,10
3337607230,83.4099,0,0,-83.4099,83.4099,94,19,12.4172,23.5828,1.5,0,0,0,10
3337732353,97.3403,0,0,-97.3403,97.3403,217,11,13,62.6081,1.5,0,0,0,10
3338982203,81.6289,0,0,-81.6289,81.6289,67,6,1.5,17.6839,1.5,0,0,0,10
3339348424,99.5593,0,0,-99.5593,99.5593,216,17,28.5,57.0288,1.5,0,0,0,10
3339607385,103.506,0,0,-103.506,103.506,249,18,32.1954,66.1954,1.5,0,0,0,10
3342482299,95.1304,0,0,-95.1304,95.1304,163,20,10.9423,46.4423,1.5,0,0,0,10
3350000105,84.3391,0,0,-84.3391,84.3391,105,0,0,0,10,4,-14.9552,26.9552,1.5
3350000177,97.497,0,0,-97.497,97.497,177,0,0,0,10,2,-6.96992,52,1.5
3350125093,83.8602,0,0,-83.8602,83.8602,93,0,0,0,10,7,11.0293,24.5,1.5
3350133996,81.6289,0,0,-81.6289,81.6289,67,0,0,0,10,6,1.5,17.6839,1.5
3350134023,83.4099,0,0,-83.4099,83.4099,94,0,0,0,10,19,12.4172,23.5828,1.5
3350134030,83.8029,0,0,-83.8029,83.8029,101,0,0,0,10,9,2.1313,28.6313,1.5
3350134037,84.2915,0,0,-84.2915,84.2915,108,0,0,0,10,1,-11.8441,28.6559,1.5
3350134045,85.1949,0,0,-85.1949,85.1949,116,0,0,0,10,16,6.24926,33,1.5
3350134085,97.2019,0,0,-97.2019,97.2019,156,0,0,0,10,13,17.0738,42.0738,1.5
3350134092,95.1304,0,0,-95.1304,95.1304,163,0,0,0,10,20,10.9423,46.4423,1.5
3350134103,94.9408,0,0,-94.9408,94.9408,174,0,0,0,10,5,-22,45.8179,1.5
3350134141,99.4354,0,0,-99.4354,99.4354,212,0,0,0,10,3,-20.3338,59.5,1.5
3350134145,99.5593,0,0,-99.5593,99.5593,216,0,0,0,10,17,28.5,57.0288,1.5
3350134146,97.3403,0,0,-97.3403,97.3403,217,0,0,0,10,11,13,62.6081,1.5
3350134169,96.0468,0,0,-96.0468,96.0468,240,0,0,0,10,10,-1,70.8636,1.5
3350134171,101.147,0,0,-101.147,101.147,242,0,0,0,10,8,-22.5,67.9187,1.5
3350134178,103.506,0,0,-103.506,103.506,249,0,0,0,10,18,32.1954,66.1954,1.5
3350134179,104.15,0,0,-104.15,104.15,250,0,0,0,10,15,24.6211,69.6211,1.5
3350134180,100.588,0,0,-100.588,100.588,251,0,0,0,10,12,-15.5,72.599,1.5
3350134182,100.529,0,0,-100.529,100.529,253,0,0,0,10,14,-26.8224,69.8224,1.5
3372973313,84.3391,0,0,-84.3391,84.3391,105,4,-14.9552,26.9552,1.5,0,0,0,10
3373482292,97.2019,0,0,-97.2019,97.2019,156,13,17.0738,42.0738,1.5,0,0,0,10
3373973385,97.497,0,0,-97.497,97.497,177,2,-6.96992,52,1.5,0,0,0,10
3374482389,100.529,0,0,-100.529,100.529,253,14,-26.8224,69.8224,1.5,0,0,0,10
3376598458,104.15,0,0,-104.15,104.15,250,15,24.6211,69.6211,1.5,0,0,0,10
3380973301,83.8602,0,0,-83.8602,83.8602,93,7,11.0293,24.5,1.5,0,0,0,10
3381982237,83.8029,0,0,-83.8029,83.8029,101,9,2.1313,28.6313,1.5,0,0,0,10
3382357348,99.4354,0,0,-99.4354,99.4354,212,3,-20.3338,59.5,1.5,0,0,0,10
3383232387,100.588,0,0,-100.588,100.588,251,12,-15.5,72.599,1.5,0,0,0,10
3384107252,85.1949,0,0,-85.1949,85.1949,116,16,6.24926,33,1.5,0,0,0,10
3384357376,96.0468,0,0,-96.0468,96.0468,240,10,-1,70.8636,1.5,0,0,0,10
3384857244,84.2915,0,0,-84.2915,84.2915,108,1,-11.8441,28.6559,1.5,0,0,0,10
3385357378,101.147,0,0,-101.147,101.147,242,8,-22.5,67.9187,1.5,0,0,0,10
3385607310,94.9408,0,0,-94.9408,94.9408,174,5,-22,45.8179,1.5,0,0,0,10
3388107353,97.3403,0,0,-97.3403,97.3403,217,11,13,62.6081,1.5,0,0,0,10
3388357230,83.4099,0,0,-83.4099,83.4099,94,19,12.4172,23.5828,1.5,0,0,0,10
3389348424,99.5593,0,0,-99.5593,99.5593,216,17,28.5,57.0288,1.5,0,0,0,10
3389357203,81.6289,0,0,-81.6289,81.6289,67,6,1.5,17.6839,1.5,0,0,0,10
3390357385,103.506,0,0,-103.506,103.506,249,18,32.1954,66.1954,1.5,0,0,0,10
3393232299,95.1304,0,0,-95.1304,95.1304,163,20,10.9423,46.4423,1.5,0,0,0,10
3400000105,84.3391,0,0,-84.3391,84.3391,105,0,0,0,10,4,-15.0613,27.0613,1.5
3400000177,97.497,0,0,-97.497,97.497,177,0,0,0,10,2,-7.11992,52,1.5
3400125093,83.8602,0,0,-83.8602,83.8602,93,0,0,0,10,7,11.1793,24.5,1.5
3400133996,81.6289,0,0,-81.6289,81.6289,67,0,0,0,10,6,1.5,17.5339,1.5
3400134023,83.4099,0,0,-83.4099,83.4099,94,0,0,0,10,19,12.5233,23.4767,1.5
3400134030,83.8029,0,0,-83.8029,83.8029,101,0,0,0,10,9,2.02523,28.5252,1.5
3400134037,84.2915,0,0,-84.2915,84.2915,108,0,0,0,10,1,-11.9502,28.5498,1.5
3400134045,85.1949,0,0,-85.1949,85.1949,116,0,0,0,10,16,6.09926,33,1.5
3400134085,97.2019,0,0,-97.2019,97.2019,156,0,0,0,10,13,16.9678,41.9678,1.5
3400134092,95.1304,0,0,-95.1304,95.1304,163,0,0,0,10,20,10.8363,46.3363,1.5
3400134103,94.9408,0,0,-94.9408,94.9408,174,0,0,0,10,5,-22,45.6679,1.5
3400134141,99.4354,0,0,-99.4354,99.4354,212,0,0,0,10,3,-20.1838,59.5,1.5
3400134145,99.5593,0,0,-99.5593,99.5593,216,0,0,0,10,17,28.5,56.8788,1.5
3400134146,97.3403,0,0,-97.3403,97.3403,217,0,0,0,10,11,13,62.4581,1.5
3400134169,96.0468,0,0,-96.0468,96.0468,240,0,0,0,10,10,-1,70.7136,1.5
3400134171,101.147,0,0,-101.147,101.147,242,0,0,0,10,8,-22.5,67.7687,1.5
3400134178,103.506,0,0,-103.506,103.506,249,0,0,0,10,18,32.0893,66.0893,1.5
3400134179,104.15,0,0,-104.15,104.15,250,0,0,0,10,15,24.5151,69.5151,1.5
3400134180,100.588,0,0,-100.588,100.588,251,0,0,0,10,12,-15.5,72.449,1.5
3400134182,100.529,0,0,-100.529,100.529,253,0,0,0,10,14,-26.7163,69.7163,1.5
3422973313,84.3391,0,0,-84.3391,84.3391,105,4,-15.0613,27.0613,1.5,0,0,0,10
3423482292,97.2019,0,0,-97.2019,97.2019,156,13,16.9678,41.9678,1.5,0,0,0,10
3423973385,97.497,0,0,-97.497,97.497,177,2,-7.11992,52,1.5,0,0,0,10
3424482389,100.529,0,0,-100.529,100.529,253,14,-26.7163,69.7163,1.5,0,0,0,10
3426598458,104.15,0,0,-104.15,104.15,250,15,24.5151,69.5151,1.5,0,0,0,10
3430973301,83.8602,0,0,-83.8602,83.8602,93,7,11.1793,24.5,1.5,0,0,0,10
3432357237,83.8029,0,0,-83.8029,83.8029,101,9,2.02523,28.5252,1.5,0,0,0,10
3432732348,99.4354,0,0,-99.4354,99.4354,212,3,-20.1838,59.5,1.5,0,0,0,10
3433607387,100.588,0,0,-100.588,100.588,251,12,-15.5,72.449,1.5,0,0,0,10
3434482252,85.1949,0,0,-85.1949,85.1949,116,16,6.09926,33,1.5,0,0,0,10
3434732376,96.0468,0,0,-96.0468,96.0468,240,10,-1,70.7136,1.5,0,0,0,10
3435357244,84.2915,0,0,-84.2915,84.2915,108,1,-11.9502,28.5498,1.5,0,0,0,10
3435857378,101.147,0,0,-101.147,101.147,242,8,-22.5,67.7687,1.5,0,0,0,10
3435982310,94.9408,0,0,-94.9408,94.9408,174,5,-22,45.6679,1.5,0,0,0,10
3438482353,97.3403,0,0,-97.3403,97.3403,217,11,13,62.4581,1.5,0,0,0,10
3438982230,83.4099,0,0,-83.4099,83.4099,94,19,12.5233,23.4767,1.5,0,0,0,10
3439348424,99.5593,0,0,-99.5593,99.5593,216,17,28.5,56.8788,1.5,0,0,0,10
3439732203,81.6289,0,0,-81.6289,81.6289,67,6,1.5,17.5339,1.5,0,0,0,10
3440982385,103.506,0,0,-103.506,103.506,249,18,32.0893,66.0893,1.5,0,0,0,10
3443982299,95.1304,0,0,-95.1304,95.1304,163,20,10.8363,46.3363,1.5,0,0,0,10
3450000105,84.3391,0,0,-84.3391,84.3391,105,0,0,0,10,4,-15.0613,27.0613,1.5
3450000177,97.497,0,0,-97.497,97.497,177,0,0,0,10,2,-7.11992,52,1.5
3450125093,83.8602,0,0,-83.8602,83.8602,93,0,0,0,10,7,11.1793,24.5,1.5
3450133996,81.6289,0,0,-81.6289,81.6289,67,0,0,0,10,6,1.5,17.5339,1.5
3450134023,83.4099,0,0,-83.4099,83.4099,94,0,0,0,10,19,12.5233,23.4767,1.5
3450134030,83.8029,0,0,-83.8029,83.8029,101,0,0,0,10,9,2.02523,28.5252,1.5
3450134037,84.2915,0,0,-84.2915,84.2915,108,0,0,0,10,1,-11.9502,28.5498,1.5
3450134045,85.1949,0,0,-85.1949,85.1949,116,0,0,0,10,16,6.09926,33,1.5
3450134085,97.2019,0,0,-97.2019,97.2019,156,0,0,0,10,13,16.9678,41.9678,1.5
3450134092,95.1304,0,0,-95.1304,95.1304,163,0,0,0,10,20,10.8363,46.3363,1.5
3450134103,94.9408,0,0,-94.9408,94.9408,174,0,0,0,10,5,-22,45.6679,1.5
3450134141,99.4354,0,0,-99.4354,99.4354,212,0,0,0,10,3,-20.1838,59.5,1.5
3450134145,99.5593,0,0,-99.5593,99.5593,216,0,0,0,10,17,28.5,56.8788,1.5
3450134146,97.3403,0,0,-97.3403,97.3403,217,0,0,0,10,11,13,62.4581,1.5
3450134169,96.0468,0,0,-96.0468,96.0468,240,0,0,0,10,10,-1,70.7136,1.5
3450134171,101.147,0,0,-101.147,101.147,242,0,0,0,10,8,-22.5,67.7687,1.5
3450134178,103.506,0,0,-103.506,103.506,249,0,0,0,10,18,32.0893,66.0893,1.5
3450134179,104.15,0,0,-104.15,104.15,250,0,0,0,10,15,24.5151,69.5151,1.5
3450134180,100.588,0,0,-100.588,100.588,251,0,0,0,10,12,-15.5,72.449,1.5
3450134182,100.529,0,0,-100.529,100.529,253,0,0,0,10,14,-26.7163,69.7163,1.5
3472973313,84.3391,0,0,-84.3391,84.3391,105,4,-15.0613,27.0613,1.5,0,0,0,10
3473482292,97.2019,0,0,-97.2019,97.2019,156,13,16.9678,41.9678,1.5,0,0,0,10
3473973385,97.497,0,0,-97.497,97.497,177,2,-7.11992,52,1.5,0,0,0,10
3474482389,100.529,0,0,-100.529,100.529,253,14,-26.7163,69.7163,1.5,0,0,0,10
3476598458,104.15,0,0,-104.15,104.15,250,15,24.5151,69.5151,1.5,0,0,0,10
3480973301,83.8602,0,0,-83.8602,83.8602,93,7,11.1793,24.5,1.5,0,0,0,10
3482732237,83.8029,0,0,-83.8029,83.8029,101,9,2.02523,28.5252,1.5,0,0,0,10
3483232348,99.4354,0,0,-99.4354,99.4354,212,3,-20.1838,59.5,1.5,0,0,0,10
3483982387,100.588,0,0,-100.588,100.588,251,12,-15.5,72.449,1.5,0,0,0,10
3484857252,85.1949,0,0,-85.1949,85.1949,116,16,6.09926,33,1.5,0,0,0,10
3485107376,96.0468,0,0,-96.0468,96.0468,240,10,-1,70.7136,1.5,0,0,0,10
3485732244,84.2915,0,0,-84.2915,84.2915,108,1,-11.9502,28.5498,1.5,0,0,0,10
3486232378,101.147,0,0,-101.147,101.147,242,8,-22.5,67.7687,1.5,0,0,0,10
3486357310,94.9408,0,0,-94.9408,94.9408,174,5,-22,45.6679,1.5,0,0,0,10
3488857353,97.3403,0,0,-97.3403,97.3403,217,11,13,62.4581,1.5,0,0,0,10
3489348424,99.5593,0,0,-99.5593,99.5593,216,17,28.5,56.8788,1.5,0,0,0,10
3489732230,83.4099,0,0,-83.4099,83.4099,94,19,12.5233,23.4767,1.5,0,0,0,10
3490232203,81.6289,0,0,-81.6289,81.6289,67,6,1.5,17.5339,1.5,0,0,0,10
3491732385,103.506,0,0,-103.506,103.506,249,18,32.0893,66.0893,1.5,0,0,0,10
3494607299,95.1304,0,0,-95.1304,95.1304,163,20,10.8363,46.3363,1.5,0,0,0,10
3500000105,84.3391,0,0,-84.3391,84.3391,105,0,0,0,10,4,-15.1673,27.1673,1.5
3500000177,97.497,0,0,-97.497,97.497,177,0,0,0,10,2,-7.26992,52,1.5
3500125093,83.8602,0,0,-83.8602,83.8602,93,0,0,0,10,7,11.3293,24.5,1.5
3500133996,81.6289,0,0,-81.6289,81.6289,67,0,0,0,10,6,1.5,17.3839,1.5
3500134023,83.4099,0,0,-83.4099,83.4099,94,0,0,0,10,19,12.6293,23.3707,1.5
3500134030,83.8029,0,0,-83.8029,83.8029,101,0,0,0,10,9,1.91917,28.4192,1.5
3500134037,84.2915,0,0,-84.2915,84.2915,108,0,0,0,10,1,-12,28.4205,1.5
3500134045,85.1949,0,0,-85.1949,85.1949,116,0,0,0,10,16,5.94926,33,1.5
3500134085,97.2019,0,0,-97.2019,97.2019,156,0,0,0,10,13,16.8617,41.8617,1.5
3500134092,95.1304,0,0,-95.1304,95.1304,163,0,0,0,10,20,10.7302,46.2302,1.5
3500134103,94.9408,0,0,-94.9408,94.9408,174,0,0,0,10,5,-22,45.5179,1.5
3500134141,99.4354,0,0,-99.4354,99.4354,212,0,0,0,10,3,-20.0338,59.5,1.5
3500134145,99.5593,0,0,-99.5593,99.5593,216,0,0,0,10,17,28.5,56.7288,1.5
3500134146,97.3403,0,0,-97.3403,97.3403,217,0,0,0,10,11,13,62.3081,1.5
3500134169,96.0468,0,0,-96.0468,96.0468,240,0,0,0,10,10,-1,70.5636,1.5
3500134171,101.147,0,0,-101.147,101.147,242,0,0,0,10,8,-22.5,67.6187,1.5
3500134178,103.506,0,0,-103.506,103.506,249,0,0,0,10,18,31.9832,65.9832,1.5
3500134179,104.15,0,0,-104.15,104.15,250,0,0,0,10,15,24.409,69.409,1.5
3500134180,100.588,0,0,-100.588,100.588,251,0,0,0,10,12,-15.5,72.299,1.5
3500134182,100.529,0,0,-100.529,100.529,253,0,0,0,10,14,-26.6103,69.6103,1.5
3522973313,84.3391,0,0,-84.3391,84.3391,105,4,-15.1673,27.1673,1.5,0,0,0,10
3523482292,97.2019,0,0,-97.2019,97.2019,156,13,16.8617,41.8617,1.5,0,0,0,10
3523973385,97.497,0,0,-97.497,97.497,177,2,-7.26992,52,1.5,0,0,0,10
3524482389,100.529,0,0,-100.529,100.529,253,14,-26.6103,69.6103,1.5,0,0,0,10
3526598458,104.15,0,0,-104.15,104.15,250,15,24.409,69.409,1.5,0,0,0,10
3530973301,83.8602,0,0,-83.8602,83.8602,93,7,11.3293,24.5,1.5,0,0,0,10
3533232237,83.8029,0,0,-83.8029,83.8029,101,9,1.91917,28.4192,1.5,0,0,0,10
3533607348,99.4354,0,0,-99.4354,99.4354,212,3,-20.0338,59.5,1.5,0,0,0,10
3534357387,100.588,0,0,-100.588,100.588,251,12,-15.5,72.299,1.5,0,0,0,10
3535232252,85.1949,0,0,-85.1949,85.1949,116,16,5.94926,33,1.5,0,0,0,10
3535482376,96.0468,0,0,-96.0468,96.0468,240,10,-1,70.5636,1.5,0,0,0,10
3536107244,84.2915,0,0,-84.2915,84.2915,108,1,-12,28.4205,1.5,0,0,0,10
3536607378,101.147,0,0,-101.147,101.147,242,8,-22.5,67.6187,1.5,0,0,0,10
3536857310,94.9408,0,0,-94.9408,94.9408,174,5,-22,45.5179,1.5,0,0,0,10
3538982353,97.3403,0,0,-97.3403,97.3403,217,11,13,62.3081,1.5,0,0,0,10
3539348424,99.5593,0,0,-99.5593,99.5593,216,17,28.5,56.7288,1.5,0,0,0,10
3540357230,83.4099,0,0,-83.4099,83.4099,94,19,12.6293,23.3707,1.5,0,0,0,10
3540607203,81.6289,0,0,-81.6289,81.6289,67,6,1.5,17.3839,1.5,0,0,0,10
3542357385,103.506,0,0,-103.506,103.506,249,18,31.9832,65.9832,1.5,0,0,0,10
3545357299,95.1304,0,0,-95.1304,95.1304,163,20,10.7302,46.2302,1.5,0,0,0,10
3550000105,84.3391,0,0,-84.3391,84.3391,105,0,0,0,10,4,-15.1673,27.1673,1.5
3550000177,97.497,0,0,-97.497,97.497,177,0,0,0,10,2,-7.26992,52,1.5
3550125093,83.8602,0,0,-83.8602,83.8602,93,0,0,0,10,7,11.3293,24.5,1.5
3550133996,81.6289,0,0,-81.6289,81.6289,67,0,0,0,10,6,1.5,17.3839,1.5
3550134023,83.4099,0,0,-83.4099,83.4099,94,0,0,0,10,19,12.6293,23.3707,1.5
3550134030,83.8029,0,0,-83.8029,83.8029,101,0,0,0,10,9,1.91917,28.4192,1.5
3550134037,84.2915,0,0,-84.2915,84.2915,108,0,0,0,10,1,-12,28.4205,1.5
3550134045,85.1949,0,0,-85.1949,85.1949,116,0,0,0,10,16,5.94926,33,1.5
3550134085,97.2019,0,0,-97.2019,97.2019,156,0,0,0,10,13,16.8617,41.8617,1.5
3550134092,95.1304,0,0,-95.1304,95.1304,163,0,0,0,10,20,10.7302,46.2302,1.5
3550134103,94.9408,0,0,-94.9408,94.9408,174,0,0,0,10,5,-22,45.5179,1.5
3550134141,99.4354,0,0,-99.4354,99.4354,212,0,0,0,10,3,-20.0338,59.5,1.5
3550134145,99.5593,0,0,-99.5593,99.5593,216,0,0,0,10,17,28.5,56.7288,1.5
3550134146,97.3403,0,0,-97.3403,97.3403,217,0,0,0,10,11,13,62.3081,1.5
3550134169,96.0468,0,0,-96.0468,96.0468,240,0,0,0,10,10,-1,70.5636,1.5
3550134171,101.147,0,0,-101.147,101.147,242,0,0,0,10,8,-22.5,67.6187,1.5
3550134178,103.506,0,0,-103.506,103.506,249,0,0,0,10,18,31.9832,65.9832,1.5
3550134179,104.15,0,0,-104.15,104.15,250,0,0,0,10,15,24.409,69.409,1.5
3550134180,100.588,0,0,-100.588,100.588,251,0,0,0,10,12,-15.5,72.299,1.5
3550134182,100.529,0,0,-100.529,100.529,253,0,0,0,10,14,-26.6103,69.6103,1.5
3572973313,84.3391,0,0,-84.3391,84.3391,105,4,-15.1673,27.1673,1.5,0,0,0,10
3573482292,97.2019,0,0,-97.2019,97.2019,156,13,16.8617,41.8617,1.5,0,0,0,10
3573973385,97.497,0,0,-97.497,97.497,177,2,-7.26992,52,1.5,0,0,0,10
3574482389,100.529,0,0,-100.529,100.529,253,14,-26.6103,69.6103,1.5,0,0,0,10
3576598458,104.15,0,0,-104.15,104.15,250,15,24.409,69.409,1.5,0,0,0,10
3580973301,83.8602,0,0,-83.8602,83.8602,93,7,11.3293,24.5,1.5,0,0,0,10
3583607237,83.8029,0,0,-83.8029,83.8029,101,9,1.91917,28.4192,1.5,0,0,0,10
3583982348,99.4354,0,0,-99.4354,99.4354,212,3,-20.0338,59.5,1.5,0,0,0,10
3584857387,100.588,0,0,-100.588,100.588,251,12,-15.5,72.299,1.5,0,0,0,10
3585607252,85.1949,0,0,-85.1949,85.1949,116,16,5.94926,33,1.5,0,0,0,10
3585857376,96.0468,0,0,-96.0468,96.0468,240,10,-1,70.5636,1.5,0,0,0,10
3586482244,84.2915,0,0,-84.2915,84.2915,108,1,-12,28.4205,1.5,0,0,0,10
3586982378,101.147,0,0,-101.147,101.147,242,8,-22.5,67.6187,1.5,0,0,0,10
3587232310,94.9408,0,0,-94.9408,94.9408,174,5,-22,45.5179,1.5,0,0,0,10
3589232353,97.3403,0,0,-97.3403,97.3403,217,11,13,62.3081,1.5,0,0,0,10
3589348424,99.5593,0,0,-99.5593,99.5593,216,17,28.5,56.7288,1.5,0,0,0,10
3590982203,81.6289,0,0,-81.6289,81.6289,67,6,1.5,17.3839,1.5,0,0,0,10
3591107230,83.4099,0,0,-83.4099,83.4099,94,19,12.6293,23.3707,1.5,0,0,0,10
3593107385,103.506,0,0,-103.506,103.506,249,18,31.9832,65.9832,1.5,0,0,0,10
3595982299,95.1304,0,0,-95.1304,95.1304,163,20,10.7302,46.2302,1.5,0,0,0,10
3600000105,84.3391,0,0,-84.3391,84.3391,105,0,0,0,10,4,-15.2734,27.2734,1.5
3600000177,97.497,0,0,-97.497,97.497,177,0,0,0,10,2,-7.41992,52,1.5
3600125093,83.8602,0,0,-83.8602,83.8602,93,0,0,0,10,7,11.4793,24.5,1.5
3600133996,81.6289,0,0,-81.6289,81.6289,67,0,0,0,10,6,1.5,17.2339,1.5
3600134023,83.4099,0,0,-83.4099,83.4099,94,0,0,0,10,19,12.7354,23.2646,1.5
3600134030,83.8029,0,0,-83.8029,83.8029,101,0,0,0,10,9,1.8131,28.3131,1.5
3600134037,84.2915,0,0,-84.2915,84.2915,108,0,0,0,10,1,-12,28.2705,1.5
3600134045,85.1949,0,0,-85.1949,85.1949,116,0,0,0,10,16,5.79926,33,1.5
3600134085,97.2019,0,0,-97.2019,97.2019,156,0,0,0,10,13,16.7556,41.7556,1.5
3600134092,95.1304,0,0,-95.1304,95.1304,163,0,0,0,10,20,10.6241,46.1241,1.5
3600134103,94.9408,0,0,-94.9408,94.9408,174,0,0,0,10,5,-22,45.3679,1.5
3600134141,99.4354,0,0,-99.4354,99.4354,212,0,0,0,10,3,-19.8838,59.5,1.5
3600134145,99.5593,0,0,-99.5593,99.5593,216,0,0,0,10,17,28.5,56.5788,1.5
3600134146,97.3403,0,0,-97.3403,97.3403,217,0,0,0,10,11,13,62.1581,1.5
3600134169,96.0468,0,0,-96.0468,96.0468,240,0,0,0,10,10,-1,70.4136,1.5
3600134171,101.147,0,0,-101.147,101.147,242,0,0,0,10,8,-22.5,67.4687,1.5
3600134178,103.506,0,0,-103.506,103.506,249,0,0,0,10,18,31.8772,65.8772,1.5
3600134179,104.15,0,0,-104.15,104.15,250,0,0,0,10,15,24.3029,69.3029,1.5
3600134180,100.588,0,0,-100.588,100.588,251,0,0,0,10,12,-15.5,72.149,1.5
3600134182,100.529,0,0,-100.529,100.529,253,0,0,0,10,14,-26.5042,69.5042,1.5
3622973313,84.3391,0,0,-84.3391,84.3391,105,4,-15.2734,27.2734,1.5,0,0,0,10
3623482292,97.2019,0,0,-97.2019,97.2019,156,13,16.7556,41.7556,1.5,0,0,0,10
3623973385,97.497,0,0,-97.497,97.497,177,2,-7.41992,52,1.5,0,0,0,10
3624482389,100.529,0,0,-100.529,100.529,253,14,-26.5042,69.5042,1.5,0,0,0,10
3626598458,104.15,0,0,-104.15,104.15,250,15,24.3029,69.3029,1.5,0,0,0,10
3630973301,83.8602,0,0,-83.8602,83.8602,93,7,11.4793,24.5,1.5,0,0,0,10
3633982237,83.8029,0,0,-83.8029,83.8029,101,9,1.8131,28.3131,1.5,0,0,0,10
3634357348,99.4354,0,0,-99.4354,99.4354,212,3,-19.8838,59.5,1.5,0,0,0,10
3635232387,100.588,0,0,-100.588,100.588,251,12,-15.5,72.149,1.5,0,0,0,10
3636107252,85.1949,0,0,-85.1949,85.1949,116,16,5.79926,33,1.5,0,0,0,10
3636357376,96.0468,0,0,-96.0468,96.0468,240,10,-1,70.4136,1.5,0,0,0,10
3636857244,84.2915,0,0,-84.2915,84.2915,108,1,-12,28.2705,1.5,0,0,0,10
3637357378,101.147,0,0,-101.147,101.147,242,8,-22.5,67.4687,1.5,0,0,0,10
3637607310,94.9408,0,0,-94.9408,94.9408,174,5,-22,45.3679,1.5,0,0,0,10
3639348424,99.5593,0,0,-99.5593,99.5593,216,17,28.5,56.5788,1.5,0,0,0,10
3640107353,97.3403,0,0,-97.3403,97.3403,217,11,13,62.1581,1.5,0,0,0,10
3641357203,81.6289,0,0,-81.6289,81.6289,67,6,1.5,17.2339,1.5,0,0,0,10
3641732230,83.4099,0,0,-83.4099,83.4099,94,19,12.7354,23.2646,1.5,0,0,0,10
3643348457,103.506,0,0,-103.506,103.506,249,18,31.8772,65.8772,1.5,0,0,0,10
3646223371,95.1304,0,0,-95.1304,95.1304,163,20,10.6241,46.1241,1.5,0,0,0,10
3650000105,84.3391,0,0,-84.3391,84.3391,105,0,0,0,10,4,-15.2734,27.2734,1.5
3650000177,97.497,0,0,-97.497,97.497,177,0,0,0,10,2,-7.41992,52,1.5
3650125093,83.8602,0,0,-83.8602,83.8602,93,0,0,0,10,7,11.4793,24.5,1.5
3650133996,81.6289,0,0,-81.6289,81.6289,67,0,0,0,10,6,1.5,17.2339,1.5
3650134023,83.4099,0,0,-83.4099,83.4099,94,0,0,0,10,19,12.7354,23.2646,1.5
3650134030,83.8029,0,0,-83.8029,83.8029,101,0,0,0,10,9,1.8131,28.3131,1.5
3650134037,84.2915,0,0,-84.2915,84.2915,108,0,0,0,10,1,-12,28.2705,1.5
3650134045,85.1949,0,0,-85.1949,85.1949,116,0,0,0,10,16,5.79926,33,1.5
3650134085,97.2019,0,0,-97.2019,97.2019,156,0,0,0,10,13,16.7556,41.7556,1.5
3650134092,95.1304,0,0,-95.1304,95.1304,163,0,0,0,10,20,10.6241,46.1241,1.5
3650134103,94.9408,0,0,-94.9408,94.9408,174,0,0,0,10,5,-22,45.3679,1.5
3650134141,99.4354,0,0,-99.4354,99.4354,212,0,0,0,10,3,-19.8838,59.5,1.5
3650134145,99.5593,0,0,-99.5593,99.5593,216,0,0,0,10,17,28.5,56.5788,1.5
3650134146,97.3403,0,0,-97.3403,97.3403,217,0,0,0,10,11,13,62.1581,1.5
3650134169,96.0468,0,0,-96.0468,96.0468,240,0,0,0,10,10,-1,70.4136,1.5
3650134171,101.147,0,0,-101.147,101.147,242,0,0,0,10,8,-22.5,67.4687,1.5
3650134178,103.506,0,0,-103.506,103.506,249,0,0,0,10,18,31.8772,65.8772,1.5
3650134179,104.15,0,0,-104.15,104.15,250,0,0,0,10,15,24.3029,69.3029,1.5
3650134180,100.588,0,0,-100.588,100.588,251,0,0,0,10,12,-15.5,72.149,1.5
3650134182,100.529,0,0,-100.529,100.529,253,0,0,0,10,14,-26.5042,69.5042,1.5
3672973313,84.3391,0,0,-84.3391,84.3391,105,4,-15.2734,27.2734,1.5,0,0,0,10
3673482292,97.2019,0,0,-97.2019,97.2019,156,13,16.7556,41.7556,1.5,0,0,0,10
3673973385,97.497,0,0,-97.497,97.497,177,2,-7.41992,52,1.5,0,0,0,10
3674482389,100.529,0,0,-100.529,100.529,253,14,-26.5042,69.5042,1.5,0,0,0,10
3676598458,104.15,0,0,-104.15,104.15,250,15,24.3029,69.3029,1.5,0,0,0,10
3680973301,83.8602,0,0,-83.8602,83.8602,93,7,11.4793,24.5,1.5,0,0,0,10
3684357237,83.8029,0,0,-83.8029,83.8029,101,9,1.8131,28.3131,1.5,0,0,0,10
3684732348,99.4354,0,0,-99.4354,99.4354,212,3,-19.8838,59.5,1.5,0,0,0,10
3685607387,100.588,0,0,-100.588,100.588,251,12,-15.5,72.149,1.5,0,0,0,10
3686482252,85.1949,0,0,-85.1949,85.1949,116,16,5.79926,33,1.5,0,0,0,10
3686732376,96.0468,0,0,-96.0468,96.0468,240,10,-1,70.4136,1.5,0,0,0,10
3687357244,84.2915,0,0,-84.2915,84.2915,108,1,-12,28.2705,1.5,0,0,0,10
3687857378,101.147,0,0,-101.147,101.147,242,8,-22.5,67.4687,1.5,0,0,0,10
3687982310,94.9408,0,0,-94.9408,94.9408,174,5,-22,45.3679,1.5,0,0,0,10
3689348424,99.5593,0,0,-99.5593,99.5593,216,17,28.5,56.5788,1.5,0,0,0,10
3690482353,97.3403,0,0,-97.3403,97.3403,217,11,13,62.1581,1.5,0,0,0,10
3691732203,81.6289,0,0,-81.6289,81.6289,67,6,1.5,17.2339,1.5,0,0,0,10
3692098302,83.4099,0,0,-83.4099,83.4099,94,19,12.7354,23.2646,1.5,0,0,0,10
3693348457,103.506,0,0,-103.506,103.506,249,18,31.8772,65.8772,1.5,0,0,0,10
3696223371,95.1304,0,0,-95.1304,95.1304,163,20,10.6241,46.1241,1.5,0,0,0,10
3700000105,84.3391,0,0,-84.3391,84.3391,105,0,0,0,10,4,-15.3795,27.3795,1.5
3700000177,97.497,0,0,-97.497,97.497,177,0,0,0,10,2,-7.56992,52,1.5
3700125093,83.8602,0,0,-83.8602,83.8602,93,0,0,0,10,7,11.6293,24.5,1.5
3700133996,81.6289,0,0,-81.6289,81.6289,67,0,0,0,10,6,1.5,17.0839,1.5
3700134023,83.4099,0,0,-83.4099,83.4099,94,0,0,0,10,19,12.8415,23.1585,1.5
3700134030,83.8029,0,0,-83.8029,83.8029,101,0,0,0,10,9,1.70703,28.207,1.5
3700134037,84.2915,0,0,-84.2915,84.2915,108,0,0,0,10,1,-12,28.1205,1.5
3700134045,85.1949,0,0,-85.1949,85.1949,116,0,0,0,10,16,5.64926,33,1.5
3700134085,97.2019,0,0,-97.2019,97.2019,156,0,0,0,10,13,16.6496,41.6496,1.5
3700134092,95.1304,0,0,-95.1304,95.1304,163,0,0,0,10,20,10.5181,46.0181,1.5
3700134103,94.9408,0,0,-94.9408,94.9408,174,0,0,0,10,5,-22,45.2179,1.5
3700134141,99.4354,0,0,-99.4354,99.4354,212,0,0,0,10,3,-19.7338,59.5,1.5
3700134145,99.5593,0,0,-99.5593,99.5593,216,0,0,0,10,17,28.5,56.4288,1.5
3700134146,97.3403,0,0,-97.3403,97.3403,217,0,0,0,10,11,13,62.0081,1.5
3700134169,96.0468,0,0,-96.0468,96.0468,240,0,0,0,10,10,-1,70.2636,1.5
3700134171,101.147,0,0,-101.147,101.147,242,0,0,0,10,8,-22.5,67.3187,1.5
3700134178,103.506,0,0,-103.506,103.506,249,0,0,0,10,18,31.7711,65.7711,1.5
3700134179,104.15,0,0,-104.15,104.15,250,0,0,0,10,15,24.1969,69.1969,1.5
3700134180,100.588,0,0,-100.588,100.588,251,0,0,0,10,12,-15.5,71.999,1.5
3700134182,100.529,0,0,-100.529,100.529,253,0,0,0,10,14,-26.3981,69.3981,1.5
3722973313,84.3391,0,0,-84.3391,84.3391,105,4,-15.3795,27.3795,1.5,0,0,0,10
3723482292,97.2019,0,0,-97.2019,97.2019,156,13,16.6496,41.6496,1.5,0,0,0,10
3723973385,97.497,0,0,-97.497,97.497,177,2,-7.56992,52,1.5,0,0,0,10
3724482389,100.529,0,0,-100.529,100.529,253,14,-26.3981,69.3981,1.5,0,0,0,10
3726598458,104.15,0,0,-104.15,104.15,250,15,24.1969,69.1969,1.5,0,0,0,10
3730973301,83.8602,0,0,-83.8602,83.8602,93,7,11.6293,24.5,1.5,0,0,0,10
3734732237,83.8029,0,0,-83.8029,83.8029,101,9,1.70703,28.207,1.5,0,0,0,10
3735232348,99.4354,0,0,-99.4354,99.4354,212,3,-19.7338,59.5,1.5,0,0,0,10
3735982387,100.588,0,0,-100.588,100.588,251,12,-15.5,71.999,1.5,0,0,0,10
3736857252,85.1949,0,0,-85.1949,85.1949,116,16,5.64926,33,1.5,0,0,0,10
3737107376,96.0468,0,0,-96.0468,96.0468,240,10,-1,70.2636,1.5,0,0,0,10
3737732244,84.2915,0,0,-84.2915,84.2915,108,1,-12,28.1205,1.5,0,0,0,10
3738232378,101.147,0,0,-101.147,101.147,242,8,-22.5,67.3187,1.5,0,0,0,10
3738357310,94.9408,0,0,-94.9408,94.9408,174,5,-22,45.2179,1.5,0,0,0,10
3739348424,99.5593,0,0,-99.5593,99.5593,216,17,28.5,56.4288,1.5,0,0,0,10
3740857353,97.3403,0,0,-97.3403,97.3403,217,11,13,62.0081,1.5,0,0,0,10
3742098302,83.4099,0,0,-83.4099,83.4099,94,19,12.8415,23.1585,1.5,0,0,0,10
3742232203,81.6289,0,0,-81.6289,81.6289,67,6,1.5,17.0839,1.5,0,0,0,10
3743348457,103.506,0,0,-103.506,103.506,249,18,31.7711,65.7711,1.5,0,0,0,10
3746223371,95.1304,0,0,-95.1304,95.1304,163,20,10.5181,46.0181,1.5,0,0,0,10
3750000105,84.3391,0,0,-84.3391,84.3391,105,0,0,0,10,4,-15.3795,27.3795,1.5
3750000177,97.497,0,0,-97.497,97.497,177,0,0,0,10,2,-7.56992,52,1.5
3750125093,83.8602,0,0,-83.8602,83.8602,93,0,0,0,10,7,11.6293,24.5,1.5
3750133996,81.6289,0,0,-81.6289,81.6289,67,0,0,0,10,6,1.5,17.0839,1.5
3750134023,83.4099,0,0,-83.4099,83.4099,94,0,0,0,10,19,12.8415,23.1585,1.5
3750134030,83.8029,0,0,-83.8029,83.8029,101,0,0,0,10,9,1.70703,28.207,1.5
3750134037,84.2915,0,0,-84.2915,84.2915,108,0,0,0,10,1,-12,28.1205,1.5
3750134045,85.1949,0,0,-85.1949,85.1949,116,0,0,0,10,16,5.64926,33,1.5
3750134085,97.2019,0,0,-97.2019,97.2019,156,0,0,0,10,13,16.6496,41.6496,1.5
3750134092,95.1304,0,0,-95.1304,95.1304,163,0,0,0,10,20,10.5181,46.0181,1.5
3750134103,94.9408,0,0,-94.9408,94.9408,174,0,0,0,10,5,-22,45.2179,1.5
3750134141,99.4354,0,0,-99.4354,99.4354,212,0,0,0,10,3,-19.7338,59.5,1.5
3750134145,99.5593,0,0,-99.5593,99.5593,216,0,0,0,10,17,28.5,56.4288,1.5
3750134146,97.3403,0,0,-97.3403,97.3403,217,0,0,0,10,11,13,62.0081,1.5
3750134169,96.0468,0,0,-96.0468,96.0468,240,0,0,0,10,10,-1,70.2636,1.5
3750134171,101.147,0,0,-101.147,101.147,242,0,0,0,10,8,-22.5,67.3187,1.5
3750134178,103.506,0,0,-103.506,103.506,249,0,0,0,10,18,31.7711,65.7711,1.5
3750134179,104.15,0,0,-104.15,104.15,250,0,0,0,10,15,24.1969,69.1969,1.5
3750134180,100.588,0,0,-100.588,100.588,251,0,0,0,10,12,-15.5,71.999,1.5
3750134182,100.529,0,0,-100.529,100.529,253,0,0,0,10,14,-26.3981,69.3981,1.5
3772973313,84.3391,0,0,-84.3391,84.3391,105,4,-15.3795,27.3795,1.5,0,0,0,10
3773482292,97.2019,0,0,-97.2019,97.2019,156,13,16.6496,41.6496,1.5,0,0,0,10
3773973385,97.497,0,0,-97.497,97.497,177,2,-7.56992,52,1.5,0,0,0,10
3774482389,100.529,0,0,-100.529,100.529,253,14,-26.3981,69.3981,1.5,0,0,0,10
3776598458,104.15,0,0,-104.15,104.15,250,15,24.1969,69.1969,1.5,0,0,0,10
3780973301,83.8602,0,0,-83.8602,83.8602,93,7,11.6293,24.5,1.5,0,0,0,10
3784857237,83.8029,0,0,-83.8029,83.8029,101,9,1.70703,28.207,1.5,0,0,0,10
3785607348,99.4354,0,0,-99.4354,99.4354,212,3,-19.7338,59.5,1.5,0,0,0,10
3786357387,100.588,0,0,-100.588,100.588,251,12,-15.5,71.999,1.5,0,0,0,10
3787232252,85.1949,0,0,-85.1949,85.1949,116,16,5.64926,33,1.5,0,0,0,10
3787482376,96.0468,0,0,-96.0468,96.0468,240,10,-1,70.2636,1.5,0,0,0,10
3788107244,84.2915,0,0,-84.2915,84.2915,108,1,-12,28.1205,1.5,0,0,0,10
3788607378,101.147,0,0,-101.147,101.147,242,8,-22.5,67.3187,1.5,0,0,0,10
3788857310,94.9408,0,0,-94.9408,94.9408,174,5,-22,45.2179,1.5,0,0,0,10
3789348424,99.5593,0,0,-99.5593,99.5593,216,17,28.5,56.4288,1.5,0,0,0,10
3791232353,97.3403,0,0,-97.3403,97.3403,217,11,13,62.0081,1.5,0,0,0,10
3792098302,83.4099,0,0,-83.4099,83.4099,94,19,12.8415,23.1585,1.5,0,0,0,10
3792607203,81.6289,0,0,-81.6289,81.6289,67,6,1.5,17.0839,1.5,0,0,0,10
3793348457,103.506,0,0,-103.506,103.506,249,18,31.7711,65.7711,1.5,0,0,0,10
3796223371,95.1304,0,0,-95.1304,95.1304,163,20,10.5181,46.0181,1.5,0,0,0,10
3800000105,84.3391,0,0,-84.3391,84.3391,105,0,0,0,10,4,-15.4855,27.4855,1.5
3800000177,97.497,0,0,-97.497,97.497,177,0,0,0,10,2,-7.71992,52,1.5
3800125093,83.8602,0,0,-83.8602,83.8602,93,0,0,0,10,7,11.7793,24.5,1.5
3800133996,81.6289,0,0,-81.6289,81.6289,67,0,0,0,10,6,1.5,16.9339,1.5
3800134023,83.4099,0,0,-83.4099,83.4099,94,0,0,0,10,19,12.9475,23.0525,1.5
3800134030,83.8029,0,0,-83.8029,83.8029,101,0,0,0,10,9,1.60097,28.101,1.5
3800134037,84.2915,0,0,-84.2915,84.2915,108,0,0,0,10,1,-12,27.9705,1.5
3800134045,85.1949,0,0,-85.1949,85.1949,116,0,0,0,10,16,5.49948,32.9995,1.5
3800134085,97.2019,0,0,-97.2019,97.2019,156,0,0,0,10,13,16.5435,41.5435,1.5
3800134092,95.1304,0,0,-95.1304,95.1304,163,0,0,0,10,20,10.412,45.912,1.5
3800134103,94.9408,0,0,-94.9408,94.9408,174,0,0,0,10,5,-22,45.0679,1.5
3800134141,99.4354,0,0,-99.4354,99.4354,212,0,0,0,10,3,-19.5838,59.5,1.5
3800134145,99.5593,0,0,-99.5593,99.5593,216,0,0,0,10,17,28.5,56.2788,1.5
3800134146,97.3403,0,0,-97.3403,97.3403,217,0,0,0,10,11,12.8997,61.8997,1.5
3800134169,96.0468,0,0,-96.0468,96.0468,240,0,0,0,10,10,-1,70.1136,1.5
3800134171,101.147,0,0,-101.147,101.147,242,0,0,0,10,8,-22.5,67.1687,1.5
3800134178,103.506,0,0,-103.506,103.506,249,0,0,0,10,18,31.665,65.665,1.5
3800134179,104.15,0,0,-104.15,104.15,250,0,0,0,10,15,24.0908,69.0908,1.5
3800134180,100.588,0,0,-100.588,100.588,251,0,0,0,10,12,-15.5,71.849,1.5
3800134182,100.529,0,0,-100.529,100.529,253,0,0,0,10,14,-26.2921,69.2921,1.5
3822973313,84.3391,0,0,-84.3391,84.3391,105,4,-15.4855,27.4855,1.5,0,0,0,10
3823482292,97.2019,0,0,-97.2019,97.2019,156,13,16.5435,41.5435,1.5,0,0,0,10
3823973385,97.497,0,0,-97.497,97.497,177,2,-7.71992,52,1.5,0,0,0,10
3824482389,100.529,0,0,-100.529,100.529,253,14,-26.2921,69.2921,1.5,0,0,0,10
3826598458,104.15,0,0,-104.15,104.15,250,15,24.0908,69.0908,1.5,0,0,0,10
3830973301,83.8602,0,0,-83.8602,83.8602,93,7,11.7793,24.5,1.5,0,0,0,10
3835107237,83.8029,0,0,-83.8029,83.8029,101,9,1.60097,28.101,1.5,0,0,0,10
3835982348,99.4354,0,0,-99.4354,99.4354,212,3,-19.5838,59.5,1.5,0,0,0,10
3836857387,100.588,0,0,-100.588,100.588,251,12,-15.5,71.849,1.5,0,0,0,10
3837607252,85.1949,0,0,-85.1949,85.1949,116,16,5.49948,32.9995,1.5,0,0,0,10
3837857376,96.0468,0,0,-96.0468,96.0468,240,10,-1,70.1136,1.5,0,0,0,10
3838482244,84.2915,0,0,-84.2915,84.2915,108,1,-12,27.9705,1.5,0,0,0,10
3838982378,101.147,0,0,-101.147,101.147,242,8,-22.5,67.1687,1.5,0,0,0,10
3839232310,94.9408,0,0,-94.9408,94.9408,174,5,-22,45.0679,1.5,0,0,0,10
3839348424,99.5593,0,0,-99.5593,99.5593,216,17,28.5,56.2788,1.5,0,0,0,10
3841732353,97.3403,0,0,-97.3403,97.3403,217,11,12.8997,61.8997,1.5,0,0,0,10
3842098302,83.4099,0,0,-83.4099,83.4099,94,19,12.9475,23.0525,1.5,0,0,0,10
3842982203,81.6289,0,0,-81.6289,81.6289,67,6,1.5,16.9339,1.5,0,0,0,10
3843348457,103.506,0,0,-103.506,103.506,249,18,31.665,65.665,1.5,0,0,0,10
3846223371,95.1304,0,0,-95.1304,95.1304,163,20,10.412,45.912,1.5,0,0,0,10
3850000105,84.3391,0,0,-84.3391,84.3391,105,0,0,0,10,4,-15.4855,27.4855,1.5
3850000177,97.497,0,0,-97.497,97.497,177,0,0,0,10,2,-7.71992,52,1.5
3850125093,83.8602,0,0,-83.8602,83.8602,93,0,0,0,10,7,11.7793,24.5,1.5
3850133996,81.6289,0,0,-81.6289,81.6289,67,0,0,0,10,6,1.5,16.9339,1.5
3850134023,83.4099,0,0,-83.4099,83.4099,94,0,0,0,10,19,12.9475,23.0525,1.5
3850134030,83.8029,0,0,-83.8029,83.8029,101,0,0,0,10,9,1.60097,28.101,1.5
3850134037,84.2915,0,0,-84.2915,84.2915,108,0,0,0,10,1,-12,27.9705,1.5
3850134045,85.1949,0,0,-85.1949,85.1949,116,0,0,0,10,16,5.49948,32.9995,1.5
3850134085,97.2019,0,0,-97.2019,97.2019,156,0,0,0,10,13,16.5435,41.5435,1.5
3850134092,95.1304,0,0,-95.1304,95.1304,163,0,0,0,10,20,10.412,45.912,1.5
3850134103,94.9408,0,0,-94.9408,94.9408,174,0,0,0,10,5,-22,45.0679,1.5
3850134141,99.4354,0,0,-99.4354,99.4354,212,0,0,0,10,3,-19.5838,59.5,1.5
3850134145,99.5593,0,0,-99.5593,99.5593,216,0,0,0,10,17,28.5,56.2788,1.5
3850134146,97.3403,0,0,-97.3403,97.3403,217,0,0,0,10,11,12.8997,61.8997,1.5
3850134169,96.0468,0,0,-96.0468,96.0468,240,0,0,0,10,10,-1,70.1136,1.5
3850134171,101.147,0,0,-101.147,101.147,242,0,0,0,10,8,-22.5,67.1687,1.5
3850134178,103.506,0,0,-103.506,103.506,249,0,0,0,10,18,31.665,65.665,1.5
3850134179,104.15,0,0,-104.15,104.15,250,0,0,0,10,15,24.0908,69.0908,1.5
3850134180,100.588,0,0,-100.588,100.588,251,0,0,0,10,12,-15.5,71.849,1.5
3850134182,100.529,0,0,-100.529,100.529,253,0,0,0,10,14,-26.2921,69.2921,1.5
3872973313,84.3391,0,0,-84.3391,84.3391,105,4,-15.4855,27.4855,1.5,0,0,0,10
3873482292,97.2019,0,0,-97.2019,97.2019,156,13,16.5435,41.5435,1.5,0,0,0,10
3873973385,97.497,0,0,-97.497,97.497,177,2,-7.71992,52,1.5,0,0,0,10
3874482389,100.529,0,0,-100.529,100.529,253,14,-26.2921,69.2921,1.5,0,0,0,10
3876598458,104.15,0,0,-104.15,104.15,250,15,24.0908,69.0908,1.5,0,0,0,10
3880973301,83.8602,0,0,-83.8602,83.8602,93,7,11.7793,24.5,1.5,0,0,0,10
3885982237,83.8029,0,0,-83.8029,83.8029,101,9,1.60097,28.101,1.5,0,0,0,10
3886357348,99.4354,0,0,-99.4354,99.4354,212,3,-19.5838,59.5,1.5,0,0,0,10
3887232387,100.588,0,0,-100.588,100.588,251,12,-15.5,71.849,1.5,0,0,0,10
3888107252,85.1949,0,0,-85.1949,85.1949,116,16,5.49948,32.9995,1.5,0,0,0,10
3888357376,96.0468,0,0,-96.0468,96.0468,240,10,-1,70.1136,1.5,0,0,0,10
3888857244,84.2915,0,0,-84.2915,84.2915,108,1,-12,27.9705,1.5,0,0,0,10
3889348424,99.5593,0,0,-99.5593,99.5593,216,17,28.5,56.2788,1.5,0,0,0,10
3889357378,101.147,0,0,-101.147,101.147,242,8,-22.5,67.1687,1.5,0,0,0,10
3889607310,94.9408,0,0,-94.9408,94.9408,174,5,-22,45.0679,1.5,0,0,0,10
3892098302,83.4099,0,0,-83.4099,83.4099,94,19,12.9475,23.0525,1.5,0,0,0,10
3892107353,97.3403,0,0,-97.3403,97.3403,217,11,12.8997,61.8997,1.5,0,0,0,10
3893348457,103.506,0,0,-103.506,103.506,249,18,31.665,65.665,1.5,0,0,0,10
3893357203,81.6289,0,0,-81.6289,81.6289,67,6,1.5,16.9339,1.5,0,0,0,10
3896223371,95.1304,0,0,-95.1304,95.1304,163,20,10.412,45.912,1.5,0,0,0,10
3900000105,84.3391,0,0,-84.3391,84.3391,105,0,0,0,10,4,-15.5916,27.5916,1.5
3900000177,97.497,0,0,-97.497,97.497,177,0,0,0,10,2,-7.86992,52,1.5
3900125093,83.8602,0,0,-83.8602,83.8602,93,0,0,0,10,7,11.9293,24.5,1.5
3900133996,81.6289,0,0,-81.6289,81.6289,67,0,0,0,10,6,1.5,16.7839,1.5
3900134023,83.4099,0,0,-83.4099,83.4099,94,0,0,0,10,19,13.0536,22.9464,1.5
3900134030,83.8029,0,0,-83.8029,83.8029,101,0,0,0,10,9,1.4949,27.9949,1.5
3900134037,84.2915,0,0,-84.2915,84.2915,108,0,0,0,10,1,-12,27.8205,1.5
3900134045,85.1949,0,0,-85.1949,85.1949,116,0,0,0,10,16,5.39341,32.8934,1.5
3900134085,97.2019,0,0,-97.2019,97.2019,156,0,0,0,10,13,16.4374,41.4374,1.5
3900134092,95.1304,0,0,-95.1304,95.1304,163,0,0,0,10,20,10.3059,45.8059,1.5
3900134103,94.9408,0,0,-94.9408,94.9408,174,0,0,0,10,5,-22,44.9179,1.5
3900134141,99.4354,0,0,-99.4354,99.4354,212,0,0,0,10,3,-19.4338,59.5,1.5
3900134145,99.5593,0,0,-99.5593,99.5593,216,0,0,0,10,17,28.5,56.1288,1.5
3900134146,97.3403,0,0,-97.3403,97.3403,217,0,0,0,10,11,12.7936,61.7936,1.5
3900134169,96.0468,0,0,-96.0468,96.0468,240,0,0,0,10,10,-1,69.9636,1.5
3900134171,101.147,0,0,-101.147,101.147,242,0,0,0,10,8,-22.5,67.0187,1.5
3900134178,103.506,0,0,-103.506,103.506,249,0,0,0,10,18,31.559,65.559,1.5
3900134179,104.15,0,0,-104.15,104.15,250,0,0,0,10,15,23.9847,68.9847,1.5
3900134180,100.588,0,0,-100.588,100.588,251,0,0,0,10,12,-15.5,71.699,1.5
3900134182,100.529,0,0,-100.529,100.529,253,0,0,0,10,14,-26.186,69.186,1.5
3922973313,84.3391,0,0,-84.3391,84.3391,105,4,-15.5916,27.5916,1.5,0,0,0,10
3923482292,97.2019,0,0,-97.2019,97.2019,156,13,16.4374,41.4374,1.5,0,0,0,10
3923973385,97.497,0,0,-97.497,97.497,177,2,-7.86992,52,1.5,0,0,0,10
3924482389,100.529,0,0,-100.529,100.529,253,14,-26.186,69.186,1.5,0,0,0,10
3926598458,104.15,0,0,-104.15,104.15,250,15,23.9847,68.9847,1.5,0,0,0,10
3930973301,83.8602,0,0,-83.8602,83.8602,93,7,11.9293,24.5,1.5,0,0,0,10
3936357237,83.8029,0,0,-83.8029,83.8029,101,9,1.4949,27.9949,1.5,0,0,0,10
3936732348,99.4354,0,0,-99.4354,99.4354,212,3,-19.4338,59.5,1.5,0,0,0,10
3937607387,100.588,0,0,-100.588,100.588,251,12,-15.5,71.699,1.5,0,0,0,10
3938482252,85.1949,0,0,-85.1949,85.1949,116,16,5.39341,32.8934,1.5,0,0,0,10
3938732376,96.0468,0,0,-96.0468,96.0468,240,10,-1,69.9636,1.5,0,0,0,10
3939348424,99.5593,0,0,-99.5593,99.5593,216,17,28.5,56.1288,1.5,0,0,0,10
3939357244,84.2915,0,0,-84.2915,84.2915,108,1,-12,27.8205,1.5,0,0,0,10
3939857378,101.147,0,0,-101.147,101.147,242,8,-22.5,67.0187,1.5,0,0,0,10
3939982310,94.9408,0,0,-94.9408,94.9408,174,5,-22,44.9179,1.5,0,0,0,10
3942098302,83.4099,0,0,-83.4099,83.4099,94,19,13.0536,22.9464,1.5,0,0,0,10
3942482353,97.3403,0,0,-97.3403,97.3403,217,11,12.7936,61.7936,1.5,0,0,0,10
3943348457,103.506,0,0,-103.506,103.506,249,18,31.559,65.559,1.5,0,0,0,10
3943732203,81.6289,0,0,-81.6289,81.6289,67,6,1.5,16.7839,1.5,0,0,0,10
3946223371,95.1304,0,0,-95.1304,95.1304,163,20,10.3059,45.8059,1.5,0,0,0,10
3950000105,84.3391,0,0,-84.3391,84.3391,105,0,0,0,10,4,-15.5916,27.5916,1.5
3950000177,97.497,0,0,-97.497,97.497,177,0,0,0,10,2,-7.86992,52,1.5
3950125093,83.8602,0,0,-83.8602,83.8602,93,0,0,0,10,7,11.9293,24.5,1.5
3950133996,81.6289,0,0,-81.6289,81.6289,67,0,0,0,10,6,1.5,16.7839,1.5
3950134023,83.4099,0,0,-83.4099,83.4099,94,0,0,0,10,19,13.0536,22.9464,1.5
3950134030,83.8029,0,0,-83.8029,83.8029,101,0,0,0,10,9,1.4949,27.9949,1.5
3950134037,84.2915,0,0,-84.2915,84.2915,108,0,0,0,10,1,-12,27.8205,1.5
3950134045,85.1949,0,0,-85.1949,85.1949,116,0,0,0,10,16,5.39341,32.8934,1.5
3950134085,97.2019,0,0,-97.2019,97.2019,156,0,0,0,10,13,16.4374,41.4374,1.5
3950134092,95.1304,0,0,-95.1304,95.1304,163,0,0,0,10,20,10.3059,45.8059,1.5
3950134103,94.9408,0,0,-94.9408,94.9408,174,0,0,0,10,5,-22,44.9179,1.5
3950134141,99.4354,0,0,-99.4354,99.4354,212,0,0,0,10,3,-19.4338,59.5,1.5
3950134145,99.5593,0,0,-99.5593,99.5593,216,0,0,0,10,17,28.5,56.1288,1.5
3950134146,97.3403,0,0,-97.3403,97.3403,217,0,0,0,10,11,12.7936,61.7936,1.5
3950134169,96.0468,0,0,-96.0468,96.0468,240,0,0,0,10,10,-1,69.9636,1.5
3950134171,101.147,0,0,-101.147,101.147,242,0,0,0,10,8,-22.5,67.0187,1.5
3950134178,103.506,0,0,-103.506,103.506,249,0,0,0,10,18,31.559,65.559,1.5
3950134179,104.15,0,0,-104.15,104.15,250,0,0,0,10,15,23.9847,68.9847,1.5
3950134180,100.588,0,0,-100.588,100.588,251,0,0,0,10,12,-15.5,71.699,1.5
3950134182,100.529,0,0,-100.529,100.529,253,0,0,0,10,14,-26.186,69.186,1.5
3972973313,84.3391,0,0,-84.3391,84.3391,105,4,-15.5916,27.5916,1.5,0,0,0,10
3973482292,97.2019,0,0,-97.2019,97.2019,156,13,16.4374,41.4374,1.5,0,0,0,10
3973973385,97.497,0,0,-97.497,97.497,177,2,-7.86992,52,1.5,0,0,0,10
3974482389,100.529,0,0,-100.529,100.529,253,14,-26.186,69.186,1.5,0,0,0,10
3976598458,104.15,0,0,-104.15,104.15,250,15,23.9847,68.9847,1.5,0,0,0,10
3980973301,83.8602,0,0,-83.8602,83.8602,93,7,11.9293,24.5,1.5,0,0,0,10
3986732237,83.8029,0,0,-83.8029,83.8029,101,9,1.4949,27.9949,1.5,0,0,0,10
3987232348,99.4354,0,0,-99.4354,99.4354,212,3,-19.4338,59.5,1.5,0,0,0,10
3987982387,100.588,0,0,-100.588,100.588,251,12,-15.5,71.699,1.5,0,0,0,10
3988857252,85.1949,0,0,-85.1949,85.1949,116,16,5.39341,32.8934,1.5,0,0,0,10
3989107376,96.0468,0,0,-96.0468,96.0468,240,10,-1,69.9636,1.5,0,0,0,10
3989348424,99.5593,0,0,-99.5593,99.5593,216,17,28.5,56.1288,1.5,0,0,0,10
3989732244,84.2915,0,0,-84.2915,84.2915,108,1,-12,27.8205,1.5,0,0,0,10
3990232378,101.147,0,0,-101.147,101.147,242,8,-22.5,67.0187,1.5,0,0,0,10
3990357310,94.9408,0,0,-94.9408,94.9408,174,5,-22,44.9179,1.5,0,0,0,10
3992098302,83.4099,0,0,-83.4099,83.4099,94,19,13.0536,22.9464,1.5,0,0,0,10
3992857353,97.3403,0,0,-97.3403,97.3403,217,11,12.7936,61.7936,1.5,0,0,0,10
3993348457,103.506,0,0,-103.506,103.506,249,18,31.559,65.559,1.5,0,0,0,10
3994232203,81.6289,0,0,-81.6289,81.6289,67,6,1.5,16.7839,1.5,0,0,0,10
3996223371,95.1304,0,0,-95.1304,95.1304,163,20,10.3059,45.8059,1.5,0,0,0,10
4000000105,84.3391,0,0,-84.3391,84.3391,105,0,0,0,10,4,-15.6977,27.6977,1.5
4000000177,97.497,0,0,-97.497,97.497,177,0,0,0,10,2,-8.01992,52,1.5
4000125093,83.8602,0,0,-83.8602,83.8602,93,0,0,0,10,7,12.0793,24.5,1.5
4000133996,81.6289,0,0,-81.6289,81.6289,67,0,0,0,10,6,1.5,16.6339,1.5
4000134023,83.4099,0,0,-83.4099,83.4099,94,0,0,0,10,19,13.1597,22.8403,1.5
4000134030,83.8029,0,0,-83.8029,83.8029,101,0,0,0,10,9,1.38884,27.8888,1.5
4000134037,84.2915,0,0,-84.2915,84.2915,108,0,0,0,10,1,-12,27.6705,1.5
4000134045,85.1949,0,0,-85.1949,85.1949,116,0,0,0,10,16,5.28734,32.7873,1.5
4000134085,97.2019,0,0,-97.2019,97.2019,156,0,0,0,10,13,16.3314,41.3314,1.5
4000134092,95.1304,0,0,-95.1304,95.1304,163,0,0,0,10,20,10.1999,45.6999,1.5
4000134103,94.9408,0,0,-94.9408,94.9408,174,0,0,0,10,5,-22,44.7679,1.5
4000134141,99.4354,0,0,-99.4354,99.4354,212,0,0,0,10,3,-19.2838,59.5,1.5
4000134145,99.5593,0,0,-99.5593,99.5593,216,0,0,0,10,17,28.5,55.9788,1.5
4000134146,97.3403,0,0,-97.3403,97.3403,217,0,0,0,10,11,12.6875,61.6875,1.5
4000134169,96.0468,0,0,-96.0468,96.0468,240,0,0,0,10,10,-1,69.8136,1.5
4000134171,101.147,0,0,-101.147,101.147,242,0,0,0,10,8,-22.5,66.8687,1.5
4000134178,103.506,0,0,-103.506,103.506,249,0,0,0,10,18,31.4529,65.4529,1.5
4000134179,104.15,0,0,-104.15,104.15,250,0,0,0,10,15,23.8787,68.8787,1.5
4000134180,100.588,0,0,-100.588,100.588,251,0,0,0,10,12,-15.5,71.549,1.5
4000134182,100.529,0,0,-100.529,100.529,253,0,0,0,10,14,-26.0799,69.0799,1.5
4022973313,84.3391,0,0,-84.3391,84.3391,105,4,-15.6977,27.6977,1.5,0,0,0,10
4023482292,97.2019,0,0,-97.2019,97.2019,156,13,16.3314,41.3314,1.5,0,0,0,10
4023973385,97.497,0,0,-97.497,97.497,177,2,-8.01992,52,1.5,0,0,0,10
4024482389,100.529,0,0,-100.529,100.529,253,14,-26.0799,69.0799,1.5,0,0,0,10
4026598458,104.15,0,0,-104.15,104.15,250,15,23.8787,68.8787,1.5,0,0,0,10
4030973301,83.8602,0,0,-83.8602,83.8602,93,7,12.0793,24.5,1.5,0,0,0,10
4037232237,83.8029,0,0,-83.8029,83.8029,101,9,1.38884,27.8888,1.5,0,0,0,10
4037607348,99.4354,0,0,-99.4354,99.4354,212,3,-19.2838,59.5,1.5,0,0,0,10
4038357387,100.588,0,0,-100.588,100.588,251,12,-15.5,71.549,1.5,0,0,0,10
4039232252,85.1949,0,0,-85.1949,85.1949,116,16,5.28734,32.7873,1.5,0,0,0,10
4039348424,99.5593,0,0,-99.5593,99.5593,216,17,28.5,55.9788,1.5,0,0,0,10
4039482376,96.0468,0,0,-96.0468,96.0468,240,10,-1,69.8136,1.5,0,0,0,10
4040107244,84.2915,0,0,-84.2915,84.2915,108,1,-12,27.6705,1.5,0,0,0,10
4040607378,101.147,0,0,-101.147,101.147,242,8,-22.5,66.8687,1.5,0,0,0,10
4040857310,94.9408,0,0,-94.9408,94.9408,174,5,-22,44.7679,1.5,0,0,0,10
4042098302,83.4099,0,0,-83.4099,83.4099,94,19,13.1597,22.8403,1.5,0,0,0,10
4042982353,97.3403,0,0,-97.3403,97.3403,217,11,12.6875,61.6875,1.5,0,0,0,10
4043348457,103.506,0,0,-103.506,103.506,249,18,31.4529,65.4529,1.5,0,0,0,10
4044607203,81.6289,0,0,-81.6289,81.6289,67,6,1.5,16.6339,1.5,0,0,0,10
4046223371,95.1304,0,0,-95.1304,95.1304,163,20,10.1999,45.6999,1.5,0,0,0,10
4050000105,84.3391,0,0,-84.3391,84.3391,105,0,0,0,10,4,-15.6977,27.6977,1.5
4050000177,97.497,0,0,-97.497,97.497,177,0,0,0,10,2,-8.01992,52,1.5
4050125093,83.8602,0,0,-83.8602,83.8602,93,0,0,0,10,7,12.0793,24.5,1.5
4050133996,81.6289,0,0,-81.6289,81.6289,67,0,0,0,10,6,1.5,16.6339,1.5
4050134023,83.4099,0,0,-83.4099,83.4099,94,0,0,0,10,19,13.1597,22.8403,1.5
4050134030,83.8029,0,0,-83.8029,83.8029,101,0,0,0,10,9,1.38884,27.8888,1.5
4050134037,84.2915,0,0,-84.2915,84.2915,108,0,0,0,10,1,-12,27.6705,1.5
4050134045,85.1949,0,0,-85.1949,85.1949,116,0,0,0,10,16,5.28734,32.7873,1.5
4050134085,97.2019,0,0,-97.2019,97.2019,156,0,0,0,10,13,16.3314,41.3314,1.5
4050134092,95.1304,0,0,-95.1304,95.1304,163,0,0,0,10,20,10.1999,45.6999,1.5
4050134103,94.9408,0,0,-94.9408,94.9408,174,0,0,0,10,5,-22,44.7679,1.5
4050134141,99.4354,0,0,-99.4354,99.4354,212,0,0,0,10,3,-19.2838,59.5,1.5
4050134145,99.5593,0,0,-99.5593,99.5593,216,0,0,0,10,17,28.5,55.9788,1.5
4050134146,97.3403,0,0,-97.3403,97.3403,217,0,0,0,10,11,12.6875,61.6875,1.5
4050134169,96.0468,0,0,-96.0468,96.0468,240,0,0,0,10,10,-1,69.8136,1.5
4050134171,101.147,0,0,-101.147,101.147,242,0,0,0,10,8,-22.5,66.8687,1.5
4050134178,103.506,0,0,-103.506,103.506,249,0,0,0,10,18,31.4529,65.4529,1.5
4050134179,104.15,0,0,-104.15,104.15,250,0,0,0,10,15,23.8787,68.8787,1.5
4050134180,100.588,0,0,-100.588,100.588,251,0,0,0,10,12,-15.5,71.549,1.5
4050134182,100.529,0,0,-100.529,100.529,253,0,0,0,10,14,-26.0799,69.0799,1.5
4072973313,84.3391,0,0,-84.3391,84.3391,105,4,-15.6977,27.6977,1.5,0,0,0,10
4073482292,97.2019,0,0,-97.2019,97.2019,156,13,16.3314,41.3314,1.5,0,0,0,10
4073973385,97.497,0,0,-97.497,97.497,177,2,-8.01992,52,1.5,0,0,0,10
4074482389,100.529,0,0,-100.529,100.529,253,14,-26.0799,69.0799,1.5,0,0,0,10
4076598458,104.15,0,0,-104.15,104.15,250,15,23.8787,68.8787,1.5,0,0,0,10
4080973301,83.8602,0,0,-83.8602,83.8602,93,7,12.0793,24.5,1.5,0,0,0,10
4087607237,83.8029,0,0,-83.8029,83.8029,101,9,1.38884,27.8888,1.5,0,0,0,10
4087723420,99.4354,0,0,-99.4354,99.4354,212,3,-19.2838,59.5,1.5,0,0,0,10
4088723459,100.588,0,0,-100.588,100.588,251,12,-15.5,71.549,1.5,0,0,0,10
4089348424,99.5593,0,0,-99.5593,99.5593,216,17,28.5,55.9788,1.5,0,0,0,10
4089607252,85.1949,0,0,-85.1949,85.1949,116,16,5.28734,32.7873,1.5,0,0,0,10
4089848448,96.0468,0,0,-96.0468,96.0468,240,10,-1,69.8136,1.5,0,0,0,10
4090482244,84.2915,0,0,-84.2915,84.2915,108,1,-12,27.6705,1.5,0,0,0,10
4090982378,101.147,0,0,-101.147,101.147,242,8,-22.5,66.8687,1.5,0,0,0,10
4091232310,94.9408,0,0,-94.9408,94.9408,174,5,-22,44.7679,1.5,0,0,0,10
4092098302,83.4099,0,0,-83.4099,83.4099,94,19,13.1597,22.8403,1.5,0,0,0,10
4093232353,97.3403,0,0,-97.3403,97.3403,217,11,12.6875,61.6875,1.5,0,0,0,10
4093348457,103.506,0,0,-103.506,103.506,249,18,31.4529,65.4529,1.5,0,0,0,10
4094982203,81.6289,0,0,-81.6289,81.6289,67,6,1.5,16.6339,1.5,0,0,0,10
4096223371,95.1304,0,0,-95.1304,95.1304,163,20,10.1999,45.6999,1.5,0,0,0,10
4100000110,87.8039,0,0,-87.8039,87.8039,110,0,0,0,10,4,-15.8037,27.8037,1.5
4100000178,95.5048,0,0,-95.5048,95.5048,178,0,0,0,10,2,-8.16992,52,1.5
4100125096,83.3113,0,0,-83.3113,83.3113,96,0,0,0,10,7,12.2293,24.5,1.5
4100250062,81.3628,0,0,-81.3628,81.3628,62,0,0,0,10,6,1.5,16.4839,1.5
4100250092,83.4596,0,0,-83.4596,83.4596,92,0,0,0,10,19,13.2657,22.7343,1.5
4100250097,84.219,0,0,-84.219,84.219,97,0,0,0,10,9,1.28277,27.7828,1.5
4100250104,84.555,0,0,-84.555,84.555,104,0,0,0,10,1,-12,27.5205,1.5
4100250114,84.3515,0,0,-84.3515,84.3515,114,0,0,0,10,16,5.18128,32.6813,1.5
4100250150,95.6859,0,0,-95.6859,95.6859,150,0,0,0,10,13,16.2253,41.2253,1.5
4100250158,95.2392,0,0,-95.2392,95.2392,158,0,0,0,10,20,10.0938,45.5938,1.5
4100250168,95.7071,0,0,-95.7071,95.7071,168,0,0,0,10,5,-22,44.6179,1.5
4100250210,100.104,0,0,-100.104,100.104,210,0,0,0,10,3,-19.1338,59.5,1.5
4100250211,100.01,0,0,-100.01,100.01,211,0,0,0,10,17,28.5,55.8288,1.5
4100250212,96.8736,0,0,-96.8736,96.8736,212,0,0,0,10,11,12.5815,61.5815,1.5
4100250234,95.899,0,0,-95.899,95.899,234,0,0,0,10,10,-1,69.6636,1.5
4100250237,100.88,0,0,-100.88,100.88,237,0,0,0,10,8,-22.5,66.7187,1.5
4100250243,103.82,0,0,-103.82,103.82,243,0,0,0,10,18,31.3468,65.3468,1.5
4100250244,103.436,0,0,-103.436,103.436,244,0,0,0,10,15,23.7726,68.7726,1.5
4100250245,101.057,0,0,-101.057,101.057,245,0,0,0,10,12,-15.5,71.399,1.5
4100250247,100.58,0,0,-100.58,100.58,247,0,0,0,10,14,-25.9739,68.9739,1.5
4122973318,87.8039,0,0,-87.8039,87.8039,110,4,-15.8037,27.8037,1.5,0,0,0,10
4123973386,95.5048,0,0,-95.5048,95.5048,178,2,-8.16992,52,1.5,0,0,0,10
4126348455,100.58,0,0,-100.58,100.58,247,14,-25.9739,68.9739,1.5,0,0,0,10
4126982380,103.436,0,0,-103.436,103.436,244,15,23.7726,68.7726,1.5,0,0,0,10
4130973304,83.3113,0,0,-83.3113,83.3113,96,7,12.2293,24.5,1.5,0,0,0,10
4131598358,95.6859,0,0,-95.6859,95.6859,150,13,16.2253,41.2253,1.5,0,0,0,10
4137848305,84.219,0,0,-84.219,84.219,97,9,1.28277,27.7828,1.5,0,0,0,10
4138357346,100.104,0,0,-100.104,100.104,210,3,-19.1338,59.5,1.5,0,0,0,10
4139232381,101.057,0,0,-101.057,101.057,245,12,-15.5,71.399,1.5,0,0,0,10
4139482347,100.01,0,0,-100.01,100.01,211,17,28.5,55.8288,1.5,0,0,0,10
4140107250,84.3515,0,0,-84.3515,84.3515,114,16,5.18128,32.6813,1.5,0,0,0,10
4140357370,95.899,0,0,-95.899,95.899,234,10,-1,69.6636,1.5,0,0,0,10
4140857240,84.555,0,0,-84.555,84.555,104,1,-12,27.5205,1.5,0,0,0,10
4141348376,95.7071,0,0,-95.7071,95.7071,168,5,-22,44.6179,1.5,0,0,0,10
4141357373,100.88,0,0,-100.88,100.88,237,8,-22.5,66.7187,1.5,0,0,0,10
4142857228,83.4596,0,0,-83.4596,83.4596,92,19,13.2657,22.7343,1.5,0,0,0,10
4143732379,103.82,0,0,-103.82,103.82,243,18,31.3468,65.3468,1.5,0,0,0,10
4144107348,96.8736,0,0,-96.8736,96.8736,212,11,12.5815,61.5815,1.5,0,0,0,10
4145223270,81.3628,0,0,-81.3628,81.3628,62,6,1.5,16.4839,1.5,0,0,0,10
4146607294,95.2392,0,0,-95.2392,95.2392,158,20,10.0938,45.5938,1.5,0,0,0,10
4150000110,87.8039,0,0,-87.8039,87.8039,110,0,0,0,10,4,-15.8037,27.8037,1.5
4150000178,95.5048,0,0,-95.5048,95.5048,178,0,0,0,10,2,-8.16992,52,1.5
4150125096,83.3113,0,0,-83.3113,83.3113,96,0,0,0,10,7,12.2293,24.5,1.5
4150250062,81.3628,0,0,-81.3628,81.3628,62,0,0,0,10,6,1.5,16.4839,1.5
4150250092,83.4596,0,0,-83.4596,83.4596,92,0,0,0,10,19,13.2657,22.7343,1.5
4150250097,84.219,0,0,-84.219,84.219,97,0,0,0,10,9,1.28277,27.7828,1.5
4150250104,84.555,0,0,-84.555,84.555,104,0,0,0,10,1,-12,27.5205,1.5
4150250114,84.3515,0,0,-84.3515,84.3515,114,0,0,0,10,16,5.18128,32.6813,1.5
4150250150,95.6859,0,0,-95.6859,95.6859,150,0,0,0,10,13,16.2253,41.2253,1.5
4150250158,95.2392,0,0,-95.2392,95.2392,158,0,0,0,10,20,10.0938,45.5938,1.5
4150250168,95.7071,0,0,-95.7071,95.7071,168,0,0,0,10,5,-22,44.6179,1.5
4150250210,100.104,0,0,-100.104,100.104,210,0,0,0,10,3,-19.1338,59.5,1.5
4150250211,100.01,0,0,-100.01,100.01,211,0,0,0,10,17,28.5,55.8288,1.5
4150250212,96.8736,0,0,-96.8736,96.8736,212,0,0,0,10,11,12.5815,61.5815,1.5
4150250234,95.899,0,0,-95.899,95.899,234,0,0,0,10,10,-1,69.6636,1.5
4150250237,100.88,0,0,-100.88,100.88,237,0,0,0,10,8,-22.5,66.7187,1.5
4150250243,103.82,0,0,-103.82,103.82,243,0,0,0,10,18,31.3468,65.3468,1.5
4150250244,103.436,0,0,-103.436,103.436,244,0,0,0,10,15,23.7726,68.7726,1.5
4150250245,101.057,0,0,-101.057,101.057,245,0,0,0,10,12,-15.5,71.399,1.5
4150250247,100.58,0,0,-100.58,100.58,247,0,0,0,10,14,-25.9739,68.9739,1.5
4172973318,87.8039,0,0,-87.8039,87.8039,110,4,-15.8037,27.8037,1.5,0,0,0,10
4173973386,95.5048,0,0,-95.5048,95.5048,178,2,-8.16992,52,1.5,0,0,0,10
4176348455,100.58,0,0,-100.58,100.58,247,14,-25.9739,68.9739,1.5,0,0,0,10
4177348453,103.436,0,0,-103.436,103.436,244,15,23.7726,68.7726,1.5,0,0,0,10
4180973304,83.3113,0,0,-83.3113,83.3113,96,7,12.2293,24.5,1.5,0,0,0,10
4181598358,95.6859,0,0,-95.6859,95.6859,150,13,16.2253,41.2253,1.5,0,0,0,10
4187848305,84.219,0,0,-84.219,84.219,97,9,1.28277,27.7828,1.5,0,0,0,10
4188732346,100.104,0,0,-100.104,100.104,210,3,-19.1338,59.5,1.5,0,0,0,10
4189607381,101.057,0,0,-101.057,101.057,245,12,-15.5,71.399,1.5,0,0,0,10
4190482250,84.3515,0,0,-84.3515,84.3515,114,16,5.18128,32.6813,1.5,0,0,0,10
4190732370,95.899,0,0,-95.899,95.899,234,10,-1,69.6636,1.5,0,0,0,10
4191223312,84.555,0,0,-84.555,84.555,104,1,-12,27.5205,1.5,0,0,0,10
4191348376,95.7071,0,0,-95.7071,95.7071,168,5,-22,44.6179,1.5,0,0,0,10
4191482347,100.01,0,0,-100.01,100.01,211,17,28.5,55.8288,1.5,0,0,0,10
4191848445,100.88,0,0,-100.88,100.88,237,8,-22.5,66.7187,1.5,0,0,0,10
4193607228,83.4596,0,0,-83.4596,83.4596,92,19,13.2657,22.7343,1.5,0,0,0,10
4194357379,103.82,0,0,-103.82,103.82,243,18,31.3468,65.3468,1.5,0,0,0,10
4194482348,96.8736,0,0,-96.8736,96.8736,212,11,12.5815,61.5815,1.5,0,0,0,10
4195223270,81.3628,0,0,-81.3628,81.3628,62,6,1.5,16.4839,1.5,0,0,0,10
4197357294,95.2392,0,0,-95.2392,95.2392,158,20,10.0938,45.5938,1.5,0,0,0,10
4200000110,87.8039,0,0,-87.8039,87.8039,110,0,0,0,10,4,-15.9098,27.9098,1.5
4200000178,95.5048,0,0,-95.5048,95.5048,178,0,0,0,10,2,-8.31992,52,1.5
4200125096,83.3113,0,0,-83.3113,83.3113,96,0,0,0,10,7,12.3793,24.5,1.5
4200250062,81.3628,0,0,-81.3628,81.3628,62,0,0,0,10,6,1.5,16.3339,1.5
4200250092,83.4596,0,0,-83.4596,83.4596,92,0,0,0,10,19,13.3718,22.6282,1.5
4200250097,84.219,0,0,-84.219,84.219,97,0,0,0,10,9,1.1767,27.6767,1.5
4200250104,84.555,0,0,-84.555,84.555,104,0,0,0,10,1,-12,27.3705,1.5
4200250114,84.3515,0,0,-84.3515,84.3515,114,0,0,0,10,16,5.07521,32.5752,1.5
4200250150,95.6859,0,0,-95.6859,95.6859,150,0,0,0,10,13,16.1192,41.1192,1.5
4200250158,95.2392,0,0,-95.2392,95.2392,158,0,0,0,10,20,9.98773,45.4877,1.5
4200250168,95.7071,0,0,-95.7071,95.7071,168,0,0,0,10,5,-22,44.4679,1.5
4200250210,100.104,0,0,-100.104,100.104,210,0,0,0,10,3,-18.9838,59.5,1.5
4200250211,100.01,0,0,-100.01,100.01,211,0,0,0,10,17,28.5,55.6788,1.5
4200250212,96.8736,0,0,-96.8736,96.8736,212,0,0,0,10,11,12.5,61.4652,1.5
4200250234,95.899,0,0,-95.899,95.899,234,0,0,0,10,10,-1,69.5136,1.5
4200250237,100.88,0,0,-100.88,100.88,237,0,0,0,10,8,-22.5,66.5687,1.5
4200250243,103.82,0,0,-103.82,103.82,243,0,0,0,10,18,31.2408,65.2408,1.5
4200250244,103.436,0,0,-103.436,103.436,244,0,0,0,10,15,23.6665,68.6665,1.5
4200250245,101.057,0,0,-101.057,101.057,245,0,0,0,10,12,-15.5,71.249,1.5
4200250247,100.58,0,0,-100.58,100.58,247,0,0,0,10,14,-25.8678,68.8678,1.5
4222973318,87.8039,0,0,-87.8039,87.8039,110,4,-15.9098,27.9098,1.5,0,0,0,10
4223973386,95.5048,0,0,-95.5048,95.5048,178,2,-8.31992,52,1.5,0,0,0,10
4226348455,100.58,0,0,-100.58,100.58,247,14,-25.8678,68.8678,1.5,0,0,0,10
4227857380,103.436,0,0,-103.436,103.436,244,15,23.6665,68.6665,1.5,0,0,0,10
4230973304,83.3113,0,0,-83.3113,83.3113,96,7,12.3793,24.5,1.5,0,0,0,10
4231598358,95.6859,0,0,-95.6859,95.6859,150,13,16.1192,41.1192,1.5,0,0,0,10
4237848305,84.219,0,0,-84.219,84.219,97,9,1.1767,27.6767,1.5,0,0,0,10
4239232346,100.104,0,0,-100.104,100.104,210,3,-18.9838,59.5,1.5,0,0,0,10
4239982381,101.057,0,0,-101.057,101.057,245,12,-15.5,71.249,1.5,0,0,0,10
4240598322,84.3515,0,0,-84.3515,84.3515,114,16,5.07521,32.5752,1.5,0,0,0,10
4241107370,95.899,0,0,-95.899,95.899,234,10,-1,69.5136,1.5,0,0,0,10
4241223312,84.555,0,0,-84.555,84.555,104,1,-12,27.3705,1.5,0,0,0,10
4241348376,95.7071,0,0,-95.7071,95.7071,168,5,-22,44.4679,1.5,0,0,0,10
4241848445,100.88,0,0,-100.88,100.88,237,8,-22.5,66.5687,1.5,0,0,0,10
4241973420,100.01,0,0,-100.01,100.01,211,17,28.5,55.6788,1.5,0,0,0,10
4244232228,83.4596,0,0,-83.4596,83.4596,92,19,13.3718,22.6282,1.5,0,0,0,10
4244598420,96.8736,0,0,-96.8736,96.8736,212,11,12.5,61.4652,1.5,0,0,0,10
4245107379,103.82,0,0,-103.82,103.82,243,18,31.2408,65.2408,1.5,0,0,0,10
4245223270,81.3628,0,0,-81.3628,81.3628,62,6,1.5,16.3339,1.5,0,0,0,10
4247982294,95.2392,0,0,-95.2392,95.2392,158,20,9.98773,45.4877,1.5,0,0,0,10
4250000110,87.8039,0,0,-87.8039,87.8039,110,0,0,0,10,4,-15.9098,27.9098,1.5
4250000178,95.5048,0,0,-95.5048,95.5048,178,0,0,0,10,2,-8.31992,52,1.5
4250125096,83.3113,0,0,-83.3113,83.3113,96,0,0,0,10,7,12.3793,24.5,1.5
4250250062,81.3628,0,0,-81.3628,81.3628,62,0,0,0,10,6,1.5,16.3339,1.5
4250250092,83.4596,0,0,-83.4596,83.4596,92,0,0,0,10,19,13.3718,22.6282,1.5
4250250097,84.219,0,0,-84.219,84.219,97,0,0,0,10,9,1.1767,27.6767,1.5
4250250104,84.555,0,0,-84.555,84.555,104,0,0,0,10,1,-12,27.3705,1.5
4250250114,84.3515,0,0,-84.3515,84.3515,114,0,0,0,10,16,5.07521,32.5752,1.5
4250250150,95.6859,0,0,-95.6859,95.6859,150,0,0,0,10,13,16.1192,41.1192,1.5
4250250158,95.2392,0,0,-95.2392,95.2392,158,0,0,0,10,20,9.98773,45.4877,1.5
4250250168,95.7071,0,0,-95.7071,95.7071,168,0,0,0,10,5,-22,44.4679,1.5
4250250210,100.104,0,0,-100.104,100.104,210,0,0,0,10,3,-18.9838,59.5,1.5
4250250211,100.01,0,0,-100.01,100.01,211,0,0,0,10,17,28.5,55.6788,1.5
4250250212,96.8736,0,0,-96.8736,96.8736,212,0,0,0,10,11,12.5,61.4652,1.5
4250250234,95.899,0,0,-95.899,95.899,234,0,0,0,10,10,-1,69.5136,1.5
4250250237,100.88,0,0,-100.88,100.88,237,0,0,0,10,8,-22.5,66.5687,1.5
4250250243,103.82,0,0,-103.82,103.82,243,0,0,0,10,18,31.2408,65.2408,1.5
4250250244,103.436,0,0,-103.436,103.436,244,0,0,0,10,15,23.6665,68.6665,1.5
4250250245,101.057,0,0,-101.057,101.057,245,0,0,0,10,12,-15.5,71.249,1.5
4250250247,100.58,0,0,-100.58,100.58,247,0,0,0,10,14,-25.8678,68.8678,1.5
4272973318,87.8039,0,0,-87.8039,87.8039,110,4,-15.9098,27.9098,1.5,0,0,0,10
4273973386,95.5048,0,0,-95.5048,95.5048,178,2,-8.31992,52,1.5,0,0,0,10
4276348455,100.58,0,0,-100.58,100.58,247,14,-25.8678,68.8678,1.5,0,0,0,10
4278232380,103.436,0,0,-103.436,103.436,244,15,23.6665,68.6665,1.5,0,0,0,10
4280973304,83.3113,0,0,-83.3113,83.3113,96,7,12.3793,24.5,1.5,0,0,0,10
4281598358,95.6859,0,0,-95.6859,95.6859,150,13,16.1192,41.1192,1.5,0,0,0,10
4287848305,84.219,0,0,-84.219,84.219,97,9,1.1767,27.6767,1.5,0,0,0,10
4289607346,100.104,0,0,-100.104,100.104,210,3,-18.9838,59.5,1.5,0,0,0,10
4290357381,101.057,0,0,-101.057,101.057,245,12,-15.5,71.249,1.5,0,0,0,10
4290598322,84.3515,0,0,-84.3515,84.3515,114,16,5.07521,32.5752,1.5,0,0,0,10
4291223312,84.555,0,0,-84.555,84.555,104,1,-12,27.3705,1.5,0,0,0,10
4291348376,95.7071,0,0,-95.7071,95.7071,168,5,-22,44.4679,1.5,0,0,0,10
4291482370,95.899,0,0,-95.899,95.899,234,10,-1,69.5136,1.5,0,0,0,10
4291848445,100.88,0,0,-100.88,100.88,237,8,-22.5,66.5687,1.5,0,0,0,10
4294598420,96.8736,0,0,-96.8736,96.8736,212,11,12.5,61.4652,1.5,0,0,0,10
4294982228,83.4596,0,0,-83.4596,83.4596,92,19,13.3718,22.6282,1.5,0,0,0,10
4295223270,81.3628,0,0,-81.3628,81.3628,62,6,1.5,16.3339,1.5,0,0,0,10
4295482347,100.01,0,0,-100.01,100.01,211,17,28.5,55.6788,1.5,0,0,0,10
4295732379,103.82,0,0,-103.82,103.82,243,18,31.2408,65.2408,1.5,0,0,0,10
4298732294,95.2392,0,0,-95.2392,95.2392,158,20,9.98773,45.4877,1.5,0,0,0,10
4300000110,87.8039,0,0,-87.8039,87.8039,110,0,0,0,10,4,-16.0159,28.0159,1.5
4300000178,95.5048,0,0,-95.5048,95.5048,178,0,0,0,10,2,-8.46992,52,1.5
4300125096,83.3113,0,0,-83.3113,83.3113,96,0,0,0,10,7,12.5293,24.5,1.5
4300250062,81.3628,0,0,-81.3628,81.3628,62,0,0,0,10,6,1.5,16.1839,1.5
4300250092,83.4596,0,0,-83.4596,83.4596,92,0,0,0,10,19,13.4779,22.5221,1.5
4300250097,84.219,0,0,-84.219,84.219,97,0,0,0,10,9,1.07064,27.5706,1.5
4300250104,84.555,0,0,-84.555,84.555,104,0,0,0,10,1,-12,27.2205,1.5
4300250114,84.3515,0,0,-84.3515,84.3515,114,0,0,0,10,16,4.95636,32.5,1.5
4300250150,95.6859,0,0,-95.6859,95.6859,150,0,0,0,10,13,16.0132,41.0132,1.5
4300250158,95.2392,0,0,-95.2392,95.2392,158,0,0,0,10,20,9.88166,45.3817,1.5
4300250168,95.7071,0,0,-95.7071,95.7071,168,0,0,0,10,5,-22,44.3179,1.5
4300250210,100.104,0,0,-100.104,100.104,210,0,0,0,10,3,-18.8338,59.5,1.5
4300250211,100.01,0,0,-100.01,100.01,211,0,0,0,10,17,28.5,55.5288,1.5
4300250212,96.8736,0,0,-96.8736,96.8736,212,0,0,0,10,11,12.5,61.3152,1.5
4300250234,95.899,0,0,-95.899,95.899,234,0,0,0,10,10,-1,69.3636,1.5
4300250237,100.88,0,0,-100.88,100.88,237,0,0,0,10,8,-22.5,66.4187,1.5
4300250243,103.82,0,0,-103.82,103.82,243,0,0,0,10,18,31.1347,65.1347,1.5
4300250244,103.436,0,0,-103.436,103.436,244,0,0,0,10,15,23.5605,68.5605,1.5
4300250245,101.057,0,0,-101.057,101.057,245,0,0,0,10,12,-15.5,71.099,1.5
4300250247,100.58,0,0,-100.58,100.58,247,0,0,0,10,14,-25.7617,68.7617,1.5
4322973318,87.8039,0,0,-87.8039,87.8039,110,4,-16.0159,28.0159,1.5,0,0,0,10
4323973386,95.5048,0,0,-95.5048,95.5048,178,2,-8.46992,52,1.5,0,0,0,10
4326348455,100.58,0,0,-100.58,100.58,247,14,-25.7617,68.7617,1.5,0,0,0,10
4328473453,103.436,0,0,-103.436,103.436,244,15,23.5605,68.5605,1.5,0,0,0,10
4330973304,83.3113,0,0,-83.3113,83.3113,96,7,12.5293,24.5,1.5,0,0,0,10
4331598358,95.6859,0,0,-95.6859,95.6859,150,13,16.0132,41.0132,1.5,0,0,0,10
4337848305,84.219,0,0,-84.219,84.219,97,9,1.07064,27.5706,1.5,0,0,0,10
4339982346,100.104,0,0,-100.104,100.104,210,3,-18.8338,59.5,1.5,0,0,0,10
4340598322,84.3515,0,0,-84.3515,84.3515,114,16,4.95636,32.5,1.5,0,0,0,10
4340857381,101.057,0,0,-101.057,101.057,245,12,-15.5,71.099,1.5,0,0,0,10
4341223312,84.555,0,0,-84.555,84.555,104,1,-12,27.2205,1.5,0,0,0,10
4341348376,95.7071,0,0,-95.7071,95.7071,168,5,-22,44.3179,1.5,0,0,0,10
4341848445,100.88,0,0,-100.88,100.88,237,8,-22.5,66.4187,1.5,0,0,0,10
4341857370,95.899,0,0,-95.899,95.899,234,10,-1,69.3636,1.5,0,0,0,10
4344598420,96.8736,0,0,-96.8736,96.8736,212,11,12.5,61.3152,1.5,0,0,0,10
4345223270,81.3628,0,0,-81.3628,81.3628,62,6,1.5,16.1839,1.5,0,0,0,10
4345607228,83.4596,0,0,-83.4596,83.4596,92,19,13.4779,22.5221,1.5,0,0,0,10
4345973420,100.01,0,0,-100.01,100.01,211,17,28.5,55.5288,1.5,0,0,0,10
4346482379,103.82,0,0,-103.82,103.82,243,18,31.1347,65.1347,1.5,0,0,0,10
4349357294,95.2392,0,0,-95.2392,95.2392,158,20,9.88166,45.3817,1.5,0,0,0,10
4350000110,87.8039,0,0,-87.8039,87.8039,110,0,0,0,10,4,-16.0159,28.0159,1.5
4350000178,95.5048,0,0,-95.5048,95.5048,178,0,0,0,10,2,-8.46992,52,1.5
4350125096,83.3113,0,0,-83.3113,83.3113,96,0,0,0,10,7,12.5293,24.5,1.5
4350250062,81.3628,0,0,-81.3628,81.3628,62,0,0,0,10,6,1.5,16.1839,1.5
4350250092,83.4596,0,0,-83.4596,83.4596,92,0,0,0,10,19,13.4779,22.5221,1.5
4350250097,84.219,0,0,-84.219,84.219,97,0,0,0,10,9,1.07064,27.5706,1.5
4350250104,84.555,0,0,-84.555,84.555,104,0,0,0,10,1,-12,27.2205,1.5
4350250114,84.3515,0,0,-84.3515,84.3515,114,0,0,0,10,16,4.95636,32.5,1.5
4350250150,95.6859,0,0,-95.6859,95.6859,150,0,0,0,10,13,16.0132,41.0132,1.5
4350250158,95.2392,0,0,-95.2392,95.2392,158,0,0,0,10,20,9.88166,45.3817,1.5
4350250168,95.7071,0,0,-95.7071,95.7071,168,0,0,0,10,5,-22,44.3179,1.5
4350250210,100.104,0,0,-100.104,100.104,210,0,0,0,10,3,-18.8338,59.5,1.5
4350250211,100.01,0,0,-100.01,100.01,211,0,0,0,10,17,28.5,55.5288,1.5
4350250212,96.8736,0,0,-96.8736,96.8736,212,0,0,0,10,11,12.5,61.3152,1.5
4350250234,95.899,0,0,-95.899,95.899,234,0,0,0,10,10,-1,69.3636,1.5
4350250237,100.88,0,0,-100.88,100.88,237,0,0,0,10,8,-22.5,66.4187,1.5
4350250243,103.82,0,0,-103.82,103.82,243,0,0,0,10,18,31.1347,65.1347,1.5
4350250244,103.436,0,0,-103.436,103.436,244,0,0,0,10,15,23.5605,68.5605,1.5
4350250245,101.057,0,0,-101.057,101.057,245,0,0,0,10,12,-15.5,71.099,1.5
4350250247,100.58,0,0,-100.58,100.58,247,0,0,0,10,14,-25.7617,68.7617,1.5
4372973318,87.8039,0,0,-87.8039,87.8039,110,4,-16.0159,28.0159,1.5,0,0,0,10
4373973386,95.5048,0,0,-95.5048,95.5048,178,2,-8.46992,52,1.5,0,0,0,10
4376348455,100.58,0,0,-100.58,100.58,247,14,-25.7617,68.7617,1.5,0,0,0,10
4378982380,103.436,0,0,-103.436,103.436,244,15,23.5605,68.5605,1.5,0,0,0,10
4380973304,83.3113,0,0,-83.3113,83.3113,96,7,12.5293,24.5,1.5,0,0,0,10
4381598358,95.6859,0,0,-95.6859,95.6859,150,13,16.0132,41.0132,1.5,0,0,0,10
4387848305,84.219,0,0,-84.219,84.219,97,9,1.07064,27.5706,1.5,0,0,0,10
4390357346,100.104,0,0,-100.104,100.104,210,3,-18.8338,59.5,1.5,0,0,0,10
4390598322,84.3515,0,0,-84.3515,84.3515,114,16,4.95636,32.5,1.5,0,0,0,10
4391223312,84.555,0,0,-84.555,84.555,104,1,-12,27.2205,1.5,0,0,0,10
4391232381,101.057,0,0,-101.057,101.057,245,12,-15.5,71.099,1.5,0,0,0,10
4391348376,95.7071,0,0,-95.7071,95.7071,168,5,-22,44.3179,1.5,0,0,0,10
4391848445,100.88,0,0,-100.88,100.88,237,8,-22.5,66.4187,1.5,0,0,0,10
4392357370,95.899,0,0,-95.899,95.899,234,10,-1,69.3636,1.5,0,0,0,10
4394598420,96.8736,0,0,-96.8736,96.8736,212,11,12.5,61.3152,1.5,0,0,0,10
4395223270,81.3628,0,0,-81.3628,81.3628,62,6,1.5,16.1839,1.5,0,0,0,10
4396357228,83.4596,0,0,-83.4596,83.4596,92,19,13.4779,22.5221,1.5,0,0,0,10
4397107379,103.82,0,0,-103.82,103.82,243,18,31.1347,65.1347,1.5,0,0,0,10
4399348419,100.01,0,0,-100.01,100.01,211,17,28.5,55.5288,1.5,0,0,0,10
4400000110,87.8039,0,0,-87.8039,87.8039,110,0,0,0,10,4,-16.1219,28.1219,1.5
4400000178,95.5048,0,0,-95.5048,95.5048,178,0,0,0,10,2,-8.61992,52,1.5
4400107294,95.2392,0,0,-95.2392,95.2392,158,20,9.7756,45.2756,1.5,0,0,0,10
4400125096,83.3113,0,0,-83.3113,83.3113,96,0,0,0,10,7,12.6793,24.5,1.5
4400250062,81.3628,0,0,-81.3628,81.3628,62,0,0,0,10,6,1.5,16.0339,1.5
4400250092,83.4596,0,0,-83.4596,83.4596,92,0,0,0,10,19,13.5839,22.4161,1.5
4400250097,84.219,0,0,-84.219,84.219,97,0,0,0,10,9,0.964571,27.4646,1.5
4400250104,84.555,0,0,-84.555,84.555,104,0,0,0,10,1,-12,27.0705,1.5
4400250114,84.3515,0,0,-84.3515,84.3515,114,0,0,0,10,16,4.80636,32.5,1.5
4400250150,95.6859,0,0,-95.6859,95.6859,150,0,0,0,10,13,15.9071,40.9071,1.5
4400250158,95.2392,0,0,-95.2392,95.2392,158,0,0,0,10,20,9.7756,45.2756,1.5
4400250168,95.7071,0,0,-95.7071,95.7071,168,0,0,0,10,5,-22,44.1679,1.5
4400250210,100.104,0,0,-100.104,100.104,210,0,0,0,10,3,-18.6838,59.5,1.5
4400250211,100.01,0,0,-100.01,100.01,211,0,0,0,10,17,28.5,55.3788,1.5
4400250212,96.8736,0,0,-96.8736,96.8736,212,0,0,0,10,11,12.5,61.1652,1.5
4400250234,95.899,0,0,-95.899,95.899,234,0,0,0,10,10,-1,69.2136,1.5
4400250237,100.88,0,0,-100.88,100.88,237,0,0,0,10,8,-22.5,66.2687,1.5
4400250243,103.82,0,0,-103.82,103.82,243,0,0,0,10,18,31.0286,65.0286,1.5
4400250244,103.436,0,0,-103.436,103.436,244,0,0,0,10,15,23.4544,68.4544,1.5
4400250245,101.057,0,0,-101.057,101.057,245,0,0,0,10,12,-15.5,70.949,1.5
4400250247,100.58,0,0,-100.58,100.58,247,0,0,0,10,14,-25.6557,68.6557,1.5
4422973318,87.8039,0,0,-87.8039,87.8039,110,4,-16.1219,28.1219,1.5,0,0,0,10
4423973386,95.5048,0,0,-95.5048,95.5048,178,2,-8.61992,52,1.5,0,0,0,10
4426348455,100.58,0,0,-100.58,100.58,247,14,-25.6557,68.6557,1.5,0,0,0,10
4429357380,103.436,0,0,-103.436,103.436,244,15,23.4544,68.4544,1.5,0,0,0,10
4430973304,83.3113,0,0,-83.3113,83.3113,96,7,12.6793,24.5,1.5,0,0,0,10
4431598358,95.6859,0,0,-95.6859,95.6859,150,13,15.9071,40.9071,1.5,0,0,0,10
4437848305,84.219,0,0,-84.219,84.219,97,9,0.964571,27.4646,1.5,0,0,0,10
4440598322,84.3515,0,0,-84.3515,84.3515,114,16,4.80636,32.5,1.5,0,0,0,10
4440732346,100.104,0,0,-100.104,100.104,210,3,-18.6838,59.5,1.5,0,0,0,10
4441223312,84.555,0,0,-84.555,84.555,104,1,-12,27.0705,1.5,0,0,0,10
4441348376,95.7071,0,0,-95.7071,95.7071,168,5,-22,44.1679,1.5,0,0,0,10
4441607381,101.057,0,0,-101.057,101.057,245,12,-15.5,70.949,1.5,0,0,0,10
4441848445,100.88,0,0,-100.88,100.88,237,8,-22.5,66.2687,1.5,0,0,0,10
4442732370,95.899,0,0,-95.899,95.899,234,10,-1,69.2136,1.5,0,0,0,10
4444598420,96.8736,0,0,-96.8736,96.8736,212,11,12.5,61.1652,1.5,0,0,0,10
4445223270,81.3628,0,0,-81.3628,81.3628,62,6,1.5,16.0339,1.5,0,0,0,10
4446982228,83.4596,0,0,-83.4596,83.4596,92,19,13.5839,22.4161,1.5,0,0,0,10
4447857379,103.82,0,0,-103.82,103.82,243,18,31.0286,65.0286,1.5,0,0,0,10
4449348419,100.01,0,0,-100.01,100.01,211,17,28.5,55.3788,1.5,0,0,0,10
4450000110,87.8039,0,0,-87.8039,87.8039,110,0,0,0,10,4,-16.1219,28.1219,1.5
4450000178,95.5048,0,0,-95.5048,95.5048,178,0,0,0,10,2,-8.61992,52,1.5
4450125096,83.3113,0,0,-83.3113,83.3113,96,0,0,0,10,7,12.6793,24.5,1.5
4450250062,81.3628,0,0,-81.3628,81.3628,62,0,0,0,10,6,1.5,16.0339,1.5
4450250092,83.4596,0,0,-83.4596,83.4596,92,0,0,0,10,19,13.5839,22.4161,1.5
4450250097,84.219,0,0,-84.219,84.219,97,0,0,0,10,9,0.964571,27.4646,1.5
4450250104,84.555,0,0,-84.555,84.555,104,0,0,0,10,1,-12,27.0705,1.5
4450250114,84.3515,0,0,-84.3515,84.3515,114,0,0,0,10,16,4.80636,32.5,1.5
4450250150,95.6859,0,0,-95.6859,95.6859,150,0,0,0,10,13,15.9071,40.9071,1.5
4450250158,95.2392,0,0,-95.2392,95.2392,158,0,0,0,10,20,9.7756,45.2756,1.5
4450250168,95.7071,0,0,-95.7071,95.7071,168,0,0,0,10,5,-22,44.1679,1.5
4450250210,100.104,0,0,-100.104,100.104,210,0,0,0,10,3,-18.6838,59.5,1.5
4450250211,100.01,0,0,-100.01,100.01,211,0,0,0,10,17,28.5,55.3788,1.5
4450250212,96.8736,0,0,-96.8736,96.8736,212,0,0,0,10,11,12.5,61.1652,1.5
4450250234,95.899,0,0,-95.899,95.899,234,0,0,0,10,10,-1,69.2136,1.5
4450250237,100.88,0,0,-100.88,100.88,237,0,0,0,10,8,-22.5,66.2687,1.5
4450250243,103.82,0,0,-103.82,103.82,243,0,0,0,10,18,31.0286,65.0286,1.5
4450250244,103.436,0,0,-103.436,103.436,244,0,0,0,10,15,23.4544,68.4544,1.5
4450250245,101.057,0,0,-101.057,101.057,245,0,0,0,10,12,-15.5,70.949,1.5
4450250247,100.58,0,0,-100.58,100.58,247,0,0,0,10,14,-25.6557,68.6557,1.5
4450732294,95.2392,0,0,-95.2392,95.2392,158,20,9.7756,45.2756,1.5,0,0,0,10
4472973318,87.8039,0,0,-87.8039,87.8039,110,4,-16.1219,28.1219,1.5,0,0,0,10
4473973386,95.5048,0,0,-95.5048,95.5048,178,2,-8.61992,52,1.5,0,0,0,10
4476348455,100.58,0,0,-100.58,100.58,247,14,-25.6557,68.6557,1.5,0,0,0,10
4479839525,103.436,0,0,-103.436,103.436,244,15,23.4544,68.4544,1.5,0,0,0,10
4480973304,83.3113,0,0,-83.3113,83.3113,96,7,12.6793,24.5,1.5,0,0,0,10
4481598358,95.6859,0,0,-95.6859,95.6859,150,13,15.9071,40.9071,1.5,0,0,0,10
4487848305,84.219,0,0,-84.219,84.219,97,9,0.964571,27.4646,1.5,0,0,0,10
4490598322,84.3515,0,0,-84.3515,84.3515,114,16,4.80636,32.5,1.5,0,0,0,10
4491223312,84.555,0,0,-84.555,84.555,104,1,-12,27.0705,1.5,0,0,0,10
4491232346,100.104,0,0,-100.104,100.104,210,3,-18.6838,59.5,1.5,0,0,0,10
4491348376,95.7071,0,0,-95.7071,95.7071,168,5,-22,44.1679,1.5,0,0,0,10
4491848445,100.88,0,0,-100.88,100.88,237,8,-22.5,66.2687,1.5,0,0,0,10
4491982381,101.057,0,0,-101.057,101.057,245,12,-15.5,70.949,1.5,0,0,0,10
4493107370,95.899,0,0,-95.899,95.899,234,10,-1,69.2136,1.5,0,0,0,10
4494598420,96.8736,0,0,-96.8736,96.8736,212,11,12.5,61.1652,1.5,0,0,0,10
4495223270,81.3628,0,0,-81.3628,81.3628,62,6,1.5,16.0339,1.5,0,0,0,10
4497732228,83.4596,0,0,-83.4596,83.4596,92,19,13.5839,22.4161,1.5,0,0,0,10
4498482379,103.82,0,0,-103.82,103.82,243,18,31.0286,65.0286,1.5,0,0,0,10
4499348419,100.01,0,0,-100.01,100.01,211,17,28.5,55.3788,1.5,0,0,0,10
4500000110,87.8039,0,0,-87.8039,87.8039,110,0,0,0,10,4,-16.228,28.228,1.5
4500000178,95.5048,0,0,-95.5048,95.5048,178,0,0,0,10,2,-8.76992,52,1.5
4500125096,83.3113,0,0,-83.3113,83.3113,96,0,0,0,10,7,12.8293,24.5,1.5
4500250062,81.3628,0,0,-81.3628,81.3628,62,0,0,0,10,6,1.5,15.8839,1.5
4500250092,83.4596,0,0,-83.4596,83.4596,92,0,0,0,10,19,13.69,22.31,1.5
4500250097,84.219,0,0,-84.219,84.219,97,0,0,0,10,9,0.858505,27.3585,1.5
4500250104,84.555,0,0,-84.555,84.555,104,0,0,0,10,1,-12,26.9205,1.5
4500250114,84.3515,0,0,-84.3515,84.3515,114,0,0,0,10,16,4.65636,32.5,1.5
4500250150,95.6859,0,0,-95.6859,95.6859,150,0,0,0,10,13,15.801,40.801,1.5
4500250158,95.2392,0,0,-95.2392,95.2392,158,0,0,0,10,20,9.66953,45.1695,1.5
4500250168,95.7071,0,0,-95.7071,95.7071,168,0,0,0,10,5,-22,44.0179,1.5
4500250210,100.104,0,0,-100.104,100.104,210,0,0,0,10,3,-18.5338,59.5,1.5
4500250211,100.01,0,0,-100.01,100.01,211,0,0,0,10,17,28.5,55.2288,1.5
4500250212,96.8736,0,0,-96.8736,96.8736,212,0,0,0,10,11,12.5,61.0152,1.5
4500250234,95.899,0,0,-95.899,95.899,234,0,0,0,10,10,-1,69.0636,1.5
4500250237,100.88,0,0,-100.88,100.88,237,0,0,0,10,8,-22.5,66.1187,1.5
4500250243,103.82,0,0,-103.82,103.82,243,0,0,0,10,18,30.9226,64.9226,1.5
4500250244,103.436,0,0,-103.436,103.436,244,0,0,0,10,15,23.3483,68.3483,1.5
4500250245,101.057,0,0,-101.057,101.057,245,0,0,0,10,12,-15.5,70.799,1.5
4500250247,100.58,0,0,-100.58,100.58,247,0,0,0,10,14,-25.5496,68.5496,1.5
4501482294,95.2392,0,0,-95.2392,95.2392,158,20,9.66953,45.1695,1.5,0,0,0,10
4522973318,87.8039,0,0,-87.8039,87.8039,110,4,-16.228,28.228,1.5,0,0,0,10
4523973386,95.5048,0,0,-95.5048,95.5048,178,2,-8.76992,52,1.5,0,0,0,10
4526348455,100.58,0,0,-100.58,100.58,247,14,-25.5496,68.5496,1.5,0,0,0,10
4530973304,83.3113,0,0,-83.3113,83.3113,96,7,12.8293,24.5,1.5,0,0,0,10
4531598358,95.6859,0,0,-95.6859,95.6859,150,13,15.801,40.801,1.5,0,0,0,10
4536598452,103.436,0,0,-103.436,103.436,244,15,23.3483,68.3483,1.5,0,0,0,10
4537848305,84.219,0,0,-84.219,84.219,97,9,0.858505,27.3585,1.5,0,0,0,10
4540598322,84.3515,0,0,-84.3515,84.3515,114,16,4.65636,32.5,1.5,0,0,0,10
4541223312,84.555,0,0,-84.555,84.555,104,1,-12,26.9205,1.5,0,0,0,10
4541348376,95.7071,0,0,-95.7071,95.7071,168,5,-22,44.0179,1.5,0,0,0,10
4541848445,100.88,0,0,-100.88,100.88,237,8,-22.5,66.1187,1.5,0,0,0,10
4544598420,96.8736,0,0,-96.8736,96.8736,212,11,12.5,61.0152,1.5,0,0,0,10
4545223270,81.3628,0,0,-81.3628,81.3628,62,6,1.5,15.8839,1.5,0,0,0,10
4547723418,100.104,0,0,-100.104,100.104,210,3,-18.5338,59.5,1.5,0,0,0,10
4548723453,101.057,0,0,-101.057,101.057,245,12,-15.5,70.799,1.5,0,0,0,10
4549348419,100.01,0,0,-100.01,100.01,211,17,28.5,55.2288,1.5,0,0,0,10
4549848442,95.899,0,0,-95.899,95.899,234,10,-1,69.0636,1.5,0,0,0,10
4550000110,87.8039,0,0,-87.8039,87.8039,110,0,0,0,10,4,-16.228,28.228,1.5
4550000178,95.5048,0,0,-95.5048,95.5048,178,0,0,0,10,2,-8.76992,52,1.5
4550250062,81.3628,0,0,-81.3628,81.3628,62,0,0,0,10,6,1.5,15.8839,1.5
4550250092,83.4596,0,0,-83.4596,83.4596,92,0,0,0,10,19,13.69,22.31,1.5
4550250096,83.3113,0,0,-83.3113,83.3113,96,0,0,0,10,7,12.8293,24.5,1.5
4550250097,84.219,0,0,-84.219,84.219,97,0,0,0,10,9,0.858505,27.3585,1.5
4550250104,84.555,0,0,-84.555,84.555,104,0,0,0,10,1,-12,26.9205,1.5
4550250114,84.3515,0,0,-84.3515,84.3515,114,0,0,0,10,16,4.65636,32.5,1.5
4550250150,95.6859,0,0,-95.6859,95.6859,150,0,0,0,10,13,15.801,40.801,1.5
4550250158,95.2392,0,0,-95.2392,95.2392,158,0,0,0,10,20,9.66953,45.1695,1.5
4550250168,95.7071,0,0,-95.7071,95.7071,168,0,0,0,10,5,-22,44.0179,1.5
4550250210,100.104,0,0,-100.104,100.104,210,0,0,0,10,3,-18.5338,59.5,1.5
4550250211,100.01,0,0,-100.01,100.01,211,0,0,0,10,17,28.5,55.2288,1.5
4550250212,96.8736,0,0,-96.8736,96.8736,212,0,0,0,10,11,12.5,61.0152,1.5
4550250234,95.899,0,0,-95.899,95.899,234,0,0,0,10,10,-1,69.0636,1.5
4550250237,100.88,0,0,-100.88,100.88,237,0,0,0,10,8,-22.5,66.1187,1.5
4550250243,103.82,0,0,-103.82,103.82,243,0,0,0,10,18,30.9226,64.9226,1.5
4550250244,103.436,0,0,-103.436,103.436,244,0,0,0,10,15,23.3483,68.3483,1.5
4550250245,101.057,0,0,-101.057,101.057,245,0,0,0,10,12,-15.5,70.799,1.5
4550250247,100.58,0,0,-100.58,100.58,247,0,0,0,10,14,-25.5496,68.5496,1.5
4552098300,83.4596,0,0,-83.4596,83.4596,92,19,13.69,22.31,1.5,0,0,0,10
4553348451,103.82,0,0,-103.82,103.82,243,18,30.9226,64.9226,1.5,0,0,0,10
4556223366,95.2392,0,0,-95.2392,95.2392,158,20,9.66953,45.1695,1.5,0,0,0,10
4572973318,87.8039,0,0,-87.8039,87.8039,110,4,-16.228,28.228,1.5,0,0,0,10
4573973386,95.5048,0,0,-95.5048,95.5048,178,2,-8.76992,52,1.5,0,0,0,10
4576348455,100.58,0,0,-100.58,100.58,247,14,-25.5496,68.5496,1.5,0,0,0,10
4580973304,83.3113,0,0,-83.3113,83.3113,96,7,12.8293,24.5,1.5,0,0,0,10
4581598358,95.6859,0,0,-95.6859,95.6859,150,13,15.801,40.801,1.5,0,0,0,10
4586598452,103.436,0,0,-103.436,103.436,244,15,23.3483,68.3483,1.5,0,0,0,10
4587848305,84.219,0,0,-84.219,84.219,97,9,0.858505,27.3585,1.5,0,0,0,10
4590598322,84.3515,0,0,-84.3515,84.3515,114,16,4.65636,32.5,1.5,0,0,0,10
4591223312,84.555,0,0,-84.555,84.555,104,1,-12,26.9205,1.5,0,0,0,10
4591348376,95.7071,0,0,-95.7071,95.7071,168,5,-22,44.0179,1.5,0,0,0,10
4591848445,100.88,0,0,-100.88,100.88,237,8,-22.5,66.1187,1.5,0,0,0,10
4594598420,96.8736,0,0,-96.8736,96.8736,212,11,12.5,61.0152,1.5,0,0,0,10
4595223270,81.3628,0,0,-81.3628,81.3628,62,6,1.5,15.8839,1.5,0,0,0,10
4597723418,100.104,0,0,-100.104,100.104,210,3,-18.5338,59.5,1.5,0,0,0,10
4598723453,101.057,0,0,-101.057,101.057,245,12,-15.5,70.799,1.5,0,0,0,10
4599348419,100.01,0,0,-100.01,100.01,211,17,28.5,55.2288,1.5,0,0,0,10
4599848442,95.899,0,0,-95.899,95.899,234,10,-1,69.0636,1.5,0,0,0,10
4600000110,87.8039,0,0,-87.8039,87.8039,110,0,0,0,10,4,-16.3341,28.3341,1.5
4600000178,95.5048,0,0,-95.5048,95.5048,178,0,0,0,10,2,-8.91992,52,1.5
4600250062,81.3628,0,0,-81.3628,81.3628,62,0,0,0,10,6,1.5,15.7339,1.5
4600250092,83.4596,0,0,-83.4596,83.4596,92,0,0,0,10,19,13.7961,22.2039,1.5
4600250096,83.3113,0,0,-83.3113,83.3113,96,0,0,0,10,7,12.9793,24.5,1.5
4600250097,84.219,0,0,-84.219,84.219,97,0,0,0,10,9,0.752439,27.2524,1.5
4600250104,84.555,0,0,-84.555,84.555,104,0,0,0,10,1,-12,26.7705,1.5
4600250114,84.3515,0,0,-84.3515,84.3515,114,0,0,0,10,16,4.50636,32.5,1.5
4600250150,95.6859,0,0,-95.6859,95.6859,150,0,0,0,10,13,15.695,40.695,1.5
4600250158,95.2392,0,0,-95.2392,95.2392,158,0,0,0,10,20,9.56347,45.0635,1.5
4600250168,95.7071,0,0,-95.7071,95.7071,168,0,0,0,10,5,-22,43.8679,1.5
4600250210,100.104,0,0,-100.104,100.104,210,0,0,0,10,3,-18.3838,59.5,1.5
4600250211,100.01,0,0,-100.01,100.01,211,0,0,0,10,17,28.5,55.0788,1.5
4600250212,96.8736,0,0,-96.8736,96.8736,212,0,0,0,10,11,12.5,60.8652,1.5
4600250234,95.899,0,0,-95.899,95.899,234,0,0,0,10,10,-1,68.9136,1.5
4600250237,100.88,0,0,-100.88,100.88,237,0,0,0,10,8,-22.5,65.9687,1.5
4600250243,103.82,0,0,-103.82,103.82,243,0,0,0,10,18,30.8165,64.8165,1.5
4600250244,103.436,0,0,-103.436,103.436,244,0,0,0,10,15,23.2423,68.2423,1.5
4600250245,101.057,0,0,-101.057,101.057,245,0,0,0,10,12,-15.5,70.649,1.5
4600250247,100.58,0,0,-100.58,100.58,247,0,0,0,10,14,-25.4435,68.4435,1.5
4602098300,83.4596,0,0,-83.4596,83.4596,92,19,13.7961,22.2039,1.5,0,0,0,10
4603348451,103.82,0,0,-103.82,103.82,243,18,30.8165,64.8165,1.5,0,0,0,10
4606223366,95.2392,0,0,-95.2392,95.2392,158,20,9.56347,45.0635,1.5,0,0,0,10
4622973318,87.8039,0,0,-87.8039,87.8039,110,4,-16.3341,28.3341,1.5,0,0,0,10
4623973386,95.5048,0,0,-95.5048,95.5048,178,2,-8.91992,52,1.5,0,0,0,10
4626348455,100.58,0,0,-100.58,100.58,247,14,-25.4435,68.4435,1.5,0,0,0,10
4630973304,83.3113,0,0,-83.3113,83.3113,96,7,12.9793,24.5,1.5,0,0,0,10
4631598358,95.6859,0,0,-95.6859,95.6859,150,13,15.695,40.695,1.5,0,0,0,10
4636598452,103.436,0,0,-103.436,103.436,244,15,23.2423,68.2423,1.5,0,0,0,10
4637848305,84.219,0,0,-84.219,84.219,97,9,0.752439,27.2524,1.5,0,0,0,10
4640598322,84.3515,0,0,-84.3515,84.3515,114,16,4.50636,32.5,1.5,0,0,0,10
4641223312,84.555,0,0,-84.555,84.555,104,1,-12,26.7705,1.5,0,0,0,10
4641348376,95.7071,0,0,-95.7071,95.7071,168,5,-22,43.8679,1.5,0,0,0,10
4641848445,100.88,0,0,-100.88,100.88,237,8,-22.5,65.9687,1.5,0,0,0,10
4644598420,96.8736,0,0,-96.8736,96.8736,212,11,12.5,60.8652,1.5,0,0,0,10
4645223270,81.3628,0,0,-81.3628,81.3628,62,6,1.5,15.7339,1.5,0,0,0,10
4647723418,100.104,0,0,-100.104,100.104,210,3,-18.3838,59.5,1.5,0,0,0,10
4648723453,101.057,0,0,-101.057,101.057,245,12,-15.5,70.649,1.5,0,0,0,10
4649348419,100.01,0,0,-100.01,100.01,211,17,28.5,55.0788,1.5,0,0,0,10
4649848442,95.899,0,0,-95.899,95.899,234,10,-1,68.9136,1.5,0,0,0,10
4650000110,87.8039,0,0,-87.8039,87.8039,110,0,0,0,10,4,-16.3341,28.3341,1.5
4650000178,95.5048,0,0,-95.5048,95.5048,178,0,0,0,10,2,-8.91992,52,1.5
4650250062,81.3628,0,0,-81.3628,81.3628,62,0,0,0,10,6,1.5,15.7339,1.5
4650250092,83.4596,0,0,-83.4596,83.4596,92,0,0,0,10,19,13.7961,22.2039,1.5
4650250096,83.3113,0,0,-83.3113,83.3113,96,0,0,0,10,7,12.9793,24.5,1.5
4650250097,84.219,0,0,-84.219,84.219,97,0,0,0,10,9,0.752439,27.2524,1.5
4650250104,84.555,0,0,-84.555,84.555,104,0,0,0,10,1,-12,26.7705,1.5
4650250114,84.3515,0,0,-84.3515,84.3515,114,0,0,0,10,16,4.50636,32.5,1.5
4650250150,95.6859,0,0,-95.6859,95.6859,150,0,0,0,10,13,15.695,40.695,1.5
4650250158,95.2392,0,0,-95.2392,95.2392,158,0,0,0,10,20,9.56347,45.0635,1.5
4650250168,95.7071,0,0,-95.7071,95.7071,168,0,0,0,10,5,-22,43.8679,1.5
4650250210,100.104,0,0,-100.104,100.104,210,0,0,0,10,3,-18.3838,59.5,1.5
4650250211,100.01,0,0,-100.01,100.01,211,0,0,0,10,17,28.5,55.0788,1.5
4650250212,96.8736,0,0,-96.8736,96.8736,212,0,0,0,10,11,12.5,60.8652,1.5
4650250234,95.899,0,0,-95.899,95.899,234,0,0,0,10,10,-1,68.9136,1.5
4650250237,100.88,0,0,-100.88,100.88,237,0,0,0,10,8,-22.5,65.9687,1.5
4650250243,103.82,0,0,-103.82,103.82,243,0,0,0,10,18,30.8165,64.8165,1.5
4650250244,103.436,0,0,-103.436,103.436,244,0,0,0,10,15,23.2423,68.2423,1.5
4650250245,101.057,0,0,-101.057,101.057,245,0,0,0,10,12,-15.5,70.649,1.5
4650250247,100.58,0,0,-100.58,100.58,247,0,0,0,10,14,-25.4435,68.4435,1.5
4652098300,83.4596,0,0,-83.4596,83.4596,92,19,13.7961,22.2039,1.5,0,0,0,10
4653348451,103.82,0,0,-103.82,103.82,243,18,30.8165,64.8165,1.5,0,0,0,10
4656223366,95.2392,0,0,-95.2392,95.2392,158,20,9.56347,45.0635,1.5,0,0,0,10
4672973318,87.8039,0,0,-87.8039,87.8039,110,4,-16.3341,28.3341,1.5,0,0,0,10
4673973386,95.5048,0,0,-95.5048,95.5048,178,2,-8.91992,52,1.5,0,0,0,10
4676348455,100.58,0,0,-100.58,100.58,247,14,-25.4435,68.4435,1.5,0,0,0,10
4680973304,83.3113,0,0,-83.3113,83.3113,96,7,12.9793,24.5,1.5,0,0,0,10
4681598358,95.6859,0,0,-95.6859,95.6859,150,13,15.695,40.695,1.5,0,0,0,10
4686598452,103.436,0,0,-103.436,103.436,244,15,23.2423,68.2423,1.5,0,0,0,10
4687848305,84.219,0,0,-84.219,84.219,97,9,0.752439,27.2524,1.5,0,0,0,10
4690598322,84.3515,0,0,-84.3515,84.3515,114,16,4.50636,32.5,1.5,0,0,0,10
4691223312,84.555,0,0,-84.555,84.555,104,1,-12,26.7705,1.5,0,0,0,10
4691348376,95.7071,0,0,-95.7071,95.7071,168,5,-22,43.8679,1.5,0,0,0,10
4691848445,100.88,0,0,-100.88,100.88,237,8,-22.5,65.9687,1.5,0,0,0,10
4694598420,96.8736,0,0,-96.8736,96.8736,212,11,12.5,60.8652,1.5,0,0,0,10
4695223270,81.3628,0,0,-81.3628,81.3628,62,6,1.5,15.7339,1.5,0,0,0,10
4697723418,100.104,0,0,-100.104,100.104,210,3,-18.3838,59.5,1.5,0,0,0,10
4698723453,101.057,0,0,-101.057,101.057,245,12,-15.5,70.649,1.5,0,0,0,10
4699348419,100.01,0,0,-100.01,100.01,211,17,28.5,55.0788,1.5,0,0,0,10
4699848442,95.899,0,0,-95.899,95.899,234,10,-1,68.9136,1.5,0,0,0,10
4700000110,87.8039,0,0,-87.8039,87.8039,110,0,0,0,10,4,-16.4401,28.4401,1.5
4700000178,95.5048,0,0,-95.5048,95.5048,178,0,0,0,10,2,-9.06992,52,1.5
4700250062,81.3628,0,0,-81.3628,81.3628,62,0,0,0,10,6,1.5,15.5839,1.5
4700250092,83.4596,0,0,-83.4596,83.4596,92,0,0,0,10,19,13.9021,22.0979,1.5
4700250096,83.3113,0,0,-83.3113,83.3113,96,0,0,0,10,7,13.1293,24.5,1.5
4700250097,84.219,0,0,-84.219,84.219,97,0,0,0,10,9,0.646373,27.1464,1.5
4700250104,84.555,0,0,-84.555,84.555,104,0,0,0,10,1,-12,26.6205,1.5
4700250114,84.3515,0,0,-84.3515,84.3515,114,0,0,0,10,16,4.35636,32.5,1.5
4700250150,95.6859,0,0,-95.6859,95.6859,150,0,0,0,10,13,15.5889,40.5889,1.5
4700250158,95.2392,0,0,-95.2392,95.2392,158,0,0,0,10,20,9.4574,44.9574,1.5
4700250168,95.7071,0,0,-95.7071,95.7071,168,0,0,0,10,5,-22,43.7179,1.5
4700250210,100.104,0,0,-100.104,100.104,210,0,0,0,10,3,-18.2338,59.5,1.5
4700250211,100.01,0,0,-100.01,100.01,211,0,0,0,10,17,28.5,54.9288,1.5
4700250212,96.8736,0,0,-96.8736,96.8736,212,0,0,0,10,11,12.5,60.7152,1.5
4700250234,95.899,0,0,-95.899,95.899,234,0,0,0,10,10,-1,68.7636,1.5
4700250237,100.88,0,0,-100.88,100.88,237,0,0,0,10,8,-22.5,65.8187,1.5
4700250243,103.82,0,0,-103.82,103.82,243,0,0,0,10,18,30.7104,64.7104,1.5
4700250244,103.436,0,0,-103.436,103.436,244,0,0,0,10,15,23.1362,68.1362,1.5
4700250245,101.057,0,0,-101.057,101.057,245,0,0,0,10,12,-15.5,70.499,1.5
4700250247,100.58,0,0,-100.58,100.58,247,0,0,0,10,14,-25.3375,68.3375,1.5
4702098300,83.4596,0,0,-83.4596,83.4596,92,19,13.9021,22.0979,1.5,0,0,0,10
4703348451,103.82,0,0,-103.82,103.82,243,18,30.7104,64.7104,1.5,0,0,0,10
4706223366,95.2392,0,0,-95.2392,95.2392,158,20,9.4574,44.9574,1.5,0,0,0,10
4722973318,87.8039,0,0,-87.8039,87.8039,110,4,-16.4401,28.4401,1.5,0,0,0,10
4723973386,95.5048,0,0,-95.5048,95.5048,178,2,-9.06992,52,1.5,0,0,0,10
4726348455,100.58,0,0,-100.58,100.58,247,14,-25.3375,68.3375,1.5,0,0,0,10
4730973304,83.3113,0,0,-83.3113,83.3113,96,7,13.1293,24.5,1.5,0,0,0,10
4731598358,95.6859,0,0,-95.6859,95.6859,150,13,15.5889,40.5889,1.5,0,0,0,10
4736598452,103.436,0,0,-103.436,103.436,244,15,23.1362,68.1362,1.5,0,0,0,10
4737848305,84.219,0,0,-84.219,84.219,97,9,0.646373,27.1464,1.5,0,0,0,10
4740598322,84.3515,0,0,-84.3515,84.3515,114,16,4.35636,32.5,1.5,0,0,0,10
4741223312,84.555,0,0,-84.555,84.555,104,1,-12,26.6205,1.5,0,0,0,10
4741348376,95.7071,0,0,-95.7071,95.7071,168,5,-22,43.7179,1.5,0,0,0,10
4741848445,100.88,0,0,-100.88,100.88,237,8,-22.5,65.8187,1.5,0,0,0,10
4744598420,96.8736,0,0,-96.8736,96.8736,212,11,12.5,60.7152,1.5,0,0,0,10
4745223270,81.3628,0,0,-81.3628,81.3628,62,6,1.5,15.5839,1.5,0,0,0,10
4747723418,100.104,0,0,-100.104,100.104,210,3,-18.2338,59.5,1.5,0,0,0,10
4748723453,101.057,0,0,-101.057,101.057,245,12,-15.5,70.499,1.5,0,0,0,10
4749348419,100.01,0,0,-100.01,100.01,211,17,28.5,54.9288,1.5,0,0,0,10
4749848442,95.899,0,0,-95.899,95.899,234,10,-1,68.7636,1.5,0,0,0,10
4750000110,87.8039,0,0,-87.8039,87.8039,110,0,0,0,10,4,-16.4401,28.4401,1.5
4750000178,95.5048,0,0,-95.5048,95.5048,178,0,0,0,10,2,-9.06992,52,1.5
4750250062,81.3628,0,0,-81.3628,81.3628,62,0,0,0,10,6,1.5,15.5839,1.5
4750250092,83.4596,0,0,-83.4596,83.4596,92,0,0,0,10,19,13.9021,22.0979,1.5
4750250096,83.3113,0,0,-83.3113,83.3113,96,0,0,0,10,7,13.1293,24.5,1.5
4750250097,84.219,0,0,-84.219,84.219,97,0,0,0,10,9,0.646373,27.1464,1.5
4750250104,84.555,0,0,-84.555,84.555,104,0,0,0,10,1,-12,26.6205,1.5
4750250114,84.3515,0,0,-84.3515,84.3515,114,0,0,0,10,16,4.35636,32.5,1.5
4750250150,95.6859,0,0,-95.6859,95.6859,150,0,0,0,10,13,15.5889,40.5889,1.5
4750250158,95.2392,0,0,-95.2392,95.2392,158,0,0,0,10,20,9.4574,44.9574,1.5
4750250168,95.7071,0,0,-95.7071,95.7071,168,0,0,0,10,5,-22,43.7179,1.5
4750250210,100.104,0,0,-100.104,100.104,210,0,0,0,10,3,-18.2338,59.5,1.5
4750250211,100.01,0,0,-100.01,100.01,211,0,0,0,10,17,28.5,54.9288,1.5
4750250212,96.8736,0,0,-96.8736,96.8736,212,0,0,0,10,11,12.5,60.7152,1.5
4750250234,95.899,0,0,-95.899,95.899,234,0,0,0,10,10,-1,68.7636,1.5
4750250237,100.88,0,0,-100.88,100.88,237,0,0,0,10,8,-22.5,65.8187,1.5
4750250243,103.82,0,0,-103.82,103.82,243,0,0,0,10,18,30.7104,64.7104,1.5
4750250244,103.436,0,0,-103.436,103.436,244,0,0,0,10,15,23.1362,68.1362,1.5
4750250245,101.057,0,0,-101.057,101.057,245,0,0,0,10,12,-15.5,70.499,1.5
4750250247,100.58,0,0,-100.58,100.58,247,0,0,0,10,14,-25.3375,68.3375,1.5
4752098300,83.4596,0,0,-83.4596,83.4596,92,19,13.9021,22.0979,1.5,0,0,0,10
4753348451,103.82,0,0,-103.82,103.82,243,18,30.7104,64.7104,1.5,0,0,0,10
4756223366,95.2392,0,0,-95.2392,95.2392,158,20,9.4574,44.9574,1.5,0,0,0,10
4772973318,87.8039,0,0,-87.8039,87.8039,110,4,-16.4401,28.4401,1.5,0,0,0,10
4773973386,95.5048,0,0,-95.5048,95.5048,178,2,-9.06992,52,1.5,0,0,0,10
4776348455,100.58,0,0,-100.58,100.58,247,14,-25.3375,68.3375,1.5,0,0,0,10
4780973304,83.3113,0,0,-83.3113,83.3113,96,7,13.1293,24.5,1.5,0,0,0,10
4781598358,95.6859,0,0,-95.6859,95.6859,150,13,15.5889,40.5889,1.5,0,0,0,10
4786598452,103.436,0,0,-103.436,103.436,244,15,23.1362,68.1362,1.5,0,0,0,10
4787848305,84.219,0,0,-84.219,84.219,97,9,0.646373,27.1464,1.5,0,0,0,10
4790598322,84.3515,0,0,-84.3515,84.3515,114,16,4.35636,32.5,1.5,0,0,0,10
4791223312,84.555,0,0,-84.555,84.555,104,1,-12,26.6205,1.5,0,0,0,10
4791348376,95.7071,0,0,-95.7071,95.7071,168,5,-22,43.7179,1.5,0,0,0,10
4791848445,100.88,0,0,-100.88,100.88,237,8,-22.5,65.8187,1.5,0,0,0,10
4794598420,96.8736,0,0,-96.8736,96.8736,212,11,12.5,60.7152,1.5,0,0,0,10
4795223270,81.3628,0,0,-81.3628,81.3628,62,6,1.5,15.5839,1.5,0,0,0,10
4797723418,100.104,0,0,-100.104,100.104,210,3,-18.2338,59.5,1.5,0,0,0,10
4798723453,101.057,0,0,-101.057,101.057,245,12,-15.5,70.499,1.5,0,0,0,10
4799348419,100.01,0,0,-100.01,100.01,211,17,28.5,54.9288,1.5,0,0,0,10
4799848442,95.899,0,0,-95.899,95.899,234,10,-1,68.7636,1.5,0,0,0,10
4800000110,87.8039,0,0,-87.8039,87.8039,110,0,0,0,10,4,-16.5462,28.5462,1.5
4800000178,95.5048,0,0,-95.5048,95.5048,178,0,0,0,10,2,-9.21992,52,1.5
4800250062,81.3628,0,0,-81.3628,81.3628,62,0,0,0,10,6,1.5,15.4339,1.5
4800250092,83.4596,0,0,-83.4596,83.4596,92,0,0,0,10,19,14.0082,21.9918,1.5
4800250096,83.3113,0,0,-83.3113,83.3113,96,0,0,0,10,7,13.2793,24.5,1.5
4800250097,84.219,0,0,-84.219,84.219,97,0,0,0,10,9,0.540307,27.0403,1.5
4800250104,84.555,0,0,-84.555,84.555,104,0,0,0,10,1,-12,26.4705,1.5
4800250114,84.3515,0,0,-84.3515,84.3515,114,0,0,0,10,16,4.20636,32.5,1.5
4800250150,95.6859,0,0,-95.6859,95.6859,150,0,0,0,10,13,15.4828,40.4828,1.5
4800250158,95.2392,0,0,-95.2392,95.2392,158,0,0,0,10,20,9.35133,44.8513,1.5
4800250168,95.7071,0,0,-95.7071,95.7071,168,0,0,0,10,5,-22,43.5679,1.5
4800250210,100.104,0,0,-100.104,100.104,210,0,0,0,10,3,-18.0838,59.5,1.5
4800250211,100.01,0,0,-100.01,100.01,211,0,0,0,10,17,28.5,54.7788,1.5
4800250212,96.8736,0,0,-96.8736,96.8736,212,0,0,0,10,11,12.5,60.5652,1.5
4800250234,95.899,0,0,-95.899,95.899,234,0,0,0,10,10,-1,68.6136,1.5
4800250237,100.88,0,0,-100.88,100.88,237,0,0,0,10,8,-22.5,65.6687,1.5
4800250243,103.82,0,0,-103.82,103.82,243,0,0,0,10,18,30.6044,64.6044,1.5
4800250244,103.436,0,0,-103.436,103.436,244,0,0,0,10,15,23.0301,68.0301,1.5
4800250245,101.057,0,0,-101.057,101.057,245,0,0,0,10,12,-15.5,70.349,1.5
4800250247,100.58,0,0,-100.58,100.58,247,0,0,0,10,14,-25.2314,68.2314,1.5
4802098300,83.4596,0,0,-83.4596,83.4596,92,19,14.0082,21.9918,1.5,0,0,0,10
4803348451,103.82,0,0,-103.82,103.82,243,18,30.6044,64.6044,1.5,0,0,0,10
4806223366,95.2392,0,0,-95.2392,95.2392,158,20,9.35133,44.8513,1.5,0,0,0,10
4822973318,87.8039,0,0,-87.8039,87.8039,110,4,-16.5462,28.5462,1.5,0,0,0,10
4823973386,95.5048,0,0,-95.5048,95.5048,178,2,-9.21992,52,1.5,0,0,0,10
4826348455,100.58,0,0,-100.58,100.58,247,14,-25.2314,68.2314,1.5,0,0,0,10
4830973304,83.3113,0,0,-83.3113,83.3113,96,7,13.2793,24.5,1.5,0,0,0,10
4831598358,95.6859,0,0,-95.6859,95.6859,150,13,15.4828,40.4828,1.5,0,0,0,10
4836598452,103.436,0,0,-103.436,103.436,244,15,23.0301,68.0301,1.5,0,0,0,10
4837848305,84.219,0,0,-84.219,84.219,97,9,0.540307,27.0403,1.5,0,0,0,10
4840598322,84.3515,0,0,-84.3515,84.3515,114,16,4.20636,32.5,1.5,0,0,0,10
4841223312,84.555,0,0,-84.555,84.555,104,1,-12,26.4705,1.5,0,0,0,10
4841348376,95.7071,0,0,-95.7071,95.7071,168,5,-22,43.5679,1.5,0,0,0,10
4841848445,100.88,0,0,-100.88,100.88,237,8,-22.5,65.6687,1.5,0,0,0,10
4844598420,96.8736,0,0,-96.8736,96.8736,212,11,12.5,60.5652,1.5,0,0,0,10
4845223270,81.3628,0,0,-81.3628,81.3628,62,6,1.5,15.4339,1.5,0,0,0,10
4847723418,100.104,0,0,-100.104,100.104,210,3,-18.0838,59.5,1.5,0,0,0,10
4848723453,101.057,0,0,-101.057,101.057,245,12,-15.5,70.349,1.5,0,0,0,10
4849348419,100.01,0,0,-100.01,100.01,211,17,28.5,54.7788,1.5,0,0,0,10
4849848442,95.899,0,0,-95.899,95.899,234,10,-1,68.6136,1.5,0,0,0,10
4850000110,87.8039,0,0,-87.8039,87.8039,110,0,0,0,10,4,-16.5462,28.5462,1.5
4850000178,95.5048,0,0,-95.5048,95.5048,178,0,0,0,10,2,-9.21992,52,1.5
4850250062,81.3628,0,0,-81.3628,81.3628,62,0,0,0,10,6,1.5,15.4339,1.5
4850250092,83.4596,0,0,-83.4596,83.4596,92,0,0,0,10,19,14.0082,21.9918,1.5
4850250096,83.3113,0,0,-83.3113,83.3113,96,0,0,0,10,7,13.2793,24.5,1.5
4850250097,84.219,0,0,-84.219,84.219,97,0,0,0,10,9,0.540307,27.0403,1.5
4850250104,84.555,0,0,-84.555,84.555,104,0,0,0,10,1,-12,26.4705,1.5
4850250114,84.3515,0,0,-84.3515,84.3515,114,0,0,0,10,16,4.20636,32.5,1.5
4850250150,95.6859,0,0,-95.6859,95.6859,150,0,0,0,10,13,15.4828,40.4828,1.5
4850250158,95.2392,0,0,-95.2392,95.2392,158,0,0,0,10,20,9.35133,44.8513,1.5
4850250168,95.7071,0,0,-95.7071,95.7071,168,0,0,0,10,5,-22,43.5679,1.5
4850250210,100.104,0,0,-100.104,100.104,210,0,0,0,10,3,-18.0838,59.5,1.5
4850250211,100.01,0,0,-100.01,100.01,211,0,0,0,10,17,28.5,54.7788,1.5
4850250212,96.8736,0,0,-96.8736,96.8736,212,0,0,0,10,11,12.5,60.5652,1.5
4850250234,95.899,0,0,-95.899,95.899,234,0,0,0,10,10,-1,68.6136,1.5
4850250237,100.88,0,0,-100.88,100.88,237,0,0,0,10,8,-22.5,65.6687,1.5
4850250243,103.82,0,0,-103.82,103.82,243,0,0,0,10,18,30.6044,64.6044,1.5
4850250244,103.436,0,0,-103.436,103.436,244,0,0,0,10,15,23.0301,68.0301,1.5
4850250245,101.057,0,0,-101.057,101.057,245,0,0,0,10,12,-15.5,70.349,1.5
4850250247,100.58,0,0,-100.58,100.58,247,0,0,0,10,14,-25.2314,68.2314,1.5
4852098300,83.4596,0,0,-83.4596,83.4596,92,19,14.0082,21.9918,1.5,0,0,0,10
4853348451,103.82,0,0,-103.82,103.82,243,18,30.6044,64.6044,1.5,0,0,0,10
4856223366,95.2392,0,0,-95.2392,95.2392,158,20,9.35133,44.8513,1.5,0,0,0,10
4872973318,87.8039,0,0,-87.8039,87.8039,110,4,-16.5462,28.5462,1.5,0,0,0,10
4873973386,95.5048,0,0,-95.5048,95.5048,178,2,-9.21992,52,1.5,0,0,0,10
4876348455,100.58,0,0,-100.58,100.58,247,14,-25.2314,68.2314,1.5,0,0,0,10
4880973304,83.3113,0,0,-83.3113,83.3113,96,7,13.2793,24.5,1.5,0,0,0,10
4881598358,95.6859,0,0,-95.6859,95.6859,150,13,15.4828,40.4828,1.5,0,0,0,10
4886598452,103.436,0,0,-103.436,103.436,244,15,23.0301,68.0301,1.5,0,0,0,10
4887848305,84.219,0,0,-84.219,84.219,97,9,0.540307,27.0403,1.5,0,0,0,10
4890598322,84.3515,0,0,-84.3515,84.3515,114,16,4.20636,32.5,1.5,0,0,0,10
4891223312,84.555,0,0,-84.555,84.555,104,1,-12,26.4705,1.5,0,0,0,10
4891348376,95.7071,0,0,-95.7071,95.7071,168,5,-22,43.5679,1.5,0,0,0,10
4891848445,100.88,0,0,-100.88,100.88,237,8,-22.5,65.6687,1.5,0,0,0,10
4894598420,96.8736,0,0,-96.8736,96.8736,212,11,12.5,60.5652,1.5,0,0,0,10
4895223270,81.3628,0,0,-81.3628,81.3628,62,6,1.5,15.4339,1.5,0,0,0,10
4897723418,100.104,0,0,-100.104,100.104,210,3,-18.0838,59.5,1.5,0,0,0,10
4898723453,101.057,0,0,-101.057,101.057,245,12,-15.5,70.349,1.5,0,0,0,10
4899348419,100.01,0,0,-100.01,100.01,211,17,28.5,54.7788,1.5,0,0,0,10
4899848442,95.899,0,0,-95.899,95.899,234,10,-1,68.6136,1.5,0,0,0,10
4900000110,87.8039,0,0,-87.8039,87.8039,110,0,0,0,10,4,-16.6523,28.6523,1.5
4900000178,95.5048,0,0,-95.5048,95.5048,178,0,0,0,10,2,-9.36992,52,1.5
4900250062,81.3628,0,0,-81.3628,81.3628,62,0,0,0,10,6,1.5,15.2839,1.5
4900250092,83.4596,0,0,-83.4596,83.4596,92,0,0,0,10,19,14.1143,21.8857,1.5
4900250096,83.3113,0,0,-83.3113,83.3113,96,0,0,0,10,7,13.4293,24.5,1.5
4900250097,84.219,0,0,-84.219,84.219,97,0,0,0,10,9,0.434241,26.9342,1.5
4900250104,84.555,0,0,-84.555,84.555,104,0,0,0,10,1,-12,26.3205,1.5
4900250114,84.3515,0,0,-84.3515,84.3515,114,0,0,0,10,16,4.05636,32.5,1.5
4900250150,95.6859,0,0,-95.6859,95.6859,150,0,0,0,10,13,15.3768,40.3768,1.5
4900250158,95.2392,0,0,-95.2392,95.2392,158,0,0,0,10,20,9.24527,44.7453,1.5
4900250168,95.7071,0,0,-95.7071,95.7071,168,0,0,0,10,5,-22,43.4179,1.5
4900250210,100.104,0,0,-100.104,100.104,210,0,0,0,10,3,-17.9338,59.5,1.5
4900250211,100.01,0,0,-100.01,100.01,211,0,0,0,10,17,28.5,54.6288,1.5
4900250212,96.8736,0,0,-96.8736,96.8736,212,0,0,0,10,11,12.5,60.4152,1.5
4900250234,95.899,0,0,-95.899,95.899,234,0,0,0,10,10,-1,68.4636,1.5
4900250237,100.88,0,0,-100.88,100.88,237,0,0,0,10,8,-22.5,65.5187,1.5
4900250243,103.82,0,0,-103.82,103.82,243,0,0,0,10,18,30.4983,64.4983,1.5
4900250244,103.436,0,0,-103.436,103.436,244,0,0,0,10,15,22.9241,67.9241,1.5
4900250245,101.057,0,0,-101.057,101.057,245,0,0,0,10,12,-15.5,70.199,1.5
4900250247,100.58,0,0,-100.58,100.58,247,0,0,0,10,14,-25.1253,68.1253,1.5
4902098300,83.4596,0,0,-83.4596,83.4596,92,19,14.1143,21.8857,1.5,0,0,0,10
4903348451,103.82,0,0,-103.82,103.82,243,18,30.4983,64.4983,1.5,0,0,0,10
4906223366,95.2392,0,0,-95.2392,95.2392,158,20,9.24527,44.7453,1.5,0,0,0,10
4922973318,87.8039,0,0,-87.8039,87.8039,110,4,-16.6523,28.6523,1.5,0,0,0,10
4923973386,95.5048,0,0,-95.5048,95.5048,178,2,-9.36992,52,1.5,0,0,0,10
4926348455,100.58,0,0,-100.58,100.58,247,14,-25.1253,68.1253,1.5,0,0,0,10
4930973304,83.3113,0,0,-83.3113,83.3113,96,7,13.4293,24.5,1.5,0,0,0,10
4931598358,95.6859,0,0,-95.6859,95.6859,150,13,15.3768,40.3768,1.5,0,0,0,10
4936598452,103.436,0,0,-103.436,103.436,244,15,22.9241,67.9241,1.5,0,0,0,10
4937848305,84.219,0,0,-84.219,84.219,97,9,0.434241,26.9342,1.5,0,0,0,10
4940598322,84.3515,0,0,-84.3515,84.3515,114,16,4.05636,32.5,1.5,0,0,0,10
4941223312,84.555,0,0,-84.555,84.555,104,1,-12,26.3205,1.5,0,0,0,10
4941348376,95.7071,0,0,-95.7071,95.7071,168,5,-22,43.4179,1.5,0,0,0,10
4941848445,100.88,0,0,-100.88,100.88,237,8,-22.5,65.5187,1.5,0,0,0,10
4944598420,96.8736,0,0,-96.8736,96.8736,212,11,12.5,60.4152,1.5,0,0,0,10
4945223270,81.3628,0,0,-81.3628,81.3628,62,6,1.5,15.2839,1.5,0,0,0,10
4947723418,100.104,0,0,-100.104,100.104,210,3,-17.9338,59.5,1.5,0,0,0,10
4948723453,101.057,0,0,-101.057,101.057,245,12,-15.5,70.199,1.5,0,0,0,10
4949348419,100.01,0,0,-100.01,100.01,211,17,28.5,54.6288,1.5,0,0,0,10
4949848442,95.899,0,0,-95.899,95.899,234,10,-1,68.4636,1.5,0,0,0,10
4950000110,87.8039,0,0,-87.8039,87.8039,110,0,0,0,10,4,-16.6523,28.6523,1.5
4950000178,95.5048,0,0,-95.5048,95.5048,178,0,0,0,10,2,-9.36992,52,1.5
4950250062,81.3628,0,0,-81.3628,81.3628,62,0,0,0,10,6,1.5,15.2839,1.5
4950250092,83.4596,0,0,-83.4596,83.4596,92,0,0,0,10,19,14.1143,21.8857,1.5
4950250096,83.3113,0,0,-83.3113,83.3113,96,0,0,0,10,7,13.4293,24.5,1.5
4950250097,84.219,0,0,-84.219,84.219,97,0,0,0,10,9,0.434241,26.9342,1.5
4950250104,84.555,0,0,-84.555,84.555,104,0,0,0,10,1,-12,26.3205,1.5
4950250114,84.3515,0,0,-84.3515,84.3515,114,0,0,0,10,16,4.05636,32.5,1.5
4950250150,95.6859,0,0,-95.6859,95.6859,150,0,0,0,10,13,15.3768,40.3768,1.5
4950250158,95.2392,0,0,-95.2392,95.2392,158,0,0,0,10,20,9.24527,44.7453,1.5
4950250168,95.7071,0,0,-95.7071,95.7071,168,0,0,0,10,5,-22,43.4179,1.5
4950250210,100.104,0,0,-100.104,100.104,210,0,0,0,10,3,-17.9338,59.5,1.5
4950250211,100.01,0,0,-100.01,100.01,211,0,0,0,10,17,28.5,54.6288,1.5
4950250212,96.8736,0,0,-96.8736,96.8736,212,0,0,0,10,11,12.5,60.4152,1.5
4950250234,95.899,0,0,-95.899,95.899,234,0,0,0,10,10,-1,68.4636,1.5
4950250237,100.88,0,0,-100.88,100.88,237,0,0,0,10,8,-22.5,65.5187,1.5
4950250243,103.82,0,0,-103.82,103.82,243,0,0,0,10,18,30.4983,64.4983,1.5
4950250244,103.436,0,0,-103.436,103.436,244,0,0,0,10,15,22.9241,67.9241,1.5
4950250245,101.057,0,0,-101.057,101.057,245,0,0,0,10,12,-15.5,70.199,1.5
4950250247,100.58,0,0,-100.58,100.58,247,0,0,0,10,14,-25.1253,68.1253,1.5
4952098300,83.4596,0,0,-83.4596,83.4596,92,19,14.1143,21.8857,1.5,0,0,0,10
4953348451,103.82,0,0,-103.82,103.82,243,18,30.4983,64.4983,1.5,0,0,0,10
4956223366,95.2392,0,0,-95.2392,95.2392,158,20,9.24527,44.7453,1.5,0,0,0,10
4972973318,87.8039,0,0,-87.8039,87.8039,110,4,-16.6523,28.6523,1.5,0,0,0,10
4973973386,95.5048,0,0,-95.5048,95.5048,178,2,-9.36992,52,1.5,0,0,0,10
4976348455,100.58,0,0,-100.58,100.58,247,14,-25.1253,68.1253,1.5,0,0,0,10
4980973304,83.3113,0,0,-83.3113,83.3113,96,7,13.4293,24.5,1.5,0,0,0,10
4981598358,95.6859,0,0,-95.6859,95.6859,150,13,15.3768,40.3768,1.5,0,0,0,10
4986598452,103.436,0,0,-103.436,103.436,244,15,22.9241,67.9241,1.5,0,0,0,10
4987848305,84.219,0,0,-84.219,84.219,97,9,0.434241,26.9342,1.5,0,0,0,10
4990598322,84.3515,0,0,-84.3515,84.3515,114,16,4.05636,32.5,1.5,0,0,0,10
4991223312,84.555,0,0,-84.555,84.555,104,1,-12,26.3205,1.5,0,0,0,10
4991348376,95.7071,0,0,-95.7071,95.7071,168,5,-22,43.4179,1.5,0,0,0,10
4991848445,100.88,0,0,-100.88,100.88,237,8,-22.5,65.5187,1.5,0,0,0,10
4994598420,96.8736,0,0,-96.8736,96.8736,212,11,12.5,60.4152,1.5,0,0,0,10
4995223270,81.3628,0,0,-81.3628,81.3628,62,6,1.5,15.2839,1.5,0,0,0,10
4997723418,100.104,0,0,-100.104,100.104,210,3,-17.9338,59.5,1.5,0,0,0,10
4998723453,101.057,0,0,-101.057,101.057,245,12,-15.5,70.199,1.5,0,0,0,10
4999348419,100.01,0,0,-100.01,100.01,211,17,28.5,54.6288,1.5,0,0,0,10
4999848442,95.899,0,0,-95.899,95.899,234,10,-1,68.4636,1.5,0,0,0,10
