Timestamp_ns,Loss_dB,TxAntGain_dB,RxAntGain_dB,PropGain_dB,Pathloss_dB,Delay_ns,SrcId,SrcX,SrcY,SrcZ,DstId,DstX,DstY,DstZ
188,103.734,0,0,-103.734,103.734,188,0,0,0,25,6,3.46482,51.1186,1.5
204,88.8845,0,0,-88.8845,88.8845,204,0,0,0,25,4,-24.6086,50.8967,1.5
209,90.9839,0,0,-90.9839,90.9839,209,0,0,0,25,7,14.5871,56.1745,1.5
216,87.594,0,0,-87.594,87.594,216,0,0,0,25,19,19.0742,57.391,1.5
237,108.293,0,0,-108.293,108.293,237,0,0,0,25,9,11.4131,66.0409,1.5
239,97.2388,0,0,-97.2388,97.2388,239,0,0,0,25,1,-16.9447,65.6443,1.5
252,90.4906,0,0,-90.4906,90.4906,252,0,0,0,25,16,21.7409,68.4844,1.5
331,98.354,0,0,-98.354,98.354,331,0,0,0,25,13,40.0111,87.7171,1.5
343,104.862,0,0,-104.862,104.862,343,0,0,0,25,20,27.5875,96.2938,1.5
362,96.9388,0,0,-96.9388,96.9388,362,0,0,0,25,5,-42.1578,97.2134,1.5
379,111.3,0,0,-111.3,111.3,379,0,0,0,25,2,-4.29448,99.2718,1.5
416,99.1024,0,0,-99.1024,99.1024,416,0,0,0,25,3,-47.9011,112.702,1.5
437,105.367,0,0,-105.367,105.367,437,0,0,0,25,17,54.1521,117.004,1.5
440,119.932,0,0,-119.932,119.932,440,0,0,0,25,11,24.7186,127.532,1.5
484,98.1834,0,0,-98.1834,98.1834,484,0,0,0,25,8,-44.7277,135.906,1.5
496,107.982,0,0,-107.982,107.982,496,0,0,0,25,15,52.8393,137.149,1.5
496,108.105,0,0,-108.105,108.105,496,0,0,0,25,18,67.049,130.728,1.5
500,98.6326,0,0,-98.6326,98.6326,500,0,0,0,25,12,-30.7834,144.699,1.5
503,99.7405,0,0,-99.7405,99.7405,503,0,0,0,25,14,-56.8284,137.566,1.5
517,112.494,0,0,-112.494,112.494,517,0,0,0,25,10,-2.19058,142.382,1.5
16928756,103.734,0,0,-103.734,103.734,188,6,3.46482,51.1186,1.5,0,0,0,25
16928772,88.8845,0,0,-88.8845,88.8845,204,4,-24.6086,50.8967,1.5,0,0,0,25
16928777,90.9839,0,0,-90.9839,90.9839,209,7,14.5871,56.1745,1.5,0,0,0,25
16928784,87.594,0,0,-87.594,87.594,216,19,19.0742,57.391,1.5,0,0,0,25
16928805,108.293,0,0,-108.293,108.293,237,9,11.4131,66.0409,1.5,0,0,0,25
16928807,97.2388,0,0,-97.2388,97.2388,239,1,-16.9447,65.6443,1.5,0,0,0,25
16928820,90.4906,0,0,-90.4906,90.4906,252,16,21.7409,68.4844,1.5,0,0,0,25
16928899,98.354,0,0,-98.354,98.354,331,13,40.0111,87.7171,1.5,0,0,0,25
16928911,104.862,0,0,-104.862,104.862,343,20,27.5875,96.2938,1.5,0,0,0,25
16928930,96.9388,0,0,-96.9388,96.9388,362,5,-42.1578,97.2134,1.5,0,0,0,25
16928947,111.3,0,0,-111.3,111.3,379,2,-4.29448,99.2718,1.5,0,0,0,25
16928984,99.1024,0,0,-99.1024,99.1024,416,3,-47.9011,112.702,1.5,0,0,0,25
16929005,105.367,0,0,-105.367,105.367,437,17,54.1521,117.004,1.5,0,0,0,25
16929008,119.932,0,0,-119.932,119.932,440,11,24.7186,127.532,1.5,0,0,0,25
16929052,98.1834,0,0,-98.1834,98.1834,484,8,-44.7277,135.906,1.5,0,0,0,25
16929064,107.982,0,0,-107.982,107.982,496,15,52.8393,137.149,1.5,0,0,0,25
16929064,108.105,0,0,-108.105,108.105,496,18,67.049,130.728,1.5,0,0,0,25
16929068,98.6326,0,0,-98.6326,98.6326,500,12,-30.7834,144.699,1.5,0,0,0,25
16929071,99.7405,0,0,-99.7405,99.7405,503,14,-56.8284,137.566,1.5,0,0,0,25
16929085,112.494,0,0,-112.494,112.494,517,10,-2.19058,142.382,1.5,0,0,0,25
50000188,103.734,0,0,-103.734,103.734,188,0,0,0,25,6,3.46482,51.1186,1.5
50000204,88.8845,0,0,-88.8845,88.8845,204,0,0,0,25,4,-24.6086,50.8967,1.5
50000209,90.9839,0,0,-90.9839,90.9839,209,0,0,0,25,7,14.5871,56.1745,1.5
50000216,87.594,0,0,-87.594,87.594,216,0,0,0,25,19,19.0742,57.391,1.5
50000237,108.293,0,0,-108.293,108.293,237,0,0,0,25,9,11.4131,66.0409,1.5
50000239,97.2388,0,0,-97.2388,97.2388,239,0,0,0,25,1,-16.9447,65.6443,1.5
50000252,90.4906,0,0,-90.4906,90.4906,252,0,0,0,25,16,21.7409,68.4844,1.5
50000331,98.354,0,0,-98.354,98.354,331,0,0,0,25,13,40.0111,87.7171,1.5
50000343,104.862,0,0,-104.862,104.862,343,0,0,0,25,20,27.5875,96.2938,1.5
50000362,96.9388,0,0,-96.9388,96.9388,362,0,0,0,25,5,-42.1578,97.2134,1.5
50000379,111.3,0,0,-111.3,111.3,379,0,0,0,25,2,-4.29448,99.2718,1.5
50000416,99.1024,0,0,-99.1024,99.1024,416,0,0,0,25,3,-47.9011,112.702,1.5
50000437,105.367,0,0,-105.367,105.367,437,0,0,0,25,17,54.1521,117.004,1.5
50000440,119.932,0,0,-119.932,119.932,440,0,0,0,25,11,24.7186,127.532,1.5
50000484,98.1834,0,0,-98.1834,98.1834,484,0,0,0,25,8,-44.7277,135.906,1.5
50000496,107.982,0,0,-107.982,107.982,496,0,0,0,25,15,52.8393,137.149,1.5
50000496,108.105,0,0,-108.105,108.105,496,0,0,0,25,18,67.049,130.728,1.5
50000500,98.6326,0,0,-98.6326,98.6326,500,0,0,0,25,12,-30.7834,144.699,1.5
50000503,99.7405,0,0,-99.7405,99.7405,503,0,0,0,25,14,-56.8284,137.566,1.5
50000517,112.494,0,0,-112.494,112.494,517,0,0,0,25,10,-2.19058,142.382,1.5
70893270,99.1024,0,0,-99.1024,99.1024,416,3,-47.9011,112.702,1.5,0,0,0,25
71393091,108.293,0,0,-108.293,108.293,237,9,11.4131,66.0409,1.5,0,0,0,25
74893354,98.6326,0,0,-98.6326,98.6326,500,12,-30.7834,144.699,1.5,0,0,0,25
77393291,105.367,0,0,-105.367,105.367,437,17,54.1521,117.004,1.5,0,0,0,25
79393371,112.494,0,0,-112.494,112.494,517,10,-2.19058,142.382,1.5,0,0,0,25
82393106,90.4906,0,0,-90.4906,90.4906,252,16,21.7409,68.4844,1.5,0,0,0,25
83893063,90.9839,0,0,-90.9839,90.9839,209,7,14.5871,56.1745,1.5,0,0,0,25
84893093,97.2388,0,0,-97.2388,97.2388,239,1,-16.9447,65.6443,1.5,0,0,0,25
85393216,96.9388,0,0,-96.9388,96.9388,362,5,-42.1578,97.2134,1.5,0,0,0,25
86393185,98.354,0,0,-98.354,98.354,331,13,40.0111,87.7171,1.5,0,0,0,25
87393338,98.1834,0,0,-98.1834,98.1834,484,8,-44.7277,135.906,1.5,0,0,0,25
88393070,87.594,0,0,-87.594,87.594,216,19,19.0742,57.391,1.5,0,0,0,25
91893058,88.8845,0,0,-88.8845,88.8845,204,4,-24.6086,50.8967,1.5,0,0,0,25
93393350,108.105,0,0,-108.105,108.105,496,18,67.049,130.728,1.5,0,0,0,25
95893233,111.3,0,0,-111.3,111.3,379,2,-4.29448,99.2718,1.5,0,0,0,25
98393294,119.932,0,0,-119.932,119.932,440,11,24.7186,127.532,1.5,0,0,0,25
100000188,103.734,0,0,-103.734,103.734,188,0,0,0,25,6,3.47334,50.9689,1.5
100000204,88.8845,0,0,-88.8845,88.8845,204,0,0,0,25,4,-24.6902,51.0225,1.5
100000209,90.9839,0,0,-90.9839,90.9839,209,0,0,0,25,7,14.6654,56.0465,1.5
100000216,87.594,0,0,-87.594,87.594,216,0,0,0,25,19,19.1847,57.2895,1.5
100000237,108.293,0,0,-108.293,108.293,237,0,0,0,25,9,11.3221,65.9216,1.5
100000239,97.2388,0,0,-97.2388,97.2388,239,0,0,0,25,1,-17.0426,65.5307,1.5
100000252,90.4906,0,0,-90.4906,90.4906,252,0,0,0,25,16,21.6154,68.4024,1.5
100000331,98.354,0,0,-98.354,98.354,331,0,0,0,25,13,39.9241,87.595,1.5
100000343,104.862,0,0,-104.862,104.862,343,0,0,0,25,20,27.4534,96.2267,1.5
100000362,96.9388,0,0,-96.9388,96.9388,362,0,0,0,25,5,-42.1254,97.0669,1.5
100000379,111.3,0,0,-111.3,111.3,379,0,0,0,25,2,-4.43721,99.318,1.5
100000416,99.1024,0,0,-99.1024,99.1024,416,0,0,0,25,3,-47.7671,112.634,1.5
100000437,105.367,0,0,-105.367,105.367,437,0,0,0,25,17,54.1088,116.86,1.5
100000440,119.932,0,0,-119.932,119.932,440,0,0,0,25,11,24.6616,127.394,1.5
100000484,98.1834,0,0,-98.1834,98.1834,484,0,0,0,25,8,-44.5968,135.833,1.5
100000496,107.982,0,0,-107.982,107.982,496,0,0,0,25,15,52.7698,137.016,1.5
100000496,108.105,0,0,-108.105,108.105,496,0,0,0,25,18,66.9587,130.608,1.5
100000500,98.6326,0,0,-98.6326,98.6326,500,0,0,0,25,12,-30.8278,144.555,1.5
100000503,99.7405,0,0,-99.7405,99.7405,503,0,0,0,25,14,-56.753,137.436,1.5
100000517,112.494,0,0,-112.494,112.494,517,0,0,0,25,10,-2.12368,142.248,1.5
100893042,103.734,0,0,-103.734,103.734,188,6,3.47334,50.9689,1.5,0,0,0,25
104893197,104.862,0,0,-104.862,104.862,343,20,27.4534,96.2267,1.5,0,0,0,25
105393357,99.7405,0,0,-99.7405,99.7405,503,14,-56.753,137.436,1.5,0,0,0,25
106393350,107.982,0,0,-107.982,107.982,496,15,52.7698,137.016,1.5,0,0,0,25
150000188,103.734,0,0,-103.734,103.734,188,0,0,0,25,6,3.47334,50.9689,1.5
150000204,88.8845,0,0,-88.8845,88.8845,204,0,0,0,25,4,-24.6902,51.0225,1.5
150000209,90.9839,0,0,-90.9839,90.9839,209,0,0,0,25,7,14.6654,56.0465,1.5
150000216,87.594,0,0,-87.594,87.594,216,0,0,0,25,19,19.1847,57.2895,1.5
150000237,108.293,0,0,-108.293,108.293,237,0,0,0,25,9,11.3221,65.9216,1.5
150000239,97.2388,0,0,-97.2388,97.2388,239,0,0,0,25,1,-17.0426,65.5307,1.5
150000252,90.4906,0,0,-90.4906,90.4906,252,0,0,0,25,16,21.6154,68.4024,1.5
150000331,98.354,0,0,-98.354,98.354,331,0,0,0,25,13,39.9241,87.595,1.5
150000343,104.862,0,0,-104.862,104.862,343,0,0,0,25,20,27.4534,96.2267,1.5
150000362,96.9388,0,0,-96.9388,96.9388,362,0,0,0,25,5,-42.1254,97.0669,1.5
150000379,111.3,0,0,-111.3,111.3,379,0,0,0,25,2,-4.43721,99.318,1.5
150000416,99.1024,0,0,-99.1024,99.1024,416,0,0,0,25,3,-47.7671,112.634,1.5
150000437,105.367,0,0,-105.367,105.367,437,0,0,0,25,17,54.1088,116.86,1.5
150000440,119.932,0,0,-119.932,119.932,440,0,0,0,25,11,24.6616,127.394,1.5
150000484,98.1834,0,0,-98.1834,98.1834,484,0,0,0,25,8,-44.5968,135.833,1.5
150000496,107.982,0,0,-107.982,107.982,496,0,0,0,25,15,52.7698,137.016,1.5
150000496,108.105,0,0,-108.105,108.105,496,0,0,0,25,18,66.9587,130.608,1.5
150000500,98.6326,0,0,-98.6326,98.6326,500,0,0,0,25,12,-30.8278,144.555,1.5
150000503,99.7405,0,0,-99.7405,99.7405,503,0,0,0,25,14,-56.753,137.436,1.5
150000517,112.494,0,0,-112.494,112.494,517,0,0,0,25,10,-2.12368,142.248,1.5
150893270,99.1024,0,0,-99.1024,99.1024,416,3,-47.7671,112.634,1.5,0,0,0,25
151393091,108.293,0,0,-108.293,108.293,237,9,11.3221,65.9216,1.5,0,0,0,25
154893354,98.6326,0,0,-98.6326,98.6326,500,12,-30.8278,144.555,1.5,0,0,0,25
157393291,105.367,0,0,-105.367,105.367,437,17,54.1088,116.86,1.5,0,0,0,25
159393371,112.494,0,0,-112.494,112.494,517,10,-2.12368,142.248,1.5,0,0,0,25
162393106,90.4906,0,0,-90.4906,90.4906,252,16,21.6154,68.4024,1.5,0,0,0,25
163893063,90.9839,0,0,-90.9839,90.9839,209,7,14.6654,56.0465,1.5,0,0,0,25
164893093,97.2388,0,0,-97.2388,97.2388,239,1,-17.0426,65.5307,1.5,0,0,0,25
165393216,96.9388,0,0,-96.9388,96.9388,362,5,-42.1254,97.0669,1.5,0,0,0,25
166393185,98.354,0,0,-98.354,98.354,331,13,39.9241,87.595,1.5,0,0,0,25
167393338,98.1834,0,0,-98.1834,98.1834,484,8,-44.5968,135.833,1.5,0,0,0,25
168393070,87.594,0,0,-87.594,87.594,216,19,19.1847,57.2895,1.5,0,0,0,25
171893058,88.8845,0,0,-88.8845,88.8845,204,4,-24.6902,51.0225,1.5,0,0,0,25
173393350,108.105,0,0,-108.105,108.105,496,18,66.9587,130.608,1.5,0,0,0,25
175893233,111.3,0,0,-111.3,111.3,379,2,-4.43721,99.318,1.5,0,0,0,25
178393294,119.932,0,0,-119.932,119.932,440,11,24.6616,127.394,1.5,0,0,0,25
180893042,103.734,0,0,-103.734,103.734,188,6,3.47334,50.9689,1.5,0,0,0,25
184893197,104.862,0,0,-104.862,104.862,343,20,27.4534,96.2267,1.5,0,0,0,25
185393357,99.7405,0,0,-99.7405,99.7405,503,14,-56.753,137.436,1.5,0,0,0,25
186393350,107.982,0,0,-107.982,107.982,496,15,52.7698,137.016,1.5,0,0,0,25
200000188,103.734,0,0,-103.734,103.734,188,0,0,0,25,6,3.48185,50.8191,1.5
200000204,88.8845,0,0,-88.8845,88.8845,204,0,0,0,25,4,-24.7719,51.1484,1.5
200000209,90.9839,0,0,-90.9839,90.9839,209,0,0,0,25,7,14.7437,55.9186,1.5
200000216,87.594,0,0,-87.594,87.594,216,0,0,0,25,19,19.2952,57.1881,1.5
200000237,108.293,0,0,-108.293,108.293,237,0,0,0,25,9,11.231,65.8024,1.5
200000239,97.2388,0,0,-97.2388,97.2388,239,0,0,0,25,1,-17.1405,65.417,1.5
200000252,90.4906,0,0,-90.4906,90.4906,252,0,0,0,25,16,21.4898,68.3203,1.5
200000331,98.354,0,0,-98.354,98.354,331,0,0,0,25,13,39.837,87.4728,1.5
200000343,104.862,0,0,-104.862,104.862,343,0,0,0,25,20,27.3192,96.1596,1.5
200000362,96.9388,0,0,-96.9388,96.9388,362,0,0,0,25,5,-42.093,96.9204,1.5
200000379,111.3,0,0,-111.3,111.3,379,0,0,0,25,2,-4.57993,99.3642,1.5
200000416,99.1024,0,0,-99.1024,99.1024,416,0,0,0,25,3,-47.6331,112.567,1.5
200000437,105.367,0,0,-105.367,105.367,437,0,0,0,25,17,54.0654,116.716,1.5
200000440,119.932,0,0,-119.932,119.932,440,0,0,0,25,11,24.6047,127.255,1.5
200000484,98.1834,0,0,-98.1834,98.1834,484,0,0,0,25,8,-44.4658,135.76,1.5
200000496,107.982,0,0,-107.982,107.982,496,0,0,0,25,15,52.7003,136.883,1.5
200000496,108.105,0,0,-108.105,108.105,496,0,0,0,25,18,66.8684,130.489,1.5
200000500,98.6326,0,0,-98.6326,98.6326,500,0,0,0,25,12,-30.8722,144.412,1.5
200000503,99.7405,0,0,-99.7405,99.7405,503,0,0,0,25,14,-56.6777,137.306,1.5
200000517,112.494,0,0,-112.494,112.494,517,0,0,0,25,10,-2.05679,142.114,1.5
230893270,99.1024,0,0,-99.1024,99.1024,416,3,-47.6331,112.567,1.5,0,0,0,25
231393091,108.293,0,0,-108.293,108.293,237,9,11.231,65.8024,1.5,0,0,0,25
234893354,98.6326,0,0,-98.6326,98.6326,500,12,-30.8722,144.412,1.5,0,0,0,25
237393291,105.367,0,0,-105.367,105.367,437,17,54.0654,116.716,1.5,0,0,0,25
239393371,112.494,0,0,-112.494,112.494,517,10,-2.05679,142.114,1.5,0,0,0,25
242393106,90.4906,0,0,-90.4906,90.4906,252,16,21.4898,68.3203,1.5,0,0,0,25
243893063,90.9839,0,0,-90.9839,90.9839,209,7,14.7437,55.9186,1.5,0,0,0,25
244893093,97.2388,0,0,-97.2388,97.2388,239,1,-17.1405,65.417,1.5,0,0,0,25
245393216,96.9388,0,0,-96.9388,96.9388,362,5,-42.093,96.9204,1.5,0,0,0,25
246393185,98.354,0,0,-98.354,98.354,331,13,39.837,87.4728,1.5,0,0,0,25
247393338,98.1834,0,0,-98.1834,98.1834,484,8,-44.4658,135.76,1.5,0,0,0,25
248393070,87.594,0,0,-87.594,87.594,216,19,19.2952,57.1881,1.5,0,0,0,25
250000188,103.734,0,0,-103.734,103.734,188,0,0,0,25,6,3.48185,50.8191,1.5
250000204,88.8845,0,0,-88.8845,88.8845,204,0,0,0,25,4,-24.7719,51.1484,1.5
250000209,90.9839,0,0,-90.9839,90.9839,209,0,0,0,25,7,14.7437,55.9186,1.5
250000216,87.594,0,0,-87.594,87.594,216,0,0,0,25,19,19.2952,57.1881,1.5
250000237,108.293,0,0,-108.293,108.293,237,0,0,0,25,9,11.231,65.8024,1.5
250000239,97.2388,0,0,-97.2388,97.2388,239,0,0,0,25,1,-17.1405,65.417,1.5
250000252,90.4906,0,0,-90.4906,90.4906,252,0,0,0,25,16,21.4898,68.3203,1.5
250000331,98.354,0,0,-98.354,98.354,331,0,0,0,25,13,39.837,87.4728,1.5
250000343,104.862,0,0,-104.862,104.862,343,0,0,0,25,20,27.3192,96.1596,1.5
250000362,96.9388,0,0,-96.9388,96.9388,362,0,0,0,25,5,-42.093,96.9204,1.5
250000379,111.3,0,0,-111.3,111.3,379,0,0,0,25,2,-4.57993,99.3642,1.5
250000416,99.1024,0,0,-99.1024,99.1024,416,0,0,0,25,3,-47.6331,112.567,1.5
250000437,105.367,0,0,-105.367,105.367,437,0,0,0,25,17,54.0654,116.716,1.5
250000440,119.932,0,0,-119.932,119.932,440,0,0,0,25,11,24.6047,127.255,1.5
250000484,98.1834,0,0,-98.1834,98.1834,484,0,0,0,25,8,-44.4658,135.76,1.5
250000496,107.982,0,0,-107.982,107.982,496,0,0,0,25,15,52.7003,136.883,1.5
250000496,108.105,0,0,-108.105,108.105,496,0,0,0,25,18,66.8684,130.489,1.5
250000500,98.6326,0,0,-98.6326,98.6326,500,0,0,0,25,12,-30.8722,144.412,1.5
250000503,99.7405,0,0,-99.7405,99.7405,503,0,0,0,25,14,-56.6777,137.306,1.5
250000517,112.494,0,0,-112.494,112.494,517,0,0,0,25,10,-2.05679,142.114,1.5
251893058,88.8845,0,0,-88.8845,88.8845,204,4,-24.7719,51.1484,1.5,0,0,0,25
253393350,108.105,0,0,-108.105,108.105,496,18,66.8684,130.489,1.5,0,0,0,25
255893233,111.3,0,0,-111.3,111.3,379,2,-4.57993,99.3642,1.5,0,0,0,25
258393294,119.932,0,0,-119.932,119.932,440,11,24.6047,127.255,1.5,0,0,0,25
260893042,103.734,0,0,-103.734,103.734,188,6,3.48185,50.8191,1.5,0,0,0,25
264893197,104.862,0,0,-104.862,104.862,343,20,27.3192,96.1596,1.5,0,0,0,25
265393357,99.7405,0,0,-99.7405,99.7405,503,14,-56.6777,137.306,1.5,0,0,0,25
266393350,107.982,0,0,-107.982,107.982,496,15,52.7003,136.883,1.5,0,0,0,25
300000188,103.734,0,0,-103.734,103.734,188,0,0,0,25,6,3.49037,50.6694,1.5
300000204,88.8845,0,0,-88.8845,88.8845,204,0,0,0,25,4,-24.8535,51.2742,1.5
300000209,90.9839,0,0,-90.9839,90.9839,209,0,0,0,25,7,14.822,55.7907,1.5
300000216,87.594,0,0,-87.594,87.594,216,0,0,0,25,19,19.4057,57.0866,1.5
300000237,108.293,0,0,-108.293,108.293,237,0,0,0,25,9,11.14,65.6832,1.5
300000239,97.2388,0,0,-97.2388,97.2388,239,0,0,0,25,1,-17.2385,65.3034,1.5
300000252,90.4906,0,0,-90.4906,90.4906,252,0,0,0,25,16,21.3643,68.2382,1.5
300000331,98.354,0,0,-98.354,98.354,331,0,0,0,25,13,39.75,87.3507,1.5
300000343,104.862,0,0,-104.862,104.862,343,0,0,0,25,20,27.185,96.0925,1.5
300000362,96.9388,0,0,-96.9388,96.9388,362,0,0,0,25,5,-42.0606,96.774,1.5
300000379,111.3,0,0,-111.3,111.3,379,0,0,0,25,2,-4.72265,99.4103,1.5
300000416,99.1024,0,0,-99.1024,99.1024,416,0,0,0,25,3,-47.4989,112.5,1.5
300000437,105.367,0,0,-105.367,105.367,437,0,0,0,25,17,54.022,116.573,1.5
300000440,119.932,0,0,-119.932,119.932,440,0,0,0,25,11,24.5477,127.116,1.5
300000484,98.1834,0,0,-98.1834,98.1834,484,0,0,0,25,8,-44.3349,135.687,1.5
300000496,107.982,0,0,-107.982,107.982,496,0,0,0,25,15,52.6308,136.75,1.5
300000496,108.105,0,0,-108.105,108.105,496,0,0,0,25,18,66.7781,130.369,1.5
300000500,98.6326,0,0,-98.6326,98.6326,500,0,0,0,25,12,-30.9166,144.269,1.5
300000503,99.7405,0,0,-99.7405,99.7405,503,0,0,0,25,14,-56.6024,137.176,1.5
300000517,112.494,0,0,-112.494,112.494,517,0,0,0,25,10,-2,141.977,1.5
310893270,99.1024,0,0,-99.1024,99.1024,416,3,-47.4989,112.5,1.5,0,0,0,25
311393091,108.293,0,0,-108.293,108.293,237,9,11.14,65.6832,1.5,0,0,0,25
314893354,98.6326,0,0,-98.6326,98.6326,500,12,-30.9166,144.269,1.5,0,0,0,25
317393291,105.367,0,0,-105.367,105.367,437,17,54.022,116.573,1.5,0,0,0,25
319393371,112.494,0,0,-112.494,112.494,517,10,-2,141.977,1.5,0,0,0,25
322393106,90.4906,0,0,-90.4906,90.4906,252,16,21.3643,68.2382,1.5,0,0,0,25
323893063,90.9839,0,0,-90.9839,90.9839,209,7,14.822,55.7907,1.5,0,0,0,25
324893093,97.2388,0,0,-97.2388,97.2388,239,1,-17.2385,65.3034,1.5,0,0,0,25
325393216,96.9388,0,0,-96.9388,96.9388,362,5,-42.0606,96.774,1.5,0,0,0,25
326393185,98.354,0,0,-98.354,98.354,331,13,39.75,87.3507,1.5,0,0,0,25
327393338,98.1834,0,0,-98.1834,98.1834,484,8,-44.3349,135.687,1.5,0,0,0,25
328393070,87.594,0,0,-87.594,87.594,216,19,19.4057,57.0866,1.5,0,0,0,25
331893058,88.8845,0,0,-88.8845,88.8845,204,4,-24.8535,51.2742,1.5,0,0,0,25
333393350,108.105,0,0,-108.105,108.105,496,18,66.7781,130.369,1.5,0,0,0,25
335893233,111.3,0,0,-111.3,111.3,379,2,-4.72265,99.4103,1.5,0,0,0,25
338393294,119.932,0,0,-119.932,119.932,440,11,24.5477,127.116,1.5,0,0,0,25
340893042,103.734,0,0,-103.734,103.734,188,6,3.49037,50.6694,1.5,0,0,0,25
344893197,104.862,0,0,-104.862,104.862,343,20,27.185,96.0925,1.5,0,0,0,25
345393357,99.7405,0,0,-99.7405,99.7405,503,14,-56.6024,137.176,1.5,0,0,0,25
346393350,107.982,0,0,-107.982,107.982,496,15,52.6308,136.75,1.5,0,0,0,25
350000188,103.734,0,0,-103.734,103.734,188,0,0,0,25,6,3.49037,50.6694,1.5
350000204,88.8845,0,0,-88.8845,88.8845,204,0,0,0,25,4,-24.8535,51.2742,1.5
350000209,90.9839,0,0,-90.9839,90.9839,209,0,0,0,25,7,14.822,55.7907,1.5
350000216,87.594,0,0,-87.594,87.594,216,0,0,0,25,19,19.4057,57.0866,1.5
350000237,108.293,0,0,-108.293,108.293,237,0,0,0,25,9,11.14,65.6832,1.5
350000239,97.2388,0,0,-97.2388,97.2388,239,0,0,0,25,1,-17.2385,65.3034,1.5
350000252,90.4906,0,0,-90.4906,90.4906,252,0,0,0,25,16,21.3643,68.2382,1.5
350000331,98.354,0,0,-98.354,98.354,331,0,0,0,25,13,39.75,87.3507,1.5
350000343,104.862,0,0,-104.862,104.862,343,0,0,0,25,20,27.185,96.0925,1.5
350000362,96.9388,0,0,-96.9388,96.9388,362,0,0,0,25,5,-42.0606,96.774,1.5
350000379,111.3,0,0,-111.3,111.3,379,0,0,0,25,2,-4.72265,99.4103,1.5
350000416,99.1024,0,0,-99.1024,99.1024,416,0,0,0,25,3,-47.4989,112.5,1.5
350000437,105.367,0,0,-105.367,105.367,437,0,0,0,25,17,54.022,116.573,1.5
350000440,119.932,0,0,-119.932,119.932,440,0,0,0,25,11,24.5477,127.116,1.5
350000484,98.1834,0,0,-98.1834,98.1834,484,0,0,0,25,8,-44.3349,135.687,1.5
350000496,107.982,0,0,-107.982,107.982,496,0,0,0,25,15,52.6308,136.75,1.5
350000496,108.105,0,0,-108.105,108.105,496,0,0,0,25,18,66.7781,130.369,1.5
350000500,98.6326,0,0,-98.6326,98.6326,500,0,0,0,25,12,-30.9166,144.269,1.5
350000503,99.7405,0,0,-99.7405,99.7405,503,0,0,0,25,14,-56.6024,137.176,1.5
350000517,112.494,0,0,-112.494,112.494,517,0,0,0,25,10,-2,141.977,1.5
390893270,99.1024,0,0,-99.1024,99.1024,416,3,-47.4989,112.5,1.5,0,0,0,25
391393091,108.293,0,0,-108.293,108.293,237,9,11.14,65.6832,1.5,0,0,0,25
394893354,98.6326,0,0,-98.6326,98.6326,500,12,-30.9166,144.269,1.5,0,0,0,25
397393291,105.367,0,0,-105.367,105.367,437,17,54.022,116.573,1.5,0,0,0,25
399393371,112.494,0,0,-112.494,112.494,517,10,-2,141.977,1.5,0,0,0,25
400000188,103.734,0,0,-103.734,103.734,188,0,0,0,25,6,3.49889,50.5196,1.5
400000204,88.8845,0,0,-88.8845,88.8845,204,0,0,0,25,4,-24.9352,51.4001,1.5
400000209,90.9839,0,0,-90.9839,90.9839,209,0,0,0,25,7,14.9004,55.6627,1.5
400000216,87.594,0,0,-87.594,87.594,216,0,0,0,25,19,19.5155,56.9845,1.5
400000237,108.293,0,0,-108.293,108.293,237,0,0,0,25,9,11.0489,65.564,1.5
400000239,97.2388,0,0,-97.2388,97.2388,239,0,0,0,25,1,-17.3364,65.1898,1.5
400000252,90.4906,0,0,-90.4906,90.4906,252,0,0,0,25,16,21.2387,68.1561,1.5
400000331,98.354,0,0,-98.354,98.354,331,0,0,0,25,13,39.6629,87.2285,1.5
400000343,104.862,0,0,-104.862,104.862,343,0,0,0,25,20,27.0509,96.0254,1.5
400000362,96.9388,0,0,-96.9388,96.9388,362,0,0,0,25,5,-42.0282,96.6275,1.5
400000379,111.3,0,0,-111.3,111.3,379,0,0,0,25,2,-4.86537,99.4565,1.5
400000416,99.1024,0,0,-99.1024,99.1024,416,0,0,0,25,3,-47.3489,112.5,1.5
400000437,105.367,0,0,-105.367,105.367,437,0,0,0,25,17,54,116.426,1.5
400000440,119.932,0,0,-119.932,119.932,440,0,0,0,25,11,24.5,126.976,1.5
400000484,98.1834,0,0,-98.1834,98.1834,484,0,0,0,25,8,-44.2039,135.614,1.5
400000496,107.982,0,0,-107.982,107.982,496,0,0,0,25,15,52.5612,136.617,1.5
400000496,108.105,0,0,-108.105,108.105,496,0,0,0,25,18,66.6878,130.249,1.5
400000500,98.6326,0,0,-98.6326,98.6326,500,0,0,0,25,12,-30.9611,144.126,1.5
400000503,99.7405,0,0,-99.7405,99.7405,503,0,0,0,25,14,-56.5271,137.047,1.5
400000517,112.494,0,0,-112.494,112.494,517,0,0,0,25,10,-2,141.827,1.5
402393106,90.4906,0,0,-90.4906,90.4906,252,16,21.2387,68.1561,1.5,0,0,0,25
403893063,90.9839,0,0,-90.9839,90.9839,209,7,14.9004,55.6627,1.5,0,0,0,25
404893093,97.2388,0,0,-97.2388,97.2388,239,1,-17.3364,65.1898,1.5,0,0,0,25
405393216,96.9388,0,0,-96.9388,96.9388,362,5,-42.0282,96.6275,1.5,0,0,0,25
406393185,98.354,0,0,-98.354,98.354,331,13,39.6629,87.2285,1.5,0,0,0,25
407393338,98.1834,0,0,-98.1834,98.1834,484,8,-44.2039,135.614,1.5,0,0,0,25
408393070,87.594,0,0,-87.594,87.594,216,19,19.5155,56.9845,1.5,0,0,0,25
411893058,88.8845,0,0,-88.8845,88.8845,204,4,-24.9352,51.4001,1.5,0,0,0,25
413393350,108.105,0,0,-108.105,108.105,496,18,66.6878,130.249,1.5,0,0,0,25
415893233,111.3,0,0,-111.3,111.3,379,2,-4.86537,99.4565,1.5,0,0,0,25
418393294,119.932,0,0,-119.932,119.932,440,11,24.5,126.976,1.5,0,0,0,25
420893042,103.734,0,0,-103.734,103.734,188,6,3.49889,50.5196,1.5,0,0,0,25
424893197,104.862,0,0,-104.862,104.862,343,20,27.0509,96.0254,1.5,0,0,0,25
425393357,99.7405,0,0,-99.7405,99.7405,503,14,-56.5271,137.047,1.5,0,0,0,25
426393350,107.982,0,0,-107.982,107.982,496,15,52.5612,136.617,1.5,0,0,0,25
450000188,103.734,0,0,-103.734,103.734,188,0,0,0,25,6,3.49889,50.5196,1.5
450000204,88.8845,0,0,-88.8845,88.8845,204,0,0,0,25,4,-24.9352,51.4001,1.5
450000209,90.9839,0,0,-90.9839,90.9839,209,0,0,0,25,7,14.9004,55.6627,1.5
450000216,87.594,0,0,-87.594,87.594,216,0,0,0,25,19,19.5155,56.9845,1.5
450000237,108.293,0,0,-108.293,108.293,237,0,0,0,25,9,11.0489,65.564,1.5
450000239,97.2388,0,0,-97.2388,97.2388,239,0,0,0,25,1,-17.3364,65.1898,1.5
450000252,90.4906,0,0,-90.4906,90.4906,252,0,0,0,25,16,21.2387,68.1561,1.5
450000331,98.354,0,0,-98.354,98.354,331,0,0,0,25,13,39.6629,87.2285,1.5
450000343,104.862,0,0,-104.862,104.862,343,0,0,0,25,20,27.0509,96.0254,1.5
450000362,96.9388,0,0,-96.9388,96.9388,362,0,0,0,25,5,-42.0282,96.6275,1.5
450000379,111.3,0,0,-111.3,111.3,379,0,0,0,25,2,-4.86537,99.4565,1.5
450000416,99.1024,0,0,-99.1024,99.1024,416,0,0,0,25,3,-47.3489,112.5,1.5
450000437,105.367,0,0,-105.367,105.367,437,0,0,0,25,17,54,116.426,1.5
450000440,119.932,0,0,-119.932,119.932,440,0,0,0,25,11,24.5,126.976,1.5
450000484,98.1834,0,0,-98.1834,98.1834,484,0,0,0,25,8,-44.2039,135.614,1.5
450000496,107.982,0,0,-107.982,107.982,496,0,0,0,25,15,52.5612,136.617,1.5
450000496,108.105,0,0,-108.105,108.105,496,0,0,0,25,18,66.6878,130.249,1.5
450000500,98.6326,0,0,-98.6326,98.6326,500,0,0,0,25,12,-30.9611,144.126,1.5
450000503,99.7405,0,0,-99.7405,99.7405,503,0,0,0,25,14,-56.5271,137.047,1.5
450000517,112.494,0,0,-112.494,112.494,517,0,0,0,25,10,-2,141.827,1.5
470893270,99.1024,0,0,-99.1024,99.1024,416,3,-47.3489,112.5,1.5,0,0,0,25
471393091,108.293,0,0,-108.293,108.293,237,9,11.0489,65.564,1.5,0,0,0,25
474893354,98.6326,0,0,-98.6326,98.6326,500,12,-30.9611,144.126,1.5,0,0,0,25
477393291,105.367,0,0,-105.367,105.367,437,17,54,116.426,1.5,0,0,0,25
479393371,112.494,0,0,-112.494,112.494,517,10,-2,141.827,1.5,0,0,0,25
482393106,90.4906,0,0,-90.4906,90.4906,252,16,21.2387,68.1561,1.5,0,0,0,25
483893063,90.9839,0,0,-90.9839,90.9839,209,7,14.9004,55.6627,1.5,0,0,0,25
484893093,97.2388,0,0,-97.2388,97.2388,239,1,-17.3364,65.1898,1.5,0,0,0,25
485393216,96.9388,0,0,-96.9388,96.9388,362,5,-42.0282,96.6275,1.5,0,0,0,25
486393185,98.354,0,0,-98.354,98.354,331,13,39.6629,87.2285,1.5,0,0,0,25
487393338,98.1834,0,0,-98.1834,98.1834,484,8,-44.2039,135.614,1.5,0,0,0,25
488393070,87.594,0,0,-87.594,87.594,216,19,19.5155,56.9845,1.5,0,0,0,25
491893058,88.8845,0,0,-88.8845,88.8845,204,4,-24.9352,51.4001,1.5,0,0,0,25
493393350,108.105,0,0,-108.105,108.105,496,18,66.6878,130.249,1.5,0,0,0,25
495893233,111.3,0,0,-111.3,111.3,379,2,-4.86537,99.4565,1.5,0,0,0,25
498393294,119.932,0,0,-119.932,119.932,440,11,24.5,126.976,1.5,0,0,0,25
500000188,103.734,0,0,-103.734,103.734,188,0,0,0,25,6,3.5,50.3696,1.5
500000204,88.8845,0,0,-88.8845,88.8845,204,0,0,0,25,4,-25.0218,51.5218,1.5
500000209,90.9839,0,0,-90.9839,90.9839,209,0,0,0,25,7,14.9787,55.5348,1.5
500000216,87.594,0,0,-87.594,87.594,216,0,0,0,25,19,19.6216,56.8784,1.5
500000237,108.293,0,0,-108.293,108.293,237,0,0,0,25,9,10.9509,65.4509,1.5
500000239,97.2388,0,0,-97.2388,97.2388,239,0,0,0,25,1,-17.4343,65.0762,1.5
500000252,90.4906,0,0,-90.4906,90.4906,252,0,0,0,25,16,21.1132,68.074,1.5
500000331,98.354,0,0,-98.354,98.354,331,0,0,0,25,13,39.5758,87.1064,1.5
500000343,104.862,0,0,-104.862,104.862,343,0,0,0,25,20,26.9342,95.9342,1.5
500000362,96.9388,0,0,-96.9388,96.9388,362,0,0,0,25,5,-42,96.4806,1.5
500000379,111.3,0,0,-111.3,111.3,379,0,0,0,25,2,-5.00851,99.5,1.5
500000416,99.1024,0,0,-99.1024,99.1024,416,0,0,0,25,3,-47.1989,112.5,1.5
500000437,105.367,0,0,-105.367,105.367,437,0,0,0,25,17,54,116.276,1.5
500000440,119.932,0,0,-119.932,119.932,440,0,0,0,25,11,24.5,126.826,1.5
500000484,98.1834,0,0,-98.1834,98.1834,484,0,0,0,25,8,-44.0729,135.541,1.5
500000496,107.982,0,0,-107.982,107.982,496,0,0,0,25,15,52.4873,136.487,1.5
500000496,108.105,0,0,-108.105,108.105,496,0,0,0,25,18,66.5975,130.129,1.5
500000500,98.6326,0,0,-98.6326,98.6326,500,0,0,0,25,12,-31,143.982,1.5
500000503,99.7405,0,0,-99.7405,99.7405,503,0,0,0,25,14,-56.4321,136.932,1.5
500000517,112.494,0,0,-112.494,112.494,517,0,0,0,25,10,-2,141.677,1.5
500893042,103.734,0,0,-103.734,103.734,188,6,3.5,50.3696,1.5,0,0,0,25
504893197,104.862,0,0,-104.862,104.862,343,20,26.9342,95.9342,1.5,0,0,0,25
505393357,99.7405,0,0,-99.7405,99.7405,503,14,-56.4321,136.932,1.5,0,0,0,25
506393350,107.982,0,0,-107.982,107.982,496,15,52.4873,136.487,1.5,0,0,0,25
535393094,97.2388,0,0,-97.2388,97.2388,239,1,-17.4343,65.0762,1.5,0,0,0,25
545928947,111.3,0,0,-111.3,111.3,379,2,-5.00851,99.5,1.5,0,0,0,25
550000188,103.734,0,0,-103.734,103.734,188,0,0,0,25,6,3.5,50.3696,1.5
550000204,88.8845,0,0,-88.8845,88.8845,204,0,0,0,25,4,-25.0218,51.5218,1.5
550000209,90.9839,0,0,-90.9839,90.9839,209,0,0,0,25,7,14.9787,55.5348,1.5
550000216,87.594,0,0,-87.594,87.594,216,0,0,0,25,19,19.6216,56.8784,1.5
550000237,108.293,0,0,-108.293,108.293,237,0,0,0,25,9,10.9509,65.4509,1.5
550000239,97.2388,0,0,-97.2388,97.2388,239,0,0,0,25,1,-17.4343,65.0762,1.5
550000252,90.4906,0,0,-90.4906,90.4906,252,0,0,0,25,16,21.1132,68.074,1.5
550000331,98.354,0,0,-98.354,98.354,331,0,0,0,25,13,39.5758,87.1064,1.5
550000343,104.862,0,0,-104.862,104.862,343,0,0,0,25,20,26.9342,95.9342,1.5
550000362,96.9388,0,0,-96.9388,96.9388,362,0,0,0,25,5,-42,96.4806,1.5
550000379,111.3,0,0,-111.3,111.3,379,0,0,0,25,2,-5.00851,99.5,1.5
550000416,99.1024,0,0,-99.1024,99.1024,416,0,0,0,25,3,-47.1989,112.5,1.5
550000437,105.367,0,0,-105.367,105.367,437,0,0,0,25,17,54,116.276,1.5
550000440,119.932,0,0,-119.932,119.932,440,0,0,0,25,11,24.5,126.826,1.5
550000484,98.1834,0,0,-98.1834,98.1834,484,0,0,0,25,8,-44.0729,135.541,1.5
550000496,107.982,0,0,-107.982,107.982,496,0,0,0,25,15,52.4873,136.487,1.5
550000496,108.105,0,0,-108.105,108.105,496,0,0,0,25,18,66.5975,130.129,1.5
550000500,98.6326,0,0,-98.6326,98.6326,500,0,0,0,25,12,-31,143.982,1.5
550000503,99.7405,0,0,-99.7405,99.7405,503,0,0,0,25,14,-56.4321,136.932,1.5
550000517,112.494,0,0,-112.494,112.494,517,0,0,0,25,10,-2,141.677,1.5
550893270,99.1024,0,0,-99.1024,99.1024,416,3,-47.1989,112.5,1.5,0,0,0,25
551393091,108.293,0,0,-108.293,108.293,237,9,10.9509,65.4509,1.5,0,0,0,25
554893354,98.6326,0,0,-98.6326,98.6326,500,12,-31,143.982,1.5,0,0,0,25
557393291,105.367,0,0,-105.367,105.367,437,17,54,116.276,1.5,0,0,0,25
559393371,112.494,0,0,-112.494,112.494,517,10,-2,141.677,1.5,0,0,0,25
562393106,90.4906,0,0,-90.4906,90.4906,252,16,21.1132,68.074,1.5,0,0,0,25
563893063,90.9839,0,0,-90.9839,90.9839,209,7,14.9787,55.5348,1.5,0,0,0,25
565393216,96.9388,0,0,-96.9388,96.9388,362,5,-42,96.4806,1.5,0,0,0,25
566393185,98.354,0,0,-98.354,98.354,331,13,39.5758,87.1064,1.5,0,0,0,25
567393338,98.1834,0,0,-98.1834,98.1834,484,8,-44.0729,135.541,1.5,0,0,0,25
568393070,87.594,0,0,-87.594,87.594,216,19,19.6216,56.8784,1.5,0,0,0,25
571893058,88.8845,0,0,-88.8845,88.8845,204,4,-25.0218,51.5218,1.5,0,0,0,25
573393350,108.105,0,0,-108.105,108.105,496,18,66.5975,130.129,1.5,0,0,0,25
578393294,119.932,0,0,-119.932,119.932,440,11,24.5,126.826,1.5,0,0,0,25
580893042,103.734,0,0,-103.734,103.734,188,6,3.5,50.3696,1.5,0,0,0,25
584893197,104.862,0,0,-104.862,104.862,343,20,26.9342,95.9342,1.5,0,0,0,25
585393357,99.7405,0,0,-99.7405,99.7405,503,14,-56.4321,136.932,1.5,0,0,0,25
585428807,97.2388,0,0,-97.2388,97.2388,239,1,-17.4343,65.0762,1.5,0,0,0,25
586393350,107.982,0,0,-107.982,107.982,496,15,52.4873,136.487,1.5,0,0,0,25
595928947,111.3,0,0,-111.3,111.3,379,2,-5.00851,99.5,1.5,0,0,0,25
600000188,103.734,0,0,-103.734,103.734,188,0,0,0,25,6,3.5,50.2196,1.5
600000204,88.8845,0,0,-88.8845,88.8845,204,0,0,0,25,4,-25.1279,51.6279,1.5
600000209,90.9839,0,0,-90.9839,90.9839,209,0,0,0,25,7,15.0772,55.4228,1.5
600000216,87.594,0,0,-87.594,87.594,216,0,0,0,25,19,19.7276,56.7724,1.5
600000237,108.293,0,0,-108.293,108.293,237,0,0,0,25,9,10.8448,65.3448,1.5
600000239,97.2388,0,0,-97.2388,97.2388,239,0,0,0,25,1,-17.535,64.965,1.5
600000252,90.4906,0,0,-90.4906,90.4906,252,0,0,0,25,16,20.9896,67.9896,1.5
600000331,98.354,0,0,-98.354,98.354,331,0,0,0,25,13,39.4863,86.9863,1.5
600000343,104.862,0,0,-104.862,104.862,343,0,0,0,25,20,26.8281,95.8281,1.5
600000362,96.9388,0,0,-96.9388,96.9388,362,0,0,0,25,5,-42,96.3306,1.5
600000379,111.3,0,0,-111.3,111.3,379,0,0,0,25,2,-5.15851,99.5,1.5
600000416,99.1024,0,0,-99.1024,99.1024,416,0,0,0,25,3,-47.0489,112.5,1.5
600000437,105.367,0,0,-105.367,105.367,437,0,0,0,25,17,54,116.126,1.5
600000440,119.932,0,0,-119.932,119.932,440,0,0,0,25,11,24.5,126.676,1.5
600000484,98.1834,0,0,-98.1834,98.1834,484,0,0,0,25,8,-44,135.434,1.5
600000496,107.982,0,0,-107.982,107.982,496,0,0,0,25,15,52.3813,136.381,1.5
600000496,108.105,0,0,-108.105,108.105,496,0,0,0,25,18,66.5072,130.01,1.5
600000500,98.6326,0,0,-98.6326,98.6326,500,0,0,0,25,12,-31,143.832,1.5
600000503,99.7405,0,0,-99.7405,99.7405,503,0,0,0,25,14,-56.326,136.826,1.5
600000517,112.494,0,0,-112.494,112.494,517,0,0,0,25,10,-2,141.527,1.5
600928984,99.1024,0,0,-99.1024,99.1024,416,3,-47.0489,112.5,1.5,0,0,0,25
615428930,96.9388,0,0,-96.9388,96.9388,362,5,-42,96.3306,1.5,0,0,0,25
621928772,88.8845,0,0,-88.8845,88.8845,204,4,-25.1279,51.6279,1.5,0,0,0,25
630928756,103.734,0,0,-103.734,103.734,188,6,3.5,50.2196,1.5,0,0,0,25
631393091,108.293,0,0,-108.293,108.293,237,9,10.8448,65.3448,1.5,0,0,0,25
634893354,98.6326,0,0,-98.6326,98.6326,500,12,-31,143.832,1.5,0,0,0,25
635428807,97.2388,0,0,-97.2388,97.2388,239,1,-17.535,64.965,1.5,0,0,0,25
637393291,105.367,0,0,-105.367,105.367,437,17,54,116.126,1.5,0,0,0,25
639393371,112.494,0,0,-112.494,112.494,517,10,-2,141.527,1.5,0,0,0,25
639928777,90.9839,0,0,-90.9839,90.9839,209,7,15.0772,55.4228,1.5,0,0,0,25
642393106,90.4906,0,0,-90.4906,90.4906,252,16,20.9896,67.9896,1.5,0,0,0,25
645928947,111.3,0,0,-111.3,111.3,379,2,-5.15851,99.5,1.5,0,0,0,25
646393185,98.354,0,0,-98.354,98.354,331,13,39.4863,86.9863,1.5,0,0,0,25
647393338,98.1834,0,0,-98.1834,98.1834,484,8,-44,135.434,1.5,0,0,0,25
648393070,87.594,0,0,-87.594,87.594,216,19,19.7276,56.7724,1.5,0,0,0,25
650000188,103.734,0,0,-103.734,103.734,188,0,0,0,25,6,3.5,50.2196,1.5
650000204,88.8845,0,0,-88.8845,88.8845,204,0,0,0,25,4,-25.1279,51.6279,1.5
650000209,90.9839,0,0,-90.9839,90.9839,209,0,0,0,25,7,15.0772,55.4228,1.5
650000216,87.594,0,0,-87.594,87.594,216,0,0,0,25,19,19.7276,56.7724,1.5
650000237,108.293,0,0,-108.293,108.293,237,0,0,0,25,9,10.8448,65.3448,1.5
650000239,97.2388,0,0,-97.2388,97.2388,239,0,0,0,25,1,-17.535,64.965,1.5
650000252,90.4906,0,0,-90.4906,90.4906,252,0,0,0,25,16,20.9896,67.9896,1.5
650000331,98.354,0,0,-98.354,98.354,331,0,0,0,25,13,39.4863,86.9863,1.5
650000343,104.862,0,0,-104.862,104.862,343,0,0,0,25,20,26.8281,95.8281,1.5
650000362,96.9388,0,0,-96.9388,96.9388,362,0,0,0,25,5,-42,96.3306,1.5
650000379,111.3,0,0,-111.3,111.3,379,0,0,0,25,2,-5.15851,99.5,1.5
650000416,99.1024,0,0,-99.1024,99.1024,416,0,0,0,25,3,-47.0489,112.5,1.5
650000437,105.367,0,0,-105.367,105.367,437,0,0,0,25,17,54,116.126,1.5
650000440,119.932,0,0,-119.932,119.932,440,0,0,0,25,11,24.5,126.676,1.5
650000484,98.1834,0,0,-98.1834,98.1834,484,0,0,0,25,8,-44,135.434,1.5
650000496,107.982,0,0,-107.982,107.982,496,0,0,0,25,15,52.3813,136.381,1.5
650000496,108.105,0,0,-108.105,108.105,496,0,0,0,25,18,66.5072,130.01,1.5
650000500,98.6326,0,0,-98.6326,98.6326,500,0,0,0,25,12,-31,143.832,1.5
650000503,99.7405,0,0,-99.7405,99.7405,503,0,0,0,25,14,-56.326,136.826,1.5
650000517,112.494,0,0,-112.494,112.494,517,0,0,0,25,10,-2,141.527,1.5
650928984,99.1024,0,0,-99.1024,99.1024,416,3,-47.0489,112.5,1.5,0,0,0,25
653393350,108.105,0,0,-108.105,108.105,496,18,66.5072,130.01,1.5,0,0,0,25
658393294,119.932,0,0,-119.932,119.932,440,11,24.5,126.676,1.5,0,0,0,25
664893197,104.862,0,0,-104.862,104.862,343,20,26.8281,95.8281,1.5,0,0,0,25
665393357,99.7405,0,0,-99.7405,99.7405,503,14,-56.326,136.826,1.5,0,0,0,25
665428930,96.9388,0,0,-96.9388,96.9388,362,5,-42,96.3306,1.5,0,0,0,25
666393350,107.982,0,0,-107.982,107.982,496,15,52.3813,136.381,1.5,0,0,0,25
671928772,88.8845,0,0,-88.8845,88.8845,204,4,-25.1279,51.6279,1.5,0,0,0,25
680928756,103.734,0,0,-103.734,103.734,188,6,3.5,50.2196,1.5,0,0,0,25
681928805,108.293,0,0,-108.293,108.293,237,9,10.8448,65.3448,1.5,0,0,0,25
686928807,97.2388,0,0,-97.2388,97.2388,239,1,-17.535,64.965,1.5,0,0,0,25
689928777,90.9839,0,0,-90.9839,90.9839,209,7,15.0772,55.4228,1.5,0,0,0,25
695928947,111.3,0,0,-111.3,111.3,379,2,-5.15851,99.5,1.5,0,0,0,25
697429052,98.1834,0,0,-98.1834,98.1834,484,8,-44,135.434,1.5,0,0,0,25
700000188,103.734,0,0,-103.734,103.734,188,0,0,0,25,6,3.5,50.0696,1.5
700000204,88.8845,0,0,-88.8845,88.8845,204,0,0,0,25,4,-25.234,51.734,1.5
700000209,90.9839,0,0,-90.9839,90.9839,209,0,0,0,25,7,15.1833,55.3167,1.5
700000216,87.594,0,0,-87.594,87.594,216,0,0,0,25,19,19.8337,56.6663,1.5
700000237,108.293,0,0,-108.293,108.293,237,0,0,0,25,9,10.7388,65.2388,1.5
700000239,97.2388,0,0,-97.2388,97.2388,239,0,0,0,25,1,-17.641,64.859,1.5
700000252,90.4906,0,0,-90.4906,90.4906,252,0,0,0,25,16,20.8835,67.8835,1.5
700000331,98.354,0,0,-98.354,98.354,331,0,0,0,25,13,39.3803,86.8803,1.5
700000343,104.862,0,0,-104.862,104.862,343,0,0,0,25,20,26.722,95.722,1.5
700000362,96.9388,0,0,-96.9388,96.9388,362,0,0,0,25,5,-42,96.1806,1.5
700000379,111.3,0,0,-111.3,111.3,379,0,0,0,25,2,-5.30851,99.5,1.5
700000416,99.1024,0,0,-99.1024,99.1024,416,0,0,0,25,3,-46.8989,112.5,1.5
700000437,105.367,0,0,-105.367,105.367,437,0,0,0,25,17,54,115.976,1.5
700000440,119.932,0,0,-119.932,119.932,440,0,0,0,25,11,24.5,126.526,1.5
700000484,98.1834,0,0,-98.1834,98.1834,484,0,0,0,25,8,-44,135.284,1.5
700000496,107.982,0,0,-107.982,107.982,496,0,0,0,25,15,52.2752,136.275,1.5
700000496,108.105,0,0,-108.105,108.105,496,0,0,0,25,18,66.4024,129.902,1.5
700000500,98.6326,0,0,-98.6326,98.6326,500,0,0,0,25,12,-31,143.682,1.5
700000503,99.7405,0,0,-99.7405,99.7405,503,0,0,0,25,14,-56.22,136.72,1.5
700000517,112.494,0,0,-112.494,112.494,517,0,0,0,25,10,-2,141.377,1.5
700928984,99.1024,0,0,-99.1024,99.1024,416,3,-46.8989,112.5,1.5,0,0,0,25
702929085,112.494,0,0,-112.494,112.494,517,10,-2,141.377,1.5,0,0,0,25
714893354,98.6326,0,0,-98.6326,98.6326,500,12,-31,143.682,1.5,0,0,0,25
715428930,96.9388,0,0,-96.9388,96.9388,362,5,-42,96.1806,1.5,0,0,0,25
717393291,105.367,0,0,-105.367,105.367,437,17,54,115.976,1.5,0,0,0,25
721928772,88.8845,0,0,-88.8845,88.8845,204,4,-25.234,51.734,1.5,0,0,0,25
722393106,90.4906,0,0,-90.4906,90.4906,252,16,20.8835,67.8835,1.5,0,0,0,25
723929008,119.932,0,0,-119.932,119.932,440,11,24.5,126.526,1.5,0,0,0,25
726393185,98.354,0,0,-98.354,98.354,331,13,39.3803,86.8803,1.5,0,0,0,25
728393070,87.594,0,0,-87.594,87.594,216,19,19.8337,56.6663,1.5,0,0,0,25
730928756,103.734,0,0,-103.734,103.734,188,6,3.5,50.0696,1.5,0,0,0,25
731928805,108.293,0,0,-108.293,108.293,237,9,10.7388,65.2388,1.5,0,0,0,25
733393350,108.105,0,0,-108.105,108.105,496,18,66.4024,129.902,1.5,0,0,0,25
736928807,97.2388,0,0,-97.2388,97.2388,239,1,-17.641,64.859,1.5,0,0,0,25
739928777,90.9839,0,0,-90.9839,90.9839,209,7,15.1833,55.3167,1.5,0,0,0,25
744893197,104.862,0,0,-104.862,104.862,343,20,26.722,95.722,1.5,0,0,0,25
745393357,99.7405,0,0,-99.7405,99.7405,503,14,-56.22,136.72,1.5,0,0,0,25
746393350,107.982,0,0,-107.982,107.982,496,15,52.2752,136.275,1.5,0,0,0,25
747929052,98.1834,0,0,-98.1834,98.1834,484,8,-44,135.284,1.5,0,0,0,25
750000188,103.734,0,0,-103.734,103.734,188,0,0,0,25,6,3.5,50.0696,1.5
750000204,88.8845,0,0,-88.8845,88.8845,204,0,0,0,25,4,-25.234,51.734,1.5
750000209,90.9839,0,0,-90.9839,90.9839,209,0,0,0,25,7,15.1833,55.3167,1.5
750000216,87.594,0,0,-87.594,87.594,216,0,0,0,25,19,19.8337,56.6663,1.5
750000237,108.293,0,0,-108.293,108.293,237,0,0,0,25,9,10.7388,65.2388,1.5
750000239,97.2388,0,0,-97.2388,97.2388,239,0,0,0,25,1,-17.641,64.859,1.5
750000252,90.4906,0,0,-90.4906,90.4906,252,0,0,0,25,16,20.8835,67.8835,1.5
750000331,98.354,0,0,-98.354,98.354,331,0,0,0,25,13,39.3803,86.8803,1.5
750000343,104.862,0,0,-104.862,104.862,343,0,0,0,25,20,26.722,95.722,1.5
750000362,96.9388,0,0,-96.9388,96.9388,362,0,0,0,25,5,-42,96.1806,1.5
750000379,111.3,0,0,-111.3,111.3,379,0,0,0,25,2,-5.30851,99.5,1.5
750000416,99.1024,0,0,-99.1024,99.1024,416,0,0,0,25,3,-46.8989,112.5,1.5
750000437,105.367,0,0,-105.367,105.367,437,0,0,0,25,17,54,115.976,1.5
750000440,119.932,0,0,-119.932,119.932,440,0,0,0,25,11,24.5,126.526,1.5
750000484,98.1834,0,0,-98.1834,98.1834,484,0,0,0,25,8,-44,135.284,1.5
750000496,107.982,0,0,-107.982,107.982,496,0,0,0,25,15,52.2752,136.275,1.5
750000496,108.105,0,0,-108.105,108.105,496,0,0,0,25,18,66.4024,129.902,1.5
750000500,98.6326,0,0,-98.6326,98.6326,500,0,0,0,25,12,-31,143.682,1.5
750000503,99.7405,0,0,-99.7405,99.7405,503,0,0,0,25,14,-56.22,136.72,1.5
750000517,112.494,0,0,-112.494,112.494,517,0,0,0,25,10,-2,141.377,1.5
750928984,99.1024,0,0,-99.1024,99.1024,416,3,-46.8989,112.5,1.5,0,0,0,25
752428947,111.3,0,0,-111.3,111.3,379,2,-5.30851,99.5,1.5,0,0,0,25
752929085,112.494,0,0,-112.494,112.494,517,10,-2,141.377,1.5,0,0,0,25
764929068,98.6326,0,0,-98.6326,98.6326,500,12,-31,143.682,1.5,0,0,0,25
765428930,96.9388,0,0,-96.9388,96.9388,362,5,-42,96.1806,1.5,0,0,0,25
771928772,88.8845,0,0,-88.8845,88.8845,204,4,-25.234,51.734,1.5,0,0,0,25
773929008,119.932,0,0,-119.932,119.932,440,11,24.5,126.526,1.5,0,0,0,25
776928899,98.354,0,0,-98.354,98.354,331,13,39.3803,86.8803,1.5,0,0,0,25
780928756,103.734,0,0,-103.734,103.734,188,6,3.5,50.0696,1.5,0,0,0,25
781928805,108.293,0,0,-108.293,108.293,237,9,10.7388,65.2388,1.5,0,0,0,25
786928807,97.2388,0,0,-97.2388,97.2388,239,1,-17.641,64.859,1.5,0,0,0,25
789928777,90.9839,0,0,-90.9839,90.9839,209,7,15.1833,55.3167,1.5,0,0,0,25
795429071,99.7405,0,0,-99.7405,99.7405,503,14,-56.22,136.72,1.5,0,0,0,25
797393291,105.367,0,0,-105.367,105.367,437,17,54,115.976,1.5,0,0,0,25
797929052,98.1834,0,0,-98.1834,98.1834,484,8,-44,135.284,1.5,0,0,0,25
800000188,103.734,0,0,-103.734,103.734,188,0,0,0,25,6,3.5,49.9196,1.5
800000204,88.8845,0,0,-88.8845,88.8845,204,0,0,0,25,4,-25.34,51.84,1.5
800000209,90.9839,0,0,-90.9839,90.9839,209,0,0,0,25,7,15.2893,55.2107,1.5
800000216,87.594,0,0,-87.594,87.594,216,0,0,0,25,19,19.9398,56.5602,1.5
800000237,108.293,0,0,-108.293,108.293,237,0,0,0,25,9,10.6327,65.1327,1.5
800000239,97.2388,0,0,-97.2388,97.2388,239,0,0,0,25,1,-17.7471,64.7529,1.5
800000252,90.4906,0,0,-90.4906,90.4906,252,0,0,0,25,16,20.7774,67.7774,1.5
800000331,98.354,0,0,-98.354,98.354,331,0,0,0,25,13,39.2742,86.7742,1.5
800000343,104.862,0,0,-104.862,104.862,343,0,0,0,25,20,26.616,95.616,1.5
800000362,96.9388,0,0,-96.9388,96.9388,362,0,0,0,25,5,-42,96.0306,1.5
800000379,111.3,0,0,-111.3,111.3,379,0,0,0,25,2,-5.45851,99.5,1.5
800000416,99.1024,0,0,-99.1024,99.1024,416,0,0,0,25,3,-46.7489,112.5,1.5
800000437,105.367,0,0,-105.367,105.367,437,0,0,0,25,17,54,115.826,1.5
800000440,119.932,0,0,-119.932,119.932,440,0,0,0,25,11,24.5,126.376,1.5
800000484,98.1834,0,0,-98.1834,98.1834,484,0,0,0,25,8,-44,135.134,1.5
800000496,107.982,0,0,-107.982,107.982,496,0,0,0,25,15,52.1691,136.169,1.5
800000496,108.105,0,0,-108.105,108.105,496,0,0,0,25,18,66.2964,129.796,1.5
800000500,98.6326,0,0,-98.6326,98.6326,500,0,0,0,25,12,-31,143.532,1.5
800000503,99.7405,0,0,-99.7405,99.7405,503,0,0,0,25,14,-56.1139,136.614,1.5
800000517,112.494,0,0,-112.494,112.494,517,0,0,0,25,10,-2,141.227,1.5
800928984,99.1024,0,0,-99.1024,99.1024,416,3,-46.7489,112.5,1.5,0,0,0,25
802393106,90.4906,0,0,-90.4906,90.4906,252,16,20.7774,67.7774,1.5,0,0,0,25
802428947,111.3,0,0,-111.3,111.3,379,2,-5.45851,99.5,1.5,0,0,0,25
802929085,112.494,0,0,-112.494,112.494,517,10,-2,141.227,1.5,0,0,0,25
807929064,107.982,0,0,-107.982,107.982,496,15,52.1691,136.169,1.5,0,0,0,25
808393070,87.594,0,0,-87.594,87.594,216,19,19.9398,56.5602,1.5,0,0,0,25
813393350,108.105,0,0,-108.105,108.105,496,18,66.2964,129.796,1.5,0,0,0,25
814929068,98.6326,0,0,-98.6326,98.6326,500,12,-31,143.532,1.5,0,0,0,25
815428930,96.9388,0,0,-96.9388,96.9388,362,5,-42,96.0306,1.5,0,0,0,25
821928772,88.8845,0,0,-88.8845,88.8845,204,4,-25.34,51.84,1.5,0,0,0,25
823929008,119.932,0,0,-119.932,119.932,440,11,24.5,126.376,1.5,0,0,0,25
824893197,104.862,0,0,-104.862,104.862,343,20,26.616,95.616,1.5,0,0,0,25
826928899,98.354,0,0,-98.354,98.354,331,13,39.2742,86.7742,1.5,0,0,0,25
831928756,103.734,0,0,-103.734,103.734,188,6,3.5,49.9196,1.5,0,0,0,25
831928805,108.293,0,0,-108.293,108.293,237,9,10.6327,65.1327,1.5,0,0,0,25
836928807,97.2388,0,0,-97.2388,97.2388,239,1,-17.7471,64.7529,1.5,0,0,0,25
839928777,90.9839,0,0,-90.9839,90.9839,209,7,15.2893,55.2107,1.5,0,0,0,25
845429071,99.7405,0,0,-99.7405,99.7405,503,14,-56.1139,136.614,1.5,0,0,0,25
847929052,98.1834,0,0,-98.1834,98.1834,484,8,-44,135.134,1.5,0,0,0,25
850000188,103.734,0,0,-103.734,103.734,188,0,0,0,25,6,3.5,49.9196,1.5
850000204,88.8845,0,0,-88.8845,88.8845,204,0,0,0,25,4,-25.34,51.84,1.5
850000209,90.9839,0,0,-90.9839,90.9839,209,0,0,0,25,7,15.2893,55.2107,1.5
850000216,87.594,0,0,-87.594,87.594,216,0,0,0,25,19,19.9398,56.5602,1.5
850000237,108.293,0,0,-108.293,108.293,237,0,0,0,25,9,10.6327,65.1327,1.5
850000239,97.2388,0,0,-97.2388,97.2388,239,0,0,0,25,1,-17.7471,64.7529,1.5
850000252,90.4906,0,0,-90.4906,90.4906,252,0,0,0,25,16,20.7774,67.7774,1.5
850000331,98.354,0,0,-98.354,98.354,331,0,0,0,25,13,39.2742,86.7742,1.5
850000343,104.862,0,0,-104.862,104.862,343,0,0,0,25,20,26.616,95.616,1.5
850000362,96.9388,0,0,-96.9388,96.9388,362,0,0,0,25,5,-42,96.0306,1.5
850000379,111.3,0,0,-111.3,111.3,379,0,0,0,25,2,-5.45851,99.5,1.5
850000416,99.1024,0,0,-99.1024,99.1024,416,0,0,0,25,3,-46.7489,112.5,1.5
850000437,105.367,0,0,-105.367,105.367,437,0,0,0,25,17,54,115.826,1.5
850000440,119.932,0,0,-119.932,119.932,440,0,0,0,25,11,24.5,126.376,1.5
850000484,98.1834,0,0,-98.1834,98.1834,484,0,0,0,25,8,-44,135.134,1.5
850000496,107.982,0,0,-107.982,107.982,496,0,0,0,25,15,52.1691,136.169,1.5
850000496,108.105,0,0,-108.105,108.105,496,0,0,0,25,18,66.2964,129.796,1.5
850000500,98.6326,0,0,-98.6326,98.6326,500,0,0,0,25,12,-31,143.532,1.5
850000503,99.7405,0,0,-99.7405,99.7405,503,0,0,0,25,14,-56.1139,136.614,1.5
850000517,112.494,0,0,-112.494,112.494,517,0,0,0,25,10,-2,141.227,1.5
850429005,105.367,0,0,-105.367,105.367,437,17,54,115.826,1.5,0,0,0,25
852428820,90.4906,0,0,-90.4906,90.4906,252,16,20.7774,67.7774,1.5,0,0,0,25
853428984,99.1024,0,0,-99.1024,99.1024,416,3,-46.7489,112.5,1.5,0,0,0,25
853429085,112.494,0,0,-112.494,112.494,517,10,-2,141.227,1.5,0,0,0,25
853928947,111.3,0,0,-111.3,111.3,379,2,-5.45851,99.5,1.5,0,0,0,25
857929064,107.982,0,0,-107.982,107.982,496,15,52.1691,136.169,1.5,0,0,0,25
864929068,98.6326,0,0,-98.6326,98.6326,500,12,-31,143.532,1.5,0,0,0,25
865428930,96.9388,0,0,-96.9388,96.9388,362,5,-42,96.0306,1.5,0,0,0,25
871429064,108.105,0,0,-108.105,108.105,496,18,66.2964,129.796,1.5,0,0,0,25
873929008,119.932,0,0,-119.932,119.932,440,11,24.5,126.376,1.5,0,0,0,25
875428772,88.8845,0,0,-88.8845,88.8845,204,4,-25.34,51.84,1.5,0,0,0,25
876928899,98.354,0,0,-98.354,98.354,331,13,39.2742,86.7742,1.5,0,0,0,25
881928756,103.734,0,0,-103.734,103.734,188,6,3.5,49.9196,1.5,0,0,0,25
881928805,108.293,0,0,-108.293,108.293,237,9,10.6327,65.1327,1.5,0,0,0,25
886928807,97.2388,0,0,-97.2388,97.2388,239,1,-17.7471,64.7529,1.5,0,0,0,25
888393070,87.594,0,0,-87.594,87.594,216,19,19.9398,56.5602,1.5,0,0,0,25
889928777,90.9839,0,0,-90.9839,90.9839,209,7,15.2893,55.2107,1.5,0,0,0,25
895929071,99.7405,0,0,-99.7405,99.7405,503,14,-56.1139,136.614,1.5,0,0,0,25
897929052,98.1834,0,0,-98.1834,98.1834,484,8,-44,135.134,1.5,0,0,0,25
900000188,103.734,0,0,-103.734,103.734,188,0,0,0,25,6,3.5,49.7696,1.5
900000204,88.8845,0,0,-88.8845,88.8845,204,0,0,0,25,4,-25.4461,51.9461,1.5
900000209,90.9839,0,0,-90.9839,90.9839,209,0,0,0,25,7,15.3954,55.1046,1.5
900000216,87.594,0,0,-87.594,87.594,216,0,0,0,25,19,20.0458,56.4542,1.5
900000237,108.293,0,0,-108.293,108.293,237,0,0,0,25,9,10.5266,65.0266,1.5
900000239,97.2388,0,0,-97.2388,97.2388,239,0,0,0,25,1,-17.8532,64.6468,1.5
900000252,90.4906,0,0,-90.4906,90.4906,252,0,0,0,25,16,20.6714,67.6714,1.5
900000331,98.354,0,0,-98.354,98.354,331,0,0,0,25,13,39.1681,86.6681,1.5
900000343,104.862,0,0,-104.862,104.862,343,0,0,0,25,20,26.5099,95.5099,1.5
900000362,96.9388,0,0,-96.9388,96.9388,362,0,0,0,25,5,-42,95.8806,1.5
900000379,111.3,0,0,-111.3,111.3,379,0,0,0,25,2,-5.60851,99.5,1.5
900000416,99.1024,0,0,-99.1024,99.1024,416,0,0,0,25,3,-46.5989,112.5,1.5
900000437,105.367,0,0,-105.367,105.367,437,0,0,0,25,17,54,115.676,1.5
900000440,119.932,0,0,-119.932,119.932,440,0,0,0,25,11,24.5,126.226,1.5
900000484,98.1834,0,0,-98.1834,98.1834,484,0,0,0,25,8,-43.9884,134.988,1.5
900000496,107.982,0,0,-107.982,107.982,496,0,0,0,25,15,52.0631,136.063,1.5
900000496,108.105,0,0,-108.105,108.105,496,0,0,0,25,18,66.1903,129.69,1.5
900000500,98.6326,0,0,-98.6326,98.6326,500,0,0,0,25,12,-31,143.382,1.5
900000503,99.7405,0,0,-99.7405,99.7405,503,0,0,0,25,14,-56.0078,136.508,1.5
900000517,112.494,0,0,-112.494,112.494,517,0,0,0,25,10,-2,141.077,1.5
900429005,105.367,0,0,-105.367,105.367,437,17,54,115.676,1.5,0,0,0,25
902428820,90.4906,0,0,-90.4906,90.4906,252,16,20.6714,67.6714,1.5,0,0,0,25
903928984,99.1024,0,0,-99.1024,99.1024,416,3,-46.5989,112.5,1.5,0,0,0,25
903929085,112.494,0,0,-112.494,112.494,517,10,-2,141.077,1.5,0,0,0,25
904428947,111.3,0,0,-111.3,111.3,379,2,-5.60851,99.5,1.5,0,0,0,25
904893197,104.862,0,0,-104.862,104.862,343,20,26.5099,95.5099,1.5,0,0,0,25
907929064,107.982,0,0,-107.982,107.982,496,15,52.0631,136.063,1.5,0,0,0,25
915428930,96.9388,0,0,-96.9388,96.9388,362,5,-42,95.8806,1.5,0,0,0,25
915429068,98.6326,0,0,-98.6326,98.6326,500,12,-31,143.382,1.5,0,0,0,25
921429064,108.105,0,0,-108.105,108.105,496,18,66.1903,129.69,1.5,0,0,0,25
924429008,119.932,0,0,-119.932,119.932,440,11,24.5,126.226,1.5,0,0,0,25
925428772,88.8845,0,0,-88.8845,88.8845,204,4,-25.4461,51.9461,1.5,0,0,0,25
927928899,98.354,0,0,-98.354,98.354,331,13,39.1681,86.6681,1.5,0,0,0,25
931928805,108.293,0,0,-108.293,108.293,237,9,10.5266,65.0266,1.5,0,0,0,25
932928756,103.734,0,0,-103.734,103.734,188,6,3.5,49.7696,1.5,0,0,0,25
936928807,97.2388,0,0,-97.2388,97.2388,239,1,-17.8532,64.6468,1.5,0,0,0,25
938428784,87.594,0,0,-87.594,87.594,216,19,20.0458,56.4542,1.5,0,0,0,25
939928777,90.9839,0,0,-90.9839,90.9839,209,7,15.3954,55.1046,1.5,0,0,0,25
945929071,99.7405,0,0,-99.7405,99.7405,503,14,-56.0078,136.508,1.5,0,0,0,25
947929052,98.1834,0,0,-98.1834,98.1834,484,8,-43.9884,134.988,1.5,0,0,0,25
950000188,103.734,0,0,-103.734,103.734,188,0,0,0,25,6,3.5,49.7696,1.5
950000204,88.8845,0,0,-88.8845,88.8845,204,0,0,0,25,4,-25.4461,51.9461,1.5
950000209,90.9839,0,0,-90.9839,90.9839,209,0,0,0,25,7,15.3954,55.1046,1.5
950000216,87.594,0,0,-87.594,87.594,216,0,0,0,25,19,20.0458,56.4542,1.5
950000237,108.293,0,0,-108.293,108.293,237,0,0,0,25,9,10.5266,65.0266,1.5
950000239,97.2388,0,0,-97.2388,97.2388,239,0,0,0,25,1,-17.8532,64.6468,1.5
950000252,90.4906,0,0,-90.4906,90.4906,252,0,0,0,25,16,20.6714,67.6714,1.5
950000331,98.354,0,0,-98.354,98.354,331,0,0,0,25,13,39.1681,86.6681,1.5
950000343,104.862,0,0,-104.862,104.862,343,0,0,0,25,20,26.5099,95.5099,1.5
950000362,96.9388,0,0,-96.9388,96.9388,362,0,0,0,25,5,-42,95.8806,1.5
950000379,111.3,0,0,-111.3,111.3,379,0,0,0,25,2,-5.60851,99.5,1.5
950000416,99.1024,0,0,-99.1024,99.1024,416,0,0,0,25,3,-46.5989,112.5,1.5
950000437,105.367,0,0,-105.367,105.367,437,0,0,0,25,17,54,115.676,1.5
950000440,119.932,0,0,-119.932,119.932,440,0,0,0,25,11,24.5,126.226,1.5
950000484,98.1834,0,0,-98.1834,98.1834,484,0,0,0,25,8,-43.9884,134.988,1.5
950000496,107.982,0,0,-107.982,107.982,496,0,0,0,25,15,52.0631,136.063,1.5
950000496,108.105,0,0,-108.105,108.105,496,0,0,0,25,18,66.1903,129.69,1.5
950000500,98.6326,0,0,-98.6326,98.6326,500,0,0,0,25,12,-31,143.382,1.5
950000503,99.7405,0,0,-99.7405,99.7405,503,0,0,0,25,14,-56.0078,136.508,1.5
950000517,112.494,0,0,-112.494,112.494,517,0,0,0,25,10,-2,141.077,1.5
950429005,105.367,0,0,-105.367,105.367,437,17,54,115.676,1.5,0,0,0,25
952428820,90.4906,0,0,-90.4906,90.4906,252,16,20.6714,67.6714,1.5,0,0,0,25
953928984,99.1024,0,0,-99.1024,99.1024,416,3,-46.5989,112.5,1.5,0,0,0,25
953929085,112.494,0,0,-112.494,112.494,517,10,-2,141.077,1.5,0,0,0,25
954428947,111.3,0,0,-111.3,111.3,379,2,-5.60851,99.5,1.5,0,0,0,25
954928911,104.862,0,0,-104.862,104.862,343,20,26.5099,95.5099,1.5,0,0,0,25
959429064,107.982,0,0,-107.982,107.982,496,15,52.0631,136.063,1.5,0,0,0,25
965428930,96.9388,0,0,-96.9388,96.9388,362,5,-42,95.8806,1.5,0,0,0,25
965429068,98.6326,0,0,-98.6326,98.6326,500,12,-31,143.382,1.5,0,0,0,25
971429064,108.105,0,0,-108.105,108.105,496,18,66.1903,129.69,1.5,0,0,0,25
974429008,119.932,0,0,-119.932,119.932,440,11,24.5,126.226,1.5,0,0,0,25
975428772,88.8845,0,0,-88.8845,88.8845,204,4,-25.4461,51.9461,1.5,0,0,0,25
979428899,98.354,0,0,-98.354,98.354,331,13,39.1681,86.6681,1.5,0,0,0,25
982428805,108.293,0,0,-108.293,108.293,237,9,10.5266,65.0266,1.5,0,0,0,25
982928756,103.734,0,0,-103.734,103.734,188,6,3.5,49.7696,1.5,0,0,0,25
986928807,97.2388,0,0,-97.2388,97.2388,239,1,-17.8532,64.6468,1.5,0,0,0,25
988428784,87.594,0,0,-87.594,87.594,216,19,20.0458,56.4542,1.5,0,0,0,25
989928777,90.9839,0,0,-90.9839,90.9839,209,7,15.3954,55.1046,1.5,0,0,0,25
995929071,99.7405,0,0,-99.7405,99.7405,503,14,-56.0078,136.508,1.5,0,0,0,25
998429052,98.1834,0,0,-98.1834,98.1834,484,8,-43.9884,134.988,1.5,0,0,0,25
1000000188,103.734,0,0,-103.734,103.734,188,0,0,0,25,6,3.5,49.6196,1.5
1000000204,88.8845,0,0,-88.8845,88.8845,204,0,0,0,25,4,-25.5522,52.0522,1.5
1000000209,90.9839,0,0,-90.9839,90.9839,209,0,0,0,25,7,15.5015,54.9985,1.5
1000000216,87.594,0,0,-87.594,87.594,216,0,0,0,25,19,20.1519,56.3481,1.5
1000000237,108.293,0,0,-108.293,108.293,237,0,0,0,25,9,10.4206,64.9206,1.5
1000000239,97.2388,0,0,-97.2388,97.2388,239,0,0,0,25,1,-17.9592,64.5408,1.5
1000000252,90.4906,0,0,-90.4906,90.4906,252,0,0,0,25,16,20.5653,67.5653,1.5
1000000331,98.354,0,0,-98.354,98.354,331,0,0,0,25,13,39.0621,86.5621,1.5
1000000343,104.862,0,0,-104.862,104.862,343,0,0,0,25,20,26.4038,95.4038,1.5
1000000362,96.9388,0,0,-96.9388,96.9388,362,0,0,0,25,5,-42,95.7306,1.5
1000000379,111.3,0,0,-111.3,111.3,379,0,0,0,25,2,-5.75851,99.5,1.5
1000000416,99.1024,0,0,-99.1024,99.1024,416,0,0,0,25,3,-46.4489,112.5,1.5
1000000437,105.367,0,0,-105.367,105.367,437,0,0,0,25,17,54,115.526,1.5
1000000440,119.932,0,0,-119.932,119.932,440,0,0,0,25,11,24.5,126.076,1.5
1000000484,98.1834,0,0,-98.1834,98.1834,484,0,0,0,25,8,-43.8823,134.882,1.5
1000000496,107.982,0,0,-107.982,107.982,496,0,0,0,25,15,51.957,135.957,1.5
1000000496,108.105,0,0,-108.105,108.105,496,0,0,0,25,18,66.0842,129.584,1.5
1000000500,98.6326,0,0,-98.6326,98.6326,500,0,0,0,25,12,-31,143.232,1.5
1000000503,99.7405,0,0,-99.7405,99.7405,503,0,0,0,25,14,-55.9018,136.402,1.5
1000000517,112.494,0,0,-112.494,112.494,517,0,0,0,25,10,-2,140.927,1.5
1000429005,105.367,0,0,-105.367,105.367,437,17,54,115.526,1.5,0,0,0,25
1002928820,90.4906,0,0,-90.4906,90.4906,252,16,20.5653,67.5653,1.5,0,0,0,25
1003928984,99.1024,0,0,-99.1024,99.1024,416,3,-46.4489,112.5,1.5,0,0,0,25
1004428947,111.3,0,0,-111.3,111.3,379,2,-5.75851,99.5,1.5,0,0,0,25
1004429085,112.494,0,0,-112.494,112.494,517,10,-2,140.927,1.5,0,0,0,25
1004928911,104.862,0,0,-104.862,104.862,343,20,26.4038,95.4038,1.5,0,0,0,25
1009429064,107.982,0,0,-107.982,107.982,496,15,51.957,135.957,1.5,0,0,0,25
1015428930,96.9388,0,0,-96.9388,96.9388,362,5,-42,95.7306,1.5,0,0,0,25
1015429068,98.6326,0,0,-98.6326,98.6326,500,12,-31,143.232,1.5,0,0,0,25
1021429064,108.105,0,0,-108.105,108.105,496,18,66.0842,129.584,1.5,0,0,0,25
1024429008,119.932,0,0,-119.932,119.932,440,11,24.5,126.076,1.5,0,0,0,25
1025428772,88.8845,0,0,-88.8845,88.8845,204,4,-25.5522,52.0522,1.5,0,0,0,25
1029428899,98.354,0,0,-98.354,98.354,331,13,39.0621,86.5621,1.5,0,0,0,25
1032428805,108.293,0,0,-108.293,108.293,237,9,10.4206,64.9206,1.5,0,0,0,25
1032928756,103.734,0,0,-103.734,103.734,188,6,3.5,49.6196,1.5,0,0,0,25
1036928807,97.2388,0,0,-97.2388,97.2388,239,1,-17.9592,64.5408,1.5,0,0,0,25
1038428784,87.594,0,0,-87.594,87.594,216,19,20.1519,56.3481,1.5,0,0,0,25
1039928777,90.9839,0,0,-90.9839,90.9839,209,7,15.5015,54.9985,1.5,0,0,0,25
1045929071,99.7405,0,0,-99.7405,99.7405,503,14,-55.9018,136.402,1.5,0,0,0,25
1048429052,98.1834,0,0,-98.1834,98.1834,484,8,-43.8823,134.882,1.5,0,0,0,25
1050000188,103.734,0,0,-103.734,103.734,188,0,0,0,25,6,3.5,49.6196,1.5
1050000204,88.8845,0,0,-88.8845,88.8845,204,0,0,0,25,4,-25.5522,52.0522,1.5
1050000209,90.9839,0,0,-90.9839,90.9839,209,0,0,0,25,7,15.5015,54.9985,1.5
1050000216,87.594,0,0,-87.594,87.594,216,0,0,0,25,19,20.1519,56.3481,1.5
1050000237,108.293,0,0,-108.293,108.293,237,0,0,0,25,9,10.4206,64.9206,1.5
1050000239,97.2388,0,0,-97.2388,97.2388,239,0,0,0,25,1,-17.9592,64.5408,1.5
1050000252,90.4906,0,0,-90.4906,90.4906,252,0,0,0,25,16,20.5653,67.5653,1.5
1050000331,98.354,0,0,-98.354,98.354,331,0,0,0,25,13,39.0621,86.5621,1.5
1050000343,104.862,0,0,-104.862,104.862,343,0,0,0,25,20,26.4038,95.4038,1.5
1050000362,96.9388,0,0,-96.9388,96.9388,362,0,0,0,25,5,-42,95.7306,1.5
1050000379,111.3,0,0,-111.3,111.3,379,0,0,0,25,2,-5.75851,99.5,1.5
1050000416,99.1024,0,0,-99.1024,99.1024,416,0,0,0,25,3,-46.4489,112.5,1.5
1050000437,105.367,0,0,-105.367,105.367,437,0,0,0,25,17,54,115.526,1.5
1050000440,119.932,0,0,-119.932,119.932,440,0,0,0,25,11,24.5,126.076,1.5
1050000484,98.1834,0,0,-98.1834,98.1834,484,0,0,0,25,8,-43.8823,134.882,1.5
1050000496,107.982,0,0,-107.982,107.982,496,0,0,0,25,15,51.957,135.957,1.5
1050000496,108.105,0,0,-108.105,108.105,496,0,0,0,25,18,66.0842,129.584,1.5
1050000500,98.6326,0,0,-98.6326,98.6326,500,0,0,0,25,12,-31,143.232,1.5
1050000503,99.7405,0,0,-99.7405,99.7405,503,0,0,0,25,14,-55.9018,136.402,1.5
1050000517,112.494,0,0,-112.494,112.494,517,0,0,0,25,10,-2,140.927,1.5
1050429005,105.367,0,0,-105.367,105.367,437,17,54,115.526,1.5,0,0,0,25
1052928820,90.4906,0,0,-90.4906,90.4906,252,16,20.5653,67.5653,1.5,0,0,0,25
1053928984,99.1024,0,0,-99.1024,99.1024,416,3,-46.4489,112.5,1.5,0,0,0,25
1054428947,111.3,0,0,-111.3,111.3,379,2,-5.75851,99.5,1.5,0,0,0,25
1054429085,112.494,0,0,-112.494,112.494,517,10,-2,140.927,1.5,0,0,0,25
1054928911,104.862,0,0,-104.862,104.862,343,20,26.4038,95.4038,1.5,0,0,0,25
1059429064,107.982,0,0,-107.982,107.982,496,15,51.957,135.957,1.5,0,0,0,25
1065428930,96.9388,0,0,-96.9388,96.9388,362,5,-42,95.7306,1.5,0,0,0,25
1065429068,98.6326,0,0,-98.6326,98.6326,500,12,-31,143.232,1.5,0,0,0,25
1071429064,108.105,0,0,-108.105,108.105,496,18,66.0842,129.584,1.5,0,0,0,25
1074429008,119.932,0,0,-119.932,119.932,440,11,24.5,126.076,1.5,0,0,0,25
1075428772,88.8845,0,0,-88.8845,88.8845,204,4,-25.5522,52.0522,1.5,0,0,0,25
1079428899,98.354,0,0,-98.354,98.354,331,13,39.0621,86.5621,1.5,0,0,0,25
1082428805,108.293,0,0,-108.293,108.293,237,9,10.4206,64.9206,1.5,0,0,0,25
1082928756,103.734,0,0,-103.734,103.734,188,6,3.5,49.6196,1.5,0,0,0,25
1086928807,97.2388,0,0,-97.2388,97.2388,239,1,-17.9592,64.5408,1.5,0,0,0,25
1088428784,87.594,0,0,-87.594,87.594,216,19,20.1519,56.3481,1.5,0,0,0,25
1089928777,90.9839,0,0,-90.9839,90.9839,209,7,15.5015,54.9985,1.5,0,0,0,25
1095929071,99.7405,0,0,-99.7405,99.7405,503,14,-55.9018,136.402,1.5,0,0,0,25
1098429052,98.1834,0,0,-98.1834,98.1834,484,8,-43.8823,134.882,1.5,0,0,0,25
1100000188,103.734,0,0,-103.734,103.734,188,0,0,0,25,6,3.5,49.4696,1.5
1100000204,88.8845,0,0,-88.8845,88.8845,204,0,0,0,25,4,-25.6582,52.1582,1.5
1100000209,90.9839,0,0,-90.9839,90.9839,209,0,0,0,25,7,15.6075,54.8925,1.5
1100000216,87.594,0,0,-87.594,87.594,216,0,0,0,25,19,20.258,56.242,1.5
1100000237,108.293,0,0,-108.293,108.293,237,0,0,0,25,9,10.3145,64.8145,1.5
1100000239,97.2388,0,0,-97.2388,97.2388,239,0,0,0,25,1,-18.0653,64.4347,1.5
1100000252,90.4906,0,0,-90.4906,90.4906,252,0,0,0,25,16,20.4592,67.4592,1.5
1100000331,98.354,0,0,-98.354,98.354,331,0,0,0,25,13,38.956,86.456,1.5
1100000343,104.862,0,0,-104.862,104.862,343,0,0,0,25,20,26.2978,95.2978,1.5
1100000362,96.9388,0,0,-96.9388,96.9388,362,0,0,0,25,5,-42,95.5806,1.5
1100000379,111.3,0,0,-111.3,111.3,379,0,0,0,25,2,-5.90851,99.5,1.5
1100000416,99.1024,0,0,-99.1024,99.1024,416,0,0,0,25,3,-46.2989,112.5,1.5
1100000437,105.367,0,0,-105.367,105.367,437,0,0,0,25,17,54,115.376,1.5
1100000440,119.932,0,0,-119.932,119.932,440,0,0,0,25,11,24.5,125.926,1.5
1100000484,98.1834,0,0,-98.1834,98.1834,484,0,0,0,25,8,-43.7762,134.776,1.5
1100000496,107.982,0,0,-107.982,107.982,496,0,0,0,25,15,51.8509,135.851,1.5
1100000496,108.105,0,0,-108.105,108.105,496,0,0,0,25,18,65.9782,129.478,1.5
1100000500,98.6326,0,0,-98.6326,98.6326,500,0,0,0,25,12,-31,143.082,1.5
1100000503,99.7405,0,0,-99.7405,99.7405,503,0,0,0,25,14,-55.7957,136.296,1.5
1100000517,112.494,0,0,-112.494,112.494,517,0,0,0,25,10,-2,140.777,1.5
1100429005,105.367,0,0,-105.367,105.367,437,17,54,115.376,1.5,0,0,0,25
1102928820,90.4906,0,0,-90.4906,90.4906,252,16,20.4592,67.4592,1.5,0,0,0,25
1103928984,99.1024,0,0,-99.1024,99.1024,416,3,-46.2989,112.5,1.5,0,0,0,25
1104428947,111.3,0,0,-111.3,111.3,379,2,-5.90851,99.5,1.5,0,0,0,25
1104429085,112.494,0,0,-112.494,112.494,517,10,-2,140.777,1.5,0,0,0,25
1104928911,104.862,0,0,-104.862,104.862,343,20,26.2978,95.2978,1.5,0,0,0,25
1109429064,107.982,0,0,-107.982,107.982,496,15,51.8509,135.851,1.5,0,0,0,25
1115428930,96.9388,0,0,-96.9388,96.9388,362,5,-42,95.5806,1.5,0,0,0,25
1115429068,98.6326,0,0,-98.6326,98.6326,500,12,-31,143.082,1.5,0,0,0,25
1121429064,108.105,0,0,-108.105,108.105,496,18,65.9782,129.478,1.5,0,0,0,25
1124429008,119.932,0,0,-119.932,119.932,440,11,24.5,125.926,1.5,0,0,0,25
1125428772,88.8845,0,0,-88.8845,88.8845,204,4,-25.6582,52.1582,1.5,0,0,0,25
1129428899,98.354,0,0,-98.354,98.354,331,13,38.956,86.456,1.5,0,0,0,25
1132428805,108.293,0,0,-108.293,108.293,237,9,10.3145,64.8145,1.5,0,0,0,25
1132928756,103.734,0,0,-103.734,103.734,188,6,3.5,49.4696,1.5,0,0,0,25
1136928807,97.2388,0,0,-97.2388,97.2388,239,1,-18.0653,64.4347,1.5,0,0,0,25
1138428784,87.594,0,0,-87.594,87.594,216,19,20.258,56.242,1.5,0,0,0,25
1139928777,90.9839,0,0,-90.9839,90.9839,209,7,15.6075,54.8925,1.5,0,0,0,25
1145929071,99.7405,0,0,-99.7405,99.7405,503,14,-55.7957,136.296,1.5,0,0,0,25
1148429052,98.1834,0,0,-98.1834,98.1834,484,8,-43.7762,134.776,1.5,0,0,0,25
1150000188,103.734,0,0,-103.734,103.734,188,0,0,0,25,6,3.5,49.4696,1.5
1150000204,88.8845,0,0,-88.8845,88.8845,204,0,0,0,25,4,-25.6582,52.1582,1.5
1150000209,90.9839,0,0,-90.9839,90.9839,209,0,0,0,25,7,15.6075,54.8925,1.5
1150000216,87.594,0,0,-87.594,87.594,216,0,0,0,25,19,20.258,56.242,1.5
1150000237,108.293,0,0,-108.293,108.293,237,0,0,0,25,9,10.3145,64.8145,1.5
1150000239,97.2388,0,0,-97.2388,97.2388,239,0,0,0,25,1,-18.0653,64.4347,1.5
1150000252,90.4906,0,0,-90.4906,90.4906,252,0,0,0,25,16,20.4592,67.4592,1.5
1150000331,98.354,0,0,-98.354,98.354,331,0,0,0,25,13,38.956,86.456,1.5
1150000343,104.862,0,0,-104.862,104.862,343,0,0,0,25,20,26.2978,95.2978,1.5
1150000362,96.9388,0,0,-96.9388,96.9388,362,0,0,0,25,5,-42,95.5806,1.5
1150000379,111.3,0,0,-111.3,111.3,379,0,0,0,25,2,-5.90851,99.5,1.5
1150000416,99.1024,0,0,-99.1024,99.1024,416,0,0,0,25,3,-46.2989,112.5,1.5
1150000437,105.367,0,0,-105.367,105.367,437,0,0,0,25,17,54,115.376,1.5
1150000440,119.932,0,0,-119.932,119.932,440,0,0,0,25,11,24.5,125.926,1.5
1150000484,98.1834,0,0,-98.1834,98.1834,484,0,0,0,25,8,-43.7762,134.776,1.5
1150000496,107.982,0,0,-107.982,107.982,496,0,0,0,25,15,51.8509,135.851,1.5
1150000496,108.105,0,0,-108.105,108.105,496,0,0,0,25,18,65.9782,129.478,1.5
1150000500,98.6326,0,0,-98.6326,98.6326,500,0,0,0,25,12,-31,143.082,1.5
1150000503,99.7405,0,0,-99.7405,99.7405,503,0,0,0,25,14,-55.7957,136.296,1.5
1150000517,112.494,0,0,-112.494,112.494,517,0,0,0,25,10,-2,140.777,1.5
1150429005,105.367,0,0,-105.367,105.367,437,17,54,115.376,1.5,0,0,0,25
1152928820,90.4906,0,0,-90.4906,90.4906,252,16,20.4592,67.4592,1.5,0,0,0,25
1153928984,99.1024,0,0,-99.1024,99.1024,416,3,-46.2989,112.5,1.5,0,0,0,25
1154428947,111.3,0,0,-111.3,111.3,379,2,-5.90851,99.5,1.5,0,0,0,25
1154429085,112.494,0,0,-112.494,112.494,517,10,-2,140.777,1.5,0,0,0,25
1154928911,104.862,0,0,-104.862,104.862,343,20,26.2978,95.2978,1.5,0,0,0,25
1159429064,107.982,0,0,-107.982,107.982,496,15,51.8509,135.851,1.5,0,0,0,25
1165428930,96.9388,0,0,-96.9388,96.9388,362,5,-42,95.5806,1.5,0,0,0,25
1165429068,98.6326,0,0,-98.6326,98.6326,500,12,-31,143.082,1.5,0,0,0,25
1171429064,108.105,0,0,-108.105,108.105,496,18,65.9782,129.478,1.5,0,0,0,25
1174429008,119.932,0,0,-119.932,119.932,440,11,24.5,125.926,1.5,0,0,0,25
1175428772,88.8845,0,0,-88.8845,88.8845,204,4,-25.6582,52.1582,1.5,0,0,0,25
1179428899,98.354,0,0,-98.354,98.354,331,13,38.956,86.456,1.5,0,0,0,25
1182428805,108.293,0,0,-108.293,108.293,237,9,10.3145,64.8145,1.5,0,0,0,25
1182928756,103.734,0,0,-103.734,103.734,188,6,3.5,49.4696,1.5,0,0,0,25
1186928807,97.2388,0,0,-97.2388,97.2388,239,1,-18.0653,64.4347,1.5,0,0,0,25
1188428784,87.594,0,0,-87.594,87.594,216,19,20.258,56.242,1.5,0,0,0,25
1189928777,90.9839,0,0,-90.9839,90.9839,209,7,15.6075,54.8925,1.5,0,0,0,25
1195929071,99.7405,0,0,-99.7405,99.7405,503,14,-55.7957,136.296,1.5,0,0,0,25
1198429052,98.1834,0,0,-98.1834,98.1834,484,8,-43.7762,134.776,1.5,0,0,0,25
1200000188,103.734,0,0,-103.734,103.734,188,0,0,0,25,6,3.5,49.3196,1.5
1200000204,88.8845,0,0,-88.8845,88.8845,204,0,0,0,25,4,-25.7643,52.2643,1.5
1200000209,90.9839,0,0,-90.9839,90.9839,209,0,0,0,25,7,15.7136,54.7864,1.5
1200000216,87.594,0,0,-87.594,87.594,216,0,0,0,25,19,20.364,56.136,1.5
1200000237,108.293,0,0,-108.293,108.293,237,0,0,0,25,9,10.2084,64.7084,1.5
1200000239,97.2388,0,0,-97.2388,97.2388,239,0,0,0,25,1,-18.1714,64.3286,1.5
1200000252,90.4906,0,0,-90.4906,90.4906,252,0,0,0,25,16,20.3532,67.3532,1.5
1200000331,98.354,0,0,-98.354,98.354,331,0,0,0,25,13,38.8499,86.3499,1.5
1200000343,104.862,0,0,-104.862,104.862,343,0,0,0,25,20,26.1917,95.1917,1.5
1200000362,96.9388,0,0,-96.9388,96.9388,362,0,0,0,25,5,-42,95.4306,1.5
1200000379,111.3,0,0,-111.3,111.3,379,0,0,0,25,2,-6.05851,99.5,1.5
1200000416,99.1024,0,0,-99.1024,99.1024,416,0,0,0,25,3,-46.1489,112.5,1.5
1200000437,105.367,0,0,-105.367,105.367,437,0,0,0,25,17,54,115.226,1.5
1200000440,119.932,0,0,-119.932,119.932,440,0,0,0,25,11,24.5,125.776,1.5
1200000484,98.1834,0,0,-98.1834,98.1834,484,0,0,0,25,8,-43.6702,134.67,1.5
1200000496,107.982,0,0,-107.982,107.982,496,0,0,0,25,15,51.7449,135.745,1.5
1200000496,108.105,0,0,-108.105,108.105,496,0,0,0,25,18,65.8721,129.372,1.5
1200000500,98.6326,0,0,-98.6326,98.6326,500,0,0,0,25,12,-31,142.932,1.5
1200000503,99.7405,0,0,-99.7405,99.7405,503,0,0,0,25,14,-55.6896,136.19,1.5
1200000517,112.494,0,0,-112.494,112.494,517,0,0,0,25,10,-2,140.627,1.5
1200429005,105.367,0,0,-105.367,105.367,437,17,54,115.226,1.5,0,0,0,25
1202928820,90.4906,0,0,-90.4906,90.4906,252,16,20.3532,67.3532,1.5,0,0,0,25
1203928984,99.1024,0,0,-99.1024,99.1024,416,3,-46.1489,112.5,1.5,0,0,0,25
1204428947,111.3,0,0,-111.3,111.3,379,2,-6.05851,99.5,1.5,0,0,0,25
1204928911,104.862,0,0,-104.862,104.862,343,20,26.1917,95.1917,1.5,0,0,0,25
1204929085,112.494,0,0,-112.494,112.494,517,10,-2,140.627,1.5,0,0,0,25
1209429064,107.982,0,0,-107.982,107.982,496,15,51.7449,135.745,1.5,0,0,0,25
1215428930,96.9388,0,0,-96.9388,96.9388,362,5,-42,95.4306,1.5,0,0,0,25
1215429068,98.6326,0,0,-98.6326,98.6326,500,12,-31,142.932,1.5,0,0,0,25
1221429064,108.105,0,0,-108.105,108.105,496,18,65.8721,129.372,1.5,0,0,0,25
1224429008,119.932,0,0,-119.932,119.932,440,11,24.5,125.776,1.5,0,0,0,25
1225428772,88.8845,0,0,-88.8845,88.8845,204,4,-25.7643,52.2643,1.5,0,0,0,25
1229428899,98.354,0,0,-98.354,98.354,331,13,38.8499,86.3499,1.5,0,0,0,25
1232428805,108.293,0,0,-108.293,108.293,237,9,10.2084,64.7084,1.5,0,0,0,25
1232928756,103.734,0,0,-103.734,103.734,188,6,3.5,49.3196,1.5,0,0,0,25
1236928807,97.2388,0,0,-97.2388,97.2388,239,1,-18.1714,64.3286,1.5,0,0,0,25
1238428784,87.594,0,0,-87.594,87.594,216,19,20.364,56.136,1.5,0,0,0,25
1239928777,90.9839,0,0,-90.9839,90.9839,209,7,15.7136,54.7864,1.5,0,0,0,25
1245929071,99.7405,0,0,-99.7405,99.7405,503,14,-55.6896,136.19,1.5,0,0,0,25
1248429052,98.1834,0,0,-98.1834,98.1834,484,8,-43.6702,134.67,1.5,0,0,0,25
1250000188,103.734,0,0,-103.734,103.734,188,0,0,0,25,6,3.5,49.3196,1.5
1250000204,88.8845,0,0,-88.8845,88.8845,204,0,0,0,25,4,-25.7643,52.2643,1.5
1250000209,90.9839,0,0,-90.9839,90.9839,209,0,0,0,25,7,15.7136,54.7864,1.5
1250000216,87.594,0,0,-87.594,87.594,216,0,0,0,25,19,20.364,56.136,1.5
1250000237,108.293,0,0,-108.293,108.293,237,0,0,0,25,9,10.2084,64.7084,1.5
1250000239,97.2388,0,0,-97.2388,97.2388,239,0,0,0,25,1,-18.1714,64.3286,1.5
1250000252,90.4906,0,0,-90.4906,90.4906,252,0,0,0,25,16,20.3532,67.3532,1.5
1250000331,98.354,0,0,-98.354,98.354,331,0,0,0,25,13,38.8499,86.3499,1.5
1250000343,104.862,0,0,-104.862,104.862,343,0,0,0,25,20,26.1917,95.1917,1.5
1250000362,96.9388,0,0,-96.9388,96.9388,362,0,0,0,25,5,-42,95.4306,1.5
1250000379,111.3,0,0,-111.3,111.3,379,0,0,0,25,2,-6.05851,99.5,1.5
1250000416,99.1024,0,0,-99.1024,99.1024,416,0,0,0,25,3,-46.1489,112.5,1.5
1250000437,105.367,0,0,-105.367,105.367,437,0,0,0,25,17,54,115.226,1.5
1250000440,119.932,0,0,-119.932,119.932,440,0,0,0,25,11,24.5,125.776,1.5
1250000484,98.1834,0,0,-98.1834,98.1834,484,0,0,0,25,8,-43.6702,134.67,1.5
1250000496,107.982,0,0,-107.982,107.982,496,0,0,0,25,15,51.7449,135.745,1.5
1250000496,108.105,0,0,-108.105,108.105,496,0,0,0,25,18,65.8721,129.372,1.5
1250000500,98.6326,0,0,-98.6326,98.6326,500,0,0,0,25,12,-31,142.932,1.5
1250000503,99.7405,0,0,-99.7405,99.7405,503,0,0,0,25,14,-55.6896,136.19,1.5
1250000517,112.494,0,0,-112.494,112.494,517,0,0,0,25,10,-2,140.627,1.5
1250429005,105.367,0,0,-105.367,105.367,437,17,54,115.226,1.5,0,0,0,25
1252928820,90.4906,0,0,-90.4906,90.4906,252,16,20.3532,67.3532,1.5,0,0,0,25
1253928984,99.1024,0,0,-99.1024,99.1024,416,3,-46.1489,112.5,1.5,0,0,0,25
1254428947,111.3,0,0,-111.3,111.3,379,2,-6.05851,99.5,1.5,0,0,0,25
1254928911,104.862,0,0,-104.862,104.862,343,20,26.1917,95.1917,1.5,0,0,0,25
1255929085,112.494,0,0,-112.494,112.494,517,10,-2,140.627,1.5,0,0,0,25
1259429064,107.982,0,0,-107.982,107.982,496,15,51.7449,135.745,1.5,0,0,0,25
1265428930,96.9388,0,0,-96.9388,96.9388,362,5,-42,95.4306,1.5,0,0,0,25
1265429068,98.6326,0,0,-98.6326,98.6326,500,12,-31,142.932,1.5,0,0,0,25
1271429064,108.105,0,0,-108.105,108.105,496,18,65.8721,129.372,1.5,0,0,0,25
1274929008,119.932,0,0,-119.932,119.932,440,11,24.5,125.776,1.5,0,0,0,25
1275428772,88.8845,0,0,-88.8845,88.8845,204,4,-25.7643,52.2643,1.5,0,0,0,25
1279428899,98.354,0,0,-98.354,98.354,331,13,38.8499,86.3499,1.5,0,0,0,25
1282928756,103.734,0,0,-103.734,103.734,188,6,3.5,49.3196,1.5,0,0,0,25
1282928805,108.293,0,0,-108.293,108.293,237,9,10.2084,64.7084,1.5,0,0,0,25
1286928807,97.2388,0,0,-97.2388,97.2388,239,1,-18.1714,64.3286,1.5,0,0,0,25
1288428784,87.594,0,0,-87.594,87.594,216,19,20.364,56.136,1.5,0,0,0,25
1289928777,90.9839,0,0,-90.9839,90.9839,209,7,15.7136,54.7864,1.5,0,0,0,25
1295929071,99.7405,0,0,-99.7405,99.7405,503,14,-55.6896,136.19,1.5,0,0,0,25
1298429052,98.1834,0,0,-98.1834,98.1834,484,8,-43.6702,134.67,1.5,0,0,0,25
1300000188,103.734,0,0,-103.734,103.734,188,0,0,0,25,6,3.5,49.1696,1.5
1300000204,88.8845,0,0,-88.8845,88.8845,204,0,0,0,25,4,-25.8704,52.3704,1.5
1300000209,90.9839,0,0,-90.9839,90.9839,209,0,0,0,25,7,15.8197,54.6803,1.5
1300000216,87.594,0,0,-87.594,87.594,216,0,0,0,25,19,20.4701,56.0299,1.5
1300000237,108.293,0,0,-108.293,108.293,237,0,0,0,25,9,10.1024,64.6024,1.5
1300000239,97.2388,0,0,-97.2388,97.2388,239,0,0,0,25,1,-18.2774,64.2226,1.5
1300000252,90.4906,0,0,-90.4906,90.4906,252,0,0,0,25,16,20.2471,67.2471,1.5
1300000331,98.354,0,0,-98.354,98.354,331,0,0,0,25,13,38.7439,86.2439,1.5
1300000343,104.862,0,0,-104.862,104.862,343,0,0,0,25,20,26.0856,95.0856,1.5
1300000362,96.9388,0,0,-96.9388,96.9388,362,0,0,0,25,5,-42,95.2806,1.5
1300000379,111.3,0,0,-111.3,111.3,379,0,0,0,25,2,-6.20851,99.5,1.5
1300000416,99.1024,0,0,-99.1024,99.1024,416,0,0,0,25,3,-45.9989,112.5,1.5
1300000437,105.367,0,0,-105.367,105.367,437,0,0,0,25,17,54,115.076,1.5
1300000440,119.932,0,0,-119.932,119.932,440,0,0,0,25,11,24.5,125.626,1.5
1300000484,98.1834,0,0,-98.1834,98.1834,484,0,0,0,25,8,-43.5641,134.564,1.5
1300000496,107.982,0,0,-107.982,107.982,496,0,0,0,25,15,51.6388,135.639,1.5
1300000496,108.105,0,0,-108.105,108.105,496,0,0,0,25,18,65.766,129.266,1.5
1300000500,98.6326,0,0,-98.6326,98.6326,500,0,0,0,25,12,-31,142.782,1.5
1300000503,99.7405,0,0,-99.7405,99.7405,503,0,0,0,25,14,-55.5836,136.084,1.5
1300000517,112.494,0,0,-112.494,112.494,517,0,0,0,25,10,-2,140.477,1.5
1300429005,105.367,0,0,-105.367,105.367,437,17,54,115.076,1.5,0,0,0,25
1302928820,90.4906,0,0,-90.4906,90.4906,252,16,20.2471,67.2471,1.5,0,0,0,25
1303928984,99.1024,0,0,-99.1024,99.1024,416,3,-45.9989,112.5,1.5,0,0,0,25
1304428947,111.3,0,0,-111.3,111.3,379,2,-6.20851,99.5,1.5,0,0,0,25
1304928911,104.862,0,0,-104.862,104.862,343,20,26.0856,95.0856,1.5,0,0,0,25
1305929085,112.494,0,0,-112.494,112.494,517,10,-2,140.477,1.5,0,0,0,25
1309429064,107.982,0,0,-107.982,107.982,496,15,51.6388,135.639,1.5,0,0,0,25
1315428930,96.9388,0,0,-96.9388,96.9388,362,5,-42,95.2806,1.5,0,0,0,25
1315429068,98.6326,0,0,-98.6326,98.6326,500,12,-31,142.782,1.5,0,0,0,25
1321429064,108.105,0,0,-108.105,108.105,496,18,65.766,129.266,1.5,0,0,0,25
1324929008,119.932,0,0,-119.932,119.932,440,11,24.5,125.626,1.5,0,0,0,25
1325428772,88.8845,0,0,-88.8845,88.8845,204,4,-25.8704,52.3704,1.5,0,0,0,25
1329428899,98.354,0,0,-98.354,98.354,331,13,38.7439,86.2439,1.5,0,0,0,25
1332928756,103.734,0,0,-103.734,103.734,188,6,3.5,49.1696,1.5,0,0,0,25
1332928805,108.293,0,0,-108.293,108.293,237,9,10.1024,64.6024,1.5,0,0,0,25
1336928807,97.2388,0,0,-97.2388,97.2388,239,1,-18.2774,64.2226,1.5,0,0,0,25
1338428784,87.594,0,0,-87.594,87.594,216,19,20.4701,56.0299,1.5,0,0,0,25
1339928777,90.9839,0,0,-90.9839,90.9839,209,7,15.8197,54.6803,1.5,0,0,0,25
1346357644,99.7405,0,0,-99.7405,99.7405,503,14,-55.5836,136.084,1.5,0,0,0,25
1348429052,98.1834,0,0,-98.1834,98.1834,484,8,-43.5641,134.564,1.5,0,0,0,25
1350000188,103.734,0,0,-103.734,103.734,188,0,0,0,25,6,3.5,49.1696,1.5
1350000204,88.8845,0,0,-88.8845,88.8845,204,0,0,0,25,4,-25.8704,52.3704,1.5
1350000209,90.9839,0,0,-90.9839,90.9839,209,0,0,0,25,7,15.8197,54.6803,1.5
1350000216,87.594,0,0,-87.594,87.594,216,0,0,0,25,19,20.4701,56.0299,1.5
1350000237,108.293,0,0,-108.293,108.293,237,0,0,0,25,9,10.1024,64.6024,1.5
1350000239,97.2388,0,0,-97.2388,97.2388,239,0,0,0,25,1,-18.2774,64.2226,1.5
1350000252,90.4906,0,0,-90.4906,90.4906,252,0,0,0,25,16,20.2471,67.2471,1.5
1350000331,98.354,0,0,-98.354,98.354,331,0,0,0,25,13,38.7439,86.2439,1.5
1350000343,104.862,0,0,-104.862,104.862,343,0,0,0,25,20,26.0856,95.0856,1.5
1350000362,96.9388,0,0,-96.9388,96.9388,362,0,0,0,25,5,-42,95.2806,1.5
1350000379,111.3,0,0,-111.3,111.3,379,0,0,0,25,2,-6.20851,99.5,1.5
1350000416,99.1024,0,0,-99.1024,99.1024,416,0,0,0,25,3,-45.9989,112.5,1.5
1350000437,105.367,0,0,-105.367,105.367,437,0,0,0,25,17,54,115.076,1.5
1350000440,119.932,0,0,-119.932,119.932,440,0,0,0,25,11,24.5,125.626,1.5
1350000484,98.1834,0,0,-98.1834,98.1834,484,0,0,0,25,8,-43.5641,134.564,1.5
1350000496,107.982,0,0,-107.982,107.982,496,0,0,0,25,15,51.6388,135.639,1.5
1350000496,108.105,0,0,-108.105,108.105,496,0,0,0,25,18,65.766,129.266,1.5
1350000500,98.6326,0,0,-98.6326,98.6326,500,0,0,0,25,12,-31,142.782,1.5
1350000503,99.7405,0,0,-99.7405,99.7405,503,0,0,0,25,14,-55.5836,136.084,1.5
1350000517,112.494,0,0,-112.494,112.494,517,0,0,0,25,10,-2,140.477,1.5
1350429005,105.367,0,0,-105.367,105.367,437,17,54,115.076,1.5,0,0,0,25
1352928820,90.4906,0,0,-90.4906,90.4906,252,16,20.2471,67.2471,1.5,0,0,0,25
1353928984,99.1024,0,0,-99.1024,99.1024,416,3,-45.9989,112.5,1.5,0,0,0,25
1354428947,111.3,0,0,-111.3,111.3,379,2,-6.20851,99.5,1.5,0,0,0,25
1354928911,104.862,0,0,-104.862,104.862,343,20,26.0856,95.0856,1.5,0,0,0,25
1355929085,112.494,0,0,-112.494,112.494,517,10,-2,140.477,1.5,0,0,0,25
1359429064,107.982,0,0,-107.982,107.982,496,15,51.6388,135.639,1.5,0,0,0,25
1365428930,96.9388,0,0,-96.9388,96.9388,362,5,-42,95.2806,1.5,0,0,0,25
1365429068,98.6326,0,0,-98.6326,98.6326,500,12,-31,142.782,1.5,0,0,0,25
1371429064,108.105,0,0,-108.105,108.105,496,18,65.766,129.266,1.5,0,0,0,25
1375428772,88.8845,0,0,-88.8845,88.8845,204,4,-25.8704,52.3704,1.5,0,0,0,25
1375929008,119.932,0,0,-119.932,119.932,440,11,24.5,125.626,1.5,0,0,0,25
1379428899,98.354,0,0,-98.354,98.354,331,13,38.7439,86.2439,1.5,0,0,0,25
1382928756,103.734,0,0,-103.734,103.734,188,6,3.5,49.1696,1.5,0,0,0,25
1383928805,108.293,0,0,-108.293,108.293,237,9,10.1024,64.6024,1.5,0,0,0,25
1386928807,97.2388,0,0,-97.2388,97.2388,239,1,-18.2774,64.2226,1.5,0,0,0,25
1388428784,87.594,0,0,-87.594,87.594,216,19,20.4701,56.0299,1.5,0,0,0,25
1389928777,90.9839,0,0,-90.9839,90.9839,209,7,15.8197,54.6803,1.5,0,0,0,25
1397357644,99.7405,0,0,-99.7405,99.7405,503,14,-55.5836,136.084,1.5,0,0,0,25
1398429052,98.1834,0,0,-98.1834,98.1834,484,8,-43.5641,134.564,1.5,0,0,0,25
1400000188,103.734,0,0,-103.734,103.734,188,0,0,0,25,6,3.5,49.0196,1.5
1400000204,88.8845,0,0,-88.8845,88.8845,204,0,0,0,25,4,-25.9764,52.4764,1.5
1400000209,90.9839,0,0,-90.9839,90.9839,209,0,0,0,25,7,15.9257,54.5743,1.5
1400000216,87.594,0,0,-87.594,87.594,216,0,0,0,25,19,20.5762,55.9238,1.5
1400000237,108.293,0,0,-108.293,108.293,237,0,0,0,25,9,9.99632,64.4963,1.5
1400000239,97.2388,0,0,-97.2388,97.2388,239,0,0,0,25,1,-18.3835,64.1165,1.5
1400000252,90.4906,0,0,-90.4906,90.4906,252,0,0,0,25,16,20.141,67.141,1.5
1400000331,98.354,0,0,-98.354,98.354,331,0,0,0,25,13,38.6378,86.1378,1.5
1400000343,104.862,0,0,-104.862,104.862,343,0,0,0,25,20,25.9796,94.9796,1.5
1400000362,96.9388,0,0,-96.9388,96.9388,362,0,0,0,25,5,-42,95.1306,1.5
1400000379,111.3,0,0,-111.3,111.3,379,0,0,0,25,2,-6.35851,99.5,1.5
1400000416,99.1024,0,0,-99.1024,99.1024,416,0,0,0,25,3,-45.8489,112.5,1.5
1400000437,105.367,0,0,-105.367,105.367,437,0,0,0,25,17,54,114.926,1.5
1400000440,119.932,0,0,-119.932,119.932,440,0,0,0,25,11,24.5,125.476,1.5
1400000484,98.1834,0,0,-98.1834,98.1834,484,0,0,0,25,8,-43.458,134.458,1.5
1400000496,107.982,0,0,-107.982,107.982,496,0,0,0,25,15,51.5327,135.533,1.5
1400000496,108.105,0,0,-108.105,108.105,496,0,0,0,25,18,65.66,129.16,1.5
1400000500,98.6326,0,0,-98.6326,98.6326,500,0,0,0,25,12,-31,142.632,1.5
1400000503,99.7405,0,0,-99.7405,99.7405,503,0,0,0,25,14,-55.4775,135.977,1.5
1400000517,112.494,0,0,-112.494,112.494,517,0,0,0,25,10,-2,140.327,1.5
1400429005,105.367,0,0,-105.367,105.367,437,17,54,114.926,1.5,0,0,0,25
1402928820,90.4906,0,0,-90.4906,90.4906,252,16,20.141,67.141,1.5,0,0,0,25
1403928984,99.1024,0,0,-99.1024,99.1024,416,3,-45.8489,112.5,1.5,0,0,0,25
1404428947,111.3,0,0,-111.3,111.3,379,2,-6.35851,99.5,1.5,0,0,0,25
1404928911,104.862,0,0,-104.862,104.862,343,20,25.9796,94.9796,1.5,0,0,0,25
1405929085,112.494,0,0,-112.494,112.494,517,10,-2,140.327,1.5,0,0,0,25
1409429064,107.982,0,0,-107.982,107.982,496,15,51.5327,135.533,1.5,0,0,0,25
1415428930,96.9388,0,0,-96.9388,96.9388,362,5,-42,95.1306,1.5,0,0,0,25
1415929068,98.6326,0,0,-98.6326,98.6326,500,12,-31,142.632,1.5,0,0,0,25
1421429064,108.105,0,0,-108.105,108.105,496,18,65.66,129.16,1.5,0,0,0,25
1425428772,88.8845,0,0,-88.8845,88.8845,204,4,-25.9764,52.4764,1.5,0,0,0,25
1426429008,119.932,0,0,-119.932,119.932,440,11,24.5,125.476,1.5,0,0,0,25
1429928899,98.354,0,0,-98.354,98.354,331,13,38.6378,86.1378,1.5,0,0,0,25
1432928756,103.734,0,0,-103.734,103.734,188,6,3.5,49.0196,1.5,0,0,0,25
1433928805,108.293,0,0,-108.293,108.293,237,9,9.99632,64.4963,1.5,0,0,0,25
1436928807,97.2388,0,0,-97.2388,97.2388,239,1,-18.3835,64.1165,1.5,0,0,0,25
1438428784,87.594,0,0,-87.594,87.594,216,19,20.5762,55.9238,1.5,0,0,0,25
1439928777,90.9839,0,0,-90.9839,90.9839,209,7,15.9257,54.5743,1.5,0,0,0,25
1447429071,99.7405,0,0,-99.7405,99.7405,503,14,-55.4775,135.977,1.5,0,0,0,25
1448429052,98.1834,0,0,-98.1834,98.1834,484,8,-43.458,134.458,1.5,0,0,0,25
1450000188,103.734,0,0,-103.734,103.734,188,0,0,0,25,6,3.5,49.0196,1.5
1450000204,88.8845,0,0,-88.8845,88.8845,204,0,0,0,25,4,-25.9764,52.4764,1.5
1450000209,90.9839,0,0,-90.9839,90.9839,209,0,0,0,25,7,15.9257,54.5743,1.5
1450000216,87.594,0,0,-87.594,87.594,216,0,0,0,25,19,20.5762,55.9238,1.5
1450000237,108.293,0,0,-108.293,108.293,237,0,0,0,25,9,9.99632,64.4963,1.5
1450000239,97.2388,0,0,-97.2388,97.2388,239,0,0,0,25,1,-18.3835,64.1165,1.5
1450000252,90.4906,0,0,-90.4906,90.4906,252,0,0,0,25,16,20.141,67.141,1.5
1450000331,98.354,0,0,-98.354,98.354,331,0,0,0,25,13,38.6378,86.1378,1.5
1450000343,104.862,0,0,-104.862,104.862,343,0,0,0,25,20,25.9796,94.9796,1.5
1450000362,96.9388,0,0,-96.9388,96.9388,362,0,0,0,25,5,-42,95.1306,1.5
1450000379,111.3,0,0,-111.3,111.3,379,0,0,0,25,2,-6.35851,99.5,1.5
1450000416,99.1024,0,0,-99.1024,99.1024,416,0,0,0,25,3,-45.8489,112.5,1.5
1450000437,105.367,0,0,-105.367,105.367,437,0,0,0,25,17,54,114.926,1.5
1450000440,119.932,0,0,-119.932,119.932,440,0,0,0,25,11,24.5,125.476,1.5
1450000484,98.1834,0,0,-98.1834,98.1834,484,0,0,0,25,8,-43.458,134.458,1.5
1450000496,107.982,0,0,-107.982,107.982,496,0,0,0,25,15,51.5327,135.533,1.5
1450000496,108.105,0,0,-108.105,108.105,496,0,0,0,25,18,65.66,129.16,1.5
1450000500,98.6326,0,0,-98.6326,98.6326,500,0,0,0,25,12,-31,142.632,1.5
1450000503,99.7405,0,0,-99.7405,99.7405,503,0,0,0,25,14,-55.4775,135.977,1.5
1450000517,112.494,0,0,-112.494,112.494,517,0,0,0,25,10,-2,140.327,1.5
1450429005,105.367,0,0,-105.367,105.367,437,17,54,114.926,1.5,0,0,0,25
1452928820,90.4906,0,0,-90.4906,90.4906,252,16,20.141,67.141,1.5,0,0,0,25
1453928984,99.1024,0,0,-99.1024,99.1024,416,3,-45.8489,112.5,1.5,0,0,0,25
1454428947,111.3,0,0,-111.3,111.3,379,2,-6.35851,99.5,1.5,0,0,0,25
1454928911,104.862,0,0,-104.862,104.862,343,20,25.9796,94.9796,1.5,0,0,0,25
1455929085,112.494,0,0,-112.494,112.494,517,10,-2,140.327,1.5,0,0,0,25
1459429064,107.982,0,0,-107.982,107.982,496,15,51.5327,135.533,1.5,0,0,0,25
1465428930,96.9388,0,0,-96.9388,96.9388,362,5,-42,95.1306,1.5,0,0,0,25
1465929068,98.6326,0,0,-98.6326,98.6326,500,12,-31,142.632,1.5,0,0,0,25
1471429064,108.105,0,0,-108.105,108.105,496,18,65.66,129.16,1.5,0,0,0,25
1475428772,88.8845,0,0,-88.8845,88.8845,204,4,-25.9764,52.4764,1.5,0,0,0,25
1479928899,98.354,0,0,-98.354,98.354,331,13,38.6378,86.1378,1.5,0,0,0,25
1481429008,119.932,0,0,-119.932,119.932,440,11,24.5,125.476,1.5,0,0,0,25
1482928756,103.734,0,0,-103.734,103.734,188,6,3.5,49.0196,1.5,0,0,0,25
1483928805,108.293,0,0,-108.293,108.293,237,9,9.99632,64.4963,1.5,0,0,0,25
1486928807,97.2388,0,0,-97.2388,97.2388,239,1,-18.3835,64.1165,1.5,0,0,0,25
1488428784,87.594,0,0,-87.594,87.594,216,19,20.5762,55.9238,1.5,0,0,0,25
1489928777,90.9839,0,0,-90.9839,90.9839,209,7,15.9257,54.5743,1.5,0,0,0,25
1497429071,99.7405,0,0,-99.7405,99.7405,503,14,-55.4775,135.977,1.5,0,0,0,25
1498429052,98.1834,0,0,-98.1834,98.1834,484,8,-43.458,134.458,1.5,0,0,0,25
1500000188,103.734,0,0,-103.734,103.734,188,0,0,0,25,6,3.5,48.8696,1.5
1500000204,88.8845,0,0,-88.8845,88.8845,204,0,0,0,25,4,-26.0825,52.5825,1.5
1500000209,90.9839,0,0,-90.9839,90.9839,209,0,0,0,25,7,16.0318,54.4682,1.5
1500000216,87.594,0,0,-87.594,87.594,216,0,0,0,25,19,20.6822,55.8178,1.5
1500000237,108.293,0,0,-108.293,108.293,237,0,0,0,25,9,9.89025,64.3903,1.5
1500000239,97.2388,0,0,-97.2388,97.2388,239,0,0,0,25,1,-18.4896,64.0104,1.5
1500000252,90.4906,0,0,-90.4906,90.4906,252,0,0,0,25,16,20.035,67.035,1.5
1500000331,98.354,0,0,-98.354,98.354,331,0,0,0,25,13,38.5317,86.0317,1.5
1500000343,104.862,0,0,-104.862,104.862,343,0,0,0,25,20,25.8735,94.8735,1.5
1500000362,96.9388,0,0,-96.9388,96.9388,362,0,0,0,25,5,-42,94.9806,1.5
1500000379,111.3,0,0,-111.3,111.3,379,0,0,0,25,2,-6.50851,99.5,1.5
1500000416,99.1024,0,0,-99.1024,99.1024,416,0,0,0,25,3,-45.6989,112.5,1.5
1500000437,105.367,0,0,-105.367,105.367,437,0,0,0,25,17,54,114.776,1.5
1500000440,119.932,0,0,-119.932,119.932,440,0,0,0,25,11,24.5,125.326,1.5
1500000484,98.1834,0,0,-98.1834,98.1834,484,0,0,0,25,8,-43.352,134.352,1.5
1500000496,107.982,0,0,-107.982,107.982,496,0,0,0,25,15,51.4267,135.427,1.5
1500000496,108.105,0,0,-108.105,108.105,496,0,0,0,25,18,65.5539,129.054,1.5
1500000500,98.6326,0,0,-98.6326,98.6326,500,0,0,0,25,12,-31,142.482,1.5
1500000503,99.7405,0,0,-99.7405,99.7405,503,0,0,0,25,14,-55.3714,135.871,1.5
1500000517,112.494,0,0,-112.494,112.494,517,0,0,0,25,10,-2,140.177,1.5
1500429005,105.367,0,0,-105.367,105.367,437,17,54,114.776,1.5,0,0,0,25
1502928820,90.4906,0,0,-90.4906,90.4906,252,16,20.035,67.035,1.5,0,0,0,25
1503928984,99.1024,0,0,-99.1024,99.1024,416,3,-45.6989,112.5,1.5,0,0,0,25
1504428947,111.3,0,0,-111.3,111.3,379,2,-6.50851,99.5,1.5,0,0,0,25
1504928911,104.862,0,0,-104.862,104.862,343,20,25.8735,94.8735,1.5,0,0,0,25
1505929085,112.494,0,0,-112.494,112.494,517,10,-2,140.177,1.5,0,0,0,25
1509429064,107.982,0,0,-107.982,107.982,496,15,51.4267,135.427,1.5,0,0,0,25
1515428930,96.9388,0,0,-96.9388,96.9388,362,5,-42,94.9806,1.5,0,0,0,25
1515929068,98.6326,0,0,-98.6326,98.6326,500,12,-31,142.482,1.5,0,0,0,25
1521429064,108.105,0,0,-108.105,108.105,496,18,65.5539,129.054,1.5,0,0,0,25
1525428772,88.8845,0,0,-88.8845,88.8845,204,4,-26.0825,52.5825,1.5,0,0,0,25
1529928899,98.354,0,0,-98.354,98.354,331,13,38.5317,86.0317,1.5,0,0,0,25
1532928756,103.734,0,0,-103.734,103.734,188,6,3.5,48.8696,1.5,0,0,0,25
1533928805,108.293,0,0,-108.293,108.293,237,9,9.89025,64.3903,1.5,0,0,0,25
1535929008,119.932,0,0,-119.932,119.932,440,11,24.5,125.326,1.5,0,0,0,25
1536928807,97.2388,0,0,-97.2388,97.2388,239,1,-18.4896,64.0104,1.5,0,0,0,25
1538428784,87.594,0,0,-87.594,87.594,216,19,20.6822,55.8178,1.5,0,0,0,25
1539928777,90.9839,0,0,-90.9839,90.9839,209,7,16.0318,54.4682,1.5,0,0,0,25
1547429071,99.7405,0,0,-99.7405,99.7405,503,14,-55.3714,135.871,1.5,0,0,0,25
1548429052,98.1834,0,0,-98.1834,98.1834,484,8,-43.352,134.352,1.5,0,0,0,25
1550000188,103.734,0,0,-103.734,103.734,188,0,0,0,25,6,3.5,48.8696,1.5
1550000204,88.8845,0,0,-88.8845,88.8845,204,0,0,0,25,4,-26.0825,52.5825,1.5
1550000209,90.9839,0,0,-90.9839,90.9839,209,0,0,0,25,7,16.0318,54.4682,1.5
1550000216,87.594,0,0,-87.594,87.594,216,0,0,0,25,19,20.6822,55.8178,1.5
1550000237,108.293,0,0,-108.293,108.293,237,0,0,0,25,9,9.89025,64.3903,1.5
1550000239,97.2388,0,0,-97.2388,97.2388,239,0,0,0,25,1,-18.4896,64.0104,1.5
1550000252,90.4906,0,0,-90.4906,90.4906,252,0,0,0,25,16,20.035,67.035,1.5
1550000331,98.354,0,0,-98.354,98.354,331,0,0,0,25,13,38.5317,86.0317,1.5
1550000343,104.862,0,0,-104.862,104.862,343,0,0,0,25,20,25.8735,94.8735,1.5
1550000362,96.9388,0,0,-96.9388,96.9388,362,0,0,0,25,5,-42,94.9806,1.5
1550000379,111.3,0,0,-111.3,111.3,379,0,0,0,25,2,-6.50851,99.5,1.5
1550000416,99.1024,0,0,-99.1024,99.1024,416,0,0,0,25,3,-45.6989,112.5,1.5
1550000437,105.367,0,0,-105.367,105.367,437,0,0,0,25,17,54,114.776,1.5
1550000440,119.932,0,0,-119.932,119.932,440,0,0,0,25,11,24.5,125.326,1.5
1550000484,98.1834,0,0,-98.1834,98.1834,484,0,0,0,25,8,-43.352,134.352,1.5
1550000496,107.982,0,0,-107.982,107.982,496,0,0,0,25,15,51.4267,135.427,1.5
1550000496,108.105,0,0,-108.105,108.105,496,0,0,0,25,18,65.5539,129.054,1.5
1550000500,98.6326,0,0,-98.6326,98.6326,500,0,0,0,25,12,-31,142.482,1.5
1550000503,99.7405,0,0,-99.7405,99.7405,503,0,0,0,25,14,-55.3714,135.871,1.5
1550000517,112.494,0,0,-112.494,112.494,517,0,0,0,25,10,-2,140.177,1.5
1550429005,105.367,0,0,-105.367,105.367,437,17,54,114.776,1.5,0,0,0,25
1552928820,90.4906,0,0,-90.4906,90.4906,252,16,20.035,67.035,1.5,0,0,0,25
1553928984,99.1024,0,0,-99.1024,99.1024,416,3,-45.6989,112.5,1.5,0,0,0,25
1554428947,111.3,0,0,-111.3,111.3,379,2,-6.50851,99.5,1.5,0,0,0,25
1554928911,104.862,0,0,-104.862,104.862,343,20,25.8735,94.8735,1.5,0,0,0,25
1555929085,112.494,0,0,-112.494,112.494,517,10,-2,140.177,1.5,0,0,0,25
1559429064,107.982,0,0,-107.982,107.982,496,15,51.4267,135.427,1.5,0,0,0,25
1565428930,96.9388,0,0,-96.9388,96.9388,362,5,-42,94.9806,1.5,0,0,0,25
1565929068,98.6326,0,0,-98.6326,98.6326,500,12,-31,142.482,1.5,0,0,0,25
1571429064,108.105,0,0,-108.105,108.105,496,18,65.5539,129.054,1.5,0,0,0,25
1575428772,88.8845,0,0,-88.8845,88.8845,204,4,-26.0825,52.5825,1.5,0,0,0,25
1579928899,98.354,0,0,-98.354,98.354,331,13,38.5317,86.0317,1.5,0,0,0,25
1582928756,103.734,0,0,-103.734,103.734,188,6,3.5,48.8696,1.5,0,0,0,25
1583928805,108.293,0,0,-108.293,108.293,237,9,9.89025,64.3903,1.5,0,0,0,25
1585929008,119.932,0,0,-119.932,119.932,440,11,24.5,125.326,1.5,0,0,0,25
1586928807,97.2388,0,0,-97.2388,97.2388,239,1,-18.4896,64.0104,1.5,0,0,0,25
1588428784,87.594,0,0,-87.594,87.594,216,19,20.6822,55.8178,1.5,0,0,0,25
1589928777,90.9839,0,0,-90.9839,90.9839,209,7,16.0318,54.4682,1.5,0,0,0,25
1597429071,99.7405,0,0,-99.7405,99.7405,503,14,-55.3714,135.871,1.5,0,0,0,25
1598429052,98.1834,0,0,-98.1834,98.1834,484,8,-43.352,134.352,1.5,0,0,0,25
1600000188,103.734,0,0,-103.734,103.734,188,0,0,0,25,6,3.5,48.7196,1.5
1600000204,88.8845,0,0,-88.8845,88.8845,204,0,0,0,25,4,-26.1886,52.6886,1.5
1600000209,90.9839,0,0,-90.9839,90.9839,209,0,0,0,25,7,16.1379,54.3621,1.5
1600000216,87.594,0,0,-87.594,87.594,216,0,0,0,25,19,20.7883,55.7117,1.5
1600000237,108.293,0,0,-108.293,108.293,237,0,0,0,25,9,9.78419,64.2842,1.5
1600000239,97.2388,0,0,-97.2388,97.2388,239,0,0,0,25,1,-18.5956,63.9044,1.5
1600000252,90.4906,0,0,-90.4906,90.4906,252,0,0,0,25,16,19.9289,66.9289,1.5
1600000331,98.354,0,0,-98.354,98.354,331,0,0,0,25,13,38.4257,85.9257,1.5
1600000343,104.862,0,0,-104.862,104.862,343,0,0,0,25,20,25.7674,94.7674,1.5
1600000362,96.9388,0,0,-96.9388,96.9388,362,0,0,0,25,5,-42,94.8306,1.5
1600000379,111.3,0,0,-111.3,111.3,379,0,0,0,25,2,-6.65851,99.5,1.5
1600000416,99.1024,0,0,-99.1024,99.1024,416,0,0,0,25,3,-45.5489,112.5,1.5
1600000437,105.367,0,0,-105.367,105.367,437,0,0,0,25,17,54,114.626,1.5
1600000440,119.932,0,0,-119.932,119.932,440,0,0,0,25,11,24.5,125.176,1.5
1600000484,98.1834,0,0,-98.1834,98.1834,484,0,0,0,25,8,-43.2459,134.246,1.5
1600000496,107.982,0,0,-107.982,107.982,496,0,0,0,25,15,51.3206,135.321,1.5
1600000496,108.105,0,0,-108.105,108.105,496,0,0,0,25,18,65.4478,128.948,1.5
1600000500,98.6326,0,0,-98.6326,98.6326,500,0,0,0,25,12,-31,142.332,1.5
1600000503,99.7405,0,0,-99.7405,99.7405,503,0,0,0,25,14,-55.2654,135.765,1.5
1600000517,112.494,0,0,-112.494,112.494,517,0,0,0,25,10,-2,140.027,1.5
1600429005,105.367,0,0,-105.367,105.367,437,17,54,114.626,1.5,0,0,0,25
1602928820,90.4906,0,0,-90.4906,90.4906,252,16,19.9289,66.9289,1.5,0,0,0,25
1603928984,99.1024,0,0,-99.1024,99.1024,416,3,-45.5489,112.5,1.5,0,0,0,25
1604428947,111.3,0,0,-111.3,111.3,379,2,-6.65851,99.5,1.5,0,0,0,25
1604928911,104.862,0,0,-104.862,104.862,343,20,25.7674,94.7674,1.5,0,0,0,25
1605929085,112.494,0,0,-112.494,112.494,517,10,-2,140.027,1.5,0,0,0,25
1609429064,107.982,0,0,-107.982,107.982,496,15,51.3206,135.321,1.5,0,0,0,25
1615428930,96.9388,0,0,-96.9388,96.9388,362,5,-42,94.8306,1.5,0,0,0,25
1615929068,98.6326,0,0,-98.6326,98.6326,500,12,-31,142.332,1.5,0,0,0,25
1621429064,108.105,0,0,-108.105,108.105,496,18,65.4478,128.948,1.5,0,0,0,25
1625428772,88.8845,0,0,-88.8845,88.8845,204,4,-26.1886,52.6886,1.5,0,0,0,25
1629928899,98.354,0,0,-98.354,98.354,331,13,38.4257,85.9257,1.5,0,0,0,25
1632928756,103.734,0,0,-103.734,103.734,188,6,3.5,48.7196,1.5,0,0,0,25
1633928805,108.293,0,0,-108.293,108.293,237,9,9.78419,64.2842,1.5,0,0,0,25
1635929008,119.932,0,0,-119.932,119.932,440,11,24.5,125.176,1.5,0,0,0,25
1637428807,97.2388,0,0,-97.2388,97.2388,239,1,-18.5956,63.9044,1.5,0,0,0,25
1638428784,87.594,0,0,-87.594,87.594,216,19,20.7883,55.7117,1.5,0,0,0,25
1639928777,90.9839,0,0,-90.9839,90.9839,209,7,16.1379,54.3621,1.5,0,0,0,25
1647429071,99.7405,0,0,-99.7405,99.7405,503,14,-55.2654,135.765,1.5,0,0,0,25
1648429052,98.1834,0,0,-98.1834,98.1834,484,8,-43.2459,134.246,1.5,0,0,0,25
1650000188,103.734,0,0,-103.734,103.734,188,0,0,0,25,6,3.5,48.7196,1.5
1650000204,88.8845,0,0,-88.8845,88.8845,204,0,0,0,25,4,-26.1886,52.6886,1.5
1650000209,90.9839,0,0,-90.9839,90.9839,209,0,0,0,25,7,16.1379,54.3621,1.5
1650000216,87.594,0,0,-87.594,87.594,216,0,0,0,25,19,20.7883,55.7117,1.5
1650000237,108.293,0,0,-108.293,108.293,237,0,0,0,25,9,9.78419,64.2842,1.5
1650000239,97.2388,0,0,-97.2388,97.2388,239,0,0,0,25,1,-18.5956,63.9044,1.5
1650000252,90.4906,0,0,-90.4906,90.4906,252,0,0,0,25,16,19.9289,66.9289,1.5
1650000331,98.354,0,0,-98.354,98.354,331,0,0,0,25,13,38.4257,85.9257,1.5
1650000343,104.862,0,0,-104.862,104.862,343,0,0,0,25,20,25.7674,94.7674,1.5
1650000362,96.9388,0,0,-96.9388,96.9388,362,0,0,0,25,5,-42,94.8306,1.5
1650000379,111.3,0,0,-111.3,111.3,379,0,0,0,25,2,-6.65851,99.5,1.5
1650000416,99.1024,0,0,-99.1024,99.1024,416,0,0,0,25,3,-45.5489,112.5,1.5
1650000437,105.367,0,0,-105.367,105.367,437,0,0,0,25,17,54,114.626,1.5
1650000440,119.932,0,0,-119.932,119.932,440,0,0,0,25,11,24.5,125.176,1.5
1650000484,98.1834,0,0,-98.1834,98.1834,484,0,0,0,25,8,-43.2459,134.246,1.5
1650000496,107.982,0,0,-107.982,107.982,496,0,0,0,25,15,51.3206,135.321,1.5
1650000496,108.105,0,0,-108.105,108.105,496,0,0,0,25,18,65.4478,128.948,1.5
1650000500,98.6326,0,0,-98.6326,98.6326,500,0,0,0,25,12,-31,142.332,1.5
1650000503,99.7405,0,0,-99.7405,99.7405,503,0,0,0,25,14,-55.2654,135.765,1.5
1650000517,112.494,0,0,-112.494,112.494,517,0,0,0,25,10,-2,140.027,1.5
1650429005,105.367,0,0,-105.367,105.367,437,17,54,114.626,1.5,0,0,0,25
1652928820,90.4906,0,0,-90.4906,90.4906,252,16,19.9289,66.9289,1.5,0,0,0,25
1653928984,99.1024,0,0,-99.1024,99.1024,416,3,-45.5489,112.5,1.5,0,0,0,25
1654428947,111.3,0,0,-111.3,111.3,379,2,-6.65851,99.5,1.5,0,0,0,25
1654928911,104.862,0,0,-104.862,104.862,343,20,25.7674,94.7674,1.5,0,0,0,25
1655929085,112.494,0,0,-112.494,112.494,517,10,-2,140.027,1.5,0,0,0,25
1659429064,107.982,0,0,-107.982,107.982,496,15,51.3206,135.321,1.5,0,0,0,25
1665428930,96.9388,0,0,-96.9388,96.9388,362,5,-42,94.8306,1.5,0,0,0,25
1665929068,98.6326,0,0,-98.6326,98.6326,500,12,-31,142.332,1.5,0,0,0,25
1671429064,108.105,0,0,-108.105,108.105,496,18,65.4478,128.948,1.5,0,0,0,25
1675428772,88.8845,0,0,-88.8845,88.8845,204,4,-26.1886,52.6886,1.5,0,0,0,25
1679928899,98.354,0,0,-98.354,98.354,331,13,38.4257,85.9257,1.5,0,0,0,25
1682928756,103.734,0,0,-103.734,103.734,188,6,3.5,48.7196,1.5,0,0,0,25
1683928805,108.293,0,0,-108.293,108.293,237,9,9.78419,64.2842,1.5,0,0,0,25
1685929008,119.932,0,0,-119.932,119.932,440,11,24.5,125.176,1.5,0,0,0,25
1687428807,97.2388,0,0,-97.2388,97.2388,239,1,-18.5956,63.9044,1.5,0,0,0,25
1688428784,87.594,0,0,-87.594,87.594,216,19,20.7883,55.7117,1.5,0,0,0,25
1689928777,90.9839,0,0,-90.9839,90.9839,209,7,16.1379,54.3621,1.5,0,0,0,25
1697429071,99.7405,0,0,-99.7405,99.7405,503,14,-55.2654,135.765,1.5,0,0,0,25
1698429052,98.1834,0,0,-98.1834,98.1834,484,8,-43.2459,134.246,1.5,0,0,0,25
1700000188,103.734,0,0,-103.734,103.734,188,0,0,0,25,6,3.5,48.5696,1.5
1700000204,88.8845,0,0,-88.8845,88.8845,204,0,0,0,25,4,-26.2946,52.7946,1.5
1700000209,90.9839,0,0,-90.9839,90.9839,209,0,0,0,25,7,16.2439,54.2561,1.5
1700000216,87.594,0,0,-87.594,87.594,216,0,0,0,25,19,20.8944,55.6056,1.5
1700000237,108.293,0,0,-108.293,108.293,237,0,0,0,25,9,9.67812,64.1781,1.5
1700000239,97.2388,0,0,-97.2388,97.2388,239,0,0,0,25,1,-18.7017,63.7983,1.5
1700000252,90.4906,0,0,-90.4906,90.4906,252,0,0,0,25,16,19.8228,66.8228,1.5
1700000331,98.354,0,0,-98.354,98.354,331,0,0,0,25,13,38.3196,85.8196,1.5
1700000343,104.862,0,0,-104.862,104.862,343,0,0,0,25,20,25.6614,94.6614,1.5
1700000362,96.9388,0,0,-96.9388,96.9388,362,0,0,0,25,5,-42,94.6806,1.5
1700000379,111.3,0,0,-111.3,111.3,379,0,0,0,25,2,-6.80851,99.5,1.5
1700000416,99.1024,0,0,-99.1024,99.1024,416,0,0,0,25,3,-45.3989,112.5,1.5
1700000437,105.367,0,0,-105.367,105.367,437,0,0,0,25,17,54,114.476,1.5
1700000440,119.932,0,0,-119.932,119.932,440,0,0,0,25,11,24.5,125.026,1.5
1700000484,98.1834,0,0,-98.1834,98.1834,484,0,0,0,25,8,-43.1398,134.14,1.5
1700000496,107.982,0,0,-107.982,107.982,496,0,0,0,25,15,51.2145,135.215,1.5
1700000496,108.105,0,0,-108.105,108.105,496,0,0,0,25,18,65.3418,128.842,1.5
1700000500,98.6326,0,0,-98.6326,98.6326,500,0,0,0,25,12,-31,142.182,1.5
1700000503,99.7405,0,0,-99.7405,99.7405,503,0,0,0,25,14,-55.1593,135.659,1.5
1700000517,112.494,0,0,-112.494,112.494,517,0,0,0,25,10,-2,139.877,1.5
1700429005,105.367,0,0,-105.367,105.367,437,17,54,114.476,1.5,0,0,0,25
1702928820,90.4906,0,0,-90.4906,90.4906,252,16,19.8228,66.8228,1.5,0,0,0,25
1703928984,99.1024,0,0,-99.1024,99.1024,416,3,-45.3989,112.5,1.5,0,0,0,25
1704428947,111.3,0,0,-111.3,111.3,379,2,-6.80851,99.5,1.5,0,0,0,25
1704928911,104.862,0,0,-104.862,104.862,343,20,25.6614,94.6614,1.5,0,0,0,25
1705929085,112.494,0,0,-112.494,112.494,517,10,-2,139.877,1.5,0,0,0,25
1709429064,107.982,0,0,-107.982,107.982,496,15,51.2145,135.215,1.5,0,0,0,25
1715428930,96.9388,0,0,-96.9388,96.9388,362,5,-42,94.6806,1.5,0,0,0,25
1715929068,98.6326,0,0,-98.6326,98.6326,500,12,-31,142.182,1.5,0,0,0,25
1721429064,108.105,0,0,-108.105,108.105,496,18,65.3418,128.842,1.5,0,0,0,25
1725428772,88.8845,0,0,-88.8845,88.8845,204,4,-26.2946,52.7946,1.5,0,0,0,25
1729928899,98.354,0,0,-98.354,98.354,331,13,38.3196,85.8196,1.5,0,0,0,25
1732928756,103.734,0,0,-103.734,103.734,188,6,3.5,48.5696,1.5,0,0,0,25
1733928805,108.293,0,0,-108.293,108.293,237,9,9.67812,64.1781,1.5,0,0,0,25
1735929008,119.932,0,0,-119.932,119.932,440,11,24.5,125.026,1.5,0,0,0,25
1737428807,97.2388,0,0,-97.2388,97.2388,239,1,-18.7017,63.7983,1.5,0,0,0,25
1738428784,87.594,0,0,-87.594,87.594,216,19,20.8944,55.6056,1.5,0,0,0,25
1739928777,90.9839,0,0,-90.9839,90.9839,209,7,16.2439,54.2561,1.5,0,0,0,25
1747429071,99.7405,0,0,-99.7405,99.7405,503,14,-55.1593,135.659,1.5,0,0,0,25
1748429052,98.1834,0,0,-98.1834,98.1834,484,8,-43.1398,134.14,1.5,0,0,0,25
1750000188,103.734,0,0,-103.734,103.734,188,0,0,0,25,6,3.5,48.5696,1.5
1750000204,88.8845,0,0,-88.8845,88.8845,204,0,0,0,25,4,-26.2946,52.7946,1.5
1750000209,90.9839,0,0,-90.9839,90.9839,209,0,0,0,25,7,16.2439,54.2561,1.5
1750000216,87.594,0,0,-87.594,87.594,216,0,0,0,25,19,20.8944,55.6056,1.5
1750000237,108.293,0,0,-108.293,108.293,237,0,0,0,25,9,9.67812,64.1781,1.5
1750000239,97.2388,0,0,-97.2388,97.2388,239,0,0,0,25,1,-18.7017,63.7983,1.5
1750000252,90.4906,0,0,-90.4906,90.4906,252,0,0,0,25,16,19.8228,66.8228,1.5
1750000331,98.354,0,0,-98.354,98.354,331,0,0,0,25,13,38.3196,85.8196,1.5
1750000343,104.862,0,0,-104.862,104.862,343,0,0,0,25,20,25.6614,94.6614,1.5
1750000362,96.9388,0,0,-96.9388,96.9388,362,0,0,0,25,5,-42,94.6806,1.5
1750000379,111.3,0,0,-111.3,111.3,379,0,0,0,25,2,-6.80851,99.5,1.5
1750000416,99.1024,0,0,-99.1024,99.1024,416,0,0,0,25,3,-45.3989,112.5,1.5
1750000437,105.367,0,0,-105.367,105.367,437,0,0,0,25,17,54,114.476,1.5
1750000440,119.932,0,0,-119.932,119.932,440,0,0,0,25,11,24.5,125.026,1.5
1750000484,98.1834,0,0,-98.1834,98.1834,484,0,0,0,25,8,-43.1398,134.14,1.5
1750000496,107.982,0,0,-107.982,107.982,496,0,0,0,25,15,51.2145,135.215,1.5
1750000496,108.105,0,0,-108.105,108.105,496,0,0,0,25,18,65.3418,128.842,1.5
1750000500,98.6326,0,0,-98.6326,98.6326,500,0,0,0,25,12,-31,142.182,1.5
1750000503,99.7405,0,0,-99.7405,99.7405,503,0,0,0,25,14,-55.1593,135.659,1.5
1750000517,112.494,0,0,-112.494,112.494,517,0,0,0,25,10,-2,139.877,1.5
1750429005,105.367,0,0,-105.367,105.367,437,17,54,114.476,1.5,0,0,0,25
1752928820,90.4906,0,0,-90.4906,90.4906,252,16,19.8228,66.8228,1.5,0,0,0,25
1753928984,99.1024,0,0,-99.1024,99.1024,416,3,-45.3989,112.5,1.5,0,0,0,25
1754428947,111.3,0,0,-111.3,111.3,379,2,-6.80851,99.5,1.5,0,0,0,25
1754928911,104.862,0,0,-104.862,104.862,343,20,25.6614,94.6614,1.5,0,0,0,25
1755929085,112.494,0,0,-112.494,112.494,517,10,-2,139.877,1.5,0,0,0,25
1759429064,107.982,0,0,-107.982,107.982,496,15,51.2145,135.215,1.5,0,0,0,25
1765428930,96.9388,0,0,-96.9388,96.9388,362,5,-42,94.6806,1.5,0,0,0,25
1765929068,98.6326,0,0,-98.6326,98.6326,500,12,-31,142.182,1.5,0,0,0,25
1771429064,108.105,0,0,-108.105,108.105,496,18,65.3418,128.842,1.5,0,0,0,25
1775428772,88.8845,0,0,-88.8845,88.8845,204,4,-26.2946,52.7946,1.5,0,0,0,25
1779928899,98.354,0,0,-98.354,98.354,331,13,38.3196,85.8196,1.5,0,0,0,25
1782928756,103.734,0,0,-103.734,103.734,188,6,3.5,48.5696,1.5,0,0,0,25
1784428805,108.293,0,0,-108.293,108.293,237,9,9.67812,64.1781,1.5,0,0,0,25
1785929008,119.932,0,0,-119.932,119.932,440,11,24.5,125.026,1.5,0,0,0,25
1787428807,97.2388,0,0,-97.2388,97.2388,239,1,-18.7017,63.7983,1.5,0,0,0,25
1788428784,87.594,0,0,-87.594,87.594,216,19,20.8944,55.6056,1.5,0,0,0,25
1789928777,90.9839,0,0,-90.9839,90.9839,209,7,16.2439,54.2561,1.5,0,0,0,25
1797429071,99.7405,0,0,-99.7405,99.7405,503,14,-55.1593,135.659,1.5,0,0,0,25
1798429052,98.1834,0,0,-98.1834,98.1834,484,8,-43.1398,134.14,1.5,0,0,0,25
1800000188,103.734,0,0,-103.734,103.734,188,0,0,0,25,6,3.5,48.4196,1.5
1800000204,88.8845,0,0,-88.8845,88.8845,204,0,0,0,25,4,-26.4007,52.9007,1.5
1800000209,90.9839,0,0,-90.9839,90.9839,209,0,0,0,25,7,16.35,54.15,1.5
1800000216,87.594,0,0,-87.594,87.594,216,0,0,0,25,19,21.0004,55.4996,1.5
1800000237,108.293,0,0,-108.293,108.293,237,0,0,0,25,9,9.57205,64.0721,1.5
1800000239,97.2388,0,0,-97.2388,97.2388,239,0,0,0,25,1,-18.8077,63.6923,1.5
1800000252,90.4906,0,0,-90.4906,90.4906,252,0,0,0,25,16,19.7168,66.7168,1.5
1800000331,98.354,0,0,-98.354,98.354,331,0,0,0,25,13,38.2135,85.7135,1.5
1800000343,104.862,0,0,-104.862,104.862,343,0,0,0,25,20,25.5553,94.5553,1.5
1800000362,96.9388,0,0,-96.9388,96.9388,362,0,0,0,25,5,-42,94.5306,1.5
1800000379,111.3,0,0,-111.3,111.3,379,0,0,0,25,2,-6.95851,99.5,1.5
1800000416,99.1024,0,0,-99.1024,99.1024,416,0,0,0,25,3,-45.2489,112.5,1.5
1800000437,105.367,0,0,-105.367,105.367,437,0,0,0,25,17,54,114.326,1.5
1800000440,119.932,0,0,-119.932,119.932,440,0,0,0,25,11,24.5,124.876,1.5
1800000484,98.1834,0,0,-98.1834,98.1834,484,0,0,0,25,8,-43.0338,134.034,1.5
1800000496,107.982,0,0,-107.982,107.982,496,0,0,0,25,15,51.1085,135.108,1.5
1800000496,108.105,0,0,-108.105,108.105,496,0,0,0,25,18,65.2357,128.736,1.5
1800000500,98.6326,0,0,-98.6326,98.6326,500,0,0,0,25,12,-31,142.032,1.5
1800000503,99.7405,0,0,-99.7405,99.7405,503,0,0,0,25,14,-55.0532,135.553,1.5
1800000517,112.494,0,0,-112.494,112.494,517,0,0,0,25,10,-2,139.727,1.5
1800429005,105.367,0,0,-105.367,105.367,437,17,54,114.326,1.5,0,0,0,25
1802928820,90.4906,0,0,-90.4906,90.4906,252,16,19.7168,66.7168,1.5,0,0,0,25
1803928984,99.1024,0,0,-99.1024,99.1024,416,3,-45.2489,112.5,1.5,0,0,0,25
1804428947,111.3,0,0,-111.3,111.3,379,2,-6.95851,99.5,1.5,0,0,0,25
1804928911,104.862,0,0,-104.862,104.862,343,20,25.5553,94.5553,1.5,0,0,0,25
1805929085,112.494,0,0,-112.494,112.494,517,10,-2,139.727,1.5,0,0,0,25
1809429064,107.982,0,0,-107.982,107.982,496,15,51.1085,135.108,1.5,0,0,0,25
1815428930,96.9388,0,0,-96.9388,96.9388,362,5,-42,94.5306,1.5,0,0,0,25
1815929068,98.6326,0,0,-98.6326,98.6326,500,12,-31,142.032,1.5,0,0,0,25
1821429064,108.105,0,0,-108.105,108.105,496,18,65.2357,128.736,1.5,0,0,0,25
1825428772,88.8845,0,0,-88.8845,88.8845,204,4,-26.4007,52.9007,1.5,0,0,0,25
1829928899,98.354,0,0,-98.354,98.354,331,13,38.2135,85.7135,1.5,0,0,0,25
1832928756,103.734,0,0,-103.734,103.734,188,6,3.5,48.4196,1.5,0,0,0,25
1834928805,108.293,0,0,-108.293,108.293,237,9,9.57205,64.0721,1.5,0,0,0,25
1835929008,119.932,0,0,-119.932,119.932,440,11,24.5,124.876,1.5,0,0,0,25
1837428807,97.2388,0,0,-97.2388,97.2388,239,1,-18.8077,63.6923,1.5,0,0,0,25
1838428784,87.594,0,0,-87.594,87.594,216,19,21.0004,55.4996,1.5,0,0,0,25
1839928777,90.9839,0,0,-90.9839,90.9839,209,7,16.35,54.15,1.5,0,0,0,25
1847429071,99.7405,0,0,-99.7405,99.7405,503,14,-55.0532,135.553,1.5,0,0,0,25
1848429052,98.1834,0,0,-98.1834,98.1834,484,8,-43.0338,134.034,1.5,0,0,0,25
1850000188,103.734,0,0,-103.734,103.734,188,0,0,0,25,6,3.5,48.4196,1.5
1850000204,88.8845,0,0,-88.8845,88.8845,204,0,0,0,25,4,-26.4007,52.9007,1.5
1850000209,90.9839,0,0,-90.9839,90.9839,209,0,0,0,25,7,16.35,54.15,1.5
1850000216,87.594,0,0,-87.594,87.594,216,0,0,0,25,19,21.0004,55.4996,1.5
1850000237,108.293,0,0,-108.293,108.293,237,0,0,0,25,9,9.57205,64.0721,1.5
1850000239,97.2388,0,0,-97.2388,97.2388,239,0,0,0,25,1,-18.8077,63.6923,1.5
1850000252,90.4906,0,0,-90.4906,90.4906,252,0,0,0,25,16,19.7168,66.7168,1.5
1850000331,98.354,0,0,-98.354,98.354,331,0,0,0,25,13,38.2135,85.7135,1.5
1850000343,104.862,0,0,-104.862,104.862,343,0,0,0,25,20,25.5553,94.5553,1.5
1850000362,96.9388,0,0,-96.9388,96.9388,362,0,0,0,25,5,-42,94.5306,1.5
1850000379,111.3,0,0,-111.3,111.3,379,0,0,0,25,2,-6.95851,99.5,1.5
1850000416,99.1024,0,0,-99.1024,99.1024,416,0,0,0,25,3,-45.2489,112.5,1.5
1850000437,105.367,0,0,-105.367,105.367,437,0,0,0,25,17,54,114.326,1.5
1850000440,119.932,0,0,-119.932,119.932,440,0,0,0,25,11,24.5,124.876,1.5
1850000484,98.1834,0,0,-98.1834,98.1834,484,0,0,0,25,8,-43.0338,134.034,1.5
1850000496,107.982,0,0,-107.982,107.982,496,0,0,0,25,15,51.1085,135.108,1.5
1850000496,108.105,0,0,-108.105,108.105,496,0,0,0,25,18,65.2357,128.736,1.5
1850000500,98.6326,0,0,-98.6326,98.6326,500,0,0,0,25,12,-31,142.032,1.5
1850000503,99.7405,0,0,-99.7405,99.7405,503,0,0,0,25,14,-55.0532,135.553,1.5
1850000517,112.494,0,0,-112.494,112.494,517,0,0,0,25,10,-2,139.727,1.5
1850429005,105.367,0,0,-105.367,105.367,437,17,54,114.326,1.5,0,0,0,25
1852928820,90.4906,0,0,-90.4906,90.4906,252,16,19.7168,66.7168,1.5,0,0,0,25
1853928984,99.1024,0,0,-99.1024,99.1024,416,3,-45.2489,112.5,1.5,0,0,0,25
1854428947,111.3,0,0,-111.3,111.3,379,2,-6.95851,99.5,1.5,0,0,0,25
1854928911,104.862,0,0,-104.862,104.862,343,20,25.5553,94.5553,1.5,0,0,0,25
1855929085,112.494,0,0,-112.494,112.494,517,10,-2,139.727,1.5,0,0,0,25
1859429064,107.982,0,0,-107.982,107.982,496,15,51.1085,135.108,1.5,0,0,0,25
1865428930,96.9388,0,0,-96.9388,96.9388,362,5,-42,94.5306,1.5,0,0,0,25
1865929068,98.6326,0,0,-98.6326,98.6326,500,12,-31,142.032,1.5,0,0,0,25
1871429064,108.105,0,0,-108.105,108.105,496,18,65.2357,128.736,1.5,0,0,0,25
1875428772,88.8845,0,0,-88.8845,88.8845,204,4,-26.4007,52.9007,1.5,0,0,0,25
1879928899,98.354,0,0,-98.354,98.354,331,13,38.2135,85.7135,1.5,0,0,0,25
1882928756,103.734,0,0,-103.734,103.734,188,6,3.5,48.4196,1.5,0,0,0,25
1884928805,108.293,0,0,-108.293,108.293,237,9,9.57205,64.0721,1.5,0,0,0,25
1885929008,119.932,0,0,-119.932,119.932,440,11,24.5,124.876,1.5,0,0,0,25
1887428807,97.2388,0,0,-97.2388,97.2388,239,1,-18.8077,63.6923,1.5,0,0,0,25
1888428784,87.594,0,0,-87.594,87.594,216,19,21.0004,55.4996,1.5,0,0,0,25
1889928777,90.9839,0,0,-90.9839,90.9839,209,7,16.35,54.15,1.5,0,0,0,25
1897929071,99.7405,0,0,-99.7405,99.7405,503,14,-55.0532,135.553,1.5,0,0,0,25
1898429052,98.1834,0,0,-98.1834,98.1834,484,8,-43.0338,134.034,1.5,0,0,0,25
1900000188,103.734,0,0,-103.734,103.734,188,0,0,0,25,6,3.5,48.2696,1.5
1900000204,88.8845,0,0,-88.8845,88.8845,204,0,0,0,25,4,-26.5068,53.0068,1.5
1900000209,90.9839,0,0,-90.9839,90.9839,209,0,0,0,25,7,16.4561,54.0439,1.5
1900000216,87.594,0,0,-87.594,87.594,216,0,0,0,25,19,21.1065,55.3935,1.5
1900000237,108.293,0,0,-108.293,108.293,237,0,0,0,25,9,9.46599,63.966,1.5
1900000239,97.2388,0,0,-97.2388,97.2388,239,0,0,0,25,1,-18.9138,63.5862,1.5
1900000252,90.4906,0,0,-90.4906,90.4906,252,0,0,0,25,16,19.6107,66.6107,1.5
1900000331,98.354,0,0,-98.354,98.354,331,0,0,0,25,13,38.1075,85.6075,1.5
1900000343,104.862,0,0,-104.862,104.862,343,0,0,0,25,20,25.4492,94.4492,1.5
1900000362,96.9388,0,0,-96.9388,96.9388,362,0,0,0,25,5,-42,94.3806,1.5
1900000379,111.3,0,0,-111.3,111.3,379,0,0,0,25,2,-7.10851,99.5,1.5
1900000416,99.1024,0,0,-99.1024,99.1024,416,0,0,0,25,3,-45.0989,112.5,1.5
1900000437,105.367,0,0,-105.367,105.367,437,0,0,0,25,17,54,114.176,1.5
1900000440,119.932,0,0,-119.932,119.932,440,0,0,0,25,11,24.5,124.726,1.5
1900000484,98.1834,0,0,-98.1834,98.1834,484,0,0,0,25,8,-43,133.898,1.5
1900000496,107.982,0,0,-107.982,107.982,496,0,0,0,25,15,51.0024,135.002,1.5
1900000496,108.105,0,0,-108.105,108.105,496,0,0,0,25,18,65.1296,128.63,1.5
1900000500,98.6326,0,0,-98.6326,98.6326,500,0,0,0,25,12,-31,141.882,1.5
1900000503,99.7405,0,0,-99.7405,99.7405,503,0,0,0,25,14,-54.9472,135.447,1.5
1900000517,112.494,0,0,-112.494,112.494,517,0,0,0,25,10,-2,139.577,1.5
1900429005,105.367,0,0,-105.367,105.367,437,17,54,114.176,1.5,0,0,0,25
1902928820,90.4906,0,0,-90.4906,90.4906,252,16,19.6107,66.6107,1.5,0,0,0,25
1903928984,99.1024,0,0,-99.1024,99.1024,416,3,-45.0989,112.5,1.5,0,0,0,25
1904428947,111.3,0,0,-111.3,111.3,379,2,-7.10851,99.5,1.5,0,0,0,25
1904928911,104.862,0,0,-104.862,104.862,343,20,25.4492,94.4492,1.5,0,0,0,25
1905929085,112.494,0,0,-112.494,112.494,517,10,-2,139.577,1.5,0,0,0,25
1909429064,107.982,0,0,-107.982,107.982,496,15,51.0024,135.002,1.5,0,0,0,25
1915428930,96.9388,0,0,-96.9388,96.9388,362,5,-42,94.3806,1.5,0,0,0,25
1915929068,98.6326,0,0,-98.6326,98.6326,500,12,-31,141.882,1.5,0,0,0,25
1921429064,108.105,0,0,-108.105,108.105,496,18,65.1296,128.63,1.5,0,0,0,25
1925428772,88.8845,0,0,-88.8845,88.8845,204,4,-26.5068,53.0068,1.5,0,0,0,25
1930928899,98.354,0,0,-98.354,98.354,331,13,38.1075,85.6075,1.5,0,0,0,25
1932928756,103.734,0,0,-103.734,103.734,188,6,3.5,48.2696,1.5,0,0,0,25
1934928805,108.293,0,0,-108.293,108.293,237,9,9.46599,63.966,1.5,0,0,0,25
1937428807,97.2388,0,0,-97.2388,97.2388,239,1,-18.9138,63.5862,1.5,0,0,0,25
1937429008,119.932,0,0,-119.932,119.932,440,11,24.5,124.726,1.5,0,0,0,25
1938428784,87.594,0,0,-87.594,87.594,216,19,21.1065,55.3935,1.5,0,0,0,25
1939928777,90.9839,0,0,-90.9839,90.9839,209,7,16.4561,54.0439,1.5,0,0,0,25
1947929071,99.7405,0,0,-99.7405,99.7405,503,14,-54.9472,135.447,1.5,0,0,0,25
1948429052,98.1834,0,0,-98.1834,98.1834,484,8,-43,133.898,1.5,0,0,0,25
1950000188,103.734,0,0,-103.734,103.734,188,0,0,0,25,6,3.5,48.2696,1.5
1950000204,88.8845,0,0,-88.8845,88.8845,204,0,0,0,25,4,-26.5068,53.0068,1.5
1950000209,90.9839,0,0,-90.9839,90.9839,209,0,0,0,25,7,16.4561,54.0439,1.5
1950000216,87.594,0,0,-87.594,87.594,216,0,0,0,25,19,21.1065,55.3935,1.5
1950000237,108.293,0,0,-108.293,108.293,237,0,0,0,25,9,9.46599,63.966,1.5
1950000239,97.2388,0,0,-97.2388,97.2388,239,0,0,0,25,1,-18.9138,63.5862,1.5
1950000252,90.4906,0,0,-90.4906,90.4906,252,0,0,0,25,16,19.6107,66.6107,1.5
1950000331,98.354,0,0,-98.354,98.354,331,0,0,0,25,13,38.1075,85.6075,1.5
1950000343,104.862,0,0,-104.862,104.862,343,0,0,0,25,20,25.4492,94.4492,1.5
1950000362,96.9388,0,0,-96.9388,96.9388,362,0,0,0,25,5,-42,94.3806,1.5
1950000379,111.3,0,0,-111.3,111.3,379,0,0,0,25,2,-7.10851,99.5,1.5
1950000416,99.1024,0,0,-99.1024,99.1024,416,0,0,0,25,3,-45.0989,112.5,1.5
1950000437,105.367,0,0,-105.367,105.367,437,0,0,0,25,17,54,114.176,1.5
1950000440,119.932,0,0,-119.932,119.932,440,0,0,0,25,11,24.5,124.726,1.5
1950000484,98.1834,0,0,-98.1834,98.1834,484,0,0,0,25,8,-43,133.898,1.5
1950000496,107.982,0,0,-107.982,107.982,496,0,0,0,25,15,51.0024,135.002,1.5
1950000496,108.105,0,0,-108.105,108.105,496,0,0,0,25,18,65.1296,128.63,1.5
1950000500,98.6326,0,0,-98.6326,98.6326,500,0,0,0,25,12,-31,141.882,1.5
1950000503,99.7405,0,0,-99.7405,99.7405,503,0,0,0,25,14,-54.9472,135.447,1.5
1950000517,112.494,0,0,-112.494,112.494,517,0,0,0,25,10,-2,139.577,1.5
1950429005,105.367,0,0,-105.367,105.367,437,17,54,114.176,1.5,0,0,0,25
1952928820,90.4906,0,0,-90.4906,90.4906,252,16,19.6107,66.6107,1.5,0,0,0,25
1953928984,99.1024,0,0,-99.1024,99.1024,416,3,-45.0989,112.5,1.5,0,0,0,25
1954428947,111.3,0,0,-111.3,111.3,379,2,-7.10851,99.5,1.5,0,0,0,25
1954928911,104.862,0,0,-104.862,104.862,343,20,25.4492,94.4492,1.5,0,0,0,25
1955929085,112.494,0,0,-112.494,112.494,517,10,-2,139.577,1.5,0,0,0,25
1959429064,107.982,0,0,-107.982,107.982,496,15,51.0024,135.002,1.5,0,0,0,25
1965428930,96.9388,0,0,-96.9388,96.9388,362,5,-42,94.3806,1.5,0,0,0,25
1965929068,98.6326,0,0,-98.6326,98.6326,500,12,-31,141.882,1.5,0,0,0,25
1971429064,108.105,0,0,-108.105,108.105,496,18,65.1296,128.63,1.5,0,0,0,25
1975428772,88.8845,0,0,-88.8845,88.8845,204,4,-26.5068,53.0068,1.5,0,0,0,25
1980928899,98.354,0,0,-98.354,98.354,331,13,38.1075,85.6075,1.5,0,0,0,25
1982928756,103.734,0,0,-103.734,103.734,188,6,3.5,48.2696,1.5,0,0,0,25
1984928805,108.293,0,0,-108.293,108.293,237,9,9.46599,63.966,1.5,0,0,0,25
1987428807,97.2388,0,0,-97.2388,97.2388,239,1,-18.9138,63.5862,1.5,0,0,0,25
1987429008,119.932,0,0,-119.932,119.932,440,11,24.5,124.726,1.5,0,0,0,25
1988428784,87.594,0,0,-87.594,87.594,216,19,21.1065,55.3935,1.5,0,0,0,25
1989928777,90.9839,0,0,-90.9839,90.9839,209,7,16.4561,54.0439,1.5,0,0,0,25
1997929071,99.7405,0,0,-99.7405,99.7405,503,14,-54.9472,135.447,1.5,0,0,0,25
1998429052,98.1834,0,0,-98.1834,98.1834,484,8,-43,133.898,1.5,0,0,0,25
2000000188,103.734,0,0,-103.734,103.734,188,0,0,0,25,6,3.5,48.1196,1.5
2000000204,88.8845,0,0,-88.8845,88.8845,204,0,0,0,25,4,-26.6128,53.1128,1.5
2000000209,90.9839,0,0,-90.9839,90.9839,209,0,0,0,25,7,16.5621,53.9379,1.5
2000000216,87.594,0,0,-87.594,87.594,216,0,0,0,25,19,21.2126,55.2874,1.5
2000000237,108.293,0,0,-108.293,108.293,237,0,0,0,25,9,9.35992,63.8599,1.5
2000000239,97.2388,0,0,-97.2388,97.2388,239,0,0,0,25,1,-19.0199,63.4801,1.5
2000000252,90.4906,0,0,-90.4906,90.4906,252,0,0,0,25,16,19.5046,66.5046,1.5
2000000331,98.354,0,0,-98.354,98.354,331,0,0,0,25,13,38.0014,85.5014,1.5
2000000343,104.862,0,0,-104.862,104.862,343,0,0,0,25,20,25.3432,94.3432,1.5
2000000362,96.9388,0,0,-96.9388,96.9388,362,0,0,0,25,5,-42,94.2306,1.5
2000000379,111.3,0,0,-111.3,111.3,379,0,0,0,25,2,-7.25851,99.5,1.5
2000000416,99.1024,0,0,-99.1024,99.1024,416,0,0,0,25,3,-44.9489,112.5,1.5
2000000437,105.367,0,0,-105.367,105.367,437,0,0,0,25,17,54,114.026,1.5
2000000440,119.932,0,0,-119.932,119.932,440,0,0,0,25,11,24.5,124.576,1.5
2000000484,98.1834,0,0,-98.1834,98.1834,484,0,0,0,25,8,-43,133.748,1.5
2000000496,107.982,0,0,-107.982,107.982,496,0,0,0,25,15,50.8963,134.896,1.5
2000000496,108.105,0,0,-108.105,108.105,496,0,0,0,25,18,65.0236,128.524,1.5
2000000500,98.6326,0,0,-98.6326,98.6326,500,0,0,0,25,12,-31,141.732,1.5
2000000503,99.7405,0,0,-99.7405,99.7405,503,0,0,0,25,14,-54.8411,135.341,1.5
2000000517,112.494,0,0,-112.494,112.494,517,0,0,0,25,10,-2,139.427,1.5
2000429005,105.367,0,0,-105.367,105.367,437,17,54,114.026,1.5,0,0,0,25
2002928820,90.4906,0,0,-90.4906,90.4906,252,16,19.5046,66.5046,1.5,0,0,0,25
2003928984,99.1024,0,0,-99.1024,99.1024,416,3,-44.9489,112.5,1.5,0,0,0,25
2004428947,111.3,0,0,-111.3,111.3,379,2,-7.25851,99.5,1.5,0,0,0,25
2004928911,104.862,0,0,-104.862,104.862,343,20,25.3432,94.3432,1.5,0,0,0,25
2005929085,112.494,0,0,-112.494,112.494,517,10,-2,139.427,1.5,0,0,0,25
2009429064,107.982,0,0,-107.982,107.982,496,15,50.8963,134.896,1.5,0,0,0,25
2015428930,96.9388,0,0,-96.9388,96.9388,362,5,-42,94.2306,1.5,0,0,0,25
2015929068,98.6326,0,0,-98.6326,98.6326,500,12,-31,141.732,1.5,0,0,0,25
2021429064,108.105,0,0,-108.105,108.105,496,18,65.0236,128.524,1.5,0,0,0,25
2025428772,88.8845,0,0,-88.8845,88.8845,204,4,-26.6128,53.1128,1.5,0,0,0,25
2030928899,98.354,0,0,-98.354,98.354,331,13,38.0014,85.5014,1.5,0,0,0,25
2032928756,103.734,0,0,-103.734,103.734,188,6,3.5,48.1196,1.5,0,0,0,25
2034928805,108.293,0,0,-108.293,108.293,237,9,9.35992,63.8599,1.5,0,0,0,25
2037428807,97.2388,0,0,-97.2388,97.2388,239,1,-19.0199,63.4801,1.5,0,0,0,25
2037929008,119.932,0,0,-119.932,119.932,440,11,24.5,124.576,1.5,0,0,0,25
2038428784,87.594,0,0,-87.594,87.594,216,19,21.2126,55.2874,1.5,0,0,0,25
2039928777,90.9839,0,0,-90.9839,90.9839,209,7,16.5621,53.9379,1.5,0,0,0,25
2047929071,99.7405,0,0,-99.7405,99.7405,503,14,-54.8411,135.341,1.5,0,0,0,25
2048429052,98.1834,0,0,-98.1834,98.1834,484,8,-43,133.748,1.5,0,0,0,25
2050000188,103.734,0,0,-103.734,103.734,188,0,0,0,25,6,3.5,48.1196,1.5
2050000204,88.8845,0,0,-88.8845,88.8845,204,0,0,0,25,4,-26.6128,53.1128,1.5
2050000209,90.9839,0,0,-90.9839,90.9839,209,0,0,0,25,7,16.5621,53.9379,1.5
2050000216,87.594,0,0,-87.594,87.594,216,0,0,0,25,19,21.2126,55.2874,1.5
2050000237,108.293,0,0,-108.293,108.293,237,0,0,0,25,9,9.35992,63.8599,1.5
2050000239,97.2388,0,0,-97.2388,97.2388,239,0,0,0,25,1,-19.0199,63.4801,1.5
2050000252,90.4906,0,0,-90.4906,90.4906,252,0,0,0,25,16,19.5046,66.5046,1.5
2050000331,98.354,0,0,-98.354,98.354,331,0,0,0,25,13,38.0014,85.5014,1.5
2050000343,104.862,0,0,-104.862,104.862,343,0,0,0,25,20,25.3432,94.3432,1.5
2050000362,96.9388,0,0,-96.9388,96.9388,362,0,0,0,25,5,-42,94.2306,1.5
2050000379,111.3,0,0,-111.3,111.3,379,0,0,0,25,2,-7.25851,99.5,1.5
2050000416,99.1024,0,0,-99.1024,99.1024,416,0,0,0,25,3,-44.9489,112.5,1.5
2050000437,105.367,0,0,-105.367,105.367,437,0,0,0,25,17,54,114.026,1.5
2050000440,119.932,0,0,-119.932,119.932,440,0,0,0,25,11,24.5,124.576,1.5
2050000484,98.1834,0,0,-98.1834,98.1834,484,0,0,0,25,8,-43,133.748,1.5
2050000496,107.982,0,0,-107.982,107.982,496,0,0,0,25,15,50.8963,134.896,1.5
2050000496,108.105,0,0,-108.105,108.105,496,0,0,0,25,18,65.0236,128.524,1.5
2050000500,98.6326,0,0,-98.6326,98.6326,500,0,0,0,25,12,-31,141.732,1.5
2050000503,99.7405,0,0,-99.7405,99.7405,503,0,0,0,25,14,-54.8411,135.341,1.5
2050000517,112.494,0,0,-112.494,112.494,517,0,0,0,25,10,-2,139.427,1.5
2050429005,105.367,0,0,-105.367,105.367,437,17,54,114.026,1.5,0,0,0,25
2052928820,90.4906,0,0,-90.4906,90.4906,252,16,19.5046,66.5046,1.5,0,0,0,25
2053928984,99.1024,0,0,-99.1024,99.1024,416,3,-44.9489,112.5,1.5,0,0,0,25
2054428947,111.3,0,0,-111.3,111.3,379,2,-7.25851,99.5,1.5,0,0,0,25
2054928911,104.862,0,0,-104.862,104.862,343,20,25.3432,94.3432,1.5,0,0,0,25
2055929085,112.494,0,0,-112.494,112.494,517,10,-2,139.427,1.5,0,0,0,25
2059429064,107.982,0,0,-107.982,107.982,496,15,50.8963,134.896,1.5,0,0,0,25
2065428930,96.9388,0,0,-96.9388,96.9388,362,5,-42,94.2306,1.5,0,0,0,25
2065929068,98.6326,0,0,-98.6326,98.6326,500,12,-31,141.732,1.5,0,0,0,25
2071429064,108.105,0,0,-108.105,108.105,496,18,65.0236,128.524,1.5,0,0,0,25
2075428772,88.8845,0,0,-88.8845,88.8845,204,4,-26.6128,53.1128,1.5,0,0,0,25
2081428899,98.354,0,0,-98.354,98.354,331,13,38.0014,85.5014,1.5,0,0,0,25
2082928756,103.734,0,0,-103.734,103.734,188,6,3.5,48.1196,1.5,0,0,0,25
2084928805,108.293,0,0,-108.293,108.293,237,9,9.35992,63.8599,1.5,0,0,0,25
2087428807,97.2388,0,0,-97.2388,97.2388,239,1,-19.0199,63.4801,1.5,0,0,0,25
2087929008,119.932,0,0,-119.932,119.932,440,11,24.5,124.576,1.5,0,0,0,25
2088928784,87.594,0,0,-87.594,87.594,216,19,21.2126,55.2874,1.5,0,0,0,25
2089928777,90.9839,0,0,-90.9839,90.9839,209,7,16.5621,53.9379,1.5,0,0,0,25
2098429052,98.1834,0,0,-98.1834,98.1834,484,8,-43,133.748,1.5,0,0,0,25
2099429071,99.7405,0,0,-99.7405,99.7405,503,14,-54.8411,135.341,1.5,0,0,0,25
2100000188,103.734,0,0,-103.734,103.734,188,0,0,0,25,6,3.5,47.9696,1.5
2100000204,88.8845,0,0,-88.8845,88.8845,204,0,0,0,25,4,-26.7189,53.2189,1.5
2100000209,90.9839,0,0,-90.9839,90.9839,209,0,0,0,25,7,16.6682,53.8318,1.5
2100000216,87.594,0,0,-87.594,87.594,216,0,0,0,25,19,21.3186,55.1814,1.5
2100000237,108.293,0,0,-108.293,108.293,237,0,0,0,25,9,9.25386,63.7539,1.5
2100000239,97.2388,0,0,-97.2388,97.2388,239,0,0,0,25,1,-19.1259,63.3741,1.5
2100000252,90.4906,0,0,-90.4906,90.4906,252,0,0,0,25,16,19.3986,66.3986,1.5
2100000331,98.354,0,0,-98.354,98.354,331,0,0,0,25,13,37.8953,85.3953,1.5
2100000343,104.862,0,0,-104.862,104.862,343,0,0,0,25,20,25.2371,94.2371,1.5
2100000362,96.9388,0,0,-96.9388,96.9388,362,0,0,0,25,5,-42,94.0806,1.5
2100000379,111.3,0,0,-111.3,111.3,379,0,0,0,25,2,-7.40851,99.5,1.5
2100000416,99.1024,0,0,-99.1024,99.1024,416,0,0,0,25,3,-44.7989,112.5,1.5
2100000437,105.367,0,0,-105.367,105.367,437,0,0,0,25,17,54,113.876,1.5
2100000440,119.932,0,0,-119.932,119.932,440,0,0,0,25,11,24.5,124.426,1.5
2100000484,98.1834,0,0,-98.1834,98.1834,484,0,0,0,25,8,-43,133.598,1.5
2100000496,107.982,0,0,-107.982,107.982,496,0,0,0,25,15,50.7903,134.79,1.5
2100000496,108.105,0,0,-108.105,108.105,496,0,0,0,25,18,64.9175,128.418,1.5
2100000500,98.6326,0,0,-98.6326,98.6326,500,0,0,0,25,12,-31,141.582,1.5
2100000503,99.7405,0,0,-99.7405,99.7405,503,0,0,0,25,14,-54.735,135.235,1.5
2100000517,112.494,0,0,-112.494,112.494,517,0,0,0,25,10,-2,139.277,1.5
2100429005,105.367,0,0,-105.367,105.367,437,17,54,113.876,1.5,0,0,0,25
2102928820,90.4906,0,0,-90.4906,90.4906,252,16,19.3986,66.3986,1.5,0,0,0,25
2103928984,99.1024,0,0,-99.1024,99.1024,416,3,-44.7989,112.5,1.5,0,0,0,25
2104428947,111.3,0,0,-111.3,111.3,379,2,-7.40851,99.5,1.5,0,0,0,25
2104928911,104.862,0,0,-104.862,104.862,343,20,25.2371,94.2371,1.5,0,0,0,25
2105929085,112.494,0,0,-112.494,112.494,517,10,-2,139.277,1.5,0,0,0,25
2109429064,107.982,0,0,-107.982,107.982,496,15,50.7903,134.79,1.5,0,0,0,25
2115428930,96.9388,0,0,-96.9388,96.9388,362,5,-42,94.0806,1.5,0,0,0,25
2115929068,98.6326,0,0,-98.6326,98.6326,500,12,-31,141.582,1.5,0,0,0,25
2121429064,108.105,0,0,-108.105,108.105,496,18,64.9175,128.418,1.5,0,0,0,25
2125428772,88.8845,0,0,-88.8845,88.8845,204,4,-26.7189,53.2189,1.5,0,0,0,25
2131428899,98.354,0,0,-98.354,98.354,331,13,37.8953,85.3953,1.5,0,0,0,25
2132928756,103.734,0,0,-103.734,103.734,188,6,3.5,47.9696,1.5,0,0,0,25
2134928805,108.293,0,0,-108.293,108.293,237,9,9.25386,63.7539,1.5,0,0,0,25
2137428807,97.2388,0,0,-97.2388,97.2388,239,1,-19.1259,63.3741,1.5,0,0,0,25
2138393294,119.932,0,0,-119.932,119.932,440,11,24.5,124.426,1.5,0,0,0,25
2138928784,87.594,0,0,-87.594,87.594,216,19,21.3186,55.1814,1.5,0,0,0,25
2139928777,90.9839,0,0,-90.9839,90.9839,209,7,16.6682,53.8318,1.5,0,0,0,25
2148429052,98.1834,0,0,-98.1834,98.1834,484,8,-43,133.598,1.5,0,0,0,25
2149429071,99.7405,0,0,-99.7405,99.7405,503,14,-54.735,135.235,1.5,0,0,0,25
2150000188,103.734,0,0,-103.734,103.734,188,0,0,0,25,6,3.5,47.9696,1.5
2150000204,88.8845,0,0,-88.8845,88.8845,204,0,0,0,25,4,-26.7189,53.2189,1.5
2150000209,90.9839,0,0,-90.9839,90.9839,209,0,0,0,25,7,16.6682,53.8318,1.5
2150000216,87.594,0,0,-87.594,87.594,216,0,0,0,25,19,21.3186,55.1814,1.5
2150000237,108.293,0,0,-108.293,108.293,237,0,0,0,25,9,9.25386,63.7539,1.5
2150000239,97.2388,0,0,-97.2388,97.2388,239,0,0,0,25,1,-19.1259,63.3741,1.5
2150000252,90.4906,0,0,-90.4906,90.4906,252,0,0,0,25,16,19.3986,66.3986,1.5
2150000331,98.354,0,0,-98.354,98.354,331,0,0,0,25,13,37.8953,85.3953,1.5
2150000343,104.862,0,0,-104.862,104.862,343,0,0,0,25,20,25.2371,94.2371,1.5
2150000362,96.9388,0,0,-96.9388,96.9388,362,0,0,0,25,5,-42,94.0806,1.5
2150000379,111.3,0,0,-111.3,111.3,379,0,0,0,25,2,-7.40851,99.5,1.5
2150000416,99.1024,0,0,-99.1024,99.1024,416,0,0,0,25,3,-44.7989,112.5,1.5
2150000437,105.367,0,0,-105.367,105.367,437,0,0,0,25,17,54,113.876,1.5
2150000440,119.932,0,0,-119.932,119.932,440,0,0,0,25,11,24.5,124.426,1.5
2150000484,98.1834,0,0,-98.1834,98.1834,484,0,0,0,25,8,-43,133.598,1.5
2150000496,107.982,0,0,-107.982,107.982,496,0,0,0,25,15,50.7903,134.79,1.5
2150000496,108.105,0,0,-108.105,108.105,496,0,0,0,25,18,64.9175,128.418,1.5
2150000500,98.6326,0,0,-98.6326,98.6326,500,0,0,0,25,12,-31,141.582,1.5
2150000503,99.7405,0,0,-99.7405,99.7405,503,0,0,0,25,14,-54.735,135.235,1.5
2150000517,112.494,0,0,-112.494,112.494,517,0,0,0,25,10,-2,139.277,1.5
2150429005,105.367,0,0,-105.367,105.367,437,17,54,113.876,1.5,0,0,0,25
2152928820,90.4906,0,0,-90.4906,90.4906,252,16,19.3986,66.3986,1.5,0,0,0,25
2153928984,99.1024,0,0,-99.1024,99.1024,416,3,-44.7989,112.5,1.5,0,0,0,25
2154428947,111.3,0,0,-111.3,111.3,379,2,-7.40851,99.5,1.5,0,0,0,25
2154928911,104.862,0,0,-104.862,104.862,343,20,25.2371,94.2371,1.5,0,0,0,25
2155929085,112.494,0,0,-112.494,112.494,517,10,-2,139.277,1.5,0,0,0,25
2159429064,107.982,0,0,-107.982,107.982,496,15,50.7903,134.79,1.5,0,0,0,25
2165428930,96.9388,0,0,-96.9388,96.9388,362,5,-42,94.0806,1.5,0,0,0,25
2165929068,98.6326,0,0,-98.6326,98.6326,500,12,-31,141.582,1.5,0,0,0,25
2171429064,108.105,0,0,-108.105,108.105,496,18,64.9175,128.418,1.5,0,0,0,25
2175428772,88.8845,0,0,-88.8845,88.8845,204,4,-26.7189,53.2189,1.5,0,0,0,25
2181428899,98.354,0,0,-98.354,98.354,331,13,37.8953,85.3953,1.5,0,0,0,25
2182928756,103.734,0,0,-103.734,103.734,188,6,3.5,47.9696,1.5,0,0,0,25
2184928805,108.293,0,0,-108.293,108.293,237,9,9.25386,63.7539,1.5,0,0,0,25
2187428807,97.2388,0,0,-97.2388,97.2388,239,1,-19.1259,63.3741,1.5,0,0,0,25
2188928784,87.594,0,0,-87.594,87.594,216,19,21.3186,55.1814,1.5,0,0,0,25
2188929008,119.932,0,0,-119.932,119.932,440,11,24.5,124.426,1.5,0,0,0,25
2189928777,90.9839,0,0,-90.9839,90.9839,209,7,16.6682,53.8318,1.5,0,0,0,25
2198429052,98.1834,0,0,-98.1834,98.1834,484,8,-43,133.598,1.5,0,0,0,25
2199429071,99.7405,0,0,-99.7405,99.7405,503,14,-54.735,135.235,1.5,0,0,0,25
2200000188,103.734,0,0,-103.734,103.734,188,0,0,0,25,6,3.5,47.8196,1.5
2200000204,88.8845,0,0,-88.8845,88.8845,204,0,0,0,25,4,-26.8249,53.3249,1.5
2200000209,90.9839,0,0,-90.9839,90.9839,209,0,0,0,25,7,16.7743,53.7257,1.5
2200000216,87.594,0,0,-87.594,87.594,216,0,0,0,25,19,21.4247,55.0753,1.5
2200000237,108.293,0,0,-108.293,108.293,237,0,0,0,25,9,9.14779,63.6478,1.5
2200000239,97.2388,0,0,-97.2388,97.2388,239,0,0,0,25,1,-19.232,63.268,1.5
2200000252,90.4906,0,0,-90.4906,90.4906,252,0,0,0,25,16,19.2925,66.2925,1.5
2200000331,98.354,0,0,-98.354,98.354,331,0,0,0,25,13,37.7893,85.2893,1.5
2200000343,104.862,0,0,-104.862,104.862,343,0,0,0,25,20,25.131,94.131,1.5
2200000362,96.9388,0,0,-96.9388,96.9388,362,0,0,0,25,5,-42,93.9306,1.5
2200000379,111.3,0,0,-111.3,111.3,379,0,0,0,25,2,-7.55851,99.5,1.5
2200000416,99.1024,0,0,-99.1024,99.1024,416,0,0,0,25,3,-44.6489,112.5,1.5
2200000437,105.367,0,0,-105.367,105.367,437,0,0,0,25,17,54,113.726,1.5
2200000440,119.932,0,0,-119.932,119.932,440,0,0,0,25,11,24.5,124.276,1.5
2200000484,98.1834,0,0,-98.1834,98.1834,484,0,0,0,25,8,-43,133.448,1.5
2200000496,107.982,0,0,-107.982,107.982,496,0,0,0,25,15,50.6842,134.684,1.5
2200000496,108.105,0,0,-108.105,108.105,496,0,0,0,25,18,64.8114,128.311,1.5
2200000500,98.6326,0,0,-98.6326,98.6326,500,0,0,0,25,12,-31,141.432,1.5
2200000503,99.7405,0,0,-99.7405,99.7405,503,0,0,0,25,14,-54.629,135.129,1.5
2200000517,112.494,0,0,-112.494,112.494,517,0,0,0,25,10,-2,139.127,1.5
2200429005,105.367,0,0,-105.367,105.367,437,17,54,113.726,1.5,0,0,0,25
2202928820,90.4906,0,0,-90.4906,90.4906,252,16,19.2925,66.2925,1.5,0,0,0,25
2203928984,99.1024,0,0,-99.1024,99.1024,416,3,-44.6489,112.5,1.5,0,0,0,25
2204428947,111.3,0,0,-111.3,111.3,379,2,-7.55851,99.5,1.5,0,0,0,25
2204928911,104.862,0,0,-104.862,104.862,343,20,25.131,94.131,1.5,0,0,0,25
2205929085,112.494,0,0,-112.494,112.494,517,10,-2,139.127,1.5,0,0,0,25
2209429064,107.982,0,0,-107.982,107.982,496,15,50.6842,134.684,1.5,0,0,0,25
2215428930,96.9388,0,0,-96.9388,96.9388,362,5,-42,93.9306,1.5,0,0,0,25
2215929068,98.6326,0,0,-98.6326,98.6326,500,12,-31,141.432,1.5,0,0,0,25
2221429064,108.105,0,0,-108.105,108.105,496,18,64.8114,128.311,1.5,0,0,0,25
2225428772,88.8845,0,0,-88.8845,88.8845,204,4,-26.8249,53.3249,1.5,0,0,0,25
2231428899,98.354,0,0,-98.354,98.354,331,13,37.7893,85.2893,1.5,0,0,0,25
2232928756,103.734,0,0,-103.734,103.734,188,6,3.5,47.8196,1.5,0,0,0,25
2234928805,108.293,0,0,-108.293,108.293,237,9,9.14779,63.6478,1.5,0,0,0,25
2237428807,97.2388,0,0,-97.2388,97.2388,239,1,-19.232,63.268,1.5,0,0,0,25
2238928784,87.594,0,0,-87.594,87.594,216,19,21.4247,55.0753,1.5,0,0,0,25
2238929008,119.932,0,0,-119.932,119.932,440,11,24.5,124.276,1.5,0,0,0,25
2239928777,90.9839,0,0,-90.9839,90.9839,209,7,16.7743,53.7257,1.5,0,0,0,25
2248929052,98.1834,0,0,-98.1834,98.1834,484,8,-43,133.448,1.5,0,0,0,25
2249929071,99.7405,0,0,-99.7405,99.7405,503,14,-54.629,135.129,1.5,0,0,0,25
2250000188,103.734,0,0,-103.734,103.734,188,0,0,0,25,6,3.5,47.8196,1.5
2250000204,88.8845,0,0,-88.8845,88.8845,204,0,0,0,25,4,-26.8249,53.3249,1.5
2250000209,90.9839,0,0,-90.9839,90.9839,209,0,0,0,25,7,16.7743,53.7257,1.5
2250000216,87.594,0,0,-87.594,87.594,216,0,0,0,25,19,21.4247,55.0753,1.5
2250000237,108.293,0,0,-108.293,108.293,237,0,0,0,25,9,9.14779,63.6478,1.5
2250000239,97.2388,0,0,-97.2388,97.2388,239,0,0,0,25,1,-19.232,63.268,1.5
2250000252,90.4906,0,0,-90.4906,90.4906,252,0,0,0,25,16,19.2925,66.2925,1.5
2250000331,98.354,0,0,-98.354,98.354,331,0,0,0,25,13,37.7893,85.2893,1.5
2250000343,104.862,0,0,-104.862,104.862,343,0,0,0,25,20,25.131,94.131,1.5
2250000362,96.9388,0,0,-96.9388,96.9388,362,0,0,0,25,5,-42,93.9306,1.5
2250000379,111.3,0,0,-111.3,111.3,379,0,0,0,25,2,-7.55851,99.5,1.5
2250000416,99.1024,0,0,-99.1024,99.1024,416,0,0,0,25,3,-44.6489,112.5,1.5
2250000437,105.367,0,0,-105.367,105.367,437,0,0,0,25,17,54,113.726,1.5
2250000440,119.932,0,0,-119.932,119.932,440,0,0,0,25,11,24.5,124.276,1.5
2250000484,98.1834,0,0,-98.1834,98.1834,484,0,0,0,25,8,-43,133.448,1.5
2250000496,107.982,0,0,-107.982,107.982,496,0,0,0,25,15,50.6842,134.684,1.5
2250000496,108.105,0,0,-108.105,108.105,496,0,0,0,25,18,64.8114,128.311,1.5
2250000500,98.6326,0,0,-98.6326,98.6326,500,0,0,0,25,12,-31,141.432,1.5
2250000503,99.7405,0,0,-99.7405,99.7405,503,0,0,0,25,14,-54.629,135.129,1.5
2250000517,112.494,0,0,-112.494,112.494,517,0,0,0,25,10,-2,139.127,1.5
2250429005,105.367,0,0,-105.367,105.367,437,17,54,113.726,1.5,0,0,0,25
2252928820,90.4906,0,0,-90.4906,90.4906,252,16,19.2925,66.2925,1.5,0,0,0,25
2253928984,99.1024,0,0,-99.1024,99.1024,416,3,-44.6489,112.5,1.5,0,0,0,25
2254428947,111.3,0,0,-111.3,111.3,379,2,-7.55851,99.5,1.5,0,0,0,25
2254928911,104.862,0,0,-104.862,104.862,343,20,25.131,94.131,1.5,0,0,0,25
2255929085,112.494,0,0,-112.494,112.494,517,10,-2,139.127,1.5,0,0,0,25
2259429064,107.982,0,0,-107.982,107.982,496,15,50.6842,134.684,1.5,0,0,0,25
2265428930,96.9388,0,0,-96.9388,96.9388,362,5,-42,93.9306,1.5,0,0,0,25
2265929068,98.6326,0,0,-98.6326,98.6326,500,12,-31,141.432,1.5,0,0,0,25
2271429064,108.105,0,0,-108.105,108.105,496,18,64.8114,128.311,1.5,0,0,0,25
2275428772,88.8845,0,0,-88.8845,88.8845,204,4,-26.8249,53.3249,1.5,0,0,0,25
2281428899,98.354,0,0,-98.354,98.354,331,13,37.7893,85.2893,1.5,0,0,0,25
2282928756,103.734,0,0,-103.734,103.734,188,6,3.5,47.8196,1.5,0,0,0,25
2284928805,108.293,0,0,-108.293,108.293,237,9,9.14779,63.6478,1.5,0,0,0,25
2287428807,97.2388,0,0,-97.2388,97.2388,239,1,-19.232,63.268,1.5,0,0,0,25
2288928784,87.594,0,0,-87.594,87.594,216,19,21.4247,55.0753,1.5,0,0,0,25
2289429008,119.932,0,0,-119.932,119.932,440,11,24.5,124.276,1.5,0,0,0,25
2289928777,90.9839,0,0,-90.9839,90.9839,209,7,16.7743,53.7257,1.5,0,0,0,25
2299429052,98.1834,0,0,-98.1834,98.1834,484,8,-43,133.448,1.5,0,0,0,25
2299929071,99.7405,0,0,-99.7405,99.7405,503,14,-54.629,135.129,1.5,0,0,0,25
2300000188,103.734,0,0,-103.734,103.734,188,0,0,0,25,6,3.5,47.6696,1.5
2300000204,88.8845,0,0,-88.8845,88.8845,204,0,0,0,25,4,-26.931,53.431,1.5
2300000209,90.9839,0,0,-90.9839,90.9839,209,0,0,0,25,7,16.8803,53.6197,1.5
2300000216,87.594,0,0,-87.594,87.594,216,0,0,0,25,19,21.5308,54.9692,1.5
2300000237,108.293,0,0,-108.293,108.293,237,0,0,0,25,9,9.04172,63.5417,1.5
2300000239,97.2388,0,0,-97.2388,97.2388,239,0,0,0,25,1,-19.3381,63.1619,1.5
2300000252,90.4906,0,0,-90.4906,90.4906,252,0,0,0,25,16,19.1864,66.1864,1.5
2300000331,98.354,0,0,-98.354,98.354,331,0,0,0,25,13,37.6832,85.1832,1.5
2300000343,104.862,0,0,-104.862,104.862,343,0,0,0,25,20,25.025,94.025,1.5
2300000362,96.9388,0,0,-96.9388,96.9388,362,0,0,0,25,5,-42,93.7806,1.5
2300000379,111.3,0,0,-111.3,111.3,379,0,0,0,25,2,-7.70851,99.5,1.5
2300000416,99.1024,0,0,-99.1024,99.1024,416,0,0,0,25,3,-44.4989,112.5,1.5
2300000437,105.367,0,0,-105.367,105.367,437,0,0,0,25,17,54,113.576,1.5
2300000440,119.932,0,0,-119.932,119.932,440,0,0,0,25,11,24.5,124.126,1.5
2300000484,98.1834,0,0,-98.1834,98.1834,484,0,0,0,25,8,-43,133.298,1.5
2300000496,107.982,0,0,-107.982,107.982,496,0,0,0,25,15,50.5781,134.578,1.5
2300000496,108.105,0,0,-108.105,108.105,496,0,0,0,25,18,64.7054,128.205,1.5
2300000500,98.6326,0,0,-98.6326,98.6326,500,0,0,0,25,12,-31,141.282,1.5
2300000503,99.7405,0,0,-99.7405,99.7405,503,0,0,0,25,14,-54.5229,135.023,1.5
2300000517,112.494,0,0,-112.494,112.494,517,0,0,0,25,10,-2,138.977,1.5
2300429005,105.367,0,0,-105.367,105.367,437,17,54,113.576,1.5,0,0,0,25
2302928820,90.4906,0,0,-90.4906,90.4906,252,16,19.1864,66.1864,1.5,0,0,0,25
2303928984,99.1024,0,0,-99.1024,99.1024,416,3,-44.4989,112.5,1.5,0,0,0,25
2304428947,111.3,0,0,-111.3,111.3,379,2,-7.70851,99.5,1.5,0,0,0,25
2304928911,104.862,0,0,-104.862,104.862,343,20,25.025,94.025,1.5,0,0,0,25
2305929085,112.494,0,0,-112.494,112.494,517,10,-2,138.977,1.5,0,0,0,25
2309429064,107.982,0,0,-107.982,107.982,496,15,50.5781,134.578,1.5,0,0,0,25
2315428930,96.9388,0,0,-96.9388,96.9388,362,5,-42,93.7806,1.5,0,0,0,25
2315929068,98.6326,0,0,-98.6326,98.6326,500,12,-31,141.282,1.5,0,0,0,25
2321429064,108.105,0,0,-108.105,108.105,496,18,64.7054,128.205,1.5,0,0,0,25
2325428772,88.8845,0,0,-88.8845,88.8845,204,4,-26.931,53.431,1.5,0,0,0,25
2331428899,98.354,0,0,-98.354,98.354,331,13,37.6832,85.1832,1.5,0,0,0,25
2332928756,103.734,0,0,-103.734,103.734,188,6,3.5,47.6696,1.5,0,0,0,25
2334928805,108.293,0,0,-108.293,108.293,237,9,9.04172,63.5417,1.5,0,0,0,25
2337428807,97.2388,0,0,-97.2388,97.2388,239,1,-19.3381,63.1619,1.5,0,0,0,25
2338928784,87.594,0,0,-87.594,87.594,216,19,21.5308,54.9692,1.5,0,0,0,25
2339928777,90.9839,0,0,-90.9839,90.9839,209,7,16.8803,53.6197,1.5,0,0,0,25
2340429008,119.932,0,0,-119.932,119.932,440,11,24.5,124.126,1.5,0,0,0,25
2349429052,98.1834,0,0,-98.1834,98.1834,484,8,-43,133.298,1.5,0,0,0,25
2349929071,99.7405,0,0,-99.7405,99.7405,503,14,-54.5229,135.023,1.5,0,0,0,25
2350000188,103.734,0,0,-103.734,103.734,188,0,0,0,25,6,3.5,47.6696,1.5
2350000204,88.8845,0,0,-88.8845,88.8845,204,0,0,0,25,4,-26.931,53.431,1.5
2350000209,90.9839,0,0,-90.9839,90.9839,209,0,0,0,25,7,16.8803,53.6197,1.5
2350000216,87.594,0,0,-87.594,87.594,216,0,0,0,25,19,21.5308,54.9692,1.5
2350000237,108.293,0,0,-108.293,108.293,237,0,0,0,25,9,9.04172,63.5417,1.5
2350000239,97.2388,0,0,-97.2388,97.2388,239,0,0,0,25,1,-19.3381,63.1619,1.5
2350000252,90.4906,0,0,-90.4906,90.4906,252,0,0,0,25,16,19.1864,66.1864,1.5
2350000331,98.354,0,0,-98.354,98.354,331,0,0,0,25,13,37.6832,85.1832,1.5
2350000343,104.862,0,0,-104.862,104.862,343,0,0,0,25,20,25.025,94.025,1.5
2350000362,96.9388,0,0,-96.9388,96.9388,362,0,0,0,25,5,-42,93.7806,1.5
2350000379,111.3,0,0,-111.3,111.3,379,0,0,0,25,2,-7.70851,99.5,1.5
2350000416,99.1024,0,0,-99.1024,99.1024,416,0,0,0,25,3,-44.4989,112.5,1.5
2350000437,105.367,0,0,-105.367,105.367,437,0,0,0,25,17,54,113.576,1.5
2350000440,119.932,0,0,-119.932,119.932,440,0,0,0,25,11,24.5,124.126,1.5
2350000484,98.1834,0,0,-98.1834,98.1834,484,0,0,0,25,8,-43,133.298,1.5
2350000496,107.982,0,0,-107.982,107.982,496,0,0,0,25,15,50.5781,134.578,1.5
2350000496,108.105,0,0,-108.105,108.105,496,0,0,0,25,18,64.7054,128.205,1.5
2350000500,98.6326,0,0,-98.6326,98.6326,500,0,0,0,25,12,-31,141.282,1.5
2350000503,99.7405,0,0,-99.7405,99.7405,503,0,0,0,25,14,-54.5229,135.023,1.5
2350000517,112.494,0,0,-112.494,112.494,517,0,0,0,25,10,-2,138.977,1.5
2350429005,105.367,0,0,-105.367,105.367,437,17,54,113.576,1.5,0,0,0,25
2352928820,90.4906,0,0,-90.4906,90.4906,252,16,19.1864,66.1864,1.5,0,0,0,25
2353928984,99.1024,0,0,-99.1024,99.1024,416,3,-44.4989,112.5,1.5,0,0,0,25
2354428947,111.3,0,0,-111.3,111.3,379,2,-7.70851,99.5,1.5,0,0,0,25
2354928911,104.862,0,0,-104.862,104.862,343,20,25.025,94.025,1.5,0,0,0,25
2355929085,112.494,0,0,-112.494,112.494,517,10,-2,138.977,1.5,0,0,0,25
2359429064,107.982,0,0,-107.982,107.982,496,15,50.5781,134.578,1.5,0,0,0,25
2365428930,96.9388,0,0,-96.9388,96.9388,362,5,-42,93.7806,1.5,0,0,0,25
2365929068,98.6326,0,0,-98.6326,98.6326,500,12,-31,141.282,1.5,0,0,0,25
2371429064,108.105,0,0,-108.105,108.105,496,18,64.7054,128.205,1.5,0,0,0,25
2375428772,88.8845,0,0,-88.8845,88.8845,204,4,-26.931,53.431,1.5,0,0,0,25
2382428899,98.354,0,0,-98.354,98.354,331,13,37.6832,85.1832,1.5,0,0,0,25
2382928756,103.734,0,0,-103.734,103.734,188,6,3.5,47.6696,1.5,0,0,0,25
2384928805,108.293,0,0,-108.293,108.293,237,9,9.04172,63.5417,1.5,0,0,0,25
2387428807,97.2388,0,0,-97.2388,97.2388,239,1,-19.3381,63.1619,1.5,0,0,0,25
2388928784,87.594,0,0,-87.594,87.594,216,19,21.5308,54.9692,1.5,0,0,0,25
2389928777,90.9839,0,0,-90.9839,90.9839,209,7,16.8803,53.6197,1.5,0,0,0,25
2397429008,119.932,0,0,-119.932,119.932,440,11,24.5,124.126,1.5,0,0,0,25
2399429052,98.1834,0,0,-98.1834,98.1834,484,8,-43,133.298,1.5,0,0,0,25
2399929071,99.7405,0,0,-99.7405,99.7405,503,14,-54.5229,135.023,1.5,0,0,0,25
2400000188,103.734,0,0,-103.734,103.734,188,0,0,0,25,6,3.5,47.5196,1.5
2400000204,88.8845,0,0,-88.8845,88.8845,204,0,0,0,25,4,-27.0371,53.5371,1.5
2400000209,90.9839,0,0,-90.9839,90.9839,209,0,0,0,25,7,16.9864,53.5136,1.5
2400000216,87.594,0,0,-87.594,87.594,216,0,0,0,25,19,21.6368,54.8632,1.5
2400000237,108.293,0,0,-108.293,108.293,237,0,0,0,25,9,8.93566,63.4357,1.5
2400000239,97.2388,0,0,-97.2388,97.2388,239,0,0,0,25,1,-19.4441,63.0559,1.5
2400000252,90.4906,0,0,-90.4906,90.4906,252,0,0,0,25,16,19.0804,66.0804,1.5
2400000331,98.354,0,0,-98.354,98.354,331,0,0,0,25,13,37.5771,85.0771,1.5
2400000343,104.862,0,0,-104.862,104.862,343,0,0,0,25,20,24.9189,93.9189,1.5
2400000362,96.9388,0,0,-96.9388,96.9388,362,0,0,0,25,5,-42,93.6306,1.5
2400000379,111.3,0,0,-111.3,111.3,379,0,0,0,25,2,-7.85851,99.5,1.5
2400000416,99.1024,0,0,-99.1024,99.1024,416,0,0,0,25,3,-44.3489,112.5,1.5
2400000437,105.367,0,0,-105.367,105.367,437,0,0,0,25,17,54,113.426,1.5
2400000440,119.932,0,0,-119.932,119.932,440,0,0,0,25,11,24.5,123.976,1.5
2400000484,98.1834,0,0,-98.1834,98.1834,484,0,0,0,25,8,-43,133.148,1.5
2400000496,107.982,0,0,-107.982,107.982,496,0,0,0,25,15,50.4721,134.472,1.5
2400000496,108.105,0,0,-108.105,108.105,496,0,0,0,25,18,64.5993,128.099,1.5
2400000500,98.6326,0,0,-98.6326,98.6326,500,0,0,0,25,12,-31,141.132,1.5
2400000503,99.7405,0,0,-99.7405,99.7405,503,0,0,0,25,14,-54.4168,134.917,1.5
2400000517,112.494,0,0,-112.494,112.494,517,0,0,0,25,10,-2,138.827,1.5
2400429005,105.367,0,0,-105.367,105.367,437,17,54,113.426,1.5,0,0,0,25
2402928820,90.4906,0,0,-90.4906,90.4906,252,16,19.0804,66.0804,1.5,0,0,0,25
2403928984,99.1024,0,0,-99.1024,99.1024,416,3,-44.3489,112.5,1.5,0,0,0,25
2404428947,111.3,0,0,-111.3,111.3,379,2,-7.85851,99.5,1.5,0,0,0,25
2404928911,104.862,0,0,-104.862,104.862,343,20,24.9189,93.9189,1.5,0,0,0,25
2405929085,112.494,0,0,-112.494,112.494,517,10,-2,138.827,1.5,0,0,0,25
2409429064,107.982,0,0,-107.982,107.982,496,15,50.4721,134.472,1.5,0,0,0,25
2415428930,96.9388,0,0,-96.9388,96.9388,362,5,-42,93.6306,1.5,0,0,0,25
2415929068,98.6326,0,0,-98.6326,98.6326,500,12,-31,141.132,1.5,0,0,0,25
2421429064,108.105,0,0,-108.105,108.105,496,18,64.5993,128.099,1.5,0,0,0,25
2425428772,88.8845,0,0,-88.8845,88.8845,204,4,-27.0371,53.5371,1.5,0,0,0,25
2432928756,103.734,0,0,-103.734,103.734,188,6,3.5,47.5196,1.5,0,0,0,25
2432928899,98.354,0,0,-98.354,98.354,331,13,37.5771,85.0771,1.5,0,0,0,25
2434928805,108.293,0,0,-108.293,108.293,237,9,8.93566,63.4357,1.5,0,0,0,25
2437428807,97.2388,0,0,-97.2388,97.2388,239,1,-19.4441,63.0559,1.5,0,0,0,25
2438928784,87.594,0,0,-87.594,87.594,216,19,21.6368,54.8632,1.5,0,0,0,25
2439928777,90.9839,0,0,-90.9839,90.9839,209,7,16.9864,53.5136,1.5,0,0,0,25
2447429008,119.932,0,0,-119.932,119.932,440,11,24.5,123.976,1.5,0,0,0,25
2449429052,98.1834,0,0,-98.1834,98.1834,484,8,-43,133.148,1.5,0,0,0,25
2449929071,99.7405,0,0,-99.7405,99.7405,503,14,-54.4168,134.917,1.5,0,0,0,25
2450000188,103.734,0,0,-103.734,103.734,188,0,0,0,25,6,3.5,47.5196,1.5
2450000204,88.8845,0,0,-88.8845,88.8845,204,0,0,0,25,4,-27.0371,53.5371,1.5
2450000209,90.9839,0,0,-90.9839,90.9839,209,0,0,0,25,7,16.9864,53.5136,1.5
2450000216,87.594,0,0,-87.594,87.594,216,0,0,0,25,19,21.6368,54.8632,1.5
2450000237,108.293,0,0,-108.293,108.293,237,0,0,0,25,9,8.93566,63.4357,1.5
2450000239,97.2388,0,0,-97.2388,97.2388,239,0,0,0,25,1,-19.4441,63.0559,1.5
2450000252,90.4906,0,0,-90.4906,90.4906,252,0,0,0,25,16,19.0804,66.0804,1.5
2450000331,98.354,0,0,-98.354,98.354,331,0,0,0,25,13,37.5771,85.0771,1.5
2450000343,104.862,0,0,-104.862,104.862,343,0,0,0,25,20,24.9189,93.9189,1.5
2450000362,96.9388,0,0,-96.9388,96.9388,362,0,0,0,25,5,-42,93.6306,1.5
2450000379,111.3,0,0,-111.3,111.3,379,0,0,0,25,2,-7.85851,99.5,1.5
2450000416,99.1024,0,0,-99.1024,99.1024,416,0,0,0,25,3,-44.3489,112.5,1.5
2450000437,105.367,0,0,-105.367,105.367,437,0,0,0,25,17,54,113.426,1.5
2450000440,119.932,0,0,-119.932,119.932,440,0,0,0,25,11,24.5,123.976,1.5
2450000484,98.1834,0,0,-98.1834,98.1834,484,0,0,0,25,8,-43,133.148,1.5
2450000496,107.982,0,0,-107.982,107.982,496,0,0,0,25,15,50.4721,134.472,1.5
2450000496,108.105,0,0,-108.105,108.105,496,0,0,0,25,18,64.5993,128.099,1.5
2450000500,98.6326,0,0,-98.6326,98.6326,500,0,0,0,25,12,-31,141.132,1.5
2450000503,99.7405,0,0,-99.7405,99.7405,503,0,0,0,25,14,-54.4168,134.917,1.5
2450000517,112.494,0,0,-112.494,112.494,517,0,0,0,25,10,-2,138.827,1.5
2450429005,105.367,0,0,-105.367,105.367,437,17,54,113.426,1.5,0,0,0,25
2452928820,90.4906,0,0,-90.4906,90.4906,252,16,19.0804,66.0804,1.5,0,0,0,25
2453928984,99.1024,0,0,-99.1024,99.1024,416,3,-44.3489,112.5,1.5,0,0,0,25
2454428947,111.3,0,0,-111.3,111.3,379,2,-7.85851,99.5,1.5,0,0,0,25
2454928911,104.862,0,0,-104.862,104.862,343,20,24.9189,93.9189,1.5,0,0,0,25
2455929085,112.494,0,0,-112.494,112.494,517,10,-2,138.827,1.5,0,0,0,25
2459429064,107.982,0,0,-107.982,107.982,496,15,50.4721,134.472,1.5,0,0,0,25
2465428930,96.9388,0,0,-96.9388,96.9388,362,5,-42,93.6306,1.5,0,0,0,25
2465929068,98.6326,0,0,-98.6326,98.6326,500,12,-31,141.132,1.5,0,0,0,25
2471429064,108.105,0,0,-108.105,108.105,496,18,64.5993,128.099,1.5,0,0,0,25
2475428772,88.8845,0,0,-88.8845,88.8845,204,4,-27.0371,53.5371,1.5,0,0,0,25
2482928756,103.734,0,0,-103.734,103.734,188,6,3.5,47.5196,1.5,0,0,0,25
2482928899,98.354,0,0,-98.354,98.354,331,13,37.5771,85.0771,1.5,0,0,0,25
2484928805,108.293,0,0,-108.293,108.293,237,9,8.93566,63.4357,1.5,0,0,0,25
2487928807,97.2388,0,0,-97.2388,97.2388,239,1,-19.4441,63.0559,1.5,0,0,0,25
2488928784,87.594,0,0,-87.594,87.594,216,19,21.6368,54.8632,1.5,0,0,0,25
2489928777,90.9839,0,0,-90.9839,90.9839,209,7,16.9864,53.5136,1.5,0,0,0,25
2497429008,119.932,0,0,-119.932,119.932,440,11,24.5,123.976,1.5,0,0,0,25
2499429052,98.1834,0,0,-98.1834,98.1834,484,8,-43,133.148,1.5,0,0,0,25
2499929071,99.7405,0,0,-99.7405,99.7405,503,14,-54.4168,134.917,1.5,0,0,0,25
2500000188,103.734,0,0,-103.734,103.734,188,0,0,0,25,6,3.5,47.3696,1.5
2500000204,88.8845,0,0,-88.8845,88.8845,204,0,0,0,25,4,-27.1431,53.6431,1.5
2500000209,90.9839,0,0,-90.9839,90.9839,209,0,0,0,25,7,17.0925,53.4075,1.5
2500000216,87.594,0,0,-87.594,87.594,216,0,0,0,25,19,21.7429,54.7571,1.5
2500000237,108.293,0,0,-108.293,108.293,237,0,0,0,25,9,8.82959,63.3296,1.5
2500000239,97.2388,0,0,-97.2388,97.2388,239,0,0,0,25,1,-19.5502,62.9498,1.5
2500000252,90.4906,0,0,-90.4906,90.4906,252,0,0,0,25,16,18.9743,65.9743,1.5
2500000331,98.354,0,0,-98.354,98.354,331,0,0,0,25,13,37.4711,84.9711,1.5
2500000343,104.862,0,0,-104.862,104.862,343,0,0,0,25,20,24.8128,93.8128,1.5
2500000362,96.9388,0,0,-96.9388,96.9388,362,0,0,0,25,5,-42,93.4806,1.5
2500000379,111.3,0,0,-111.3,111.3,379,0,0,0,25,2,-8.00851,99.5,1.5
2500000416,99.1024,0,0,-99.1024,99.1024,416,0,0,0,25,3,-44.1989,112.5,1.5
2500000437,105.367,0,0,-105.367,105.367,437,0,0,0,25,17,54,113.276,1.5
2500000440,119.932,0,0,-119.932,119.932,440,0,0,0,25,11,24.5,123.826,1.5
2500000484,98.1834,0,0,-98.1834,98.1834,484,0,0,0,25,8,-43,132.998,1.5
2500000496,107.982,0,0,-107.982,107.982,496,0,0,0,25,15,50.366,134.366,1.5
2500000496,108.105,0,0,-108.105,108.105,496,0,0,0,25,18,64.4932,127.993,1.5
2500000500,98.6326,0,0,-98.6326,98.6326,500,0,0,0,25,12,-31,140.982,1.5
2500000503,99.7405,0,0,-99.7405,99.7405,503,0,0,0,25,14,-54.3108,134.811,1.5
2500000517,112.494,0,0,-112.494,112.494,517,0,0,0,25,10,-2,138.677,1.5
2500429005,105.367,0,0,-105.367,105.367,437,17,54,113.276,1.5,0,0,0,25
2502928820,90.4906,0,0,-90.4906,90.4906,252,16,18.9743,65.9743,1.5,0,0,0,25
2503928984,99.1024,0,0,-99.1024,99.1024,416,3,-44.1989,112.5,1.5,0,0,0,25
2504428947,111.3,0,0,-111.3,111.3,379,2,-8.00851,99.5,1.5,0,0,0,25
2504928911,104.862,0,0,-104.862,104.862,343,20,24.8128,93.8128,1.5,0,0,0,25
2505929085,112.494,0,0,-112.494,112.494,517,10,-2,138.677,1.5,0,0,0,25
2509429064,107.982,0,0,-107.982,107.982,496,15,50.366,134.366,1.5,0,0,0,25
2515428930,96.9388,0,0,-96.9388,96.9388,362,5,-42,93.4806,1.5,0,0,0,25
2515929068,98.6326,0,0,-98.6326,98.6326,500,12,-31,140.982,1.5,0,0,0,25
2521429064,108.105,0,0,-108.105,108.105,496,18,64.4932,127.993,1.5,0,0,0,25
2525428772,88.8845,0,0,-88.8845,88.8845,204,4,-27.1431,53.6431,1.5,0,0,0,25
2532928756,103.734,0,0,-103.734,103.734,188,6,3.5,47.3696,1.5,0,0,0,25
2532928899,98.354,0,0,-98.354,98.354,331,13,37.4711,84.9711,1.5,0,0,0,25
2534928805,108.293,0,0,-108.293,108.293,237,9,8.82959,63.3296,1.5,0,0,0,25
2538428807,97.2388,0,0,-97.2388,97.2388,239,1,-19.5502,62.9498,1.5,0,0,0,25
2538928784,87.594,0,0,-87.594,87.594,216,19,21.7429,54.7571,1.5,0,0,0,25
2539928777,90.9839,0,0,-90.9839,90.9839,209,7,17.0925,53.4075,1.5,0,0,0,25
2547429008,119.932,0,0,-119.932,119.932,440,11,24.5,123.826,1.5,0,0,0,25
2549429052,98.1834,0,0,-98.1834,98.1834,484,8,-43,132.998,1.5,0,0,0,25
2549929071,99.7405,0,0,-99.7405,99.7405,503,14,-54.3108,134.811,1.5,0,0,0,25
2550000188,103.734,0,0,-103.734,103.734,188,0,0,0,25,6,3.5,47.3696,1.5
2550000204,88.8845,0,0,-88.8845,88.8845,204,0,0,0,25,4,-27.1431,53.6431,1.5
2550000209,90.9839,0,0,-90.9839,90.9839,209,0,0,0,25,7,17.0925,53.4075,1.5
2550000216,87.594,0,0,-87.594,87.594,216,0,0,0,25,19,21.7429,54.7571,1.5
2550000237,108.293,0,0,-108.293,108.293,237,0,0,0,25,9,8.82959,63.3296,1.5
2550000239,97.2388,0,0,-97.2388,97.2388,239,0,0,0,25,1,-19.5502,62.9498,1.5
2550000252,90.4906,0,0,-90.4906,90.4906,252,0,0,0,25,16,18.9743,65.9743,1.5
2550000331,98.354,0,0,-98.354,98.354,331,0,0,0,25,13,37.4711,84.9711,1.5
2550000343,104.862,0,0,-104.862,104.862,343,0,0,0,25,20,24.8128,93.8128,1.5
2550000362,96.9388,0,0,-96.9388,96.9388,362,0,0,0,25,5,-42,93.4806,1.5
2550000379,111.3,0,0,-111.3,111.3,379,0,0,0,25,2,-8.00851,99.5,1.5
2550000416,99.1024,0,0,-99.1024,99.1024,416,0,0,0,25,3,-44.1989,112.5,1.5
2550000437,105.367,0,0,-105.367,105.367,437,0,0,0,25,17,54,113.276,1.5
2550000440,119.932,0,0,-119.932,119.932,440,0,0,0,25,11,24.5,123.826,1.5
2550000484,98.1834,0,0,-98.1834,98.1834,484,0,0,0,25,8,-43,132.998,1.5
2550000496,107.982,0,0,-107.982,107.982,496,0,0,0,25,15,50.366,134.366,1.5
2550000496,108.105,0,0,-108.105,108.105,496,0,0,0,25,18,64.4932,127.993,1.5
2550000500,98.6326,0,0,-98.6326,98.6326,500,0,0,0,25,12,-31,140.982,1.5
2550000503,99.7405,0,0,-99.7405,99.7405,503,0,0,0,25,14,-54.3108,134.811,1.5
2550000517,112.494,0,0,-112.494,112.494,517,0,0,0,25,10,-2,138.677,1.5
2550929005,105.367,0,0,-105.367,105.367,437,17,54,113.276,1.5,0,0,0,25
2552928820,90.4906,0,0,-90.4906,90.4906,252,16,18.9743,65.9743,1.5,0,0,0,25
2553928984,99.1024,0,0,-99.1024,99.1024,416,3,-44.1989,112.5,1.5,0,0,0,25
2554428947,111.3,0,0,-111.3,111.3,379,2,-8.00851,99.5,1.5,0,0,0,25
2554928911,104.862,0,0,-104.862,104.862,343,20,24.8128,93.8128,1.5,0,0,0,25
2555929085,112.494,0,0,-112.494,112.494,517,10,-2,138.677,1.5,0,0,0,25
2559429064,107.982,0,0,-107.982,107.982,496,15,50.366,134.366,1.5,0,0,0,25
2565428930,96.9388,0,0,-96.9388,96.9388,362,5,-42,93.4806,1.5,0,0,0,25
2565929068,98.6326,0,0,-98.6326,98.6326,500,12,-31,140.982,1.5,0,0,0,25
2571429064,108.105,0,0,-108.105,108.105,496,18,64.4932,127.993,1.5,0,0,0,25
2575428772,88.8845,0,0,-88.8845,88.8845,204,4,-27.1431,53.6431,1.5,0,0,0,25
2582928756,103.734,0,0,-103.734,103.734,188,6,3.5,47.3696,1.5,0,0,0,25
2583428899,98.354,0,0,-98.354,98.354,331,13,37.4711,84.9711,1.5,0,0,0,25
2584928805,108.293,0,0,-108.293,108.293,237,9,8.82959,63.3296,1.5,0,0,0,25
2588428807,97.2388,0,0,-97.2388,97.2388,239,1,-19.5502,62.9498,1.5,0,0,0,25
2588928784,87.594,0,0,-87.594,87.594,216,19,21.7429,54.7571,1.5,0,0,0,25
2589928777,90.9839,0,0,-90.9839,90.9839,209,7,17.0925,53.4075,1.5,0,0,0,25
2597429008,119.932,0,0,-119.932,119.932,440,11,24.5,123.826,1.5,0,0,0,25
2599429052,98.1834,0,0,-98.1834,98.1834,484,8,-43,132.998,1.5,0,0,0,25
2599929071,99.7405,0,0,-99.7405,99.7405,503,14,-54.3108,134.811,1.5,0,0,0,25
2600000188,103.734,0,0,-103.734,103.734,188,0,0,0,25,6,3.5,47.2196,1.5
2600000204,88.8845,0,0,-88.8845,88.8845,204,0,0,0,25,4,-27.2492,53.7492,1.5
2600000209,90.9839,0,0,-90.9839,90.9839,209,0,0,0,25,7,17.1985,53.3015,1.5
2600000216,87.594,0,0,-87.594,87.594,216,0,0,0,25,19,21.8489,54.6511,1.5
2600000237,108.293,0,0,-108.293,108.293,237,0,0,0,25,9,8.72353,63.2235,1.5
2600000239,97.2388,0,0,-97.2388,97.2388,239,0,0,0,25,1,-19.6563,62.8437,1.5
2600000252,90.4906,0,0,-90.4906,90.4906,252,0,0,0,25,16,18.8682,65.8682,1.5
2600000331,98.354,0,0,-98.354,98.354,331,0,0,0,25,13,37.365,84.865,1.5
2600000343,104.862,0,0,-104.862,104.862,343,0,0,0,25,20,24.7068,93.7068,1.5
2600000362,96.9388,0,0,-96.9388,96.9388,362,0,0,0,25,5,-42,93.3306,1.5
2600000379,111.3,0,0,-111.3,111.3,379,0,0,0,25,2,-8.15851,99.5,1.5
2600000416,99.1024,0,0,-99.1024,99.1024,416,0,0,0,25,3,-44.0489,112.5,1.5
2600000437,105.367,0,0,-105.367,105.367,437,0,0,0,25,17,54,113.126,1.5
2600000440,119.932,0,0,-119.932,119.932,440,0,0,0,25,11,24.5,123.676,1.5
2600000484,98.1834,0,0,-98.1834,98.1834,484,0,0,0,25,8,-43,132.848,1.5
2600000496,107.982,0,0,-107.982,107.982,496,0,0,0,25,15,50.2599,134.26,1.5
2600000496,108.105,0,0,-108.105,108.105,496,0,0,0,25,18,64.3872,127.887,1.5
2600000500,98.6326,0,0,-98.6326,98.6326,500,0,0,0,25,12,-31,140.832,1.5
2600000503,99.7405,0,0,-99.7405,99.7405,503,0,0,0,25,14,-54.2047,134.705,1.5
2600000517,112.494,0,0,-112.494,112.494,517,0,0,0,25,10,-2,138.527,1.5
2600929005,105.367,0,0,-105.367,105.367,437,17,54,113.126,1.5,0,0,0,25
2602928820,90.4906,0,0,-90.4906,90.4906,252,16,18.8682,65.8682,1.5,0,0,0,25
2603928984,99.1024,0,0,-99.1024,99.1024,416,3,-44.0489,112.5,1.5,0,0,0,25
2604428947,111.3,0,0,-111.3,111.3,379,2,-8.15851,99.5,1.5,0,0,0,25
2604928911,104.862,0,0,-104.862,104.862,343,20,24.7068,93.7068,1.5,0,0,0,25
2605929085,112.494,0,0,-112.494,112.494,517,10,-2,138.527,1.5,0,0,0,25
2609429064,107.982,0,0,-107.982,107.982,496,15,50.2599,134.26,1.5,0,0,0,25
2615428930,96.9388,0,0,-96.9388,96.9388,362,5,-42,93.3306,1.5,0,0,0,25
2615929068,98.6326,0,0,-98.6326,98.6326,500,12,-31,140.832,1.5,0,0,0,25
2621429064,108.105,0,0,-108.105,108.105,496,18,64.3872,127.887,1.5,0,0,0,25
2625428772,88.8845,0,0,-88.8845,88.8845,204,4,-27.2492,53.7492,1.5,0,0,0,25
2632928756,103.734,0,0,-103.734,103.734,188,6,3.5,47.2196,1.5,0,0,0,25
2633428899,98.354,0,0,-98.354,98.354,331,13,37.365,84.865,1.5,0,0,0,25
2634928805,108.293,0,0,-108.293,108.293,237,9,8.72353,63.2235,1.5,0,0,0,25
2638428807,97.2388,0,0,-97.2388,97.2388,239,1,-19.6563,62.8437,1.5,0,0,0,25
2638928784,87.594,0,0,-87.594,87.594,216,19,21.8489,54.6511,1.5,0,0,0,25
2639928777,90.9839,0,0,-90.9839,90.9839,209,7,17.1985,53.3015,1.5,0,0,0,25
2647429008,119.932,0,0,-119.932,119.932,440,11,24.5,123.676,1.5,0,0,0,25
2649429052,98.1834,0,0,-98.1834,98.1834,484,8,-43,132.848,1.5,0,0,0,25
2649929071,99.7405,0,0,-99.7405,99.7405,503,14,-54.2047,134.705,1.5,0,0,0,25
2650000188,103.734,0,0,-103.734,103.734,188,0,0,0,25,6,3.5,47.2196,1.5
2650000204,88.8845,0,0,-88.8845,88.8845,204,0,0,0,25,4,-27.2492,53.7492,1.5
2650000209,90.9839,0,0,-90.9839,90.9839,209,0,0,0,25,7,17.1985,53.3015,1.5
2650000216,87.594,0,0,-87.594,87.594,216,0,0,0,25,19,21.8489,54.6511,1.5
2650000237,108.293,0,0,-108.293,108.293,237,0,0,0,25,9,8.72353,63.2235,1.5
2650000239,97.2388,0,0,-97.2388,97.2388,239,0,0,0,25,1,-19.6563,62.8437,1.5
2650000252,90.4906,0,0,-90.4906,90.4906,252,0,0,0,25,16,18.8682,65.8682,1.5
2650000331,98.354,0,0,-98.354,98.354,331,0,0,0,25,13,37.365,84.865,1.5
2650000343,104.862,0,0,-104.862,104.862,343,0,0,0,25,20,24.7068,93.7068,1.5
2650000362,96.9388,0,0,-96.9388,96.9388,362,0,0,0,25,5,-42,93.3306,1.5
2650000379,111.3,0,0,-111.3,111.3,379,0,0,0,25,2,-8.15851,99.5,1.5
2650000416,99.1024,0,0,-99.1024,99.1024,416,0,0,0,25,3,-44.0489,112.5,1.5
2650000437,105.367,0,0,-105.367,105.367,437,0,0,0,25,17,54,113.126,1.5
2650000440,119.932,0,0,-119.932,119.932,440,0,0,0,25,11,24.5,123.676,1.5
2650000484,98.1834,0,0,-98.1834,98.1834,484,0,0,0,25,8,-43,132.848,1.5
2650000496,107.982,0,0,-107.982,107.982,496,0,0,0,25,15,50.2599,134.26,1.5
2650000496,108.105,0,0,-108.105,108.105,496,0,0,0,25,18,64.3872,127.887,1.5
2650000500,98.6326,0,0,-98.6326,98.6326,500,0,0,0,25,12,-31,140.832,1.5
2650000503,99.7405,0,0,-99.7405,99.7405,503,0,0,0,25,14,-54.2047,134.705,1.5
2650000517,112.494,0,0,-112.494,112.494,517,0,0,0,25,10,-2,138.527,1.5
2650929005,105.367,0,0,-105.367,105.367,437,17,54,113.126,1.5,0,0,0,25
2652928820,90.4906,0,0,-90.4906,90.4906,252,16,18.8682,65.8682,1.5,0,0,0,25
2653928984,99.1024,0,0,-99.1024,99.1024,416,3,-44.0489,112.5,1.5,0,0,0,25
2654428947,111.3,0,0,-111.3,111.3,379,2,-8.15851,99.5,1.5,0,0,0,25
2654928911,104.862,0,0,-104.862,104.862,343,20,24.7068,93.7068,1.5,0,0,0,25
2655929085,112.494,0,0,-112.494,112.494,517,10,-2,138.527,1.5,0,0,0,25
2659429064,107.982,0,0,-107.982,107.982,496,15,50.2599,134.26,1.5,0,0,0,25
2665428930,96.9388,0,0,-96.9388,96.9388,362,5,-42,93.3306,1.5,0,0,0,25
2665929068,98.6326,0,0,-98.6326,98.6326,500,12,-31,140.832,1.5,0,0,0,25
2671429064,108.105,0,0,-108.105,108.105,496,18,64.3872,127.887,1.5,0,0,0,25
2675428772,88.8845,0,0,-88.8845,88.8845,204,4,-27.2492,53.7492,1.5,0,0,0,25
2682928756,103.734,0,0,-103.734,103.734,188,6,3.5,47.2196,1.5,0,0,0,25
2683428899,98.354,0,0,-98.354,98.354,331,13,37.365,84.865,1.5,0,0,0,25
2684928805,108.293,0,0,-108.293,108.293,237,9,8.72353,63.2235,1.5,0,0,0,25
2688428807,97.2388,0,0,-97.2388,97.2388,239,1,-19.6563,62.8437,1.5,0,0,0,25
2688928784,87.594,0,0,-87.594,87.594,216,19,21.8489,54.6511,1.5,0,0,0,25
2689928777,90.9839,0,0,-90.9839,90.9839,209,7,17.1985,53.3015,1.5,0,0,0,25
2697929008,119.932,0,0,-119.932,119.932,440,11,24.5,123.676,1.5,0,0,0,25
2699429052,98.1834,0,0,-98.1834,98.1834,484,8,-43,132.848,1.5,0,0,0,25
2699929071,99.7405,0,0,-99.7405,99.7405,503,14,-54.2047,134.705,1.5,0,0,0,25
2700000188,103.734,0,0,-103.734,103.734,188,0,0,0,25,6,3.5,47.0696,1.5
2700000204,88.8845,0,0,-88.8845,88.8845,204,0,0,0,25,4,-27.3553,53.8553,1.5
2700000209,90.9839,0,0,-90.9839,90.9839,209,0,0,0,25,7,17.3046,53.1954,1.5
2700000216,87.594,0,0,-87.594,87.594,216,0,0,0,25,19,21.955,54.545,1.5
2700000237,108.293,0,0,-108.293,108.293,237,0,0,0,25,9,8.61746,63.1175,1.5
2700000239,97.2388,0,0,-97.2388,97.2388,239,0,0,0,25,1,-19.7623,62.7377,1.5
2700000252,90.4906,0,0,-90.4906,90.4906,252,0,0,0,25,16,18.7622,65.7622,1.5
2700000331,98.354,0,0,-98.354,98.354,331,0,0,0,25,13,37.2589,84.7589,1.5
2700000343,104.862,0,0,-104.862,104.862,343,0,0,0,25,20,24.6007,93.6007,1.5
2700000362,96.9388,0,0,-96.9388,96.9388,362,0,0,0,25,5,-42,93.1806,1.5
2700000379,111.3,0,0,-111.3,111.3,379,0,0,0,25,2,-8.30851,99.5,1.5
2700000416,99.1024,0,0,-99.1024,99.1024,416,0,0,0,25,3,-43.8989,112.5,1.5
2700000437,105.367,0,0,-105.367,105.367,437,0,0,0,25,17,54,112.976,1.5
2700000440,119.932,0,0,-119.932,119.932,440,0,0,0,25,11,24.5,123.526,1.5
2700000484,98.1834,0,0,-98.1834,98.1834,484,0,0,0,25,8,-43,132.698,1.5
2700000496,107.982,0,0,-107.982,107.982,496,0,0,0,25,15,50.1539,134.154,1.5
2700000496,108.105,0,0,-108.105,108.105,496,0,0,0,25,18,64.2811,127.781,1.5
2700000500,98.6326,0,0,-98.6326,98.6326,500,0,0,0,25,12,-31,140.682,1.5
2700000503,99.7405,0,0,-99.7405,99.7405,503,0,0,0,25,14,-54.0986,134.599,1.5
2700000517,112.494,0,0,-112.494,112.494,517,0,0,0,25,10,-2,138.377,1.5
2700929005,105.367,0,0,-105.367,105.367,437,17,54,112.976,1.5,0,0,0,25
2702928820,90.4906,0,0,-90.4906,90.4906,252,16,18.7622,65.7622,1.5,0,0,0,25
2703928984,99.1024,0,0,-99.1024,99.1024,416,3,-43.8989,112.5,1.5,0,0,0,25
2704428947,111.3,0,0,-111.3,111.3,379,2,-8.30851,99.5,1.5,0,0,0,25
2704928911,104.862,0,0,-104.862,104.862,343,20,24.6007,93.6007,1.5,0,0,0,25
2705929085,112.494,0,0,-112.494,112.494,517,10,-2,138.377,1.5,0,0,0,25
2709429064,107.982,0,0,-107.982,107.982,496,15,50.1539,134.154,1.5,0,0,0,25
2715428930,96.9388,0,0,-96.9388,96.9388,362,5,-42,93.1806,1.5,0,0,0,25
2715929068,98.6326,0,0,-98.6326,98.6326,500,12,-31,140.682,1.5,0,0,0,25
2721429064,108.105,0,0,-108.105,108.105,496,18,64.2811,127.781,1.5,0,0,0,25
2725428772,88.8845,0,0,-88.8845,88.8845,204,4,-27.3553,53.8553,1.5,0,0,0,25
2732928756,103.734,0,0,-103.734,103.734,188,6,3.5,47.0696,1.5,0,0,0,25
2734428899,98.354,0,0,-98.354,98.354,331,13,37.2589,84.7589,1.5,0,0,0,25
2734928805,108.293,0,0,-108.293,108.293,237,9,8.61746,63.1175,1.5,0,0,0,25
2738428807,97.2388,0,0,-97.2388,97.2388,239,1,-19.7623,62.7377,1.5,0,0,0,25
2738928784,87.594,0,0,-87.594,87.594,216,19,21.955,54.545,1.5,0,0,0,25
2739928777,90.9839,0,0,-90.9839,90.9839,209,7,17.3046,53.1954,1.5,0,0,0,25
2747929008,119.932,0,0,-119.932,119.932,440,11,24.5,123.526,1.5,0,0,0,25
2749429052,98.1834,0,0,-98.1834,98.1834,484,8,-43,132.698,1.5,0,0,0,25
2750000188,103.734,0,0,-103.734,103.734,188,0,0,0,25,6,3.5,47.0696,1.5
2750000204,88.8845,0,0,-88.8845,88.8845,204,0,0,0,25,4,-27.3553,53.8553,1.5
2750000209,90.9839,0,0,-90.9839,90.9839,209,0,0,0,25,7,17.3046,53.1954,1.5
2750000216,87.594,0,0,-87.594,87.594,216,0,0,0,25,19,21.955,54.545,1.5
2750000237,108.293,0,0,-108.293,108.293,237,0,0,0,25,9,8.61746,63.1175,1.5
2750000239,97.2388,0,0,-97.2388,97.2388,239,0,0,0,25,1,-19.7623,62.7377,1.5
2750000252,90.4906,0,0,-90.4906,90.4906,252,0,0,0,25,16,18.7622,65.7622,1.5
2750000331,98.354,0,0,-98.354,98.354,331,0,0,0,25,13,37.2589,84.7589,1.5
2750000343,104.862,0,0,-104.862,104.862,343,0,0,0,25,20,24.6007,93.6007,1.5
2750000362,96.9388,0,0,-96.9388,96.9388,362,0,0,0,25,5,-42,93.1806,1.5
2750000379,111.3,0,0,-111.3,111.3,379,0,0,0,25,2,-8.30851,99.5,1.5
2750000416,99.1024,0,0,-99.1024,99.1024,416,0,0,0,25,3,-43.8989,112.5,1.5
2750000437,105.367,0,0,-105.367,105.367,437,0,0,0,25,17,54,112.976,1.5
2750000440,119.932,0,0,-119.932,119.932,440,0,0,0,25,11,24.5,123.526,1.5
2750000484,98.1834,0,0,-98.1834,98.1834,484,0,0,0,25,8,-43,132.698,1.5
2750000496,107.982,0,0,-107.982,107.982,496,0,0,0,25,15,50.1539,134.154,1.5
2750000496,108.105,0,0,-108.105,108.105,496,0,0,0,25,18,64.2811,127.781,1.5
2750000500,98.6326,0,0,-98.6326,98.6326,500,0,0,0,25,12,-31,140.682,1.5
2750000503,99.7405,0,0,-99.7405,99.7405,503,0,0,0,25,14,-54.0986,134.599,1.5
2750000517,112.494,0,0,-112.494,112.494,517,0,0,0,25,10,-2,138.377,1.5
2750429071,99.7405,0,0,-99.7405,99.7405,503,14,-54.0986,134.599,1.5,0,0,0,25
2751429005,105.367,0,0,-105.367,105.367,437,17,54,112.976,1.5,0,0,0,25
2752928820,90.4906,0,0,-90.4906,90.4906,252,16,18.7622,65.7622,1.5,0,0,0,25
2753928984,99.1024,0,0,-99.1024,99.1024,416,3,-43.8989,112.5,1.5,0,0,0,25
2754428947,111.3,0,0,-111.3,111.3,379,2,-8.30851,99.5,1.5,0,0,0,25
2754928911,104.862,0,0,-104.862,104.862,343,20,24.6007,93.6007,1.5,0,0,0,25
2755929085,112.494,0,0,-112.494,112.494,517,10,-2,138.377,1.5,0,0,0,25
2759429064,107.982,0,0,-107.982,107.982,496,15,50.1539,134.154,1.5,0,0,0,25
2765428930,96.9388,0,0,-96.9388,96.9388,362,5,-42,93.1806,1.5,0,0,0,25
2765929068,98.6326,0,0,-98.6326,98.6326,500,12,-31,140.682,1.5,0,0,0,25
2771429064,108.105,0,0,-108.105,108.105,496,18,64.2811,127.781,1.5,0,0,0,25
2775428772,88.8845,0,0,-88.8845,88.8845,204,4,-27.3553,53.8553,1.5,0,0,0,25
2782928756,103.734,0,0,-103.734,103.734,188,6,3.5,47.0696,1.5,0,0,0,25
2784428899,98.354,0,0,-98.354,98.354,331,13,37.2589,84.7589,1.5,0,0,0,25
2785428805,108.293,0,0,-108.293,108.293,237,9,8.61746,63.1175,1.5,0,0,0,25
2788428807,97.2388,0,0,-97.2388,97.2388,239,1,-19.7623,62.7377,1.5,0,0,0,25
2788928784,87.594,0,0,-87.594,87.594,216,19,21.955,54.545,1.5,0,0,0,25
2789928777,90.9839,0,0,-90.9839,90.9839,209,7,17.3046,53.1954,1.5,0,0,0,25
2798429008,119.932,0,0,-119.932,119.932,440,11,24.5,123.526,1.5,0,0,0,25
2799429052,98.1834,0,0,-98.1834,98.1834,484,8,-43,132.698,1.5,0,0,0,25
2800000188,103.734,0,0,-103.734,103.734,188,0,0,0,25,6,3.5,46.9196,1.5
2800000204,88.8845,0,0,-88.8845,88.8845,204,0,0,0,25,4,-27.4613,53.9613,1.5
2800000209,90.9839,0,0,-90.9839,90.9839,209,0,0,0,25,7,17.4106,53.0894,1.5
2800000216,87.594,0,0,-87.594,87.594,216,0,0,0,25,19,22.0611,54.4389,1.5
2800000237,108.293,0,0,-108.293,108.293,237,0,0,0,25,9,8.51139,63.0114,1.5
2800000239,97.2388,0,0,-97.2388,97.2388,239,0,0,0,25,1,-19.8684,62.6316,1.5
2800000252,90.4906,0,0,-90.4906,90.4906,252,0,0,0,25,16,18.6561,65.6561,1.5
2800000331,98.354,0,0,-98.354,98.354,331,0,0,0,25,13,37.1529,84.6529,1.5
2800000343,104.862,0,0,-104.862,104.862,343,0,0,0,25,20,24.4946,93.4946,1.5
2800000362,96.9388,0,0,-96.9388,96.9388,362,0,0,0,25,5,-42,93.0306,1.5
2800000379,111.3,0,0,-111.3,111.3,379,0,0,0,25,2,-8.45851,99.5,1.5
2800000416,99.1024,0,0,-99.1024,99.1024,416,0,0,0,25,3,-43.7489,112.5,1.5
2800000437,105.367,0,0,-105.367,105.367,437,0,0,0,25,17,54,112.826,1.5
2800000440,119.932,0,0,-119.932,119.932,440,0,0,0,25,11,24.5,123.376,1.5
2800000484,98.1834,0,0,-98.1834,98.1834,484,0,0,0,25,8,-43,132.548,1.5
2800000496,107.982,0,0,-107.982,107.982,496,0,0,0,25,15,50.0478,134.048,1.5
2800000496,108.105,0,0,-108.105,108.105,496,0,0,0,25,18,64.175,127.675,1.5
2800000500,98.6326,0,0,-98.6326,98.6326,500,0,0,0,25,12,-31,140.532,1.5
2800000503,99.7405,0,0,-99.7405,99.7405,503,0,0,0,25,14,-53.9926,134.493,1.5
2800000517,112.494,0,0,-112.494,112.494,517,0,0,0,25,10,-2,138.227,1.5
2800429071,99.7405,0,0,-99.7405,99.7405,503,14,-53.9926,134.493,1.5,0,0,0,25
2801429005,105.367,0,0,-105.367,105.367,437,17,54,112.826,1.5,0,0,0,25
2802928820,90.4906,0,0,-90.4906,90.4906,252,16,18.6561,65.6561,1.5,0,0,0,25
2803928984,99.1024,0,0,-99.1024,99.1024,416,3,-43.7489,112.5,1.5,0,0,0,25
2804428947,111.3,0,0,-111.3,111.3,379,2,-8.45851,99.5,1.5,0,0,0,25
2804928911,104.862,0,0,-104.862,104.862,343,20,24.4946,93.4946,1.5,0,0,0,25
2805929085,112.494,0,0,-112.494,112.494,517,10,-2,138.227,1.5,0,0,0,25
2809429064,107.982,0,0,-107.982,107.982,496,15,50.0478,134.048,1.5,0,0,0,25
2815428930,96.9388,0,0,-96.9388,96.9388,362,5,-42,93.0306,1.5,0,0,0,25
2815929068,98.6326,0,0,-98.6326,98.6326,500,12,-31,140.532,1.5,0,0,0,25
2821429064,108.105,0,0,-108.105,108.105,496,18,64.175,127.675,1.5,0,0,0,25
2825428772,88.8845,0,0,-88.8845,88.8845,204,4,-27.4613,53.9613,1.5,0,0,0,25
2832928756,103.734,0,0,-103.734,103.734,188,6,3.5,46.9196,1.5,0,0,0,25
2834428899,98.354,0,0,-98.354,98.354,331,13,37.1529,84.6529,1.5,0,0,0,25
2835428805,108.293,0,0,-108.293,108.293,237,9,8.51139,63.0114,1.5,0,0,0,25
2838428807,97.2388,0,0,-97.2388,97.2388,239,1,-19.8684,62.6316,1.5,0,0,0,25
2838928784,87.594,0,0,-87.594,87.594,216,19,22.0611,54.4389,1.5,0,0,0,25
2839928777,90.9839,0,0,-90.9839,90.9839,209,7,17.4106,53.0894,1.5,0,0,0,25
2848429008,119.932,0,0,-119.932,119.932,440,11,24.5,123.376,1.5,0,0,0,25
2849429052,98.1834,0,0,-98.1834,98.1834,484,8,-43,132.548,1.5,0,0,0,25
2850000188,103.734,0,0,-103.734,103.734,188,0,0,0,25,6,3.5,46.9196,1.5
2850000204,88.8845,0,0,-88.8845,88.8845,204,0,0,0,25,4,-27.4613,53.9613,1.5
2850000209,90.9839,0,0,-90.9839,90.9839,209,0,0,0,25,7,17.4106,53.0894,1.5
2850000216,87.594,0,0,-87.594,87.594,216,0,0,0,25,19,22.0611,54.4389,1.5
2850000237,108.293,0,0,-108.293,108.293,237,0,0,0,25,9,8.51139,63.0114,1.5
2850000239,97.2388,0,0,-97.2388,97.2388,239,0,0,0,25,1,-19.8684,62.6316,1.5
2850000252,90.4906,0,0,-90.4906,90.4906,252,0,0,0,25,16,18.6561,65.6561,1.5
2850000331,98.354,0,0,-98.354,98.354,331,0,0,0,25,13,37.1529,84.6529,1.5
2850000343,104.862,0,0,-104.862,104.862,343,0,0,0,25,20,24.4946,93.4946,1.5
2850000362,96.9388,0,0,-96.9388,96.9388,362,0,0,0,25,5,-42,93.0306,1.5
2850000379,111.3,0,0,-111.3,111.3,379,0,0,0,25,2,-8.45851,99.5,1.5
2850000416,99.1024,0,0,-99.1024,99.1024,416,0,0,0,25,3,-43.7489,112.5,1.5
2850000437,105.367,0,0,-105.367,105.367,437,0,0,0,25,17,54,112.826,1.5
2850000440,119.932,0,0,-119.932,119.932,440,0,0,0,25,11,24.5,123.376,1.5
2850000484,98.1834,0,0,-98.1834,98.1834,484,0,0,0,25,8,-43,132.548,1.5
2850000496,107.982,0,0,-107.982,107.982,496,0,0,0,25,15,50.0478,134.048,1.5
2850000496,108.105,0,0,-108.105,108.105,496,0,0,0,25,18,64.175,127.675,1.5
2850000500,98.6326,0,0,-98.6326,98.6326,500,0,0,0,25,12,-31,140.532,1.5
2850000503,99.7405,0,0,-99.7405,99.7405,503,0,0,0,25,14,-53.9926,134.493,1.5
2850000517,112.494,0,0,-112.494,112.494,517,0,0,0,25,10,-2,138.227,1.5
2850429071,99.7405,0,0,-99.7405,99.7405,503,14,-53.9926,134.493,1.5,0,0,0,25
2851429005,105.367,0,0,-105.367,105.367,437,17,54,112.826,1.5,0,0,0,25
2852928820,90.4906,0,0,-90.4906,90.4906,252,16,18.6561,65.6561,1.5,0,0,0,25
2854428947,111.3,0,0,-111.3,111.3,379,2,-8.45851,99.5,1.5,0,0,0,25
2854428984,99.1024,0,0,-99.1024,99.1024,416,3,-43.7489,112.5,1.5,0,0,0,25
2854928911,104.862,0,0,-104.862,104.862,343,20,24.4946,93.4946,1.5,0,0,0,25
2855929085,112.494,0,0,-112.494,112.494,517,10,-2,138.227,1.5,0,0,0,25
2859429064,107.982,0,0,-107.982,107.982,496,15,50.0478,134.048,1.5,0,0,0,25
2865428930,96.9388,0,0,-96.9388,96.9388,362,5,-42,93.0306,1.5,0,0,0,25
2865929068,98.6326,0,0,-98.6326,98.6326,500,12,-31,140.532,1.5,0,0,0,25
2871429064,108.105,0,0,-108.105,108.105,496,18,64.175,127.675,1.5,0,0,0,25
2875428772,88.8845,0,0,-88.8845,88.8845,204,4,-27.4613,53.9613,1.5,0,0,0,25
2882928756,103.734,0,0,-103.734,103.734,188,6,3.5,46.9196,1.5,0,0,0,25
2884428899,98.354,0,0,-98.354,98.354,331,13,37.1529,84.6529,1.5,0,0,0,25
2885428805,108.293,0,0,-108.293,108.293,237,9,8.51139,63.0114,1.5,0,0,0,25
2888928784,87.594,0,0,-87.594,87.594,216,19,22.0611,54.4389,1.5,0,0,0,25
2888928807,97.2388,0,0,-97.2388,97.2388,239,1,-19.8684,62.6316,1.5,0,0,0,25
2889928777,90.9839,0,0,-90.9839,90.9839,209,7,17.4106,53.0894,1.5,0,0,0,25
2898929008,119.932,0,0,-119.932,119.932,440,11,24.5,123.376,1.5,0,0,0,25
2899429052,98.1834,0,0,-98.1834,98.1834,484,8,-43,132.548,1.5,0,0,0,25
2900000188,103.734,0,0,-103.734,103.734,188,0,0,0,25,6,3.5,46.7696,1.5
2900000204,88.8845,0,0,-88.8845,88.8845,204,0,0,0,25,4,-27.5674,54.0674,1.5
2900000209,90.9839,0,0,-90.9839,90.9839,209,0,0,0,25,7,17.5167,52.9833,1.5
2900000216,87.594,0,0,-87.594,87.594,216,0,0,0,25,19,22.1671,54.3329,1.5
2900000237,108.293,0,0,-108.293,108.293,237,0,0,0,25,9,8.40533,62.9053,1.5
2900000239,97.2388,0,0,-97.2388,97.2388,239,0,0,0,25,1,-19.9745,62.5255,1.5
2900000252,90.4906,0,0,-90.4906,90.4906,252,0,0,0,25,16,18.55,65.55,1.5
2900000331,98.354,0,0,-98.354,98.354,331,0,0,0,25,13,37.0468,84.5468,1.5
2900000343,104.862,0,0,-104.862,104.862,343,0,0,0,25,20,24.3886,93.3886,1.5
2900000362,96.9388,0,0,-96.9388,96.9388,362,0,0,0,25,5,-42,92.8806,1.5
2900000379,111.3,0,0,-111.3,111.3,379,0,0,0,25,2,-8.60851,99.5,1.5
2900000416,99.1024,0,0,-99.1024,99.1024,416,0,0,0,25,3,-43.5989,112.5,1.5
2900000437,105.367,0,0,-105.367,105.367,437,0,0,0,25,17,54,112.676,1.5
2900000440,119.932,0,0,-119.932,119.932,440,0,0,0,25,11,24.5,123.226,1.5
2900000484,98.1834,0,0,-98.1834,98.1834,484,0,0,0,25,8,-43,132.398,1.5
2900000496,107.982,0,0,-107.982,107.982,496,0,0,0,25,15,49.9418,133.942,1.5
2900000496,108.105,0,0,-108.105,108.105,496,0,0,0,25,18,64.069,127.569,1.5
2900000500,98.6326,0,0,-98.6326,98.6326,500,0,0,0,25,12,-31,140.382,1.5
2900000503,99.7405,0,0,-99.7405,99.7405,503,0,0,0,25,14,-53.8865,134.387,1.5
2900000517,112.494,0,0,-112.494,112.494,517,0,0,0,25,10,-2,138.077,1.5
2900429071,99.7405,0,0,-99.7405,99.7405,503,14,-53.8865,134.387,1.5,0,0,0,25
2901429005,105.367,0,0,-105.367,105.367,437,17,54,112.676,1.5,0,0,0,25
2902928820,90.4906,0,0,-90.4906,90.4906,252,16,18.55,65.55,1.5,0,0,0,25
2904428947,111.3,0,0,-111.3,111.3,379,2,-8.60851,99.5,1.5,0,0,0,25
2904428984,99.1024,0,0,-99.1024,99.1024,416,3,-43.5989,112.5,1.5,0,0,0,25
2904928911,104.862,0,0,-104.862,104.862,343,20,24.3886,93.3886,1.5,0,0,0,25
2905929085,112.494,0,0,-112.494,112.494,517,10,-2,138.077,1.5,0,0,0,25
2909429064,107.982,0,0,-107.982,107.982,496,15,49.9418,133.942,1.5,0,0,0,25
2915428930,96.9388,0,0,-96.9388,96.9388,362,5,-42,92.8806,1.5,0,0,0,25
2915929068,98.6326,0,0,-98.6326,98.6326,500,12,-31,140.382,1.5,0,0,0,25
2921429064,108.105,0,0,-108.105,108.105,496,18,64.069,127.569,1.5,0,0,0,25
2925428772,88.8845,0,0,-88.8845,88.8845,204,4,-27.5674,54.0674,1.5,0,0,0,25
2932928756,103.734,0,0,-103.734,103.734,188,6,3.5,46.7696,1.5,0,0,0,25
2934428899,98.354,0,0,-98.354,98.354,331,13,37.0468,84.5468,1.5,0,0,0,25
2935428805,108.293,0,0,-108.293,108.293,237,9,8.40533,62.9053,1.5,0,0,0,25
2938928784,87.594,0,0,-87.594,87.594,216,19,22.1671,54.3329,1.5,0,0,0,25
2938928807,97.2388,0,0,-97.2388,97.2388,239,1,-19.9745,62.5255,1.5,0,0,0,25
2939928777,90.9839,0,0,-90.9839,90.9839,209,7,17.5167,52.9833,1.5,0,0,0,25
2948929008,119.932,0,0,-119.932,119.932,440,11,24.5,123.226,1.5,0,0,0,25
2949429052,98.1834,0,0,-98.1834,98.1834,484,8,-43,132.398,1.5,0,0,0,25
2950000188,103.734,0,0,-103.734,103.734,188,0,0,0,25,6,3.5,46.7696,1.5
2950000204,88.8845,0,0,-88.8845,88.8845,204,0,0,0,25,4,-27.5674,54.0674,1.5
2950000209,90.9839,0,0,-90.9839,90.9839,209,0,0,0,25,7,17.5167,52.9833,1.5
2950000216,87.594,0,0,-87.594,87.594,216,0,0,0,25,19,22.1671,54.3329,1.5
2950000237,108.293,0,0,-108.293,108.293,237,0,0,0,25,9,8.40533,62.9053,1.5
2950000239,97.2388,0,0,-97.2388,97.2388,239,0,0,0,25,1,-19.9745,62.5255,1.5
2950000252,90.4906,0,0,-90.4906,90.4906,252,0,0,0,25,16,18.55,65.55,1.5
2950000331,98.354,0,0,-98.354,98.354,331,0,0,0,25,13,37.0468,84.5468,1.5
2950000343,104.862,0,0,-104.862,104.862,343,0,0,0,25,20,24.3886,93.3886,1.5
2950000362,96.9388,0,0,-96.9388,96.9388,362,0,0,0,25,5,-42,92.8806,1.5
2950000379,111.3,0,0,-111.3,111.3,379,0,0,0,25,2,-8.60851,99.5,1.5
2950000416,99.1024,0,0,-99.1024,99.1024,416,0,0,0,25,3,-43.5989,112.5,1.5
2950000437,105.367,0,0,-105.367,105.367,437,0,0,0,25,17,54,112.676,1.5
2950000440,119.932,0,0,-119.932,119.932,440,0,0,0,25,11,24.5,123.226,1.5
2950000484,98.1834,0,0,-98.1834,98.1834,484,0,0,0,25,8,-43,132.398,1.5
2950000496,107.982,0,0,-107.982,107.982,496,0,0,0,25,15,49.9418,133.942,1.5
2950000496,108.105,0,0,-108.105,108.105,496,0,0,0,25,18,64.069,127.569,1.5
2950000500,98.6326,0,0,-98.6326,98.6326,500,0,0,0,25,12,-31,140.382,1.5
2950000503,99.7405,0,0,-99.7405,99.7405,503,0,0,0,25,14,-53.8865,134.387,1.5
2950000517,112.494,0,0,-112.494,112.494,517,0,0,0,25,10,-2,138.077,1.5
2950429071,99.7405,0,0,-99.7405,99.7405,503,14,-53.8865,134.387,1.5,0,0,0,25
2951429005,105.367,0,0,-105.367,105.367,437,17,54,112.676,1.5,0,0,0,25
2952928820,90.4906,0,0,-90.4906,90.4906,252,16,18.55,65.55,1.5,0,0,0,25
2954428947,111.3,0,0,-111.3,111.3,379,2,-8.60851,99.5,1.5,0,0,0,25
2954428984,99.1024,0,0,-99.1024,99.1024,416,3,-43.5989,112.5,1.5,0,0,0,25
2954928911,104.862,0,0,-104.862,104.862,343,20,24.3886,93.3886,1.5,0,0,0,25
2956429085,112.494,0,0,-112.494,112.494,517,10,-2,138.077,1.5,0,0,0,25
2959429064,107.982,0,0,-107.982,107.982,496,15,49.9418,133.942,1.5,0,0,0,25
2965428930,96.9388,0,0,-96.9388,96.9388,362,5,-42,92.8806,1.5,0,0,0,25
2965929068,98.6326,0,0,-98.6326,98.6326,500,12,-31,140.382,1.5,0,0,0,25
2971429064,108.105,0,0,-108.105,108.105,496,18,64.069,127.569,1.5,0,0,0,25
2975428772,88.8845,0,0,-88.8845,88.8845,204,4,-27.5674,54.0674,1.5,0,0,0,25
2982928756,103.734,0,0,-103.734,103.734,188,6,3.5,46.7696,1.5,0,0,0,25
2984428899,98.354,0,0,-98.354,98.354,331,13,37.0468,84.5468,1.5,0,0,0,25
2985428805,108.293,0,0,-108.293,108.293,237,9,8.40533,62.9053,1.5,0,0,0,25
2988928784,87.594,0,0,-87.594,87.594,216,19,22.1671,54.3329,1.5,0,0,0,25
2988928807,97.2388,0,0,-97.2388,97.2388,239,1,-19.9745,62.5255,1.5,0,0,0,25
2989928777,90.9839,0,0,-90.9839,90.9839,209,7,17.5167,52.9833,1.5,0,0,0,25
2999429052,98.1834,0,0,-98.1834,98.1834,484,8,-43,132.398,1.5,0,0,0,25
2999929008,119.932,0,0,-119.932,119.932,440,11,24.5,123.226,1.5,0,0,0,25
3000000188,103.734,0,0,-103.734,103.734,188,0,0,0,25,6,3.5,46.6196,1.5
3000000204,88.8845,0,0,-88.8845,88.8845,204,0,0,0,25,4,-27.6735,54.1735,1.5
3000000209,90.9839,0,0,-90.9839,90.9839,209,0,0,0,25,7,17.6228,52.8772,1.5
3000000216,87.594,0,0,-87.594,87.594,216,0,0,0,25,19,22.2732,54.2268,1.5
3000000237,108.293,0,0,-108.293,108.293,237,0,0,0,25,9,8.29926,62.7993,1.5
3000000239,97.2388,0,0,-97.2388,97.2388,239,0,0,0,25,1,-20.0805,62.4195,1.5
3000000252,90.4906,0,0,-90.4906,90.4906,252,0,0,0,25,16,18.444,65.444,1.5
3000000331,98.354,0,0,-98.354,98.354,331,0,0,0,25,13,36.9407,84.4407,1.5
3000000343,104.862,0,0,-104.862,104.862,343,0,0,0,25,20,24.2825,93.2825,1.5
3000000362,96.9388,0,0,-96.9388,96.9388,362,0,0,0,25,5,-42,92.7306,1.5
3000000379,111.3,0,0,-111.3,111.3,379,0,0,0,25,2,-8.75851,99.5,1.5
3000000416,99.1024,0,0,-99.1024,99.1024,416,0,0,0,25,3,-43.4489,112.5,1.5
3000000437,105.367,0,0,-105.367,105.367,437,0,0,0,25,17,54,112.526,1.5
3000000440,119.932,0,0,-119.932,119.932,440,0,0,0,25,11,24.5,123.076,1.5
3000000484,98.1834,0,0,-98.1834,98.1834,484,0,0,0,25,8,-43,132.248,1.5
3000000496,107.982,0,0,-107.982,107.982,496,0,0,0,25,15,49.8357,133.836,1.5
3000000496,108.105,0,0,-108.105,108.105,496,0,0,0,25,18,63.9629,127.463,1.5
3000000500,98.6326,0,0,-98.6326,98.6326,500,0,0,0,25,12,-31,140.232,1.5
3000000503,99.7405,0,0,-99.7405,99.7405,503,0,0,0,25,14,-53.7804,134.28,1.5
3000000517,112.494,0,0,-112.494,112.494,517,0,0,0,25,10,-2,137.927,1.5
3000429071,99.7405,0,0,-99.7405,99.7405,503,14,-53.7804,134.28,1.5,0,0,0,25
3001429005,105.367,0,0,-105.367,105.367,437,17,54,112.526,1.5,0,0,0,25
3002928820,90.4906,0,0,-90.4906,90.4906,252,16,18.444,65.444,1.5,0,0,0,25
3004428947,111.3,0,0,-111.3,111.3,379,2,-8.75851,99.5,1.5,0,0,0,25
3004428984,99.1024,0,0,-99.1024,99.1024,416,3,-43.4489,112.5,1.5,0,0,0,25
3004928911,104.862,0,0,-104.862,104.862,343,20,24.2825,93.2825,1.5,0,0,0,25
3006429085,112.494,0,0,-112.494,112.494,517,10,-2,137.927,1.5,0,0,0,25
3009429064,107.982,0,0,-107.982,107.982,496,15,49.8357,133.836,1.5,0,0,0,25
3015428930,96.9388,0,0,-96.9388,96.9388,362,5,-42,92.7306,1.5,0,0,0,25
3015929068,98.6326,0,0,-98.6326,98.6326,500,12,-31,140.232,1.5,0,0,0,25
3021429064,108.105,0,0,-108.105,108.105,496,18,63.9629,127.463,1.5,0,0,0,25
3025428772,88.8845,0,0,-88.8845,88.8845,204,4,-27.6735,54.1735,1.5,0,0,0,25
3032928756,103.734,0,0,-103.734,103.734,188,6,3.5,46.6196,1.5,0,0,0,25
3034428899,98.354,0,0,-98.354,98.354,331,13,36.9407,84.4407,1.5,0,0,0,25
3035428805,108.293,0,0,-108.293,108.293,237,9,8.29926,62.7993,1.5,0,0,0,25
3038928784,87.594,0,0,-87.594,87.594,216,19,22.2732,54.2268,1.5,0,0,0,25
3039428807,97.2388,0,0,-97.2388,97.2388,239,1,-20.0805,62.4195,1.5,0,0,0,25
3039928777,90.9839,0,0,-90.9839,90.9839,209,7,17.6228,52.8772,1.5,0,0,0,25
3049429052,98.1834,0,0,-98.1834,98.1834,484,8,-43,132.248,1.5,0,0,0,25
3049929008,119.932,0,0,-119.932,119.932,440,11,24.5,123.076,1.5,0,0,0,25
3050000188,103.734,0,0,-103.734,103.734,188,0,0,0,25,6,3.5,46.6196,1.5
3050000204,88.8845,0,0,-88.8845,88.8845,204,0,0,0,25,4,-27.6735,54.1735,1.5
3050000209,90.9839,0,0,-90.9839,90.9839,209,0,0,0,25,7,17.6228,52.8772,1.5
3050000216,87.594,0,0,-87.594,87.594,216,0,0,0,25,19,22.2732,54.2268,1.5
3050000237,108.293,0,0,-108.293,108.293,237,0,0,0,25,9,8.29926,62.7993,1.5
3050000239,97.2388,0,0,-97.2388,97.2388,239,0,0,0,25,1,-20.0805,62.4195,1.5
3050000252,90.4906,0,0,-90.4906,90.4906,252,0,0,0,25,16,18.444,65.444,1.5
3050000331,98.354,0,0,-98.354,98.354,331,0,0,0,25,13,36.9407,84.4407,1.5
3050000343,104.862,0,0,-104.862,104.862,343,0,0,0,25,20,24.2825,93.2825,1.5
3050000362,96.9388,0,0,-96.9388,96.9388,362,0,0,0,25,5,-42,92.7306,1.5
3050000379,111.3,0,0,-111.3,111.3,379,0,0,0,25,2,-8.75851,99.5,1.5
3050000416,99.1024,0,0,-99.1024,99.1024,416,0,0,0,25,3,-43.4489,112.5,1.5
3050000437,105.367,0,0,-105.367,105.367,437,0,0,0,25,17,54,112.526,1.5
3050000440,119.932,0,0,-119.932,119.932,440,0,0,0,25,11,24.5,123.076,1.5
3050000484,98.1834,0,0,-98.1834,98.1834,484,0,0,0,25,8,-43,132.248,1.5
3050000496,107.982,0,0,-107.982,107.982,496,0,0,0,25,15,49.8357,133.836,1.5
3050000496,108.105,0,0,-108.105,108.105,496,0,0,0,25,18,63.9629,127.463,1.5
3050000500,98.6326,0,0,-98.6326,98.6326,500,0,0,0,25,12,-31,140.232,1.5
3050000503,99.7405,0,0,-99.7405,99.7405,503,0,0,0,25,14,-53.7804,134.28,1.5
3050000517,112.494,0,0,-112.494,112.494,517,0,0,0,25,10,-2,137.927,1.5
3050429071,99.7405,0,0,-99.7405,99.7405,503,14,-53.7804,134.28,1.5,0,0,0,25
3051429005,105.367,0,0,-105.367,105.367,437,17,54,112.526,1.5,0,0,0,25
3052928820,90.4906,0,0,-90.4906,90.4906,252,16,18.444,65.444,1.5,0,0,0,25
3054428947,111.3,0,0,-111.3,111.3,379,2,-8.75851,99.5,1.5,0,0,0,25
3054428984,99.1024,0,0,-99.1024,99.1024,416,3,-43.4489,112.5,1.5,0,0,0,25
3054928911,104.862,0,0,-104.862,104.862,343,20,24.2825,93.2825,1.5,0,0,0,25
3056929085,112.494,0,0,-112.494,112.494,517,10,-2,137.927,1.5,0,0,0,25
3059429064,107.982,0,0,-107.982,107.982,496,15,49.8357,133.836,1.5,0,0,0,25
3065428930,96.9388,0,0,-96.9388,96.9388,362,5,-42,92.7306,1.5,0,0,0,25
3065929068,98.6326,0,0,-98.6326,98.6326,500,12,-31,140.232,1.5,0,0,0,25
3071429064,108.105,0,0,-108.105,108.105,496,18,63.9629,127.463,1.5,0,0,0,25
3075428772,88.8845,0,0,-88.8845,88.8845,204,4,-27.6735,54.1735,1.5,0,0,0,25
3082928756,103.734,0,0,-103.734,103.734,188,6,3.5,46.6196,1.5,0,0,0,25
3084428899,98.354,0,0,-98.354,98.354,331,13,36.9407,84.4407,1.5,0,0,0,25
3085428805,108.293,0,0,-108.293,108.293,237,9,8.29926,62.7993,1.5,0,0,0,25
3088928784,87.594,0,0,-87.594,87.594,216,19,22.2732,54.2268,1.5,0,0,0,25
3089428807,97.2388,0,0,-97.2388,97.2388,239,1,-20.0805,62.4195,1.5,0,0,0,25
3089928777,90.9839,0,0,-90.9839,90.9839,209,7,17.6228,52.8772,1.5,0,0,0,25
3099929008,119.932,0,0,-119.932,119.932,440,11,24.5,123.076,1.5,0,0,0,25
3099929052,98.1834,0,0,-98.1834,98.1834,484,8,-43,132.248,1.5,0,0,0,25
3100000188,103.734,0,0,-103.734,103.734,188,0,0,0,25,6,3.5,46.4696,1.5
3100000204,88.8845,0,0,-88.8845,88.8845,204,0,0,0,25,4,-27.7795,54.2795,1.5
3100000209,90.9839,0,0,-90.9839,90.9839,209,0,0,0,25,7,17.7288,52.7712,1.5
3100000216,87.594,0,0,-87.594,87.594,216,0,0,0,25,19,22.3793,54.1207,1.5
3100000237,108.293,0,0,-108.293,108.293,237,0,0,0,25,9,8.1932,62.6932,1.5
3100000239,97.2388,0,0,-97.2388,97.2388,239,0,0,0,25,1,-20.1866,62.3134,1.5
3100000252,90.4906,0,0,-90.4906,90.4906,252,0,0,0,25,16,18.3379,65.3379,1.5
3100000331,98.354,0,0,-98.354,98.354,331,0,0,0,25,13,36.8347,84.3347,1.5
3100000343,104.862,0,0,-104.862,104.862,343,0,0,0,25,20,24.1764,93.1764,1.5
3100000362,96.9388,0,0,-96.9388,96.9388,362,0,0,0,25,5,-42,92.5806,1.5
3100000379,111.3,0,0,-111.3,111.3,379,0,0,0,25,2,-8.90851,99.5,1.5
3100000416,99.1024,0,0,-99.1024,99.1024,416,0,0,0,25,3,-43.2989,112.5,1.5
3100000437,105.367,0,0,-105.367,105.367,437,0,0,0,25,17,54,112.376,1.5
3100000440,119.932,0,0,-119.932,119.932,440,0,0,0,25,11,24.5,122.926,1.5
3100000484,98.1834,0,0,-98.1834,98.1834,484,0,0,0,25,8,-43,132.098,1.5
3100000496,107.982,0,0,-107.982,107.982,496,0,0,0,25,15,49.7296,133.73,1.5
3100000496,108.105,0,0,-108.105,108.105,496,0,0,0,25,18,63.8568,127.357,1.5
3100000500,98.6326,0,0,-98.6326,98.6326,500,0,0,0,25,12,-31,140.082,1.5
3100000503,99.7405,0,0,-99.7405,99.7405,503,0,0,0,25,14,-53.6744,134.174,1.5
3100000517,112.494,0,0,-112.494,112.494,517,0,0,0,25,10,-2,137.777,1.5
3101429005,105.367,0,0,-105.367,105.367,437,17,54,112.376,1.5,0,0,0,25
3101429071,99.7405,0,0,-99.7405,99.7405,503,14,-53.6744,134.174,1.5,0,0,0,25
3102928820,90.4906,0,0,-90.4906,90.4906,252,16,18.3379,65.3379,1.5,0,0,0,25
3104428947,111.3,0,0,-111.3,111.3,379,2,-8.90851,99.5,1.5,0,0,0,25
3104428984,99.1024,0,0,-99.1024,99.1024,416,3,-43.2989,112.5,1.5,0,0,0,25
3104928911,104.862,0,0,-104.862,104.862,343,20,24.1764,93.1764,1.5,0,0,0,25
3107929085,112.494,0,0,-112.494,112.494,517,10,-2,137.777,1.5,0,0,0,25
3109429064,107.982,0,0,-107.982,107.982,496,15,49.7296,133.73,1.5,0,0,0,25
3115428930,96.9388,0,0,-96.9388,96.9388,362,5,-42,92.5806,1.5,0,0,0,25
3115929068,98.6326,0,0,-98.6326,98.6326,500,12,-31,140.082,1.5,0,0,0,25
3121429064,108.105,0,0,-108.105,108.105,496,18,63.8568,127.357,1.5,0,0,0,25
3125428772,88.8845,0,0,-88.8845,88.8845,204,4,-27.7795,54.2795,1.5,0,0,0,25
3132928756,103.734,0,0,-103.734,103.734,188,6,3.5,46.4696,1.5,0,0,0,25
3134428899,98.354,0,0,-98.354,98.354,331,13,36.8347,84.3347,1.5,0,0,0,25
3135428805,108.293,0,0,-108.293,108.293,237,9,8.1932,62.6932,1.5,0,0,0,25
3138928784,87.594,0,0,-87.594,87.594,216,19,22.3793,54.1207,1.5,0,0,0,25
3139428807,97.2388,0,0,-97.2388,97.2388,239,1,-20.1866,62.3134,1.5,0,0,0,25
3139928777,90.9839,0,0,-90.9839,90.9839,209,7,17.7288,52.7712,1.5,0,0,0,25
3149929008,119.932,0,0,-119.932,119.932,440,11,24.5,122.926,1.5,0,0,0,25
3149929052,98.1834,0,0,-98.1834,98.1834,484,8,-43,132.098,1.5,0,0,0,25
3150000188,103.734,0,0,-103.734,103.734,188,0,0,0,25,6,3.5,46.4696,1.5
3150000204,88.8845,0,0,-88.8845,88.8845,204,0,0,0,25,4,-27.7795,54.2795,1.5
3150000209,90.9839,0,0,-90.9839,90.9839,209,0,0,0,25,7,17.7288,52.7712,1.5
3150000216,87.594,0,0,-87.594,87.594,216,0,0,0,25,19,22.3793,54.1207,1.5
3150000237,108.293,0,0,-108.293,108.293,237,0,0,0,25,9,8.1932,62.6932,1.5
3150000239,97.2388,0,0,-97.2388,97.2388,239,0,0,0,25,1,-20.1866,62.3134,1.5
3150000252,90.4906,0,0,-90.4906,90.4906,252,0,0,0,25,16,18.3379,65.3379,1.5
3150000331,98.354,0,0,-98.354,98.354,331,0,0,0,25,13,36.8347,84.3347,1.5
3150000343,104.862,0,0,-104.862,104.862,343,0,0,0,25,20,24.1764,93.1764,1.5
3150000362,96.9388,0,0,-96.9388,96.9388,362,0,0,0,25,5,-42,92.5806,1.5
3150000379,111.3,0,0,-111.3,111.3,379,0,0,0,25,2,-8.90851,99.5,1.5
3150000416,99.1024,0,0,-99.1024,99.1024,416,0,0,0,25,3,-43.2989,112.5,1.5
3150000437,105.367,0,0,-105.367,105.367,437,0,0,0,25,17,54,112.376,1.5
3150000440,119.932,0,0,-119.932,119.932,440,0,0,0,25,11,24.5,122.926,1.5
3150000484,98.1834,0,0,-98.1834,98.1834,484,0,0,0,25,8,-43,132.098,1.5
3150000496,107.982,0,0,-107.982,107.982,496,0,0,0,25,15,49.7296,133.73,1.5
3150000496,108.105,0,0,-108.105,108.105,496,0,0,0,25,18,63.8568,127.357,1.5
3150000500,98.6326,0,0,-98.6326,98.6326,500,0,0,0,25,12,-31,140.082,1.5
3150000503,99.7405,0,0,-99.7405,99.7405,503,0,0,0,25,14,-53.6744,134.174,1.5
3150000517,112.494,0,0,-112.494,112.494,517,0,0,0,25,10,-2,137.777,1.5
3151429005,105.367,0,0,-105.367,105.367,437,17,54,112.376,1.5,0,0,0,25
3151429071,99.7405,0,0,-99.7405,99.7405,503,14,-53.6744,134.174,1.5,0,0,0,25
3152928820,90.4906,0,0,-90.4906,90.4906,252,16,18.3379,65.3379,1.5,0,0,0,25
3154428947,111.3,0,0,-111.3,111.3,379,2,-8.90851,99.5,1.5,0,0,0,25
3154428984,99.1024,0,0,-99.1024,99.1024,416,3,-43.2989,112.5,1.5,0,0,0,25
3154928911,104.862,0,0,-104.862,104.862,343,20,24.1764,93.1764,1.5,0,0,0,25
3157929085,112.494,0,0,-112.494,112.494,517,10,-2,137.777,1.5,0,0,0,25
3159429064,107.982,0,0,-107.982,107.982,496,15,49.7296,133.73,1.5,0,0,0,25
3165428930,96.9388,0,0,-96.9388,96.9388,362,5,-42,92.5806,1.5,0,0,0,25
3165929068,98.6326,0,0,-98.6326,98.6326,500,12,-31,140.082,1.5,0,0,0,25
3171429064,108.105,0,0,-108.105,108.105,496,18,63.8568,127.357,1.5,0,0,0,25
3175428772,88.8845,0,0,-88.8845,88.8845,204,4,-27.7795,54.2795,1.5,0,0,0,25
3182928756,103.734,0,0,-103.734,103.734,188,6,3.5,46.4696,1.5,0,0,0,25
3184428899,98.354,0,0,-98.354,98.354,331,13,36.8347,84.3347,1.5,0,0,0,25
3185428805,108.293,0,0,-108.293,108.293,237,9,8.1932,62.6932,1.5,0,0,0,25
3188928784,87.594,0,0,-87.594,87.594,216,19,22.3793,54.1207,1.5,0,0,0,25
3189428807,97.2388,0,0,-97.2388,97.2388,239,1,-20.1866,62.3134,1.5,0,0,0,25
3189928777,90.9839,0,0,-90.9839,90.9839,209,7,17.7288,52.7712,1.5,0,0,0,25
3199929008,119.932,0,0,-119.932,119.932,440,11,24.5,122.926,1.5,0,0,0,25
3199929052,98.1834,0,0,-98.1834,98.1834,484,8,-43,132.098,1.5,0,0,0,25
3200000188,103.734,0,0,-103.734,103.734,188,0,0,0,25,6,3.5,46.3196,1.5
3200000204,88.8845,0,0,-88.8845,88.8845,204,0,0,0,25,4,-27.8856,54.3856,1.5
3200000209,90.9839,0,0,-90.9839,90.9839,209,0,0,0,25,7,17.8349,52.6651,1.5
3200000216,87.594,0,0,-87.594,87.594,216,0,0,0,25,19,22.4853,54.0147,1.5
3200000237,108.293,0,0,-108.293,108.293,237,0,0,0,25,9,8.08713,62.5871,1.5
3200000239,97.2388,0,0,-97.2388,97.2388,239,0,0,0,25,1,-20.2927,62.2073,1.5
3200000252,90.4906,0,0,-90.4906,90.4906,252,0,0,0,25,16,18.2318,65.2318,1.5
3200000331,98.354,0,0,-98.354,98.354,331,0,0,0,25,13,36.7286,84.2286,1.5
3200000343,104.862,0,0,-104.862,104.862,343,0,0,0,25,20,24.0704,93.0704,1.5
3200000362,96.9388,0,0,-96.9388,96.9388,362,0,0,0,25,5,-42,92.4306,1.5
3200000379,111.3,0,0,-111.3,111.3,379,0,0,0,25,2,-9.05851,99.5,1.5
3200000416,99.1024,0,0,-99.1024,99.1024,416,0,0,0,25,3,-43.1489,112.5,1.5
3200000437,105.367,0,0,-105.367,105.367,437,0,0,0,25,17,54,112.226,1.5
3200000440,119.932,0,0,-119.932,119.932,440,0,0,0,25,11,24.5,122.776,1.5
3200000484,98.1834,0,0,-98.1834,98.1834,484,0,0,0,25,8,-43,131.948,1.5
3200000496,107.982,0,0,-107.982,107.982,496,0,0,0,25,15,49.6236,133.624,1.5
3200000496,108.105,0,0,-108.105,108.105,496,0,0,0,25,18,63.7508,127.251,1.5
3200000500,98.6326,0,0,-98.6326,98.6326,500,0,0,0,25,12,-31,139.932,1.5
3200000503,99.7405,0,0,-99.7405,99.7405,503,0,0,0,25,14,-53.5683,134.068,1.5
3200000517,112.494,0,0,-112.494,112.494,517,0,0,0,25,10,-2,137.627,1.5
3201429005,105.367,0,0,-105.367,105.367,437,17,54,112.226,1.5,0,0,0,25
3201429071,99.7405,0,0,-99.7405,99.7405,503,14,-53.5683,134.068,1.5,0,0,0,25
3202928820,90.4906,0,0,-90.4906,90.4906,252,16,18.2318,65.2318,1.5,0,0,0,25
3204428947,111.3,0,0,-111.3,111.3,379,2,-9.05851,99.5,1.5,0,0,0,25
3204428984,99.1024,0,0,-99.1024,99.1024,416,3,-43.1489,112.5,1.5,0,0,0,25
3204928911,104.862,0,0,-104.862,104.862,343,20,24.0704,93.0704,1.5,0,0,0,25
3207929085,112.494,0,0,-112.494,112.494,517,10,-2,137.627,1.5,0,0,0,25
3209429064,107.982,0,0,-107.982,107.982,496,15,49.6236,133.624,1.5,0,0,0,25
3215428930,96.9388,0,0,-96.9388,96.9388,362,5,-42,92.4306,1.5,0,0,0,25
3215929068,98.6326,0,0,-98.6326,98.6326,500,12,-31,139.932,1.5,0,0,0,25
3221429064,108.105,0,0,-108.105,108.105,496,18,63.7508,127.251,1.5,0,0,0,25
3225428772,88.8845,0,0,-88.8845,88.8845,204,4,-27.8856,54.3856,1.5,0,0,0,25
3232928756,103.734,0,0,-103.734,103.734,188,6,3.5,46.3196,1.5,0,0,0,25
3234428899,98.354,0,0,-98.354,98.354,331,13,36.7286,84.2286,1.5,0,0,0,25
3235428805,108.293,0,0,-108.293,108.293,237,9,8.08713,62.5871,1.5,0,0,0,25
3238928784,87.594,0,0,-87.594,87.594,216,19,22.4853,54.0147,1.5,0,0,0,25
3239428807,97.2388,0,0,-97.2388,97.2388,239,1,-20.2927,62.2073,1.5,0,0,0,25
3239928777,90.9839,0,0,-90.9839,90.9839,209,7,17.8349,52.6651,1.5,0,0,0,25
3249929008,119.932,0,0,-119.932,119.932,440,11,24.5,122.776,1.5,0,0,0,25
3249929052,98.1834,0,0,-98.1834,98.1834,484,8,-43,131.948,1.5,0,0,0,25
3250000188,103.734,0,0,-103.734,103.734,188,0,0,0,25,6,3.5,46.3196,1.5
3250000204,88.8845,0,0,-88.8845,88.8845,204,0,0,0,25,4,-27.8856,54.3856,1.5
3250000209,90.9839,0,0,-90.9839,90.9839,209,0,0,0,25,7,17.8349,52.6651,1.5
3250000216,87.594,0,0,-87.594,87.594,216,0,0,0,25,19,22.4853,54.0147,1.5
3250000237,108.293,0,0,-108.293,108.293,237,0,0,0,25,9,8.08713,62.5871,1.5
3250000239,97.2388,0,0,-97.2388,97.2388,239,0,0,0,25,1,-20.2927,62.2073,1.5
3250000252,90.4906,0,0,-90.4906,90.4906,252,0,0,0,25,16,18.2318,65.2318,1.5
3250000331,98.354,0,0,-98.354,98.354,331,0,0,0,25,13,36.7286,84.2286,1.5
3250000343,104.862,0,0,-104.862,104.862,343,0,0,0,25,20,24.0704,93.0704,1.5
3250000362,96.9388,0,0,-96.9388,96.9388,362,0,0,0,25,5,-42,92.4306,1.5
3250000379,111.3,0,0,-111.3,111.3,379,0,0,0,25,2,-9.05851,99.5,1.5
3250000416,99.1024,0,0,-99.1024,99.1024,416,0,0,0,25,3,-43.1489,112.5,1.5
3250000437,105.367,0,0,-105.367,105.367,437,0,0,0,25,17,54,112.226,1.5
3250000440,119.932,0,0,-119.932,119.932,440,0,0,0,25,11,24.5,122.776,1.5
3250000484,98.1834,0,0,-98.1834,98.1834,484,0,0,0,25,8,-43,131.948,1.5
3250000496,107.982,0,0,-107.982,107.982,496,0,0,0,25,15,49.6236,133.624,1.5
3250000496,108.105,0,0,-108.105,108.105,496,0,0,0,25,18,63.7508,127.251,1.5
3250000500,98.6326,0,0,-98.6326,98.6326,500,0,0,0,25,12,-31,139.932,1.5
3250000503,99.7405,0,0,-99.7405,99.7405,503,0,0,0,25,14,-53.5683,134.068,1.5
3250000517,112.494,0,0,-112.494,112.494,517,0,0,0,25,10,-2,137.627,1.5
3251429005,105.367,0,0,-105.367,105.367,437,17,54,112.226,1.5,0,0,0,25
3251929071,99.7405,0,0,-99.7405,99.7405,503,14,-53.5683,134.068,1.5,0,0,0,25
3252928820,90.4906,0,0,-90.4906,90.4906,252,16,18.2318,65.2318,1.5,0,0,0,25
3254428947,111.3,0,0,-111.3,111.3,379,2,-9.05851,99.5,1.5,0,0,0,25
3254428984,99.1024,0,0,-99.1024,99.1024,416,3,-43.1489,112.5,1.5,0,0,0,25
3254928911,104.862,0,0,-104.862,104.862,343,20,24.0704,93.0704,1.5,0,0,0,25
3257929085,112.494,0,0,-112.494,112.494,517,10,-2,137.627,1.5,0,0,0,25
3259429064,107.982,0,0,-107.982,107.982,496,15,49.6236,133.624,1.5,0,0,0,25
3265428930,96.9388,0,0,-96.9388,96.9388,362,5,-42,92.4306,1.5,0,0,0,25
3265929068,98.6326,0,0,-98.6326,98.6326,500,12,-31,139.932,1.5,0,0,0,25
3271429064,108.105,0,0,-108.105,108.105,496,18,63.7508,127.251,1.5,0,0,0,25
3275428772,88.8845,0,0,-88.8845,88.8845,204,4,-27.8856,54.3856,1.5,0,0,0,25
3282928756,103.734,0,0,-103.734,103.734,188,6,3.5,46.3196,1.5,0,0,0,25
3284928899,98.354,0,0,-98.354,98.354,331,13,36.7286,84.2286,1.5,0,0,0,25
3285428805,108.293,0,0,-108.293,108.293,237,9,8.08713,62.5871,1.5,0,0,0,25
3288928784,87.594,0,0,-87.594,87.594,216,19,22.4853,54.0147,1.5,0,0,0,25
3289428807,97.2388,0,0,-97.2388,97.2388,239,1,-20.2927,62.2073,1.5,0,0,0,25
3289928777,90.9839,0,0,-90.9839,90.9839,209,7,17.8349,52.6651,1.5,0,0,0,25
3299929052,98.1834,0,0,-98.1834,98.1834,484,8,-43,131.948,1.5,0,0,0,25
3300000188,103.734,0,0,-103.734,103.734,188,0,0,0,25,6,3.5,46.1696,1.5
3300000204,88.8845,0,0,-88.8845,88.8845,204,0,0,0,25,4,-27.9917,54.4917,1.5
3300000209,90.9839,0,0,-90.9839,90.9839,209,0,0,0,25,7,17.941,52.559,1.5
3300000216,87.594,0,0,-87.594,87.594,216,0,0,0,25,19,22.5,53.8707,1.5
3300000237,108.293,0,0,-108.293,108.293,237,0,0,0,25,9,7.98106,62.4811,1.5
3300000239,97.2388,0,0,-97.2388,97.2388,239,0,0,0,25,1,-20.3987,62.1013,1.5
3300000252,90.4906,0,0,-90.4906,90.4906,252,0,0,0,25,16,18.1258,65.1258,1.5
3300000331,98.354,0,0,-98.354,98.354,331,0,0,0,25,13,36.6225,84.1225,1.5
3300000343,104.862,0,0,-104.862,104.862,343,0,0,0,25,20,23.9643,92.9643,1.5
3300000362,96.9388,0,0,-96.9388,96.9388,362,0,0,0,25,5,-42,92.2806,1.5
3300000379,111.3,0,0,-111.3,111.3,379,0,0,0,25,2,-9.20851,99.5,1.5
3300000416,99.1024,0,0,-99.1024,99.1024,416,0,0,0,25,3,-42.9989,112.5,1.5
3300000437,105.367,0,0,-105.367,105.367,437,0,0,0,25,17,54,112.076,1.5
3300000440,119.932,0,0,-119.932,119.932,440,0,0,0,25,11,24.5,122.626,1.5
3300000484,98.1834,0,0,-98.1834,98.1834,484,0,0,0,25,8,-43,131.798,1.5
3300000496,107.982,0,0,-107.982,107.982,496,0,0,0,25,15,49.5175,133.517,1.5
3300000496,108.105,0,0,-108.105,108.105,496,0,0,0,25,18,63.6447,127.145,1.5
3300000500,98.6326,0,0,-98.6326,98.6326,500,0,0,0,25,12,-31,139.782,1.5
3300000503,99.7405,0,0,-99.7405,99.7405,503,0,0,0,25,14,-53.4622,133.962,1.5
3300000517,112.494,0,0,-112.494,112.494,517,0,0,0,25,10,-2,137.477,1.5
3301429005,105.367,0,0,-105.367,105.367,437,17,54,112.076,1.5,0,0,0,25
3301929071,99.7405,0,0,-99.7405,99.7405,503,14,-53.4622,133.962,1.5,0,0,0,25
3302928820,90.4906,0,0,-90.4906,90.4906,252,16,18.1258,65.1258,1.5,0,0,0,25
3304428947,111.3,0,0,-111.3,111.3,379,2,-9.20851,99.5,1.5,0,0,0,25
3304428984,99.1024,0,0,-99.1024,99.1024,416,3,-42.9989,112.5,1.5,0,0,0,25
3304928911,104.862,0,0,-104.862,104.862,343,20,23.9643,92.9643,1.5,0,0,0,25
3307929008,119.932,0,0,-119.932,119.932,440,11,24.5,122.626,1.5,0,0,0,25
3308929085,112.494,0,0,-112.494,112.494,517,10,-2,137.477,1.5,0,0,0,25
3309429064,107.982,0,0,-107.982,107.982,496,15,49.5175,133.517,1.5,0,0,0,25
3315428930,96.9388,0,0,-96.9388,96.9388,362,5,-42,92.2806,1.5,0,0,0,25
3315929068,98.6326,0,0,-98.6326,98.6326,500,12,-31,139.782,1.5,0,0,0,25
3321429064,108.105,0,0,-108.105,108.105,496,18,63.6447,127.145,1.5,0,0,0,25
3325428772,88.8845,0,0,-88.8845,88.8845,204,4,-27.9917,54.4917,1.5,0,0,0,25
3332928756,103.734,0,0,-103.734,103.734,188,6,3.5,46.1696,1.5,0,0,0,25
3334928899,98.354,0,0,-98.354,98.354,331,13,36.6225,84.1225,1.5,0,0,0,25
3335428805,108.293,0,0,-108.293,108.293,237,9,7.98106,62.4811,1.5,0,0,0,25
3338928784,87.594,0,0,-87.594,87.594,216,19,22.5,53.8707,1.5,0,0,0,25
3339428807,97.2388,0,0,-97.2388,97.2388,239,1,-20.3987,62.1013,1.5,0,0,0,25
3339928777,90.9839,0,0,-90.9839,90.9839,209,7,17.941,52.559,1.5,0,0,0,25
3349929052,98.1834,0,0,-98.1834,98.1834,484,8,-43,131.798,1.5,0,0,0,25
3350000188,103.734,0,0,-103.734,103.734,188,0,0,0,25,6,3.5,46.1696,1.5
3350000204,88.8845,0,0,-88.8845,88.8845,204,0,0,0,25,4,-27.9917,54.4917,1.5
3350000209,90.9839,0,0,-90.9839,90.9839,209,0,0,0,25,7,17.941,52.559,1.5
3350000216,87.594,0,0,-87.594,87.594,216,0,0,0,25,19,22.5,53.8707,1.5
3350000237,108.293,0,0,-108.293,108.293,237,0,0,0,25,9,7.98106,62.4811,1.5
3350000239,97.2388,0,0,-97.2388,97.2388,239,0,0,0,25,1,-20.3987,62.1013,1.5
3350000252,90.4906,0,0,-90.4906,90.4906,252,0,0,0,25,16,18.1258,65.1258,1.5
3350000331,98.354,0,0,-98.354,98.354,331,0,0,0,25,13,36.6225,84.1225,1.5
3350000343,104.862,0,0,-104.862,104.862,343,0,0,0,25,20,23.9643,92.9643,1.5
3350000362,96.9388,0,0,-96.9388,96.9388,362,0,0,0,25,5,-42,92.2806,1.5
3350000379,111.3,0,0,-111.3,111.3,379,0,0,0,25,2,-9.20851,99.5,1.5
3350000416,99.1024,0,0,-99.1024,99.1024,416,0,0,0,25,3,-42.9989,112.5,1.5
3350000437,105.367,0,0,-105.367,105.367,437,0,0,0,25,17,54,112.076,1.5
3350000440,119.932,0,0,-119.932,119.932,440,0,0,0,25,11,24.5,122.626,1.5
3350000484,98.1834,0,0,-98.1834,98.1834,484,0,0,0,25,8,-43,131.798,1.5
3350000496,107.982,0,0,-107.982,107.982,496,0,0,0,25,15,49.5175,133.517,1.5
3350000496,108.105,0,0,-108.105,108.105,496,0,0,0,25,18,63.6447,127.145,1.5
3350000500,98.6326,0,0,-98.6326,98.6326,500,0,0,0,25,12,-31,139.782,1.5
3350000503,99.7405,0,0,-99.7405,99.7405,503,0,0,0,25,14,-53.4622,133.962,1.5
3350000517,112.494,0,0,-112.494,112.494,517,0,0,0,25,10,-2,137.477,1.5
3351429005,105.367,0,0,-105.367,105.367,437,17,54,112.076,1.5,0,0,0,25
3351929071,99.7405,0,0,-99.7405,99.7405,503,14,-53.4622,133.962,1.5,0,0,0,25
3352928820,90.4906,0,0,-90.4906,90.4906,252,16,18.1258,65.1258,1.5,0,0,0,25
3354428947,111.3,0,0,-111.3,111.3,379,2,-9.20851,99.5,1.5,0,0,0,25
3354428984,99.1024,0,0,-99.1024,99.1024,416,3,-42.9989,112.5,1.5,0,0,0,25
3354928911,104.862,0,0,-104.862,104.862,343,20,23.9643,92.9643,1.5,0,0,0,25
3357929008,119.932,0,0,-119.932,119.932,440,11,24.5,122.626,1.5,0,0,0,25
3359393371,112.494,0,0,-112.494,112.494,517,10,-2,137.477,1.5,0,0,0,25
3359429064,107.982,0,0,-107.982,107.982,496,15,49.5175,133.517,1.5,0,0,0,25
3365428930,96.9388,0,0,-96.9388,96.9388,362,5,-42,92.2806,1.5,0,0,0,25
3365929068,98.6326,0,0,-98.6326,98.6326,500,12,-31,139.782,1.5,0,0,0,25
3371429064,108.105,0,0,-108.105,108.105,496,18,63.6447,127.145,1.5,0,0,0,25
3375428772,88.8845,0,0,-88.8845,88.8845,204,4,-27.9917,54.4917,1.5,0,0,0,25
3382928756,103.734,0,0,-103.734,103.734,188,6,3.5,46.1696,1.5,0,0,0,25
3384928899,98.354,0,0,-98.354,98.354,331,13,36.6225,84.1225,1.5,0,0,0,25
3385428805,108.293,0,0,-108.293,108.293,237,9,7.98106,62.4811,1.5,0,0,0,25
3388928784,87.594,0,0,-87.594,87.594,216,19,22.5,53.8707,1.5,0,0,0,25
3389428807,97.2388,0,0,-97.2388,97.2388,239,1,-20.3987,62.1013,1.5,0,0,0,25
3389928777,90.9839,0,0,-90.9839,90.9839,209,7,17.941,52.559,1.5,0,0,0,25
3399929052,98.1834,0,0,-98.1834,98.1834,484,8,-43,131.798,1.5,0,0,0,25
3400000188,103.734,0,0,-103.734,103.734,188,0,0,0,25,6,3.5,46.0196,1.5
3400000204,88.8845,0,0,-88.8845,88.8845,204,0,0,0,25,4,-28.0977,54.5977,1.5
3400000209,90.9839,0,0,-90.9839,90.9839,209,0,0,0,25,7,18.047,52.453,1.5
3400000216,87.594,0,0,-87.594,87.594,216,0,0,0,25,19,22.5,53.7207,1.5
3400000237,108.293,0,0,-108.293,108.293,237,0,0,0,25,9,7.875,62.375,1.5
3400000239,97.2388,0,0,-97.2388,97.2388,239,0,0,0,25,1,-20.5048,61.9952,1.5
3400000252,90.4906,0,0,-90.4906,90.4906,252,0,0,0,25,16,18.0197,65.0197,1.5
3400000331,98.354,0,0,-98.354,98.354,331,0,0,0,25,13,36.5165,84.0165,1.5
3400000343,104.862,0,0,-104.862,104.862,343,0,0,0,25,20,23.8582,92.8582,1.5
3400000362,96.9388,0,0,-96.9388,96.9388,362,0,0,0,25,5,-42,92.1306,1.5
3400000379,111.3,0,0,-111.3,111.3,379,0,0,0,25,2,-9.35851,99.5,1.5
3400000416,99.1024,0,0,-99.1024,99.1024,416,0,0,0,25,3,-42.8489,112.5,1.5
3400000437,105.367,0,0,-105.367,105.367,437,0,0,0,25,17,54,111.926,1.5
3400000440,119.932,0,0,-119.932,119.932,440,0,0,0,25,11,24.5,122.476,1.5
3400000484,98.1834,0,0,-98.1834,98.1834,484,0,0,0,25,8,-43,131.648,1.5
3400000496,107.982,0,0,-107.982,107.982,496,0,0,0,25,15,49.4114,133.411,1.5
3400000496,108.105,0,0,-108.105,108.105,496,0,0,0,25,18,63.5387,127.039,1.5
3400000500,98.6326,0,0,-98.6326,98.6326,500,0,0,0,25,12,-31,139.632,1.5
3400000503,99.7405,0,0,-99.7405,99.7405,503,0,0,0,25,14,-53.3562,133.856,1.5
3400000517,112.494,0,0,-112.494,112.494,517,0,0,0,25,10,-2,137.327,1.5
3401429005,105.367,0,0,-105.367,105.367,437,17,54,111.926,1.5,0,0,0,25
3401929071,99.7405,0,0,-99.7405,99.7405,503,14,-53.3562,133.856,1.5,0,0,0,25
3402928820,90.4906,0,0,-90.4906,90.4906,252,16,18.0197,65.0197,1.5,0,0,0,25
3404428947,111.3,0,0,-111.3,111.3,379,2,-9.35851,99.5,1.5,0,0,0,25
3404428984,99.1024,0,0,-99.1024,99.1024,416,3,-42.8489,112.5,1.5,0,0,0,25
3404928911,104.862,0,0,-104.862,104.862,343,20,23.8582,92.8582,1.5,0,0,0,25
3407929008,119.932,0,0,-119.932,119.932,440,11,24.5,122.476,1.5,0,0,0,25
3409429064,107.982,0,0,-107.982,107.982,496,15,49.4114,133.411,1.5,0,0,0,25
3409429085,112.494,0,0,-112.494,112.494,517,10,-2,137.327,1.5,0,0,0,25
3415428930,96.9388,0,0,-96.9388,96.9388,362,5,-42,92.1306,1.5,0,0,0,25
3415929068,98.6326,0,0,-98.6326,98.6326,500,12,-31,139.632,1.5,0,0,0,25
3421429064,108.105,0,0,-108.105,108.105,496,18,63.5387,127.039,1.5,0,0,0,25
3425428772,88.8845,0,0,-88.8845,88.8845,204,4,-28.0977,54.5977,1.5,0,0,0,25
3432928756,103.734,0,0,-103.734,103.734,188,6,3.5,46.0196,1.5,0,0,0,25
3435928805,108.293,0,0,-108.293,108.293,237,9,7.875,62.375,1.5,0,0,0,25
3435928899,98.354,0,0,-98.354,98.354,331,13,36.5165,84.0165,1.5,0,0,0,25
3438928784,87.594,0,0,-87.594,87.594,216,19,22.5,53.7207,1.5,0,0,0,25
3439428807,97.2388,0,0,-97.2388,97.2388,239,1,-20.5048,61.9952,1.5,0,0,0,25
3439928777,90.9839,0,0,-90.9839,90.9839,209,7,18.047,52.453,1.5,0,0,0,25
3449929052,98.1834,0,0,-98.1834,98.1834,484,8,-43,131.648,1.5,0,0,0,25
3450000188,103.734,0,0,-103.734,103.734,188,0,0,0,25,6,3.5,46.0196,1.5
3450000204,88.8845,0,0,-88.8845,88.8845,204,0,0,0,25,4,-28.0977,54.5977,1.5
3450000209,90.9839,0,0,-90.9839,90.9839,209,0,0,0,25,7,18.047,52.453,1.5
3450000216,87.594,0,0,-87.594,87.594,216,0,0,0,25,19,22.5,53.7207,1.5
3450000237,108.293,0,0,-108.293,108.293,237,0,0,0,25,9,7.875,62.375,1.5
3450000239,97.2388,0,0,-97.2388,97.2388,239,0,0,0,25,1,-20.5048,61.9952,1.5
3450000252,90.4906,0,0,-90.4906,90.4906,252,0,0,0,25,16,18.0197,65.0197,1.5
3450000331,98.354,0,0,-98.354,98.354,331,0,0,0,25,13,36.5165,84.0165,1.5
3450000343,104.862,0,0,-104.862,104.862,343,0,0,0,25,20,23.8582,92.8582,1.5
3450000362,96.9388,0,0,-96.9388,96.9388,362,0,0,0,25,5,-42,92.1306,1.5
3450000379,111.3,0,0,-111.3,111.3,379,0,0,0,25,2,-9.35851,99.5,1.5
3450000416,99.1024,0,0,-99.1024,99.1024,416,0,0,0,25,3,-42.8489,112.5,1.5
3450000437,105.367,0,0,-105.367,105.367,437,0,0,0,25,17,54,111.926,1.5
3450000440,119.932,0,0,-119.932,119.932,440,0,0,0,25,11,24.5,122.476,1.5
3450000484,98.1834,0,0,-98.1834,98.1834,484,0,0,0,25,8,-43,131.648,1.5
3450000496,107.982,0,0,-107.982,107.982,496,0,0,0,25,15,49.4114,133.411,1.5
3450000496,108.105,0,0,-108.105,108.105,496,0,0,0,25,18,63.5387,127.039,1.5
3450000500,98.6326,0,0,-98.6326,98.6326,500,0,0,0,25,12,-31,139.632,1.5
3450000503,99.7405,0,0,-99.7405,99.7405,503,0,0,0,25,14,-53.3562,133.856,1.5
3450000517,112.494,0,0,-112.494,112.494,517,0,0,0,25,10,-2,137.327,1.5
3451429005,105.367,0,0,-105.367,105.367,437,17,54,111.926,1.5,0,0,0,25
3451929071,99.7405,0,0,-99.7405,99.7405,503,14,-53.3562,133.856,1.5,0,0,0,25
3452928820,90.4906,0,0,-90.4906,90.4906,252,16,18.0197,65.0197,1.5,0,0,0,25
3454428947,111.3,0,0,-111.3,111.3,379,2,-9.35851,99.5,1.5,0,0,0,25
3454428984,99.1024,0,0,-99.1024,99.1024,416,3,-42.8489,112.5,1.5,0,0,0,25
3454928911,104.862,0,0,-104.862,104.862,343,20,23.8582,92.8582,1.5,0,0,0,25
3458393294,119.932,0,0,-119.932,119.932,440,11,24.5,122.476,1.5,0,0,0,25
3459429064,107.982,0,0,-107.982,107.982,496,15,49.4114,133.411,1.5,0,0,0,25
3460429085,112.494,0,0,-112.494,112.494,517,10,-2,137.327,1.5,0,0,0,25
3465428930,96.9388,0,0,-96.9388,96.9388,362,5,-42,92.1306,1.5,0,0,0,25
3465929068,98.6326,0,0,-98.6326,98.6326,500,12,-31,139.632,1.5,0,0,0,25
3471429064,108.105,0,0,-108.105,108.105,496,18,63.5387,127.039,1.5,0,0,0,25
3475428772,88.8845,0,0,-88.8845,88.8845,204,4,-28.0977,54.5977,1.5,0,0,0,25
3482928756,103.734,0,0,-103.734,103.734,188,6,3.5,46.0196,1.5,0,0,0,25
3485928805,108.293,0,0,-108.293,108.293,237,9,7.875,62.375,1.5,0,0,0,25
3485928899,98.354,0,0,-98.354,98.354,331,13,36.5165,84.0165,1.5,0,0,0,25
3488928784,87.594,0,0,-87.594,87.594,216,19,22.5,53.7207,1.5,0,0,0,25
3489428807,97.2388,0,0,-97.2388,97.2388,239,1,-20.5048,61.9952,1.5,0,0,0,25
3489928777,90.9839,0,0,-90.9839,90.9839,209,7,18.047,52.453,1.5,0,0,0,25
3499929052,98.1834,0,0,-98.1834,98.1834,484,8,-43,131.648,1.5,0,0,0,25
3500000188,103.734,0,0,-103.734,103.734,188,0,0,0,25,6,3.5,45.8696,1.5
3500000204,88.8845,0,0,-88.8845,88.8845,204,0,0,0,25,4,-28.2038,54.7038,1.5
3500000209,90.9839,0,0,-90.9839,90.9839,209,0,0,0,25,7,18.1531,52.3469,1.5
3500000216,87.594,0,0,-87.594,87.594,216,0,0,0,25,19,22.5,53.5707,1.5
3500000237,108.293,0,0,-108.293,108.293,237,0,0,0,25,9,7.76893,62.2689,1.5
3500000239,97.2388,0,0,-97.2388,97.2388,239,0,0,0,25,1,-20.6109,61.8891,1.5
3500000252,90.4906,0,0,-90.4906,90.4906,252,0,0,0,25,16,17.9136,64.9136,1.5
3500000331,98.354,0,0,-98.354,98.354,331,0,0,0,25,13,36.4104,83.9104,1.5
3500000343,104.862,0,0,-104.862,104.862,343,0,0,0,25,20,23.7522,92.7522,1.5
3500000362,96.9388,0,0,-96.9388,96.9388,362,0,0,0,25,5,-42,91.9806,1.5
3500000379,111.3,0,0,-111.3,111.3,379,0,0,0,25,2,-9.50851,99.5,1.5
3500000416,99.1024,0,0,-99.1024,99.1024,416,0,0,0,25,3,-42.6989,112.5,1.5
3500000437,105.367,0,0,-105.367,105.367,437,0,0,0,25,17,54,111.776,1.5
3500000440,119.932,0,0,-119.932,119.932,440,0,0,0,25,11,24.5,122.326,1.5
3500000484,98.1834,0,0,-98.1834,98.1834,484,0,0,0,25,8,-43,131.498,1.5
3500000496,107.982,0,0,-107.982,107.982,496,0,0,0,25,15,49.3054,133.305,1.5
3500000496,108.105,0,0,-108.105,108.105,496,0,0,0,25,18,63.4326,126.933,1.5
3500000500,98.6326,0,0,-98.6326,98.6326,500,0,0,0,25,12,-31,139.482,1.5
3500000503,99.7405,0,0,-99.7405,99.7405,503,0,0,0,25,14,-53.2501,133.75,1.5
3500000517,112.494,0,0,-112.494,112.494,517,0,0,0,25,10,-2,137.177,1.5
3501429005,105.367,0,0,-105.367,105.367,437,17,54,111.776,1.5,0,0,0,25
3501929071,99.7405,0,0,-99.7405,99.7405,503,14,-53.2501,133.75,1.5,0,0,0,25
3502928820,90.4906,0,0,-90.4906,90.4906,252,16,17.9136,64.9136,1.5,0,0,0,25
3504428947,111.3,0,0,-111.3,111.3,379,2,-9.50851,99.5,1.5,0,0,0,25
3504428984,99.1024,0,0,-99.1024,99.1024,416,3,-42.6989,112.5,1.5,0,0,0,25
3504928911,104.862,0,0,-104.862,104.862,343,20,23.7522,92.7522,1.5,0,0,0,25
3508929008,119.932,0,0,-119.932,119.932,440,11,24.5,122.326,1.5,0,0,0,25
3509429064,107.982,0,0,-107.982,107.982,496,15,49.3054,133.305,1.5,0,0,0,25
3510429085,112.494,0,0,-112.494,112.494,517,10,-2,137.177,1.5,0,0,0,25
3515428930,96.9388,0,0,-96.9388,96.9388,362,5,-42,91.9806,1.5,0,0,0,25
3515929068,98.6326,0,0,-98.6326,98.6326,500,12,-31,139.482,1.5,0,0,0,25
3521429064,108.105,0,0,-108.105,108.105,496,18,63.4326,126.933,1.5,0,0,0,25
3525428772,88.8845,0,0,-88.8845,88.8845,204,4,-28.2038,54.7038,1.5,0,0,0,25
3532928756,103.734,0,0,-103.734,103.734,188,6,3.5,45.8696,1.5,0,0,0,25
3535928805,108.293,0,0,-108.293,108.293,237,9,7.76893,62.2689,1.5,0,0,0,25
3535928899,98.354,0,0,-98.354,98.354,331,13,36.4104,83.9104,1.5,0,0,0,25
3538928784,87.594,0,0,-87.594,87.594,216,19,22.5,53.5707,1.5,0,0,0,25
3539428807,97.2388,0,0,-97.2388,97.2388,239,1,-20.6109,61.8891,1.5,0,0,0,25
3539928777,90.9839,0,0,-90.9839,90.9839,209,7,18.1531,52.3469,1.5,0,0,0,25
3549929052,98.1834,0,0,-98.1834,98.1834,484,8,-43,131.498,1.5,0,0,0,25
3550000188,103.734,0,0,-103.734,103.734,188,0,0,0,25,6,3.5,45.8696,1.5
3550000204,88.8845,0,0,-88.8845,88.8845,204,0,0,0,25,4,-28.2038,54.7038,1.5
3550000209,90.9839,0,0,-90.9839,90.9839,209,0,0,0,25,7,18.1531,52.3469,1.5
3550000216,87.594,0,0,-87.594,87.594,216,0,0,0,25,19,22.5,53.5707,1.5
3550000237,108.293,0,0,-108.293,108.293,237,0,0,0,25,9,7.76893,62.2689,1.5
3550000239,97.2388,0,0,-97.2388,97.2388,239,0,0,0,25,1,-20.6109,61.8891,1.5
3550000252,90.4906,0,0,-90.4906,90.4906,252,0,0,0,25,16,17.9136,64.9136,1.5
3550000331,98.354,0,0,-98.354,98.354,331,0,0,0,25,13,36.4104,83.9104,1.5
3550000343,104.862,0,0,-104.862,104.862,343,0,0,0,25,20,23.7522,92.7522,1.5
3550000362,96.9388,0,0,-96.9388,96.9388,362,0,0,0,25,5,-42,91.9806,1.5
3550000379,111.3,0,0,-111.3,111.3,379,0,0,0,25,2,-9.50851,99.5,1.5
3550000416,99.1024,0,0,-99.1024,99.1024,416,0,0,0,25,3,-42.6989,112.5,1.5
3550000437,105.367,0,0,-105.367,105.367,437,0,0,0,25,17,54,111.776,1.5
3550000440,119.932,0,0,-119.932,119.932,440,0,0,0,25,11,24.5,122.326,1.5
3550000484,98.1834,0,0,-98.1834,98.1834,484,0,0,0,25,8,-43,131.498,1.5
3550000496,107.982,0,0,-107.982,107.982,496,0,0,0,25,15,49.3054,133.305,1.5
3550000496,108.105,0,0,-108.105,108.105,496,0,0,0,25,18,63.4326,126.933,1.5
3550000500,98.6326,0,0,-98.6326,98.6326,500,0,0,0,25,12,-31,139.482,1.5
3550000503,99.7405,0,0,-99.7405,99.7405,503,0,0,0,25,14,-53.2501,133.75,1.5
3550000517,112.494,0,0,-112.494,112.494,517,0,0,0,25,10,-2,137.177,1.5
3551429005,105.367,0,0,-105.367,105.367,437,17,54,111.776,1.5,0,0,0,25
3551929071,99.7405,0,0,-99.7405,99.7405,503,14,-53.2501,133.75,1.5,0,0,0,25
3552928820,90.4906,0,0,-90.4906,90.4906,252,16,17.9136,64.9136,1.5,0,0,0,25
3554428947,111.3,0,0,-111.3,111.3,379,2,-9.50851,99.5,1.5,0,0,0,25
3554428984,99.1024,0,0,-99.1024,99.1024,416,3,-42.6989,112.5,1.5,0,0,0,25
3554928911,104.862,0,0,-104.862,104.862,343,20,23.7522,92.7522,1.5,0,0,0,25
3558929008,119.932,0,0,-119.932,119.932,440,11,24.5,122.326,1.5,0,0,0,25
3559429064,107.982,0,0,-107.982,107.982,496,15,49.3054,133.305,1.5,0,0,0,25
3560429085,112.494,0,0,-112.494,112.494,517,10,-2,137.177,1.5,0,0,0,25
3565428930,96.9388,0,0,-96.9388,96.9388,362,5,-42,91.9806,1.5,0,0,0,25
3565929068,98.6326,0,0,-98.6326,98.6326,500,12,-31,139.482,1.5,0,0,0,25
3571429064,108.105,0,0,-108.105,108.105,496,18,63.4326,126.933,1.5,0,0,0,25
3575428772,88.8845,0,0,-88.8845,88.8845,204,4,-28.2038,54.7038,1.5,0,0,0,25
3582928756,103.734,0,0,-103.734,103.734,188,6,3.5,45.8696,1.5,0,0,0,25
3585928805,108.293,0,0,-108.293,108.293,237,9,7.76893,62.2689,1.5,0,0,0,25
3585928899,98.354,0,0,-98.354,98.354,331,13,36.4104,83.9104,1.5,0,0,0,25
3588928784,87.594,0,0,-87.594,87.594,216,19,22.5,53.5707,1.5,0,0,0,25
3589428807,97.2388,0,0,-97.2388,97.2388,239,1,-20.6109,61.8891,1.5,0,0,0,25
3589928777,90.9839,0,0,-90.9839,90.9839,209,7,18.1531,52.3469,1.5,0,0,0,25
3600000188,103.734,0,0,-103.734,103.734,188,0,0,0,25,6,3.5,45.7196,1.5
3600000204,88.8845,0,0,-88.8845,88.8845,204,0,0,0,25,4,-28.3099,54.8099,1.5
3600000209,90.9839,0,0,-90.9839,90.9839,209,0,0,0,25,7,18.2592,52.2408,1.5
3600000216,87.594,0,0,-87.594,87.594,216,0,0,0,25,19,22.5,53.4207,1.5
3600000237,108.293,0,0,-108.293,108.293,237,0,0,0,25,9,7.66287,62.1629,1.5
3600000239,97.2388,0,0,-97.2388,97.2388,239,0,0,0,25,1,-20.7169,61.7831,1.5
3600000252,90.4906,0,0,-90.4906,90.4906,252,0,0,0,25,16,17.8076,64.8076,1.5
3600000331,98.354,0,0,-98.354,98.354,331,0,0,0,25,13,36.3043,83.8043,1.5
3600000343,104.862,0,0,-104.862,104.862,343,0,0,0,25,20,23.6461,92.6461,1.5
3600000362,96.9388,0,0,-96.9388,96.9388,362,0,0,0,25,5,-42,91.8306,1.5
3600000379,111.3,0,0,-111.3,111.3,379,0,0,0,25,2,-9.65851,99.5,1.5
3600000416,99.1024,0,0,-99.1024,99.1024,416,0,0,0,25,3,-42.5489,112.5,1.5
3600000437,105.367,0,0,-105.367,105.367,437,0,0,0,25,17,54,111.626,1.5
3600000440,119.932,0,0,-119.932,119.932,440,0,0,0,25,11,24.5,122.176,1.5
3600000484,98.1834,0,0,-98.1834,98.1834,484,0,0,0,25,8,-43,131.348,1.5
3600000496,107.982,0,0,-107.982,107.982,496,0,0,0,25,15,49.1993,133.199,1.5
3600000496,108.105,0,0,-108.105,108.105,496,0,0,0,25,18,63.3265,126.827,1.5
3600000500,98.6326,0,0,-98.6326,98.6326,500,0,0,0,25,12,-31,139.332,1.5
3600000503,99.7405,0,0,-99.7405,99.7405,503,0,0,0,25,14,-53.144,133.644,1.5
3600000517,112.494,0,0,-112.494,112.494,517,0,0,0,25,10,-2,137.027,1.5
3600429052,98.1834,0,0,-98.1834,98.1834,484,8,-43,131.348,1.5,0,0,0,25
3601429005,105.367,0,0,-105.367,105.367,437,17,54,111.626,1.5,0,0,0,25
3601929071,99.7405,0,0,-99.7405,99.7405,503,14,-53.144,133.644,1.5,0,0,0,25
3602928820,90.4906,0,0,-90.4906,90.4906,252,16,17.8076,64.8076,1.5,0,0,0,25
3604428947,111.3,0,0,-111.3,111.3,379,2,-9.65851,99.5,1.5,0,0,0,25
3604428984,99.1024,0,0,-99.1024,99.1024,416,3,-42.5489,112.5,1.5,0,0,0,25
3604928911,104.862,0,0,-104.862,104.862,343,20,23.6461,92.6461,1.5,0,0,0,25
3608929008,119.932,0,0,-119.932,119.932,440,11,24.5,122.176,1.5,0,0,0,25
3609429064,107.982,0,0,-107.982,107.982,496,15,49.1993,133.199,1.5,0,0,0,25
3610429085,112.494,0,0,-112.494,112.494,517,10,-2,137.027,1.5,0,0,0,25
3615428930,96.9388,0,0,-96.9388,96.9388,362,5,-42,91.8306,1.5,0,0,0,25
3615929068,98.6326,0,0,-98.6326,98.6326,500,12,-31,139.332,1.5,0,0,0,25
3621429064,108.105,0,0,-108.105,108.105,496,18,63.3265,126.827,1.5,0,0,0,25
3625428772,88.8845,0,0,-88.8845,88.8845,204,4,-28.3099,54.8099,1.5,0,0,0,25
3632928756,103.734,0,0,-103.734,103.734,188,6,3.5,45.7196,1.5,0,0,0,25
3635928805,108.293,0,0,-108.293,108.293,237,9,7.66287,62.1629,1.5,0,0,0,25
3635928899,98.354,0,0,-98.354,98.354,331,13,36.3043,83.8043,1.5,0,0,0,25
3638928784,87.594,0,0,-87.594,87.594,216,19,22.5,53.4207,1.5,0,0,0,25
3639428807,97.2388,0,0,-97.2388,97.2388,239,1,-20.7169,61.7831,1.5,0,0,0,25
3639928777,90.9839,0,0,-90.9839,90.9839,209,7,18.2592,52.2408,1.5,0,0,0,25
3650000188,103.734,0,0,-103.734,103.734,188,0,0,0,25,6,3.5,45.7196,1.5
3650000204,88.8845,0,0,-88.8845,88.8845,204,0,0,0,25,4,-28.3099,54.8099,1.5
3650000209,90.9839,0,0,-90.9839,90.9839,209,0,0,0,25,7,18.2592,52.2408,1.5
3650000216,87.594,0,0,-87.594,87.594,216,0,0,0,25,19,22.5,53.4207,1.5
3650000237,108.293,0,0,-108.293,108.293,237,0,0,0,25,9,7.66287,62.1629,1.5
3650000239,97.2388,0,0,-97.2388,97.2388,239,0,0,0,25,1,-20.7169,61.7831,1.5
3650000252,90.4906,0,0,-90.4906,90.4906,252,0,0,0,25,16,17.8076,64.8076,1.5
3650000331,98.354,0,0,-98.354,98.354,331,0,0,0,25,13,36.3043,83.8043,1.5
3650000343,104.862,0,0,-104.862,104.862,343,0,0,0,25,20,23.6461,92.6461,1.5
3650000362,96.9388,0,0,-96.9388,96.9388,362,0,0,0,25,5,-42,91.8306,1.5
3650000379,111.3,0,0,-111.3,111.3,379,0,0,0,25,2,-9.65851,99.5,1.5
3650000416,99.1024,0,0,-99.1024,99.1024,416,0,0,0,25,3,-42.5489,112.5,1.5
3650000437,105.367,0,0,-105.367,105.367,437,0,0,0,25,17,54,111.626,1.5
3650000440,119.932,0,0,-119.932,119.932,440,0,0,0,25,11,24.5,122.176,1.5
3650000484,98.1834,0,0,-98.1834,98.1834,484,0,0,0,25,8,-43,131.348,1.5
3650000496,107.982,0,0,-107.982,107.982,496,0,0,0,25,15,49.1993,133.199,1.5
3650000496,108.105,0,0,-108.105,108.105,496,0,0,0,25,18,63.3265,126.827,1.5
3650000500,98.6326,0,0,-98.6326,98.6326,500,0,0,0,25,12,-31,139.332,1.5
3650000503,99.7405,0,0,-99.7405,99.7405,503,0,0,0,25,14,-53.144,133.644,1.5
3650000517,112.494,0,0,-112.494,112.494,517,0,0,0,25,10,-2,137.027,1.5
3650429052,98.1834,0,0,-98.1834,98.1834,484,8,-43,131.348,1.5,0,0,0,25
3651429005,105.367,0,0,-105.367,105.367,437,17,54,111.626,1.5,0,0,0,25
3651929071,99.7405,0,0,-99.7405,99.7405,503,14,-53.144,133.644,1.5,0,0,0,25
3652928820,90.4906,0,0,-90.4906,90.4906,252,16,17.8076,64.8076,1.5,0,0,0,25
3654428947,111.3,0,0,-111.3,111.3,379,2,-9.65851,99.5,1.5,0,0,0,25
3654428984,99.1024,0,0,-99.1024,99.1024,416,3,-42.5489,112.5,1.5,0,0,0,25
3654928911,104.862,0,0,-104.862,104.862,343,20,23.6461,92.6461,1.5,0,0,0,25
3658929008,119.932,0,0,-119.932,119.932,440,11,24.5,122.176,1.5,0,0,0,25
3659429064,107.982,0,0,-107.982,107.982,496,15,49.1993,133.199,1.5,0,0,0,25
3660929085,112.494,0,0,-112.494,112.494,517,10,-2,137.027,1.5,0,0,0,25
3665428930,96.9388,0,0,-96.9388,96.9388,362,5,-42,91.8306,1.5,0,0,0,25
3665929068,98.6326,0,0,-98.6326,98.6326,500,12,-31,139.332,1.5,0,0,0,25
3671429064,108.105,0,0,-108.105,108.105,496,18,63.3265,126.827,1.5,0,0,0,25
3675428772,88.8845,0,0,-88.8845,88.8845,204,4,-28.3099,54.8099,1.5,0,0,0,25
3682928756,103.734,0,0,-103.734,103.734,188,6,3.5,45.7196,1.5,0,0,0,25
3685928805,108.293,0,0,-108.293,108.293,237,9,7.66287,62.1629,1.5,0,0,0,25
3685928899,98.354,0,0,-98.354,98.354,331,13,36.3043,83.8043,1.5,0,0,0,25
3688928784,87.594,0,0,-87.594,87.594,216,19,22.5,53.4207,1.5,0,0,0,25
3689428807,97.2388,0,0,-97.2388,97.2388,239,1,-20.7169,61.7831,1.5,0,0,0,25
3689928777,90.9839,0,0,-90.9839,90.9839,209,7,18.2592,52.2408,1.5,0,0,0,25
3700000188,103.734,0,0,-103.734,103.734,188,0,0,0,25,6,3.5,45.5696,1.5
3700000204,88.8845,0,0,-88.8845,88.8845,204,0,0,0,25,4,-28.4159,54.9159,1.5
3700000209,90.9839,0,0,-90.9839,90.9839,209,0,0,0,25,7,18.3652,52.1348,1.5
3700000216,87.594,0,0,-87.594,87.594,216,0,0,0,25,19,22.5,53.2707,1.5
3700000237,108.293,0,0,-108.293,108.293,237,0,0,0,25,9,7.5568,62.0568,1.5
3700000239,97.2388,0,0,-97.2388,97.2388,239,0,0,0,25,1,-20.823,61.677,1.5
3700000252,90.4906,0,0,-90.4906,90.4906,252,0,0,0,25,16,17.7015,64.7015,1.5
3700000331,98.354,0,0,-98.354,98.354,331,0,0,0,25,13,36.1983,83.6983,1.5
3700000343,104.862,0,0,-104.862,104.862,343,0,0,0,25,20,23.54,92.54,1.5
3700000362,96.9388,0,0,-96.9388,96.9388,362,0,0,0,25,5,-42,91.6806,1.5
3700000379,111.3,0,0,-111.3,111.3,379,0,0,0,25,2,-9.80851,99.5,1.5
3700000416,99.1024,0,0,-99.1024,99.1024,416,0,0,0,25,3,-42.3989,112.5,1.5
3700000437,105.367,0,0,-105.367,105.367,437,0,0,0,25,17,54,111.476,1.5
3700000440,119.932,0,0,-119.932,119.932,440,0,0,0,25,11,24.5,122.026,1.5
3700000484,98.1834,0,0,-98.1834,98.1834,484,0,0,0,25,8,-43,131.198,1.5
3700000496,107.982,0,0,-107.982,107.982,496,0,0,0,25,15,49.0932,133.093,1.5
3700000496,108.105,0,0,-108.105,108.105,496,0,0,0,25,18,63.2205,126.72,1.5
3700000500,98.6326,0,0,-98.6326,98.6326,500,0,0,0,25,12,-31,139.182,1.5
3700000503,99.7405,0,0,-99.7405,99.7405,503,0,0,0,25,14,-53.038,133.538,1.5
3700000517,112.494,0,0,-112.494,112.494,517,0,0,0,25,10,-2,136.877,1.5
3700429052,98.1834,0,0,-98.1834,98.1834,484,8,-43,131.198,1.5,0,0,0,25
3701429005,105.367,0,0,-105.367,105.367,437,17,54,111.476,1.5,0,0,0,25
3701929071,99.7405,0,0,-99.7405,99.7405,503,14,-53.038,133.538,1.5,0,0,0,25
3702928820,90.4906,0,0,-90.4906,90.4906,252,16,17.7015,64.7015,1.5,0,0,0,25
3704428947,111.3,0,0,-111.3,111.3,379,2,-9.80851,99.5,1.5,0,0,0,25
3704428984,99.1024,0,0,-99.1024,99.1024,416,3,-42.3989,112.5,1.5,0,0,0,25
3704928911,104.862,0,0,-104.862,104.862,343,20,23.54,92.54,1.5,0,0,0,25
3708929008,119.932,0,0,-119.932,119.932,440,11,24.5,122.026,1.5,0,0,0,25
3709429064,107.982,0,0,-107.982,107.982,496,15,49.0932,133.093,1.5,0,0,0,25
3710929085,112.494,0,0,-112.494,112.494,517,10,-2,136.877,1.5,0,0,0,25
3715428930,96.9388,0,0,-96.9388,96.9388,362,5,-42,91.6806,1.5,0,0,0,25
3715929068,98.6326,0,0,-98.6326,98.6326,500,12,-31,139.182,1.5,0,0,0,25
3721429064,108.105,0,0,-108.105,108.105,496,18,63.2205,126.72,1.5,0,0,0,25
3725428772,88.8845,0,0,-88.8845,88.8845,204,4,-28.4159,54.9159,1.5,0,0,0,25
3732928756,103.734,0,0,-103.734,103.734,188,6,3.5,45.5696,1.5,0,0,0,25
3735928805,108.293,0,0,-108.293,108.293,237,9,7.5568,62.0568,1.5,0,0,0,25
3735928899,98.354,0,0,-98.354,98.354,331,13,36.1983,83.6983,1.5,0,0,0,25
3738928784,87.594,0,0,-87.594,87.594,216,19,22.5,53.2707,1.5,0,0,0,25
3739428807,97.2388,0,0,-97.2388,97.2388,239,1,-20.823,61.677,1.5,0,0,0,25
3739928777,90.9839,0,0,-90.9839,90.9839,209,7,18.3652,52.1348,1.5,0,0,0,25
3750000188,103.734,0,0,-103.734,103.734,188,0,0,0,25,6,3.5,45.5696,1.5
3750000204,88.8845,0,0,-88.8845,88.8845,204,0,0,0,25,4,-28.4159,54.9159,1.5
3750000209,90.9839,0,0,-90.9839,90.9839,209,0,0,0,25,7,18.3652,52.1348,1.5
3750000216,87.594,0,0,-87.594,87.594,216,0,0,0,25,19,22.5,53.2707,1.5
3750000237,108.293,0,0,-108.293,108.293,237,0,0,0,25,9,7.5568,62.0568,1.5
3750000239,97.2388,0,0,-97.2388,97.2388,239,0,0,0,25,1,-20.823,61.677,1.5
3750000252,90.4906,0,0,-90.4906,90.4906,252,0,0,0,25,16,17.7015,64.7015,1.5
3750000331,98.354,0,0,-98.354,98.354,331,0,0,0,25,13,36.1983,83.6983,1.5
3750000343,104.862,0,0,-104.862,104.862,343,0,0,0,25,20,23.54,92.54,1.5
3750000362,96.9388,0,0,-96.9388,96.9388,362,0,0,0,25,5,-42,91.6806,1.5
3750000379,111.3,0,0,-111.3,111.3,379,0,0,0,25,2,-9.80851,99.5,1.5
3750000416,99.1024,0,0,-99.1024,99.1024,416,0,0,0,25,3,-42.3989,112.5,1.5
3750000437,105.367,0,0,-105.367,105.367,437,0,0,0,25,17,54,111.476,1.5
3750000440,119.932,0,0,-119.932,119.932,440,0,0,0,25,11,24.5,122.026,1.5
3750000484,98.1834,0,0,-98.1834,98.1834,484,0,0,0,25,8,-43,131.198,1.5
3750000496,107.982,0,0,-107.982,107.982,496,0,0,0,25,15,49.0932,133.093,1.5
3750000496,108.105,0,0,-108.105,108.105,496,0,0,0,25,18,63.2205,126.72,1.5
3750000500,98.6326,0,0,-98.6326,98.6326,500,0,0,0,25,12,-31,139.182,1.5
3750000503,99.7405,0,0,-99.7405,99.7405,503,0,0,0,25,14,-53.038,133.538,1.5
3750000517,112.494,0,0,-112.494,112.494,517,0,0,0,25,10,-2,136.877,1.5
3750429052,98.1834,0,0,-98.1834,98.1834,484,8,-43,131.198,1.5,0,0,0,25
3751429005,105.367,0,0,-105.367,105.367,437,17,54,111.476,1.5,0,0,0,25
3751929071,99.7405,0,0,-99.7405,99.7405,503,14,-53.038,133.538,1.5,0,0,0,25
3752928820,90.4906,0,0,-90.4906,90.4906,252,16,17.7015,64.7015,1.5,0,0,0,25
3754428947,111.3,0,0,-111.3,111.3,379,2,-9.80851,99.5,1.5,0,0,0,25
3754428984,99.1024,0,0,-99.1024,99.1024,416,3,-42.3989,112.5,1.5,0,0,0,25
3754928911,104.862,0,0,-104.862,104.862,343,20,23.54,92.54,1.5,0,0,0,25
3758929008,119.932,0,0,-119.932,119.932,440,11,24.5,122.026,1.5,0,0,0,25
3759429064,107.982,0,0,-107.982,107.982,496,15,49.0932,133.093,1.5,0,0,0,25
3760929085,112.494,0,0,-112.494,112.494,517,10,-2,136.877,1.5,0,0,0,25
3765428930,96.9388,0,0,-96.9388,96.9388,362,5,-42,91.6806,1.5,0,0,0,25
3765929068,98.6326,0,0,-98.6326,98.6326,500,12,-31,139.182,1.5,0,0,0,25
3771429064,108.105,0,0,-108.105,108.105,496,18,63.2205,126.72,1.5,0,0,0,25
3775428772,88.8845,0,0,-88.8845,88.8845,204,4,-28.4159,54.9159,1.5,0,0,0,25
3782928756,103.734,0,0,-103.734,103.734,188,6,3.5,45.5696,1.5,0,0,0,25
3785928805,108.293,0,0,-108.293,108.293,237,9,7.5568,62.0568,1.5,0,0,0,25
3785928899,98.354,0,0,-98.354,98.354,331,13,36.1983,83.6983,1.5,0,0,0,25
3788928784,87.594,0,0,-87.594,87.594,216,19,22.5,53.2707,1.5,0,0,0,25
3789428807,97.2388,0,0,-97.2388,97.2388,239,1,-20.823,61.677,1.5,0,0,0,25
3789928777,90.9839,0,0,-90.9839,90.9839,209,7,18.3652,52.1348,1.5,0,0,0,25
3800000188,103.734,0,0,-103.734,103.734,188,0,0,0,25,6,3.5,45.4196,1.5
3800000204,88.8845,0,0,-88.8845,88.8845,204,0,0,0,25,4,-28.522,55.022,1.5
3800000209,90.9839,0,0,-90.9839,90.9839,209,0,0,0,25,7,18.4713,52.0287,1.5
3800000216,87.594,0,0,-87.594,87.594,216,0,0,0,25,19,22.5,53.1207,1.5
3800000237,108.293,0,0,-108.293,108.293,237,0,0,0,25,9,7.45073,61.9507,1.5
3800000239,97.2388,0,0,-97.2388,97.2388,239,0,0,0,25,1,-20.9291,61.5709,1.5
3800000252,90.4906,0,0,-90.4906,90.4906,252,0,0,0,25,16,17.5954,64.5954,1.5
3800000331,98.354,0,0,-98.354,98.354,331,0,0,0,25,13,36.0922,83.5922,1.5
3800000343,104.862,0,0,-104.862,104.862,343,0,0,0,25,20,23.434,92.434,1.5
3800000362,96.9388,0,0,-96.9388,96.9388,362,0,0,0,25,5,-42,91.5306,1.5
3800000379,111.3,0,0,-111.3,111.3,379,0,0,0,25,2,-9.95851,99.5,1.5
3800000416,99.1024,0,0,-99.1024,99.1024,416,0,0,0,25,3,-42.2489,112.5,1.5
3800000437,105.367,0,0,-105.367,105.367,437,0,0,0,25,17,54,111.326,1.5
3800000440,119.932,0,0,-119.932,119.932,440,0,0,0,25,11,24.5,121.876,1.5
3800000484,98.1834,0,0,-98.1834,98.1834,484,0,0,0,25,8,-43,131.048,1.5
3800000496,107.982,0,0,-107.982,107.982,496,0,0,0,25,15,48.9872,132.987,1.5
3800000496,108.105,0,0,-108.105,108.105,496,0,0,0,25,18,63.1144,126.614,1.5
3800000500,98.6326,0,0,-98.6326,98.6326,500,0,0,0,25,12,-31,139.032,1.5
3800000503,99.7405,0,0,-99.7405,99.7405,503,0,0,0,25,14,-52.9319,133.432,1.5
3800000517,112.494,0,0,-112.494,112.494,517,0,0,0,25,10,-2,136.727,1.5
3800429052,98.1834,0,0,-98.1834,98.1834,484,8,-43,131.048,1.5,0,0,0,25
3801429005,105.367,0,0,-105.367,105.367,437,17,54,111.326,1.5,0,0,0,25
3801929071,99.7405,0,0,-99.7405,99.7405,503,14,-52.9319,133.432,1.5,0,0,0,25
3802928820,90.4906,0,0,-90.4906,90.4906,252,16,17.5954,64.5954,1.5,0,0,0,25
3804428947,111.3,0,0,-111.3,111.3,379,2,-9.95851,99.5,1.5,0,0,0,25
3804428984,99.1024,0,0,-99.1024,99.1024,416,3,-42.2489,112.5,1.5,0,0,0,25
3804928911,104.862,0,0,-104.862,104.862,343,20,23.434,92.434,1.5,0,0,0,25
3808929008,119.932,0,0,-119.932,119.932,440,11,24.5,121.876,1.5,0,0,0,25
3809429064,107.982,0,0,-107.982,107.982,496,15,48.9872,132.987,1.5,0,0,0,25
3811429085,112.494,0,0,-112.494,112.494,517,10,-2,136.727,1.5,0,0,0,25
3815428930,96.9388,0,0,-96.9388,96.9388,362,5,-42,91.5306,1.5,0,0,0,25
3815929068,98.6326,0,0,-98.6326,98.6326,500,12,-31,139.032,1.5,0,0,0,25
3821429064,108.105,0,0,-108.105,108.105,496,18,63.1144,126.614,1.5,0,0,0,25
3825428772,88.8845,0,0,-88.8845,88.8845,204,4,-28.522,55.022,1.5,0,0,0,25
3832928756,103.734,0,0,-103.734,103.734,188,6,3.5,45.4196,1.5,0,0,0,25
3835928805,108.293,0,0,-108.293,108.293,237,9,7.45073,61.9507,1.5,0,0,0,25
3835928899,98.354,0,0,-98.354,98.354,331,13,36.0922,83.5922,1.5,0,0,0,25
3838928784,87.594,0,0,-87.594,87.594,216,19,22.5,53.1207,1.5,0,0,0,25
3839428807,97.2388,0,0,-97.2388,97.2388,239,1,-20.9291,61.5709,1.5,0,0,0,25
3839928777,90.9839,0,0,-90.9839,90.9839,209,7,18.4713,52.0287,1.5,0,0,0,25
3850000188,103.734,0,0,-103.734,103.734,188,0,0,0,25,6,3.5,45.4196,1.5
3850000204,88.8845,0,0,-88.8845,88.8845,204,0,0,0,25,4,-28.522,55.022,1.5
3850000209,90.9839,0,0,-90.9839,90.9839,209,0,0,0,25,7,18.4713,52.0287,1.5
3850000216,87.594,0,0,-87.594,87.594,216,0,0,0,25,19,22.5,53.1207,1.5
3850000237,108.293,0,0,-108.293,108.293,237,0,0,0,25,9,7.45073,61.9507,1.5
3850000239,97.2388,0,0,-97.2388,97.2388,239,0,0,0,25,1,-20.9291,61.5709,1.5
3850000252,90.4906,0,0,-90.4906,90.4906,252,0,0,0,25,16,17.5954,64.5954,1.5
3850000331,98.354,0,0,-98.354,98.354,331,0,0,0,25,13,36.0922,83.5922,1.5
3850000343,104.862,0,0,-104.862,104.862,343,0,0,0,25,20,23.434,92.434,1.5
3850000362,96.9388,0,0,-96.9388,96.9388,362,0,0,0,25,5,-42,91.5306,1.5
3850000379,111.3,0,0,-111.3,111.3,379,0,0,0,25,2,-9.95851,99.5,1.5
3850000416,99.1024,0,0,-99.1024,99.1024,416,0,0,0,25,3,-42.2489,112.5,1.5
3850000437,105.367,0,0,-105.367,105.367,437,0,0,0,25,17,54,111.326,1.5
3850000440,119.932,0,0,-119.932,119.932,440,0,0,0,25,11,24.5,121.876,1.5
3850000484,98.1834,0,0,-98.1834,98.1834,484,0,0,0,25,8,-43,131.048,1.5
3850000496,107.982,0,0,-107.982,107.982,496,0,0,0,25,15,48.9872,132.987,1.5
3850000496,108.105,0,0,-108.105,108.105,496,0,0,0,25,18,63.1144,126.614,1.5
3850000500,98.6326,0,0,-98.6326,98.6326,500,0,0,0,25,12,-31,139.032,1.5
3850000503,99.7405,0,0,-99.7405,99.7405,503,0,0,0,25,14,-52.9319,133.432,1.5
3850000517,112.494,0,0,-112.494,112.494,517,0,0,0,25,10,-2,136.727,1.5
3850429052,98.1834,0,0,-98.1834,98.1834,484,8,-43,131.048,1.5,0,0,0,25
3851429005,105.367,0,0,-105.367,105.367,437,17,54,111.326,1.5,0,0,0,25
3851929071,99.7405,0,0,-99.7405,99.7405,503,14,-52.9319,133.432,1.5,0,0,0,25
3852928820,90.4906,0,0,-90.4906,90.4906,252,16,17.5954,64.5954,1.5,0,0,0,25
3854428947,111.3,0,0,-111.3,111.3,379,2,-9.95851,99.5,1.5,0,0,0,25
3854428984,99.1024,0,0,-99.1024,99.1024,416,3,-42.2489,112.5,1.5,0,0,0,25
3854928911,104.862,0,0,-104.862,104.862,343,20,23.434,92.434,1.5,0,0,0,25
3858929008,119.932,0,0,-119.932,119.932,440,11,24.5,121.876,1.5,0,0,0,25
3859429064,107.982,0,0,-107.982,107.982,496,15,48.9872,132.987,1.5,0,0,0,25
3861429085,112.494,0,0,-112.494,112.494,517,10,-2,136.727,1.5,0,0,0,25
3865428930,96.9388,0,0,-96.9388,96.9388,362,5,-42,91.5306,1.5,0,0,0,25
3865929068,98.6326,0,0,-98.6326,98.6326,500,12,-31,139.032,1.5,0,0,0,25
3871429064,108.105,0,0,-108.105,108.105,496,18,63.1144,126.614,1.5,0,0,0,25
3875428772,88.8845,0,0,-88.8845,88.8845,204,4,-28.522,55.022,1.5,0,0,0,25
3882928756,103.734,0,0,-103.734,103.734,188,6,3.5,45.4196,1.5,0,0,0,25
3885928805,108.293,0,0,-108.293,108.293,237,9,7.45073,61.9507,1.5,0,0,0,25
3886393185,98.354,0,0,-98.354,98.354,331,13,36.0922,83.5922,1.5,0,0,0,25
3888928784,87.594,0,0,-87.594,87.594,216,19,22.5,53.1207,1.5,0,0,0,25
3889428807,97.2388,0,0,-97.2388,97.2388,239,1,-20.9291,61.5709,1.5,0,0,0,25
3889928777,90.9839,0,0,-90.9839,90.9839,209,7,18.4713,52.0287,1.5,0,0,0,25
3900000188,103.734,0,0,-103.734,103.734,188,0,0,0,25,6,3.5,45.2696,1.5
3900000204,88.8845,0,0,-88.8845,88.8845,204,0,0,0,25,4,-28.6281,55.1281,1.5
3900000209,90.9839,0,0,-90.9839,90.9839,209,0,0,0,25,7,18.5774,51.9226,1.5
3900000216,87.594,0,0,-87.594,87.594,216,0,0,0,25,19,22.5,52.9707,1.5
3900000237,108.293,0,0,-108.293,108.293,237,0,0,0,25,9,7.34467,61.8447,1.5
3900000239,97.2388,0,0,-97.2388,97.2388,239,0,0,0,25,1,-21.0351,61.4649,1.5
3900000252,90.4906,0,0,-90.4906,90.4906,252,0,0,0,25,16,17.4894,64.4894,1.5
3900000331,98.354,0,0,-98.354,98.354,331,0,0,0,25,13,35.9861,83.4861,1.5
3900000343,104.862,0,0,-104.862,104.862,343,0,0,0,25,20,23.3279,92.3279,1.5
3900000362,96.9388,0,0,-96.9388,96.9388,362,0,0,0,25,5,-42,91.3806,1.5
3900000379,111.3,0,0,-111.3,111.3,379,0,0,0,25,2,-10.1085,99.5,1.5
3900000416,99.1024,0,0,-99.1024,99.1024,416,0,0,0,25,3,-42.0989,112.5,1.5
3900000437,105.367,0,0,-105.367,105.367,437,0,0,0,25,17,54,111.176,1.5
3900000440,119.932,0,0,-119.932,119.932,440,0,0,0,25,11,24.5,121.726,1.5
3900000484,98.1834,0,0,-98.1834,98.1834,484,0,0,0,25,8,-43,130.898,1.5
3900000496,107.982,0,0,-107.982,107.982,496,0,0,0,25,15,48.8811,132.881,1.5
3900000496,108.105,0,0,-108.105,108.105,496,0,0,0,25,18,63.0083,126.508,1.5
3900000500,98.6326,0,0,-98.6326,98.6326,500,0,0,0,25,12,-31,138.882,1.5
3900000503,99.7405,0,0,-99.7405,99.7405,503,0,0,0,25,14,-52.8258,133.326,1.5
3900000517,112.494,0,0,-112.494,112.494,517,0,0,0,25,10,-2,136.577,1.5
3900929052,98.1834,0,0,-98.1834,98.1834,484,8,-43,130.898,1.5,0,0,0,25
3901429005,105.367,0,0,-105.367,105.367,437,17,54,111.176,1.5,0,0,0,25
3901929071,99.7405,0,0,-99.7405,99.7405,503,14,-52.8258,133.326,1.5,0,0,0,25
3902928820,90.4906,0,0,-90.4906,90.4906,252,16,17.4894,64.4894,1.5,0,0,0,25
3904428947,111.3,0,0,-111.3,111.3,379,2,-10.1085,99.5,1.5,0,0,0,25
3904428984,99.1024,0,0,-99.1024,99.1024,416,3,-42.0989,112.5,1.5,0,0,0,25
3904928911,104.862,0,0,-104.862,104.862,343,20,23.3279,92.3279,1.5,0,0,0,25
3908929008,119.932,0,0,-119.932,119.932,440,11,24.5,121.726,1.5,0,0,0,25
3909429064,107.982,0,0,-107.982,107.982,496,15,48.8811,132.881,1.5,0,0,0,25
3911429085,112.494,0,0,-112.494,112.494,517,10,-2,136.577,1.5,0,0,0,25
3915428930,96.9388,0,0,-96.9388,96.9388,362,5,-42,91.3806,1.5,0,0,0,25
3915929068,98.6326,0,0,-98.6326,98.6326,500,12,-31,138.882,1.5,0,0,0,25
3921429064,108.105,0,0,-108.105,108.105,496,18,63.0083,126.508,1.5,0,0,0,25
3925428772,88.8845,0,0,-88.8845,88.8845,204,4,-28.6281,55.1281,1.5,0,0,0,25
3932928756,103.734,0,0,-103.734,103.734,188,6,3.5,45.2696,1.5,0,0,0,25
3935928805,108.293,0,0,-108.293,108.293,237,9,7.34467,61.8447,1.5,0,0,0,25
3936428899,98.354,0,0,-98.354,98.354,331,13,35.9861,83.4861,1.5,0,0,0,25
3938928784,87.594,0,0,-87.594,87.594,216,19,22.5,52.9707,1.5,0,0,0,25
3939428807,97.2388,0,0,-97.2388,97.2388,239,1,-21.0351,61.4649,1.5,0,0,0,25
3939928777,90.9839,0,0,-90.9839,90.9839,209,7,18.5774,51.9226,1.5,0,0,0,25
3950000188,103.734,0,0,-103.734,103.734,188,0,0,0,25,6,3.5,45.2696,1.5
3950000204,88.8845,0,0,-88.8845,88.8845,204,0,0,0,25,4,-28.6281,55.1281,1.5
3950000209,90.9839,0,0,-90.9839,90.9839,209,0,0,0,25,7,18.5774,51.9226,1.5
3950000216,87.594,0,0,-87.594,87.594,216,0,0,0,25,19,22.5,52.9707,1.5
3950000237,108.293,0,0,-108.293,108.293,237,0,0,0,25,9,7.34467,61.8447,1.5
3950000239,97.2388,0,0,-97.2388,97.2388,239,0,0,0,25,1,-21.0351,61.4649,1.5
3950000252,90.4906,0,0,-90.4906,90.4906,252,0,0,0,25,16,17.4894,64.4894,1.5
3950000331,98.354,0,0,-98.354,98.354,331,0,0,0,25,13,35.9861,83.4861,1.5
3950000343,104.862,0,0,-104.862,104.862,343,0,0,0,25,20,23.3279,92.3279,1.5
3950000362,96.9388,0,0,-96.9388,96.9388,362,0,0,0,25,5,-42,91.3806,1.5
3950000379,111.3,0,0,-111.3,111.3,379,0,0,0,25,2,-10.1085,99.5,1.5
3950000416,99.1024,0,0,-99.1024,99.1024,416,0,0,0,25,3,-42.0989,112.5,1.5
3950000437,105.367,0,0,-105.367,105.367,437,0,0,0,25,17,54,111.176,1.5
3950000440,119.932,0,0,-119.932,119.932,440,0,0,0,25,11,24.5,121.726,1.5
3950000484,98.1834,0,0,-98.1834,98.1834,484,0,0,0,25,8,-43,130.898,1.5
3950000496,107.982,0,0,-107.982,107.982,496,0,0,0,25,15,48.8811,132.881,1.5
3950000496,108.105,0,0,-108.105,108.105,496,0,0,0,25,18,63.0083,126.508,1.5
3950000500,98.6326,0,0,-98.6326,98.6326,500,0,0,0,25,12,-31,138.882,1.5
3950000503,99.7405,0,0,-99.7405,99.7405,503,0,0,0,25,14,-52.8258,133.326,1.5
3950000517,112.494,0,0,-112.494,112.494,517,0,0,0,25,10,-2,136.577,1.5
3950929052,98.1834,0,0,-98.1834,98.1834,484,8,-43,130.898,1.5,0,0,0,25
3951429005,105.367,0,0,-105.367,105.367,437,17,54,111.176,1.5,0,0,0,25
3952429071,99.7405,0,0,-99.7405,99.7405,503,14,-52.8258,133.326,1.5,0,0,0,25
3952928820,90.4906,0,0,-90.4906,90.4906,252,16,17.4894,64.4894,1.5,0,0,0,25
3954428947,111.3,0,0,-111.3,111.3,379,2,-10.1085,99.5,1.5,0,0,0,25
3954428984,99.1024,0,0,-99.1024,99.1024,416,3,-42.0989,112.5,1.5,0,0,0,25
3954928911,104.862,0,0,-104.862,104.862,343,20,23.3279,92.3279,1.5,0,0,0,25
3959429064,107.982,0,0,-107.982,107.982,496,15,48.8811,132.881,1.5,0,0,0,25
3959929008,119.932,0,0,-119.932,119.932,440,11,24.5,121.726,1.5,0,0,0,25
3961429085,112.494,0,0,-112.494,112.494,517,10,-2,136.577,1.5,0,0,0,25
3965428930,96.9388,0,0,-96.9388,96.9388,362,5,-42,91.3806,1.5,0,0,0,25
3965929068,98.6326,0,0,-98.6326,98.6326,500,12,-31,138.882,1.5,0,0,0,25
3971429064,108.105,0,0,-108.105,108.105,496,18,63.0083,126.508,1.5,0,0,0,25
3975428772,88.8845,0,0,-88.8845,88.8845,204,4,-28.6281,55.1281,1.5,0,0,0,25
3982928756,103.734,0,0,-103.734,103.734,188,6,3.5,45.2696,1.5,0,0,0,25
3985928805,108.293,0,0,-108.293,108.293,237,9,7.34467,61.8447,1.5,0,0,0,25
3986428899,98.354,0,0,-98.354,98.354,331,13,35.9861,83.4861,1.5,0,0,0,25
3988928784,87.594,0,0,-87.594,87.594,216,19,22.5,52.9707,1.5,0,0,0,25
3989428807,97.2388,0,0,-97.2388,97.2388,239,1,-21.0351,61.4649,1.5,0,0,0,25
3989928777,90.9839,0,0,-90.9839,90.9839,209,7,18.5774,51.9226,1.5,0,0,0,25
4000000188,103.734,0,0,-103.734,103.734,188,0,0,0,25,6,3.5,45.1196,1.5
4000000204,88.8845,0,0,-88.8845,88.8845,204,0,0,0,25,4,-28.7341,55.2341,1.5
4000000209,90.9839,0,0,-90.9839,90.9839,209,0,0,0,25,7,18.6834,51.8166,1.5
4000000216,87.594,0,0,-87.594,87.594,216,0,0,0,25,19,22.5,52.8207,1.5
4000000237,108.293,0,0,-108.293,108.293,237,0,0,0,25,9,7.2386,61.7386,1.5
4000000239,97.2388,0,0,-97.2388,97.2388,239,0,0,0,25,1,-21.1412,61.3588,1.5
4000000252,90.4906,0,0,-90.4906,90.4906,252,0,0,0,25,16,17.3833,64.3833,1.5
4000000331,98.354,0,0,-98.354,98.354,331,0,0,0,25,13,35.8801,83.3801,1.5
4000000343,104.862,0,0,-104.862,104.862,343,0,0,0,25,20,23.2218,92.2218,1.5
4000000362,96.9388,0,0,-96.9388,96.9388,362,0,0,0,25,5,-42,91.2306,1.5
4000000379,111.3,0,0,-111.3,111.3,379,0,0,0,25,2,-10.2585,99.5,1.5
4000000416,99.1024,0,0,-99.1024,99.1024,416,0,0,0,25,3,-41.9489,112.5,1.5
4000000437,105.367,0,0,-105.367,105.367,437,0,0,0,25,17,54,111.026,1.5
4000000440,119.932,0,0,-119.932,119.932,440,0,0,0,25,11,24.5,121.576,1.5
4000000484,98.1834,0,0,-98.1834,98.1834,484,0,0,0,25,8,-43,130.748,1.5
4000000496,107.982,0,0,-107.982,107.982,496,0,0,0,25,15,48.775,132.775,1.5
4000000496,108.105,0,0,-108.105,108.105,496,0,0,0,25,18,62.9023,126.402,1.5
4000000500,98.6326,0,0,-98.6326,98.6326,500,0,0,0,25,12,-31,138.732,1.5
4000000503,99.7405,0,0,-99.7405,99.7405,503,0,0,0,25,14,-52.7198,133.22,1.5
4000000517,112.494,0,0,-112.494,112.494,517,0,0,0,25,10,-2,136.427,1.5
4000929052,98.1834,0,0,-98.1834,98.1834,484,8,-43,130.748,1.5,0,0,0,25
4001429005,105.367,0,0,-105.367,105.367,437,17,54,111.026,1.5,0,0,0,25
4002429071,99.7405,0,0,-99.7405,99.7405,503,14,-52.7198,133.22,1.5,0,0,0,25
4002928820,90.4906,0,0,-90.4906,90.4906,252,16,17.3833,64.3833,1.5,0,0,0,25
4004428947,111.3,0,0,-111.3,111.3,379,2,-10.2585,99.5,1.5,0,0,0,25
4004428984,99.1024,0,0,-99.1024,99.1024,416,3,-41.9489,112.5,1.5,0,0,0,25
4004928911,104.862,0,0,-104.862,104.862,343,20,23.2218,92.2218,1.5,0,0,0,25
4009429064,107.982,0,0,-107.982,107.982,496,15,48.775,132.775,1.5,0,0,0,25
4009929008,119.932,0,0,-119.932,119.932,440,11,24.5,121.576,1.5,0,0,0,25
4011429085,112.494,0,0,-112.494,112.494,517,10,-2,136.427,1.5,0,0,0,25
4015428930,96.9388,0,0,-96.9388,96.9388,362,5,-42,91.2306,1.5,0,0,0,25
4015929068,98.6326,0,0,-98.6326,98.6326,500,12,-31,138.732,1.5,0,0,0,25
4021429064,108.105,0,0,-108.105,108.105,496,18,62.9023,126.402,1.5,0,0,0,25
4025428772,88.8845,0,0,-88.8845,88.8845,204,4,-28.7341,55.2341,1.5,0,0,0,25
4032928756,103.734,0,0,-103.734,103.734,188,6,3.5,45.1196,1.5,0,0,0,25
4035928805,108.293,0,0,-108.293,108.293,237,9,7.2386,61.7386,1.5,0,0,0,25
4036428899,98.354,0,0,-98.354,98.354,331,13,35.8801,83.3801,1.5,0,0,0,25
4038928784,87.594,0,0,-87.594,87.594,216,19,22.5,52.8207,1.5,0,0,0,25
4039428807,97.2388,0,0,-97.2388,97.2388,239,1,-21.1412,61.3588,1.5,0,0,0,25
4039928777,90.9839,0,0,-90.9839,90.9839,209,7,18.6834,51.8166,1.5,0,0,0,25
4050000188,103.734,0,0,-103.734,103.734,188,0,0,0,25,6,3.5,45.1196,1.5
4050000204,88.8845,0,0,-88.8845,88.8845,204,0,0,0,25,4,-28.7341,55.2341,1.5
4050000209,90.9839,0,0,-90.9839,90.9839,209,0,0,0,25,7,18.6834,51.8166,1.5
4050000216,87.594,0,0,-87.594,87.594,216,0,0,0,25,19,22.5,52.8207,1.5
4050000237,108.293,0,0,-108.293,108.293,237,0,0,0,25,9,7.2386,61.7386,1.5
4050000239,97.2388,0,0,-97.2388,97.2388,239,0,0,0,25,1,-21.1412,61.3588,1.5
4050000252,90.4906,0,0,-90.4906,90.4906,252,0,0,0,25,16,17.3833,64.3833,1.5
4050000331,98.354,0,0,-98.354,98.354,331,0,0,0,25,13,35.8801,83.3801,1.5
4050000343,104.862,0,0,-104.862,104.862,343,0,0,0,25,20,23.2218,92.2218,1.5
4050000362,96.9388,0,0,-96.9388,96.9388,362,0,0,0,25,5,-42,91.2306,1.5
4050000379,111.3,0,0,-111.3,111.3,379,0,0,0,25,2,-10.2585,99.5,1.5
4050000416,99.1024,0,0,-99.1024,99.1024,416,0,0,0,25,3,-41.9489,112.5,1.5
4050000437,105.367,0,0,-105.367,105.367,437,0,0,0,25,17,54,111.026,1.5
4050000440,119.932,0,0,-119.932,119.932,440,0,0,0,25,11,24.5,121.576,1.5
4050000484,98.1834,0,0,-98.1834,98.1834,484,0,0,0,25,8,-43,130.748,1.5
4050000496,107.982,0,0,-107.982,107.982,496,0,0,0,25,15,48.775,132.775,1.5
4050000496,108.105,0,0,-108.105,108.105,496,0,0,0,25,18,62.9023,126.402,1.5
4050000500,98.6326,0,0,-98.6326,98.6326,500,0,0,0,25,12,-31,138.732,1.5
4050000503,99.7405,0,0,-99.7405,99.7405,503,0,0,0,25,14,-52.7198,133.22,1.5
4050000517,112.494,0,0,-112.494,112.494,517,0,0,0,25,10,-2,136.427,1.5
4050929052,98.1834,0,0,-98.1834,98.1834,484,8,-43,130.748,1.5,0,0,0,25
4051429005,105.367,0,0,-105.367,105.367,437,17,54,111.026,1.5,0,0,0,25
4052429071,99.7405,0,0,-99.7405,99.7405,503,14,-52.7198,133.22,1.5,0,0,0,25
4052928820,90.4906,0,0,-90.4906,90.4906,252,16,17.3833,64.3833,1.5,0,0,0,25
4054428947,111.3,0,0,-111.3,111.3,379,2,-10.2585,99.5,1.5,0,0,0,25
4054428984,99.1024,0,0,-99.1024,99.1024,416,3,-41.9489,112.5,1.5,0,0,0,25
4054928911,104.862,0,0,-104.862,104.862,343,20,23.2218,92.2218,1.5,0,0,0,25
4059429064,107.982,0,0,-107.982,107.982,496,15,48.775,132.775,1.5,0,0,0,25
4060929008,119.932,0,0,-119.932,119.932,440,11,24.5,121.576,1.5,0,0,0,25
4061429085,112.494,0,0,-112.494,112.494,517,10,-2,136.427,1.5,0,0,0,25
4065428930,96.9388,0,0,-96.9388,96.9388,362,5,-42,91.2306,1.5,0,0,0,25
4065929068,98.6326,0,0,-98.6326,98.6326,500,12,-31,138.732,1.5,0,0,0,25
4071429064,108.105,0,0,-108.105,108.105,496,18,62.9023,126.402,1.5,0,0,0,25
4075428772,88.8845,0,0,-88.8845,88.8845,204,4,-28.7341,55.2341,1.5,0,0,0,25
4082928756,103.734,0,0,-103.734,103.734,188,6,3.5,45.1196,1.5,0,0,0,25
4085928805,108.293,0,0,-108.293,108.293,237,9,7.2386,61.7386,1.5,0,0,0,25
4086428899,98.354,0,0,-98.354,98.354,331,13,35.8801,83.3801,1.5,0,0,0,25
4088928784,87.594,0,0,-87.594,87.594,216,19,22.5,52.8207,1.5,0,0,0,25
4089428807,97.2388,0,0,-97.2388,97.2388,239,1,-21.1412,61.3588,1.5,0,0,0,25
4089928777,90.9839,0,0,-90.9839,90.9839,209,7,18.6834,51.8166,1.5,0,0,0,25
4100000188,103.734,0,0,-103.734,103.734,188,0,0,0,25,6,3.5,44.9696,1.5
4100000204,88.8845,0,0,-88.8845,88.8845,204,0,0,0,25,4,-28.8402,55.3402,1.5
4100000209,90.9839,0,0,-90.9839,90.9839,209,0,0,0,25,7,18.7895,51.7105,1.5
4100000216,87.594,0,0,-87.594,87.594,216,0,0,0,25,19,22.5,52.6707,1.5
4100000237,108.293,0,0,-108.293,108.293,237,0,0,0,25,9,7.13254,61.6325,1.5
4100000239,97.2388,0,0,-97.2388,97.2388,239,0,0,0,25,1,-21.2473,61.2527,1.5
4100000252,90.4906,0,0,-90.4906,90.4906,252,0,0,0,25,16,17.2773,64.2773,1.5
4100000331,98.354,0,0,-98.354,98.354,331,0,0,0,25,13,35.774,83.274,1.5
4100000343,104.862,0,0,-104.862,104.862,343,0,0,0,25,20,23.1158,92.1158,1.5
4100000362,96.9388,0,0,-96.9388,96.9388,362,0,0,0,25,5,-42,91.0806,1.5
4100000379,111.3,0,0,-111.3,111.3,379,0,0,0,25,2,-10.4085,99.5,1.5
4100000416,99.1024,0,0,-99.1024,99.1024,416,0,0,0,25,3,-41.7989,112.5,1.5
4100000437,105.367,0,0,-105.367,105.367,437,0,0,0,25,17,54,110.876,1.5
4100000440,119.932,0,0,-119.932,119.932,440,0,0,0,25,11,24.5,121.426,1.5
4100000484,98.1834,0,0,-98.1834,98.1834,484,0,0,0,25,8,-43,130.598,1.5
4100000496,107.982,0,0,-107.982,107.982,496,0,0,0,25,15,48.669,132.669,1.5
4100000496,108.105,0,0,-108.105,108.105,496,0,0,0,25,18,62.7962,126.296,1.5
4100000500,98.6326,0,0,-98.6326,98.6326,500,0,0,0,25,12,-31,138.582,1.5
4100000503,99.7405,0,0,-99.7405,99.7405,503,0,0,0,25,14,-52.6137,133.114,1.5
4100000517,112.494,0,0,-112.494,112.494,517,0,0,0,25,10,-2,136.277,1.5
4100929052,98.1834,0,0,-98.1834,98.1834,484,8,-43,130.598,1.5,0,0,0,25
4101429005,105.367,0,0,-105.367,105.367,437,17,54,110.876,1.5,0,0,0,25
4102429071,99.7405,0,0,-99.7405,99.7405,503,14,-52.6137,133.114,1.5,0,0,0,25
4102928820,90.4906,0,0,-90.4906,90.4906,252,16,17.2773,64.2773,1.5,0,0,0,25
4104428947,111.3,0,0,-111.3,111.3,379,2,-10.4085,99.5,1.5,0,0,0,25
4104428984,99.1024,0,0,-99.1024,99.1024,416,3,-41.7989,112.5,1.5,0,0,0,25
4104928911,104.862,0,0,-104.862,104.862,343,20,23.1158,92.1158,1.5,0,0,0,25
4109429064,107.982,0,0,-107.982,107.982,496,15,48.669,132.669,1.5,0,0,0,25
4111429008,119.932,0,0,-119.932,119.932,440,11,24.5,121.426,1.5,0,0,0,25
4111429085,112.494,0,0,-112.494,112.494,517,10,-2,136.277,1.5,0,0,0,25
4115428930,96.9388,0,0,-96.9388,96.9388,362,5,-42,91.0806,1.5,0,0,0,25
4115929068,98.6326,0,0,-98.6326,98.6326,500,12,-31,138.582,1.5,0,0,0,25
4121429064,108.105,0,0,-108.105,108.105,496,18,62.7962,126.296,1.5,0,0,0,25
4125428772,88.8845,0,0,-88.8845,88.8845,204,4,-28.8402,55.3402,1.5,0,0,0,25
4132928756,103.734,0,0,-103.734,103.734,188,6,3.5,44.9696,1.5,0,0,0,25
4135928805,108.293,0,0,-108.293,108.293,237,9,7.13254,61.6325,1.5,0,0,0,25
4137428899,98.354,0,0,-98.354,98.354,331,13,35.774,83.274,1.5,0,0,0,25
4138928784,87.594,0,0,-87.594,87.594,216,19,22.5,52.6707,1.5,0,0,0,25
4139428807,97.2388,0,0,-97.2388,97.2388,239,1,-21.2473,61.2527,1.5,0,0,0,25
4139928777,90.9839,0,0,-90.9839,90.9839,209,7,18.7895,51.7105,1.5,0,0,0,25
4150000188,103.734,0,0,-103.734,103.734,188,0,0,0,25,6,3.5,44.9696,1.5
4150000204,88.8845,0,0,-88.8845,88.8845,204,0,0,0,25,4,-28.8402,55.3402,1.5
4150000209,90.9839,0,0,-90.9839,90.9839,209,0,0,0,25,7,18.7895,51.7105,1.5
4150000216,87.594,0,0,-87.594,87.594,216,0,0,0,25,19,22.5,52.6707,1.5
4150000237,108.293,0,0,-108.293,108.293,237,0,0,0,25,9,7.13254,61.6325,1.5
4150000239,97.2388,0,0,-97.2388,97.2388,239,0,0,0,25,1,-21.2473,61.2527,1.5
4150000252,90.4906,0,0,-90.4906,90.4906,252,0,0,0,25,16,17.2773,64.2773,1.5
4150000331,98.354,0,0,-98.354,98.354,331,0,0,0,25,13,35.774,83.274,1.5
4150000343,104.862,0,0,-104.862,104.862,343,0,0,0,25,20,23.1158,92.1158,1.5
4150000362,96.9388,0,0,-96.9388,96.9388,362,0,0,0,25,5,-42,91.0806,1.5
4150000379,111.3,0,0,-111.3,111.3,379,0,0,0,25,2,-10.4085,99.5,1.5
4150000416,99.1024,0,0,-99.1024,99.1024,416,0,0,0,25,3,-41.7989,112.5,1.5
4150000437,105.367,0,0,-105.367,105.367,437,0,0,0,25,17,54,110.876,1.5
4150000440,119.932,0,0,-119.932,119.932,440,0,0,0,25,11,24.5,121.426,1.5
4150000484,98.1834,0,0,-98.1834,98.1834,484,0,0,0,25,8,-43,130.598,1.5
4150000496,107.982,0,0,-107.982,107.982,496,0,0,0,25,15,48.669,132.669,1.5
4150000496,108.105,0,0,-108.105,108.105,496,0,0,0,25,18,62.7962,126.296,1.5
4150000500,98.6326,0,0,-98.6326,98.6326,500,0,0,0,25,12,-31,138.582,1.5
4150000503,99.7405,0,0,-99.7405,99.7405,503,0,0,0,25,14,-52.6137,133.114,1.5
4150000517,112.494,0,0,-112.494,112.494,517,0,0,0,25,10,-2,136.277,1.5
4150929052,98.1834,0,0,-98.1834,98.1834,484,8,-43,130.598,1.5,0,0,0,25
4151429005,105.367,0,0,-105.367,105.367,437,17,54,110.876,1.5,0,0,0,25
4152928820,90.4906,0,0,-90.4906,90.4906,252,16,17.2773,64.2773,1.5,0,0,0,25
4153429071,99.7405,0,0,-99.7405,99.7405,503,14,-52.6137,133.114,1.5,0,0,0,25
4154428947,111.3,0,0,-111.3,111.3,379,2,-10.4085,99.5,1.5,0,0,0,25
4154428984,99.1024,0,0,-99.1024,99.1024,416,3,-41.7989,112.5,1.5,0,0,0,25
4154928911,104.862,0,0,-104.862,104.862,343,20,23.1158,92.1158,1.5,0,0,0,25
4159429064,107.982,0,0,-107.982,107.982,496,15,48.669,132.669,1.5,0,0,0,25
4161429008,119.932,0,0,-119.932,119.932,440,11,24.5,121.426,1.5,0,0,0,25
4161429085,112.494,0,0,-112.494,112.494,517,10,-2,136.277,1.5,0,0,0,25
4165428930,96.9388,0,0,-96.9388,96.9388,362,5,-42,91.0806,1.5,0,0,0,25
4165929068,98.6326,0,0,-98.6326,98.6326,500,12,-31,138.582,1.5,0,0,0,25
4171429064,108.105,0,0,-108.105,108.105,496,18,62.7962,126.296,1.5,0,0,0,25
4175428772,88.8845,0,0,-88.8845,88.8845,204,4,-28.8402,55.3402,1.5,0,0,0,25
4182928756,103.734,0,0,-103.734,103.734,188,6,3.5,44.9696,1.5,0,0,0,25
4185928805,108.293,0,0,-108.293,108.293,237,9,7.13254,61.6325,1.5,0,0,0,25
4187428899,98.354,0,0,-98.354,98.354,331,13,35.774,83.274,1.5,0,0,0,25
4188928784,87.594,0,0,-87.594,87.594,216,19,22.5,52.6707,1.5,0,0,0,25
4189428807,97.2388,0,0,-97.2388,97.2388,239,1,-21.2473,61.2527,1.5,0,0,0,25
4189928777,90.9839,0,0,-90.9839,90.9839,209,7,18.7895,51.7105,1.5,0,0,0,25
4200000188,103.734,0,0,-103.734,103.734,188,0,0,0,25,6,3.5,44.8196,1.5
4200000204,88.8845,0,0,-88.8845,88.8845,204,0,0,0,25,4,-28.9463,55.4463,1.5
4200000209,90.9839,0,0,-90.9839,90.9839,209,0,0,0,25,7,18.8956,51.6044,1.5
4200000216,87.594,0,0,-87.594,87.594,216,0,0,0,25,19,22.5,52.5207,1.5
4200000237,108.293,0,0,-108.293,108.293,237,0,0,0,25,9,7.02647,61.5265,1.5
4200000239,97.2388,0,0,-97.2388,97.2388,239,0,0,0,25,1,-21.3533,61.1467,1.5
4200000252,90.4906,0,0,-90.4906,90.4906,252,0,0,0,25,16,17.1712,64.1712,1.5
4200000331,98.354,0,0,-98.354,98.354,331,0,0,0,25,13,35.6679,83.1679,1.5
4200000343,104.862,0,0,-104.862,104.862,343,0,0,0,25,20,23.0097,92.0097,1.5
4200000362,96.9388,0,0,-96.9388,96.9388,362,0,0,0,25,5,-42,90.9306,1.5
4200000379,111.3,0,0,-111.3,111.3,379,0,0,0,25,2,-10.5585,99.5,1.5
4200000416,99.1024,0,0,-99.1024,99.1024,416,0,0,0,25,3,-41.6489,112.5,1.5
4200000437,105.367,0,0,-105.367,105.367,437,0,0,0,25,17,54,110.726,1.5
4200000440,119.932,0,0,-119.932,119.932,440,0,0,0,25,11,24.5,121.276,1.5
4200000484,98.1834,0,0,-98.1834,98.1834,484,0,0,0,25,8,-43,130.448,1.5
4200000496,107.982,0,0,-107.982,107.982,496,0,0,0,25,15,48.5629,132.563,1.5
4200000496,108.105,0,0,-108.105,108.105,496,0,0,0,25,18,62.6901,126.19,1.5
4200000500,98.6326,0,0,-98.6326,98.6326,500,0,0,0,25,12,-31,138.432,1.5
4200000503,99.7405,0,0,-99.7405,99.7405,503,0,0,0,25,14,-52.5076,133.008,1.5
4200000517,112.494,0,0,-112.494,112.494,517,0,0,0,25,10,-2,136.127,1.5
4200929052,98.1834,0,0,-98.1834,98.1834,484,8,-43,130.448,1.5,0,0,0,25
4201429005,105.367,0,0,-105.367,105.367,437,17,54,110.726,1.5,0,0,0,25
4202928820,90.4906,0,0,-90.4906,90.4906,252,16,17.1712,64.1712,1.5,0,0,0,25
4203429071,99.7405,0,0,-99.7405,99.7405,503,14,-52.5076,133.008,1.5,0,0,0,25
4204428947,111.3,0,0,-111.3,111.3,379,2,-10.5585,99.5,1.5,0,0,0,25
4204428984,99.1024,0,0,-99.1024,99.1024,416,3,-41.6489,112.5,1.5,0,0,0,25
4204928911,104.862,0,0,-104.862,104.862,343,20,23.0097,92.0097,1.5,0,0,0,25
4209429064,107.982,0,0,-107.982,107.982,496,15,48.5629,132.563,1.5,0,0,0,25
4211929085,112.494,0,0,-112.494,112.494,517,10,-2,136.127,1.5,0,0,0,25
4212429008,119.932,0,0,-119.932,119.932,440,11,24.5,121.276,1.5,0,0,0,25
4215428930,96.9388,0,0,-96.9388,96.9388,362,5,-42,90.9306,1.5,0,0,0,25
4215929068,98.6326,0,0,-98.6326,98.6326,500,12,-31,138.432,1.5,0,0,0,25
4221429064,108.105,0,0,-108.105,108.105,496,18,62.6901,126.19,1.5,0,0,0,25
4225428772,88.8845,0,0,-88.8845,88.8845,204,4,-28.9463,55.4463,1.5,0,0,0,25
4232928756,103.734,0,0,-103.734,103.734,188,6,3.5,44.8196,1.5,0,0,0,25
4235928805,108.293,0,0,-108.293,108.293,237,9,7.02647,61.5265,1.5,0,0,0,25
4237428899,98.354,0,0,-98.354,98.354,331,13,35.6679,83.1679,1.5,0,0,0,25
4238928784,87.594,0,0,-87.594,87.594,216,19,22.5,52.5207,1.5,0,0,0,25
4239428807,97.2388,0,0,-97.2388,97.2388,239,1,-21.3533,61.1467,1.5,0,0,0,25
4239928777,90.9839,0,0,-90.9839,90.9839,209,7,18.8956,51.6044,1.5,0,0,0,25
4250000188,103.734,0,0,-103.734,103.734,188,0,0,0,25,6,3.5,44.8196,1.5
4250000204,88.8845,0,0,-88.8845,88.8845,204,0,0,0,25,4,-28.9463,55.4463,1.5
4250000209,90.9839,0,0,-90.9839,90.9839,209,0,0,0,25,7,18.8956,51.6044,1.5
4250000216,87.594,0,0,-87.594,87.594,216,0,0,0,25,19,22.5,52.5207,1.5
4250000237,108.293,0,0,-108.293,108.293,237,0,0,0,25,9,7.02647,61.5265,1.5
4250000239,97.2388,0,0,-97.2388,97.2388,239,0,0,0,25,1,-21.3533,61.1467,1.5
4250000252,90.4906,0,0,-90.4906,90.4906,252,0,0,0,25,16,17.1712,64.1712,1.5
4250000331,98.354,0,0,-98.354,98.354,331,0,0,0,25,13,35.6679,83.1679,1.5
4250000343,104.862,0,0,-104.862,104.862,343,0,0,0,25,20,23.0097,92.0097,1.5
4250000362,96.9388,0,0,-96.9388,96.9388,362,0,0,0,25,5,-42,90.9306,1.5
4250000379,111.3,0,0,-111.3,111.3,379,0,0,0,25,2,-10.5585,99.5,1.5
4250000416,99.1024,0,0,-99.1024,99.1024,416,0,0,0,25,3,-41.6489,112.5,1.5
4250000437,105.367,0,0,-105.367,105.367,437,0,0,0,25,17,54,110.726,1.5
4250000440,119.932,0,0,-119.932,119.932,440,0,0,0,25,11,24.5,121.276,1.5
4250000484,98.1834,0,0,-98.1834,98.1834,484,0,0,0,25,8,-43,130.448,1.5
4250000496,107.982,0,0,-107.982,107.982,496,0,0,0,25,15,48.5629,132.563,1.5
4250000496,108.105,0,0,-108.105,108.105,496,0,0,0,25,18,62.6901,126.19,1.5
4250000500,98.6326,0,0,-98.6326,98.6326,500,0,0,0,25,12,-31,138.432,1.5
4250000503,99.7405,0,0,-99.7405,99.7405,503,0,0,0,25,14,-52.5076,133.008,1.5
4250000517,112.494,0,0,-112.494,112.494,517,0,0,0,25,10,-2,136.127,1.5
4250929052,98.1834,0,0,-98.1834,98.1834,484,8,-43,130.448,1.5,0,0,0,25
4251429005,105.367,0,0,-105.367,105.367,437,17,54,110.726,1.5,0,0,0,25
4252928820,90.4906,0,0,-90.4906,90.4906,252,16,17.1712,64.1712,1.5,0,0,0,25
4253429071,99.7405,0,0,-99.7405,99.7405,503,14,-52.5076,133.008,1.5,0,0,0,25
4254428947,111.3,0,0,-111.3,111.3,379,2,-10.5585,99.5,1.5,0,0,0,25
4254428984,99.1024,0,0,-99.1024,99.1024,416,3,-41.6489,112.5,1.5,0,0,0,25
4254928911,104.862,0,0,-104.862,104.862,343,20,23.0097,92.0097,1.5,0,0,0,25
4259429064,107.982,0,0,-107.982,107.982,496,15,48.5629,132.563,1.5,0,0,0,25
4261929085,112.494,0,0,-112.494,112.494,517,10,-2,136.127,1.5,0,0,0,25
4263429008,119.932,0,0,-119.932,119.932,440,11,24.5,121.276,1.5,0,0,0,25
4265428930,96.9388,0,0,-96.9388,96.9388,362,5,-42,90.9306,1.5,0,0,0,25
4265929068,98.6326,0,0,-98.6326,98.6326,500,12,-31,138.432,1.5,0,0,0,25
4271429064,108.105,0,0,-108.105,108.105,496,18,62.6901,126.19,1.5,0,0,0,25
4275428772,88.8845,0,0,-88.8845,88.8845,204,4,-28.9463,55.4463,1.5,0,0,0,25
4282928756,103.734,0,0,-103.734,103.734,188,6,3.5,44.8196,1.5,0,0,0,25
4285928805,108.293,0,0,-108.293,108.293,237,9,7.02647,61.5265,1.5,0,0,0,25
4287428899,98.354,0,0,-98.354,98.354,331,13,35.6679,83.1679,1.5,0,0,0,25
4288928784,87.594,0,0,-87.594,87.594,216,19,22.5,52.5207,1.5,0,0,0,25
4289428807,97.2388,0,0,-97.2388,97.2388,239,1,-21.3533,61.1467,1.5,0,0,0,25
4289928777,90.9839,0,0,-90.9839,90.9839,209,7,18.8956,51.6044,1.5,0,0,0,25
4300000188,103.734,0,0,-103.734,103.734,188,0,0,0,25,6,3.5,44.6696,1.5
4300000204,88.8845,0,0,-88.8845,88.8845,204,0,0,0,25,4,-29.0523,55.5523,1.5
4300000209,90.9839,0,0,-90.9839,90.9839,209,0,0,0,25,7,19.0016,51.4984,1.5
4300000216,87.594,0,0,-87.594,87.594,216,0,0,0,25,19,22.5,52.3707,1.5
4300000237,108.293,0,0,-108.293,108.293,237,0,0,0,25,9,6.9204,61.4204,1.5
4300000239,97.2388,0,0,-97.2388,97.2388,239,0,0,0,25,1,-21.4594,61.0406,1.5
4300000252,90.4906,0,0,-90.4906,90.4906,252,0,0,0,25,16,17.0651,64.0651,1.5
4300000331,98.354,0,0,-98.354,98.354,331,0,0,0,25,13,35.5619,83.0619,1.5
4300000343,104.862,0,0,-104.862,104.862,343,0,0,0,25,20,22.9037,91.9037,1.5
4300000362,96.9388,0,0,-96.9388,96.9388,362,0,0,0,25,5,-42,90.7806,1.5
4300000379,111.3,0,0,-111.3,111.3,379,0,0,0,25,2,-10.7085,99.5,1.5
4300000416,99.1024,0,0,-99.1024,99.1024,416,0,0,0,25,3,-41.4989,112.5,1.5
4300000437,105.367,0,0,-105.367,105.367,437,0,0,0,25,17,54,110.576,1.5
4300000440,119.932,0,0,-119.932,119.932,440,0,0,0,25,11,24.5,121.126,1.5
4300000484,98.1834,0,0,-98.1834,98.1834,484,0,0,0,25,8,-43,130.298,1.5
4300000496,107.982,0,0,-107.982,107.982,496,0,0,0,25,15,48.4568,132.457,1.5
4300000496,108.105,0,0,-108.105,108.105,496,0,0,0,25,18,62.5841,126.084,1.5
4300000500,98.6326,0,0,-98.6326,98.6326,500,0,0,0,25,12,-31,138.282,1.5
4300000503,99.7405,0,0,-99.7405,99.7405,503,0,0,0,25,14,-52.4016,132.902,1.5
4300000517,112.494,0,0,-112.494,112.494,517,0,0,0,25,10,-2,135.977,1.5
4300929052,98.1834,0,0,-98.1834,98.1834,484,8,-43,130.298,1.5,0,0,0,25
4301429005,105.367,0,0,-105.367,105.367,437,17,54,110.576,1.5,0,0,0,25
4302928820,90.4906,0,0,-90.4906,90.4906,252,16,17.0651,64.0651,1.5,0,0,0,25
4303429071,99.7405,0,0,-99.7405,99.7405,503,14,-52.4016,132.902,1.5,0,0,0,25
4304428947,111.3,0,0,-111.3,111.3,379,2,-10.7085,99.5,1.5,0,0,0,25
4304428984,99.1024,0,0,-99.1024,99.1024,416,3,-41.4989,112.5,1.5,0,0,0,25
4304928911,104.862,0,0,-104.862,104.862,343,20,22.9037,91.9037,1.5,0,0,0,25
4309429064,107.982,0,0,-107.982,107.982,496,15,48.4568,132.457,1.5,0,0,0,25
4311929085,112.494,0,0,-112.494,112.494,517,10,-2,135.977,1.5,0,0,0,25
4313929008,119.932,0,0,-119.932,119.932,440,11,24.5,121.126,1.5,0,0,0,25
4315428930,96.9388,0,0,-96.9388,96.9388,362,5,-42,90.7806,1.5,0,0,0,25
4315929068,98.6326,0,0,-98.6326,98.6326,500,12,-31,138.282,1.5,0,0,0,25
4321429064,108.105,0,0,-108.105,108.105,496,18,62.5841,126.084,1.5,0,0,0,25
4325428772,88.8845,0,0,-88.8845,88.8845,204,4,-29.0523,55.5523,1.5,0,0,0,25
4332928756,103.734,0,0,-103.734,103.734,188,6,3.5,44.6696,1.5,0,0,0,25
4335928805,108.293,0,0,-108.293,108.293,237,9,6.9204,61.4204,1.5,0,0,0,25
4337428899,98.354,0,0,-98.354,98.354,331,13,35.5619,83.0619,1.5,0,0,0,25
4338928784,87.594,0,0,-87.594,87.594,216,19,22.5,52.3707,1.5,0,0,0,25
4339428807,97.2388,0,0,-97.2388,97.2388,239,1,-21.4594,61.0406,1.5,0,0,0,25
4339928777,90.9839,0,0,-90.9839,90.9839,209,7,19.0016,51.4984,1.5,0,0,0,25
4350000188,103.734,0,0,-103.734,103.734,188,0,0,0,25,6,3.5,44.6696,1.5
4350000204,88.8845,0,0,-88.8845,88.8845,204,0,0,0,25,4,-29.0523,55.5523,1.5
4350000209,90.9839,0,0,-90.9839,90.9839,209,0,0,0,25,7,19.0016,51.4984,1.5
4350000216,87.594,0,0,-87.594,87.594,216,0,0,0,25,19,22.5,52.3707,1.5
4350000237,108.293,0,0,-108.293,108.293,237,0,0,0,25,9,6.9204,61.4204,1.5
4350000239,97.2388,0,0,-97.2388,97.2388,239,0,0,0,25,1,-21.4594,61.0406,1.5
4350000252,90.4906,0,0,-90.4906,90.4906,252,0,0,0,25,16,17.0651,64.0651,1.5
4350000331,98.354,0,0,-98.354,98.354,331,0,0,0,25,13,35.5619,83.0619,1.5
4350000343,104.862,0,0,-104.862,104.862,343,0,0,0,25,20,22.9037,91.9037,1.5
4350000362,96.9388,0,0,-96.9388,96.9388,362,0,0,0,25,5,-42,90.7806,1.5
4350000379,111.3,0,0,-111.3,111.3,379,0,0,0,25,2,-10.7085,99.5,1.5
4350000416,99.1024,0,0,-99.1024,99.1024,416,0,0,0,25,3,-41.4989,112.5,1.5
4350000437,105.367,0,0,-105.367,105.367,437,0,0,0,25,17,54,110.576,1.5
4350000440,119.932,0,0,-119.932,119.932,440,0,0,0,25,11,24.5,121.126,1.5
4350000484,98.1834,0,0,-98.1834,98.1834,484,0,0,0,25,8,-43,130.298,1.5
4350000496,107.982,0,0,-107.982,107.982,496,0,0,0,25,15,48.4568,132.457,1.5
4350000496,108.105,0,0,-108.105,108.105,496,0,0,0,25,18,62.5841,126.084,1.5
4350000500,98.6326,0,0,-98.6326,98.6326,500,0,0,0,25,12,-31,138.282,1.5
4350000503,99.7405,0,0,-99.7405,99.7405,503,0,0,0,25,14,-52.4016,132.902,1.5
4350000517,112.494,0,0,-112.494,112.494,517,0,0,0,25,10,-2,135.977,1.5
4350929052,98.1834,0,0,-98.1834,98.1834,484,8,-43,130.298,1.5,0,0,0,25
4351429005,105.367,0,0,-105.367,105.367,437,17,54,110.576,1.5,0,0,0,25
4352928820,90.4906,0,0,-90.4906,90.4906,252,16,17.0651,64.0651,1.5,0,0,0,25
4353429071,99.7405,0,0,-99.7405,99.7405,503,14,-52.4016,132.902,1.5,0,0,0,25
4354428947,111.3,0,0,-111.3,111.3,379,2,-10.7085,99.5,1.5,0,0,0,25
4354428984,99.1024,0,0,-99.1024,99.1024,416,3,-41.4989,112.5,1.5,0,0,0,25
4354928911,104.862,0,0,-104.862,104.862,343,20,22.9037,91.9037,1.5,0,0,0,25
4359929064,107.982,0,0,-107.982,107.982,496,15,48.4568,132.457,1.5,0,0,0,25
4361929085,112.494,0,0,-112.494,112.494,517,10,-2,135.977,1.5,0,0,0,25
4364429008,119.932,0,0,-119.932,119.932,440,11,24.5,121.126,1.5,0,0,0,25
4365428930,96.9388,0,0,-96.9388,96.9388,362,5,-42,90.7806,1.5,0,0,0,25
4365929068,98.6326,0,0,-98.6326,98.6326,500,12,-31,138.282,1.5,0,0,0,25
4371429064,108.105,0,0,-108.105,108.105,496,18,62.5841,126.084,1.5,0,0,0,25
4375428772,88.8845,0,0,-88.8845,88.8845,204,4,-29.0523,55.5523,1.5,0,0,0,25
4382928756,103.734,0,0,-103.734,103.734,188,6,3.5,44.6696,1.5,0,0,0,25
4385928805,108.293,0,0,-108.293,108.293,237,9,6.9204,61.4204,1.5,0,0,0,25
4387428899,98.354,0,0,-98.354,98.354,331,13,35.5619,83.0619,1.5,0,0,0,25
4388928784,87.594,0,0,-87.594,87.594,216,19,22.5,52.3707,1.5,0,0,0,25
4389428807,97.2388,0,0,-97.2388,97.2388,239,1,-21.4594,61.0406,1.5,0,0,0,25
4389928777,90.9839,0,0,-90.9839,90.9839,209,7,19.0016,51.4984,1.5,0,0,0,25
4400000188,103.734,0,0,-103.734,103.734,188,0,0,0,25,6,3.5,44.5196,1.5
4400000204,88.8845,0,0,-88.8845,88.8845,204,0,0,0,25,4,-29.1584,55.6584,1.5
4400000209,90.9839,0,0,-90.9839,90.9839,209,0,0,0,25,7,19.1077,51.3923,1.5
4400000216,87.594,0,0,-87.594,87.594,216,0,0,0,25,19,22.5,52.2207,1.5
4400000237,108.293,0,0,-108.293,108.293,237,0,0,0,25,9,6.81434,61.3143,1.5
4400000239,97.2388,0,0,-97.2388,97.2388,239,0,0,0,25,1,-21.5655,60.9345,1.5
4400000252,90.4906,0,0,-90.4906,90.4906,252,0,0,0,25,16,16.9591,63.9591,1.5
4400000331,98.354,0,0,-98.354,98.354,331,0,0,0,25,13,35.4558,82.9558,1.5
4400000343,104.862,0,0,-104.862,104.862,343,0,0,0,25,20,22.7976,91.7976,1.5
4400000362,96.9388,0,0,-96.9388,96.9388,362,0,0,0,25,5,-42,90.6306,1.5
4400000379,111.3,0,0,-111.3,111.3,379,0,0,0,25,2,-10.8585,99.5,1.5
4400000416,99.1024,0,0,-99.1024,99.1024,416,0,0,0,25,3,-41.3489,112.5,1.5
4400000437,105.367,0,0,-105.367,105.367,437,0,0,0,25,17,54,110.426,1.5
4400000440,119.932,0,0,-119.932,119.932,440,0,0,0,25,11,24.5,120.976,1.5
4400000484,98.1834,0,0,-98.1834,98.1834,484,0,0,0,25,8,-43,130.148,1.5
4400000496,107.982,0,0,-107.982,107.982,496,0,0,0,25,15,48.3508,132.351,1.5
4400000496,108.105,0,0,-108.105,108.105,496,0,0,0,25,18,62.478,125.978,1.5
4400000500,98.6326,0,0,-98.6326,98.6326,500,0,0,0,25,12,-31,138.132,1.5
4400000503,99.7405,0,0,-99.7405,99.7405,503,0,0,0,25,14,-52.2955,132.796,1.5
4400000517,112.494,0,0,-112.494,112.494,517,0,0,0,25,10,-2,135.827,1.5
4400929052,98.1834,0,0,-98.1834,98.1834,484,8,-43,130.148,1.5,0,0,0,25
4401929005,105.367,0,0,-105.367,105.367,437,17,54,110.426,1.5,0,0,0,25
4402928820,90.4906,0,0,-90.4906,90.4906,252,16,16.9591,63.9591,1.5,0,0,0,25
4403429071,99.7405,0,0,-99.7405,99.7405,503,14,-52.2955,132.796,1.5,0,0,0,25
4404428947,111.3,0,0,-111.3,111.3,379,2,-10.8585,99.5,1.5,0,0,0,25
4404428984,99.1024,0,0,-99.1024,99.1024,416,3,-41.3489,112.5,1.5,0,0,0,25
4404928911,104.862,0,0,-104.862,104.862,343,20,22.7976,91.7976,1.5,0,0,0,25
4409929064,107.982,0,0,-107.982,107.982,496,15,48.3508,132.351,1.5,0,0,0,25
4411929085,112.494,0,0,-112.494,112.494,517,10,-2,135.827,1.5,0,0,0,25
4414429008,119.932,0,0,-119.932,119.932,440,11,24.5,120.976,1.5,0,0,0,25
4415428930,96.9388,0,0,-96.9388,96.9388,362,5,-42,90.6306,1.5,0,0,0,25
4415929068,98.6326,0,0,-98.6326,98.6326,500,12,-31,138.132,1.5,0,0,0,25
4421429064,108.105,0,0,-108.105,108.105,496,18,62.478,125.978,1.5,0,0,0,25
4425428772,88.8845,0,0,-88.8845,88.8845,204,4,-29.1584,55.6584,1.5,0,0,0,25
4432928756,103.734,0,0,-103.734,103.734,188,6,3.5,44.5196,1.5,0,0,0,25
4435928805,108.293,0,0,-108.293,108.293,237,9,6.81434,61.3143,1.5,0,0,0,25
4437428899,98.354,0,0,-98.354,98.354,331,13,35.4558,82.9558,1.5,0,0,0,25
4438928784,87.594,0,0,-87.594,87.594,216,19,22.5,52.2207,1.5,0,0,0,25
4439428807,97.2388,0,0,-97.2388,97.2388,239,1,-21.5655,60.9345,1.5,0,0,0,25
4439928777,90.9839,0,0,-90.9839,90.9839,209,7,19.1077,51.3923,1.5,0,0,0,25
4450000188,103.734,0,0,-103.734,103.734,188,0,0,0,25,6,3.5,44.5196,1.5
4450000204,88.8845,0,0,-88.8845,88.8845,204,0,0,0,25,4,-29.1584,55.6584,1.5
4450000209,90.9839,0,0,-90.9839,90.9839,209,0,0,0,25,7,19.1077,51.3923,1.5
4450000216,87.594,0,0,-87.594,87.594,216,0,0,0,25,19,22.5,52.2207,1.5
4450000237,108.293,0,0,-108.293,108.293,237,0,0,0,25,9,6.81434,61.3143,1.5
4450000239,97.2388,0,0,-97.2388,97.2388,239,0,0,0,25,1,-21.5655,60.9345,1.5
4450000252,90.4906,0,0,-90.4906,90.4906,252,0,0,0,25,16,16.9591,63.9591,1.5
4450000331,98.354,0,0,-98.354,98.354,331,0,0,0,25,13,35.4558,82.9558,1.5
4450000343,104.862,0,0,-104.862,104.862,343,0,0,0,25,20,22.7976,91.7976,1.5
4450000362,96.9388,0,0,-96.9388,96.9388,362,0,0,0,25,5,-42,90.6306,1.5
4450000379,111.3,0,0,-111.3,111.3,379,0,0,0,25,2,-10.8585,99.5,1.5
4450000416,99.1024,0,0,-99.1024,99.1024,416,0,0,0,25,3,-41.3489,112.5,1.5
4450000437,105.367,0,0,-105.367,105.367,437,0,0,0,25,17,54,110.426,1.5
4450000440,119.932,0,0,-119.932,119.932,440,0,0,0,25,11,24.5,120.976,1.5
4450000484,98.1834,0,0,-98.1834,98.1834,484,0,0,0,25,8,-43,130.148,1.5
4450000496,107.982,0,0,-107.982,107.982,496,0,0,0,25,15,48.3508,132.351,1.5
4450000496,108.105,0,0,-108.105,108.105,496,0,0,0,25,18,62.478,125.978,1.5
4450000500,98.6326,0,0,-98.6326,98.6326,500,0,0,0,25,12,-31,138.132,1.5
4450000503,99.7405,0,0,-99.7405,99.7405,503,0,0,0,25,14,-52.2955,132.796,1.5
4450000517,112.494,0,0,-112.494,112.494,517,0,0,0,25,10,-2,135.827,1.5
4450929052,98.1834,0,0,-98.1834,98.1834,484,8,-43,130.148,1.5,0,0,0,25
4451929005,105.367,0,0,-105.367,105.367,437,17,54,110.426,1.5,0,0,0,25
4452928820,90.4906,0,0,-90.4906,90.4906,252,16,16.9591,63.9591,1.5,0,0,0,25
4453929071,99.7405,0,0,-99.7405,99.7405,503,14,-52.2955,132.796,1.5,0,0,0,25
4454428947,111.3,0,0,-111.3,111.3,379,2,-10.8585,99.5,1.5,0,0,0,25
4454428984,99.1024,0,0,-99.1024,99.1024,416,3,-41.3489,112.5,1.5,0,0,0,25
4454928911,104.862,0,0,-104.862,104.862,343,20,22.7976,91.7976,1.5,0,0,0,25
4459929064,107.982,0,0,-107.982,107.982,496,15,48.3508,132.351,1.5,0,0,0,25
4461929085,112.494,0,0,-112.494,112.494,517,10,-2,135.827,1.5,0,0,0,25
4465428930,96.9388,0,0,-96.9388,96.9388,362,5,-42,90.6306,1.5,0,0,0,25
4465929008,119.932,0,0,-119.932,119.932,440,11,24.5,120.976,1.5,0,0,0,25
4465929068,98.6326,0,0,-98.6326,98.6326,500,12,-31,138.132,1.5,0,0,0,25
4471429064,108.105,0,0,-108.105,108.105,496,18,62.478,125.978,1.5,0,0,0,25
4475428772,88.8845,0,0,-88.8845,88.8845,204,4,-29.1584,55.6584,1.5,0,0,0,25
4482928756,103.734,0,0,-103.734,103.734,188,6,3.5,44.5196,1.5,0,0,0,25
4485928805,108.293,0,0,-108.293,108.293,237,9,6.81434,61.3143,1.5,0,0,0,25
4487428899,98.354,0,0,-98.354,98.354,331,13,35.4558,82.9558,1.5,0,0,0,25
4488928784,87.594,0,0,-87.594,87.594,216,19,22.5,52.2207,1.5,0,0,0,25
4489428807,97.2388,0,0,-97.2388,97.2388,239,1,-21.5655,60.9345,1.5,0,0,0,25
4489928777,90.9839,0,0,-90.9839,90.9839,209,7,19.1077,51.3923,1.5,0,0,0,25
4500000188,103.734,0,0,-103.734,103.734,188,0,0,0,25,6,3.5,44.3696,1.5
4500000204,88.8845,0,0,-88.8845,88.8845,204,0,0,0,25,4,-29.2645,55.7645,1.5
4500000209,90.9839,0,0,-90.9839,90.9839,209,0,0,0,25,7,19.2138,51.2862,1.5
4500000216,87.594,0,0,-87.594,87.594,216,0,0,0,25,19,22.5,52.0707,1.5
4500000237,108.293,0,0,-108.293,108.293,237,0,0,0,25,9,6.70827,61.2083,1.5
4500000239,97.2388,0,0,-97.2388,97.2388,239,0,0,0,25,1,-21.6715,60.8285,1.5
4500000252,90.4906,0,0,-90.4906,90.4906,252,0,0,0,25,16,16.853,63.853,1.5
4500000331,98.354,0,0,-98.354,98.354,331,0,0,0,25,13,35.3498,82.8498,1.5
4500000343,104.862,0,0,-104.862,104.862,343,0,0,0,25,20,22.6915,91.6915,1.5
4500000362,96.9388,0,0,-96.9388,96.9388,362,0,0,0,25,5,-42,90.4806,1.5
4500000379,111.3,0,0,-111.3,111.3,379,0,0,0,25,2,-11.0085,99.5,1.5
4500000416,99.1024,0,0,-99.1024,99.1024,416,0,0,0,25,3,-41.1989,112.5,1.5
4500000437,105.367,0,0,-105.367,105.367,437,0,0,0,25,17,54,110.276,1.5
4500000440,119.932,0,0,-119.932,119.932,440,0,0,0,25,11,24.5,120.826,1.5
4500000484,98.1834,0,0,-98.1834,98.1834,484,0,0,0,25,8,-43,129.998,1.5
4500000496,107.982,0,0,-107.982,107.982,496,0,0,0,25,15,48.2447,132.245,1.5
4500000496,108.105,0,0,-108.105,108.105,496,0,0,0,25,18,62.3719,125.872,1.5
4500000500,98.6326,0,0,-98.6326,98.6326,500,0,0,0,25,12,-31,137.982,1.5
4500000503,99.7405,0,0,-99.7405,99.7405,503,0,0,0,25,14,-52.1894,132.689,1.5
4500000517,112.494,0,0,-112.494,112.494,517,0,0,0,25,10,-2,135.677,1.5
4500929052,98.1834,0,0,-98.1834,98.1834,484,8,-43,129.998,1.5,0,0,0,25
4501929005,105.367,0,0,-105.367,105.367,437,17,54,110.276,1.5,0,0,0,25
4502928820,90.4906,0,0,-90.4906,90.4906,252,16,16.853,63.853,1.5,0,0,0,25
4503929071,99.7405,0,0,-99.7405,99.7405,503,14,-52.1894,132.689,1.5,0,0,0,25
4504428947,111.3,0,0,-111.3,111.3,379,2,-11.0085,99.5,1.5,0,0,0,25
4504428984,99.1024,0,0,-99.1024,99.1024,416,3,-41.1989,112.5,1.5,0,0,0,25
4504928911,104.862,0,0,-104.862,104.862,343,20,22.6915,91.6915,1.5,0,0,0,25
4509929064,107.982,0,0,-107.982,107.982,496,15,48.2447,132.245,1.5,0,0,0,25
4511929085,112.494,0,0,-112.494,112.494,517,10,-2,135.677,1.5,0,0,0,25
4515929008,119.932,0,0,-119.932,119.932,440,11,24.5,120.826,1.5,0,0,0,25
4515929068,98.6326,0,0,-98.6326,98.6326,500,12,-31,137.982,1.5,0,0,0,25
4521429064,108.105,0,0,-108.105,108.105,496,18,62.3719,125.872,1.5,0,0,0,25
4525393216,96.9388,0,0,-96.9388,96.9388,362,5,-42,90.4806,1.5,0,0,0,25
4531893058,88.8845,0,0,-88.8845,88.8845,204,4,-29.2645,55.7645,1.5,0,0,0,25
4532928756,103.734,0,0,-103.734,103.734,188,6,3.5,44.3696,1.5,0,0,0,25
4535928805,108.293,0,0,-108.293,108.293,237,9,6.70827,61.2083,1.5,0,0,0,25
4538928784,87.594,0,0,-87.594,87.594,216,19,22.5,52.0707,1.5,0,0,0,25
4550000188,103.734,0,0,-103.734,103.734,188,0,0,0,25,6,3.5,44.3696,1.5
4550000204,88.8845,0,0,-88.8845,88.8845,204,0,0,0,25,4,-29.2645,55.7645,1.5
4550000209,90.9839,0,0,-90.9839,90.9839,209,0,0,0,25,7,19.2138,51.2862,1.5
4550000216,87.594,0,0,-87.594,87.594,216,0,0,0,25,19,22.5,52.0707,1.5
4550000237,108.293,0,0,-108.293,108.293,237,0,0,0,25,9,6.70827,61.2083,1.5
4550000239,97.2388,0,0,-97.2388,97.2388,239,0,0,0,25,1,-21.6715,60.8285,1.5
4550000252,90.4906,0,0,-90.4906,90.4906,252,0,0,0,25,16,16.853,63.853,1.5
4550000331,98.354,0,0,-98.354,98.354,331,0,0,0,25,13,35.3498,82.8498,1.5
4550000343,104.862,0,0,-104.862,104.862,343,0,0,0,25,20,22.6915,91.6915,1.5
4550000362,96.9388,0,0,-96.9388,96.9388,362,0,0,0,25,5,-42,90.4806,1.5
4550000379,111.3,0,0,-111.3,111.3,379,0,0,0,25,2,-11.0085,99.5,1.5
4550000416,99.1024,0,0,-99.1024,99.1024,416,0,0,0,25,3,-41.1989,112.5,1.5
4550000437,105.367,0,0,-105.367,105.367,437,0,0,0,25,17,54,110.276,1.5
4550000440,119.932,0,0,-119.932,119.932,440,0,0,0,25,11,24.5,120.826,1.5
4550000484,98.1834,0,0,-98.1834,98.1834,484,0,0,0,25,8,-43,129.998,1.5
4550000496,107.982,0,0,-107.982,107.982,496,0,0,0,25,15,48.2447,132.245,1.5
4550000496,108.105,0,0,-108.105,108.105,496,0,0,0,25,18,62.3719,125.872,1.5
4550000500,98.6326,0,0,-98.6326,98.6326,500,0,0,0,25,12,-31,137.982,1.5
4550000503,99.7405,0,0,-99.7405,99.7405,503,0,0,0,25,14,-52.1894,132.689,1.5
4550000517,112.494,0,0,-112.494,112.494,517,0,0,0,25,10,-2,135.677,1.5
4554428947,111.3,0,0,-111.3,111.3,379,2,-11.0085,99.5,1.5,0,0,0,25
4554928911,104.862,0,0,-104.862,104.862,343,20,22.6915,91.6915,1.5,0,0,0,25
4557393291,105.367,0,0,-105.367,105.367,437,17,54,110.276,1.5,0,0,0,25
4561929085,112.494,0,0,-112.494,112.494,517,10,-2,135.677,1.5,0,0,0,25
4562393106,90.4906,0,0,-90.4906,90.4906,252,16,16.853,63.853,1.5,0,0,0,25
4563893063,90.9839,0,0,-90.9839,90.9839,209,7,19.2138,51.2862,1.5,0,0,0,25
4564893093,97.2388,0,0,-97.2388,97.2388,239,1,-21.6715,60.8285,1.5,0,0,0,25
4565929008,119.932,0,0,-119.932,119.932,440,11,24.5,120.826,1.5,0,0,0,25
4565929068,98.6326,0,0,-98.6326,98.6326,500,12,-31,137.982,1.5,0,0,0,25
4566393185,98.354,0,0,-98.354,98.354,331,13,35.3498,82.8498,1.5,0,0,0,25
4567393338,98.1834,0,0,-98.1834,98.1834,484,8,-43,129.998,1.5,0,0,0,25
4571429064,108.105,0,0,-108.105,108.105,496,18,62.3719,125.872,1.5,0,0,0,25
4582928756,103.734,0,0,-103.734,103.734,188,6,3.5,44.3696,1.5,0,0,0,25
4585393357,99.7405,0,0,-99.7405,99.7405,503,14,-52.1894,132.689,1.5,0,0,0,25
4585928805,108.293,0,0,-108.293,108.293,237,9,6.70827,61.2083,1.5,0,0,0,25
4586393350,107.982,0,0,-107.982,107.982,496,15,48.2447,132.245,1.5,0,0,0,25
4588928784,87.594,0,0,-87.594,87.594,216,19,22.5,52.0707,1.5,0,0,0,25
4590893270,99.1024,0,0,-99.1024,99.1024,416,3,-41.1989,112.5,1.5,0,0,0,25
4600000188,103.734,0,0,-103.734,103.734,188,0,0,0,25,6,3.5,44.2196,1.5
4600000204,88.8845,0,0,-88.8845,88.8845,204,0,0,0,25,4,-29.3705,55.8705,1.5
4600000209,90.9839,0,0,-90.9839,90.9839,209,0,0,0,25,7,19.3198,51.1802,1.5
4600000216,87.594,0,0,-87.594,87.594,216,0,0,0,25,19,22.5,51.9207,1.5
4600000237,108.293,0,0,-108.293,108.293,237,0,0,0,25,9,6.60221,61.1022,1.5
4600000239,97.2388,0,0,-97.2388,97.2388,239,0,0,0,25,1,-21.7776,60.7224,1.5
4600000252,90.4906,0,0,-90.4906,90.4906,252,0,0,0,25,16,16.7469,63.7469,1.5
4600000331,98.354,0,0,-98.354,98.354,331,0,0,0,25,13,35.2437,82.7437,1.5
4600000343,104.862,0,0,-104.862,104.862,343,0,0,0,25,20,22.5855,91.5855,1.5
4600000362,96.9388,0,0,-96.9388,96.9388,362,0,0,0,25,5,-42,90.3306,1.5
4600000379,111.3,0,0,-111.3,111.3,379,0,0,0,25,2,-11.1585,99.5,1.5
4600000416,99.1024,0,0,-99.1024,99.1024,416,0,0,0,25,3,-41.0489,112.5,1.5
4600000437,105.367,0,0,-105.367,105.367,437,0,0,0,25,17,54,110.126,1.5
4600000440,119.932,0,0,-119.932,119.932,440,0,0,0,25,11,24.5,120.676,1.5
4600000484,98.1834,0,0,-98.1834,98.1834,484,0,0,0,25,8,-43,129.848,1.5
4600000496,107.982,0,0,-107.982,107.982,496,0,0,0,25,15,48.1386,132.139,1.5
4600000496,108.105,0,0,-108.105,108.105,496,0,0,0,25,18,62.2659,125.766,1.5
4600000500,98.6326,0,0,-98.6326,98.6326,500,0,0,0,25,12,-31,137.832,1.5
4600000503,99.7405,0,0,-99.7405,99.7405,503,0,0,0,25,14,-52.0834,132.583,1.5
4600000517,112.494,0,0,-112.494,112.494,517,0,0,0,25,10,-2,135.527,1.5
4604428947,111.3,0,0,-111.3,111.3,379,2,-11.1585,99.5,1.5,0,0,0,25
4604928911,104.862,0,0,-104.862,104.862,343,20,22.5855,91.5855,1.5,0,0,0,25
4605393216,96.9388,0,0,-96.9388,96.9388,362,5,-42,90.3306,1.5,0,0,0,25
4611893058,88.8845,0,0,-88.8845,88.8845,204,4,-29.3705,55.8705,1.5,0,0,0,25
4611929085,112.494,0,0,-112.494,112.494,517,10,-2,135.527,1.5,0,0,0,25
4615929008,119.932,0,0,-119.932,119.932,440,11,24.5,120.676,1.5,0,0,0,25
4615929068,98.6326,0,0,-98.6326,98.6326,500,12,-31,137.832,1.5,0,0,0,25
4621429064,108.105,0,0,-108.105,108.105,496,18,62.2659,125.766,1.5,0,0,0,25
4635928805,108.293,0,0,-108.293,108.293,237,9,6.60221,61.1022,1.5,0,0,0,25
4637393291,105.367,0,0,-105.367,105.367,437,17,54,110.126,1.5,0,0,0,25
4638928784,87.594,0,0,-87.594,87.594,216,19,22.5,51.9207,1.5,0,0,0,25
4642393106,90.4906,0,0,-90.4906,90.4906,252,16,16.7469,63.7469,1.5,0,0,0,25
4643893063,90.9839,0,0,-90.9839,90.9839,209,7,19.3198,51.1802,1.5,0,0,0,25
4644893093,97.2388,0,0,-97.2388,97.2388,239,1,-21.7776,60.7224,1.5,0,0,0,25
4646393185,98.354,0,0,-98.354,98.354,331,13,35.2437,82.7437,1.5,0,0,0,25
4647393338,98.1834,0,0,-98.1834,98.1834,484,8,-43,129.848,1.5,0,0,0,25
4650000188,103.734,0,0,-103.734,103.734,188,0,0,0,25,6,3.5,44.2196,1.5
4650000204,88.8845,0,0,-88.8845,88.8845,204,0,0,0,25,4,-29.3705,55.8705,1.5
4650000209,90.9839,0,0,-90.9839,90.9839,209,0,0,0,25,7,19.3198,51.1802,1.5
4650000216,87.594,0,0,-87.594,87.594,216,0,0,0,25,19,22.5,51.9207,1.5
4650000237,108.293,0,0,-108.293,108.293,237,0,0,0,25,9,6.60221,61.1022,1.5
4650000239,97.2388,0,0,-97.2388,97.2388,239,0,0,0,25,1,-21.7776,60.7224,1.5
4650000252,90.4906,0,0,-90.4906,90.4906,252,0,0,0,25,16,16.7469,63.7469,1.5
4650000331,98.354,0,0,-98.354,98.354,331,0,0,0,25,13,35.2437,82.7437,1.5
4650000343,104.862,0,0,-104.862,104.862,343,0,0,0,25,20,22.5855,91.5855,1.5
4650000362,96.9388,0,0,-96.9388,96.9388,362,0,0,0,25,5,-42,90.3306,1.5
4650000379,111.3,0,0,-111.3,111.3,379,0,0,0,25,2,-11.1585,99.5,1.5
4650000416,99.1024,0,0,-99.1024,99.1024,416,0,0,0,25,3,-41.0489,112.5,1.5
4650000437,105.367,0,0,-105.367,105.367,437,0,0,0,25,17,54,110.126,1.5
4650000440,119.932,0,0,-119.932,119.932,440,0,0,0,25,11,24.5,120.676,1.5
4650000484,98.1834,0,0,-98.1834,98.1834,484,0,0,0,25,8,-43,129.848,1.5
4650000496,107.982,0,0,-107.982,107.982,496,0,0,0,25,15,48.1386,132.139,1.5
4650000496,108.105,0,0,-108.105,108.105,496,0,0,0,25,18,62.2659,125.766,1.5
4650000500,98.6326,0,0,-98.6326,98.6326,500,0,0,0,25,12,-31,137.832,1.5
4650000503,99.7405,0,0,-99.7405,99.7405,503,0,0,0,25,14,-52.0834,132.583,1.5
4650000517,112.494,0,0,-112.494,112.494,517,0,0,0,25,10,-2,135.527,1.5
4654428947,111.3,0,0,-111.3,111.3,379,2,-11.1585,99.5,1.5,0,0,0,25
4654928911,104.862,0,0,-104.862,104.862,343,20,22.5855,91.5855,1.5,0,0,0,25
4660893042,103.734,0,0,-103.734,103.734,188,6,3.5,44.2196,1.5,0,0,0,25
4661929085,112.494,0,0,-112.494,112.494,517,10,-2,135.527,1.5,0,0,0,25
4665393357,99.7405,0,0,-99.7405,99.7405,503,14,-52.0834,132.583,1.5,0,0,0,25
4665929008,119.932,0,0,-119.932,119.932,440,11,24.5,120.676,1.5,0,0,0,25
4665929068,98.6326,0,0,-98.6326,98.6326,500,12,-31,137.832,1.5,0,0,0,25
4666393350,107.982,0,0,-107.982,107.982,496,15,48.1386,132.139,1.5,0,0,0,25
4670893270,99.1024,0,0,-99.1024,99.1024,416,3,-41.0489,112.5,1.5,0,0,0,25
4671429064,108.105,0,0,-108.105,108.105,496,18,62.2659,125.766,1.5,0,0,0,25
4685393216,96.9388,0,0,-96.9388,96.9388,362,5,-42,90.3306,1.5,0,0,0,25
4685928805,108.293,0,0,-108.293,108.293,237,9,6.60221,61.1022,1.5,0,0,0,25
4691893058,88.8845,0,0,-88.8845,88.8845,204,4,-29.3705,55.8705,1.5,0,0,0,25
4700000188,103.734,0,0,-103.734,103.734,188,0,0,0,25,6,3.5,44.0696,1.5
4700000204,88.8845,0,0,-88.8845,88.8845,204,0,0,0,25,4,-29.4766,55.9766,1.5
4700000209,90.9839,0,0,-90.9839,90.9839,209,0,0,0,25,7,19.4259,51.0741,1.5
4700000216,87.594,0,0,-87.594,87.594,216,0,0,0,25,19,22.5,51.7707,1.5
4700000237,108.293,0,0,-108.293,108.293,237,0,0,0,25,9,6.49614,60.9961,1.5
4700000239,97.2388,0,0,-97.2388,97.2388,239,0,0,0,25,1,-21.8837,60.6163,1.5
4700000252,90.4906,0,0,-90.4906,90.4906,252,0,0,0,25,16,16.6409,63.6409,1.5
4700000331,98.354,0,0,-98.354,98.354,331,0,0,0,25,13,35.1376,82.6376,1.5
4700000343,104.862,0,0,-104.862,104.862,343,0,0,0,25,20,22.4794,91.4794,1.5
4700000362,96.9388,0,0,-96.9388,96.9388,362,0,0,0,25,5,-42,90.1806,1.5
4700000379,111.3,0,0,-111.3,111.3,379,0,0,0,25,2,-11.3085,99.5,1.5
4700000416,99.1024,0,0,-99.1024,99.1024,416,0,0,0,25,3,-40.8989,112.5,1.5
4700000437,105.367,0,0,-105.367,105.367,437,0,0,0,25,17,54,109.976,1.5
4700000440,119.932,0,0,-119.932,119.932,440,0,0,0,25,11,24.5,120.526,1.5
4700000484,98.1834,0,0,-98.1834,98.1834,484,0,0,0,25,8,-43,129.698,1.5
4700000496,107.982,0,0,-107.982,107.982,496,0,0,0,25,15,48.0326,132.033,1.5
4700000496,108.105,0,0,-108.105,108.105,496,0,0,0,25,18,62.1598,125.66,1.5
4700000500,98.6326,0,0,-98.6326,98.6326,500,0,0,0,25,12,-31,137.682,1.5
4700000503,99.7405,0,0,-99.7405,99.7405,503,0,0,0,25,14,-51.9773,132.477,1.5
4700000517,112.494,0,0,-112.494,112.494,517,0,0,0,25,10,-2,135.377,1.5
4704428947,111.3,0,0,-111.3,111.3,379,2,-11.3085,99.5,1.5,0,0,0,25
4704928911,104.862,0,0,-104.862,104.862,343,20,22.4794,91.4794,1.5,0,0,0,25
4711929085,112.494,0,0,-112.494,112.494,517,10,-2,135.377,1.5,0,0,0,25
4715929008,119.932,0,0,-119.932,119.932,440,11,24.5,120.526,1.5,0,0,0,25
4715929068,98.6326,0,0,-98.6326,98.6326,500,12,-31,137.682,1.5,0,0,0,25
4717393291,105.367,0,0,-105.367,105.367,437,17,54,109.976,1.5,0,0,0,25
4721429064,108.105,0,0,-108.105,108.105,496,18,62.1598,125.66,1.5,0,0,0,25
4722393106,90.4906,0,0,-90.4906,90.4906,252,16,16.6409,63.6409,1.5,0,0,0,25
4723893063,90.9839,0,0,-90.9839,90.9839,209,7,19.4259,51.0741,1.5,0,0,0,25
4724893093,97.2388,0,0,-97.2388,97.2388,239,1,-21.8837,60.6163,1.5,0,0,0,25
4726393185,98.354,0,0,-98.354,98.354,331,13,35.1376,82.6376,1.5,0,0,0,25
4727393338,98.1834,0,0,-98.1834,98.1834,484,8,-43,129.698,1.5,0,0,0,25
4728393070,87.594,0,0,-87.594,87.594,216,19,22.5,51.7707,1.5,0,0,0,25
4735928805,108.293,0,0,-108.293,108.293,237,9,6.49614,60.9961,1.5,0,0,0,25
4740893042,103.734,0,0,-103.734,103.734,188,6,3.5,44.0696,1.5,0,0,0,25
4745393357,99.7405,0,0,-99.7405,99.7405,503,14,-51.9773,132.477,1.5,0,0,0,25
4746393350,107.982,0,0,-107.982,107.982,496,15,48.0326,132.033,1.5,0,0,0,25
4750000188,103.734,0,0,-103.734,103.734,188,0,0,0,25,6,3.5,44.0696,1.5
4750000204,88.8845,0,0,-88.8845,88.8845,204,0,0,0,25,4,-29.4766,55.9766,1.5
4750000209,90.9839,0,0,-90.9839,90.9839,209,0,0,0,25,7,19.4259,51.0741,1.5
4750000216,87.594,0,0,-87.594,87.594,216,0,0,0,25,19,22.5,51.7707,1.5
4750000237,108.293,0,0,-108.293,108.293,237,0,0,0,25,9,6.49614,60.9961,1.5
4750000239,97.2388,0,0,-97.2388,97.2388,239,0,0,0,25,1,-21.8837,60.6163,1.5
4750000252,90.4906,0,0,-90.4906,90.4906,252,0,0,0,25,16,16.6409,63.6409,1.5
4750000331,98.354,0,0,-98.354,98.354,331,0,0,0,25,13,35.1376,82.6376,1.5
4750000343,104.862,0,0,-104.862,104.862,343,0,0,0,25,20,22.4794,91.4794,1.5
4750000362,96.9388,0,0,-96.9388,96.9388,362,0,0,0,25,5,-42,90.1806,1.5
4750000379,111.3,0,0,-111.3,111.3,379,0,0,0,25,2,-11.3085,99.5,1.5
4750000416,99.1024,0,0,-99.1024,99.1024,416,0,0,0,25,3,-40.8989,112.5,1.5
4750000437,105.367,0,0,-105.367,105.367,437,0,0,0,25,17,54,109.976,1.5
4750000440,119.932,0,0,-119.932,119.932,440,0,0,0,25,11,24.5,120.526,1.5
4750000484,98.1834,0,0,-98.1834,98.1834,484,0,0,0,25,8,-43,129.698,1.5
4750000496,107.982,0,0,-107.982,107.982,496,0,0,0,25,15,48.0326,132.033,1.5
4750000496,108.105,0,0,-108.105,108.105,496,0,0,0,25,18,62.1598,125.66,1.5
4750000500,98.6326,0,0,-98.6326,98.6326,500,0,0,0,25,12,-31,137.682,1.5
4750000503,99.7405,0,0,-99.7405,99.7405,503,0,0,0,25,14,-51.9773,132.477,1.5
4750000517,112.494,0,0,-112.494,112.494,517,0,0,0,25,10,-2,135.377,1.5
4750893270,99.1024,0,0,-99.1024,99.1024,416,3,-40.8989,112.5,1.5,0,0,0,25
4754428947,111.3,0,0,-111.3,111.3,379,2,-11.3085,99.5,1.5,0,0,0,25
4754928911,104.862,0,0,-104.862,104.862,343,20,22.4794,91.4794,1.5,0,0,0,25
4761929085,112.494,0,0,-112.494,112.494,517,10,-2,135.377,1.5,0,0,0,25
4765393216,96.9388,0,0,-96.9388,96.9388,362,5,-42,90.1806,1.5,0,0,0,25
4765929008,119.932,0,0,-119.932,119.932,440,11,24.5,120.526,1.5,0,0,0,25
4765929068,98.6326,0,0,-98.6326,98.6326,500,12,-31,137.682,1.5,0,0,0,25
4771429064,108.105,0,0,-108.105,108.105,496,18,62.1598,125.66,1.5,0,0,0,25
4771893058,88.8845,0,0,-88.8845,88.8845,204,4,-29.4766,55.9766,1.5,0,0,0,25
4785928805,108.293,0,0,-108.293,108.293,237,9,6.49614,60.9961,1.5,0,0,0,25
4797393291,105.367,0,0,-105.367,105.367,437,17,54,109.976,1.5,0,0,0,25
4800000188,103.734,0,0,-103.734,103.734,188,0,0,0,25,6,3.5,43.9196,1.5
4800000204,88.8845,0,0,-88.8845,88.8845,204,0,0,0,25,4,-29.5827,56.0827,1.5
4800000209,90.9839,0,0,-90.9839,90.9839,209,0,0,0,25,7,19.532,50.968,1.5
4800000216,87.594,0,0,-87.594,87.594,216,0,0,0,25,19,22.5,51.6207,1.5
4800000237,108.293,0,0,-108.293,108.293,237,0,0,0,25,9,6.39007,60.8901,1.5
4800000239,97.2388,0,0,-97.2388,97.2388,239,0,0,0,25,1,-21.9897,60.5103,1.5
4800000252,90.4906,0,0,-90.4906,90.4906,252,0,0,0,25,16,16.5348,63.5348,1.5
4800000331,98.354,0,0,-98.354,98.354,331,0,0,0,25,13,35.0316,82.5316,1.5
4800000343,104.862,0,0,-104.862,104.862,343,0,0,0,25,20,22.3733,91.3733,1.5
4800000362,96.9388,0,0,-96.9388,96.9388,362,0,0,0,25,5,-42,90.0306,1.5
4800000379,111.3,0,0,-111.3,111.3,379,0,0,0,25,2,-11.4585,99.5,1.5
4800000416,99.1024,0,0,-99.1024,99.1024,416,0,0,0,25,3,-40.7489,112.5,1.5
4800000437,105.367,0,0,-105.367,105.367,437,0,0,0,25,17,54,109.826,1.5
4800000440,119.932,0,0,-119.932,119.932,440,0,0,0,25,11,24.5,120.376,1.5
4800000484,98.1834,0,0,-98.1834,98.1834,484,0,0,0,25,8,-43,129.548,1.5
4800000496,107.982,0,0,-107.982,107.982,496,0,0,0,25,15,47.9265,131.926,1.5
4800000496,108.105,0,0,-108.105,108.105,496,0,0,0,25,18,62.0537,125.554,1.5
4800000500,98.6326,0,0,-98.6326,98.6326,500,0,0,0,25,12,-31,137.532,1.5
4800000503,99.7405,0,0,-99.7405,99.7405,503,0,0,0,25,14,-51.8712,132.371,1.5
4800000517,112.494,0,0,-112.494,112.494,517,0,0,0,25,10,-2,135.227,1.5
4802393106,90.4906,0,0,-90.4906,90.4906,252,16,16.5348,63.5348,1.5,0,0,0,25
4803893063,90.9839,0,0,-90.9839,90.9839,209,7,19.532,50.968,1.5,0,0,0,25
4804428947,111.3,0,0,-111.3,111.3,379,2,-11.4585,99.5,1.5,0,0,0,25
4804893093,97.2388,0,0,-97.2388,97.2388,239,1,-21.9897,60.5103,1.5,0,0,0,25
4804928911,104.862,0,0,-104.862,104.862,343,20,22.3733,91.3733,1.5,0,0,0,25
4806393185,98.354,0,0,-98.354,98.354,331,13,35.0316,82.5316,1.5,0,0,0,25
4807393338,98.1834,0,0,-98.1834,98.1834,484,8,-43,129.548,1.5,0,0,0,25
4808393070,87.594,0,0,-87.594,87.594,216,19,22.5,51.6207,1.5,0,0,0,25
4811929085,112.494,0,0,-112.494,112.494,517,10,-2,135.227,1.5,0,0,0,25
4815929008,119.932,0,0,-119.932,119.932,440,11,24.5,120.376,1.5,0,0,0,25
4820893042,103.734,0,0,-103.734,103.734,188,6,3.5,43.9196,1.5,0,0,0,25
4821429064,108.105,0,0,-108.105,108.105,496,18,62.0537,125.554,1.5,0,0,0,25
4825393357,99.7405,0,0,-99.7405,99.7405,503,14,-51.8712,132.371,1.5,0,0,0,25
4826393350,107.982,0,0,-107.982,107.982,496,15,47.9265,131.926,1.5,0,0,0,25
4830893270,99.1024,0,0,-99.1024,99.1024,416,3,-40.7489,112.5,1.5,0,0,0,25
4834893354,98.6326,0,0,-98.6326,98.6326,500,12,-31,137.532,1.5,0,0,0,25
4835928805,108.293,0,0,-108.293,108.293,237,9,6.39007,60.8901,1.5,0,0,0,25
4845393216,96.9388,0,0,-96.9388,96.9388,362,5,-42,90.0306,1.5,0,0,0,25
4850000188,103.734,0,0,-103.734,103.734,188,0,0,0,25,6,3.5,43.9196,1.5
4850000204,88.8845,0,0,-88.8845,88.8845,204,0,0,0,25,4,-29.5827,56.0827,1.5
4850000209,90.9839,0,0,-90.9839,90.9839,209,0,0,0,25,7,19.532,50.968,1.5
4850000216,87.594,0,0,-87.594,87.594,216,0,0,0,25,19,22.5,51.6207,1.5
4850000237,108.293,0,0,-108.293,108.293,237,0,0,0,25,9,6.39007,60.8901,1.5
4850000239,97.2388,0,0,-97.2388,97.2388,239,0,0,0,25,1,-21.9897,60.5103,1.5
4850000252,90.4906,0,0,-90.4906,90.4906,252,0,0,0,25,16,16.5348,63.5348,1.5
4850000331,98.354,0,0,-98.354,98.354,331,0,0,0,25,13,35.0316,82.5316,1.5
4850000343,104.862,0,0,-104.862,104.862,343,0,0,0,25,20,22.3733,91.3733,1.5
4850000362,96.9388,0,0,-96.9388,96.9388,362,0,0,0,25,5,-42,90.0306,1.5
4850000379,111.3,0,0,-111.3,111.3,379,0,0,0,25,2,-11.4585,99.5,1.5
4850000416,99.1024,0,0,-99.1024,99.1024,416,0,0,0,25,3,-40.7489,112.5,1.5
4850000437,105.367,0,0,-105.367,105.367,437,0,0,0,25,17,54,109.826,1.5
4850000440,119.932,0,0,-119.932,119.932,440,0,0,0,25,11,24.5,120.376,1.5
4850000484,98.1834,0,0,-98.1834,98.1834,484,0,0,0,25,8,-43,129.548,1.5
4850000496,107.982,0,0,-107.982,107.982,496,0,0,0,25,15,47.9265,131.926,1.5
4850000496,108.105,0,0,-108.105,108.105,496,0,0,0,25,18,62.0537,125.554,1.5
4850000500,98.6326,0,0,-98.6326,98.6326,500,0,0,0,25,12,-31,137.532,1.5
4850000503,99.7405,0,0,-99.7405,99.7405,503,0,0,0,25,14,-51.8712,132.371,1.5
4850000517,112.494,0,0,-112.494,112.494,517,0,0,0,25,10,-2,135.227,1.5
4851893058,88.8845,0,0,-88.8845,88.8845,204,4,-29.5827,56.0827,1.5,0,0,0,25
4854428947,111.3,0,0,-111.3,111.3,379,2,-11.4585,99.5,1.5,0,0,0,25
4854928911,104.862,0,0,-104.862,104.862,343,20,22.3733,91.3733,1.5,0,0,0,25
4861929085,112.494,0,0,-112.494,112.494,517,10,-2,135.227,1.5,0,0,0,25
4865929008,119.932,0,0,-119.932,119.932,440,11,24.5,120.376,1.5,0,0,0,25
4871429064,108.105,0,0,-108.105,108.105,496,18,62.0537,125.554,1.5,0,0,0,25
4877393291,105.367,0,0,-105.367,105.367,437,17,54,109.826,1.5,0,0,0,25
4882393106,90.4906,0,0,-90.4906,90.4906,252,16,16.5348,63.5348,1.5,0,0,0,25
4883893063,90.9839,0,0,-90.9839,90.9839,209,7,19.532,50.968,1.5,0,0,0,25
4884893093,97.2388,0,0,-97.2388,97.2388,239,1,-21.9897,60.5103,1.5,0,0,0,25
4885928805,108.293,0,0,-108.293,108.293,237,9,6.39007,60.8901,1.5,0,0,0,25
4886393185,98.354,0,0,-98.354,98.354,331,13,35.0316,82.5316,1.5,0,0,0,25
4887393338,98.1834,0,0,-98.1834,98.1834,484,8,-43,129.548,1.5,0,0,0,25
4888393070,87.594,0,0,-87.594,87.594,216,19,22.5,51.6207,1.5,0,0,0,25
4900000188,103.734,0,0,-103.734,103.734,188,0,0,0,25,6,3.5,43.7696,1.5
4900000204,88.8845,0,0,-88.8845,88.8845,204,0,0,0,25,4,-29.6887,56.1887,1.5
4900000209,90.9839,0,0,-90.9839,90.9839,209,0,0,0,25,7,19.638,50.862,1.5
4900000216,87.594,0,0,-87.594,87.594,216,0,0,0,25,19,22.5,51.4707,1.5
4900000237,108.293,0,0,-108.293,108.293,237,0,0,0,25,9,6.28401,60.784,1.5
4900000239,97.2388,0,0,-97.2388,97.2388,239,0,0,0,25,1,-22.0958,60.4042,1.5
4900000252,90.4906,0,0,-90.4906,90.4906,252,0,0,0,25,16,16.3992,63.5,1.5
4900000331,98.354,0,0,-98.354,98.354,331,0,0,0,25,13,34.9255,82.4255,1.5
4900000343,104.862,0,0,-104.862,104.862,343,0,0,0,25,20,22.2673,91.2673,1.5
4900000362,96.9388,0,0,-96.9388,96.9388,362,0,0,0,25,5,-42,89.8806,1.5
4900000379,111.3,0,0,-111.3,111.3,379,0,0,0,25,2,-11.6085,99.5,1.5
4900000416,99.1024,0,0,-99.1024,99.1024,416,0,0,0,25,3,-40.5989,112.5,1.5
4900000437,105.367,0,0,-105.367,105.367,437,0,0,0,25,17,54,109.676,1.5
4900000440,119.932,0,0,-119.932,119.932,440,0,0,0,25,11,24.5,120.226,1.5
4900000484,98.1834,0,0,-98.1834,98.1834,484,0,0,0,25,8,-43,129.398,1.5
4900000496,107.982,0,0,-107.982,107.982,496,0,0,0,25,15,47.8204,131.82,1.5
4900000496,108.105,0,0,-108.105,108.105,496,0,0,0,25,18,61.9477,125.448,1.5
4900000500,98.6326,0,0,-98.6326,98.6326,500,0,0,0,25,12,-31,137.382,1.5
4900000503,99.7405,0,0,-99.7405,99.7405,503,0,0,0,25,14,-51.7652,132.265,1.5
4900000517,112.494,0,0,-112.494,112.494,517,0,0,0,25,10,-2,135.077,1.5
4900893042,103.734,0,0,-103.734,103.734,188,6,3.5,43.7696,1.5,0,0,0,25
4904428947,111.3,0,0,-111.3,111.3,379,2,-11.6085,99.5,1.5,0,0,0,25
4904928911,104.862,0,0,-104.862,104.862,343,20,22.2673,91.2673,1.5,0,0,0,25
4905393357,99.7405,0,0,-99.7405,99.7405,503,14,-51.7652,132.265,1.5,0,0,0,25
4906393350,107.982,0,0,-107.982,107.982,496,15,47.8204,131.82,1.5,0,0,0,25
4910893270,99.1024,0,0,-99.1024,99.1024,416,3,-40.5989,112.5,1.5,0,0,0,25
4911929085,112.494,0,0,-112.494,112.494,517,10,-2,135.077,1.5,0,0,0,25
4914893354,98.6326,0,0,-98.6326,98.6326,500,12,-31,137.382,1.5,0,0,0,25
4915929008,119.932,0,0,-119.932,119.932,440,11,24.5,120.226,1.5,0,0,0,25
4921429064,108.105,0,0,-108.105,108.105,496,18,61.9477,125.448,1.5,0,0,0,25
4925393216,96.9388,0,0,-96.9388,96.9388,362,5,-42,89.8806,1.5,0,0,0,25
4931893058,88.8845,0,0,-88.8845,88.8845,204,4,-29.6887,56.1887,1.5,0,0,0,25
4935928805,108.293,0,0,-108.293,108.293,237,9,6.28401,60.784,1.5,0,0,0,25
4950000188,103.734,0,0,-103.734,103.734,188,0,0,0,25,6,3.5,43.7696,1.5
4950000204,88.8845,0,0,-88.8845,88.8845,204,0,0,0,25,4,-29.6887,56.1887,1.5
4950000209,90.9839,0,0,-90.9839,90.9839,209,0,0,0,25,7,19.638,50.862,1.5
4950000216,87.594,0,0,-87.594,87.594,216,0,0,0,25,19,22.5,51.4707,1.5
4950000237,108.293,0,0,-108.293,108.293,237,0,0,0,25,9,6.28401,60.784,1.5
4950000239,97.2388,0,0,-97.2388,97.2388,239,0,0,0,25,1,-22.0958,60.4042,1.5
4950000252,90.4906,0,0,-90.4906,90.4906,252,0,0,0,25,16,16.3992,63.5,1.5
4950000331,98.354,0,0,-98.354,98.354,331,0,0,0,25,13,34.9255,82.4255,1.5
4950000343,104.862,0,0,-104.862,104.862,343,0,0,0,25,20,22.2673,91.2673,1.5
4950000362,96.9388,0,0,-96.9388,96.9388,362,0,0,0,25,5,-42,89.8806,1.5
4950000379,111.3,0,0,-111.3,111.3,379,0,0,0,25,2,-11.6085,99.5,1.5
4950000416,99.1024,0,0,-99.1024,99.1024,416,0,0,0,25,3,-40.5989,112.5,1.5
4950000437,105.367,0,0,-105.367,105.367,437,0,0,0,25,17,54,109.676,1.5
4950000440,119.932,0,0,-119.932,119.932,440,0,0,0,25,11,24.5,120.226,1.5
4950000484,98.1834,0,0,-98.1834,98.1834,484,0,0,0,25,8,-43,129.398,1.5
4950000496,107.982,0,0,-107.982,107.982,496,0,0,0,25,15,47.8204,131.82,1.5
4950000496,108.105,0,0,-108.105,108.105,496,0,0,0,25,18,61.9477,125.448,1.5
4950000500,98.6326,0,0,-98.6326,98.6326,500,0,0,0,25,12,-31,137.382,1.5
4950000503,99.7405,0,0,-99.7405,99.7405,503,0,0,0,25,14,-51.7652,132.265,1.5
4950000517,112.494,0,0,-112.494,112.494,517,0,0,0,25,10,-2,135.077,1.5
4954428947,111.3,0,0,-111.3,111.3,379,2,-11.6085,99.5,1.5,0,0,0,25
4954928911,104.862,0,0,-104.862,104.862,343,20,22.2673,91.2673,1.5,0,0,0,25
4957393291,105.367,0,0,-105.367,105.367,437,17,54,109.676,1.5,0,0,0,25
4961929085,112.494,0,0,-112.494,112.494,517,10,-2,135.077,1.5,0,0,0,25
4962393106,90.4906,0,0,-90.4906,90.4906,252,16,16.3992,63.5,1.5,0,0,0,25
4963893063,90.9839,0,0,-90.9839,90.9839,209,7,19.638,50.862,1.5,0,0,0,25
4964893093,97.2388,0,0,-97.2388,97.2388,239,1,-22.0958,60.4042,1.5,0,0,0,25
4965929008,119.932,0,0,-119.932,119.932,440,11,24.5,120.226,1.5,0,0,0,25
4966393185,98.354,0,0,-98.354,98.354,331,13,34.9255,82.4255,1.5,0,0,0,25
4967393338,98.1834,0,0,-98.1834,98.1834,484,8,-43,129.398,1.5,0,0,0,25
4968393070,87.594,0,0,-87.594,87.594,216,19,22.5,51.4707,1.5,0,0,0,25
4971429064,108.105,0,0,-108.105,108.105,496,18,61.9477,125.448,1.5,0,0,0,25
4980893042,103.734,0,0,-103.734,103.734,188,6,3.5,43.7696,1.5,0,0,0,25
4985393357,99.7405,0,0,-99.7405,99.7405,503,14,-51.7652,132.265,1.5,0,0,0,25
4985928805,108.293,0,0,-108.293,108.293,237,9,6.28401,60.784,1.5,0,0,0,25
4986393350,107.982,0,0,-107.982,107.982,496,15,47.8204,131.82,1.5,0,0,0,25
4990893270,99.1024,0,0,-99.1024,99.1024,416,3,-40.5989,112.5,1.5,0,0,0,25
4994893354,98.6326,0,0,-98.6326,98.6326,500,12,-31,137.382,1.5,0,0,0,25
