Timestamp_ns,Loss_dB,TxAntGain_dB,RxAntGain_dB,PropGain_dB,Pathloss_dB,Delay_ns,SrcId,SrcX,SrcY,SrcZ,DstId,DstX,DstY,DstZ
81,82.2159,0,0,-82.2159,82.2159,81,0,0,0,10,6,1.53407,22.633,1.5
92,83.7694,0,0,-83.7694,83.7694,92,0,0,0,10,4,-11.3816,23.54,1.5
95,83.5959,0,0,-83.5959,83.5959,95,0,0,0,10,7,6.81259,26.2351,1.5
100,83.9176,0,0,-83.9176,83.9176,100,0,0,0,10,19,9.03328,27.1796,1.5
113,84.6562,0,0,-84.6562,84.6562,113,0,0,0,10,9,5.56353,32.1928,1.5
114,84.5725,0,0,-84.5725,84.5725,114,0,0,0,10,1,-8.2831,32.089,1.5
122,85.2571,0,0,-85.2571,85.2571,122,0,0,0,10,16,10.7662,33.9139,1.5
169,96.8428,0,0,-96.8428,96.8428,169,0,0,0,10,13,20.7076,45.3977,1.5
174,99.1425,0,0,-99.1425,99.1425,174,0,0,0,10,2,-2.22945,51.5363,1.5
176,95.9741,0,0,-95.9741,95.9741,176,0,0,0,10,20,14.3332,50.0297,1.5
187,95.3645,0,0,-95.3645,95.3645,187,0,0,0,10,5,-22.0159,50.7674,1.5
217,102.659,0,0,-102.659,102.659,217,0,0,0,10,3,-25.2835,59.4869,1.5
229,100.778,0,0,-100.778,100.778,229,0,0,0,10,17,28.6707,61.9473,1.5
231,96.1692,0,0,-96.1692,96.1692,231,0,0,0,10,11,13.0927,67.5504,1.5
254,96.5588,0,0,-96.5588,96.5588,254,0,0,0,10,10,-1.16568,75.7663,1.5
256,105.15,0,0,-105.15,105.15,256,0,0,0,10,8,-23.8062,72.3358,1.5
263,105.076,0,0,-105.076,105.076,263,0,0,0,10,15,28.1569,73.0835,1.5
263,104.474,0,0,-104.474,104.474,263,0,0,0,10,18,35.7284,69.6611,1.5
265,98.9,0,0,-98.9,98.9,265,0,0,0,10,12,-16.4083,77.1281,1.5
266,101.391,0,0,-101.391,101.391,266,0,0,0,10,14,-30.2987,73.3447,1.5
16232217,82.2159,0,0,-82.2159,82.2159,81,6,1.53407,22.633,1.5,0,0,0,10
16232228,83.7694,0,0,-83.7694,83.7694,92,4,-11.3816,23.54,1.5,0,0,0,10
16232231,83.5959,0,0,-83.5959,83.5959,95,7,6.81259,26.2351,1.5,0,0,0,10
16232236,83.9176,0,0,-83.9176,83.9176,100,19,9.03328,27.1796,1.5,0,0,0,10
16232249,84.6562,0,0,-84.6562,84.6562,113,9,5.56353,32.1928,1.5,0,0,0,10
16232250,84.5725,0,0,-84.5725,84.5725,114,1,-8.2831,32.089,1.5,0,0,0,10
16232258,85.2571,0,0,-85.2571,85.2571,122,16,10.7662,33.9139,1.5,0,0,0,10
16232305,96.8428,0,0,-96.8428,96.8428,169,13,20.7076,45.3977,1.5,0,0,0,10
16232310,99.1425,0,0,-99.1425,99.1425,174,2,-2.22945,51.5363,1.5,0,0,0,10
16232312,95.9741,0,0,-95.9741,95.9741,176,20,14.3332,50.0297,1.5,0,0,0,10
16232323,95.3645,0,0,-95.3645,95.3645,187,5,-22.0159,50.7674,1.5,0,0,0,10
16232353,102.659,0,0,-102.659,102.659,217,3,-25.2835,59.4869,1.5,0,0,0,10
16232365,100.778,0,0,-100.778,100.778,229,17,28.6707,61.9473,1.5,0,0,0,10
16232367,96.1692,0,0,-96.1692,96.1692,231,11,13.0927,67.5504,1.5,0,0,0,10
16232390,96.5588,0,0,-96.5588,96.5588,254,10,-1.16568,75.7663,1.5,0,0,0,10
16232392,105.15,0,0,-105.15,105.15,256,8,-23.8062,72.3358,1.5,0,0,0,10
16232399,105.076,0,0,-105.076,105.076,263,15,28.1569,73.0835,1.5,0,0,0,10
16232399,104.474,0,0,-104.474,104.474,263,18,35.7284,69.6611,1.5,0,0,0,10
16232401,98.9,0,0,-98.9,98.9,265,12,-16.4083,77.1281,1.5,0,0,0,10
16232402,101.391,0,0,-101.391,101.391,266,14,-30.2987,73.3447,1.5,0,0,0,10
50000081,82.2159,0,0,-82.2159,82.2159,81,0,0,0,10,6,1.53407,22.633,1.5
50000092,83.7694,0,0,-83.7694,83.7694,92,0,0,0,10,4,-11.3816,23.54,1.5
50000095,83.5959,0,0,-83.5959,83.5959,95,0,0,0,10,7,6.81259,26.2351,1.5
50000100,83.9176,0,0,-83.9176,83.9176,100,0,0,0,10,19,9.03328,27.1796,1.5
50000113,84.6562,0,0,-84.6562,84.6562,113,0,0,0,10,9,5.56353,32.1928,1.5
50000114,84.5725,0,0,-84.5725,84.5725,114,0,0,0,10,1,-8.2831,32.089,1.5
50000122,85.2571,0,0,-85.2571,85.2571,122,0,0,0,10,16,10.7662,33.9139,1.5
50000169,96.8428,0,0,-96.8428,96.8428,169,0,0,0,10,13,20.7076,45.3977,1.5
50000174,99.1425,0,0,-99.1425,99.1425,174,0,0,0,10,2,-2.22945,51.5363,1.5
50000176,95.9741,0,0,-95.9741,95.9741,176,0,0,0,10,20,14.3332,50.0297,1.5
50000187,95.3645,0,0,-95.3645,95.3645,187,0,0,0,10,5,-22.0159,50.7674,1.5
50000217,102.659,0,0,-102.659,102.659,217,0,0,0,10,3,-25.2835,59.4869,1.5
50000229,100.778,0,0,-100.778,100.778,229,0,0,0,10,17,28.6707,61.9473,1.5
50000231,96.1692,0,0,-96.1692,96.1692,231,0,0,0,10,11,13.0927,67.5504,1.5
50000254,96.5588,0,0,-96.5588,96.5588,254,0,0,0,10,10,-1.16568,75.7663,1.5
50000256,105.15,0,0,-105.15,105.15,256,0,0,0,10,8,-23.8062,72.3358,1.5
50000263,105.076,0,0,-105.076,105.076,263,0,0,0,10,15,28.1569,73.0835,1.5
50000263,104.474,0,0,-104.474,104.474,263,0,0,0,10,18,35.7284,69.6611,1.5
50000265,98.9,0,0,-98.9,98.9,265,0,0,0,10,12,-16.4083,77.1281,1.5
50000266,101.391,0,0,-101.391,101.391,266,0,0,0,10,14,-30.2987,73.3447,1.5
66348474,101.391,0,0,-101.391,101.391,266,14,-30.2987,73.3447,1.5,0,0,0,10
66598471,105.076,0,0,-105.076,105.076,263,15,28.1569,73.0835,1.5,0,0,0,10
67723425,102.659,0,0,-102.659,102.659,217,3,-25.2835,59.4869,1.5,0,0,0,10
67848321,84.6562,0,0,-84.6562,84.6562,113,9,5.56353,32.1928,1.5,0,0,0,10
68723473,98.9,0,0,-98.9,98.9,265,12,-16.4083,77.1281,1.5,0,0,0,10
69348437,100.778,0,0,-100.778,100.778,229,17,28.6707,61.9473,1.5,0,0,0,10
69848462,96.5588,0,0,-96.5588,96.5588,254,10,-1.16568,75.7663,1.5,0,0,0,10
70598330,85.2571,0,0,-85.2571,85.2571,122,16,10.7662,33.9139,1.5,0,0,0,10
70973303,83.5959,0,0,-83.5959,83.5959,95,7,6.81259,26.2351,1.5,0,0,0,10
71223322,84.5725,0,0,-84.5725,84.5725,114,1,-8.2831,32.089,1.5,0,0,0,10
71348395,95.3645,0,0,-95.3645,95.3645,187,5,-22.0159,50.7674,1.5,0,0,0,10
71598377,96.8428,0,0,-96.8428,96.8428,169,13,20.7076,45.3977,1.5,0,0,0,10
71848464,105.15,0,0,-105.15,105.15,256,8,-23.8062,72.3358,1.5,0,0,0,10
72098308,83.9176,0,0,-83.9176,83.9176,100,19,9.03328,27.1796,1.5,0,0,0,10
72973300,83.7694,0,0,-83.7694,83.7694,92,4,-11.3816,23.54,1.5,0,0,0,10
73348471,104.474,0,0,-104.474,104.474,263,18,35.7284,69.6611,1.5,0,0,0,10
73973382,99.1425,0,0,-99.1425,99.1425,174,2,-2.22945,51.5363,1.5,0,0,0,10
74598439,96.1692,0,0,-96.1692,96.1692,231,11,13.0927,67.5504,1.5,0,0,0,10
75223289,82.2159,0,0,-82.2159,82.2159,81,6,1.53407,22.633,1.5,0,0,0,10
76223384,95.9741,0,0,-95.9741,95.9741,176,20,14.3332,50.0297,1.5,0,0,0,10
100000081,82.2159,0,0,-82.2159,82.2159,81,0,0,0,10,6,1.52601,22.4832,1.5
100000092,83.7694,0,0,-83.7694,83.7694,92,0,0,0,10,4,-11.502,23.6296,1.5
100000095,83.5959,0,0,-83.5959,83.5959,95,0,0,0,10,7,6.91504,26.1256,1.5
100000100,83.9176,0,0,-83.9176,83.9176,100,0,0,0,10,19,9.11819,27.056,1.5
100000113,84.6562,0,0,-84.6562,84.6562,113,0,0,0,10,9,5.46887,32.0764,1.5
100000114,84.5725,0,0,-84.5725,84.5725,114,0,0,0,10,1,-8.399,31.9938,1.5
100000122,85.2571,0,0,-85.2571,85.2571,122,0,0,0,10,16,10.6851,33.7878,1.5
100000169,96.8428,0,0,-96.8428,96.8428,169,0,0,0,10,13,20.5769,45.3243,1.5
100000174,99.1425,0,0,-99.1425,99.1425,174,0,0,0,10,2,-2.37812,51.5164,1.5
100000176,95.9741,0,0,-95.9741,95.9741,176,0,0,0,10,20,14.2533,49.9028,1.5
100000187,95.3645,0,0,-95.3645,95.3645,187,0,0,0,10,5,-22.007,50.6176,1.5
100000217,102.659,0,0,-102.659,102.659,217,0,0,0,10,3,-25.1337,59.4938,1.5
100000229,100.778,0,0,-100.778,100.778,229,0,0,0,10,17,28.6173,61.8072,1.5
100000231,96.1692,0,0,-96.1692,96.1692,231,0,0,0,10,11,13.0678,67.4024,1.5
100000254,96.5588,0,0,-96.5588,96.5588,254,0,0,0,10,10,-1.08644,75.6389,1.5
100000256,105.15,0,0,-105.15,105.15,256,0,0,0,10,8,-23.7051,72.225,1.5
100000263,105.076,0,0,-105.076,105.076,263,0,0,0,10,15,28.0448,72.9839,1.5
100000263,104.474,0,0,-104.474,104.474,263,0,0,0,10,18,35.6173,69.5603,1.5
100000265,98.9,0,0,-98.9,98.9,265,0,0,0,10,12,-16.43,76.9797,1.5
100000266,101.391,0,0,-101.391,101.391,266,0,0,0,10,14,-30.2005,73.2314,1.5
116348474,101.391,0,0,-101.391,101.391,266,14,-30.2005,73.2314,1.5,0,0,0,10
116598471,105.076,0,0,-105.076,105.076,263,15,28.0448,72.9839,1.5,0,0,0,10
117723425,102.659,0,0,-102.659,102.659,217,3,-25.1337,59.4938,1.5,0,0,0,10
117848321,84.6562,0,0,-84.6562,84.6562,113,9,5.46887,32.0764,1.5,0,0,0,10
118723473,98.9,0,0,-98.9,98.9,265,12,-16.43,76.9797,1.5,0,0,0,10
119348437,100.778,0,0,-100.778,100.778,229,17,28.6173,61.8072,1.5,0,0,0,10
119848462,96.5588,0,0,-96.5588,96.5588,254,10,-1.08644,75.6389,1.5,0,0,0,10
120598330,85.2571,0,0,-85.2571,85.2571,122,16,10.6851,33.7878,1.5,0,0,0,10
120973303,83.5959,0,0,-83.5959,83.5959,95,7,6.91504,26.1256,1.5,0,0,0,10
121223322,84.5725,0,0,-84.5725,84.5725,114,1,-8.399,31.9938,1.5,0,0,0,10
121348395,95.3645,0,0,-95.3645,95.3645,187,5,-22.007,50.6176,1.5,0,0,0,10
121598377,96.8428,0,0,-96.8428,96.8428,169,13,20.5769,45.3243,1.5,0,0,0,10
121848464,105.15,0,0,-105.15,105.15,256,8,-23.7051,72.225,1.5,0,0,0,10
122098308,83.9176,0,0,-83.9176,83.9176,100,19,9.11819,27.056,1.5,0,0,0,10
122973300,83.7694,0,0,-83.7694,83.7694,92,4,-11.502,23.6296,1.5,0,0,0,10
123348471,104.474,0,0,-104.474,104.474,263,18,35.6173,69.5603,1.5,0,0,0,10
123973382,99.1425,0,0,-99.1425,99.1425,174,2,-2.37812,51.5164,1.5,0,0,0,10
124598439,96.1692,0,0,-96.1692,96.1692,231,11,13.0678,67.4024,1.5,0,0,0,10
125223289,82.2159,0,0,-82.2159,82.2159,81,6,1.52601,22.4832,1.5,0,0,0,10
126223384,95.9741,0,0,-95.9741,95.9741,176,20,14.2533,49.9028,1.5,0,0,0,10
150000081,82.2159,0,0,-82.2159,82.2159,81,0,0,0,10,6,1.52601,22.4832,1.5
150000092,83.7694,0,0,-83.7694,83.7694,92,0,0,0,10,4,-11.502,23.6296,1.5
150000095,83.5959,0,0,-83.5959,83.5959,95,0,0,0,10,7,6.91504,26.1256,1.5
150000100,83.9176,0,0,-83.9176,83.9176,100,0,0,0,10,19,9.11819,27.056,1.5
150000113,84.6562,0,0,-84.6562,84.6562,113,0,0,0,10,9,5.46887,32.0764,1.5
150000114,84.5725,0,0,-84.5725,84.5725,114,0,0,0,10,1,-8.399,31.9938,1.5
150000122,85.2571,0,0,-85.2571,85.2571,122,0,0,0,10,16,10.6851,33.7878,1.5
150000169,96.8428,0,0,-96.8428,96.8428,169,0,0,0,10,13,20.5769,45.3243,1.5
150000174,99.1425,0,0,-99.1425,99.1425,174,0,0,0,10,2,-2.37812,51.5164,1.5
150000176,95.9741,0,0,-95.9741,95.9741,176,0,0,0,10,20,14.2533,49.9028,1.5
150000187,95.3645,0,0,-95.3645,95.3645,187,0,0,0,10,5,-22.007,50.6176,1.5
150000217,102.659,0,0,-102.659,102.659,217,0,0,0,10,3,-25.1337,59.4938,1.5
150000229,100.778,0,0,-100.778,100.778,229,0,0,0,10,17,28.6173,61.8072,1.5
150000231,96.1692,0,0,-96.1692,96.1692,231,0,0,0,10,11,13.0678,67.4024,1.5
150000254,96.5588,0,0,-96.5588,96.5588,254,0,0,0,10,10,-1.08644,75.6389,1.5
150000256,105.15,0,0,-105.15,105.15,256,0,0,0,10,8,-23.7051,72.225,1.5
150000263,105.076,0,0,-105.076,105.076,263,0,0,0,10,15,28.0448,72.9839,1.5
150000263,104.474,0,0,-104.474,104.474,263,0,0,0,10,18,35.6173,69.5603,1.5
150000265,98.9,0,0,-98.9,98.9,265,0,0,0,10,12,-16.43,76.9797,1.5
150000266,101.391,0,0,-101.391,101.391,266,0,0,0,10,14,-30.2005,73.2314,1.5
166348474,101.391,0,0,-101.391,101.391,266,14,-30.2005,73.2314,1.5,0,0,0,10
166598471,105.076,0,0,-105.076,105.076,263,15,28.0448,72.9839,1.5,0,0,0,10
167723425,102.659,0,0,-102.659,102.659,217,3,-25.1337,59.4938,1.5,0,0,0,10
167848321,84.6562,0,0,-84.6562,84.6562,113,9,5.46887,32.0764,1.5,0,0,0,10
168723473,98.9,0,0,-98.9,98.9,265,12,-16.43,76.9797,1.5,0,0,0,10
169348437,100.778,0,0,-100.778,100.778,229,17,28.6173,61.8072,1.5,0,0,0,10
169848462,96.5588,0,0,-96.5588,96.5588,254,10,-1.08644,75.6389,1.5,0,0,0,10
170598330,85.2571,0,0,-85.2571,85.2571,122,16,10.6851,33.7878,1.5,0,0,0,10
170973303,83.5959,0,0,-83.5959,83.5959,95,7,6.91504,26.1256,1.5,0,0,0,10
171223322,84.5725,0,0,-84.5725,84.5725,114,1,-8.399,31.9938,1.5,0,0,0,10
171348395,95.3645,0,0,-95.3645,95.3645,187,5,-22.007,50.6176,1.5,0,0,0,10
171598377,96.8428,0,0,-96.8428,96.8428,169,13,20.5769,45.3243,1.5,0,0,0,10
171848464,105.15,0,0,-105.15,105.15,256,8,-23.7051,72.225,1.5,0,0,0,10
172098308,83.9176,0,0,-83.9176,83.9176,100,19,9.11819,27.056,1.5,0,0,0,10
172973300,83.7694,0,0,-83.7694,83.7694,92,4,-11.502,23.6296,1.5,0,0,0,10
173348471,104.474,0,0,-104.474,104.474,263,18,35.6173,69.5603,1.5,0,0,0,10
173973382,99.1425,0,0,-99.1425,99.1425,174,2,-2.37812,51.5164,1.5,0,0,0,10
174598439,96.1692,0,0,-96.1692,96.1692,231,11,13.0678,67.4024,1.5,0,0,0,10
175223289,82.2159,0,0,-82.2159,82.2159,81,6,1.52601,22.4832,1.5,0,0,0,10
176223384,95.9741,0,0,-95.9741,95.9741,176,20,14.2533,49.9028,1.5,0,0,0,10
200000081,82.2159,0,0,-82.2159,82.2159,81,0,0,0,10,6,1.51794,22.3334,1.5
200000092,83.7694,0,0,-83.7694,83.7694,92,0,0,0,10,4,-11.6223,23.7191,1.5
200000095,83.5959,0,0,-83.5959,83.5959,95,0,0,0,10,7,7.01749,26.016,1.5
200000100,83.9176,0,0,-83.9176,83.9176,100,0,0,0,10,19,9.20311,26.9323,1.5
200000113,84.6562,0,0,-84.6562,84.6562,113,0,0,0,10,9,5.37422,31.9601,1.5
200000114,84.5725,0,0,-84.5725,84.5725,114,0,0,0,10,1,-8.5149,31.8986,1.5
200000122,85.2571,0,0,-85.2571,85.2571,122,0,0,0,10,16,10.6039,33.6616,1.5
200000169,96.8428,0,0,-96.8428,96.8428,169,0,0,0,10,13,20.4461,45.2508,1.5
200000174,99.1425,0,0,-99.1425,99.1425,174,0,0,0,10,2,-2.52702,51.5,1.5
200000176,95.9741,0,0,-95.9741,95.9741,176,0,0,0,10,20,14.1735,49.7758,1.5
200000187,95.3645,0,0,-95.3645,95.3645,187,0,0,0,10,5,-22,50.4679,1.5
200000217,102.659,0,0,-102.659,102.659,217,0,0,0,10,3,-24.9838,59.5,1.5
200000229,100.778,0,0,-100.778,100.778,229,0,0,0,10,17,28.5638,61.6671,1.5
200000231,96.1692,0,0,-96.1692,96.1692,231,0,0,0,10,11,13.0429,67.2545,1.5
200000254,96.5588,0,0,-96.5588,96.5588,254,0,0,0,10,10,-1.0072,75.5116,1.5
200000256,105.15,0,0,-105.15,105.15,256,0,0,0,10,8,-23.6041,72.1141,1.5
200000263,105.076,0,0,-105.076,105.076,263,0,0,0,10,15,27.9326,72.8843,1.5
200000263,104.474,0,0,-104.474,104.474,263,0,0,0,10,18,35.5062,69.4594,1.5
200000265,98.9,0,0,-98.9,98.9,265,0,0,0,10,12,-16.4517,76.8313,1.5
200000266,101.391,0,0,-101.391,101.391,266,0,0,0,10,14,-30.1023,73.118,1.5
216348474,101.391,0,0,-101.391,101.391,266,14,-30.1023,73.118,1.5,0,0,0,10
216598471,105.076,0,0,-105.076,105.076,263,15,27.9326,72.8843,1.5,0,0,0,10
217723425,102.659,0,0,-102.659,102.659,217,3,-24.9838,59.5,1.5,0,0,0,10
217848321,84.6562,0,0,-84.6562,84.6562,113,9,5.37422,31.9601,1.5,0,0,0,10
218723473,98.9,0,0,-98.9,98.9,265,12,-16.4517,76.8313,1.5,0,0,0,10
219348437,100.778,0,0,-100.778,100.778,229,17,28.5638,61.6671,1.5,0,0,0,10
219848462,96.5588,0,0,-96.5588,96.5588,254,10,-1.0072,75.5116,1.5,0,0,0,10
220598330,85.2571,0,0,-85.2571,85.2571,122,16,10.6039,33.6616,1.5,0,0,0,10
220973303,83.5959,0,0,-83.5959,83.5959,95,7,7.01749,26.016,1.5,0,0,0,10
221223322,84.5725,0,0,-84.5725,84.5725,114,1,-8.5149,31.8986,1.5,0,0,0,10
221348395,95.3645,0,0,-95.3645,95.3645,187,5,-22,50.4679,1.5,0,0,0,10
221598377,96.8428,0,0,-96.8428,96.8428,169,13,20.4461,45.2508,1.5,0,0,0,10
221848464,105.15,0,0,-105.15,105.15,256,8,-23.6041,72.1141,1.5,0,0,0,10
222098308,83.9176,0,0,-83.9176,83.9176,100,19,9.20311,26.9323,1.5,0,0,0,10
222973300,83.7694,0,0,-83.7694,83.7694,92,4,-11.6223,23.7191,1.5,0,0,0,10
223348471,104.474,0,0,-104.474,104.474,263,18,35.5062,69.4594,1.5,0,0,0,10
223973382,99.1425,0,0,-99.1425,99.1425,174,2,-2.52702,51.5,1.5,0,0,0,10
224598439,96.1692,0,0,-96.1692,96.1692,231,11,13.0429,67.2545,1.5,0,0,0,10
225223289,82.2159,0,0,-82.2159,82.2159,81,6,1.51794,22.3334,1.5,0,0,0,10
226223384,95.9741,0,0,-95.9741,95.9741,176,20,14.1735,49.7758,1.5,0,0,0,10
250000081,82.2159,0,0,-82.2159,82.2159,81,0,0,0,10,6,1.51794,22.3334,1.5
250000092,83.7694,0,0,-83.7694,83.7694,92,0,0,0,10,4,-11.6223,23.7191,1.5
250000095,83.5959,0,0,-83.5959,83.5959,95,0,0,0,10,7,7.01749,26.016,1.5
250000100,83.9176,0,0,-83.9176,83.9176,100,0,0,0,10,19,9.20311,26.9323,1.5
250000113,84.6562,0,0,-84.6562,84.6562,113,0,0,0,10,9,5.37422,31.9601,1.5
250000114,84.5725,0,0,-84.5725,84.5725,114,0,0,0,10,1,-8.5149,31.8986,1.5
250000122,85.2571,0,0,-85.2571,85.2571,122,0,0,0,10,16,10.6039,33.6616,1.5
250000169,96.8428,0,0,-96.8428,96.8428,169,0,0,0,10,13,20.4461,45.2508,1.5
250000174,99.1425,0,0,-99.1425,99.1425,174,0,0,0,10,2,-2.52702,51.5,1.5
250000176,95.9741,0,0,-95.9741,95.9741,176,0,0,0,10,20,14.1735,49.7758,1.5
250000187,95.3645,0,0,-95.3645,95.3645,187,0,0,0,10,5,-22,50.4679,1.5
250000217,102.659,0,0,-102.659,102.659,217,0,0,0,10,3,-24.9838,59.5,1.5
250000229,100.778,0,0,-100.778,100.778,229,0,0,0,10,17,28.5638,61.6671,1.5
250000231,96.1692,0,0,-96.1692,96.1692,231,0,0,0,10,11,13.0429,67.2545,1.5
250000254,96.5588,0,0,-96.5588,96.5588,254,0,0,0,10,10,-1.0072,75.5116,1.5
250000256,105.15,0,0,-105.15,105.15,256,0,0,0,10,8,-23.6041,72.1141,1.5
250000263,105.076,0,0,-105.076,105.076,263,0,0,0,10,15,27.9326,72.8843,1.5
250000263,104.474,0,0,-104.474,104.474,263,0,0,0,10,18,35.5062,69.4594,1.5
250000265,98.9,0,0,-98.9,98.9,265,0,0,0,10,12,-16.4517,76.8313,1.5
250000266,101.391,0,0,-101.391,101.391,266,0,0,0,10,14,-30.1023,73.118,1.5
266348474,101.391,0,0,-101.391,101.391,266,14,-30.1023,73.118,1.5,0,0,0,10
266598471,105.076,0,0,-105.076,105.076,263,15,27.9326,72.8843,1.5,0,0,0,10
267723425,102.659,0,0,-102.659,102.659,217,3,-24.9838,59.5,1.5,0,0,0,10
267848321,84.6562,0,0,-84.6562,84.6562,113,9,5.37422,31.9601,1.5,0,0,0,10
268723473,98.9,0,0,-98.9,98.9,265,12,-16.4517,76.8313,1.5,0,0,0,10
269348437,100.778,0,0,-100.778,100.778,229,17,28.5638,61.6671,1.5,0,0,0,10
269848462,96.5588,0,0,-96.5588,96.5588,254,10,-1.0072,75.5116,1.5,0,0,0,10
270598330,85.2571,0,0,-85.2571,85.2571,122,16,10.6039,33.6616,1.5,0,0,0,10
270973303,83.5959,0,0,-83.5959,83.5959,95,7,7.01749,26.016,1.5,0,0,0,10
271223322,84.5725,0,0,-84.5725,84.5725,114,1,-8.5149,31.8986,1.5,0,0,0,10
271348395,95.3645,0,0,-95.3645,95.3645,187,5,-22,50.4679,1.5,0,0,0,10
271598377,96.8428,0,0,-96.8428,96.8428,169,13,20.4461,45.2508,1.5,0,0,0,10
271848464,105.15,0,0,-105.15,105.15,256,8,-23.6041,72.1141,1.5,0,0,0,10
272098308,83.9176,0,0,-83.9176,83.9176,100,19,9.20311,26.9323,1.5,0,0,0,10
272973300,83.7694,0,0,-83.7694,83.7694,92,4,-11.6223,23.7191,1.5,0,0,0,10
273348471,104.474,0,0,-104.474,104.474,263,18,35.5062,69.4594,1.5,0,0,0,10
273973382,99.1425,0,0,-99.1425,99.1425,174,2,-2.52702,51.5,1.5,0,0,0,10
274598439,96.1692,0,0,-96.1692,96.1692,231,11,13.0429,67.2545,1.5,0,0,0,10
275223289,82.2159,0,0,-82.2159,82.2159,81,6,1.51794,22.3334,1.5,0,0,0,10
276223384,95.9741,0,0,-95.9741,95.9741,176,20,14.1735,49.7758,1.5,0,0,0,10
300000081,82.2159,0,0,-82.2159,82.2159,81,0,0,0,10,6,1.50988,22.1837,1.5
300000092,83.7694,0,0,-83.7694,83.7694,92,0,0,0,10,4,-11.7427,23.8086,1.5
300000095,83.5959,0,0,-83.5959,83.5959,95,0,0,0,10,7,7.11994,25.9065,1.5
300000100,83.9176,0,0,-83.9176,83.9176,100,0,0,0,10,19,9.28803,26.8087,1.5
300000113,84.6562,0,0,-84.6562,84.6562,113,0,0,0,10,9,5.27957,31.8437,1.5
300000114,84.5725,0,0,-84.5725,84.5725,114,0,0,0,10,1,-8.6308,31.8033,1.5
300000122,85.2571,0,0,-85.2571,85.2571,122,0,0,0,10,16,10.5228,33.5355,1.5
300000169,96.8428,0,0,-96.8428,96.8428,169,0,0,0,10,13,20.3154,45.1773,1.5
300000174,99.1425,0,0,-99.1425,99.1425,174,0,0,0,10,2,-2.67702,51.5,1.5
300000176,95.9741,0,0,-95.9741,95.9741,176,0,0,0,10,20,14.0936,49.6488,1.5
300000187,95.3645,0,0,-95.3645,95.3645,187,0,0,0,10,5,-22,50.3179,1.5
300000217,102.659,0,0,-102.659,102.659,217,0,0,0,10,3,-24.8338,59.5,1.5
300000229,100.778,0,0,-100.778,100.778,229,0,0,0,10,17,28.5103,61.5269,1.5
300000231,96.1692,0,0,-96.1692,96.1692,231,0,0,0,10,11,13.018,67.1066,1.5
300000254,96.5588,0,0,-96.5588,96.5588,254,0,0,0,10,10,-1,75.3636,1.5
300000256,105.15,0,0,-105.15,105.15,256,0,0,0,10,8,-23.503,72.0033,1.5
300000263,105.076,0,0,-105.076,105.076,263,0,0,0,10,15,27.8205,72.7847,1.5
300000263,104.474,0,0,-104.474,104.474,263,0,0,0,10,18,35.3951,69.3586,1.5
300000265,98.9,0,0,-98.9,98.9,265,0,0,0,10,12,-16.4733,76.6829,1.5
300000266,101.391,0,0,-101.391,101.391,266,0,0,0,10,14,-30.004,73.0047,1.5
316348474,101.391,0,0,-101.391,101.391,266,14,-30.004,73.0047,1.5,0,0,0,10
316598471,105.076,0,0,-105.076,105.076,263,15,27.8205,72.7847,1.5,0,0,0,10
317723425,102.659,0,0,-102.659,102.659,217,3,-24.8338,59.5,1.5,0,0,0,10
317848321,84.6562,0,0,-84.6562,84.6562,113,9,5.27957,31.8437,1.5,0,0,0,10
318723473,98.9,0,0,-98.9,98.9,265,12,-16.4733,76.6829,1.5,0,0,0,10
319348437,100.778,0,0,-100.778,100.778,229,17,28.5103,61.5269,1.5,0,0,0,10
319848462,96.5588,0,0,-96.5588,96.5588,254,10,-1,75.3636,1.5,0,0,0,10
320598330,85.2571,0,0,-85.2571,85.2571,122,16,10.5228,33.5355,1.5,0,0,0,10
320973303,83.5959,0,0,-83.5959,83.5959,95,7,7.11994,25.9065,1.5,0,0,0,10
321223322,84.5725,0,0,-84.5725,84.5725,114,1,-8.6308,31.8033,1.5,0,0,0,10
321348395,95.3645,0,0,-95.3645,95.3645,187,5,-22,50.3179,1.5,0,0,0,10
321598377,96.8428,0,0,-96.8428,96.8428,169,13,20.3154,45.1773,1.5,0,0,0,10
321848464,105.15,0,0,-105.15,105.15,256,8,-23.503,72.0033,1.5,0,0,0,10
322098308,83.9176,0,0,-83.9176,83.9176,100,19,9.28803,26.8087,1.5,0,0,0,10
322973300,83.7694,0,0,-83.7694,83.7694,92,4,-11.7427,23.8086,1.5,0,0,0,10
323348471,104.474,0,0,-104.474,104.474,263,18,35.3951,69.3586,1.5,0,0,0,10
323973382,99.1425,0,0,-99.1425,99.1425,174,2,-2.67702,51.5,1.5,0,0,0,10
324598439,96.1692,0,0,-96.1692,96.1692,231,11,13.018,67.1066,1.5,0,0,0,10
325223289,82.2159,0,0,-82.2159,82.2159,81,6,1.50988,22.1837,1.5,0,0,0,10
326223384,95.9741,0,0,-95.9741,95.9741,176,20,14.0936,49.6488,1.5,0,0,0,10
350000081,82.2159,0,0,-82.2159,82.2159,81,0,0,0,10,6,1.50988,22.1837,1.5
350000092,83.7694,0,0,-83.7694,83.7694,92,0,0,0,10,4,-11.7427,23.8086,1.5
350000095,83.5959,0,0,-83.5959,83.5959,95,0,0,0,10,7,7.11994,25.9065,1.5
350000100,83.9176,0,0,-83.9176,83.9176,100,0,0,0,10,19,9.28803,26.8087,1.5
350000113,84.6562,0,0,-84.6562,84.6562,113,0,0,0,10,9,5.27957,31.8437,1.5
350000114,84.5725,0,0,-84.5725,84.5725,114,0,0,0,10,1,-8.6308,31.8033,1.5
350000122,85.2571,0,0,-85.2571,85.2571,122,0,0,0,10,16,10.5228,33.5355,1.5
350000169,96.8428,0,0,-96.8428,96.8428,169,0,0,0,10,13,20.3154,45.1773,1.5
350000174,99.1425,0,0,-99.1425,99.1425,174,0,0,0,10,2,-2.67702,51.5,1.5
350000176,95.9741,0,0,-95.9741,95.9741,176,0,0,0,10,20,14.0936,49.6488,1.5
350000187,95.3645,0,0,-95.3645,95.3645,187,0,0,0,10,5,-22,50.3179,1.5
350000217,102.659,0,0,-102.659,102.659,217,0,0,0,10,3,-24.8338,59.5,1.5
350000229,100.778,0,0,-100.778,100.778,229,0,0,0,10,17,28.5103,61.5269,1.5
350000231,96.1692,0,0,-96.1692,96.1692,231,0,0,0,10,11,13.018,67.1066,1.5
350000254,96.5588,0,0,-96.5588,96.5588,254,0,0,0,10,10,-1,75.3636,1.5
350000256,105.15,0,0,-105.15,105.15,256,0,0,0,10,8,-23.503,72.0033,1.5
350000263,105.076,0,0,-105.076,105.076,263,0,0,0,10,15,27.8205,72.7847,1.5
350000263,104.474,0,0,-104.474,104.474,263,0,0,0,10,18,35.3951,69.3586,1.5
350000265,98.9,0,0,-98.9,98.9,265,0,0,0,10,12,-16.4733,76.6829,1.5
350000266,101.391,0,0,-101.391,101.391,266,0,0,0,10,14,-30.004,73.0047,1.5
366348474,101.391,0,0,-101.391,101.391,266,14,-30.004,73.0047,1.5,0,0,0,10
366598471,105.076,0,0,-105.076,105.076,263,15,27.8205,72.7847,1.5,0,0,0,10
367723425,102.659,0,0,-102.659,102.659,217,3,-24.8338,59.5,1.5,0,0,0,10
367848321,84.6562,0,0,-84.6562,84.6562,113,9,5.27957,31.8437,1.5,0,0,0,10
368723473,98.9,0,0,-98.9,98.9,265,12,-16.4733,76.6829,1.5,0,0,0,10
369348437,100.778,0,0,-100.778,100.778,229,17,28.5103,61.5269,1.5,0,0,0,10
369848462,96.5588,0,0,-96.5588,96.5588,254,10,-1,75.3636,1.5,0,0,0,10
370598330,85.2571,0,0,-85.2571,85.2571,122,16,10.5228,33.5355,1.5,0,0,0,10
370973303,83.5959,0,0,-83.5959,83.5959,95,7,7.11994,25.9065,1.5,0,0,0,10
371223322,84.5725,0,0,-84.5725,84.5725,114,1,-8.6308,31.8033,1.5,0,0,0,10
371348395,95.3645,0,0,-95.3645,95.3645,187,5,-22,50.3179,1.5,0,0,0,10
371598377,96.8428,0,0,-96.8428,96.8428,169,13,20.3154,45.1773,1.5,0,0,0,10
371848464,105.15,0,0,-105.15,105.15,256,8,-23.503,72.0033,1.5,0,0,0,10
372098308,83.9176,0,0,-83.9176,83.9176,100,19,9.28803,26.8087,1.5,0,0,0,10
372973300,83.7694,0,0,-83.7694,83.7694,92,4,-11.7427,23.8086,1.5,0,0,0,10
373348471,104.474,0,0,-104.474,104.474,263,18,35.3951,69.3586,1.5,0,0,0,10
373973382,99.1425,0,0,-99.1425,99.1425,174,2,-2.67702,51.5,1.5,0,0,0,10
374598439,96.1692,0,0,-96.1692,96.1692,231,11,13.018,67.1066,1.5,0,0,0,10
375223289,82.2159,0,0,-82.2159,82.2159,81,6,1.50988,22.1837,1.5,0,0,0,10
376223384,95.9741,0,0,-95.9741,95.9741,176,20,14.0936,49.6488,1.5,0,0,0,10
400000081,82.2159,0,0,-82.2159,82.2159,81,0,0,0,10,6,1.50182,22.0339,1.5
400000092,83.7694,0,0,-83.7694,83.7694,92,0,0,0,10,4,-11.863,23.8981,1.5
400000095,83.5959,0,0,-83.5959,83.5959,95,0,0,0,10,7,7.22239,25.7969,1.5
400000100,83.9176,0,0,-83.9176,83.9176,100,0,0,0,10,19,9.37294,26.685,1.5
400000113,84.6562,0,0,-84.6562,84.6562,113,0,0,0,10,9,5.18492,31.7273,1.5
400000114,84.5725,0,0,-84.5725,84.5725,114,0,0,0,10,1,-8.7467,31.7081,1.5
400000122,85.2571,0,0,-85.2571,85.2571,122,0,0,0,10,16,10.3922,33.5,1.5
400000169,96.8428,0,0,-96.8428,96.8428,169,0,0,0,10,13,20.1846,45.1038,1.5
400000174,99.1425,0,0,-99.1425,99.1425,174,0,0,0,10,2,-2.82702,51.5,1.5
400000176,95.9741,0,0,-95.9741,95.9741,176,0,0,0,10,20,14.0137,49.5218,1.5
400000187,95.3645,0,0,-95.3645,95.3645,187,0,0,0,10,5,-22,50.1679,1.5
400000217,102.659,0,0,-102.659,102.659,217,0,0,0,10,3,-24.6838,59.5,1.5
400000229,100.778,0,0,-100.778,100.778,229,0,0,0,10,17,28.5,61.3788,1.5
400000231,96.1692,0,0,-96.1692,96.1692,231,0,0,0,10,11,13,66.9581,1.5
400000254,96.5588,0,0,-96.5588,96.5588,254,0,0,0,10,10,-1,75.2136,1.5
400000256,105.15,0,0,-105.15,105.15,256,0,0,0,10,8,-23.5,71.8545,1.5
400000263,105.076,0,0,-105.076,105.076,263,0,0,0,10,15,27.7083,72.685,1.5
400000263,104.474,0,0,-104.474,104.474,263,0,0,0,10,18,35.2841,69.2578,1.5
400000265,98.9,0,0,-98.9,98.9,265,0,0,0,10,12,-16.495,76.5344,1.5
400000266,101.391,0,0,-101.391,101.391,266,0,0,0,10,14,-29.8983,72.8983,1.5
416348474,101.391,0,0,-101.391,101.391,266,14,-29.8983,72.8983,1.5,0,0,0,10
416598471,105.076,0,0,-105.076,105.076,263,15,27.7083,72.685,1.5,0,0,0,10
417723425,102.659,0,0,-102.659,102.659,217,3,-24.6838,59.5,1.5,0,0,0,10
417848321,84.6562,0,0,-84.6562,84.6562,113,9,5.18492,31.7273,1.5,0,0,0,10
418723473,98.9,0,0,-98.9,98.9,265,12,-16.495,76.5344,1.5,0,0,0,10
419348437,100.778,0,0,-100.778,100.778,229,17,28.5,61.3788,1.5,0,0,0,10
419848462,96.5588,0,0,-96.5588,96.5588,254,10,-1,75.2136,1.5,0,0,0,10
420598330,85.2571,0,0,-85.2571,85.2571,122,16,10.3922,33.5,1.5,0,0,0,10
420973303,83.5959,0,0,-83.5959,83.5959,95,7,7.22239,25.7969,1.5,0,0,0,10
421223322,84.5725,0,0,-84.5725,84.5725,114,1,-8.7467,31.7081,1.5,0,0,0,10
421348395,95.3645,0,0,-95.3645,95.3645,187,5,-22,50.1679,1.5,0,0,0,10
421598377,96.8428,0,0,-96.8428,96.8428,169,13,20.1846,45.1038,1.5,0,0,0,10
421848464,105.15,0,0,-105.15,105.15,256,8,-23.5,71.8545,1.5,0,0,0,10
422098308,83.9176,0,0,-83.9176,83.9176,100,19,9.37294,26.685,1.5,0,0,0,10
422973300,83.7694,0,0,-83.7694,83.7694,92,4,-11.863,23.8981,1.5,0,0,0,10
423348471,104.474,0,0,-104.474,104.474,263,18,35.2841,69.2578,1.5,0,0,0,10
423973382,99.1425,0,0,-99.1425,99.1425,174,2,-2.82702,51.5,1.5,0,0,0,10
424598439,96.1692,0,0,-96.1692,96.1692,231,11,13,66.9581,1.5,0,0,0,10
425223289,82.2159,0,0,-82.2159,82.2159,81,6,1.50182,22.0339,1.5,0,0,0,10
426223384,95.9741,0,0,-95.9741,95.9741,176,20,14.0137,49.5218,1.5,0,0,0,10
450000081,82.2159,0,0,-82.2159,82.2159,81,0,0,0,10,6,1.50182,22.0339,1.5
450000092,83.7694,0,0,-83.7694,83.7694,92,0,0,0,10,4,-11.863,23.8981,1.5
450000095,83.5959,0,0,-83.5959,83.5959,95,0,0,0,10,7,7.22239,25.7969,1.5
450000100,83.9176,0,0,-83.9176,83.9176,100,0,0,0,10,19,9.37294,26.685,1.5
450000113,84.6562,0,0,-84.6562,84.6562,113,0,0,0,10,9,5.18492,31.7273,1.5
450000114,84.5725,0,0,-84.5725,84.5725,114,0,0,0,10,1,-8.7467,31.7081,1.5
450000122,85.2571,0,0,-85.2571,85.2571,122,0,0,0,10,16,10.3922,33.5,1.5
450000169,96.8428,0,0,-96.8428,96.8428,169,0,0,0,10,13,20.1846,45.1038,1.5
450000174,99.1425,0,0,-99.1425,99.1425,174,0,0,0,10,2,-2.82702,51.5,1.5
450000176,95.9741,0,0,-95.9741,95.9741,176,0,0,0,10,20,14.0137,49.5218,1.5
450000187,95.3645,0,0,-95.3645,95.3645,187,0,0,0,10,5,-22,50.1679,1.5
450000217,102.659,0,0,-102.659,102.659,217,0,0,0,10,3,-24.6838,59.5,1.5
450000229,100.778,0,0,-100.778,100.778,229,0,0,0,10,17,28.5,61.3788,1.5
450000231,96.1692,0,0,-96.1692,96.1692,231,0,0,0,10,11,13,66.9581,1.5
450000254,96.5588,0,0,-96.5588,96.5588,254,0,0,0,10,10,-1,75.2136,1.5
450000256,105.15,0,0,-105.15,105.15,256,0,0,0,10,8,-23.5,71.8545,1.5
450000263,105.076,0,0,-105.076,105.076,263,0,0,0,10,15,27.7083,72.685,1.5
450000263,104.474,0,0,-104.474,104.474,263,0,0,0,10,18,35.2841,69.2578,1.5
450000265,98.9,0,0,-98.9,98.9,265,0,0,0,10,12,-16.495,76.5344,1.5
450000266,101.391,0,0,-101.391,101.391,266,0,0,0,10,14,-29.8983,72.8983,1.5
466348474,101.391,0,0,-101.391,101.391,266,14,-29.8983,72.8983,1.5,0,0,0,10
466598471,105.076,0,0,-105.076,105.076,263,15,27.7083,72.685,1.5,0,0,0,10
467723425,102.659,0,0,-102.659,102.659,217,3,-24.6838,59.5,1.5,0,0,0,10
467848321,84.6562,0,0,-84.6562,84.6562,113,9,5.18492,31.7273,1.5,0,0,0,10
468723473,98.9,0,0,-98.9,98.9,265,12,-16.495,76.5344,1.5,0,0,0,10
469348437,100.778,0,0,-100.778,100.778,229,17,28.5,61.3788,1.5,0,0,0,10
469848462,96.5588,0,0,-96.5588,96.5588,254,10,-1,75.2136,1.5,0,0,0,10
470598330,85.2571,0,0,-85.2571,85.2571,122,16,10.3922,33.5,1.5,0,0,0,10
470973303,83.5959,0,0,-83.5959,83.5959,95,7,7.22239,25.7969,1.5,0,0,0,10
471223322,84.5725,0,0,-84.5725,84.5725,114,1,-8.7467,31.7081,1.5,0,0,0,10
471348395,95.3645,0,0,-95.3645,95.3645,187,5,-22,50.1679,1.5,0,0,0,10
471598377,96.8428,0,0,-96.8428,96.8428,169,13,20.1846,45.1038,1.5,0,0,0,10
471848464,105.15,0,0,-105.15,105.15,256,8,-23.5,71.8545,1.5,0,0,0,10
472098308,83.9176,0,0,-83.9176,83.9176,100,19,9.37294,26.685,1.5,0,0,0,10
472973300,83.7694,0,0,-83.7694,83.7694,92,4,-11.863,23.8981,1.5,0,0,0,10
473348471,104.474,0,0,-104.474,104.474,263,18,35.2841,69.2578,1.5,0,0,0,10
473973382,99.1425,0,0,-99.1425,99.1425,174,2,-2.82702,51.5,1.5,0,0,0,10
474598439,96.1692,0,0,-96.1692,96.1692,231,11,13,66.9581,1.5,0,0,0,10
475223289,82.2159,0,0,-82.2159,82.2159,81,6,1.50182,22.0339,1.5,0,0,0,10
476223384,95.9741,0,0,-95.9741,95.9741,176,20,14.0137,49.5218,1.5,0,0,0,10
500000081,82.2159,0,0,-82.2159,82.2159,81,0,0,0,10,6,1.5,21.8839,1.5
500000092,83.7694,0,0,-83.7694,83.7694,92,0,0,0,10,4,-11.9834,23.9876,1.5
500000095,83.5959,0,0,-83.5959,83.5959,95,0,0,0,10,7,7.32484,25.6873,1.5
500000100,83.9176,0,0,-83.9176,83.9176,100,0,0,0,10,19,9.45786,26.5614,1.5
500000113,84.6562,0,0,-84.6562,84.6562,113,0,0,0,10,9,5.09026,31.611,1.5
500000114,84.5725,0,0,-84.5725,84.5725,114,0,0,0,10,1,-8.86259,31.6129,1.5
500000122,85.2571,0,0,-85.2571,85.2571,122,0,0,0,10,16,10.2422,33.5,1.5
500000169,96.8428,0,0,-96.8428,96.8428,169,0,0,0,10,13,20.0538,45.0303,1.5
500000174,99.1425,0,0,-99.1425,99.1425,174,0,0,0,10,2,-2.97702,51.5,1.5
500000176,95.9741,0,0,-95.9741,95.9741,176,0,0,0,10,20,13.9122,49.4122,1.5
500000187,95.3645,0,0,-95.3645,95.3645,187,0,0,0,10,5,-22,50.0179,1.5
500000217,102.659,0,0,-102.659,102.659,217,0,0,0,10,3,-24.5338,59.5,1.5
500000229,100.778,0,0,-100.778,100.778,229,0,0,0,10,17,28.5,61.2288,1.5
500000231,96.1692,0,0,-96.1692,96.1692,231,0,0,0,10,11,13,66.8081,1.5
500000254,96.5588,0,0,-96.5588,96.5588,254,0,0,0,10,10,-1,75.0636,1.5
500000256,105.15,0,0,-105.15,105.15,256,0,0,0,10,8,-23.5,71.7045,1.5
500000263,105.076,0,0,-105.076,105.076,263,0,0,0,10,15,27.5962,72.5854,1.5
500000263,104.474,0,0,-104.474,104.474,263,0,0,0,10,18,35.173,69.157,1.5
500000265,98.9,0,0,-98.9,98.9,265,0,0,0,10,12,-16.5,76.3848,1.5
500000266,101.391,0,0,-101.391,101.391,266,0,0,0,10,14,-29.7922,72.7922,1.5
516348474,101.391,0,0,-101.391,101.391,266,14,-29.7922,72.7922,1.5,0,0,0,10
516598471,105.076,0,0,-105.076,105.076,263,15,27.5962,72.5854,1.5,0,0,0,10
517723425,102.659,0,0,-102.659,102.659,217,3,-24.5338,59.5,1.5,0,0,0,10
517848321,84.6562,0,0,-84.6562,84.6562,113,9,5.09026,31.611,1.5,0,0,0,10
518723473,98.9,0,0,-98.9,98.9,265,12,-16.5,76.3848,1.5,0,0,0,10
519348437,100.778,0,0,-100.778,100.778,229,17,28.5,61.2288,1.5,0,0,0,10
519848462,96.5588,0,0,-96.5588,96.5588,254,10,-1,75.0636,1.5,0,0,0,10
520598330,85.2571,0,0,-85.2571,85.2571,122,16,10.2422,33.5,1.5,0,0,0,10
520973303,83.5959,0,0,-83.5959,83.5959,95,7,7.32484,25.6873,1.5,0,0,0,10
521223322,84.5725,0,0,-84.5725,84.5725,114,1,-8.86259,31.6129,1.5,0,0,0,10
521348395,95.3645,0,0,-95.3645,95.3645,187,5,-22,50.0179,1.5,0,0,0,10
521598377,96.8428,0,0,-96.8428,96.8428,169,13,20.0538,45.0303,1.5,0,0,0,10
521848464,105.15,0,0,-105.15,105.15,256,8,-23.5,71.7045,1.5,0,0,0,10
522098308,83.9176,0,0,-83.9176,83.9176,100,19,9.45786,26.5614,1.5,0,0,0,10
522973300,83.7694,0,0,-83.7694,83.7694,92,4,-11.9834,23.9876,1.5,0,0,0,10
523348471,104.474,0,0,-104.474,104.474,263,18,35.173,69.157,1.5,0,0,0,10
523973382,99.1425,0,0,-99.1425,99.1425,174,2,-2.97702,51.5,1.5,0,0,0,10
524598439,96.1692,0,0,-96.1692,96.1692,231,11,13,66.8081,1.5,0,0,0,10
525223289,82.2159,0,0,-82.2159,82.2159,81,6,1.5,21.8839,1.5,0,0,0,10
526223384,95.9741,0,0,-95.9741,95.9741,176,20,13.9122,49.4122,1.5,0,0,0,10
550000081,82.2159,0,0,-82.2159,82.2159,81,0,0,0,10,6,1.5,21.8839,1.5
550000092,83.7694,0,0,-83.7694,83.7694,92,0,0,0,10,4,-11.9834,23.9876,1.5
550000095,83.5959,0,0,-83.5959,83.5959,95,0,0,0,10,7,7.32484,25.6873,1.5
550000100,83.9176,0,0,-83.9176,83.9176,100,0,0,0,10,19,9.45786,26.5614,1.5
550000113,84.6562,0,0,-84.6562,84.6562,113,0,0,0,10,9,5.09026,31.611,1.5
550000114,84.5725,0,0,-84.5725,84.5725,114,0,0,0,10,1,-8.86259,31.6129,1.5
550000122,85.2571,0,0,-85.2571,85.2571,122,0,0,0,10,16,10.2422,33.5,1.5
550000169,96.8428,0,0,-96.8428,96.8428,169,0,0,0,10,13,20.0538,45.0303,1.5
550000174,99.1425,0,0,-99.1425,99.1425,174,0,0,0,10,2,-2.97702,51.5,1.5
550000176,95.9741,0,0,-95.9741,95.9741,176,0,0,0,10,20,13.9122,49.4122,1.5
550000187,95.3645,0,0,-95.3645,95.3645,187,0,0,0,10,5,-22,50.0179,1.5
550000217,102.659,0,0,-102.659,102.659,217,0,0,0,10,3,-24.5338,59.5,1.5
550000229,100.778,0,0,-100.778,100.778,229,0,0,0,10,17,28.5,61.2288,1.5
550000231,96.1692,0,0,-96.1692,96.1692,231,0,0,0,10,11,13,66.8081,1.5
550000254,96.5588,0,0,-96.5588,96.5588,254,0,0,0,10,10,-1,75.0636,1.5
550000256,105.15,0,0,-105.15,105.15,256,0,0,0,10,8,-23.5,71.7045,1.5
550000263,105.076,0,0,-105.076,105.076,263,0,0,0,10,15,27.5962,72.5854,1.5
550000263,104.474,0,0,-104.474,104.474,263,0,0,0,10,18,35.173,69.157,1.5
550000265,98.9,0,0,-98.9,98.9,265,0,0,0,10,12,-16.5,76.3848,1.5
550000266,101.391,0,0,-101.391,101.391,266,0,0,0,10,14,-29.7922,72.7922,1.5
566348474,101.391,0,0,-101.391,101.391,266,14,-29.7922,72.7922,1.5,0,0,0,10
566598471,105.076,0,0,-105.076,105.076,263,15,27.5962,72.5854,1.5,0,0,0,10
567723425,102.659,0,0,-102.659,102.659,217,3,-24.5338,59.5,1.5,0,0,0,10
567848321,84.6562,0,0,-84.6562,84.6562,113,9,5.09026,31.611,1.5,0,0,0,10
568723473,98.9,0,0,-98.9,98.9,265,12,-16.5,76.3848,1.5,0,0,0,10
569348437,100.778,0,0,-100.778,100.778,229,17,28.5,61.2288,1.5,0,0,0,10
569848462,96.5588,0,0,-96.5588,96.5588,254,10,-1,75.0636,1.5,0,0,0,10
570598330,85.2571,0,0,-85.2571,85.2571,122,16,10.2422,33.5,1.5,0,0,0,10
570973303,83.5959,0,0,-83.5959,83.5959,95,7,7.32484,25.6873,1.5,0,0,0,10
571223322,84.5725,0,0,-84.5725,84.5725,114,1,-8.86259,31.6129,1.5,0,0,0,10
571348395,95.3645,0,0,-95.3645,95.3645,187,5,-22,50.0179,1.5,0,0,0,10
571598377,96.8428,0,0,-96.8428,96.8428,169,13,20.0538,45.0303,1.5,0,0,0,10
571848464,105.15,0,0,-105.15,105.15,256,8,-23.5,71.7045,1.5,0,0,0,10
572098308,83.9176,0,0,-83.9176,83.9176,100,19,9.45786,26.5614,1.5,0,0,0,10
572973300,83.7694,0,0,-83.7694,83.7694,92,4,-11.9834,23.9876,1.5,0,0,0,10
573348471,104.474,0,0,-104.474,104.474,263,18,35.173,69.157,1.5,0,0,0,10
573973382,99.1425,0,0,-99.1425,99.1425,174,2,-2.97702,51.5,1.5,0,0,0,10
574598439,96.1692,0,0,-96.1692,96.1692,231,11,13,66.8081,1.5,0,0,0,10
575223289,82.2159,0,0,-82.2159,82.2159,81,6,1.5,21.8839,1.5,0,0,0,10
576223384,95.9741,0,0,-95.9741,95.9741,176,20,13.9122,49.4122,1.5,0,0,0,10
600000081,82.2159,0,0,-82.2159,82.2159,81,0,0,0,10,6,1.5,21.7339,1.5
600000092,83.7694,0,0,-83.7694,83.7694,92,0,0,0,10,4,-12.0914,24.0914,1.5
600000095,83.5959,0,0,-83.5959,83.5959,95,0,0,0,10,7,7.42729,25.5778,1.5
600000100,83.9176,0,0,-83.9176,83.9176,100,0,0,0,10,19,9.55343,26.4466,1.5
600000113,84.6562,0,0,-84.6562,84.6562,113,0,0,0,10,9,4.99508,31.4951,1.5
600000114,84.5725,0,0,-84.5725,84.5725,114,0,0,0,10,1,-8.97849,31.5177,1.5
600000122,85.2571,0,0,-85.2571,85.2571,122,0,0,0,10,16,10.0922,33.5,1.5
600000169,96.8428,0,0,-96.8428,96.8428,169,0,0,0,10,13,19.9376,44.9376,1.5
600000174,99.1425,0,0,-99.1425,99.1425,174,0,0,0,10,2,-3.12702,51.5,1.5
600000176,95.9741,0,0,-95.9741,95.9741,176,0,0,0,10,20,13.8061,49.3061,1.5
600000187,95.3645,0,0,-95.3645,95.3645,187,0,0,0,10,5,-22,49.8679,1.5
600000217,102.659,0,0,-102.659,102.659,217,0,0,0,10,3,-24.3838,59.5,1.5
600000229,100.778,0,0,-100.778,100.778,229,0,0,0,10,17,28.5,61.0788,1.5
600000231,96.1692,0,0,-96.1692,96.1692,231,0,0,0,10,11,13,66.6581,1.5
600000254,96.5588,0,0,-96.5588,96.5588,254,0,0,0,10,10,-1,74.9136,1.5
600000256,105.15,0,0,-105.15,105.15,256,0,0,0,10,8,-23.5,71.5545,1.5
600000263,105.076,0,0,-105.076,105.076,263,0,0,0,10,15,27.4849,72.4849,1.5
600000263,104.474,0,0,-104.474,104.474,263,0,0,0,10,18,35.0619,69.0562,1.5
600000265,98.9,0,0,-98.9,98.9,265,0,0,0,10,12,-16.5,76.2348,1.5
600000266,101.391,0,0,-101.391,101.391,266,0,0,0,10,14,-29.6862,72.6862,1.5
616348474,101.391,0,0,-101.391,101.391,266,14,-29.6862,72.6862,1.5,0,0,0,10
616598471,105.076,0,0,-105.076,105.076,263,15,27.4849,72.4849,1.5,0,0,0,10
617723425,102.659,0,0,-102.659,102.659,217,3,-24.3838,59.5,1.5,0,0,0,10
617848321,84.6562,0,0,-84.6562,84.6562,113,9,4.99508,31.4951,1.5,0,0,0,10
618723473,98.9,0,0,-98.9,98.9,265,12,-16.5,76.2348,1.5,0,0,0,10
619348437,100.778,0,0,-100.778,100.778,229,17,28.5,61.0788,1.5,0,0,0,10
619848462,96.5588,0,0,-96.5588,96.5588,254,10,-1,74.9136,1.5,0,0,0,10
620598330,85.2571,0,0,-85.2571,85.2571,122,16,10.0922,33.5,1.5,0,0,0,10
620973303,83.5959,0,0,-83.5959,83.5959,95,7,7.42729,25.5778,1.5,0,0,0,10
621223322,84.5725,0,0,-84.5725,84.5725,114,1,-8.97849,31.5177,1.5,0,0,0,10
621348395,95.3645,0,0,-95.3645,95.3645,187,5,-22,49.8679,1.5,0,0,0,10
621598377,96.8428,0,0,-96.8428,96.8428,169,13,19.9376,44.9376,1.5,0,0,0,10
621848464,105.15,0,0,-105.15,105.15,256,8,-23.5,71.5545,1.5,0,0,0,10
622098308,83.9176,0,0,-83.9176,83.9176,100,19,9.55343,26.4466,1.5,0,0,0,10
622973300,83.7694,0,0,-83.7694,83.7694,92,4,-12.0914,24.0914,1.5,0,0,0,10
623348471,104.474,0,0,-104.474,104.474,263,18,35.0619,69.0562,1.5,0,0,0,10
623973382,99.1425,0,0,-99.1425,99.1425,174,2,-3.12702,51.5,1.5,0,0,0,10
624598439,96.1692,0,0,-96.1692,96.1692,231,11,13,66.6581,1.5,0,0,0,10
625223289,82.2159,0,0,-82.2159,82.2159,81,6,1.5,21.7339,1.5,0,0,0,10
626223384,95.9741,0,0,-95.9741,95.9741,176,20,13.8061,49.3061,1.5,0,0,0,10
650000081,82.2159,0,0,-82.2159,82.2159,81,0,0,0,10,6,1.5,21.7339,1.5
650000092,83.7694,0,0,-83.7694,83.7694,92,0,0,0,10,4,-12.0914,24.0914,1.5
650000095,83.5959,0,0,-83.5959,83.5959,95,0,0,0,10,7,7.42729,25.5778,1.5
650000100,83.9176,0,0,-83.9176,83.9176,100,0,0,0,10,19,9.55343,26.4466,1.5
650000113,84.6562,0,0,-84.6562,84.6562,113,0,0,0,10,9,4.99508,31.4951,1.5
650000114,84.5725,0,0,-84.5725,84.5725,114,0,0,0,10,1,-8.97849,31.5177,1.5
650000122,85.2571,0,0,-85.2571,85.2571,122,0,0,0,10,16,10.0922,33.5,1.5
650000169,96.8428,0,0,-96.8428,96.8428,169,0,0,0,10,13,19.9376,44.9376,1.5
650000174,99.1425,0,0,-99.1425,99.1425,174,0,0,0,10,2,-3.12702,51.5,1.5
650000176,95.9741,0,0,-95.9741,95.9741,176,0,0,0,10,20,13.8061,49.3061,1.5
650000187,95.3645,0,0,-95.3645,95.3645,187,0,0,0,10,5,-22,49.8679,1.5
650000217,102.659,0,0,-102.659,102.659,217,0,0,0,10,3,-24.3838,59.5,1.5
650000229,100.778,0,0,-100.778,100.778,229,0,0,0,10,17,28.5,61.0788,1.5
650000231,96.1692,0,0,-96.1692,96.1692,231,0,0,0,10,11,13,66.6581,1.5
650000254,96.5588,0,0,-96.5588,96.5588,254,0,0,0,10,10,-1,74.9136,1.5
650000256,105.15,0,0,-105.15,105.15,256,0,0,0,10,8,-23.5,71.5545,1.5
650000263,105.076,0,0,-105.076,105.076,263,0,0,0,10,15,27.4849,72.4849,1.5
650000263,104.474,0,0,-104.474,104.474,263,0,0,0,10,18,35.0619,69.0562,1.5
650000265,98.9,0,0,-98.9,98.9,265,0,0,0,10,12,-16.5,76.2348,1.5
650000266,101.391,0,0,-101.391,101.391,266,0,0,0,10,14,-29.6862,72.6862,1.5
666348474,101.391,0,0,-101.391,101.391,266,14,-29.6862,72.6862,1.5,0,0,0,10
666598471,105.076,0,0,-105.076,105.076,263,15,27.4849,72.4849,1.5,0,0,0,10
667723425,102.659,0,0,-102.659,102.659,217,3,-24.3838,59.5,1.5,0,0,0,10
667848321,84.6562,0,0,-84.6562,84.6562,113,9,4.99508,31.4951,1.5,0,0,0,10
668723473,98.9,0,0,-98.9,98.9,265,12,-16.5,76.2348,1.5,0,0,0,10
669348437,100.778,0,0,-100.778,100.778,229,17,28.5,61.0788,1.5,0,0,0,10
669848462,96.5588,0,0,-96.5588,96.5588,254,10,-1,74.9136,1.5,0,0,0,10
670598330,85.2571,0,0,-85.2571,85.2571,122,16,10.0922,33.5,1.5,0,0,0,10
670973303,83.5959,0,0,-83.5959,83.5959,95,7,7.42729,25.5778,1.5,0,0,0,10
671223322,84.5725,0,0,-84.5725,84.5725,114,1,-8.97849,31.5177,1.5,0,0,0,10
671348395,95.3645,0,0,-95.3645,95.3645,187,5,-22,49.8679,1.5,0,0,0,10
671598377,96.8428,0,0,-96.8428,96.8428,169,13,19.9376,44.9376,1.5,0,0,0,10
671848464,105.15,0,0,-105.15,105.15,256,8,-23.5,71.5545,1.5,0,0,0,10
672098308,83.9176,0,0,-83.9176,83.9176,100,19,9.55343,26.4466,1.5,0,0,0,10
672973300,83.7694,0,0,-83.7694,83.7694,92,4,-12.0914,24.0914,1.5,0,0,0,10
673348471,104.474,0,0,-104.474,104.474,263,18,35.0619,69.0562,1.5,0,0,0,10
673973382,99.1425,0,0,-99.1425,99.1425,174,2,-3.12702,51.5,1.5,0,0,0,10
674598439,96.1692,0,0,-96.1692,96.1692,231,11,13,66.6581,1.5,0,0,0,10
675223289,82.2159,0,0,-82.2159,82.2159,81,6,1.5,21.7339,1.5,0,0,0,10
676223384,95.9741,0,0,-95.9741,95.9741,176,20,13.8061,49.3061,1.5,0,0,0,10
700000081,82.2159,0,0,-82.2159,82.2159,81,0,0,0,10,6,1.5,21.5839,1.5
700000092,83.7694,0,0,-83.7694,83.7694,92,0,0,0,10,4,-12.1975,24.1975,1.5
700000095,83.5959,0,0,-83.5959,83.5959,95,0,0,0,10,7,7.54354,25.5,1.5
700000100,83.9176,0,0,-83.9176,83.9176,100,0,0,0,10,19,9.6595,26.3405,1.5
700000113,84.6562,0,0,-84.6562,84.6562,113,0,0,0,10,9,4.88901,31.389,1.5
700000114,84.5725,0,0,-84.5725,84.5725,114,0,0,0,10,1,-9.08638,31.4136,1.5
700000122,85.2571,0,0,-85.2571,85.2571,122,0,0,0,10,16,9.95909,33.4591,1.5
700000169,96.8428,0,0,-96.8428,96.8428,169,0,0,0,10,13,19.8315,44.8315,1.5
700000174,99.1425,0,0,-99.1425,99.1425,174,0,0,0,10,2,-3.27702,51.5,1.5
700000176,95.9741,0,0,-95.9741,95.9741,176,0,0,0,10,20,13.7,49.2,1.5
700000187,95.3645,0,0,-95.3645,95.3645,187,0,0,0,10,5,-22,49.7179,1.5
700000217,102.659,0,0,-102.659,102.659,217,0,0,0,10,3,-24.2338,59.5,1.5
700000229,100.778,0,0,-100.778,100.778,229,0,0,0,10,17,28.5,60.9288,1.5
700000231,96.1692,0,0,-96.1692,96.1692,231,0,0,0,10,11,13,66.5081,1.5
700000254,96.5588,0,0,-96.5588,96.5588,254,0,0,0,10,10,-1,74.7636,1.5
700000256,105.15,0,0,-105.15,105.15,256,0,0,0,10,8,-23.4324,71.4324,1.5
700000263,105.076,0,0,-105.076,105.076,263,0,0,0,10,15,27.3788,72.3788,1.5
700000263,104.474,0,0,-104.474,104.474,263,0,0,0,10,18,34.9531,68.9531,1.5
700000265,98.9,0,0,-98.9,98.9,265,0,0,0,10,12,-16.5,76.0848,1.5
700000266,101.391,0,0,-101.391,101.391,266,0,0,0,10,14,-29.5801,72.5801,1.5
716348474,101.391,0,0,-101.391,101.391,266,14,-29.5801,72.5801,1.5,0,0,0,10
716598471,105.076,0,0,-105.076,105.076,263,15,27.3788,72.3788,1.5,0,0,0,10
717723425,102.659,0,0,-102.659,102.659,217,3,-24.2338,59.5,1.5,0,0,0,10
717848321,84.6562,0,0,-84.6562,84.6562,113,9,4.88901,31.389,1.5,0,0,0,10
718723473,98.9,0,0,-98.9,98.9,265,12,-16.5,76.0848,1.5,0,0,0,10
719348437,100.778,0,0,-100.778,100.778,229,17,28.5,60.9288,1.5,0,0,0,10
719848462,96.5588,0,0,-96.5588,96.5588,254,10,-1,74.7636,1.5,0,0,0,10
720598330,85.2571,0,0,-85.2571,85.2571,122,16,9.95909,33.4591,1.5,0,0,0,10
720973303,83.5959,0,0,-83.5959,83.5959,95,7,7.54354,25.5,1.5,0,0,0,10
721223322,84.5725,0,0,-84.5725,84.5725,114,1,-9.08638,31.4136,1.5,0,0,0,10
721348395,95.3645,0,0,-95.3645,95.3645,187,5,-22,49.7179,1.5,0,0,0,10
721598377,96.8428,0,0,-96.8428,96.8428,169,13,19.8315,44.8315,1.5,0,0,0,10
721848464,105.15,0,0,-105.15,105.15,256,8,-23.4324,71.4324,1.5,0,0,0,10
722098308,83.9176,0,0,-83.9176,83.9176,100,19,9.6595,26.3405,1.5,0,0,0,10
722973300,83.7694,0,0,-83.7694,83.7694,92,4,-12.1975,24.1975,1.5,0,0,0,10
723348471,104.474,0,0,-104.474,104.474,263,18,34.9531,68.9531,1.5,0,0,0,10
723973382,99.1425,0,0,-99.1425,99.1425,174,2,-3.27702,51.5,1.5,0,0,0,10
724598439,96.1692,0,0,-96.1692,96.1692,231,11,13,66.5081,1.5,0,0,0,10
725223289,82.2159,0,0,-82.2159,82.2159,81,6,1.5,21.5839,1.5,0,0,0,10
726223384,95.9741,0,0,-95.9741,95.9741,176,20,13.7,49.2,1.5,0,0,0,10
750000081,82.2159,0,0,-82.2159,82.2159,81,0,0,0,10,6,1.5,21.5839,1.5
750000092,83.7694,0,0,-83.7694,83.7694,92,0,0,0,10,4,-12.1975,24.1975,1.5
750000095,83.5959,0,0,-83.5959,83.5959,95,0,0,0,10,7,7.54354,25.5,1.5
750000100,83.9176,0,0,-83.9176,83.9176,100,0,0,0,10,19,9.6595,26.3405,1.5
750000113,84.6562,0,0,-84.6562,84.6562,113,0,0,0,10,9,4.88901,31.389,1.5
750000114,84.5725,0,0,-84.5725,84.5725,114,0,0,0,10,1,-9.08638,31.4136,1.5
750000122,85.2571,0,0,-85.2571,85.2571,122,0,0,0,10,16,9.95909,33.4591,1.5
750000169,96.8428,0,0,-96.8428,96.8428,169,0,0,0,10,13,19.8315,44.8315,1.5
750000174,99.1425,0,0,-99.1425,99.1425,174,0,0,0,10,2,-3.27702,51.5,1.5
750000176,95.9741,0,0,-95.9741,95.9741,176,0,0,0,10,20,13.7,49.2,1.5
750000187,95.3645,0,0,-95.3645,95.3645,187,0,0,0,10,5,-22,49.7179,1.5
750000217,102.659,0,0,-102.659,102.659,217,0,0,0,10,3,-24.2338,59.5,1.5
750000229,100.778,0,0,-100.778,100.778,229,0,0,0,10,17,28.5,60.9288,1.5
750000231,96.1692,0,0,-96.1692,96.1692,231,0,0,0,10,11,13,66.5081,1.5
750000254,96.5588,0,0,-96.5588,96.5588,254,0,0,0,10,10,-1,74.7636,1.5
750000256,105.15,0,0,-105.15,105.15,256,0,0,0,10,8,-23.4324,71.4324,1.5
750000263,105.076,0,0,-105.076,105.076,263,0,0,0,10,15,27.3788,72.3788,1.5
750000263,104.474,0,0,-104.474,104.474,263,0,0,0,10,18,34.9531,68.9531,1.5
750000265,98.9,0,0,-98.9,98.9,265,0,0,0,10,12,-16.5,76.0848,1.5
750000266,101.391,0,0,-101.391,101.391,266,0,0,0,10,14,-29.5801,72.5801,1.5
766348474,101.391,0,0,-101.391,101.391,266,14,-29.5801,72.5801,1.5,0,0,0,10
766598471,105.076,0,0,-105.076,105.076,263,15,27.3788,72.3788,1.5,0,0,0,10
767723425,102.659,0,0,-102.659,102.659,217,3,-24.2338,59.5,1.5,0,0,0,10
767848321,84.6562,0,0,-84.6562,84.6562,113,9,4.88901,31.389,1.5,0,0,0,10
768723473,98.9,0,0,-98.9,98.9,265,12,-16.5,76.0848,1.5,0,0,0,10
769348437,100.778,0,0,-100.778,100.778,229,17,28.5,60.9288,1.5,0,0,0,10
769848462,96.5588,0,0,-96.5588,96.5588,254,10,-1,74.7636,1.5,0,0,0,10
770598330,85.2571,0,0,-85.2571,85.2571,122,16,9.95909,33.4591,1.5,0,0,0,10
770973303,83.5959,0,0,-83.5959,83.5959,95,7,7.54354,25.5,1.5,0,0,0,10
771223322,84.5725,0,0,-84.5725,84.5725,114,1,-9.08638,31.4136,1.5,0,0,0,10
771348395,95.3645,0,0,-95.3645,95.3645,187,5,-22,49.7179,1.5,0,0,0,10
771598377,96.8428,0,0,-96.8428,96.8428,169,13,19.8315,44.8315,1.5,0,0,0,10
771848464,105.15,0,0,-105.15,105.15,256,8,-23.4324,71.4324,1.5,0,0,0,10
772098308,83.9176,0,0,-83.9176,83.9176,100,19,9.6595,26.3405,1.5,0,0,0,10
772973300,83.7694,0,0,-83.7694,83.7694,92,4,-12.1975,24.1975,1.5,0,0,0,10
773348471,104.474,0,0,-104.474,104.474,263,18,34.9531,68.9531,1.5,0,0,0,10
773973382,99.1425,0,0,-99.1425,99.1425,174,2,-3.27702,51.5,1.5,0,0,0,10
774598439,96.1692,0,0,-96.1692,96.1692,231,11,13,66.5081,1.5,0,0,0,10
775223289,82.2159,0,0,-82.2159,82.2159,81,6,1.5,21.5839,1.5,0,0,0,10
776223384,95.9741,0,0,-95.9741,95.9741,176,20,13.7,49.2,1.5,0,0,0,10
800000095,84.1173,0,0,-84.1173,84.1173,95,0,0,0,10,4,-12.3036,24.3036,1.5
800000174,95.7317,0,0,-95.7317,95.7317,174,0,0,0,10,2,-3.42702,51.5,1.5
800009006,82.5677,0,0,-82.5677,82.5677,77,0,0,0,10,6,1.5,21.4339,1.5
800009022,83.8334,0,0,-83.8334,83.8334,93,0,0,0,10,7,7.69354,25.5,1.5
800009027,83.5304,0,0,-83.5304,83.5304,98,0,0,0,10,19,9.76556,26.2344,1.5
800009038,84.493,0,0,-84.493,84.493,109,0,0,0,10,9,4.78295,31.2829,1.5
800009041,84.6804,0,0,-84.6804,84.6804,112,0,0,0,10,1,-9.19245,31.3076,1.5
800009048,85.1241,0,0,-85.1241,85.1241,119,0,0,0,10,16,9.85303,33.353,1.5
800009095,96.3595,0,0,-96.3595,96.3595,166,0,0,0,10,13,19.7255,44.7255,1.5
800009101,95.2917,0,0,-95.2917,95.2917,172,0,0,0,10,20,13.594,49.094,1.5
800009112,97.8376,0,0,-97.8376,97.8376,183,0,0,0,10,5,-22,49.5679,1.5
800009145,99.9903,0,0,-99.9903,99.9903,216,0,0,0,10,3,-24.0838,59.5,1.5
800009155,100.184,0,0,-100.184,100.184,226,0,0,0,10,17,28.5,60.7788,1.5
800009156,99.693,0,0,-99.693,99.693,227,0,0,0,10,11,13,66.3581,1.5
800009180,96.7752,0,0,-96.7752,96.7752,251,0,0,0,10,10,-1,74.6136,1.5
800009181,100.984,0,0,-100.984,100.984,252,0,0,0,10,8,-23.3264,71.3264,1.5
800009188,100.792,0,0,-100.792,100.792,259,0,0,0,10,15,27.2728,72.2728,1.5
800009188,100.405,0,0,-100.405,100.405,259,0,0,0,10,18,34.847,68.847,1.5
800009190,98.2674,0,0,-98.2674,98.2674,261,0,0,0,10,12,-16.5,75.9348,1.5
800009192,105.107,0,0,-105.107,105.107,263,0,0,0,10,14,-29.474,72.474,1.5
816732395,100.792,0,0,-100.792,100.792,259,15,27.2728,72.2728,1.5,0,0,0,10
817857352,99.9903,0,0,-99.9903,99.9903,216,3,-24.0838,59.5,1.5,0,0,0,10
818732245,84.493,0,0,-84.493,84.493,109,9,4.78295,31.2829,1.5,0,0,0,10
818857397,98.2674,0,0,-98.2674,98.2674,261,12,-16.5,75.9348,1.5,0,0,0,10
821107387,96.7752,0,0,-96.7752,96.7752,251,10,-1,74.6136,1.5,0,0,0,10
821357229,83.8334,0,0,-83.8334,83.8334,93,7,7.69354,25.5,1.5,0,0,0,10
821732248,84.6804,0,0,-84.6804,84.6804,112,1,-9.19245,31.3076,1.5,0,0,0,10
822232388,100.984,0,0,-100.984,100.984,252,8,-23.3264,71.3264,1.5,0,0,0,10
822357319,97.8376,0,0,-97.8376,97.8376,183,5,-22,49.5679,1.5,0,0,0,10
822973303,84.1173,0,0,-84.1173,84.1173,95,4,-12.3036,24.3036,1.5,0,0,0,10
823357302,96.3595,0,0,-96.3595,96.3595,166,13,19.7255,44.7255,1.5,0,0,0,10
823973382,95.7317,0,0,-95.7317,95.7317,174,2,-3.42702,51.5,1.5,0,0,0,10
824357399,105.107,0,0,-105.107,105.107,263,14,-29.474,72.474,1.5,0,0,0,10
824857363,99.693,0,0,-99.693,99.693,227,11,13,66.3581,1.5,0,0,0,10
826232213,82.5677,0,0,-82.5677,82.5677,77,6,1.5,21.4339,1.5,0,0,0,10
827357255,85.1241,0,0,-85.1241,85.1241,119,16,9.85303,33.353,1.5,0,0,0,10
829348434,100.184,0,0,-100.184,100.184,226,17,28.5,60.7788,1.5,0,0,0,10
832098306,83.5304,0,0,-83.5304,83.5304,98,19,9.76556,26.2344,1.5,0,0,0,10
833348467,100.405,0,0,-100.405,100.405,259,18,34.847,68.847,1.5,0,0,0,10
836223380,95.2917,0,0,-95.2917,95.2917,172,20,13.594,49.094,1.5,0,0,0,10
850000095,84.1173,0,0,-84.1173,84.1173,95,0,0,0,10,4,-12.3036,24.3036,1.5
850000174,95.7317,0,0,-95.7317,95.7317,174,0,0,0,10,2,-3.42702,51.5,1.5
850009006,82.5677,0,0,-82.5677,82.5677,77,0,0,0,10,6,1.5,21.4339,1.5
850009022,83.8334,0,0,-83.8334,83.8334,93,0,0,0,10,7,7.69354,25.5,1.5
850009027,83.5304,0,0,-83.5304,83.5304,98,0,0,0,10,19,9.76556,26.2344,1.5
850009038,84.493,0,0,-84.493,84.493,109,0,0,0,10,9,4.78295,31.2829,1.5
850009041,84.6804,0,0,-84.6804,84.6804,112,0,0,0,10,1,-9.19245,31.3076,1.5
850009048,85.1241,0,0,-85.1241,85.1241,119,0,0,0,10,16,9.85303,33.353,1.5
850009095,96.3595,0,0,-96.3595,96.3595,166,0,0,0,10,13,19.7255,44.7255,1.5
850009101,95.2917,0,0,-95.2917,95.2917,172,0,0,0,10,20,13.594,49.094,1.5
850009112,97.8376,0,0,-97.8376,97.8376,183,0,0,0,10,5,-22,49.5679,1.5
850009145,99.9903,0,0,-99.9903,99.9903,216,0,0,0,10,3,-24.0838,59.5,1.5
850009155,100.184,0,0,-100.184,100.184,226,0,0,0,10,17,28.5,60.7788,1.5
850009156,99.693,0,0,-99.693,99.693,227,0,0,0,10,11,13,66.3581,1.5
850009180,96.7752,0,0,-96.7752,96.7752,251,0,0,0,10,10,-1,74.6136,1.5
850009181,100.984,0,0,-100.984,100.984,252,0,0,0,10,8,-23.3264,71.3264,1.5
850009188,100.792,0,0,-100.792,100.792,259,0,0,0,10,15,27.2728,72.2728,1.5
850009188,100.405,0,0,-100.405,100.405,259,0,0,0,10,18,34.847,68.847,1.5
850009190,98.2674,0,0,-98.2674,98.2674,261,0,0,0,10,12,-16.5,75.9348,1.5
850009192,105.107,0,0,-105.107,105.107,263,0,0,0,10,14,-29.474,72.474,1.5
866982395,100.792,0,0,-100.792,100.792,259,15,27.2728,72.2728,1.5,0,0,0,10
868107352,99.9903,0,0,-99.9903,99.9903,216,3,-24.0838,59.5,1.5,0,0,0,10
868982397,98.2674,0,0,-98.2674,98.2674,261,12,-16.5,75.9348,1.5,0,0,0,10
869232245,84.493,0,0,-84.493,84.493,109,9,4.78295,31.2829,1.5,0,0,0,10
871482387,96.7752,0,0,-96.7752,96.7752,251,10,-1,74.6136,1.5,0,0,0,10
871732229,83.8334,0,0,-83.8334,83.8334,93,7,7.69354,25.5,1.5,0,0,0,10
872107248,84.6804,0,0,-84.6804,84.6804,112,1,-9.19245,31.3076,1.5,0,0,0,10
872607388,100.984,0,0,-100.984,100.984,252,8,-23.3264,71.3264,1.5,0,0,0,10
872857319,97.8376,0,0,-97.8376,97.8376,183,5,-22,49.5679,1.5,0,0,0,10
872973303,84.1173,0,0,-84.1173,84.1173,95,4,-12.3036,24.3036,1.5,0,0,0,10
873357302,96.3595,0,0,-96.3595,96.3595,166,13,19.7255,44.7255,1.5,0,0,0,10
873973382,95.7317,0,0,-95.7317,95.7317,174,2,-3.42702,51.5,1.5,0,0,0,10
874357399,105.107,0,0,-105.107,105.107,263,14,-29.474,72.474,1.5,0,0,0,10
874982363,99.693,0,0,-99.693,99.693,227,11,13,66.3581,1.5,0,0,0,10
876607213,82.5677,0,0,-82.5677,82.5677,77,6,1.5,21.4339,1.5,0,0,0,10
877607255,85.1241,0,0,-85.1241,85.1241,119,16,9.85303,33.353,1.5,0,0,0,10
879348434,100.184,0,0,-100.184,100.184,226,17,28.5,60.7788,1.5,0,0,0,10
882098306,83.5304,0,0,-83.5304,83.5304,98,19,9.76556,26.2344,1.5,0,0,0,10
883348467,100.405,0,0,-100.405,100.405,259,18,34.847,68.847,1.5,0,0,0,10
886223380,95.2917,0,0,-95.2917,95.2917,172,20,13.594,49.094,1.5,0,0,0,10
900000095,84.1173,0,0,-84.1173,84.1173,95,0,0,0,10,4,-12.4096,24.4096,1.5
900000174,95.7317,0,0,-95.7317,95.7317,174,0,0,0,10,2,-3.57702,51.5,1.5
900009006,82.5677,0,0,-82.5677,82.5677,77,0,0,0,10,6,1.5,21.2839,1.5
900009022,83.8334,0,0,-83.8334,83.8334,93,0,0,0,10,7,7.84354,25.5,1.5
900009027,83.5304,0,0,-83.5304,83.5304,98,0,0,0,10,19,9.87163,26.1284,1.5
900009038,84.493,0,0,-84.493,84.493,109,0,0,0,10,9,4.67688,31.1769,1.5
900009041,84.6804,0,0,-84.6804,84.6804,112,0,0,0,10,1,-9.29852,31.2015,1.5
900009048,85.1241,0,0,-85.1241,85.1241,119,0,0,0,10,16,9.74696,33.247,1.5
900009095,96.3595,0,0,-96.3595,96.3595,166,0,0,0,10,13,19.6194,44.6194,1.5
900009101,95.2917,0,0,-95.2917,95.2917,172,0,0,0,10,20,13.4879,48.9879,1.5
900009112,97.8376,0,0,-97.8376,97.8376,183,0,0,0,10,5,-22,49.4179,1.5
900009145,99.9903,0,0,-99.9903,99.9903,216,0,0,0,10,3,-23.9338,59.5,1.5
900009155,100.184,0,0,-100.184,100.184,226,0,0,0,10,17,28.5,60.6288,1.5
900009156,99.693,0,0,-99.693,99.693,227,0,0,0,10,11,13,66.2081,1.5
900009180,96.7752,0,0,-96.7752,96.7752,251,0,0,0,10,10,-1,74.4636,1.5
900009181,100.984,0,0,-100.984,100.984,252,0,0,0,10,8,-23.2203,71.2203,1.5
900009188,100.792,0,0,-100.792,100.792,259,0,0,0,10,15,27.1667,72.1667,1.5
900009188,100.405,0,0,-100.405,100.405,259,0,0,0,10,18,34.7409,68.7409,1.5
900009190,98.2674,0,0,-98.2674,98.2674,261,0,0,0,10,12,-16.5,75.7848,1.5
900009192,105.107,0,0,-105.107,105.107,263,0,0,0,10,14,-29.368,72.368,1.5
917357395,100.792,0,0,-100.792,100.792,259,15,27.1667,72.1667,1.5,0,0,0,10
918482352,99.9903,0,0,-99.9903,99.9903,216,3,-23.9338,59.5,1.5,0,0,0,10
919357397,98.2674,0,0,-98.2674,98.2674,261,12,-16.5,75.7848,1.5,0,0,0,10
919607245,84.493,0,0,-84.493,84.493,109,9,4.67688,31.1769,1.5,0,0,0,10
921857387,96.7752,0,0,-96.7752,96.7752,251,10,-1,74.4636,1.5,0,0,0,10
922107229,83.8334,0,0,-83.8334,83.8334,93,7,7.84354,25.5,1.5,0,0,0,10
922482248,84.6804,0,0,-84.6804,84.6804,112,1,-9.29852,31.2015,1.5,0,0,0,10
922973303,84.1173,0,0,-84.1173,84.1173,95,4,-12.4096,24.4096,1.5,0,0,0,10
922982388,100.984,0,0,-100.984,100.984,252,8,-23.2203,71.2203,1.5,0,0,0,10
923232319,97.8376,0,0,-97.8376,97.8376,183,5,-22,49.4179,1.5,0,0,0,10
923357302,96.3595,0,0,-96.3595,96.3595,166,13,19.6194,44.6194,1.5,0,0,0,10
923973382,95.7317,0,0,-95.7317,95.7317,174,2,-3.57702,51.5,1.5,0,0,0,10
924357399,105.107,0,0,-105.107,105.107,263,14,-29.368,72.368,1.5,0,0,0,10
925232363,99.693,0,0,-99.693,99.693,227,11,13,66.2081,1.5,0,0,0,10
926982213,82.5677,0,0,-82.5677,82.5677,77,6,1.5,21.2839,1.5,0,0,0,10
928107255,85.1241,0,0,-85.1241,85.1241,119,16,9.74696,33.247,1.5,0,0,0,10
929348434,100.184,0,0,-100.184,100.184,226,17,28.5,60.6288,1.5,0,0,0,10
932098306,83.5304,0,0,-83.5304,83.5304,98,19,9.87163,26.1284,1.5,0,0,0,10
933348467,100.405,0,0,-100.405,100.405,259,18,34.7409,68.7409,1.5,0,0,0,10
936223380,95.2917,0,0,-95.2917,95.2917,172,20,13.4879,48.9879,1.5,0,0,0,10
950000095,84.1173,0,0,-84.1173,84.1173,95,0,0,0,10,4,-12.4096,24.4096,1.5
950000174,95.7317,0,0,-95.7317,95.7317,174,0,0,0,10,2,-3.57702,51.5,1.5
950009006,82.5677,0,0,-82.5677,82.5677,77,0,0,0,10,6,1.5,21.2839,1.5
950009022,83.8334,0,0,-83.8334,83.8334,93,0,0,0,10,7,7.84354,25.5,1.5
950009027,83.5304,0,0,-83.5304,83.5304,98,0,0,0,10,19,9.87163,26.1284,1.5
950009038,84.493,0,0,-84.493,84.493,109,0,0,0,10,9,4.67688,31.1769,1.5
950009041,84.6804,0,0,-84.6804,84.6804,112,0,0,0,10,1,-9.29852,31.2015,1.5
950009048,85.1241,0,0,-85.1241,85.1241,119,0,0,0,10,16,9.74696,33.247,1.5
950009095,96.3595,0,0,-96.3595,96.3595,166,0,0,0,10,13,19.6194,44.6194,1.5
950009101,95.2917,0,0,-95.2917,95.2917,172,0,0,0,10,20,13.4879,48.9879,1.5
950009112,97.8376,0,0,-97.8376,97.8376,183,0,0,0,10,5,-22,49.4179,1.5
950009145,99.9903,0,0,-99.9903,99.9903,216,0,0,0,10,3,-23.9338,59.5,1.5
950009155,100.184,0,0,-100.184,100.184,226,0,0,0,10,17,28.5,60.6288,1.5
950009156,99.693,0,0,-99.693,99.693,227,0,0,0,10,11,13,66.2081,1.5
950009180,96.7752,0,0,-96.7752,96.7752,251,0,0,0,10,10,-1,74.4636,1.5
950009181,100.984,0,0,-100.984,100.984,252,0,0,0,10,8,-23.2203,71.2203,1.5
950009188,100.792,0,0,-100.792,100.792,259,0,0,0,10,15,27.1667,72.1667,1.5
950009188,100.405,0,0,-100.405,100.405,259,0,0,0,10,18,34.7409,68.7409,1.5
950009190,98.2674,0,0,-98.2674,98.2674,261,0,0,0,10,12,-16.5,75.7848,1.5
950009192,105.107,0,0,-105.107,105.107,263,0,0,0,10,14,-29.368,72.368,1.5
967839540,100.792,0,0,-100.792,100.792,259,15,27.1667,72.1667,1.5,0,0,0,10
968982352,99.9903,0,0,-99.9903,99.9903,216,3,-23.9338,59.5,1.5,0,0,0,10
969598470,98.2674,0,0,-98.2674,98.2674,261,12,-16.5,75.7848,1.5,0,0,0,10
969982245,84.493,0,0,-84.493,84.493,109,9,4.67688,31.1769,1.5,0,0,0,10
972357387,96.7752,0,0,-96.7752,96.7752,251,10,-1,74.4636,1.5,0,0,0,10
972482229,83.8334,0,0,-83.8334,83.8334,93,7,7.84354,25.5,1.5,0,0,0,10
972857248,84.6804,0,0,-84.6804,84.6804,112,1,-9.29852,31.2015,1.5,0,0,0,10
972973303,84.1173,0,0,-84.1173,84.1173,95,4,-12.4096,24.4096,1.5,0,0,0,10
973357302,96.3595,0,0,-96.3595,96.3595,166,13,19.6194,44.6194,1.5,0,0,0,10
973357388,100.984,0,0,-100.984,100.984,252,8,-23.2203,71.2203,1.5,0,0,0,10
973607319,97.8376,0,0,-97.8376,97.8376,183,5,-22,49.4179,1.5,0,0,0,10
973973382,95.7317,0,0,-95.7317,95.7317,174,2,-3.57702,51.5,1.5,0,0,0,10
974357399,105.107,0,0,-105.107,105.107,263,14,-29.368,72.368,1.5,0,0,0,10
976107363,99.693,0,0,-99.693,99.693,227,11,13,66.2081,1.5,0,0,0,10
977357213,82.5677,0,0,-82.5677,82.5677,77,6,1.5,21.2839,1.5,0,0,0,10
978482255,85.1241,0,0,-85.1241,85.1241,119,16,9.74696,33.247,1.5,0,0,0,10
979348434,100.184,0,0,-100.184,100.184,226,17,28.5,60.6288,1.5,0,0,0,10
982098306,83.5304,0,0,-83.5304,83.5304,98,19,9.87163,26.1284,1.5,0,0,0,10
983348467,100.405,0,0,-100.405,100.405,259,18,34.7409,68.7409,1.5,0,0,0,10
986223380,95.2917,0,0,-95.2917,95.2917,172,20,13.4879,48.9879,1.5,0,0,0,10
1000000095,84.1173,0,0,-84.1173,84.1173,95,0,0,0,10,4,-12.5157,24.5157,1.5
1000000174,95.7317,0,0,-95.7317,95.7317,174,0,0,0,10,2,-3.72702,51.5,1.5
1000009006,82.5677,0,0,-82.5677,82.5677,77,0,0,0,10,6,1.5,21.1339,1.5
1000009022,83.8334,0,0,-83.8334,83.8334,93,0,0,0,10,7,7.99354,25.5,1.5
1000009027,83.5304,0,0,-83.5304,83.5304,98,0,0,0,10,19,9.9777,26.0223,1.5
1000009038,84.493,0,0,-84.493,84.493,109,0,0,0,10,9,4.57082,31.0708,1.5
1000009041,84.6804,0,0,-84.6804,84.6804,112,0,0,0,10,1,-9.40458,31.0954,1.5
1000009048,85.1241,0,0,-85.1241,85.1241,119,0,0,0,10,16,9.6409,33.1409,1.5
1000009095,96.3595,0,0,-96.3595,96.3595,166,0,0,0,10,13,19.5133,44.5133,1.5
1000009101,95.2917,0,0,-95.2917,95.2917,172,0,0,0,10,20,13.3818,48.8818,1.5
1000009112,97.8376,0,0,-97.8376,97.8376,183,0,0,0,10,5,-22,49.2679,1.5
1000009145,99.9903,0,0,-99.9903,99.9903,216,0,0,0,10,3,-23.7838,59.5,1.5
1000009155,100.184,0,0,-100.184,100.184,226,0,0,0,10,17,28.5,60.4788,1.5
1000009156,99.693,0,0,-99.693,99.693,227,0,0,0,10,11,13,66.0581,1.5
1000009180,96.7752,0,0,-96.7752,96.7752,251,0,0,0,10,10,-1,74.3136,1.5
1000009181,100.984,0,0,-100.984,100.984,252,0,0,0,10,8,-23.1142,71.1142,1.5
1000009188,100.792,0,0,-100.792,100.792,259,0,0,0,10,15,27.0606,72.0606,1.5
1000009188,100.405,0,0,-100.405,100.405,259,0,0,0,10,18,34.6349,68.6349,1.5
1000009190,98.2674,0,0,-98.2674,98.2674,261,0,0,0,10,12,-16.5,75.6348,1.5
1000009192,105.107,0,0,-105.107,105.107,263,0,0,0,10,14,-29.2619,72.2619,1.5
1018232395,100.792,0,0,-100.792,100.792,259,15,27.0606,72.0606,1.5,0,0,0,10
1019223425,99.9903,0,0,-99.9903,99.9903,216,3,-23.7838,59.5,1.5,0,0,0,10
1020232397,98.2674,0,0,-98.2674,98.2674,261,12,-16.5,75.6348,1.5,0,0,0,10
1020357245,84.493,0,0,-84.493,84.493,109,9,4.57082,31.0708,1.5,0,0,0,10
1022732387,96.7752,0,0,-96.7752,96.7752,251,10,-1,74.3136,1.5,0,0,0,10
1022857229,83.8334,0,0,-83.8334,83.8334,93,7,7.99354,25.5,1.5,0,0,0,10
1022973303,84.1173,0,0,-84.1173,84.1173,95,4,-12.5157,24.5157,1.5,0,0,0,10
1023357248,84.6804,0,0,-84.6804,84.6804,112,1,-9.40458,31.0954,1.5,0,0,0,10
1023357302,96.3595,0,0,-96.3595,96.3595,166,13,19.5133,44.5133,1.5,0,0,0,10
1023857388,100.984,0,0,-100.984,100.984,252,8,-23.1142,71.1142,1.5,0,0,0,10
1023973382,95.7317,0,0,-95.7317,95.7317,174,2,-3.72702,51.5,1.5,0,0,0,10
1023982319,97.8376,0,0,-97.8376,97.8376,183,5,-22,49.2679,1.5,0,0,0,10
1024357399,105.107,0,0,-105.107,105.107,263,14,-29.2619,72.2619,1.5,0,0,0,10
1026482363,99.693,0,0,-99.693,99.693,227,11,13,66.0581,1.5,0,0,0,10
1027732213,82.5677,0,0,-82.5677,82.5677,77,6,1.5,21.1339,1.5,0,0,0,10
1028857255,85.1241,0,0,-85.1241,85.1241,119,16,9.6409,33.1409,1.5,0,0,0,10
1029348434,100.184,0,0,-100.184,100.184,226,17,28.5,60.4788,1.5,0,0,0,10
1032098306,83.5304,0,0,-83.5304,83.5304,98,19,9.9777,26.0223,1.5,0,0,0,10
1033348467,100.405,0,0,-100.405,100.405,259,18,34.6349,68.6349,1.5,0,0,0,10
1036223380,95.2917,0,0,-95.2917,95.2917,172,20,13.3818,48.8818,1.5,0,0,0,10
1050000095,84.1173,0,0,-84.1173,84.1173,95,0,0,0,10,4,-12.5157,24.5157,1.5
1050000174,95.7317,0,0,-95.7317,95.7317,174,0,0,0,10,2,-3.72702,51.5,1.5
1050009006,82.5677,0,0,-82.5677,82.5677,77,0,0,0,10,6,1.5,21.1339,1.5
1050009022,83.8334,0,0,-83.8334,83.8334,93,0,0,0,10,7,7.99354,25.5,1.5
1050009027,83.5304,0,0,-83.5304,83.5304,98,0,0,0,10,19,9.9777,26.0223,1.5
1050009038,84.493,0,0,-84.493,84.493,109,0,0,0,10,9,4.57082,31.0708,1.5
1050009041,84.6804,0,0,-84.6804,84.6804,112,0,0,0,10,1,-9.40458,31.0954,1.5
1050009048,85.1241,0,0,-85.1241,85.1241,119,0,0,0,10,16,9.6409,33.1409,1.5
1050009095,96.3595,0,0,-96.3595,96.3595,166,0,0,0,10,13,19.5133,44.5133,1.5
1050009101,95.2917,0,0,-95.2917,95.2917,172,0,0,0,10,20,13.3818,48.8818,1.5
1050009112,97.8376,0,0,-97.8376,97.8376,183,0,0,0,10,5,-22,49.2679,1.5
1050009145,99.9903,0,0,-99.9903,99.9903,216,0,0,0,10,3,-23.7838,59.5,1.5
1050009155,100.184,0,0,-100.184,100.184,226,0,0,0,10,17,28.5,60.4788,1.5
1050009156,99.693,0,0,-99.693,99.693,227,0,0,0,10,11,13,66.0581,1.5
1050009180,96.7752,0,0,-96.7752,96.7752,251,0,0,0,10,10,-1,74.3136,1.5
1050009181,100.984,0,0,-100.984,100.984,252,0,0,0,10,8,-23.1142,71.1142,1.5
1050009188,100.792,0,0,-100.792,100.792,259,0,0,0,10,15,27.0606,72.0606,1.5
1050009188,100.405,0,0,-100.405,100.405,259,0,0,0,10,18,34.6349,68.6349,1.5
1050009190,98.2674,0,0,-98.2674,98.2674,261,0,0,0,10,12,-16.5,75.6348,1.5
1050009192,105.107,0,0,-105.107,105.107,263,0,0,0,10,14,-29.2619,72.2619,1.5
1068607395,100.792,0,0,-100.792,100.792,259,15,27.0606,72.0606,1.5,0,0,0,10
1069732352,99.9903,0,0,-99.9903,99.9903,216,3,-23.7838,59.5,1.5,0,0,0,10
1070607397,98.2674,0,0,-98.2674,98.2674,261,12,-16.5,75.6348,1.5,0,0,0,10
1070732245,84.493,0,0,-84.493,84.493,109,9,4.57082,31.0708,1.5,0,0,0,10
1072973303,84.1173,0,0,-84.1173,84.1173,95,4,-12.5157,24.5157,1.5,0,0,0,10
1073107387,96.7752,0,0,-96.7752,96.7752,251,10,-1,74.3136,1.5,0,0,0,10
1073357229,83.8334,0,0,-83.8334,83.8334,93,7,7.99354,25.5,1.5,0,0,0,10
1073357302,96.3595,0,0,-96.3595,96.3595,166,13,19.5133,44.5133,1.5,0,0,0,10
1073732248,84.6804,0,0,-84.6804,84.6804,112,1,-9.40458,31.0954,1.5,0,0,0,10
1073973382,95.7317,0,0,-95.7317,95.7317,174,2,-3.72702,51.5,1.5,0,0,0,10
1074232388,100.984,0,0,-100.984,100.984,252,8,-23.1142,71.1142,1.5,0,0,0,10
1074357319,97.8376,0,0,-97.8376,97.8376,183,5,-22,49.2679,1.5,0,0,0,10
1074357399,105.107,0,0,-105.107,105.107,263,14,-29.2619,72.2619,1.5,0,0,0,10
1076857363,99.693,0,0,-99.693,99.693,227,11,13,66.0581,1.5,0,0,0,10
1078232213,82.5677,0,0,-82.5677,82.5677,77,6,1.5,21.1339,1.5,0,0,0,10
1079232255,85.1241,0,0,-85.1241,85.1241,119,16,9.6409,33.1409,1.5,0,0,0,10
1079348434,100.184,0,0,-100.184,100.184,226,17,28.5,60.4788,1.5,0,0,0,10
1082098306,83.5304,0,0,-83.5304,83.5304,98,19,9.9777,26.0223,1.5,0,0,0,10
1083348467,100.405,0,0,-100.405,100.405,259,18,34.6349,68.6349,1.5,0,0,0,10
1086223380,95.2917,0,0,-95.2917,95.2917,172,20,13.3818,48.8818,1.5,0,0,0,10
1100000095,84.1173,0,0,-84.1173,84.1173,95,0,0,0,10,4,-12.6218,24.6218,1.5
1100000174,95.7317,0,0,-95.7317,95.7317,174,0,0,0,10,2,-3.87702,51.5,1.5
1100009006,82.5677,0,0,-82.5677,82.5677,77,0,0,0,10,6,1.5,20.9839,1.5
1100009022,83.8334,0,0,-83.8334,83.8334,93,0,0,0,10,7,8.1015,25.3985,1.5
1100009027,83.5304,0,0,-83.5304,83.5304,98,0,0,0,10,19,10.0838,25.9162,1.5
1100009038,84.493,0,0,-84.493,84.493,109,0,0,0,10,9,4.46475,30.9647,1.5
1100009041,84.6804,0,0,-84.6804,84.6804,112,0,0,0,10,1,-9.51065,30.9894,1.5
1100009048,85.1241,0,0,-85.1241,85.1241,119,0,0,0,10,16,9.53483,33.0348,1.5
1100009095,96.3595,0,0,-96.3595,96.3595,166,0,0,0,10,13,19.4073,44.4073,1.5
1100009101,95.2917,0,0,-95.2917,95.2917,172,0,0,0,10,20,13.2758,48.7758,1.5
1100009112,97.8376,0,0,-97.8376,97.8376,183,0,0,0,10,5,-22,49.1179,1.5
1100009145,99.9903,0,0,-99.9903,99.9903,216,0,0,0,10,3,-23.6338,59.5,1.5
1100009155,100.184,0,0,-100.184,100.184,226,0,0,0,10,17,28.5,60.3288,1.5
1100009156,99.693,0,0,-99.693,99.693,227,0,0,0,10,11,13,65.9081,1.5
1100009180,96.7752,0,0,-96.7752,96.7752,251,0,0,0,10,10,-1,74.1636,1.5
1100009181,100.984,0,0,-100.984,100.984,252,0,0,0,10,8,-23.0082,71.0082,1.5
1100009188,100.792,0,0,-100.792,100.792,259,0,0,0,10,15,26.9546,71.9546,1.5
1100009188,100.405,0,0,-100.405,100.405,259,0,0,0,10,18,34.5288,68.5288,1.5
1100009190,98.2674,0,0,-98.2674,98.2674,261,0,0,0,10,12,-16.5,75.4848,1.5
1100009192,105.107,0,0,-105.107,105.107,263,0,0,0,10,14,-29.1558,72.1558,1.5
1118982395,100.792,0,0,-100.792,100.792,259,15,26.9546,71.9546,1.5,0,0,0,10
1120107352,99.9903,0,0,-99.9903,99.9903,216,3,-23.6338,59.5,1.5,0,0,0,10
1120857245,84.493,0,0,-84.493,84.493,109,9,4.46475,30.9647,1.5,0,0,0,10
1120982397,98.2674,0,0,-98.2674,98.2674,261,12,-16.5,75.4848,1.5,0,0,0,10
1122973303,84.1173,0,0,-84.1173,84.1173,95,4,-12.6218,24.6218,1.5,0,0,0,10
1123357302,96.3595,0,0,-96.3595,96.3595,166,13,19.4073,44.4073,1.5,0,0,0,10
1123482387,96.7752,0,0,-96.7752,96.7752,251,10,-1,74.1636,1.5,0,0,0,10
1123732229,83.8334,0,0,-83.8334,83.8334,93,7,8.1015,25.3985,1.5,0,0,0,10
1123973382,95.7317,0,0,-95.7317,95.7317,174,2,-3.87702,51.5,1.5,0,0,0,10
1124107248,84.6804,0,0,-84.6804,84.6804,112,1,-9.51065,30.9894,1.5,0,0,0,10
1124357399,105.107,0,0,-105.107,105.107,263,14,-29.1558,72.1558,1.5,0,0,0,10
1124473461,100.984,0,0,-100.984,100.984,252,8,-23.0082,71.0082,1.5,0,0,0,10
1124857319,97.8376,0,0,-97.8376,97.8376,183,5,-22,49.1179,1.5,0,0,0,10
1127232363,99.693,0,0,-99.693,99.693,227,11,13,65.9081,1.5,0,0,0,10
1128607213,82.5677,0,0,-82.5677,82.5677,77,6,1.5,20.9839,1.5,0,0,0,10
1129348434,100.184,0,0,-100.184,100.184,226,17,28.5,60.3288,1.5,0,0,0,10
1129607255,85.1241,0,0,-85.1241,85.1241,119,16,9.53483,33.0348,1.5,0,0,0,10
1132098306,83.5304,0,0,-83.5304,83.5304,98,19,10.0838,25.9162,1.5,0,0,0,10
1133348467,100.405,0,0,-100.405,100.405,259,18,34.5288,68.5288,1.5,0,0,0,10
1136223380,95.2917,0,0,-95.2917,95.2917,172,20,13.2758,48.7758,1.5,0,0,0,10
1150000095,84.1173,0,0,-84.1173,84.1173,95,0,0,0,10,4,-12.6218,24.6218,1.5
1150000174,95.7317,0,0,-95.7317,95.7317,174,0,0,0,10,2,-3.87702,51.5,1.5
1150009006,82.5677,0,0,-82.5677,82.5677,77,0,0,0,10,6,1.5,20.9839,1.5
1150009022,83.8334,0,0,-83.8334,83.8334,93,0,0,0,10,7,8.1015,25.3985,1.5
1150009027,83.5304,0,0,-83.5304,83.5304,98,0,0,0,10,19,10.0838,25.9162,1.5
1150009038,84.493,0,0,-84.493,84.493,109,0,0,0,10,9,4.46475,30.9647,1.5
1150009041,84.6804,0,0,-84.6804,84.6804,112,0,0,0,10,1,-9.51065,30.9894,1.5
1150009048,85.1241,0,0,-85.1241,85.1241,119,0,0,0,10,16,9.53483,33.0348,1.5
1150009095,96.3595,0,0,-96.3595,96.3595,166,0,0,0,10,13,19.4073,44.4073,1.5
1150009101,95.2917,0,0,-95.2917,95.2917,172,0,0,0,10,20,13.2758,48.7758,1.5
1150009112,97.8376,0,0,-97.8376,97.8376,183,0,0,0,10,5,-22,49.1179,1.5
1150009145,99.9903,0,0,-99.9903,99.9903,216,0,0,0,10,3,-23.6338,59.5,1.5
1150009155,100.184,0,0,-100.184,100.184,226,0,0,0,10,17,28.5,60.3288,1.5
1150009156,99.693,0,0,-99.693,99.693,227,0,0,0,10,11,13,65.9081,1.5
1150009180,96.7752,0,0,-96.7752,96.7752,251,0,0,0,10,10,-1,74.1636,1.5
1150009181,100.984,0,0,-100.984,100.984,252,0,0,0,10,8,-23.0082,71.0082,1.5
1150009188,100.792,0,0,-100.792,100.792,259,0,0,0,10,15,26.9546,71.9546,1.5
1150009188,100.405,0,0,-100.405,100.405,259,0,0,0,10,18,34.5288,68.5288,1.5
1150009190,98.2674,0,0,-98.2674,98.2674,261,0,0,0,10,12,-16.5,75.4848,1.5
1150009192,105.107,0,0,-105.107,105.107,263,0,0,0,10,14,-29.1558,72.1558,1.5
1169357395,100.792,0,0,-100.792,100.792,259,15,26.9546,71.9546,1.5,0,0,0,10
1170482352,99.9903,0,0,-99.9903,99.9903,216,3,-23.6338,59.5,1.5,0,0,0,10
1171107245,84.493,0,0,-84.493,84.493,109,9,4.46475,30.9647,1.5,0,0,0,10
1171357397,98.2674,0,0,-98.2674,98.2674,261,12,-16.5,75.4848,1.5,0,0,0,10
1172973303,84.1173,0,0,-84.1173,84.1173,95,4,-12.6218,24.6218,1.5,0,0,0,10
1173357302,96.3595,0,0,-96.3595,96.3595,166,13,19.4073,44.4073,1.5,0,0,0,10
1173857387,96.7752,0,0,-96.7752,96.7752,251,10,-1,74.1636,1.5,0,0,0,10
1173973382,95.7317,0,0,-95.7317,95.7317,174,2,-3.87702,51.5,1.5,0,0,0,10
1174107229,83.8334,0,0,-83.8334,83.8334,93,7,8.1015,25.3985,1.5,0,0,0,10
1174357399,105.107,0,0,-105.107,105.107,263,14,-29.1558,72.1558,1.5,0,0,0,10
1174482248,84.6804,0,0,-84.6804,84.6804,112,1,-9.51065,30.9894,1.5,0,0,0,10
1174982388,100.984,0,0,-100.984,100.984,252,8,-23.0082,71.0082,1.5,0,0,0,10
1175232319,97.8376,0,0,-97.8376,97.8376,183,5,-22,49.1179,1.5,0,0,0,10
1177732363,99.693,0,0,-99.693,99.693,227,11,13,65.9081,1.5,0,0,0,10
1178982213,82.5677,0,0,-82.5677,82.5677,77,6,1.5,20.9839,1.5,0,0,0,10
1179348434,100.184,0,0,-100.184,100.184,226,17,28.5,60.3288,1.5,0,0,0,10
1179982255,85.1241,0,0,-85.1241,85.1241,119,16,9.53483,33.0348,1.5,0,0,0,10
1182098306,83.5304,0,0,-83.5304,83.5304,98,19,10.0838,25.9162,1.5,0,0,0,10
1183348467,100.405,0,0,-100.405,100.405,259,18,34.5288,68.5288,1.5,0,0,0,10
1186223380,95.2917,0,0,-95.2917,95.2917,172,20,13.2758,48.7758,1.5,0,0,0,10
1200000095,84.1173,0,0,-84.1173,84.1173,95,0,0,0,10,4,-12.7278,24.7278,1.5
1200000174,95.7317,0,0,-95.7317,95.7317,174,0,0,0,10,2,-4.02702,51.5,1.5
1200009006,82.5677,0,0,-82.5677,82.5677,77,0,0,0,10,6,1.5,20.8339,1.5
1200009022,83.8334,0,0,-83.8334,83.8334,93,0,0,0,10,7,8.20756,25.2924,1.5
1200009027,83.5304,0,0,-83.5304,83.5304,98,0,0,0,10,19,10.1898,25.8102,1.5
1200009038,84.493,0,0,-84.493,84.493,109,0,0,0,10,9,4.35868,30.8587,1.5
1200009041,84.6804,0,0,-84.6804,84.6804,112,0,0,0,10,1,-9.61671,30.8833,1.5
1200009048,85.1241,0,0,-85.1241,85.1241,119,0,0,0,10,16,9.39926,33,1.5
1200009095,96.3595,0,0,-96.3595,96.3595,166,0,0,0,10,13,19.3012,44.3012,1.5
1200009101,95.2917,0,0,-95.2917,95.2917,172,0,0,0,10,20,13.1697,48.6697,1.5
1200009112,97.8376,0,0,-97.8376,97.8376,183,0,0,0,10,5,-22,48.9679,1.5
1200009145,99.9903,0,0,-99.9903,99.9903,216,0,0,0,10,3,-23.4838,59.5,1.5
1200009155,100.184,0,0,-100.184,100.184,226,0,0,0,10,17,28.5,60.1788,1.5
1200009156,99.693,0,0,-99.693,99.693,227,0,0,0,10,11,13,65.7581,1.5
1200009180,96.7752,0,0,-96.7752,96.7752,251,0,0,0,10,10,-1,74.0136,1.5
1200009181,100.984,0,0,-100.984,100.984,252,0,0,0,10,8,-22.9021,70.9021,1.5
1200009188,100.792,0,0,-100.792,100.792,259,0,0,0,10,15,26.8485,71.8485,1.5
1200009188,100.405,0,0,-100.405,100.405,259,0,0,0,10,18,34.4227,68.4227,1.5
1200009190,98.2674,0,0,-98.2674,98.2674,261,0,0,0,10,12,-16.5,75.3348,1.5
1200009192,105.107,0,0,-105.107,105.107,263,0,0,0,10,14,-29.0498,72.0498,1.5
1219857395,100.792,0,0,-100.792,100.792,259,15,26.8485,71.8485,1.5,0,0,0,10
1220982352,99.9903,0,0,-99.9903,99.9903,216,3,-23.4838,59.5,1.5,0,0,0,10
1221732397,98.2674,0,0,-98.2674,98.2674,261,12,-16.5,75.3348,1.5,0,0,0,10
1221982245,84.493,0,0,-84.493,84.493,109,9,4.35868,30.8587,1.5,0,0,0,10
1222973303,84.1173,0,0,-84.1173,84.1173,95,4,-12.7278,24.7278,1.5,0,0,0,10
1223357302,96.3595,0,0,-96.3595,96.3595,166,13,19.3012,44.3012,1.5,0,0,0,10
1223973382,95.7317,0,0,-95.7317,95.7317,174,2,-4.02702,51.5,1.5,0,0,0,10
1224357387,96.7752,0,0,-96.7752,96.7752,251,10,-1,74.0136,1.5,0,0,0,10
1224357399,105.107,0,0,-105.107,105.107,263,14,-29.0498,72.0498,1.5,0,0,0,10
1224482229,83.8334,0,0,-83.8334,83.8334,93,7,8.20756,25.2924,1.5,0,0,0,10
1224857248,84.6804,0,0,-84.6804,84.6804,112,1,-9.61671,30.8833,1.5,0,0,0,10
1225357388,100.984,0,0,-100.984,100.984,252,8,-22.9021,70.9021,1.5,0,0,0,10
1225607319,97.8376,0,0,-97.8376,97.8376,183,5,-22,48.9679,1.5,0,0,0,10
1228107363,99.693,0,0,-99.693,99.693,227,11,13,65.7581,1.5,0,0,0,10
1229348434,100.184,0,0,-100.184,100.184,226,17,28.5,60.1788,1.5,0,0,0,10
1229357213,82.5677,0,0,-82.5677,82.5677,77,6,1.5,20.8339,1.5,0,0,0,10
1230482255,85.1241,0,0,-85.1241,85.1241,119,16,9.39926,33,1.5,0,0,0,10
1232098306,83.5304,0,0,-83.5304,83.5304,98,19,10.1898,25.8102,1.5,0,0,0,10
1233348467,100.405,0,0,-100.405,100.405,259,18,34.4227,68.4227,1.5,0,0,0,10
1236223380,95.2917,0,0,-95.2917,95.2917,172,20,13.1697,48.6697,1.5,0,0,0,10
1250000095,84.1173,0,0,-84.1173,84.1173,95,0,0,0,10,4,-12.7278,24.7278,1.5
1250000174,95.7317,0,0,-95.7317,95.7317,174,0,0,0,10,2,-4.02702,51.5,1.5
1250125077,82.5677,0,0,-82.5677,82.5677,77,0,0,0,10,6,1.5,20.8339,1.5
1250125093,83.8334,0,0,-83.8334,83.8334,93,0,0,0,10,7,8.20756,25.2924,1.5
1250125098,83.5304,0,0,-83.5304,83.5304,98,0,0,0,10,19,10.1898,25.8102,1.5
1250125109,84.493,0,0,-84.493,84.493,109,0,0,0,10,9,4.35868,30.8587,1.5
1250125112,84.6804,0,0,-84.6804,84.6804,112,0,0,0,10,1,-9.61671,30.8833,1.5
1250125119,85.1241,0,0,-85.1241,85.1241,119,0,0,0,10,16,9.39926,33,1.5
1250125166,96.3595,0,0,-96.3595,96.3595,166,0,0,0,10,13,19.3012,44.3012,1.5
1250125172,95.2917,0,0,-95.2917,95.2917,172,0,0,0,10,20,13.1697,48.6697,1.5
1250125183,97.8376,0,0,-97.8376,97.8376,183,0,0,0,10,5,-22,48.9679,1.5
1250125216,99.9903,0,0,-99.9903,99.9903,216,0,0,0,10,3,-23.4838,59.5,1.5
1250125226,100.184,0,0,-100.184,100.184,226,0,0,0,10,17,28.5,60.1788,1.5
1250125227,99.693,0,0,-99.693,99.693,227,0,0,0,10,11,13,65.7581,1.5
1250125251,96.7752,0,0,-96.7752,96.7752,251,0,0,0,10,10,-1,74.0136,1.5
1250125252,100.984,0,0,-100.984,100.984,252,0,0,0,10,8,-22.9021,70.9021,1.5
1250125259,100.792,0,0,-100.792,100.792,259,0,0,0,10,15,26.8485,71.8485,1.5
1250125259,100.405,0,0,-100.405,100.405,259,0,0,0,10,18,34.4227,68.4227,1.5
1250125261,98.2674,0,0,-98.2674,98.2674,261,0,0,0,10,12,-16.5,75.3348,1.5
1250125263,105.107,0,0,-105.107,105.107,263,0,0,0,10,14,-29.0498,72.0498,1.5
1270232395,100.792,0,0,-100.792,100.792,259,15,26.8485,71.8485,1.5,0,0,0,10
1271357352,99.9903,0,0,-99.9903,99.9903,216,3,-23.4838,59.5,1.5,0,0,0,10
1272232397,98.2674,0,0,-98.2674,98.2674,261,12,-16.5,75.3348,1.5,0,0,0,10
1272357245,84.493,0,0,-84.493,84.493,109,9,4.35868,30.8587,1.5,0,0,0,10
1272973303,84.1173,0,0,-84.1173,84.1173,95,4,-12.7278,24.7278,1.5,0,0,0,10
1273357302,96.3595,0,0,-96.3595,96.3595,166,13,19.3012,44.3012,1.5,0,0,0,10
1273973382,95.7317,0,0,-95.7317,95.7317,174,2,-4.02702,51.5,1.5,0,0,0,10
1274357399,105.107,0,0,-105.107,105.107,263,14,-29.0498,72.0498,1.5,0,0,0,10
1274732387,96.7752,0,0,-96.7752,96.7752,251,10,-1,74.0136,1.5,0,0,0,10
1274857229,83.8334,0,0,-83.8334,83.8334,93,7,8.20756,25.2924,1.5,0,0,0,10
1275357248,84.6804,0,0,-84.6804,84.6804,112,1,-9.61671,30.8833,1.5,0,0,0,10
1275857388,100.984,0,0,-100.984,100.984,252,8,-22.9021,70.9021,1.5,0,0,0,10
1275982319,97.8376,0,0,-97.8376,97.8376,183,5,-22,48.9679,1.5,0,0,0,10
1278482363,99.693,0,0,-99.693,99.693,227,11,13,65.7581,1.5,0,0,0,10
1279348434,100.184,0,0,-100.184,100.184,226,17,28.5,60.1788,1.5,0,0,0,10
1279732213,82.5677,0,0,-82.5677,82.5677,77,6,1.5,20.8339,1.5,0,0,0,10
1280598327,85.1241,0,0,-85.1241,85.1241,119,16,9.39926,33,1.5,0,0,0,10
1282098306,83.5304,0,0,-83.5304,83.5304,98,19,10.1898,25.8102,1.5,0,0,0,10
1283348467,100.405,0,0,-100.405,100.405,259,18,34.4227,68.4227,1.5,0,0,0,10
1286223380,95.2917,0,0,-95.2917,95.2917,172,20,13.1697,48.6697,1.5,0,0,0,10
1300000095,84.1173,0,0,-84.1173,84.1173,95,0,0,0,10,4,-12.8339,24.8339,1.5
1300000174,95.7317,0,0,-95.7317,95.7317,174,0,0,0,10,2,-4.17702,51.5,1.5
1300125077,82.5677,0,0,-82.5677,82.5677,77,0,0,0,10,6,1.5,20.6839,1.5
1300125093,83.8334,0,0,-83.8334,83.8334,93,0,0,0,10,7,8.31363,25.1864,1.5
1300125098,83.5304,0,0,-83.5304,83.5304,98,0,0,0,10,19,10.2959,25.7041,1.5
1300125109,84.493,0,0,-84.493,84.493,109,0,0,0,10,9,4.25262,30.7526,1.5
1300125112,84.6804,0,0,-84.6804,84.6804,112,0,0,0,10,1,-9.72278,30.7772,1.5
1300125119,85.1241,0,0,-85.1241,85.1241,119,0,0,0,10,16,9.24926,33,1.5
1300125166,96.3595,0,0,-96.3595,96.3595,166,0,0,0,10,13,19.1951,44.1951,1.5
1300125172,95.2917,0,0,-95.2917,95.2917,172,0,0,0,10,20,13.0636,48.5636,1.5
1300125183,97.8376,0,0,-97.8376,97.8376,183,0,0,0,10,5,-22,48.8179,1.5
1300125216,99.9903,0,0,-99.9903,99.9903,216,0,0,0,10,3,-23.3338,59.5,1.5
1300125226,100.184,0,0,-100.184,100.184,226,0,0,0,10,17,28.5,60.0288,1.5
1300125227,99.693,0,0,-99.693,99.693,227,0,0,0,10,11,13,65.6081,1.5
1300125251,96.7752,0,0,-96.7752,96.7752,251,0,0,0,10,10,-1,73.8636,1.5
1300125252,100.984,0,0,-100.984,100.984,252,0,0,0,10,8,-22.796,70.796,1.5
1300125259,100.792,0,0,-100.792,100.792,259,0,0,0,10,15,26.7424,71.7424,1.5
1300125259,100.405,0,0,-100.405,100.405,259,0,0,0,10,18,34.3167,68.3167,1.5
1300125261,98.2674,0,0,-98.2674,98.2674,261,0,0,0,10,12,-16.5,75.1848,1.5
1300125263,105.107,0,0,-105.107,105.107,263,0,0,0,10,14,-28.9437,71.9437,1.5
1320589540,100.792,0,0,-100.792,100.792,259,15,26.7424,71.7424,1.5,0,0,0,10
1321732352,99.9903,0,0,-99.9903,99.9903,216,3,-23.3338,59.5,1.5,0,0,0,10
1322607397,98.2674,0,0,-98.2674,98.2674,261,12,-16.5,75.1848,1.5,0,0,0,10
1322732245,84.493,0,0,-84.493,84.493,109,9,4.25262,30.7526,1.5,0,0,0,10
1322973303,84.1173,0,0,-84.1173,84.1173,95,4,-12.8339,24.8339,1.5,0,0,0,10
1323357302,96.3595,0,0,-96.3595,96.3595,166,13,19.1951,44.1951,1.5,0,0,0,10
1323973382,95.7317,0,0,-95.7317,95.7317,174,2,-4.17702,51.5,1.5,0,0,0,10
1324357399,105.107,0,0,-105.107,105.107,263,14,-28.9437,71.9437,1.5,0,0,0,10
1325107387,96.7752,0,0,-96.7752,96.7752,251,10,-1,73.8636,1.5,0,0,0,10
1325357229,83.8334,0,0,-83.8334,83.8334,93,7,8.31363,25.1864,1.5,0,0,0,10
1325732248,84.6804,0,0,-84.6804,84.6804,112,1,-9.72278,30.7772,1.5,0,0,0,10
1326232388,100.984,0,0,-100.984,100.984,252,8,-22.796,70.796,1.5,0,0,0,10
1326357319,97.8376,0,0,-97.8376,97.8376,183,5,-22,48.8179,1.5,0,0,0,10
1328857363,99.693,0,0,-99.693,99.693,227,11,13,65.6081,1.5,0,0,0,10
1329348434,100.184,0,0,-100.184,100.184,226,17,28.5,60.0288,1.5,0,0,0,10
1330232213,82.5677,0,0,-82.5677,82.5677,77,6,1.5,20.6839,1.5,0,0,0,10
1330598327,85.1241,0,0,-85.1241,85.1241,119,16,9.24926,33,1.5,0,0,0,10
1332098306,83.5304,0,0,-83.5304,83.5304,98,19,10.2959,25.7041,1.5,0,0,0,10
1333348467,100.405,0,0,-100.405,100.405,259,18,34.3167,68.3167,1.5,0,0,0,10
1336223380,95.2917,0,0,-95.2917,95.2917,172,20,13.0636,48.5636,1.5,0,0,0,10
1350000095,84.1173,0,0,-84.1173,84.1173,95,0,0,0,10,4,-12.8339,24.8339,1.5
1350000174,95.7317,0,0,-95.7317,95.7317,174,0,0,0,10,2,-4.17702,51.5,1.5
1350125077,82.5677,0,0,-82.5677,82.5677,77,0,0,0,10,6,1.5,20.6839,1.5
1350125093,83.8334,0,0,-83.8334,83.8334,93,0,0,0,10,7,8.31363,25.1864,1.5
1350125098,83.5304,0,0,-83.5304,83.5304,98,0,0,0,10,19,10.2959,25.7041,1.5
1350125109,84.493,0,0,-84.493,84.493,109,0,0,0,10,9,4.25262,30.7526,1.5
1350125112,84.6804,0,0,-84.6804,84.6804,112,0,0,0,10,1,-9.72278,30.7772,1.5
1350125119,85.1241,0,0,-85.1241,85.1241,119,0,0,0,10,16,9.24926,33,1.5
1350125166,96.3595,0,0,-96.3595,96.3595,166,0,0,0,10,13,19.1951,44.1951,1.5
1350125172,95.2917,0,0,-95.2917,95.2917,172,0,0,0,10,20,13.0636,48.5636,1.5
1350125183,97.8376,0,0,-97.8376,97.8376,183,0,0,0,10,5,-22,48.8179,1.5
1350125216,99.9903,0,0,-99.9903,99.9903,216,0,0,0,10,3,-23.3338,59.5,1.5
1350125226,100.184,0,0,-100.184,100.184,226,0,0,0,10,17,28.5,60.0288,1.5
1350125227,99.693,0,0,-99.693,99.693,227,0,0,0,10,11,13,65.6081,1.5
1350125251,96.7752,0,0,-96.7752,96.7752,251,0,0,0,10,10,-1,73.8636,1.5
1350125252,100.984,0,0,-100.984,100.984,252,0,0,0,10,8,-22.796,70.796,1.5
1350125259,100.792,0,0,-100.792,100.792,259,0,0,0,10,15,26.7424,71.7424,1.5
1350125259,100.405,0,0,-100.405,100.405,259,0,0,0,10,18,34.3167,68.3167,1.5
1350125261,98.2674,0,0,-98.2674,98.2674,261,0,0,0,10,12,-16.5,75.1848,1.5
1350125263,105.107,0,0,-105.107,105.107,263,0,0,0,10,14,-28.9437,71.9437,1.5
1370982395,100.792,0,0,-100.792,100.792,259,15,26.7424,71.7424,1.5,0,0,0,10
1372107352,99.9903,0,0,-99.9903,99.9903,216,3,-23.3338,59.5,1.5,0,0,0,10
1372973303,84.1173,0,0,-84.1173,84.1173,95,4,-12.8339,24.8339,1.5,0,0,0,10
1372982397,98.2674,0,0,-98.2674,98.2674,261,12,-16.5,75.1848,1.5,0,0,0,10
1373232245,84.493,0,0,-84.493,84.493,109,9,4.25262,30.7526,1.5,0,0,0,10
1373357302,96.3595,0,0,-96.3595,96.3595,166,13,19.1951,44.1951,1.5,0,0,0,10
1373973382,95.7317,0,0,-95.7317,95.7317,174,2,-4.17702,51.5,1.5,0,0,0,10
1374357399,105.107,0,0,-105.107,105.107,263,14,-28.9437,71.9437,1.5,0,0,0,10
1375482387,96.7752,0,0,-96.7752,96.7752,251,10,-1,73.8636,1.5,0,0,0,10
1375732229,83.8334,0,0,-83.8334,83.8334,93,7,8.31363,25.1864,1.5,0,0,0,10
1376107248,84.6804,0,0,-84.6804,84.6804,112,1,-9.72278,30.7772,1.5,0,0,0,10
1376607388,100.984,0,0,-100.984,100.984,252,8,-22.796,70.796,1.5,0,0,0,10
1376857319,97.8376,0,0,-97.8376,97.8376,183,5,-22,48.8179,1.5,0,0,0,10
1378982363,99.693,0,0,-99.693,99.693,227,11,13,65.6081,1.5,0,0,0,10
1379348434,100.184,0,0,-100.184,100.184,226,17,28.5,60.0288,1.5,0,0,0,10
1380598327,85.1241,0,0,-85.1241,85.1241,119,16,9.24926,33,1.5,0,0,0,10
1380607213,82.5677,0,0,-82.5677,82.5677,77,6,1.5,20.6839,1.5,0,0,0,10
1382098306,83.5304,0,0,-83.5304,83.5304,98,19,10.2959,25.7041,1.5,0,0,0,10
1383348467,100.405,0,0,-100.405,100.405,259,18,34.3167,68.3167,1.5,0,0,0,10
1386223380,95.2917,0,0,-95.2917,95.2917,172,20,13.0636,48.5636,1.5,0,0,0,10
1400000095,84.1173,0,0,-84.1173,84.1173,95,0,0,0,10,4,-12.94,24.94,1.5
1400000174,95.7317,0,0,-95.7317,95.7317,174,0,0,0,10,2,-4.32702,51.5,1.5
1400125077,82.5677,0,0,-82.5677,82.5677,77,0,0,0,10,6,1.5,20.5339,1.5
1400125093,83.8334,0,0,-83.8334,83.8334,93,0,0,0,10,7,8.4197,25.0803,1.5
1400125098,83.5304,0,0,-83.5304,83.5304,98,0,0,0,10,19,10.402,25.598,1.5
1400125109,84.493,0,0,-84.493,84.493,109,0,0,0,10,9,4.14655,30.6466,1.5
1400125112,84.6804,0,0,-84.6804,84.6804,112,0,0,0,10,1,-9.82885,30.6712,1.5
1400125119,85.1241,0,0,-85.1241,85.1241,119,0,0,0,10,16,9.09926,33,1.5
1400125166,96.3595,0,0,-96.3595,96.3595,166,0,0,0,10,13,19.0891,44.0891,1.5
1400125172,95.2917,0,0,-95.2917,95.2917,172,0,0,0,10,20,12.9576,48.4576,1.5
1400125183,97.8376,0,0,-97.8376,97.8376,183,0,0,0,10,5,-22,48.6679,1.5
1400125216,99.9903,0,0,-99.9903,99.9903,216,0,0,0,10,3,-23.1838,59.5,1.5
1400125226,100.184,0,0,-100.184,100.184,226,0,0,0,10,17,28.5,59.8788,1.5
1400125227,99.693,0,0,-99.693,99.693,227,0,0,0,10,11,13,65.4581,1.5
1400125251,96.7752,0,0,-96.7752,96.7752,251,0,0,0,10,10,-1,73.7136,1.5
1400125252,100.984,0,0,-100.984,100.984,252,0,0,0,10,8,-22.69,70.69,1.5
1400125259,100.792,0,0,-100.792,100.792,259,0,0,0,10,15,26.6364,71.6364,1.5
1400125259,100.405,0,0,-100.405,100.405,259,0,0,0,10,18,34.2106,68.2106,1.5
1400125261,98.2674,0,0,-98.2674,98.2674,261,0,0,0,10,12,-16.5,75.0348,1.5
1400125263,105.107,0,0,-105.107,105.107,263,0,0,0,10,14,-28.8376,71.8376,1.5
1421357395,100.792,0,0,-100.792,100.792,259,15,26.6364,71.6364,1.5,0,0,0,10
1422482352,99.9903,0,0,-99.9903,99.9903,216,3,-23.1838,59.5,1.5,0,0,0,10
1422973303,84.1173,0,0,-84.1173,84.1173,95,4,-12.94,24.94,1.5,0,0,0,10
1423357302,96.3595,0,0,-96.3595,96.3595,166,13,19.0891,44.0891,1.5,0,0,0,10
1423357397,98.2674,0,0,-98.2674,98.2674,261,12,-16.5,75.0348,1.5,0,0,0,10
1423607245,84.493,0,0,-84.493,84.493,109,9,4.14655,30.6466,1.5,0,0,0,10
1423973382,95.7317,0,0,-95.7317,95.7317,174,2,-4.32702,51.5,1.5,0,0,0,10
1424357399,105.107,0,0,-105.107,105.107,263,14,-28.8376,71.8376,1.5,0,0,0,10
1425857387,96.7752,0,0,-96.7752,96.7752,251,10,-1,73.7136,1.5,0,0,0,10
1426107229,83.8334,0,0,-83.8334,83.8334,93,7,8.4197,25.0803,1.5,0,0,0,10
1426482248,84.6804,0,0,-84.6804,84.6804,112,1,-9.82885,30.6712,1.5,0,0,0,10
1426982388,100.984,0,0,-100.984,100.984,252,8,-22.69,70.69,1.5,0,0,0,10
1427232319,97.8376,0,0,-97.8376,97.8376,183,5,-22,48.6679,1.5,0,0,0,10
1429232363,99.693,0,0,-99.693,99.693,227,11,13,65.4581,1.5,0,0,0,10
1429348434,100.184,0,0,-100.184,100.184,226,17,28.5,59.8788,1.5,0,0,0,10
1430598327,85.1241,0,0,-85.1241,85.1241,119,16,9.09926,33,1.5,0,0,0,10
1430982213,82.5677,0,0,-82.5677,82.5677,77,6,1.5,20.5339,1.5,0,0,0,10
1432098306,83.5304,0,0,-83.5304,83.5304,98,19,10.402,25.598,1.5,0,0,0,10
1433348467,100.405,0,0,-100.405,100.405,259,18,34.2106,68.2106,1.5,0,0,0,10
1436223380,95.2917,0,0,-95.2917,95.2917,172,20,12.9576,48.4576,1.5,0,0,0,10
1450000095,84.1173,0,0,-84.1173,84.1173,95,0,0,0,10,4,-12.94,24.94,1.5
1450000174,95.7317,0,0,-95.7317,95.7317,174,0,0,0,10,2,-4.32702,51.5,1.5
1450125077,82.5677,0,0,-82.5677,82.5677,77,0,0,0,10,6,1.5,20.5339,1.5
1450125093,83.8334,0,0,-83.8334,83.8334,93,0,0,0,10,7,8.4197,25.0803,1.5
1450125098,83.5304,0,0,-83.5304,83.5304,98,0,0,0,10,19,10.402,25.598,1.5
1450125109,84.493,0,0,-84.493,84.493,109,0,0,0,10,9,4.14655,30.6466,1.5
1450125112,84.6804,0,0,-84.6804,84.6804,112,0,0,0,10,1,-9.82885,30.6712,1.5
1450125119,85.1241,0,0,-85.1241,85.1241,119,0,0,0,10,16,9.09926,33,1.5
1450125166,96.3595,0,0,-96.3595,96.3595,166,0,0,0,10,13,19.0891,44.0891,1.5
1450125172,95.2917,0,0,-95.2917,95.2917,172,0,0,0,10,20,12.9576,48.4576,1.5
1450125183,97.8376,0,0,-97.8376,97.8376,183,0,0,0,10,5,-22,48.6679,1.5
1450125216,99.9903,0,0,-99.9903,99.9903,216,0,0,0,10,3,-23.1838,59.5,1.5
1450125226,100.184,0,0,-100.184,100.184,226,0,0,0,10,17,28.5,59.8788,1.5
1450125227,99.693,0,0,-99.693,99.693,227,0,0,0,10,11,13,65.4581,1.5
1450125251,96.7752,0,0,-96.7752,96.7752,251,0,0,0,10,10,-1,73.7136,1.5
1450125252,100.984,0,0,-100.984,100.984,252,0,0,0,10,8,-22.69,70.69,1.5
1450125259,100.792,0,0,-100.792,100.792,259,0,0,0,10,15,26.6364,71.6364,1.5
1450125259,100.405,0,0,-100.405,100.405,259,0,0,0,10,18,34.2106,68.2106,1.5
1450125261,98.2674,0,0,-98.2674,98.2674,261,0,0,0,10,12,-16.5,75.0348,1.5
1450125263,105.107,0,0,-105.107,105.107,263,0,0,0,10,14,-28.8376,71.8376,1.5
1471839540,100.792,0,0,-100.792,100.792,259,15,26.6364,71.6364,1.5,0,0,0,10
1472973303,84.1173,0,0,-84.1173,84.1173,95,4,-12.94,24.94,1.5,0,0,0,10
1472982352,99.9903,0,0,-99.9903,99.9903,216,3,-23.1838,59.5,1.5,0,0,0,10
1473357302,96.3595,0,0,-96.3595,96.3595,166,13,19.0891,44.0891,1.5,0,0,0,10
1473473470,98.2674,0,0,-98.2674,98.2674,261,12,-16.5,75.0348,1.5,0,0,0,10
1473973382,95.7317,0,0,-95.7317,95.7317,174,2,-4.32702,51.5,1.5,0,0,0,10
1473982245,84.493,0,0,-84.493,84.493,109,9,4.14655,30.6466,1.5,0,0,0,10
1474357399,105.107,0,0,-105.107,105.107,263,14,-28.8376,71.8376,1.5,0,0,0,10
1476357387,96.7752,0,0,-96.7752,96.7752,251,10,-1,73.7136,1.5,0,0,0,10
1476482229,83.8334,0,0,-83.8334,83.8334,93,7,8.4197,25.0803,1.5,0,0,0,10
1476857248,84.6804,0,0,-84.6804,84.6804,112,1,-9.82885,30.6712,1.5,0,0,0,10
1477357388,100.984,0,0,-100.984,100.984,252,8,-22.69,70.69,1.5,0,0,0,10
1477607319,97.8376,0,0,-97.8376,97.8376,183,5,-22,48.6679,1.5,0,0,0,10
1479348434,100.184,0,0,-100.184,100.184,226,17,28.5,59.8788,1.5,0,0,0,10
1480107363,99.693,0,0,-99.693,99.693,227,11,13,65.4581,1.5,0,0,0,10
1480598327,85.1241,0,0,-85.1241,85.1241,119,16,9.09926,33,1.5,0,0,0,10
1481357213,82.5677,0,0,-82.5677,82.5677,77,6,1.5,20.5339,1.5,0,0,0,10
1482098306,83.5304,0,0,-83.5304,83.5304,98,19,10.402,25.598,1.5,0,0,0,10
1483348467,100.405,0,0,-100.405,100.405,259,18,34.2106,68.2106,1.5,0,0,0,10
1486223380,95.2917,0,0,-95.2917,95.2917,172,20,12.9576,48.4576,1.5,0,0,0,10
1500000098,83.7549,0,0,-83.7549,83.7549,98,0,0,0,10,4,-13.046,25.046,1.5
1500000175,96.7694,0,0,-96.7694,96.7694,175,0,0,0,10,2,-4.47702,51.5,1.5
1500134003,81.9599,0,0,-81.9599,81.9599,74,0,0,0,10,6,1.5,20.3839,1.5
1500134021,83.7718,0,0,-83.7718,83.7718,92,0,0,0,10,7,8.52576,24.9742,1.5
1500134025,84.1811,0,0,-84.1811,84.1811,96,0,0,0,10,19,10.508,25.492,1.5
1500134036,84.3046,0,0,-84.3046,84.3046,107,0,0,0,10,9,4.04049,30.5405,1.5
1500134040,84.8888,0,0,-84.8888,84.8888,111,0,0,0,10,1,-9.93491,30.5651,1.5
1500134047,84.6194,0,0,-84.6194,84.6194,118,0,0,0,10,16,8.94926,33,1.5
1500134091,96.1069,0,0,-96.1069,96.1069,162,0,0,0,10,13,18.983,43.983,1.5
1500134098,95.2284,0,0,-95.2284,95.2284,169,0,0,0,10,20,12.8515,48.3515,1.5
1500134109,95.1104,0,0,-95.1104,95.1104,180,0,0,0,10,5,-22,48.5179,1.5
1500134144,101.242,0,0,-101.242,101.242,215,0,0,0,10,3,-23.0338,59.5,1.5
1500134152,103.18,0,0,-103.18,103.18,223,0,0,0,10,17,28.5,59.7288,1.5
1500134153,98.127,0,0,-98.127,98.127,224,0,0,0,10,11,13,65.3081,1.5
1500134176,96.5674,0,0,-96.5674,96.5674,247,0,0,0,10,10,-1,73.5636,1.5
1500134178,103.468,0,0,-103.468,103.468,249,0,0,0,10,8,-22.5839,70.5839,1.5
1500134185,105.192,0,0,-105.192,105.192,256,0,0,0,10,15,26.5303,71.5303,1.5
1500134185,104.078,0,0,-104.078,104.078,256,0,0,0,10,18,34.1045,68.1045,1.5
1500134186,98.1852,0,0,-98.1852,98.1852,257,0,0,0,10,12,-16.5,74.8848,1.5
1500134188,100.616,0,0,-100.616,100.616,259,0,0,0,10,14,-28.7316,71.7316,1.5
1522232392,105.192,0,0,-105.192,105.192,256,15,26.5303,71.5303,1.5,0,0,0,10
1522973306,83.7549,0,0,-83.7549,83.7549,98,4,-13.046,25.046,1.5,0,0,0,10
1523223424,101.242,0,0,-101.242,101.242,215,3,-23.0338,59.5,1.5,0,0,0,10
1523482298,96.1069,0,0,-96.1069,96.1069,162,13,18.983,43.983,1.5,0,0,0,10
1523973383,96.7694,0,0,-96.7694,96.7694,175,2,-4.47702,51.5,1.5,0,0,0,10
1524232393,98.1852,0,0,-98.1852,98.1852,257,12,-16.5,74.8848,1.5,0,0,0,10
1524357243,84.3046,0,0,-84.3046,84.3046,107,9,4.04049,30.5405,1.5,0,0,0,10
1524482395,100.616,0,0,-100.616,100.616,259,14,-28.7316,71.7316,1.5,0,0,0,10
1526732383,96.5674,0,0,-96.5674,96.5674,247,10,-1,73.5636,1.5,0,0,0,10
1526857228,83.7718,0,0,-83.7718,83.7718,92,7,8.52576,24.9742,1.5,0,0,0,10
1527357247,84.8888,0,0,-84.8888,84.8888,111,1,-9.93491,30.5651,1.5,0,0,0,10
1527857385,103.468,0,0,-103.468,103.468,249,8,-22.5839,70.5839,1.5,0,0,0,10
1527982316,95.1104,0,0,-95.1104,95.1104,180,5,-22,48.5179,1.5,0,0,0,10
1529973432,103.18,0,0,-103.18,103.18,223,17,28.5,59.7288,1.5,0,0,0,10
1530482360,98.127,0,0,-98.127,98.127,224,11,13,65.3081,1.5,0,0,0,10
1530732254,84.6194,0,0,-84.6194,84.6194,118,16,8.94926,33,1.5,0,0,0,10
1531732210,81.9599,0,0,-81.9599,81.9599,74,6,1.5,20.3839,1.5,0,0,0,10
1532482232,84.1811,0,0,-84.1811,84.1811,96,19,10.508,25.492,1.5,0,0,0,10
1533482392,104.078,0,0,-104.078,104.078,256,18,34.1045,68.1045,1.5,0,0,0,10
1536357305,95.2284,0,0,-95.2284,95.2284,169,20,12.8515,48.3515,1.5,0,0,0,10
1550000098,83.7549,0,0,-83.7549,83.7549,98,0,0,0,10,4,-13.046,25.046,1.5
1550000175,96.7694,0,0,-96.7694,96.7694,175,0,0,0,10,2,-4.47702,51.5,1.5
1550134003,81.9599,0,0,-81.9599,81.9599,74,0,0,0,10,6,1.5,20.3839,1.5
1550134021,83.7718,0,0,-83.7718,83.7718,92,0,0,0,10,7,8.52576,24.9742,1.5
1550134025,84.1811,0,0,-84.1811,84.1811,96,0,0,0,10,19,10.508,25.492,1.5
1550134036,84.3046,0,0,-84.3046,84.3046,107,0,0,0,10,9,4.04049,30.5405,1.5
1550134040,84.8888,0,0,-84.8888,84.8888,111,0,0,0,10,1,-9.93491,30.5651,1.5
1550134047,84.6194,0,0,-84.6194,84.6194,118,0,0,0,10,16,8.94926,33,1.5
1550134091,96.1069,0,0,-96.1069,96.1069,162,0,0,0,10,13,18.983,43.983,1.5
1550134098,95.2284,0,0,-95.2284,95.2284,169,0,0,0,10,20,12.8515,48.3515,1.5
1550134109,95.1104,0,0,-95.1104,95.1104,180,0,0,0,10,5,-22,48.5179,1.5
1550134144,101.242,0,0,-101.242,101.242,215,0,0,0,10,3,-23.0338,59.5,1.5
1550134152,103.18,0,0,-103.18,103.18,223,0,0,0,10,17,28.5,59.7288,1.5
1550134153,98.127,0,0,-98.127,98.127,224,0,0,0,10,11,13,65.3081,1.5
1550134176,96.5674,0,0,-96.5674,96.5674,247,0,0,0,10,10,-1,73.5636,1.5
1550134178,103.468,0,0,-103.468,103.468,249,0,0,0,10,8,-22.5839,70.5839,1.5
1550134185,105.192,0,0,-105.192,105.192,256,0,0,0,10,15,26.5303,71.5303,1.5
1550134185,104.078,0,0,-104.078,104.078,256,0,0,0,10,18,34.1045,68.1045,1.5
1550134186,98.1852,0,0,-98.1852,98.1852,257,0,0,0,10,12,-16.5,74.8848,1.5
1550134188,100.616,0,0,-100.616,100.616,259,0,0,0,10,14,-28.7316,71.7316,1.5
1572607392,105.192,0,0,-105.192,105.192,256,15,26.5303,71.5303,1.5,0,0,0,10
1572973306,83.7549,0,0,-83.7549,83.7549,98,4,-13.046,25.046,1.5,0,0,0,10
1573482298,96.1069,0,0,-96.1069,96.1069,162,13,18.983,43.983,1.5,0,0,0,10
1573732351,101.242,0,0,-101.242,101.242,215,3,-23.0338,59.5,1.5,0,0,0,10
1573973383,96.7694,0,0,-96.7694,96.7694,175,2,-4.47702,51.5,1.5,0,0,0,10
1574482395,100.616,0,0,-100.616,100.616,259,14,-28.7316,71.7316,1.5,0,0,0,10
1574607393,98.1852,0,0,-98.1852,98.1852,257,12,-16.5,74.8848,1.5,0,0,0,10
1574732243,84.3046,0,0,-84.3046,84.3046,107,9,4.04049,30.5405,1.5,0,0,0,10
1577107383,96.5674,0,0,-96.5674,96.5674,247,10,-1,73.5636,1.5,0,0,0,10
1577357228,83.7718,0,0,-83.7718,83.7718,92,7,8.52576,24.9742,1.5,0,0,0,10
1577732247,84.8888,0,0,-84.8888,84.8888,111,1,-9.93491,30.5651,1.5,0,0,0,10
1578232385,103.468,0,0,-103.468,103.468,249,8,-22.5839,70.5839,1.5,0,0,0,10
1578357316,95.1104,0,0,-95.1104,95.1104,180,5,-22,48.5179,1.5,0,0,0,10
1580857254,84.6194,0,0,-84.6194,84.6194,118,16,8.94926,33,1.5,0,0,0,10
1580857360,98.127,0,0,-98.127,98.127,224,11,13,65.3081,1.5,0,0,0,10
1582232210,81.9599,0,0,-81.9599,81.9599,74,6,1.5,20.3839,1.5,0,0,0,10
1583107232,84.1811,0,0,-84.1811,84.1811,96,19,10.508,25.492,1.5,0,0,0,10
1583482359,103.18,0,0,-103.18,103.18,223,17,28.5,59.7288,1.5,0,0,0,10
1583982392,104.078,0,0,-104.078,104.078,256,18,34.1045,68.1045,1.5,0,0,0,10
1586857305,95.2284,0,0,-95.2284,95.2284,169,20,12.8515,48.3515,1.5,0,0,0,10
1600000098,83.7549,0,0,-83.7549,83.7549,98,0,0,0,10,4,-13.1521,25.1521,1.5
1600000175,96.7694,0,0,-96.7694,96.7694,175,0,0,0,10,2,-4.62702,51.5,1.5
1600134003,81.9599,0,0,-81.9599,81.9599,74,0,0,0,10,6,1.5,20.2339,1.5
1600134021,83.7718,0,0,-83.7718,83.7718,92,0,0,0,10,7,8.63183,24.8682,1.5
1600134025,84.1811,0,0,-84.1811,84.1811,96,0,0,0,10,19,10.6141,25.3859,1.5
1600134036,84.3046,0,0,-84.3046,84.3046,107,0,0,0,10,9,3.93442,30.4344,1.5
1600134040,84.8888,0,0,-84.8888,84.8888,111,0,0,0,10,1,-10.041,30.459,1.5
1600134047,84.6194,0,0,-84.6194,84.6194,118,0,0,0,10,16,8.79926,33,1.5
1600134091,96.1069,0,0,-96.1069,96.1069,162,0,0,0,10,13,18.877,43.877,1.5
1600134098,95.2284,0,0,-95.2284,95.2284,169,0,0,0,10,20,12.7454,48.2454,1.5
1600134109,95.1104,0,0,-95.1104,95.1104,180,0,0,0,10,5,-22,48.3679,1.5
1600134144,101.242,0,0,-101.242,101.242,215,0,0,0,10,3,-22.8838,59.5,1.5
1600134152,103.18,0,0,-103.18,103.18,223,0,0,0,10,17,28.5,59.5788,1.5
1600134153,98.127,0,0,-98.127,98.127,224,0,0,0,10,11,13,65.1581,1.5
1600134176,96.5674,0,0,-96.5674,96.5674,247,0,0,0,10,10,-1,73.4136,1.5
1600134178,103.468,0,0,-103.468,103.468,249,0,0,0,10,8,-22.5,70.4687,1.5
1600134185,105.192,0,0,-105.192,105.192,256,0,0,0,10,15,26.4242,71.4242,1.5
1600134185,104.078,0,0,-104.078,104.078,256,0,0,0,10,18,33.9985,67.9985,1.5
1600134186,98.1852,0,0,-98.1852,98.1852,257,0,0,0,10,12,-16.5,74.7348,1.5
1600134188,100.616,0,0,-100.616,100.616,259,0,0,0,10,14,-28.6255,71.6255,1.5
1622973306,83.7549,0,0,-83.7549,83.7549,98,4,-13.1521,25.1521,1.5,0,0,0,10
1622982392,105.192,0,0,-105.192,105.192,256,15,26.4242,71.4242,1.5,0,0,0,10
1623482298,96.1069,0,0,-96.1069,96.1069,162,13,18.877,43.877,1.5,0,0,0,10
1623973383,96.7694,0,0,-96.7694,96.7694,175,2,-4.62702,51.5,1.5,0,0,0,10
1624107351,101.242,0,0,-101.242,101.242,215,3,-22.8838,59.5,1.5,0,0,0,10
1624482395,100.616,0,0,-100.616,100.616,259,14,-28.6255,71.6255,1.5,0,0,0,10
1624857243,84.3046,0,0,-84.3046,84.3046,107,9,3.93442,30.4344,1.5,0,0,0,10
1624982393,98.1852,0,0,-98.1852,98.1852,257,12,-16.5,74.7348,1.5,0,0,0,10
1627482383,96.5674,0,0,-96.5674,96.5674,247,10,-1,73.4136,1.5,0,0,0,10
1627732228,83.7718,0,0,-83.7718,83.7718,92,7,8.63183,24.8682,1.5,0,0,0,10
1628107247,84.8888,0,0,-84.8888,84.8888,111,1,-10.041,30.459,1.5,0,0,0,10
1628473458,103.468,0,0,-103.468,103.468,249,8,-22.5,70.4687,1.5,0,0,0,10
1628857316,95.1104,0,0,-95.1104,95.1104,180,5,-22,48.3679,1.5,0,0,0,10
1631232254,84.6194,0,0,-84.6194,84.6194,118,16,8.79926,33,1.5,0,0,0,10
1631232360,98.127,0,0,-98.127,98.127,224,11,13,65.1581,1.5,0,0,0,10
1632607210,81.9599,0,0,-81.9599,81.9599,74,6,1.5,20.2339,1.5,0,0,0,10
1633857232,84.1811,0,0,-84.1811,84.1811,96,19,10.6141,25.3859,1.5,0,0,0,10
1633964504,103.18,0,0,-103.18,103.18,223,17,28.5,59.5788,1.5,0,0,0,10
1634607392,104.078,0,0,-104.078,104.078,256,18,33.9985,67.9985,1.5,0,0,0,10
1637607305,95.2284,0,0,-95.2284,95.2284,169,20,12.7454,48.2454,1.5,0,0,0,10
1650000098,83.7549,0,0,-83.7549,83.7549,98,0,0,0,10,4,-13.1521,25.1521,1.5
1650000175,96.7694,0,0,-96.7694,96.7694,175,0,0,0,10,2,-4.62702,51.5,1.5
1650134003,81.9599,0,0,-81.9599,81.9599,74,0,0,0,10,6,1.5,20.2339,1.5
1650134021,83.7718,0,0,-83.7718,83.7718,92,0,0,0,10,7,8.63183,24.8682,1.5
1650134025,84.1811,0,0,-84.1811,84.1811,96,0,0,0,10,19,10.6141,25.3859,1.5
1650134036,84.3046,0,0,-84.3046,84.3046,107,0,0,0,10,9,3.93442,30.4344,1.5
1650134040,84.8888,0,0,-84.8888,84.8888,111,0,0,0,10,1,-10.041,30.459,1.5
1650134047,84.6194,0,0,-84.6194,84.6194,118,0,0,0,10,16,8.79926,33,1.5
1650134091,96.1069,0,0,-96.1069,96.1069,162,0,0,0,10,13,18.877,43.877,1.5
1650134098,95.2284,0,0,-95.2284,95.2284,169,0,0,0,10,20,12.7454,48.2454,1.5
1650134109,95.1104,0,0,-95.1104,95.1104,180,0,0,0,10,5,-22,48.3679,1.5
1650134144,101.242,0,0,-101.242,101.242,215,0,0,0,10,3,-22.8838,59.5,1.5
1650134152,103.18,0,0,-103.18,103.18,223,0,0,0,10,17,28.5,59.5788,1.5
1650134153,98.127,0,0,-98.127,98.127,224,0,0,0,10,11,13,65.1581,1.5
1650134176,96.5674,0,0,-96.5674,96.5674,247,0,0,0,10,10,-1,73.4136,1.5
1650134178,103.468,0,0,-103.468,103.468,249,0,0,0,10,8,-22.5,70.4687,1.5
1650134185,105.192,0,0,-105.192,105.192,256,0,0,0,10,15,26.4242,71.4242,1.5
1650134185,104.078,0,0,-104.078,104.078,256,0,0,0,10,18,33.9985,67.9985,1.5
1650134186,98.1852,0,0,-98.1852,98.1852,257,0,0,0,10,12,-16.5,74.7348,1.5
1650134188,100.616,0,0,-100.616,100.616,259,0,0,0,10,14,-28.6255,71.6255,1.5
1672973306,83.7549,0,0,-83.7549,83.7549,98,4,-13.1521,25.1521,1.5,0,0,0,10
1673357392,105.192,0,0,-105.192,105.192,256,15,26.4242,71.4242,1.5,0,0,0,10
1673482298,96.1069,0,0,-96.1069,96.1069,162,13,18.877,43.877,1.5,0,0,0,10
1673973383,96.7694,0,0,-96.7694,96.7694,175,2,-4.62702,51.5,1.5,0,0,0,10
1674482351,101.242,0,0,-101.242,101.242,215,3,-22.8838,59.5,1.5,0,0,0,10
1674482395,100.616,0,0,-100.616,100.616,259,14,-28.6255,71.6255,1.5,0,0,0,10
1675107243,84.3046,0,0,-84.3046,84.3046,107,9,3.93442,30.4344,1.5,0,0,0,10
1675357393,98.1852,0,0,-98.1852,98.1852,257,12,-16.5,74.7348,1.5,0,0,0,10
1677857383,96.5674,0,0,-96.5674,96.5674,247,10,-1,73.4136,1.5,0,0,0,10
1678107228,83.7718,0,0,-83.7718,83.7718,92,7,8.63183,24.8682,1.5,0,0,0,10
1678482247,84.8888,0,0,-84.8888,84.8888,111,1,-10.041,30.459,1.5,0,0,0,10
1678982385,103.468,0,0,-103.468,103.468,249,8,-22.5,70.4687,1.5,0,0,0,10
1679232316,95.1104,0,0,-95.1104,95.1104,180,5,-22,48.3679,1.5,0,0,0,10
1681607254,84.6194,0,0,-84.6194,84.6194,118,16,8.79926,33,1.5,0,0,0,10
1681732360,98.127,0,0,-98.127,98.127,224,11,13,65.1581,1.5,0,0,0,10
1682982210,81.9599,0,0,-81.9599,81.9599,74,6,1.5,20.2339,1.5,0,0,0,10
1684482232,84.1811,0,0,-84.1811,84.1811,96,19,10.6141,25.3859,1.5,0,0,0,10
1685357392,104.078,0,0,-104.078,104.078,256,18,33.9985,67.9985,1.5,0,0,0,10
1687482359,103.18,0,0,-103.18,103.18,223,17,28.5,59.5788,1.5,0,0,0,10
1688232305,95.2284,0,0,-95.2284,95.2284,169,20,12.7454,48.2454,1.5,0,0,0,10
1700000098,83.7549,0,0,-83.7549,83.7549,98,0,0,0,10,4,-13.2582,25.2582,1.5
1700000175,96.7694,0,0,-96.7694,96.7694,175,0,0,0,10,2,-4.77702,51.5,1.5
1700134003,81.9599,0,0,-81.9599,81.9599,74,0,0,0,10,6,1.5,20.0839,1.5
1700134021,83.7718,0,0,-83.7718,83.7718,92,0,0,0,10,7,8.73789,24.7621,1.5
1700134025,84.1811,0,0,-84.1811,84.1811,96,0,0,0,10,19,10.7202,25.2798,1.5
1700134036,84.3046,0,0,-84.3046,84.3046,107,0,0,0,10,9,3.82835,30.3284,1.5
1700134040,84.8888,0,0,-84.8888,84.8888,111,0,0,0,10,1,-10.147,30.353,1.5
1700134047,84.6194,0,0,-84.6194,84.6194,118,0,0,0,10,16,8.64926,33,1.5
1700134091,96.1069,0,0,-96.1069,96.1069,162,0,0,0,10,13,18.7709,43.7709,1.5
1700134098,95.2284,0,0,-95.2284,95.2284,169,0,0,0,10,20,12.6394,48.1394,1.5
1700134109,95.1104,0,0,-95.1104,95.1104,180,0,0,0,10,5,-22,48.2179,1.5
1700134144,101.242,0,0,-101.242,101.242,215,0,0,0,10,3,-22.7338,59.5,1.5
1700134152,103.18,0,0,-103.18,103.18,223,0,0,0,10,17,28.5,59.4288,1.5
1700134153,98.127,0,0,-98.127,98.127,224,0,0,0,10,11,13,65.0081,1.5
1700134176,96.5674,0,0,-96.5674,96.5674,247,0,0,0,10,10,-1,73.2636,1.5
1700134178,103.468,0,0,-103.468,103.468,249,0,0,0,10,8,-22.5,70.3187,1.5
1700134185,105.192,0,0,-105.192,105.192,256,0,0,0,10,15,26.3182,71.3182,1.5
1700134185,104.078,0,0,-104.078,104.078,256,0,0,0,10,18,33.8924,67.8924,1.5
1700134186,98.1852,0,0,-98.1852,98.1852,257,0,0,0,10,12,-16.5,74.5848,1.5
1700134188,100.616,0,0,-100.616,100.616,259,0,0,0,10,14,-28.5194,71.5194,1.5
1722973306,83.7549,0,0,-83.7549,83.7549,98,4,-13.2582,25.2582,1.5,0,0,0,10
1723482298,96.1069,0,0,-96.1069,96.1069,162,13,18.7709,43.7709,1.5,0,0,0,10
1723857392,105.192,0,0,-105.192,105.192,256,15,26.3182,71.3182,1.5,0,0,0,10
1723973383,96.7694,0,0,-96.7694,96.7694,175,2,-4.77702,51.5,1.5,0,0,0,10
1724482395,100.616,0,0,-100.616,100.616,259,14,-28.5194,71.5194,1.5,0,0,0,10
1724982351,101.242,0,0,-101.242,101.242,215,3,-22.7338,59.5,1.5,0,0,0,10
1725732393,98.1852,0,0,-98.1852,98.1852,257,12,-16.5,74.5848,1.5,0,0,0,10
1725982243,84.3046,0,0,-84.3046,84.3046,107,9,3.82835,30.3284,1.5,0,0,0,10
1728357383,96.5674,0,0,-96.5674,96.5674,247,10,-1,73.2636,1.5,0,0,0,10
1728482228,83.7718,0,0,-83.7718,83.7718,92,7,8.73789,24.7621,1.5,0,0,0,10
1728857247,84.8888,0,0,-84.8888,84.8888,111,1,-10.147,30.353,1.5,0,0,0,10
1729357385,103.468,0,0,-103.468,103.468,249,8,-22.5,70.3187,1.5,0,0,0,10
1729607316,95.1104,0,0,-95.1104,95.1104,180,5,-22,48.2179,1.5,0,0,0,10
1732107254,84.6194,0,0,-84.6194,84.6194,118,16,8.64926,33,1.5,0,0,0,10
1732107360,98.127,0,0,-98.127,98.127,224,11,13,65.0081,1.5,0,0,0,10
1733357210,81.9599,0,0,-81.9599,81.9599,74,6,1.5,20.0839,1.5,0,0,0,10
1735232232,84.1811,0,0,-84.1811,84.1811,96,19,10.7202,25.2798,1.5,0,0,0,10
1735982392,104.078,0,0,-104.078,104.078,256,18,33.8924,67.8924,1.5,0,0,0,10
1737973432,103.18,0,0,-103.18,103.18,223,17,28.5,59.4288,1.5,0,0,0,10
1738982305,95.2284,0,0,-95.2284,95.2284,169,20,12.6394,48.1394,1.5,0,0,0,10
1750000098,83.7549,0,0,-83.7549,83.7549,98,0,0,0,10,4,-13.2582,25.2582,1.5
1750000175,96.7694,0,0,-96.7694,96.7694,175,0,0,0,10,2,-4.77702,51.5,1.5
1750134003,81.9599,0,0,-81.9599,81.9599,74,0,0,0,10,6,1.5,20.0839,1.5
1750134021,83.7718,0,0,-83.7718,83.7718,92,0,0,0,10,7,8.73789,24.7621,1.5
1750134025,84.1811,0,0,-84.1811,84.1811,96,0,0,0,10,19,10.7202,25.2798,1.5
1750134036,84.3046,0,0,-84.3046,84.3046,107,0,0,0,10,9,3.82835,30.3284,1.5
1750134040,84.8888,0,0,-84.8888,84.8888,111,0,0,0,10,1,-10.147,30.353,1.5
1750134047,84.6194,0,0,-84.6194,84.6194,118,0,0,0,10,16,8.64926,33,1.5
1750134091,96.1069,0,0,-96.1069,96.1069,162,0,0,0,10,13,18.7709,43.7709,1.5
1750134098,95.2284,0,0,-95.2284,95.2284,169,0,0,0,10,20,12.6394,48.1394,1.5
1750134109,95.1104,0,0,-95.1104,95.1104,180,0,0,0,10,5,-22,48.2179,1.5
1750134144,101.242,0,0,-101.242,101.242,215,0,0,0,10,3,-22.7338,59.5,1.5
1750134152,103.18,0,0,-103.18,103.18,223,0,0,0,10,17,28.5,59.4288,1.5
1750134153,98.127,0,0,-98.127,98.127,224,0,0,0,10,11,13,65.0081,1.5
1750134176,96.5674,0,0,-96.5674,96.5674,247,0,0,0,10,10,-1,73.2636,1.5
1750134178,103.468,0,0,-103.468,103.468,249,0,0,0,10,8,-22.5,70.3187,1.5
1750134185,105.192,0,0,-105.192,105.192,256,0,0,0,10,15,26.3182,71.3182,1.5
1750134185,104.078,0,0,-104.078,104.078,256,0,0,0,10,18,33.8924,67.8924,1.5
1750134186,98.1852,0,0,-98.1852,98.1852,257,0,0,0,10,12,-16.5,74.5848,1.5
1750134188,100.616,0,0,-100.616,100.616,259,0,0,0,10,14,-28.5194,71.5194,1.5
1772973306,83.7549,0,0,-83.7549,83.7549,98,4,-13.2582,25.2582,1.5,0,0,0,10
1773482298,96.1069,0,0,-96.1069,96.1069,162,13,18.7709,43.7709,1.5,0,0,0,10
1773973383,96.7694,0,0,-96.7694,96.7694,175,2,-4.77702,51.5,1.5,0,0,0,10
1774232392,105.192,0,0,-105.192,105.192,256,15,26.3182,71.3182,1.5,0,0,0,10
1774482395,100.616,0,0,-100.616,100.616,259,14,-28.5194,71.5194,1.5,0,0,0,10
1775357351,101.242,0,0,-101.242,101.242,215,3,-22.7338,59.5,1.5,0,0,0,10
1776232393,98.1852,0,0,-98.1852,98.1852,257,12,-16.5,74.5848,1.5,0,0,0,10
1776357243,84.3046,0,0,-84.3046,84.3046,107,9,3.82835,30.3284,1.5,0,0,0,10
1778732383,96.5674,0,0,-96.5674,96.5674,247,10,-1,73.2636,1.5,0,0,0,10
1778857228,83.7718,0,0,-83.7718,83.7718,92,7,8.73789,24.7621,1.5,0,0,0,10
1779357247,84.8888,0,0,-84.8888,84.8888,111,1,-10.147,30.353,1.5,0,0,0,10
1779857385,103.468,0,0,-103.468,103.468,249,8,-22.5,70.3187,1.5,0,0,0,10
1779982316,95.1104,0,0,-95.1104,95.1104,180,5,-22,48.2179,1.5,0,0,0,10
1782482254,84.6194,0,0,-84.6194,84.6194,118,16,8.64926,33,1.5,0,0,0,10
1782482360,98.127,0,0,-98.127,98.127,224,11,13,65.0081,1.5,0,0,0,10
1783732210,81.9599,0,0,-81.9599,81.9599,74,6,1.5,20.0839,1.5,0,0,0,10
1785857232,84.1811,0,0,-84.1811,84.1811,96,19,10.7202,25.2798,1.5,0,0,0,10
1786732392,104.078,0,0,-104.078,104.078,256,18,33.8924,67.8924,1.5,0,0,0,10
1789348431,103.18,0,0,-103.18,103.18,223,17,28.5,59.4288,1.5,0,0,0,10
1789607305,95.2284,0,0,-95.2284,95.2284,169,20,12.6394,48.1394,1.5,0,0,0,10
1800000098,83.7549,0,0,-83.7549,83.7549,98,0,0,0,10,4,-13.3642,25.3642,1.5
1800000175,96.7694,0,0,-96.7694,96.7694,175,0,0,0,10,2,-4.92702,51.5,1.5
1800134003,81.9599,0,0,-81.9599,81.9599,74,0,0,0,10,6,1.5,19.9339,1.5
1800134021,83.7718,0,0,-83.7718,83.7718,92,0,0,0,10,7,8.84396,24.656,1.5
1800134025,84.1811,0,0,-84.1811,84.1811,96,0,0,0,10,19,10.8262,25.1738,1.5
1800134036,84.3046,0,0,-84.3046,84.3046,107,0,0,0,10,9,3.72229,30.2223,1.5
1800134040,84.8888,0,0,-84.8888,84.8888,111,0,0,0,10,1,-10.2531,30.2469,1.5
1800134047,84.6194,0,0,-84.6194,84.6194,118,0,0,0,10,16,8.49926,33,1.5
1800134091,96.1069,0,0,-96.1069,96.1069,162,0,0,0,10,13,18.6648,43.6648,1.5
1800134098,95.2284,0,0,-95.2284,95.2284,169,0,0,0,10,20,12.5333,48.0333,1.5
1800134109,95.1104,0,0,-95.1104,95.1104,180,0,0,0,10,5,-22,48.0679,1.5
1800134144,101.242,0,0,-101.242,101.242,215,0,0,0,10,3,-22.5838,59.5,1.5
1800134152,103.18,0,0,-103.18,103.18,223,0,0,0,10,17,28.5,59.2788,1.5
1800134153,98.127,0,0,-98.127,98.127,224,0,0,0,10,11,13,64.8581,1.5
1800134176,96.5674,0,0,-96.5674,96.5674,247,0,0,0,10,10,-1,73.1136,1.5
1800134178,103.468,0,0,-103.468,103.468,249,0,0,0,10,8,-22.5,70.1687,1.5
1800134185,105.192,0,0,-105.192,105.192,256,0,0,0,10,15,26.2121,71.2121,1.5
1800134185,104.078,0,0,-104.078,104.078,256,0,0,0,10,18,33.7863,67.7863,1.5
1800134186,98.1852,0,0,-98.1852,98.1852,257,0,0,0,10,12,-16.5,74.4348,1.5
1800134188,100.616,0,0,-100.616,100.616,259,0,0,0,10,14,-28.4134,71.4134,1.5
1822973306,83.7549,0,0,-83.7549,83.7549,98,4,-13.3642,25.3642,1.5,0,0,0,10
1823482298,96.1069,0,0,-96.1069,96.1069,162,13,18.6648,43.6648,1.5,0,0,0,10
1823973383,96.7694,0,0,-96.7694,96.7694,175,2,-4.92702,51.5,1.5,0,0,0,10
1824482395,100.616,0,0,-100.616,100.616,259,14,-28.4134,71.4134,1.5,0,0,0,10
1824589537,105.192,0,0,-105.192,105.192,256,15,26.2121,71.2121,1.5,0,0,0,10
1825732351,101.242,0,0,-101.242,101.242,215,3,-22.5838,59.5,1.5,0,0,0,10
1826607393,98.1852,0,0,-98.1852,98.1852,257,12,-16.5,74.4348,1.5,0,0,0,10
1826732243,84.3046,0,0,-84.3046,84.3046,107,9,3.72229,30.2223,1.5,0,0,0,10
1829107383,96.5674,0,0,-96.5674,96.5674,247,10,-1,73.1136,1.5,0,0,0,10
1829357228,83.7718,0,0,-83.7718,83.7718,92,7,8.84396,24.656,1.5,0,0,0,10
1829732247,84.8888,0,0,-84.8888,84.8888,111,1,-10.2531,30.2469,1.5,0,0,0,10
1830232385,103.468,0,0,-103.468,103.468,249,8,-22.5,70.1687,1.5,0,0,0,10
1830357316,95.1104,0,0,-95.1104,95.1104,180,5,-22,48.0679,1.5,0,0,0,10
1832857254,84.6194,0,0,-84.6194,84.6194,118,16,8.49926,33,1.5,0,0,0,10
1832857360,98.127,0,0,-98.127,98.127,224,11,13,64.8581,1.5,0,0,0,10
1834232210,81.9599,0,0,-81.9599,81.9599,74,6,1.5,19.9339,1.5,0,0,0,10
1836607232,84.1811,0,0,-84.1811,84.1811,96,19,10.8262,25.1738,1.5,0,0,0,10
1837357392,104.078,0,0,-104.078,104.078,256,18,33.7863,67.7863,1.5,0,0,0,10
1839348431,103.18,0,0,-103.18,103.18,223,17,28.5,59.2788,1.5,0,0,0,10
1840357305,95.2284,0,0,-95.2284,95.2284,169,20,12.5333,48.0333,1.5,0,0,0,10
1850000098,83.7549,0,0,-83.7549,83.7549,98,0,0,0,10,4,-13.3642,25.3642,1.5
1850000175,96.7694,0,0,-96.7694,96.7694,175,0,0,0,10,2,-4.92702,51.5,1.5
1850134003,81.9599,0,0,-81.9599,81.9599,74,0,0,0,10,6,1.5,19.9339,1.5
1850134021,83.7718,0,0,-83.7718,83.7718,92,0,0,0,10,7,8.84396,24.656,1.5
1850134025,84.1811,0,0,-84.1811,84.1811,96,0,0,0,10,19,10.8262,25.1738,1.5
1850134036,84.3046,0,0,-84.3046,84.3046,107,0,0,0,10,9,3.72229,30.2223,1.5
1850134040,84.8888,0,0,-84.8888,84.8888,111,0,0,0,10,1,-10.2531,30.2469,1.5
1850134047,84.6194,0,0,-84.6194,84.6194,118,0,0,0,10,16,8.49926,33,1.5
1850134091,96.1069,0,0,-96.1069,96.1069,162,0,0,0,10,13,18.6648,43.6648,1.5
1850134098,95.2284,0,0,-95.2284,95.2284,169,0,0,0,10,20,12.5333,48.0333,1.5
1850134109,95.1104,0,0,-95.1104,95.1104,180,0,0,0,10,5,-22,48.0679,1.5
1850134144,101.242,0,0,-101.242,101.242,215,0,0,0,10,3,-22.5838,59.5,1.5
1850134152,103.18,0,0,-103.18,103.18,223,0,0,0,10,17,28.5,59.2788,1.5
1850134153,98.127,0,0,-98.127,98.127,224,0,0,0,10,11,13,64.8581,1.5
1850134176,96.5674,0,0,-96.5674,96.5674,247,0,0,0,10,10,-1,73.1136,1.5
1850134178,103.468,0,0,-103.468,103.468,249,0,0,0,10,8,-22.5,70.1687,1.5
1850134185,105.192,0,0,-105.192,105.192,256,0,0,0,10,15,26.2121,71.2121,1.5
1850134185,104.078,0,0,-104.078,104.078,256,0,0,0,10,18,33.7863,67.7863,1.5
1850134186,98.1852,0,0,-98.1852,98.1852,257,0,0,0,10,12,-16.5,74.4348,1.5
1850134188,100.616,0,0,-100.616,100.616,259,0,0,0,10,14,-28.4134,71.4134,1.5
1872973306,83.7549,0,0,-83.7549,83.7549,98,4,-13.3642,25.3642,1.5,0,0,0,10
1873482298,96.1069,0,0,-96.1069,96.1069,162,13,18.6648,43.6648,1.5,0,0,0,10
1873973383,96.7694,0,0,-96.7694,96.7694,175,2,-4.92702,51.5,1.5,0,0,0,10
1874482395,100.616,0,0,-100.616,100.616,259,14,-28.4134,71.4134,1.5,0,0,0,10
1874982392,105.192,0,0,-105.192,105.192,256,15,26.2121,71.2121,1.5,0,0,0,10
1876107351,101.242,0,0,-101.242,101.242,215,3,-22.5838,59.5,1.5,0,0,0,10
1876982393,98.1852,0,0,-98.1852,98.1852,257,12,-16.5,74.4348,1.5,0,0,0,10
1877232243,84.3046,0,0,-84.3046,84.3046,107,9,3.72229,30.2223,1.5,0,0,0,10
1879482383,96.5674,0,0,-96.5674,96.5674,247,10,-1,73.1136,1.5,0,0,0,10
1879732228,83.7718,0,0,-83.7718,83.7718,92,7,8.84396,24.656,1.5,0,0,0,10
1880107247,84.8888,0,0,-84.8888,84.8888,111,1,-10.2531,30.2469,1.5,0,0,0,10
1880607385,103.468,0,0,-103.468,103.468,249,8,-22.5,70.1687,1.5,0,0,0,10
1880857316,95.1104,0,0,-95.1104,95.1104,180,5,-22,48.0679,1.5,0,0,0,10
1882982360,98.127,0,0,-98.127,98.127,224,11,13,64.8581,1.5,0,0,0,10
1883232254,84.6194,0,0,-84.6194,84.6194,118,16,8.49926,33,1.5,0,0,0,10
1884607210,81.9599,0,0,-81.9599,81.9599,74,6,1.5,19.9339,1.5,0,0,0,10
1887232232,84.1811,0,0,-84.1811,84.1811,96,19,10.8262,25.1738,1.5,0,0,0,10
1888107392,104.078,0,0,-104.078,104.078,256,18,33.7863,67.7863,1.5,0,0,0,10
1889348431,103.18,0,0,-103.18,103.18,223,17,28.5,59.2788,1.5,0,0,0,10
1890982305,95.2284,0,0,-95.2284,95.2284,169,20,12.5333,48.0333,1.5,0,0,0,10
1900000098,83.7549,0,0,-83.7549,83.7549,98,0,0,0,10,4,-13.4703,25.4703,1.5
1900000175,96.7694,0,0,-96.7694,96.7694,175,0,0,0,10,2,-5.07702,51.5,1.5
1900250074,81.9599,0,0,-81.9599,81.9599,74,0,0,0,10,6,1.5,19.7839,1.5
1900250092,83.7718,0,0,-83.7718,83.7718,92,0,0,0,10,7,8.95003,24.55,1.5
1900250096,84.1811,0,0,-84.1811,84.1811,96,0,0,0,10,19,10.9323,25.0677,1.5
1900250107,84.3046,0,0,-84.3046,84.3046,107,0,0,0,10,9,3.61622,30.1162,1.5
1900250111,84.8888,0,0,-84.8888,84.8888,111,0,0,0,10,1,-10.3592,30.1408,1.5
1900250118,84.6194,0,0,-84.6194,84.6194,118,0,0,0,10,16,8.34926,33,1.5
1900250162,96.1069,0,0,-96.1069,96.1069,162,0,0,0,10,13,18.5588,43.5588,1.5
1900250169,95.2284,0,0,-95.2284,95.2284,169,0,0,0,10,20,12.4272,47.9272,1.5
1900250180,95.1104,0,0,-95.1104,95.1104,180,0,0,0,10,5,-22,47.9179,1.5
1900250215,101.242,0,0,-101.242,101.242,215,0,0,0,10,3,-22.4338,59.5,1.5
1900250223,103.18,0,0,-103.18,103.18,223,0,0,0,10,17,28.5,59.1288,1.5
1900250224,98.127,0,0,-98.127,98.127,224,0,0,0,10,11,13,64.7081,1.5
1900250247,96.5674,0,0,-96.5674,96.5674,247,0,0,0,10,10,-1,72.9636,1.5
1900250249,103.468,0,0,-103.468,103.468,249,0,0,0,10,8,-22.5,70.0187,1.5
1900250256,105.192,0,0,-105.192,105.192,256,0,0,0,10,15,26.106,71.106,1.5
1900250256,104.078,0,0,-104.078,104.078,256,0,0,0,10,18,33.6803,67.6803,1.5
1900250257,98.1852,0,0,-98.1852,98.1852,257,0,0,0,10,12,-16.5,74.2848,1.5
1900250259,100.616,0,0,-100.616,100.616,259,0,0,0,10,14,-28.3073,71.3073,1.5
1922973306,83.7549,0,0,-83.7549,83.7549,98,4,-13.4703,25.4703,1.5,0,0,0,10
1923482298,96.1069,0,0,-96.1069,96.1069,162,13,18.5588,43.5588,1.5,0,0,0,10
1923973383,96.7694,0,0,-96.7694,96.7694,175,2,-5.07702,51.5,1.5,0,0,0,10
1924482395,100.616,0,0,-100.616,100.616,259,14,-28.3073,71.3073,1.5,0,0,0,10
1925357392,105.192,0,0,-105.192,105.192,256,15,26.106,71.106,1.5,0,0,0,10
1926482351,101.242,0,0,-101.242,101.242,215,3,-22.4338,59.5,1.5,0,0,0,10
1927357393,98.1852,0,0,-98.1852,98.1852,257,12,-16.5,74.2848,1.5,0,0,0,10
1927607243,84.3046,0,0,-84.3046,84.3046,107,9,3.61622,30.1162,1.5,0,0,0,10
1929848455,96.5674,0,0,-96.5674,96.5674,247,10,-1,72.9636,1.5,0,0,0,10
1930107228,83.7718,0,0,-83.7718,83.7718,92,7,8.95003,24.55,1.5,0,0,0,10
1930482247,84.8888,0,0,-84.8888,84.8888,111,1,-10.3592,30.1408,1.5,0,0,0,10
1930982385,103.468,0,0,-103.468,103.468,249,8,-22.5,70.0187,1.5,0,0,0,10
1931232316,95.1104,0,0,-95.1104,95.1104,180,5,-22,47.9179,1.5,0,0,0,10
1933232360,98.127,0,0,-98.127,98.127,224,11,13,64.7081,1.5,0,0,0,10
1933607254,84.6194,0,0,-84.6194,84.6194,118,16,8.34926,33,1.5,0,0,0,10
1934982210,81.9599,0,0,-81.9599,81.9599,74,6,1.5,19.7839,1.5,0,0,0,10
1937982232,84.1811,0,0,-84.1811,84.1811,96,19,10.9323,25.0677,1.5,0,0,0,10
1938732392,104.078,0,0,-104.078,104.078,256,18,33.6803,67.6803,1.5,0,0,0,10
1939348431,103.18,0,0,-103.18,103.18,223,17,28.5,59.1288,1.5,0,0,0,10
1941732305,95.2284,0,0,-95.2284,95.2284,169,20,12.4272,47.9272,1.5,0,0,0,10
1950000098,83.7549,0,0,-83.7549,83.7549,98,0,0,0,10,4,-13.4703,25.4703,1.5
1950000175,96.7694,0,0,-96.7694,96.7694,175,0,0,0,10,2,-5.07702,51.5,1.5
1950250074,81.9599,0,0,-81.9599,81.9599,74,0,0,0,10,6,1.5,19.7839,1.5
1950250092,83.7718,0,0,-83.7718,83.7718,92,0,0,0,10,7,8.95003,24.55,1.5
1950250096,84.1811,0,0,-84.1811,84.1811,96,0,0,0,10,19,10.9323,25.0677,1.5
1950250107,84.3046,0,0,-84.3046,84.3046,107,0,0,0,10,9,3.61622,30.1162,1.5
1950250111,84.8888,0,0,-84.8888,84.8888,111,0,0,0,10,1,-10.3592,30.1408,1.5
1950250118,84.6194,0,0,-84.6194,84.6194,118,0,0,0,10,16,8.34926,33,1.5
1950250162,96.1069,0,0,-96.1069,96.1069,162,0,0,0,10,13,18.5588,43.5588,1.5
1950250169,95.2284,0,0,-95.2284,95.2284,169,0,0,0,10,20,12.4272,47.9272,1.5
1950250180,95.1104,0,0,-95.1104,95.1104,180,0,0,0,10,5,-22,47.9179,1.5
1950250215,101.242,0,0,-101.242,101.242,215,0,0,0,10,3,-22.4338,59.5,1.5
1950250223,103.18,0,0,-103.18,103.18,223,0,0,0,10,17,28.5,59.1288,1.5
1950250224,98.127,0,0,-98.127,98.127,224,0,0,0,10,11,13,64.7081,1.5
1950250247,96.5674,0,0,-96.5674,96.5674,247,0,0,0,10,10,-1,72.9636,1.5
1950250249,103.468,0,0,-103.468,103.468,249,0,0,0,10,8,-22.5,70.0187,1.5
1950250256,105.192,0,0,-105.192,105.192,256,0,0,0,10,15,26.106,71.106,1.5
1950250256,104.078,0,0,-104.078,104.078,256,0,0,0,10,18,33.6803,67.6803,1.5
1950250257,98.1852,0,0,-98.1852,98.1852,257,0,0,0,10,12,-16.5,74.2848,1.5
1950250259,100.616,0,0,-100.616,100.616,259,0,0,0,10,14,-28.3073,71.3073,1.5
1972973306,83.7549,0,0,-83.7549,83.7549,98,4,-13.4703,25.4703,1.5,0,0,0,10
1973482298,96.1069,0,0,-96.1069,96.1069,162,13,18.5588,43.5588,1.5,0,0,0,10
1973973383,96.7694,0,0,-96.7694,96.7694,175,2,-5.07702,51.5,1.5,0,0,0,10
1974482395,100.616,0,0,-100.616,100.616,259,14,-28.3073,71.3073,1.5,0,0,0,10
1975848465,105.192,0,0,-105.192,105.192,256,15,26.106,71.106,1.5,0,0,0,10
1976982351,101.242,0,0,-101.242,101.242,215,3,-22.4338,59.5,1.5,0,0,0,10
1977473466,98.1852,0,0,-98.1852,98.1852,257,12,-16.5,74.2848,1.5,0,0,0,10
1977848315,84.3046,0,0,-84.3046,84.3046,107,9,3.61622,30.1162,1.5,0,0,0,10
1979848455,96.5674,0,0,-96.5674,96.5674,247,10,-1,72.9636,1.5,0,0,0,10
1980482228,83.7718,0,0,-83.7718,83.7718,92,7,8.95003,24.55,1.5,0,0,0,10
1980857247,84.8888,0,0,-84.8888,84.8888,111,1,-10.3592,30.1408,1.5,0,0,0,10
1981348388,95.1104,0,0,-95.1104,95.1104,180,5,-22,47.9179,1.5,0,0,0,10
1981357385,103.468,0,0,-103.468,103.468,249,8,-22.5,70.0187,1.5,0,0,0,10
1984107254,84.6194,0,0,-84.6194,84.6194,118,16,8.34926,33,1.5,0,0,0,10
1984107360,98.127,0,0,-98.127,98.127,224,11,13,64.7081,1.5,0,0,0,10
1985223282,81.9599,0,0,-81.9599,81.9599,74,6,1.5,19.7839,1.5,0,0,0,10
1988607232,84.1811,0,0,-84.1811,84.1811,96,19,10.9323,25.0677,1.5,0,0,0,10
1989348431,103.18,0,0,-103.18,103.18,223,17,28.5,59.1288,1.5,0,0,0,10
1989482392,104.078,0,0,-104.078,104.078,256,18,33.6803,67.6803,1.5,0,0,0,10
1992357305,95.2284,0,0,-95.2284,95.2284,169,20,12.4272,47.9272,1.5,0,0,0,10
2000000098,83.7549,0,0,-83.7549,83.7549,98,0,0,0,10,4,-13.5764,25.5764,1.5
2000000175,96.7694,0,0,-96.7694,96.7694,175,0,0,0,10,2,-5.22702,51.5,1.5
2000250074,81.9599,0,0,-81.9599,81.9599,74,0,0,0,10,6,1.5,19.6339,1.5
2000250092,83.7718,0,0,-83.7718,83.7718,92,0,0,0,10,7,9.07932,24.5,1.5
2000250096,84.1811,0,0,-84.1811,84.1811,96,0,0,0,10,19,11.0384,24.9616,1.5
2000250107,84.3046,0,0,-84.3046,84.3046,107,0,0,0,10,9,3.51016,30.0102,1.5
2000250111,84.8888,0,0,-84.8888,84.8888,111,0,0,0,10,1,-10.4652,30.0348,1.5
2000250118,84.6194,0,0,-84.6194,84.6194,118,0,0,0,10,16,8.19926,33,1.5
2000250162,96.1069,0,0,-96.1069,96.1069,162,0,0,0,10,13,18.4527,43.4527,1.5
2000250169,95.2284,0,0,-95.2284,95.2284,169,0,0,0,10,20,12.3212,47.8212,1.5
2000250180,95.1104,0,0,-95.1104,95.1104,180,0,0,0,10,5,-22,47.7679,1.5
2000250215,101.242,0,0,-101.242,101.242,215,0,0,0,10,3,-22.2838,59.5,1.5
2000250223,103.18,0,0,-103.18,103.18,223,0,0,0,10,17,28.5,58.9788,1.5
2000250224,98.127,0,0,-98.127,98.127,224,0,0,0,10,11,13,64.5581,1.5
2000250247,96.5674,0,0,-96.5674,96.5674,247,0,0,0,10,10,-1,72.8136,1.5
2000250249,103.468,0,0,-103.468,103.468,249,0,0,0,10,8,-22.5,69.8687,1.5
2000250256,105.192,0,0,-105.192,105.192,256,0,0,0,10,15,26,71,1.5
2000250256,104.078,0,0,-104.078,104.078,256,0,0,0,10,18,33.5742,67.5742,1.5
2000250257,98.1852,0,0,-98.1852,98.1852,257,0,0,0,10,12,-16.5,74.1348,1.5
2000250259,100.616,0,0,-100.616,100.616,259,0,0,0,10,14,-28.2012,71.2012,1.5
2022973306,83.7549,0,0,-83.7549,83.7549,98,4,-13.5764,25.5764,1.5,0,0,0,10
2023482298,96.1069,0,0,-96.1069,96.1069,162,13,18.4527,43.4527,1.5,0,0,0,10
2023973383,96.7694,0,0,-96.7694,96.7694,175,2,-5.22702,51.5,1.5,0,0,0,10
2024482395,100.616,0,0,-100.616,100.616,259,14,-28.2012,71.2012,1.5,0,0,0,10
2026232392,105.192,0,0,-105.192,105.192,256,15,26,71,1.5,0,0,0,10
2027223424,101.242,0,0,-101.242,101.242,215,3,-22.2838,59.5,1.5,0,0,0,10
2027848315,84.3046,0,0,-84.3046,84.3046,107,9,3.51016,30.0102,1.5,0,0,0,10
2028232393,98.1852,0,0,-98.1852,98.1852,257,12,-16.5,74.1348,1.5,0,0,0,10
2029848455,96.5674,0,0,-96.5674,96.5674,247,10,-1,72.8136,1.5,0,0,0,10
2030857228,83.7718,0,0,-83.7718,83.7718,92,7,9.07932,24.5,1.5,0,0,0,10
2031223319,84.8888,0,0,-84.8888,84.8888,111,1,-10.4652,30.0348,1.5,0,0,0,10
2031348388,95.1104,0,0,-95.1104,95.1104,180,5,-22,47.7679,1.5,0,0,0,10
2031848457,103.468,0,0,-103.468,103.468,249,8,-22.5,69.8687,1.5,0,0,0,10
2034482254,84.6194,0,0,-84.6194,84.6194,118,16,8.19926,33,1.5,0,0,0,10
2034482360,98.127,0,0,-98.127,98.127,224,11,13,64.5581,1.5,0,0,0,10
2035223282,81.9599,0,0,-81.9599,81.9599,74,6,1.5,19.6339,1.5,0,0,0,10
2039348431,103.18,0,0,-103.18,103.18,223,17,28.5,58.9788,1.5,0,0,0,10
2039357232,84.1811,0,0,-84.1811,84.1811,96,19,11.0384,24.9616,1.5,0,0,0,10
2040107392,104.078,0,0,-104.078,104.078,256,18,33.5742,67.5742,1.5,0,0,0,10
2043107305,95.2284,0,0,-95.2284,95.2284,169,20,12.3212,47.8212,1.5,0,0,0,10
2050000098,83.7549,0,0,-83.7549,83.7549,98,0,0,0,10,4,-13.5764,25.5764,1.5
2050000175,96.7694,0,0,-96.7694,96.7694,175,0,0,0,10,2,-5.22702,51.5,1.5
2050250074,81.9599,0,0,-81.9599,81.9599,74,0,0,0,10,6,1.5,19.6339,1.5
2050250092,83.7718,0,0,-83.7718,83.7718,92,0,0,0,10,7,9.07932,24.5,1.5
2050250096,84.1811,0,0,-84.1811,84.1811,96,0,0,0,10,19,11.0384,24.9616,1.5
2050250107,84.3046,0,0,-84.3046,84.3046,107,0,0,0,10,9,3.51016,30.0102,1.5
2050250111,84.8888,0,0,-84.8888,84.8888,111,0,0,0,10,1,-10.4652,30.0348,1.5
2050250118,84.6194,0,0,-84.6194,84.6194,118,0,0,0,10,16,8.19926,33,1.5
2050250162,96.1069,0,0,-96.1069,96.1069,162,0,0,0,10,13,18.4527,43.4527,1.5
2050250169,95.2284,0,0,-95.2284,95.2284,169,0,0,0,10,20,12.3212,47.8212,1.5
2050250180,95.1104,0,0,-95.1104,95.1104,180,0,0,0,10,5,-22,47.7679,1.5
2050250215,101.242,0,0,-101.242,101.242,215,0,0,0,10,3,-22.2838,59.5,1.5
2050250223,103.18,0,0,-103.18,103.18,223,0,0,0,10,17,28.5,58.9788,1.5
2050250224,98.127,0,0,-98.127,98.127,224,0,0,0,10,11,13,64.5581,1.5
2050250247,96.5674,0,0,-96.5674,96.5674,247,0,0,0,10,10,-1,72.8136,1.5
2050250249,103.468,0,0,-103.468,103.468,249,0,0,0,10,8,-22.5,69.8687,1.5
2050250256,105.192,0,0,-105.192,105.192,256,0,0,0,10,15,26,71,1.5
2050250256,104.078,0,0,-104.078,104.078,256,0,0,0,10,18,33.5742,67.5742,1.5
2050250257,98.1852,0,0,-98.1852,98.1852,257,0,0,0,10,12,-16.5,74.1348,1.5
2050250259,100.616,0,0,-100.616,100.616,259,0,0,0,10,14,-28.2012,71.2012,1.5
2072973306,83.7549,0,0,-83.7549,83.7549,98,4,-13.5764,25.5764,1.5,0,0,0,10
2073482298,96.1069,0,0,-96.1069,96.1069,162,13,18.4527,43.4527,1.5,0,0,0,10
2073973383,96.7694,0,0,-96.7694,96.7694,175,2,-5.22702,51.5,1.5,0,0,0,10
2074482395,100.616,0,0,-100.616,100.616,259,14,-28.2012,71.2012,1.5,0,0,0,10
2076598464,105.192,0,0,-105.192,105.192,256,15,26,71,1.5,0,0,0,10
2077723423,101.242,0,0,-101.242,101.242,215,3,-22.2838,59.5,1.5,0,0,0,10
2077848315,84.3046,0,0,-84.3046,84.3046,107,9,3.51016,30.0102,1.5,0,0,0,10
2078607393,98.1852,0,0,-98.1852,98.1852,257,12,-16.5,74.1348,1.5,0,0,0,10
2079848455,96.5674,0,0,-96.5674,96.5674,247,10,-1,72.8136,1.5,0,0,0,10
2080973300,83.7718,0,0,-83.7718,83.7718,92,7,9.07932,24.5,1.5,0,0,0,10
2081223319,84.8888,0,0,-84.8888,84.8888,111,1,-10.4652,30.0348,1.5,0,0,0,10
2081348388,95.1104,0,0,-95.1104,95.1104,180,5,-22,47.7679,1.5,0,0,0,10
2081848457,103.468,0,0,-103.468,103.468,249,8,-22.5,69.8687,1.5,0,0,0,10
2084598432,98.127,0,0,-98.127,98.127,224,11,13,64.5581,1.5,0,0,0,10
2084857254,84.6194,0,0,-84.6194,84.6194,118,16,8.19926,33,1.5,0,0,0,10
2085223282,81.9599,0,0,-81.9599,81.9599,74,6,1.5,19.6339,1.5,0,0,0,10
2089348431,103.18,0,0,-103.18,103.18,223,17,28.5,58.9788,1.5,0,0,0,10
2089982232,84.1811,0,0,-84.1811,84.1811,96,19,11.0384,24.9616,1.5,0,0,0,10
2090857392,104.078,0,0,-104.078,104.078,256,18,33.5742,67.5742,1.5,0,0,0,10
2093732305,95.2284,0,0,-95.2284,95.2284,169,20,12.3212,47.8212,1.5,0,0,0,10
2100000098,83.7549,0,0,-83.7549,83.7549,98,0,0,0,10,4,-13.6824,25.6824,1.5
2100000175,96.7694,0,0,-96.7694,96.7694,175,0,0,0,10,2,-5.37702,51.5,1.5
2100250074,81.9599,0,0,-81.9599,81.9599,74,0,0,0,10,6,1.5,19.4839,1.5
2100250092,83.7718,0,0,-83.7718,83.7718,92,0,0,0,10,7,9.22932,24.5,1.5
2100250096,84.1811,0,0,-84.1811,84.1811,96,0,0,0,10,19,11.1444,24.8556,1.5
2100250107,84.3046,0,0,-84.3046,84.3046,107,0,0,0,10,9,3.40409,29.9041,1.5
2100250111,84.8888,0,0,-84.8888,84.8888,111,0,0,0,10,1,-10.5713,29.9287,1.5
2100250118,84.6194,0,0,-84.6194,84.6194,118,0,0,0,10,16,8.04926,33,1.5
2100250162,96.1069,0,0,-96.1069,96.1069,162,0,0,0,10,13,18.3466,43.3466,1.5
2100250169,95.2284,0,0,-95.2284,95.2284,169,0,0,0,10,20,12.2151,47.7151,1.5
2100250180,95.1104,0,0,-95.1104,95.1104,180,0,0,0,10,5,-22,47.6179,1.5
2100250215,101.242,0,0,-101.242,101.242,215,0,0,0,10,3,-22.1338,59.5,1.5
2100250223,103.18,0,0,-103.18,103.18,223,0,0,0,10,17,28.5,58.8288,1.5
2100250224,98.127,0,0,-98.127,98.127,224,0,0,0,10,11,13,64.4081,1.5
2100250247,96.5674,0,0,-96.5674,96.5674,247,0,0,0,10,10,-1,72.6636,1.5
2100250249,103.468,0,0,-103.468,103.468,249,0,0,0,10,8,-22.5,69.7187,1.5
2100250256,105.192,0,0,-105.192,105.192,256,0,0,0,10,15,25.8939,70.8939,1.5
2100250256,104.078,0,0,-104.078,104.078,256,0,0,0,10,18,33.4681,67.4681,1.5
2100250257,98.1852,0,0,-98.1852,98.1852,257,0,0,0,10,12,-16.4893,73.9893,1.5
2100250259,100.616,0,0,-100.616,100.616,259,0,0,0,10,14,-28.0952,71.0952,1.5
2122973306,83.7549,0,0,-83.7549,83.7549,98,4,-13.6824,25.6824,1.5,0,0,0,10
2123482298,96.1069,0,0,-96.1069,96.1069,162,13,18.3466,43.3466,1.5,0,0,0,10
2123973383,96.7694,0,0,-96.7694,96.7694,175,2,-5.37702,51.5,1.5,0,0,0,10
2124482395,100.616,0,0,-100.616,100.616,259,14,-28.0952,71.0952,1.5,0,0,0,10
2126598464,105.192,0,0,-105.192,105.192,256,15,25.8939,70.8939,1.5,0,0,0,10
2127723423,101.242,0,0,-101.242,101.242,215,3,-22.1338,59.5,1.5,0,0,0,10
2127848315,84.3046,0,0,-84.3046,84.3046,107,9,3.40409,29.9041,1.5,0,0,0,10
2128723465,98.1852,0,0,-98.1852,98.1852,257,12,-16.4893,73.9893,1.5,0,0,0,10
2129848455,96.5674,0,0,-96.5674,96.5674,247,10,-1,72.6636,1.5,0,0,0,10
2130973300,83.7718,0,0,-83.7718,83.7718,92,7,9.22932,24.5,1.5,0,0,0,10
2131223319,84.8888,0,0,-84.8888,84.8888,111,1,-10.5713,29.9287,1.5,0,0,0,10
2131348388,95.1104,0,0,-95.1104,95.1104,180,5,-22,47.6179,1.5,0,0,0,10
2131848457,103.468,0,0,-103.468,103.468,249,8,-22.5,69.7187,1.5,0,0,0,10
2134598432,98.127,0,0,-98.127,98.127,224,11,13,64.4081,1.5,0,0,0,10
2135223282,81.9599,0,0,-81.9599,81.9599,74,6,1.5,19.4839,1.5,0,0,0,10
2135232254,84.6194,0,0,-84.6194,84.6194,118,16,8.04926,33,1.5,0,0,0,10
2139348431,103.18,0,0,-103.18,103.18,223,17,28.5,58.8288,1.5,0,0,0,10
2140732232,84.1811,0,0,-84.1811,84.1811,96,19,11.1444,24.8556,1.5,0,0,0,10
2141482392,104.078,0,0,-104.078,104.078,256,18,33.4681,67.4681,1.5,0,0,0,10
2144482305,95.2284,0,0,-95.2284,95.2284,169,20,12.2151,47.7151,1.5,0,0,0,10
2150000098,83.7549,0,0,-83.7549,83.7549,98,0,0,0,10,4,-13.6824,25.6824,1.5
2150000175,96.7694,0,0,-96.7694,96.7694,175,0,0,0,10,2,-5.37702,51.5,1.5
2150250074,81.9599,0,0,-81.9599,81.9599,74,0,0,0,10,6,1.5,19.4839,1.5
2150250092,83.7718,0,0,-83.7718,83.7718,92,0,0,0,10,7,9.22932,24.5,1.5
2150250096,84.1811,0,0,-84.1811,84.1811,96,0,0,0,10,19,11.1444,24.8556,1.5
2150250107,84.3046,0,0,-84.3046,84.3046,107,0,0,0,10,9,3.40409,29.9041,1.5
2150250111,84.8888,0,0,-84.8888,84.8888,111,0,0,0,10,1,-10.5713,29.9287,1.5
2150250118,84.6194,0,0,-84.6194,84.6194,118,0,0,0,10,16,8.04926,33,1.5
2150250162,96.1069,0,0,-96.1069,96.1069,162,0,0,0,10,13,18.3466,43.3466,1.5
2150250169,95.2284,0,0,-95.2284,95.2284,169,0,0,0,10,20,12.2151,47.7151,1.5
2150250180,95.1104,0,0,-95.1104,95.1104,180,0,0,0,10,5,-22,47.6179,1.5
2150250215,101.242,0,0,-101.242,101.242,215,0,0,0,10,3,-22.1338,59.5,1.5
2150250223,103.18,0,0,-103.18,103.18,223,0,0,0,10,17,28.5,58.8288,1.5
2150250224,98.127,0,0,-98.127,98.127,224,0,0,0,10,11,13,64.4081,1.5
2150250247,96.5674,0,0,-96.5674,96.5674,247,0,0,0,10,10,-1,72.6636,1.5
2150250249,103.468,0,0,-103.468,103.468,249,0,0,0,10,8,-22.5,69.7187,1.5
2150250256,105.192,0,0,-105.192,105.192,256,0,0,0,10,15,25.8939,70.8939,1.5
2150250256,104.078,0,0,-104.078,104.078,256,0,0,0,10,18,33.4681,67.4681,1.5
2150250257,98.1852,0,0,-98.1852,98.1852,257,0,0,0,10,12,-16.4893,73.9893,1.5
2150250259,100.616,0,0,-100.616,100.616,259,0,0,0,10,14,-28.0952,71.0952,1.5
2172973306,83.7549,0,0,-83.7549,83.7549,98,4,-13.6824,25.6824,1.5,0,0,0,10
2173482298,96.1069,0,0,-96.1069,96.1069,162,13,18.3466,43.3466,1.5,0,0,0,10
2173973383,96.7694,0,0,-96.7694,96.7694,175,2,-5.37702,51.5,1.5,0,0,0,10
2174482395,100.616,0,0,-100.616,100.616,259,14,-28.0952,71.0952,1.5,0,0,0,10
2176598464,105.192,0,0,-105.192,105.192,256,15,25.8939,70.8939,1.5,0,0,0,10
2177723423,101.242,0,0,-101.242,101.242,215,3,-22.1338,59.5,1.5,0,0,0,10
2177848315,84.3046,0,0,-84.3046,84.3046,107,9,3.40409,29.9041,1.5,0,0,0,10
2178723465,98.1852,0,0,-98.1852,98.1852,257,12,-16.4893,73.9893,1.5,0,0,0,10
2179848455,96.5674,0,0,-96.5674,96.5674,247,10,-1,72.6636,1.5,0,0,0,10
2180973300,83.7718,0,0,-83.7718,83.7718,92,7,9.22932,24.5,1.5,0,0,0,10
2181223319,84.8888,0,0,-84.8888,84.8888,111,1,-10.5713,29.9287,1.5,0,0,0,10
2181348388,95.1104,0,0,-95.1104,95.1104,180,5,-22,47.6179,1.5,0,0,0,10
2181848457,103.468,0,0,-103.468,103.468,249,8,-22.5,69.7187,1.5,0,0,0,10
2184598432,98.127,0,0,-98.127,98.127,224,11,13,64.4081,1.5,0,0,0,10
2185223282,81.9599,0,0,-81.9599,81.9599,74,6,1.5,19.4839,1.5,0,0,0,10
2185607254,84.6194,0,0,-84.6194,84.6194,118,16,8.04926,33,1.5,0,0,0,10
2189348431,103.18,0,0,-103.18,103.18,223,17,28.5,58.8288,1.5,0,0,0,10
2191357232,84.1811,0,0,-84.1811,84.1811,96,19,11.1444,24.8556,1.5,0,0,0,10
2192232392,104.078,0,0,-104.078,104.078,256,18,33.4681,67.4681,1.5,0,0,0,10
2195107305,95.2284,0,0,-95.2284,95.2284,169,20,12.2151,47.7151,1.5,0,0,0,10
2200000098,83.7549,0,0,-83.7549,83.7549,98,0,0,0,10,4,-13.7885,25.7885,1.5
2200000175,96.7694,0,0,-96.7694,96.7694,175,0,0,0,10,2,-5.51911,51.5191,1.5
2200250092,83.7718,0,0,-83.7718,83.7718,92,0,0,0,10,7,9.37932,24.5,1.5
2200250096,84.1811,0,0,-84.1811,84.1811,96,0,0,0,10,19,11.2505,24.7495,1.5
2200250107,84.3046,0,0,-84.3046,84.3046,107,0,0,0,10,9,3.29802,29.798,1.5
2200250111,84.8888,0,0,-84.8888,84.8888,111,0,0,0,10,1,-10.6774,29.8226,1.5
2200250118,84.6194,0,0,-84.6194,84.6194,118,0,0,0,10,16,7.89926,33,1.5
2200250162,96.1069,0,0,-96.1069,96.1069,162,0,0,0,10,13,18.2406,43.2406,1.5
2200250169,95.2284,0,0,-95.2284,95.2284,169,0,0,0,10,20,12.109,47.609,1.5
2200250180,95.1104,0,0,-95.1104,95.1104,180,0,0,0,10,5,-22,47.4679,1.5
2200250215,101.242,0,0,-101.242,101.242,215,0,0,0,10,3,-21.9838,59.5,1.5
2200250223,103.18,0,0,-103.18,103.18,223,0,0,0,10,17,28.5,58.6788,1.5
2200250224,98.127,0,0,-98.127,98.127,224,0,0,0,10,11,13,64.2581,1.5
2200250247,96.5674,0,0,-96.5674,96.5674,247,0,0,0,10,10,-1,72.5136,1.5
2200250249,103.468,0,0,-103.468,103.468,249,0,0,0,10,8,-22.5,69.5687,1.5
2200250256,105.192,0,0,-105.192,105.192,256,0,0,0,10,15,25.7878,70.7878,1.5
2200250256,104.078,0,0,-104.078,104.078,256,0,0,0,10,18,33.3621,67.3621,1.5
2200250257,98.1852,0,0,-98.1852,98.1852,257,0,0,0,10,12,-16.3832,73.8832,1.5
2200250259,100.616,0,0,-100.616,100.616,259,0,0,0,10,14,-27.9891,70.9891,1.5
2200258998,81.9263,0,0,-81.9263,81.9263,69,0,0,0,10,6,1.5,19.3339,1.5
2222973306,83.7549,0,0,-83.7549,83.7549,98,4,-13.7885,25.7885,1.5,0,0,0,10
2223482298,96.1069,0,0,-96.1069,96.1069,162,13,18.2406,43.2406,1.5,0,0,0,10
2223973383,96.7694,0,0,-96.7694,96.7694,175,2,-5.51911,51.5191,1.5,0,0,0,10
2224482395,100.616,0,0,-100.616,100.616,259,14,-27.9891,70.9891,1.5,0,0,0,10
2226598464,105.192,0,0,-105.192,105.192,256,15,25.7878,70.7878,1.5,0,0,0,10
2227723423,101.242,0,0,-101.242,101.242,215,3,-21.9838,59.5,1.5,0,0,0,10
2227848315,84.3046,0,0,-84.3046,84.3046,107,9,3.29802,29.798,1.5,0,0,0,10
2228723465,98.1852,0,0,-98.1852,98.1852,257,12,-16.3832,73.8832,1.5,0,0,0,10
2229848455,96.5674,0,0,-96.5674,96.5674,247,10,-1,72.5136,1.5,0,0,0,10
2230973300,83.7718,0,0,-83.7718,83.7718,92,7,9.37932,24.5,1.5,0,0,0,10
2231223319,84.8888,0,0,-84.8888,84.8888,111,1,-10.6774,29.8226,1.5,0,0,0,10
2231348388,95.1104,0,0,-95.1104,95.1104,180,5,-22,47.4679,1.5,0,0,0,10
2231848457,103.468,0,0,-103.468,103.468,249,8,-22.5,69.5687,1.5,0,0,0,10
2234598432,98.127,0,0,-98.127,98.127,224,11,13,64.2581,1.5,0,0,0,10
2235982205,81.9263,0,0,-81.9263,81.9263,69,6,1.5,19.3339,1.5,0,0,0,10
2236107254,84.6194,0,0,-84.6194,84.6194,118,16,7.89926,33,1.5,0,0,0,10
2239348431,103.18,0,0,-103.18,103.18,223,17,28.5,58.6788,1.5,0,0,0,10
2242098304,84.1811,0,0,-84.1811,84.1811,96,19,11.2505,24.7495,1.5,0,0,0,10
2242857392,104.078,0,0,-104.078,104.078,256,18,33.3621,67.3621,1.5,0,0,0,10
2245857305,95.2284,0,0,-95.2284,95.2284,169,20,12.109,47.609,1.5,0,0,0,10
2250000098,83.7549,0,0,-83.7549,83.7549,98,0,0,0,10,4,-13.7885,25.7885,1.5
2250000175,96.7694,0,0,-96.7694,96.7694,175,0,0,0,10,2,-5.51911,51.5191,1.5
2250250092,83.7718,0,0,-83.7718,83.7718,92,0,0,0,10,7,9.37932,24.5,1.5
2250250096,84.1811,0,0,-84.1811,84.1811,96,0,0,0,10,19,11.2505,24.7495,1.5
2250250107,84.3046,0,0,-84.3046,84.3046,107,0,0,0,10,9,3.29802,29.798,1.5
2250250111,84.8888,0,0,-84.8888,84.8888,111,0,0,0,10,1,-10.6774,29.8226,1.5
2250250118,84.6194,0,0,-84.6194,84.6194,118,0,0,0,10,16,7.89926,33,1.5
2250250162,96.1069,0,0,-96.1069,96.1069,162,0,0,0,10,13,18.2406,43.2406,1.5
2250250169,95.2284,0,0,-95.2284,95.2284,169,0,0,0,10,20,12.109,47.609,1.5
2250250180,95.1104,0,0,-95.1104,95.1104,180,0,0,0,10,5,-22,47.4679,1.5
2250250215,101.242,0,0,-101.242,101.242,215,0,0,0,10,3,-21.9838,59.5,1.5
2250250223,103.18,0,0,-103.18,103.18,223,0,0,0,10,17,28.5,58.6788,1.5
2250250224,98.127,0,0,-98.127,98.127,224,0,0,0,10,11,13,64.2581,1.5
2250250247,96.5674,0,0,-96.5674,96.5674,247,0,0,0,10,10,-1,72.5136,1.5
2250250249,103.468,0,0,-103.468,103.468,249,0,0,0,10,8,-22.5,69.5687,1.5
2250250256,105.192,0,0,-105.192,105.192,256,0,0,0,10,15,25.7878,70.7878,1.5
2250250256,104.078,0,0,-104.078,104.078,256,0,0,0,10,18,33.3621,67.3621,1.5
2250250257,98.1852,0,0,-98.1852,98.1852,257,0,0,0,10,12,-16.3832,73.8832,1.5
2250250259,100.616,0,0,-100.616,100.616,259,0,0,0,10,14,-27.9891,70.9891,1.5
2250375069,81.9263,0,0,-81.9263,81.9263,69,0,0,0,10,6,1.5,19.3339,1.5
2272973306,83.7549,0,0,-83.7549,83.7549,98,4,-13.7885,25.7885,1.5,0,0,0,10
2273482298,96.1069,0,0,-96.1069,96.1069,162,13,18.2406,43.2406,1.5,0,0,0,10
2273973383,96.7694,0,0,-96.7694,96.7694,175,2,-5.51911,51.5191,1.5,0,0,0,10
2274482395,100.616,0,0,-100.616,100.616,259,14,-27.9891,70.9891,1.5,0,0,0,10
2276598464,105.192,0,0,-105.192,105.192,256,15,25.7878,70.7878,1.5,0,0,0,10
2277723423,101.242,0,0,-101.242,101.242,215,3,-21.9838,59.5,1.5,0,0,0,10
2277848315,84.3046,0,0,-84.3046,84.3046,107,9,3.29802,29.798,1.5,0,0,0,10
2278723465,98.1852,0,0,-98.1852,98.1852,257,12,-16.3832,73.8832,1.5,0,0,0,10
2279848455,96.5674,0,0,-96.5674,96.5674,247,10,-1,72.5136,1.5,0,0,0,10
2280973300,83.7718,0,0,-83.7718,83.7718,92,7,9.37932,24.5,1.5,0,0,0,10
2281223319,84.8888,0,0,-84.8888,84.8888,111,1,-10.6774,29.8226,1.5,0,0,0,10
2281348388,95.1104,0,0,-95.1104,95.1104,180,5,-22,47.4679,1.5,0,0,0,10
2281848457,103.468,0,0,-103.468,103.468,249,8,-22.5,69.5687,1.5,0,0,0,10
2284598432,98.127,0,0,-98.127,98.127,224,11,13,64.2581,1.5,0,0,0,10
2286357205,81.9263,0,0,-81.9263,81.9263,69,6,1.5,19.3339,1.5,0,0,0,10
2286482254,84.6194,0,0,-84.6194,84.6194,118,16,7.89926,33,1.5,0,0,0,10
2289348431,103.18,0,0,-103.18,103.18,223,17,28.5,58.6788,1.5,0,0,0,10
2292098304,84.1811,0,0,-84.1811,84.1811,96,19,11.2505,24.7495,1.5,0,0,0,10
2293348464,104.078,0,0,-104.078,104.078,256,18,33.3621,67.3621,1.5,0,0,0,10
2296223377,95.2284,0,0,-95.2284,95.2284,169,20,12.109,47.609,1.5,0,0,0,10
2300000098,83.7549,0,0,-83.7549,83.7549,98,0,0,0,10,4,-13.8946,25.8946,1.5
2300000175,96.7694,0,0,-96.7694,96.7694,175,0,0,0,10,2,-5.62517,51.6252,1.5
2300250092,83.7718,0,0,-83.7718,83.7718,92,0,0,0,10,7,9.52932,24.5,1.5
2300250096,84.1811,0,0,-84.1811,84.1811,96,0,0,0,10,19,11.3566,24.6434,1.5
2300250107,84.3046,0,0,-84.3046,84.3046,107,0,0,0,10,9,3.19196,29.692,1.5
2300250111,84.8888,0,0,-84.8888,84.8888,111,0,0,0,10,1,-10.7834,29.7166,1.5
2300250118,84.6194,0,0,-84.6194,84.6194,118,0,0,0,10,16,7.74926,33,1.5
2300250162,96.1069,0,0,-96.1069,96.1069,162,0,0,0,10,13,18.1345,43.1345,1.5
2300250169,95.2284,0,0,-95.2284,95.2284,169,0,0,0,10,20,12.003,47.503,1.5
2300250180,95.1104,0,0,-95.1104,95.1104,180,0,0,0,10,5,-22,47.3179,1.5
2300250215,101.242,0,0,-101.242,101.242,215,0,0,0,10,3,-21.8338,59.5,1.5
2300250223,103.18,0,0,-103.18,103.18,223,0,0,0,10,17,28.5,58.5288,1.5
2300250224,98.127,0,0,-98.127,98.127,224,0,0,0,10,11,13,64.1081,1.5
2300250247,96.5674,0,0,-96.5674,96.5674,247,0,0,0,10,10,-1,72.3636,1.5
2300250249,103.468,0,0,-103.468,103.468,249,0,0,0,10,8,-22.5,69.4187,1.5
2300250256,105.192,0,0,-105.192,105.192,256,0,0,0,10,15,25.6818,70.6818,1.5
2300250256,104.078,0,0,-104.078,104.078,256,0,0,0,10,18,33.256,67.256,1.5
2300250257,98.1852,0,0,-98.1852,98.1852,257,0,0,0,10,12,-16.2771,73.7771,1.5
2300250259,100.616,0,0,-100.616,100.616,259,0,0,0,10,14,-27.883,70.883,1.5
2300375069,81.9263,0,0,-81.9263,81.9263,69,0,0,0,10,6,1.5,19.1839,1.5
2322973306,83.7549,0,0,-83.7549,83.7549,98,4,-13.8946,25.8946,1.5,0,0,0,10
2323482298,96.1069,0,0,-96.1069,96.1069,162,13,18.1345,43.1345,1.5,0,0,0,10
2323973383,96.7694,0,0,-96.7694,96.7694,175,2,-5.62517,51.6252,1.5,0,0,0,10
2324482395,100.616,0,0,-100.616,100.616,259,14,-27.883,70.883,1.5,0,0,0,10
2326598464,105.192,0,0,-105.192,105.192,256,15,25.6818,70.6818,1.5,0,0,0,10
2327723423,101.242,0,0,-101.242,101.242,215,3,-21.8338,59.5,1.5,0,0,0,10
2327848315,84.3046,0,0,-84.3046,84.3046,107,9,3.19196,29.692,1.5,0,0,0,10
2328723465,98.1852,0,0,-98.1852,98.1852,257,12,-16.2771,73.7771,1.5,0,0,0,10
2329848455,96.5674,0,0,-96.5674,96.5674,247,10,-1,72.3636,1.5,0,0,0,10
2330973300,83.7718,0,0,-83.7718,83.7718,92,7,9.52932,24.5,1.5,0,0,0,10
2331223319,84.8888,0,0,-84.8888,84.8888,111,1,-10.7834,29.7166,1.5,0,0,0,10
2331348388,95.1104,0,0,-95.1104,95.1104,180,5,-22,47.3179,1.5,0,0,0,10
2331848457,103.468,0,0,-103.468,103.468,249,8,-22.5,69.4187,1.5,0,0,0,10
2334598432,98.127,0,0,-98.127,98.127,224,11,13,64.1081,1.5,0,0,0,10
2336732205,81.9263,0,0,-81.9263,81.9263,69,6,1.5,19.1839,1.5,0,0,0,10
2336857254,84.6194,0,0,-84.6194,84.6194,118,16,7.74926,33,1.5,0,0,0,10
2339348431,103.18,0,0,-103.18,103.18,223,17,28.5,58.5288,1.5,0,0,0,10
2342098304,84.1811,0,0,-84.1811,84.1811,96,19,11.3566,24.6434,1.5,0,0,0,10
2343348464,104.078,0,0,-104.078,104.078,256,18,33.256,67.256,1.5,0,0,0,10
2346223377,95.2284,0,0,-95.2284,95.2284,169,20,12.003,47.503,1.5,0,0,0,10
2350000098,83.7549,0,0,-83.7549,83.7549,98,0,0,0,10,4,-13.8946,25.8946,1.5
2350000175,96.7694,0,0,-96.7694,96.7694,175,0,0,0,10,2,-5.62517,51.6252,1.5
2350250092,83.7718,0,0,-83.7718,83.7718,92,0,0,0,10,7,9.52932,24.5,1.5
2350250096,84.1811,0,0,-84.1811,84.1811,96,0,0,0,10,19,11.3566,24.6434,1.5
2350250107,84.3046,0,0,-84.3046,84.3046,107,0,0,0,10,9,3.19196,29.692,1.5
2350250111,84.8888,0,0,-84.8888,84.8888,111,0,0,0,10,1,-10.7834,29.7166,1.5
2350250118,84.6194,0,0,-84.6194,84.6194,118,0,0,0,10,16,7.74926,33,1.5
2350250162,96.1069,0,0,-96.1069,96.1069,162,0,0,0,10,13,18.1345,43.1345,1.5
2350250169,95.2284,0,0,-95.2284,95.2284,169,0,0,0,10,20,12.003,47.503,1.5
2350250180,95.1104,0,0,-95.1104,95.1104,180,0,0,0,10,5,-22,47.3179,1.5
2350250215,101.242,0,0,-101.242,101.242,215,0,0,0,10,3,-21.8338,59.5,1.5
2350250223,103.18,0,0,-103.18,103.18,223,0,0,0,10,17,28.5,58.5288,1.5
2350250224,98.127,0,0,-98.127,98.127,224,0,0,0,10,11,13,64.1081,1.5
2350250247,96.5674,0,0,-96.5674,96.5674,247,0,0,0,10,10,-1,72.3636,1.5
2350250249,103.468,0,0,-103.468,103.468,249,0,0,0,10,8,-22.5,69.4187,1.5
2350250256,105.192,0,0,-105.192,105.192,256,0,0,0,10,15,25.6818,70.6818,1.5
2350250256,104.078,0,0,-104.078,104.078,256,0,0,0,10,18,33.256,67.256,1.5
2350250257,98.1852,0,0,-98.1852,98.1852,257,0,0,0,10,12,-16.2771,73.7771,1.5
2350250259,100.616,0,0,-100.616,100.616,259,0,0,0,10,14,-27.883,70.883,1.5
2350375069,81.9263,0,0,-81.9263,81.9263,69,0,0,0,10,6,1.5,19.1839,1.5
2372973306,83.7549,0,0,-83.7549,83.7549,98,4,-13.8946,25.8946,1.5,0,0,0,10
2373482298,96.1069,0,0,-96.1069,96.1069,162,13,18.1345,43.1345,1.5,0,0,0,10
2373973383,96.7694,0,0,-96.7694,96.7694,175,2,-5.62517,51.6252,1.5,0,0,0,10
2374482395,100.616,0,0,-100.616,100.616,259,14,-27.883,70.883,1.5,0,0,0,10
2376598464,105.192,0,0,-105.192,105.192,256,15,25.6818,70.6818,1.5,0,0,0,10
2377723423,101.242,0,0,-101.242,101.242,215,3,-21.8338,59.5,1.5,0,0,0,10
2377848315,84.3046,0,0,-84.3046,84.3046,107,9,3.19196,29.692,1.5,0,0,0,10
2378723465,98.1852,0,0,-98.1852,98.1852,257,12,-16.2771,73.7771,1.5,0,0,0,10
2379848455,96.5674,0,0,-96.5674,96.5674,247,10,-1,72.3636,1.5,0,0,0,10
2380973300,83.7718,0,0,-83.7718,83.7718,92,7,9.52932,24.5,1.5,0,0,0,10
2381223319,84.8888,0,0,-84.8888,84.8888,111,1,-10.7834,29.7166,1.5,0,0,0,10
2381348388,95.1104,0,0,-95.1104,95.1104,180,5,-22,47.3179,1.5,0,0,0,10
2381848457,103.468,0,0,-103.468,103.468,249,8,-22.5,69.4187,1.5,0,0,0,10
2384598432,98.127,0,0,-98.127,98.127,224,11,13,64.1081,1.5,0,0,0,10
2387107205,81.9263,0,0,-81.9263,81.9263,69,6,1.5,19.1839,1.5,0,0,0,10
2387232254,84.6194,0,0,-84.6194,84.6194,118,16,7.74926,33,1.5,0,0,0,10
2389348431,103.18,0,0,-103.18,103.18,223,17,28.5,58.5288,1.5,0,0,0,10
2392098304,84.1811,0,0,-84.1811,84.1811,96,19,11.3566,24.6434,1.5,0,0,0,10
2393348464,104.078,0,0,-104.078,104.078,256,18,33.256,67.256,1.5,0,0,0,10
2396223377,95.2284,0,0,-95.2284,95.2284,169,20,12.003,47.503,1.5,0,0,0,10
2400000103,83.9193,0,0,-83.9193,83.9193,103,0,0,0,10,4,-14.0006,26.0006,1.5
2400000176,96.7678,0,0,-96.7678,96.7678,176,0,0,0,10,2,-5.73124,51.7312,1.5
2400250092,83.5857,0,0,-83.5857,83.5857,92,0,0,0,10,7,9.67932,24.5,1.5
2400259024,83.4854,0,0,-83.4854,83.4854,95,0,0,0,10,19,11.4626,24.5374,1.5
2400259032,84.373,0,0,-84.373,84.373,103,0,0,0,10,9,3.08589,29.5859,1.5
2400259038,84.3232,0,0,-84.3232,84.3232,109,0,0,0,10,1,-10.8895,29.6105,1.5
2400259045,84.5729,0,0,-84.5729,84.5729,116,0,0,0,10,16,7.59926,33,1.5
2400259087,97.079,0,0,-97.079,97.079,158,0,0,0,10,13,18.0284,43.0284,1.5
2400259094,95.2536,0,0,-95.2536,95.2536,165,0,0,0,10,20,11.8969,47.3969,1.5
2400259105,96.4266,0,0,-96.4266,96.4266,176,0,0,0,10,5,-22,47.1679,1.5
2400259142,100.688,0,0,-100.688,100.688,213,0,0,0,10,3,-21.6838,59.5,1.5
2400259148,102.326,0,0,-102.326,102.326,219,0,0,0,10,17,28.5,58.3788,1.5
2400259149,96.0925,0,0,-96.0925,96.0925,220,0,0,0,10,11,13,63.9581,1.5
2400259172,97.425,0,0,-97.425,97.425,243,0,0,0,10,10,-1,72.2136,1.5
2400259174,103.2,0,0,-103.2,103.2,245,0,0,0,10,8,-22.5,69.2687,1.5
2400259180,101.461,0,0,-101.461,101.461,251,0,0,0,10,18,33.1499,67.1499,1.5
2400259181,100.661,0,0,-100.661,100.661,252,0,0,0,10,15,25.5757,70.5757,1.5
2400259182,99.1114,0,0,-99.1114,99.1114,253,0,0,0,10,12,-16.1711,73.6711,1.5
2400259184,103.724,0,0,-103.724,103.724,255,0,0,0,10,14,-27.777,70.777,1.5
2400375070,82.1108,0,0,-82.1108,82.1108,70,0,0,0,10,6,1.5,19.0339,1.5
2422973311,83.9193,0,0,-83.9193,83.9193,103,4,-14.0006,26.0006,1.5,0,0,0,10
2423973384,96.7678,0,0,-96.7678,96.7678,176,2,-5.73124,51.7312,1.5,0,0,0,10
2426348463,103.724,0,0,-103.724,103.724,255,14,-27.777,70.777,1.5,0,0,0,10
2426982388,100.661,0,0,-100.661,100.661,252,15,25.5757,70.5757,1.5,0,0,0,10
2427857349,100.688,0,0,-100.688,100.688,213,3,-21.6838,59.5,1.5,0,0,0,10
2428732239,84.373,0,0,-84.373,84.373,103,9,3.08589,29.5859,1.5,0,0,0,10
2429982389,99.1114,0,0,-99.1114,99.1114,253,12,-16.1711,73.6711,1.5,0,0,0,10
2430973300,83.5857,0,0,-83.5857,83.5857,92,7,9.67932,24.5,1.5,0,0,0,10
2430982379,97.425,0,0,-97.425,97.425,243,10,-1,72.2136,1.5,0,0,0,10
2431598366,97.079,0,0,-97.079,97.079,158,13,18.0284,43.0284,1.5,0,0,0,10
2431607245,84.3232,0,0,-84.3232,84.3232,109,1,-10.8895,29.6105,1.5,0,0,0,10
2432107381,103.2,0,0,-103.2,103.2,245,8,-22.5,69.2687,1.5,0,0,0,10
2432357312,96.4266,0,0,-96.4266,96.4266,176,5,-22,47.1679,1.5,0,0,0,10
2434857356,96.0925,0,0,-96.0925,96.0925,220,11,13,63.9581,1.5,0,0,0,10
2437482206,82.1108,0,0,-82.1108,82.1108,70,6,1.5,19.0339,1.5,0,0,0,10
2437607252,84.5729,0,0,-84.5729,84.5729,116,16,7.59926,33,1.5,0,0,0,10
2439482355,102.326,0,0,-102.326,102.326,219,17,28.5,58.3788,1.5,0,0,0,10
2442482231,83.4854,0,0,-83.4854,83.4854,95,19,11.4626,24.5374,1.5,0,0,0,10
2443482387,101.461,0,0,-101.461,101.461,251,18,33.1499,67.1499,1.5,0,0,0,10
2446357301,95.2536,0,0,-95.2536,95.2536,165,20,11.8969,47.3969,1.5,0,0,0,10
2450000103,83.9193,0,0,-83.9193,83.9193,103,0,0,0,10,4,-14.0006,26.0006,1.5
2450000176,96.7678,0,0,-96.7678,96.7678,176,0,0,0,10,2,-5.73124,51.7312,1.5
2450250092,83.5857,0,0,-83.5857,83.5857,92,0,0,0,10,7,9.67932,24.5,1.5
2450259024,83.4854,0,0,-83.4854,83.4854,95,0,0,0,10,19,11.4626,24.5374,1.5
2450259032,84.373,0,0,-84.373,84.373,103,0,0,0,10,9,3.08589,29.5859,1.5
2450259038,84.3232,0,0,-84.3232,84.3232,109,0,0,0,10,1,-10.8895,29.6105,1.5
2450259045,84.5729,0,0,-84.5729,84.5729,116,0,0,0,10,16,7.59926,33,1.5
2450259087,97.079,0,0,-97.079,97.079,158,0,0,0,10,13,18.0284,43.0284,1.5
2450259094,95.2536,0,0,-95.2536,95.2536,165,0,0,0,10,20,11.8969,47.3969,1.5
2450259105,96.4266,0,0,-96.4266,96.4266,176,0,0,0,10,5,-22,47.1679,1.5
2450259142,100.688,0,0,-100.688,100.688,213,0,0,0,10,3,-21.6838,59.5,1.5
2450259148,102.326,0,0,-102.326,102.326,219,0,0,0,10,17,28.5,58.3788,1.5
2450259149,96.0925,0,0,-96.0925,96.0925,220,0,0,0,10,11,13,63.9581,1.5
2450259172,97.425,0,0,-97.425,97.425,243,0,0,0,10,10,-1,72.2136,1.5
2450259174,103.2,0,0,-103.2,103.2,245,0,0,0,10,8,-22.5,69.2687,1.5
2450259180,101.461,0,0,-101.461,101.461,251,0,0,0,10,18,33.1499,67.1499,1.5
2450259181,100.661,0,0,-100.661,100.661,252,0,0,0,10,15,25.5757,70.5757,1.5
2450259182,99.1114,0,0,-99.1114,99.1114,253,0,0,0,10,12,-16.1711,73.6711,1.5
2450259184,103.724,0,0,-103.724,103.724,255,0,0,0,10,14,-27.777,70.777,1.5
2450375070,82.1108,0,0,-82.1108,82.1108,70,0,0,0,10,6,1.5,19.0339,1.5
2472973311,83.9193,0,0,-83.9193,83.9193,103,4,-14.0006,26.0006,1.5,0,0,0,10
2473973384,96.7678,0,0,-96.7678,96.7678,176,2,-5.73124,51.7312,1.5,0,0,0,10
2476348463,103.724,0,0,-103.724,103.724,255,14,-27.777,70.777,1.5,0,0,0,10
2477357388,100.661,0,0,-100.661,100.661,252,15,25.5757,70.5757,1.5,0,0,0,10
2478107349,100.688,0,0,-100.688,100.688,213,3,-21.6838,59.5,1.5,0,0,0,10
2479107239,84.373,0,0,-84.373,84.373,103,9,3.08589,29.5859,1.5,0,0,0,10
2479982389,99.1114,0,0,-99.1114,99.1114,253,12,-16.1711,73.6711,1.5,0,0,0,10
2480973300,83.5857,0,0,-83.5857,83.5857,92,7,9.67932,24.5,1.5,0,0,0,10
2481482379,97.425,0,0,-97.425,97.425,243,10,-1,72.2136,1.5,0,0,0,10
2481598366,97.079,0,0,-97.079,97.079,158,13,18.0284,43.0284,1.5,0,0,0,10
2481982245,84.3232,0,0,-84.3232,84.3232,109,1,-10.8895,29.6105,1.5,0,0,0,10
2482482381,103.2,0,0,-103.2,103.2,245,8,-22.5,69.2687,1.5,0,0,0,10
2482732312,96.4266,0,0,-96.4266,96.4266,176,5,-22,47.1679,1.5,0,0,0,10
2485232356,96.0925,0,0,-96.0925,96.0925,220,11,13,63.9581,1.5,0,0,0,10
2487982206,82.1108,0,0,-82.1108,82.1108,70,6,1.5,19.0339,1.5,0,0,0,10
2488107252,84.5729,0,0,-84.5729,84.5729,116,16,7.59926,33,1.5,0,0,0,10
2489973428,102.326,0,0,-102.326,102.326,219,17,28.5,58.3788,1.5,0,0,0,10
2493232231,83.4854,0,0,-83.4854,83.4854,95,19,11.4626,24.5374,1.5,0,0,0,10
2493982387,101.461,0,0,-101.461,101.461,251,18,33.1499,67.1499,1.5,0,0,0,10
2496982301,95.2536,0,0,-95.2536,95.2536,165,20,11.8969,47.3969,1.5,0,0,0,10
2500000103,83.9193,0,0,-83.9193,83.9193,103,0,0,0,10,4,-14.1067,26.1067,1.5
2500000176,96.7678,0,0,-96.7678,96.7678,176,0,0,0,10,2,-5.83731,51.8373,1.5
2500250092,83.5857,0,0,-83.5857,83.5857,92,0,0,0,10,7,9.82932,24.5,1.5
2500259024,83.4854,0,0,-83.4854,83.4854,95,0,0,0,10,19,11.5687,24.4313,1.5
2500259032,84.373,0,0,-84.373,84.373,103,0,0,0,10,9,2.97983,29.4798,1.5
2500259038,84.3232,0,0,-84.3232,84.3232,109,0,0,0,10,1,-10.9956,29.5044,1.5
2500259045,84.5729,0,0,-84.5729,84.5729,116,0,0,0,10,16,7.44926,33,1.5
2500259087,97.079,0,0,-97.079,97.079,158,0,0,0,10,13,17.9224,42.9224,1.5
2500259094,95.2536,0,0,-95.2536,95.2536,165,0,0,0,10,20,11.7909,47.2909,1.5
2500259105,96.4266,0,0,-96.4266,96.4266,176,0,0,0,10,5,-22,47.0179,1.5
2500259142,100.688,0,0,-100.688,100.688,213,0,0,0,10,3,-21.5338,59.5,1.5
2500259148,102.326,0,0,-102.326,102.326,219,0,0,0,10,17,28.5,58.2288,1.5
2500259149,96.0925,0,0,-96.0925,96.0925,220,0,0,0,10,11,13,63.8081,1.5
2500259172,97.425,0,0,-97.425,97.425,243,0,0,0,10,10,-1,72.0636,1.5
2500259174,103.2,0,0,-103.2,103.2,245,0,0,0,10,8,-22.5,69.1187,1.5
2500259180,101.461,0,0,-101.461,101.461,251,0,0,0,10,18,33.0439,67.0439,1.5
2500259181,100.661,0,0,-100.661,100.661,252,0,0,0,10,15,25.4696,70.4696,1.5
2500259182,99.1114,0,0,-99.1114,99.1114,253,0,0,0,10,12,-16.065,73.565,1.5
2500259184,103.724,0,0,-103.724,103.724,255,0,0,0,10,14,-27.6709,70.6709,1.5
2500375070,82.1108,0,0,-82.1108,82.1108,70,0,0,0,10,6,1.5,18.8839,1.5
2522973311,83.9193,0,0,-83.9193,83.9193,103,4,-14.1067,26.1067,1.5,0,0,0,10
2523973384,96.7678,0,0,-96.7678,96.7678,176,2,-5.83731,51.8373,1.5,0,0,0,10
2526348463,103.724,0,0,-103.724,103.724,255,14,-27.6709,70.6709,1.5,0,0,0,10
2527839533,100.661,0,0,-100.661,100.661,252,15,25.4696,70.4696,1.5,0,0,0,10
2528482349,100.688,0,0,-100.688,100.688,213,3,-21.5338,59.5,1.5,0,0,0,10
2529482239,84.373,0,0,-84.373,84.373,103,9,2.97983,29.4798,1.5,0,0,0,10
2530357389,99.1114,0,0,-99.1114,99.1114,253,12,-16.065,73.565,1.5,0,0,0,10
2530973300,83.5857,0,0,-83.5857,83.5857,92,7,9.82932,24.5,1.5,0,0,0,10
2531598366,97.079,0,0,-97.079,97.079,158,13,17.9224,42.9224,1.5,0,0,0,10
2531857379,97.425,0,0,-97.425,97.425,243,10,-1,72.0636,1.5,0,0,0,10
2532482245,84.3232,0,0,-84.3232,84.3232,109,1,-10.9956,29.5044,1.5,0,0,0,10
2532982381,103.2,0,0,-103.2,103.2,245,8,-22.5,69.1187,1.5,0,0,0,10
2533107312,96.4266,0,0,-96.4266,96.4266,176,5,-22,47.0179,1.5,0,0,0,10
2535607356,96.0925,0,0,-96.0925,96.0925,220,11,13,63.8081,1.5,0,0,0,10
2538357206,82.1108,0,0,-82.1108,82.1108,70,6,1.5,18.8839,1.5,0,0,0,10
2538482252,84.5729,0,0,-84.5729,84.5729,116,16,7.44926,33,1.5,0,0,0,10
2543482355,102.326,0,0,-102.326,102.326,219,17,28.5,58.2288,1.5,0,0,0,10
2543857231,83.4854,0,0,-83.4854,83.4854,95,19,11.5687,24.4313,1.5,0,0,0,10
2544732387,101.461,0,0,-101.461,101.461,251,18,33.0439,67.0439,1.5,0,0,0,10
2547607301,95.2536,0,0,-95.2536,95.2536,165,20,11.7909,47.2909,1.5,0,0,0,10
2550000103,83.9193,0,0,-83.9193,83.9193,103,0,0,0,10,4,-14.1067,26.1067,1.5
2550000176,96.7678,0,0,-96.7678,96.7678,176,0,0,0,10,2,-5.83731,51.8373,1.5
2550250092,83.5857,0,0,-83.5857,83.5857,92,0,0,0,10,7,9.82932,24.5,1.5
2550259024,83.4854,0,0,-83.4854,83.4854,95,0,0,0,10,19,11.5687,24.4313,1.5
2550259032,84.373,0,0,-84.373,84.373,103,0,0,0,10,9,2.97983,29.4798,1.5
2550259038,84.3232,0,0,-84.3232,84.3232,109,0,0,0,10,1,-10.9956,29.5044,1.5
2550259045,84.5729,0,0,-84.5729,84.5729,116,0,0,0,10,16,7.44926,33,1.5
2550259087,97.079,0,0,-97.079,97.079,158,0,0,0,10,13,17.9224,42.9224,1.5
2550259094,95.2536,0,0,-95.2536,95.2536,165,0,0,0,10,20,11.7909,47.2909,1.5
2550259105,96.4266,0,0,-96.4266,96.4266,176,0,0,0,10,5,-22,47.0179,1.5
2550259142,100.688,0,0,-100.688,100.688,213,0,0,0,10,3,-21.5338,59.5,1.5
2550259148,102.326,0,0,-102.326,102.326,219,0,0,0,10,17,28.5,58.2288,1.5
2550259149,96.0925,0,0,-96.0925,96.0925,220,0,0,0,10,11,13,63.8081,1.5
2550259172,97.425,0,0,-97.425,97.425,243,0,0,0,10,10,-1,72.0636,1.5
2550259174,103.2,0,0,-103.2,103.2,245,0,0,0,10,8,-22.5,69.1187,1.5
2550259180,101.461,0,0,-101.461,101.461,251,0,0,0,10,18,33.0439,67.0439,1.5
2550259181,100.661,0,0,-100.661,100.661,252,0,0,0,10,15,25.4696,70.4696,1.5
2550259182,99.1114,0,0,-99.1114,99.1114,253,0,0,0,10,12,-16.065,73.565,1.5
2550259184,103.724,0,0,-103.724,103.724,255,0,0,0,10,14,-27.6709,70.6709,1.5
2550375070,82.1108,0,0,-82.1108,82.1108,70,0,0,0,10,6,1.5,18.8839,1.5
2572973311,83.9193,0,0,-83.9193,83.9193,103,4,-14.1067,26.1067,1.5,0,0,0,10
2573973384,96.7678,0,0,-96.7678,96.7678,176,2,-5.83731,51.8373,1.5,0,0,0,10
2576348463,103.724,0,0,-103.724,103.724,255,14,-27.6709,70.6709,1.5,0,0,0,10
2578232388,100.661,0,0,-100.661,100.661,252,15,25.4696,70.4696,1.5,0,0,0,10
2578607349,100.688,0,0,-100.688,100.688,213,3,-21.5338,59.5,1.5,0,0,0,10
2579857239,84.373,0,0,-84.373,84.373,103,9,2.97983,29.4798,1.5,0,0,0,10
2580973300,83.5857,0,0,-83.5857,83.5857,92,7,9.82932,24.5,1.5,0,0,0,10
2581107389,99.1114,0,0,-99.1114,99.1114,253,12,-16.065,73.565,1.5,0,0,0,10
2581598366,97.079,0,0,-97.079,97.079,158,13,17.9224,42.9224,1.5,0,0,0,10
2582232379,97.425,0,0,-97.425,97.425,243,10,-1,72.0636,1.5,0,0,0,10
2582857245,84.3232,0,0,-84.3232,84.3232,109,1,-10.9956,29.5044,1.5,0,0,0,10
2583357381,103.2,0,0,-103.2,103.2,245,8,-22.5,69.1187,1.5,0,0,0,10
2583482312,96.4266,0,0,-96.4266,96.4266,176,5,-22,47.0179,1.5,0,0,0,10
2585982356,96.0925,0,0,-96.0925,96.0925,220,11,13,63.8081,1.5,0,0,0,10
2588732206,82.1108,0,0,-82.1108,82.1108,70,6,1.5,18.8839,1.5,0,0,0,10
2588857252,84.5729,0,0,-84.5729,84.5729,116,16,7.44926,33,1.5,0,0,0,10
2593964500,102.326,0,0,-102.326,102.326,219,17,28.5,58.2288,1.5,0,0,0,10
2594607231,83.4854,0,0,-83.4854,83.4854,95,19,11.5687,24.4313,1.5,0,0,0,10
2595357387,101.461,0,0,-101.461,101.461,251,18,33.0439,67.0439,1.5,0,0,0,10
2598357301,95.2536,0,0,-95.2536,95.2536,165,20,11.7909,47.2909,1.5,0,0,0,10
2600000103,83.9193,0,0,-83.9193,83.9193,103,0,0,0,10,4,-14.2128,26.2128,1.5
2600000176,96.7678,0,0,-96.7678,96.7678,176,0,0,0,10,2,-5.94337,51.9434,1.5
2600250092,83.5857,0,0,-83.5857,83.5857,92,0,0,0,10,7,9.97932,24.5,1.5
2600259024,83.4854,0,0,-83.4854,83.4854,95,0,0,0,10,19,11.6748,24.3252,1.5
2600259032,84.373,0,0,-84.373,84.373,103,0,0,0,10,9,2.87376,29.3738,1.5
2600259038,84.3232,0,0,-84.3232,84.3232,109,0,0,0,10,1,-11.1016,29.3984,1.5
2600259045,84.5729,0,0,-84.5729,84.5729,116,0,0,0,10,16,7.29926,33,1.5
2600259087,97.079,0,0,-97.079,97.079,158,0,0,0,10,13,17.8163,42.8163,1.5
2600259094,95.2536,0,0,-95.2536,95.2536,165,0,0,0,10,20,11.6848,47.1848,1.5
2600259105,96.4266,0,0,-96.4266,96.4266,176,0,0,0,10,5,-22,46.8679,1.5
2600259142,100.688,0,0,-100.688,100.688,213,0,0,0,10,3,-21.3838,59.5,1.5
2600259148,102.326,0,0,-102.326,102.326,219,0,0,0,10,17,28.5,58.0788,1.5
2600259149,96.0925,0,0,-96.0925,96.0925,220,0,0,0,10,11,13,63.6581,1.5
2600259172,97.425,0,0,-97.425,97.425,243,0,0,0,10,10,-1,71.9136,1.5
2600259174,103.2,0,0,-103.2,103.2,245,0,0,0,10,8,-22.5,68.9687,1.5
2600259180,101.461,0,0,-101.461,101.461,251,0,0,0,10,18,32.9378,66.9378,1.5
2600259181,100.661,0,0,-100.661,100.661,252,0,0,0,10,15,25.3636,70.3636,1.5
2600259182,99.1114,0,0,-99.1114,99.1114,253,0,0,0,10,12,-15.9589,73.4589,1.5
2600259184,103.724,0,0,-103.724,103.724,255,0,0,0,10,14,-27.5648,70.5648,1.5
2600375070,82.1108,0,0,-82.1108,82.1108,70,0,0,0,10,6,1.5,18.7339,1.5
2622973311,83.9193,0,0,-83.9193,83.9193,103,4,-14.2128,26.2128,1.5,0,0,0,10
2623973384,96.7678,0,0,-96.7678,96.7678,176,2,-5.94337,51.9434,1.5,0,0,0,10
2626348463,103.724,0,0,-103.724,103.724,255,14,-27.5648,70.5648,1.5,0,0,0,10
2628607388,100.661,0,0,-100.661,100.661,252,15,25.3636,70.3636,1.5,0,0,0,10
2629232349,100.688,0,0,-100.688,100.688,213,3,-21.3838,59.5,1.5,0,0,0,10
2630232239,84.373,0,0,-84.373,84.373,103,9,2.87376,29.3738,1.5,0,0,0,10
2630973300,83.5857,0,0,-83.5857,83.5857,92,7,9.97932,24.5,1.5,0,0,0,10
2631482389,99.1114,0,0,-99.1114,99.1114,253,12,-15.9589,73.4589,1.5,0,0,0,10
2631598366,97.079,0,0,-97.079,97.079,158,13,17.8163,42.8163,1.5,0,0,0,10
2632607379,97.425,0,0,-97.425,97.425,243,10,-1,71.9136,1.5,0,0,0,10
2633232245,84.3232,0,0,-84.3232,84.3232,109,1,-11.1016,29.3984,1.5,0,0,0,10
2633732381,103.2,0,0,-103.2,103.2,245,8,-22.5,68.9687,1.5,0,0,0,10
2633982312,96.4266,0,0,-96.4266,96.4266,176,5,-22,46.8679,1.5,0,0,0,10
2636357356,96.0925,0,0,-96.0925,96.0925,220,11,13,63.6581,1.5,0,0,0,10
2639107206,82.1108,0,0,-82.1108,82.1108,70,6,1.5,18.7339,1.5,0,0,0,10
2639232252,84.5729,0,0,-84.5729,84.5729,116,16,7.29926,33,1.5,0,0,0,10
2645232231,83.4854,0,0,-83.4854,83.4854,95,19,11.6748,24.3252,1.5,0,0,0,10
2646107387,101.461,0,0,-101.461,101.461,251,18,32.9378,66.9378,1.5,0,0,0,10
2647482355,102.326,0,0,-102.326,102.326,219,17,28.5,58.0788,1.5,0,0,0,10
2648982301,95.2536,0,0,-95.2536,95.2536,165,20,11.6848,47.1848,1.5,0,0,0,10
2650000103,83.9193,0,0,-83.9193,83.9193,103,0,0,0,10,4,-14.2128,26.2128,1.5
2650000176,96.7678,0,0,-96.7678,96.7678,176,0,0,0,10,2,-5.94337,51.9434,1.5
2650250092,83.5857,0,0,-83.5857,83.5857,92,0,0,0,10,7,9.97932,24.5,1.5
2650259024,83.4854,0,0,-83.4854,83.4854,95,0,0,0,10,19,11.6748,24.3252,1.5
2650259032,84.373,0,0,-84.373,84.373,103,0,0,0,10,9,2.87376,29.3738,1.5
2650259038,84.3232,0,0,-84.3232,84.3232,109,0,0,0,10,1,-11.1016,29.3984,1.5
2650259045,84.5729,0,0,-84.5729,84.5729,116,0,0,0,10,16,7.29926,33,1.5
2650259087,97.079,0,0,-97.079,97.079,158,0,0,0,10,13,17.8163,42.8163,1.5
2650259094,95.2536,0,0,-95.2536,95.2536,165,0,0,0,10,20,11.6848,47.1848,1.5
2650259105,96.4266,0,0,-96.4266,96.4266,176,0,0,0,10,5,-22,46.8679,1.5
2650259142,100.688,0,0,-100.688,100.688,213,0,0,0,10,3,-21.3838,59.5,1.5
2650259148,102.326,0,0,-102.326,102.326,219,0,0,0,10,17,28.5,58.0788,1.5
2650259149,96.0925,0,0,-96.0925,96.0925,220,0,0,0,10,11,13,63.6581,1.5
2650259172,97.425,0,0,-97.425,97.425,243,0,0,0,10,10,-1,71.9136,1.5
2650259174,103.2,0,0,-103.2,103.2,245,0,0,0,10,8,-22.5,68.9687,1.5
2650259180,101.461,0,0,-101.461,101.461,251,0,0,0,10,18,32.9378,66.9378,1.5
2650259181,100.661,0,0,-100.661,100.661,252,0,0,0,10,15,25.3636,70.3636,1.5
2650259182,99.1114,0,0,-99.1114,99.1114,253,0,0,0,10,12,-15.9589,73.4589,1.5
2650259184,103.724,0,0,-103.724,103.724,255,0,0,0,10,14,-27.5648,70.5648,1.5
2650375070,82.1108,0,0,-82.1108,82.1108,70,0,0,0,10,6,1.5,18.7339,1.5
2672973311,83.9193,0,0,-83.9193,83.9193,103,4,-14.2128,26.2128,1.5,0,0,0,10
2673973384,96.7678,0,0,-96.7678,96.7678,176,2,-5.94337,51.9434,1.5,0,0,0,10
2676348463,103.724,0,0,-103.724,103.724,255,14,-27.5648,70.5648,1.5,0,0,0,10
2678982388,100.661,0,0,-100.661,100.661,252,15,25.3636,70.3636,1.5,0,0,0,10
2679607349,100.688,0,0,-100.688,100.688,213,3,-21.3838,59.5,1.5,0,0,0,10
2680732239,84.373,0,0,-84.373,84.373,103,9,2.87376,29.3738,1.5,0,0,0,10
2680973300,83.5857,0,0,-83.5857,83.5857,92,7,9.97932,24.5,1.5,0,0,0,10
2681598366,97.079,0,0,-97.079,97.079,158,13,17.8163,42.8163,1.5,0,0,0,10
2681982389,99.1114,0,0,-99.1114,99.1114,253,12,-15.9589,73.4589,1.5,0,0,0,10
2682982379,97.425,0,0,-97.425,97.425,243,10,-1,71.9136,1.5,0,0,0,10
2683607245,84.3232,0,0,-84.3232,84.3232,109,1,-11.1016,29.3984,1.5,0,0,0,10
2683857381,103.2,0,0,-103.2,103.2,245,8,-22.5,68.9687,1.5,0,0,0,10
2684357312,96.4266,0,0,-96.4266,96.4266,176,5,-22,46.8679,1.5,0,0,0,10
2686857356,96.0925,0,0,-96.0925,96.0925,220,11,13,63.6581,1.5,0,0,0,10
2689482206,82.1108,0,0,-82.1108,82.1108,70,6,1.5,18.7339,1.5,0,0,0,10
2689607252,84.5729,0,0,-84.5729,84.5729,116,16,7.29926,33,1.5,0,0,0,10
2695982231,83.4854,0,0,-83.4854,83.4854,95,19,11.6748,24.3252,1.5,0,0,0,10
2696732387,101.461,0,0,-101.461,101.461,251,18,32.9378,66.9378,1.5,0,0,0,10
2697973428,102.326,0,0,-102.326,102.326,219,17,28.5,58.0788,1.5,0,0,0,10
2699732301,95.2536,0,0,-95.2536,95.2536,165,20,11.6848,47.1848,1.5,0,0,0,10
2700000103,83.9193,0,0,-83.9193,83.9193,103,0,0,0,10,4,-14.3188,26.3188,1.5
2700000176,96.7678,0,0,-96.7678,96.7678,176,0,0,0,10,2,-6.06992,52,1.5
2700250092,83.5857,0,0,-83.5857,83.5857,92,0,0,0,10,7,10.1293,24.5,1.5
2700259024,83.4854,0,0,-83.4854,83.4854,95,0,0,0,10,19,11.7808,24.2192,1.5
2700259032,84.373,0,0,-84.373,84.373,103,0,0,0,10,9,2.76769,29.2677,1.5
2700259038,84.3232,0,0,-84.3232,84.3232,109,0,0,0,10,1,-11.2077,29.2923,1.5
2700259045,84.5729,0,0,-84.5729,84.5729,116,0,0,0,10,16,7.14926,33,1.5
2700259087,97.079,0,0,-97.079,97.079,158,0,0,0,10,13,17.7102,42.7102,1.5
2700259094,95.2536,0,0,-95.2536,95.2536,165,0,0,0,10,20,11.5787,47.0787,1.5
2700259105,96.4266,0,0,-96.4266,96.4266,176,0,0,0,10,5,-22,46.7179,1.5
2700259142,100.688,0,0,-100.688,100.688,213,0,0,0,10,3,-21.2338,59.5,1.5
2700259148,102.326,0,0,-102.326,102.326,219,0,0,0,10,17,28.5,57.9288,1.5
2700259149,96.0925,0,0,-96.0925,96.0925,220,0,0,0,10,11,13,63.5081,1.5
2700259172,97.425,0,0,-97.425,97.425,243,0,0,0,10,10,-1,71.7636,1.5
2700259174,103.2,0,0,-103.2,103.2,245,0,0,0,10,8,-22.5,68.8187,1.5
2700259180,101.461,0,0,-101.461,101.461,251,0,0,0,10,18,32.8318,66.8318,1.5
2700259181,100.661,0,0,-100.661,100.661,252,0,0,0,10,15,25.2575,70.2575,1.5
2700259182,99.1114,0,0,-99.1114,99.1114,253,0,0,0,10,12,-15.8529,73.3529,1.5
2700259184,103.724,0,0,-103.724,103.724,255,0,0,0,10,14,-27.4588,70.4588,1.5
2700375070,82.1108,0,0,-82.1108,82.1108,70,0,0,0,10,6,1.5,18.5839,1.5
2722973311,83.9193,0,0,-83.9193,83.9193,103,4,-14.3188,26.3188,1.5,0,0,0,10
2723973384,96.7678,0,0,-96.7678,96.7678,176,2,-6.06992,52,1.5,0,0,0,10
2726348463,103.724,0,0,-103.724,103.724,255,14,-27.4588,70.4588,1.5,0,0,0,10
2729357388,100.661,0,0,-100.661,100.661,252,15,25.2575,70.2575,1.5,0,0,0,10
2730107349,100.688,0,0,-100.688,100.688,213,3,-21.2338,59.5,1.5,0,0,0,10
2730973300,83.5857,0,0,-83.5857,83.5857,92,7,10.1293,24.5,1.5,0,0,0,10
2731107239,84.373,0,0,-84.373,84.373,103,9,2.76769,29.2677,1.5,0,0,0,10
2731598366,97.079,0,0,-97.079,97.079,158,13,17.7102,42.7102,1.5,0,0,0,10
2732357389,99.1114,0,0,-99.1114,99.1114,253,12,-15.8529,73.3529,1.5,0,0,0,10
2733482379,97.425,0,0,-97.425,97.425,243,10,-1,71.7636,1.5,0,0,0,10
2733982245,84.3232,0,0,-84.3232,84.3232,109,1,-11.2077,29.2923,1.5,0,0,0,10
2734232381,103.2,0,0,-103.2,103.2,245,8,-22.5,68.8187,1.5,0,0,0,10
2734732312,96.4266,0,0,-96.4266,96.4266,176,5,-22,46.7179,1.5,0,0,0,10
2737232356,96.0925,0,0,-96.0925,96.0925,220,11,13,63.5081,1.5,0,0,0,10
2739982206,82.1108,0,0,-82.1108,82.1108,70,6,1.5,18.5839,1.5,0,0,0,10
2740107252,84.5729,0,0,-84.5729,84.5729,116,16,7.14926,33,1.5,0,0,0,10
2746607231,83.4854,0,0,-83.4854,83.4854,95,19,11.7808,24.2192,1.5,0,0,0,10
2747482387,101.461,0,0,-101.461,101.461,251,18,32.8318,66.8318,1.5,0,0,0,10
2749348427,102.326,0,0,-102.326,102.326,219,17,28.5,57.9288,1.5,0,0,0,10
2750000103,83.9193,0,0,-83.9193,83.9193,103,0,0,0,10,4,-14.3188,26.3188,1.5
2750000176,96.7678,0,0,-96.7678,96.7678,176,0,0,0,10,2,-6.06992,52,1.5
2750250092,83.5857,0,0,-83.5857,83.5857,92,0,0,0,10,7,10.1293,24.5,1.5
2750259024,83.4854,0,0,-83.4854,83.4854,95,0,0,0,10,19,11.7808,24.2192,1.5
2750259032,84.373,0,0,-84.373,84.373,103,0,0,0,10,9,2.76769,29.2677,1.5
2750259038,84.3232,0,0,-84.3232,84.3232,109,0,0,0,10,1,-11.2077,29.2923,1.5
2750259045,84.5729,0,0,-84.5729,84.5729,116,0,0,0,10,16,7.14926,33,1.5
2750259087,97.079,0,0,-97.079,97.079,158,0,0,0,10,13,17.7102,42.7102,1.5
2750259094,95.2536,0,0,-95.2536,95.2536,165,0,0,0,10,20,11.5787,47.0787,1.5
2750259105,96.4266,0,0,-96.4266,96.4266,176,0,0,0,10,5,-22,46.7179,1.5
2750259142,100.688,0,0,-100.688,100.688,213,0,0,0,10,3,-21.2338,59.5,1.5
2750259148,102.326,0,0,-102.326,102.326,219,0,0,0,10,17,28.5,57.9288,1.5
2750259149,96.0925,0,0,-96.0925,96.0925,220,0,0,0,10,11,13,63.5081,1.5
2750259172,97.425,0,0,-97.425,97.425,243,0,0,0,10,10,-1,71.7636,1.5
2750259174,103.2,0,0,-103.2,103.2,245,0,0,0,10,8,-22.5,68.8187,1.5
2750259180,101.461,0,0,-101.461,101.461,251,0,0,0,10,18,32.8318,66.8318,1.5
2750259181,100.661,0,0,-100.661,100.661,252,0,0,0,10,15,25.2575,70.2575,1.5
2750259182,99.1114,0,0,-99.1114,99.1114,253,0,0,0,10,12,-15.8529,73.3529,1.5
2750259184,103.724,0,0,-103.724,103.724,255,0,0,0,10,14,-27.4588,70.4588,1.5
2750357301,95.2536,0,0,-95.2536,95.2536,165,20,11.5787,47.0787,1.5,0,0,0,10
2750375070,82.1108,0,0,-82.1108,82.1108,70,0,0,0,10,6,1.5,18.5839,1.5
2772973311,83.9193,0,0,-83.9193,83.9193,103,4,-14.3188,26.3188,1.5,0,0,0,10
2773973384,96.7678,0,0,-96.7678,96.7678,176,2,-6.06992,52,1.5,0,0,0,10
2776348463,103.724,0,0,-103.724,103.724,255,14,-27.4588,70.4588,1.5,0,0,0,10
2779857388,100.661,0,0,-100.661,100.661,252,15,25.2575,70.2575,1.5,0,0,0,10
2780482349,100.688,0,0,-100.688,100.688,213,3,-21.2338,59.5,1.5,0,0,0,10
2780973300,83.5857,0,0,-83.5857,83.5857,92,7,10.1293,24.5,1.5,0,0,0,10
2781482239,84.373,0,0,-84.373,84.373,103,9,2.76769,29.2677,1.5,0,0,0,10
2781598366,97.079,0,0,-97.079,97.079,158,13,17.7102,42.7102,1.5,0,0,0,10
2782732389,99.1114,0,0,-99.1114,99.1114,253,12,-15.8529,73.3529,1.5,0,0,0,10
2783857379,97.425,0,0,-97.425,97.425,243,10,-1,71.7636,1.5,0,0,0,10
2784482245,84.3232,0,0,-84.3232,84.3232,109,1,-11.2077,29.2923,1.5,0,0,0,10
2784982381,103.2,0,0,-103.2,103.2,245,8,-22.5,68.8187,1.5,0,0,0,10
2785107312,96.4266,0,0,-96.4266,96.4266,176,5,-22,46.7179,1.5,0,0,0,10
2787607356,96.0925,0,0,-96.0925,96.0925,220,11,13,63.5081,1.5,0,0,0,10
2790357206,82.1108,0,0,-82.1108,82.1108,70,6,1.5,18.5839,1.5,0,0,0,10
2790482252,84.5729,0,0,-84.5729,84.5729,116,16,7.14926,33,1.5,0,0,0,10
2797357231,83.4854,0,0,-83.4854,83.4854,95,19,11.7808,24.2192,1.5,0,0,0,10
2798107387,101.461,0,0,-101.461,101.461,251,18,32.8318,66.8318,1.5,0,0,0,10
2799348427,102.326,0,0,-102.326,102.326,219,17,28.5,57.9288,1.5,0,0,0,10
2800000103,83.9193,0,0,-83.9193,83.9193,103,0,0,0,10,4,-14.4249,26.4249,1.5
2800000176,96.7678,0,0,-96.7678,96.7678,176,0,0,0,10,2,-6.21992,52,1.5
2800250092,83.5857,0,0,-83.5857,83.5857,92,0,0,0,10,7,10.2793,24.5,1.5
2800259024,83.4854,0,0,-83.4854,83.4854,95,0,0,0,10,19,11.8869,24.1131,1.5
2800259032,84.373,0,0,-84.373,84.373,103,0,0,0,10,9,2.66163,29.1616,1.5
2800259038,84.3232,0,0,-84.3232,84.3232,109,0,0,0,10,1,-11.3138,29.1862,1.5
2800259045,84.5729,0,0,-84.5729,84.5729,116,0,0,0,10,16,6.99926,33,1.5
2800259087,97.079,0,0,-97.079,97.079,158,0,0,0,10,13,17.6042,42.6042,1.5
2800259094,95.2536,0,0,-95.2536,95.2536,165,0,0,0,10,20,11.4727,46.9727,1.5
2800259105,96.4266,0,0,-96.4266,96.4266,176,0,0,0,10,5,-22,46.5679,1.5
2800259142,100.688,0,0,-100.688,100.688,213,0,0,0,10,3,-21.0838,59.5,1.5
2800259148,102.326,0,0,-102.326,102.326,219,0,0,0,10,17,28.5,57.7788,1.5
2800259149,96.0925,0,0,-96.0925,96.0925,220,0,0,0,10,11,13,63.3581,1.5
2800259172,97.425,0,0,-97.425,97.425,243,0,0,0,10,10,-1,71.6136,1.5
2800259174,103.2,0,0,-103.2,103.2,245,0,0,0,10,8,-22.5,68.6687,1.5
2800259180,101.461,0,0,-101.461,101.461,251,0,0,0,10,18,32.7257,66.7257,1.5
2800259181,100.661,0,0,-100.661,100.661,252,0,0,0,10,15,25.1515,70.1515,1.5
2800259182,99.1114,0,0,-99.1114,99.1114,253,0,0,0,10,12,-15.7468,73.2468,1.5
2800259184,103.724,0,0,-103.724,103.724,255,0,0,0,10,14,-27.3527,70.3527,1.5
2800375070,82.1108,0,0,-82.1108,82.1108,70,0,0,0,10,6,1.5,18.4339,1.5
2801107301,95.2536,0,0,-95.2536,95.2536,165,20,11.4727,46.9727,1.5,0,0,0,10
2822973311,83.9193,0,0,-83.9193,83.9193,103,4,-14.4249,26.4249,1.5,0,0,0,10
2823973384,96.7678,0,0,-96.7678,96.7678,176,2,-6.21992,52,1.5,0,0,0,10
2826348463,103.724,0,0,-103.724,103.724,255,14,-27.3527,70.3527,1.5,0,0,0,10
2830232388,100.661,0,0,-100.661,100.661,252,15,25.1515,70.1515,1.5,0,0,0,10
2830857349,100.688,0,0,-100.688,100.688,213,3,-21.0838,59.5,1.5,0,0,0,10
2830973300,83.5857,0,0,-83.5857,83.5857,92,7,10.2793,24.5,1.5,0,0,0,10
2831598366,97.079,0,0,-97.079,97.079,158,13,17.6042,42.6042,1.5,0,0,0,10
2831857239,84.373,0,0,-84.373,84.373,103,9,2.66163,29.1616,1.5,0,0,0,10
2833107389,99.1114,0,0,-99.1114,99.1114,253,12,-15.7468,73.2468,1.5,0,0,0,10
2834232379,97.425,0,0,-97.425,97.425,243,10,-1,71.6136,1.5,0,0,0,10
2834857245,84.3232,0,0,-84.3232,84.3232,109,1,-11.3138,29.1862,1.5,0,0,0,10
2835357381,103.2,0,0,-103.2,103.2,245,8,-22.5,68.6687,1.5,0,0,0,10
2835482312,96.4266,0,0,-96.4266,96.4266,176,5,-22,46.5679,1.5,0,0,0,10
2837982356,96.0925,0,0,-96.0925,96.0925,220,11,13,63.3581,1.5,0,0,0,10
2840598324,84.5729,0,0,-84.5729,84.5729,116,16,6.99926,33,1.5,0,0,0,10
2840732206,82.1108,0,0,-82.1108,82.1108,70,6,1.5,18.4339,1.5,0,0,0,10
2847982231,83.4854,0,0,-83.4854,83.4854,95,19,11.8869,24.1131,1.5,0,0,0,10
2848857387,101.461,0,0,-101.461,101.461,251,18,32.7257,66.7257,1.5,0,0,0,10
2849348427,102.326,0,0,-102.326,102.326,219,17,28.5,57.7788,1.5,0,0,0,10
2850000103,83.9193,0,0,-83.9193,83.9193,103,0,0,0,10,4,-14.4249,26.4249,1.5
2850000176,96.7678,0,0,-96.7678,96.7678,176,0,0,0,10,2,-6.21992,52,1.5
2850250092,83.5857,0,0,-83.5857,83.5857,92,0,0,0,10,7,10.2793,24.5,1.5
2850259024,83.4854,0,0,-83.4854,83.4854,95,0,0,0,10,19,11.8869,24.1131,1.5
2850259032,84.373,0,0,-84.373,84.373,103,0,0,0,10,9,2.66163,29.1616,1.5
2850259038,84.3232,0,0,-84.3232,84.3232,109,0,0,0,10,1,-11.3138,29.1862,1.5
2850259045,84.5729,0,0,-84.5729,84.5729,116,0,0,0,10,16,6.99926,33,1.5
2850259087,97.079,0,0,-97.079,97.079,158,0,0,0,10,13,17.6042,42.6042,1.5
2850259094,95.2536,0,0,-95.2536,95.2536,165,0,0,0,10,20,11.4727,46.9727,1.5
2850259105,96.4266,0,0,-96.4266,96.4266,176,0,0,0,10,5,-22,46.5679,1.5
2850259142,100.688,0,0,-100.688,100.688,213,0,0,0,10,3,-21.0838,59.5,1.5
2850259148,102.326,0,0,-102.326,102.326,219,0,0,0,10,17,28.5,57.7788,1.5
2850259149,96.0925,0,0,-96.0925,96.0925,220,0,0,0,10,11,13,63.3581,1.5
2850259172,97.425,0,0,-97.425,97.425,243,0,0,0,10,10,-1,71.6136,1.5
2850259174,103.2,0,0,-103.2,103.2,245,0,0,0,10,8,-22.5,68.6687,1.5
2850259180,101.461,0,0,-101.461,101.461,251,0,0,0,10,18,32.7257,66.7257,1.5
2850259181,100.661,0,0,-100.661,100.661,252,0,0,0,10,15,25.1515,70.1515,1.5
2850259182,99.1114,0,0,-99.1114,99.1114,253,0,0,0,10,12,-15.7468,73.2468,1.5
2850259184,103.724,0,0,-103.724,103.724,255,0,0,0,10,14,-27.3527,70.3527,1.5
2850375070,82.1108,0,0,-82.1108,82.1108,70,0,0,0,10,6,1.5,18.4339,1.5
2851732301,95.2536,0,0,-95.2536,95.2536,165,20,11.4727,46.9727,1.5,0,0,0,10
2872973311,83.9193,0,0,-83.9193,83.9193,103,4,-14.4249,26.4249,1.5,0,0,0,10
2873973384,96.7678,0,0,-96.7678,96.7678,176,2,-6.21992,52,1.5,0,0,0,10
2876348463,103.724,0,0,-103.724,103.724,255,14,-27.3527,70.3527,1.5,0,0,0,10
2880589533,100.661,0,0,-100.661,100.661,252,15,25.1515,70.1515,1.5,0,0,0,10
2880973300,83.5857,0,0,-83.5857,83.5857,92,7,10.2793,24.5,1.5,0,0,0,10
2881232349,100.688,0,0,-100.688,100.688,213,3,-21.0838,59.5,1.5,0,0,0,10
2881598366,97.079,0,0,-97.079,97.079,158,13,17.6042,42.6042,1.5,0,0,0,10
2882232239,84.373,0,0,-84.373,84.373,103,9,2.66163,29.1616,1.5,0,0,0,10
2883482389,99.1114,0,0,-99.1114,99.1114,253,12,-15.7468,73.2468,1.5,0,0,0,10
2884607379,97.425,0,0,-97.425,97.425,243,10,-1,71.6136,1.5,0,0,0,10
2885232245,84.3232,0,0,-84.3232,84.3232,109,1,-11.3138,29.1862,1.5,0,0,0,10
2885732381,103.2,0,0,-103.2,103.2,245,8,-22.5,68.6687,1.5,0,0,0,10
2885982312,96.4266,0,0,-96.4266,96.4266,176,5,-22,46.5679,1.5,0,0,0,10
2888357356,96.0925,0,0,-96.0925,96.0925,220,11,13,63.3581,1.5,0,0,0,10
2890598324,84.5729,0,0,-84.5729,84.5729,116,16,6.99926,33,1.5,0,0,0,10
2891107206,82.1108,0,0,-82.1108,82.1108,70,6,1.5,18.4339,1.5,0,0,0,10
2898732231,83.4854,0,0,-83.4854,83.4854,95,19,11.8869,24.1131,1.5,0,0,0,10
2899348427,102.326,0,0,-102.326,102.326,219,17,28.5,57.7788,1.5,0,0,0,10
2899482387,101.461,0,0,-101.461,101.461,251,18,32.7257,66.7257,1.5,0,0,0,10
2900000103,83.9193,0,0,-83.9193,83.9193,103,0,0,0,10,4,-14.531,26.531,1.5
2900000176,96.7678,0,0,-96.7678,96.7678,176,0,0,0,10,2,-6.36992,52,1.5
2900250092,83.5857,0,0,-83.5857,83.5857,92,0,0,0,10,7,10.4293,24.5,1.5
2900259024,83.4854,0,0,-83.4854,83.4854,95,0,0,0,10,19,11.993,24.007,1.5
2900259032,84.373,0,0,-84.373,84.373,103,0,0,0,10,9,2.55556,29.0556,1.5
2900259038,84.3232,0,0,-84.3232,84.3232,109,0,0,0,10,1,-11.4198,29.0802,1.5
2900259045,84.5729,0,0,-84.5729,84.5729,116,0,0,0,10,16,6.84926,33,1.5
2900259087,97.079,0,0,-97.079,97.079,158,0,0,0,10,13,17.4981,42.4981,1.5
2900259094,95.2536,0,0,-95.2536,95.2536,165,0,0,0,10,20,11.3666,46.8666,1.5
2900259105,96.4266,0,0,-96.4266,96.4266,176,0,0,0,10,5,-22,46.4179,1.5
2900259142,100.688,0,0,-100.688,100.688,213,0,0,0,10,3,-20.9338,59.5,1.5
2900259148,102.326,0,0,-102.326,102.326,219,0,0,0,10,17,28.5,57.6288,1.5
2900259149,96.0925,0,0,-96.0925,96.0925,220,0,0,0,10,11,13,63.2081,1.5
2900259172,97.425,0,0,-97.425,97.425,243,0,0,0,10,10,-1,71.4636,1.5
2900259174,103.2,0,0,-103.2,103.2,245,0,0,0,10,8,-22.5,68.5187,1.5
2900259180,101.461,0,0,-101.461,101.461,251,0,0,0,10,18,32.6196,66.6196,1.5
2900259181,100.661,0,0,-100.661,100.661,252,0,0,0,10,15,25.0454,70.0454,1.5
2900259182,99.1114,0,0,-99.1114,99.1114,253,0,0,0,10,12,-15.6407,73.1407,1.5
2900259184,103.724,0,0,-103.724,103.724,255,0,0,0,10,14,-27.2466,70.2466,1.5
2900375070,82.1108,0,0,-82.1108,82.1108,70,0,0,0,10,6,1.5,18.2839,1.5
2902482301,95.2536,0,0,-95.2536,95.2536,165,20,11.3666,46.8666,1.5,0,0,0,10
2922973311,83.9193,0,0,-83.9193,83.9193,103,4,-14.531,26.531,1.5,0,0,0,10
2923973384,96.7678,0,0,-96.7678,96.7678,176,2,-6.36992,52,1.5,0,0,0,10
2926348463,103.724,0,0,-103.724,103.724,255,14,-27.2466,70.2466,1.5,0,0,0,10
2930973300,83.5857,0,0,-83.5857,83.5857,92,7,10.4293,24.5,1.5,0,0,0,10
2930982388,100.661,0,0,-100.661,100.661,252,15,25.0454,70.0454,1.5,0,0,0,10
2931598366,97.079,0,0,-97.079,97.079,158,13,17.4981,42.4981,1.5,0,0,0,10
2931607349,100.688,0,0,-100.688,100.688,213,3,-20.9338,59.5,1.5,0,0,0,10
2932732239,84.373,0,0,-84.373,84.373,103,9,2.55556,29.0556,1.5,0,0,0,10
2933982389,99.1114,0,0,-99.1114,99.1114,253,12,-15.6407,73.1407,1.5,0,0,0,10
2934982379,97.425,0,0,-97.425,97.425,243,10,-1,71.4636,1.5,0,0,0,10
2935607245,84.3232,0,0,-84.3232,84.3232,109,1,-11.4198,29.0802,1.5,0,0,0,10
2936107381,103.2,0,0,-103.2,103.2,245,8,-22.5,68.5187,1.5,0,0,0,10
2936357312,96.4266,0,0,-96.4266,96.4266,176,5,-22,46.4179,1.5,0,0,0,10
2938857356,96.0925,0,0,-96.0925,96.0925,220,11,13,63.2081,1.5,0,0,0,10
2940598324,84.5729,0,0,-84.5729,84.5729,116,16,6.84926,33,1.5,0,0,0,10
2941482206,82.1108,0,0,-82.1108,82.1108,70,6,1.5,18.2839,1.5,0,0,0,10
2949348427,102.326,0,0,-102.326,102.326,219,17,28.5,57.6288,1.5,0,0,0,10
2949357231,83.4854,0,0,-83.4854,83.4854,95,19,11.993,24.007,1.5,0,0,0,10
2950000103,83.9193,0,0,-83.9193,83.9193,103,0,0,0,10,4,-14.531,26.531,1.5
2950000176,96.7678,0,0,-96.7678,96.7678,176,0,0,0,10,2,-6.36992,52,1.5
2950232387,101.461,0,0,-101.461,101.461,251,18,32.6196,66.6196,1.5,0,0,0,10
2950250092,83.5857,0,0,-83.5857,83.5857,92,0,0,0,10,7,10.4293,24.5,1.5
2950259024,83.4854,0,0,-83.4854,83.4854,95,0,0,0,10,19,11.993,24.007,1.5
2950259032,84.373,0,0,-84.373,84.373,103,0,0,0,10,9,2.55556,29.0556,1.5
2950259038,84.3232,0,0,-84.3232,84.3232,109,0,0,0,10,1,-11.4198,29.0802,1.5
2950259045,84.5729,0,0,-84.5729,84.5729,116,0,0,0,10,16,6.84926,33,1.5
2950259087,97.079,0,0,-97.079,97.079,158,0,0,0,10,13,17.4981,42.4981,1.5
2950259094,95.2536,0,0,-95.2536,95.2536,165,0,0,0,10,20,11.3666,46.8666,1.5
2950259105,96.4266,0,0,-96.4266,96.4266,176,0,0,0,10,5,-22,46.4179,1.5
2950259142,100.688,0,0,-100.688,100.688,213,0,0,0,10,3,-20.9338,59.5,1.5
2950259148,102.326,0,0,-102.326,102.326,219,0,0,0,10,17,28.5,57.6288,1.5
2950259149,96.0925,0,0,-96.0925,96.0925,220,0,0,0,10,11,13,63.2081,1.5
2950259172,97.425,0,0,-97.425,97.425,243,0,0,0,10,10,-1,71.4636,1.5
2950259174,103.2,0,0,-103.2,103.2,245,0,0,0,10,8,-22.5,68.5187,1.5
2950259180,101.461,0,0,-101.461,101.461,251,0,0,0,10,18,32.6196,66.6196,1.5
2950259181,100.661,0,0,-100.661,100.661,252,0,0,0,10,15,25.0454,70.0454,1.5
2950259182,99.1114,0,0,-99.1114,99.1114,253,0,0,0,10,12,-15.6407,73.1407,1.5
2950259184,103.724,0,0,-103.724,103.724,255,0,0,0,10,14,-27.2466,70.2466,1.5
2950375070,82.1108,0,0,-82.1108,82.1108,70,0,0,0,10,6,1.5,18.2839,1.5
2953107301,95.2536,0,0,-95.2536,95.2536,165,20,11.3666,46.8666,1.5,0,0,0,10
2972973311,83.9193,0,0,-83.9193,83.9193,103,4,-14.531,26.531,1.5,0,0,0,10
2973973384,96.7678,0,0,-96.7678,96.7678,176,2,-6.36992,52,1.5,0,0,0,10
2976348463,103.724,0,0,-103.724,103.724,255,14,-27.2466,70.2466,1.5,0,0,0,10
2980973300,83.5857,0,0,-83.5857,83.5857,92,7,10.4293,24.5,1.5,0,0,0,10
2981357388,100.661,0,0,-100.661,100.661,252,15,25.0454,70.0454,1.5,0,0,0,10
2981598366,97.079,0,0,-97.079,97.079,158,13,17.4981,42.4981,1.5,0,0,0,10
2982107349,100.688,0,0,-100.688,100.688,213,3,-20.9338,59.5,1.5,0,0,0,10
2983107239,84.373,0,0,-84.373,84.373,103,9,2.55556,29.0556,1.5,0,0,0,10
2983982389,99.1114,0,0,-99.1114,99.1114,253,12,-15.6407,73.1407,1.5,0,0,0,10
2985482379,97.425,0,0,-97.425,97.425,243,10,-1,71.4636,1.5,0,0,0,10
2985982245,84.3232,0,0,-84.3232,84.3232,109,1,-11.4198,29.0802,1.5,0,0,0,10
2986482381,103.2,0,0,-103.2,103.2,245,8,-22.5,68.5187,1.5,0,0,0,10
2986732312,96.4266,0,0,-96.4266,96.4266,176,5,-22,46.4179,1.5,0,0,0,10
2989232356,96.0925,0,0,-96.0925,96.0925,220,11,13,63.2081,1.5,0,0,0,10
2990598324,84.5729,0,0,-84.5729,84.5729,116,16,6.84926,33,1.5,0,0,0,10
2991982206,82.1108,0,0,-82.1108,82.1108,70,6,1.5,18.2839,1.5,0,0,0,10
2999348427,102.326,0,0,-102.326,102.326,219,17,28.5,57.6288,1.5,0,0,0,10
3000000103,83.9193,0,0,-83.9193,83.9193,103,0,0,0,10,4,-14.637,26.637,1.5
3000000176,96.7678,0,0,-96.7678,96.7678,176,0,0,0,10,2,-6.51992,52,1.5
3000107231,83.4854,0,0,-83.4854,83.4854,95,19,12.099,23.901,1.5,0,0,0,10
3000250092,83.5857,0,0,-83.5857,83.5857,92,0,0,0,10,7,10.4293,24.5,1.5
3000259024,83.4854,0,0,-83.4854,83.4854,95,0,0,0,10,19,12.099,23.901,1.5
3000259032,84.373,0,0,-84.373,84.373,103,0,0,0,10,9,2.4495,28.9495,1.5
3000259038,84.3232,0,0,-84.3232,84.3232,109,0,0,0,10,1,-11.5259,28.9741,1.5
3000259045,84.5729,0,0,-84.5729,84.5729,116,0,0,0,10,16,6.69926,33,1.5
3000259087,97.079,0,0,-97.079,97.079,158,0,0,0,10,13,17.392,42.392,1.5
3000259094,95.2536,0,0,-95.2536,95.2536,165,0,0,0,10,20,11.2605,46.7605,1.5
3000259105,96.4266,0,0,-96.4266,96.4266,176,0,0,0,10,5,-22,46.2679,1.5
3000259142,100.688,0,0,-100.688,100.688,213,0,0,0,10,3,-20.7838,59.5,1.5
3000259148,102.326,0,0,-102.326,102.326,219,0,0,0,10,17,28.5,57.4788,1.5
3000259149,96.0925,0,0,-96.0925,96.0925,220,0,0,0,10,11,13,63.0581,1.5
3000259172,97.425,0,0,-97.425,97.425,243,0,0,0,10,10,-1,71.3136,1.5
3000259174,103.2,0,0,-103.2,103.2,245,0,0,0,10,8,-22.5,68.3687,1.5
3000259180,101.461,0,0,-101.461,101.461,251,0,0,0,10,18,32.5136,66.5136,1.5
3000259181,100.661,0,0,-100.661,100.661,252,0,0,0,10,15,24.9393,69.9393,1.5
3000259182,99.1114,0,0,-99.1114,99.1114,253,0,0,0,10,12,-15.5347,73.0347,1.5
3000259184,103.724,0,0,-103.724,103.724,255,0,0,0,10,14,-27.1406,70.1406,1.5
3000375070,82.1108,0,0,-82.1108,82.1108,70,0,0,0,10,6,1.5,18.1339,1.5
3000857387,101.461,0,0,-101.461,101.461,251,18,32.5136,66.5136,1.5,0,0,0,10
3003857301,95.2536,0,0,-95.2536,95.2536,165,20,11.2605,46.7605,1.5,0,0,0,10
3022973311,83.9193,0,0,-83.9193,83.9193,103,4,-14.637,26.637,1.5,0,0,0,10
3023973384,96.7678,0,0,-96.7678,96.7678,176,2,-6.51992,52,1.5,0,0,0,10
3026348463,103.724,0,0,-103.724,103.724,255,14,-27.1406,70.1406,1.5,0,0,0,10
3030973300,83.5857,0,0,-83.5857,83.5857,92,7,10.4293,24.5,1.5,0,0,0,10
3031598366,97.079,0,0,-97.079,97.079,158,13,17.392,42.392,1.5,0,0,0,10
3031839533,100.661,0,0,-100.661,100.661,252,15,24.9393,69.9393,1.5,0,0,0,10
3032482349,100.688,0,0,-100.688,100.688,213,3,-20.7838,59.5,1.5,0,0,0,10
3033482239,84.373,0,0,-84.373,84.373,103,9,2.4495,28.9495,1.5,0,0,0,10
3034232389,99.1114,0,0,-99.1114,99.1114,253,12,-15.5347,73.0347,1.5,0,0,0,10
3035857379,97.425,0,0,-97.425,97.425,243,10,-1,71.3136,1.5,0,0,0,10
3036482245,84.3232,0,0,-84.3232,84.3232,109,1,-11.5259,28.9741,1.5,0,0,0,10
3036982381,103.2,0,0,-103.2,103.2,245,8,-22.5,68.3687,1.5,0,0,0,10
3037107312,96.4266,0,0,-96.4266,96.4266,176,5,-22,46.2679,1.5,0,0,0,10
3039607356,96.0925,0,0,-96.0925,96.0925,220,11,13,63.0581,1.5,0,0,0,10
3040598324,84.5729,0,0,-84.5729,84.5729,116,16,6.69926,33,1.5,0,0,0,10
3042357206,82.1108,0,0,-82.1108,82.1108,70,6,1.5,18.1339,1.5,0,0,0,10
3049348427,102.326,0,0,-102.326,102.326,219,17,28.5,57.4788,1.5,0,0,0,10
3050000103,83.9193,0,0,-83.9193,83.9193,103,0,0,0,10,4,-14.637,26.637,1.5
3050000176,96.7678,0,0,-96.7678,96.7678,176,0,0,0,10,2,-6.51992,52,1.5
3050250092,83.5857,0,0,-83.5857,83.5857,92,0,0,0,10,7,10.4293,24.5,1.5
3050259024,83.4854,0,0,-83.4854,83.4854,95,0,0,0,10,19,12.099,23.901,1.5
3050259032,84.373,0,0,-84.373,84.373,103,0,0,0,10,9,2.4495,28.9495,1.5
3050259038,84.3232,0,0,-84.3232,84.3232,109,0,0,0,10,1,-11.5259,28.9741,1.5
3050259045,84.5729,0,0,-84.5729,84.5729,116,0,0,0,10,16,6.69926,33,1.5
3050259087,97.079,0,0,-97.079,97.079,158,0,0,0,10,13,17.392,42.392,1.5
3050259094,95.2536,0,0,-95.2536,95.2536,165,0,0,0,10,20,11.2605,46.7605,1.5
3050259105,96.4266,0,0,-96.4266,96.4266,176,0,0,0,10,5,-22,46.2679,1.5
3050259142,100.688,0,0,-100.688,100.688,213,0,0,0,10,3,-20.7838,59.5,1.5
3050259148,102.326,0,0,-102.326,102.326,219,0,0,0,10,17,28.5,57.4788,1.5
3050259149,96.0925,0,0,-96.0925,96.0925,220,0,0,0,10,11,13,63.0581,1.5
3050259172,97.425,0,0,-97.425,97.425,243,0,0,0,10,10,-1,71.3136,1.5
3050259174,103.2,0,0,-103.2,103.2,245,0,0,0,10,8,-22.5,68.3687,1.5
3050259180,101.461,0,0,-101.461,101.461,251,0,0,0,10,18,32.5136,66.5136,1.5
3050259181,100.661,0,0,-100.661,100.661,252,0,0,0,10,15,24.9393,69.9393,1.5
3050259182,99.1114,0,0,-99.1114,99.1114,253,0,0,0,10,12,-15.5347,73.0347,1.5
3050259184,103.724,0,0,-103.724,103.724,255,0,0,0,10,14,-27.1406,70.1406,1.5
3050375070,82.1108,0,0,-82.1108,82.1108,70,0,0,0,10,6,1.5,18.1339,1.5
3050732231,83.4854,0,0,-83.4854,83.4854,95,19,12.099,23.901,1.5,0,0,0,10
3051607387,101.461,0,0,-101.461,101.461,251,18,32.5136,66.5136,1.5,0,0,0,10
3054482301,95.2536,0,0,-95.2536,95.2536,165,20,11.2605,46.7605,1.5,0,0,0,10
3072973311,83.9193,0,0,-83.9193,83.9193,103,4,-14.637,26.637,1.5,0,0,0,10
3073973384,96.7678,0,0,-96.7678,96.7678,176,2,-6.51992,52,1.5,0,0,0,10
3076348463,103.724,0,0,-103.724,103.724,255,14,-27.1406,70.1406,1.5,0,0,0,10
3080973300,83.5857,0,0,-83.5857,83.5857,92,7,10.4293,24.5,1.5,0,0,0,10
3081598366,97.079,0,0,-97.079,97.079,158,13,17.392,42.392,1.5,0,0,0,10
3082232388,100.661,0,0,-100.661,100.661,252,15,24.9393,69.9393,1.5,0,0,0,10
3082857349,100.688,0,0,-100.688,100.688,213,3,-20.7838,59.5,1.5,0,0,0,10
3083857239,84.373,0,0,-84.373,84.373,103,9,2.4495,28.9495,1.5,0,0,0,10
3085107389,99.1114,0,0,-99.1114,99.1114,253,12,-15.5347,73.0347,1.5,0,0,0,10
3086232379,97.425,0,0,-97.425,97.425,243,10,-1,71.3136,1.5,0,0,0,10
3086857245,84.3232,0,0,-84.3232,84.3232,109,1,-11.5259,28.9741,1.5,0,0,0,10
3087357381,103.2,0,0,-103.2,103.2,245,8,-22.5,68.3687,1.5,0,0,0,10
3087482312,96.4266,0,0,-96.4266,96.4266,176,5,-22,46.2679,1.5,0,0,0,10
3089982356,96.0925,0,0,-96.0925,96.0925,220,11,13,63.0581,1.5,0,0,0,10
3090598324,84.5729,0,0,-84.5729,84.5729,116,16,6.69926,33,1.5,0,0,0,10
3092732206,82.1108,0,0,-82.1108,82.1108,70,6,1.5,18.1339,1.5,0,0,0,10
3099348427,102.326,0,0,-102.326,102.326,219,17,28.5,57.4788,1.5,0,0,0,10
3100000103,83.9193,0,0,-83.9193,83.9193,103,0,0,0,10,4,-14.7431,26.7431,1.5
3100000176,96.7678,0,0,-96.7678,96.7678,176,0,0,0,10,2,-6.66992,52,1.5
3100250092,83.5857,0,0,-83.5857,83.5857,92,0,0,0,10,7,10.4293,24.5,1.5
3100259024,83.4854,0,0,-83.4854,83.4854,95,0,0,0,10,19,12.2051,23.7949,1.5
3100259032,84.373,0,0,-84.373,84.373,103,0,0,0,10,9,2.34343,28.8434,1.5
3100259038,84.3232,0,0,-84.3232,84.3232,109,0,0,0,10,1,-11.632,28.868,1.5
3100259045,84.5729,0,0,-84.5729,84.5729,116,0,0,0,10,16,6.54926,33,1.5
3100259087,97.079,0,0,-97.079,97.079,158,0,0,0,10,13,17.286,42.286,1.5
3100259094,95.2536,0,0,-95.2536,95.2536,165,0,0,0,10,20,11.1545,46.6545,1.5
3100259105,96.4266,0,0,-96.4266,96.4266,176,0,0,0,10,5,-22,46.1179,1.5
3100259142,100.688,0,0,-100.688,100.688,213,0,0,0,10,3,-20.6338,59.5,1.5
3100259148,102.326,0,0,-102.326,102.326,219,0,0,0,10,17,28.5,57.3288,1.5
3100259149,96.0925,0,0,-96.0925,96.0925,220,0,0,0,10,11,13,62.9081,1.5
3100259172,97.425,0,0,-97.425,97.425,243,0,0,0,10,10,-1,71.1636,1.5
3100259174,103.2,0,0,-103.2,103.2,245,0,0,0,10,8,-22.5,68.2187,1.5
3100259180,101.461,0,0,-101.461,101.461,251,0,0,0,10,18,32.4075,66.4075,1.5
3100259181,100.661,0,0,-100.661,100.661,252,0,0,0,10,15,24.8333,69.8333,1.5
3100259182,99.1114,0,0,-99.1114,99.1114,253,0,0,0,10,12,-15.5,72.899,1.5
3100259184,103.724,0,0,-103.724,103.724,255,0,0,0,10,14,-27.0345,70.0345,1.5
3100383994,81.7816,0,0,-81.7816,81.7816,65,0,0,0,10,6,1.5,17.9839,1.5
3101482231,83.4854,0,0,-83.4854,83.4854,95,19,12.2051,23.7949,1.5,0,0,0,10
3102357387,101.461,0,0,-101.461,101.461,251,18,32.4075,66.4075,1.5,0,0,0,10
3105232301,95.2536,0,0,-95.2536,95.2536,165,20,11.1545,46.6545,1.5,0,0,0,10
3122973311,83.9193,0,0,-83.9193,83.9193,103,4,-14.7431,26.7431,1.5,0,0,0,10
3123973384,96.7678,0,0,-96.7678,96.7678,176,2,-6.66992,52,1.5,0,0,0,10
3126348463,103.724,0,0,-103.724,103.724,255,14,-27.0345,70.0345,1.5,0,0,0,10
3130973300,83.5857,0,0,-83.5857,83.5857,92,7,10.4293,24.5,1.5,0,0,0,10
3131598366,97.079,0,0,-97.079,97.079,158,13,17.286,42.286,1.5,0,0,0,10
3132607388,100.661,0,0,-100.661,100.661,252,15,24.8333,69.8333,1.5,0,0,0,10
3133232349,100.688,0,0,-100.688,100.688,213,3,-20.6338,59.5,1.5,0,0,0,10
3134232239,84.373,0,0,-84.373,84.373,103,9,2.34343,28.8434,1.5,0,0,0,10
3135482389,99.1114,0,0,-99.1114,99.1114,253,12,-15.5,72.899,1.5,0,0,0,10
3136607379,97.425,0,0,-97.425,97.425,243,10,-1,71.1636,1.5,0,0,0,10
3137232245,84.3232,0,0,-84.3232,84.3232,109,1,-11.632,28.868,1.5,0,0,0,10
3137732381,103.2,0,0,-103.2,103.2,245,8,-22.5,68.2187,1.5,0,0,0,10
3137982312,96.4266,0,0,-96.4266,96.4266,176,5,-22,46.1179,1.5,0,0,0,10
3140357356,96.0925,0,0,-96.0925,96.0925,220,11,13,62.9081,1.5,0,0,0,10
3140598324,84.5729,0,0,-84.5729,84.5729,116,16,6.54926,33,1.5,0,0,0,10
3143107201,81.7816,0,0,-81.7816,81.7816,65,6,1.5,17.9839,1.5,0,0,0,10
3149348427,102.326,0,0,-102.326,102.326,219,17,28.5,57.3288,1.5,0,0,0,10
3150000103,83.9193,0,0,-83.9193,83.9193,103,0,0,0,10,4,-14.7431,26.7431,1.5
3150000176,96.7678,0,0,-96.7678,96.7678,176,0,0,0,10,2,-6.66992,52,1.5
3150250092,83.5857,0,0,-83.5857,83.5857,92,0,0,0,10,7,10.4293,24.5,1.5
3150375095,83.4854,0,0,-83.4854,83.4854,95,0,0,0,10,19,12.2051,23.7949,1.5
3150375103,84.373,0,0,-84.373,84.373,103,0,0,0,10,9,2.34343,28.8434,1.5
3150375109,84.3232,0,0,-84.3232,84.3232,109,0,0,0,10,1,-11.632,28.868,1.5
3150375116,84.5729,0,0,-84.5729,84.5729,116,0,0,0,10,16,6.54926,33,1.5
3150375158,97.079,0,0,-97.079,97.079,158,0,0,0,10,13,17.286,42.286,1.5
3150375165,95.2536,0,0,-95.2536,95.2536,165,0,0,0,10,20,11.1545,46.6545,1.5
3150375176,96.4266,0,0,-96.4266,96.4266,176,0,0,0,10,5,-22,46.1179,1.5
3150375213,100.688,0,0,-100.688,100.688,213,0,0,0,10,3,-20.6338,59.5,1.5
3150375219,102.326,0,0,-102.326,102.326,219,0,0,0,10,17,28.5,57.3288,1.5
3150375220,96.0925,0,0,-96.0925,96.0925,220,0,0,0,10,11,13,62.9081,1.5
3150375243,97.425,0,0,-97.425,97.425,243,0,0,0,10,10,-1,71.1636,1.5
3150375245,103.2,0,0,-103.2,103.2,245,0,0,0,10,8,-22.5,68.2187,1.5
3150375251,101.461,0,0,-101.461,101.461,251,0,0,0,10,18,32.4075,66.4075,1.5
3150375252,100.661,0,0,-100.661,100.661,252,0,0,0,10,15,24.8333,69.8333,1.5
3150375253,99.1114,0,0,-99.1114,99.1114,253,0,0,0,10,12,-15.5,72.899,1.5
3150375255,103.724,0,0,-103.724,103.724,255,0,0,0,10,14,-27.0345,70.0345,1.5
3150383994,81.7816,0,0,-81.7816,81.7816,65,0,0,0,10,6,1.5,17.9839,1.5
3152098303,83.4854,0,0,-83.4854,83.4854,95,19,12.2051,23.7949,1.5,0,0,0,10
3152982387,101.461,0,0,-101.461,101.461,251,18,32.4075,66.4075,1.5,0,0,0,10
3155982301,95.2536,0,0,-95.2536,95.2536,165,20,11.1545,46.6545,1.5,0,0,0,10
3172973311,83.9193,0,0,-83.9193,83.9193,103,4,-14.7431,26.7431,1.5,0,0,0,10
3173973384,96.7678,0,0,-96.7678,96.7678,176,2,-6.66992,52,1.5,0,0,0,10
3176348463,103.724,0,0,-103.724,103.724,255,14,-27.0345,70.0345,1.5,0,0,0,10
3180973300,83.5857,0,0,-83.5857,83.5857,92,7,10.4293,24.5,1.5,0,0,0,10
3181598366,97.079,0,0,-97.079,97.079,158,13,17.286,42.286,1.5,0,0,0,10
3182982388,100.661,0,0,-100.661,100.661,252,15,24.8333,69.8333,1.5,0,0,0,10
3183607349,100.688,0,0,-100.688,100.688,213,3,-20.6338,59.5,1.5,0,0,0,10
3184732239,84.373,0,0,-84.373,84.373,103,9,2.34343,28.8434,1.5,0,0,0,10
3185982389,99.1114,0,0,-99.1114,99.1114,253,12,-15.5,72.899,1.5,0,0,0,10
3186982379,97.425,0,0,-97.425,97.425,243,10,-1,71.1636,1.5,0,0,0,10
3187607245,84.3232,0,0,-84.3232,84.3232,109,1,-11.632,28.868,1.5,0,0,0,10
3187857381,103.2,0,0,-103.2,103.2,245,8,-22.5,68.2187,1.5,0,0,0,10
3188357312,96.4266,0,0,-96.4266,96.4266,176,5,-22,46.1179,1.5,0,0,0,10
3190598324,84.5729,0,0,-84.5729,84.5729,116,16,6.54926,33,1.5,0,0,0,10
3190857356,96.0925,0,0,-96.0925,96.0925,220,11,13,62.9081,1.5,0,0,0,10
3193482201,81.7816,0,0,-81.7816,81.7816,65,6,1.5,17.9839,1.5,0,0,0,10
3199348427,102.326,0,0,-102.326,102.326,219,17,28.5,57.3288,1.5,0,0,0,10
3200000103,83.9193,0,0,-83.9193,83.9193,103,0,0,0,10,4,-14.8492,26.8492,1.5
3200000176,96.7678,0,0,-96.7678,96.7678,176,0,0,0,10,2,-6.81992,52,1.5
3200250092,83.5857,0,0,-83.5857,83.5857,92,0,0,0,10,7,10.8793,24.5,1.5
3200375095,83.4854,0,0,-83.4854,83.4854,95,0,0,0,10,19,12.3111,23.6889,1.5
3200375103,84.373,0,0,-84.373,84.373,103,0,0,0,10,9,2.23736,28.7374,1.5
3200375109,84.3232,0,0,-84.3232,84.3232,109,0,0,0,10,1,-11.738,28.762,1.5
3200375116,84.5729,0,0,-84.5729,84.5729,116,0,0,0,10,16,6.39926,33,1.5
3200375158,97.079,0,0,-97.079,97.079,158,0,0,0,10,13,17.1799,42.1799,1.5
3200375165,95.2536,0,0,-95.2536,95.2536,165,0,0,0,10,20,11.0484,46.5484,1.5
3200375176,96.4266,0,0,-96.4266,96.4266,176,0,0,0,10,5,-22,45.9679,1.5
3200375213,100.688,0,0,-100.688,100.688,213,0,0,0,10,3,-20.4838,59.5,1.5
3200375219,102.326,0,0,-102.326,102.326,219,0,0,0,10,17,28.5,57.1788,1.5
3200375220,96.0925,0,0,-96.0925,96.0925,220,0,0,0,10,11,13,62.7581,1.5
3200375243,97.425,0,0,-97.425,97.425,243,0,0,0,10,10,-1,71.0136,1.5
3200375245,103.2,0,0,-103.2,103.2,245,0,0,0,10,8,-22.5,68.0687,1.5
3200375251,101.461,0,0,-101.461,101.461,251,0,0,0,10,18,32.3014,66.3014,1.5
3200375252,100.661,0,0,-100.661,100.661,252,0,0,0,10,15,24.7272,69.7272,1.5
3200375253,99.1114,0,0,-99.1114,99.1114,253,0,0,0,10,12,-15.5,72.749,1.5
3200375255,103.724,0,0,-103.724,103.724,255,0,0,0,10,14,-26.9284,69.9284,1.5
3200383994,81.7816,0,0,-81.7816,81.7816,65,0,0,0,10,6,1.5,17.8339,1.5
3202098303,83.4854,0,0,-83.4854,83.4854,95,19,12.3111,23.6889,1.5,0,0,0,10
3203348459,101.461,0,0,-101.461,101.461,251,18,32.3014,66.3014,1.5,0,0,0,10
3206223373,95.2536,0,0,-95.2536,95.2536,165,20,11.0484,46.5484,1.5,0,0,0,10
3222973311,83.9193,0,0,-83.9193,83.9193,103,4,-14.8492,26.8492,1.5,0,0,0,10
3223973384,96.7678,0,0,-96.7678,96.7678,176,2,-6.81992,52,1.5,0,0,0,10
3226348463,103.724,0,0,-103.724,103.724,255,14,-26.9284,69.9284,1.5,0,0,0,10
3230973300,83.5857,0,0,-83.5857,83.5857,92,7,10.8793,24.5,1.5,0,0,0,10
3231598366,97.079,0,0,-97.079,97.079,158,13,17.1799,42.1799,1.5,0,0,0,10
3233357388,100.661,0,0,-100.661,100.661,252,15,24.7272,69.7272,1.5,0,0,0,10
3234107349,100.688,0,0,-100.688,100.688,213,3,-20.4838,59.5,1.5,0,0,0,10
3235107239,84.373,0,0,-84.373,84.373,103,9,2.23736,28.7374,1.5,0,0,0,10
3236357389,99.1114,0,0,-99.1114,99.1114,253,12,-15.5,72.749,1.5,0,0,0,10
3237482379,97.425,0,0,-97.425,97.425,243,10,-1,71.0136,1.5,0,0,0,10
3237982245,84.3232,0,0,-84.3232,84.3232,109,1,-11.738,28.762,1.5,0,0,0,10
3238107381,103.2,0,0,-103.2,103.2,245,8,-22.5,68.0687,1.5,0,0,0,10
3238732312,96.4266,0,0,-96.4266,96.4266,176,5,-22,45.9679,1.5,0,0,0,10
3240598324,84.5729,0,0,-84.5729,84.5729,116,16,6.39926,33,1.5,0,0,0,10
3241232356,96.0925,0,0,-96.0925,96.0925,220,11,13,62.7581,1.5,0,0,0,10
3243982201,81.7816,0,0,-81.7816,81.7816,65,6,1.5,17.8339,1.5,0,0,0,10
3249348427,102.326,0,0,-102.326,102.326,219,17,28.5,57.1788,1.5,0,0,0,10
3250000103,83.9193,0,0,-83.9193,83.9193,103,0,0,0,10,4,-14.8492,26.8492,1.5
3250000176,96.7678,0,0,-96.7678,96.7678,176,0,0,0,10,2,-6.81992,52,1.5
3250250092,83.5857,0,0,-83.5857,83.5857,92,0,0,0,10,7,10.8793,24.5,1.5
3250375095,83.4854,0,0,-83.4854,83.4854,95,0,0,0,10,19,12.3111,23.6889,1.5
3250375103,84.373,0,0,-84.373,84.373,103,0,0,0,10,9,2.23736,28.7374,1.5
3250375109,84.3232,0,0,-84.3232,84.3232,109,0,0,0,10,1,-11.738,28.762,1.5
3250375116,84.5729,0,0,-84.5729,84.5729,116,0,0,0,10,16,6.39926,33,1.5
3250375158,97.079,0,0,-97.079,97.079,158,0,0,0,10,13,17.1799,42.1799,1.5
3250375165,95.2536,0,0,-95.2536,95.2536,165,0,0,0,10,20,11.0484,46.5484,1.5
3250375176,96.4266,0,0,-96.4266,96.4266,176,0,0,0,10,5,-22,45.9679,1.5
3250375213,100.688,0,0,-100.688,100.688,213,0,0,0,10,3,-20.4838,59.5,1.5
3250375219,102.326,0,0,-102.326,102.326,219,0,0,0,10,17,28.5,57.1788,1.5
3250375220,96.0925,0,0,-96.0925,96.0925,220,0,0,0,10,11,13,62.7581,1.5
3250375243,97.425,0,0,-97.425,97.425,243,0,0,0,10,10,-1,71.0136,1.5
3250375245,103.2,0,0,-103.2,103.2,245,0,0,0,10,8,-22.5,68.0687,1.5
3250375251,101.461,0,0,-101.461,101.461,251,0,0,0,10,18,32.3014,66.3014,1.5
3250375252,100.661,0,0,-100.661,100.661,252,0,0,0,10,15,24.7272,69.7272,1.5
3250375253,99.1114,0,0,-99.1114,99.1114,253,0,0,0,10,12,-15.5,72.749,1.5
3250375255,103.724,0,0,-103.724,103.724,255,0,0,0,10,14,-26.9284,69.9284,1.5
3250383994,81.7816,0,0,-81.7816,81.7816,65,0,0,0,10,6,1.5,17.8339,1.5
3252098303,83.4854,0,0,-83.4854,83.4854,95,19,12.3111,23.6889,1.5,0,0,0,10
3253348459,101.461,0,0,-101.461,101.461,251,18,32.3014,66.3014,1.5,0,0,0,10
3256223373,95.2536,0,0,-95.2536,95.2536,165,20,11.0484,46.5484,1.5,0,0,0,10
3272973311,83.9193,0,0,-83.9193,83.9193,103,4,-14.8492,26.8492,1.5,0,0,0,10
3273973384,96.7678,0,0,-96.7678,96.7678,176,2,-6.81992,52,1.5,0,0,0,10
3276348463,103.724,0,0,-103.724,103.724,255,14,-26.9284,69.9284,1.5,0,0,0,10
3280973300,83.5857,0,0,-83.5857,83.5857,92,7,10.8793,24.5,1.5,0,0,0,10
3281598366,97.079,0,0,-97.079,97.079,158,13,17.1799,42.1799,1.5,0,0,0,10
3283857388,100.661,0,0,-100.661,100.661,252,15,24.7272,69.7272,1.5,0,0,0,10
3284482349,100.688,0,0,-100.688,100.688,213,3,-20.4838,59.5,1.5,0,0,0,10
3285482239,84.373,0,0,-84.373,84.373,103,9,2.23736,28.7374,1.5,0,0,0,10
3286732389,99.1114,0,0,-99.1114,99.1114,253,12,-15.5,72.749,1.5,0,0,0,10
3287857379,97.425,0,0,-97.425,97.425,243,10,-1,71.0136,1.5,0,0,0,10
3288482245,84.3232,0,0,-84.3232,84.3232,109,1,-11.738,28.762,1.5,0,0,0,10
3288982381,103.2,0,0,-103.2,103.2,245,8,-22.5,68.0687,1.5,0,0,0,10
3289107312,96.4266,0,0,-96.4266,96.4266,176,5,-22,45.9679,1.5,0,0,0,10
3290598324,84.5729,0,0,-84.5729,84.5729,116,16,6.39926,33,1.5,0,0,0,10
3291607356,96.0925,0,0,-96.0925,96.0925,220,11,13,62.7581,1.5,0,0,0,10
3294357201,81.7816,0,0,-81.7816,81.7816,65,6,1.5,17.8339,1.5,0,0,0,10
3299348427,102.326,0,0,-102.326,102.326,219,17,28.5,57.1788,1.5,0,0,0,10
3300000107,84.338,0,0,-84.338,84.338,107,0,0,0,10,4,-14.9552,26.9552,1.5
3300000177,96.6791,0,0,-96.6791,96.6791,177,0,0,0,10,2,-6.96992,52,1.5
3300250094,83.5047,0,0,-83.5047,83.5047,94,0,0,0,10,7,11.0293,24.5,1.5
3300375116,85.1191,0,0,-85.1191,85.1191,116,0,0,0,10,16,6.24926,33,1.5
3300383995,81.8145,0,0,-81.8145,81.8145,66,0,0,0,10,6,1.5,17.6839,1.5
3300384022,84.0121,0,0,-84.0121,84.0121,93,0,0,0,10,19,12.4172,23.5828,1.5
3300384029,84.5263,0,0,-84.5263,84.5263,100,0,0,0,10,9,2.1313,28.6313,1.5
3300384036,84.4884,0,0,-84.4884,84.4884,107,0,0,0,10,1,-11.8441,28.6559,1.5
3300384083,96.4248,0,0,-96.4248,96.4248,154,0,0,0,10,13,17.0738,42.0738,1.5
3300384091,94.64,0,0,-94.64,94.64,162,0,0,0,10,20,10.9423,46.4423,1.5
3300384101,95.3054,0,0,-95.3054,95.3054,172,0,0,0,10,5,-22,45.8179,1.5
3300384141,98.6267,0,0,-98.6267,98.6267,212,0,0,0,10,3,-20.3338,59.5,1.5
3300384144,101.436,0,0,-101.436,101.436,215,0,0,0,10,17,28.5,57.0288,1.5
3300384144,98.2452,0,0,-98.2452,98.2452,215,0,0,0,10,11,13,62.6081,1.5
3300384167,96.1291,0,0,-96.1291,96.1291,238,0,0,0,10,10,-1,70.8636,1.5
3300384169,102.813,0,0,-102.813,102.813,240,0,0,0,10,8,-22.5,67.9187,1.5
3300384176,100.225,0,0,-100.225,100.225,247,0,0,0,10,18,32.1954,66.1954,1.5
3300384177,101.258,0,0,-101.258,101.258,248,0,0,0,10,15,24.6211,69.6211,1.5
3300384178,103.056,0,0,-103.056,103.056,249,0,0,0,10,12,-15.5,72.599,1.5
3300384180,102.317,0,0,-102.317,102.317,251,0,0,0,10,14,-26.8224,69.8224,1.5
3303107229,84.0121,0,0,-84.0121,84.0121,93,19,12.4172,23.5828,1.5,0,0,0,10
3303857383,100.225,0,0,-100.225,100.225,247,18,32.1954,66.1954,1.5,0,0,0,10
3306857298,94.64,0,0,-94.64,94.64,162,20,10.9423,46.4423,1.5,0,0,0,10
3322973315,84.338,0,0,-84.338,84.338,107,4,-14.9552,26.9552,1.5,0,0,0,10
3323973385,96.6791,0,0,-96.6791,96.6791,177,2,-6.96992,52,1.5,0,0,0,10
3330973302,83.5047,0,0,-83.5047,83.5047,94,7,11.0293,24.5,1.5,0,0,0,10
3333107290,96.4248,0,0,-96.4248,96.4248,154,13,17.0738,42.0738,1.5,0,0,0,10
3334232384,101.258,0,0,-101.258,101.258,248,15,24.6211,69.6211,1.5,0,0,0,10
3334357387,102.317,0,0,-102.317,102.317,251,14,-26.8224,69.8224,1.5,0,0,0,10
3334857348,98.6267,0,0,-98.6267,98.6267,212,3,-20.3338,59.5,1.5,0,0,0,10
3335857236,84.5263,0,0,-84.5263,84.5263,100,9,2.1313,28.6313,1.5,0,0,0,10
3337107385,103.056,0,0,-103.056,103.056,249,12,-15.5,72.599,1.5,0,0,0,10
3338232374,96.1291,0,0,-96.1291,96.1291,238,10,-1,70.8636,1.5,0,0,0,10
3338857243,84.4884,0,0,-84.4884,84.4884,107,1,-11.8441,28.6559,1.5,0,0,0,10
3339357376,102.813,0,0,-102.813,102.813,240,8,-22.5,67.9187,1.5,0,0,0,10
3339482308,95.3054,0,0,-95.3054,95.3054,172,5,-22,45.8179,1.5,0,0,0,10
3340598324,85.1191,0,0,-85.1191,85.1191,116,16,6.24926,33,1.5,0,0,0,10
3341982351,98.2452,0,0,-98.2452,98.2452,215,11,13,62.6081,1.5,0,0,0,10
3344732202,81.8145,0,0,-81.8145,81.8145,66,6,1.5,17.6839,1.5,0,0,0,10
3350000107,84.338,0,0,-84.338,84.338,107,0,0,0,10,4,-14.9552,26.9552,1.5
3350000177,96.6791,0,0,-96.6791,96.6791,177,0,0,0,10,2,-6.96992,52,1.5
3350250094,83.5047,0,0,-83.5047,83.5047,94,0,0,0,10,7,11.0293,24.5,1.5
3350375116,85.1191,0,0,-85.1191,85.1191,116,0,0,0,10,16,6.24926,33,1.5
3350383995,81.8145,0,0,-81.8145,81.8145,66,0,0,0,10,6,1.5,17.6839,1.5
3350384022,84.0121,0,0,-84.0121,84.0121,93,0,0,0,10,19,12.4172,23.5828,1.5
3350384029,84.5263,0,0,-84.5263,84.5263,100,0,0,0,10,9,2.1313,28.6313,1.5
3350384036,84.4884,0,0,-84.4884,84.4884,107,0,0,0,10,1,-11.8441,28.6559,1.5
3350384083,96.4248,0,0,-96.4248,96.4248,154,0,0,0,10,13,17.0738,42.0738,1.5
3350384091,94.64,0,0,-94.64,94.64,162,0,0,0,10,20,10.9423,46.4423,1.5
3350384101,95.3054,0,0,-95.3054,95.3054,172,0,0,0,10,5,-22,45.8179,1.5
3350384141,98.6267,0,0,-98.6267,98.6267,212,0,0,0,10,3,-20.3338,59.5,1.5
3350384144,101.436,0,0,-101.436,101.436,215,0,0,0,10,17,28.5,57.0288,1.5
3350384144,98.2452,0,0,-98.2452,98.2452,215,0,0,0,10,11,13,62.6081,1.5
3350384167,96.1291,0,0,-96.1291,96.1291,238,0,0,0,10,10,-1,70.8636,1.5
3350384169,102.813,0,0,-102.813,102.813,240,0,0,0,10,8,-22.5,67.9187,1.5
3350384176,100.225,0,0,-100.225,100.225,247,0,0,0,10,18,32.1954,66.1954,1.5
3350384177,101.258,0,0,-101.258,101.258,248,0,0,0,10,15,24.6211,69.6211,1.5
3350384178,103.056,0,0,-103.056,103.056,249,0,0,0,10,12,-15.5,72.599,1.5
3350384180,102.317,0,0,-102.317,102.317,251,0,0,0,10,14,-26.8224,69.8224,1.5
3351482351,101.436,0,0,-101.436,101.436,215,17,28.5,57.0288,1.5,0,0,0,10
3353732229,84.0121,0,0,-84.0121,84.0121,93,19,12.4172,23.5828,1.5,0,0,0,10
3354607383,100.225,0,0,-100.225,100.225,247,18,32.1954,66.1954,1.5,0,0,0,10
3357482298,94.64,0,0,-94.64,94.64,162,20,10.9423,46.4423,1.5,0,0,0,10
3372973315,84.338,0,0,-84.338,84.338,107,4,-14.9552,26.9552,1.5,0,0,0,10
3373973385,96.6791,0,0,-96.6791,96.6791,177,2,-6.96992,52,1.5,0,0,0,10
3380973302,83.5047,0,0,-83.5047,83.5047,94,7,11.0293,24.5,1.5,0,0,0,10
3383357290,96.4248,0,0,-96.4248,96.4248,154,13,17.0738,42.0738,1.5,0,0,0,10
3384357387,102.317,0,0,-102.317,102.317,251,14,-26.8224,69.8224,1.5,0,0,0,10
3384589529,101.258,0,0,-101.258,101.258,248,15,24.6211,69.6211,1.5,0,0,0,10
3385232348,98.6267,0,0,-98.6267,98.6267,212,3,-20.3338,59.5,1.5,0,0,0,10
3386232236,84.5263,0,0,-84.5263,84.5263,100,9,2.1313,28.6313,1.5,0,0,0,10
3387482385,103.056,0,0,-103.056,103.056,249,12,-15.5,72.599,1.5,0,0,0,10
3388607374,96.1291,0,0,-96.1291,96.1291,238,10,-1,70.8636,1.5,0,0,0,10
3389232243,84.4884,0,0,-84.4884,84.4884,107,1,-11.8441,28.6559,1.5,0,0,0,10
3389732376,102.813,0,0,-102.813,102.813,240,8,-22.5,67.9187,1.5,0,0,0,10
3389982308,95.3054,0,0,-95.3054,95.3054,172,5,-22,45.8179,1.5,0,0,0,10
3390598324,85.1191,0,0,-85.1191,85.1191,116,16,6.24926,33,1.5,0,0,0,10
3392357351,98.2452,0,0,-98.2452,98.2452,215,11,13,62.6081,1.5,0,0,0,10
3395107202,81.8145,0,0,-81.8145,81.8145,66,6,1.5,17.6839,1.5,0,0,0,10
3400000107,84.338,0,0,-84.338,84.338,107,0,0,0,10,4,-15.0613,27.0613,1.5
3400000177,96.6791,0,0,-96.6791,96.6791,177,0,0,0,10,2,-7.11992,52,1.5
3400250094,83.5047,0,0,-83.5047,83.5047,94,0,0,0,10,7,11.1793,24.5,1.5
3400375116,85.1191,0,0,-85.1191,85.1191,116,0,0,0,10,16,6.09926,33,1.5
3400383995,81.8145,0,0,-81.8145,81.8145,66,0,0,0,10,6,1.5,17.5339,1.5
3400384022,84.0121,0,0,-84.0121,84.0121,93,0,0,0,10,19,12.5233,23.4767,1.5
3400384029,84.5263,0,0,-84.5263,84.5263,100,0,0,0,10,9,2.02523,28.5252,1.5
3400384036,84.4884,0,0,-84.4884,84.4884,107,0,0,0,10,1,-11.9502,28.5498,1.5
3400384083,96.4248,0,0,-96.4248,96.4248,154,0,0,0,10,13,16.9678,41.9678,1.5
3400384091,94.64,0,0,-94.64,94.64,162,0,0,0,10,20,10.8363,46.3363,1.5
3400384101,95.3054,0,0,-95.3054,95.3054,172,0,0,0,10,5,-22,45.6679,1.5
3400384141,98.6267,0,0,-98.6267,98.6267,212,0,0,0,10,3,-20.1838,59.5,1.5
3400384144,101.436,0,0,-101.436,101.436,215,0,0,0,10,17,28.5,56.8788,1.5
3400384144,98.2452,0,0,-98.2452,98.2452,215,0,0,0,10,11,13,62.4581,1.5
3400384167,96.1291,0,0,-96.1291,96.1291,238,0,0,0,10,10,-1,70.7136,1.5
3400384169,102.813,0,0,-102.813,102.813,240,0,0,0,10,8,-22.5,67.7687,1.5
3400384176,100.225,0,0,-100.225,100.225,247,0,0,0,10,18,32.0893,66.0893,1.5
3400384177,101.258,0,0,-101.258,101.258,248,0,0,0,10,15,24.5151,69.5151,1.5
3400384178,103.056,0,0,-103.056,103.056,249,0,0,0,10,12,-15.5,72.449,1.5
3400384180,102.317,0,0,-102.317,102.317,251,0,0,0,10,14,-26.7163,69.7163,1.5
3401973424,101.436,0,0,-101.436,101.436,215,17,28.5,56.8788,1.5,0,0,0,10
3404482229,84.0121,0,0,-84.0121,84.0121,93,19,12.5233,23.4767,1.5,0,0,0,10
3405232383,100.225,0,0,-100.225,100.225,247,18,32.0893,66.0893,1.5,0,0,0,10
3408232298,94.64,0,0,-94.64,94.64,162,20,10.8363,46.3363,1.5,0,0,0,10
3422973315,84.338,0,0,-84.338,84.338,107,4,-15.0613,27.0613,1.5,0,0,0,10
3423973385,96.6791,0,0,-96.6791,96.6791,177,2,-7.11992,52,1.5,0,0,0,10
3430973302,83.5047,0,0,-83.5047,83.5047,94,7,11.1793,24.5,1.5,0,0,0,10
3433357290,96.4248,0,0,-96.4248,96.4248,154,13,16.9678,41.9678,1.5,0,0,0,10
3434357387,102.317,0,0,-102.317,102.317,251,14,-26.7163,69.7163,1.5,0,0,0,10
3434982384,101.258,0,0,-101.258,101.258,248,15,24.5151,69.5151,1.5,0,0,0,10
3435607348,98.6267,0,0,-98.6267,98.6267,212,3,-20.1838,59.5,1.5,0,0,0,10
3436732236,84.5263,0,0,-84.5263,84.5263,100,9,2.02523,28.5252,1.5,0,0,0,10
3437982385,103.056,0,0,-103.056,103.056,249,12,-15.5,72.449,1.5,0,0,0,10
3438982374,96.1291,0,0,-96.1291,96.1291,238,10,-1,70.7136,1.5,0,0,0,10
3439607243,84.4884,0,0,-84.4884,84.4884,107,1,-11.9502,28.5498,1.5,0,0,0,10
3440107376,102.813,0,0,-102.813,102.813,240,8,-22.5,67.7687,1.5,0,0,0,10
3440357308,95.3054,0,0,-95.3054,95.3054,172,5,-22,45.6679,1.5,0,0,0,10
3440598324,85.1191,0,0,-85.1191,85.1191,116,16,6.09926,33,1.5,0,0,0,10
3442857351,98.2452,0,0,-98.2452,98.2452,215,11,13,62.4581,1.5,0,0,0,10
3445223274,81.8145,0,0,-81.8145,81.8145,66,6,1.5,17.5339,1.5,0,0,0,10
3450000107,84.338,0,0,-84.338,84.338,107,0,0,0,10,4,-15.0613,27.0613,1.5
3450000177,96.6791,0,0,-96.6791,96.6791,177,0,0,0,10,2,-7.11992,52,1.5
3450250094,83.5047,0,0,-83.5047,83.5047,94,0,0,0,10,7,11.1793,24.5,1.5
3450375116,85.1191,0,0,-85.1191,85.1191,116,0,0,0,10,16,6.09926,33,1.5
3450383995,81.8145,0,0,-81.8145,81.8145,66,0,0,0,10,6,1.5,17.5339,1.5
3450384022,84.0121,0,0,-84.0121,84.0121,93,0,0,0,10,19,12.5233,23.4767,1.5
3450384029,84.5263,0,0,-84.5263,84.5263,100,0,0,0,10,9,2.02523,28.5252,1.5
3450384036,84.4884,0,0,-84.4884,84.4884,107,0,0,0,10,1,-11.9502,28.5498,1.5
3450384083,96.4248,0,0,-96.4248,96.4248,154,0,0,0,10,13,16.9678,41.9678,1.5
3450384091,94.64,0,0,-94.64,94.64,162,0,0,0,10,20,10.8363,46.3363,1.5
3450384101,95.3054,0,0,-95.3054,95.3054,172,0,0,0,10,5,-22,45.6679,1.5
3450384141,98.6267,0,0,-98.6267,98.6267,212,0,0,0,10,3,-20.1838,59.5,1.5
3450384144,101.436,0,0,-101.436,101.436,215,0,0,0,10,17,28.5,56.8788,1.5
3450384144,98.2452,0,0,-98.2452,98.2452,215,0,0,0,10,11,13,62.4581,1.5
3450384167,96.1291,0,0,-96.1291,96.1291,238,0,0,0,10,10,-1,70.7136,1.5
3450384169,102.813,0,0,-102.813,102.813,240,0,0,0,10,8,-22.5,67.7687,1.5
3450384176,100.225,0,0,-100.225,100.225,247,0,0,0,10,18,32.0893,66.0893,1.5
3450384177,101.258,0,0,-101.258,101.258,248,0,0,0,10,15,24.5151,69.5151,1.5
3450384178,103.056,0,0,-103.056,103.056,249,0,0,0,10,12,-15.5,72.449,1.5
3450384180,102.317,0,0,-102.317,102.317,251,0,0,0,10,14,-26.7163,69.7163,1.5
3455107229,84.0121,0,0,-84.0121,84.0121,93,19,12.5233,23.4767,1.5,0,0,0,10
3455482351,101.436,0,0,-101.436,101.436,215,17,28.5,56.8788,1.5,0,0,0,10
3455982383,100.225,0,0,-100.225,100.225,247,18,32.0893,66.0893,1.5,0,0,0,10
3458857298,94.64,0,0,-94.64,94.64,162,20,10.8363,46.3363,1.5,0,0,0,10
3472973315,84.338,0,0,-84.338,84.338,107,4,-15.0613,27.0613,1.5,0,0,0,10
3473973385,96.6791,0,0,-96.6791,96.6791,177,2,-7.11992,52,1.5,0,0,0,10
3480973302,83.5047,0,0,-83.5047,83.5047,94,7,11.1793,24.5,1.5,0,0,0,10
3483357290,96.4248,0,0,-96.4248,96.4248,154,13,16.9678,41.9678,1.5,0,0,0,10
3484357387,102.317,0,0,-102.317,102.317,251,14,-26.7163,69.7163,1.5,0,0,0,10
3485357384,101.258,0,0,-101.258,101.258,248,15,24.5151,69.5151,1.5,0,0,0,10
3486107348,98.6267,0,0,-98.6267,98.6267,212,3,-20.1838,59.5,1.5,0,0,0,10
3487107236,84.5263,0,0,-84.5263,84.5263,100,9,2.02523,28.5252,1.5,0,0,0,10
3487982385,103.056,0,0,-103.056,103.056,249,12,-15.5,72.449,1.5,0,0,0,10
3489482374,96.1291,0,0,-96.1291,96.1291,238,10,-1,70.7136,1.5,0,0,0,10
3489982243,84.4884,0,0,-84.4884,84.4884,107,1,-11.9502,28.5498,1.5,0,0,0,10
3490482376,102.813,0,0,-102.813,102.813,240,8,-22.5,67.7687,1.5,0,0,0,10
3490598324,85.1191,0,0,-85.1191,85.1191,116,16,6.09926,33,1.5,0,0,0,10
3490732308,95.3054,0,0,-95.3054,95.3054,172,5,-22,45.6679,1.5,0,0,0,10
3493232351,98.2452,0,0,-98.2452,98.2452,215,11,13,62.4581,1.5,0,0,0,10
3495223274,81.8145,0,0,-81.8145,81.8145,66,6,1.5,17.5339,1.5,0,0,0,10
3500000107,84.338,0,0,-84.338,84.338,107,0,0,0,10,4,-15.1673,27.1673,1.5
3500000177,96.6791,0,0,-96.6791,96.6791,177,0,0,0,10,2,-7.26992,52,1.5
3500250094,83.5047,0,0,-83.5047,83.5047,94,0,0,0,10,7,11.3293,24.5,1.5
3500500066,81.8145,0,0,-81.8145,81.8145,66,0,0,0,10,6,1.5,17.3839,1.5
3500500093,84.0121,0,0,-84.0121,84.0121,93,0,0,0,10,19,12.6293,23.3707,1.5
3500500100,84.5263,0,0,-84.5263,84.5263,100,0,0,0,10,9,1.91917,28.4192,1.5
3500500107,84.4884,0,0,-84.4884,84.4884,107,0,0,0,10,1,-12,28.4205,1.5
3500500116,85.1191,0,0,-85.1191,85.1191,116,0,0,0,10,16,5.94926,33,1.5
3500500154,96.4248,0,0,-96.4248,96.4248,154,0,0,0,10,13,16.8617,41.8617,1.5
3500500162,94.64,0,0,-94.64,94.64,162,0,0,0,10,20,10.7302,46.2302,1.5
3500500172,95.3054,0,0,-95.3054,95.3054,172,0,0,0,10,5,-22,45.5179,1.5
3500500212,98.6267,0,0,-98.6267,98.6267,212,0,0,0,10,3,-20.0338,59.5,1.5
3500500215,101.436,0,0,-101.436,101.436,215,0,0,0,10,17,28.5,56.7288,1.5
3500500215,98.2452,0,0,-98.2452,98.2452,215,0,0,0,10,11,13,62.3081,1.5
3500500238,96.1291,0,0,-96.1291,96.1291,238,0,0,0,10,10,-1,70.5636,1.5
3500500240,102.813,0,0,-102.813,102.813,240,0,0,0,10,8,-22.5,67.6187,1.5
3500500247,100.225,0,0,-100.225,100.225,247,0,0,0,10,18,31.9832,65.9832,1.5
3500500248,101.258,0,0,-101.258,101.258,248,0,0,0,10,15,24.409,69.409,1.5
3500500249,103.056,0,0,-103.056,103.056,249,0,0,0,10,12,-15.5,72.299,1.5
3500500251,102.317,0,0,-102.317,102.317,251,0,0,0,10,14,-26.6103,69.6103,1.5
3505857229,84.0121,0,0,-84.0121,84.0121,93,19,12.6293,23.3707,1.5,0,0,0,10
3505973424,101.436,0,0,-101.436,101.436,215,17,28.5,56.7288,1.5,0,0,0,10
3506607383,100.225,0,0,-100.225,100.225,247,18,31.9832,65.9832,1.5,0,0,0,10
3509607298,94.64,0,0,-94.64,94.64,162,20,10.7302,46.2302,1.5,0,0,0,10
3522973315,84.338,0,0,-84.338,84.338,107,4,-15.1673,27.1673,1.5,0,0,0,10
3523973385,96.6791,0,0,-96.6791,96.6791,177,2,-7.26992,52,1.5,0,0,0,10
3530973302,83.5047,0,0,-83.5047,83.5047,94,7,11.3293,24.5,1.5,0,0,0,10
3533357290,96.4248,0,0,-96.4248,96.4248,154,13,16.8617,41.8617,1.5,0,0,0,10
3534357387,102.317,0,0,-102.317,102.317,251,14,-26.6103,69.6103,1.5,0,0,0,10
3535848457,101.258,0,0,-101.258,101.258,248,15,24.409,69.409,1.5,0,0,0,10
3536482348,98.6267,0,0,-98.6267,98.6267,212,3,-20.0338,59.5,1.5,0,0,0,10
3537482236,84.5263,0,0,-84.5263,84.5263,100,9,1.91917,28.4192,1.5,0,0,0,10
3538232385,103.056,0,0,-103.056,103.056,249,12,-15.5,72.299,1.5,0,0,0,10
3539848446,96.1291,0,0,-96.1291,96.1291,238,10,-1,70.5636,1.5,0,0,0,10
3540482243,84.4884,0,0,-84.4884,84.4884,107,1,-12,28.4205,1.5,0,0,0,10
3540598324,85.1191,0,0,-85.1191,85.1191,116,16,5.94926,33,1.5,0,0,0,10
3540982376,102.813,0,0,-102.813,102.813,240,8,-22.5,67.6187,1.5,0,0,0,10
3541107308,95.3054,0,0,-95.3054,95.3054,172,5,-22,45.5179,1.5,0,0,0,10
3543607351,98.2452,0,0,-98.2452,98.2452,215,11,13,62.3081,1.5,0,0,0,10
3545223274,81.8145,0,0,-81.8145,81.8145,66,6,1.5,17.3839,1.5,0,0,0,10
3550000107,84.338,0,0,-84.338,84.338,107,0,0,0,10,4,-15.1673,27.1673,1.5
3550000177,96.6791,0,0,-96.6791,96.6791,177,0,0,0,10,2,-7.26992,52,1.5
3550250094,83.5047,0,0,-83.5047,83.5047,94,0,0,0,10,7,11.3293,24.5,1.5
3550500066,81.8145,0,0,-81.8145,81.8145,66,0,0,0,10,6,1.5,17.3839,1.5
3550500093,84.0121,0,0,-84.0121,84.0121,93,0,0,0,10,19,12.6293,23.3707,1.5
3550500100,84.5263,0,0,-84.5263,84.5263,100,0,0,0,10,9,1.91917,28.4192,1.5
3550500107,84.4884,0,0,-84.4884,84.4884,107,0,0,0,10,1,-12,28.4205,1.5
3550500116,85.1191,0,0,-85.1191,85.1191,116,0,0,0,10,16,5.94926,33,1.5
3550500154,96.4248,0,0,-96.4248,96.4248,154,0,0,0,10,13,16.8617,41.8617,1.5
3550500162,94.64,0,0,-94.64,94.64,162,0,0,0,10,20,10.7302,46.2302,1.5
3550500172,95.3054,0,0,-95.3054,95.3054,172,0,0,0,10,5,-22,45.5179,1.5
3550500212,98.6267,0,0,-98.6267,98.6267,212,0,0,0,10,3,-20.0338,59.5,1.5
3550500215,101.436,0,0,-101.436,101.436,215,0,0,0,10,17,28.5,56.7288,1.5
3550500215,98.2452,0,0,-98.2452,98.2452,215,0,0,0,10,11,13,62.3081,1.5
3550500238,96.1291,0,0,-96.1291,96.1291,238,0,0,0,10,10,-1,70.5636,1.5
3550500240,102.813,0,0,-102.813,102.813,240,0,0,0,10,8,-22.5,67.6187,1.5
3550500247,100.225,0,0,-100.225,100.225,247,0,0,0,10,18,31.9832,65.9832,1.5
3550500248,101.258,0,0,-101.258,101.258,248,0,0,0,10,15,24.409,69.409,1.5
3550500249,103.056,0,0,-103.056,103.056,249,0,0,0,10,12,-15.5,72.299,1.5
3550500251,102.317,0,0,-102.317,102.317,251,0,0,0,10,14,-26.6103,69.6103,1.5
3556482229,84.0121,0,0,-84.0121,84.0121,93,19,12.6293,23.3707,1.5,0,0,0,10
3557357383,100.225,0,0,-100.225,100.225,247,18,31.9832,65.9832,1.5,0,0,0,10
3559348423,101.436,0,0,-101.436,101.436,215,17,28.5,56.7288,1.5,0,0,0,10
3560232298,94.64,0,0,-94.64,94.64,162,20,10.7302,46.2302,1.5,0,0,0,10
3572973315,84.338,0,0,-84.338,84.338,107,4,-15.1673,27.1673,1.5,0,0,0,10
3573973385,96.6791,0,0,-96.6791,96.6791,177,2,-7.26992,52,1.5,0,0,0,10
3580973302,83.5047,0,0,-83.5047,83.5047,94,7,11.3293,24.5,1.5,0,0,0,10
3583357290,96.4248,0,0,-96.4248,96.4248,154,13,16.8617,41.8617,1.5,0,0,0,10
3584357387,102.317,0,0,-102.317,102.317,251,14,-26.6103,69.6103,1.5,0,0,0,10
3586232384,101.258,0,0,-101.258,101.258,248,15,24.409,69.409,1.5,0,0,0,10
3586857348,98.6267,0,0,-98.6267,98.6267,212,3,-20.0338,59.5,1.5,0,0,0,10
3587848308,84.5263,0,0,-84.5263,84.5263,100,9,1.91917,28.4192,1.5,0,0,0,10
3588723457,103.056,0,0,-103.056,103.056,249,12,-15.5,72.299,1.5,0,0,0,10
3589848446,96.1291,0,0,-96.1291,96.1291,238,10,-1,70.5636,1.5,0,0,0,10
3590598324,85.1191,0,0,-85.1191,85.1191,116,16,5.94926,33,1.5,0,0,0,10
3590857243,84.4884,0,0,-84.4884,84.4884,107,1,-12,28.4205,1.5,0,0,0,10
3591348380,95.3054,0,0,-95.3054,95.3054,172,5,-22,45.5179,1.5,0,0,0,10
3591357376,102.813,0,0,-102.813,102.813,240,8,-22.5,67.6187,1.5,0,0,0,10
3593982351,98.2452,0,0,-98.2452,98.2452,215,11,13,62.3081,1.5,0,0,0,10
3595223274,81.8145,0,0,-81.8145,81.8145,66,6,1.5,17.3839,1.5,0,0,0,10
3600000107,84.338,0,0,-84.338,84.338,107,0,0,0,10,4,-15.2734,27.2734,1.5
3600000177,96.6791,0,0,-96.6791,96.6791,177,0,0,0,10,2,-7.41992,52,1.5
3600250094,83.5047,0,0,-83.5047,83.5047,94,0,0,0,10,7,11.4793,24.5,1.5
3600500066,81.8145,0,0,-81.8145,81.8145,66,0,0,0,10,6,1.5,17.2339,1.5
3600500093,84.0121,0,0,-84.0121,84.0121,93,0,0,0,10,19,12.7354,23.2646,1.5
3600500100,84.5263,0,0,-84.5263,84.5263,100,0,0,0,10,9,1.8131,28.3131,1.5
3600500107,84.4884,0,0,-84.4884,84.4884,107,0,0,0,10,1,-12,28.2705,1.5
3600500116,85.1191,0,0,-85.1191,85.1191,116,0,0,0,10,16,5.79926,33,1.5
3600500154,96.4248,0,0,-96.4248,96.4248,154,0,0,0,10,13,16.7556,41.7556,1.5
3600500162,94.64,0,0,-94.64,94.64,162,0,0,0,10,20,10.6241,46.1241,1.5
3600500172,95.3054,0,0,-95.3054,95.3054,172,0,0,0,10,5,-22,45.3679,1.5
3600500212,98.6267,0,0,-98.6267,98.6267,212,0,0,0,10,3,-19.8838,59.5,1.5
3600500215,101.436,0,0,-101.436,101.436,215,0,0,0,10,17,28.5,56.5788,1.5
3600500215,98.2452,0,0,-98.2452,98.2452,215,0,0,0,10,11,13,62.1581,1.5
3600500238,96.1291,0,0,-96.1291,96.1291,238,0,0,0,10,10,-1,70.4136,1.5
3600500240,102.813,0,0,-102.813,102.813,240,0,0,0,10,8,-22.5,67.4687,1.5
3600500247,100.225,0,0,-100.225,100.225,247,0,0,0,10,18,31.8772,65.8772,1.5
3600500248,101.258,0,0,-101.258,101.258,248,0,0,0,10,15,24.3029,69.3029,1.5
3600500249,103.056,0,0,-103.056,103.056,249,0,0,0,10,12,-15.5,72.149,1.5
3600500251,102.317,0,0,-102.317,102.317,251,0,0,0,10,14,-26.5042,69.5042,1.5
3607232229,84.0121,0,0,-84.0121,84.0121,93,19,12.7354,23.2646,1.5,0,0,0,10
3607982383,100.225,0,0,-100.225,100.225,247,18,31.8772,65.8772,1.5,0,0,0,10
3609348423,101.436,0,0,-101.436,101.436,215,17,28.5,56.5788,1.5,0,0,0,10
3610982298,94.64,0,0,-94.64,94.64,162,20,10.6241,46.1241,1.5,0,0,0,10
3622973315,84.338,0,0,-84.338,84.338,107,4,-15.2734,27.2734,1.5,0,0,0,10
3623973385,96.6791,0,0,-96.6791,96.6791,177,2,-7.41992,52,1.5,0,0,0,10
3630973302,83.5047,0,0,-83.5047,83.5047,94,7,11.4793,24.5,1.5,0,0,0,10
3633357290,96.4248,0,0,-96.4248,96.4248,154,13,16.7556,41.7556,1.5,0,0,0,10
3634357387,102.317,0,0,-102.317,102.317,251,14,-26.5042,69.5042,1.5,0,0,0,10
3636598456,101.258,0,0,-101.258,101.258,248,15,24.3029,69.3029,1.5,0,0,0,10
3637232348,98.6267,0,0,-98.6267,98.6267,212,3,-19.8838,59.5,1.5,0,0,0,10
3637848308,84.5263,0,0,-84.5263,84.5263,100,9,1.8131,28.3131,1.5,0,0,0,10
3638723457,103.056,0,0,-103.056,103.056,249,12,-15.5,72.149,1.5,0,0,0,10
3639848446,96.1291,0,0,-96.1291,96.1291,238,10,-1,70.4136,1.5,0,0,0,10
3640598324,85.1191,0,0,-85.1191,85.1191,116,16,5.79926,33,1.5,0,0,0,10
3641223315,84.4884,0,0,-84.4884,84.4884,107,1,-12,28.2705,1.5,0,0,0,10
3641348380,95.3054,0,0,-95.3054,95.3054,172,5,-22,45.3679,1.5,0,0,0,10
3641732376,102.813,0,0,-102.813,102.813,240,8,-22.5,67.4687,1.5,0,0,0,10
3644357351,98.2452,0,0,-98.2452,98.2452,215,11,13,62.1581,1.5,0,0,0,10
3645223274,81.8145,0,0,-81.8145,81.8145,66,6,1.5,17.2339,1.5,0,0,0,10
3650000107,84.338,0,0,-84.338,84.338,107,0,0,0,10,4,-15.2734,27.2734,1.5
3650000177,96.6791,0,0,-96.6791,96.6791,177,0,0,0,10,2,-7.41992,52,1.5
3650250094,83.5047,0,0,-83.5047,83.5047,94,0,0,0,10,7,11.4793,24.5,1.5
3650500066,81.8145,0,0,-81.8145,81.8145,66,0,0,0,10,6,1.5,17.2339,1.5
3650500093,84.0121,0,0,-84.0121,84.0121,93,0,0,0,10,19,12.7354,23.2646,1.5
3650500100,84.5263,0,0,-84.5263,84.5263,100,0,0,0,10,9,1.8131,28.3131,1.5
3650500107,84.4884,0,0,-84.4884,84.4884,107,0,0,0,10,1,-12,28.2705,1.5
3650500116,85.1191,0,0,-85.1191,85.1191,116,0,0,0,10,16,5.79926,33,1.5
3650500154,96.4248,0,0,-96.4248,96.4248,154,0,0,0,10,13,16.7556,41.7556,1.5
3650500162,94.64,0,0,-94.64,94.64,162,0,0,0,10,20,10.6241,46.1241,1.5
3650500172,95.3054,0,0,-95.3054,95.3054,172,0,0,0,10,5,-22,45.3679,1.5
3650500212,98.6267,0,0,-98.6267,98.6267,212,0,0,0,10,3,-19.8838,59.5,1.5
3650500215,101.436,0,0,-101.436,101.436,215,0,0,0,10,17,28.5,56.5788,1.5
3650500215,98.2452,0,0,-98.2452,98.2452,215,0,0,0,10,11,13,62.1581,1.5
3650500238,96.1291,0,0,-96.1291,96.1291,238,0,0,0,10,10,-1,70.4136,1.5
3650500240,102.813,0,0,-102.813,102.813,240,0,0,0,10,8,-22.5,67.4687,1.5
3650500247,100.225,0,0,-100.225,100.225,247,0,0,0,10,18,31.8772,65.8772,1.5
3650500248,101.258,0,0,-101.258,101.258,248,0,0,0,10,15,24.3029,69.3029,1.5
3650500249,103.056,0,0,-103.056,103.056,249,0,0,0,10,12,-15.5,72.149,1.5
3650500251,102.317,0,0,-102.317,102.317,251,0,0,0,10,14,-26.5042,69.5042,1.5
3657857229,84.0121,0,0,-84.0121,84.0121,93,19,12.7354,23.2646,1.5,0,0,0,10
3658732383,100.225,0,0,-100.225,100.225,247,18,31.8772,65.8772,1.5,0,0,0,10
3659348423,101.436,0,0,-101.436,101.436,215,17,28.5,56.5788,1.5,0,0,0,10
3661607298,94.64,0,0,-94.64,94.64,162,20,10.6241,46.1241,1.5,0,0,0,10
3672973315,84.338,0,0,-84.338,84.338,107,4,-15.2734,27.2734,1.5,0,0,0,10
3673973385,96.6791,0,0,-96.6791,96.6791,177,2,-7.41992,52,1.5,0,0,0,10
3680973302,83.5047,0,0,-83.5047,83.5047,94,7,11.4793,24.5,1.5,0,0,0,10
3683357290,96.4248,0,0,-96.4248,96.4248,154,13,16.7556,41.7556,1.5,0,0,0,10
3684357387,102.317,0,0,-102.317,102.317,251,14,-26.5042,69.5042,1.5,0,0,0,10
3686598456,101.258,0,0,-101.258,101.258,248,15,24.3029,69.3029,1.5,0,0,0,10
3687607348,98.6267,0,0,-98.6267,98.6267,212,3,-19.8838,59.5,1.5,0,0,0,10
3687848308,84.5263,0,0,-84.5263,84.5263,100,9,1.8131,28.3131,1.5,0,0,0,10
3688723457,103.056,0,0,-103.056,103.056,249,12,-15.5,72.149,1.5,0,0,0,10
3689848446,96.1291,0,0,-96.1291,96.1291,238,10,-1,70.4136,1.5,0,0,0,10
3690598324,85.1191,0,0,-85.1191,85.1191,116,16,5.79926,33,1.5,0,0,0,10
3691223315,84.4884,0,0,-84.4884,84.4884,107,1,-12,28.2705,1.5,0,0,0,10
3691348380,95.3054,0,0,-95.3054,95.3054,172,5,-22,45.3679,1.5,0,0,0,10
3691848448,102.813,0,0,-102.813,102.813,240,8,-22.5,67.4687,1.5,0,0,0,10
3694598423,98.2452,0,0,-98.2452,98.2452,215,11,13,62.1581,1.5,0,0,0,10
3695223274,81.8145,0,0,-81.8145,81.8145,66,6,1.5,17.2339,1.5,0,0,0,10
3700000107,84.338,0,0,-84.338,84.338,107,0,0,0,10,4,-15.3795,27.3795,1.5
3700000177,96.6791,0,0,-96.6791,96.6791,177,0,0,0,10,2,-7.56992,52,1.5
3700250094,83.5047,0,0,-83.5047,83.5047,94,0,0,0,10,7,11.6293,24.5,1.5
3700500066,81.8145,0,0,-81.8145,81.8145,66,0,0,0,10,6,1.5,17.0839,1.5
3700500093,84.0121,0,0,-84.0121,84.0121,93,0,0,0,10,19,12.8415,23.1585,1.5
3700500100,84.5263,0,0,-84.5263,84.5263,100,0,0,0,10,9,1.70703,28.207,1.5
3700500107,84.4884,0,0,-84.4884,84.4884,107,0,0,0,10,1,-12,28.1205,1.5
3700500116,85.1191,0,0,-85.1191,85.1191,116,0,0,0,10,16,5.64926,33,1.5
3700500154,96.4248,0,0,-96.4248,96.4248,154,0,0,0,10,13,16.6496,41.6496,1.5
3700500162,94.64,0,0,-94.64,94.64,162,0,0,0,10,20,10.5181,46.0181,1.5
3700500172,95.3054,0,0,-95.3054,95.3054,172,0,0,0,10,5,-22,45.2179,1.5
3700500212,98.6267,0,0,-98.6267,98.6267,212,0,0,0,10,3,-19.7338,59.5,1.5
3700500215,101.436,0,0,-101.436,101.436,215,0,0,0,10,17,28.5,56.4288,1.5
3700500215,98.2452,0,0,-98.2452,98.2452,215,0,0,0,10,11,13,62.0081,1.5
3700500238,96.1291,0,0,-96.1291,96.1291,238,0,0,0,10,10,-1,70.2636,1.5
3700500240,102.813,0,0,-102.813,102.813,240,0,0,0,10,8,-22.5,67.3187,1.5
3700500247,100.225,0,0,-100.225,100.225,247,0,0,0,10,18,31.7711,65.7711,1.5
3700500248,101.258,0,0,-101.258,101.258,248,0,0,0,10,15,24.1969,69.1969,1.5
3700500249,103.056,0,0,-103.056,103.056,249,0,0,0,10,12,-15.5,71.999,1.5
3700500251,102.317,0,0,-102.317,102.317,251,0,0,0,10,14,-26.3981,69.3981,1.5
3708607229,84.0121,0,0,-84.0121,84.0121,93,19,12.8415,23.1585,1.5,0,0,0,10
3709348423,101.436,0,0,-101.436,101.436,215,17,28.5,56.4288,1.5,0,0,0,10
3709357383,100.225,0,0,-100.225,100.225,247,18,31.7711,65.7711,1.5,0,0,0,10
3712357298,94.64,0,0,-94.64,94.64,162,20,10.5181,46.0181,1.5,0,0,0,10
3722973315,84.338,0,0,-84.338,84.338,107,4,-15.3795,27.3795,1.5,0,0,0,10
3723973385,96.6791,0,0,-96.6791,96.6791,177,2,-7.56992,52,1.5,0,0,0,10
3730973302,83.5047,0,0,-83.5047,83.5047,94,7,11.6293,24.5,1.5,0,0,0,10
3733357290,96.4248,0,0,-96.4248,96.4248,154,13,16.6496,41.6496,1.5,0,0,0,10
3734357387,102.317,0,0,-102.317,102.317,251,14,-26.3981,69.3981,1.5,0,0,0,10
3736598456,101.258,0,0,-101.258,101.258,248,15,24.1969,69.1969,1.5,0,0,0,10
3737723420,98.6267,0,0,-98.6267,98.6267,212,3,-19.7338,59.5,1.5,0,0,0,10
3737848308,84.5263,0,0,-84.5263,84.5263,100,9,1.70703,28.207,1.5,0,0,0,10
3738723457,103.056,0,0,-103.056,103.056,249,12,-15.5,71.999,1.5,0,0,0,10
3739848446,96.1291,0,0,-96.1291,96.1291,238,10,-1,70.2636,1.5,0,0,0,10
3740598324,85.1191,0,0,-85.1191,85.1191,116,16,5.64926,33,1.5,0,0,0,10
3741223315,84.4884,0,0,-84.4884,84.4884,107,1,-12,28.1205,1.5,0,0,0,10
3741348380,95.3054,0,0,-95.3054,95.3054,172,5,-22,45.2179,1.5,0,0,0,10
3741848448,102.813,0,0,-102.813,102.813,240,8,-22.5,67.3187,1.5,0,0,0,10
3744598423,98.2452,0,0,-98.2452,98.2452,215,11,13,62.0081,1.5,0,0,0,10
3745223274,81.8145,0,0,-81.8145,81.8145,66,6,1.5,17.0839,1.5,0,0,0,10
3750000107,84.338,0,0,-84.338,84.338,107,0,0,0,10,4,-15.3795,27.3795,1.5
3750000177,96.6791,0,0,-96.6791,96.6791,177,0,0,0,10,2,-7.56992,52,1.5
3750250094,83.5047,0,0,-83.5047,83.5047,94,0,0,0,10,7,11.6293,24.5,1.5
3750500066,81.8145,0,0,-81.8145,81.8145,66,0,0,0,10,6,1.5,17.0839,1.5
3750500093,84.0121,0,0,-84.0121,84.0121,93,0,0,0,10,19,12.8415,23.1585,1.5
3750500100,84.5263,0,0,-84.5263,84.5263,100,0,0,0,10,9,1.70703,28.207,1.5
3750500107,84.4884,0,0,-84.4884,84.4884,107,0,0,0,10,1,-12,28.1205,1.5
3750500116,85.1191,0,0,-85.1191,85.1191,116,0,0,0,10,16,5.64926,33,1.5
3750500154,96.4248,0,0,-96.4248,96.4248,154,0,0,0,10,13,16.6496,41.6496,1.5
3750500162,94.64,0,0,-94.64,94.64,162,0,0,0,10,20,10.5181,46.0181,1.5
3750500172,95.3054,0,0,-95.3054,95.3054,172,0,0,0,10,5,-22,45.2179,1.5
3750500212,98.6267,0,0,-98.6267,98.6267,212,0,0,0,10,3,-19.7338,59.5,1.5
3750500215,101.436,0,0,-101.436,101.436,215,0,0,0,10,17,28.5,56.4288,1.5
3750500215,98.2452,0,0,-98.2452,98.2452,215,0,0,0,10,11,13,62.0081,1.5
3750500238,96.1291,0,0,-96.1291,96.1291,238,0,0,0,10,10,-1,70.2636,1.5
3750500240,102.813,0,0,-102.813,102.813,240,0,0,0,10,8,-22.5,67.3187,1.5
3750500247,100.225,0,0,-100.225,100.225,247,0,0,0,10,18,31.7711,65.7711,1.5
3750500248,101.258,0,0,-101.258,101.258,248,0,0,0,10,15,24.1969,69.1969,1.5
3750500249,103.056,0,0,-103.056,103.056,249,0,0,0,10,12,-15.5,71.999,1.5
3750500251,102.317,0,0,-102.317,102.317,251,0,0,0,10,14,-26.3981,69.3981,1.5
3759232229,84.0121,0,0,-84.0121,84.0121,93,19,12.8415,23.1585,1.5,0,0,0,10
3759348423,101.436,0,0,-101.436,101.436,215,17,28.5,56.4288,1.5,0,0,0,10
3760107383,100.225,0,0,-100.225,100.225,247,18,31.7711,65.7711,1.5,0,0,0,10
3762982298,94.64,0,0,-94.64,94.64,162,20,10.5181,46.0181,1.5,0,0,0,10
3772973315,84.338,0,0,-84.338,84.338,107,4,-15.3795,27.3795,1.5,0,0,0,10
3773973385,96.6791,0,0,-96.6791,96.6791,177,2,-7.56992,52,1.5,0,0,0,10
3780973302,83.5047,0,0,-83.5047,83.5047,94,7,11.6293,24.5,1.5,0,0,0,10
3783357290,96.4248,0,0,-96.4248,96.4248,154,13,16.6496,41.6496,1.5,0,0,0,10
3784357387,102.317,0,0,-102.317,102.317,251,14,-26.3981,69.3981,1.5,0,0,0,10
3786598456,101.258,0,0,-101.258,101.258,248,15,24.1969,69.1969,1.5,0,0,0,10
3787723420,98.6267,0,0,-98.6267,98.6267,212,3,-19.7338,59.5,1.5,0,0,0,10
3787848308,84.5263,0,0,-84.5263,84.5263,100,9,1.70703,28.207,1.5,0,0,0,10
3788723457,103.056,0,0,-103.056,103.056,249,12,-15.5,71.999,1.5,0,0,0,10
3789848446,96.1291,0,0,-96.1291,96.1291,238,10,-1,70.2636,1.5,0,0,0,10
3790598324,85.1191,0,0,-85.1191,85.1191,116,16,5.64926,33,1.5,0,0,0,10
3791223315,84.4884,0,0,-84.4884,84.4884,107,1,-12,28.1205,1.5,0,0,0,10
3791348380,95.3054,0,0,-95.3054,95.3054,172,5,-22,45.2179,1.5,0,0,0,10
3791848448,102.813,0,0,-102.813,102.813,240,8,-22.5,67.3187,1.5,0,0,0,10
3794598423,98.2452,0,0,-98.2452,98.2452,215,11,13,62.0081,1.5,0,0,0,10
3795223274,81.8145,0,0,-81.8145,81.8145,66,6,1.5,17.0839,1.5,0,0,0,10
3800000107,84.338,0,0,-84.338,84.338,107,0,0,0,10,4,-15.4855,27.4855,1.5
3800000177,96.6791,0,0,-96.6791,96.6791,177,0,0,0,10,2,-7.71992,52,1.5
3800250094,83.5047,0,0,-83.5047,83.5047,94,0,0,0,10,7,11.7793,24.5,1.5
3800500066,81.8145,0,0,-81.8145,81.8145,66,0,0,0,10,6,1.5,16.9339,1.5
3800500093,84.0121,0,0,-84.0121,84.0121,93,0,0,0,10,19,12.9475,23.0525,1.5
3800500100,84.5263,0,0,-84.5263,84.5263,100,0,0,0,10,9,1.60097,28.101,1.5
3800500107,84.4884,0,0,-84.4884,84.4884,107,0,0,0,10,1,-12,27.9705,1.5
3800500116,85.1191,0,0,-85.1191,85.1191,116,0,0,0,10,16,5.49948,32.9995,1.5
3800500154,96.4248,0,0,-96.4248,96.4248,154,0,0,0,10,13,16.5435,41.5435,1.5
3800500162,94.64,0,0,-94.64,94.64,162,0,0,0,10,20,10.412,45.912,1.5
3800500172,95.3054,0,0,-95.3054,95.3054,172,0,0,0,10,5,-22,45.0679,1.5
3800500212,98.6267,0,0,-98.6267,98.6267,212,0,0,0,10,3,-19.5838,59.5,1.5
3800500215,101.436,0,0,-101.436,101.436,215,0,0,0,10,17,28.5,56.2788,1.5
3800500215,98.2452,0,0,-98.2452,98.2452,215,0,0,0,10,11,12.8997,61.8997,1.5
3800500238,96.1291,0,0,-96.1291,96.1291,238,0,0,0,10,10,-1,70.1136,1.5
3800500240,102.813,0,0,-102.813,102.813,240,0,0,0,10,8,-22.5,67.1687,1.5
3800500247,100.225,0,0,-100.225,100.225,247,0,0,0,10,18,31.665,65.665,1.5
3800500248,101.258,0,0,-101.258,101.258,248,0,0,0,10,15,24.0908,69.0908,1.5
3800500249,103.056,0,0,-103.056,103.056,249,0,0,0,10,12,-15.5,71.849,1.5
3800500251,102.317,0,0,-102.317,102.317,251,0,0,0,10,14,-26.2921,69.2921,1.5
3809348423,101.436,0,0,-101.436,101.436,215,17,28.5,56.2788,1.5,0,0,0,10
3809982229,84.0121,0,0,-84.0121,84.0121,93,19,12.9475,23.0525,1.5,0,0,0,10
3810732383,100.225,0,0,-100.225,100.225,247,18,31.665,65.665,1.5,0,0,0,10
3813732298,94.64,0,0,-94.64,94.64,162,20,10.412,45.912,1.5,0,0,0,10
3822973315,84.338,0,0,-84.338,84.338,107,4,-15.4855,27.4855,1.5,0,0,0,10
3823973385,96.6791,0,0,-96.6791,96.6791,177,2,-7.71992,52,1.5,0,0,0,10
3830973302,83.5047,0,0,-83.5047,83.5047,94,7,11.7793,24.5,1.5,0,0,0,10
3833357290,96.4248,0,0,-96.4248,96.4248,154,13,16.5435,41.5435,1.5,0,0,0,10
3834357387,102.317,0,0,-102.317,102.317,251,14,-26.2921,69.2921,1.5,0,0,0,10
3836598456,101.258,0,0,-101.258,101.258,248,15,24.0908,69.0908,1.5,0,0,0,10
3837723420,98.6267,0,0,-98.6267,98.6267,212,3,-19.5838,59.5,1.5,0,0,0,10
3837848308,84.5263,0,0,-84.5263,84.5263,100,9,1.60097,28.101,1.5,0,0,0,10
3838723457,103.056,0,0,-103.056,103.056,249,12,-15.5,71.849,1.5,0,0,0,10
3839848446,96.1291,0,0,-96.1291,96.1291,238,10,-1,70.1136,1.5,0,0,0,10
3840598324,85.1191,0,0,-85.1191,85.1191,116,16,5.49948,32.9995,1.5,0,0,0,10
3841223315,84.4884,0,0,-84.4884,84.4884,107,1,-12,27.9705,1.5,0,0,0,10
3841348380,95.3054,0,0,-95.3054,95.3054,172,5,-22,45.0679,1.5,0,0,0,10
3841848448,102.813,0,0,-102.813,102.813,240,8,-22.5,67.1687,1.5,0,0,0,10
3844598423,98.2452,0,0,-98.2452,98.2452,215,11,12.8997,61.8997,1.5,0,0,0,10
3845223274,81.8145,0,0,-81.8145,81.8145,66,6,1.5,16.9339,1.5,0,0,0,10
3850000107,84.338,0,0,-84.338,84.338,107,0,0,0,10,4,-15.4855,27.4855,1.5
3850000177,96.6791,0,0,-96.6791,96.6791,177,0,0,0,10,2,-7.71992,52,1.5
3850250094,83.5047,0,0,-83.5047,83.5047,94,0,0,0,10,7,11.7793,24.5,1.5
3850500066,81.8145,0,0,-81.8145,81.8145,66,0,0,0,10,6,1.5,16.9339,1.5
3850500093,84.0121,0,0,-84.0121,84.0121,93,0,0,0,10,19,12.9475,23.0525,1.5
3850500100,84.5263,0,0,-84.5263,84.5263,100,0,0,0,10,9,1.60097,28.101,1.5
3850500107,84.4884,0,0,-84.4884,84.4884,107,0,0,0,10,1,-12,27.9705,1.5
3850500116,85.1191,0,0,-85.1191,85.1191,116,0,0,0,10,16,5.49948,32.9995,1.5
3850500154,96.4248,0,0,-96.4248,96.4248,154,0,0,0,10,13,16.5435,41.5435,1.5
3850500162,94.64,0,0,-94.64,94.64,162,0,0,0,10,20,10.412,45.912,1.5
3850500172,95.3054,0,0,-95.3054,95.3054,172,0,0,0,10,5,-22,45.0679,1.5
3850500212,98.6267,0,0,-98.6267,98.6267,212,0,0,0,10,3,-19.5838,59.5,1.5
3850500215,101.436,0,0,-101.436,101.436,215,0,0,0,10,17,28.5,56.2788,1.5
3850500215,98.2452,0,0,-98.2452,98.2452,215,0,0,0,10,11,12.8997,61.8997,1.5
3850500238,96.1291,0,0,-96.1291,96.1291,238,0,0,0,10,10,-1,70.1136,1.5
3850500240,102.813,0,0,-102.813,102.813,240,0,0,0,10,8,-22.5,67.1687,1.5
3850500247,100.225,0,0,-100.225,100.225,247,0,0,0,10,18,31.665,65.665,1.5
3850500248,101.258,0,0,-101.258,101.258,248,0,0,0,10,15,24.0908,69.0908,1.5
3850500249,103.056,0,0,-103.056,103.056,249,0,0,0,10,12,-15.5,71.849,1.5
3850500251,102.317,0,0,-102.317,102.317,251,0,0,0,10,14,-26.2921,69.2921,1.5
3859348423,101.436,0,0,-101.436,101.436,215,17,28.5,56.2788,1.5,0,0,0,10
3860607229,84.0121,0,0,-84.0121,84.0121,93,19,12.9475,23.0525,1.5,0,0,0,10
3861482383,100.225,0,0,-100.225,100.225,247,18,31.665,65.665,1.5,0,0,0,10
3864357298,94.64,0,0,-94.64,94.64,162,20,10.412,45.912,1.5,0,0,0,10
3872973315,84.338,0,0,-84.338,84.338,107,4,-15.4855,27.4855,1.5,0,0,0,10
3873973385,96.6791,0,0,-96.6791,96.6791,177,2,-7.71992,52,1.5,0,0,0,10
3880973302,83.5047,0,0,-83.5047,83.5047,94,7,11.7793,24.5,1.5,0,0,0,10
3883357290,96.4248,0,0,-96.4248,96.4248,154,13,16.5435,41.5435,1.5,0,0,0,10
3884357387,102.317,0,0,-102.317,102.317,251,14,-26.2921,69.2921,1.5,0,0,0,10
3886598456,101.258,0,0,-101.258,101.258,248,15,24.0908,69.0908,1.5,0,0,0,10
3887723420,98.6267,0,0,-98.6267,98.6267,212,3,-19.5838,59.5,1.5,0,0,0,10
3887848308,84.5263,0,0,-84.5263,84.5263,100,9,1.60097,28.101,1.5,0,0,0,10
3888723457,103.056,0,0,-103.056,103.056,249,12,-15.5,71.849,1.5,0,0,0,10
3889848446,96.1291,0,0,-96.1291,96.1291,238,10,-1,70.1136,1.5,0,0,0,10
3890598324,85.1191,0,0,-85.1191,85.1191,116,16,5.49948,32.9995,1.5,0,0,0,10
3891223315,84.4884,0,0,-84.4884,84.4884,107,1,-12,27.9705,1.5,0,0,0,10
3891348380,95.3054,0,0,-95.3054,95.3054,172,5,-22,45.0679,1.5,0,0,0,10
3891848448,102.813,0,0,-102.813,102.813,240,8,-22.5,67.1687,1.5,0,0,0,10
3894598423,98.2452,0,0,-98.2452,98.2452,215,11,12.8997,61.8997,1.5,0,0,0,10
3895223274,81.8145,0,0,-81.8145,81.8145,66,6,1.5,16.9339,1.5,0,0,0,10
3900000107,84.338,0,0,-84.338,84.338,107,0,0,0,10,4,-15.5916,27.5916,1.5
3900000177,96.6791,0,0,-96.6791,96.6791,177,0,0,0,10,2,-7.86992,52,1.5
3900250094,83.5047,0,0,-83.5047,83.5047,94,0,0,0,10,7,11.9293,24.5,1.5
3900500093,84.0121,0,0,-84.0121,84.0121,93,0,0,0,10,19,13.0536,22.9464,1.5
3900500100,84.5263,0,0,-84.5263,84.5263,100,0,0,0,10,9,1.4949,27.9949,1.5
3900500107,84.4884,0,0,-84.4884,84.4884,107,0,0,0,10,1,-12,27.8205,1.5
3900500116,85.1191,0,0,-85.1191,85.1191,116,0,0,0,10,16,5.39341,32.8934,1.5
3900500154,96.4248,0,0,-96.4248,96.4248,154,0,0,0,10,13,16.4374,41.4374,1.5
3900500162,94.64,0,0,-94.64,94.64,162,0,0,0,10,20,10.3059,45.8059,1.5
3900500172,95.3054,0,0,-95.3054,95.3054,172,0,0,0,10,5,-22,44.9179,1.5
3900500212,98.6267,0,0,-98.6267,98.6267,212,0,0,0,10,3,-19.4338,59.5,1.5
3900500215,101.436,0,0,-101.436,101.436,215,0,0,0,10,17,28.5,56.1288,1.5
3900500215,98.2452,0,0,-98.2452,98.2452,215,0,0,0,10,11,12.7936,61.7936,1.5
3900500238,96.1291,0,0,-96.1291,96.1291,238,0,0,0,10,10,-1,69.9636,1.5
3900500240,102.813,0,0,-102.813,102.813,240,0,0,0,10,8,-22.5,67.0187,1.5
3900500247,100.225,0,0,-100.225,100.225,247,0,0,0,10,18,31.559,65.559,1.5
3900500248,101.258,0,0,-101.258,101.258,248,0,0,0,10,15,23.9847,68.9847,1.5
3900500249,103.056,0,0,-103.056,103.056,249,0,0,0,10,12,-15.5,71.699,1.5
3900500251,102.317,0,0,-102.317,102.317,251,0,0,0,10,14,-26.186,69.186,1.5
3900508990,81.2649,0,0,-81.2649,81.2649,61,0,0,0,10,6,1.5,16.7839,1.5
3909348423,101.436,0,0,-101.436,101.436,215,17,28.5,56.1288,1.5,0,0,0,10
3911357229,84.0121,0,0,-84.0121,84.0121,93,19,13.0536,22.9464,1.5,0,0,0,10
3912107383,100.225,0,0,-100.225,100.225,247,18,31.559,65.559,1.5,0,0,0,10
3915107298,94.64,0,0,-94.64,94.64,162,20,10.3059,45.8059,1.5,0,0,0,10
3922973315,84.338,0,0,-84.338,84.338,107,4,-15.5916,27.5916,1.5,0,0,0,10
3923973385,96.6791,0,0,-96.6791,96.6791,177,2,-7.86992,52,1.5,0,0,0,10
3930973302,83.5047,0,0,-83.5047,83.5047,94,7,11.9293,24.5,1.5,0,0,0,10
3933357290,96.4248,0,0,-96.4248,96.4248,154,13,16.4374,41.4374,1.5,0,0,0,10
3934357387,102.317,0,0,-102.317,102.317,251,14,-26.186,69.186,1.5,0,0,0,10
3936598456,101.258,0,0,-101.258,101.258,248,15,23.9847,68.9847,1.5,0,0,0,10
3937723420,98.6267,0,0,-98.6267,98.6267,212,3,-19.4338,59.5,1.5,0,0,0,10
3937848308,84.5263,0,0,-84.5263,84.5263,100,9,1.4949,27.9949,1.5,0,0,0,10
3938723457,103.056,0,0,-103.056,103.056,249,12,-15.5,71.699,1.5,0,0,0,10
3939848446,96.1291,0,0,-96.1291,96.1291,238,10,-1,69.9636,1.5,0,0,0,10
3940598324,85.1191,0,0,-85.1191,85.1191,116,16,5.39341,32.8934,1.5,0,0,0,10
3941223315,84.4884,0,0,-84.4884,84.4884,107,1,-12,27.8205,1.5,0,0,0,10
3941348380,95.3054,0,0,-95.3054,95.3054,172,5,-22,44.9179,1.5,0,0,0,10
3941848448,102.813,0,0,-102.813,102.813,240,8,-22.5,67.0187,1.5,0,0,0,10
3944598423,98.2452,0,0,-98.2452,98.2452,215,11,12.7936,61.7936,1.5,0,0,0,10
3945357197,81.2649,0,0,-81.2649,81.2649,61,6,1.5,16.7839,1.5,0,0,0,10
3950000107,84.338,0,0,-84.338,84.338,107,0,0,0,10,4,-15.5916,27.5916,1.5
3950000177,96.6791,0,0,-96.6791,96.6791,177,0,0,0,10,2,-7.86992,52,1.5
3950250094,83.5047,0,0,-83.5047,83.5047,94,0,0,0,10,7,11.9293,24.5,1.5
3950500093,84.0121,0,0,-84.0121,84.0121,93,0,0,0,10,19,13.0536,22.9464,1.5
3950500100,84.5263,0,0,-84.5263,84.5263,100,0,0,0,10,9,1.4949,27.9949,1.5
3950500107,84.4884,0,0,-84.4884,84.4884,107,0,0,0,10,1,-12,27.8205,1.5
3950500116,85.1191,0,0,-85.1191,85.1191,116,0,0,0,10,16,5.39341,32.8934,1.5
3950500154,96.4248,0,0,-96.4248,96.4248,154,0,0,0,10,13,16.4374,41.4374,1.5
3950500162,94.64,0,0,-94.64,94.64,162,0,0,0,10,20,10.3059,45.8059,1.5
3950500172,95.3054,0,0,-95.3054,95.3054,172,0,0,0,10,5,-22,44.9179,1.5
3950500212,98.6267,0,0,-98.6267,98.6267,212,0,0,0,10,3,-19.4338,59.5,1.5
3950500215,101.436,0,0,-101.436,101.436,215,0,0,0,10,17,28.5,56.1288,1.5
3950500215,98.2452,0,0,-98.2452,98.2452,215,0,0,0,10,11,12.7936,61.7936,1.5
3950500238,96.1291,0,0,-96.1291,96.1291,238,0,0,0,10,10,-1,69.9636,1.5
3950500240,102.813,0,0,-102.813,102.813,240,0,0,0,10,8,-22.5,67.0187,1.5
3950500247,100.225,0,0,-100.225,100.225,247,0,0,0,10,18,31.559,65.559,1.5
3950500248,101.258,0,0,-101.258,101.258,248,0,0,0,10,15,23.9847,68.9847,1.5
3950500249,103.056,0,0,-103.056,103.056,249,0,0,0,10,12,-15.5,71.699,1.5
3950500251,102.317,0,0,-102.317,102.317,251,0,0,0,10,14,-26.186,69.186,1.5
3950508990,81.2649,0,0,-81.2649,81.2649,61,0,0,0,10,6,1.5,16.7839,1.5
3959348423,101.436,0,0,-101.436,101.436,215,17,28.5,56.1288,1.5,0,0,0,10
3961982229,84.0121,0,0,-84.0121,84.0121,93,19,13.0536,22.9464,1.5,0,0,0,10
3962857383,100.225,0,0,-100.225,100.225,247,18,31.559,65.559,1.5,0,0,0,10
3965732298,94.64,0,0,-94.64,94.64,162,20,10.3059,45.8059,1.5,0,0,0,10
3972973315,84.338,0,0,-84.338,84.338,107,4,-15.5916,27.5916,1.5,0,0,0,10
3973973385,96.6791,0,0,-96.6791,96.6791,177,2,-7.86992,52,1.5,0,0,0,10
3980973302,83.5047,0,0,-83.5047,83.5047,94,7,11.9293,24.5,1.5,0,0,0,10
3983357290,96.4248,0,0,-96.4248,96.4248,154,13,16.4374,41.4374,1.5,0,0,0,10
3984357387,102.317,0,0,-102.317,102.317,251,14,-26.186,69.186,1.5,0,0,0,10
3986598456,101.258,0,0,-101.258,101.258,248,15,23.9847,68.9847,1.5,0,0,0,10
3987723420,98.6267,0,0,-98.6267,98.6267,212,3,-19.4338,59.5,1.5,0,0,0,10
3987848308,84.5263,0,0,-84.5263,84.5263,100,9,1.4949,27.9949,1.5,0,0,0,10
3988723457,103.056,0,0,-103.056,103.056,249,12,-15.5,71.699,1.5,0,0,0,10
3989848446,96.1291,0,0,-96.1291,96.1291,238,10,-1,69.9636,1.5,0,0,0,10
3990598324,85.1191,0,0,-85.1191,85.1191,116,16,5.39341,32.8934,1.5,0,0,0,10
3991223315,84.4884,0,0,-84.4884,84.4884,107,1,-12,27.8205,1.5,0,0,0,10
3991348380,95.3054,0,0,-95.3054,95.3054,172,5,-22,44.9179,1.5,0,0,0,10
3991848448,102.813,0,0,-102.813,102.813,240,8,-22.5,67.0187,1.5,0,0,0,10
3994598423,98.2452,0,0,-98.2452,98.2452,215,11,12.7936,61.7936,1.5,0,0,0,10
3995607197,81.2649,0,0,-81.2649,81.2649,61,6,1.5,16.7839,1.5,0,0,0,10
4000000107,84.338,0,0,-84.338,84.338,107,0,0,0,10,4,-15.6977,27.6977,1.5
4000000177,96.6791,0,0,-96.6791,96.6791,177,0,0,0,10,2,-8.01992,52,1.5
4000250094,83.5047,0,0,-83.5047,83.5047,94,0,0,0,10,7,12.0793,24.5,1.5
4000500093,84.0121,0,0,-84.0121,84.0121,93,0,0,0,10,19,13.1597,22.8403,1.5
4000500100,84.5263,0,0,-84.5263,84.5263,100,0,0,0,10,9,1.38884,27.8888,1.5
4000500107,84.4884,0,0,-84.4884,84.4884,107,0,0,0,10,1,-12,27.6705,1.5
4000500116,85.1191,0,0,-85.1191,85.1191,116,0,0,0,10,16,5.28734,32.7873,1.5
4000500154,96.4248,0,0,-96.4248,96.4248,154,0,0,0,10,13,16.3314,41.3314,1.5
4000500162,94.64,0,0,-94.64,94.64,162,0,0,0,10,20,10.1999,45.6999,1.5
4000500172,95.3054,0,0,-95.3054,95.3054,172,0,0,0,10,5,-22,44.7679,1.5
4000500212,98.6267,0,0,-98.6267,98.6267,212,0,0,0,10,3,-19.2838,59.5,1.5
4000500215,101.436,0,0,-101.436,101.436,215,0,0,0,10,17,28.5,55.9788,1.5
4000500215,98.2452,0,0,-98.2452,98.2452,215,0,0,0,10,11,12.6875,61.6875,1.5
4000500238,96.1291,0,0,-96.1291,96.1291,238,0,0,0,10,10,-1,69.8136,1.5
4000500240,102.813,0,0,-102.813,102.813,240,0,0,0,10,8,-22.5,66.8687,1.5
4000500247,100.225,0,0,-100.225,100.225,247,0,0,0,10,18,31.4529,65.4529,1.5
4000500248,101.258,0,0,-101.258,101.258,248,0,0,0,10,15,23.8787,68.8787,1.5
4000500249,103.056,0,0,-103.056,103.056,249,0,0,0,10,12,-15.5,71.549,1.5
4000500251,102.317,0,0,-102.317,102.317,251,0,0,0,10,14,-26.0799,69.0799,1.5
4000508990,81.2649,0,0,-81.2649,81.2649,61,0,0,0,10,6,1.5,16.6339,1.5
4009348423,101.436,0,0,-101.436,101.436,215,17,28.5,55.9788,1.5,0,0,0,10
4012098301,84.0121,0,0,-84.0121,84.0121,93,19,13.1597,22.8403,1.5,0,0,0,10
4013348455,100.225,0,0,-100.225,100.225,247,18,31.4529,65.4529,1.5,0,0,0,10
4016223370,94.64,0,0,-94.64,94.64,162,20,10.1999,45.6999,1.5,0,0,0,10
4022973315,84.338,0,0,-84.338,84.338,107,4,-15.6977,27.6977,1.5,0,0,0,10
4023973385,96.6791,0,0,-96.6791,96.6791,177,2,-8.01992,52,1.5,0,0,0,10
4030973302,83.5047,0,0,-83.5047,83.5047,94,7,12.0793,24.5,1.5,0,0,0,10
4033357290,96.4248,0,0,-96.4248,96.4248,154,13,16.3314,41.3314,1.5,0,0,0,10
4034357387,102.317,0,0,-102.317,102.317,251,14,-26.0799,69.0799,1.5,0,0,0,10
4036598456,101.258,0,0,-101.258,101.258,248,15,23.8787,68.8787,1.5,0,0,0,10
4037723420,98.6267,0,0,-98.6267,98.6267,212,3,-19.2838,59.5,1.5,0,0,0,10
4037848308,84.5263,0,0,-84.5263,84.5263,100,9,1.38884,27.8888,1.5,0,0,0,10
4038723457,103.056,0,0,-103.056,103.056,249,12,-15.5,71.549,1.5,0,0,0,10
4039848446,96.1291,0,0,-96.1291,96.1291,238,10,-1,69.8136,1.5,0,0,0,10
4040598324,85.1191,0,0,-85.1191,85.1191,116,16,5.28734,32.7873,1.5,0,0,0,10
4041223315,84.4884,0,0,-84.4884,84.4884,107,1,-12,27.6705,1.5,0,0,0,10
4041348380,95.3054,0,0,-95.3054,95.3054,172,5,-22,44.7679,1.5,0,0,0,10
4041848448,102.813,0,0,-102.813,102.813,240,8,-22.5,66.8687,1.5,0,0,0,10
4044598423,98.2452,0,0,-98.2452,98.2452,215,11,12.6875,61.6875,1.5,0,0,0,10
4045982197,81.2649,0,0,-81.2649,81.2649,61,6,1.5,16.6339,1.5,0,0,0,10
4050000107,84.338,0,0,-84.338,84.338,107,0,0,0,10,4,-15.6977,27.6977,1.5
4050000177,96.6791,0,0,-96.6791,96.6791,177,0,0,0,10,2,-8.01992,52,1.5
4050250094,83.5047,0,0,-83.5047,83.5047,94,0,0,0,10,7,12.0793,24.5,1.5
4050500093,84.0121,0,0,-84.0121,84.0121,93,0,0,0,10,19,13.1597,22.8403,1.5
4050500100,84.5263,0,0,-84.5263,84.5263,100,0,0,0,10,9,1.38884,27.8888,1.5
4050500107,84.4884,0,0,-84.4884,84.4884,107,0,0,0,10,1,-12,27.6705,1.5
4050500116,85.1191,0,0,-85.1191,85.1191,116,0,0,0,10,16,5.28734,32.7873,1.5
4050500154,96.4248,0,0,-96.4248,96.4248,154,0,0,0,10,13,16.3314,41.3314,1.5
4050500162,94.64,0,0,-94.64,94.64,162,0,0,0,10,20,10.1999,45.6999,1.5
4050500172,95.3054,0,0,-95.3054,95.3054,172,0,0,0,10,5,-22,44.7679,1.5
4050500212,98.6267,0,0,-98.6267,98.6267,212,0,0,0,10,3,-19.2838,59.5,1.5
4050500215,101.436,0,0,-101.436,101.436,215,0,0,0,10,17,28.5,55.9788,1.5
4050500215,98.2452,0,0,-98.2452,98.2452,215,0,0,0,10,11,12.6875,61.6875,1.5
4050500238,96.1291,0,0,-96.1291,96.1291,238,0,0,0,10,10,-1,69.8136,1.5
4050500240,102.813,0,0,-102.813,102.813,240,0,0,0,10,8,-22.5,66.8687,1.5
4050500247,100.225,0,0,-100.225,100.225,247,0,0,0,10,18,31.4529,65.4529,1.5
4050500248,101.258,0,0,-101.258,101.258,248,0,0,0,10,15,23.8787,68.8787,1.5
4050500249,103.056,0,0,-103.056,103.056,249,0,0,0,10,12,-15.5,71.549,1.5
4050500251,102.317,0,0,-102.317,102.317,251,0,0,0,10,14,-26.0799,69.0799,1.5
4050508990,81.2649,0,0,-81.2649,81.2649,61,0,0,0,10,6,1.5,16.6339,1.5
4059348423,101.436,0,0,-101.436,101.436,215,17,28.5,55.9788,1.5,0,0,0,10
4062098301,84.0121,0,0,-84.0121,84.0121,93,19,13.1597,22.8403,1.5,0,0,0,10
4063348455,100.225,0,0,-100.225,100.225,247,18,31.4529,65.4529,1.5,0,0,0,10
4066223370,94.64,0,0,-94.64,94.64,162,20,10.1999,45.6999,1.5,0,0,0,10
4072973315,84.338,0,0,-84.338,84.338,107,4,-15.6977,27.6977,1.5,0,0,0,10
4073973385,96.6791,0,0,-96.6791,96.6791,177,2,-8.01992,52,1.5,0,0,0,10
4080973302,83.5047,0,0,-83.5047,83.5047,94,7,12.0793,24.5,1.5,0,0,0,10
4083357290,96.4248,0,0,-96.4248,96.4248,154,13,16.3314,41.3314,1.5,0,0,0,10
4084357387,102.317,0,0,-102.317,102.317,251,14,-26.0799,69.0799,1.5,0,0,0,10
4086598456,101.258,0,0,-101.258,101.258,248,15,23.8787,68.8787,1.5,0,0,0,10
4087723420,98.6267,0,0,-98.6267,98.6267,212,3,-19.2838,59.5,1.5,0,0,0,10
4087848308,84.5263,0,0,-84.5263,84.5263,100,9,1.38884,27.8888,1.5,0,0,0,10
4088723457,103.056,0,0,-103.056,103.056,249,12,-15.5,71.549,1.5,0,0,0,10
4089848446,96.1291,0,0,-96.1291,96.1291,238,10,-1,69.8136,1.5,0,0,0,10
4090598324,85.1191,0,0,-85.1191,85.1191,116,16,5.28734,32.7873,1.5,0,0,0,10
4091223315,84.4884,0,0,-84.4884,84.4884,107,1,-12,27.6705,1.5,0,0,0,10
4091348380,95.3054,0,0,-95.3054,95.3054,172,5,-22,44.7679,1.5,0,0,0,10
4091848448,102.813,0,0,-102.813,102.813,240,8,-22.5,66.8687,1.5,0,0,0,10
4094598423,98.2452,0,0,-98.2452,98.2452,215,11,12.6875,61.6875,1.5,0,0,0,10
4096357197,81.2649,0,0,-81.2649,81.2649,61,6,1.5,16.6339,1.5,0,0,0,10
4100000107,84.338,0,0,-84.338,84.338,107,0,0,0,10,4,-15.8037,27.8037,1.5
4100000177,96.6791,0,0,-96.6791,96.6791,177,0,0,0,10,2,-8.16992,52,1.5
4100250094,83.5047,0,0,-83.5047,83.5047,94,0,0,0,10,7,12.2293,24.5,1.5
4100500093,84.0121,0,0,-84.0121,84.0121,93,0,0,0,10,19,13.2657,22.7343,1.5
4100500100,84.5263,0,0,-84.5263,84.5263,100,0,0,0,10,9,1.28277,27.7828,1.5
4100500107,84.4884,0,0,-84.4884,84.4884,107,0,0,0,10,1,-12,27.5205,1.5
4100500116,85.1191,0,0,-85.1191,85.1191,116,0,0,0,10,16,5.18128,32.6813,1.5
4100500154,96.4248,0,0,-96.4248,96.4248,154,0,0,0,10,13,16.2253,41.2253,1.5
4100500162,94.64,0,0,-94.64,94.64,162,0,0,0,10,20,10.0938,45.5938,1.5
4100500172,95.3054,0,0,-95.3054,95.3054,172,0,0,0,10,5,-22,44.6179,1.5
4100500212,98.6267,0,0,-98.6267,98.6267,212,0,0,0,10,3,-19.1338,59.5,1.5
4100500215,101.436,0,0,-101.436,101.436,215,0,0,0,10,17,28.5,55.8288,1.5
4100500215,98.2452,0,0,-98.2452,98.2452,215,0,0,0,10,11,12.5815,61.5815,1.5
4100500238,96.1291,0,0,-96.1291,96.1291,238,0,0,0,10,10,-1,69.6636,1.5
4100500240,102.813,0,0,-102.813,102.813,240,0,0,0,10,8,-22.5,66.7187,1.5
4100500247,100.225,0,0,-100.225,100.225,247,0,0,0,10,18,31.3468,65.3468,1.5
4100500248,101.258,0,0,-101.258,101.258,248,0,0,0,10,15,23.7726,68.7726,1.5
4100500249,103.056,0,0,-103.056,103.056,249,0,0,0,10,12,-15.5,71.399,1.5
4100500251,102.317,0,0,-102.317,102.317,251,0,0,0,10,14,-25.9739,68.9739,1.5
4100508990,81.2649,0,0,-81.2649,81.2649,61,0,0,0,10,6,1.5,16.4839,1.5
4109348423,101.436,0,0,-101.436,101.436,215,17,28.5,55.8288,1.5,0,0,0,10
4112098301,84.0121,0,0,-84.0121,84.0121,93,19,13.2657,22.7343,1.5,0,0,0,10
4113348455,100.225,0,0,-100.225,100.225,247,18,31.3468,65.3468,1.5,0,0,0,10
4116223370,94.64,0,0,-94.64,94.64,162,20,10.0938,45.5938,1.5,0,0,0,10
4122973315,84.338,0,0,-84.338,84.338,107,4,-15.8037,27.8037,1.5,0,0,0,10
4123973385,96.6791,0,0,-96.6791,96.6791,177,2,-8.16992,52,1.5,0,0,0,10
4130973302,83.5047,0,0,-83.5047,83.5047,94,7,12.2293,24.5,1.5,0,0,0,10
4133357290,96.4248,0,0,-96.4248,96.4248,154,13,16.2253,41.2253,1.5,0,0,0,10
4134357387,102.317,0,0,-102.317,102.317,251,14,-25.9739,68.9739,1.5,0,0,0,10
4136598456,101.258,0,0,-101.258,101.258,248,15,23.7726,68.7726,1.5,0,0,0,10
4137723420,98.6267,0,0,-98.6267,98.6267,212,3,-19.1338,59.5,1.5,0,0,0,10
4137848308,84.5263,0,0,-84.5263,84.5263,100,9,1.28277,27.7828,1.5,0,0,0,10
4138723457,103.056,0,0,-103.056,103.056,249,12,-15.5,71.399,1.5,0,0,0,10
4139848446,96.1291,0,0,-96.1291,96.1291,238,10,-1,69.6636,1.5,0,0,0,10
4140598324,85.1191,0,0,-85.1191,85.1191,116,16,5.18128,32.6813,1.5,0,0,0,10
4141223315,84.4884,0,0,-84.4884,84.4884,107,1,-12,27.5205,1.5,0,0,0,10
4141348380,95.3054,0,0,-95.3054,95.3054,172,5,-22,44.6179,1.5,0,0,0,10
4141848448,102.813,0,0,-102.813,102.813,240,8,-22.5,66.7187,1.5,0,0,0,10
4144598423,98.2452,0,0,-98.2452,98.2452,215,11,12.5815,61.5815,1.5,0,0,0,10
4146857197,81.2649,0,0,-81.2649,81.2649,61,6,1.5,16.4839,1.5,0,0,0,10
4150000107,84.338,0,0,-84.338,84.338,107,0,0,0,10,4,-15.8037,27.8037,1.5
4150000177,96.6791,0,0,-96.6791,96.6791,177,0,0,0,10,2,-8.16992,52,1.5
4150250094,83.5047,0,0,-83.5047,83.5047,94,0,0,0,10,7,12.2293,24.5,1.5
4150625061,81.2649,0,0,-81.2649,81.2649,61,0,0,0,10,6,1.5,16.4839,1.5
4150625093,84.0121,0,0,-84.0121,84.0121,93,0,0,0,10,19,13.2657,22.7343,1.5
4150625100,84.5263,0,0,-84.5263,84.5263,100,0,0,0,10,9,1.28277,27.7828,1.5
4150625107,84.4884,0,0,-84.4884,84.4884,107,0,0,0,10,1,-12,27.5205,1.5
4150625116,85.1191,0,0,-85.1191,85.1191,116,0,0,0,10,16,5.18128,32.6813,1.5
4150625154,96.4248,0,0,-96.4248,96.4248,154,0,0,0,10,13,16.2253,41.2253,1.5
4150625162,94.64,0,0,-94.64,94.64,162,0,0,0,10,20,10.0938,45.5938,1.5
4150625172,95.3054,0,0,-95.3054,95.3054,172,0,0,0,10,5,-22,44.6179,1.5
4150625212,98.6267,0,0,-98.6267,98.6267,212,0,0,0,10,3,-19.1338,59.5,1.5
4150625215,101.436,0,0,-101.436,101.436,215,0,0,0,10,17,28.5,55.8288,1.5
4150625215,98.2452,0,0,-98.2452,98.2452,215,0,0,0,10,11,12.5815,61.5815,1.5
4150625238,96.1291,0,0,-96.1291,96.1291,238,0,0,0,10,10,-1,69.6636,1.5
4150625240,102.813,0,0,-102.813,102.813,240,0,0,0,10,8,-22.5,66.7187,1.5
4150625247,100.225,0,0,-100.225,100.225,247,0,0,0,10,18,31.3468,65.3468,1.5
4150625248,101.258,0,0,-101.258,101.258,248,0,0,0,10,15,23.7726,68.7726,1.5
4150625249,103.056,0,0,-103.056,103.056,249,0,0,0,10,12,-15.5,71.399,1.5
4150625251,102.317,0,0,-102.317,102.317,251,0,0,0,10,14,-25.9739,68.9739,1.5
4159348423,101.436,0,0,-101.436,101.436,215,17,28.5,55.8288,1.5,0,0,0,10
4162098301,84.0121,0,0,-84.0121,84.0121,93,19,13.2657,22.7343,1.5,0,0,0,10
4163348455,100.225,0,0,-100.225,100.225,247,18,31.3468,65.3468,1.5,0,0,0,10
4166223370,94.64,0,0,-94.64,94.64,162,20,10.0938,45.5938,1.5,0,0,0,10
4172973315,84.338,0,0,-84.338,84.338,107,4,-15.8037,27.8037,1.5,0,0,0,10
4173973385,96.6791,0,0,-96.6791,96.6791,177,2,-8.16992,52,1.5,0,0,0,10
4180973302,83.5047,0,0,-83.5047,83.5047,94,7,12.2293,24.5,1.5,0,0,0,10
4183357290,96.4248,0,0,-96.4248,96.4248,154,13,16.2253,41.2253,1.5,0,0,0,10
4184357387,102.317,0,0,-102.317,102.317,251,14,-25.9739,68.9739,1.5,0,0,0,10
4186598456,101.258,0,0,-101.258,101.258,248,15,23.7726,68.7726,1.5,0,0,0,10
4187723420,98.6267,0,0,-98.6267,98.6267,212,3,-19.1338,59.5,1.5,0,0,0,10
4187848308,84.5263,0,0,-84.5263,84.5263,100,9,1.28277,27.7828,1.5,0,0,0,10
4188723457,103.056,0,0,-103.056,103.056,249,12,-15.5,71.399,1.5,0,0,0,10
4189848446,96.1291,0,0,-96.1291,96.1291,238,10,-1,69.6636,1.5,0,0,0,10
4190598324,85.1191,0,0,-85.1191,85.1191,116,16,5.18128,32.6813,1.5,0,0,0,10
4191223315,84.4884,0,0,-84.4884,84.4884,107,1,-12,27.5205,1.5,0,0,0,10
4191348380,95.3054,0,0,-95.3054,95.3054,172,5,-22,44.6179,1.5,0,0,0,10
4191848448,102.813,0,0,-102.813,102.813,240,8,-22.5,66.7187,1.5,0,0,0,10
4194598423,98.2452,0,0,-98.2452,98.2452,215,11,12.5815,61.5815,1.5,0,0,0,10
4197232197,81.2649,0,0,-81.2649,81.2649,61,6,1.5,16.4839,1.5,0,0,0,10
4200000111,87.8978,0,0,-87.8978,87.8978,111,0,0,0,10,4,-15.9098,27.9098,1.5
4200000178,95.5851,0,0,-95.5851,95.5851,178,0,0,0,10,2,-8.31992,52,1.5
4200250096,83.6201,0,0,-83.6201,83.6201,96,0,0,0,10,7,12.3793,24.5,1.5
4200625062,81.3013,0,0,-81.3013,81.3013,62,0,0,0,10,6,1.5,16.3339,1.5
4200634021,83.2176,0,0,-83.2176,83.2176,92,0,0,0,10,19,13.3718,22.6282,1.5
4200634026,83.5338,0,0,-83.5338,83.5338,97,0,0,0,10,9,1.1767,27.6767,1.5
4200634033,83.8674,0,0,-83.8674,83.8674,104,0,0,0,10,1,-12,27.3705,1.5
4200634043,84.5989,0,0,-84.5989,84.5989,114,0,0,0,10,16,5.07521,32.5752,1.5
4200634079,95.6124,0,0,-95.6124,95.6124,150,0,0,0,10,13,16.1192,41.1192,1.5
4200634087,95.1235,0,0,-95.1235,95.1235,158,0,0,0,10,20,9.98773,45.4877,1.5
4200634097,94.8338,0,0,-94.8338,94.8338,168,0,0,0,10,5,-22,44.4679,1.5
4200634139,100.507,0,0,-100.507,100.507,210,0,0,0,10,3,-18.9838,59.5,1.5
4200634140,100.42,0,0,-100.42,100.42,211,0,0,0,10,17,28.5,55.6788,1.5
4200634140,96.9414,0,0,-96.9414,96.9414,211,0,0,0,10,11,12.5,61.4652,1.5
4200634163,96.1052,0,0,-96.1052,96.1052,234,0,0,0,10,10,-1,69.5136,1.5
4200634165,100.255,0,0,-100.255,100.255,236,0,0,0,10,8,-22.5,66.5687,1.5
4200634172,102.384,0,0,-102.384,102.384,243,0,0,0,10,18,31.2408,65.2408,1.5
4200634173,103.825,0,0,-103.825,103.825,244,0,0,0,10,15,23.6665,68.6665,1.5
4200634174,101.937,0,0,-101.937,101.937,245,0,0,0,10,12,-15.5,71.249,1.5
4200634176,100.417,0,0,-100.417,100.417,247,0,0,0,10,14,-25.8678,68.8678,1.5
4209973420,100.42,0,0,-100.42,100.42,211,17,28.5,55.6788,1.5,0,0,0,10
4212232228,83.2176,0,0,-83.2176,83.2176,92,19,13.3718,22.6282,1.5,0,0,0,10
4213982379,102.384,0,0,-102.384,102.384,243,18,31.2408,65.2408,1.5,0,0,0,10
4216857294,95.1235,0,0,-95.1235,95.1235,158,20,9.98773,45.4877,1.5,0,0,0,10
4222973319,87.8978,0,0,-87.8978,87.8978,111,4,-15.9098,27.9098,1.5,0,0,0,10
4223973386,95.5851,0,0,-95.5851,95.5851,178,2,-8.31992,52,1.5,0,0,0,10
4230973304,83.6201,0,0,-83.6201,83.6201,96,7,12.3793,24.5,1.5,0,0,0,10
4233482286,95.6124,0,0,-95.6124,95.6124,150,13,16.1192,41.1192,1.5,0,0,0,10
4234482383,100.417,0,0,-100.417,100.417,247,14,-25.8678,68.8678,1.5,0,0,0,10
4236732380,103.825,0,0,-103.825,103.825,244,15,23.6665,68.6665,1.5,0,0,0,10
4237857346,100.507,0,0,-100.507,100.507,210,3,-18.9838,59.5,1.5,0,0,0,10
4238732233,83.5338,0,0,-83.5338,83.5338,97,9,1.1767,27.6767,1.5,0,0,0,10
4238857381,101.937,0,0,-101.937,101.937,245,12,-15.5,71.249,1.5,0,0,0,10
4240857250,84.5989,0,0,-84.5989,84.5989,114,16,5.07521,32.5752,1.5,0,0,0,10
4241107370,96.1052,0,0,-96.1052,96.1052,234,10,-1,69.5136,1.5,0,0,0,10
4241732240,83.8674,0,0,-83.8674,83.8674,104,1,-12,27.3705,1.5,0,0,0,10
4242232372,100.255,0,0,-100.255,100.255,236,8,-22.5,66.5687,1.5,0,0,0,10
4242357304,94.8338,0,0,-94.8338,94.8338,168,5,-22,44.4679,1.5,0,0,0,10
4244857347,96.9414,0,0,-96.9414,96.9414,211,11,12.5,61.4652,1.5,0,0,0,10
4247607198,81.3013,0,0,-81.3013,81.3013,62,6,1.5,16.3339,1.5,0,0,0,10
4250000111,87.8978,0,0,-87.8978,87.8978,111,0,0,0,10,4,-15.9098,27.9098,1.5
4250000178,95.5851,0,0,-95.5851,95.5851,178,0,0,0,10,2,-8.31992,52,1.5
4250250096,83.6201,0,0,-83.6201,83.6201,96,0,0,0,10,7,12.3793,24.5,1.5
4250625062,81.3013,0,0,-81.3013,81.3013,62,0,0,0,10,6,1.5,16.3339,1.5
4250634021,83.2176,0,0,-83.2176,83.2176,92,0,0,0,10,19,13.3718,22.6282,1.5
4250634026,83.5338,0,0,-83.5338,83.5338,97,0,0,0,10,9,1.1767,27.6767,1.5
4250634033,83.8674,0,0,-83.8674,83.8674,104,0,0,0,10,1,-12,27.3705,1.5
4250634043,84.5989,0,0,-84.5989,84.5989,114,0,0,0,10,16,5.07521,32.5752,1.5
4250634079,95.6124,0,0,-95.6124,95.6124,150,0,0,0,10,13,16.1192,41.1192,1.5
4250634087,95.1235,0,0,-95.1235,95.1235,158,0,0,0,10,20,9.98773,45.4877,1.5
4250634097,94.8338,0,0,-94.8338,94.8338,168,0,0,0,10,5,-22,44.4679,1.5
4250634139,100.507,0,0,-100.507,100.507,210,0,0,0,10,3,-18.9838,59.5,1.5
4250634140,100.42,0,0,-100.42,100.42,211,0,0,0,10,17,28.5,55.6788,1.5
4250634140,96.9414,0,0,-96.9414,96.9414,211,0,0,0,10,11,12.5,61.4652,1.5
4250634163,96.1052,0,0,-96.1052,96.1052,234,0,0,0,10,10,-1,69.5136,1.5
4250634165,100.255,0,0,-100.255,100.255,236,0,0,0,10,8,-22.5,66.5687,1.5
4250634172,102.384,0,0,-102.384,102.384,243,0,0,0,10,18,31.2408,65.2408,1.5
4250634173,103.825,0,0,-103.825,103.825,244,0,0,0,10,15,23.6665,68.6665,1.5
4250634174,101.937,0,0,-101.937,101.937,245,0,0,0,10,12,-15.5,71.249,1.5
4250634176,100.417,0,0,-100.417,100.417,247,0,0,0,10,14,-25.8678,68.8678,1.5
4262732228,83.2176,0,0,-83.2176,83.2176,92,19,13.3718,22.6282,1.5,0,0,0,10
4263482347,100.42,0,0,-100.42,100.42,211,17,28.5,55.6788,1.5,0,0,0,10
4264607379,102.384,0,0,-102.384,102.384,243,18,31.2408,65.2408,1.5,0,0,0,10
4267607294,95.1235,0,0,-95.1235,95.1235,158,20,9.98773,45.4877,1.5,0,0,0,10
4272973319,87.8978,0,0,-87.8978,87.8978,111,4,-15.9098,27.9098,1.5,0,0,0,10
4273973386,95.5851,0,0,-95.5851,95.5851,178,2,-8.31992,52,1.5,0,0,0,10
4280973304,83.6201,0,0,-83.6201,83.6201,96,7,12.3793,24.5,1.5,0,0,0,10
4283482286,95.6124,0,0,-95.6124,95.6124,150,13,16.1192,41.1192,1.5,0,0,0,10
4284482383,100.417,0,0,-100.417,100.417,247,14,-25.8678,68.8678,1.5,0,0,0,10
4286982380,103.825,0,0,-103.825,103.825,244,15,23.6665,68.6665,1.5,0,0,0,10
4288107346,100.507,0,0,-100.507,100.507,210,3,-18.9838,59.5,1.5,0,0,0,10
4288857233,83.5338,0,0,-83.5338,83.5338,97,9,1.1767,27.6767,1.5,0,0,0,10
4288982381,101.937,0,0,-101.937,101.937,245,12,-15.5,71.249,1.5,0,0,0,10
4291232250,84.5989,0,0,-84.5989,84.5989,114,16,5.07521,32.5752,1.5,0,0,0,10
4291482370,96.1052,0,0,-96.1052,96.1052,234,10,-1,69.5136,1.5,0,0,0,10
4292107240,83.8674,0,0,-83.8674,83.8674,104,1,-12,27.3705,1.5,0,0,0,10
4292607372,100.255,0,0,-100.255,100.255,236,8,-22.5,66.5687,1.5,0,0,0,10
4292857304,94.8338,0,0,-94.8338,94.8338,168,5,-22,44.4679,1.5,0,0,0,10
4295232347,96.9414,0,0,-96.9414,96.9414,211,11,12.5,61.4652,1.5,0,0,0,10
4297982198,81.3013,0,0,-81.3013,81.3013,62,6,1.5,16.3339,1.5,0,0,0,10
4300000111,87.8978,0,0,-87.8978,87.8978,111,0,0,0,10,4,-16.0159,28.0159,1.5
4300000178,95.5851,0,0,-95.5851,95.5851,178,0,0,0,10,2,-8.46992,52,1.5
4300250096,83.6201,0,0,-83.6201,83.6201,96,0,0,0,10,7,12.5293,24.5,1.5
4300625062,81.3013,0,0,-81.3013,81.3013,62,0,0,0,10,6,1.5,16.1839,1.5
4300634021,83.2176,0,0,-83.2176,83.2176,92,0,0,0,10,19,13.4779,22.5221,1.5
4300634026,83.5338,0,0,-83.5338,83.5338,97,0,0,0,10,9,1.07064,27.5706,1.5
4300634033,83.8674,0,0,-83.8674,83.8674,104,0,0,0,10,1,-12,27.2205,1.5
4300634043,84.5989,0,0,-84.5989,84.5989,114,0,0,0,10,16,4.95636,32.5,1.5
4300634079,95.6124,0,0,-95.6124,95.6124,150,0,0,0,10,13,16.0132,41.0132,1.5
4300634087,95.1235,0,0,-95.1235,95.1235,158,0,0,0,10,20,9.88166,45.3817,1.5
4300634097,94.8338,0,0,-94.8338,94.8338,168,0,0,0,10,5,-22,44.3179,1.5
4300634139,100.507,0,0,-100.507,100.507,210,0,0,0,10,3,-18.8338,59.5,1.5
4300634140,100.42,0,0,-100.42,100.42,211,0,0,0,10,17,28.5,55.5288,1.5
4300634140,96.9414,0,0,-96.9414,96.9414,211,0,0,0,10,11,12.5,61.3152,1.5
4300634163,96.1052,0,0,-96.1052,96.1052,234,0,0,0,10,10,-1,69.3636,1.5
4300634165,100.255,0,0,-100.255,100.255,236,0,0,0,10,8,-22.5,66.4187,1.5
4300634172,102.384,0,0,-102.384,102.384,243,0,0,0,10,18,31.1347,65.1347,1.5
4300634173,103.825,0,0,-103.825,103.825,244,0,0,0,10,15,23.5605,68.5605,1.5
4300634174,101.937,0,0,-101.937,101.937,245,0,0,0,10,12,-15.5,71.099,1.5
4300634176,100.417,0,0,-100.417,100.417,247,0,0,0,10,14,-25.7617,68.7617,1.5
4313357228,83.2176,0,0,-83.2176,83.2176,92,19,13.4779,22.5221,1.5,0,0,0,10
4313964492,100.42,0,0,-100.42,100.42,211,17,28.5,55.5288,1.5,0,0,0,10
4315357379,102.384,0,0,-102.384,102.384,243,18,31.1347,65.1347,1.5,0,0,0,10
4317857294,95.1235,0,0,-95.1235,95.1235,158,20,9.88166,45.3817,1.5,0,0,0,10
4322973319,87.8978,0,0,-87.8978,87.8978,111,4,-16.0159,28.0159,1.5,0,0,0,10
4323973386,95.5851,0,0,-95.5851,95.5851,178,2,-8.46992,52,1.5,0,0,0,10
4330973304,83.6201,0,0,-83.6201,83.6201,96,7,12.5293,24.5,1.5,0,0,0,10
4333482286,95.6124,0,0,-95.6124,95.6124,150,13,16.0132,41.0132,1.5,0,0,0,10
4334482383,100.417,0,0,-100.417,100.417,247,14,-25.7617,68.7617,1.5,0,0,0,10
4337357380,103.825,0,0,-103.825,103.825,244,15,23.5605,68.5605,1.5,0,0,0,10
4338482346,100.507,0,0,-100.507,100.507,210,3,-18.8338,59.5,1.5,0,0,0,10
4339107233,83.5338,0,0,-83.5338,83.5338,97,9,1.07064,27.5706,1.5,0,0,0,10
4339357381,101.937,0,0,-101.937,101.937,245,12,-15.5,71.099,1.5,0,0,0,10
4341607250,84.5989,0,0,-84.5989,84.5989,114,16,4.95636,32.5,1.5,0,0,0,10
4341857370,96.1052,0,0,-96.1052,96.1052,234,10,-1,69.3636,1.5,0,0,0,10
4342482240,83.8674,0,0,-83.8674,83.8674,104,1,-12,27.2205,1.5,0,0,0,10
4342982372,100.255,0,0,-100.255,100.255,236,8,-22.5,66.4187,1.5,0,0,0,10
4343232304,94.8338,0,0,-94.8338,94.8338,168,5,-22,44.3179,1.5,0,0,0,10
4345732347,96.9414,0,0,-96.9414,96.9414,211,11,12.5,61.3152,1.5,0,0,0,10
4348357198,81.3013,0,0,-81.3013,81.3013,62,6,1.5,16.1839,1.5,0,0,0,10
4350000111,87.8978,0,0,-87.8978,87.8978,111,0,0,0,10,4,-16.0159,28.0159,1.5
4350000178,95.5851,0,0,-95.5851,95.5851,178,0,0,0,10,2,-8.46992,52,1.5
4350250096,83.6201,0,0,-83.6201,83.6201,96,0,0,0,10,7,12.5293,24.5,1.5
4350625062,81.3013,0,0,-81.3013,81.3013,62,0,0,0,10,6,1.5,16.1839,1.5
4350634021,83.2176,0,0,-83.2176,83.2176,92,0,0,0,10,19,13.4779,22.5221,1.5
4350634026,83.5338,0,0,-83.5338,83.5338,97,0,0,0,10,9,1.07064,27.5706,1.5
4350634033,83.8674,0,0,-83.8674,83.8674,104,0,0,0,10,1,-12,27.2205,1.5
4350634043,84.5989,0,0,-84.5989,84.5989,114,0,0,0,10,16,4.95636,32.5,1.5
4350634079,95.6124,0,0,-95.6124,95.6124,150,0,0,0,10,13,16.0132,41.0132,1.5
4350634087,95.1235,0,0,-95.1235,95.1235,158,0,0,0,10,20,9.88166,45.3817,1.5
4350634097,94.8338,0,0,-94.8338,94.8338,168,0,0,0,10,5,-22,44.3179,1.5
4350634139,100.507,0,0,-100.507,100.507,210,0,0,0,10,3,-18.8338,59.5,1.5
4350634140,100.42,0,0,-100.42,100.42,211,0,0,0,10,17,28.5,55.5288,1.5
4350634140,96.9414,0,0,-96.9414,96.9414,211,0,0,0,10,11,12.5,61.3152,1.5
4350634163,96.1052,0,0,-96.1052,96.1052,234,0,0,0,10,10,-1,69.3636,1.5
4350634165,100.255,0,0,-100.255,100.255,236,0,0,0,10,8,-22.5,66.4187,1.5
4350634172,102.384,0,0,-102.384,102.384,243,0,0,0,10,18,31.1347,65.1347,1.5
4350634173,103.825,0,0,-103.825,103.825,244,0,0,0,10,15,23.5605,68.5605,1.5
4350634174,101.937,0,0,-101.937,101.937,245,0,0,0,10,12,-15.5,71.099,1.5
4350634176,100.417,0,0,-100.417,100.417,247,0,0,0,10,14,-25.7617,68.7617,1.5
4364107228,83.2176,0,0,-83.2176,83.2176,92,19,13.4779,22.5221,1.5,0,0,0,10
4365982379,102.384,0,0,-102.384,102.384,243,18,31.1347,65.1347,1.5,0,0,0,10
4367482347,100.42,0,0,-100.42,100.42,211,17,28.5,55.5288,1.5,0,0,0,10
4367857294,95.1235,0,0,-95.1235,95.1235,158,20,9.88166,45.3817,1.5,0,0,0,10
4372973319,87.8978,0,0,-87.8978,87.8978,111,4,-16.0159,28.0159,1.5,0,0,0,10
4373973386,95.5851,0,0,-95.5851,95.5851,178,2,-8.46992,52,1.5,0,0,0,10
4380973304,83.6201,0,0,-83.6201,83.6201,96,7,12.5293,24.5,1.5,0,0,0,10
4383482286,95.6124,0,0,-95.6124,95.6124,150,13,16.0132,41.0132,1.5,0,0,0,10
4384482383,100.417,0,0,-100.417,100.417,247,14,-25.7617,68.7617,1.5,0,0,0,10
4387857380,103.825,0,0,-103.825,103.825,244,15,23.5605,68.5605,1.5,0,0,0,10
4388982346,100.507,0,0,-100.507,100.507,210,3,-18.8338,59.5,1.5,0,0,0,10
4389732381,101.937,0,0,-101.937,101.937,245,12,-15.5,71.099,1.5,0,0,0,10
4389982233,83.5338,0,0,-83.5338,83.5338,97,9,1.07064,27.5706,1.5,0,0,0,10
4392107250,84.5989,0,0,-84.5989,84.5989,114,16,4.95636,32.5,1.5,0,0,0,10
4392357370,96.1052,0,0,-96.1052,96.1052,234,10,-1,69.3636,1.5,0,0,0,10
4392857240,83.8674,0,0,-83.8674,83.8674,104,1,-12,27.2205,1.5,0,0,0,10
4393357372,100.255,0,0,-100.255,100.255,236,8,-22.5,66.4187,1.5,0,0,0,10
4393607304,94.8338,0,0,-94.8338,94.8338,168,5,-22,44.3179,1.5,0,0,0,10
4396107347,96.9414,0,0,-96.9414,96.9414,211,11,12.5,61.3152,1.5,0,0,0,10
4398857198,81.3013,0,0,-81.3013,81.3013,62,6,1.5,16.1839,1.5,0,0,0,10
4400000111,87.8978,0,0,-87.8978,87.8978,111,0,0,0,10,4,-16.1219,28.1219,1.5
4400000178,95.5851,0,0,-95.5851,95.5851,178,0,0,0,10,2,-8.61992,52,1.5
4400250096,83.6201,0,0,-83.6201,83.6201,96,0,0,0,10,7,12.6793,24.5,1.5
4400625062,81.3013,0,0,-81.3013,81.3013,62,0,0,0,10,6,1.5,16.0339,1.5
4400634021,83.2176,0,0,-83.2176,83.2176,92,0,0,0,10,19,13.5839,22.4161,1.5
4400634026,83.5338,0,0,-83.5338,83.5338,97,0,0,0,10,9,0.964571,27.4646,1.5
4400634033,83.8674,0,0,-83.8674,83.8674,104,0,0,0,10,1,-12,27.0705,1.5
4400634043,84.5989,0,0,-84.5989,84.5989,114,0,0,0,10,16,4.80636,32.5,1.5
4400634079,95.6124,0,0,-95.6124,95.6124,150,0,0,0,10,13,15.9071,40.9071,1.5
4400634087,95.1235,0,0,-95.1235,95.1235,158,0,0,0,10,20,9.7756,45.2756,1.5
4400634097,94.8338,0,0,-94.8338,94.8338,168,0,0,0,10,5,-22,44.1679,1.5
4400634139,100.507,0,0,-100.507,100.507,210,0,0,0,10,3,-18.6838,59.5,1.5
4400634140,100.42,0,0,-100.42,100.42,211,0,0,0,10,17,28.5,55.3788,1.5
4400634140,96.9414,0,0,-96.9414,96.9414,211,0,0,0,10,11,12.5,61.1652,1.5
4400634163,96.1052,0,0,-96.1052,96.1052,234,0,0,0,10,10,-1,69.2136,1.5
4400634165,100.255,0,0,-100.255,100.255,236,0,0,0,10,8,-22.5,66.2687,1.5
4400634172,102.384,0,0,-102.384,102.384,243,0,0,0,10,18,31.0286,65.0286,1.5
4400634173,103.825,0,0,-103.825,103.825,244,0,0,0,10,15,23.4544,68.4544,1.5
4400634174,101.937,0,0,-101.937,101.937,245,0,0,0,10,12,-15.5,70.949,1.5
4400634176,100.417,0,0,-100.417,100.417,247,0,0,0,10,14,-25.6557,68.6557,1.5
4414732228,83.2176,0,0,-83.2176,83.2176,92,19,13.5839,22.4161,1.5,0,0,0,10
4416732379,102.384,0,0,-102.384,102.384,243,18,31.0286,65.0286,1.5,0,0,0,10
4417973420,100.42,0,0,-100.42,100.42,211,17,28.5,55.3788,1.5,0,0,0,10
4418482294,95.1235,0,0,-95.1235,95.1235,158,20,9.7756,45.2756,1.5,0,0,0,10
4422973319,87.8978,0,0,-87.8978,87.8978,111,4,-16.1219,28.1219,1.5,0,0,0,10
4423973386,95.5851,0,0,-95.5851,95.5851,178,2,-8.61992,52,1.5,0,0,0,10
4430973304,83.6201,0,0,-83.6201,83.6201,96,7,12.6793,24.5,1.5,0,0,0,10
4433482286,95.6124,0,0,-95.6124,95.6124,150,13,15.9071,40.9071,1.5,0,0,0,10
4434482383,100.417,0,0,-100.417,100.417,247,14,-25.6557,68.6557,1.5,0,0,0,10
4438232380,103.825,0,0,-103.825,103.825,244,15,23.4544,68.4544,1.5,0,0,0,10
4439357346,100.507,0,0,-100.507,100.507,210,3,-18.6838,59.5,1.5,0,0,0,10
4440232381,101.937,0,0,-101.937,101.937,245,12,-15.5,70.949,1.5,0,0,0,10
4440357233,83.5338,0,0,-83.5338,83.5338,97,9,0.964571,27.4646,1.5,0,0,0,10
4442482250,84.5989,0,0,-84.5989,84.5989,114,16,4.80636,32.5,1.5,0,0,0,10
4442732370,96.1052,0,0,-96.1052,96.1052,234,10,-1,69.2136,1.5,0,0,0,10
4443357240,83.8674,0,0,-83.8674,83.8674,104,1,-12,27.0705,1.5,0,0,0,10
4443857372,100.255,0,0,-100.255,100.255,236,8,-22.5,66.2687,1.5,0,0,0,10
4443982304,94.8338,0,0,-94.8338,94.8338,168,5,-22,44.1679,1.5,0,0,0,10
4446482347,96.9414,0,0,-96.9414,96.9414,211,11,12.5,61.1652,1.5,0,0,0,10
4449232198,81.3013,0,0,-81.3013,81.3013,62,6,1.5,16.0339,1.5,0,0,0,10
4450000111,87.8978,0,0,-87.8978,87.8978,111,0,0,0,10,4,-16.1219,28.1219,1.5
4450000178,95.5851,0,0,-95.5851,95.5851,178,0,0,0,10,2,-8.61992,52,1.5
4450250096,83.6201,0,0,-83.6201,83.6201,96,0,0,0,10,7,12.6793,24.5,1.5
4450625062,81.3013,0,0,-81.3013,81.3013,62,0,0,0,10,6,1.5,16.0339,1.5
4450634021,83.2176,0,0,-83.2176,83.2176,92,0,0,0,10,19,13.5839,22.4161,1.5
4450634026,83.5338,0,0,-83.5338,83.5338,97,0,0,0,10,9,0.964571,27.4646,1.5
4450634033,83.8674,0,0,-83.8674,83.8674,104,0,0,0,10,1,-12,27.0705,1.5
4450634043,84.5989,0,0,-84.5989,84.5989,114,0,0,0,10,16,4.80636,32.5,1.5
4450634079,95.6124,0,0,-95.6124,95.6124,150,0,0,0,10,13,15.9071,40.9071,1.5
4450634087,95.1235,0,0,-95.1235,95.1235,158,0,0,0,10,20,9.7756,45.2756,1.5
4450634097,94.8338,0,0,-94.8338,94.8338,168,0,0,0,10,5,-22,44.1679,1.5
4450634139,100.507,0,0,-100.507,100.507,210,0,0,0,10,3,-18.6838,59.5,1.5
4450634140,100.42,0,0,-100.42,100.42,211,0,0,0,10,17,28.5,55.3788,1.5
4450634140,96.9414,0,0,-96.9414,96.9414,211,0,0,0,10,11,12.5,61.1652,1.5
4450634163,96.1052,0,0,-96.1052,96.1052,234,0,0,0,10,10,-1,69.2136,1.5
4450634165,100.255,0,0,-100.255,100.255,236,0,0,0,10,8,-22.5,66.2687,1.5
4450634172,102.384,0,0,-102.384,102.384,243,0,0,0,10,18,31.0286,65.0286,1.5
4450634173,103.825,0,0,-103.825,103.825,244,0,0,0,10,15,23.4544,68.4544,1.5
4450634174,101.937,0,0,-101.937,101.937,245,0,0,0,10,12,-15.5,70.949,1.5
4450634176,100.417,0,0,-100.417,100.417,247,0,0,0,10,14,-25.6557,68.6557,1.5
4465482228,83.2176,0,0,-83.2176,83.2176,92,19,13.5839,22.4161,1.5,0,0,0,10
4467357379,102.384,0,0,-102.384,102.384,243,18,31.0286,65.0286,1.5,0,0,0,10
4469232294,95.1235,0,0,-95.1235,95.1235,158,20,9.7756,45.2756,1.5,0,0,0,10
4469348419,100.42,0,0,-100.42,100.42,211,17,28.5,55.3788,1.5,0,0,0,10
4472973319,87.8978,0,0,-87.8978,87.8978,111,4,-16.1219,28.1219,1.5,0,0,0,10
4473973386,95.5851,0,0,-95.5851,95.5851,178,2,-8.61992,52,1.5,0,0,0,10
4480973304,83.6201,0,0,-83.6201,83.6201,96,7,12.6793,24.5,1.5,0,0,0,10
4483482286,95.6124,0,0,-95.6124,95.6124,150,13,15.9071,40.9071,1.5,0,0,0,10
4484482383,100.417,0,0,-100.417,100.417,247,14,-25.6557,68.6557,1.5,0,0,0,10
4488598453,103.825,0,0,-103.825,103.825,244,15,23.4544,68.4544,1.5,0,0,0,10
4489732346,100.507,0,0,-100.507,100.507,210,3,-18.6838,59.5,1.5,0,0,0,10
4490607381,101.937,0,0,-101.937,101.937,245,12,-15.5,70.949,1.5,0,0,0,10
4490732233,83.5338,0,0,-83.5338,83.5338,97,9,0.964571,27.4646,1.5,0,0,0,10
4492857250,84.5989,0,0,-84.5989,84.5989,114,16,4.80636,32.5,1.5,0,0,0,10
4493107370,96.1052,0,0,-96.1052,96.1052,234,10,-1,69.2136,1.5,0,0,0,10
4493732240,83.8674,0,0,-83.8674,83.8674,104,1,-12,27.0705,1.5,0,0,0,10
4494232372,100.255,0,0,-100.255,100.255,236,8,-22.5,66.2687,1.5,0,0,0,10
4494357304,94.8338,0,0,-94.8338,94.8338,168,5,-22,44.1679,1.5,0,0,0,10
4496857347,96.9414,0,0,-96.9414,96.9414,211,11,12.5,61.1652,1.5,0,0,0,10
4499607198,81.3013,0,0,-81.3013,81.3013,62,6,1.5,16.0339,1.5,0,0,0,10
4500000111,87.8978,0,0,-87.8978,87.8978,111,0,0,0,10,4,-16.228,28.228,1.5
4500000178,95.5851,0,0,-95.5851,95.5851,178,0,0,0,10,2,-8.76992,52,1.5
4500250096,83.6201,0,0,-83.6201,83.6201,96,0,0,0,10,7,12.8293,24.5,1.5
4500625062,81.3013,0,0,-81.3013,81.3013,62,0,0,0,10,6,1.5,15.8839,1.5
4500750092,83.2176,0,0,-83.2176,83.2176,92,0,0,0,10,19,13.69,22.31,1.5
4500750097,83.5338,0,0,-83.5338,83.5338,97,0,0,0,10,9,0.858505,27.3585,1.5
4500750104,83.8674,0,0,-83.8674,83.8674,104,0,0,0,10,1,-12,26.9205,1.5
4500750114,84.5989,0,0,-84.5989,84.5989,114,0,0,0,10,16,4.65636,32.5,1.5
4500750150,95.6124,0,0,-95.6124,95.6124,150,0,0,0,10,13,15.801,40.801,1.5
4500750158,95.1235,0,0,-95.1235,95.1235,158,0,0,0,10,20,9.66953,45.1695,1.5
4500750168,94.8338,0,0,-94.8338,94.8338,168,0,0,0,10,5,-22,44.0179,1.5
4500750210,100.507,0,0,-100.507,100.507,210,0,0,0,10,3,-18.5338,59.5,1.5
4500750211,100.42,0,0,-100.42,100.42,211,0,0,0,10,17,28.5,55.2288,1.5
4500750211,96.9414,0,0,-96.9414,96.9414,211,0,0,0,10,11,12.5,61.0152,1.5
4500750234,96.1052,0,0,-96.1052,96.1052,234,0,0,0,10,10,-1,69.0636,1.5
4500750236,100.255,0,0,-100.255,100.255,236,0,0,0,10,8,-22.5,66.1187,1.5
4500750243,102.384,0,0,-102.384,102.384,243,0,0,0,10,18,30.9226,64.9226,1.5
4500750244,103.825,0,0,-103.825,103.825,244,0,0,0,10,15,23.3483,68.3483,1.5
4500750245,101.937,0,0,-101.937,101.937,245,0,0,0,10,12,-15.5,70.799,1.5
4500750247,100.417,0,0,-100.417,100.417,247,0,0,0,10,14,-25.5496,68.5496,1.5
4519348419,100.42,0,0,-100.42,100.42,211,17,28.5,55.2288,1.5,0,0,0,10
4522098300,83.2176,0,0,-83.2176,83.2176,92,19,13.69,22.31,1.5,0,0,0,10
4522973319,87.8978,0,0,-87.8978,87.8978,111,4,-16.228,28.228,1.5,0,0,0,10
4523348451,102.384,0,0,-102.384,102.384,243,18,30.9226,64.9226,1.5,0,0,0,10
4523973386,95.5851,0,0,-95.5851,95.5851,178,2,-8.76992,52,1.5,0,0,0,10
4526223366,95.1235,0,0,-95.1235,95.1235,158,20,9.66953,45.1695,1.5,0,0,0,10
4530973304,83.6201,0,0,-83.6201,83.6201,96,7,12.8293,24.5,1.5,0,0,0,10
4536348455,100.417,0,0,-100.417,100.417,247,14,-25.5496,68.5496,1.5,0,0,0,10
4541598358,95.6124,0,0,-95.6124,95.6124,150,13,15.801,40.801,1.5,0,0,0,10
4546598452,103.825,0,0,-103.825,103.825,244,15,23.3483,68.3483,1.5,0,0,0,10
4547723418,100.507,0,0,-100.507,100.507,210,3,-18.5338,59.5,1.5,0,0,0,10
4547848305,83.5338,0,0,-83.5338,83.5338,97,9,0.858505,27.3585,1.5,0,0,0,10
4548723453,101.937,0,0,-101.937,101.937,245,12,-15.5,70.799,1.5,0,0,0,10
4549848442,96.1052,0,0,-96.1052,96.1052,234,10,-1,69.0636,1.5,0,0,0,10
4550000111,87.8978,0,0,-87.8978,87.8978,111,0,0,0,10,4,-16.228,28.228,1.5
4550000178,95.5851,0,0,-95.5851,95.5851,178,0,0,0,10,2,-8.76992,52,1.5
4550250096,83.6201,0,0,-83.6201,83.6201,96,0,0,0,10,7,12.8293,24.5,1.5
4550598322,84.5989,0,0,-84.5989,84.5989,114,16,4.65636,32.5,1.5,0,0,0,10
4550625062,81.3013,0,0,-81.3013,81.3013,62,0,0,0,10,6,1.5,15.8839,1.5
4550875092,83.2176,0,0,-83.2176,83.2176,92,0,0,0,10,19,13.69,22.31,1.5
4550875097,83.5338,0,0,-83.5338,83.5338,97,0,0,0,10,9,0.858505,27.3585,1.5
4550875104,83.8674,0,0,-83.8674,83.8674,104,0,0,0,10,1,-12,26.9205,1.5
4550875114,84.5989,0,0,-84.5989,84.5989,114,0,0,0,10,16,4.65636,32.5,1.5
4550875150,95.6124,0,0,-95.6124,95.6124,150,0,0,0,10,13,15.801,40.801,1.5
4550875158,95.1235,0,0,-95.1235,95.1235,158,0,0,0,10,20,9.66953,45.1695,1.5
4550875168,94.8338,0,0,-94.8338,94.8338,168,0,0,0,10,5,-22,44.0179,1.5
4550875210,100.507,0,0,-100.507,100.507,210,0,0,0,10,3,-18.5338,59.5,1.5
4550875211,100.42,0,0,-100.42,100.42,211,0,0,0,10,17,28.5,55.2288,1.5
4550875211,96.9414,0,0,-96.9414,96.9414,211,0,0,0,10,11,12.5,61.0152,1.5
4550875234,96.1052,0,0,-96.1052,96.1052,234,0,0,0,10,10,-1,69.0636,1.5
4550875236,100.255,0,0,-100.255,100.255,236,0,0,0,10,8,-22.5,66.1187,1.5
4550875243,102.384,0,0,-102.384,102.384,243,0,0,0,10,18,30.9226,64.9226,1.5
4550875244,103.825,0,0,-103.825,103.825,244,0,0,0,10,15,23.3483,68.3483,1.5
4550875245,101.937,0,0,-101.937,101.937,245,0,0,0,10,12,-15.5,70.799,1.5
4550875247,100.417,0,0,-100.417,100.417,247,0,0,0,10,14,-25.5496,68.5496,1.5
4551223312,83.8674,0,0,-83.8674,83.8674,104,1,-12,26.9205,1.5,0,0,0,10
4551348376,94.8338,0,0,-94.8338,94.8338,168,5,-22,44.0179,1.5,0,0,0,10
4551848444,100.255,0,0,-100.255,100.255,236,8,-22.5,66.1187,1.5,0,0,0,10
4554598419,96.9414,0,0,-96.9414,96.9414,211,11,12.5,61.0152,1.5,0,0,0,10
4555223270,81.3013,0,0,-81.3013,81.3013,62,6,1.5,15.8839,1.5,0,0,0,10
4569348419,100.42,0,0,-100.42,100.42,211,17,28.5,55.2288,1.5,0,0,0,10
4572098300,83.2176,0,0,-83.2176,83.2176,92,19,13.69,22.31,1.5,0,0,0,10
4572973319,87.8978,0,0,-87.8978,87.8978,111,4,-16.228,28.228,1.5,0,0,0,10
4573348451,102.384,0,0,-102.384,102.384,243,18,30.9226,64.9226,1.5,0,0,0,10
4573973386,95.5851,0,0,-95.5851,95.5851,178,2,-8.76992,52,1.5,0,0,0,10
4576223366,95.1235,0,0,-95.1235,95.1235,158,20,9.66953,45.1695,1.5,0,0,0,10
4580973304,83.6201,0,0,-83.6201,83.6201,96,7,12.8293,24.5,1.5,0,0,0,10
4586348455,100.417,0,0,-100.417,100.417,247,14,-25.5496,68.5496,1.5,0,0,0,10
4591598358,95.6124,0,0,-95.6124,95.6124,150,13,15.801,40.801,1.5,0,0,0,10
4596598452,103.825,0,0,-103.825,103.825,244,15,23.3483,68.3483,1.5,0,0,0,10
4597723418,100.507,0,0,-100.507,100.507,210,3,-18.5338,59.5,1.5,0,0,0,10
4597848305,83.5338,0,0,-83.5338,83.5338,97,9,0.858505,27.3585,1.5,0,0,0,10
4598723453,101.937,0,0,-101.937,101.937,245,12,-15.5,70.799,1.5,0,0,0,10
4599848442,96.1052,0,0,-96.1052,96.1052,234,10,-1,69.0636,1.5,0,0,0,10
4600000111,87.8978,0,0,-87.8978,87.8978,111,0,0,0,10,4,-16.3341,28.3341,1.5
4600000178,95.5851,0,0,-95.5851,95.5851,178,0,0,0,10,2,-8.91992,52,1.5
4600250096,83.6201,0,0,-83.6201,83.6201,96,0,0,0,10,7,12.9793,24.5,1.5
4600598322,84.5989,0,0,-84.5989,84.5989,114,16,4.50636,32.5,1.5,0,0,0,10
4600625062,81.3013,0,0,-81.3013,81.3013,62,0,0,0,10,6,1.5,15.7339,1.5
4600875092,83.2176,0,0,-83.2176,83.2176,92,0,0,0,10,19,13.7961,22.2039,1.5
4600875097,83.5338,0,0,-83.5338,83.5338,97,0,0,0,10,9,0.752439,27.2524,1.5
4600875104,83.8674,0,0,-83.8674,83.8674,104,0,0,0,10,1,-12,26.7705,1.5
4600875114,84.5989,0,0,-84.5989,84.5989,114,0,0,0,10,16,4.50636,32.5,1.5
4600875150,95.6124,0,0,-95.6124,95.6124,150,0,0,0,10,13,15.695,40.695,1.5
4600875158,95.1235,0,0,-95.1235,95.1235,158,0,0,0,10,20,9.56347,45.0635,1.5
4600875168,94.8338,0,0,-94.8338,94.8338,168,0,0,0,10,5,-22,43.8679,1.5
4600875210,100.507,0,0,-100.507,100.507,210,0,0,0,10,3,-18.3838,59.5,1.5
4600875211,100.42,0,0,-100.42,100.42,211,0,0,0,10,17,28.5,55.0788,1.5
4600875211,96.9414,0,0,-96.9414,96.9414,211,0,0,0,10,11,12.5,60.8652,1.5
4600875234,96.1052,0,0,-96.1052,96.1052,234,0,0,0,10,10,-1,68.9136,1.5
4600875236,100.255,0,0,-100.255,100.255,236,0,0,0,10,8,-22.5,65.9687,1.5
4600875243,102.384,0,0,-102.384,102.384,243,0,0,0,10,18,30.8165,64.8165,1.5
4600875244,103.825,0,0,-103.825,103.825,244,0,0,0,10,15,23.2423,68.2423,1.5
4600875245,101.937,0,0,-101.937,101.937,245,0,0,0,10,12,-15.5,70.649,1.5
4600875247,100.417,0,0,-100.417,100.417,247,0,0,0,10,14,-25.4435,68.4435,1.5
4601223312,83.8674,0,0,-83.8674,83.8674,104,1,-12,26.7705,1.5,0,0,0,10
4601348376,94.8338,0,0,-94.8338,94.8338,168,5,-22,43.8679,1.5,0,0,0,10
4601848444,100.255,0,0,-100.255,100.255,236,8,-22.5,65.9687,1.5,0,0,0,10
4604598419,96.9414,0,0,-96.9414,96.9414,211,11,12.5,60.8652,1.5,0,0,0,10
4605223270,81.3013,0,0,-81.3013,81.3013,62,6,1.5,15.7339,1.5,0,0,0,10
4619348419,100.42,0,0,-100.42,100.42,211,17,28.5,55.0788,1.5,0,0,0,10
4622098300,83.2176,0,0,-83.2176,83.2176,92,19,13.7961,22.2039,1.5,0,0,0,10
4622973319,87.8978,0,0,-87.8978,87.8978,111,4,-16.3341,28.3341,1.5,0,0,0,10
4623348451,102.384,0,0,-102.384,102.384,243,18,30.8165,64.8165,1.5,0,0,0,10
4623973386,95.5851,0,0,-95.5851,95.5851,178,2,-8.91992,52,1.5,0,0,0,10
4626223366,95.1235,0,0,-95.1235,95.1235,158,20,9.56347,45.0635,1.5,0,0,0,10
4630973304,83.6201,0,0,-83.6201,83.6201,96,7,12.9793,24.5,1.5,0,0,0,10
4636348455,100.417,0,0,-100.417,100.417,247,14,-25.4435,68.4435,1.5,0,0,0,10
4641598358,95.6124,0,0,-95.6124,95.6124,150,13,15.695,40.695,1.5,0,0,0,10
4646598452,103.825,0,0,-103.825,103.825,244,15,23.2423,68.2423,1.5,0,0,0,10
4647723418,100.507,0,0,-100.507,100.507,210,3,-18.3838,59.5,1.5,0,0,0,10
4647848305,83.5338,0,0,-83.5338,83.5338,97,9,0.752439,27.2524,1.5,0,0,0,10
4648723453,101.937,0,0,-101.937,101.937,245,12,-15.5,70.649,1.5,0,0,0,10
4649848442,96.1052,0,0,-96.1052,96.1052,234,10,-1,68.9136,1.5,0,0,0,10
4650000111,87.8978,0,0,-87.8978,87.8978,111,0,0,0,10,4,-16.3341,28.3341,1.5
4650000178,95.5851,0,0,-95.5851,95.5851,178,0,0,0,10,2,-8.91992,52,1.5
4650250096,83.6201,0,0,-83.6201,83.6201,96,0,0,0,10,7,12.9793,24.5,1.5
4650598322,84.5989,0,0,-84.5989,84.5989,114,16,4.50636,32.5,1.5,0,0,0,10
4650625062,81.3013,0,0,-81.3013,81.3013,62,0,0,0,10,6,1.5,15.7339,1.5
4650875092,83.2176,0,0,-83.2176,83.2176,92,0,0,0,10,19,13.7961,22.2039,1.5
4650875097,83.5338,0,0,-83.5338,83.5338,97,0,0,0,10,9,0.752439,27.2524,1.5
4650875104,83.8674,0,0,-83.8674,83.8674,104,0,0,0,10,1,-12,26.7705,1.5
4650875114,84.5989,0,0,-84.5989,84.5989,114,0,0,0,10,16,4.50636,32.5,1.5
4650875150,95.6124,0,0,-95.6124,95.6124,150,0,0,0,10,13,15.695,40.695,1.5
4650875158,95.1235,0,0,-95.1235,95.1235,158,0,0,0,10,20,9.56347,45.0635,1.5
4650875168,94.8338,0,0,-94.8338,94.8338,168,0,0,0,10,5,-22,43.8679,1.5
4650875210,100.507,0,0,-100.507,100.507,210,0,0,0,10,3,-18.3838,59.5,1.5
4650875211,100.42,0,0,-100.42,100.42,211,0,0,0,10,17,28.5,55.0788,1.5
4650875211,96.9414,0,0,-96.9414,96.9414,211,0,0,0,10,11,12.5,60.8652,1.5
4650875234,96.1052,0,0,-96.1052,96.1052,234,0,0,0,10,10,-1,68.9136,1.5
4650875236,100.255,0,0,-100.255,100.255,236,0,0,0,10,8,-22.5,65.9687,1.5
4650875243,102.384,0,0,-102.384,102.384,243,0,0,0,10,18,30.8165,64.8165,1.5
4650875244,103.825,0,0,-103.825,103.825,244,0,0,0,10,15,23.2423,68.2423,1.5
4650875245,101.937,0,0,-101.937,101.937,245,0,0,0,10,12,-15.5,70.649,1.5
4650875247,100.417,0,0,-100.417,100.417,247,0,0,0,10,14,-25.4435,68.4435,1.5
4651223312,83.8674,0,0,-83.8674,83.8674,104,1,-12,26.7705,1.5,0,0,0,10
4651348376,94.8338,0,0,-94.8338,94.8338,168,5,-22,43.8679,1.5,0,0,0,10
4651848444,100.255,0,0,-100.255,100.255,236,8,-22.5,65.9687,1.5,0,0,0,10
4654598419,96.9414,0,0,-96.9414,96.9414,211,11,12.5,60.8652,1.5,0,0,0,10
4655223270,81.3013,0,0,-81.3013,81.3013,62,6,1.5,15.7339,1.5,0,0,0,10
4669348419,100.42,0,0,-100.42,100.42,211,17,28.5,55.0788,1.5,0,0,0,10
4672098300,83.2176,0,0,-83.2176,83.2176,92,19,13.7961,22.2039,1.5,0,0,0,10
4672973319,87.8978,0,0,-87.8978,87.8978,111,4,-16.3341,28.3341,1.5,0,0,0,10
4673348451,102.384,0,0,-102.384,102.384,243,18,30.8165,64.8165,1.5,0,0,0,10
4673973386,95.5851,0,0,-95.5851,95.5851,178,2,-8.91992,52,1.5,0,0,0,10
4676223366,95.1235,0,0,-95.1235,95.1235,158,20,9.56347,45.0635,1.5,0,0,0,10
4680973304,83.6201,0,0,-83.6201,83.6201,96,7,12.9793,24.5,1.5,0,0,0,10
4686348455,100.417,0,0,-100.417,100.417,247,14,-25.4435,68.4435,1.5,0,0,0,10
4691598358,95.6124,0,0,-95.6124,95.6124,150,13,15.695,40.695,1.5,0,0,0,10
4696598452,103.825,0,0,-103.825,103.825,244,15,23.2423,68.2423,1.5,0,0,0,10
4697723418,100.507,0,0,-100.507,100.507,210,3,-18.3838,59.5,1.5,0,0,0,10
4697848305,83.5338,0,0,-83.5338,83.5338,97,9,0.752439,27.2524,1.5,0,0,0,10
4698723453,101.937,0,0,-101.937,101.937,245,12,-15.5,70.649,1.5,0,0,0,10
4699848442,96.1052,0,0,-96.1052,96.1052,234,10,-1,68.9136,1.5,0,0,0,10
4700000111,87.8978,0,0,-87.8978,87.8978,111,0,0,0,10,4,-16.4401,28.4401,1.5
4700000178,95.5851,0,0,-95.5851,95.5851,178,0,0,0,10,2,-9.06992,52,1.5
4700250096,83.6201,0,0,-83.6201,83.6201,96,0,0,0,10,7,13.1293,24.5,1.5
4700598322,84.5989,0,0,-84.5989,84.5989,114,16,4.35636,32.5,1.5,0,0,0,10
4700625062,81.3013,0,0,-81.3013,81.3013,62,0,0,0,10,6,1.5,15.5839,1.5
4700875092,83.2176,0,0,-83.2176,83.2176,92,0,0,0,10,19,13.9021,22.0979,1.5
4700875097,83.5338,0,0,-83.5338,83.5338,97,0,0,0,10,9,0.646373,27.1464,1.5
4700875104,83.8674,0,0,-83.8674,83.8674,104,0,0,0,10,1,-12,26.6205,1.5
4700875114,84.5989,0,0,-84.5989,84.5989,114,0,0,0,10,16,4.35636,32.5,1.5
4700875150,95.6124,0,0,-95.6124,95.6124,150,0,0,0,10,13,15.5889,40.5889,1.5
4700875158,95.1235,0,0,-95.1235,95.1235,158,0,0,0,10,20,9.4574,44.9574,1.5
4700875168,94.8338,0,0,-94.8338,94.8338,168,0,0,0,10,5,-22,43.7179,1.5
4700875210,100.507,0,0,-100.507,100.507,210,0,0,0,10,3,-18.2338,59.5,1.5
4700875211,100.42,0,0,-100.42,100.42,211,0,0,0,10,17,28.5,54.9288,1.5
4700875211,96.9414,0,0,-96.9414,96.9414,211,0,0,0,10,11,12.5,60.7152,1.5
4700875234,96.1052,0,0,-96.1052,96.1052,234,0,0,0,10,10,-1,68.7636,1.5
4700875236,100.255,0,0,-100.255,100.255,236,0,0,0,10,8,-22.5,65.8187,1.5
4700875243,102.384,0,0,-102.384,102.384,243,0,0,0,10,18,30.7104,64.7104,1.5
4700875244,103.825,0,0,-103.825,103.825,244,0,0,0,10,15,23.1362,68.1362,1.5
4700875245,101.937,0,0,-101.937,101.937,245,0,0,0,10,12,-15.5,70.499,1.5
4700875247,100.417,0,0,-100.417,100.417,247,0,0,0,10,14,-25.3375,68.3375,1.5
4701223312,83.8674,0,0,-83.8674,83.8674,104,1,-12,26.6205,1.5,0,0,0,10
4701348376,94.8338,0,0,-94.8338,94.8338,168,5,-22,43.7179,1.5,0,0,0,10
4701848444,100.255,0,0,-100.255,100.255,236,8,-22.5,65.8187,1.5,0,0,0,10
4704598419,96.9414,0,0,-96.9414,96.9414,211,11,12.5,60.7152,1.5,0,0,0,10
4705223270,81.3013,0,0,-81.3013,81.3013,62,6,1.5,15.5839,1.5,0,0,0,10
4719348419,100.42,0,0,-100.42,100.42,211,17,28.5,54.9288,1.5,0,0,0,10
4722098300,83.2176,0,0,-83.2176,83.2176,92,19,13.9021,22.0979,1.5,0,0,0,10
4722973319,87.8978,0,0,-87.8978,87.8978,111,4,-16.4401,28.4401,1.5,0,0,0,10
4723348451,102.384,0,0,-102.384,102.384,243,18,30.7104,64.7104,1.5,0,0,0,10
4723973386,95.5851,0,0,-95.5851,95.5851,178,2,-9.06992,52,1.5,0,0,0,10
4726223366,95.1235,0,0,-95.1235,95.1235,158,20,9.4574,44.9574,1.5,0,0,0,10
4730973304,83.6201,0,0,-83.6201,83.6201,96,7,13.1293,24.5,1.5,0,0,0,10
4736348455,100.417,0,0,-100.417,100.417,247,14,-25.3375,68.3375,1.5,0,0,0,10
4741598358,95.6124,0,0,-95.6124,95.6124,150,13,15.5889,40.5889,1.5,0,0,0,10
4746598452,103.825,0,0,-103.825,103.825,244,15,23.1362,68.1362,1.5,0,0,0,10
4747723418,100.507,0,0,-100.507,100.507,210,3,-18.2338,59.5,1.5,0,0,0,10
4747848305,83.5338,0,0,-83.5338,83.5338,97,9,0.646373,27.1464,1.5,0,0,0,10
4748723453,101.937,0,0,-101.937,101.937,245,12,-15.5,70.499,1.5,0,0,0,10
4749848442,96.1052,0,0,-96.1052,96.1052,234,10,-1,68.7636,1.5,0,0,0,10
4750000111,87.8978,0,0,-87.8978,87.8978,111,0,0,0,10,4,-16.4401,28.4401,1.5
4750000178,95.5851,0,0,-95.5851,95.5851,178,0,0,0,10,2,-9.06992,52,1.5
4750250096,83.6201,0,0,-83.6201,83.6201,96,0,0,0,10,7,13.1293,24.5,1.5
4750598322,84.5989,0,0,-84.5989,84.5989,114,16,4.35636,32.5,1.5,0,0,0,10
4750625062,81.3013,0,0,-81.3013,81.3013,62,0,0,0,10,6,1.5,15.5839,1.5
4750875092,83.2176,0,0,-83.2176,83.2176,92,0,0,0,10,19,13.9021,22.0979,1.5
4750875097,83.5338,0,0,-83.5338,83.5338,97,0,0,0,10,9,0.646373,27.1464,1.5
4750875104,83.8674,0,0,-83.8674,83.8674,104,0,0,0,10,1,-12,26.6205,1.5
4750875114,84.5989,0,0,-84.5989,84.5989,114,0,0,0,10,16,4.35636,32.5,1.5
4750875150,95.6124,0,0,-95.6124,95.6124,150,0,0,0,10,13,15.5889,40.5889,1.5
4750875158,95.1235,0,0,-95.1235,95.1235,158,0,0,0,10,20,9.4574,44.9574,1.5
4750875168,94.8338,0,0,-94.8338,94.8338,168,0,0,0,10,5,-22,43.7179,1.5
4750875210,100.507,0,0,-100.507,100.507,210,0,0,0,10,3,-18.2338,59.5,1.5
4750875211,100.42,0,0,-100.42,100.42,211,0,0,0,10,17,28.5,54.9288,1.5
4750875211,96.9414,0,0,-96.9414,96.9414,211,0,0,0,10,11,12.5,60.7152,1.5
4750875234,96.1052,0,0,-96.1052,96.1052,234,0,0,0,10,10,-1,68.7636,1.5
4750875236,100.255,0,0,-100.255,100.255,236,0,0,0,10,8,-22.5,65.8187,1.5
4750875243,102.384,0,0,-102.384,102.384,243,0,0,0,10,18,30.7104,64.7104,1.5
4750875244,103.825,0,0,-103.825,103.825,244,0,0,0,10,15,23.1362,68.1362,1.5
4750875245,101.937,0,0,-101.937,101.937,245,0,0,0,10,12,-15.5,70.499,1.5
4750875247,100.417,0,0,-100.417,100.417,247,0,0,0,10,14,-25.3375,68.3375,1.5
4751223312,83.8674,0,0,-83.8674,83.8674,104,1,-12,26.6205,1.5,0,0,0,10
4751348376,94.8338,0,0,-94.8338,94.8338,168,5,-22,43.7179,1.5,0,0,0,10
4751848444,100.255,0,0,-100.255,100.255,236,8,-22.5,65.8187,1.5,0,0,0,10
4754598419,96.9414,0,0,-96.9414,96.9414,211,11,12.5,60.7152,1.5,0,0,0,10
4755223270,81.3013,0,0,-81.3013,81.3013,62,6,1.5,15.5839,1.5,0,0,0,10
4769348419,100.42,0,0,-100.42,100.42,211,17,28.5,54.9288,1.5,0,0,0,10
4772098300,83.2176,0,0,-83.2176,83.2176,92,19,13.9021,22.0979,1.5,0,0,0,10
4772973319,87.8978,0,0,-87.8978,87.8978,111,4,-16.4401,28.4401,1.5,0,0,0,10
4773348451,102.384,0,0,-102.384,102.384,243,18,30.7104,64.7104,1.5,0,0,0,10
4773973386,95.5851,0,0,-95.5851,95.5851,178,2,-9.06992,52,1.5,0,0,0,10
4776223366,95.1235,0,0,-95.1235,95.1235,158,20,9.4574,44.9574,1.5,0,0,0,10
4780973304,83.6201,0,0,-83.6201,83.6201,96,7,13.1293,24.5,1.5,0,0,0,10
4786348455,100.417,0,0,-100.417,100.417,247,14,-25.3375,68.3375,1.5,0,0,0,10
4791598358,95.6124,0,0,-95.6124,95.6124,150,13,15.5889,40.5889,1.5,0,0,0,10
4796598452,103.825,0,0,-103.825,103.825,244,15,23.1362,68.1362,1.5,0,0,0,10
4797723418,100.507,0,0,-100.507,100.507,210,3,-18.2338,59.5,1.5,0,0,0,10
4797848305,83.5338,0,0,-83.5338,83.5338,97,9,0.646373,27.1464,1.5,0,0,0,10
4798723453,101.937,0,0,-101.937,101.937,245,12,-15.5,70.499,1.5,0,0,0,10
4799848442,96.1052,0,0,-96.1052,96.1052,234,10,-1,68.7636,1.5,0,0,0,10
4800000111,87.8978,0,0,-87.8978,87.8978,111,0,0,0,10,4,-16.5462,28.5462,1.5
4800000178,95.5851,0,0,-95.5851,95.5851,178,0,0,0,10,2,-9.21992,52,1.5
4800250096,83.6201,0,0,-83.6201,83.6201,96,0,0,0,10,7,13.2793,24.5,1.5
4800598322,84.5989,0,0,-84.5989,84.5989,114,16,4.20636,32.5,1.5,0,0,0,10
4800875058,80.7702,0,0,-80.7702,80.7702,58,0,0,0,10,6,1.5,15.4339,1.5
4800875092,83.2176,0,0,-83.2176,83.2176,92,0,0,0,10,19,14.0082,21.9918,1.5
4800875097,83.5338,0,0,-83.5338,83.5338,97,0,0,0,10,9,0.540307,27.0403,1.5
4800875104,83.8674,0,0,-83.8674,83.8674,104,0,0,0,10,1,-12,26.4705,1.5
4800875114,84.5989,0,0,-84.5989,84.5989,114,0,0,0,10,16,4.20636,32.5,1.5
4800875150,95.6124,0,0,-95.6124,95.6124,150,0,0,0,10,13,15.4828,40.4828,1.5
4800875158,95.1235,0,0,-95.1235,95.1235,158,0,0,0,10,20,9.35133,44.8513,1.5
4800875168,94.8338,0,0,-94.8338,94.8338,168,0,0,0,10,5,-22,43.5679,1.5
4800875210,100.507,0,0,-100.507,100.507,210,0,0,0,10,3,-18.0838,59.5,1.5
4800875211,100.42,0,0,-100.42,100.42,211,0,0,0,10,17,28.5,54.7788,1.5
4800875211,96.9414,0,0,-96.9414,96.9414,211,0,0,0,10,11,12.5,60.5652,1.5
4800875234,96.1052,0,0,-96.1052,96.1052,234,0,0,0,10,10,-1,68.6136,1.5
4800875236,100.255,0,0,-100.255,100.255,236,0,0,0,10,8,-22.5,65.6687,1.5
4800875243,102.384,0,0,-102.384,102.384,243,0,0,0,10,18,30.6044,64.6044,1.5
4800875244,103.825,0,0,-103.825,103.825,244,0,0,0,10,15,23.0301,68.0301,1.5
4800875245,101.937,0,0,-101.937,101.937,245,0,0,0,10,12,-15.5,70.349,1.5
4800875247,100.417,0,0,-100.417,100.417,247,0,0,0,10,14,-25.2314,68.2314,1.5
4801223312,83.8674,0,0,-83.8674,83.8674,104,1,-12,26.4705,1.5,0,0,0,10
4801348376,94.8338,0,0,-94.8338,94.8338,168,5,-22,43.5679,1.5,0,0,0,10
4801848444,100.255,0,0,-100.255,100.255,236,8,-22.5,65.6687,1.5,0,0,0,10
4804598419,96.9414,0,0,-96.9414,96.9414,211,11,12.5,60.5652,1.5,0,0,0,10
4815223266,80.7702,0,0,-80.7702,80.7702,58,6,1.5,15.4339,1.5,0,0,0,10
4819348419,100.42,0,0,-100.42,100.42,211,17,28.5,54.7788,1.5,0,0,0,10
4822098300,83.2176,0,0,-83.2176,83.2176,92,19,14.0082,21.9918,1.5,0,0,0,10
4822973319,87.8978,0,0,-87.8978,87.8978,111,4,-16.5462,28.5462,1.5,0,0,0,10
4823348451,102.384,0,0,-102.384,102.384,243,18,30.6044,64.6044,1.5,0,0,0,10
4823973386,95.5851,0,0,-95.5851,95.5851,178,2,-9.21992,52,1.5,0,0,0,10
4826223366,95.1235,0,0,-95.1235,95.1235,158,20,9.35133,44.8513,1.5,0,0,0,10
4830973304,83.6201,0,0,-83.6201,83.6201,96,7,13.2793,24.5,1.5,0,0,0,10
4836348455,100.417,0,0,-100.417,100.417,247,14,-25.2314,68.2314,1.5,0,0,0,10
4841598358,95.6124,0,0,-95.6124,95.6124,150,13,15.4828,40.4828,1.5,0,0,0,10
4846598452,103.825,0,0,-103.825,103.825,244,15,23.0301,68.0301,1.5,0,0,0,10
4847723418,100.507,0,0,-100.507,100.507,210,3,-18.0838,59.5,1.5,0,0,0,10
4847848305,83.5338,0,0,-83.5338,83.5338,97,9,0.540307,27.0403,1.5,0,0,0,10
4848723453,101.937,0,0,-101.937,101.937,245,12,-15.5,70.349,1.5,0,0,0,10
4849848442,96.1052,0,0,-96.1052,96.1052,234,10,-1,68.6136,1.5,0,0,0,10
4850000111,87.8978,0,0,-87.8978,87.8978,111,0,0,0,10,4,-16.5462,28.5462,1.5
4850000178,95.5851,0,0,-95.5851,95.5851,178,0,0,0,10,2,-9.21992,52,1.5
4850250096,83.6201,0,0,-83.6201,83.6201,96,0,0,0,10,7,13.2793,24.5,1.5
4850598322,84.5989,0,0,-84.5989,84.5989,114,16,4.20636,32.5,1.5,0,0,0,10
4850875058,80.7702,0,0,-80.7702,80.7702,58,0,0,0,10,6,1.5,15.4339,1.5
4850875092,83.2176,0,0,-83.2176,83.2176,92,0,0,0,10,19,14.0082,21.9918,1.5
4850875097,83.5338,0,0,-83.5338,83.5338,97,0,0,0,10,9,0.540307,27.0403,1.5
4850875104,83.8674,0,0,-83.8674,83.8674,104,0,0,0,10,1,-12,26.4705,1.5
4850875114,84.5989,0,0,-84.5989,84.5989,114,0,0,0,10,16,4.20636,32.5,1.5
4850875150,95.6124,0,0,-95.6124,95.6124,150,0,0,0,10,13,15.4828,40.4828,1.5
4850875158,95.1235,0,0,-95.1235,95.1235,158,0,0,0,10,20,9.35133,44.8513,1.5
4850875168,94.8338,0,0,-94.8338,94.8338,168,0,0,0,10,5,-22,43.5679,1.5
4850875210,100.507,0,0,-100.507,100.507,210,0,0,0,10,3,-18.0838,59.5,1.5
4850875211,100.42,0,0,-100.42,100.42,211,0,0,0,10,17,28.5,54.7788,1.5
4850875211,96.9414,0,0,-96.9414,96.9414,211,0,0,0,10,11,12.5,60.5652,1.5
4850875234,96.1052,0,0,-96.1052,96.1052,234,0,0,0,10,10,-1,68.6136,1.5
4850875236,100.255,0,0,-100.255,100.255,236,0,0,0,10,8,-22.5,65.6687,1.5
4850875243,102.384,0,0,-102.384,102.384,243,0,0,0,10,18,30.6044,64.6044,1.5
4850875244,103.825,0,0,-103.825,103.825,244,0,0,0,10,15,23.0301,68.0301,1.5
4850875245,101.937,0,0,-101.937,101.937,245,0,0,0,10,12,-15.5,70.349,1.5
4850875247,100.417,0,0,-100.417,100.417,247,0,0,0,10,14,-25.2314,68.2314,1.5
4851223312,83.8674,0,0,-83.8674,83.8674,104,1,-12,26.4705,1.5,0,0,0,10
4851348376,94.8338,0,0,-94.8338,94.8338,168,5,-22,43.5679,1.5,0,0,0,10
4851848444,100.255,0,0,-100.255,100.255,236,8,-22.5,65.6687,1.5,0,0,0,10
4854598419,96.9414,0,0,-96.9414,96.9414,211,11,12.5,60.5652,1.5,0,0,0,10
4865223266,80.7702,0,0,-80.7702,80.7702,58,6,1.5,15.4339,1.5,0,0,0,10
4869348419,100.42,0,0,-100.42,100.42,211,17,28.5,54.7788,1.5,0,0,0,10
4872098300,83.2176,0,0,-83.2176,83.2176,92,19,14.0082,21.9918,1.5,0,0,0,10
4872973319,87.8978,0,0,-87.8978,87.8978,111,4,-16.5462,28.5462,1.5,0,0,0,10
4873348451,102.384,0,0,-102.384,102.384,243,18,30.6044,64.6044,1.5,0,0,0,10
4873973386,95.5851,0,0,-95.5851,95.5851,178,2,-9.21992,52,1.5,0,0,0,10
4876223366,95.1235,0,0,-95.1235,95.1235,158,20,9.35133,44.8513,1.5,0,0,0,10
4880973304,83.6201,0,0,-83.6201,83.6201,96,7,13.2793,24.5,1.5,0,0,0,10
4886348455,100.417,0,0,-100.417,100.417,247,14,-25.2314,68.2314,1.5,0,0,0,10
4891598358,95.6124,0,0,-95.6124,95.6124,150,13,15.4828,40.4828,1.5,0,0,0,10
4896598452,103.825,0,0,-103.825,103.825,244,15,23.0301,68.0301,1.5,0,0,0,10
4897723418,100.507,0,0,-100.507,100.507,210,3,-18.0838,59.5,1.5,0,0,0,10
4897848305,83.5338,0,0,-83.5338,83.5338,97,9,0.540307,27.0403,1.5,0,0,0,10
4898723453,101.937,0,0,-101.937,101.937,245,12,-15.5,70.349,1.5,0,0,0,10
4899848442,96.1052,0,0,-96.1052,96.1052,234,10,-1,68.6136,1.5,0,0,0,10
4900000111,87.8978,0,0,-87.8978,87.8978,111,0,0,0,10,4,-16.6523,28.6523,1.5
4900000178,95.5851,0,0,-95.5851,95.5851,178,0,0,0,10,2,-9.36992,52,1.5
4900250096,83.6201,0,0,-83.6201,83.6201,96,0,0,0,10,7,13.4293,24.5,1.5
4900598322,84.5989,0,0,-84.5989,84.5989,114,16,4.05636,32.5,1.5,0,0,0,10
4900875058,80.7702,0,0,-80.7702,80.7702,58,0,0,0,10,6,1.5,15.2839,1.5
4900875092,83.2176,0,0,-83.2176,83.2176,92,0,0,0,10,19,14.1143,21.8857,1.5
4900875097,83.5338,0,0,-83.5338,83.5338,97,0,0,0,10,9,0.434241,26.9342,1.5
4900875104,83.8674,0,0,-83.8674,83.8674,104,0,0,0,10,1,-12,26.3205,1.5
4900875114,84.5989,0,0,-84.5989,84.5989,114,0,0,0,10,16,4.05636,32.5,1.5
4900875150,95.6124,0,0,-95.6124,95.6124,150,0,0,0,10,13,15.3768,40.3768,1.5
4900875158,95.1235,0,0,-95.1235,95.1235,158,0,0,0,10,20,9.24527,44.7453,1.5
4900875168,94.8338,0,0,-94.8338,94.8338,168,0,0,0,10,5,-22,43.4179,1.5
4900875210,100.507,0,0,-100.507,100.507,210,0,0,0,10,3,-17.9338,59.5,1.5
4900875211,100.42,0,0,-100.42,100.42,211,0,0,0,10,17,28.5,54.6288,1.5
4900875211,96.9414,0,0,-96.9414,96.9414,211,0,0,0,10,11,12.5,60.4152,1.5
4900875234,96.1052,0,0,-96.1052,96.1052,234,0,0,0,10,10,-1,68.4636,1.5
4900875236,100.255,0,0,-100.255,100.255,236,0,0,0,10,8,-22.5,65.5187,1.5
4900875243,102.384,0,0,-102.384,102.384,243,0,0,0,10,18,30.4983,64.4983,1.5
4900875244,103.825,0,0,-103.825,103.825,244,0,0,0,10,15,22.9241,67.9241,1.5
4900875245,101.937,0,0,-101.937,101.937,245,0,0,0,10,12,-15.5,70.199,1.5
4900875247,100.417,0,0,-100.417,100.417,247,0,0,0,10,14,-25.1253,68.1253,1.5
4901223312,83.8674,0,0,-83.8674,83.8674,104,1,-12,26.3205,1.5,0,0,0,10
4901348376,94.8338,0,0,-94.8338,94.8338,168,5,-22,43.4179,1.5,0,0,0,10
4901848444,100.255,0,0,-100.255,100.255,236,8,-22.5,65.5187,1.5,0,0,0,10
4904598419,96.9414,0,0,-96.9414,96.9414,211,11,12.5,60.4152,1.5,0,0,0,10
4915223266,80.7702,0,0,-80.7702,80.7702,58,6,1.5,15.2839,1.5,0,0,0,10
4919348419,100.42,0,0,-100.42,100.42,211,17,28.5,54.6288,1.5,0,0,0,10
4922098300,83.2176,0,0,-83.2176,83.2176,92,19,14.1143,21.8857,1.5,0,0,0,10
4922973319,87.8978,0,0,-87.8978,87.8978,111,4,-16.6523,28.6523,1.5,0,0,0,10
4923348451,102.384,0,0,-102.384,102.384,243,18,30.4983,64.4983,1.5,0,0,0,10
4923973386,95.5851,0,0,-95.5851,95.5851,178,2,-9.36992,52,1.5,0,0,0,10
4926223366,95.1235,0,0,-95.1235,95.1235,158,20,9.24527,44.7453,1.5,0,0,0,10
4930973304,83.6201,0,0,-83.6201,83.6201,96,7,13.4293,24.5,1.5,0,0,0,10
4936348455,100.417,0,0,-100.417,100.417,247,14,-25.1253,68.1253,1.5,0,0,0,10
4941598358,95.6124,0,0,-95.6124,95.6124,150,13,15.3768,40.3768,1.5,0,0,0,10
4946598452,103.825,0,0,-103.825,103.825,244,15,22.9241,67.9241,1.5,0,0,0,10
4947723418,100.507,0,0,-100.507,100.507,210,3,-17.9338,59.5,1.5,0,0,0,10
4947848305,83.5338,0,0,-83.5338,83.5338,97,9,0.434241,26.9342,1.5,0,0,0,10
4948723453,101.937,0,0,-101.937,101.937,245,12,-15.5,70.199,1.5,0,0,0,10
4949848442,96.1052,0,0,-96.1052,96.1052,234,10,-1,68.4636,1.5,0,0,0,10
4950000111,87.8978,0,0,-87.8978,87.8978,111,0,0,0,10,4,-16.6523,28.6523,1.5
4950000178,95.5851,0,0,-95.5851,95.5851,178,0,0,0,10,2,-9.36992,52,1.5
4950250096,83.6201,0,0,-83.6201,83.6201,96,0,0,0,10,7,13.4293,24.5,1.5
4950598322,84.5989,0,0,-84.5989,84.5989,114,16,4.05636,32.5,1.5,0,0,0,10
4950875058,80.7702,0,0,-80.7702,80.7702,58,0,0,0,10,6,1.5,15.2839,1.5
4950875092,83.2176,0,0,-83.2176,83.2176,92,0,0,0,10,19,14.1143,21.8857,1.5
4950875097,83.5338,0,0,-83.5338,83.5338,97,0,0,0,10,9,0.434241,26.9342,1.5
4950875104,83.8674,0,0,-83.8674,83.8674,104,0,0,0,10,1,-12,26.3205,1.5
4950875114,84.5989,0,0,-84.5989,84.5989,114,0,0,0,10,16,4.05636,32.5,1.5
4950875150,95.6124,0,0,-95.6124,95.6124,150,0,0,0,10,13,15.3768,40.3768,1.5
4950875158,95.1235,0,0,-95.1235,95.1235,158,0,0,0,10,20,9.24527,44.7453,1.5
4950875168,94.8338,0,0,-94.8338,94.8338,168,0,0,0,10,5,-22,43.4179,1.5
4950875210,100.507,0,0,-100.507,100.507,210,0,0,0,10,3,-17.9338,59.5,1.5
4950875211,100.42,0,0,-100.42,100.42,211,0,0,0,10,17,28.5,54.6288,1.5
4950875211,96.9414,0,0,-96.9414,96.9414,211,0,0,0,10,11,12.5,60.4152,1.5
4950875234,96.1052,0,0,-96.1052,96.1052,234,0,0,0,10,10,-1,68.4636,1.5
4950875236,100.255,0,0,-100.255,100.255,236,0,0,0,10,8,-22.5,65.5187,1.5
4950875243,102.384,0,0,-102.384,102.384,243,0,0,0,10,18,30.4983,64.4983,1.5
4950875244,103.825,0,0,-103.825,103.825,244,0,0,0,10,15,22.9241,67.9241,1.5
4950875245,101.937,0,0,-101.937,101.937,245,0,0,0,10,12,-15.5,70.199,1.5
4950875247,100.417,0,0,-100.417,100.417,247,0,0,0,10,14,-25.1253,68.1253,1.5
4951223312,83.8674,0,0,-83.8674,83.8674,104,1,-12,26.3205,1.5,0,0,0,10
4951348376,94.8338,0,0,-94.8338,94.8338,168,5,-22,43.4179,1.5,0,0,0,10
4951848444,100.255,0,0,-100.255,100.255,236,8,-22.5,65.5187,1.5,0,0,0,10
4954598419,96.9414,0,0,-96.9414,96.9414,211,11,12.5,60.4152,1.5,0,0,0,10
4965223266,80.7702,0,0,-80.7702,80.7702,58,6,1.5,15.2839,1.5,0,0,0,10
4969348419,100.42,0,0,-100.42,100.42,211,17,28.5,54.6288,1.5,0,0,0,10
4972098300,83.2176,0,0,-83.2176,83.2176,92,19,14.1143,21.8857,1.5,0,0,0,10
4972973319,87.8978,0,0,-87.8978,87.8978,111,4,-16.6523,28.6523,1.5,0,0,0,10
4973348451,102.384,0,0,-102.384,102.384,243,18,30.4983,64.4983,1.5,0,0,0,10
4973973386,95.5851,0,0,-95.5851,95.5851,178,2,-9.36992,52,1.5,0,0,0,10
4976223366,95.1235,0,0,-95.1235,95.1235,158,20,9.24527,44.7453,1.5,0,0,0,10
4980973304,83.6201,0,0,-83.6201,83.6201,96,7,13.4293,24.5,1.5,0,0,0,10
4986348455,100.417,0,0,-100.417,100.417,247,14,-25.1253,68.1253,1.5,0,0,0,10
4991598358,95.6124,0,0,-95.6124,95.6124,150,13,15.3768,40.3768,1.5,0,0,0,10
4996598452,103.825,0,0,-103.825,103.825,244,15,22.9241,67.9241,1.5,0,0,0,10
4997723418,100.507,0,0,-100.507,100.507,210,3,-17.9338,59.5,1.5,0,0,0,10
4997848305,83.5338,0,0,-83.5338,83.5338,97,9,0.434241,26.9342,1.5,0,0,0,10
4998723453,101.937,0,0,-101.937,101.937,245,12,-15.5,70.199,1.5,0,0,0,10
4999848442,96.1052,0,0,-96.1052,96.1052,234,10,-1,68.4636,1.5,0,0,0,10
