Timestamp_ns,Loss_dB,TxAntGain_dB,RxAntGain_dB,PropGain_dB,Pathloss_dB,Delay_ns,SrcId,SrcX,SrcY,SrcZ,DstId,DstX,DstY,DstZ
878,91.6528,0,0,-91.6528,91.6528,878,0,0,0,35,6,-239.821,103.112,1.5
1034,95.2033,0,0,-95.2033,95.2033,1034,0,0,0,35,4,278.814,-131.064,1.5
1076,105.096,0,0,-105.096,105.096,1076,0,0,0,35,7,-14.8918,320.58,1.5
1144,92.8571,0,0,-92.8571,92.8571,1144,0,0,0,35,19,118.482,320.179,1.5
1321,100.666,0,0,-100.666,100.666,1321,0,0,0,35,9,-204.206,337.58,1.5
1341,97.6764,0,0,-97.6764,97.6764,1341,0,0,0,35,1,-22.0711,-400.099,1.5
1447,94.219,0,0,-94.219,94.219,1447,0,0,0,35,16,116.873,416.495,1.5
2062,102.505,0,0,-102.505,102.505,2062,0,0,0,35,13,518.276,335.066,1.5
2134,102.802,0,0,-102.802,102.802,2134,0,0,0,35,2,-617.369,-163.835,1.5
2153,102.881,0,0,-102.881,102.881,2153,0,0,0,35,20,66.4812,641.154,1.5
2293,103.429,0,0,-103.429,103.429,2293,0,0,0,35,5,531.109,-435.214,1.5
2688,104.808,0,0,-104.808,104.808,2688,0,0,0,35,3,599.809,-537.032,1.5
2841,105.291,0,0,-105.291,105.291,2841,0,0,0,35,17,729.674,438.171,1.5
2864,105.361,0,0,-105.361,105.361,2864,0,0,0,35,11,-351.539,782.759,1.5
3159,106.211,0,0,-106.211,106.211,3159,0,0,0,35,10,-942.438,-87.2385,1.5
3175,106.255,0,0,-106.255,106.255,3175,0,0,0,35,8,314.407,-897.787,1.5
3265,106.499,0,0,-106.499,106.499,3265,0,0,0,35,18,935.16,287.396,1.5
3267,106.502,0,0,-106.502,106.502,3267,0,0,0,35,15,581.08,787.547,1.5
3289,106.562,0,0,-106.562,106.562,3289,0,0,0,35,12,-303.538,-937.574,1.5
3310,106.618,0,0,-106.618,106.618,3310,0,0,0,35,14,697.332,-705.332,1.5
17858014,91.6528,0,0,-91.6528,91.6528,878,6,-239.821,103.112,1.5,0,0,0,35
17858170,95.2033,0,0,-95.2033,95.2033,1034,4,278.814,-131.064,1.5,0,0,0,35
17858212,105.096,0,0,-105.096,105.096,1076,7,-14.8918,320.58,1.5,0,0,0,35
17858280,92.8571,0,0,-92.8571,92.8571,1144,19,118.482,320.179,1.5,0,0,0,35
17858457,100.666,0,0,-100.666,100.666,1321,9,-204.206,337.58,1.5,0,0,0,35
17858477,97.6764,0,0,-97.6764,97.6764,1341,1,-22.0711,-400.099,1.5,0,0,0,35
17858583,94.219,0,0,-94.219,94.219,1447,16,116.873,416.495,1.5,0,0,0,35
17859198,102.505,0,0,-102.505,102.505,2062,13,518.276,335.066,1.5,0,0,0,35
17859270,102.802,0,0,-102.802,102.802,2134,2,-617.369,-163.835,1.5,0,0,0,35
17859289,102.881,0,0,-102.881,102.881,2153,20,66.4812,641.154,1.5,0,0,0,35
17859429,103.429,0,0,-103.429,103.429,2293,5,531.109,-435.214,1.5,0,0,0,35
17859824,104.808,0,0,-104.808,104.808,2688,3,599.809,-537.032,1.5,0,0,0,35
17859977,105.291,0,0,-105.291,105.291,2841,17,729.674,438.171,1.5,0,0,0,35
17860000,105.361,0,0,-105.361,105.361,2864,11,-351.539,782.759,1.5,0,0,0,35
17860295,106.211,0,0,-106.211,106.211,3159,10,-942.438,-87.2385,1.5,0,0,0,35
17860311,106.255,0,0,-106.255,106.255,3175,8,314.407,-897.787,1.5,0,0,0,35
17860401,106.499,0,0,-106.499,106.499,3265,18,935.16,287.396,1.5,0,0,0,35
17860403,106.502,0,0,-106.502,106.502,3267,15,581.08,787.547,1.5,0,0,0,35
17860425,106.562,0,0,-106.562,106.562,3289,12,-303.538,-937.574,1.5,0,0,0,35
17860446,106.618,0,0,-106.618,106.618,3310,14,697.332,-705.332,1.5,0,0,0,35
50000878,91.6528,0,0,-91.6528,91.6528,878,0,0,0,35,6,-239.821,103.112,1.5
50001034,95.2033,0,0,-95.2033,95.2033,1034,0,0,0,35,4,278.814,-131.064,1.5
50001076,105.096,0,0,-105.096,105.096,1076,0,0,0,35,7,-14.8918,320.58,1.5
50001144,92.8571,0,0,-92.8571,92.8571,1144,0,0,0,35,19,118.482,320.179,1.5
50001321,100.666,0,0,-100.666,100.666,1321,0,0,0,35,9,-204.206,337.58,1.5
50001341,97.6764,0,0,-97.6764,97.6764,1341,0,0,0,35,1,-22.0711,-400.099,1.5
50001447,94.219,0,0,-94.219,94.219,1447,0,0,0,35,16,116.873,416.495,1.5
50002062,102.505,0,0,-102.505,102.505,2062,0,0,0,35,13,518.276,335.066,1.5
50002134,102.802,0,0,-102.802,102.802,2134,0,0,0,35,2,-617.369,-163.835,1.5
50002153,102.881,0,0,-102.881,102.881,2153,0,0,0,35,20,66.4812,641.154,1.5
50002293,103.429,0,0,-103.429,103.429,2293,0,0,0,35,5,531.109,-435.214,1.5
50002688,104.808,0,0,-104.808,104.808,2688,0,0,0,35,3,599.809,-537.032,1.5
50002841,105.291,0,0,-105.291,105.291,2841,0,0,0,35,17,729.674,438.171,1.5
50002864,105.361,0,0,-105.361,105.361,2864,0,0,0,35,11,-351.539,782.759,1.5
50003159,106.211,0,0,-106.211,106.211,3159,0,0,0,35,10,-942.438,-87.2385,1.5
50003175,106.255,0,0,-106.255,106.255,3175,0,0,0,35,8,314.407,-897.787,1.5
50003265,106.499,0,0,-106.499,106.499,3265,0,0,0,35,18,935.16,287.396,1.5
50003267,106.502,0,0,-106.502,106.502,3267,0,0,0,35,15,581.08,787.547,1.5
50003289,106.562,0,0,-106.562,106.562,3289,0,0,0,35,12,-303.538,-937.574,1.5
50003310,106.618,0,0,-106.618,106.618,3310,0,0,0,35,14,697.332,-705.332,1.5
69788572,105.361,0,0,-105.361,105.361,2864,11,-351.539,782.759,1.5,0,0,0,35
74787155,94.219,0,0,-94.219,94.219,1447,16,116.873,416.495,1.5,0,0,0,35
78788867,106.211,0,0,-106.211,106.211,3159,10,-942.438,-87.2385,1.5,0,0,0,35
84788975,106.502,0,0,-106.502,106.502,3267,15,581.08,787.547,1.5,0,0,0,35
87786784,105.096,0,0,-105.096,105.096,1076,7,-14.8918,320.58,1.5,0,0,0,35
89787049,97.6764,0,0,-97.6764,97.6764,1341,1,-22.0711,-400.099,1.5,0,0,0,35
90788001,103.429,0,0,-103.429,103.429,2293,5,531.109,-435.214,1.5,0,0,0,35
92788997,106.562,0,0,-106.562,106.562,3289,12,-303.538,-937.574,1.5,0,0,0,35
94788883,106.255,0,0,-106.255,106.255,3175,8,314.407,-897.787,1.5,0,0,0,35
96788973,106.499,0,0,-106.499,106.499,3265,18,935.16,287.396,1.5,0,0,0,35
100000878,91.6528,0,0,-91.6528,91.6528,878,0,0,0,35,6,-239.751,102.979,1.5
100001034,95.2033,0,0,-95.2033,95.2033,1034,0,0,0,35,4,278.741,-130.933,1.5
100001076,105.096,0,0,-105.096,105.096,1076,0,0,0,35,7,-14.8078,320.456,1.5
100001144,92.8571,0,0,-92.8571,92.8571,1144,0,0,0,35,19,118.573,320.06,1.5
100001321,100.666,0,0,-100.666,100.666,1321,0,0,0,35,9,-204.274,337.446,1.5
100001341,97.6764,0,0,-97.6764,97.6764,1341,0,0,0,35,1,-22.2173,-400.065,1.5
100001447,94.219,0,0,-94.219,94.219,1447,0,0,0,35,16,116.783,416.375,1.5
100002062,102.503,0,0,-102.503,102.503,2062,0,0,0,35,13,518.13,335.031,1.5
100002134,102.803,0,0,-102.803,102.803,2134,0,0,0,35,2,-617.424,-163.695,1.5
100002153,102.88,0,0,-102.88,102.88,2153,0,0,0,35,20,66.3923,641.034,1.5
100002293,103.427,0,0,-103.427,103.427,2293,0,0,0,35,5,531.011,-435.1,1.5
100002688,104.807,0,0,-104.807,104.807,2688,0,0,0,35,3,599.734,-536.902,1.5
100002841,105.289,0,0,-105.289,105.289,2841,0,0,0,35,17,729.637,438.026,1.5
100002864,105.36,0,0,-105.36,105.36,2864,0,0,0,35,11,-351.516,782.611,1.5
100003159,106.21,0,0,-106.21,106.21,3159,0,0,0,35,10,-942.309,-87.3154,1.5
100003175,106.254,0,0,-106.254,106.254,3175,0,0,0,35,8,314.453,-897.645,1.5
100003265,106.497,0,0,-106.497,106.497,3265,0,0,0,35,18,935.012,287.419,1.5
100003267,106.501,0,0,-106.501,106.501,3267,0,0,0,35,15,580.971,787.444,1.5
100003289,106.561,0,0,-106.561,106.561,3289,0,0,0,35,12,-303.528,-937.425,1.5
100003310,106.616,0,0,-106.616,106.616,3310,0,0,0,35,14,697.226,-705.226,1.5
103786742,95.2033,0,0,-95.2033,95.2033,1034,4,278.741,-130.933,1.5,0,0,0,35
106788549,105.289,0,0,-105.289,105.289,2841,17,729.637,438.026,1.5,0,0,0,35
111787842,102.803,0,0,-102.803,102.803,2134,2,-617.424,-163.695,1.5,0,0,0,35
115787861,102.88,0,0,-102.88,102.88,2153,20,66.3923,641.034,1.5,0,0,0,35
121786586,91.6528,0,0,-91.6528,91.6528,878,6,-239.751,102.979,1.5,0,0,0,35
129786852,92.8571,0,0,-92.8571,92.8571,1144,19,118.573,320.06,1.5,0,0,0,35
130787770,102.503,0,0,-102.503,102.503,2062,13,518.13,335.031,1.5,0,0,0,35
132789018,106.616,0,0,-106.616,106.616,3310,14,697.226,-705.226,1.5,0,0,0,35
141788396,104.807,0,0,-104.807,104.807,2688,3,599.734,-536.902,1.5,0,0,0,35
142787029,100.666,0,0,-100.666,100.666,1321,9,-204.274,337.446,1.5,0,0,0,35
149788572,105.36,0,0,-105.36,105.36,2864,11,-351.516,782.611,1.5,0,0,0,35
150000878,91.6528,0,0,-91.6528,91.6528,878,0,0,0,35,6,-239.751,102.979,1.5
150001034,95.2033,0,0,-95.2033,95.2033,1034,0,0,0,35,4,278.741,-130.933,1.5
150001076,105.096,0,0,-105.096,105.096,1076,0,0,0,35,7,-14.8078,320.456,1.5
150001144,92.8571,0,0,-92.8571,92.8571,1144,0,0,0,35,19,118.573,320.06,1.5
150001321,100.666,0,0,-100.666,100.666,1321,0,0,0,35,9,-204.274,337.446,1.5
150001341,97.6764,0,0,-97.6764,97.6764,1341,0,0,0,35,1,-22.2173,-400.065,1.5
150001447,94.219,0,0,-94.219,94.219,1447,0,0,0,35,16,116.783,416.375,1.5
150002062,102.503,0,0,-102.503,102.503,2062,0,0,0,35,13,518.13,335.031,1.5
150002134,102.803,0,0,-102.803,102.803,2134,0,0,0,35,2,-617.424,-163.695,1.5
150002153,102.88,0,0,-102.88,102.88,2153,0,0,0,35,20,66.3923,641.034,1.5
150002293,103.427,0,0,-103.427,103.427,2293,0,0,0,35,5,531.011,-435.1,1.5
150002688,104.807,0,0,-104.807,104.807,2688,0,0,0,35,3,599.734,-536.902,1.5
150002841,105.289,0,0,-105.289,105.289,2841,0,0,0,35,17,729.637,438.026,1.5
150002864,105.36,0,0,-105.36,105.36,2864,0,0,0,35,11,-351.516,782.611,1.5
150003159,106.21,0,0,-106.21,106.21,3159,0,0,0,35,10,-942.309,-87.3154,1.5
150003175,106.254,0,0,-106.254,106.254,3175,0,0,0,35,8,314.453,-897.645,1.5
150003265,106.497,0,0,-106.497,106.497,3265,0,0,0,35,18,935.012,287.419,1.5
150003267,106.501,0,0,-106.501,106.501,3267,0,0,0,35,15,580.971,787.444,1.5
150003289,106.561,0,0,-106.561,106.561,3289,0,0,0,35,12,-303.528,-937.425,1.5
150003310,106.616,0,0,-106.616,106.616,3310,0,0,0,35,14,697.226,-705.226,1.5
154787155,94.219,0,0,-94.219,94.219,1447,16,116.783,416.375,1.5,0,0,0,35
158788867,106.21,0,0,-106.21,106.21,3159,10,-942.309,-87.3154,1.5,0,0,0,35
164788975,106.501,0,0,-106.501,106.501,3267,15,580.971,787.444,1.5,0,0,0,35
167786784,105.096,0,0,-105.096,105.096,1076,7,-14.8078,320.456,1.5,0,0,0,35
169787049,97.6764,0,0,-97.6764,97.6764,1341,1,-22.2173,-400.065,1.5,0,0,0,35
170788001,103.427,0,0,-103.427,103.427,2293,5,531.011,-435.1,1.5,0,0,0,35
172788997,106.561,0,0,-106.561,106.561,3289,12,-303.528,-937.425,1.5,0,0,0,35
174788883,106.254,0,0,-106.254,106.254,3175,8,314.453,-897.645,1.5,0,0,0,35
176788973,106.497,0,0,-106.497,106.497,3265,18,935.012,287.419,1.5,0,0,0,35
183786742,95.2033,0,0,-95.2033,95.2033,1034,4,278.741,-130.933,1.5,0,0,0,35
186788549,105.289,0,0,-105.289,105.289,2841,17,729.637,438.026,1.5,0,0,0,35
191787842,102.803,0,0,-102.803,102.803,2134,2,-617.424,-163.695,1.5,0,0,0,35
195787861,102.88,0,0,-102.88,102.88,2153,20,66.3923,641.034,1.5,0,0,0,35
200000878,91.6528,0,0,-91.6528,91.6528,878,0,0,0,35,6,-239.681,102.846,1.5
200001034,95.2033,0,0,-95.2033,95.2033,1034,0,0,0,35,4,278.668,-130.802,1.5
200001076,105.096,0,0,-105.096,105.096,1076,0,0,0,35,7,-14.7238,320.331,1.5
200001144,92.8571,0,0,-92.8571,92.8571,1144,0,0,0,35,19,118.664,319.94,1.5
200001321,100.666,0,0,-100.666,100.666,1321,0,0,0,35,9,-204.342,337.312,1.5
200001341,97.6764,0,0,-97.6764,97.6764,1341,0,0,0,35,1,-22.3634,-400.032,1.5
200001447,94.219,0,0,-94.219,94.219,1447,0,0,0,35,16,116.692,416.255,1.5
200002062,102.501,0,0,-102.501,102.501,2062,0,0,0,35,13,517.983,335,1.5
200002134,102.803,0,0,-102.803,102.803,2134,0,0,0,35,2,-617.478,-163.556,1.5
200002153,102.878,0,0,-102.878,102.878,2153,0,0,0,35,20,66.3035,640.913,1.5
200002293,103.425,0,0,-103.425,103.425,2293,0,0,0,35,5,530.914,-434.986,1.5
200002688,104.805,0,0,-104.805,104.805,2688,0,0,0,35,3,599.658,-536.773,1.5
200002841,105.288,0,0,-105.288,105.288,2841,0,0,0,35,17,729.599,437.88,1.5
200002864,105.358,0,0,-105.358,105.358,2864,0,0,0,35,11,-351.5,782.462,1.5
200003159,106.209,0,0,-106.209,106.209,3159,0,0,0,35,10,-942.18,-87.3924,1.5
200003175,106.253,0,0,-106.253,106.253,3175,0,0,0,35,8,314.499,-897.502,1.5
200003265,106.496,0,0,-106.496,106.496,3265,0,0,0,35,18,934.864,287.442,1.5
200003267,106.5,0,0,-106.5,106.5,3267,0,0,0,35,15,580.862,787.341,1.5
200003289,106.559,0,0,-106.559,106.559,3289,0,0,0,35,12,-303.518,-937.275,1.5
200003310,106.615,0,0,-106.615,106.615,3310,0,0,0,35,14,697.12,-705.12,1.5
201786586,91.6528,0,0,-91.6528,91.6528,878,6,-239.681,102.846,1.5,0,0,0,35
209786852,92.8571,0,0,-92.8571,92.8571,1144,19,118.664,319.94,1.5,0,0,0,35
210787770,102.501,0,0,-102.501,102.501,2062,13,517.983,335,1.5,0,0,0,35
212789018,106.615,0,0,-106.615,106.615,3310,14,697.12,-705.12,1.5,0,0,0,35
221788396,104.805,0,0,-104.805,104.805,2688,3,599.658,-536.773,1.5,0,0,0,35
222787029,100.666,0,0,-100.666,100.666,1321,9,-204.342,337.312,1.5,0,0,0,35
229788572,105.358,0,0,-105.358,105.358,2864,11,-351.5,782.462,1.5,0,0,0,35
234787155,94.219,0,0,-94.219,94.219,1447,16,116.692,416.255,1.5,0,0,0,35
238788867,106.209,0,0,-106.209,106.209,3159,10,-942.18,-87.3924,1.5,0,0,0,35
244788975,106.5,0,0,-106.5,106.5,3267,15,580.862,787.341,1.5,0,0,0,35
247786784,105.096,0,0,-105.096,105.096,1076,7,-14.7238,320.331,1.5,0,0,0,35
249787049,97.6764,0,0,-97.6764,97.6764,1341,1,-22.3634,-400.032,1.5,0,0,0,35
250000878,91.6528,0,0,-91.6528,91.6528,878,0,0,0,35,6,-239.681,102.846,1.5
250001034,95.2033,0,0,-95.2033,95.2033,1034,0,0,0,35,4,278.668,-130.802,1.5
250001076,105.096,0,0,-105.096,105.096,1076,0,0,0,35,7,-14.7238,320.331,1.5
250001144,92.8571,0,0,-92.8571,92.8571,1144,0,0,0,35,19,118.664,319.94,1.5
250001321,100.666,0,0,-100.666,100.666,1321,0,0,0,35,9,-204.342,337.312,1.5
250001341,97.6764,0,0,-97.6764,97.6764,1341,0,0,0,35,1,-22.3634,-400.032,1.5
250001447,94.219,0,0,-94.219,94.219,1447,0,0,0,35,16,116.692,416.255,1.5
250002062,102.501,0,0,-102.501,102.501,2062,0,0,0,35,13,517.983,335,1.5
250002134,102.803,0,0,-102.803,102.803,2134,0,0,0,35,2,-617.478,-163.556,1.5
250002153,102.878,0,0,-102.878,102.878,2153,0,0,0,35,20,66.3035,640.913,1.5
250002293,103.425,0,0,-103.425,103.425,2293,0,0,0,35,5,530.914,-434.986,1.5
250002688,104.805,0,0,-104.805,104.805,2688,0,0,0,35,3,599.658,-536.773,1.5
250002841,105.288,0,0,-105.288,105.288,2841,0,0,0,35,17,729.599,437.88,1.5
250002864,105.358,0,0,-105.358,105.358,2864,0,0,0,35,11,-351.5,782.462,1.5
250003159,106.209,0,0,-106.209,106.209,3159,0,0,0,35,10,-942.18,-87.3924,1.5
250003175,106.253,0,0,-106.253,106.253,3175,0,0,0,35,8,314.499,-897.502,1.5
250003265,106.496,0,0,-106.496,106.496,3265,0,0,0,35,18,934.864,287.442,1.5
250003267,106.5,0,0,-106.5,106.5,3267,0,0,0,35,15,580.862,787.341,1.5
250003289,106.559,0,0,-106.559,106.559,3289,0,0,0,35,12,-303.518,-937.275,1.5
250003310,106.615,0,0,-106.615,106.615,3310,0,0,0,35,14,697.12,-705.12,1.5
250788001,103.425,0,0,-103.425,103.425,2293,5,530.914,-434.986,1.5,0,0,0,35
252788997,106.559,0,0,-106.559,106.559,3289,12,-303.518,-937.275,1.5,0,0,0,35
254788883,106.253,0,0,-106.253,106.253,3175,8,314.499,-897.502,1.5,0,0,0,35
256788973,106.496,0,0,-106.496,106.496,3265,18,934.864,287.442,1.5,0,0,0,35
263786742,95.2033,0,0,-95.2033,95.2033,1034,4,278.668,-130.802,1.5,0,0,0,35
266788549,105.288,0,0,-105.288,105.288,2841,17,729.599,437.88,1.5,0,0,0,35
271787842,102.803,0,0,-102.803,102.803,2134,2,-617.478,-163.556,1.5,0,0,0,35
275787861,102.878,0,0,-102.878,102.878,2153,20,66.3035,640.913,1.5,0,0,0,35
281786586,91.6528,0,0,-91.6528,91.6528,878,6,-239.681,102.846,1.5,0,0,0,35
289786852,92.8571,0,0,-92.8571,92.8571,1144,19,118.664,319.94,1.5,0,0,0,35
290787770,102.501,0,0,-102.501,102.501,2062,13,517.983,335,1.5,0,0,0,35
292789018,106.615,0,0,-106.615,106.615,3310,14,697.12,-705.12,1.5,0,0,0,35
300000878,91.6528,0,0,-91.6528,91.6528,878,0,0,0,35,6,-239.612,102.713,1.5
300001034,95.2033,0,0,-95.2033,95.2033,1034,0,0,0,35,4,278.595,-130.671,1.5
300001076,105.096,0,0,-105.096,105.096,1076,0,0,0,35,7,-14.6399,320.207,1.5
300001144,92.8571,0,0,-92.8571,92.8571,1144,0,0,0,35,19,118.755,319.821,1.5
300001321,100.666,0,0,-100.666,100.666,1321,0,0,0,35,9,-204.41,337.178,1.5
300001341,97.6764,0,0,-97.6764,97.6764,1341,0,0,0,35,1,-22.5098,-400,1.5
300001447,94.219,0,0,-94.219,94.219,1447,0,0,0,35,16,116.602,416.135,1.5
300002062,102.499,0,0,-102.499,102.499,2062,0,0,0,35,13,517.833,335,1.5
300002134,102.803,0,0,-102.803,102.803,2134,0,0,0,35,2,-617.5,-163.41,1.5
300002153,102.876,0,0,-102.876,102.876,2153,0,0,0,35,20,66.2146,640.792,1.5
300002293,103.423,0,0,-103.423,103.423,2293,0,0,0,35,5,530.817,-434.871,1.5
300002688,104.804,0,0,-104.804,104.804,2688,0,0,0,35,3,599.583,-536.643,1.5
300002841,105.287,0,0,-105.287,105.287,2841,0,0,0,35,17,729.561,437.735,1.5
300002864,105.357,0,0,-105.357,105.357,2864,0,0,0,35,11,-351.5,782.312,1.5
300003159,106.208,0,0,-106.208,106.208,3159,0,0,0,35,10,-942.051,-87.4694,1.5
300003175,106.252,0,0,-106.252,106.252,3175,0,0,0,35,8,314.5,-897.352,1.5
300003265,106.495,0,0,-106.495,106.495,3265,0,0,0,35,18,934.715,287.466,1.5
300003267,106.498,0,0,-106.498,106.498,3267,0,0,0,35,15,580.753,787.239,1.5
300003289,106.558,0,0,-106.558,106.558,3289,0,0,0,35,12,-303.508,-937.125,1.5
300003310,106.614,0,0,-106.614,106.614,3310,0,0,0,35,14,697.014,-705.014,1.5
301788396,104.804,0,0,-104.804,104.804,2688,3,599.583,-536.643,1.5,0,0,0,35
302787029,100.666,0,0,-100.666,100.666,1321,9,-204.41,337.178,1.5,0,0,0,35
309788572,105.357,0,0,-105.357,105.357,2864,11,-351.5,782.312,1.5,0,0,0,35
314787155,94.219,0,0,-94.219,94.219,1447,16,116.602,416.135,1.5,0,0,0,35
318788867,106.208,0,0,-106.208,106.208,3159,10,-942.051,-87.4694,1.5,0,0,0,35
324788975,106.498,0,0,-106.498,106.498,3267,15,580.753,787.239,1.5,0,0,0,35
327786784,105.096,0,0,-105.096,105.096,1076,7,-14.6399,320.207,1.5,0,0,0,35
329787049,97.6764,0,0,-97.6764,97.6764,1341,1,-22.5098,-400,1.5,0,0,0,35
330788001,103.423,0,0,-103.423,103.423,2293,5,530.817,-434.871,1.5,0,0,0,35
332788997,106.558,0,0,-106.558,106.558,3289,12,-303.508,-937.125,1.5,0,0,0,35
334788883,106.252,0,0,-106.252,106.252,3175,8,314.5,-897.352,1.5,0,0,0,35
336788973,106.495,0,0,-106.495,106.495,3265,18,934.715,287.466,1.5,0,0,0,35
343786742,95.2033,0,0,-95.2033,95.2033,1034,4,278.595,-130.671,1.5,0,0,0,35
346788549,105.287,0,0,-105.287,105.287,2841,17,729.561,437.735,1.5,0,0,0,35
350000878,91.6528,0,0,-91.6528,91.6528,878,0,0,0,35,6,-239.612,102.713,1.5
350001034,95.2033,0,0,-95.2033,95.2033,1034,0,0,0,35,4,278.595,-130.671,1.5
350001076,105.096,0,0,-105.096,105.096,1076,0,0,0,35,7,-14.6399,320.207,1.5
350001144,92.8571,0,0,-92.8571,92.8571,1144,0,0,0,35,19,118.755,319.821,1.5
350001321,100.666,0,0,-100.666,100.666,1321,0,0,0,35,9,-204.41,337.178,1.5
350001341,97.6764,0,0,-97.6764,97.6764,1341,0,0,0,35,1,-22.5098,-400,1.5
350001447,94.219,0,0,-94.219,94.219,1447,0,0,0,35,16,116.602,416.135,1.5
350002062,102.499,0,0,-102.499,102.499,2062,0,0,0,35,13,517.833,335,1.5
350002134,102.803,0,0,-102.803,102.803,2134,0,0,0,35,2,-617.5,-163.41,1.5
350002153,102.876,0,0,-102.876,102.876,2153,0,0,0,35,20,66.2146,640.792,1.5
350002293,103.423,0,0,-103.423,103.423,2293,0,0,0,35,5,530.817,-434.871,1.5
350002688,104.804,0,0,-104.804,104.804,2688,0,0,0,35,3,599.583,-536.643,1.5
350002841,105.287,0,0,-105.287,105.287,2841,0,0,0,35,17,729.561,437.735,1.5
350002864,105.357,0,0,-105.357,105.357,2864,0,0,0,35,11,-351.5,782.312,1.5
350003159,106.208,0,0,-106.208,106.208,3159,0,0,0,35,10,-942.051,-87.4694,1.5
350003175,106.252,0,0,-106.252,106.252,3175,0,0,0,35,8,314.5,-897.352,1.5
350003265,106.495,0,0,-106.495,106.495,3265,0,0,0,35,18,934.715,287.466,1.5
350003267,106.498,0,0,-106.498,106.498,3267,0,0,0,35,15,580.753,787.239,1.5
350003289,106.558,0,0,-106.558,106.558,3289,0,0,0,35,12,-303.508,-937.125,1.5
350003310,106.614,0,0,-106.614,106.614,3310,0,0,0,35,14,697.014,-705.014,1.5
351787842,102.803,0,0,-102.803,102.803,2134,2,-617.5,-163.41,1.5,0,0,0,35
355787861,102.876,0,0,-102.876,102.876,2153,20,66.2146,640.792,1.5,0,0,0,35
361786586,91.6528,0,0,-91.6528,91.6528,878,6,-239.612,102.713,1.5,0,0,0,35
369786852,92.8571,0,0,-92.8571,92.8571,1144,19,118.755,319.821,1.5,0,0,0,35
370787770,102.499,0,0,-102.499,102.499,2062,13,517.833,335,1.5,0,0,0,35
372789018,106.614,0,0,-106.614,106.614,3310,14,697.014,-705.014,1.5,0,0,0,35
381788396,104.804,0,0,-104.804,104.804,2688,3,599.583,-536.643,1.5,0,0,0,35
382787029,100.666,0,0,-100.666,100.666,1321,9,-204.41,337.178,1.5,0,0,0,35
389788572,105.357,0,0,-105.357,105.357,2864,11,-351.5,782.312,1.5,0,0,0,35
394787155,94.219,0,0,-94.219,94.219,1447,16,116.602,416.135,1.5,0,0,0,35
398788867,106.208,0,0,-106.208,106.208,3159,10,-942.051,-87.4694,1.5,0,0,0,35
400000878,91.6528,0,0,-91.6528,91.6528,878,0,0,0,35,6,-239.542,102.58,1.5
400001034,95.2033,0,0,-95.2033,95.2033,1034,0,0,0,35,4,278.522,-130.54,1.5
400001076,105.096,0,0,-105.096,105.096,1076,0,0,0,35,7,-14.5559,320.083,1.5
400001144,92.8571,0,0,-92.8571,92.8571,1144,0,0,0,35,19,118.846,319.702,1.5
400001321,100.666,0,0,-100.666,100.666,1321,0,0,0,35,9,-204.477,337.045,1.5
400001341,97.6764,0,0,-97.6764,97.6764,1341,0,0,0,35,1,-22.6598,-400,1.5
400001447,94.219,0,0,-94.219,94.219,1447,0,0,0,35,16,116.512,416.016,1.5
400002062,102.497,0,0,-102.497,102.497,2062,0,0,0,35,13,517.683,335,1.5
400002134,102.802,0,0,-102.802,102.802,2134,0,0,0,35,2,-617.5,-163.26,1.5
400002153,102.874,0,0,-102.874,102.874,2153,0,0,0,35,20,66.1258,640.671,1.5
400002293,103.421,0,0,-103.421,103.421,2293,0,0,0,35,5,530.719,-434.757,1.5
400002688,104.802,0,0,-104.802,104.802,2688,0,0,0,35,3,599.508,-536.513,1.5
400002841,105.286,0,0,-105.286,105.286,2841,0,0,0,35,17,729.523,437.59,1.5
400002864,105.355,0,0,-105.355,105.355,2864,0,0,0,35,11,-351.5,782.162,1.5
400003159,106.207,0,0,-106.207,106.207,3159,0,0,0,35,10,-941.936,-87.5638,1.5
400003175,106.25,0,0,-106.25,106.25,3175,0,0,0,35,8,314.5,-897.202,1.5
400003265,106.494,0,0,-106.494,106.494,3265,0,0,0,35,18,934.567,287.489,1.5
400003267,106.497,0,0,-106.497,106.497,3267,0,0,0,35,15,580.644,787.136,1.5
400003289,106.557,0,0,-106.557,106.557,3289,0,0,0,35,12,-303.5,-936.976,1.5
400003310,106.613,0,0,-106.613,106.613,3310,0,0,0,35,14,696.908,-704.908,1.5
404788975,106.497,0,0,-106.497,106.497,3267,15,580.644,787.136,1.5,0,0,0,35
407786784,105.096,0,0,-105.096,105.096,1076,7,-14.5559,320.083,1.5,0,0,0,35
409787049,97.6764,0,0,-97.6764,97.6764,1341,1,-22.6598,-400,1.5,0,0,0,35
410788001,103.421,0,0,-103.421,103.421,2293,5,530.719,-434.757,1.5,0,0,0,35
412788997,106.557,0,0,-106.557,106.557,3289,12,-303.5,-936.976,1.5,0,0,0,35
414788883,106.25,0,0,-106.25,106.25,3175,8,314.5,-897.202,1.5,0,0,0,35
416788973,106.494,0,0,-106.494,106.494,3265,18,934.567,287.489,1.5,0,0,0,35
423786742,95.2033,0,0,-95.2033,95.2033,1034,4,278.522,-130.54,1.5,0,0,0,35
426788549,105.286,0,0,-105.286,105.286,2841,17,729.523,437.59,1.5,0,0,0,35
431787842,102.802,0,0,-102.802,102.802,2134,2,-617.5,-163.26,1.5,0,0,0,35
435787861,102.874,0,0,-102.874,102.874,2153,20,66.1258,640.671,1.5,0,0,0,35
441786586,91.6528,0,0,-91.6528,91.6528,878,6,-239.542,102.58,1.5,0,0,0,35
449786852,92.8571,0,0,-92.8571,92.8571,1144,19,118.846,319.702,1.5,0,0,0,35
450000878,91.6528,0,0,-91.6528,91.6528,878,0,0,0,35,6,-239.542,102.58,1.5
450001034,95.2033,0,0,-95.2033,95.2033,1034,0,0,0,35,4,278.522,-130.54,1.5
450001076,105.096,0,0,-105.096,105.096,1076,0,0,0,35,7,-14.5559,320.083,1.5
450001144,92.8571,0,0,-92.8571,92.8571,1144,0,0,0,35,19,118.846,319.702,1.5
450001321,100.666,0,0,-100.666,100.666,1321,0,0,0,35,9,-204.477,337.045,1.5
450001341,97.6764,0,0,-97.6764,97.6764,1341,0,0,0,35,1,-22.6598,-400,1.5
450001447,94.219,0,0,-94.219,94.219,1447,0,0,0,35,16,116.512,416.016,1.5
450002062,102.497,0,0,-102.497,102.497,2062,0,0,0,35,13,517.683,335,1.5
450002134,102.802,0,0,-102.802,102.802,2134,0,0,0,35,2,-617.5,-163.26,1.5
450002153,102.874,0,0,-102.874,102.874,2153,0,0,0,35,20,66.1258,640.671,1.5
450002293,103.421,0,0,-103.421,103.421,2293,0,0,0,35,5,530.719,-434.757,1.5
450002688,104.802,0,0,-104.802,104.802,2688,0,0,0,35,3,599.508,-536.513,1.5
450002841,105.286,0,0,-105.286,105.286,2841,0,0,0,35,17,729.523,437.59,1.5
450002864,105.355,0,0,-105.355,105.355,2864,0,0,0,35,11,-351.5,782.162,1.5
450003159,106.207,0,0,-106.207,106.207,3159,0,0,0,35,10,-941.936,-87.5638,1.5
450003175,106.25,0,0,-106.25,106.25,3175,0,0,0,35,8,314.5,-897.202,1.5
450003265,106.494,0,0,-106.494,106.494,3265,0,0,0,35,18,934.567,287.489,1.5
450003267,106.497,0,0,-106.497,106.497,3267,0,0,0,35,15,580.644,787.136,1.5
450003289,106.557,0,0,-106.557,106.557,3289,0,0,0,35,12,-303.5,-936.976,1.5
450003310,106.613,0,0,-106.613,106.613,3310,0,0,0,35,14,696.908,-704.908,1.5
450787770,102.497,0,0,-102.497,102.497,2062,13,517.683,335,1.5,0,0,0,35
452789018,106.613,0,0,-106.613,106.613,3310,14,696.908,-704.908,1.5,0,0,0,35
461788396,104.802,0,0,-104.802,104.802,2688,3,599.508,-536.513,1.5,0,0,0,35
462787029,100.666,0,0,-100.666,100.666,1321,9,-204.477,337.045,1.5,0,0,0,35
469788572,105.355,0,0,-105.355,105.355,2864,11,-351.5,782.162,1.5,0,0,0,35
474787155,94.219,0,0,-94.219,94.219,1447,16,116.512,416.016,1.5,0,0,0,35
478788867,106.207,0,0,-106.207,106.207,3159,10,-941.936,-87.5638,1.5,0,0,0,35
484788975,106.497,0,0,-106.497,106.497,3267,15,580.644,787.136,1.5,0,0,0,35
487786784,105.096,0,0,-105.096,105.096,1076,7,-14.5559,320.083,1.5,0,0,0,35
489787049,97.6764,0,0,-97.6764,97.6764,1341,1,-22.6598,-400,1.5,0,0,0,35
490788001,103.421,0,0,-103.421,103.421,2293,5,530.719,-434.757,1.5,0,0,0,35
492788997,106.557,0,0,-106.557,106.557,3289,12,-303.5,-936.976,1.5,0,0,0,35
494788883,106.25,0,0,-106.25,106.25,3175,8,314.5,-897.202,1.5,0,0,0,35
496788973,106.494,0,0,-106.494,106.494,3265,18,934.567,287.489,1.5,0,0,0,35
500000878,91.6528,0,0,-91.6528,91.6528,878,0,0,0,35,6,-239.458,102.458,1.5
500001034,95.2033,0,0,-95.2033,95.2033,1034,0,0,0,35,4,278.426,-130.426,1.5
500001076,105.096,0,0,-105.096,105.096,1076,0,0,0,35,7,-14.4645,319.965,1.5
500001144,92.8571,0,0,-92.8571,92.8571,1144,0,0,0,35,19,118.937,319.583,1.5
500001321,100.666,0,0,-100.666,100.666,1321,0,0,0,35,9,-204.571,336.929,1.5
500001341,97.6764,0,0,-97.6764,97.6764,1341,0,0,0,35,1,-22.8098,-400,1.5
500001447,94.219,0,0,-94.219,94.219,1447,0,0,0,35,16,116.408,415.908,1.5
500002062,102.495,0,0,-102.495,102.495,2062,0,0,0,35,13,517.533,335,1.5
500002134,102.802,0,0,-102.802,102.802,2134,0,0,0,35,2,-617.5,-163.11,1.5
500002153,102.873,0,0,-102.873,102.873,2153,0,0,0,35,20,66.0369,640.55,1.5
500002293,103.42,0,0,-103.42,103.42,2293,0,0,0,35,5,530.622,-434.643,1.5
500002688,104.801,0,0,-104.801,104.801,2688,0,0,0,35,3,599.405,-536.405,1.5
500002841,105.285,0,0,-105.285,105.285,2841,0,0,0,35,17,729.5,437.443,1.5
500002864,105.354,0,0,-105.354,105.354,2864,0,0,0,35,11,-351.5,782.012,1.5
500003159,106.206,0,0,-106.206,106.206,3159,0,0,0,35,10,-941.83,-87.6699,1.5
500003175,106.249,0,0,-106.249,106.249,3175,0,0,0,35,8,314.5,-897.052,1.5
500003265,106.493,0,0,-106.493,106.493,3265,0,0,0,35,18,934.418,287.5,1.5
500003267,106.496,0,0,-106.496,106.496,3267,0,0,0,35,15,580.535,787.033,1.5
500003289,106.556,0,0,-106.556,106.556,3289,0,0,0,35,12,-303.5,-936.826,1.5
500003310,106.611,0,0,-106.611,106.611,3310,0,0,0,35,14,696.802,-704.802,1.5
503786742,95.2033,0,0,-95.2033,95.2033,1034,4,278.426,-130.426,1.5,0,0,0,35
506788549,105.285,0,0,-105.285,105.285,2841,17,729.5,437.443,1.5,0,0,0,35
511787842,102.802,0,0,-102.802,102.802,2134,2,-617.5,-163.11,1.5,0,0,0,35
515787861,102.873,0,0,-102.873,102.873,2153,20,66.0369,640.55,1.5,0,0,0,35
521786586,91.6528,0,0,-91.6528,91.6528,878,6,-239.458,102.458,1.5,0,0,0,35
529786852,92.8571,0,0,-92.8571,92.8571,1144,19,118.937,319.583,1.5,0,0,0,35
530787770,102.495,0,0,-102.495,102.495,2062,13,517.533,335,1.5,0,0,0,35
532789018,106.611,0,0,-106.611,106.611,3310,14,696.802,-704.802,1.5,0,0,0,35
541788396,104.801,0,0,-104.801,104.801,2688,3,599.405,-536.405,1.5,0,0,0,35
542787029,100.666,0,0,-100.666,100.666,1321,9,-204.571,336.929,1.5,0,0,0,35
544858477,97.6764,0,0,-97.6764,97.6764,1341,1,-22.8098,-400,1.5,0,0,0,35
549788572,105.354,0,0,-105.354,105.354,2864,11,-351.5,782.012,1.5,0,0,0,35
550000878,91.6528,0,0,-91.6528,91.6528,878,0,0,0,35,6,-239.458,102.458,1.5
550001034,95.2033,0,0,-95.2033,95.2033,1034,0,0,0,35,4,278.426,-130.426,1.5
550001076,105.096,0,0,-105.096,105.096,1076,0,0,0,35,7,-14.4645,319.965,1.5
550001144,92.8571,0,0,-92.8571,92.8571,1144,0,0,0,35,19,118.937,319.583,1.5
550001321,100.666,0,0,-100.666,100.666,1321,0,0,0,35,9,-204.571,336.929,1.5
550001341,97.6764,0,0,-97.6764,97.6764,1341,0,0,0,35,1,-22.8098,-400,1.5
550001447,94.219,0,0,-94.219,94.219,1447,0,0,0,35,16,116.408,415.908,1.5
550002062,102.495,0,0,-102.495,102.495,2062,0,0,0,35,13,517.533,335,1.5
550002134,102.802,0,0,-102.802,102.802,2134,0,0,0,35,2,-617.5,-163.11,1.5
550002153,102.873,0,0,-102.873,102.873,2153,0,0,0,35,20,66.0369,640.55,1.5
550002293,103.42,0,0,-103.42,103.42,2293,0,0,0,35,5,530.622,-434.643,1.5
550002688,104.801,0,0,-104.801,104.801,2688,0,0,0,35,3,599.405,-536.405,1.5
550002841,105.285,0,0,-105.285,105.285,2841,0,0,0,35,17,729.5,437.443,1.5
550002864,105.354,0,0,-105.354,105.354,2864,0,0,0,35,11,-351.5,782.012,1.5
550003159,106.206,0,0,-106.206,106.206,3159,0,0,0,35,10,-941.83,-87.6699,1.5
550003175,106.249,0,0,-106.249,106.249,3175,0,0,0,35,8,314.5,-897.052,1.5
550003265,106.493,0,0,-106.493,106.493,3265,0,0,0,35,18,934.418,287.5,1.5
550003267,106.496,0,0,-106.496,106.496,3267,0,0,0,35,15,580.535,787.033,1.5
550003289,106.556,0,0,-106.556,106.556,3289,0,0,0,35,12,-303.5,-936.826,1.5
550003310,106.611,0,0,-106.611,106.611,3310,0,0,0,35,14,696.802,-704.802,1.5
554787155,94.219,0,0,-94.219,94.219,1447,16,116.408,415.908,1.5,0,0,0,35
558788867,106.206,0,0,-106.206,106.206,3159,10,-941.83,-87.6699,1.5,0,0,0,35
564788975,106.496,0,0,-106.496,106.496,3267,15,580.535,787.033,1.5,0,0,0,35
565859270,102.802,0,0,-102.802,102.802,2134,2,-617.5,-163.11,1.5,0,0,0,35
567786784,105.096,0,0,-105.096,105.096,1076,7,-14.4645,319.965,1.5,0,0,0,35
570788001,103.42,0,0,-103.42,103.42,2293,5,530.622,-434.643,1.5,0,0,0,35
572788997,106.556,0,0,-106.556,106.556,3289,12,-303.5,-936.826,1.5,0,0,0,35
574788883,106.249,0,0,-106.249,106.249,3175,8,314.5,-897.052,1.5,0,0,0,35
576788973,106.493,0,0,-106.493,106.493,3265,18,934.418,287.5,1.5,0,0,0,35
580858170,95.2033,0,0,-95.2033,95.2033,1034,4,278.426,-130.426,1.5,0,0,0,35
586788549,105.285,0,0,-105.285,105.285,2841,17,729.5,437.443,1.5,0,0,0,35
591859824,104.801,0,0,-104.801,104.801,2688,3,599.405,-536.405,1.5,0,0,0,35
594858477,97.6764,0,0,-97.6764,97.6764,1341,1,-22.8098,-400,1.5,0,0,0,35
595787861,102.873,0,0,-102.873,102.873,2153,20,66.0369,640.55,1.5,0,0,0,35
600000878,91.6528,0,0,-91.6528,91.6528,878,0,0,0,35,6,-239.352,102.352,1.5
600001034,95.2033,0,0,-95.2033,95.2033,1034,0,0,0,35,4,278.32,-130.32,1.5
600001076,105.096,0,0,-105.096,105.096,1076,0,0,0,35,7,-14.3584,319.858,1.5
600001144,92.8571,0,0,-92.8571,92.8571,1144,0,0,0,35,19,119.032,319.468,1.5
600001321,100.666,0,0,-100.666,100.666,1321,0,0,0,35,9,-204.677,336.823,1.5
600001341,97.6764,0,0,-97.6764,97.6764,1341,0,0,0,35,1,-22.9598,-400,1.5
600001447,94.219,0,0,-94.219,94.219,1447,0,0,0,35,16,116.302,415.802,1.5
600002062,102.494,0,0,-102.494,102.494,2062,0,0,0,35,13,517.383,335,1.5
600002134,102.801,0,0,-102.801,102.801,2134,0,0,0,35,2,-617.5,-162.96,1.5
600002153,102.871,0,0,-102.871,102.871,2153,0,0,0,35,20,65.938,640.438,1.5
600002293,103.418,0,0,-103.418,103.418,2293,0,0,0,35,5,530.525,-434.529,1.5
600002688,104.799,0,0,-104.799,104.799,2688,0,0,0,35,3,599.299,-536.299,1.5
600002841,105.284,0,0,-105.284,105.284,2841,0,0,0,35,17,729.5,437.293,1.5
600002864,105.353,0,0,-105.353,105.353,2864,0,0,0,35,11,-351.5,781.862,1.5
600003159,106.205,0,0,-106.205,106.205,3159,0,0,0,35,10,-941.724,-87.776,1.5
600003175,106.248,0,0,-106.248,106.248,3175,0,0,0,35,8,314.5,-896.902,1.5
600003265,106.491,0,0,-106.491,106.491,3265,0,0,0,35,18,934.268,287.5,1.5
600003267,106.494,0,0,-106.494,106.494,3267,0,0,0,35,15,580.428,786.928,1.5
600003289,106.554,0,0,-106.554,106.554,3289,0,0,0,35,12,-303.5,-936.676,1.5
600003310,106.61,0,0,-106.61,106.61,3310,0,0,0,35,14,696.696,-704.696,1.5
601786586,91.6528,0,0,-91.6528,91.6528,878,6,-239.352,102.352,1.5,0,0,0,35
609786852,92.8571,0,0,-92.8571,92.8571,1144,19,119.032,319.468,1.5,0,0,0,35
610787770,102.494,0,0,-102.494,102.494,2062,13,517.383,335,1.5,0,0,0,35
612789018,106.61,0,0,-106.61,106.61,3310,14,696.696,-704.696,1.5,0,0,0,35
615859270,102.801,0,0,-102.801,102.801,2134,2,-617.5,-162.96,1.5,0,0,0,35
620859429,103.418,0,0,-103.418,103.418,2293,5,530.525,-434.529,1.5,0,0,0,35
622787029,100.666,0,0,-100.666,100.666,1321,9,-204.677,336.823,1.5,0,0,0,35
629788572,105.353,0,0,-105.353,105.353,2864,11,-351.5,781.862,1.5,0,0,0,35
630858170,95.2033,0,0,-95.2033,95.2033,1034,4,278.32,-130.32,1.5,0,0,0,35
634787155,94.219,0,0,-94.219,94.219,1447,16,116.302,415.802,1.5,0,0,0,35
638788867,106.205,0,0,-106.205,106.205,3159,10,-941.724,-87.776,1.5,0,0,0,35
641859824,104.799,0,0,-104.799,104.799,2688,3,599.299,-536.299,1.5,0,0,0,35
643858212,105.096,0,0,-105.096,105.096,1076,7,-14.3584,319.858,1.5,0,0,0,35
644788975,106.494,0,0,-106.494,106.494,3267,15,580.428,786.928,1.5,0,0,0,35
649787049,97.6764,0,0,-97.6764,97.6764,1341,1,-22.9598,-400,1.5,0,0,0,35
650000878,91.6528,0,0,-91.6528,91.6528,878,0,0,0,35,6,-239.352,102.352,1.5
650001034,95.2033,0,0,-95.2033,95.2033,1034,0,0,0,35,4,278.32,-130.32,1.5
650001076,105.096,0,0,-105.096,105.096,1076,0,0,0,35,7,-14.3584,319.858,1.5
650001144,92.8571,0,0,-92.8571,92.8571,1144,0,0,0,35,19,119.032,319.468,1.5
650001321,100.666,0,0,-100.666,100.666,1321,0,0,0,35,9,-204.677,336.823,1.5
650001341,97.6764,0,0,-97.6764,97.6764,1341,0,0,0,35,1,-22.9598,-400,1.5
650001447,94.219,0,0,-94.219,94.219,1447,0,0,0,35,16,116.302,415.802,1.5
650002062,102.494,0,0,-102.494,102.494,2062,0,0,0,35,13,517.383,335,1.5
650002134,102.801,0,0,-102.801,102.801,2134,0,0,0,35,2,-617.5,-162.96,1.5
650002153,102.871,0,0,-102.871,102.871,2153,0,0,0,35,20,65.938,640.438,1.5
650002293,103.418,0,0,-103.418,103.418,2293,0,0,0,35,5,530.525,-434.529,1.5
650002688,104.799,0,0,-104.799,104.799,2688,0,0,0,35,3,599.299,-536.299,1.5
650002841,105.284,0,0,-105.284,105.284,2841,0,0,0,35,17,729.5,437.293,1.5
650002864,105.353,0,0,-105.353,105.353,2864,0,0,0,35,11,-351.5,781.862,1.5
650003159,106.205,0,0,-106.205,106.205,3159,0,0,0,35,10,-941.724,-87.776,1.5
650003175,106.248,0,0,-106.248,106.248,3175,0,0,0,35,8,314.5,-896.902,1.5
650003265,106.491,0,0,-106.491,106.491,3265,0,0,0,35,18,934.268,287.5,1.5
650003267,106.494,0,0,-106.494,106.494,3267,0,0,0,35,15,580.428,786.928,1.5
650003289,106.554,0,0,-106.554,106.554,3289,0,0,0,35,12,-303.5,-936.676,1.5
650003310,106.61,0,0,-106.61,106.61,3310,0,0,0,35,14,696.696,-704.696,1.5
651858014,91.6528,0,0,-91.6528,91.6528,878,6,-239.352,102.352,1.5,0,0,0,35
652788997,106.554,0,0,-106.554,106.554,3289,12,-303.5,-936.676,1.5,0,0,0,35
654788883,106.248,0,0,-106.248,106.248,3175,8,314.5,-896.902,1.5,0,0,0,35
656788973,106.491,0,0,-106.491,106.491,3265,18,934.268,287.5,1.5,0,0,0,35
666788549,105.284,0,0,-105.284,105.284,2841,17,729.5,437.293,1.5,0,0,0,35
670787843,102.801,0,0,-102.801,102.801,2134,2,-617.5,-162.96,1.5,0,0,0,35
670859429,103.418,0,0,-103.418,103.418,2293,5,530.525,-434.529,1.5,0,0,0,35
675787861,102.871,0,0,-102.871,102.871,2153,20,65.938,640.438,1.5,0,0,0,35
680858170,95.2033,0,0,-95.2033,95.2033,1034,4,278.32,-130.32,1.5,0,0,0,35
685858457,100.666,0,0,-100.666,100.666,1321,9,-204.677,336.823,1.5,0,0,0,35
689786852,92.8571,0,0,-92.8571,92.8571,1144,19,119.032,319.468,1.5,0,0,0,35
690787770,102.494,0,0,-102.494,102.494,2062,13,517.383,335,1.5,0,0,0,35
691859824,104.799,0,0,-104.799,104.799,2688,3,599.299,-536.299,1.5,0,0,0,35
692789018,106.61,0,0,-106.61,106.61,3310,14,696.696,-704.696,1.5,0,0,0,35
693858212,105.096,0,0,-105.096,105.096,1076,7,-14.3584,319.858,1.5,0,0,0,35
699858477,97.6764,0,0,-97.6764,97.6764,1341,1,-22.9598,-400,1.5,0,0,0,35
700000878,91.6528,0,0,-91.6528,91.6528,878,0,0,0,35,6,-239.246,102.246,1.5
700001034,95.2033,0,0,-95.2033,95.2033,1034,0,0,0,35,4,278.214,-130.214,1.5
700001076,105.096,0,0,-105.096,105.096,1076,0,0,0,35,7,-14.2524,319.752,1.5
700001144,92.8571,0,0,-92.8571,92.8571,1144,0,0,0,35,19,119.138,319.362,1.5
700001321,100.666,0,0,-100.666,100.666,1321,0,0,0,35,9,-204.783,336.717,1.5
700001341,97.6764,0,0,-97.6764,97.6764,1341,0,0,0,35,1,-23.1098,-400,1.5
700001447,94.219,0,0,-94.219,94.219,1447,0,0,0,35,16,116.196,415.696,1.5
700002062,102.492,0,0,-102.492,102.492,2062,0,0,0,35,13,517.233,335,1.5
700002134,102.8,0,0,-102.8,102.8,2134,0,0,0,35,2,-617.5,-162.81,1.5
700002153,102.869,0,0,-102.869,102.869,2153,0,0,0,35,20,65.8319,640.332,1.5
700002293,103.416,0,0,-103.416,103.416,2293,0,0,0,35,5,530.421,-434.421,1.5
700002688,104.797,0,0,-104.797,104.797,2688,0,0,0,35,3,599.193,-536.193,1.5
700002841,105.284,0,0,-105.284,105.284,2841,0,0,0,35,17,729.5,437.143,1.5
700002864,105.351,0,0,-105.351,105.351,2864,0,0,0,35,11,-351.5,781.712,1.5
700003159,106.205,0,0,-106.205,106.205,3159,0,0,0,35,10,-941.618,-87.882,1.5
700003175,106.247,0,0,-106.247,106.247,3175,0,0,0,35,8,314.5,-896.752,1.5
700003265,106.49,0,0,-106.49,106.49,3265,0,0,0,35,18,934.118,287.5,1.5
700003267,106.493,0,0,-106.493,106.493,3267,0,0,0,35,15,580.322,786.822,1.5
700003289,106.553,0,0,-106.553,106.553,3289,0,0,0,35,12,-303.5,-936.526,1.5
700003310,106.609,0,0,-106.609,106.609,3310,0,0,0,35,14,696.59,-704.59,1.5
701858014,91.6528,0,0,-91.6528,91.6528,878,6,-239.246,102.246,1.5,0,0,0,35
704860311,106.247,0,0,-106.247,106.247,3175,8,314.5,-896.752,1.5,0,0,0,35
706860295,106.205,0,0,-106.205,106.205,3159,10,-941.618,-87.882,1.5,0,0,0,35
709788572,105.351,0,0,-105.351,105.351,2864,11,-351.5,781.712,1.5,0,0,0,35
714787155,94.219,0,0,-94.219,94.219,1447,16,116.196,415.696,1.5,0,0,0,35
720859429,103.416,0,0,-103.416,103.416,2293,5,530.421,-434.421,1.5,0,0,0,35
722859270,102.8,0,0,-102.8,102.8,2134,2,-617.5,-162.81,1.5,0,0,0,35
724788975,106.493,0,0,-106.493,106.493,3267,15,580.322,786.822,1.5,0,0,0,35
732788997,106.553,0,0,-106.553,106.553,3289,12,-303.5,-936.526,1.5,0,0,0,35
735858457,100.666,0,0,-100.666,100.666,1321,9,-204.783,336.717,1.5,0,0,0,35
736788973,106.49,0,0,-106.49,106.49,3265,18,934.118,287.5,1.5,0,0,0,35
738858170,95.2033,0,0,-95.2033,95.2033,1034,4,278.214,-130.214,1.5,0,0,0,35
741859824,104.797,0,0,-104.797,104.797,2688,3,599.193,-536.193,1.5,0,0,0,35
743858212,105.096,0,0,-105.096,105.096,1076,7,-14.2524,319.752,1.5,0,0,0,35
746788549,105.284,0,0,-105.284,105.284,2841,17,729.5,437.143,1.5,0,0,0,35
750000878,91.6528,0,0,-91.6528,91.6528,878,0,0,0,35,6,-239.246,102.246,1.5
750001034,95.2033,0,0,-95.2033,95.2033,1034,0,0,0,35,4,278.214,-130.214,1.5
750001076,105.096,0,0,-105.096,105.096,1076,0,0,0,35,7,-14.2524,319.752,1.5
750001144,92.8571,0,0,-92.8571,92.8571,1144,0,0,0,35,19,119.138,319.362,1.5
750001321,100.666,0,0,-100.666,100.666,1321,0,0,0,35,9,-204.783,336.717,1.5
750001341,97.6764,0,0,-97.6764,97.6764,1341,0,0,0,35,1,-23.1098,-400,1.5
750001447,94.219,0,0,-94.219,94.219,1447,0,0,0,35,16,116.196,415.696,1.5
750002062,102.492,0,0,-102.492,102.492,2062,0,0,0,35,13,517.233,335,1.5
750002134,102.8,0,0,-102.8,102.8,2134,0,0,0,35,2,-617.5,-162.81,1.5
750002153,102.869,0,0,-102.869,102.869,2153,0,0,0,35,20,65.8319,640.332,1.5
750002293,103.416,0,0,-103.416,103.416,2293,0,0,0,35,5,530.421,-434.421,1.5
750002688,104.797,0,0,-104.797,104.797,2688,0,0,0,35,3,599.193,-536.193,1.5
750002841,105.284,0,0,-105.284,105.284,2841,0,0,0,35,17,729.5,437.143,1.5
750002864,105.351,0,0,-105.351,105.351,2864,0,0,0,35,11,-351.5,781.712,1.5
750003159,106.205,0,0,-106.205,106.205,3159,0,0,0,35,10,-941.618,-87.882,1.5
750003175,106.247,0,0,-106.247,106.247,3175,0,0,0,35,8,314.5,-896.752,1.5
750003265,106.49,0,0,-106.49,106.49,3265,0,0,0,35,18,934.118,287.5,1.5
750003267,106.493,0,0,-106.493,106.493,3267,0,0,0,35,15,580.322,786.822,1.5
750003289,106.553,0,0,-106.553,106.553,3289,0,0,0,35,12,-303.5,-936.526,1.5
750003310,106.609,0,0,-106.609,106.609,3310,0,0,0,35,14,696.59,-704.59,1.5
754860311,106.247,0,0,-106.247,106.247,3175,8,314.5,-896.752,1.5,0,0,0,35
755787861,102.869,0,0,-102.869,102.869,2153,20,65.8319,640.332,1.5,0,0,0,35
756858014,91.6528,0,0,-91.6528,91.6528,878,6,-239.246,102.246,1.5,0,0,0,35
758860295,106.205,0,0,-106.205,106.205,3159,10,-941.618,-87.882,1.5,0,0,0,35
759860000,105.351,0,0,-105.351,105.351,2864,11,-351.5,781.712,1.5,0,0,0,35
769786852,92.8571,0,0,-92.8571,92.8571,1144,19,119.138,319.362,1.5,0,0,0,35
770787770,102.492,0,0,-102.492,102.492,2062,13,517.233,335,1.5,0,0,0,35
770859429,103.416,0,0,-103.416,103.416,2293,5,530.421,-434.421,1.5,0,0,0,35
772789018,106.609,0,0,-106.609,106.609,3310,14,696.59,-704.59,1.5,0,0,0,35
772858477,97.6764,0,0,-97.6764,97.6764,1341,1,-23.1098,-400,1.5,0,0,0,35
773859270,102.8,0,0,-102.8,102.8,2134,2,-617.5,-162.81,1.5,0,0,0,35
782860425,106.553,0,0,-106.553,106.553,3289,12,-303.5,-936.526,1.5,0,0,0,35
785858457,100.666,0,0,-100.666,100.666,1321,9,-204.783,336.717,1.5,0,0,0,35
788858170,95.2033,0,0,-95.2033,95.2033,1034,4,278.214,-130.214,1.5,0,0,0,35
791859824,104.797,0,0,-104.797,104.797,2688,3,599.193,-536.193,1.5,0,0,0,35
793858212,105.096,0,0,-105.096,105.096,1076,7,-14.2524,319.752,1.5,0,0,0,35
794787155,94.219,0,0,-94.219,94.219,1447,16,116.196,415.696,1.5,0,0,0,35
800000878,91.6528,0,0,-91.6528,91.6528,878,0,0,0,35,6,-239.14,102.14,1.5
800001034,95.2033,0,0,-95.2033,95.2033,1034,0,0,0,35,4,278.108,-130.108,1.5
800001076,105.096,0,0,-105.096,105.096,1076,0,0,0,35,7,-14.1463,319.646,1.5
800001144,92.8571,0,0,-92.8571,92.8571,1144,0,0,0,35,19,119.245,319.255,1.5
800001321,100.666,0,0,-100.666,100.666,1321,0,0,0,35,9,-204.889,336.611,1.5
800001341,97.6764,0,0,-97.6764,97.6764,1341,0,0,0,35,1,-23.2598,-400,1.5
800001447,94.219,0,0,-94.219,94.219,1447,0,0,0,35,16,116.09,415.59,1.5
800002062,102.49,0,0,-102.49,102.49,2062,0,0,0,35,13,517.083,335,1.5
800002134,102.8,0,0,-102.8,102.8,2134,0,0,0,35,2,-617.5,-162.66,1.5
800002153,102.868,0,0,-102.868,102.868,2153,0,0,0,35,20,65.7259,640.226,1.5
800002293,103.414,0,0,-103.414,103.414,2293,0,0,0,35,5,530.315,-434.315,1.5
800002688,104.796,0,0,-104.796,104.796,2688,0,0,0,35,3,599.087,-536.087,1.5
800002841,105.283,0,0,-105.283,105.283,2841,0,0,0,35,17,729.5,436.993,1.5
800002864,105.35,0,0,-105.35,105.35,2864,0,0,0,35,11,-351.5,781.562,1.5
800003159,106.204,0,0,-106.204,106.204,3159,0,0,0,35,10,-941.512,-87.9881,1.5
800003175,106.245,0,0,-106.245,106.245,3175,0,0,0,35,8,314.5,-896.602,1.5
800003265,106.489,0,0,-106.489,106.489,3265,0,0,0,35,18,933.968,287.5,1.5
800003267,106.492,0,0,-106.492,106.492,3267,0,0,0,35,15,580.216,786.716,1.5
800003289,106.552,0,0,-106.552,106.552,3289,0,0,0,35,12,-303.5,-936.376,1.5
800003310,106.607,0,0,-106.607,106.607,3310,0,0,0,35,14,696.484,-704.484,1.5
804788975,106.492,0,0,-106.492,106.492,3267,15,580.216,786.716,1.5,0,0,0,35
804860311,106.245,0,0,-106.245,106.245,3175,8,314.5,-896.602,1.5,0,0,0,35
806858014,91.6528,0,0,-91.6528,91.6528,878,6,-239.14,102.14,1.5,0,0,0,35
808860295,106.204,0,0,-106.204,106.204,3159,10,-941.512,-87.9881,1.5,0,0,0,35
809860000,105.35,0,0,-105.35,105.35,2864,11,-351.5,781.562,1.5,0,0,0,35
816788973,106.489,0,0,-106.489,106.489,3265,18,933.968,287.5,1.5,0,0,0,35
820859429,103.414,0,0,-103.414,103.414,2293,5,530.315,-434.315,1.5,0,0,0,35
821430631,102.49,0,0,-102.49,102.49,2062,13,517.083,335,1.5,0,0,0,35
825858477,97.6764,0,0,-97.6764,97.6764,1341,1,-23.2598,-400,1.5,0,0,0,35
826788549,105.283,0,0,-105.283,105.283,2841,17,729.5,436.993,1.5,0,0,0,35
826859270,102.8,0,0,-102.8,102.8,2134,2,-617.5,-162.66,1.5,0,0,0,35
828860446,106.607,0,0,-106.607,106.607,3310,14,696.484,-704.484,1.5,0,0,0,35
835787861,102.868,0,0,-102.868,102.868,2153,20,65.7259,640.226,1.5,0,0,0,35
836860425,106.552,0,0,-106.552,106.552,3289,12,-303.5,-936.376,1.5,0,0,0,35
838858457,100.666,0,0,-100.666,100.666,1321,9,-204.889,336.611,1.5,0,0,0,35
843858212,105.096,0,0,-105.096,105.096,1076,7,-14.1463,319.646,1.5,0,0,0,35
844858170,95.2033,0,0,-95.2033,95.2033,1034,4,278.108,-130.108,1.5,0,0,0,35
844858583,94.219,0,0,-94.219,94.219,1447,16,116.09,415.59,1.5,0,0,0,35
846859824,104.796,0,0,-104.796,104.796,2688,3,599.087,-536.087,1.5,0,0,0,35
849786852,92.8571,0,0,-92.8571,92.8571,1144,19,119.245,319.255,1.5,0,0,0,35
850000878,91.6528,0,0,-91.6528,91.6528,878,0,0,0,35,6,-239.14,102.14,1.5
850001034,95.2033,0,0,-95.2033,95.2033,1034,0,0,0,35,4,278.108,-130.108,1.5
850001076,105.096,0,0,-105.096,105.096,1076,0,0,0,35,7,-14.1463,319.646,1.5
850001144,92.8571,0,0,-92.8571,92.8571,1144,0,0,0,35,19,119.245,319.255,1.5
850001321,100.666,0,0,-100.666,100.666,1321,0,0,0,35,9,-204.889,336.611,1.5
850001341,97.6764,0,0,-97.6764,97.6764,1341,0,0,0,35,1,-23.2598,-400,1.5
850001447,94.219,0,0,-94.219,94.219,1447,0,0,0,35,16,116.09,415.59,1.5
850002062,102.49,0,0,-102.49,102.49,2062,0,0,0,35,13,517.083,335,1.5
850002134,102.8,0,0,-102.8,102.8,2134,0,0,0,35,2,-617.5,-162.66,1.5
850002153,102.868,0,0,-102.868,102.868,2153,0,0,0,35,20,65.7259,640.226,1.5
850002293,103.414,0,0,-103.414,103.414,2293,0,0,0,35,5,530.315,-434.315,1.5
850002688,104.796,0,0,-104.796,104.796,2688,0,0,0,35,3,599.087,-536.087,1.5
850002841,105.283,0,0,-105.283,105.283,2841,0,0,0,35,17,729.5,436.993,1.5
850002864,105.35,0,0,-105.35,105.35,2864,0,0,0,35,11,-351.5,781.562,1.5
850003159,106.204,0,0,-106.204,106.204,3159,0,0,0,35,10,-941.512,-87.9881,1.5
850003175,106.245,0,0,-106.245,106.245,3175,0,0,0,35,8,314.5,-896.602,1.5
850003265,106.489,0,0,-106.489,106.489,3265,0,0,0,35,18,933.968,287.5,1.5
850003267,106.492,0,0,-106.492,106.492,3267,0,0,0,35,15,580.216,786.716,1.5
850003289,106.552,0,0,-106.552,106.552,3289,0,0,0,35,12,-303.5,-936.376,1.5
850003310,106.607,0,0,-106.607,106.607,3310,0,0,0,35,14,696.484,-704.484,1.5
854860311,106.245,0,0,-106.245,106.245,3175,8,314.5,-896.602,1.5,0,0,0,35
854860403,106.492,0,0,-106.492,106.492,3267,15,580.216,786.716,1.5,0,0,0,35
857858014,91.6528,0,0,-91.6528,91.6528,878,6,-239.14,102.14,1.5,0,0,0,35
858860295,106.204,0,0,-106.204,106.204,3159,10,-941.512,-87.9881,1.5,0,0,0,35
859860000,105.35,0,0,-105.35,105.35,2864,11,-351.5,781.562,1.5,0,0,0,35
870859429,103.414,0,0,-103.414,103.414,2293,5,530.315,-434.315,1.5,0,0,0,35
875860401,106.489,0,0,-106.489,106.489,3265,18,933.968,287.5,1.5,0,0,0,35
876859977,105.283,0,0,-105.283,105.283,2841,17,729.5,436.993,1.5,0,0,0,35
877859198,102.49,0,0,-102.49,102.49,2062,13,517.083,335,1.5,0,0,0,35
878860446,106.607,0,0,-106.607,106.607,3310,14,696.484,-704.484,1.5,0,0,0,35
881859270,102.8,0,0,-102.8,102.8,2134,2,-617.5,-162.66,1.5,0,0,0,35
882858477,97.6764,0,0,-97.6764,97.6764,1341,1,-23.2598,-400,1.5,0,0,0,35
886860425,106.552,0,0,-106.552,106.552,3289,12,-303.5,-936.376,1.5,0,0,0,35
888858457,100.666,0,0,-100.666,100.666,1321,9,-204.889,336.611,1.5,0,0,0,35
893858212,105.096,0,0,-105.096,105.096,1076,7,-14.1463,319.646,1.5,0,0,0,35
894858170,95.2033,0,0,-95.2033,95.2033,1034,4,278.108,-130.108,1.5,0,0,0,35
894858583,94.219,0,0,-94.219,94.219,1447,16,116.09,415.59,1.5,0,0,0,35
899858280,92.8571,0,0,-92.8571,92.8571,1144,19,119.245,319.255,1.5,0,0,0,35
900000878,91.6528,0,0,-91.6528,91.6528,878,0,0,0,35,6,-239.034,102.034,1.5
900001034,95.2033,0,0,-95.2033,95.2033,1034,0,0,0,35,4,278.002,-130.002,1.5
900001076,105.096,0,0,-105.096,105.096,1076,0,0,0,35,7,-14.0402,319.54,1.5
900001144,92.8571,0,0,-92.8571,92.8571,1144,0,0,0,35,19,119.351,319.149,1.5
900001321,100.666,0,0,-100.666,100.666,1321,0,0,0,35,9,-204.995,336.505,1.5
900001341,97.6764,0,0,-97.6764,97.6764,1341,0,0,0,35,1,-23.4098,-400,1.5
900001447,94.219,0,0,-94.219,94.219,1447,0,0,0,35,16,115.983,415.483,1.5
900002062,102.488,0,0,-102.488,102.488,2062,0,0,0,35,13,516.933,335,1.5
900002134,102.799,0,0,-102.799,102.799,2134,0,0,0,35,2,-617.5,-162.51,1.5
900002153,102.866,0,0,-102.866,102.866,2153,0,0,0,35,20,65.6198,640.12,1.5
900002293,103.412,0,0,-103.412,103.412,2293,0,0,0,35,5,530.209,-434.209,1.5
900002688,104.794,0,0,-104.794,104.794,2688,0,0,0,35,3,598.981,-535.981,1.5
900002841,105.282,0,0,-105.282,105.282,2841,0,0,0,35,17,729.5,436.843,1.5
900002864,105.348,0,0,-105.348,105.348,2864,0,0,0,35,11,-351.5,781.412,1.5
900003159,106.203,0,0,-106.203,106.203,3159,0,0,0,35,10,-941.406,-88.0942,1.5
900003175,106.244,0,0,-106.244,106.244,3175,0,0,0,35,8,314.5,-896.452,1.5
900003265,106.488,0,0,-106.488,106.488,3265,0,0,0,35,18,933.818,287.5,1.5
900003267,106.49,0,0,-106.49,106.49,3267,0,0,0,35,15,580.109,786.609,1.5
900003289,106.551,0,0,-106.551,106.551,3289,0,0,0,35,12,-303.5,-936.226,1.5
900003310,106.606,0,0,-106.606,106.606,3310,0,0,0,35,14,696.377,-704.377,1.5
904860311,106.244,0,0,-106.244,106.244,3175,8,314.5,-896.452,1.5,0,0,0,35
904860403,106.49,0,0,-106.49,106.49,3267,15,580.109,786.609,1.5,0,0,0,35
905859824,104.794,0,0,-104.794,104.794,2688,3,598.981,-535.981,1.5,0,0,0,35
907858014,91.6528,0,0,-91.6528,91.6528,878,6,-239.034,102.034,1.5,0,0,0,35
909860000,105.348,0,0,-105.348,105.348,2864,11,-351.5,781.412,1.5,0,0,0,35
909860295,106.203,0,0,-106.203,106.203,3159,10,-941.406,-88.0942,1.5,0,0,0,35
915787861,102.866,0,0,-102.866,102.866,2153,20,65.6198,640.12,1.5,0,0,0,35
925788002,103.412,0,0,-103.412,103.412,2293,5,530.209,-434.209,1.5,0,0,0,35
925860401,106.488,0,0,-106.488,106.488,3265,18,933.818,287.5,1.5,0,0,0,35
927859198,102.488,0,0,-102.488,102.488,2062,13,516.933,335,1.5,0,0,0,35
927859977,105.282,0,0,-105.282,105.282,2841,17,729.5,436.843,1.5,0,0,0,35
928860446,106.606,0,0,-106.606,106.606,3310,14,696.377,-704.377,1.5,0,0,0,35
932858477,97.6764,0,0,-97.6764,97.6764,1341,1,-23.4098,-400,1.5,0,0,0,35
932859270,102.799,0,0,-102.799,102.799,2134,2,-617.5,-162.51,1.5,0,0,0,35
936860425,106.551,0,0,-106.551,106.551,3289,12,-303.5,-936.226,1.5,0,0,0,35
938858457,100.666,0,0,-100.666,100.666,1321,9,-204.995,336.505,1.5,0,0,0,35
943858212,105.096,0,0,-105.096,105.096,1076,7,-14.0402,319.54,1.5,0,0,0,35
944858170,95.2033,0,0,-95.2033,95.2033,1034,4,278.002,-130.002,1.5,0,0,0,35
945858583,94.219,0,0,-94.219,94.219,1447,16,115.983,415.483,1.5,0,0,0,35
949858280,92.8571,0,0,-92.8571,92.8571,1144,19,119.351,319.149,1.5,0,0,0,35
950000878,91.6528,0,0,-91.6528,91.6528,878,0,0,0,35,6,-239.034,102.034,1.5
950001034,95.2033,0,0,-95.2033,95.2033,1034,0,0,0,35,4,278.002,-130.002,1.5
950001076,105.096,0,0,-105.096,105.096,1076,0,0,0,35,7,-14.0402,319.54,1.5
950001144,92.8571,0,0,-92.8571,92.8571,1144,0,0,0,35,19,119.351,319.149,1.5
950001321,100.666,0,0,-100.666,100.666,1321,0,0,0,35,9,-204.995,336.505,1.5
950001341,97.6764,0,0,-97.6764,97.6764,1341,0,0,0,35,1,-23.4098,-400,1.5
950001447,94.219,0,0,-94.219,94.219,1447,0,0,0,35,16,115.983,415.483,1.5
950002062,102.488,0,0,-102.488,102.488,2062,0,0,0,35,13,516.933,335,1.5
950002134,102.799,0,0,-102.799,102.799,2134,0,0,0,35,2,-617.5,-162.51,1.5
950002153,102.866,0,0,-102.866,102.866,2153,0,0,0,35,20,65.6198,640.12,1.5
950002293,103.412,0,0,-103.412,103.412,2293,0,0,0,35,5,530.209,-434.209,1.5
950002688,104.794,0,0,-104.794,104.794,2688,0,0,0,35,3,598.981,-535.981,1.5
950002841,105.282,0,0,-105.282,105.282,2841,0,0,0,35,17,729.5,436.843,1.5
950002864,105.348,0,0,-105.348,105.348,2864,0,0,0,35,11,-351.5,781.412,1.5
950003159,106.203,0,0,-106.203,106.203,3159,0,0,0,35,10,-941.406,-88.0942,1.5
950003175,106.244,0,0,-106.244,106.244,3175,0,0,0,35,8,314.5,-896.452,1.5
950003265,106.488,0,0,-106.488,106.488,3265,0,0,0,35,18,933.818,287.5,1.5
950003267,106.49,0,0,-106.49,106.49,3267,0,0,0,35,15,580.109,786.609,1.5
950003289,106.551,0,0,-106.551,106.551,3289,0,0,0,35,12,-303.5,-936.226,1.5
950003310,106.606,0,0,-106.606,106.606,3310,0,0,0,35,14,696.377,-704.377,1.5
954860311,106.244,0,0,-106.244,106.244,3175,8,314.5,-896.452,1.5,0,0,0,35
954860403,106.49,0,0,-106.49,106.49,3267,15,580.109,786.609,1.5,0,0,0,35
955859824,104.794,0,0,-104.794,104.794,2688,3,598.981,-535.981,1.5,0,0,0,35
959858014,91.6528,0,0,-91.6528,91.6528,878,6,-239.034,102.034,1.5,0,0,0,35
959860295,106.203,0,0,-106.203,106.203,3159,10,-941.406,-88.0942,1.5,0,0,0,35
960860000,105.348,0,0,-105.348,105.348,2864,11,-351.5,781.412,1.5,0,0,0,35
965859289,102.866,0,0,-102.866,102.866,2153,20,65.6198,640.12,1.5,0,0,0,35
975859429,103.412,0,0,-103.412,103.412,2293,5,530.209,-434.209,1.5,0,0,0,35
975860401,106.488,0,0,-106.488,106.488,3265,18,933.818,287.5,1.5,0,0,0,35
977859198,102.488,0,0,-102.488,102.488,2062,13,516.933,335,1.5,0,0,0,35
979859977,105.282,0,0,-105.282,105.282,2841,17,729.5,436.843,1.5,0,0,0,35
979860446,106.606,0,0,-106.606,106.606,3310,14,696.377,-704.377,1.5,0,0,0,35
982858477,97.6764,0,0,-97.6764,97.6764,1341,1,-23.4098,-400,1.5,0,0,0,35
982859270,102.799,0,0,-102.799,102.799,2134,2,-617.5,-162.51,1.5,0,0,0,35
986860425,106.551,0,0,-106.551,106.551,3289,12,-303.5,-936.226,1.5,0,0,0,35
988858457,100.666,0,0,-100.666,100.666,1321,9,-204.995,336.505,1.5,0,0,0,35
993858212,105.096,0,0,-105.096,105.096,1076,7,-14.0402,319.54,1.5,0,0,0,35
994858170,95.2033,0,0,-95.2033,95.2033,1034,4,278.002,-130.002,1.5,0,0,0,35
995858583,94.219,0,0,-94.219,94.219,1447,16,115.983,415.483,1.5,0,0,0,35
999858280,92.8571,0,0,-92.8571,92.8571,1144,19,119.351,319.149,1.5,0,0,0,35
1000000878,91.6528,0,0,-91.6528,91.6528,878,0,0,0,35,6,-238.928,101.928,1.5
1000001034,95.2033,0,0,-95.2033,95.2033,1034,0,0,0,35,4,277.896,-129.896,1.5
1000001076,105.096,0,0,-105.096,105.096,1076,0,0,0,35,7,-13.9342,319.434,1.5
1000001144,92.8571,0,0,-92.8571,92.8571,1144,0,0,0,35,19,119.457,319.043,1.5
1000001321,100.666,0,0,-100.666,100.666,1321,0,0,0,35,9,-205.101,336.399,1.5
1000001341,97.6764,0,0,-97.6764,97.6764,1341,0,0,0,35,1,-23.5598,-400,1.5
1000001447,94.219,0,0,-94.219,94.219,1447,0,0,0,35,16,115.877,415.377,1.5
1000002062,102.486,0,0,-102.486,102.486,2062,0,0,0,35,13,516.783,335,1.5
1000002134,102.799,0,0,-102.799,102.799,2134,0,0,0,35,2,-617.5,-162.36,1.5
1000002153,102.865,0,0,-102.865,102.865,2153,0,0,0,35,20,65.5137,640.014,1.5
1000002293,103.41,0,0,-103.41,103.41,2293,0,0,0,35,5,530.103,-434.103,1.5
1000002688,104.793,0,0,-104.793,104.793,2688,0,0,0,35,3,598.874,-535.874,1.5
1000002841,105.281,0,0,-105.281,105.281,2841,0,0,0,35,17,729.5,436.693,1.5
1000002864,105.347,0,0,-105.347,105.347,2864,0,0,0,35,11,-351.5,781.262,1.5
1000003159,106.202,0,0,-106.202,106.202,3159,0,0,0,35,10,-941.3,-88.2002,1.5
1000003175,106.243,0,0,-106.243,106.243,3175,0,0,0,35,8,314.5,-896.302,1.5
1000003265,106.486,0,0,-106.486,106.486,3265,0,0,0,35,18,933.668,287.5,1.5
1000003267,106.489,0,0,-106.489,106.489,3267,0,0,0,35,15,580.003,786.503,1.5
1000003289,106.549,0,0,-106.549,106.549,3289,0,0,0,35,12,-303.5,-936.076,1.5
1000003310,106.605,0,0,-106.605,106.605,3310,0,0,0,35,14,696.271,-704.271,1.5
1004860311,106.243,0,0,-106.243,106.243,3175,8,314.5,-896.302,1.5,0,0,0,35
1004860403,106.489,0,0,-106.489,106.489,3267,15,580.003,786.503,1.5,0,0,0,35
1006859824,104.793,0,0,-104.793,104.793,2688,3,598.874,-535.874,1.5,0,0,0,35
1009858014,91.6528,0,0,-91.6528,91.6528,878,6,-238.928,101.928,1.5,0,0,0,35
1009860295,106.202,0,0,-106.202,106.202,3159,10,-941.3,-88.2002,1.5,0,0,0,35
1010860000,105.347,0,0,-105.347,105.347,2864,11,-351.5,781.262,1.5,0,0,0,35
1015859289,102.865,0,0,-102.865,102.865,2153,20,65.5137,640.014,1.5,0,0,0,35
1025859429,103.41,0,0,-103.41,103.41,2293,5,530.103,-434.103,1.5,0,0,0,35
1025860401,106.486,0,0,-106.486,106.486,3265,18,933.668,287.5,1.5,0,0,0,35
1027859198,102.486,0,0,-102.486,102.486,2062,13,516.783,335,1.5,0,0,0,35
1029860446,106.605,0,0,-106.605,106.605,3310,14,696.271,-704.271,1.5,0,0,0,35
1031859977,105.281,0,0,-105.281,105.281,2841,17,729.5,436.693,1.5,0,0,0,35
1032858477,97.6764,0,0,-97.6764,97.6764,1341,1,-23.5598,-400,1.5,0,0,0,35
1032859270,102.799,0,0,-102.799,102.799,2134,2,-617.5,-162.36,1.5,0,0,0,35
1036860425,106.549,0,0,-106.549,106.549,3289,12,-303.5,-936.076,1.5,0,0,0,35
1039858457,100.666,0,0,-100.666,100.666,1321,9,-205.101,336.399,1.5,0,0,0,35
1043858212,105.096,0,0,-105.096,105.096,1076,7,-13.9342,319.434,1.5,0,0,0,35
1044858170,95.2033,0,0,-95.2033,95.2033,1034,4,277.896,-129.896,1.5,0,0,0,35
1045858583,94.219,0,0,-94.219,94.219,1447,16,115.877,415.377,1.5,0,0,0,35
1049858280,92.8571,0,0,-92.8571,92.8571,1144,19,119.457,319.043,1.5,0,0,0,35
1050000878,91.6528,0,0,-91.6528,91.6528,878,0,0,0,35,6,-238.928,101.928,1.5
1050001034,95.2033,0,0,-95.2033,95.2033,1034,0,0,0,35,4,277.896,-129.896,1.5
1050001076,105.096,0,0,-105.096,105.096,1076,0,0,0,35,7,-13.9342,319.434,1.5
1050001144,92.8571,0,0,-92.8571,92.8571,1144,0,0,0,35,19,119.457,319.043,1.5
1050001321,100.666,0,0,-100.666,100.666,1321,0,0,0,35,9,-205.101,336.399,1.5
1050001341,97.6764,0,0,-97.6764,97.6764,1341,0,0,0,35,1,-23.5598,-400,1.5
1050001447,94.219,0,0,-94.219,94.219,1447,0,0,0,35,16,115.877,415.377,1.5
1050002062,102.486,0,0,-102.486,102.486,2062,0,0,0,35,13,516.783,335,1.5
1050002134,102.799,0,0,-102.799,102.799,2134,0,0,0,35,2,-617.5,-162.36,1.5
1050002153,102.865,0,0,-102.865,102.865,2153,0,0,0,35,20,65.5137,640.014,1.5
1050002293,103.41,0,0,-103.41,103.41,2293,0,0,0,35,5,530.103,-434.103,1.5
1050002688,104.793,0,0,-104.793,104.793,2688,0,0,0,35,3,598.874,-535.874,1.5
1050002841,105.281,0,0,-105.281,105.281,2841,0,0,0,35,17,729.5,436.693,1.5
1050002864,105.347,0,0,-105.347,105.347,2864,0,0,0,35,11,-351.5,781.262,1.5
1050003159,106.202,0,0,-106.202,106.202,3159,0,0,0,35,10,-941.3,-88.2002,1.5
1050003175,106.243,0,0,-106.243,106.243,3175,0,0,0,35,8,314.5,-896.302,1.5
1050003265,106.486,0,0,-106.486,106.486,3265,0,0,0,35,18,933.668,287.5,1.5
1050003267,106.489,0,0,-106.489,106.489,3267,0,0,0,35,15,580.003,786.503,1.5
1050003289,106.549,0,0,-106.549,106.549,3289,0,0,0,35,12,-303.5,-936.076,1.5
1050003310,106.605,0,0,-106.605,106.605,3310,0,0,0,35,14,696.271,-704.271,1.5
1054860311,106.243,0,0,-106.243,106.243,3175,8,314.5,-896.302,1.5,0,0,0,35
1054860403,106.489,0,0,-106.489,106.489,3267,15,580.003,786.503,1.5,0,0,0,35
1056859824,104.793,0,0,-104.793,104.793,2688,3,598.874,-535.874,1.5,0,0,0,35
1059858014,91.6528,0,0,-91.6528,91.6528,878,6,-238.928,101.928,1.5,0,0,0,35
1059860295,106.202,0,0,-106.202,106.202,3159,10,-941.3,-88.2002,1.5,0,0,0,35
1060860000,105.347,0,0,-105.347,105.347,2864,11,-351.5,781.262,1.5,0,0,0,35
1065859289,102.865,0,0,-102.865,102.865,2153,20,65.5137,640.014,1.5,0,0,0,35
1075859429,103.41,0,0,-103.41,103.41,2293,5,530.103,-434.103,1.5,0,0,0,35
1075860401,106.486,0,0,-106.486,106.486,3265,18,933.668,287.5,1.5,0,0,0,35
1077859198,102.486,0,0,-102.486,102.486,2062,13,516.783,335,1.5,0,0,0,35
1079860446,106.605,0,0,-106.605,106.605,3310,14,696.271,-704.271,1.5,0,0,0,35
1081859977,105.281,0,0,-105.281,105.281,2841,17,729.5,436.693,1.5,0,0,0,35
1082858477,97.6764,0,0,-97.6764,97.6764,1341,1,-23.5598,-400,1.5,0,0,0,35
1082859270,102.799,0,0,-102.799,102.799,2134,2,-617.5,-162.36,1.5,0,0,0,35
1086860425,106.549,0,0,-106.549,106.549,3289,12,-303.5,-936.076,1.5,0,0,0,35
1089858457,100.666,0,0,-100.666,100.666,1321,9,-205.101,336.399,1.5,0,0,0,35
1093858212,105.096,0,0,-105.096,105.096,1076,7,-13.9342,319.434,1.5,0,0,0,35
1094858170,95.2033,0,0,-95.2033,95.2033,1034,4,277.896,-129.896,1.5,0,0,0,35
1095858583,94.219,0,0,-94.219,94.219,1447,16,115.877,415.377,1.5,0,0,0,35
1099858280,92.8571,0,0,-92.8571,92.8571,1144,19,119.457,319.043,1.5,0,0,0,35
1100000878,91.6528,0,0,-91.6528,91.6528,878,0,0,0,35,6,-238.822,101.822,1.5
1100001034,95.2033,0,0,-95.2033,95.2033,1034,0,0,0,35,4,277.79,-129.79,1.5
1100001076,105.096,0,0,-105.096,105.096,1076,0,0,0,35,7,-13.8281,319.328,1.5
1100001144,92.8571,0,0,-92.8571,92.8571,1144,0,0,0,35,19,119.563,318.937,1.5
1100001321,100.666,0,0,-100.666,100.666,1321,0,0,0,35,9,-205.207,336.293,1.5
1100001341,97.6764,0,0,-97.6764,97.6764,1341,0,0,0,35,1,-23.7098,-400,1.5
1100001447,94.219,0,0,-94.219,94.219,1447,0,0,0,35,16,115.771,415.271,1.5
1100002062,102.485,0,0,-102.485,102.485,2062,0,0,0,35,13,516.633,335,1.5
1100002134,102.798,0,0,-102.798,102.798,2134,0,0,0,35,2,-617.5,-162.21,1.5
1100002153,102.863,0,0,-102.863,102.863,2153,0,0,0,35,20,65.4077,639.908,1.5
1100002293,103.408,0,0,-103.408,103.408,2293,0,0,0,35,5,529.997,-433.997,1.5
1100002688,104.791,0,0,-104.791,104.791,2688,0,0,0,35,3,598.768,-535.768,1.5
1100002841,105.28,0,0,-105.28,105.28,2841,0,0,0,35,17,729.5,436.543,1.5
1100002864,105.346,0,0,-105.346,105.346,2864,0,0,0,35,11,-351.5,781.112,1.5
1100003159,106.201,0,0,-106.201,106.201,3159,0,0,0,35,10,-941.194,-88.3063,1.5
1100003175,106.241,0,0,-106.241,106.241,3175,0,0,0,35,8,314.5,-896.152,1.5
1100003265,106.485,0,0,-106.485,106.485,3265,0,0,0,35,18,933.518,287.5,1.5
1100003267,106.488,0,0,-106.488,106.488,3267,0,0,0,35,15,579.897,786.397,1.5
1100003289,106.548,0,0,-106.548,106.548,3289,0,0,0,35,12,-303.5,-935.926,1.5
1100003310,106.603,0,0,-106.603,106.603,3310,0,0,0,35,14,696.165,-704.165,1.5
1104860311,106.241,0,0,-106.241,106.241,3175,8,314.5,-896.152,1.5,0,0,0,35
1104860403,106.488,0,0,-106.488,106.488,3267,15,579.897,786.397,1.5,0,0,0,35
1106859824,104.791,0,0,-104.791,104.791,2688,3,598.768,-535.768,1.5,0,0,0,35
1109858014,91.6528,0,0,-91.6528,91.6528,878,6,-238.822,101.822,1.5,0,0,0,35
1109860295,106.201,0,0,-106.201,106.201,3159,10,-941.194,-88.3063,1.5,0,0,0,35
1110860000,105.346,0,0,-105.346,105.346,2864,11,-351.5,781.112,1.5,0,0,0,35
1115859289,102.863,0,0,-102.863,102.863,2153,20,65.4077,639.908,1.5,0,0,0,35
1125859429,103.408,0,0,-103.408,103.408,2293,5,529.997,-433.997,1.5,0,0,0,35
1126788974,106.485,0,0,-106.485,106.485,3265,18,933.518,287.5,1.5,0,0,0,35
1127859198,102.485,0,0,-102.485,102.485,2062,13,516.633,335,1.5,0,0,0,35
1129860446,106.603,0,0,-106.603,106.603,3310,14,696.165,-704.165,1.5,0,0,0,35
1131859977,105.28,0,0,-105.28,105.28,2841,17,729.5,436.543,1.5,0,0,0,35
1132858477,97.6764,0,0,-97.6764,97.6764,1341,1,-23.7098,-400,1.5,0,0,0,35
1132859270,102.798,0,0,-102.798,102.798,2134,2,-617.5,-162.21,1.5,0,0,0,35
1136860425,106.548,0,0,-106.548,106.548,3289,12,-303.5,-935.926,1.5,0,0,0,35
1139858457,100.666,0,0,-100.666,100.666,1321,9,-205.207,336.293,1.5,0,0,0,35
1143858212,105.096,0,0,-105.096,105.096,1076,7,-13.8281,319.328,1.5,0,0,0,35
1144858170,95.2033,0,0,-95.2033,95.2033,1034,4,277.79,-129.79,1.5,0,0,0,35
1145858583,94.219,0,0,-94.219,94.219,1447,16,115.771,415.271,1.5,0,0,0,35
1149858280,92.8571,0,0,-92.8571,92.8571,1144,19,119.563,318.937,1.5,0,0,0,35
1150000878,91.6528,0,0,-91.6528,91.6528,878,0,0,0,35,6,-238.822,101.822,1.5
1150001034,95.2033,0,0,-95.2033,95.2033,1034,0,0,0,35,4,277.79,-129.79,1.5
1150001076,105.096,0,0,-105.096,105.096,1076,0,0,0,35,7,-13.8281,319.328,1.5
1150001144,92.8571,0,0,-92.8571,92.8571,1144,0,0,0,35,19,119.563,318.937,1.5
1150001321,100.666,0,0,-100.666,100.666,1321,0,0,0,35,9,-205.207,336.293,1.5
1150001341,97.6764,0,0,-97.6764,97.6764,1341,0,0,0,35,1,-23.7098,-400,1.5
1150001447,94.219,0,0,-94.219,94.219,1447,0,0,0,35,16,115.771,415.271,1.5
1150002062,102.485,0,0,-102.485,102.485,2062,0,0,0,35,13,516.633,335,1.5
1150002134,102.798,0,0,-102.798,102.798,2134,0,0,0,35,2,-617.5,-162.21,1.5
1150002153,102.863,0,0,-102.863,102.863,2153,0,0,0,35,20,65.4077,639.908,1.5
1150002293,103.408,0,0,-103.408,103.408,2293,0,0,0,35,5,529.997,-433.997,1.5
1150002688,104.791,0,0,-104.791,104.791,2688,0,0,0,35,3,598.768,-535.768,1.5
1150002841,105.28,0,0,-105.28,105.28,2841,0,0,0,35,17,729.5,436.543,1.5
1150002864,105.346,0,0,-105.346,105.346,2864,0,0,0,35,11,-351.5,781.112,1.5
1150003159,106.201,0,0,-106.201,106.201,3159,0,0,0,35,10,-941.194,-88.3063,1.5
1150003175,106.241,0,0,-106.241,106.241,3175,0,0,0,35,8,314.5,-896.152,1.5
1150003265,106.485,0,0,-106.485,106.485,3265,0,0,0,35,18,933.518,287.5,1.5
1150003267,106.488,0,0,-106.488,106.488,3267,0,0,0,35,15,579.897,786.397,1.5
1150003289,106.548,0,0,-106.548,106.548,3289,0,0,0,35,12,-303.5,-935.926,1.5
1150003310,106.603,0,0,-106.603,106.603,3310,0,0,0,35,14,696.165,-704.165,1.5
1154860311,106.241,0,0,-106.241,106.241,3175,8,314.5,-896.152,1.5,0,0,0,35
1154860403,106.488,0,0,-106.488,106.488,3267,15,579.897,786.397,1.5,0,0,0,35
1156859824,104.791,0,0,-104.791,104.791,2688,3,598.768,-535.768,1.5,0,0,0,35
1159858014,91.6528,0,0,-91.6528,91.6528,878,6,-238.822,101.822,1.5,0,0,0,35
1159860295,106.201,0,0,-106.201,106.201,3159,10,-941.194,-88.3063,1.5,0,0,0,35
1160860000,105.346,0,0,-105.346,105.346,2864,11,-351.5,781.112,1.5,0,0,0,35
1165859289,102.863,0,0,-102.863,102.863,2153,20,65.4077,639.908,1.5,0,0,0,35
1175859429,103.408,0,0,-103.408,103.408,2293,5,529.997,-433.997,1.5,0,0,0,35
1176860401,106.485,0,0,-106.485,106.485,3265,18,933.518,287.5,1.5,0,0,0,35
1177859198,102.485,0,0,-102.485,102.485,2062,13,516.633,335,1.5,0,0,0,35
1179860446,106.603,0,0,-106.603,106.603,3310,14,696.165,-704.165,1.5,0,0,0,35
1181859977,105.28,0,0,-105.28,105.28,2841,17,729.5,436.543,1.5,0,0,0,35
1183858477,97.6764,0,0,-97.6764,97.6764,1341,1,-23.7098,-400,1.5,0,0,0,35
1183859270,102.798,0,0,-102.798,102.798,2134,2,-617.5,-162.21,1.5,0,0,0,35
1186860425,106.548,0,0,-106.548,106.548,3289,12,-303.5,-935.926,1.5,0,0,0,35
1190858457,100.666,0,0,-100.666,100.666,1321,9,-205.207,336.293,1.5,0,0,0,35
1193858212,105.096,0,0,-105.096,105.096,1076,7,-13.8281,319.328,1.5,0,0,0,35
1194858170,95.2033,0,0,-95.2033,95.2033,1034,4,277.79,-129.79,1.5,0,0,0,35
1195858583,94.219,0,0,-94.219,94.219,1447,16,115.771,415.271,1.5,0,0,0,35
1199858280,92.8571,0,0,-92.8571,92.8571,1144,19,119.563,318.937,1.5,0,0,0,35
1200000878,91.6528,0,0,-91.6528,91.6528,878,0,0,0,35,6,-238.716,101.716,1.5
1200001034,95.2033,0,0,-95.2033,95.2033,1034,0,0,0,35,4,277.684,-129.684,1.5
1200001076,105.096,0,0,-105.096,105.096,1076,0,0,0,35,7,-13.722,319.222,1.5
1200001144,92.8571,0,0,-92.8571,92.8571,1144,0,0,0,35,19,119.669,318.831,1.5
1200001321,100.666,0,0,-100.666,100.666,1321,0,0,0,35,9,-205.313,336.187,1.5
1200001341,97.6764,0,0,-97.6764,97.6764,1341,0,0,0,35,1,-23.8598,-400,1.5
1200001447,94.219,0,0,-94.219,94.219,1447,0,0,0,35,16,115.665,415.165,1.5
1200002062,102.483,0,0,-102.483,102.483,2062,0,0,0,35,13,516.483,335,1.5
1200002134,102.798,0,0,-102.798,102.798,2134,0,0,0,35,2,-617.5,-162.06,1.5
1200002153,102.862,0,0,-102.862,102.862,2153,0,0,0,35,20,65.3016,639.802,1.5
1200002293,103.406,0,0,-103.406,103.406,2293,0,0,0,35,5,529.891,-433.891,1.5
1200002688,104.789,0,0,-104.789,104.789,2688,0,0,0,35,3,598.662,-535.662,1.5
1200002841,105.28,0,0,-105.28,105.28,2841,0,0,0,35,17,729.5,436.393,1.5
1200002864,105.344,0,0,-105.344,105.344,2864,0,0,0,35,11,-351.5,780.962,1.5
1200003159,106.2,0,0,-106.2,106.2,3159,0,0,0,35,10,-941.088,-88.4124,1.5
1200003175,106.24,0,0,-106.24,106.24,3175,0,0,0,35,8,314.5,-896.002,1.5
1200003265,106.484,0,0,-106.484,106.484,3265,0,0,0,35,18,933.368,287.5,1.5
1200003267,106.486,0,0,-106.486,106.486,3267,0,0,0,35,15,579.791,786.291,1.5
1200003289,106.547,0,0,-106.547,106.547,3289,0,0,0,35,12,-303.5,-935.776,1.5
1200003310,106.602,0,0,-106.602,106.602,3310,0,0,0,35,14,696.059,-704.059,1.5
1204860311,106.24,0,0,-106.24,106.24,3175,8,314.5,-896.002,1.5,0,0,0,35
1204860403,106.486,0,0,-106.486,106.486,3267,15,579.791,786.291,1.5,0,0,0,35
1206859824,104.789,0,0,-104.789,104.789,2688,3,598.662,-535.662,1.5,0,0,0,35
1209858014,91.6528,0,0,-91.6528,91.6528,878,6,-238.716,101.716,1.5,0,0,0,35
1209860295,106.2,0,0,-106.2,106.2,3159,10,-941.088,-88.4124,1.5,0,0,0,35
1210860000,105.344,0,0,-105.344,105.344,2864,11,-351.5,780.962,1.5,0,0,0,35
1215859289,102.862,0,0,-102.862,102.862,2153,20,65.3016,639.802,1.5,0,0,0,35
1225859429,103.406,0,0,-103.406,103.406,2293,5,529.891,-433.891,1.5,0,0,0,35
1226860401,106.484,0,0,-106.484,106.484,3265,18,933.368,287.5,1.5,0,0,0,35
1227859198,102.483,0,0,-102.483,102.483,2062,13,516.483,335,1.5,0,0,0,35
1229860446,106.602,0,0,-106.602,106.602,3310,14,696.059,-704.059,1.5,0,0,0,35
1232859977,105.28,0,0,-105.28,105.28,2841,17,729.5,436.393,1.5,0,0,0,35
1233858477,97.6764,0,0,-97.6764,97.6764,1341,1,-23.8598,-400,1.5,0,0,0,35
1233859270,102.798,0,0,-102.798,102.798,2134,2,-617.5,-162.06,1.5,0,0,0,35
1236860425,106.547,0,0,-106.547,106.547,3289,12,-303.5,-935.776,1.5,0,0,0,35
1240858457,100.666,0,0,-100.666,100.666,1321,9,-205.313,336.187,1.5,0,0,0,35
1243858212,105.096,0,0,-105.096,105.096,1076,7,-13.722,319.222,1.5,0,0,0,35
1244858170,95.2033,0,0,-95.2033,95.2033,1034,4,277.684,-129.684,1.5,0,0,0,35
1245858583,94.219,0,0,-94.219,94.219,1447,16,115.665,415.165,1.5,0,0,0,35
1250000878,91.6528,0,0,-91.6528,91.6528,878,0,0,0,35,6,-238.716,101.716,1.5
1250001034,95.2033,0,0,-95.2033,95.2033,1034,0,0,0,35,4,277.684,-129.684,1.5
1250001076,105.096,0,0,-105.096,105.096,1076,0,0,0,35,7,-13.722,319.222,1.5
1250001144,92.8571,0,0,-92.8571,92.8571,1144,0,0,0,35,19,119.669,318.831,1.5
1250001321,100.666,0,0,-100.666,100.666,1321,0,0,0,35,9,-205.313,336.187,1.5
1250001341,97.6764,0,0,-97.6764,97.6764,1341,0,0,0,35,1,-23.8598,-400,1.5
1250001447,94.219,0,0,-94.219,94.219,1447,0,0,0,35,16,115.665,415.165,1.5
1250002062,102.483,0,0,-102.483,102.483,2062,0,0,0,35,13,516.483,335,1.5
1250002134,102.798,0,0,-102.798,102.798,2134,0,0,0,35,2,-617.5,-162.06,1.5
1250002153,102.862,0,0,-102.862,102.862,2153,0,0,0,35,20,65.3016,639.802,1.5
1250002293,103.406,0,0,-103.406,103.406,2293,0,0,0,35,5,529.891,-433.891,1.5
1250002688,104.789,0,0,-104.789,104.789,2688,0,0,0,35,3,598.662,-535.662,1.5
1250002841,105.28,0,0,-105.28,105.28,2841,0,0,0,35,17,729.5,436.393,1.5
1250002864,105.344,0,0,-105.344,105.344,2864,0,0,0,35,11,-351.5,780.962,1.5
1250003159,106.2,0,0,-106.2,106.2,3159,0,0,0,35,10,-941.088,-88.4124,1.5
1250003175,106.24,0,0,-106.24,106.24,3175,0,0,0,35,8,314.5,-896.002,1.5
1250003265,106.484,0,0,-106.484,106.484,3265,0,0,0,35,18,933.368,287.5,1.5
1250003267,106.486,0,0,-106.486,106.486,3267,0,0,0,35,15,579.791,786.291,1.5
1250003289,106.547,0,0,-106.547,106.547,3289,0,0,0,35,12,-303.5,-935.776,1.5
1250003310,106.602,0,0,-106.602,106.602,3310,0,0,0,35,14,696.059,-704.059,1.5
1250858280,92.8571,0,0,-92.8571,92.8571,1144,19,119.669,318.831,1.5,0,0,0,35
1254860311,106.24,0,0,-106.24,106.24,3175,8,314.5,-896.002,1.5,0,0,0,35
1254860403,106.486,0,0,-106.486,106.486,3267,15,579.791,786.291,1.5,0,0,0,35
1256859824,104.789,0,0,-104.789,104.789,2688,3,598.662,-535.662,1.5,0,0,0,35
1259858014,91.6528,0,0,-91.6528,91.6528,878,6,-238.716,101.716,1.5,0,0,0,35
1259860295,106.2,0,0,-106.2,106.2,3159,10,-941.088,-88.4124,1.5,0,0,0,35
1260860000,105.344,0,0,-105.344,105.344,2864,11,-351.5,780.962,1.5,0,0,0,35
1265859289,102.862,0,0,-102.862,102.862,2153,20,65.3016,639.802,1.5,0,0,0,35
1275859429,103.406,0,0,-103.406,103.406,2293,5,529.891,-433.891,1.5,0,0,0,35
1276860401,106.484,0,0,-106.484,106.484,3265,18,933.368,287.5,1.5,0,0,0,35
1277859198,102.483,0,0,-102.483,102.483,2062,13,516.483,335,1.5,0,0,0,35
1279860446,106.602,0,0,-106.602,106.602,3310,14,696.059,-704.059,1.5,0,0,0,35
1283858477,97.6764,0,0,-97.6764,97.6764,1341,1,-23.8598,-400,1.5,0,0,0,35
1283859270,102.798,0,0,-102.798,102.798,2134,2,-617.5,-162.06,1.5,0,0,0,35
1283859977,105.28,0,0,-105.28,105.28,2841,17,729.5,436.393,1.5,0,0,0,35
1286860425,106.547,0,0,-106.547,106.547,3289,12,-303.5,-935.776,1.5,0,0,0,35
1290858457,100.666,0,0,-100.666,100.666,1321,9,-205.313,336.187,1.5,0,0,0,35
1293858212,105.096,0,0,-105.096,105.096,1076,7,-13.722,319.222,1.5,0,0,0,35
1294858170,95.2033,0,0,-95.2033,95.2033,1034,4,277.684,-129.684,1.5,0,0,0,35
1295858583,94.219,0,0,-94.219,94.219,1447,16,115.665,415.165,1.5,0,0,0,35
1300000878,91.6528,0,0,-91.6528,91.6528,878,0,0,0,35,6,-238.61,101.61,1.5
1300001034,95.2033,0,0,-95.2033,95.2033,1034,0,0,0,35,4,277.578,-129.578,1.5
1300001076,105.096,0,0,-105.096,105.096,1076,0,0,0,35,7,-13.616,319.116,1.5
1300001144,92.8571,0,0,-92.8571,92.8571,1144,0,0,0,35,19,119.775,318.725,1.5
1300001321,100.666,0,0,-100.666,100.666,1321,0,0,0,35,9,-205.419,336.081,1.5
1300001341,97.6764,0,0,-97.6764,97.6764,1341,0,0,0,35,1,-24.0098,-400,1.5
1300001447,94.219,0,0,-94.219,94.219,1447,0,0,0,35,16,115.559,415.059,1.5
1300002062,102.481,0,0,-102.481,102.481,2062,0,0,0,35,13,516.333,335,1.5
1300002134,102.797,0,0,-102.797,102.797,2134,0,0,0,35,2,-617.5,-161.91,1.5
1300002153,102.86,0,0,-102.86,102.86,2153,0,0,0,35,20,65.1956,639.696,1.5
1300002293,103.405,0,0,-103.405,103.405,2293,0,0,0,35,5,529.784,-433.784,1.5
1300002688,104.788,0,0,-104.788,104.788,2688,0,0,0,35,3,598.556,-535.556,1.5
1300002841,105.279,0,0,-105.279,105.279,2841,0,0,0,35,17,729.5,436.243,1.5
1300002864,105.343,0,0,-105.343,105.343,2864,0,0,0,35,11,-351.5,780.812,1.5
1300003159,106.199,0,0,-106.199,106.199,3159,0,0,0,35,10,-940.982,-88.5184,1.5
1300003175,106.239,0,0,-106.239,106.239,3175,0,0,0,35,8,314.5,-895.852,1.5
1300003265,106.482,0,0,-106.482,106.482,3265,0,0,0,35,18,933.218,287.5,1.5
1300003267,106.485,0,0,-106.485,106.485,3267,0,0,0,35,15,579.685,786.185,1.5
1300003289,106.546,0,0,-106.546,106.546,3289,0,0,0,35,12,-303.5,-935.626,1.5
1300003310,106.601,0,0,-106.601,106.601,3310,0,0,0,35,14,695.953,-703.953,1.5
1300858280,92.8571,0,0,-92.8571,92.8571,1144,19,119.775,318.725,1.5,0,0,0,35
1304860311,106.239,0,0,-106.239,106.239,3175,8,314.5,-895.852,1.5,0,0,0,35
1304860403,106.485,0,0,-106.485,106.485,3267,15,579.685,786.185,1.5,0,0,0,35
1306859824,104.788,0,0,-104.788,104.788,2688,3,598.556,-535.556,1.5,0,0,0,35
1309860295,106.199,0,0,-106.199,106.199,3159,10,-940.982,-88.5184,1.5,0,0,0,35
1310858014,91.6528,0,0,-91.6528,91.6528,878,6,-238.61,101.61,1.5,0,0,0,35
1311860000,105.343,0,0,-105.343,105.343,2864,11,-351.5,780.812,1.5,0,0,0,35
1315859289,102.86,0,0,-102.86,102.86,2153,20,65.1956,639.696,1.5,0,0,0,35
1325859429,103.405,0,0,-103.405,103.405,2293,5,529.784,-433.784,1.5,0,0,0,35
1326860401,106.482,0,0,-106.482,106.482,3265,18,933.218,287.5,1.5,0,0,0,35
1327859198,102.481,0,0,-102.481,102.481,2062,13,516.333,335,1.5,0,0,0,35
1329860446,106.601,0,0,-106.601,106.601,3310,14,695.953,-703.953,1.5,0,0,0,35
1333858477,97.6764,0,0,-97.6764,97.6764,1341,1,-24.0098,-400,1.5,0,0,0,35
1333859270,102.797,0,0,-102.797,102.797,2134,2,-617.5,-161.91,1.5,0,0,0,35
1336859977,105.279,0,0,-105.279,105.279,2841,17,729.5,436.243,1.5,0,0,0,35
1336860425,106.546,0,0,-106.546,106.546,3289,12,-303.5,-935.626,1.5,0,0,0,35
1340858457,100.666,0,0,-100.666,100.666,1321,9,-205.419,336.081,1.5,0,0,0,35
1343858212,105.096,0,0,-105.096,105.096,1076,7,-13.616,319.116,1.5,0,0,0,35
1344858170,95.2033,0,0,-95.2033,95.2033,1034,4,277.578,-129.578,1.5,0,0,0,35
1345858583,94.219,0,0,-94.219,94.219,1447,16,115.559,415.059,1.5,0,0,0,35
1350000878,91.6528,0,0,-91.6528,91.6528,878,0,0,0,35,6,-238.61,101.61,1.5
1350001034,95.2033,0,0,-95.2033,95.2033,1034,0,0,0,35,4,277.578,-129.578,1.5
1350001076,105.096,0,0,-105.096,105.096,1076,0,0,0,35,7,-13.616,319.116,1.5
1350001144,92.8571,0,0,-92.8571,92.8571,1144,0,0,0,35,19,119.775,318.725,1.5
1350001321,100.666,0,0,-100.666,100.666,1321,0,0,0,35,9,-205.419,336.081,1.5
1350001341,97.6764,0,0,-97.6764,97.6764,1341,0,0,0,35,1,-24.0098,-400,1.5
1350001447,94.219,0,0,-94.219,94.219,1447,0,0,0,35,16,115.559,415.059,1.5
1350002062,102.481,0,0,-102.481,102.481,2062,0,0,0,35,13,516.333,335,1.5
1350002134,102.797,0,0,-102.797,102.797,2134,0,0,0,35,2,-617.5,-161.91,1.5
1350002153,102.86,0,0,-102.86,102.86,2153,0,0,0,35,20,65.1956,639.696,1.5
1350002293,103.405,0,0,-103.405,103.405,2293,0,0,0,35,5,529.784,-433.784,1.5
1350002688,104.788,0,0,-104.788,104.788,2688,0,0,0,35,3,598.556,-535.556,1.5
1350002841,105.279,0,0,-105.279,105.279,2841,0,0,0,35,17,729.5,436.243,1.5
1350002864,105.343,0,0,-105.343,105.343,2864,0,0,0,35,11,-351.5,780.812,1.5
1350003159,106.199,0,0,-106.199,106.199,3159,0,0,0,35,10,-940.982,-88.5184,1.5
1350003175,106.239,0,0,-106.239,106.239,3175,0,0,0,35,8,314.5,-895.852,1.5
1350003265,106.482,0,0,-106.482,106.482,3265,0,0,0,35,18,933.218,287.5,1.5
1350003267,106.485,0,0,-106.485,106.485,3267,0,0,0,35,15,579.685,786.185,1.5
1350003289,106.546,0,0,-106.546,106.546,3289,0,0,0,35,12,-303.5,-935.626,1.5
1350003310,106.601,0,0,-106.601,106.601,3310,0,0,0,35,14,695.953,-703.953,1.5
1350858280,92.8571,0,0,-92.8571,92.8571,1144,19,119.775,318.725,1.5,0,0,0,35
1354860311,106.239,0,0,-106.239,106.239,3175,8,314.5,-895.852,1.5,0,0,0,35
1354860403,106.485,0,0,-106.485,106.485,3267,15,579.685,786.185,1.5,0,0,0,35
1356859824,104.788,0,0,-104.788,104.788,2688,3,598.556,-535.556,1.5,0,0,0,35
1359860295,106.199,0,0,-106.199,106.199,3159,10,-940.982,-88.5184,1.5,0,0,0,35
1360858014,91.6528,0,0,-91.6528,91.6528,878,6,-238.61,101.61,1.5,0,0,0,35
1361860000,105.343,0,0,-105.343,105.343,2864,11,-351.5,780.812,1.5,0,0,0,35
1365859289,102.86,0,0,-102.86,102.86,2153,20,65.1956,639.696,1.5,0,0,0,35
1375859429,103.405,0,0,-103.405,103.405,2293,5,529.784,-433.784,1.5,0,0,0,35
1376860401,106.482,0,0,-106.482,106.482,3265,18,933.218,287.5,1.5,0,0,0,35
1377859198,102.481,0,0,-102.481,102.481,2062,13,516.333,335,1.5,0,0,0,35
1379860446,106.601,0,0,-106.601,106.601,3310,14,695.953,-703.953,1.5,0,0,0,35
1383858477,97.6764,0,0,-97.6764,97.6764,1341,1,-24.0098,-400,1.5,0,0,0,35
1383859270,102.797,0,0,-102.797,102.797,2134,2,-617.5,-161.91,1.5,0,0,0,35
1386860425,106.546,0,0,-106.546,106.546,3289,12,-303.5,-935.626,1.5,0,0,0,35
1388859977,105.279,0,0,-105.279,105.279,2841,17,729.5,436.243,1.5,0,0,0,35
1391858457,100.666,0,0,-100.666,100.666,1321,9,-205.419,336.081,1.5,0,0,0,35
1393858212,105.096,0,0,-105.096,105.096,1076,7,-13.616,319.116,1.5,0,0,0,35
1394858170,95.2033,0,0,-95.2033,95.2033,1034,4,277.578,-129.578,1.5,0,0,0,35
1395858583,94.219,0,0,-94.219,94.219,1447,16,115.559,415.059,1.5,0,0,0,35
1400000878,91.6528,0,0,-91.6528,91.6528,878,0,0,0,35,6,-238.504,101.504,1.5
1400001034,95.2033,0,0,-95.2033,95.2033,1034,0,0,0,35,4,277.472,-129.472,1.5
1400001076,105.096,0,0,-105.096,105.096,1076,0,0,0,35,7,-13.5099,319.01,1.5
1400001144,92.8571,0,0,-92.8571,92.8571,1144,0,0,0,35,19,119.881,318.619,1.5
1400001321,100.666,0,0,-100.666,100.666,1321,0,0,0,35,9,-205.525,335.975,1.5
1400001341,97.6764,0,0,-97.6764,97.6764,1341,0,0,0,35,1,-24.1598,-400,1.5
1400001447,94.219,0,0,-94.219,94.219,1447,0,0,0,35,16,115.453,414.953,1.5
1400002062,102.479,0,0,-102.479,102.479,2062,0,0,0,35,13,516.183,335,1.5
1400002134,102.797,0,0,-102.797,102.797,2134,0,0,0,35,2,-617.5,-161.76,1.5
1400002153,102.858,0,0,-102.858,102.858,2153,0,0,0,35,20,65.0895,639.589,1.5
1400002293,103.403,0,0,-103.403,103.403,2293,0,0,0,35,5,529.678,-433.678,1.5
1400002688,104.786,0,0,-104.786,104.786,2688,0,0,0,35,3,598.45,-535.45,1.5
1400002841,105.278,0,0,-105.278,105.278,2841,0,0,0,35,17,729.5,436.093,1.5
1400002864,105.342,0,0,-105.342,105.342,2864,0,0,0,35,11,-351.5,780.662,1.5
1400003159,106.198,0,0,-106.198,106.198,3159,0,0,0,35,10,-940.876,-88.6245,1.5
1400003175,106.238,0,0,-106.238,106.238,3175,0,0,0,35,8,314.5,-895.702,1.5
1400003265,106.481,0,0,-106.481,106.481,3265,0,0,0,35,18,933.068,287.5,1.5
1400003267,106.484,0,0,-106.484,106.484,3267,0,0,0,35,15,579.579,786.079,1.5
1400003289,106.544,0,0,-106.544,106.544,3289,0,0,0,35,12,-303.5,-935.476,1.5
1400003310,106.599,0,0,-106.599,106.599,3310,0,0,0,35,14,695.847,-703.847,1.5
1402858280,92.8571,0,0,-92.8571,92.8571,1144,19,119.881,318.619,1.5,0,0,0,35
1404860311,106.238,0,0,-106.238,106.238,3175,8,314.5,-895.702,1.5,0,0,0,35
1404860403,106.484,0,0,-106.484,106.484,3267,15,579.579,786.079,1.5,0,0,0,35
1406859824,104.786,0,0,-104.786,104.786,2688,3,598.45,-535.45,1.5,0,0,0,35
1409860295,106.198,0,0,-106.198,106.198,3159,10,-940.876,-88.6245,1.5,0,0,0,35
1410858014,91.6528,0,0,-91.6528,91.6528,878,6,-238.504,101.504,1.5,0,0,0,35
1411860000,105.342,0,0,-105.342,105.342,2864,11,-351.5,780.662,1.5,0,0,0,35
1415859289,102.858,0,0,-102.858,102.858,2153,20,65.0895,639.589,1.5,0,0,0,35
1425859429,103.403,0,0,-103.403,103.403,2293,5,529.678,-433.678,1.5,0,0,0,35
1426860401,106.481,0,0,-106.481,106.481,3265,18,933.068,287.5,1.5,0,0,0,35
1427859198,102.479,0,0,-102.479,102.479,2062,13,516.183,335,1.5,0,0,0,35
1429860446,106.599,0,0,-106.599,106.599,3310,14,695.847,-703.847,1.5,0,0,0,35
1433858477,97.6764,0,0,-97.6764,97.6764,1341,1,-24.1598,-400,1.5,0,0,0,35
1433859270,102.797,0,0,-102.797,102.797,2134,2,-617.5,-161.76,1.5,0,0,0,35
1436860425,106.544,0,0,-106.544,106.544,3289,12,-303.5,-935.476,1.5,0,0,0,35
1440859977,105.278,0,0,-105.278,105.278,2841,17,729.5,436.093,1.5,0,0,0,35
1441858457,100.666,0,0,-100.666,100.666,1321,9,-205.525,335.975,1.5,0,0,0,35
1443858212,105.096,0,0,-105.096,105.096,1076,7,-13.5099,319.01,1.5,0,0,0,35
1444858170,95.2033,0,0,-95.2033,95.2033,1034,4,277.472,-129.472,1.5,0,0,0,35
1445858583,94.219,0,0,-94.219,94.219,1447,16,115.453,414.953,1.5,0,0,0,35
1450000878,91.6528,0,0,-91.6528,91.6528,878,0,0,0,35,6,-238.504,101.504,1.5
1450001034,95.2033,0,0,-95.2033,95.2033,1034,0,0,0,35,4,277.472,-129.472,1.5
1450001076,105.096,0,0,-105.096,105.096,1076,0,0,0,35,7,-13.5099,319.01,1.5
1450001144,92.8571,0,0,-92.8571,92.8571,1144,0,0,0,35,19,119.881,318.619,1.5
1450001321,100.666,0,0,-100.666,100.666,1321,0,0,0,35,9,-205.525,335.975,1.5
1450001341,97.6764,0,0,-97.6764,97.6764,1341,0,0,0,35,1,-24.1598,-400,1.5
1450001447,94.219,0,0,-94.219,94.219,1447,0,0,0,35,16,115.453,414.953,1.5
1450002062,102.479,0,0,-102.479,102.479,2062,0,0,0,35,13,516.183,335,1.5
1450002134,102.797,0,0,-102.797,102.797,2134,0,0,0,35,2,-617.5,-161.76,1.5
1450002153,102.858,0,0,-102.858,102.858,2153,0,0,0,35,20,65.0895,639.589,1.5
1450002293,103.403,0,0,-103.403,103.403,2293,0,0,0,35,5,529.678,-433.678,1.5
1450002688,104.786,0,0,-104.786,104.786,2688,0,0,0,35,3,598.45,-535.45,1.5
1450002841,105.278,0,0,-105.278,105.278,2841,0,0,0,35,17,729.5,436.093,1.5
1450002864,105.342,0,0,-105.342,105.342,2864,0,0,0,35,11,-351.5,780.662,1.5
1450003159,106.198,0,0,-106.198,106.198,3159,0,0,0,35,10,-940.876,-88.6245,1.5
1450003175,106.238,0,0,-106.238,106.238,3175,0,0,0,35,8,314.5,-895.702,1.5
1450003265,106.481,0,0,-106.481,106.481,3265,0,0,0,35,18,933.068,287.5,1.5
1450003267,106.484,0,0,-106.484,106.484,3267,0,0,0,35,15,579.579,786.079,1.5
1450003289,106.544,0,0,-106.544,106.544,3289,0,0,0,35,12,-303.5,-935.476,1.5
1450003310,106.599,0,0,-106.599,106.599,3310,0,0,0,35,14,695.847,-703.847,1.5
1452858280,92.8571,0,0,-92.8571,92.8571,1144,19,119.881,318.619,1.5,0,0,0,35
1455860311,106.238,0,0,-106.238,106.238,3175,8,314.5,-895.702,1.5,0,0,0,35
1455860403,106.484,0,0,-106.484,106.484,3267,15,579.579,786.079,1.5,0,0,0,35
1456859824,104.786,0,0,-104.786,104.786,2688,3,598.45,-535.45,1.5,0,0,0,35
1459860295,106.198,0,0,-106.198,106.198,3159,10,-940.876,-88.6245,1.5,0,0,0,35
1460858014,91.6528,0,0,-91.6528,91.6528,878,6,-238.504,101.504,1.5,0,0,0,35
1461860000,105.342,0,0,-105.342,105.342,2864,11,-351.5,780.662,1.5,0,0,0,35
1465859289,102.858,0,0,-102.858,102.858,2153,20,65.0895,639.589,1.5,0,0,0,35
1475859429,103.403,0,0,-103.403,103.403,2293,5,529.678,-433.678,1.5,0,0,0,35
1476860401,106.481,0,0,-106.481,106.481,3265,18,933.068,287.5,1.5,0,0,0,35
1477859198,102.479,0,0,-102.479,102.479,2062,13,516.183,335,1.5,0,0,0,35
1479860446,106.599,0,0,-106.599,106.599,3310,14,695.847,-703.847,1.5,0,0,0,35
1483858477,97.6764,0,0,-97.6764,97.6764,1341,1,-24.1598,-400,1.5,0,0,0,35
1483859270,102.797,0,0,-102.797,102.797,2134,2,-617.5,-161.76,1.5,0,0,0,35
1487860425,106.544,0,0,-106.544,106.544,3289,12,-303.5,-935.476,1.5,0,0,0,35
1491858457,100.666,0,0,-100.666,100.666,1321,9,-205.525,335.975,1.5,0,0,0,35
1492859977,105.278,0,0,-105.278,105.278,2841,17,729.5,436.093,1.5,0,0,0,35
1493858212,105.096,0,0,-105.096,105.096,1076,7,-13.5099,319.01,1.5,0,0,0,35
1494858170,95.2033,0,0,-95.2033,95.2033,1034,4,277.472,-129.472,1.5,0,0,0,35
1495858583,94.219,0,0,-94.219,94.219,1447,16,115.453,414.953,1.5,0,0,0,35
1500000878,91.6528,0,0,-91.6528,91.6528,878,0,0,0,35,6,-238.398,101.398,1.5
1500001034,95.2033,0,0,-95.2033,95.2033,1034,0,0,0,35,4,277.366,-129.366,1.5
1500001076,105.096,0,0,-105.096,105.096,1076,0,0,0,35,7,-13.4038,318.904,1.5
1500001144,92.8571,0,0,-92.8571,92.8571,1144,0,0,0,35,19,119.987,318.513,1.5
1500001321,100.666,0,0,-100.666,100.666,1321,0,0,0,35,9,-205.631,335.869,1.5
1500001341,97.6764,0,0,-97.6764,97.6764,1341,0,0,0,35,1,-24.3098,-400,1.5
1500001447,94.219,0,0,-94.219,94.219,1447,0,0,0,35,16,115.347,414.847,1.5
1500002062,102.478,0,0,-102.478,102.478,2062,0,0,0,35,13,516.033,335,1.5
1500002134,102.796,0,0,-102.796,102.796,2134,0,0,0,35,2,-617.5,-161.61,1.5
1500002153,102.857,0,0,-102.857,102.857,2153,0,0,0,35,20,64.9834,639.483,1.5
1500002293,103.401,0,0,-103.401,103.401,2293,0,0,0,35,5,529.572,-433.572,1.5
1500002688,104.784,0,0,-104.784,104.784,2688,0,0,0,35,3,598.344,-535.344,1.5
1500002841,105.277,0,0,-105.277,105.277,2841,0,0,0,35,17,729.5,435.943,1.5
1500002864,105.34,0,0,-105.34,105.34,2864,0,0,0,35,11,-351.5,780.512,1.5
1500003159,106.198,0,0,-106.198,106.198,3159,0,0,0,35,10,-940.769,-88.7306,1.5
1500003175,106.236,0,0,-106.236,106.236,3175,0,0,0,35,8,314.5,-895.552,1.5
1500003265,106.48,0,0,-106.48,106.48,3265,0,0,0,35,18,932.918,287.5,1.5
1500003267,106.482,0,0,-106.482,106.482,3267,0,0,0,35,15,579.473,785.973,1.5
1500003289,106.543,0,0,-106.543,106.543,3289,0,0,0,35,12,-303.5,-935.326,1.5
1500003310,106.598,0,0,-106.598,106.598,3310,0,0,0,35,14,695.741,-703.741,1.5
1502858280,92.8571,0,0,-92.8571,92.8571,1144,19,119.987,318.513,1.5,0,0,0,35
1505860311,106.236,0,0,-106.236,106.236,3175,8,314.5,-895.552,1.5,0,0,0,35
1505860403,106.482,0,0,-106.482,106.482,3267,15,579.473,785.973,1.5,0,0,0,35
1506859824,104.784,0,0,-104.784,104.784,2688,3,598.344,-535.344,1.5,0,0,0,35
1509860295,106.198,0,0,-106.198,106.198,3159,10,-940.769,-88.7306,1.5,0,0,0,35
1510858014,91.6528,0,0,-91.6528,91.6528,878,6,-238.398,101.398,1.5,0,0,0,35
1511860000,105.34,0,0,-105.34,105.34,2864,11,-351.5,780.512,1.5,0,0,0,35
1515859289,102.857,0,0,-102.857,102.857,2153,20,64.9834,639.483,1.5,0,0,0,35
1525859429,103.401,0,0,-103.401,103.401,2293,5,529.572,-433.572,1.5,0,0,0,35
1526860401,106.48,0,0,-106.48,106.48,3265,18,932.918,287.5,1.5,0,0,0,35
1527859198,102.478,0,0,-102.478,102.478,2062,13,516.033,335,1.5,0,0,0,35
1529860446,106.598,0,0,-106.598,106.598,3310,14,695.741,-703.741,1.5,0,0,0,35
1534858477,97.6764,0,0,-97.6764,97.6764,1341,1,-24.3098,-400,1.5,0,0,0,35
1534859270,102.796,0,0,-102.796,102.796,2134,2,-617.5,-161.61,1.5,0,0,0,35
1537860425,106.543,0,0,-106.543,106.543,3289,12,-303.5,-935.326,1.5,0,0,0,35
1541858457,100.666,0,0,-100.666,100.666,1321,9,-205.631,335.869,1.5,0,0,0,35
1542859977,105.277,0,0,-105.277,105.277,2841,17,729.5,435.943,1.5,0,0,0,35
1543858212,105.096,0,0,-105.096,105.096,1076,7,-13.4038,318.904,1.5,0,0,0,35
1544858170,95.2033,0,0,-95.2033,95.2033,1034,4,277.366,-129.366,1.5,0,0,0,35
1545858583,94.219,0,0,-94.219,94.219,1447,16,115.347,414.847,1.5,0,0,0,35
1550000878,91.6528,0,0,-91.6528,91.6528,878,0,0,0,35,6,-238.398,101.398,1.5
1550001034,95.2033,0,0,-95.2033,95.2033,1034,0,0,0,35,4,277.366,-129.366,1.5
1550001076,105.096,0,0,-105.096,105.096,1076,0,0,0,35,7,-13.4038,318.904,1.5
1550001144,92.8571,0,0,-92.8571,92.8571,1144,0,0,0,35,19,119.987,318.513,1.5
1550001321,100.666,0,0,-100.666,100.666,1321,0,0,0,35,9,-205.631,335.869,1.5
1550001341,97.6764,0,0,-97.6764,97.6764,1341,0,0,0,35,1,-24.3098,-400,1.5
1550001447,94.219,0,0,-94.219,94.219,1447,0,0,0,35,16,115.347,414.847,1.5
1550002062,102.478,0,0,-102.478,102.478,2062,0,0,0,35,13,516.033,335,1.5
1550002134,102.796,0,0,-102.796,102.796,2134,0,0,0,35,2,-617.5,-161.61,1.5
1550002153,102.857,0,0,-102.857,102.857,2153,0,0,0,35,20,64.9834,639.483,1.5
1550002293,103.401,0,0,-103.401,103.401,2293,0,0,0,35,5,529.572,-433.572,1.5
1550002688,104.784,0,0,-104.784,104.784,2688,0,0,0,35,3,598.344,-535.344,1.5
1550002841,105.277,0,0,-105.277,105.277,2841,0,0,0,35,17,729.5,435.943,1.5
1550002864,105.34,0,0,-105.34,105.34,2864,0,0,0,35,11,-351.5,780.512,1.5
1550003159,106.198,0,0,-106.198,106.198,3159,0,0,0,35,10,-940.769,-88.7306,1.5
1550003175,106.236,0,0,-106.236,106.236,3175,0,0,0,35,8,314.5,-895.552,1.5
1550003265,106.48,0,0,-106.48,106.48,3265,0,0,0,35,18,932.918,287.5,1.5
1550003267,106.482,0,0,-106.482,106.482,3267,0,0,0,35,15,579.473,785.973,1.5
1550003289,106.543,0,0,-106.543,106.543,3289,0,0,0,35,12,-303.5,-935.326,1.5
1550003310,106.598,0,0,-106.598,106.598,3310,0,0,0,35,14,695.741,-703.741,1.5
1552858280,92.8571,0,0,-92.8571,92.8571,1144,19,119.987,318.513,1.5,0,0,0,35
1555860311,106.236,0,0,-106.236,106.236,3175,8,314.5,-895.552,1.5,0,0,0,35
1555860403,106.482,0,0,-106.482,106.482,3267,15,579.473,785.973,1.5,0,0,0,35
1556859824,104.784,0,0,-104.784,104.784,2688,3,598.344,-535.344,1.5,0,0,0,35
1559860295,106.198,0,0,-106.198,106.198,3159,10,-940.769,-88.7306,1.5,0,0,0,35
1561786586,91.6528,0,0,-91.6528,91.6528,878,6,-238.398,101.398,1.5,0,0,0,35
1561860000,105.34,0,0,-105.34,105.34,2864,11,-351.5,780.512,1.5,0,0,0,35
1565859289,102.857,0,0,-102.857,102.857,2153,20,64.9834,639.483,1.5,0,0,0,35
1575859429,103.401,0,0,-103.401,103.401,2293,5,529.572,-433.572,1.5,0,0,0,35
1577859198,102.478,0,0,-102.478,102.478,2062,13,516.033,335,1.5,0,0,0,35
1577860401,106.48,0,0,-106.48,106.48,3265,18,932.918,287.5,1.5,0,0,0,35
1579860446,106.598,0,0,-106.598,106.598,3310,14,695.741,-703.741,1.5,0,0,0,35
1585858477,97.6764,0,0,-97.6764,97.6764,1341,1,-24.3098,-400,1.5,0,0,0,35
1585859270,102.796,0,0,-102.796,102.796,2134,2,-617.5,-161.61,1.5,0,0,0,35
1587860425,106.543,0,0,-106.543,106.543,3289,12,-303.5,-935.326,1.5,0,0,0,35
1591858457,100.666,0,0,-100.666,100.666,1321,9,-205.631,335.869,1.5,0,0,0,35
1593858212,105.096,0,0,-105.096,105.096,1076,7,-13.4038,318.904,1.5,0,0,0,35
1593859977,105.277,0,0,-105.277,105.277,2841,17,729.5,435.943,1.5,0,0,0,35
1594858170,95.2033,0,0,-95.2033,95.2033,1034,4,277.366,-129.366,1.5,0,0,0,35
1595858583,94.219,0,0,-94.219,94.219,1447,16,115.347,414.847,1.5,0,0,0,35
1600000878,91.6528,0,0,-91.6528,91.6528,878,0,0,0,35,6,-238.291,101.291,1.5
1600001034,95.2033,0,0,-95.2033,95.2033,1034,0,0,0,35,4,277.26,-129.26,1.5
1600001076,105.096,0,0,-105.096,105.096,1076,0,0,0,35,7,-13.2978,318.798,1.5
1600001144,92.8571,0,0,-92.8571,92.8571,1144,0,0,0,35,19,120.093,318.407,1.5
1600001321,100.666,0,0,-100.666,100.666,1321,0,0,0,35,9,-205.737,335.763,1.5
1600001341,97.6764,0,0,-97.6764,97.6764,1341,0,0,0,35,1,-24.4598,-400,1.5
1600001447,94.219,0,0,-94.219,94.219,1447,0,0,0,35,16,115.241,414.741,1.5
1600002062,102.476,0,0,-102.476,102.476,2062,0,0,0,35,13,515.883,335,1.5
1600002134,102.796,0,0,-102.796,102.796,2134,0,0,0,35,2,-617.5,-161.46,1.5
1600002153,102.855,0,0,-102.855,102.855,2153,0,0,0,35,20,64.8774,639.377,1.5
1600002293,103.399,0,0,-103.399,103.399,2293,0,0,0,35,5,529.466,-433.466,1.5
1600002688,104.783,0,0,-104.783,104.783,2688,0,0,0,35,3,598.238,-535.238,1.5
1600002841,105.277,0,0,-105.277,105.277,2841,0,0,0,35,17,729.5,435.793,1.5
1600002864,105.339,0,0,-105.339,105.339,2864,0,0,0,35,11,-351.5,780.362,1.5
1600003159,106.197,0,0,-106.197,106.197,3159,0,0,0,35,10,-940.663,-88.8366,1.5
1600003175,106.235,0,0,-106.235,106.235,3175,0,0,0,35,8,314.5,-895.402,1.5
1600003265,106.479,0,0,-106.479,106.479,3265,0,0,0,35,18,932.768,287.5,1.5
1600003267,106.481,0,0,-106.481,106.481,3267,0,0,0,35,15,579.367,785.867,1.5
1600003289,106.542,0,0,-106.542,106.542,3289,0,0,0,35,12,-303.5,-935.176,1.5
1600003310,106.597,0,0,-106.597,106.597,3310,0,0,0,35,14,695.635,-703.635,1.5
1602858280,92.8571,0,0,-92.8571,92.8571,1144,19,120.093,318.407,1.5,0,0,0,35
1605860311,106.235,0,0,-106.235,106.235,3175,8,314.5,-895.402,1.5,0,0,0,35
1605860403,106.481,0,0,-106.481,106.481,3267,15,579.367,785.867,1.5,0,0,0,35
1606859824,104.783,0,0,-104.783,104.783,2688,3,598.238,-535.238,1.5,0,0,0,35
1609860295,106.197,0,0,-106.197,106.197,3159,10,-940.663,-88.8366,1.5,0,0,0,35
1611858014,91.6528,0,0,-91.6528,91.6528,878,6,-238.291,101.291,1.5,0,0,0,35
1611860000,105.339,0,0,-105.339,105.339,2864,11,-351.5,780.362,1.5,0,0,0,35
1615859289,102.855,0,0,-102.855,102.855,2153,20,64.8774,639.377,1.5,0,0,0,35
1625859429,103.399,0,0,-103.399,103.399,2293,5,529.466,-433.466,1.5,0,0,0,35
1627859198,102.476,0,0,-102.476,102.476,2062,13,515.883,335,1.5,0,0,0,35
1627860401,106.479,0,0,-106.479,106.479,3265,18,932.768,287.5,1.5,0,0,0,35
1629860446,106.597,0,0,-106.597,106.597,3310,14,695.635,-703.635,1.5,0,0,0,35
1635858477,97.6764,0,0,-97.6764,97.6764,1341,1,-24.4598,-400,1.5,0,0,0,35
1635859270,102.796,0,0,-102.796,102.796,2134,2,-617.5,-161.46,1.5,0,0,0,35
1637860425,106.542,0,0,-106.542,106.542,3289,12,-303.5,-935.176,1.5,0,0,0,35
1641858457,100.666,0,0,-100.666,100.666,1321,9,-205.737,335.763,1.5,0,0,0,35
1643858212,105.096,0,0,-105.096,105.096,1076,7,-13.2978,318.798,1.5,0,0,0,35
1643859977,105.277,0,0,-105.277,105.277,2841,17,729.5,435.793,1.5,0,0,0,35
1644858170,95.2033,0,0,-95.2033,95.2033,1034,4,277.26,-129.26,1.5,0,0,0,35
1646858583,94.219,0,0,-94.219,94.219,1447,16,115.241,414.741,1.5,0,0,0,35
1650000878,91.6528,0,0,-91.6528,91.6528,878,0,0,0,35,6,-238.291,101.291,1.5
1650001034,95.2033,0,0,-95.2033,95.2033,1034,0,0,0,35,4,277.26,-129.26,1.5
1650001076,105.096,0,0,-105.096,105.096,1076,0,0,0,35,7,-13.2978,318.798,1.5
1650001144,92.8571,0,0,-92.8571,92.8571,1144,0,0,0,35,19,120.093,318.407,1.5
1650001321,100.666,0,0,-100.666,100.666,1321,0,0,0,35,9,-205.737,335.763,1.5
1650001341,97.6764,0,0,-97.6764,97.6764,1341,0,0,0,35,1,-24.4598,-400,1.5
1650001447,94.219,0,0,-94.219,94.219,1447,0,0,0,35,16,115.241,414.741,1.5
1650002062,102.476,0,0,-102.476,102.476,2062,0,0,0,35,13,515.883,335,1.5
1650002134,102.796,0,0,-102.796,102.796,2134,0,0,0,35,2,-617.5,-161.46,1.5
1650002153,102.855,0,0,-102.855,102.855,2153,0,0,0,35,20,64.8774,639.377,1.5
1650002293,103.399,0,0,-103.399,103.399,2293,0,0,0,35,5,529.466,-433.466,1.5
1650002688,104.783,0,0,-104.783,104.783,2688,0,0,0,35,3,598.238,-535.238,1.5
1650002841,105.277,0,0,-105.277,105.277,2841,0,0,0,35,17,729.5,435.793,1.5
1650002864,105.339,0,0,-105.339,105.339,2864,0,0,0,35,11,-351.5,780.362,1.5
1650003159,106.197,0,0,-106.197,106.197,3159,0,0,0,35,10,-940.663,-88.8366,1.5
1650003175,106.235,0,0,-106.235,106.235,3175,0,0,0,35,8,314.5,-895.402,1.5
1650003265,106.479,0,0,-106.479,106.479,3265,0,0,0,35,18,932.768,287.5,1.5
1650003267,106.481,0,0,-106.481,106.481,3267,0,0,0,35,15,579.367,785.867,1.5
1650003289,106.542,0,0,-106.542,106.542,3289,0,0,0,35,12,-303.5,-935.176,1.5
1650003310,106.597,0,0,-106.597,106.597,3310,0,0,0,35,14,695.635,-703.635,1.5
1652858280,92.8571,0,0,-92.8571,92.8571,1144,19,120.093,318.407,1.5,0,0,0,35
1655860311,106.235,0,0,-106.235,106.235,3175,8,314.5,-895.402,1.5,0,0,0,35
1655860403,106.481,0,0,-106.481,106.481,3267,15,579.367,785.867,1.5,0,0,0,35
1656859824,104.783,0,0,-104.783,104.783,2688,3,598.238,-535.238,1.5,0,0,0,35
1659860295,106.197,0,0,-106.197,106.197,3159,10,-940.663,-88.8366,1.5,0,0,0,35
1661860000,105.339,0,0,-105.339,105.339,2864,11,-351.5,780.362,1.5,0,0,0,35
1662858014,91.6528,0,0,-91.6528,91.6528,878,6,-238.291,101.291,1.5,0,0,0,35
1665859289,102.855,0,0,-102.855,102.855,2153,20,64.8774,639.377,1.5,0,0,0,35
1675859429,103.399,0,0,-103.399,103.399,2293,5,529.466,-433.466,1.5,0,0,0,35
1678859198,102.476,0,0,-102.476,102.476,2062,13,515.883,335,1.5,0,0,0,35
1678860401,106.479,0,0,-106.479,106.479,3265,18,932.768,287.5,1.5,0,0,0,35
1679860446,106.597,0,0,-106.597,106.597,3310,14,695.635,-703.635,1.5,0,0,0,35
1685858477,97.6764,0,0,-97.6764,97.6764,1341,1,-24.4598,-400,1.5,0,0,0,35
1685859270,102.796,0,0,-102.796,102.796,2134,2,-617.5,-161.46,1.5,0,0,0,35
1687860425,106.542,0,0,-106.542,106.542,3289,12,-303.5,-935.176,1.5,0,0,0,35
1691858457,100.666,0,0,-100.666,100.666,1321,9,-205.737,335.763,1.5,0,0,0,35
1693858212,105.096,0,0,-105.096,105.096,1076,7,-13.2978,318.798,1.5,0,0,0,35
1693859977,105.277,0,0,-105.277,105.277,2841,17,729.5,435.793,1.5,0,0,0,35
1695858170,95.2033,0,0,-95.2033,95.2033,1034,4,277.26,-129.26,1.5,0,0,0,35
1698858583,94.219,0,0,-94.219,94.219,1447,16,115.241,414.741,1.5,0,0,0,35
1700000878,91.6528,0,0,-91.6528,91.6528,878,0,0,0,35,6,-238.185,101.185,1.5
1700001034,95.2033,0,0,-95.2033,95.2033,1034,0,0,0,35,4,277.153,-129.153,1.5
1700001076,105.096,0,0,-105.096,105.096,1076,0,0,0,35,7,-13.1917,318.692,1.5
1700001144,92.8571,0,0,-92.8571,92.8571,1144,0,0,0,35,19,120.199,318.301,1.5
1700001321,100.666,0,0,-100.666,100.666,1321,0,0,0,35,9,-205.844,335.656,1.5
1700001341,97.6764,0,0,-97.6764,97.6764,1341,0,0,0,35,1,-24.6098,-400,1.5
1700001447,94.219,0,0,-94.219,94.219,1447,0,0,0,35,16,115.135,414.635,1.5
1700002062,102.474,0,0,-102.474,102.474,2062,0,0,0,35,13,515.733,335,1.5
1700002134,102.795,0,0,-102.795,102.795,2134,0,0,0,35,2,-617.5,-161.31,1.5
1700002153,102.854,0,0,-102.854,102.854,2153,0,0,0,35,20,64.7713,639.271,1.5
1700002293,103.397,0,0,-103.397,103.397,2293,0,0,0,35,5,529.36,-433.36,1.5
1700002688,104.781,0,0,-104.781,104.781,2688,0,0,0,35,3,598.132,-535.132,1.5
1700002841,105.276,0,0,-105.276,105.276,2841,0,0,0,35,17,729.5,435.643,1.5
1700002864,105.337,0,0,-105.337,105.337,2864,0,0,0,35,11,-351.5,780.212,1.5
1700003159,106.196,0,0,-106.196,106.196,3159,0,0,0,35,10,-940.557,-88.9427,1.5
1700003175,106.234,0,0,-106.234,106.234,3175,0,0,0,35,8,314.5,-895.252,1.5
1700003265,106.477,0,0,-106.477,106.477,3265,0,0,0,35,18,932.618,287.5,1.5
1700003267,106.48,0,0,-106.48,106.48,3267,0,0,0,35,15,579.261,785.761,1.5
1700003289,106.54,0,0,-106.54,106.54,3289,0,0,0,35,12,-303.5,-935.026,1.5
1700003310,106.595,0,0,-106.595,106.595,3310,0,0,0,35,14,695.529,-703.529,1.5
1702858280,92.8571,0,0,-92.8571,92.8571,1144,19,120.199,318.301,1.5,0,0,0,35
1705860311,106.234,0,0,-106.234,106.234,3175,8,314.5,-895.252,1.5,0,0,0,35
1705860403,106.48,0,0,-106.48,106.48,3267,15,579.261,785.761,1.5,0,0,0,35
1706859824,104.781,0,0,-104.781,104.781,2688,3,598.132,-535.132,1.5,0,0,0,35
1710860295,106.196,0,0,-106.196,106.196,3159,10,-940.557,-88.9427,1.5,0,0,0,35
1711860000,105.337,0,0,-105.337,105.337,2864,11,-351.5,780.212,1.5,0,0,0,35
1712858014,91.6528,0,0,-91.6528,91.6528,878,6,-238.185,101.185,1.5,0,0,0,35
1715859289,102.854,0,0,-102.854,102.854,2153,20,64.7713,639.271,1.5,0,0,0,35
1725859429,103.397,0,0,-103.397,103.397,2293,5,529.36,-433.36,1.5,0,0,0,35
1728859198,102.474,0,0,-102.474,102.474,2062,13,515.733,335,1.5,0,0,0,35
1728860401,106.477,0,0,-106.477,106.477,3265,18,932.618,287.5,1.5,0,0,0,35
1729860446,106.595,0,0,-106.595,106.595,3310,14,695.529,-703.529,1.5,0,0,0,35
1735858477,97.6764,0,0,-97.6764,97.6764,1341,1,-24.6098,-400,1.5,0,0,0,35
1735859270,102.795,0,0,-102.795,102.795,2134,2,-617.5,-161.31,1.5,0,0,0,35
1737860425,106.54,0,0,-106.54,106.54,3289,12,-303.5,-935.026,1.5,0,0,0,35
1741858457,100.666,0,0,-100.666,100.666,1321,9,-205.844,335.656,1.5,0,0,0,35
1743858212,105.096,0,0,-105.096,105.096,1076,7,-13.1917,318.692,1.5,0,0,0,35
1743859977,105.276,0,0,-105.276,105.276,2841,17,729.5,435.643,1.5,0,0,0,35
1745858170,95.2033,0,0,-95.2033,95.2033,1034,4,277.153,-129.153,1.5,0,0,0,35
1748858583,94.219,0,0,-94.219,94.219,1447,16,115.135,414.635,1.5,0,0,0,35
1750000878,91.6528,0,0,-91.6528,91.6528,878,0,0,0,35,6,-238.185,101.185,1.5
1750001034,95.2033,0,0,-95.2033,95.2033,1034,0,0,0,35,4,277.153,-129.153,1.5
1750001076,105.096,0,0,-105.096,105.096,1076,0,0,0,35,7,-13.1917,318.692,1.5
1750001144,92.8571,0,0,-92.8571,92.8571,1144,0,0,0,35,19,120.199,318.301,1.5
1750001321,100.666,0,0,-100.666,100.666,1321,0,0,0,35,9,-205.844,335.656,1.5
1750001341,97.6764,0,0,-97.6764,97.6764,1341,0,0,0,35,1,-24.6098,-400,1.5
1750001447,94.219,0,0,-94.219,94.219,1447,0,0,0,35,16,115.135,414.635,1.5
1750002062,102.474,0,0,-102.474,102.474,2062,0,0,0,35,13,515.733,335,1.5
1750002134,102.795,0,0,-102.795,102.795,2134,0,0,0,35,2,-617.5,-161.31,1.5
1750002153,102.854,0,0,-102.854,102.854,2153,0,0,0,35,20,64.7713,639.271,1.5
1750002293,103.397,0,0,-103.397,103.397,2293,0,0,0,35,5,529.36,-433.36,1.5
1750002688,104.781,0,0,-104.781,104.781,2688,0,0,0,35,3,598.132,-535.132,1.5
1750002841,105.276,0,0,-105.276,105.276,2841,0,0,0,35,17,729.5,435.643,1.5
1750002864,105.337,0,0,-105.337,105.337,2864,0,0,0,35,11,-351.5,780.212,1.5
1750003159,106.196,0,0,-106.196,106.196,3159,0,0,0,35,10,-940.557,-88.9427,1.5
1750003175,106.234,0,0,-106.234,106.234,3175,0,0,0,35,8,314.5,-895.252,1.5
1750003265,106.477,0,0,-106.477,106.477,3265,0,0,0,35,18,932.618,287.5,1.5
1750003267,106.48,0,0,-106.48,106.48,3267,0,0,0,35,15,579.261,785.761,1.5
1750003289,106.54,0,0,-106.54,106.54,3289,0,0,0,35,12,-303.5,-935.026,1.5
1750003310,106.595,0,0,-106.595,106.595,3310,0,0,0,35,14,695.529,-703.529,1.5
1752858280,92.8571,0,0,-92.8571,92.8571,1144,19,120.199,318.301,1.5,0,0,0,35
1755860311,106.234,0,0,-106.234,106.234,3175,8,314.5,-895.252,1.5,0,0,0,35
1755860403,106.48,0,0,-106.48,106.48,3267,15,579.261,785.761,1.5,0,0,0,35
1756859824,104.781,0,0,-104.781,104.781,2688,3,598.132,-535.132,1.5,0,0,0,35
1760860295,106.196,0,0,-106.196,106.196,3159,10,-940.557,-88.9427,1.5,0,0,0,35
1761860000,105.337,0,0,-105.337,105.337,2864,11,-351.5,780.212,1.5,0,0,0,35
1762858014,91.6528,0,0,-91.6528,91.6528,878,6,-238.185,101.185,1.5,0,0,0,35
1765859289,102.854,0,0,-102.854,102.854,2153,20,64.7713,639.271,1.5,0,0,0,35
1775859429,103.397,0,0,-103.397,103.397,2293,5,529.36,-433.36,1.5,0,0,0,35
1778859198,102.474,0,0,-102.474,102.474,2062,13,515.733,335,1.5,0,0,0,35
1778860401,106.477,0,0,-106.477,106.477,3265,18,932.618,287.5,1.5,0,0,0,35
1779860446,106.595,0,0,-106.595,106.595,3310,14,695.529,-703.529,1.5,0,0,0,35
1785858477,97.6764,0,0,-97.6764,97.6764,1341,1,-24.6098,-400,1.5,0,0,0,35
1785859270,102.795,0,0,-102.795,102.795,2134,2,-617.5,-161.31,1.5,0,0,0,35
1787860425,106.54,0,0,-106.54,106.54,3289,12,-303.5,-935.026,1.5,0,0,0,35
1791858457,100.666,0,0,-100.666,100.666,1321,9,-205.844,335.656,1.5,0,0,0,35
1793858212,105.096,0,0,-105.096,105.096,1076,7,-13.1917,318.692,1.5,0,0,0,35
1793859977,105.276,0,0,-105.276,105.276,2841,17,729.5,435.643,1.5,0,0,0,35
1795858170,95.2033,0,0,-95.2033,95.2033,1034,4,277.153,-129.153,1.5,0,0,0,35
1798858583,94.219,0,0,-94.219,94.219,1447,16,115.135,414.635,1.5,0,0,0,35
1800000878,91.6528,0,0,-91.6528,91.6528,878,0,0,0,35,6,-238.079,101.079,1.5
1800001034,95.2033,0,0,-95.2033,95.2033,1034,0,0,0,35,4,277.047,-129.047,1.5
1800001076,105.096,0,0,-105.096,105.096,1076,0,0,0,35,7,-13.0856,318.586,1.5
1800001144,92.8571,0,0,-92.8571,92.8571,1144,0,0,0,35,19,120.305,318.195,1.5
1800001321,100.666,0,0,-100.666,100.666,1321,0,0,0,35,9,-205.95,335.55,1.5
1800001341,97.6764,0,0,-97.6764,97.6764,1341,0,0,0,35,1,-24.7598,-400,1.5
1800001447,94.219,0,0,-94.219,94.219,1447,0,0,0,35,16,115.029,414.529,1.5
1800002062,102.472,0,0,-102.472,102.472,2062,0,0,0,35,13,515.583,335,1.5
1800002134,102.795,0,0,-102.795,102.795,2134,0,0,0,35,2,-617.5,-161.16,1.5
1800002153,102.852,0,0,-102.852,102.852,2153,0,0,0,35,20,64.6652,639.165,1.5
1800002293,103.395,0,0,-103.395,103.395,2293,0,0,0,35,5,529.254,-433.254,1.5
1800002688,104.78,0,0,-104.78,104.78,2688,0,0,0,35,3,598.026,-535.026,1.5
1800002841,105.275,0,0,-105.275,105.275,2841,0,0,0,35,17,729.5,435.493,1.5
1800002864,105.336,0,0,-105.336,105.336,2864,0,0,0,35,11,-351.5,780.062,1.5
1800003159,106.195,0,0,-106.195,106.195,3159,0,0,0,35,10,-940.451,-89.0488,1.5
1800003175,106.232,0,0,-106.232,106.232,3175,0,0,0,35,8,314.5,-895.102,1.5
1800003265,106.476,0,0,-106.476,106.476,3265,0,0,0,35,18,932.468,287.5,1.5
1800003267,106.478,0,0,-106.478,106.478,3267,0,0,0,35,15,579.155,785.655,1.5
1800003289,106.539,0,0,-106.539,106.539,3289,0,0,0,35,12,-303.5,-934.876,1.5
1800003310,106.594,0,0,-106.594,106.594,3310,0,0,0,35,14,695.423,-703.423,1.5
1803858280,92.8571,0,0,-92.8571,92.8571,1144,19,120.305,318.195,1.5,0,0,0,35
1805860311,106.232,0,0,-106.232,106.232,3175,8,314.5,-895.102,1.5,0,0,0,35
1805860403,106.478,0,0,-106.478,106.478,3267,15,579.155,785.655,1.5,0,0,0,35
1806859824,104.78,0,0,-104.78,104.78,2688,3,598.026,-535.026,1.5,0,0,0,35
1810860295,106.195,0,0,-106.195,106.195,3159,10,-940.451,-89.0488,1.5,0,0,0,35
1811860000,105.336,0,0,-105.336,105.336,2864,11,-351.5,780.062,1.5,0,0,0,35
1812858014,91.6528,0,0,-91.6528,91.6528,878,6,-238.079,101.079,1.5,0,0,0,35
1815859289,102.852,0,0,-102.852,102.852,2153,20,64.6652,639.165,1.5,0,0,0,35
1825859429,103.395,0,0,-103.395,103.395,2293,5,529.254,-433.254,1.5,0,0,0,35
1828859198,102.472,0,0,-102.472,102.472,2062,13,515.583,335,1.5,0,0,0,35
1828860401,106.476,0,0,-106.476,106.476,3265,18,932.468,287.5,1.5,0,0,0,35
1829860446,106.594,0,0,-106.594,106.594,3310,14,695.423,-703.423,1.5,0,0,0,35
1835858477,97.6764,0,0,-97.6764,97.6764,1341,1,-24.7598,-400,1.5,0,0,0,35
1835859270,102.795,0,0,-102.795,102.795,2134,2,-617.5,-161.16,1.5,0,0,0,35
1837860425,106.539,0,0,-106.539,106.539,3289,12,-303.5,-934.876,1.5,0,0,0,35
1841858457,100.666,0,0,-100.666,100.666,1321,9,-205.95,335.55,1.5,0,0,0,35
1843858212,105.096,0,0,-105.096,105.096,1076,7,-13.0856,318.586,1.5,0,0,0,35
1844859977,105.275,0,0,-105.275,105.275,2841,17,729.5,435.493,1.5,0,0,0,35
1845858170,95.2033,0,0,-95.2033,95.2033,1034,4,277.047,-129.047,1.5,0,0,0,35
1848858583,94.219,0,0,-94.219,94.219,1447,16,115.029,414.529,1.5,0,0,0,35
1850000878,91.6528,0,0,-91.6528,91.6528,878,0,0,0,35,6,-238.079,101.079,1.5
1850001034,95.2033,0,0,-95.2033,95.2033,1034,0,0,0,35,4,277.047,-129.047,1.5
1850001076,105.096,0,0,-105.096,105.096,1076,0,0,0,35,7,-13.0856,318.586,1.5
1850001144,92.8571,0,0,-92.8571,92.8571,1144,0,0,0,35,19,120.305,318.195,1.5
1850001321,100.666,0,0,-100.666,100.666,1321,0,0,0,35,9,-205.95,335.55,1.5
1850001341,97.6764,0,0,-97.6764,97.6764,1341,0,0,0,35,1,-24.7598,-400,1.5
1850001447,94.219,0,0,-94.219,94.219,1447,0,0,0,35,16,115.029,414.529,1.5
1850002062,102.472,0,0,-102.472,102.472,2062,0,0,0,35,13,515.583,335,1.5
1850002134,102.795,0,0,-102.795,102.795,2134,0,0,0,35,2,-617.5,-161.16,1.5
1850002153,102.852,0,0,-102.852,102.852,2153,0,0,0,35,20,64.6652,639.165,1.5
1850002293,103.395,0,0,-103.395,103.395,2293,0,0,0,35,5,529.254,-433.254,1.5
1850002688,104.78,0,0,-104.78,104.78,2688,0,0,0,35,3,598.026,-535.026,1.5
1850002841,105.275,0,0,-105.275,105.275,2841,0,0,0,35,17,729.5,435.493,1.5
1850002864,105.336,0,0,-105.336,105.336,2864,0,0,0,35,11,-351.5,780.062,1.5
1850003159,106.195,0,0,-106.195,106.195,3159,0,0,0,35,10,-940.451,-89.0488,1.5
1850003175,106.232,0,0,-106.232,106.232,3175,0,0,0,35,8,314.5,-895.102,1.5
1850003265,106.476,0,0,-106.476,106.476,3265,0,0,0,35,18,932.468,287.5,1.5
1850003267,106.478,0,0,-106.478,106.478,3267,0,0,0,35,15,579.155,785.655,1.5
1850003289,106.539,0,0,-106.539,106.539,3289,0,0,0,35,12,-303.5,-934.876,1.5
1850003310,106.594,0,0,-106.594,106.594,3310,0,0,0,35,14,695.423,-703.423,1.5
1854858280,92.8571,0,0,-92.8571,92.8571,1144,19,120.305,318.195,1.5,0,0,0,35
1855860311,106.232,0,0,-106.232,106.232,3175,8,314.5,-895.102,1.5,0,0,0,35
1855860403,106.478,0,0,-106.478,106.478,3267,15,579.155,785.655,1.5,0,0,0,35
1856859824,104.78,0,0,-104.78,104.78,2688,3,598.026,-535.026,1.5,0,0,0,35
1860860295,106.195,0,0,-106.195,106.195,3159,10,-940.451,-89.0488,1.5,0,0,0,35
1861860000,105.336,0,0,-105.336,105.336,2864,11,-351.5,780.062,1.5,0,0,0,35
1862858014,91.6528,0,0,-91.6528,91.6528,878,6,-238.079,101.079,1.5,0,0,0,35
1865859289,102.852,0,0,-102.852,102.852,2153,20,64.6652,639.165,1.5,0,0,0,35
1875859429,103.395,0,0,-103.395,103.395,2293,5,529.254,-433.254,1.5,0,0,0,35
1878859198,102.472,0,0,-102.472,102.472,2062,13,515.583,335,1.5,0,0,0,35
1878860401,106.476,0,0,-106.476,106.476,3265,18,932.468,287.5,1.5,0,0,0,35
1880860446,106.594,0,0,-106.594,106.594,3310,14,695.423,-703.423,1.5,0,0,0,35
1885858477,97.6764,0,0,-97.6764,97.6764,1341,1,-24.7598,-400,1.5,0,0,0,35
1885859270,102.795,0,0,-102.795,102.795,2134,2,-617.5,-161.16,1.5,0,0,0,35
1887860425,106.539,0,0,-106.539,106.539,3289,12,-303.5,-934.876,1.5,0,0,0,35
1891858457,100.666,0,0,-100.666,100.666,1321,9,-205.95,335.55,1.5,0,0,0,35
1893858212,105.096,0,0,-105.096,105.096,1076,7,-13.0856,318.586,1.5,0,0,0,35
1895858170,95.2033,0,0,-95.2033,95.2033,1034,4,277.047,-129.047,1.5,0,0,0,35
1896859977,105.275,0,0,-105.275,105.275,2841,17,729.5,435.493,1.5,0,0,0,35
1898858583,94.219,0,0,-94.219,94.219,1447,16,115.029,414.529,1.5,0,0,0,35
1900000878,91.6528,0,0,-91.6528,91.6528,878,0,0,0,35,6,-237.973,100.973,1.5
1900001034,95.2033,0,0,-95.2033,95.2033,1034,0,0,0,35,4,276.941,-128.941,1.5
1900001076,105.096,0,0,-105.096,105.096,1076,0,0,0,35,7,-12.9796,318.48,1.5
1900001144,92.8571,0,0,-92.8571,92.8571,1144,0,0,0,35,19,120.411,318.089,1.5
1900001321,100.666,0,0,-100.666,100.666,1321,0,0,0,35,9,-206.056,335.444,1.5
1900001341,97.6764,0,0,-97.6764,97.6764,1341,0,0,0,35,1,-24.9098,-400,1.5
1900001447,94.219,0,0,-94.219,94.219,1447,0,0,0,35,16,114.923,414.423,1.5
1900002062,102.471,0,0,-102.471,102.471,2062,0,0,0,35,13,515.433,335,1.5
1900002134,102.794,0,0,-102.794,102.794,2134,0,0,0,35,2,-617.5,-161.01,1.5
1900002153,102.851,0,0,-102.851,102.851,2153,0,0,0,35,20,64.5592,639.059,1.5
1900002293,103.393,0,0,-103.393,103.393,2293,0,0,0,35,5,529.148,-433.148,1.5
1900002688,104.778,0,0,-104.778,104.778,2688,0,0,0,35,3,597.92,-534.92,1.5
1900002841,105.274,0,0,-105.274,105.274,2841,0,0,0,35,17,729.5,435.343,1.5
1900002864,105.335,0,0,-105.335,105.335,2864,0,0,0,35,11,-351.5,779.912,1.5
1900003159,106.194,0,0,-106.194,106.194,3159,0,0,0,35,10,-940.345,-89.1548,1.5
1900003175,106.231,0,0,-106.231,106.231,3175,0,0,0,35,8,314.5,-894.952,1.5
1900003265,106.475,0,0,-106.475,106.475,3265,0,0,0,35,18,932.318,287.5,1.5
1900003267,106.477,0,0,-106.477,106.477,3267,0,0,0,35,15,579.049,785.549,1.5
1900003289,106.538,0,0,-106.538,106.538,3289,0,0,0,35,12,-303.5,-934.726,1.5
1900003310,106.593,0,0,-106.593,106.593,3310,0,0,0,35,14,695.317,-703.317,1.5
1904858280,92.8571,0,0,-92.8571,92.8571,1144,19,120.411,318.089,1.5,0,0,0,35
1905860311,106.231,0,0,-106.231,106.231,3175,8,314.5,-894.952,1.5,0,0,0,35
1906859824,104.778,0,0,-104.778,104.778,2688,3,597.92,-534.92,1.5,0,0,0,35
1906860403,106.477,0,0,-106.477,106.477,3267,15,579.049,785.549,1.5,0,0,0,35
1910860295,106.194,0,0,-106.194,106.194,3159,10,-940.345,-89.1548,1.5,0,0,0,35
1911860000,105.335,0,0,-105.335,105.335,2864,11,-351.5,779.912,1.5,0,0,0,35
1912858014,91.6528,0,0,-91.6528,91.6528,878,6,-237.973,100.973,1.5,0,0,0,35
1915859289,102.851,0,0,-102.851,102.851,2153,20,64.5592,639.059,1.5,0,0,0,35
1925859429,103.393,0,0,-103.393,103.393,2293,5,529.148,-433.148,1.5,0,0,0,35
1928859198,102.471,0,0,-102.471,102.471,2062,13,515.433,335,1.5,0,0,0,35
1928860401,106.475,0,0,-106.475,106.475,3265,18,932.318,287.5,1.5,0,0,0,35
1930860446,106.593,0,0,-106.593,106.593,3310,14,695.317,-703.317,1.5,0,0,0,35
1935858477,97.6764,0,0,-97.6764,97.6764,1341,1,-24.9098,-400,1.5,0,0,0,35
1935859270,102.794,0,0,-102.794,102.794,2134,2,-617.5,-161.01,1.5,0,0,0,35
1937860425,106.538,0,0,-106.538,106.538,3289,12,-303.5,-934.726,1.5,0,0,0,35
1941858457,100.666,0,0,-100.666,100.666,1321,9,-206.056,335.444,1.5,0,0,0,35
1943858212,105.096,0,0,-105.096,105.096,1076,7,-12.9796,318.48,1.5,0,0,0,35
1945858170,95.2033,0,0,-95.2033,95.2033,1034,4,276.941,-128.941,1.5,0,0,0,35
1948858583,94.219,0,0,-94.219,94.219,1447,16,114.923,414.423,1.5,0,0,0,35
1948859977,105.274,0,0,-105.274,105.274,2841,17,729.5,435.343,1.5,0,0,0,35
1950000878,91.6528,0,0,-91.6528,91.6528,878,0,0,0,35,6,-237.973,100.973,1.5
1950001034,95.2033,0,0,-95.2033,95.2033,1034,0,0,0,35,4,276.941,-128.941,1.5
1950001076,105.096,0,0,-105.096,105.096,1076,0,0,0,35,7,-12.9796,318.48,1.5
1950001144,92.8571,0,0,-92.8571,92.8571,1144,0,0,0,35,19,120.411,318.089,1.5
1950001321,100.666,0,0,-100.666,100.666,1321,0,0,0,35,9,-206.056,335.444,1.5
1950001341,97.6764,0,0,-97.6764,97.6764,1341,0,0,0,35,1,-24.9098,-400,1.5
1950001447,94.219,0,0,-94.219,94.219,1447,0,0,0,35,16,114.923,414.423,1.5
1950002062,102.471,0,0,-102.471,102.471,2062,0,0,0,35,13,515.433,335,1.5
1950002134,102.794,0,0,-102.794,102.794,2134,0,0,0,35,2,-617.5,-161.01,1.5
1950002153,102.851,0,0,-102.851,102.851,2153,0,0,0,35,20,64.5592,639.059,1.5
1950002293,103.393,0,0,-103.393,103.393,2293,0,0,0,35,5,529.148,-433.148,1.5
1950002688,104.778,0,0,-104.778,104.778,2688,0,0,0,35,3,597.92,-534.92,1.5
1950002841,105.274,0,0,-105.274,105.274,2841,0,0,0,35,17,729.5,435.343,1.5
1950002864,105.335,0,0,-105.335,105.335,2864,0,0,0,35,11,-351.5,779.912,1.5
1950003159,106.194,0,0,-106.194,106.194,3159,0,0,0,35,10,-940.345,-89.1548,1.5
1950003175,106.231,0,0,-106.231,106.231,3175,0,0,0,35,8,314.5,-894.952,1.5
1950003265,106.475,0,0,-106.475,106.475,3265,0,0,0,35,18,932.318,287.5,1.5
1950003267,106.477,0,0,-106.477,106.477,3267,0,0,0,35,15,579.049,785.549,1.5
1950003289,106.538,0,0,-106.538,106.538,3289,0,0,0,35,12,-303.5,-934.726,1.5
1950003310,106.593,0,0,-106.593,106.593,3310,0,0,0,35,14,695.317,-703.317,1.5
1954858280,92.8571,0,0,-92.8571,92.8571,1144,19,120.411,318.089,1.5,0,0,0,35
1955860311,106.231,0,0,-106.231,106.231,3175,8,314.5,-894.952,1.5,0,0,0,35
1956859824,104.778,0,0,-104.778,104.778,2688,3,597.92,-534.92,1.5,0,0,0,35
1956860403,106.477,0,0,-106.477,106.477,3267,15,579.049,785.549,1.5,0,0,0,35
1960860295,106.194,0,0,-106.194,106.194,3159,10,-940.345,-89.1548,1.5,0,0,0,35
1961860000,105.335,0,0,-105.335,105.335,2864,11,-351.5,779.912,1.5,0,0,0,35
1962858014,91.6528,0,0,-91.6528,91.6528,878,6,-237.973,100.973,1.5,0,0,0,35
1966859289,102.851,0,0,-102.851,102.851,2153,20,64.5592,639.059,1.5,0,0,0,35
1975859429,103.393,0,0,-103.393,103.393,2293,5,529.148,-433.148,1.5,0,0,0,35
1978859198,102.471,0,0,-102.471,102.471,2062,13,515.433,335,1.5,0,0,0,35
1978860401,106.475,0,0,-106.475,106.475,3265,18,932.318,287.5,1.5,0,0,0,35
1980860446,106.593,0,0,-106.593,106.593,3310,14,695.317,-703.317,1.5,0,0,0,35
1985858477,97.6764,0,0,-97.6764,97.6764,1341,1,-24.9098,-400,1.5,0,0,0,35
1985859270,102.794,0,0,-102.794,102.794,2134,2,-617.5,-161.01,1.5,0,0,0,35
1987860425,106.538,0,0,-106.538,106.538,3289,12,-303.5,-934.726,1.5,0,0,0,35
1991858457,100.666,0,0,-100.666,100.666,1321,9,-206.056,335.444,1.5,0,0,0,35
1993858212,105.096,0,0,-105.096,105.096,1076,7,-12.9796,318.48,1.5,0,0,0,35
1995858170,95.2033,0,0,-95.2033,95.2033,1034,4,276.941,-128.941,1.5,0,0,0,35
1998858583,94.219,0,0,-94.219,94.219,1447,16,114.923,414.423,1.5,0,0,0,35
2000000878,91.6528,0,0,-91.6528,91.6528,878,0,0,0,35,6,-237.867,100.867,1.5
2000001034,95.2033,0,0,-95.2033,95.2033,1034,0,0,0,35,4,276.835,-128.835,1.5
2000001076,105.096,0,0,-105.096,105.096,1076,0,0,0,35,7,-12.8735,318.374,1.5
2000001144,92.8571,0,0,-92.8571,92.8571,1144,0,0,0,35,19,120.517,317.983,1.5
2000001321,100.666,0,0,-100.666,100.666,1321,0,0,0,35,9,-206.162,335.338,1.5
2000001341,97.6764,0,0,-97.6764,97.6764,1341,0,0,0,35,1,-25.0598,-400,1.5
2000001447,94.219,0,0,-94.219,94.219,1447,0,0,0,35,16,114.817,414.317,1.5
2000002062,102.469,0,0,-102.469,102.469,2062,0,0,0,35,13,515.283,335,1.5
2000002134,102.794,0,0,-102.794,102.794,2134,0,0,0,35,2,-617.5,-160.86,1.5
2000002153,102.849,0,0,-102.849,102.849,2153,0,0,0,35,20,64.4531,638.953,1.5
2000002293,103.391,0,0,-103.391,103.391,2293,0,0,0,35,5,529.042,-433.042,1.5
2000002688,104.776,0,0,-104.776,104.776,2688,0,0,0,35,3,597.814,-534.814,1.5
2000002841,105.273,0,0,-105.273,105.273,2841,0,0,0,35,17,729.5,435.193,1.5
2000002864,105.333,0,0,-105.333,105.333,2864,0,0,0,35,11,-351.5,779.762,1.5
2000003159,106.193,0,0,-106.193,106.193,3159,0,0,0,35,10,-940.239,-89.2609,1.5
2000003175,106.23,0,0,-106.23,106.23,3175,0,0,0,35,8,314.5,-894.802,1.5
2000003265,106.474,0,0,-106.474,106.474,3265,0,0,0,35,18,932.168,287.5,1.5
2000003267,106.476,0,0,-106.476,106.476,3267,0,0,0,35,15,578.943,785.443,1.5
2000003289,106.537,0,0,-106.537,106.537,3289,0,0,0,35,12,-303.5,-934.576,1.5
2000003310,106.592,0,0,-106.592,106.592,3310,0,0,0,35,14,695.211,-703.211,1.5
2000859977,105.273,0,0,-105.273,105.273,2841,17,729.5,435.193,1.5,0,0,0,35
2004858280,92.8571,0,0,-92.8571,92.8571,1144,19,120.517,317.983,1.5,0,0,0,35
2005860311,106.23,0,0,-106.23,106.23,3175,8,314.5,-894.802,1.5,0,0,0,35
2006859824,104.776,0,0,-104.776,104.776,2688,3,597.814,-534.814,1.5,0,0,0,35
2007860403,106.476,0,0,-106.476,106.476,3267,15,578.943,785.443,1.5,0,0,0,35
2010860295,106.193,0,0,-106.193,106.193,3159,10,-940.239,-89.2609,1.5,0,0,0,35
2011860000,105.333,0,0,-105.333,105.333,2864,11,-351.5,779.762,1.5,0,0,0,35
2012858014,91.6528,0,0,-91.6528,91.6528,878,6,-237.867,100.867,1.5,0,0,0,35
2016859289,102.849,0,0,-102.849,102.849,2153,20,64.4531,638.953,1.5,0,0,0,35
2025859429,103.391,0,0,-103.391,103.391,2293,5,529.042,-433.042,1.5,0,0,0,35
2028859198,102.469,0,0,-102.469,102.469,2062,13,515.283,335,1.5,0,0,0,35
2028860401,106.474,0,0,-106.474,106.474,3265,18,932.168,287.5,1.5,0,0,0,35
2035858477,97.6764,0,0,-97.6764,97.6764,1341,1,-25.0598,-400,1.5,0,0,0,35
2035859270,102.794,0,0,-102.794,102.794,2134,2,-617.5,-160.86,1.5,0,0,0,35
2037860425,106.537,0,0,-106.537,106.537,3289,12,-303.5,-934.576,1.5,0,0,0,35
2040860446,106.592,0,0,-106.592,106.592,3310,14,695.211,-703.211,1.5,0,0,0,35
2041858457,100.666,0,0,-100.666,100.666,1321,9,-206.162,335.338,1.5,0,0,0,35
2043858212,105.096,0,0,-105.096,105.096,1076,7,-12.8735,318.374,1.5,0,0,0,35
2045858170,95.2033,0,0,-95.2033,95.2033,1034,4,276.835,-128.835,1.5,0,0,0,35
2048858583,94.219,0,0,-94.219,94.219,1447,16,114.817,414.317,1.5,0,0,0,35
2050000878,91.6528,0,0,-91.6528,91.6528,878,0,0,0,35,6,-237.867,100.867,1.5
2050001034,95.2033,0,0,-95.2033,95.2033,1034,0,0,0,35,4,276.835,-128.835,1.5
2050001076,105.096,0,0,-105.096,105.096,1076,0,0,0,35,7,-12.8735,318.374,1.5
2050001144,92.8571,0,0,-92.8571,92.8571,1144,0,0,0,35,19,120.517,317.983,1.5
2050001321,100.666,0,0,-100.666,100.666,1321,0,0,0,35,9,-206.162,335.338,1.5
2050001341,97.6764,0,0,-97.6764,97.6764,1341,0,0,0,35,1,-25.0598,-400,1.5
2050001447,94.219,0,0,-94.219,94.219,1447,0,0,0,35,16,114.817,414.317,1.5
2050002062,102.469,0,0,-102.469,102.469,2062,0,0,0,35,13,515.283,335,1.5
2050002134,102.794,0,0,-102.794,102.794,2134,0,0,0,35,2,-617.5,-160.86,1.5
2050002153,102.849,0,0,-102.849,102.849,2153,0,0,0,35,20,64.4531,638.953,1.5
2050002293,103.391,0,0,-103.391,103.391,2293,0,0,0,35,5,529.042,-433.042,1.5
2050002688,104.776,0,0,-104.776,104.776,2688,0,0,0,35,3,597.814,-534.814,1.5
2050002841,105.273,0,0,-105.273,105.273,2841,0,0,0,35,17,729.5,435.193,1.5
2050002864,105.333,0,0,-105.333,105.333,2864,0,0,0,35,11,-351.5,779.762,1.5
2050003159,106.193,0,0,-106.193,106.193,3159,0,0,0,35,10,-940.239,-89.2609,1.5
2050003175,106.23,0,0,-106.23,106.23,3175,0,0,0,35,8,314.5,-894.802,1.5
2050003265,106.474,0,0,-106.474,106.474,3265,0,0,0,35,18,932.168,287.5,1.5
2050003267,106.476,0,0,-106.476,106.476,3267,0,0,0,35,15,578.943,785.443,1.5
2050003289,106.537,0,0,-106.537,106.537,3289,0,0,0,35,12,-303.5,-934.576,1.5
2050003310,106.592,0,0,-106.592,106.592,3310,0,0,0,35,14,695.211,-703.211,1.5
2051859977,105.273,0,0,-105.273,105.273,2841,17,729.5,435.193,1.5,0,0,0,35
2054858280,92.8571,0,0,-92.8571,92.8571,1144,19,120.517,317.983,1.5,0,0,0,35
2055860311,106.23,0,0,-106.23,106.23,3175,8,314.5,-894.802,1.5,0,0,0,35
2056859824,104.776,0,0,-104.776,104.776,2688,3,597.814,-534.814,1.5,0,0,0,35
2057860403,106.476,0,0,-106.476,106.476,3267,15,578.943,785.443,1.5,0,0,0,35
2060860295,106.193,0,0,-106.193,106.193,3159,10,-940.239,-89.2609,1.5,0,0,0,35
2061860000,105.333,0,0,-105.333,105.333,2864,11,-351.5,779.762,1.5,0,0,0,35
2062858014,91.6528,0,0,-91.6528,91.6528,878,6,-237.867,100.867,1.5,0,0,0,35
2066859289,102.849,0,0,-102.849,102.849,2153,20,64.4531,638.953,1.5,0,0,0,35
2075859429,103.391,0,0,-103.391,103.391,2293,5,529.042,-433.042,1.5,0,0,0,35
2078859198,102.469,0,0,-102.469,102.469,2062,13,515.283,335,1.5,0,0,0,35
2079860401,106.474,0,0,-106.474,106.474,3265,18,932.168,287.5,1.5,0,0,0,35
2085858477,97.6764,0,0,-97.6764,97.6764,1341,1,-25.0598,-400,1.5,0,0,0,35
2085859270,102.794,0,0,-102.794,102.794,2134,2,-617.5,-160.86,1.5,0,0,0,35
2087860425,106.537,0,0,-106.537,106.537,3289,12,-303.5,-934.576,1.5,0,0,0,35
2090860446,106.592,0,0,-106.592,106.592,3310,14,695.211,-703.211,1.5,0,0,0,35
2091858457,100.666,0,0,-100.666,100.666,1321,9,-206.162,335.338,1.5,0,0,0,35
2094858212,105.096,0,0,-105.096,105.096,1076,7,-12.8735,318.374,1.5,0,0,0,35
2095858170,95.2033,0,0,-95.2033,95.2033,1034,4,276.835,-128.835,1.5,0,0,0,35
2098858583,94.219,0,0,-94.219,94.219,1447,16,114.817,414.317,1.5,0,0,0,35
2100000878,91.6528,0,0,-91.6528,91.6528,878,0,0,0,35,6,-237.761,100.761,1.5
2100001034,95.2033,0,0,-95.2033,95.2033,1034,0,0,0,35,4,276.729,-128.729,1.5
2100001076,105.096,0,0,-105.096,105.096,1076,0,0,0,35,7,-12.7674,318.267,1.5
2100001144,92.8571,0,0,-92.8571,92.8571,1144,0,0,0,35,19,120.623,317.877,1.5
2100001321,100.666,0,0,-100.666,100.666,1321,0,0,0,35,9,-206.268,335.232,1.5
2100001341,97.6764,0,0,-97.6764,97.6764,1341,0,0,0,35,1,-25.2098,-400,1.5
2100001447,94.219,0,0,-94.219,94.219,1447,0,0,0,35,16,114.711,414.211,1.5
2100002062,102.467,0,0,-102.467,102.467,2062,0,0,0,35,13,515.133,335,1.5
2100002134,102.793,0,0,-102.793,102.793,2134,0,0,0,35,2,-617.5,-160.71,1.5
2100002153,102.848,0,0,-102.848,102.848,2153,0,0,0,35,20,64.347,638.847,1.5
2100002293,103.389,0,0,-103.389,103.389,2293,0,0,0,35,5,528.936,-432.936,1.5
2100002688,104.775,0,0,-104.775,104.775,2688,0,0,0,35,3,597.708,-534.708,1.5
2100002841,105.273,0,0,-105.273,105.273,2841,0,0,0,35,17,729.5,435.043,1.5
2100002864,105.332,0,0,-105.332,105.332,2864,0,0,0,35,11,-351.5,779.612,1.5
2100003159,106.192,0,0,-106.192,106.192,3159,0,0,0,35,10,-940.133,-89.3669,1.5
2100003175,106.228,0,0,-106.228,106.228,3175,0,0,0,35,8,314.5,-894.652,1.5
2100003265,106.472,0,0,-106.472,106.472,3265,0,0,0,35,18,932.018,287.5,1.5
2100003267,106.475,0,0,-106.475,106.475,3267,0,0,0,35,15,578.837,785.337,1.5
2100003289,106.535,0,0,-106.535,106.535,3289,0,0,0,35,12,-303.5,-934.426,1.5
2100003310,106.59,0,0,-106.59,106.59,3310,0,0,0,35,14,695.105,-703.105,1.5
2104858280,92.8571,0,0,-92.8571,92.8571,1144,19,120.623,317.877,1.5,0,0,0,35
2104859977,105.273,0,0,-105.273,105.273,2841,17,729.5,435.043,1.5,0,0,0,35
2105860311,106.228,0,0,-106.228,106.228,3175,8,314.5,-894.652,1.5,0,0,0,35
2106859824,104.775,0,0,-104.775,104.775,2688,3,597.708,-534.708,1.5,0,0,0,35
2107860403,106.475,0,0,-106.475,106.475,3267,15,578.837,785.337,1.5,0,0,0,35
2111860000,105.332,0,0,-105.332,105.332,2864,11,-351.5,779.612,1.5,0,0,0,35
2111860295,106.192,0,0,-106.192,106.192,3159,10,-940.133,-89.3669,1.5,0,0,0,35
2112858014,91.6528,0,0,-91.6528,91.6528,878,6,-237.761,100.761,1.5,0,0,0,35
2116859289,102.848,0,0,-102.848,102.848,2153,20,64.347,638.847,1.5,0,0,0,35
2125859429,103.389,0,0,-103.389,103.389,2293,5,528.936,-432.936,1.5,0,0,0,35
2128859198,102.467,0,0,-102.467,102.467,2062,13,515.133,335,1.5,0,0,0,35
2131860401,106.472,0,0,-106.472,106.472,3265,18,932.018,287.5,1.5,0,0,0,35
2135858477,97.6764,0,0,-97.6764,97.6764,1341,1,-25.2098,-400,1.5,0,0,0,35
2135859270,102.793,0,0,-102.793,102.793,2134,2,-617.5,-160.71,1.5,0,0,0,35
2137860425,106.535,0,0,-106.535,106.535,3289,12,-303.5,-934.426,1.5,0,0,0,35
2140860446,106.59,0,0,-106.59,106.59,3310,14,695.105,-703.105,1.5,0,0,0,35
2142787029,100.666,0,0,-100.666,100.666,1321,9,-206.268,335.232,1.5,0,0,0,35
2144858212,105.096,0,0,-105.096,105.096,1076,7,-12.7674,318.267,1.5,0,0,0,35
2145858170,95.2033,0,0,-95.2033,95.2033,1034,4,276.729,-128.729,1.5,0,0,0,35
2148858583,94.219,0,0,-94.219,94.219,1447,16,114.711,414.211,1.5,0,0,0,35
2150000878,91.6528,0,0,-91.6528,91.6528,878,0,0,0,35,6,-237.761,100.761,1.5
2150001034,95.2033,0,0,-95.2033,95.2033,1034,0,0,0,35,4,276.729,-128.729,1.5
2150001076,105.096,0,0,-105.096,105.096,1076,0,0,0,35,7,-12.7674,318.267,1.5
2150001144,92.8571,0,0,-92.8571,92.8571,1144,0,0,0,35,19,120.623,317.877,1.5
2150001321,100.666,0,0,-100.666,100.666,1321,0,0,0,35,9,-206.268,335.232,1.5
2150001341,97.6764,0,0,-97.6764,97.6764,1341,0,0,0,35,1,-25.2098,-400,1.5
2150001447,94.219,0,0,-94.219,94.219,1447,0,0,0,35,16,114.711,414.211,1.5
2150002062,102.467,0,0,-102.467,102.467,2062,0,0,0,35,13,515.133,335,1.5
2150002134,102.793,0,0,-102.793,102.793,2134,0,0,0,35,2,-617.5,-160.71,1.5
2150002153,102.848,0,0,-102.848,102.848,2153,0,0,0,35,20,64.347,638.847,1.5
2150002293,103.389,0,0,-103.389,103.389,2293,0,0,0,35,5,528.936,-432.936,1.5
2150002688,104.775,0,0,-104.775,104.775,2688,0,0,0,35,3,597.708,-534.708,1.5
2150002841,105.273,0,0,-105.273,105.273,2841,0,0,0,35,17,729.5,435.043,1.5
2150002864,105.332,0,0,-105.332,105.332,2864,0,0,0,35,11,-351.5,779.612,1.5
2150003159,106.192,0,0,-106.192,106.192,3159,0,0,0,35,10,-940.133,-89.3669,1.5
2150003175,106.228,0,0,-106.228,106.228,3175,0,0,0,35,8,314.5,-894.652,1.5
2150003265,106.472,0,0,-106.472,106.472,3265,0,0,0,35,18,932.018,287.5,1.5
2150003267,106.475,0,0,-106.475,106.475,3267,0,0,0,35,15,578.837,785.337,1.5
2150003289,106.535,0,0,-106.535,106.535,3289,0,0,0,35,12,-303.5,-934.426,1.5
2150003310,106.59,0,0,-106.59,106.59,3310,0,0,0,35,14,695.105,-703.105,1.5
2154859977,105.273,0,0,-105.273,105.273,2841,17,729.5,435.043,1.5,0,0,0,35
2155858280,92.8571,0,0,-92.8571,92.8571,1144,19,120.623,317.877,1.5,0,0,0,35
2155860311,106.228,0,0,-106.228,106.228,3175,8,314.5,-894.652,1.5,0,0,0,35
2156859824,104.775,0,0,-104.775,104.775,2688,3,597.708,-534.708,1.5,0,0,0,35
2157860403,106.475,0,0,-106.475,106.475,3267,15,578.837,785.337,1.5,0,0,0,35
2161860000,105.332,0,0,-105.332,105.332,2864,11,-351.5,779.612,1.5,0,0,0,35
2161860295,106.192,0,0,-106.192,106.192,3159,10,-940.133,-89.3669,1.5,0,0,0,35
2162858014,91.6528,0,0,-91.6528,91.6528,878,6,-237.761,100.761,1.5,0,0,0,35
2166859289,102.848,0,0,-102.848,102.848,2153,20,64.347,638.847,1.5,0,0,0,35
2175859429,103.389,0,0,-103.389,103.389,2293,5,528.936,-432.936,1.5,0,0,0,35
2178859198,102.467,0,0,-102.467,102.467,2062,13,515.133,335,1.5,0,0,0,35
2181860401,106.472,0,0,-106.472,106.472,3265,18,932.018,287.5,1.5,0,0,0,35
2185858477,97.6764,0,0,-97.6764,97.6764,1341,1,-25.2098,-400,1.5,0,0,0,35
2185859270,102.793,0,0,-102.793,102.793,2134,2,-617.5,-160.71,1.5,0,0,0,35
2187860425,106.535,0,0,-106.535,106.535,3289,12,-303.5,-934.426,1.5,0,0,0,35
2190860446,106.59,0,0,-106.59,106.59,3310,14,695.105,-703.105,1.5,0,0,0,35
2192858457,100.666,0,0,-100.666,100.666,1321,9,-206.268,335.232,1.5,0,0,0,35
2194858212,105.096,0,0,-105.096,105.096,1076,7,-12.7674,318.267,1.5,0,0,0,35
2195858170,95.2033,0,0,-95.2033,95.2033,1034,4,276.729,-128.729,1.5,0,0,0,35
2198858583,94.219,0,0,-94.219,94.219,1447,16,114.711,414.211,1.5,0,0,0,35
2200000878,91.6528,0,0,-91.6528,91.6528,878,0,0,0,35,6,-237.655,100.655,1.5
2200001034,95.2033,0,0,-95.2033,95.2033,1034,0,0,0,35,4,276.623,-128.623,1.5
2200001076,105.096,0,0,-105.096,105.096,1076,0,0,0,35,7,-12.6614,318.161,1.5
2200001144,92.8571,0,0,-92.8571,92.8571,1144,0,0,0,35,19,120.729,317.771,1.5
2200001321,100.666,0,0,-100.666,100.666,1321,0,0,0,35,9,-206.374,335.126,1.5
2200001341,97.6764,0,0,-97.6764,97.6764,1341,0,0,0,35,1,-25.3598,-400,1.5
2200001447,94.219,0,0,-94.219,94.219,1447,0,0,0,35,16,114.605,414.105,1.5
2200002062,102.465,0,0,-102.465,102.465,2062,0,0,0,35,13,514.983,335,1.5
2200002134,102.793,0,0,-102.793,102.793,2134,0,0,0,35,2,-617.5,-160.56,1.5
2200002153,102.846,0,0,-102.846,102.846,2153,0,0,0,35,20,64.241,638.741,1.5
2200002293,103.388,0,0,-103.388,103.388,2293,0,0,0,35,5,528.83,-432.83,1.5
2200002688,104.773,0,0,-104.773,104.773,2688,0,0,0,35,3,597.602,-534.602,1.5
2200002841,105.272,0,0,-105.272,105.272,2841,0,0,0,35,17,729.5,434.893,1.5
2200002864,105.33,0,0,-105.33,105.33,2864,0,0,0,35,11,-351.5,779.462,1.5
2200003159,106.191,0,0,-106.191,106.191,3159,0,0,0,35,10,-940.027,-89.473,1.5
2200003175,106.227,0,0,-106.227,106.227,3175,0,0,0,35,8,314.5,-894.502,1.5
2200003265,106.471,0,0,-106.471,106.471,3265,0,0,0,35,18,931.868,287.5,1.5
2200003267,106.473,0,0,-106.473,106.473,3267,0,0,0,35,15,578.731,785.231,1.5
2200003289,106.534,0,0,-106.534,106.534,3289,0,0,0,35,12,-303.5,-934.276,1.5
2200003310,106.589,0,0,-106.589,106.589,3310,0,0,0,35,14,694.999,-702.999,1.5
2204859977,105.272,0,0,-105.272,105.272,2841,17,729.5,434.893,1.5,0,0,0,35
2205860311,106.227,0,0,-106.227,106.227,3175,8,314.5,-894.502,1.5,0,0,0,35
2206858280,92.8571,0,0,-92.8571,92.8571,1144,19,120.729,317.771,1.5,0,0,0,35
2206859824,104.773,0,0,-104.773,104.773,2688,3,597.602,-534.602,1.5,0,0,0,35
2207860403,106.473,0,0,-106.473,106.473,3267,15,578.731,785.231,1.5,0,0,0,35
2211860000,105.33,0,0,-105.33,105.33,2864,11,-351.5,779.462,1.5,0,0,0,35
2211860295,106.191,0,0,-106.191,106.191,3159,10,-940.027,-89.473,1.5,0,0,0,35
2212858014,91.6528,0,0,-91.6528,91.6528,878,6,-237.655,100.655,1.5,0,0,0,35
2216859289,102.846,0,0,-102.846,102.846,2153,20,64.241,638.741,1.5,0,0,0,35
2225859429,103.388,0,0,-103.388,103.388,2293,5,528.83,-432.83,1.5,0,0,0,35
2228859198,102.465,0,0,-102.465,102.465,2062,13,514.983,335,1.5,0,0,0,35
2233860401,106.471,0,0,-106.471,106.471,3265,18,931.868,287.5,1.5,0,0,0,35
2235858477,97.6764,0,0,-97.6764,97.6764,1341,1,-25.3598,-400,1.5,0,0,0,35
2235859270,102.793,0,0,-102.793,102.793,2134,2,-617.5,-160.56,1.5,0,0,0,35
2237860425,106.534,0,0,-106.534,106.534,3289,12,-303.5,-934.276,1.5,0,0,0,35
2240860446,106.589,0,0,-106.589,106.589,3310,14,694.999,-702.999,1.5,0,0,0,35
2242858457,100.666,0,0,-100.666,100.666,1321,9,-206.374,335.126,1.5,0,0,0,35
2244858212,105.096,0,0,-105.096,105.096,1076,7,-12.6614,318.161,1.5,0,0,0,35
2245858170,95.2033,0,0,-95.2033,95.2033,1034,4,276.623,-128.623,1.5,0,0,0,35
2248858583,94.219,0,0,-94.219,94.219,1447,16,114.605,414.105,1.5,0,0,0,35
2250000878,91.6528,0,0,-91.6528,91.6528,878,0,0,0,35,6,-237.655,100.655,1.5
2250001034,95.2033,0,0,-95.2033,95.2033,1034,0,0,0,35,4,276.623,-128.623,1.5
2250001076,105.096,0,0,-105.096,105.096,1076,0,0,0,35,7,-12.6614,318.161,1.5
2250001144,92.8571,0,0,-92.8571,92.8571,1144,0,0,0,35,19,120.729,317.771,1.5
2250001321,100.666,0,0,-100.666,100.666,1321,0,0,0,35,9,-206.374,335.126,1.5
2250001341,97.6764,0,0,-97.6764,97.6764,1341,0,0,0,35,1,-25.3598,-400,1.5
2250001447,94.219,0,0,-94.219,94.219,1447,0,0,0,35,16,114.605,414.105,1.5
2250002062,102.465,0,0,-102.465,102.465,2062,0,0,0,35,13,514.983,335,1.5
2250002134,102.793,0,0,-102.793,102.793,2134,0,0,0,35,2,-617.5,-160.56,1.5
2250002153,102.846,0,0,-102.846,102.846,2153,0,0,0,35,20,64.241,638.741,1.5
2250002293,103.388,0,0,-103.388,103.388,2293,0,0,0,35,5,528.83,-432.83,1.5
2250002688,104.773,0,0,-104.773,104.773,2688,0,0,0,35,3,597.602,-534.602,1.5
2250002841,105.272,0,0,-105.272,105.272,2841,0,0,0,35,17,729.5,434.893,1.5
2250002864,105.33,0,0,-105.33,105.33,2864,0,0,0,35,11,-351.5,779.462,1.5
2250003159,106.191,0,0,-106.191,106.191,3159,0,0,0,35,10,-940.027,-89.473,1.5
2250003175,106.227,0,0,-106.227,106.227,3175,0,0,0,35,8,314.5,-894.502,1.5
2250003265,106.471,0,0,-106.471,106.471,3265,0,0,0,35,18,931.868,287.5,1.5
2250003267,106.473,0,0,-106.473,106.473,3267,0,0,0,35,15,578.731,785.231,1.5
2250003289,106.534,0,0,-106.534,106.534,3289,0,0,0,35,12,-303.5,-934.276,1.5
2250003310,106.589,0,0,-106.589,106.589,3310,0,0,0,35,14,694.999,-702.999,1.5
2255859977,105.272,0,0,-105.272,105.272,2841,17,729.5,434.893,1.5,0,0,0,35
2255860311,106.227,0,0,-106.227,106.227,3175,8,314.5,-894.502,1.5,0,0,0,35
2256858280,92.8571,0,0,-92.8571,92.8571,1144,19,120.729,317.771,1.5,0,0,0,35
2256859824,104.773,0,0,-104.773,104.773,2688,3,597.602,-534.602,1.5,0,0,0,35
2257860403,106.473,0,0,-106.473,106.473,3267,15,578.731,785.231,1.5,0,0,0,35
2261860000,105.33,0,0,-105.33,105.33,2864,11,-351.5,779.462,1.5,0,0,0,35
2261860295,106.191,0,0,-106.191,106.191,3159,10,-940.027,-89.473,1.5,0,0,0,35
2262858014,91.6528,0,0,-91.6528,91.6528,878,6,-237.655,100.655,1.5,0,0,0,35
2266859289,102.846,0,0,-102.846,102.846,2153,20,64.241,638.741,1.5,0,0,0,35
2275859429,103.388,0,0,-103.388,103.388,2293,5,528.83,-432.83,1.5,0,0,0,35
2278859198,102.465,0,0,-102.465,102.465,2062,13,514.983,335,1.5,0,0,0,35
2283860401,106.471,0,0,-106.471,106.471,3265,18,931.868,287.5,1.5,0,0,0,35
2285858477,97.6764,0,0,-97.6764,97.6764,1341,1,-25.3598,-400,1.5,0,0,0,35
2285859270,102.793,0,0,-102.793,102.793,2134,2,-617.5,-160.56,1.5,0,0,0,35
2287860425,106.534,0,0,-106.534,106.534,3289,12,-303.5,-934.276,1.5,0,0,0,35
2290860446,106.589,0,0,-106.589,106.589,3310,14,694.999,-702.999,1.5,0,0,0,35
2292858457,100.666,0,0,-100.666,100.666,1321,9,-206.374,335.126,1.5,0,0,0,35
2294858212,105.096,0,0,-105.096,105.096,1076,7,-12.6614,318.161,1.5,0,0,0,35
2295858170,95.2033,0,0,-95.2033,95.2033,1034,4,276.623,-128.623,1.5,0,0,0,35
2298858583,94.219,0,0,-94.219,94.219,1447,16,114.605,414.105,1.5,0,0,0,35
2300000878,91.6528,0,0,-91.6528,91.6528,878,0,0,0,35,6,-237.549,100.549,1.5
2300001034,95.2033,0,0,-95.2033,95.2033,1034,0,0,0,35,4,276.517,-128.517,1.5
2300001076,105.096,0,0,-105.096,105.096,1076,0,0,0,35,7,-12.5553,318.055,1.5
2300001144,92.8571,0,0,-92.8571,92.8571,1144,0,0,0,35,19,120.836,317.664,1.5
2300001321,100.666,0,0,-100.666,100.666,1321,0,0,0,35,9,-206.48,335.02,1.5
2300001341,97.6764,0,0,-97.6764,97.6764,1341,0,0,0,35,1,-25.5098,-400,1.5
2300001447,94.219,0,0,-94.219,94.219,1447,0,0,0,35,16,114.499,413.999,1.5
2300002062,102.463,0,0,-102.463,102.463,2062,0,0,0,35,13,514.833,335,1.5
2300002134,102.792,0,0,-102.792,102.792,2134,0,0,0,35,2,-617.5,-160.41,1.5
2300002153,102.844,0,0,-102.844,102.844,2153,0,0,0,35,20,64.1349,638.635,1.5
2300002293,103.386,0,0,-103.386,103.386,2293,0,0,0,35,5,528.724,-432.724,1.5
2300002688,104.771,0,0,-104.771,104.771,2688,0,0,0,35,3,597.496,-534.496,1.5
2300002841,105.271,0,0,-105.271,105.271,2841,0,0,0,35,17,729.5,434.743,1.5
2300002864,105.329,0,0,-105.329,105.329,2864,0,0,0,35,11,-351.5,779.312,1.5
2300003159,106.19,0,0,-106.19,106.19,3159,0,0,0,35,10,-939.921,-89.5791,1.5
2300003175,106.226,0,0,-106.226,106.226,3175,0,0,0,35,8,314.5,-894.352,1.5
2300003265,106.47,0,0,-106.47,106.47,3265,0,0,0,35,18,931.718,287.5,1.5
2300003267,106.472,0,0,-106.472,106.472,3267,0,0,0,35,15,578.625,785.125,1.5
2300003289,106.533,0,0,-106.533,106.533,3289,0,0,0,35,12,-303.5,-934.126,1.5
2300003310,106.588,0,0,-106.588,106.588,3310,0,0,0,35,14,694.893,-702.893,1.5
2305859977,105.271,0,0,-105.271,105.271,2841,17,729.5,434.743,1.5,0,0,0,35
2305860311,106.226,0,0,-106.226,106.226,3175,8,314.5,-894.352,1.5,0,0,0,35
2306858280,92.8571,0,0,-92.8571,92.8571,1144,19,120.836,317.664,1.5,0,0,0,35
2306859824,104.771,0,0,-104.771,104.771,2688,3,597.496,-534.496,1.5,0,0,0,35
2307860403,106.472,0,0,-106.472,106.472,3267,15,578.625,785.125,1.5,0,0,0,35
2312858014,91.6528,0,0,-91.6528,91.6528,878,6,-237.549,100.549,1.5,0,0,0,35
2312860000,105.329,0,0,-105.329,105.329,2864,11,-351.5,779.312,1.5,0,0,0,35
2312860295,106.19,0,0,-106.19,106.19,3159,10,-939.921,-89.5791,1.5,0,0,0,35
2316859289,102.844,0,0,-102.844,102.844,2153,20,64.1349,638.635,1.5,0,0,0,35
2325859429,103.386,0,0,-103.386,103.386,2293,5,528.724,-432.724,1.5,0,0,0,35
2328859198,102.463,0,0,-102.463,102.463,2062,13,514.833,335,1.5,0,0,0,35
2335858477,97.6764,0,0,-97.6764,97.6764,1341,1,-25.5098,-400,1.5,0,0,0,35
2335859270,102.792,0,0,-102.792,102.792,2134,2,-617.5,-160.41,1.5,0,0,0,35
2335860401,106.47,0,0,-106.47,106.47,3265,18,931.718,287.5,1.5,0,0,0,35
2337860425,106.533,0,0,-106.533,106.533,3289,12,-303.5,-934.126,1.5,0,0,0,35
2340860446,106.588,0,0,-106.588,106.588,3310,14,694.893,-702.893,1.5,0,0,0,35
2342858457,100.666,0,0,-100.666,100.666,1321,9,-206.48,335.02,1.5,0,0,0,35
2344858212,105.096,0,0,-105.096,105.096,1076,7,-12.5553,318.055,1.5,0,0,0,35
2345858170,95.2033,0,0,-95.2033,95.2033,1034,4,276.517,-128.517,1.5,0,0,0,35
2348858583,94.219,0,0,-94.219,94.219,1447,16,114.499,413.999,1.5,0,0,0,35
2350000878,91.6528,0,0,-91.6528,91.6528,878,0,0,0,35,6,-237.549,100.549,1.5
2350001034,95.2033,0,0,-95.2033,95.2033,1034,0,0,0,35,4,276.517,-128.517,1.5
2350001076,105.096,0,0,-105.096,105.096,1076,0,0,0,35,7,-12.5553,318.055,1.5
2350001144,92.8571,0,0,-92.8571,92.8571,1144,0,0,0,35,19,120.836,317.664,1.5
2350001321,100.666,0,0,-100.666,100.666,1321,0,0,0,35,9,-206.48,335.02,1.5
2350001341,97.6764,0,0,-97.6764,97.6764,1341,0,0,0,35,1,-25.5098,-400,1.5
2350001447,94.219,0,0,-94.219,94.219,1447,0,0,0,35,16,114.499,413.999,1.5
2350002062,102.463,0,0,-102.463,102.463,2062,0,0,0,35,13,514.833,335,1.5
2350002134,102.792,0,0,-102.792,102.792,2134,0,0,0,35,2,-617.5,-160.41,1.5
2350002153,102.844,0,0,-102.844,102.844,2153,0,0,0,35,20,64.1349,638.635,1.5
2350002293,103.386,0,0,-103.386,103.386,2293,0,0,0,35,5,528.724,-432.724,1.5
2350002688,104.771,0,0,-104.771,104.771,2688,0,0,0,35,3,597.496,-534.496,1.5
2350002841,105.271,0,0,-105.271,105.271,2841,0,0,0,35,17,729.5,434.743,1.5
2350002864,105.329,0,0,-105.329,105.329,2864,0,0,0,35,11,-351.5,779.312,1.5
2350003159,106.19,0,0,-106.19,106.19,3159,0,0,0,35,10,-939.921,-89.5791,1.5
2350003175,106.226,0,0,-106.226,106.226,3175,0,0,0,35,8,314.5,-894.352,1.5
2350003265,106.47,0,0,-106.47,106.47,3265,0,0,0,35,18,931.718,287.5,1.5
2350003267,106.472,0,0,-106.472,106.472,3267,0,0,0,35,15,578.625,785.125,1.5
2350003289,106.533,0,0,-106.533,106.533,3289,0,0,0,35,12,-303.5,-934.126,1.5
2350003310,106.588,0,0,-106.588,106.588,3310,0,0,0,35,14,694.893,-702.893,1.5
2355859977,105.271,0,0,-105.271,105.271,2841,17,729.5,434.743,1.5,0,0,0,35
2355860311,106.226,0,0,-106.226,106.226,3175,8,314.5,-894.352,1.5,0,0,0,35
2356858280,92.8571,0,0,-92.8571,92.8571,1144,19,120.836,317.664,1.5,0,0,0,35
2356859824,104.771,0,0,-104.771,104.771,2688,3,597.496,-534.496,1.5,0,0,0,35
2357860403,106.472,0,0,-106.472,106.472,3267,15,578.625,785.125,1.5,0,0,0,35
2362858014,91.6528,0,0,-91.6528,91.6528,878,6,-237.549,100.549,1.5,0,0,0,35
2362860000,105.329,0,0,-105.329,105.329,2864,11,-351.5,779.312,1.5,0,0,0,35
2362860295,106.19,0,0,-106.19,106.19,3159,10,-939.921,-89.5791,1.5,0,0,0,35
2366859289,102.844,0,0,-102.844,102.844,2153,20,64.1349,638.635,1.5,0,0,0,35
2375859429,103.386,0,0,-103.386,103.386,2293,5,528.724,-432.724,1.5,0,0,0,35
2378859198,102.463,0,0,-102.463,102.463,2062,13,514.833,335,1.5,0,0,0,35
2385858477,97.6764,0,0,-97.6764,97.6764,1341,1,-25.5098,-400,1.5,0,0,0,35
2385859270,102.792,0,0,-102.792,102.792,2134,2,-617.5,-160.41,1.5,0,0,0,35
2385860401,106.47,0,0,-106.47,106.47,3265,18,931.718,287.5,1.5,0,0,0,35
2387860425,106.533,0,0,-106.533,106.533,3289,12,-303.5,-934.126,1.5,0,0,0,35
2390860446,106.588,0,0,-106.588,106.588,3310,14,694.893,-702.893,1.5,0,0,0,35
2392858457,100.666,0,0,-100.666,100.666,1321,9,-206.48,335.02,1.5,0,0,0,35
2394858212,105.096,0,0,-105.096,105.096,1076,7,-12.5553,318.055,1.5,0,0,0,35
2395858170,95.2033,0,0,-95.2033,95.2033,1034,4,276.517,-128.517,1.5,0,0,0,35
2399858583,94.219,0,0,-94.219,94.219,1447,16,114.499,413.999,1.5,0,0,0,35
2400000878,91.6528,0,0,-91.6528,91.6528,878,0,0,0,35,6,-237.443,100.443,1.5
2400001034,95.2033,0,0,-95.2033,95.2033,1034,0,0,0,35,4,276.411,-128.411,1.5
2400001076,105.096,0,0,-105.096,105.096,1076,0,0,0,35,7,-12.4492,317.949,1.5
2400001144,92.8571,0,0,-92.8571,92.8571,1144,0,0,0,35,19,120.942,317.558,1.5
2400001321,100.666,0,0,-100.666,100.666,1321,0,0,0,35,9,-206.586,334.914,1.5
2400001341,97.6764,0,0,-97.6764,97.6764,1341,0,0,0,35,1,-25.6598,-400,1.5
2400001447,94.219,0,0,-94.219,94.219,1447,0,0,0,35,16,114.392,413.892,1.5
2400002062,102.462,0,0,-102.462,102.462,2062,0,0,0,35,13,514.683,335,1.5
2400002134,102.792,0,0,-102.792,102.792,2134,0,0,0,35,2,-617.5,-160.26,1.5
2400002153,102.843,0,0,-102.843,102.843,2153,0,0,0,35,20,64.0288,638.529,1.5
2400002293,103.384,0,0,-103.384,103.384,2293,0,0,0,35,5,528.618,-432.618,1.5
2400002688,104.77,0,0,-104.77,104.77,2688,0,0,0,35,3,597.39,-534.39,1.5
2400002841,105.27,0,0,-105.27,105.27,2841,0,0,0,35,17,729.5,434.593,1.5
2400002864,105.328,0,0,-105.328,105.328,2864,0,0,0,35,11,-351.5,779.162,1.5
2400003159,106.19,0,0,-106.19,106.19,3159,0,0,0,35,10,-939.815,-89.6851,1.5
2400003175,106.225,0,0,-106.225,106.225,3175,0,0,0,35,8,314.5,-894.202,1.5
2400003265,106.468,0,0,-106.468,106.468,3265,0,0,0,35,18,931.568,287.5,1.5
2400003267,106.471,0,0,-106.471,106.471,3267,0,0,0,35,15,578.518,785.018,1.5
2400003289,106.532,0,0,-106.532,106.532,3289,0,0,0,35,12,-303.5,-933.976,1.5
2400003310,106.586,0,0,-106.586,106.586,3310,0,0,0,35,14,694.786,-702.786,1.5
2405860311,106.225,0,0,-106.225,106.225,3175,8,314.5,-894.202,1.5,0,0,0,35
2406858280,92.8571,0,0,-92.8571,92.8571,1144,19,120.942,317.558,1.5,0,0,0,35
2406859824,104.77,0,0,-104.77,104.77,2688,3,597.39,-534.39,1.5,0,0,0,35
2407860403,106.471,0,0,-106.471,106.471,3267,15,578.518,785.018,1.5,0,0,0,35
2408859977,105.27,0,0,-105.27,105.27,2841,17,729.5,434.593,1.5,0,0,0,35
2412858014,91.6528,0,0,-91.6528,91.6528,878,6,-237.443,100.443,1.5,0,0,0,35
2412860000,105.328,0,0,-105.328,105.328,2864,11,-351.5,779.162,1.5,0,0,0,35
2412860295,106.19,0,0,-106.19,106.19,3159,10,-939.815,-89.6851,1.5,0,0,0,35
2417859289,102.843,0,0,-102.843,102.843,2153,20,64.0288,638.529,1.5,0,0,0,35
2425859429,103.384,0,0,-103.384,103.384,2293,5,528.618,-432.618,1.5,0,0,0,35
2428859198,102.462,0,0,-102.462,102.462,2062,13,514.683,335,1.5,0,0,0,35
2435858477,97.6764,0,0,-97.6764,97.6764,1341,1,-25.6598,-400,1.5,0,0,0,35
2435859270,102.792,0,0,-102.792,102.792,2134,2,-617.5,-160.26,1.5,0,0,0,35
2435860401,106.468,0,0,-106.468,106.468,3265,18,931.568,287.5,1.5,0,0,0,35
2437860425,106.532,0,0,-106.532,106.532,3289,12,-303.5,-933.976,1.5,0,0,0,35
2440860446,106.586,0,0,-106.586,106.586,3310,14,694.786,-702.786,1.5,0,0,0,35
2442858457,100.666,0,0,-100.666,100.666,1321,9,-206.586,334.914,1.5,0,0,0,35
2444858212,105.096,0,0,-105.096,105.096,1076,7,-12.4492,317.949,1.5,0,0,0,35
2445858170,95.2033,0,0,-95.2033,95.2033,1034,4,276.411,-128.411,1.5,0,0,0,35
2449858583,94.219,0,0,-94.219,94.219,1447,16,114.392,413.892,1.5,0,0,0,35
2450000878,91.6528,0,0,-91.6528,91.6528,878,0,0,0,35,6,-237.443,100.443,1.5
2450001034,95.2033,0,0,-95.2033,95.2033,1034,0,0,0,35,4,276.411,-128.411,1.5
2450001076,105.096,0,0,-105.096,105.096,1076,0,0,0,35,7,-12.4492,317.949,1.5
2450001144,92.8571,0,0,-92.8571,92.8571,1144,0,0,0,35,19,120.942,317.558,1.5
2450001321,100.666,0,0,-100.666,100.666,1321,0,0,0,35,9,-206.586,334.914,1.5
2450001341,97.6764,0,0,-97.6764,97.6764,1341,0,0,0,35,1,-25.6598,-400,1.5
2450001447,94.219,0,0,-94.219,94.219,1447,0,0,0,35,16,114.392,413.892,1.5
2450002062,102.462,0,0,-102.462,102.462,2062,0,0,0,35,13,514.683,335,1.5
2450002134,102.792,0,0,-102.792,102.792,2134,0,0,0,35,2,-617.5,-160.26,1.5
2450002153,102.843,0,0,-102.843,102.843,2153,0,0,0,35,20,64.0288,638.529,1.5
2450002293,103.384,0,0,-103.384,103.384,2293,0,0,0,35,5,528.618,-432.618,1.5
2450002688,104.77,0,0,-104.77,104.77,2688,0,0,0,35,3,597.39,-534.39,1.5
2450002841,105.27,0,0,-105.27,105.27,2841,0,0,0,35,17,729.5,434.593,1.5
2450002864,105.328,0,0,-105.328,105.328,2864,0,0,0,35,11,-351.5,779.162,1.5
2450003159,106.19,0,0,-106.19,106.19,3159,0,0,0,35,10,-939.815,-89.6851,1.5
2450003175,106.225,0,0,-106.225,106.225,3175,0,0,0,35,8,314.5,-894.202,1.5
2450003265,106.468,0,0,-106.468,106.468,3265,0,0,0,35,18,931.568,287.5,1.5
2450003267,106.471,0,0,-106.471,106.471,3267,0,0,0,35,15,578.518,785.018,1.5
2450003289,106.532,0,0,-106.532,106.532,3289,0,0,0,35,12,-303.5,-933.976,1.5
2450003310,106.586,0,0,-106.586,106.586,3310,0,0,0,35,14,694.786,-702.786,1.5
2455860311,106.225,0,0,-106.225,106.225,3175,8,314.5,-894.202,1.5,0,0,0,35
2456858280,92.8571,0,0,-92.8571,92.8571,1144,19,120.942,317.558,1.5,0,0,0,35
2456859824,104.77,0,0,-104.77,104.77,2688,3,597.39,-534.39,1.5,0,0,0,35
2457860403,106.471,0,0,-106.471,106.471,3267,15,578.518,785.018,1.5,0,0,0,35
2460859977,105.27,0,0,-105.27,105.27,2841,17,729.5,434.593,1.5,0,0,0,35
2463858014,91.6528,0,0,-91.6528,91.6528,878,6,-237.443,100.443,1.5,0,0,0,35
2463860000,105.328,0,0,-105.328,105.328,2864,11,-351.5,779.162,1.5,0,0,0,35
2463860295,106.19,0,0,-106.19,106.19,3159,10,-939.815,-89.6851,1.5,0,0,0,35
2467859289,102.843,0,0,-102.843,102.843,2153,20,64.0288,638.529,1.5,0,0,0,35
2475859429,103.384,0,0,-103.384,103.384,2293,5,528.618,-432.618,1.5,0,0,0,35
2478859198,102.462,0,0,-102.462,102.462,2062,13,514.683,335,1.5,0,0,0,35
2485858477,97.6764,0,0,-97.6764,97.6764,1341,1,-25.6598,-400,1.5,0,0,0,35
2485859270,102.792,0,0,-102.792,102.792,2134,2,-617.5,-160.26,1.5,0,0,0,35
2485860401,106.468,0,0,-106.468,106.468,3265,18,931.568,287.5,1.5,0,0,0,35
2487860425,106.532,0,0,-106.532,106.532,3289,12,-303.5,-933.976,1.5,0,0,0,35
2490860446,106.586,0,0,-106.586,106.586,3310,14,694.786,-702.786,1.5,0,0,0,35
2492858457,100.666,0,0,-100.666,100.666,1321,9,-206.586,334.914,1.5,0,0,0,35
2495858170,95.2033,0,0,-95.2033,95.2033,1034,4,276.411,-128.411,1.5,0,0,0,35
2495858212,105.096,0,0,-105.096,105.096,1076,7,-12.4492,317.949,1.5,0,0,0,35
2499858583,94.219,0,0,-94.219,94.219,1447,16,114.392,413.892,1.5,0,0,0,35
2500000878,91.6528,0,0,-91.6528,91.6528,878,0,0,0,35,6,-237.337,100.337,1.5
2500001034,95.2033,0,0,-95.2033,95.2033,1034,0,0,0,35,4,276.305,-128.305,1.5
2500001076,105.096,0,0,-105.096,105.096,1076,0,0,0,35,7,-12.3432,317.843,1.5
2500001144,92.8571,0,0,-92.8571,92.8571,1144,0,0,0,35,19,121.048,317.452,1.5
2500001321,100.666,0,0,-100.666,100.666,1321,0,0,0,35,9,-206.692,334.808,1.5
2500001341,97.6764,0,0,-97.6764,97.6764,1341,0,0,0,35,1,-25.8098,-400,1.5
2500001447,94.219,0,0,-94.219,94.219,1447,0,0,0,35,16,114.286,413.786,1.5
2500002062,102.46,0,0,-102.46,102.46,2062,0,0,0,35,13,514.533,335,1.5
2500002134,102.791,0,0,-102.791,102.791,2134,0,0,0,35,2,-617.5,-160.11,1.5
2500002153,102.841,0,0,-102.841,102.841,2153,0,0,0,35,20,63.9228,638.423,1.5
2500002293,103.382,0,0,-103.382,103.382,2293,0,0,0,35,5,528.512,-432.512,1.5
2500002688,104.768,0,0,-104.768,104.768,2688,0,0,0,35,3,597.283,-534.283,1.5
2500002841,105.269,0,0,-105.269,105.269,2841,0,0,0,35,17,729.5,434.443,1.5
2500002864,105.326,0,0,-105.326,105.326,2864,0,0,0,35,11,-351.5,779.012,1.5
2500003159,106.189,0,0,-106.189,106.189,3159,0,0,0,35,10,-939.709,-89.7912,1.5
2500003175,106.223,0,0,-106.223,106.223,3175,0,0,0,35,8,314.5,-894.052,1.5
2500003265,106.467,0,0,-106.467,106.467,3265,0,0,0,35,18,931.418,287.5,1.5
2500003267,106.469,0,0,-106.469,106.469,3267,0,0,0,35,15,578.412,784.912,1.5
2500003289,106.53,0,0,-106.53,106.53,3289,0,0,0,35,12,-303.5,-933.826,1.5
2500003310,106.585,0,0,-106.585,106.585,3310,0,0,0,35,14,694.68,-702.68,1.5
2505860311,106.223,0,0,-106.223,106.223,3175,8,314.5,-894.052,1.5,0,0,0,35
2506858280,92.8571,0,0,-92.8571,92.8571,1144,19,121.048,317.452,1.5,0,0,0,35
2506859824,104.768,0,0,-104.768,104.768,2688,3,597.283,-534.283,1.5,0,0,0,35
2507860403,106.469,0,0,-106.469,106.469,3267,15,578.412,784.912,1.5,0,0,0,35
2512859977,105.269,0,0,-105.269,105.269,2841,17,729.5,434.443,1.5,0,0,0,35
2513858014,91.6528,0,0,-91.6528,91.6528,878,6,-237.337,100.337,1.5,0,0,0,35
2513860000,105.326,0,0,-105.326,105.326,2864,11,-351.5,779.012,1.5,0,0,0,35
2513860295,106.189,0,0,-106.189,106.189,3159,10,-939.709,-89.7912,1.5,0,0,0,35
2517859289,102.841,0,0,-102.841,102.841,2153,20,63.9228,638.423,1.5,0,0,0,35
2525859429,103.382,0,0,-103.382,103.382,2293,5,528.512,-432.512,1.5,0,0,0,35
2528859198,102.46,0,0,-102.46,102.46,2062,13,514.533,335,1.5,0,0,0,35
2535858477,97.6764,0,0,-97.6764,97.6764,1341,1,-25.8098,-400,1.5,0,0,0,35
2535859270,102.791,0,0,-102.791,102.791,2134,2,-617.5,-160.11,1.5,0,0,0,35
2535860401,106.467,0,0,-106.467,106.467,3265,18,931.418,287.5,1.5,0,0,0,35
2537860425,106.53,0,0,-106.53,106.53,3289,12,-303.5,-933.826,1.5,0,0,0,35
2540860446,106.585,0,0,-106.585,106.585,3310,14,694.68,-702.68,1.5,0,0,0,35
2543858457,100.666,0,0,-100.666,100.666,1321,9,-206.692,334.808,1.5,0,0,0,35
2545858170,95.2033,0,0,-95.2033,95.2033,1034,4,276.305,-128.305,1.5,0,0,0,35
2545858212,105.096,0,0,-105.096,105.096,1076,7,-12.3432,317.843,1.5,0,0,0,35
2549858583,94.219,0,0,-94.219,94.219,1447,16,114.286,413.786,1.5,0,0,0,35
2550000878,91.6528,0,0,-91.6528,91.6528,878,0,0,0,35,6,-237.337,100.337,1.5
2550001034,95.2033,0,0,-95.2033,95.2033,1034,0,0,0,35,4,276.305,-128.305,1.5
2550001076,105.096,0,0,-105.096,105.096,1076,0,0,0,35,7,-12.3432,317.843,1.5
2550001144,92.8571,0,0,-92.8571,92.8571,1144,0,0,0,35,19,121.048,317.452,1.5
2550001321,100.666,0,0,-100.666,100.666,1321,0,0,0,35,9,-206.692,334.808,1.5
2550001341,97.6764,0,0,-97.6764,97.6764,1341,0,0,0,35,1,-25.8098,-400,1.5
2550001447,94.219,0,0,-94.219,94.219,1447,0,0,0,35,16,114.286,413.786,1.5
2550002062,102.46,0,0,-102.46,102.46,2062,0,0,0,35,13,514.533,335,1.5
2550002134,102.791,0,0,-102.791,102.791,2134,0,0,0,35,2,-617.5,-160.11,1.5
2550002153,102.841,0,0,-102.841,102.841,2153,0,0,0,35,20,63.9228,638.423,1.5
2550002293,103.382,0,0,-103.382,103.382,2293,0,0,0,35,5,528.512,-432.512,1.5
2550002688,104.768,0,0,-104.768,104.768,2688,0,0,0,35,3,597.283,-534.283,1.5
2550002841,105.269,0,0,-105.269,105.269,2841,0,0,0,35,17,729.5,434.443,1.5
2550002864,105.326,0,0,-105.326,105.326,2864,0,0,0,35,11,-351.5,779.012,1.5
2550003159,106.189,0,0,-106.189,106.189,3159,0,0,0,35,10,-939.709,-89.7912,1.5
2550003175,106.223,0,0,-106.223,106.223,3175,0,0,0,35,8,314.5,-894.052,1.5
2550003265,106.467,0,0,-106.467,106.467,3265,0,0,0,35,18,931.418,287.5,1.5
2550003267,106.469,0,0,-106.469,106.469,3267,0,0,0,35,15,578.412,784.912,1.5
2550003289,106.53,0,0,-106.53,106.53,3289,0,0,0,35,12,-303.5,-933.826,1.5
2550003310,106.585,0,0,-106.585,106.585,3310,0,0,0,35,14,694.68,-702.68,1.5
2555860311,106.223,0,0,-106.223,106.223,3175,8,314.5,-894.052,1.5,0,0,0,35
2556858280,92.8571,0,0,-92.8571,92.8571,1144,19,121.048,317.452,1.5,0,0,0,35
2556859824,104.768,0,0,-104.768,104.768,2688,3,597.283,-534.283,1.5,0,0,0,35
2557860403,106.469,0,0,-106.469,106.469,3267,15,578.412,784.912,1.5,0,0,0,35
2563858014,91.6528,0,0,-91.6528,91.6528,878,6,-237.337,100.337,1.5,0,0,0,35
2563860000,105.326,0,0,-105.326,105.326,2864,11,-351.5,779.012,1.5,0,0,0,35
2563860295,106.189,0,0,-106.189,106.189,3159,10,-939.709,-89.7912,1.5,0,0,0,35
2564859977,105.269,0,0,-105.269,105.269,2841,17,729.5,434.443,1.5,0,0,0,35
2567859289,102.841,0,0,-102.841,102.841,2153,20,63.9228,638.423,1.5,0,0,0,35
2575859429,103.382,0,0,-103.382,103.382,2293,5,528.512,-432.512,1.5,0,0,0,35
2578859198,102.46,0,0,-102.46,102.46,2062,13,514.533,335,1.5,0,0,0,35
2585858477,97.6764,0,0,-97.6764,97.6764,1341,1,-25.8098,-400,1.5,0,0,0,35
2585859270,102.791,0,0,-102.791,102.791,2134,2,-617.5,-160.11,1.5,0,0,0,35
2585860401,106.467,0,0,-106.467,106.467,3265,18,931.418,287.5,1.5,0,0,0,35
2587860425,106.53,0,0,-106.53,106.53,3289,12,-303.5,-933.826,1.5,0,0,0,35
2593858457,100.666,0,0,-100.666,100.666,1321,9,-206.692,334.808,1.5,0,0,0,35
2595858170,95.2033,0,0,-95.2033,95.2033,1034,4,276.305,-128.305,1.5,0,0,0,35
2595858212,105.096,0,0,-105.096,105.096,1076,7,-12.3432,317.843,1.5,0,0,0,35
2599858583,94.219,0,0,-94.219,94.219,1447,16,114.286,413.786,1.5,0,0,0,35
2600000878,91.6528,0,0,-91.6528,91.6528,878,0,0,0,35,6,-237.231,100.231,1.5
2600001034,95.2033,0,0,-95.2033,95.2033,1034,0,0,0,35,4,276.199,-128.199,1.5
2600001076,105.096,0,0,-105.096,105.096,1076,0,0,0,35,7,-12.2371,317.737,1.5
2600001144,92.8571,0,0,-92.8571,92.8571,1144,0,0,0,35,19,121.154,317.346,1.5
2600001321,100.666,0,0,-100.666,100.666,1321,0,0,0,35,9,-206.798,334.702,1.5
2600001341,97.6764,0,0,-97.6764,97.6764,1341,0,0,0,35,1,-25.9598,-400,1.5
2600001447,94.219,0,0,-94.219,94.219,1447,0,0,0,35,16,114.18,413.68,1.5
2600002062,102.458,0,0,-102.458,102.458,2062,0,0,0,35,13,514.383,335,1.5
2600002134,102.791,0,0,-102.791,102.791,2134,0,0,0,35,2,-617.5,-159.96,1.5
2600002153,102.84,0,0,-102.84,102.84,2153,0,0,0,35,20,63.8167,638.317,1.5
2600002293,103.38,0,0,-103.38,103.38,2293,0,0,0,35,5,528.406,-432.406,1.5
2600002688,104.767,0,0,-104.767,104.767,2688,0,0,0,35,3,597.177,-534.177,1.5
2600002841,105.269,0,0,-105.269,105.269,2841,0,0,0,35,17,729.5,434.293,1.5
2600002864,105.325,0,0,-105.325,105.325,2864,0,0,0,35,11,-351.5,778.862,1.5
2600003159,106.188,0,0,-106.188,106.188,3159,0,0,0,35,10,-939.603,-89.8973,1.5
2600003175,106.222,0,0,-106.222,106.222,3175,0,0,0,35,8,314.5,-893.902,1.5
2600003265,106.466,0,0,-106.466,106.466,3265,0,0,0,35,18,931.268,287.5,1.5
2600003267,106.468,0,0,-106.468,106.468,3267,0,0,0,35,15,578.306,784.806,1.5
2600003289,106.529,0,0,-106.529,106.529,3289,0,0,0,35,12,-303.5,-933.676,1.5
2600003310,106.584,0,0,-106.584,106.584,3310,0,0,0,35,14,694.574,-702.574,1.5
2600860446,106.584,0,0,-106.584,106.584,3310,14,694.574,-702.574,1.5,0,0,0,35
2605860311,106.222,0,0,-106.222,106.222,3175,8,314.5,-893.902,1.5,0,0,0,35
2606858280,92.8571,0,0,-92.8571,92.8571,1144,19,121.154,317.346,1.5,0,0,0,35
2606859824,104.767,0,0,-104.767,104.767,2688,3,597.177,-534.177,1.5,0,0,0,35
2607860403,106.468,0,0,-106.468,106.468,3267,15,578.306,784.806,1.5,0,0,0,35
2613858014,91.6528,0,0,-91.6528,91.6528,878,6,-237.231,100.231,1.5,0,0,0,35
2613860000,105.325,0,0,-105.325,105.325,2864,11,-351.5,778.862,1.5,0,0,0,35
2613860295,106.188,0,0,-106.188,106.188,3159,10,-939.603,-89.8973,1.5,0,0,0,35
2616859977,105.269,0,0,-105.269,105.269,2841,17,729.5,434.293,1.5,0,0,0,35
2617859289,102.84,0,0,-102.84,102.84,2153,20,63.8167,638.317,1.5,0,0,0,35
2625859429,103.38,0,0,-103.38,103.38,2293,5,528.406,-432.406,1.5,0,0,0,35
2628859198,102.458,0,0,-102.458,102.458,2062,13,514.383,335,1.5,0,0,0,35
2635858477,97.6764,0,0,-97.6764,97.6764,1341,1,-25.9598,-400,1.5,0,0,0,35
2635859270,102.791,0,0,-102.791,102.791,2134,2,-617.5,-159.96,1.5,0,0,0,35
2635860401,106.466,0,0,-106.466,106.466,3265,18,931.268,287.5,1.5,0,0,0,35
2637860425,106.529,0,0,-106.529,106.529,3289,12,-303.5,-933.676,1.5,0,0,0,35
2643858457,100.666,0,0,-100.666,100.666,1321,9,-206.798,334.702,1.5,0,0,0,35
2645858170,95.2033,0,0,-95.2033,95.2033,1034,4,276.199,-128.199,1.5,0,0,0,35
2645858212,105.096,0,0,-105.096,105.096,1076,7,-12.2371,317.737,1.5,0,0,0,35
2649858583,94.219,0,0,-94.219,94.219,1447,16,114.18,413.68,1.5,0,0,0,35
2650000878,91.6528,0,0,-91.6528,91.6528,878,0,0,0,35,6,-237.231,100.231,1.5
2650001034,95.2033,0,0,-95.2033,95.2033,1034,0,0,0,35,4,276.199,-128.199,1.5
2650001076,105.096,0,0,-105.096,105.096,1076,0,0,0,35,7,-12.2371,317.737,1.5
2650001144,92.8571,0,0,-92.8571,92.8571,1144,0,0,0,35,19,121.154,317.346,1.5
2650001321,100.666,0,0,-100.666,100.666,1321,0,0,0,35,9,-206.798,334.702,1.5
2650001341,97.6764,0,0,-97.6764,97.6764,1341,0,0,0,35,1,-25.9598,-400,1.5
2650001447,94.219,0,0,-94.219,94.219,1447,0,0,0,35,16,114.18,413.68,1.5
2650002062,102.458,0,0,-102.458,102.458,2062,0,0,0,35,13,514.383,335,1.5
2650002134,102.791,0,0,-102.791,102.791,2134,0,0,0,35,2,-617.5,-159.96,1.5
2650002153,102.84,0,0,-102.84,102.84,2153,0,0,0,35,20,63.8167,638.317,1.5
2650002293,103.38,0,0,-103.38,103.38,2293,0,0,0,35,5,528.406,-432.406,1.5
2650002688,104.767,0,0,-104.767,104.767,2688,0,0,0,35,3,597.177,-534.177,1.5
2650002841,105.269,0,0,-105.269,105.269,2841,0,0,0,35,17,729.5,434.293,1.5
2650002864,105.325,0,0,-105.325,105.325,2864,0,0,0,35,11,-351.5,778.862,1.5
2650003159,106.188,0,0,-106.188,106.188,3159,0,0,0,35,10,-939.603,-89.8973,1.5
2650003175,106.222,0,0,-106.222,106.222,3175,0,0,0,35,8,314.5,-893.902,1.5
2650003265,106.466,0,0,-106.466,106.466,3265,0,0,0,35,18,931.268,287.5,1.5
2650003267,106.468,0,0,-106.468,106.468,3267,0,0,0,35,15,578.306,784.806,1.5
2650003289,106.529,0,0,-106.529,106.529,3289,0,0,0,35,12,-303.5,-933.676,1.5
2650003310,106.584,0,0,-106.584,106.584,3310,0,0,0,35,14,694.574,-702.574,1.5
2655860311,106.222,0,0,-106.222,106.222,3175,8,314.5,-893.902,1.5,0,0,0,35
2656858280,92.8571,0,0,-92.8571,92.8571,1144,19,121.154,317.346,1.5,0,0,0,35
2656859824,104.767,0,0,-104.767,104.767,2688,3,597.177,-534.177,1.5,0,0,0,35
2657860403,106.468,0,0,-106.468,106.468,3267,15,578.306,784.806,1.5,0,0,0,35
2659860446,106.584,0,0,-106.584,106.584,3310,14,694.574,-702.574,1.5,0,0,0,35
2663858014,91.6528,0,0,-91.6528,91.6528,878,6,-237.231,100.231,1.5,0,0,0,35
2663860000,105.325,0,0,-105.325,105.325,2864,11,-351.5,778.862,1.5,0,0,0,35
2663860295,106.188,0,0,-106.188,106.188,3159,10,-939.603,-89.8973,1.5,0,0,0,35
2667859289,102.84,0,0,-102.84,102.84,2153,20,63.8167,638.317,1.5,0,0,0,35
2667859977,105.269,0,0,-105.269,105.269,2841,17,729.5,434.293,1.5,0,0,0,35
2675859429,103.38,0,0,-103.38,103.38,2293,5,528.406,-432.406,1.5,0,0,0,35
2678859198,102.458,0,0,-102.458,102.458,2062,13,514.383,335,1.5,0,0,0,35
2685858477,97.6764,0,0,-97.6764,97.6764,1341,1,-25.9598,-400,1.5,0,0,0,35
2685859270,102.791,0,0,-102.791,102.791,2134,2,-617.5,-159.96,1.5,0,0,0,35
2685860401,106.466,0,0,-106.466,106.466,3265,18,931.268,287.5,1.5,0,0,0,35
2687860425,106.529,0,0,-106.529,106.529,3289,12,-303.5,-933.676,1.5,0,0,0,35
2693858457,100.666,0,0,-100.666,100.666,1321,9,-206.798,334.702,1.5,0,0,0,35
2695858170,95.2033,0,0,-95.2033,95.2033,1034,4,276.199,-128.199,1.5,0,0,0,35
2695858212,105.096,0,0,-105.096,105.096,1076,7,-12.2371,317.737,1.5,0,0,0,35
2699858583,94.219,0,0,-94.219,94.219,1447,16,114.18,413.68,1.5,0,0,0,35
2700000878,91.6528,0,0,-91.6528,91.6528,878,0,0,0,35,6,-237.125,100.125,1.5
2700001034,95.2033,0,0,-95.2033,95.2033,1034,0,0,0,35,4,276.093,-128.093,1.5
2700001076,105.096,0,0,-105.096,105.096,1076,0,0,0,35,7,-12.131,317.631,1.5
2700001144,92.8571,0,0,-92.8571,92.8571,1144,0,0,0,35,19,121.26,317.24,1.5
2700001321,100.666,0,0,-100.666,100.666,1321,0,0,0,35,9,-206.904,334.596,1.5
2700001341,97.6764,0,0,-97.6764,97.6764,1341,0,0,0,35,1,-26.1098,-400,1.5
2700001447,94.219,0,0,-94.219,94.219,1447,0,0,0,35,16,114.074,413.574,1.5
2700002062,102.456,0,0,-102.456,102.456,2062,0,0,0,35,13,514.233,335,1.5
2700002134,102.79,0,0,-102.79,102.79,2134,0,0,0,35,2,-617.5,-159.81,1.5
2700002153,102.838,0,0,-102.838,102.838,2153,0,0,0,35,20,63.7106,638.211,1.5
2700002293,103.378,0,0,-103.378,103.378,2293,0,0,0,35,5,528.3,-432.3,1.5
2700002688,104.765,0,0,-104.765,104.765,2688,0,0,0,35,3,597.071,-534.071,1.5
2700002841,105.268,0,0,-105.268,105.268,2841,0,0,0,35,17,729.5,434.143,1.5
2700002864,105.323,0,0,-105.323,105.323,2864,0,0,0,35,11,-351.5,778.712,1.5
2700003159,106.187,0,0,-106.187,106.187,3159,0,0,0,35,10,-939.497,-90.0033,1.5
2700003175,106.221,0,0,-106.221,106.221,3175,0,0,0,35,8,314.5,-893.752,1.5
2700003265,106.465,0,0,-106.465,106.465,3265,0,0,0,35,18,931.118,287.5,1.5
2700003267,106.467,0,0,-106.467,106.467,3267,0,0,0,35,15,578.2,784.7,1.5
2700003289,106.528,0,0,-106.528,106.528,3289,0,0,0,35,12,-303.5,-933.526,1.5
2700003310,106.582,0,0,-106.582,106.582,3310,0,0,0,35,14,694.468,-702.468,1.5
2705860311,106.221,0,0,-106.221,106.221,3175,8,314.5,-893.752,1.5,0,0,0,35
2706858280,92.8571,0,0,-92.8571,92.8571,1144,19,121.26,317.24,1.5,0,0,0,35
2706859824,104.765,0,0,-104.765,104.765,2688,3,597.071,-534.071,1.5,0,0,0,35
2707860403,106.467,0,0,-106.467,106.467,3267,15,578.2,784.7,1.5,0,0,0,35
2709860446,106.582,0,0,-106.582,106.582,3310,14,694.468,-702.468,1.5,0,0,0,35
2713858014,91.6528,0,0,-91.6528,91.6528,878,6,-237.125,100.125,1.5,0,0,0,35
2713860000,105.323,0,0,-105.323,105.323,2864,11,-351.5,778.712,1.5,0,0,0,35
2713860295,106.187,0,0,-106.187,106.187,3159,10,-939.497,-90.0033,1.5,0,0,0,35
2717859289,102.838,0,0,-102.838,102.838,2153,20,63.7106,638.211,1.5,0,0,0,35
2717859977,105.268,0,0,-105.268,105.268,2841,17,729.5,434.143,1.5,0,0,0,35
2725859429,103.378,0,0,-103.378,103.378,2293,5,528.3,-432.3,1.5,0,0,0,35
2728859198,102.456,0,0,-102.456,102.456,2062,13,514.233,335,1.5,0,0,0,35
2735858477,97.6764,0,0,-97.6764,97.6764,1341,1,-26.1098,-400,1.5,0,0,0,35
2735859270,102.79,0,0,-102.79,102.79,2134,2,-617.5,-159.81,1.5,0,0,0,35
2735860401,106.465,0,0,-106.465,106.465,3265,18,931.118,287.5,1.5,0,0,0,35
2737860425,106.528,0,0,-106.528,106.528,3289,12,-303.5,-933.526,1.5,0,0,0,35
2743858457,100.666,0,0,-100.666,100.666,1321,9,-206.904,334.596,1.5,0,0,0,35
2745858170,95.2033,0,0,-95.2033,95.2033,1034,4,276.093,-128.093,1.5,0,0,0,35
2745858212,105.096,0,0,-105.096,105.096,1076,7,-12.131,317.631,1.5,0,0,0,35
2749858583,94.219,0,0,-94.219,94.219,1447,16,114.074,413.574,1.5,0,0,0,35
2750000878,91.6528,0,0,-91.6528,91.6528,878,0,0,0,35,6,-237.125,100.125,1.5
2750001034,95.2033,0,0,-95.2033,95.2033,1034,0,0,0,35,4,276.093,-128.093,1.5
2750001076,105.096,0,0,-105.096,105.096,1076,0,0,0,35,7,-12.131,317.631,1.5
2750001144,92.8571,0,0,-92.8571,92.8571,1144,0,0,0,35,19,121.26,317.24,1.5
2750001321,100.666,0,0,-100.666,100.666,1321,0,0,0,35,9,-206.904,334.596,1.5
2750001341,97.6764,0,0,-97.6764,97.6764,1341,0,0,0,35,1,-26.1098,-400,1.5
2750001447,94.219,0,0,-94.219,94.219,1447,0,0,0,35,16,114.074,413.574,1.5
2750002062,102.456,0,0,-102.456,102.456,2062,0,0,0,35,13,514.233,335,1.5
2750002134,102.79,0,0,-102.79,102.79,2134,0,0,0,35,2,-617.5,-159.81,1.5
2750002153,102.838,0,0,-102.838,102.838,2153,0,0,0,35,20,63.7106,638.211,1.5
2750002293,103.378,0,0,-103.378,103.378,2293,0,0,0,35,5,528.3,-432.3,1.5
2750002688,104.765,0,0,-104.765,104.765,2688,0,0,0,35,3,597.071,-534.071,1.5
2750002841,105.268,0,0,-105.268,105.268,2841,0,0,0,35,17,729.5,434.143,1.5
2750002864,105.323,0,0,-105.323,105.323,2864,0,0,0,35,11,-351.5,778.712,1.5
2750003159,106.187,0,0,-106.187,106.187,3159,0,0,0,35,10,-939.497,-90.0033,1.5
2750003175,106.221,0,0,-106.221,106.221,3175,0,0,0,35,8,314.5,-893.752,1.5
2750003265,106.465,0,0,-106.465,106.465,3265,0,0,0,35,18,931.118,287.5,1.5
2750003267,106.467,0,0,-106.467,106.467,3267,0,0,0,35,15,578.2,784.7,1.5
2750003289,106.528,0,0,-106.528,106.528,3289,0,0,0,35,12,-303.5,-933.526,1.5
2750003310,106.582,0,0,-106.582,106.582,3310,0,0,0,35,14,694.468,-702.468,1.5
2755860311,106.221,0,0,-106.221,106.221,3175,8,314.5,-893.752,1.5,0,0,0,35
2756858280,92.8571,0,0,-92.8571,92.8571,1144,19,121.26,317.24,1.5,0,0,0,35
2756859824,104.765,0,0,-104.765,104.765,2688,3,597.071,-534.071,1.5,0,0,0,35
2757860403,106.467,0,0,-106.467,106.467,3267,15,578.2,784.7,1.5,0,0,0,35
2760860446,106.582,0,0,-106.582,106.582,3310,14,694.468,-702.468,1.5,0,0,0,35
2763858014,91.6528,0,0,-91.6528,91.6528,878,6,-237.125,100.125,1.5,0,0,0,35
2763860000,105.323,0,0,-105.323,105.323,2864,11,-351.5,778.712,1.5,0,0,0,35
2763860295,106.187,0,0,-106.187,106.187,3159,10,-939.497,-90.0033,1.5,0,0,0,35
2767859289,102.838,0,0,-102.838,102.838,2153,20,63.7106,638.211,1.5,0,0,0,35
2768859977,105.268,0,0,-105.268,105.268,2841,17,729.5,434.143,1.5,0,0,0,35
2775859429,103.378,0,0,-103.378,103.378,2293,5,528.3,-432.3,1.5,0,0,0,35
2778859198,102.456,0,0,-102.456,102.456,2062,13,514.233,335,1.5,0,0,0,35
2785858477,97.6764,0,0,-97.6764,97.6764,1341,1,-26.1098,-400,1.5,0,0,0,35
2785859270,102.79,0,0,-102.79,102.79,2134,2,-617.5,-159.81,1.5,0,0,0,35
2785860401,106.465,0,0,-106.465,106.465,3265,18,931.118,287.5,1.5,0,0,0,35
2787860425,106.528,0,0,-106.528,106.528,3289,12,-303.5,-933.526,1.5,0,0,0,35
2793858457,100.666,0,0,-100.666,100.666,1321,9,-206.904,334.596,1.5,0,0,0,35
2795858170,95.2033,0,0,-95.2033,95.2033,1034,4,276.093,-128.093,1.5,0,0,0,35
2795858212,105.096,0,0,-105.096,105.096,1076,7,-12.131,317.631,1.5,0,0,0,35
2799858583,94.219,0,0,-94.219,94.219,1447,16,114.074,413.574,1.5,0,0,0,35
2800000878,91.6528,0,0,-91.6528,91.6528,878,0,0,0,35,6,-237.019,100.019,1.5
2800001034,95.2033,0,0,-95.2033,95.2033,1034,0,0,0,35,4,275.987,-127.987,1.5
2800001076,105.096,0,0,-105.096,105.096,1076,0,0,0,35,7,-12.025,317.525,1.5
2800001144,92.8571,0,0,-92.8571,92.8571,1144,0,0,0,35,19,121.366,317.134,1.5
2800001321,100.666,0,0,-100.666,100.666,1321,0,0,0,35,9,-207.01,334.49,1.5
2800001341,97.6764,0,0,-97.6764,97.6764,1341,0,0,0,35,1,-26.2598,-400,1.5
2800001447,94.219,0,0,-94.219,94.219,1447,0,0,0,35,16,113.968,413.468,1.5
2800002062,102.455,0,0,-102.455,102.455,2062,0,0,0,35,13,514.083,335,1.5
2800002134,102.79,0,0,-102.79,102.79,2134,0,0,0,35,2,-617.5,-159.66,1.5
2800002153,102.837,0,0,-102.837,102.837,2153,0,0,0,35,20,63.6046,638.105,1.5
2800002293,103.376,0,0,-103.376,103.376,2293,0,0,0,35,5,528.193,-432.193,1.5
2800002688,104.763,0,0,-104.763,104.763,2688,0,0,0,35,3,596.965,-533.965,1.5
2800002841,105.267,0,0,-105.267,105.267,2841,0,0,0,35,17,729.5,433.993,1.5
2800002864,105.322,0,0,-105.322,105.322,2864,0,0,0,35,11,-351.5,778.562,1.5
2800003159,106.186,0,0,-106.186,106.186,3159,0,0,0,35,10,-939.391,-90.1094,1.5
2800003175,106.219,0,0,-106.219,106.219,3175,0,0,0,35,8,314.5,-893.602,1.5
2800003265,106.463,0,0,-106.463,106.463,3265,0,0,0,35,18,930.968,287.5,1.5
2800003267,106.465,0,0,-106.465,106.465,3267,0,0,0,35,15,578.094,784.594,1.5
2800003289,106.527,0,0,-106.527,106.527,3289,0,0,0,35,12,-303.5,-933.376,1.5
2800003310,106.581,0,0,-106.581,106.581,3310,0,0,0,35,14,694.362,-702.362,1.5
2805860311,106.219,0,0,-106.219,106.219,3175,8,314.5,-893.602,1.5,0,0,0,35
2806858280,92.8571,0,0,-92.8571,92.8571,1144,19,121.366,317.134,1.5,0,0,0,35
2806859824,104.763,0,0,-104.763,104.763,2688,3,596.965,-533.965,1.5,0,0,0,35
2807860403,106.465,0,0,-106.465,106.465,3267,15,578.094,784.594,1.5,0,0,0,35
2810860446,106.581,0,0,-106.581,106.581,3310,14,694.362,-702.362,1.5,0,0,0,35
2813860295,106.186,0,0,-106.186,106.186,3159,10,-939.391,-90.1094,1.5,0,0,0,35
2814858014,91.6528,0,0,-91.6528,91.6528,878,6,-237.019,100.019,1.5,0,0,0,35
2814860000,105.322,0,0,-105.322,105.322,2864,11,-351.5,778.562,1.5,0,0,0,35
2817859289,102.837,0,0,-102.837,102.837,2153,20,63.6046,638.105,1.5,0,0,0,35
2821859977,105.267,0,0,-105.267,105.267,2841,17,729.5,433.993,1.5,0,0,0,35
2825859429,103.376,0,0,-103.376,103.376,2293,5,528.193,-432.193,1.5,0,0,0,35
2828859198,102.455,0,0,-102.455,102.455,2062,13,514.083,335,1.5,0,0,0,35
2835858477,97.6764,0,0,-97.6764,97.6764,1341,1,-26.2598,-400,1.5,0,0,0,35
2835859270,102.79,0,0,-102.79,102.79,2134,2,-617.5,-159.66,1.5,0,0,0,35
2835860401,106.463,0,0,-106.463,106.463,3265,18,930.968,287.5,1.5,0,0,0,35
2837860425,106.527,0,0,-106.527,106.527,3289,12,-303.5,-933.376,1.5,0,0,0,35
2843858457,100.666,0,0,-100.666,100.666,1321,9,-207.01,334.49,1.5,0,0,0,35
2846858212,105.096,0,0,-105.096,105.096,1076,7,-12.025,317.525,1.5,0,0,0,35
2847858170,95.2033,0,0,-95.2033,95.2033,1034,4,275.987,-127.987,1.5,0,0,0,35
2849858583,94.219,0,0,-94.219,94.219,1447,16,113.968,413.468,1.5,0,0,0,35
2850000878,91.6528,0,0,-91.6528,91.6528,878,0,0,0,35,6,-237.019,100.019,1.5
2850001034,95.2033,0,0,-95.2033,95.2033,1034,0,0,0,35,4,275.987,-127.987,1.5
2850001076,105.096,0,0,-105.096,105.096,1076,0,0,0,35,7,-12.025,317.525,1.5
2850001144,92.8571,0,0,-92.8571,92.8571,1144,0,0,0,35,19,121.366,317.134,1.5
2850001321,100.666,0,0,-100.666,100.666,1321,0,0,0,35,9,-207.01,334.49,1.5
2850001341,97.6764,0,0,-97.6764,97.6764,1341,0,0,0,35,1,-26.2598,-400,1.5
2850001447,94.219,0,0,-94.219,94.219,1447,0,0,0,35,16,113.968,413.468,1.5
2850002062,102.455,0,0,-102.455,102.455,2062,0,0,0,35,13,514.083,335,1.5
2850002134,102.79,0,0,-102.79,102.79,2134,0,0,0,35,2,-617.5,-159.66,1.5
2850002153,102.837,0,0,-102.837,102.837,2153,0,0,0,35,20,63.6046,638.105,1.5
2850002293,103.376,0,0,-103.376,103.376,2293,0,0,0,35,5,528.193,-432.193,1.5
2850002688,104.763,0,0,-104.763,104.763,2688,0,0,0,35,3,596.965,-533.965,1.5
2850002841,105.267,0,0,-105.267,105.267,2841,0,0,0,35,17,729.5,433.993,1.5
2850002864,105.322,0,0,-105.322,105.322,2864,0,0,0,35,11,-351.5,778.562,1.5
2850003159,106.186,0,0,-106.186,106.186,3159,0,0,0,35,10,-939.391,-90.1094,1.5
2850003175,106.219,0,0,-106.219,106.219,3175,0,0,0,35,8,314.5,-893.602,1.5
2850003265,106.463,0,0,-106.463,106.463,3265,0,0,0,35,18,930.968,287.5,1.5
2850003267,106.465,0,0,-106.465,106.465,3267,0,0,0,35,15,578.094,784.594,1.5
2850003289,106.527,0,0,-106.527,106.527,3289,0,0,0,35,12,-303.5,-933.376,1.5
2850003310,106.581,0,0,-106.581,106.581,3310,0,0,0,35,14,694.362,-702.362,1.5
2855860311,106.219,0,0,-106.219,106.219,3175,8,314.5,-893.602,1.5,0,0,0,35
2856858280,92.8571,0,0,-92.8571,92.8571,1144,19,121.366,317.134,1.5,0,0,0,35
2856859824,104.763,0,0,-104.763,104.763,2688,3,596.965,-533.965,1.5,0,0,0,35
2857860403,106.465,0,0,-106.465,106.465,3267,15,578.094,784.594,1.5,0,0,0,35
2863860295,106.186,0,0,-106.186,106.186,3159,10,-939.391,-90.1094,1.5,0,0,0,35
2864858014,91.6528,0,0,-91.6528,91.6528,878,6,-237.019,100.019,1.5,0,0,0,35
2864860000,105.322,0,0,-105.322,105.322,2864,11,-351.5,778.562,1.5,0,0,0,35
2867859289,102.837,0,0,-102.837,102.837,2153,20,63.6046,638.105,1.5,0,0,0,35
2869860446,106.581,0,0,-106.581,106.581,3310,14,694.362,-702.362,1.5,0,0,0,35
2873859977,105.267,0,0,-105.267,105.267,2841,17,729.5,433.993,1.5,0,0,0,35
2875859429,103.376,0,0,-103.376,103.376,2293,5,528.193,-432.193,1.5,0,0,0,35
2878859198,102.455,0,0,-102.455,102.455,2062,13,514.083,335,1.5,0,0,0,35
2885858477,97.6764,0,0,-97.6764,97.6764,1341,1,-26.2598,-400,1.5,0,0,0,35
2885859270,102.79,0,0,-102.79,102.79,2134,2,-617.5,-159.66,1.5,0,0,0,35
2885860401,106.463,0,0,-106.463,106.463,3265,18,930.968,287.5,1.5,0,0,0,35
2887860425,106.527,0,0,-106.527,106.527,3289,12,-303.5,-933.376,1.5,0,0,0,35
2894858457,100.666,0,0,-100.666,100.666,1321,9,-207.01,334.49,1.5,0,0,0,35
2897858170,95.2033,0,0,-95.2033,95.2033,1034,4,275.987,-127.987,1.5,0,0,0,35
2897858212,105.096,0,0,-105.096,105.096,1076,7,-12.025,317.525,1.5,0,0,0,35
2899858583,94.219,0,0,-94.219,94.219,1447,16,113.968,413.468,1.5,0,0,0,35
2900000878,91.6528,0,0,-91.6528,91.6528,878,0,0,0,35,6,-236.913,99.9126,1.5
2900001034,95.2033,0,0,-95.2033,95.2033,1034,0,0,0,35,4,275.881,-127.881,1.5
2900001076,105.096,0,0,-105.096,105.096,1076,0,0,0,35,7,-11.9189,317.419,1.5
2900001144,92.8571,0,0,-92.8571,92.8571,1144,0,0,0,35,19,121.472,317.028,1.5
2900001321,100.666,0,0,-100.666,100.666,1321,0,0,0,35,9,-207.116,334.384,1.5
2900001341,97.6764,0,0,-97.6764,97.6764,1341,0,0,0,35,1,-26.4098,-400,1.5
2900001447,94.219,0,0,-94.219,94.219,1447,0,0,0,35,16,113.862,413.362,1.5
2900002062,102.453,0,0,-102.453,102.453,2062,0,0,0,35,13,513.933,335,1.5
2900002134,102.789,0,0,-102.789,102.789,2134,0,0,0,35,2,-617.5,-159.51,1.5
2900002153,102.835,0,0,-102.835,102.835,2153,0,0,0,35,20,63.4985,637.998,1.5
2900002293,103.374,0,0,-103.374,103.374,2293,0,0,0,35,5,528.087,-432.087,1.5
2900002688,104.762,0,0,-104.762,104.762,2688,0,0,0,35,3,596.859,-533.859,1.5
2900002841,105.266,0,0,-105.266,105.266,2841,0,0,0,35,17,729.5,433.843,1.5
2900002864,105.321,0,0,-105.321,105.321,2864,0,0,0,35,11,-351.5,778.412,1.5
2900003159,106.185,0,0,-106.185,106.185,3159,0,0,0,35,10,-939.285,-90.2155,1.5
2900003175,106.218,0,0,-106.218,106.218,3175,0,0,0,35,8,314.5,-893.452,1.5
2900003265,106.462,0,0,-106.462,106.462,3265,0,0,0,35,18,930.818,287.5,1.5
2900003267,106.464,0,0,-106.464,106.464,3267,0,0,0,35,15,577.988,784.488,1.5
2900003289,106.525,0,0,-106.525,106.525,3289,0,0,0,35,12,-303.5,-933.226,1.5
2900003310,106.58,0,0,-106.58,106.58,3310,0,0,0,35,14,694.256,-702.256,1.5
2905860311,106.218,0,0,-106.218,106.218,3175,8,314.5,-893.452,1.5,0,0,0,35
2906858280,92.8571,0,0,-92.8571,92.8571,1144,19,121.472,317.028,1.5,0,0,0,35
2906859824,104.762,0,0,-104.762,104.762,2688,3,596.859,-533.859,1.5,0,0,0,35
2907860403,106.464,0,0,-106.464,106.464,3267,15,577.988,784.488,1.5,0,0,0,35
2913860295,106.185,0,0,-106.185,106.185,3159,10,-939.285,-90.2155,1.5,0,0,0,35
2914858014,91.6528,0,0,-91.6528,91.6528,878,6,-236.913,99.9126,1.5,0,0,0,35
2914860000,105.321,0,0,-105.321,105.321,2864,11,-351.5,778.412,1.5,0,0,0,35
2917859289,102.835,0,0,-102.835,102.835,2153,20,63.4985,637.998,1.5,0,0,0,35
2919860446,106.58,0,0,-106.58,106.58,3310,14,694.256,-702.256,1.5,0,0,0,35
2923859977,105.266,0,0,-105.266,105.266,2841,17,729.5,433.843,1.5,0,0,0,35
2926859429,103.374,0,0,-103.374,103.374,2293,5,528.087,-432.087,1.5,0,0,0,35
2928859198,102.453,0,0,-102.453,102.453,2062,13,513.933,335,1.5,0,0,0,35
2935858477,97.6764,0,0,-97.6764,97.6764,1341,1,-26.4098,-400,1.5,0,0,0,35
2935859270,102.789,0,0,-102.789,102.789,2134,2,-617.5,-159.51,1.5,0,0,0,35
2937860401,106.462,0,0,-106.462,106.462,3265,18,930.818,287.5,1.5,0,0,0,35
2937860425,106.525,0,0,-106.525,106.525,3289,12,-303.5,-933.226,1.5,0,0,0,35
2944858457,100.666,0,0,-100.666,100.666,1321,9,-207.116,334.384,1.5,0,0,0,35
2947858170,95.2033,0,0,-95.2033,95.2033,1034,4,275.881,-127.881,1.5,0,0,0,35
2947858212,105.096,0,0,-105.096,105.096,1076,7,-11.9189,317.419,1.5,0,0,0,35
2949858583,94.219,0,0,-94.219,94.219,1447,16,113.862,413.362,1.5,0,0,0,35
2950000878,91.6528,0,0,-91.6528,91.6528,878,0,0,0,35,6,-236.913,99.9126,1.5
2950001034,95.2033,0,0,-95.2033,95.2033,1034,0,0,0,35,4,275.881,-127.881,1.5
2950001076,105.096,0,0,-105.096,105.096,1076,0,0,0,35,7,-11.9189,317.419,1.5
2950001144,92.8571,0,0,-92.8571,92.8571,1144,0,0,0,35,19,121.472,317.028,1.5
2950001321,100.666,0,0,-100.666,100.666,1321,0,0,0,35,9,-207.116,334.384,1.5
2950001341,97.6764,0,0,-97.6764,97.6764,1341,0,0,0,35,1,-26.4098,-400,1.5
2950001447,94.219,0,0,-94.219,94.219,1447,0,0,0,35,16,113.862,413.362,1.5
2950002062,102.453,0,0,-102.453,102.453,2062,0,0,0,35,13,513.933,335,1.5
2950002134,102.789,0,0,-102.789,102.789,2134,0,0,0,35,2,-617.5,-159.51,1.5
2950002153,102.835,0,0,-102.835,102.835,2153,0,0,0,35,20,63.4985,637.998,1.5
2950002293,103.374,0,0,-103.374,103.374,2293,0,0,0,35,5,528.087,-432.087,1.5
2950002688,104.762,0,0,-104.762,104.762,2688,0,0,0,35,3,596.859,-533.859,1.5
2950002841,105.266,0,0,-105.266,105.266,2841,0,0,0,35,17,729.5,433.843,1.5
2950002864,105.321,0,0,-105.321,105.321,2864,0,0,0,35,11,-351.5,778.412,1.5
2950003159,106.185,0,0,-106.185,106.185,3159,0,0,0,35,10,-939.285,-90.2155,1.5
2950003175,106.218,0,0,-106.218,106.218,3175,0,0,0,35,8,314.5,-893.452,1.5
2950003265,106.462,0,0,-106.462,106.462,3265,0,0,0,35,18,930.818,287.5,1.5
2950003267,106.464,0,0,-106.464,106.464,3267,0,0,0,35,15,577.988,784.488,1.5
2950003289,106.525,0,0,-106.525,106.525,3289,0,0,0,35,12,-303.5,-933.226,1.5
2950003310,106.58,0,0,-106.58,106.58,3310,0,0,0,35,14,694.256,-702.256,1.5
2955860311,106.218,0,0,-106.218,106.218,3175,8,314.5,-893.452,1.5,0,0,0,35
2956858280,92.8571,0,0,-92.8571,92.8571,1144,19,121.472,317.028,1.5,0,0,0,35
2956859824,104.762,0,0,-104.762,104.762,2688,3,596.859,-533.859,1.5,0,0,0,35
2957860403,106.464,0,0,-106.464,106.464,3267,15,577.988,784.488,1.5,0,0,0,35
2963860295,106.185,0,0,-106.185,106.185,3159,10,-939.285,-90.2155,1.5,0,0,0,35
2964858014,91.6528,0,0,-91.6528,91.6528,878,6,-236.913,99.9126,1.5,0,0,0,35
2964860000,105.321,0,0,-105.321,105.321,2864,11,-351.5,778.412,1.5,0,0,0,35
2967859289,102.835,0,0,-102.835,102.835,2153,20,63.4985,637.998,1.5,0,0,0,35
2969860446,106.58,0,0,-106.58,106.58,3310,14,694.256,-702.256,1.5,0,0,0,35
2973859977,105.266,0,0,-105.266,105.266,2841,17,729.5,433.843,1.5,0,0,0,35
2976859429,103.374,0,0,-103.374,103.374,2293,5,528.087,-432.087,1.5,0,0,0,35
2978859198,102.453,0,0,-102.453,102.453,2062,13,513.933,335,1.5,0,0,0,35
2985858477,97.6764,0,0,-97.6764,97.6764,1341,1,-26.4098,-400,1.5,0,0,0,35
2985859270,102.789,0,0,-102.789,102.789,2134,2,-617.5,-159.51,1.5,0,0,0,35
2987860401,106.462,0,0,-106.462,106.462,3265,18,930.818,287.5,1.5,0,0,0,35
2987860425,106.525,0,0,-106.525,106.525,3289,12,-303.5,-933.226,1.5,0,0,0,35
2994858457,100.666,0,0,-100.666,100.666,1321,9,-207.116,334.384,1.5,0,0,0,35
2997858170,95.2033,0,0,-95.2033,95.2033,1034,4,275.881,-127.881,1.5,0,0,0,35
2997858212,105.096,0,0,-105.096,105.096,1076,7,-11.9189,317.419,1.5,0,0,0,35
2999858583,94.219,0,0,-94.219,94.219,1447,16,113.862,413.362,1.5,0,0,0,35
3000000878,91.6528,0,0,-91.6528,91.6528,878,0,0,0,35,6,-236.807,99.8065,1.5
3000001034,95.2033,0,0,-95.2033,95.2033,1034,0,0,0,35,4,275.775,-127.775,1.5
3000001076,105.096,0,0,-105.096,105.096,1076,0,0,0,35,7,-11.8129,317.313,1.5
3000001144,92.8571,0,0,-92.8571,92.8571,1144,0,0,0,35,19,121.578,316.922,1.5
3000001321,100.666,0,0,-100.666,100.666,1321,0,0,0,35,9,-207.222,334.278,1.5
3000001341,97.6764,0,0,-97.6764,97.6764,1341,0,0,0,35,1,-26.5598,-400,1.5
3000001447,94.219,0,0,-94.219,94.219,1447,0,0,0,35,16,113.756,413.256,1.5
3000002062,102.451,0,0,-102.451,102.451,2062,0,0,0,35,13,513.783,335,1.5
3000002134,102.789,0,0,-102.789,102.789,2134,0,0,0,35,2,-617.5,-159.36,1.5
3000002153,102.833,0,0,-102.833,102.833,2153,0,0,0,35,20,63.3924,637.892,1.5
3000002293,103.372,0,0,-103.372,103.372,2293,0,0,0,35,5,527.981,-431.981,1.5
3000002688,104.76,0,0,-104.76,104.76,2688,0,0,0,35,3,596.753,-533.753,1.5
3000002841,105.266,0,0,-105.266,105.266,2841,0,0,0,35,17,729.5,433.693,1.5
3000002864,105.319,0,0,-105.319,105.319,2864,0,0,0,35,11,-351.5,778.262,1.5
3000003159,106.184,0,0,-106.184,106.184,3159,0,0,0,35,10,-939.178,-90.3215,1.5
3000003175,106.217,0,0,-106.217,106.217,3175,0,0,0,35,8,314.5,-893.302,1.5
3000003265,106.461,0,0,-106.461,106.461,3265,0,0,0,35,18,930.668,287.5,1.5
3000003267,106.463,0,0,-106.463,106.463,3267,0,0,0,35,15,577.882,784.382,1.5
3000003289,106.524,0,0,-106.524,106.524,3289,0,0,0,35,12,-303.5,-933.076,1.5
3000003310,106.578,0,0,-106.578,106.578,3310,0,0,0,35,14,694.15,-702.15,1.5
3005860311,106.217,0,0,-106.217,106.217,3175,8,314.5,-893.302,1.5,0,0,0,35
3006858280,92.8571,0,0,-92.8571,92.8571,1144,19,121.578,316.922,1.5,0,0,0,35
3007859824,104.76,0,0,-104.76,104.76,2688,3,596.753,-533.753,1.5,0,0,0,35
3007860403,106.463,0,0,-106.463,106.463,3267,15,577.882,784.382,1.5,0,0,0,35
3013860295,106.184,0,0,-106.184,106.184,3159,10,-939.178,-90.3215,1.5,0,0,0,35
3014858014,91.6528,0,0,-91.6528,91.6528,878,6,-236.807,99.8065,1.5,0,0,0,35
3014860000,105.319,0,0,-105.319,105.319,2864,11,-351.5,778.262,1.5,0,0,0,35
3017859289,102.833,0,0,-102.833,102.833,2153,20,63.3924,637.892,1.5,0,0,0,35
3019860446,106.578,0,0,-106.578,106.578,3310,14,694.15,-702.15,1.5,0,0,0,35
3024859977,105.266,0,0,-105.266,105.266,2841,17,729.5,433.693,1.5,0,0,0,35
3026859429,103.372,0,0,-103.372,103.372,2293,5,527.981,-431.981,1.5,0,0,0,35
3028859198,102.451,0,0,-102.451,102.451,2062,13,513.783,335,1.5,0,0,0,35
3035858477,97.6764,0,0,-97.6764,97.6764,1341,1,-26.5598,-400,1.5,0,0,0,35
3035859270,102.789,0,0,-102.789,102.789,2134,2,-617.5,-159.36,1.5,0,0,0,35
3037860401,106.461,0,0,-106.461,106.461,3265,18,930.668,287.5,1.5,0,0,0,35
3037860425,106.524,0,0,-106.524,106.524,3289,12,-303.5,-933.076,1.5,0,0,0,35
3044858457,100.666,0,0,-100.666,100.666,1321,9,-207.222,334.278,1.5,0,0,0,35
3047858170,95.2033,0,0,-95.2033,95.2033,1034,4,275.775,-127.775,1.5,0,0,0,35
3047858212,105.096,0,0,-105.096,105.096,1076,7,-11.8129,317.313,1.5,0,0,0,35
3049858583,94.219,0,0,-94.219,94.219,1447,16,113.756,413.256,1.5,0,0,0,35
3050000878,91.6528,0,0,-91.6528,91.6528,878,0,0,0,35,6,-236.807,99.8065,1.5
3050001034,95.2033,0,0,-95.2033,95.2033,1034,0,0,0,35,4,275.775,-127.775,1.5
3050001076,105.096,0,0,-105.096,105.096,1076,0,0,0,35,7,-11.8129,317.313,1.5
3050001144,92.8571,0,0,-92.8571,92.8571,1144,0,0,0,35,19,121.578,316.922,1.5
3050001321,100.666,0,0,-100.666,100.666,1321,0,0,0,35,9,-207.222,334.278,1.5
3050001341,97.6764,0,0,-97.6764,97.6764,1341,0,0,0,35,1,-26.5598,-400,1.5
3050001447,94.219,0,0,-94.219,94.219,1447,0,0,0,35,16,113.756,413.256,1.5
3050002062,102.451,0,0,-102.451,102.451,2062,0,0,0,35,13,513.783,335,1.5
3050002134,102.789,0,0,-102.789,102.789,2134,0,0,0,35,2,-617.5,-159.36,1.5
3050002153,102.833,0,0,-102.833,102.833,2153,0,0,0,35,20,63.3924,637.892,1.5
3050002293,103.372,0,0,-103.372,103.372,2293,0,0,0,35,5,527.981,-431.981,1.5
3050002688,104.76,0,0,-104.76,104.76,2688,0,0,0,35,3,596.753,-533.753,1.5
3050002841,105.266,0,0,-105.266,105.266,2841,0,0,0,35,17,729.5,433.693,1.5
3050002864,105.319,0,0,-105.319,105.319,2864,0,0,0,35,11,-351.5,778.262,1.5
3050003159,106.184,0,0,-106.184,106.184,3159,0,0,0,35,10,-939.178,-90.3215,1.5
3050003175,106.217,0,0,-106.217,106.217,3175,0,0,0,35,8,314.5,-893.302,1.5
3050003265,106.461,0,0,-106.461,106.461,3265,0,0,0,35,18,930.668,287.5,1.5
3050003267,106.463,0,0,-106.463,106.463,3267,0,0,0,35,15,577.882,784.382,1.5
3050003289,106.524,0,0,-106.524,106.524,3289,0,0,0,35,12,-303.5,-933.076,1.5
3050003310,106.578,0,0,-106.578,106.578,3310,0,0,0,35,14,694.15,-702.15,1.5
3055860311,106.217,0,0,-106.217,106.217,3175,8,314.5,-893.302,1.5,0,0,0,35
3056858280,92.8571,0,0,-92.8571,92.8571,1144,19,121.578,316.922,1.5,0,0,0,35
3057859824,104.76,0,0,-104.76,104.76,2688,3,596.753,-533.753,1.5,0,0,0,35
3057860403,106.463,0,0,-106.463,106.463,3267,15,577.882,784.382,1.5,0,0,0,35
3063860295,106.184,0,0,-106.184,106.184,3159,10,-939.178,-90.3215,1.5,0,0,0,35
3064858014,91.6528,0,0,-91.6528,91.6528,878,6,-236.807,99.8065,1.5,0,0,0,35
3064860000,105.319,0,0,-105.319,105.319,2864,11,-351.5,778.262,1.5,0,0,0,35
3067859289,102.833,0,0,-102.833,102.833,2153,20,63.3924,637.892,1.5,0,0,0,35
3070860446,106.578,0,0,-106.578,106.578,3310,14,694.15,-702.15,1.5,0,0,0,35
3075859977,105.266,0,0,-105.266,105.266,2841,17,729.5,433.693,1.5,0,0,0,35
3076859429,103.372,0,0,-103.372,103.372,2293,5,527.981,-431.981,1.5,0,0,0,35
3078859198,102.451,0,0,-102.451,102.451,2062,13,513.783,335,1.5,0,0,0,35
3085858477,97.6764,0,0,-97.6764,97.6764,1341,1,-26.5598,-400,1.5,0,0,0,35
3085859270,102.789,0,0,-102.789,102.789,2134,2,-617.5,-159.36,1.5,0,0,0,35
3087860401,106.461,0,0,-106.461,106.461,3265,18,930.668,287.5,1.5,0,0,0,35
3087860425,106.524,0,0,-106.524,106.524,3289,12,-303.5,-933.076,1.5,0,0,0,35
3094858457,100.666,0,0,-100.666,100.666,1321,9,-207.222,334.278,1.5,0,0,0,35
3097858170,95.2033,0,0,-95.2033,95.2033,1034,4,275.775,-127.775,1.5,0,0,0,35
3097858212,105.096,0,0,-105.096,105.096,1076,7,-11.8129,317.313,1.5,0,0,0,35
3099858583,94.219,0,0,-94.219,94.219,1447,16,113.756,413.256,1.5,0,0,0,35
3100000878,91.6528,0,0,-91.6528,91.6528,878,0,0,0,35,6,-236.7,99.7004,1.5
3100001034,95.2033,0,0,-95.2033,95.2033,1034,0,0,0,35,4,275.669,-127.669,1.5
3100001076,105.096,0,0,-105.096,105.096,1076,0,0,0,35,7,-11.7068,317.207,1.5
3100001144,92.8571,0,0,-92.8571,92.8571,1144,0,0,0,35,19,121.684,316.816,1.5
3100001321,100.666,0,0,-100.666,100.666,1321,0,0,0,35,9,-207.328,334.172,1.5
3100001341,97.6764,0,0,-97.6764,97.6764,1341,0,0,0,35,1,-26.7098,-400,1.5
3100001447,94.219,0,0,-94.219,94.219,1447,0,0,0,35,16,113.65,413.15,1.5
3100002062,102.449,0,0,-102.449,102.449,2062,0,0,0,35,13,513.633,335,1.5
3100002134,102.788,0,0,-102.788,102.788,2134,0,0,0,35,2,-617.5,-159.21,1.5
3100002153,102.832,0,0,-102.832,102.832,2153,0,0,0,35,20,63.2864,637.786,1.5
3100002293,103.37,0,0,-103.37,103.37,2293,0,0,0,35,5,527.875,-431.875,1.5
3100002688,104.759,0,0,-104.759,104.759,2688,0,0,0,35,3,596.647,-533.647,1.5
3100002841,105.265,0,0,-105.265,105.265,2841,0,0,0,35,17,729.5,433.543,1.5
3100002864,105.318,0,0,-105.318,105.318,2864,0,0,0,35,11,-351.5,778.112,1.5
3100003159,106.183,0,0,-106.183,106.183,3159,0,0,0,35,10,-939.072,-90.4276,1.5
3100003175,106.215,0,0,-106.215,106.215,3175,0,0,0,35,8,314.5,-893.152,1.5
3100003265,106.46,0,0,-106.46,106.46,3265,0,0,0,35,18,930.518,287.5,1.5
3100003267,106.461,0,0,-106.461,106.461,3267,0,0,0,35,15,577.776,784.276,1.5
3100003289,106.523,0,0,-106.523,106.523,3289,0,0,0,35,12,-303.5,-932.926,1.5
3100003310,106.577,0,0,-106.577,106.577,3310,0,0,0,35,14,694.044,-702.044,1.5
3105860311,106.215,0,0,-106.215,106.215,3175,8,314.5,-893.152,1.5,0,0,0,35
3106858280,92.8571,0,0,-92.8571,92.8571,1144,19,121.684,316.816,1.5,0,0,0,35
3107859824,104.759,0,0,-104.759,104.759,2688,3,596.647,-533.647,1.5,0,0,0,35
3108860403,106.461,0,0,-106.461,106.461,3267,15,577.776,784.276,1.5,0,0,0,35
3113860295,106.183,0,0,-106.183,106.183,3159,10,-939.072,-90.4276,1.5,0,0,0,35
3114858014,91.6528,0,0,-91.6528,91.6528,878,6,-236.7,99.7004,1.5,0,0,0,35
3114860000,105.318,0,0,-105.318,105.318,2864,11,-351.5,778.112,1.5,0,0,0,35
3117859289,102.832,0,0,-102.832,102.832,2153,20,63.2864,637.786,1.5,0,0,0,35
3120860446,106.577,0,0,-106.577,106.577,3310,14,694.044,-702.044,1.5,0,0,0,35
3126859429,103.37,0,0,-103.37,103.37,2293,5,527.875,-431.875,1.5,0,0,0,35
3128859198,102.449,0,0,-102.449,102.449,2062,13,513.633,335,1.5,0,0,0,35
3128859977,105.265,0,0,-105.265,105.265,2841,17,729.5,433.543,1.5,0,0,0,35
3135858477,97.6764,0,0,-97.6764,97.6764,1341,1,-26.7098,-400,1.5,0,0,0,35
3135859270,102.788,0,0,-102.788,102.788,2134,2,-617.5,-159.21,1.5,0,0,0,35
3137860401,106.46,0,0,-106.46,106.46,3265,18,930.518,287.5,1.5,0,0,0,35
3137860425,106.523,0,0,-106.523,106.523,3289,12,-303.5,-932.926,1.5,0,0,0,35
3144858457,100.666,0,0,-100.666,100.666,1321,9,-207.328,334.172,1.5,0,0,0,35
3147858170,95.2033,0,0,-95.2033,95.2033,1034,4,275.669,-127.669,1.5,0,0,0,35
3147858212,105.096,0,0,-105.096,105.096,1076,7,-11.7068,317.207,1.5,0,0,0,35
3150000878,91.6528,0,0,-91.6528,91.6528,878,0,0,0,35,6,-236.7,99.7004,1.5
3150001034,95.2033,0,0,-95.2033,95.2033,1034,0,0,0,35,4,275.669,-127.669,1.5
3150001076,105.096,0,0,-105.096,105.096,1076,0,0,0,35,7,-11.7068,317.207,1.5
3150001144,92.8571,0,0,-92.8571,92.8571,1144,0,0,0,35,19,121.684,316.816,1.5
3150001321,100.666,0,0,-100.666,100.666,1321,0,0,0,35,9,-207.328,334.172,1.5
3150001341,97.6764,0,0,-97.6764,97.6764,1341,0,0,0,35,1,-26.7098,-400,1.5
3150001447,94.219,0,0,-94.219,94.219,1447,0,0,0,35,16,113.65,413.15,1.5
3150002062,102.449,0,0,-102.449,102.449,2062,0,0,0,35,13,513.633,335,1.5
3150002134,102.788,0,0,-102.788,102.788,2134,0,0,0,35,2,-617.5,-159.21,1.5
3150002153,102.832,0,0,-102.832,102.832,2153,0,0,0,35,20,63.2864,637.786,1.5
3150002293,103.37,0,0,-103.37,103.37,2293,0,0,0,35,5,527.875,-431.875,1.5
3150002688,104.759,0,0,-104.759,104.759,2688,0,0,0,35,3,596.647,-533.647,1.5
3150002841,105.265,0,0,-105.265,105.265,2841,0,0,0,35,17,729.5,433.543,1.5
3150002864,105.318,0,0,-105.318,105.318,2864,0,0,0,35,11,-351.5,778.112,1.5
3150003159,106.183,0,0,-106.183,106.183,3159,0,0,0,35,10,-939.072,-90.4276,1.5
3150003175,106.215,0,0,-106.215,106.215,3175,0,0,0,35,8,314.5,-893.152,1.5
3150003265,106.46,0,0,-106.46,106.46,3265,0,0,0,35,18,930.518,287.5,1.5
3150003267,106.461,0,0,-106.461,106.461,3267,0,0,0,35,15,577.776,784.276,1.5
3150003289,106.523,0,0,-106.523,106.523,3289,0,0,0,35,12,-303.5,-932.926,1.5
3150003310,106.577,0,0,-106.577,106.577,3310,0,0,0,35,14,694.044,-702.044,1.5
3150858583,94.219,0,0,-94.219,94.219,1447,16,113.65,413.15,1.5,0,0,0,35
3155860311,106.215,0,0,-106.215,106.215,3175,8,314.5,-893.152,1.5,0,0,0,35
3156858280,92.8571,0,0,-92.8571,92.8571,1144,19,121.684,316.816,1.5,0,0,0,35
3157859824,104.759,0,0,-104.759,104.759,2688,3,596.647,-533.647,1.5,0,0,0,35
3158860403,106.461,0,0,-106.461,106.461,3267,15,577.776,784.276,1.5,0,0,0,35
3163860295,106.183,0,0,-106.183,106.183,3159,10,-939.072,-90.4276,1.5,0,0,0,35
3164858014,91.6528,0,0,-91.6528,91.6528,878,6,-236.7,99.7004,1.5,0,0,0,35
3164860000,105.318,0,0,-105.318,105.318,2864,11,-351.5,778.112,1.5,0,0,0,35
3167859289,102.832,0,0,-102.832,102.832,2153,20,63.2864,637.786,1.5,0,0,0,35
3170860446,106.577,0,0,-106.577,106.577,3310,14,694.044,-702.044,1.5,0,0,0,35
3176859429,103.37,0,0,-103.37,103.37,2293,5,527.875,-431.875,1.5,0,0,0,35
3178859198,102.449,0,0,-102.449,102.449,2062,13,513.633,335,1.5,0,0,0,35
3180859977,105.265,0,0,-105.265,105.265,2841,17,729.5,433.543,1.5,0,0,0,35
3185858477,97.6764,0,0,-97.6764,97.6764,1341,1,-26.7098,-400,1.5,0,0,0,35
3185859270,102.788,0,0,-102.788,102.788,2134,2,-617.5,-159.21,1.5,0,0,0,35
3187860401,106.46,0,0,-106.46,106.46,3265,18,930.518,287.5,1.5,0,0,0,35
3187860425,106.523,0,0,-106.523,106.523,3289,12,-303.5,-932.926,1.5,0,0,0,35
3194858457,100.666,0,0,-100.666,100.666,1321,9,-207.328,334.172,1.5,0,0,0,35
3197858170,95.2033,0,0,-95.2033,95.2033,1034,4,275.669,-127.669,1.5,0,0,0,35
3197858212,105.096,0,0,-105.096,105.096,1076,7,-11.7068,317.207,1.5,0,0,0,35
3200000878,91.6528,0,0,-91.6528,91.6528,878,0,0,0,35,6,-236.594,99.5944,1.5
3200001034,95.2033,0,0,-95.2033,95.2033,1034,0,0,0,35,4,275.562,-127.562,1.5
3200001076,105.096,0,0,-105.096,105.096,1076,0,0,0,35,7,-11.6007,317.101,1.5
3200001144,92.8571,0,0,-92.8571,92.8571,1144,0,0,0,35,19,121.79,316.71,1.5
3200001321,100.666,0,0,-100.666,100.666,1321,0,0,0,35,9,-207.435,334.065,1.5
3200001341,97.6764,0,0,-97.6764,97.6764,1341,0,0,0,35,1,-26.8598,-400,1.5
3200001447,94.219,0,0,-94.219,94.219,1447,0,0,0,35,16,113.544,413.044,1.5
3200002062,102.447,0,0,-102.447,102.447,2062,0,0,0,35,13,513.483,335,1.5
3200002134,102.788,0,0,-102.788,102.788,2134,0,0,0,35,2,-617.5,-159.06,1.5
3200002153,102.83,0,0,-102.83,102.83,2153,0,0,0,35,20,63.1803,637.68,1.5
3200002293,103.369,0,0,-103.369,103.369,2293,0,0,0,35,5,527.769,-431.769,1.5
3200002688,104.757,0,0,-104.757,104.757,2688,0,0,0,35,3,596.541,-533.541,1.5
3200002841,105.264,0,0,-105.264,105.264,2841,0,0,0,35,17,729.5,433.393,1.5
3200002864,105.317,0,0,-105.317,105.317,2864,0,0,0,35,11,-351.5,777.962,1.5
3200003159,106.183,0,0,-106.183,106.183,3159,0,0,0,35,10,-938.966,-90.5337,1.5
3200003175,106.214,0,0,-106.214,106.214,3175,0,0,0,35,8,314.5,-893.002,1.5
3200003265,106.458,0,0,-106.458,106.458,3265,0,0,0,35,18,930.368,287.5,1.5
3200003267,106.46,0,0,-106.46,106.46,3267,0,0,0,35,15,577.67,784.17,1.5
3200003289,106.522,0,0,-106.522,106.522,3289,0,0,0,35,12,-303.5,-932.776,1.5
3200003310,106.576,0,0,-106.576,106.576,3310,0,0,0,35,14,693.938,-701.938,1.5
3200858583,94.219,0,0,-94.219,94.219,1447,16,113.544,413.044,1.5,0,0,0,35
3205860311,106.214,0,0,-106.214,106.214,3175,8,314.5,-893.002,1.5,0,0,0,35
3206858280,92.8571,0,0,-92.8571,92.8571,1144,19,121.79,316.71,1.5,0,0,0,35
3207859824,104.757,0,0,-104.757,104.757,2688,3,596.541,-533.541,1.5,0,0,0,35
3208860403,106.46,0,0,-106.46,106.46,3267,15,577.67,784.17,1.5,0,0,0,35
3213860295,106.183,0,0,-106.183,106.183,3159,10,-938.966,-90.5337,1.5,0,0,0,35
3215858014,91.6528,0,0,-91.6528,91.6528,878,6,-236.594,99.5944,1.5,0,0,0,35
3215860000,105.317,0,0,-105.317,105.317,2864,11,-351.5,777.962,1.5,0,0,0,35
3217859289,102.83,0,0,-102.83,102.83,2153,20,63.1803,637.68,1.5,0,0,0,35
3220860446,106.576,0,0,-106.576,106.576,3310,14,693.938,-701.938,1.5,0,0,0,35
3226859429,103.369,0,0,-103.369,103.369,2293,5,527.769,-431.769,1.5,0,0,0,35
3228859198,102.447,0,0,-102.447,102.447,2062,13,513.483,335,1.5,0,0,0,35
3232859977,105.264,0,0,-105.264,105.264,2841,17,729.5,433.393,1.5,0,0,0,35
3235858477,97.6764,0,0,-97.6764,97.6764,1341,1,-26.8598,-400,1.5,0,0,0,35
3235859270,102.788,0,0,-102.788,102.788,2134,2,-617.5,-159.06,1.5,0,0,0,35
3237860401,106.458,0,0,-106.458,106.458,3265,18,930.368,287.5,1.5,0,0,0,35
3237860425,106.522,0,0,-106.522,106.522,3289,12,-303.5,-932.776,1.5,0,0,0,35
3244858457,100.666,0,0,-100.666,100.666,1321,9,-207.435,334.065,1.5,0,0,0,35
3247858170,95.2033,0,0,-95.2033,95.2033,1034,4,275.562,-127.562,1.5,0,0,0,35
3247858212,105.096,0,0,-105.096,105.096,1076,7,-11.6007,317.101,1.5,0,0,0,35
3250000878,91.6528,0,0,-91.6528,91.6528,878,0,0,0,35,6,-236.594,99.5944,1.5
3250001034,95.2033,0,0,-95.2033,95.2033,1034,0,0,0,35,4,275.562,-127.562,1.5
3250001076,105.096,0,0,-105.096,105.096,1076,0,0,0,35,7,-11.6007,317.101,1.5
3250001144,92.8571,0,0,-92.8571,92.8571,1144,0,0,0,35,19,121.79,316.71,1.5
3250001321,100.666,0,0,-100.666,100.666,1321,0,0,0,35,9,-207.435,334.065,1.5
3250001341,97.6764,0,0,-97.6764,97.6764,1341,0,0,0,35,1,-26.8598,-400,1.5
3250001447,94.219,0,0,-94.219,94.219,1447,0,0,0,35,16,113.544,413.044,1.5
3250002062,102.447,0,0,-102.447,102.447,2062,0,0,0,35,13,513.483,335,1.5
3250002134,102.788,0,0,-102.788,102.788,2134,0,0,0,35,2,-617.5,-159.06,1.5
3250002153,102.83,0,0,-102.83,102.83,2153,0,0,0,35,20,63.1803,637.68,1.5
3250002293,103.369,0,0,-103.369,103.369,2293,0,0,0,35,5,527.769,-431.769,1.5
3250002688,104.757,0,0,-104.757,104.757,2688,0,0,0,35,3,596.541,-533.541,1.5
3250002841,105.264,0,0,-105.264,105.264,2841,0,0,0,35,17,729.5,433.393,1.5
3250002864,105.317,0,0,-105.317,105.317,2864,0,0,0,35,11,-351.5,777.962,1.5
3250003159,106.183,0,0,-106.183,106.183,3159,0,0,0,35,10,-938.966,-90.5337,1.5
3250003175,106.214,0,0,-106.214,106.214,3175,0,0,0,35,8,314.5,-893.002,1.5
3250003265,106.458,0,0,-106.458,106.458,3265,0,0,0,35,18,930.368,287.5,1.5
3250003267,106.46,0,0,-106.46,106.46,3267,0,0,0,35,15,577.67,784.17,1.5
3250003289,106.522,0,0,-106.522,106.522,3289,0,0,0,35,12,-303.5,-932.776,1.5
3250003310,106.576,0,0,-106.576,106.576,3310,0,0,0,35,14,693.938,-701.938,1.5
3250858583,94.219,0,0,-94.219,94.219,1447,16,113.544,413.044,1.5,0,0,0,35
3255860311,106.214,0,0,-106.214,106.214,3175,8,314.5,-893.002,1.5,0,0,0,35
3256858280,92.8571,0,0,-92.8571,92.8571,1144,19,121.79,316.71,1.5,0,0,0,35
3257859824,104.757,0,0,-104.757,104.757,2688,3,596.541,-533.541,1.5,0,0,0,35
3258860403,106.46,0,0,-106.46,106.46,3267,15,577.67,784.17,1.5,0,0,0,35
3263860295,106.183,0,0,-106.183,106.183,3159,10,-938.966,-90.5337,1.5,0,0,0,35
3265858014,91.6528,0,0,-91.6528,91.6528,878,6,-236.594,99.5944,1.5,0,0,0,35
3265860000,105.317,0,0,-105.317,105.317,2864,11,-351.5,777.962,1.5,0,0,0,35
3267859289,102.83,0,0,-102.83,102.83,2153,20,63.1803,637.68,1.5,0,0,0,35
3270860446,106.576,0,0,-106.576,106.576,3310,14,693.938,-701.938,1.5,0,0,0,35
3276859429,103.369,0,0,-103.369,103.369,2293,5,527.769,-431.769,1.5,0,0,0,35
3278859198,102.447,0,0,-102.447,102.447,2062,13,513.483,335,1.5,0,0,0,35
3283859977,105.264,0,0,-105.264,105.264,2841,17,729.5,433.393,1.5,0,0,0,35
3285858477,97.6764,0,0,-97.6764,97.6764,1341,1,-26.8598,-400,1.5,0,0,0,35
3285859270,102.788,0,0,-102.788,102.788,2134,2,-617.5,-159.06,1.5,0,0,0,35
3287860401,106.458,0,0,-106.458,106.458,3265,18,930.368,287.5,1.5,0,0,0,35
3287860425,106.522,0,0,-106.522,106.522,3289,12,-303.5,-932.776,1.5,0,0,0,35
3295858457,100.666,0,0,-100.666,100.666,1321,9,-207.435,334.065,1.5,0,0,0,35
3297858170,95.2033,0,0,-95.2033,95.2033,1034,4,275.562,-127.562,1.5,0,0,0,35
3297858212,105.096,0,0,-105.096,105.096,1076,7,-11.6007,317.101,1.5,0,0,0,35
3300000878,91.6528,0,0,-91.6528,91.6528,878,0,0,0,35,6,-236.488,99.4883,1.5
3300001034,95.2033,0,0,-95.2033,95.2033,1034,0,0,0,35,4,275.456,-127.456,1.5
3300001076,105.096,0,0,-105.096,105.096,1076,0,0,0,35,7,-11.4947,316.995,1.5
3300001144,92.8571,0,0,-92.8571,92.8571,1144,0,0,0,35,19,121.896,316.604,1.5
3300001321,100.666,0,0,-100.666,100.666,1321,0,0,0,35,9,-207.541,333.959,1.5
3300001341,97.6764,0,0,-97.6764,97.6764,1341,0,0,0,35,1,-27.0098,-400,1.5
3300001447,94.219,0,0,-94.219,94.219,1447,0,0,0,35,16,113.438,412.938,1.5
3300002062,102.446,0,0,-102.446,102.446,2062,0,0,0,35,13,513.333,335,1.5
3300002134,102.787,0,0,-102.787,102.787,2134,0,0,0,35,2,-617.5,-158.91,1.5
3300002153,102.829,0,0,-102.829,102.829,2153,0,0,0,35,20,63.0742,637.574,1.5
3300002293,103.367,0,0,-103.367,103.367,2293,0,0,0,35,5,527.663,-431.663,1.5
3300002688,104.755,0,0,-104.755,104.755,2688,0,0,0,35,3,596.435,-533.435,1.5
3300002841,105.263,0,0,-105.263,105.263,2841,0,0,0,35,17,729.5,433.243,1.5
3300002864,105.315,0,0,-105.315,105.315,2864,0,0,0,35,11,-351.5,777.812,1.5
3300003159,106.182,0,0,-106.182,106.182,3159,0,0,0,35,10,-938.86,-90.6397,1.5
3300003175,106.213,0,0,-106.213,106.213,3175,0,0,0,35,8,314.5,-892.852,1.5
3300003265,106.457,0,0,-106.457,106.457,3265,0,0,0,35,18,930.218,287.5,1.5
3300003267,106.459,0,0,-106.459,106.459,3267,0,0,0,35,15,577.564,784.064,1.5
3300003289,106.52,0,0,-106.52,106.52,3289,0,0,0,35,12,-303.5,-932.626,1.5
3300003310,106.574,0,0,-106.574,106.574,3310,0,0,0,35,14,693.832,-701.832,1.5
3300858583,94.219,0,0,-94.219,94.219,1447,16,113.438,412.938,1.5,0,0,0,35
3305860311,106.213,0,0,-106.213,106.213,3175,8,314.5,-892.852,1.5,0,0,0,35
3307858280,92.8571,0,0,-92.8571,92.8571,1144,19,121.896,316.604,1.5,0,0,0,35
3307859824,104.755,0,0,-104.755,104.755,2688,3,596.435,-533.435,1.5,0,0,0,35
3308860403,106.459,0,0,-106.459,106.459,3267,15,577.564,784.064,1.5,0,0,0,35
3313860295,106.182,0,0,-106.182,106.182,3159,10,-938.86,-90.6397,1.5,0,0,0,35
3315858014,91.6528,0,0,-91.6528,91.6528,878,6,-236.488,99.4883,1.5,0,0,0,35
3315860000,105.315,0,0,-105.315,105.315,2864,11,-351.5,777.812,1.5,0,0,0,35
3317859289,102.829,0,0,-102.829,102.829,2153,20,63.0742,637.574,1.5,0,0,0,35
3326859429,103.367,0,0,-103.367,103.367,2293,5,527.663,-431.663,1.5,0,0,0,35
3328859198,102.446,0,0,-102.446,102.446,2062,13,513.333,335,1.5,0,0,0,35
3329860446,106.574,0,0,-106.574,106.574,3310,14,693.832,-701.832,1.5,0,0,0,35
3333859977,105.263,0,0,-105.263,105.263,2841,17,729.5,433.243,1.5,0,0,0,35
3335858477,97.6764,0,0,-97.6764,97.6764,1341,1,-27.0098,-400,1.5,0,0,0,35
3335859270,102.787,0,0,-102.787,102.787,2134,2,-617.5,-158.91,1.5,0,0,0,35
3337860401,106.457,0,0,-106.457,106.457,3265,18,930.218,287.5,1.5,0,0,0,35
3337860425,106.52,0,0,-106.52,106.52,3289,12,-303.5,-932.626,1.5,0,0,0,35
3345858457,100.666,0,0,-100.666,100.666,1321,9,-207.541,333.959,1.5,0,0,0,35
3347858170,95.2033,0,0,-95.2033,95.2033,1034,4,275.456,-127.456,1.5,0,0,0,35
3347858212,105.096,0,0,-105.096,105.096,1076,7,-11.4947,316.995,1.5,0,0,0,35
3350000878,91.6528,0,0,-91.6528,91.6528,878,0,0,0,35,6,-236.488,99.4883,1.5
3350001034,95.2033,0,0,-95.2033,95.2033,1034,0,0,0,35,4,275.456,-127.456,1.5
3350001076,105.096,0,0,-105.096,105.096,1076,0,0,0,35,7,-11.4947,316.995,1.5
3350001144,92.8571,0,0,-92.8571,92.8571,1144,0,0,0,35,19,121.896,316.604,1.5
3350001321,100.666,0,0,-100.666,100.666,1321,0,0,0,35,9,-207.541,333.959,1.5
3350001341,97.6764,0,0,-97.6764,97.6764,1341,0,0,0,35,1,-27.0098,-400,1.5
3350001447,94.219,0,0,-94.219,94.219,1447,0,0,0,35,16,113.438,412.938,1.5
3350002062,102.446,0,0,-102.446,102.446,2062,0,0,0,35,13,513.333,335,1.5
3350002134,102.787,0,0,-102.787,102.787,2134,0,0,0,35,2,-617.5,-158.91,1.5
3350002153,102.829,0,0,-102.829,102.829,2153,0,0,0,35,20,63.0742,637.574,1.5
3350002293,103.367,0,0,-103.367,103.367,2293,0,0,0,35,5,527.663,-431.663,1.5
3350002688,104.755,0,0,-104.755,104.755,2688,0,0,0,35,3,596.435,-533.435,1.5
3350002841,105.263,0,0,-105.263,105.263,2841,0,0,0,35,17,729.5,433.243,1.5
3350002864,105.315,0,0,-105.315,105.315,2864,0,0,0,35,11,-351.5,777.812,1.5
3350003159,106.182,0,0,-106.182,106.182,3159,0,0,0,35,10,-938.86,-90.6397,1.5
3350003175,106.213,0,0,-106.213,106.213,3175,0,0,0,35,8,314.5,-892.852,1.5
3350003265,106.457,0,0,-106.457,106.457,3265,0,0,0,35,18,930.218,287.5,1.5
3350003267,106.459,0,0,-106.459,106.459,3267,0,0,0,35,15,577.564,784.064,1.5
3350003289,106.52,0,0,-106.52,106.52,3289,0,0,0,35,12,-303.5,-932.626,1.5
3350003310,106.574,0,0,-106.574,106.574,3310,0,0,0,35,14,693.832,-701.832,1.5
3350858583,94.219,0,0,-94.219,94.219,1447,16,113.438,412.938,1.5,0,0,0,35
3355860311,106.213,0,0,-106.213,106.213,3175,8,314.5,-892.852,1.5,0,0,0,35
3357858280,92.8571,0,0,-92.8571,92.8571,1144,19,121.896,316.604,1.5,0,0,0,35
3357859824,104.755,0,0,-104.755,104.755,2688,3,596.435,-533.435,1.5,0,0,0,35
3358860403,106.459,0,0,-106.459,106.459,3267,15,577.564,784.064,1.5,0,0,0,35
3363860295,106.182,0,0,-106.182,106.182,3159,10,-938.86,-90.6397,1.5,0,0,0,35
3365858014,91.6528,0,0,-91.6528,91.6528,878,6,-236.488,99.4883,1.5,0,0,0,35
3365860000,105.315,0,0,-105.315,105.315,2864,11,-351.5,777.812,1.5,0,0,0,35
3367859289,102.829,0,0,-102.829,102.829,2153,20,63.0742,637.574,1.5,0,0,0,35
3376859429,103.367,0,0,-103.367,103.367,2293,5,527.663,-431.663,1.5,0,0,0,35
3379859198,102.446,0,0,-102.446,102.446,2062,13,513.333,335,1.5,0,0,0,35
3379860446,106.574,0,0,-106.574,106.574,3310,14,693.832,-701.832,1.5,0,0,0,35
3384859977,105.263,0,0,-105.263,105.263,2841,17,729.5,433.243,1.5,0,0,0,35
3385858477,97.6764,0,0,-97.6764,97.6764,1341,1,-27.0098,-400,1.5,0,0,0,35
3385859270,102.787,0,0,-102.787,102.787,2134,2,-617.5,-158.91,1.5,0,0,0,35
3387860401,106.457,0,0,-106.457,106.457,3265,18,930.218,287.5,1.5,0,0,0,35
3387860425,106.52,0,0,-106.52,106.52,3289,12,-303.5,-932.626,1.5,0,0,0,35
3395858457,100.666,0,0,-100.666,100.666,1321,9,-207.541,333.959,1.5,0,0,0,35
3397858170,95.2033,0,0,-95.2033,95.2033,1034,4,275.456,-127.456,1.5,0,0,0,35
3397858212,105.096,0,0,-105.096,105.096,1076,7,-11.4947,316.995,1.5,0,0,0,35
3400000878,91.6528,0,0,-91.6528,91.6528,878,0,0,0,35,6,-236.382,99.3822,1.5
3400001034,95.2033,0,0,-95.2033,95.2033,1034,0,0,0,35,4,275.35,-127.35,1.5
3400001076,105.096,0,0,-105.096,105.096,1076,0,0,0,35,7,-11.3886,316.889,1.5
3400001144,92.8571,0,0,-92.8571,92.8571,1144,0,0,0,35,19,122.002,316.498,1.5
3400001321,100.666,0,0,-100.666,100.666,1321,0,0,0,35,9,-207.647,333.853,1.5
3400001341,97.6764,0,0,-97.6764,97.6764,1341,0,0,0,35,1,-27.1598,-400,1.5
3400001447,94.219,0,0,-94.219,94.219,1447,0,0,0,35,16,113.332,412.832,1.5
3400002062,102.444,0,0,-102.444,102.444,2062,0,0,0,35,13,513.183,335,1.5
3400002134,102.787,0,0,-102.787,102.787,2134,0,0,0,35,2,-617.5,-158.76,1.5
3400002153,102.827,0,0,-102.827,102.827,2153,0,0,0,35,20,62.9682,637.468,1.5
3400002293,103.365,0,0,-103.365,103.365,2293,0,0,0,35,5,527.557,-431.557,1.5
3400002688,104.754,0,0,-104.754,104.754,2688,0,0,0,35,3,596.329,-533.329,1.5
3400002841,105.262,0,0,-105.262,105.262,2841,0,0,0,35,17,729.5,433.093,1.5
3400002864,105.314,0,0,-105.314,105.314,2864,0,0,0,35,11,-351.5,777.662,1.5
3400003159,106.181,0,0,-106.181,106.181,3159,0,0,0,35,10,-938.754,-90.7458,1.5
3400003175,106.212,0,0,-106.212,106.212,3175,0,0,0,35,8,314.5,-892.702,1.5
3400003265,106.456,0,0,-106.456,106.456,3265,0,0,0,35,18,930.068,287.5,1.5
3400003267,106.457,0,0,-106.457,106.457,3267,0,0,0,35,15,577.458,783.958,1.5
3400003289,106.519,0,0,-106.519,106.519,3289,0,0,0,35,12,-303.5,-932.476,1.5
3400003310,106.573,0,0,-106.573,106.573,3310,0,0,0,35,14,693.726,-701.726,1.5
3401858583,94.219,0,0,-94.219,94.219,1447,16,113.332,412.832,1.5,0,0,0,35
3405860311,106.212,0,0,-106.212,106.212,3175,8,314.5,-892.702,1.5,0,0,0,35
3407858280,92.8571,0,0,-92.8571,92.8571,1144,19,122.002,316.498,1.5,0,0,0,35
3407859824,104.754,0,0,-104.754,104.754,2688,3,596.329,-533.329,1.5,0,0,0,35
3408860403,106.457,0,0,-106.457,106.457,3267,15,577.458,783.958,1.5,0,0,0,35
3413860295,106.181,0,0,-106.181,106.181,3159,10,-938.754,-90.7458,1.5,0,0,0,35
3415858014,91.6528,0,0,-91.6528,91.6528,878,6,-236.382,99.3822,1.5,0,0,0,35
3415860000,105.314,0,0,-105.314,105.314,2864,11,-351.5,777.662,1.5,0,0,0,35
3417859289,102.827,0,0,-102.827,102.827,2153,20,62.9682,637.468,1.5,0,0,0,35
3426859429,103.365,0,0,-103.365,103.365,2293,5,527.557,-431.557,1.5,0,0,0,35
3429860446,106.573,0,0,-106.573,106.573,3310,14,693.726,-701.726,1.5,0,0,0,35
3434859977,105.262,0,0,-105.262,105.262,2841,17,729.5,433.093,1.5,0,0,0,35
3435858477,97.6764,0,0,-97.6764,97.6764,1341,1,-27.1598,-400,1.5,0,0,0,35
3435859270,102.787,0,0,-102.787,102.787,2134,2,-617.5,-158.76,1.5,0,0,0,35
3437860401,106.456,0,0,-106.456,106.456,3265,18,930.068,287.5,1.5,0,0,0,35
3437860425,106.519,0,0,-106.519,106.519,3289,12,-303.5,-932.476,1.5,0,0,0,35
3438859198,102.444,0,0,-102.444,102.444,2062,13,513.183,335,1.5,0,0,0,35
3445858457,100.666,0,0,-100.666,100.666,1321,9,-207.647,333.853,1.5,0,0,0,35
3447858170,95.2033,0,0,-95.2033,95.2033,1034,4,275.35,-127.35,1.5,0,0,0,35
3447858212,105.096,0,0,-105.096,105.096,1076,7,-11.3886,316.889,1.5,0,0,0,35
3450000878,91.6528,0,0,-91.6528,91.6528,878,0,0,0,35,6,-236.382,99.3822,1.5
3450001034,95.2033,0,0,-95.2033,95.2033,1034,0,0,0,35,4,275.35,-127.35,1.5
3450001076,105.096,0,0,-105.096,105.096,1076,0,0,0,35,7,-11.3886,316.889,1.5
3450001144,92.8571,0,0,-92.8571,92.8571,1144,0,0,0,35,19,122.002,316.498,1.5
3450001321,100.666,0,0,-100.666,100.666,1321,0,0,0,35,9,-207.647,333.853,1.5
3450001341,97.6764,0,0,-97.6764,97.6764,1341,0,0,0,35,1,-27.1598,-400,1.5
3450001447,94.219,0,0,-94.219,94.219,1447,0,0,0,35,16,113.332,412.832,1.5
3450002062,102.444,0,0,-102.444,102.444,2062,0,0,0,35,13,513.183,335,1.5
3450002134,102.787,0,0,-102.787,102.787,2134,0,0,0,35,2,-617.5,-158.76,1.5
3450002153,102.827,0,0,-102.827,102.827,2153,0,0,0,35,20,62.9682,637.468,1.5
3450002293,103.365,0,0,-103.365,103.365,2293,0,0,0,35,5,527.557,-431.557,1.5
3450002688,104.754,0,0,-104.754,104.754,2688,0,0,0,35,3,596.329,-533.329,1.5
3450002841,105.262,0,0,-105.262,105.262,2841,0,0,0,35,17,729.5,433.093,1.5
3450002864,105.314,0,0,-105.314,105.314,2864,0,0,0,35,11,-351.5,777.662,1.5
3450003159,106.181,0,0,-106.181,106.181,3159,0,0,0,35,10,-938.754,-90.7458,1.5
3450003175,106.212,0,0,-106.212,106.212,3175,0,0,0,35,8,314.5,-892.702,1.5
3450003265,106.456,0,0,-106.456,106.456,3265,0,0,0,35,18,930.068,287.5,1.5
3450003267,106.457,0,0,-106.457,106.457,3267,0,0,0,35,15,577.458,783.958,1.5
3450003289,106.519,0,0,-106.519,106.519,3289,0,0,0,35,12,-303.5,-932.476,1.5
3450003310,106.573,0,0,-106.573,106.573,3310,0,0,0,35,14,693.726,-701.726,1.5
3451858583,94.219,0,0,-94.219,94.219,1447,16,113.332,412.832,1.5,0,0,0,35
3455860311,106.212,0,0,-106.212,106.212,3175,8,314.5,-892.702,1.5,0,0,0,35
3457858280,92.8571,0,0,-92.8571,92.8571,1144,19,122.002,316.498,1.5,0,0,0,35
3457859824,104.754,0,0,-104.754,104.754,2688,3,596.329,-533.329,1.5,0,0,0,35
3458860403,106.457,0,0,-106.457,106.457,3267,15,577.458,783.958,1.5,0,0,0,35
3463860295,106.181,0,0,-106.181,106.181,3159,10,-938.754,-90.7458,1.5,0,0,0,35
3465858014,91.6528,0,0,-91.6528,91.6528,878,6,-236.382,99.3822,1.5,0,0,0,35
3465860000,105.314,0,0,-105.314,105.314,2864,11,-351.5,777.662,1.5,0,0,0,35
3467859289,102.827,0,0,-102.827,102.827,2153,20,62.9682,637.468,1.5,0,0,0,35
3476859429,103.365,0,0,-103.365,103.365,2293,5,527.557,-431.557,1.5,0,0,0,35
3480860446,106.573,0,0,-106.573,106.573,3310,14,693.726,-701.726,1.5,0,0,0,35
3484859977,105.262,0,0,-105.262,105.262,2841,17,729.5,433.093,1.5,0,0,0,35
3485858477,97.6764,0,0,-97.6764,97.6764,1341,1,-27.1598,-400,1.5,0,0,0,35
3485859270,102.787,0,0,-102.787,102.787,2134,2,-617.5,-158.76,1.5,0,0,0,35
3487860401,106.456,0,0,-106.456,106.456,3265,18,930.068,287.5,1.5,0,0,0,35
3487860425,106.519,0,0,-106.519,106.519,3289,12,-303.5,-932.476,1.5,0,0,0,35
3488859198,102.444,0,0,-102.444,102.444,2062,13,513.183,335,1.5,0,0,0,35
3495858457,100.666,0,0,-100.666,100.666,1321,9,-207.647,333.853,1.5,0,0,0,35
3497858170,95.2033,0,0,-95.2033,95.2033,1034,4,275.35,-127.35,1.5,0,0,0,35
3497858212,105.096,0,0,-105.096,105.096,1076,7,-11.3886,316.889,1.5,0,0,0,35
3500000878,91.6528,0,0,-91.6528,91.6528,878,0,0,0,35,6,-236.276,99.2762,1.5
3500001034,95.2033,0,0,-95.2033,95.2033,1034,0,0,0,35,4,275.244,-127.244,1.5
3500001076,105.096,0,0,-105.096,105.096,1076,0,0,0,35,7,-11.2825,316.783,1.5
3500001144,92.8571,0,0,-92.8571,92.8571,1144,0,0,0,35,19,122.108,316.392,1.5
3500001321,100.666,0,0,-100.666,100.666,1321,0,0,0,35,9,-207.753,333.747,1.5
3500001341,97.6764,0,0,-97.6764,97.6764,1341,0,0,0,35,1,-27.3098,-400,1.5
3500001447,94.219,0,0,-94.219,94.219,1447,0,0,0,35,16,113.226,412.726,1.5
3500002062,102.442,0,0,-102.442,102.442,2062,0,0,0,35,13,513.033,335,1.5
3500002134,102.786,0,0,-102.786,102.786,2134,0,0,0,35,2,-617.5,-158.61,1.5
3500002153,102.826,0,0,-102.826,102.826,2153,0,0,0,35,20,62.8621,637.362,1.5
3500002293,103.363,0,0,-103.363,103.363,2293,0,0,0,35,5,527.451,-431.451,1.5
3500002688,104.752,0,0,-104.752,104.752,2688,0,0,0,35,3,596.223,-533.223,1.5
3500002841,105.262,0,0,-105.262,105.262,2841,0,0,0,35,17,729.5,432.943,1.5
3500002864,105.312,0,0,-105.312,105.312,2864,0,0,0,35,11,-351.5,777.512,1.5
3500003159,106.18,0,0,-106.18,106.18,3159,0,0,0,35,10,-938.648,-90.8519,1.5
3500003175,106.21,0,0,-106.21,106.21,3175,0,0,0,35,8,314.5,-892.552,1.5
3500003265,106.454,0,0,-106.454,106.454,3265,0,0,0,35,18,929.918,287.5,1.5
3500003267,106.456,0,0,-106.456,106.456,3267,0,0,0,35,15,577.352,783.852,1.5
3500003289,106.518,0,0,-106.518,106.518,3289,0,0,0,35,12,-303.5,-932.326,1.5
3500003310,106.572,0,0,-106.572,106.572,3310,0,0,0,35,14,693.62,-701.62,1.5
3502858583,94.219,0,0,-94.219,94.219,1447,16,113.226,412.726,1.5,0,0,0,35
3505860311,106.21,0,0,-106.21,106.21,3175,8,314.5,-892.552,1.5,0,0,0,35
3507858280,92.8571,0,0,-92.8571,92.8571,1144,19,122.108,316.392,1.5,0,0,0,35
3507859824,104.752,0,0,-104.752,104.752,2688,3,596.223,-533.223,1.5,0,0,0,35
3509860403,106.456,0,0,-106.456,106.456,3267,15,577.352,783.852,1.5,0,0,0,35
3513860295,106.18,0,0,-106.18,106.18,3159,10,-938.648,-90.8519,1.5,0,0,0,35
3515858014,91.6528,0,0,-91.6528,91.6528,878,6,-236.276,99.2762,1.5,0,0,0,35
3515860000,105.312,0,0,-105.312,105.312,2864,11,-351.5,777.512,1.5,0,0,0,35
3517859289,102.826,0,0,-102.826,102.826,2153,20,62.8621,637.362,1.5,0,0,0,35
3526859429,103.363,0,0,-103.363,103.363,2293,5,527.451,-431.451,1.5,0,0,0,35
3530860446,106.572,0,0,-106.572,106.572,3310,14,693.62,-701.62,1.5,0,0,0,35
3535858477,97.6764,0,0,-97.6764,97.6764,1341,1,-27.3098,-400,1.5,0,0,0,35
3535859270,102.786,0,0,-102.786,102.786,2134,2,-617.5,-158.61,1.5,0,0,0,35
3535859977,105.262,0,0,-105.262,105.262,2841,17,729.5,432.943,1.5,0,0,0,35
3537860401,106.454,0,0,-106.454,106.454,3265,18,929.918,287.5,1.5,0,0,0,35
3537860425,106.518,0,0,-106.518,106.518,3289,12,-303.5,-932.326,1.5,0,0,0,35
3538859198,102.442,0,0,-102.442,102.442,2062,13,513.033,335,1.5,0,0,0,35
3545858457,100.666,0,0,-100.666,100.666,1321,9,-207.753,333.747,1.5,0,0,0,35
3547858170,95.2033,0,0,-95.2033,95.2033,1034,4,275.244,-127.244,1.5,0,0,0,35
3547858212,105.096,0,0,-105.096,105.096,1076,7,-11.2825,316.783,1.5,0,0,0,35
3550000878,91.6528,0,0,-91.6528,91.6528,878,0,0,0,35,6,-236.276,99.2762,1.5
3550001034,95.2033,0,0,-95.2033,95.2033,1034,0,0,0,35,4,275.244,-127.244,1.5
3550001076,105.096,0,0,-105.096,105.096,1076,0,0,0,35,7,-11.2825,316.783,1.5
3550001144,92.8571,0,0,-92.8571,92.8571,1144,0,0,0,35,19,122.108,316.392,1.5
3550001321,100.666,0,0,-100.666,100.666,1321,0,0,0,35,9,-207.753,333.747,1.5
3550001341,97.6764,0,0,-97.6764,97.6764,1341,0,0,0,35,1,-27.3098,-400,1.5
3550001447,94.219,0,0,-94.219,94.219,1447,0,0,0,35,16,113.226,412.726,1.5
3550002062,102.442,0,0,-102.442,102.442,2062,0,0,0,35,13,513.033,335,1.5
3550002134,102.786,0,0,-102.786,102.786,2134,0,0,0,35,2,-617.5,-158.61,1.5
3550002153,102.826,0,0,-102.826,102.826,2153,0,0,0,35,20,62.8621,637.362,1.5
3550002293,103.363,0,0,-103.363,103.363,2293,0,0,0,35,5,527.451,-431.451,1.5
3550002688,104.752,0,0,-104.752,104.752,2688,0,0,0,35,3,596.223,-533.223,1.5
3550002841,105.262,0,0,-105.262,105.262,2841,0,0,0,35,17,729.5,432.943,1.5
3550002864,105.312,0,0,-105.312,105.312,2864,0,0,0,35,11,-351.5,777.512,1.5
3550003159,106.18,0,0,-106.18,106.18,3159,0,0,0,35,10,-938.648,-90.8519,1.5
3550003175,106.21,0,0,-106.21,106.21,3175,0,0,0,35,8,314.5,-892.552,1.5
3550003265,106.454,0,0,-106.454,106.454,3265,0,0,0,35,18,929.918,287.5,1.5
3550003267,106.456,0,0,-106.456,106.456,3267,0,0,0,35,15,577.352,783.852,1.5
3550003289,106.518,0,0,-106.518,106.518,3289,0,0,0,35,12,-303.5,-932.326,1.5
3550003310,106.572,0,0,-106.572,106.572,3310,0,0,0,35,14,693.62,-701.62,1.5
3552858583,94.219,0,0,-94.219,94.219,1447,16,113.226,412.726,1.5,0,0,0,35
3555860311,106.21,0,0,-106.21,106.21,3175,8,314.5,-892.552,1.5,0,0,0,35
3557858280,92.8571,0,0,-92.8571,92.8571,1144,19,122.108,316.392,1.5,0,0,0,35
3557859824,104.752,0,0,-104.752,104.752,2688,3,596.223,-533.223,1.5,0,0,0,35
3559860403,106.456,0,0,-106.456,106.456,3267,15,577.352,783.852,1.5,0,0,0,35
3563860295,106.18,0,0,-106.18,106.18,3159,10,-938.648,-90.8519,1.5,0,0,0,35
3565858014,91.6528,0,0,-91.6528,91.6528,878,6,-236.276,99.2762,1.5,0,0,0,35
3565860000,105.312,0,0,-105.312,105.312,2864,11,-351.5,777.512,1.5,0,0,0,35
3567859289,102.826,0,0,-102.826,102.826,2153,20,62.8621,637.362,1.5,0,0,0,35
3576859429,103.363,0,0,-103.363,103.363,2293,5,527.451,-431.451,1.5,0,0,0,35
3580860446,106.572,0,0,-106.572,106.572,3310,14,693.62,-701.62,1.5,0,0,0,35
3585858477,97.6764,0,0,-97.6764,97.6764,1341,1,-27.3098,-400,1.5,0,0,0,35
3585859270,102.786,0,0,-102.786,102.786,2134,2,-617.5,-158.61,1.5,0,0,0,35
3585859977,105.262,0,0,-105.262,105.262,2841,17,729.5,432.943,1.5,0,0,0,35
3587860425,106.518,0,0,-106.518,106.518,3289,12,-303.5,-932.326,1.5,0,0,0,35
3588859198,102.442,0,0,-102.442,102.442,2062,13,513.033,335,1.5,0,0,0,35
3588860401,106.454,0,0,-106.454,106.454,3265,18,929.918,287.5,1.5,0,0,0,35
3595858457,100.666,0,0,-100.666,100.666,1321,9,-207.753,333.747,1.5,0,0,0,35
3597858170,95.2033,0,0,-95.2033,95.2033,1034,4,275.244,-127.244,1.5,0,0,0,35
3597858212,105.096,0,0,-105.096,105.096,1076,7,-11.2825,316.783,1.5,0,0,0,35
3600000878,91.6528,0,0,-91.6528,91.6528,878,0,0,0,35,6,-236.17,99.1701,1.5
3600001034,95.2033,0,0,-95.2033,95.2033,1034,0,0,0,35,4,275.138,-127.138,1.5
3600001076,105.096,0,0,-105.096,105.096,1076,0,0,0,35,7,-11.1765,316.676,1.5
3600001144,92.8571,0,0,-92.8571,92.8571,1144,0,0,0,35,19,122.214,316.286,1.5
3600001321,100.666,0,0,-100.666,100.666,1321,0,0,0,35,9,-207.859,333.641,1.5
3600001341,97.6764,0,0,-97.6764,97.6764,1341,0,0,0,35,1,-27.4598,-400,1.5
3600001447,94.219,0,0,-94.219,94.219,1447,0,0,0,35,16,113.12,412.62,1.5
3600002062,102.44,0,0,-102.44,102.44,2062,0,0,0,35,13,512.883,335,1.5
3600002134,102.786,0,0,-102.786,102.786,2134,0,0,0,35,2,-617.5,-158.46,1.5
3600002153,102.824,0,0,-102.824,102.824,2153,0,0,0,35,20,62.756,637.256,1.5
3600002293,103.361,0,0,-103.361,103.361,2293,0,0,0,35,5,527.345,-431.345,1.5
3600002688,104.75,0,0,-104.75,104.75,2688,0,0,0,35,3,596.117,-533.117,1.5
3600002841,105.261,0,0,-105.261,105.261,2841,0,0,0,35,17,729.5,432.793,1.5
3600002864,105.311,0,0,-105.311,105.311,2864,0,0,0,35,11,-351.5,777.362,1.5
3600003159,106.179,0,0,-106.179,106.179,3159,0,0,0,35,10,-938.542,-90.9579,1.5
3600003175,106.209,0,0,-106.209,106.209,3175,0,0,0,35,8,314.5,-892.402,1.5
3600003265,106.453,0,0,-106.453,106.453,3265,0,0,0,35,18,929.768,287.5,1.5
3600003267,106.455,0,0,-106.455,106.455,3267,0,0,0,35,15,577.246,783.746,1.5
3600003289,106.517,0,0,-106.517,106.517,3289,0,0,0,35,12,-303.5,-932.176,1.5
3600003310,106.57,0,0,-106.57,106.57,3310,0,0,0,35,14,693.514,-701.514,1.5
3602858583,94.219,0,0,-94.219,94.219,1447,16,113.12,412.62,1.5,0,0,0,35
3605860311,106.209,0,0,-106.209,106.209,3175,8,314.5,-892.402,1.5,0,0,0,35
3607859824,104.75,0,0,-104.75,104.75,2688,3,596.117,-533.117,1.5,0,0,0,35
3608858280,92.8571,0,0,-92.8571,92.8571,1144,19,122.214,316.286,1.5,0,0,0,35
3609860403,106.455,0,0,-106.455,106.455,3267,15,577.246,783.746,1.5,0,0,0,35
3613860295,106.179,0,0,-106.179,106.179,3159,10,-938.542,-90.9579,1.5,0,0,0,35
3615858014,91.6528,0,0,-91.6528,91.6528,878,6,-236.17,99.1701,1.5,0,0,0,35
3615860000,105.311,0,0,-105.311,105.311,2864,11,-351.5,777.362,1.5,0,0,0,35
3617859289,102.824,0,0,-102.824,102.824,2153,20,62.756,637.256,1.5,0,0,0,35
3626859429,103.361,0,0,-103.361,103.361,2293,5,527.345,-431.345,1.5,0,0,0,35
3630860446,106.57,0,0,-106.57,106.57,3310,14,693.514,-701.514,1.5,0,0,0,35
3635858477,97.6764,0,0,-97.6764,97.6764,1341,1,-27.4598,-400,1.5,0,0,0,35
3635859270,102.786,0,0,-102.786,102.786,2134,2,-617.5,-158.46,1.5,0,0,0,35
3635859977,105.261,0,0,-105.261,105.261,2841,17,729.5,432.793,1.5,0,0,0,35
3637860425,106.517,0,0,-106.517,106.517,3289,12,-303.5,-932.176,1.5,0,0,0,35
3638859198,102.44,0,0,-102.44,102.44,2062,13,512.883,335,1.5,0,0,0,35
3638860401,106.453,0,0,-106.453,106.453,3265,18,929.768,287.5,1.5,0,0,0,35
3645858457,100.666,0,0,-100.666,100.666,1321,9,-207.859,333.641,1.5,0,0,0,35
3647858170,95.2033,0,0,-95.2033,95.2033,1034,4,275.138,-127.138,1.5,0,0,0,35
3647858212,105.096,0,0,-105.096,105.096,1076,7,-11.1765,316.676,1.5,0,0,0,35
3650000878,91.6528,0,0,-91.6528,91.6528,878,0,0,0,35,6,-236.17,99.1701,1.5
3650001034,95.2033,0,0,-95.2033,95.2033,1034,0,0,0,35,4,275.138,-127.138,1.5
3650001076,105.096,0,0,-105.096,105.096,1076,0,0,0,35,7,-11.1765,316.676,1.5
3650001144,92.8571,0,0,-92.8571,92.8571,1144,0,0,0,35,19,122.214,316.286,1.5
3650001321,100.666,0,0,-100.666,100.666,1321,0,0,0,35,9,-207.859,333.641,1.5
3650001341,97.6764,0,0,-97.6764,97.6764,1341,0,0,0,35,1,-27.4598,-400,1.5
3650001447,94.219,0,0,-94.219,94.219,1447,0,0,0,35,16,113.12,412.62,1.5
3650002062,102.44,0,0,-102.44,102.44,2062,0,0,0,35,13,512.883,335,1.5
3650002134,102.786,0,0,-102.786,102.786,2134,0,0,0,35,2,-617.5,-158.46,1.5
3650002153,102.824,0,0,-102.824,102.824,2153,0,0,0,35,20,62.756,637.256,1.5
3650002293,103.361,0,0,-103.361,103.361,2293,0,0,0,35,5,527.345,-431.345,1.5
3650002688,104.75,0,0,-104.75,104.75,2688,0,0,0,35,3,596.117,-533.117,1.5
3650002841,105.261,0,0,-105.261,105.261,2841,0,0,0,35,17,729.5,432.793,1.5
3650002864,105.311,0,0,-105.311,105.311,2864,0,0,0,35,11,-351.5,777.362,1.5
3650003159,106.179,0,0,-106.179,106.179,3159,0,0,0,35,10,-938.542,-90.9579,1.5
3650003175,106.209,0,0,-106.209,106.209,3175,0,0,0,35,8,314.5,-892.402,1.5
3650003265,106.453,0,0,-106.453,106.453,3265,0,0,0,35,18,929.768,287.5,1.5
3650003267,106.455,0,0,-106.455,106.455,3267,0,0,0,35,15,577.246,783.746,1.5
3650003289,106.517,0,0,-106.517,106.517,3289,0,0,0,35,12,-303.5,-932.176,1.5
3650003310,106.57,0,0,-106.57,106.57,3310,0,0,0,35,14,693.514,-701.514,1.5
3652858583,94.219,0,0,-94.219,94.219,1447,16,113.12,412.62,1.5,0,0,0,35
3655860311,106.209,0,0,-106.209,106.209,3175,8,314.5,-892.402,1.5,0,0,0,35
3657859824,104.75,0,0,-104.75,104.75,2688,3,596.117,-533.117,1.5,0,0,0,35
3659858280,92.8571,0,0,-92.8571,92.8571,1144,19,122.214,316.286,1.5,0,0,0,35
3659860403,106.455,0,0,-106.455,106.455,3267,15,577.246,783.746,1.5,0,0,0,35
3663860295,106.179,0,0,-106.179,106.179,3159,10,-938.542,-90.9579,1.5,0,0,0,35
3665858014,91.6528,0,0,-91.6528,91.6528,878,6,-236.17,99.1701,1.5,0,0,0,35
3665860000,105.311,0,0,-105.311,105.311,2864,11,-351.5,777.362,1.5,0,0,0,35
3667859289,102.824,0,0,-102.824,102.824,2153,20,62.756,637.256,1.5,0,0,0,35
3676859429,103.361,0,0,-103.361,103.361,2293,5,527.345,-431.345,1.5,0,0,0,35
3685858477,97.6764,0,0,-97.6764,97.6764,1341,1,-27.4598,-400,1.5,0,0,0,35
3685859270,102.786,0,0,-102.786,102.786,2134,2,-617.5,-158.46,1.5,0,0,0,35
3685859977,105.261,0,0,-105.261,105.261,2841,17,729.5,432.793,1.5,0,0,0,35
3687860425,106.517,0,0,-106.517,106.517,3289,12,-303.5,-932.176,1.5,0,0,0,35
3688859198,102.44,0,0,-102.44,102.44,2062,13,512.883,335,1.5,0,0,0,35
3689860401,106.453,0,0,-106.453,106.453,3265,18,929.768,287.5,1.5,0,0,0,35
3689860446,106.57,0,0,-106.57,106.57,3310,14,693.514,-701.514,1.5,0,0,0,35
3695858457,100.666,0,0,-100.666,100.666,1321,9,-207.859,333.641,1.5,0,0,0,35
3697858170,95.2033,0,0,-95.2033,95.2033,1034,4,275.138,-127.138,1.5,0,0,0,35
3697858212,105.096,0,0,-105.096,105.096,1076,7,-11.1765,316.676,1.5,0,0,0,35
3700000878,91.6528,0,0,-91.6528,91.6528,878,0,0,0,35,6,-236.064,99.064,1.5
3700001034,95.2033,0,0,-95.2033,95.2033,1034,0,0,0,35,4,275.032,-127.032,1.5
3700001076,105.096,0,0,-105.096,105.096,1076,0,0,0,35,7,-11.0704,316.57,1.5
3700001144,92.8571,0,0,-92.8571,92.8571,1144,0,0,0,35,19,122.32,316.18,1.5
3700001321,100.666,0,0,-100.666,100.666,1321,0,0,0,35,9,-207.965,333.535,1.5
3700001341,97.6764,0,0,-97.6764,97.6764,1341,0,0,0,35,1,-27.6098,-400,1.5
3700001447,94.219,0,0,-94.219,94.219,1447,0,0,0,35,16,113.014,412.514,1.5
3700002062,102.439,0,0,-102.439,102.439,2062,0,0,0,35,13,512.733,335,1.5
3700002134,102.785,0,0,-102.785,102.785,2134,0,0,0,35,2,-617.5,-158.31,1.5
3700002153,102.822,0,0,-102.822,102.822,2153,0,0,0,35,20,62.65,637.15,1.5
3700002293,103.359,0,0,-103.359,103.359,2293,0,0,0,35,5,527.239,-431.239,1.5
3700002688,104.749,0,0,-104.749,104.749,2688,0,0,0,35,3,596.011,-533.011,1.5
3700002841,105.26,0,0,-105.26,105.26,2841,0,0,0,35,17,729.5,432.643,1.5
3700002864,105.31,0,0,-105.31,105.31,2864,0,0,0,35,11,-351.5,777.212,1.5
3700003159,106.178,0,0,-106.178,106.178,3159,0,0,0,35,10,-938.436,-91.064,1.5
3700003175,106.208,0,0,-106.208,106.208,3175,0,0,0,35,8,314.5,-892.252,1.5
3700003265,106.452,0,0,-106.452,106.452,3265,0,0,0,35,18,929.618,287.5,1.5
3700003267,106.453,0,0,-106.453,106.453,3267,0,0,0,35,15,577.14,783.64,1.5
3700003289,106.515,0,0,-106.515,106.515,3289,0,0,0,35,12,-303.5,-932.026,1.5
3700003310,106.569,0,0,-106.569,106.569,3310,0,0,0,35,14,693.408,-701.408,1.5
3702858583,94.219,0,0,-94.219,94.219,1447,16,113.014,412.514,1.5,0,0,0,35
3705860311,106.208,0,0,-106.208,106.208,3175,8,314.5,-892.252,1.5,0,0,0,35
3707859824,104.749,0,0,-104.749,104.749,2688,3,596.011,-533.011,1.5,0,0,0,35
3709858280,92.8571,0,0,-92.8571,92.8571,1144,19,122.32,316.18,1.5,0,0,0,35
3710860403,106.453,0,0,-106.453,106.453,3267,15,577.14,783.64,1.5,0,0,0,35
3713860295,106.178,0,0,-106.178,106.178,3159,10,-938.436,-91.064,1.5,0,0,0,35
3715858014,91.6528,0,0,-91.6528,91.6528,878,6,-236.064,99.064,1.5,0,0,0,35
3715860000,105.31,0,0,-105.31,105.31,2864,11,-351.5,777.212,1.5,0,0,0,35
3717859289,102.822,0,0,-102.822,102.822,2153,20,62.65,637.15,1.5,0,0,0,35
3726859429,103.359,0,0,-103.359,103.359,2293,5,527.239,-431.239,1.5,0,0,0,35
3735858477,97.6764,0,0,-97.6764,97.6764,1341,1,-27.6098,-400,1.5,0,0,0,35
3735859270,102.785,0,0,-102.785,102.785,2134,2,-617.5,-158.31,1.5,0,0,0,35
3736859977,105.26,0,0,-105.26,105.26,2841,17,729.5,432.643,1.5,0,0,0,35
3737860425,106.515,0,0,-106.515,106.515,3289,12,-303.5,-932.026,1.5,0,0,0,35
3738859198,102.439,0,0,-102.439,102.439,2062,13,512.733,335,1.5,0,0,0,35
3739860401,106.452,0,0,-106.452,106.452,3265,18,929.618,287.5,1.5,0,0,0,35
3739860446,106.569,0,0,-106.569,106.569,3310,14,693.408,-701.408,1.5,0,0,0,35
3745858457,100.666,0,0,-100.666,100.666,1321,9,-207.965,333.535,1.5,0,0,0,35
3747858170,95.2033,0,0,-95.2033,95.2033,1034,4,275.032,-127.032,1.5,0,0,0,35
3747858212,105.096,0,0,-105.096,105.096,1076,7,-11.0704,316.57,1.5,0,0,0,35
3750000878,91.6528,0,0,-91.6528,91.6528,878,0,0,0,35,6,-236.064,99.064,1.5
3750001034,95.2033,0,0,-95.2033,95.2033,1034,0,0,0,35,4,275.032,-127.032,1.5
3750001076,105.096,0,0,-105.096,105.096,1076,0,0,0,35,7,-11.0704,316.57,1.5
3750001144,92.8571,0,0,-92.8571,92.8571,1144,0,0,0,35,19,122.32,316.18,1.5
3750001321,100.666,0,0,-100.666,100.666,1321,0,0,0,35,9,-207.965,333.535,1.5
3750001341,97.6764,0,0,-97.6764,97.6764,1341,0,0,0,35,1,-27.6098,-400,1.5
3750001447,94.219,0,0,-94.219,94.219,1447,0,0,0,35,16,113.014,412.514,1.5
3750002062,102.439,0,0,-102.439,102.439,2062,0,0,0,35,13,512.733,335,1.5
3750002134,102.785,0,0,-102.785,102.785,2134,0,0,0,35,2,-617.5,-158.31,1.5
3750002153,102.822,0,0,-102.822,102.822,2153,0,0,0,35,20,62.65,637.15,1.5
3750002293,103.359,0,0,-103.359,103.359,2293,0,0,0,35,5,527.239,-431.239,1.5
3750002688,104.749,0,0,-104.749,104.749,2688,0,0,0,35,3,596.011,-533.011,1.5
3750002841,105.26,0,0,-105.26,105.26,2841,0,0,0,35,17,729.5,432.643,1.5
3750002864,105.31,0,0,-105.31,105.31,2864,0,0,0,35,11,-351.5,777.212,1.5
3750003159,106.178,0,0,-106.178,106.178,3159,0,0,0,35,10,-938.436,-91.064,1.5
3750003175,106.208,0,0,-106.208,106.208,3175,0,0,0,35,8,314.5,-892.252,1.5
3750003265,106.452,0,0,-106.452,106.452,3265,0,0,0,35,18,929.618,287.5,1.5
3750003267,106.453,0,0,-106.453,106.453,3267,0,0,0,35,15,577.14,783.64,1.5
3750003289,106.515,0,0,-106.515,106.515,3289,0,0,0,35,12,-303.5,-932.026,1.5
3750003310,106.569,0,0,-106.569,106.569,3310,0,0,0,35,14,693.408,-701.408,1.5
3752858583,94.219,0,0,-94.219,94.219,1447,16,113.014,412.514,1.5,0,0,0,35
3755860311,106.208,0,0,-106.208,106.208,3175,8,314.5,-892.252,1.5,0,0,0,35
3757859824,104.749,0,0,-104.749,104.749,2688,3,596.011,-533.011,1.5,0,0,0,35
3759858280,92.8571,0,0,-92.8571,92.8571,1144,19,122.32,316.18,1.5,0,0,0,35
3760860403,106.453,0,0,-106.453,106.453,3267,15,577.14,783.64,1.5,0,0,0,35
3763860295,106.178,0,0,-106.178,106.178,3159,10,-938.436,-91.064,1.5,0,0,0,35
3765858014,91.6528,0,0,-91.6528,91.6528,878,6,-236.064,99.064,1.5,0,0,0,35
3765860000,105.31,0,0,-105.31,105.31,2864,11,-351.5,777.212,1.5,0,0,0,35
3767859289,102.822,0,0,-102.822,102.822,2153,20,62.65,637.15,1.5,0,0,0,35
3776859429,103.359,0,0,-103.359,103.359,2293,5,527.239,-431.239,1.5,0,0,0,35
3785858477,97.6764,0,0,-97.6764,97.6764,1341,1,-27.6098,-400,1.5,0,0,0,35
3785859270,102.785,0,0,-102.785,102.785,2134,2,-617.5,-158.31,1.5,0,0,0,35
3787860425,106.515,0,0,-106.515,106.515,3289,12,-303.5,-932.026,1.5,0,0,0,35
3788859198,102.439,0,0,-102.439,102.439,2062,13,512.733,335,1.5,0,0,0,35
3788859977,105.26,0,0,-105.26,105.26,2841,17,729.5,432.643,1.5,0,0,0,35
3789860401,106.452,0,0,-106.452,106.452,3265,18,929.618,287.5,1.5,0,0,0,35
3790860446,106.569,0,0,-106.569,106.569,3310,14,693.408,-701.408,1.5,0,0,0,35
3795858457,100.666,0,0,-100.666,100.666,1321,9,-207.965,333.535,1.5,0,0,0,35
3797858170,95.2033,0,0,-95.2033,95.2033,1034,4,275.032,-127.032,1.5,0,0,0,35
3797858212,105.096,0,0,-105.096,105.096,1076,7,-11.0704,316.57,1.5,0,0,0,35
3800000878,91.6528,0,0,-91.6528,91.6528,878,0,0,0,35,6,-235.958,98.958,1.5
3800001034,95.2033,0,0,-95.2033,95.2033,1034,0,0,0,35,4,274.926,-126.926,1.5
3800001076,105.096,0,0,-105.096,105.096,1076,0,0,0,35,7,-10.9643,316.464,1.5
3800001144,92.8571,0,0,-92.8571,92.8571,1144,0,0,0,35,19,122.427,316.073,1.5
3800001321,100.666,0,0,-100.666,100.666,1321,0,0,0,35,9,-208.071,333.429,1.5
3800001341,97.6764,0,0,-97.6764,97.6764,1341,0,0,0,35,1,-27.7598,-400,1.5
3800001447,94.219,0,0,-94.219,94.219,1447,0,0,0,35,16,112.908,412.408,1.5
3800002062,102.437,0,0,-102.437,102.437,2062,0,0,0,35,13,512.583,335,1.5
3800002134,102.785,0,0,-102.785,102.785,2134,0,0,0,35,2,-617.5,-158.16,1.5
3800002153,102.821,0,0,-102.821,102.821,2153,0,0,0,35,20,62.5439,637.044,1.5
3800002293,103.357,0,0,-103.357,103.357,2293,0,0,0,35,5,527.133,-431.133,1.5
3800002688,104.747,0,0,-104.747,104.747,2688,0,0,0,35,3,595.905,-532.905,1.5
3800002841,105.259,0,0,-105.259,105.259,2841,0,0,0,35,17,729.5,432.493,1.5
3800002864,105.308,0,0,-105.308,105.308,2864,0,0,0,35,11,-351.5,777.062,1.5
3800003159,106.177,0,0,-106.177,106.177,3159,0,0,0,35,10,-938.33,-91.1701,1.5
3800003175,106.206,0,0,-106.206,106.206,3175,0,0,0,35,8,314.5,-892.102,1.5
3800003265,106.451,0,0,-106.451,106.451,3265,0,0,0,35,18,929.468,287.5,1.5
3800003267,106.452,0,0,-106.452,106.452,3267,0,0,0,35,15,577.034,783.534,1.5
3800003289,106.514,0,0,-106.514,106.514,3289,0,0,0,35,12,-303.5,-931.876,1.5
3800003310,106.568,0,0,-106.568,106.568,3310,0,0,0,35,14,693.302,-701.302,1.5
3802858583,94.219,0,0,-94.219,94.219,1447,16,112.908,412.408,1.5,0,0,0,35
3805860311,106.206,0,0,-106.206,106.206,3175,8,314.5,-892.102,1.5,0,0,0,35
3807859824,104.747,0,0,-104.747,104.747,2688,3,595.905,-532.905,1.5,0,0,0,35
3809858280,92.8571,0,0,-92.8571,92.8571,1144,19,122.427,316.073,1.5,0,0,0,35
3810860403,106.452,0,0,-106.452,106.452,3267,15,577.034,783.534,1.5,0,0,0,35
3813860295,106.177,0,0,-106.177,106.177,3159,10,-938.33,-91.1701,1.5,0,0,0,35
3815858014,91.6528,0,0,-91.6528,91.6528,878,6,-235.958,98.958,1.5,0,0,0,35
3815860000,105.308,0,0,-105.308,105.308,2864,11,-351.5,777.062,1.5,0,0,0,35
3817859289,102.821,0,0,-102.821,102.821,2153,20,62.5439,637.044,1.5,0,0,0,35
3826859429,103.357,0,0,-103.357,103.357,2293,5,527.133,-431.133,1.5,0,0,0,35
3835858477,97.6764,0,0,-97.6764,97.6764,1341,1,-27.7598,-400,1.5,0,0,0,35
3835859270,102.785,0,0,-102.785,102.785,2134,2,-617.5,-158.16,1.5,0,0,0,35
3837860425,106.514,0,0,-106.514,106.514,3289,12,-303.5,-931.876,1.5,0,0,0,35
3838859198,102.437,0,0,-102.437,102.437,2062,13,512.583,335,1.5,0,0,0,35
3839860401,106.451,0,0,-106.451,106.451,3265,18,929.468,287.5,1.5,0,0,0,35
3840859977,105.259,0,0,-105.259,105.259,2841,17,729.5,432.493,1.5,0,0,0,35
3840860446,106.568,0,0,-106.568,106.568,3310,14,693.302,-701.302,1.5,0,0,0,35
3845858457,100.666,0,0,-100.666,100.666,1321,9,-208.071,333.429,1.5,0,0,0,35
3847858170,95.2033,0,0,-95.2033,95.2033,1034,4,274.926,-126.926,1.5,0,0,0,35
3847858212,105.096,0,0,-105.096,105.096,1076,7,-10.9643,316.464,1.5,0,0,0,35
3850000878,91.6528,0,0,-91.6528,91.6528,878,0,0,0,35,6,-235.958,98.958,1.5
3850001034,95.2033,0,0,-95.2033,95.2033,1034,0,0,0,35,4,274.926,-126.926,1.5
3850001076,105.096,0,0,-105.096,105.096,1076,0,0,0,35,7,-10.9643,316.464,1.5
3850001144,92.8571,0,0,-92.8571,92.8571,1144,0,0,0,35,19,122.427,316.073,1.5
3850001321,100.666,0,0,-100.666,100.666,1321,0,0,0,35,9,-208.071,333.429,1.5
3850001341,97.6764,0,0,-97.6764,97.6764,1341,0,0,0,35,1,-27.7598,-400,1.5
3850001447,94.219,0,0,-94.219,94.219,1447,0,0,0,35,16,112.908,412.408,1.5
3850002062,102.437,0,0,-102.437,102.437,2062,0,0,0,35,13,512.583,335,1.5
3850002134,102.785,0,0,-102.785,102.785,2134,0,0,0,35,2,-617.5,-158.16,1.5
3850002153,102.821,0,0,-102.821,102.821,2153,0,0,0,35,20,62.5439,637.044,1.5
3850002293,103.357,0,0,-103.357,103.357,2293,0,0,0,35,5,527.133,-431.133,1.5
3850002688,104.747,0,0,-104.747,104.747,2688,0,0,0,35,3,595.905,-532.905,1.5
3850002841,105.259,0,0,-105.259,105.259,2841,0,0,0,35,17,729.5,432.493,1.5
3850002864,105.308,0,0,-105.308,105.308,2864,0,0,0,35,11,-351.5,777.062,1.5
3850003159,106.177,0,0,-106.177,106.177,3159,0,0,0,35,10,-938.33,-91.1701,1.5
3850003175,106.206,0,0,-106.206,106.206,3175,0,0,0,35,8,314.5,-892.102,1.5
3850003265,106.451,0,0,-106.451,106.451,3265,0,0,0,35,18,929.468,287.5,1.5
3850003267,106.452,0,0,-106.452,106.452,3267,0,0,0,35,15,577.034,783.534,1.5
3850003289,106.514,0,0,-106.514,106.514,3289,0,0,0,35,12,-303.5,-931.876,1.5
3850003310,106.568,0,0,-106.568,106.568,3310,0,0,0,35,14,693.302,-701.302,1.5
3852858583,94.219,0,0,-94.219,94.219,1447,16,112.908,412.408,1.5,0,0,0,35
3855860311,106.206,0,0,-106.206,106.206,3175,8,314.5,-892.102,1.5,0,0,0,35
3857859824,104.747,0,0,-104.747,104.747,2688,3,595.905,-532.905,1.5,0,0,0,35
3860858280,92.8571,0,0,-92.8571,92.8571,1144,19,122.427,316.073,1.5,0,0,0,35
3860860403,106.452,0,0,-106.452,106.452,3267,15,577.034,783.534,1.5,0,0,0,35
3863860295,106.177,0,0,-106.177,106.177,3159,10,-938.33,-91.1701,1.5,0,0,0,35
3865858014,91.6528,0,0,-91.6528,91.6528,878,6,-235.958,98.958,1.5,0,0,0,35
3865860000,105.308,0,0,-105.308,105.308,2864,11,-351.5,777.062,1.5,0,0,0,35
3867859289,102.821,0,0,-102.821,102.821,2153,20,62.5439,637.044,1.5,0,0,0,35
3876859429,103.357,0,0,-103.357,103.357,2293,5,527.133,-431.133,1.5,0,0,0,35
3886858477,97.6764,0,0,-97.6764,97.6764,1341,1,-27.7598,-400,1.5,0,0,0,35
3887859270,102.785,0,0,-102.785,102.785,2134,2,-617.5,-158.16,1.5,0,0,0,35
3887860425,106.514,0,0,-106.514,106.514,3289,12,-303.5,-931.876,1.5,0,0,0,35
3888859198,102.437,0,0,-102.437,102.437,2062,13,512.583,335,1.5,0,0,0,35
3890860401,106.451,0,0,-106.451,106.451,3265,18,929.468,287.5,1.5,0,0,0,35
3890860446,106.568,0,0,-106.568,106.568,3310,14,693.302,-701.302,1.5,0,0,0,35
3892859977,105.259,0,0,-105.259,105.259,2841,17,729.5,432.493,1.5,0,0,0,35
3895858457,100.666,0,0,-100.666,100.666,1321,9,-208.071,333.429,1.5,0,0,0,35
3897858170,95.2033,0,0,-95.2033,95.2033,1034,4,274.926,-126.926,1.5,0,0,0,35
3897858212,105.096,0,0,-105.096,105.096,1076,7,-10.9643,316.464,1.5,0,0,0,35
3900000878,91.6528,0,0,-91.6528,91.6528,878,0,0,0,35,6,-235.852,98.8519,1.5
3900001034,95.2033,0,0,-95.2033,95.2033,1034,0,0,0,35,4,274.82,-126.82,1.5
3900001076,105.096,0,0,-105.096,105.096,1076,0,0,0,35,7,-10.8583,316.358,1.5
3900001144,92.8571,0,0,-92.8571,92.8571,1144,0,0,0,35,19,122.533,315.967,1.5
3900001321,100.666,0,0,-100.666,100.666,1321,0,0,0,35,9,-208.177,333.323,1.5
3900001341,97.6764,0,0,-97.6764,97.6764,1341,0,0,0,35,1,-27.9098,-400,1.5
3900001447,94.219,0,0,-94.219,94.219,1447,0,0,0,35,16,112.801,412.301,1.5
3900002062,102.435,0,0,-102.435,102.435,2062,0,0,0,35,13,512.433,335,1.5
3900002134,102.784,0,0,-102.784,102.784,2134,0,0,0,35,2,-617.5,-158.01,1.5
3900002153,102.819,0,0,-102.819,102.819,2153,0,0,0,35,20,62.4378,636.938,1.5
3900002293,103.355,0,0,-103.355,103.355,2293,0,0,0,35,5,527.027,-431.027,1.5
3900002688,104.746,0,0,-104.746,104.746,2688,0,0,0,35,3,595.799,-532.799,1.5
3900002841,105.259,0,0,-105.259,105.259,2841,0,0,0,35,17,729.5,432.343,1.5
3900002864,105.307,0,0,-105.307,105.307,2864,0,0,0,35,11,-351.5,776.912,1.5
3900003159,106.176,0,0,-106.176,106.176,3159,0,0,0,35,10,-938.224,-91.2761,1.5
3900003175,106.205,0,0,-106.205,106.205,3175,0,0,0,35,8,314.5,-891.952,1.5
3900003265,106.449,0,0,-106.449,106.449,3265,0,0,0,35,18,929.318,287.5,1.5
3900003267,106.451,0,0,-106.451,106.451,3267,0,0,0,35,15,576.927,783.427,1.5
3900003289,106.513,0,0,-106.513,106.513,3289,0,0,0,35,12,-303.5,-931.726,1.5
3900003310,106.566,0,0,-106.566,106.566,3310,0,0,0,35,14,693.195,-701.195,1.5
3902858583,94.219,0,0,-94.219,94.219,1447,16,112.801,412.301,1.5,0,0,0,35
3905860311,106.205,0,0,-106.205,106.205,3175,8,314.5,-891.952,1.5,0,0,0,35
3907859824,104.746,0,0,-104.746,104.746,2688,3,595.799,-532.799,1.5,0,0,0,35
3910858280,92.8571,0,0,-92.8571,92.8571,1144,19,122.533,315.967,1.5,0,0,0,35
3910860403,106.451,0,0,-106.451,106.451,3267,15,576.927,783.427,1.5,0,0,0,35
3913860295,106.176,0,0,-106.176,106.176,3159,10,-938.224,-91.2761,1.5,0,0,0,35
3915858014,91.6528,0,0,-91.6528,91.6528,878,6,-235.852,98.8519,1.5,0,0,0,35
3915860000,105.307,0,0,-105.307,105.307,2864,11,-351.5,776.912,1.5,0,0,0,35
3917859289,102.819,0,0,-102.819,102.819,2153,20,62.4378,636.938,1.5,0,0,0,35
3926859429,103.355,0,0,-103.355,103.355,2293,5,527.027,-431.027,1.5,0,0,0,35
3937858477,97.6764,0,0,-97.6764,97.6764,1341,1,-27.9098,-400,1.5,0,0,0,35
3937859270,102.784,0,0,-102.784,102.784,2134,2,-617.5,-158.01,1.5,0,0,0,35
3937860425,106.513,0,0,-106.513,106.513,3289,12,-303.5,-931.726,1.5,0,0,0,35
3938859198,102.435,0,0,-102.435,102.435,2062,13,512.433,335,1.5,0,0,0,35
3940860446,106.566,0,0,-106.566,106.566,3310,14,693.195,-701.195,1.5,0,0,0,35
3941860401,106.449,0,0,-106.449,106.449,3265,18,929.318,287.5,1.5,0,0,0,35
3944859977,105.259,0,0,-105.259,105.259,2841,17,729.5,432.343,1.5,0,0,0,35
3945858457,100.666,0,0,-100.666,100.666,1321,9,-208.177,333.323,1.5,0,0,0,35
3947858170,95.2033,0,0,-95.2033,95.2033,1034,4,274.82,-126.82,1.5,0,0,0,35
3947858212,105.096,0,0,-105.096,105.096,1076,7,-10.8583,316.358,1.5,0,0,0,35
3950000878,91.6528,0,0,-91.6528,91.6528,878,0,0,0,35,6,-235.852,98.8519,1.5
3950001034,95.2033,0,0,-95.2033,95.2033,1034,0,0,0,35,4,274.82,-126.82,1.5
3950001076,105.096,0,0,-105.096,105.096,1076,0,0,0,35,7,-10.8583,316.358,1.5
3950001144,92.8571,0,0,-92.8571,92.8571,1144,0,0,0,35,19,122.533,315.967,1.5
3950001321,100.666,0,0,-100.666,100.666,1321,0,0,0,35,9,-208.177,333.323,1.5
3950001341,97.6764,0,0,-97.6764,97.6764,1341,0,0,0,35,1,-27.9098,-400,1.5
3950001447,94.219,0,0,-94.219,94.219,1447,0,0,0,35,16,112.801,412.301,1.5
3950002062,102.435,0,0,-102.435,102.435,2062,0,0,0,35,13,512.433,335,1.5
3950002134,102.784,0,0,-102.784,102.784,2134,0,0,0,35,2,-617.5,-158.01,1.5
3950002153,102.819,0,0,-102.819,102.819,2153,0,0,0,35,20,62.4378,636.938,1.5
3950002293,103.355,0,0,-103.355,103.355,2293,0,0,0,35,5,527.027,-431.027,1.5
3950002688,104.746,0,0,-104.746,104.746,2688,0,0,0,35,3,595.799,-532.799,1.5
3950002841,105.259,0,0,-105.259,105.259,2841,0,0,0,35,17,729.5,432.343,1.5
3950002864,105.307,0,0,-105.307,105.307,2864,0,0,0,35,11,-351.5,776.912,1.5
3950003159,106.176,0,0,-106.176,106.176,3159,0,0,0,35,10,-938.224,-91.2761,1.5
3950003175,106.205,0,0,-106.205,106.205,3175,0,0,0,35,8,314.5,-891.952,1.5
3950003265,106.449,0,0,-106.449,106.449,3265,0,0,0,35,18,929.318,287.5,1.5
3950003267,106.451,0,0,-106.451,106.451,3267,0,0,0,35,15,576.927,783.427,1.5
3950003289,106.513,0,0,-106.513,106.513,3289,0,0,0,35,12,-303.5,-931.726,1.5
3950003310,106.566,0,0,-106.566,106.566,3310,0,0,0,35,14,693.195,-701.195,1.5
3952858583,94.219,0,0,-94.219,94.219,1447,16,112.801,412.301,1.5,0,0,0,35
3955860311,106.205,0,0,-106.205,106.205,3175,8,314.5,-891.952,1.5,0,0,0,35
3957859824,104.746,0,0,-104.746,104.746,2688,3,595.799,-532.799,1.5,0,0,0,35
3960858280,92.8571,0,0,-92.8571,92.8571,1144,19,122.533,315.967,1.5,0,0,0,35
3960860403,106.451,0,0,-106.451,106.451,3267,15,576.927,783.427,1.5,0,0,0,35
3963860295,106.176,0,0,-106.176,106.176,3159,10,-938.224,-91.2761,1.5,0,0,0,35
3965860000,105.307,0,0,-105.307,105.307,2864,11,-351.5,776.912,1.5,0,0,0,35
3966858014,91.6528,0,0,-91.6528,91.6528,878,6,-235.852,98.8519,1.5,0,0,0,35
3967859289,102.819,0,0,-102.819,102.819,2153,20,62.4378,636.938,1.5,0,0,0,35
3976859429,103.355,0,0,-103.355,103.355,2293,5,527.027,-431.027,1.5,0,0,0,35
3987858477,97.6764,0,0,-97.6764,97.6764,1341,1,-27.9098,-400,1.5,0,0,0,35
3987859270,102.784,0,0,-102.784,102.784,2134,2,-617.5,-158.01,1.5,0,0,0,35
3987860425,106.513,0,0,-106.513,106.513,3289,12,-303.5,-931.726,1.5,0,0,0,35
3988859198,102.435,0,0,-102.435,102.435,2062,13,512.433,335,1.5,0,0,0,35
3992860401,106.449,0,0,-106.449,106.449,3265,18,929.318,287.5,1.5,0,0,0,35
3994859977,105.259,0,0,-105.259,105.259,2841,17,729.5,432.343,1.5,0,0,0,35
3995858457,100.666,0,0,-100.666,100.666,1321,9,-208.177,333.323,1.5,0,0,0,35
3997858170,95.2033,0,0,-95.2033,95.2033,1034,4,274.82,-126.82,1.5,0,0,0,35
3997858212,105.096,0,0,-105.096,105.096,1076,7,-10.8583,316.358,1.5,0,0,0,35
3998860446,106.566,0,0,-106.566,106.566,3310,14,693.195,-701.195,1.5,0,0,0,35
4000000878,91.6528,0,0,-91.6528,91.6528,878,0,0,0,35,6,-235.746,98.7459,1.5
4000001034,95.2033,0,0,-95.2033,95.2033,1034,0,0,0,35,4,274.714,-126.714,1.5
4000001076,105.096,0,0,-105.096,105.096,1076,0,0,0,35,7,-10.7522,316.252,1.5
4000001144,92.8571,0,0,-92.8571,92.8571,1144,0,0,0,35,19,122.639,315.861,1.5
4000001321,100.666,0,0,-100.666,100.666,1321,0,0,0,35,9,-208.283,333.217,1.5
4000001341,97.6764,0,0,-97.6764,97.6764,1341,0,0,0,35,1,-28.0598,-400,1.5
4000001447,94.219,0,0,-94.219,94.219,1447,0,0,0,35,16,112.695,412.195,1.5
4000002062,102.433,0,0,-102.433,102.433,2062,0,0,0,35,13,512.283,335,1.5
4000002134,102.784,0,0,-102.784,102.784,2134,0,0,0,35,2,-617.5,-157.86,1.5
4000002153,102.818,0,0,-102.818,102.818,2153,0,0,0,35,20,62.3318,636.832,1.5
4000002293,103.353,0,0,-103.353,103.353,2293,0,0,0,35,5,526.921,-430.921,1.5
4000002688,104.744,0,0,-104.744,104.744,2688,0,0,0,35,3,595.692,-532.692,1.5
4000002841,105.258,0,0,-105.258,105.258,2841,0,0,0,35,17,729.5,432.193,1.5
4000002864,105.305,0,0,-105.305,105.305,2864,0,0,0,35,11,-351.5,776.762,1.5
4000003159,106.176,0,0,-106.176,106.176,3159,0,0,0,35,10,-938.118,-91.3822,1.5
4000003175,106.204,0,0,-106.204,106.204,3175,0,0,0,35,8,314.5,-891.802,1.5
4000003265,106.448,0,0,-106.448,106.448,3265,0,0,0,35,18,929.168,287.5,1.5
4000003267,106.449,0,0,-106.449,106.449,3267,0,0,0,35,15,576.821,783.321,1.5
4000003289,106.511,0,0,-106.511,106.511,3289,0,0,0,35,12,-303.5,-931.576,1.5
4000003310,106.565,0,0,-106.565,106.565,3310,0,0,0,35,14,693.089,-701.089,1.5
4002858583,94.219,0,0,-94.219,94.219,1447,16,112.695,412.195,1.5,0,0,0,35
4005860311,106.204,0,0,-106.204,106.204,3175,8,314.5,-891.802,1.5,0,0,0,35
4007859824,104.744,0,0,-104.744,104.744,2688,3,595.692,-532.692,1.5,0,0,0,35
4010860403,106.449,0,0,-106.449,106.449,3267,15,576.821,783.321,1.5,0,0,0,35
4011858280,92.8571,0,0,-92.8571,92.8571,1144,19,122.639,315.861,1.5,0,0,0,35
4014860295,106.176,0,0,-106.176,106.176,3159,10,-938.118,-91.3822,1.5,0,0,0,35
4015860000,105.305,0,0,-105.305,105.305,2864,11,-351.5,776.762,1.5,0,0,0,35
4016858014,91.6528,0,0,-91.6528,91.6528,878,6,-235.746,98.7459,1.5,0,0,0,35
4017859289,102.818,0,0,-102.818,102.818,2153,20,62.3318,636.832,1.5,0,0,0,35
4026859429,103.353,0,0,-103.353,103.353,2293,5,526.921,-430.921,1.5,0,0,0,35
4037858477,97.6764,0,0,-97.6764,97.6764,1341,1,-28.0598,-400,1.5,0,0,0,35
4037859270,102.784,0,0,-102.784,102.784,2134,2,-617.5,-157.86,1.5,0,0,0,35
4037860425,106.511,0,0,-106.511,106.511,3289,12,-303.5,-931.576,1.5,0,0,0,35
4038859198,102.433,0,0,-102.433,102.433,2062,13,512.283,335,1.5,0,0,0,35
4042860401,106.448,0,0,-106.448,106.448,3265,18,929.168,287.5,1.5,0,0,0,35
4044859977,105.258,0,0,-105.258,105.258,2841,17,729.5,432.193,1.5,0,0,0,35
4045858457,100.666,0,0,-100.666,100.666,1321,9,-208.283,333.217,1.5,0,0,0,35
4047858170,95.2033,0,0,-95.2033,95.2033,1034,4,274.714,-126.714,1.5,0,0,0,35
4047858212,105.096,0,0,-105.096,105.096,1076,7,-10.7522,316.252,1.5,0,0,0,35
4049860446,106.565,0,0,-106.565,106.565,3310,14,693.089,-701.089,1.5,0,0,0,35
4050000878,91.6528,0,0,-91.6528,91.6528,878,0,0,0,35,6,-235.746,98.7459,1.5
4050001034,95.2033,0,0,-95.2033,95.2033,1034,0,0,0,35,4,274.714,-126.714,1.5
4050001076,105.096,0,0,-105.096,105.096,1076,0,0,0,35,7,-10.7522,316.252,1.5
4050001144,92.8571,0,0,-92.8571,92.8571,1144,0,0,0,35,19,122.639,315.861,1.5
4050001321,100.666,0,0,-100.666,100.666,1321,0,0,0,35,9,-208.283,333.217,1.5
4050001341,97.6764,0,0,-97.6764,97.6764,1341,0,0,0,35,1,-28.0598,-400,1.5
4050001447,94.219,0,0,-94.219,94.219,1447,0,0,0,35,16,112.695,412.195,1.5
4050002062,102.433,0,0,-102.433,102.433,2062,0,0,0,35,13,512.283,335,1.5
4050002134,102.784,0,0,-102.784,102.784,2134,0,0,0,35,2,-617.5,-157.86,1.5
4050002153,102.818,0,0,-102.818,102.818,2153,0,0,0,35,20,62.3318,636.832,1.5
4050002293,103.353,0,0,-103.353,103.353,2293,0,0,0,35,5,526.921,-430.921,1.5
4050002688,104.744,0,0,-104.744,104.744,2688,0,0,0,35,3,595.692,-532.692,1.5
4050002841,105.258,0,0,-105.258,105.258,2841,0,0,0,35,17,729.5,432.193,1.5
4050002864,105.305,0,0,-105.305,105.305,2864,0,0,0,35,11,-351.5,776.762,1.5
4050003159,106.176,0,0,-106.176,106.176,3159,0,0,0,35,10,-938.118,-91.3822,1.5
4050003175,106.204,0,0,-106.204,106.204,3175,0,0,0,35,8,314.5,-891.802,1.5
4050003265,106.448,0,0,-106.448,106.448,3265,0,0,0,35,18,929.168,287.5,1.5
4050003267,106.449,0,0,-106.449,106.449,3267,0,0,0,35,15,576.821,783.321,1.5
4050003289,106.511,0,0,-106.511,106.511,3289,0,0,0,35,12,-303.5,-931.576,1.5
4050003310,106.565,0,0,-106.565,106.565,3310,0,0,0,35,14,693.089,-701.089,1.5
4052858583,94.219,0,0,-94.219,94.219,1447,16,112.695,412.195,1.5,0,0,0,35
4055860311,106.204,0,0,-106.204,106.204,3175,8,314.5,-891.802,1.5,0,0,0,35
4057859824,104.744,0,0,-104.744,104.744,2688,3,595.692,-532.692,1.5,0,0,0,35
4060860403,106.449,0,0,-106.449,106.449,3267,15,576.821,783.321,1.5,0,0,0,35
4062858280,92.8571,0,0,-92.8571,92.8571,1144,19,122.639,315.861,1.5,0,0,0,35
4064860295,106.176,0,0,-106.176,106.176,3159,10,-938.118,-91.3822,1.5,0,0,0,35
4065860000,105.305,0,0,-105.305,105.305,2864,11,-351.5,776.762,1.5,0,0,0,35
4066858014,91.6528,0,0,-91.6528,91.6528,878,6,-235.746,98.7459,1.5,0,0,0,35
4067859289,102.818,0,0,-102.818,102.818,2153,20,62.3318,636.832,1.5,0,0,0,35
4076859429,103.353,0,0,-103.353,103.353,2293,5,526.921,-430.921,1.5,0,0,0,35
4087858477,97.6764,0,0,-97.6764,97.6764,1341,1,-28.0598,-400,1.5,0,0,0,35
4087859270,102.784,0,0,-102.784,102.784,2134,2,-617.5,-157.86,1.5,0,0,0,35
4087860425,106.511,0,0,-106.511,106.511,3289,12,-303.5,-931.576,1.5,0,0,0,35
4088859198,102.433,0,0,-102.433,102.433,2062,13,512.283,335,1.5,0,0,0,35
4094860401,106.448,0,0,-106.448,106.448,3265,18,929.168,287.5,1.5,0,0,0,35
4095858457,100.666,0,0,-100.666,100.666,1321,9,-208.283,333.217,1.5,0,0,0,35
4095859977,105.258,0,0,-105.258,105.258,2841,17,729.5,432.193,1.5,0,0,0,35
4097858170,95.2033,0,0,-95.2033,95.2033,1034,4,274.714,-126.714,1.5,0,0,0,35
4097858212,105.096,0,0,-105.096,105.096,1076,7,-10.7522,316.252,1.5,0,0,0,35
4099860446,106.565,0,0,-106.565,106.565,3310,14,693.089,-701.089,1.5,0,0,0,35
4100000878,91.6528,0,0,-91.6528,91.6528,878,0,0,0,35,6,-235.64,98.6398,1.5
4100001034,95.2033,0,0,-95.2033,95.2033,1034,0,0,0,35,4,274.608,-126.608,1.5
4100001076,105.096,0,0,-105.096,105.096,1076,0,0,0,35,7,-10.6461,316.146,1.5
4100001144,92.8571,0,0,-92.8571,92.8571,1144,0,0,0,35,19,122.745,315.755,1.5
4100001321,100.666,0,0,-100.666,100.666,1321,0,0,0,35,9,-208.389,333.111,1.5
4100001341,97.6764,0,0,-97.6764,97.6764,1341,0,0,0,35,1,-28.2098,-400,1.5
4100001447,94.219,0,0,-94.219,94.219,1447,0,0,0,35,16,112.589,412.089,1.5
4100002062,102.432,0,0,-102.432,102.432,2062,0,0,0,35,13,512.133,335,1.5
4100002134,102.783,0,0,-102.783,102.783,2134,0,0,0,35,2,-617.5,-157.71,1.5
4100002153,102.816,0,0,-102.816,102.816,2153,0,0,0,35,20,62.2257,636.726,1.5
4100002293,103.352,0,0,-103.352,103.352,2293,0,0,0,35,5,526.815,-430.815,1.5
4100002688,104.742,0,0,-104.742,104.742,2688,0,0,0,35,3,595.586,-532.586,1.5
4100002841,105.257,0,0,-105.257,105.257,2841,0,0,0,35,17,729.5,432.043,1.5
4100002864,105.304,0,0,-105.304,105.304,2864,0,0,0,35,11,-351.5,776.612,1.5
4100003159,106.175,0,0,-106.175,106.175,3159,0,0,0,35,10,-938.012,-91.4883,1.5
4100003175,106.203,0,0,-106.203,106.203,3175,0,0,0,35,8,314.5,-891.652,1.5
4100003265,106.447,0,0,-106.447,106.447,3265,0,0,0,35,18,929.018,287.5,1.5
4100003267,106.448,0,0,-106.448,106.448,3267,0,0,0,35,15,576.715,783.215,1.5
4100003289,106.51,0,0,-106.51,106.51,3289,0,0,0,35,12,-303.5,-931.426,1.5
4100003310,106.564,0,0,-106.564,106.564,3310,0,0,0,35,14,692.983,-700.983,1.5
4102858583,94.219,0,0,-94.219,94.219,1447,16,112.589,412.089,1.5,0,0,0,35
4105860311,106.203,0,0,-106.203,106.203,3175,8,314.5,-891.652,1.5,0,0,0,35
4107859824,104.742,0,0,-104.742,104.742,2688,3,595.586,-532.586,1.5,0,0,0,35
4110860403,106.448,0,0,-106.448,106.448,3267,15,576.715,783.215,1.5,0,0,0,35
4113858280,92.8571,0,0,-92.8571,92.8571,1144,19,122.745,315.755,1.5,0,0,0,35
4114860295,106.175,0,0,-106.175,106.175,3159,10,-938.012,-91.4883,1.5,0,0,0,35
4115860000,105.304,0,0,-105.304,105.304,2864,11,-351.5,776.612,1.5,0,0,0,35
4116858014,91.6528,0,0,-91.6528,91.6528,878,6,-235.64,98.6398,1.5,0,0,0,35
4117859289,102.816,0,0,-102.816,102.816,2153,20,62.2257,636.726,1.5,0,0,0,35
4126859429,103.352,0,0,-103.352,103.352,2293,5,526.815,-430.815,1.5,0,0,0,35
4137858477,97.6764,0,0,-97.6764,97.6764,1341,1,-28.2098,-400,1.5,0,0,0,35
4137859270,102.783,0,0,-102.783,102.783,2134,2,-617.5,-157.71,1.5,0,0,0,35
4137860425,106.51,0,0,-106.51,106.51,3289,12,-303.5,-931.426,1.5,0,0,0,35
4138859198,102.432,0,0,-102.432,102.432,2062,13,512.133,335,1.5,0,0,0,35
4144860401,106.447,0,0,-106.447,106.447,3265,18,929.018,287.5,1.5,0,0,0,35
4145858457,100.666,0,0,-100.666,100.666,1321,9,-208.389,333.111,1.5,0,0,0,35
4147858170,95.2033,0,0,-95.2033,95.2033,1034,4,274.608,-126.608,1.5,0,0,0,35
4147858212,105.096,0,0,-105.096,105.096,1076,7,-10.6461,316.146,1.5,0,0,0,35
4149859977,105.257,0,0,-105.257,105.257,2841,17,729.5,432.043,1.5,0,0,0,35
4149860446,106.564,0,0,-106.564,106.564,3310,14,692.983,-700.983,1.5,0,0,0,35
4150000878,91.6528,0,0,-91.6528,91.6528,878,0,0,0,35,6,-235.64,98.6398,1.5
4150001034,95.2033,0,0,-95.2033,95.2033,1034,0,0,0,35,4,274.608,-126.608,1.5
4150001076,105.096,0,0,-105.096,105.096,1076,0,0,0,35,7,-10.6461,316.146,1.5
4150001144,92.8571,0,0,-92.8571,92.8571,1144,0,0,0,35,19,122.745,315.755,1.5
4150001321,100.666,0,0,-100.666,100.666,1321,0,0,0,35,9,-208.389,333.111,1.5
4150001341,97.6764,0,0,-97.6764,97.6764,1341,0,0,0,35,1,-28.2098,-400,1.5
4150001447,94.219,0,0,-94.219,94.219,1447,0,0,0,35,16,112.589,412.089,1.5
4150002062,102.432,0,0,-102.432,102.432,2062,0,0,0,35,13,512.133,335,1.5
4150002134,102.783,0,0,-102.783,102.783,2134,0,0,0,35,2,-617.5,-157.71,1.5
4150002153,102.816,0,0,-102.816,102.816,2153,0,0,0,35,20,62.2257,636.726,1.5
4150002293,103.352,0,0,-103.352,103.352,2293,0,0,0,35,5,526.815,-430.815,1.5
4150002688,104.742,0,0,-104.742,104.742,2688,0,0,0,35,3,595.586,-532.586,1.5
4150002841,105.257,0,0,-105.257,105.257,2841,0,0,0,35,17,729.5,432.043,1.5
4150002864,105.304,0,0,-105.304,105.304,2864,0,0,0,35,11,-351.5,776.612,1.5
4150003159,106.175,0,0,-106.175,106.175,3159,0,0,0,35,10,-938.012,-91.4883,1.5
4150003175,106.203,0,0,-106.203,106.203,3175,0,0,0,35,8,314.5,-891.652,1.5
4150003265,106.447,0,0,-106.447,106.447,3265,0,0,0,35,18,929.018,287.5,1.5
4150003267,106.448,0,0,-106.448,106.448,3267,0,0,0,35,15,576.715,783.215,1.5
4150003289,106.51,0,0,-106.51,106.51,3289,0,0,0,35,12,-303.5,-931.426,1.5
4150003310,106.564,0,0,-106.564,106.564,3310,0,0,0,35,14,692.983,-700.983,1.5
4154787155,94.219,0,0,-94.219,94.219,1447,16,112.589,412.089,1.5,0,0,0,35
4155860311,106.203,0,0,-106.203,106.203,3175,8,314.5,-891.652,1.5,0,0,0,35
4157859824,104.742,0,0,-104.742,104.742,2688,3,595.586,-532.586,1.5,0,0,0,35
4160860403,106.448,0,0,-106.448,106.448,3267,15,576.715,783.215,1.5,0,0,0,35
4163858280,92.8571,0,0,-92.8571,92.8571,1144,19,122.745,315.755,1.5,0,0,0,35
4164860295,106.175,0,0,-106.175,106.175,3159,10,-938.012,-91.4883,1.5,0,0,0,35
4165860000,105.304,0,0,-105.304,105.304,2864,11,-351.5,776.612,1.5,0,0,0,35
4166858014,91.6528,0,0,-91.6528,91.6528,878,6,-235.64,98.6398,1.5,0,0,0,35
4167859289,102.816,0,0,-102.816,102.816,2153,20,62.2257,636.726,1.5,0,0,0,35
4176859429,103.352,0,0,-103.352,103.352,2293,5,526.815,-430.815,1.5,0,0,0,35
4187858477,97.6764,0,0,-97.6764,97.6764,1341,1,-28.2098,-400,1.5,0,0,0,35
4187859270,102.783,0,0,-102.783,102.783,2134,2,-617.5,-157.71,1.5,0,0,0,35
4187860425,106.51,0,0,-106.51,106.51,3289,12,-303.5,-931.426,1.5,0,0,0,35
4188859198,102.432,0,0,-102.432,102.432,2062,13,512.133,335,1.5,0,0,0,35
4194860401,106.447,0,0,-106.447,106.447,3265,18,929.018,287.5,1.5,0,0,0,35
4195858457,100.666,0,0,-100.666,100.666,1321,9,-208.389,333.111,1.5,0,0,0,35
4197858170,95.2033,0,0,-95.2033,95.2033,1034,4,274.608,-126.608,1.5,0,0,0,35
4197858212,105.096,0,0,-105.096,105.096,1076,7,-10.6461,316.146,1.5,0,0,0,35
4200000878,91.6528,0,0,-91.6528,91.6528,878,0,0,0,35,6,-235.534,98.5337,1.5
4200001034,95.2033,0,0,-95.2033,95.2033,1034,0,0,0,35,4,274.502,-126.502,1.5
4200001076,105.096,0,0,-105.096,105.096,1076,0,0,0,35,7,-10.5401,316.04,1.5
4200001144,92.8571,0,0,-92.8571,92.8571,1144,0,0,0,35,19,122.851,315.649,1.5
4200001321,100.666,0,0,-100.666,100.666,1321,0,0,0,35,9,-208.495,333.005,1.5
4200001341,97.6764,0,0,-97.6764,97.6764,1341,0,0,0,35,1,-28.3598,-400,1.5
4200001447,94.219,0,0,-94.219,94.219,1447,0,0,0,35,16,112.483,411.983,1.5
4200002062,102.43,0,0,-102.43,102.43,2062,0,0,0,35,13,511.983,335,1.5
4200002134,102.783,0,0,-102.783,102.783,2134,0,0,0,35,2,-617.5,-157.56,1.5
4200002153,102.815,0,0,-102.815,102.815,2153,0,0,0,35,20,62.1196,636.62,1.5
4200002293,103.35,0,0,-103.35,103.35,2293,0,0,0,35,5,526.709,-430.709,1.5
4200002688,104.741,0,0,-104.741,104.741,2688,0,0,0,35,3,595.48,-532.48,1.5
4200002841,105.256,0,0,-105.256,105.256,2841,0,0,0,35,17,729.5,431.893,1.5
4200002864,105.303,0,0,-105.303,105.303,2864,0,0,0,35,11,-351.5,776.462,1.5
4200003159,106.174,0,0,-106.174,106.174,3159,0,0,0,35,10,-937.906,-91.5943,1.5
4200003175,106.201,0,0,-106.201,106.201,3175,0,0,0,35,8,314.5,-891.502,1.5
4200003265,106.445,0,0,-106.445,106.445,3265,0,0,0,35,18,928.868,287.5,1.5
4200003267,106.447,0,0,-106.447,106.447,3267,0,0,0,35,15,576.609,783.109,1.5
4200003289,106.509,0,0,-106.509,106.509,3289,0,0,0,35,12,-303.5,-931.276,1.5
4200003310,106.563,0,0,-106.563,106.563,3310,0,0,0,35,14,692.877,-700.877,1.5
4200860446,106.563,0,0,-106.563,106.563,3310,14,692.877,-700.877,1.5,0,0,0,35
4201859977,105.256,0,0,-105.256,105.256,2841,17,729.5,431.893,1.5,0,0,0,35
4204858583,94.219,0,0,-94.219,94.219,1447,16,112.483,411.983,1.5,0,0,0,35
4205860311,106.201,0,0,-106.201,106.201,3175,8,314.5,-891.502,1.5,0,0,0,35
4207859824,104.741,0,0,-104.741,104.741,2688,3,595.48,-532.48,1.5,0,0,0,35
4210860403,106.447,0,0,-106.447,106.447,3267,15,576.609,783.109,1.5,0,0,0,35
4213858280,92.8571,0,0,-92.8571,92.8571,1144,19,122.851,315.649,1.5,0,0,0,35
4214860295,106.174,0,0,-106.174,106.174,3159,10,-937.906,-91.5943,1.5,0,0,0,35
4215860000,105.303,0,0,-105.303,105.303,2864,11,-351.5,776.462,1.5,0,0,0,35
4216858014,91.6528,0,0,-91.6528,91.6528,878,6,-235.534,98.5337,1.5,0,0,0,35
4217859289,102.815,0,0,-102.815,102.815,2153,20,62.1196,636.62,1.5,0,0,0,35
4226859429,103.35,0,0,-103.35,103.35,2293,5,526.709,-430.709,1.5,0,0,0,35
4237858477,97.6764,0,0,-97.6764,97.6764,1341,1,-28.3598,-400,1.5,0,0,0,35
4237859270,102.783,0,0,-102.783,102.783,2134,2,-617.5,-157.56,1.5,0,0,0,35
4237860425,106.509,0,0,-106.509,106.509,3289,12,-303.5,-931.276,1.5,0,0,0,35
4238859198,102.43,0,0,-102.43,102.43,2062,13,511.983,335,1.5,0,0,0,35
4244860401,106.445,0,0,-106.445,106.445,3265,18,928.868,287.5,1.5,0,0,0,35
4245858457,100.666,0,0,-100.666,100.666,1321,9,-208.495,333.005,1.5,0,0,0,35
4247858170,95.2033,0,0,-95.2033,95.2033,1034,4,274.502,-126.502,1.5,0,0,0,35
4247858212,105.096,0,0,-105.096,105.096,1076,7,-10.5401,316.04,1.5,0,0,0,35
4250000878,91.6528,0,0,-91.6528,91.6528,878,0,0,0,35,6,-235.534,98.5337,1.5
4250001034,95.2033,0,0,-95.2033,95.2033,1034,0,0,0,35,4,274.502,-126.502,1.5
4250001076,105.096,0,0,-105.096,105.096,1076,0,0,0,35,7,-10.5401,316.04,1.5
4250001144,92.8571,0,0,-92.8571,92.8571,1144,0,0,0,35,19,122.851,315.649,1.5
4250001321,100.666,0,0,-100.666,100.666,1321,0,0,0,35,9,-208.495,333.005,1.5
4250001341,97.6764,0,0,-97.6764,97.6764,1341,0,0,0,35,1,-28.3598,-400,1.5
4250001447,94.219,0,0,-94.219,94.219,1447,0,0,0,35,16,112.483,411.983,1.5
4250002062,102.43,0,0,-102.43,102.43,2062,0,0,0,35,13,511.983,335,1.5
4250002134,102.783,0,0,-102.783,102.783,2134,0,0,0,35,2,-617.5,-157.56,1.5
4250002153,102.815,0,0,-102.815,102.815,2153,0,0,0,35,20,62.1196,636.62,1.5
4250002293,103.35,0,0,-103.35,103.35,2293,0,0,0,35,5,526.709,-430.709,1.5
4250002688,104.741,0,0,-104.741,104.741,2688,0,0,0,35,3,595.48,-532.48,1.5
4250002841,105.256,0,0,-105.256,105.256,2841,0,0,0,35,17,729.5,431.893,1.5
4250002864,105.303,0,0,-105.303,105.303,2864,0,0,0,35,11,-351.5,776.462,1.5
4250003159,106.174,0,0,-106.174,106.174,3159,0,0,0,35,10,-937.906,-91.5943,1.5
4250003175,106.201,0,0,-106.201,106.201,3175,0,0,0,35,8,314.5,-891.502,1.5
4250003265,106.445,0,0,-106.445,106.445,3265,0,0,0,35,18,928.868,287.5,1.5
4250003267,106.447,0,0,-106.447,106.447,3267,0,0,0,35,15,576.609,783.109,1.5
4250003289,106.509,0,0,-106.509,106.509,3289,0,0,0,35,12,-303.5,-931.276,1.5
4250003310,106.563,0,0,-106.563,106.563,3310,0,0,0,35,14,692.877,-700.877,1.5
4250860446,106.563,0,0,-106.563,106.563,3310,14,692.877,-700.877,1.5,0,0,0,35
4252859977,105.256,0,0,-105.256,105.256,2841,17,729.5,431.893,1.5,0,0,0,35
4255858583,94.219,0,0,-94.219,94.219,1447,16,112.483,411.983,1.5,0,0,0,35
4255860311,106.201,0,0,-106.201,106.201,3175,8,314.5,-891.502,1.5,0,0,0,35
4257859824,104.741,0,0,-104.741,104.741,2688,3,595.48,-532.48,1.5,0,0,0,35
4260860403,106.447,0,0,-106.447,106.447,3267,15,576.609,783.109,1.5,0,0,0,35
4264858280,92.8571,0,0,-92.8571,92.8571,1144,19,122.851,315.649,1.5,0,0,0,35
4264860295,106.174,0,0,-106.174,106.174,3159,10,-937.906,-91.5943,1.5,0,0,0,35
4265860000,105.303,0,0,-105.303,105.303,2864,11,-351.5,776.462,1.5,0,0,0,35
4266858014,91.6528,0,0,-91.6528,91.6528,878,6,-235.534,98.5337,1.5,0,0,0,35
4267859289,102.815,0,0,-102.815,102.815,2153,20,62.1196,636.62,1.5,0,0,0,35
4276859429,103.35,0,0,-103.35,103.35,2293,5,526.709,-430.709,1.5,0,0,0,35
4287858477,97.6764,0,0,-97.6764,97.6764,1341,1,-28.3598,-400,1.5,0,0,0,35
4287859270,102.783,0,0,-102.783,102.783,2134,2,-617.5,-157.56,1.5,0,0,0,35
4287860425,106.509,0,0,-106.509,106.509,3289,12,-303.5,-931.276,1.5,0,0,0,35
4288859198,102.43,0,0,-102.43,102.43,2062,13,511.983,335,1.5,0,0,0,35
4294860401,106.445,0,0,-106.445,106.445,3265,18,928.868,287.5,1.5,0,0,0,35
4295858457,100.666,0,0,-100.666,100.666,1321,9,-208.495,333.005,1.5,0,0,0,35
4297858170,95.2033,0,0,-95.2033,95.2033,1034,4,274.502,-126.502,1.5,0,0,0,35
4297858212,105.096,0,0,-105.096,105.096,1076,7,-10.5401,316.04,1.5,0,0,0,35
4300000878,91.6528,0,0,-91.6528,91.6528,878,0,0,0,35,6,-235.428,98.4277,1.5
4300001034,95.2033,0,0,-95.2033,95.2033,1034,0,0,0,35,4,274.396,-126.396,1.5
4300001076,105.096,0,0,-105.096,105.096,1076,0,0,0,35,7,-10.434,315.934,1.5
4300001144,92.8571,0,0,-92.8571,92.8571,1144,0,0,0,35,19,122.957,315.543,1.5
4300001321,100.666,0,0,-100.666,100.666,1321,0,0,0,35,9,-208.601,332.899,1.5
4300001341,97.6764,0,0,-97.6764,97.6764,1341,0,0,0,35,1,-28.5098,-400,1.5
4300001447,94.219,0,0,-94.219,94.219,1447,0,0,0,35,16,112.377,411.877,1.5
4300002062,102.428,0,0,-102.428,102.428,2062,0,0,0,35,13,511.833,335,1.5
4300002134,102.782,0,0,-102.782,102.782,2134,0,0,0,35,2,-617.5,-157.41,1.5
4300002153,102.813,0,0,-102.813,102.813,2153,0,0,0,35,20,62.0136,636.514,1.5
4300002293,103.348,0,0,-103.348,103.348,2293,0,0,0,35,5,526.603,-430.603,1.5
4300002688,104.739,0,0,-104.739,104.739,2688,0,0,0,35,3,595.374,-532.374,1.5
4300002841,105.255,0,0,-105.255,105.255,2841,0,0,0,35,17,729.5,431.743,1.5
4300002864,105.301,0,0,-105.301,105.301,2864,0,0,0,35,11,-351.5,776.312,1.5
4300003159,106.173,0,0,-106.173,106.173,3159,0,0,0,35,10,-937.8,-91.7004,1.5
4300003175,106.2,0,0,-106.2,106.2,3175,0,0,0,35,8,314.5,-891.352,1.5
4300003265,106.444,0,0,-106.444,106.444,3265,0,0,0,35,18,928.718,287.5,1.5
4300003267,106.445,0,0,-106.445,106.445,3267,0,0,0,35,15,576.503,783.003,1.5
4300003289,106.508,0,0,-106.508,106.508,3289,0,0,0,35,12,-303.5,-931.126,1.5
4300003310,106.561,0,0,-106.561,106.561,3310,0,0,0,35,14,692.771,-700.771,1.5
4300860446,106.561,0,0,-106.561,106.561,3310,14,692.771,-700.771,1.5,0,0,0,35
4304859977,105.255,0,0,-105.255,105.255,2841,17,729.5,431.743,1.5,0,0,0,35
4305858583,94.219,0,0,-94.219,94.219,1447,16,112.377,411.877,1.5,0,0,0,35
4305860311,106.2,0,0,-106.2,106.2,3175,8,314.5,-891.352,1.5,0,0,0,35
4307859824,104.739,0,0,-104.739,104.739,2688,3,595.374,-532.374,1.5,0,0,0,35
4310860403,106.445,0,0,-106.445,106.445,3267,15,576.503,783.003,1.5,0,0,0,35
4314858280,92.8571,0,0,-92.8571,92.8571,1144,19,122.957,315.543,1.5,0,0,0,35
4314860295,106.173,0,0,-106.173,106.173,3159,10,-937.8,-91.7004,1.5,0,0,0,35
4315860000,105.301,0,0,-105.301,105.301,2864,11,-351.5,776.312,1.5,0,0,0,35
4316858014,91.6528,0,0,-91.6528,91.6528,878,6,-235.428,98.4277,1.5,0,0,0,35
4317859289,102.813,0,0,-102.813,102.813,2153,20,62.0136,636.514,1.5,0,0,0,35
4326859429,103.348,0,0,-103.348,103.348,2293,5,526.603,-430.603,1.5,0,0,0,35
4337858477,97.6764,0,0,-97.6764,97.6764,1341,1,-28.5098,-400,1.5,0,0,0,35
4337859270,102.782,0,0,-102.782,102.782,2134,2,-617.5,-157.41,1.5,0,0,0,35
4337860425,106.508,0,0,-106.508,106.508,3289,12,-303.5,-931.126,1.5,0,0,0,35
4338859198,102.428,0,0,-102.428,102.428,2062,13,511.833,335,1.5,0,0,0,35
4344860401,106.444,0,0,-106.444,106.444,3265,18,928.718,287.5,1.5,0,0,0,35
4345858457,100.666,0,0,-100.666,100.666,1321,9,-208.601,332.899,1.5,0,0,0,35
4347858170,95.2033,0,0,-95.2033,95.2033,1034,4,274.396,-126.396,1.5,0,0,0,35
4347858212,105.096,0,0,-105.096,105.096,1076,7,-10.434,315.934,1.5,0,0,0,35
4350000878,91.6528,0,0,-91.6528,91.6528,878,0,0,0,35,6,-235.428,98.4277,1.5
4350001034,95.2033,0,0,-95.2033,95.2033,1034,0,0,0,35,4,274.396,-126.396,1.5
4350001076,105.096,0,0,-105.096,105.096,1076,0,0,0,35,7,-10.434,315.934,1.5
4350001144,92.8571,0,0,-92.8571,92.8571,1144,0,0,0,35,19,122.957,315.543,1.5
4350001321,100.666,0,0,-100.666,100.666,1321,0,0,0,35,9,-208.601,332.899,1.5
4350001341,97.6764,0,0,-97.6764,97.6764,1341,0,0,0,35,1,-28.5098,-400,1.5
4350001447,94.219,0,0,-94.219,94.219,1447,0,0,0,35,16,112.377,411.877,1.5
4350002062,102.428,0,0,-102.428,102.428,2062,0,0,0,35,13,511.833,335,1.5
4350002134,102.782,0,0,-102.782,102.782,2134,0,0,0,35,2,-617.5,-157.41,1.5
4350002153,102.813,0,0,-102.813,102.813,2153,0,0,0,35,20,62.0136,636.514,1.5
4350002293,103.348,0,0,-103.348,103.348,2293,0,0,0,35,5,526.603,-430.603,1.5
4350002688,104.739,0,0,-104.739,104.739,2688,0,0,0,35,3,595.374,-532.374,1.5
4350002841,105.255,0,0,-105.255,105.255,2841,0,0,0,35,17,729.5,431.743,1.5
4350002864,105.301,0,0,-105.301,105.301,2864,0,0,0,35,11,-351.5,776.312,1.5
4350003159,106.173,0,0,-106.173,106.173,3159,0,0,0,35,10,-937.8,-91.7004,1.5
4350003175,106.2,0,0,-106.2,106.2,3175,0,0,0,35,8,314.5,-891.352,1.5
4350003265,106.444,0,0,-106.444,106.444,3265,0,0,0,35,18,928.718,287.5,1.5
4350003267,106.445,0,0,-106.445,106.445,3267,0,0,0,35,15,576.503,783.003,1.5
4350003289,106.508,0,0,-106.508,106.508,3289,0,0,0,35,12,-303.5,-931.126,1.5
4350003310,106.561,0,0,-106.561,106.561,3310,0,0,0,35,14,692.771,-700.771,1.5
4350860446,106.561,0,0,-106.561,106.561,3310,14,692.771,-700.771,1.5,0,0,0,35
4355858583,94.219,0,0,-94.219,94.219,1447,16,112.377,411.877,1.5,0,0,0,35
4355860311,106.2,0,0,-106.2,106.2,3175,8,314.5,-891.352,1.5,0,0,0,35
4356859977,105.255,0,0,-105.255,105.255,2841,17,729.5,431.743,1.5,0,0,0,35
4357859824,104.739,0,0,-104.739,104.739,2688,3,595.374,-532.374,1.5,0,0,0,35
4361860403,106.445,0,0,-106.445,106.445,3267,15,576.503,783.003,1.5,0,0,0,35
4364858280,92.8571,0,0,-92.8571,92.8571,1144,19,122.957,315.543,1.5,0,0,0,35
4364860295,106.173,0,0,-106.173,106.173,3159,10,-937.8,-91.7004,1.5,0,0,0,35
4365860000,105.301,0,0,-105.301,105.301,2864,11,-351.5,776.312,1.5,0,0,0,35
4366858014,91.6528,0,0,-91.6528,91.6528,878,6,-235.428,98.4277,1.5,0,0,0,35
4367859289,102.813,0,0,-102.813,102.813,2153,20,62.0136,636.514,1.5,0,0,0,35
4376859429,103.348,0,0,-103.348,103.348,2293,5,526.603,-430.603,1.5,0,0,0,35
4387858477,97.6764,0,0,-97.6764,97.6764,1341,1,-28.5098,-400,1.5,0,0,0,35
4387859270,102.782,0,0,-102.782,102.782,2134,2,-617.5,-157.41,1.5,0,0,0,35
4387860425,106.508,0,0,-106.508,106.508,3289,12,-303.5,-931.126,1.5,0,0,0,35
4388859198,102.428,0,0,-102.428,102.428,2062,13,511.833,335,1.5,0,0,0,35
4394860401,106.444,0,0,-106.444,106.444,3265,18,928.718,287.5,1.5,0,0,0,35
4395858457,100.666,0,0,-100.666,100.666,1321,9,-208.601,332.899,1.5,0,0,0,35
4397858170,95.2033,0,0,-95.2033,95.2033,1034,4,274.396,-126.396,1.5,0,0,0,35
4397858212,105.096,0,0,-105.096,105.096,1076,7,-10.434,315.934,1.5,0,0,0,35
4400000878,91.6528,0,0,-91.6528,91.6528,878,0,0,0,35,6,-235.322,98.3216,1.5
4400001034,95.2033,0,0,-95.2033,95.2033,1034,0,0,0,35,4,274.29,-126.29,1.5
4400001076,105.096,0,0,-105.096,105.096,1076,0,0,0,35,7,-10.3279,315.828,1.5
4400001144,92.8571,0,0,-92.8571,92.8571,1144,0,0,0,35,19,123.063,315.437,1.5
4400001321,100.666,0,0,-100.666,100.666,1321,0,0,0,35,9,-208.707,332.793,1.5
4400001341,97.6764,0,0,-97.6764,97.6764,1341,0,0,0,35,1,-28.6598,-400,1.5
4400001447,94.219,0,0,-94.219,94.219,1447,0,0,0,35,16,112.271,411.771,1.5
4400002062,102.426,0,0,-102.426,102.426,2062,0,0,0,35,13,511.683,335,1.5
4400002134,102.782,0,0,-102.782,102.782,2134,0,0,0,35,2,-617.5,-157.26,1.5
4400002153,102.811,0,0,-102.811,102.811,2153,0,0,0,35,20,61.9075,636.408,1.5
4400002293,103.346,0,0,-103.346,103.346,2293,0,0,0,35,5,526.496,-430.496,1.5
4400002688,104.737,0,0,-104.737,104.737,2688,0,0,0,35,3,595.268,-532.268,1.5
4400002841,105.255,0,0,-105.255,105.255,2841,0,0,0,35,17,729.5,431.593,1.5
4400002864,105.3,0,0,-105.3,105.3,2864,0,0,0,35,11,-351.5,776.162,1.5
4400003159,106.172,0,0,-106.172,106.172,3159,0,0,0,35,10,-937.694,-91.8065,1.5
4400003175,106.199,0,0,-106.199,106.199,3175,0,0,0,35,8,314.5,-891.202,1.5
4400003265,106.443,0,0,-106.443,106.443,3265,0,0,0,35,18,928.568,287.5,1.5
4400003267,106.444,0,0,-106.444,106.444,3267,0,0,0,35,15,576.397,782.897,1.5
4400003289,106.506,0,0,-106.506,106.506,3289,0,0,0,35,12,-303.5,-930.976,1.5
4400003310,106.56,0,0,-106.56,106.56,3310,0,0,0,35,14,692.665,-700.665,1.5
4405858583,94.219,0,0,-94.219,94.219,1447,16,112.271,411.771,1.5,0,0,0,35
4405860311,106.199,0,0,-106.199,106.199,3175,8,314.5,-891.202,1.5,0,0,0,35
4407859824,104.737,0,0,-104.737,104.737,2688,3,595.268,-532.268,1.5,0,0,0,35
4407859977,105.255,0,0,-105.255,105.255,2841,17,729.5,431.593,1.5,0,0,0,35
4409860446,106.56,0,0,-106.56,106.56,3310,14,692.665,-700.665,1.5,0,0,0,35
4411860403,106.444,0,0,-106.444,106.444,3267,15,576.397,782.897,1.5,0,0,0,35
4414860295,106.172,0,0,-106.172,106.172,3159,10,-937.694,-91.8065,1.5,0,0,0,35
4415860000,105.3,0,0,-105.3,105.3,2864,11,-351.5,776.162,1.5,0,0,0,35
4416858280,92.8571,0,0,-92.8571,92.8571,1144,19,123.063,315.437,1.5,0,0,0,35
4417858014,91.6528,0,0,-91.6528,91.6528,878,6,-235.322,98.3216,1.5,0,0,0,35
4417859289,102.811,0,0,-102.811,102.811,2153,20,61.9075,636.408,1.5,0,0,0,35
4426859429,103.346,0,0,-103.346,103.346,2293,5,526.496,-430.496,1.5,0,0,0,35
4437858477,97.6764,0,0,-97.6764,97.6764,1341,1,-28.6598,-400,1.5,0,0,0,35
4437859270,102.782,0,0,-102.782,102.782,2134,2,-617.5,-157.26,1.5,0,0,0,35
4437860425,106.506,0,0,-106.506,106.506,3289,12,-303.5,-930.976,1.5,0,0,0,35
4438859198,102.426,0,0,-102.426,102.426,2062,13,511.683,335,1.5,0,0,0,35
4444860401,106.443,0,0,-106.443,106.443,3265,18,928.568,287.5,1.5,0,0,0,35
4445858457,100.666,0,0,-100.666,100.666,1321,9,-208.707,332.793,1.5,0,0,0,35
4447858170,95.2033,0,0,-95.2033,95.2033,1034,4,274.29,-126.29,1.5,0,0,0,35
4447858212,105.096,0,0,-105.096,105.096,1076,7,-10.3279,315.828,1.5,0,0,0,35
4450000878,91.6528,0,0,-91.6528,91.6528,878,0,0,0,35,6,-235.322,98.3216,1.5
4450001034,95.2033,0,0,-95.2033,95.2033,1034,0,0,0,35,4,274.29,-126.29,1.5
4450001076,105.096,0,0,-105.096,105.096,1076,0,0,0,35,7,-10.3279,315.828,1.5
4450001144,92.8571,0,0,-92.8571,92.8571,1144,0,0,0,35,19,123.063,315.437,1.5
4450001321,100.666,0,0,-100.666,100.666,1321,0,0,0,35,9,-208.707,332.793,1.5
4450001341,97.6764,0,0,-97.6764,97.6764,1341,0,0,0,35,1,-28.6598,-400,1.5
4450001447,94.219,0,0,-94.219,94.219,1447,0,0,0,35,16,112.271,411.771,1.5
4450002062,102.426,0,0,-102.426,102.426,2062,0,0,0,35,13,511.683,335,1.5
4450002134,102.782,0,0,-102.782,102.782,2134,0,0,0,35,2,-617.5,-157.26,1.5
4450002153,102.811,0,0,-102.811,102.811,2153,0,0,0,35,20,61.9075,636.408,1.5
4450002293,103.346,0,0,-103.346,103.346,2293,0,0,0,35,5,526.496,-430.496,1.5
4450002688,104.737,0,0,-104.737,104.737,2688,0,0,0,35,3,595.268,-532.268,1.5
4450002841,105.255,0,0,-105.255,105.255,2841,0,0,0,35,17,729.5,431.593,1.5
4450002864,105.3,0,0,-105.3,105.3,2864,0,0,0,35,11,-351.5,776.162,1.5
4450003159,106.172,0,0,-106.172,106.172,3159,0,0,0,35,10,-937.694,-91.8065,1.5
4450003175,106.199,0,0,-106.199,106.199,3175,0,0,0,35,8,314.5,-891.202,1.5
4450003265,106.443,0,0,-106.443,106.443,3265,0,0,0,35,18,928.568,287.5,1.5
4450003267,106.444,0,0,-106.444,106.444,3267,0,0,0,35,15,576.397,782.897,1.5
4450003289,106.506,0,0,-106.506,106.506,3289,0,0,0,35,12,-303.5,-930.976,1.5
4450003310,106.56,0,0,-106.56,106.56,3310,0,0,0,35,14,692.665,-700.665,1.5
4455858583,94.219,0,0,-94.219,94.219,1447,16,112.271,411.771,1.5,0,0,0,35
4455860311,106.199,0,0,-106.199,106.199,3175,8,314.5,-891.202,1.5,0,0,0,35
4457859824,104.737,0,0,-104.737,104.737,2688,3,595.268,-532.268,1.5,0,0,0,35
4457859977,105.255,0,0,-105.255,105.255,2841,17,729.5,431.593,1.5,0,0,0,35
4459860446,106.56,0,0,-106.56,106.56,3310,14,692.665,-700.665,1.5,0,0,0,35
4462860403,106.444,0,0,-106.444,106.444,3267,15,576.397,782.897,1.5,0,0,0,35
4464860295,106.172,0,0,-106.172,106.172,3159,10,-937.694,-91.8065,1.5,0,0,0,35
4465860000,105.3,0,0,-105.3,105.3,2864,11,-351.5,776.162,1.5,0,0,0,35
4466858280,92.8571,0,0,-92.8571,92.8571,1144,19,123.063,315.437,1.5,0,0,0,35
4467858014,91.6528,0,0,-91.6528,91.6528,878,6,-235.322,98.3216,1.5,0,0,0,35
4467859289,102.811,0,0,-102.811,102.811,2153,20,61.9075,636.408,1.5,0,0,0,35
4476859429,103.346,0,0,-103.346,103.346,2293,5,526.496,-430.496,1.5,0,0,0,35
4487858477,97.6764,0,0,-97.6764,97.6764,1341,1,-28.6598,-400,1.5,0,0,0,35
4487859270,102.782,0,0,-102.782,102.782,2134,2,-617.5,-157.26,1.5,0,0,0,35
4487860425,106.506,0,0,-106.506,106.506,3289,12,-303.5,-930.976,1.5,0,0,0,35
4488859198,102.426,0,0,-102.426,102.426,2062,13,511.683,335,1.5,0,0,0,35
4495858457,100.666,0,0,-100.666,100.666,1321,9,-208.707,332.793,1.5,0,0,0,35
4495860401,106.443,0,0,-106.443,106.443,3265,18,928.568,287.5,1.5,0,0,0,35
4497858170,95.2033,0,0,-95.2033,95.2033,1034,4,274.29,-126.29,1.5,0,0,0,35
4497858212,105.096,0,0,-105.096,105.096,1076,7,-10.3279,315.828,1.5,0,0,0,35
4500000878,91.6528,0,0,-91.6528,91.6528,878,0,0,0,35,6,-235.216,98.2155,1.5
4500001034,95.2033,0,0,-95.2033,95.2033,1034,0,0,0,35,4,274.184,-126.184,1.5
4500001076,105.096,0,0,-105.096,105.096,1076,0,0,0,35,7,-10.2219,315.722,1.5
4500001144,92.8571,0,0,-92.8571,92.8571,1144,0,0,0,35,19,123.169,315.331,1.5
4500001321,100.666,0,0,-100.666,100.666,1321,0,0,0,35,9,-208.813,332.687,1.5
4500001341,97.6764,0,0,-97.6764,97.6764,1341,0,0,0,35,1,-28.8098,-400,1.5
4500001447,94.219,0,0,-94.219,94.219,1447,0,0,0,35,16,112.165,411.665,1.5
4500002062,102.424,0,0,-102.424,102.424,2062,0,0,0,35,13,511.533,335,1.5
4500002134,102.781,0,0,-102.781,102.781,2134,0,0,0,35,2,-617.5,-157.11,1.5
4500002153,102.81,0,0,-102.81,102.81,2153,0,0,0,35,20,61.8014,636.301,1.5
4500002293,103.344,0,0,-103.344,103.344,2293,0,0,0,35,5,526.39,-430.39,1.5
4500002688,104.736,0,0,-104.736,104.736,2688,0,0,0,35,3,595.162,-532.162,1.5
4500002841,105.254,0,0,-105.254,105.254,2841,0,0,0,35,17,729.5,431.443,1.5
4500002864,105.298,0,0,-105.298,105.298,2864,0,0,0,35,11,-351.5,776.012,1.5
4500003159,106.171,0,0,-106.171,106.171,3159,0,0,0,35,10,-937.587,-91.9125,1.5
4500003175,106.197,0,0,-106.197,106.197,3175,0,0,0,35,8,314.5,-891.052,1.5
4500003265,106.442,0,0,-106.442,106.442,3265,0,0,0,35,18,928.418,287.5,1.5
4500003267,106.443,0,0,-106.443,106.443,3267,0,0,0,35,15,576.291,782.791,1.5
4500003289,106.505,0,0,-106.505,106.505,3289,0,0,0,35,12,-303.5,-930.826,1.5
4500003310,106.559,0,0,-106.559,106.559,3310,0,0,0,35,14,692.559,-700.559,1.5
4505858583,94.219,0,0,-94.219,94.219,1447,16,112.165,411.665,1.5,0,0,0,35
4505860311,106.197,0,0,-106.197,106.197,3175,8,314.5,-891.052,1.5,0,0,0,35
4507859824,104.736,0,0,-104.736,104.736,2688,3,595.162,-532.162,1.5,0,0,0,35
4507859977,105.254,0,0,-105.254,105.254,2841,17,729.5,431.443,1.5,0,0,0,35
4510860446,106.559,0,0,-106.559,106.559,3310,14,692.559,-700.559,1.5,0,0,0,35
4512860403,106.443,0,0,-106.443,106.443,3267,15,576.291,782.791,1.5,0,0,0,35
4514860295,106.171,0,0,-106.171,106.171,3159,10,-937.587,-91.9125,1.5,0,0,0,35
4515860000,105.298,0,0,-105.298,105.298,2864,11,-351.5,776.012,1.5,0,0,0,35
4516858280,92.8571,0,0,-92.8571,92.8571,1144,19,123.169,315.331,1.5,0,0,0,35
4517858014,91.6528,0,0,-91.6528,91.6528,878,6,-235.216,98.2155,1.5,0,0,0,35
4517859289,102.81,0,0,-102.81,102.81,2153,20,61.8014,636.301,1.5,0,0,0,35
4537858477,97.6764,0,0,-97.6764,97.6764,1341,1,-28.8098,-400,1.5,0,0,0,35
4537859270,102.781,0,0,-102.781,102.781,2134,2,-617.5,-157.11,1.5,0,0,0,35
4537860425,106.505,0,0,-106.505,106.505,3289,12,-303.5,-930.826,1.5,0,0,0,35
4545860401,106.442,0,0,-106.442,106.442,3265,18,928.418,287.5,1.5,0,0,0,35
4550000878,91.6528,0,0,-91.6528,91.6528,878,0,0,0,35,6,-235.216,98.2155,1.5
4550001034,95.2033,0,0,-95.2033,95.2033,1034,0,0,0,35,4,274.184,-126.184,1.5
4550001076,105.096,0,0,-105.096,105.096,1076,0,0,0,35,7,-10.2219,315.722,1.5
4550001144,92.8571,0,0,-92.8571,92.8571,1144,0,0,0,35,19,123.169,315.331,1.5
4550001321,100.666,0,0,-100.666,100.666,1321,0,0,0,35,9,-208.813,332.687,1.5
4550001341,97.6764,0,0,-97.6764,97.6764,1341,0,0,0,35,1,-28.8098,-400,1.5
4550001447,94.219,0,0,-94.219,94.219,1447,0,0,0,35,16,112.165,411.665,1.5
4550002062,102.424,0,0,-102.424,102.424,2062,0,0,0,35,13,511.533,335,1.5
4550002134,102.781,0,0,-102.781,102.781,2134,0,0,0,35,2,-617.5,-157.11,1.5
4550002153,102.81,0,0,-102.81,102.81,2153,0,0,0,35,20,61.8014,636.301,1.5
4550002293,103.344,0,0,-103.344,103.344,2293,0,0,0,35,5,526.39,-430.39,1.5
4550002688,104.736,0,0,-104.736,104.736,2688,0,0,0,35,3,595.162,-532.162,1.5
4550002841,105.254,0,0,-105.254,105.254,2841,0,0,0,35,17,729.5,431.443,1.5
4550002864,105.298,0,0,-105.298,105.298,2864,0,0,0,35,11,-351.5,776.012,1.5
4550003159,106.171,0,0,-106.171,106.171,3159,0,0,0,35,10,-937.587,-91.9125,1.5
4550003175,106.197,0,0,-106.197,106.197,3175,0,0,0,35,8,314.5,-891.052,1.5
4550003265,106.442,0,0,-106.442,106.442,3265,0,0,0,35,18,928.418,287.5,1.5
4550003267,106.443,0,0,-106.443,106.443,3267,0,0,0,35,15,576.291,782.791,1.5
4550003289,106.505,0,0,-106.505,106.505,3289,0,0,0,35,12,-303.5,-930.826,1.5
4550003310,106.559,0,0,-106.559,106.559,3310,0,0,0,35,14,692.559,-700.559,1.5
4555860311,106.197,0,0,-106.197,106.197,3175,8,314.5,-891.052,1.5,0,0,0,35
4564788975,106.443,0,0,-106.443,106.443,3267,15,576.291,782.791,1.5,0,0,0,35
4564860295,106.171,0,0,-106.171,106.171,3159,10,-937.587,-91.9125,1.5,0,0,0,35
4566858280,92.8571,0,0,-92.8571,92.8571,1144,19,123.169,315.331,1.5,0,0,0,35
4567786784,105.096,0,0,-105.096,105.096,1076,7,-10.2219,315.722,1.5,0,0,0,35
4567859289,102.81,0,0,-102.81,102.81,2153,20,61.8014,636.301,1.5,0,0,0,35
4570788001,103.344,0,0,-103.344,103.344,2293,5,526.39,-430.39,1.5,0,0,0,35
4583786742,95.2033,0,0,-95.2033,95.2033,1034,4,274.184,-126.184,1.5,0,0,0,35
4586788549,105.254,0,0,-105.254,105.254,2841,17,729.5,431.443,1.5,0,0,0,35
4587858477,97.6764,0,0,-97.6764,97.6764,1341,1,-28.8098,-400,1.5,0,0,0,35
4587859270,102.781,0,0,-102.781,102.781,2134,2,-617.5,-157.11,1.5,0,0,0,35
4587860425,106.505,0,0,-106.505,106.505,3289,12,-303.5,-930.826,1.5,0,0,0,35
4595860401,106.442,0,0,-106.442,106.442,3265,18,928.418,287.5,1.5,0,0,0,35
4600000878,91.6528,0,0,-91.6528,91.6528,878,0,0,0,35,6,-235.109,98.1095,1.5
4600001034,95.2033,0,0,-95.2033,95.2033,1034,0,0,0,35,4,274.078,-126.078,1.5
4600001076,105.096,0,0,-105.096,105.096,1076,0,0,0,35,7,-10.1158,315.616,1.5
4600001144,92.8571,0,0,-92.8571,92.8571,1144,0,0,0,35,19,123.275,315.225,1.5
4600001321,100.666,0,0,-100.666,100.666,1321,0,0,0,35,9,-208.919,332.581,1.5
4600001341,97.6764,0,0,-97.6764,97.6764,1341,0,0,0,35,1,-28.9598,-400,1.5
4600001447,94.219,0,0,-94.219,94.219,1447,0,0,0,35,16,112.059,411.559,1.5
4600002062,102.423,0,0,-102.423,102.423,2062,0,0,0,35,13,511.383,335,1.5
4600002134,102.781,0,0,-102.781,102.781,2134,0,0,0,35,2,-617.5,-156.96,1.5
4600002153,102.808,0,0,-102.808,102.808,2153,0,0,0,35,20,61.6954,636.195,1.5
4600002293,103.342,0,0,-103.342,103.342,2293,0,0,0,35,5,526.284,-430.284,1.5
4600002688,104.734,0,0,-104.734,104.734,2688,0,0,0,35,3,595.056,-532.056,1.5
4600002841,105.253,0,0,-105.253,105.253,2841,0,0,0,35,17,729.5,431.293,1.5
4600002864,105.297,0,0,-105.297,105.297,2864,0,0,0,35,11,-351.5,775.862,1.5
4600003159,106.17,0,0,-106.17,106.17,3159,0,0,0,35,10,-937.481,-92.0186,1.5
4600003175,106.196,0,0,-106.196,106.196,3175,0,0,0,35,8,314.5,-890.902,1.5
4600003265,106.44,0,0,-106.44,106.44,3265,0,0,0,35,18,928.268,287.5,1.5
4600003267,106.441,0,0,-106.441,106.441,3267,0,0,0,35,15,576.185,782.685,1.5
4600003289,106.504,0,0,-106.504,106.504,3289,0,0,0,35,12,-303.5,-930.676,1.5
4600003310,106.557,0,0,-106.557,106.557,3310,0,0,0,35,14,692.453,-700.453,1.5
4601786586,91.6528,0,0,-91.6528,91.6528,878,6,-235.109,98.1095,1.5,0,0,0,35
4605860311,106.196,0,0,-106.196,106.196,3175,8,314.5,-890.902,1.5,0,0,0,35
4610787770,102.423,0,0,-102.423,102.423,2062,13,511.383,335,1.5,0,0,0,35
4612789018,106.557,0,0,-106.557,106.557,3310,14,692.453,-700.453,1.5,0,0,0,35
4614860295,106.17,0,0,-106.17,106.17,3159,10,-937.481,-92.0186,1.5,0,0,0,35
4616858280,92.8571,0,0,-92.8571,92.8571,1144,19,123.275,315.225,1.5,0,0,0,35
4617859289,102.808,0,0,-102.808,102.808,2153,20,61.6954,636.195,1.5,0,0,0,35
4621788396,104.734,0,0,-104.734,104.734,2688,3,595.056,-532.056,1.5,0,0,0,35
4622787029,100.666,0,0,-100.666,100.666,1321,9,-208.919,332.581,1.5,0,0,0,35
4629788572,105.297,0,0,-105.297,105.297,2864,11,-351.5,775.862,1.5,0,0,0,35
4634787155,94.219,0,0,-94.219,94.219,1447,16,112.059,411.559,1.5,0,0,0,35
4637858477,97.6764,0,0,-97.6764,97.6764,1341,1,-28.9598,-400,1.5,0,0,0,35
4637859270,102.781,0,0,-102.781,102.781,2134,2,-617.5,-156.96,1.5,0,0,0,35
4637860425,106.504,0,0,-106.504,106.504,3289,12,-303.5,-930.676,1.5,0,0,0,35
4644788975,106.441,0,0,-106.441,106.441,3267,15,576.185,782.685,1.5,0,0,0,35
4645860401,106.44,0,0,-106.44,106.44,3265,18,928.268,287.5,1.5,0,0,0,35
4647786784,105.096,0,0,-105.096,105.096,1076,7,-10.1158,315.616,1.5,0,0,0,35
4650000878,91.6528,0,0,-91.6528,91.6528,878,0,0,0,35,6,-235.109,98.1095,1.5
4650001034,95.2033,0,0,-95.2033,95.2033,1034,0,0,0,35,4,274.078,-126.078,1.5
4650001076,105.096,0,0,-105.096,105.096,1076,0,0,0,35,7,-10.1158,315.616,1.5
4650001144,92.8571,0,0,-92.8571,92.8571,1144,0,0,0,35,19,123.275,315.225,1.5
4650001321,100.666,0,0,-100.666,100.666,1321,0,0,0,35,9,-208.919,332.581,1.5
4650001341,97.6764,0,0,-97.6764,97.6764,1341,0,0,0,35,1,-28.9598,-400,1.5
4650001447,94.219,0,0,-94.219,94.219,1447,0,0,0,35,16,112.059,411.559,1.5
4650002062,102.423,0,0,-102.423,102.423,2062,0,0,0,35,13,511.383,335,1.5
4650002134,102.781,0,0,-102.781,102.781,2134,0,0,0,35,2,-617.5,-156.96,1.5
4650002153,102.808,0,0,-102.808,102.808,2153,0,0,0,35,20,61.6954,636.195,1.5
4650002293,103.342,0,0,-103.342,103.342,2293,0,0,0,35,5,526.284,-430.284,1.5
4650002688,104.734,0,0,-104.734,104.734,2688,0,0,0,35,3,595.056,-532.056,1.5
4650002841,105.253,0,0,-105.253,105.253,2841,0,0,0,35,17,729.5,431.293,1.5
4650002864,105.297,0,0,-105.297,105.297,2864,0,0,0,35,11,-351.5,775.862,1.5
4650003159,106.17,0,0,-106.17,106.17,3159,0,0,0,35,10,-937.481,-92.0186,1.5
4650003175,106.196,0,0,-106.196,106.196,3175,0,0,0,35,8,314.5,-890.902,1.5
4650003265,106.44,0,0,-106.44,106.44,3265,0,0,0,35,18,928.268,287.5,1.5
4650003267,106.441,0,0,-106.441,106.441,3267,0,0,0,35,15,576.185,782.685,1.5
4650003289,106.504,0,0,-106.504,106.504,3289,0,0,0,35,12,-303.5,-930.676,1.5
4650003310,106.557,0,0,-106.557,106.557,3310,0,0,0,35,14,692.453,-700.453,1.5
4650788001,103.342,0,0,-103.342,103.342,2293,5,526.284,-430.284,1.5,0,0,0,35
4655860311,106.196,0,0,-106.196,106.196,3175,8,314.5,-890.902,1.5,0,0,0,35
4663786742,95.2033,0,0,-95.2033,95.2033,1034,4,274.078,-126.078,1.5,0,0,0,35
4664860295,106.17,0,0,-106.17,106.17,3159,10,-937.481,-92.0186,1.5,0,0,0,35
4666788549,105.253,0,0,-105.253,105.253,2841,17,729.5,431.293,1.5,0,0,0,35
4666858280,92.8571,0,0,-92.8571,92.8571,1144,19,123.275,315.225,1.5,0,0,0,35
4667859289,102.808,0,0,-102.808,102.808,2153,20,61.6954,636.195,1.5,0,0,0,35
4681786586,91.6528,0,0,-91.6528,91.6528,878,6,-235.109,98.1095,1.5,0,0,0,35
4687858477,97.6764,0,0,-97.6764,97.6764,1341,1,-28.9598,-400,1.5,0,0,0,35
4687859270,102.781,0,0,-102.781,102.781,2134,2,-617.5,-156.96,1.5,0,0,0,35
4687860425,106.504,0,0,-106.504,106.504,3289,12,-303.5,-930.676,1.5,0,0,0,35
4690787770,102.423,0,0,-102.423,102.423,2062,13,511.383,335,1.5,0,0,0,35
4692789018,106.557,0,0,-106.557,106.557,3310,14,692.453,-700.453,1.5,0,0,0,35
4695860401,106.44,0,0,-106.44,106.44,3265,18,928.268,287.5,1.5,0,0,0,35
4700000878,91.6528,0,0,-91.6528,91.6528,878,0,0,0,35,6,-235.003,98.0034,1.5
4700001034,95.2033,0,0,-95.2033,95.2033,1034,0,0,0,35,4,273.971,-125.971,1.5
4700001076,105.096,0,0,-105.096,105.096,1076,0,0,0,35,7,-10.0097,315.51,1.5
4700001144,92.8571,0,0,-92.8571,92.8571,1144,0,0,0,35,19,123.381,315.119,1.5
4700001321,100.666,0,0,-100.666,100.666,1321,0,0,0,35,9,-209.026,332.474,1.5
4700001341,97.6764,0,0,-97.6764,97.6764,1341,0,0,0,35,1,-29.1098,-400,1.5
4700001447,94.219,0,0,-94.219,94.219,1447,0,0,0,35,16,111.953,411.453,1.5
4700002062,102.421,0,0,-102.421,102.421,2062,0,0,0,35,13,511.233,335,1.5
4700002134,102.78,0,0,-102.78,102.78,2134,0,0,0,35,2,-617.5,-156.81,1.5
4700002153,102.807,0,0,-102.807,102.807,2153,0,0,0,35,20,61.5893,636.089,1.5
4700002293,103.34,0,0,-103.34,103.34,2293,0,0,0,35,5,526.178,-430.178,1.5
4700002688,104.733,0,0,-104.733,104.733,2688,0,0,0,35,3,594.95,-531.95,1.5
4700002841,105.252,0,0,-105.252,105.252,2841,0,0,0,35,17,729.5,431.143,1.5
4700002864,105.296,0,0,-105.296,105.296,2864,0,0,0,35,11,-351.5,775.712,1.5
4700003159,106.169,0,0,-106.169,106.169,3159,0,0,0,35,10,-937.375,-92.1247,1.5
4700003175,106.195,0,0,-106.195,106.195,3175,0,0,0,35,8,314.5,-890.752,1.5
4700003265,106.439,0,0,-106.439,106.439,3265,0,0,0,35,18,928.118,287.5,1.5
4700003267,106.44,0,0,-106.44,106.44,3267,0,0,0,35,15,576.079,782.579,1.5
4700003289,106.503,0,0,-106.503,106.503,3289,0,0,0,35,12,-303.5,-930.526,1.5
4700003310,106.556,0,0,-106.556,106.556,3310,0,0,0,35,14,692.347,-700.347,1.5
4701788396,104.733,0,0,-104.733,104.733,2688,3,594.95,-531.95,1.5,0,0,0,35
4702787029,100.666,0,0,-100.666,100.666,1321,9,-209.026,332.474,1.5,0,0,0,35
4705860311,106.195,0,0,-106.195,106.195,3175,8,314.5,-890.752,1.5,0,0,0,35
4709788572,105.296,0,0,-105.296,105.296,2864,11,-351.5,775.712,1.5,0,0,0,35
4714787155,94.219,0,0,-94.219,94.219,1447,16,111.953,411.453,1.5,0,0,0,35
4714860295,106.169,0,0,-106.169,106.169,3159,10,-937.375,-92.1247,1.5,0,0,0,35
4716858280,92.8571,0,0,-92.8571,92.8571,1144,19,123.381,315.119,1.5,0,0,0,35
4717859289,102.807,0,0,-102.807,102.807,2153,20,61.5893,636.089,1.5,0,0,0,35
4724788975,106.44,0,0,-106.44,106.44,3267,15,576.079,782.579,1.5,0,0,0,35
4727786784,105.096,0,0,-105.096,105.096,1076,7,-10.0097,315.51,1.5,0,0,0,35
4730788001,103.34,0,0,-103.34,103.34,2293,5,526.178,-430.178,1.5,0,0,0,35
4737858477,97.6764,0,0,-97.6764,97.6764,1341,1,-29.1098,-400,1.5,0,0,0,35
4737859270,102.78,0,0,-102.78,102.78,2134,2,-617.5,-156.81,1.5,0,0,0,35
4737860425,106.503,0,0,-106.503,106.503,3289,12,-303.5,-930.526,1.5,0,0,0,35
4743786742,95.2033,0,0,-95.2033,95.2033,1034,4,273.971,-125.971,1.5,0,0,0,35
4745860401,106.439,0,0,-106.439,106.439,3265,18,928.118,287.5,1.5,0,0,0,35
4746788549,105.252,0,0,-105.252,105.252,2841,17,729.5,431.143,1.5,0,0,0,35
4750000878,91.6528,0,0,-91.6528,91.6528,878,0,0,0,35,6,-235.003,98.0034,1.5
4750001034,95.2033,0,0,-95.2033,95.2033,1034,0,0,0,35,4,273.971,-125.971,1.5
4750001076,105.096,0,0,-105.096,105.096,1076,0,0,0,35,7,-10.0097,315.51,1.5
4750001144,92.8571,0,0,-92.8571,92.8571,1144,0,0,0,35,19,123.381,315.119,1.5
4750001321,100.666,0,0,-100.666,100.666,1321,0,0,0,35,9,-209.026,332.474,1.5
4750001341,97.6764,0,0,-97.6764,97.6764,1341,0,0,0,35,1,-29.1098,-400,1.5
4750001447,94.219,0,0,-94.219,94.219,1447,0,0,0,35,16,111.953,411.453,1.5
4750002062,102.421,0,0,-102.421,102.421,2062,0,0,0,35,13,511.233,335,1.5
4750002134,102.78,0,0,-102.78,102.78,2134,0,0,0,35,2,-617.5,-156.81,1.5
4750002153,102.807,0,0,-102.807,102.807,2153,0,0,0,35,20,61.5893,636.089,1.5
4750002293,103.34,0,0,-103.34,103.34,2293,0,0,0,35,5,526.178,-430.178,1.5
4750002688,104.733,0,0,-104.733,104.733,2688,0,0,0,35,3,594.95,-531.95,1.5
4750002841,105.252,0,0,-105.252,105.252,2841,0,0,0,35,17,729.5,431.143,1.5
4750002864,105.296,0,0,-105.296,105.296,2864,0,0,0,35,11,-351.5,775.712,1.5
4750003159,106.169,0,0,-106.169,106.169,3159,0,0,0,35,10,-937.375,-92.1247,1.5
4750003175,106.195,0,0,-106.195,106.195,3175,0,0,0,35,8,314.5,-890.752,1.5
4750003265,106.439,0,0,-106.439,106.439,3265,0,0,0,35,18,928.118,287.5,1.5
4750003267,106.44,0,0,-106.44,106.44,3267,0,0,0,35,15,576.079,782.579,1.5
4750003289,106.503,0,0,-106.503,106.503,3289,0,0,0,35,12,-303.5,-930.526,1.5
4750003310,106.556,0,0,-106.556,106.556,3310,0,0,0,35,14,692.347,-700.347,1.5
4755860311,106.195,0,0,-106.195,106.195,3175,8,314.5,-890.752,1.5,0,0,0,35
4761786586,91.6528,0,0,-91.6528,91.6528,878,6,-235.003,98.0034,1.5,0,0,0,35
4764860295,106.169,0,0,-106.169,106.169,3159,10,-937.375,-92.1247,1.5,0,0,0,35
4766858280,92.8571,0,0,-92.8571,92.8571,1144,19,123.381,315.119,1.5,0,0,0,35
4767859289,102.807,0,0,-102.807,102.807,2153,20,61.5893,636.089,1.5,0,0,0,35
4770787770,102.421,0,0,-102.421,102.421,2062,13,511.233,335,1.5,0,0,0,35
4772789018,106.556,0,0,-106.556,106.556,3310,14,692.347,-700.347,1.5,0,0,0,35
4781788396,104.733,0,0,-104.733,104.733,2688,3,594.95,-531.95,1.5,0,0,0,35
4782787029,100.666,0,0,-100.666,100.666,1321,9,-209.026,332.474,1.5,0,0,0,35
4787859270,102.78,0,0,-102.78,102.78,2134,2,-617.5,-156.81,1.5,0,0,0,35
4789788572,105.296,0,0,-105.296,105.296,2864,11,-351.5,775.712,1.5,0,0,0,35
4794787155,94.219,0,0,-94.219,94.219,1447,16,111.953,411.453,1.5,0,0,0,35
4795860401,106.439,0,0,-106.439,106.439,3265,18,928.118,287.5,1.5,0,0,0,35
4800000878,91.6528,0,0,-91.6528,91.6528,878,0,0,0,35,6,-234.897,97.8973,1.5
4800001034,95.2033,0,0,-95.2033,95.2033,1034,0,0,0,35,4,273.865,-125.865,1.5
4800001076,105.096,0,0,-105.096,105.096,1076,0,0,0,35,7,-9.90366,315.404,1.5
4800001144,92.8571,0,0,-92.8571,92.8571,1144,0,0,0,35,19,123.487,315.013,1.5
4800001321,100.666,0,0,-100.666,100.666,1321,0,0,0,35,9,-209.132,332.368,1.5
4800001341,97.6764,0,0,-97.6764,97.6764,1341,0,0,0,35,1,-29.2598,-400,1.5
4800001447,94.219,0,0,-94.219,94.219,1447,0,0,0,35,16,111.847,411.347,1.5
4800002062,102.419,0,0,-102.419,102.419,2062,0,0,0,35,13,511.083,335,1.5
4800002134,102.78,0,0,-102.78,102.78,2134,0,0,0,35,2,-617.5,-156.66,1.5
4800002153,102.805,0,0,-102.805,102.805,2153,0,0,0,35,20,61.4832,635.983,1.5
4800002293,103.338,0,0,-103.338,103.338,2293,0,0,0,35,5,526.072,-430.072,1.5
4800002688,104.731,0,0,-104.731,104.731,2688,0,0,0,35,3,594.844,-531.844,1.5
4800002841,105.252,0,0,-105.252,105.252,2841,0,0,0,35,17,729.5,430.993,1.5
4800002864,105.294,0,0,-105.294,105.294,2864,0,0,0,35,11,-351.5,775.562,1.5
4800003159,106.169,0,0,-106.169,106.169,3159,0,0,0,35,10,-937.269,-92.2307,1.5
4800003175,106.193,0,0,-106.193,106.193,3175,0,0,0,35,8,314.5,-890.602,1.5
4800003265,106.438,0,0,-106.438,106.438,3265,0,0,0,35,18,927.968,287.5,1.5
4800003267,106.439,0,0,-106.439,106.439,3267,0,0,0,35,15,575.973,782.473,1.5
4800003289,106.501,0,0,-106.501,106.501,3289,0,0,0,35,12,-303.5,-930.376,1.5
4800003310,106.555,0,0,-106.555,106.555,3310,0,0,0,35,14,692.241,-700.241,1.5
4804788975,106.439,0,0,-106.439,106.439,3267,15,575.973,782.473,1.5,0,0,0,35
4807786784,105.096,0,0,-105.096,105.096,1076,7,-9.90366,315.404,1.5,0,0,0,35
4809787049,97.6764,0,0,-97.6764,97.6764,1341,1,-29.2598,-400,1.5,0,0,0,35
4810788001,103.338,0,0,-103.338,103.338,2293,5,526.072,-430.072,1.5,0,0,0,35
4812788997,106.501,0,0,-106.501,106.501,3289,12,-303.5,-930.376,1.5,0,0,0,35
4814788883,106.193,0,0,-106.193,106.193,3175,8,314.5,-890.602,1.5,0,0,0,35
4814860295,106.169,0,0,-106.169,106.169,3159,10,-937.269,-92.2307,1.5,0,0,0,35
4823786742,95.2033,0,0,-95.2033,95.2033,1034,4,273.865,-125.865,1.5,0,0,0,35
4826788549,105.252,0,0,-105.252,105.252,2841,17,729.5,430.993,1.5,0,0,0,35
4835787861,102.805,0,0,-102.805,102.805,2153,20,61.4832,635.983,1.5,0,0,0,35
4837859270,102.78,0,0,-102.78,102.78,2134,2,-617.5,-156.66,1.5,0,0,0,35
4841786586,91.6528,0,0,-91.6528,91.6528,878,6,-234.897,97.8973,1.5,0,0,0,35
4845860401,106.438,0,0,-106.438,106.438,3265,18,927.968,287.5,1.5,0,0,0,35
4849786852,92.8571,0,0,-92.8571,92.8571,1144,19,123.487,315.013,1.5,0,0,0,35
4850000878,91.6528,0,0,-91.6528,91.6528,878,0,0,0,35,6,-234.897,97.8973,1.5
4850001034,95.2033,0,0,-95.2033,95.2033,1034,0,0,0,35,4,273.865,-125.865,1.5
4850001076,105.096,0,0,-105.096,105.096,1076,0,0,0,35,7,-9.90366,315.404,1.5
4850001144,92.8571,0,0,-92.8571,92.8571,1144,0,0,0,35,19,123.487,315.013,1.5
4850001321,100.666,0,0,-100.666,100.666,1321,0,0,0,35,9,-209.132,332.368,1.5
4850001341,97.6764,0,0,-97.6764,97.6764,1341,0,0,0,35,1,-29.2598,-400,1.5
4850001447,94.219,0,0,-94.219,94.219,1447,0,0,0,35,16,111.847,411.347,1.5
4850002062,102.419,0,0,-102.419,102.419,2062,0,0,0,35,13,511.083,335,1.5
4850002134,102.78,0,0,-102.78,102.78,2134,0,0,0,35,2,-617.5,-156.66,1.5
4850002153,102.805,0,0,-102.805,102.805,2153,0,0,0,35,20,61.4832,635.983,1.5
4850002293,103.338,0,0,-103.338,103.338,2293,0,0,0,35,5,526.072,-430.072,1.5
4850002688,104.731,0,0,-104.731,104.731,2688,0,0,0,35,3,594.844,-531.844,1.5
4850002841,105.252,0,0,-105.252,105.252,2841,0,0,0,35,17,729.5,430.993,1.5
4850002864,105.294,0,0,-105.294,105.294,2864,0,0,0,35,11,-351.5,775.562,1.5
4850003159,106.169,0,0,-106.169,106.169,3159,0,0,0,35,10,-937.269,-92.2307,1.5
4850003175,106.193,0,0,-106.193,106.193,3175,0,0,0,35,8,314.5,-890.602,1.5
4850003265,106.438,0,0,-106.438,106.438,3265,0,0,0,35,18,927.968,287.5,1.5
4850003267,106.439,0,0,-106.439,106.439,3267,0,0,0,35,15,575.973,782.473,1.5
4850003289,106.501,0,0,-106.501,106.501,3289,0,0,0,35,12,-303.5,-930.376,1.5
4850003310,106.555,0,0,-106.555,106.555,3310,0,0,0,35,14,692.241,-700.241,1.5
4850787770,102.419,0,0,-102.419,102.419,2062,13,511.083,335,1.5,0,0,0,35
4852789018,106.555,0,0,-106.555,106.555,3310,14,692.241,-700.241,1.5,0,0,0,35
4861788396,104.731,0,0,-104.731,104.731,2688,3,594.844,-531.844,1.5,0,0,0,35
4862787029,100.666,0,0,-100.666,100.666,1321,9,-209.132,332.368,1.5,0,0,0,35
4864860295,106.169,0,0,-106.169,106.169,3159,10,-937.269,-92.2307,1.5,0,0,0,35
4869788572,105.294,0,0,-105.294,105.294,2864,11,-351.5,775.562,1.5,0,0,0,35
4874787155,94.219,0,0,-94.219,94.219,1447,16,111.847,411.347,1.5,0,0,0,35
4884788975,106.439,0,0,-106.439,106.439,3267,15,575.973,782.473,1.5,0,0,0,35
4887786784,105.096,0,0,-105.096,105.096,1076,7,-9.90366,315.404,1.5,0,0,0,35
4887859270,102.78,0,0,-102.78,102.78,2134,2,-617.5,-156.66,1.5,0,0,0,35
4889787049,97.6764,0,0,-97.6764,97.6764,1341,1,-29.2598,-400,1.5,0,0,0,35
4890788001,103.338,0,0,-103.338,103.338,2293,5,526.072,-430.072,1.5,0,0,0,35
4892788997,106.501,0,0,-106.501,106.501,3289,12,-303.5,-930.376,1.5,0,0,0,35
4894788883,106.193,0,0,-106.193,106.193,3175,8,314.5,-890.602,1.5,0,0,0,35
4895860401,106.438,0,0,-106.438,106.438,3265,18,927.968,287.5,1.5,0,0,0,35
4900000878,91.6528,0,0,-91.6528,91.6528,878,0,0,0,35,6,-234.791,97.7913,1.5
4900001034,95.2033,0,0,-95.2033,95.2033,1034,0,0,0,35,4,273.759,-125.759,1.5
4900001076,105.096,0,0,-105.096,105.096,1076,0,0,0,35,7,-9.7976,315.298,1.5
4900001144,92.8571,0,0,-92.8571,92.8571,1144,0,0,0,35,19,123.593,314.907,1.5
4900001321,100.666,0,0,-100.666,100.666,1321,0,0,0,35,9,-209.238,332.262,1.5
4900001341,97.6764,0,0,-97.6764,97.6764,1341,0,0,0,35,1,-29.4098,-400,1.5
4900001447,94.219,0,0,-94.219,94.219,1447,0,0,0,35,16,111.741,411.241,1.5
4900002062,102.417,0,0,-102.417,102.417,2062,0,0,0,35,13,510.933,335,1.5
4900002134,102.779,0,0,-102.779,102.779,2134,0,0,0,35,2,-617.5,-156.51,1.5
4900002153,102.804,0,0,-102.804,102.804,2153,0,0,0,35,20,61.3772,635.877,1.5
4900002293,103.336,0,0,-103.336,103.336,2293,0,0,0,35,5,525.966,-429.966,1.5
4900002688,104.729,0,0,-104.729,104.729,2688,0,0,0,35,3,594.738,-531.738,1.5
4900002841,105.251,0,0,-105.251,105.251,2841,0,0,0,35,17,729.5,430.843,1.5
4900002864,105.293,0,0,-105.293,105.293,2864,0,0,0,35,11,-351.5,775.412,1.5
4900003159,106.168,0,0,-106.168,106.168,3159,0,0,0,35,10,-937.163,-92.3368,1.5
4900003175,106.192,0,0,-106.192,106.192,3175,0,0,0,35,8,314.5,-890.452,1.5
4900003265,106.437,0,0,-106.437,106.437,3265,0,0,0,35,18,927.818,287.5,1.5
4900003267,106.438,0,0,-106.438,106.438,3267,0,0,0,35,15,575.867,782.367,1.5
4900003289,106.5,0,0,-106.5,106.5,3289,0,0,0,35,12,-303.5,-930.226,1.5
4900003310,106.553,0,0,-106.553,106.553,3310,0,0,0,35,14,692.135,-700.135,1.5
4903786742,95.2033,0,0,-95.2033,95.2033,1034,4,273.759,-125.759,1.5,0,0,0,35
4906788549,105.251,0,0,-105.251,105.251,2841,17,729.5,430.843,1.5,0,0,0,35
4914860295,106.168,0,0,-106.168,106.168,3159,10,-937.163,-92.3368,1.5,0,0,0,35
4915787861,102.804,0,0,-102.804,102.804,2153,20,61.3772,635.877,1.5,0,0,0,35
4921786586,91.6528,0,0,-91.6528,91.6528,878,6,-234.791,97.7913,1.5,0,0,0,35
4929786852,92.8571,0,0,-92.8571,92.8571,1144,19,123.593,314.907,1.5,0,0,0,35
4930787770,102.417,0,0,-102.417,102.417,2062,13,510.933,335,1.5,0,0,0,35
4932789018,106.553,0,0,-106.553,106.553,3310,14,692.135,-700.135,1.5,0,0,0,35
4941788396,104.729,0,0,-104.729,104.729,2688,3,594.738,-531.738,1.5,0,0,0,35
4942787029,100.666,0,0,-100.666,100.666,1321,9,-209.238,332.262,1.5,0,0,0,35
4945860401,106.437,0,0,-106.437,106.437,3265,18,927.818,287.5,1.5,0,0,0,35
4949788572,105.293,0,0,-105.293,105.293,2864,11,-351.5,775.412,1.5,0,0,0,35
4950000878,91.6528,0,0,-91.6528,91.6528,878,0,0,0,35,6,-234.791,97.7913,1.5
4950001034,95.2033,0,0,-95.2033,95.2033,1034,0,0,0,35,4,273.759,-125.759,1.5
4950001076,105.096,0,0,-105.096,105.096,1076,0,0,0,35,7,-9.7976,315.298,1.5
4950001144,92.8571,0,0,-92.8571,92.8571,1144,0,0,0,35,19,123.593,314.907,1.5
4950001321,100.666,0,0,-100.666,100.666,1321,0,0,0,35,9,-209.238,332.262,1.5
4950001341,97.6764,0,0,-97.6764,97.6764,1341,0,0,0,35,1,-29.4098,-400,1.5
4950001447,94.219,0,0,-94.219,94.219,1447,0,0,0,35,16,111.741,411.241,1.5
4950002062,102.417,0,0,-102.417,102.417,2062,0,0,0,35,13,510.933,335,1.5
4950002134,102.779,0,0,-102.779,102.779,2134,0,0,0,35,2,-617.5,-156.51,1.5
4950002153,102.804,0,0,-102.804,102.804,2153,0,0,0,35,20,61.3772,635.877,1.5
4950002293,103.336,0,0,-103.336,103.336,2293,0,0,0,35,5,525.966,-429.966,1.5
4950002688,104.729,0,0,-104.729,104.729,2688,0,0,0,35,3,594.738,-531.738,1.5
4950002841,105.251,0,0,-105.251,105.251,2841,0,0,0,35,17,729.5,430.843,1.5
4950002864,105.293,0,0,-105.293,105.293,2864,0,0,0,35,11,-351.5,775.412,1.5
4950003159,106.168,0,0,-106.168,106.168,3159,0,0,0,35,10,-937.163,-92.3368,1.5
4950003175,106.192,0,0,-106.192,106.192,3175,0,0,0,35,8,314.5,-890.452,1.5
4950003265,106.437,0,0,-106.437,106.437,3265,0,0,0,35,18,927.818,287.5,1.5
4950003267,106.438,0,0,-106.438,106.438,3267,0,0,0,35,15,575.867,782.367,1.5
4950003289,106.5,0,0,-106.5,106.5,3289,0,0,0,35,12,-303.5,-930.226,1.5
4950003310,106.553,0,0,-106.553,106.553,3310,0,0,0,35,14,692.135,-700.135,1.5
4954787155,94.219,0,0,-94.219,94.219,1447,16,111.741,411.241,1.5,0,0,0,35
4964788975,106.438,0,0,-106.438,106.438,3267,15,575.867,782.367,1.5,0,0,0,35
4964860295,106.168,0,0,-106.168,106.168,3159,10,-937.163,-92.3368,1.5,0,0,0,35
4967786784,105.096,0,0,-105.096,105.096,1076,7,-9.7976,315.298,1.5,0,0,0,35
4969787049,97.6764,0,0,-97.6764,97.6764,1341,1,-29.4098,-400,1.5,0,0,0,35
4970788001,103.336,0,0,-103.336,103.336,2293,5,525.966,-429.966,1.5,0,0,0,35
4972788997,106.5,0,0,-106.5,106.5,3289,12,-303.5,-930.226,1.5,0,0,0,35
4974788883,106.192,0,0,-106.192,106.192,3175,8,314.5,-890.452,1.5,0,0,0,35
4983786742,95.2033,0,0,-95.2033,95.2033,1034,4,273.759,-125.759,1.5,0,0,0,35
4986788549,105.251,0,0,-105.251,105.251,2841,17,729.5,430.843,1.5,0,0,0,35
4991787842,102.779,0,0,-102.779,102.779,2134,2,-617.5,-156.51,1.5,0,0,0,35
4995787861,102.804,0,0,-102.804,102.804,2153,20,61.3772,635.877,1.5,0,0,0,35
4995860401,106.437,0,0,-106.437,106.437,3265,18,927.818,287.5,1.5,0,0,0,35
