Timestamp_ns,Loss_dB,TxAntGain_dB,RxAntGain_dB,PropGain_dB,Pathloss_dB,Delay_ns,SrcId,SrcX,SrcY,SrcZ,DstId,DstX,DstY,DstZ
878,91.6528,0,0,-91.6528,91.6528,878,0,0,0,35,6,-239.821,103.112,1.5
1034,95.2033,0,0,-95.2033,95.2033,1034,0,0,0,35,4,278.814,-131.064,1.5
1076,105.096,0,0,-105.096,105.096,1076,0,0,0,35,7,-14.8918,320.58,1.5
1144,92.8571,0,0,-92.8571,92.8571,1144,0,0,0,35,19,118.482,320.179,1.5
1321,100.666,0,0,-100.666,100.666,1321,0,0,0,35,9,-204.206,337.58,1.5
1341,97.6764,0,0,-97.6764,97.6764,1341,0,0,0,35,1,-22.0711,-400.099,1.5
1447,94.219,0,0,-94.219,94.219,1447,0,0,0,35,16,116.873,416.495,1.5
2062,102.505,0,0,-102.505,102.505,2062,0,0,0,35,13,518.276,335.066,1.5
2134,102.802,0,0,-102.802,102.802,2134,0,0,0,35,2,-617.369,-163.835,1.5
2153,102.881,0,0,-102.881,102.881,2153,0,0,0,35,20,66.4812,641.154,1.5
2293,103.429,0,0,-103.429,103.429,2293,0,0,0,35,5,531.109,-435.214,1.5
2688,104.808,0,0,-104.808,104.808,2688,0,0,0,35,3,599.809,-537.032,1.5
2841,105.291,0,0,-105.291,105.291,2841,0,0,0,35,17,729.674,438.171,1.5
2864,105.361,0,0,-105.361,105.361,2864,0,0,0,35,11,-351.539,782.759,1.5
3159,106.211,0,0,-106.211,106.211,3159,0,0,0,35,10,-942.438,-87.2385,1.5
3175,106.255,0,0,-106.255,106.255,3175,0,0,0,35,8,314.407,-897.787,1.5
3265,106.499,0,0,-106.499,106.499,3265,0,0,0,35,18,935.16,287.396,1.5
3267,106.502,0,0,-106.502,106.502,3267,0,0,0,35,15,581.08,787.547,1.5
3289,106.562,0,0,-106.562,106.562,3289,0,0,0,35,12,-303.538,-937.574,1.5
3310,106.618,0,0,-106.618,106.618,3310,0,0,0,35,14,697.332,-705.332,1.5
17858014,91.6528,0,0,-91.6528,91.6528,878,6,-239.821,103.112,1.5,0,0,0,35
17858170,95.2033,0,0,-95.2033,95.2033,1034,4,278.814,-131.064,1.5,0,0,0,35
17858212,105.096,0,0,-105.096,105.096,1076,7,-14.8918,320.58,1.5,0,0,0,35
17858280,92.8571,0,0,-92.8571,92.8571,1144,19,118.482,320.179,1.5,0,0,0,35
17858457,100.666,0,0,-100.666,100.666,1321,9,-204.206,337.58,1.5,0,0,0,35
17858477,97.6764,0,0,-97.6764,97.6764,1341,1,-22.0711,-400.099,1.5,0,0,0,35
17858583,94.219,0,0,-94.219,94.219,1447,16,116.873,416.495,1.5,0,0,0,35
17859198,102.505,0,0,-102.505,102.505,2062,13,518.276,335.066,1.5,0,0,0,35
17859270,102.802,0,0,-102.802,102.802,2134,2,-617.369,-163.835,1.5,0,0,0,35
17859289,102.881,0,0,-102.881,102.881,2153,20,66.4812,641.154,1.5,0,0,0,35
17859429,103.429,0,0,-103.429,103.429,2293,5,531.109,-435.214,1.5,0,0,0,35
17859824,104.808,0,0,-104.808,104.808,2688,3,599.809,-537.032,1.5,0,0,0,35
17859977,105.291,0,0,-105.291,105.291,2841,17,729.674,438.171,1.5,0,0,0,35
17860000,105.361,0,0,-105.361,105.361,2864,11,-351.539,782.759,1.5,0,0,0,35
17860295,106.211,0,0,-106.211,106.211,3159,10,-942.438,-87.2385,1.5,0,0,0,35
17860311,106.255,0,0,-106.255,106.255,3175,8,314.407,-897.787,1.5,0,0,0,35
17860401,106.499,0,0,-106.499,106.499,3265,18,935.16,287.396,1.5,0,0,0,35
17860403,106.502,0,0,-106.502,106.502,3267,15,581.08,787.547,1.5,0,0,0,35
17860425,106.562,0,0,-106.562,106.562,3289,12,-303.538,-937.574,1.5,0,0,0,35
17860446,106.618,0,0,-106.618,106.618,3310,14,697.332,-705.332,1.5,0,0,0,35
50000878,91.6528,0,0,-91.6528,91.6528,878,0,0,0,35,6,-239.821,103.112,1.5
50001034,95.2033,0,0,-95.2033,95.2033,1034,0,0,0,35,4,278.814,-131.064,1.5
50001076,105.096,0,0,-105.096,105.096,1076,0,0,0,35,7,-14.8918,320.58,1.5
50001144,92.8571,0,0,-92.8571,92.8571,1144,0,0,0,35,19,118.482,320.179,1.5
50001321,100.666,0,0,-100.666,100.666,1321,0,0,0,35,9,-204.206,337.58,1.5
50001341,97.6764,0,0,-97.6764,97.6764,1341,0,0,0,35,1,-22.0711,-400.099,1.5
50001447,94.219,0,0,-94.219,94.219,1447,0,0,0,35,16,116.873,416.495,1.5
50002062,102.505,0,0,-102.505,102.505,2062,0,0,0,35,13,518.276,335.066,1.5
50002134,102.802,0,0,-102.802,102.802,2134,0,0,0,35,2,-617.369,-163.835,1.5
50002153,102.881,0,0,-102.881,102.881,2153,0,0,0,35,20,66.4812,641.154,1.5
50002293,103.429,0,0,-103.429,103.429,2293,0,0,0,35,5,531.109,-435.214,1.5
50002688,104.808,0,0,-104.808,104.808,2688,0,0,0,35,3,599.809,-537.032,1.5
50002841,105.291,0,0,-105.291,105.291,2841,0,0,0,35,17,729.674,438.171,1.5
50002864,105.361,0,0,-105.361,105.361,2864,0,0,0,35,11,-351.539,782.759,1.5
50003159,106.211,0,0,-106.211,106.211,3159,0,0,0,35,10,-942.438,-87.2385,1.5
50003175,106.255,0,0,-106.255,106.255,3175,0,0,0,35,8,314.407,-897.787,1.5
50003265,106.499,0,0,-106.499,106.499,3265,0,0,0,35,18,935.16,287.396,1.5
50003267,106.502,0,0,-106.502,106.502,3267,0,0,0,35,15,581.08,787.547,1.5
50003289,106.562,0,0,-106.562,106.562,3289,0,0,0,35,12,-303.538,-937.574,1.5
50003310,106.618,0,0,-106.618,106.618,3310,0,0,0,35,14,697.332,-705.332,1.5
69788572,105.361,0,0,-105.361,105.361,2864,11,-351.539,782.759,1.5,0,0,0,35
74787155,94.219,0,0,-94.219,94.219,1447,16,116.873,416.495,1.5,0,0,0,35
78788867,106.211,0,0,-106.211,106.211,3159,10,-942.438,-87.2385,1.5,0,0,0,35
84788975,106.502,0,0,-106.502,106.502,3267,15,581.08,787.547,1.5,0,0,0,35
87786784,105.096,0,0,-105.096,105.096,1076,7,-14.8918,320.58,1.5,0,0,0,35
89787049,97.6764,0,0,-97.6764,97.6764,1341,1,-22.0711,-400.099,1.5,0,0,0,35
90788001,103.429,0,0,-103.429,103.429,2293,5,531.109,-435.214,1.5,0,0,0,35
92788997,106.562,0,0,-106.562,106.562,3289,12,-303.538,-937.574,1.5,0,0,0,35
94788883,106.255,0,0,-106.255,106.255,3175,8,314.407,-897.787,1.5,0,0,0,35
96788973,106.499,0,0,-106.499,106.499,3265,18,935.16,287.396,1.5,0,0,0,35
100000878,91.6528,0,0,-91.6528,91.6528,878,0,0,0,35,6,-239.751,102.979,1.5
100001034,95.2033,0,0,-95.2033,95.2033,1034,0,0,0,35,4,278.741,-130.933,1.5
100001076,105.096,0,0,-105.096,105.096,1076,0,0,0,35,7,-14.8078,320.456,1.5
100001144,92.8571,0,0,-92.8571,92.8571,1144,0,0,0,35,19,118.573,320.06,1.5
100001321,100.666,0,0,-100.666,100.666,1321,0,0,0,35,9,-204.274,337.446,1.5
100001341,97.6764,0,0,-97.6764,97.6764,1341,0,0,0,35,1,-22.2173,-400.065,1.5
100001447,94.219,0,0,-94.219,94.219,1447,0,0,0,35,16,116.783,416.375,1.5
100002062,102.503,0,0,-102.503,102.503,2062,0,0,0,35,13,518.13,335.031,1.5
100002134,102.803,0,0,-102.803,102.803,2134,0,0,0,35,2,-617.424,-163.695,1.5
100002153,102.88,0,0,-102.88,102.88,2153,0,0,0,35,20,66.3923,641.034,1.5
100002293,103.427,0,0,-103.427,103.427,2293,0,0,0,35,5,531.011,-435.1,1.5
100002688,104.807,0,0,-104.807,104.807,2688,0,0,0,35,3,599.734,-536.902,1.5
100002841,105.289,0,0,-105.289,105.289,2841,0,0,0,35,17,729.637,438.026,1.5
100002864,105.36,0,0,-105.36,105.36,2864,0,0,0,35,11,-351.516,782.611,1.5
100003159,106.21,0,0,-106.21,106.21,3159,0,0,0,35,10,-942.309,-87.3154,1.5
100003175,106.254,0,0,-106.254,106.254,3175,0,0,0,35,8,314.453,-897.645,1.5
100003265,106.497,0,0,-106.497,106.497,3265,0,0,0,35,18,935.012,287.419,1.5
100003267,106.501,0,0,-106.501,106.501,3267,0,0,0,35,15,580.971,787.444,1.5
100003289,106.561,0,0,-106.561,106.561,3289,0,0,0,35,12,-303.528,-937.425,1.5
100003310,106.616,0,0,-106.616,106.616,3310,0,0,0,35,14,697.226,-705.226,1.5
103786742,95.2033,0,0,-95.2033,95.2033,1034,4,278.741,-130.933,1.5,0,0,0,35
106788549,105.289,0,0,-105.289,105.289,2841,17,729.637,438.026,1.5,0,0,0,35
111787842,102.803,0,0,-102.803,102.803,2134,2,-617.424,-163.695,1.5,0,0,0,35
115787861,102.88,0,0,-102.88,102.88,2153,20,66.3923,641.034,1.5,0,0,0,35
121786586,91.6528,0,0,-91.6528,91.6528,878,6,-239.751,102.979,1.5,0,0,0,35
129786852,92.8571,0,0,-92.8571,92.8571,1144,19,118.573,320.06,1.5,0,0,0,35
130787770,102.503,0,0,-102.503,102.503,2062,13,518.13,335.031,1.5,0,0,0,35
132789018,106.616,0,0,-106.616,106.616,3310,14,697.226,-705.226,1.5,0,0,0,35
141788396,104.807,0,0,-104.807,104.807,2688,3,599.734,-536.902,1.5,0,0,0,35
142787029,100.666,0,0,-100.666,100.666,1321,9,-204.274,337.446,1.5,0,0,0,35
149788572,105.36,0,0,-105.36,105.36,2864,11,-351.516,782.611,1.5,0,0,0,35
150000878,91.6528,0,0,-91.6528,91.6528,878,0,0,0,35,6,-239.751,102.979,1.5
150001034,95.2033,0,0,-95.2033,95.2033,1034,0,0,0,35,4,278.741,-130.933,1.5
150001076,105.096,0,0,-105.096,105.096,1076,0,0,0,35,7,-14.8078,320.456,1.5
150001144,92.8571,0,0,-92.8571,92.8571,1144,0,0,0,35,19,118.573,320.06,1.5
150001321,100.666,0,0,-100.666,100.666,1321,0,0,0,35,9,-204.274,337.446,1.5
150001341,97.6764,0,0,-97.6764,97.6764,1341,0,0,0,35,1,-22.2173,-400.065,1.5
150001447,94.219,0,0,-94.219,94.219,1447,0,0,0,35,16,116.783,416.375,1.5
150002062,102.503,0,0,-102.503,102.503,2062,0,0,0,35,13,518.13,335.031,1.5
150002134,102.803,0,0,-102.803,102.803,2134,0,0,0,35,2,-617.424,-163.695,1.5
150002153,102.88,0,0,-102.88,102.88,2153,0,0,0,35,20,66.3923,641.034,1.5
150002293,103.427,0,0,-103.427,103.427,2293,0,0,0,35,5,531.011,-435.1,1.5
150002688,104.807,0,0,-104.807,104.807,2688,0,0,0,35,3,599.734,-536.902,1.5
150002841,105.289,0,0,-105.289,105.289,2841,0,0,0,35,17,729.637,438.026,1.5
150002864,105.36,0,0,-105.36,105.36,2864,0,0,0,35,11,-351.516,782.611,1.5
150003159,106.21,0,0,-106.21,106.21,3159,0,0,0,35,10,-942.309,-87.3154,1.5
150003175,106.254,0,0,-106.254,106.254,3175,0,0,0,35,8,314.453,-897.645,1.5
150003265,106.497,0,0,-106.497,106.497,3265,0,0,0,35,18,935.012,287.419,1.5
150003267,106.501,0,0,-106.501,106.501,3267,0,0,0,35,15,580.971,787.444,1.5
150003289,106.561,0,0,-106.561,106.561,3289,0,0,0,35,12,-303.528,-937.425,1.5
150003310,106.616,0,0,-106.616,106.616,3310,0,0,0,35,14,697.226,-705.226,1.5
154787155,94.219,0,0,-94.219,94.219,1447,16,116.783,416.375,1.5,0,0,0,35
158788867,106.21,0,0,-106.21,106.21,3159,10,-942.309,-87.3154,1.5,0,0,0,35
164788975,106.501,0,0,-106.501,106.501,3267,15,580.971,787.444,1.5,0,0,0,35
167786784,105.096,0,0,-105.096,105.096,1076,7,-14.8078,320.456,1.5,0,0,0,35
169787049,97.6764,0,0,-97.6764,97.6764,1341,1,-22.2173,-400.065,1.5,0,0,0,35
170788001,103.427,0,0,-103.427,103.427,2293,5,531.011,-435.1,1.5,0,0,0,35
172788997,106.561,0,0,-106.561,106.561,3289,12,-303.528,-937.425,1.5,0,0,0,35
174788883,106.254,0,0,-106.254,106.254,3175,8,314.453,-897.645,1.5,0,0,0,35
176788973,106.497,0,0,-106.497,106.497,3265,18,935.012,287.419,1.5,0,0,0,35
183786742,95.2033,0,0,-95.2033,95.2033,1034,4,278.741,-130.933,1.5,0,0,0,35
186788549,105.289,0,0,-105.289,105.289,2841,17,729.637,438.026,1.5,0,0,0,35
191787842,102.803,0,0,-102.803,102.803,2134,2,-617.424,-163.695,1.5,0,0,0,35
195787861,102.88,0,0,-102.88,102.88,2153,20,66.3923,641.034,1.5,0,0,0,35
200000878,91.6528,0,0,-91.6528,91.6528,878,0,0,0,35,6,-239.681,102.846,1.5
200001034,95.2033,0,0,-95.2033,95.2033,1034,0,0,0,35,4,278.668,-130.802,1.5
200001076,105.096,0,0,-105.096,105.096,1076,0,0,0,35,7,-14.7238,320.331,1.5
200001144,92.8571,0,0,-92.8571,92.8571,1144,0,0,0,35,19,118.664,319.94,1.5
200001321,100.666,0,0,-100.666,100.666,1321,0,0,0,35,9,-204.342,337.312,1.5
200001341,97.6764,0,0,-97.6764,97.6764,1341,0,0,0,35,1,-22.3634,-400.032,1.5
200001447,94.219,0,0,-94.219,94.219,1447,0,0,0,35,16,116.692,416.255,1.5
200002062,102.501,0,0,-102.501,102.501,2062,0,0,0,35,13,517.983,335,1.5
200002134,102.803,0,0,-102.803,102.803,2134,0,0,0,35,2,-617.478,-163.556,1.5
200002153,102.878,0,0,-102.878,102.878,2153,0,0,0,35,20,66.3035,640.913,1.5
200002293,103.425,0,0,-103.425,103.425,2293,0,0,0,35,5,530.914,-434.986,1.5
200002688,104.805,0,0,-104.805,104.805,2688,0,0,0,35,3,599.658,-536.773,1.5
200002841,105.288,0,0,-105.288,105.288,2841,0,0,0,35,17,729.599,437.88,1.5
200002864,105.358,0,0,-105.358,105.358,2864,0,0,0,35,11,-351.5,782.462,1.5
200003159,106.209,0,0,-106.209,106.209,3159,0,0,0,35,10,-942.18,-87.3924,1.5
200003175,106.253,0,0,-106.253,106.253,3175,0,0,0,35,8,314.499,-897.502,1.5
200003265,106.496,0,0,-106.496,106.496,3265,0,0,0,35,18,934.864,287.442,1.5
200003267,106.5,0,0,-106.5,106.5,3267,0,0,0,35,15,580.862,787.341,1.5
200003289,106.559,0,0,-106.559,106.559,3289,0,0,0,35,12,-303.518,-937.275,1.5
200003310,106.615,0,0,-106.615,106.615,3310,0,0,0,35,14,697.12,-705.12,1.5
201786586,91.6528,0,0,-91.6528,91.6528,878,6,-239.681,102.846,1.5,0,0,0,35
209786852,92.8571,0,0,-92.8571,92.8571,1144,19,118.664,319.94,1.5,0,0,0,35
210787770,102.501,0,0,-102.501,102.501,2062,13,517.983,335,1.5,0,0,0,35
212789018,106.615,0,0,-106.615,106.615,3310,14,697.12,-705.12,1.5,0,0,0,35
221788396,104.805,0,0,-104.805,104.805,2688,3,599.658,-536.773,1.5,0,0,0,35
222787029,100.666,0,0,-100.666,100.666,1321,9,-204.342,337.312,1.5,0,0,0,35
229788572,105.358,0,0,-105.358,105.358,2864,11,-351.5,782.462,1.5,0,0,0,35
234787155,94.219,0,0,-94.219,94.219,1447,16,116.692,416.255,1.5,0,0,0,35
238788867,106.209,0,0,-106.209,106.209,3159,10,-942.18,-87.3924,1.5,0,0,0,35
244788975,106.5,0,0,-106.5,106.5,3267,15,580.862,787.341,1.5,0,0,0,35
247786784,105.096,0,0,-105.096,105.096,1076,7,-14.7238,320.331,1.5,0,0,0,35
249787049,97.6764,0,0,-97.6764,97.6764,1341,1,-22.3634,-400.032,1.5,0,0,0,35
250000878,91.6528,0,0,-91.6528,91.6528,878,0,0,0,35,6,-239.681,102.846,1.5
250001034,95.2033,0,0,-95.2033,95.2033,1034,0,0,0,35,4,278.668,-130.802,1.5
250001076,105.096,0,0,-105.096,105.096,1076,0,0,0,35,7,-14.7238,320.331,1.5
250001144,92.8571,0,0,-92.8571,92.8571,1144,0,0,0,35,19,118.664,319.94,1.5
250001321,100.666,0,0,-100.666,100.666,1321,0,0,0,35,9,-204.342,337.312,1.5
250001341,97.6764,0,0,-97.6764,97.6764,1341,0,0,0,35,1,-22.3634,-400.032,1.5
250001447,94.219,0,0,-94.219,94.219,1447,0,0,0,35,16,116.692,416.255,1.5
250002062,102.501,0,0,-102.501,102.501,2062,0,0,0,35,13,517.983,335,1.5
250002134,102.803,0,0,-102.803,102.803,2134,0,0,0,35,2,-617.478,-163.556,1.5
250002153,102.878,0,0,-102.878,102.878,2153,0,0,0,35,20,66.3035,640.913,1.5
250002293,103.425,0,0,-103.425,103.425,2293,0,0,0,35,5,530.914,-434.986,1.5
250002688,104.805,0,0,-104.805,104.805,2688,0,0,0,35,3,599.658,-536.773,1.5
250002841,105.288,0,0,-105.288,105.288,2841,0,0,0,35,17,729.599,437.88,1.5
250002864,105.358,0,0,-105.358,105.358,2864,0,0,0,35,11,-351.5,782.462,1.5
250003159,106.209,0,0,-106.209,106.209,3159,0,0,0,35,10,-942.18,-87.3924,1.5
250003175,106.253,0,0,-106.253,106.253,3175,0,0,0,35,8,314.499,-897.502,1.5
250003265,106.496,0,0,-106.496,106.496,3265,0,0,0,35,18,934.864,287.442,1.5
250003267,106.5,0,0,-106.5,106.5,3267,0,0,0,35,15,580.862,787.341,1.5
250003289,106.559,0,0,-106.559,106.559,3289,0,0,0,35,12,-303.518,-937.275,1.5
250003310,106.615,0,0,-106.615,106.615,3310,0,0,0,35,14,697.12,-705.12,1.5
250788001,103.425,0,0,-103.425,103.425,2293,5,530.914,-434.986,1.5,0,0,0,35
252788997,106.559,0,0,-106.559,106.559,3289,12,-303.518,-937.275,1.5,0,0,0,35
254788883,106.253,0,0,-106.253,106.253,3175,8,314.499,-897.502,1.5,0,0,0,35
256788973,106.496,0,0,-106.496,106.496,3265,18,934.864,287.442,1.5,0,0,0,35
263786742,95.2033,0,0,-95.2033,95.2033,1034,4,278.668,-130.802,1.5,0,0,0,35
266788549,105.288,0,0,-105.288,105.288,2841,17,729.599,437.88,1.5,0,0,0,35
271787842,102.803,0,0,-102.803,102.803,2134,2,-617.478,-163.556,1.5,0,0,0,35
275787861,102.878,0,0,-102.878,102.878,2153,20,66.3035,640.913,1.5,0,0,0,35
281786586,91.6528,0,0,-91.6528,91.6528,878,6,-239.681,102.846,1.5,0,0,0,35
289786852,92.8571,0,0,-92.8571,92.8571,1144,19,118.664,319.94,1.5,0,0,0,35
290787770,102.501,0,0,-102.501,102.501,2062,13,517.983,335,1.5,0,0,0,35
292789018,106.615,0,0,-106.615,106.615,3310,14,697.12,-705.12,1.5,0,0,0,35
300000878,91.6528,0,0,-91.6528,91.6528,878,0,0,0,35,6,-239.612,102.713,1.5
300001034,95.2033,0,0,-95.2033,95.2033,1034,0,0,0,35,4,278.595,-130.671,1.5
300001076,105.096,0,0,-105.096,105.096,1076,0,0,0,35,7,-14.6399,320.207,1.5
300001144,92.8571,0,0,-92.8571,92.8571,1144,0,0,0,35,19,118.755,319.821,1.5
300001321,100.666,0,0,-100.666,100.666,1321,0,0,0,35,9,-204.41,337.178,1.5
300001341,97.6764,0,0,-97.6764,97.6764,1341,0,0,0,35,1,-22.5098,-400,1.5
300001447,94.219,0,0,-94.219,94.219,1447,0,0,0,35,16,116.602,416.135,1.5
300002062,102.499,0,0,-102.499,102.499,2062,0,0,0,35,13,517.833,335,1.5
300002134,102.803,0,0,-102.803,102.803,2134,0,0,0,35,2,-617.5,-163.41,1.5
300002153,102.876,0,0,-102.876,102.876,2153,0,0,0,35,20,66.2146,640.792,1.5
300002293,103.423,0,0,-103.423,103.423,2293,0,0,0,35,5,530.817,-434.871,1.5
300002688,104.804,0,0,-104.804,104.804,2688,0,0,0,35,3,599.583,-536.643,1.5
300002841,105.287,0,0,-105.287,105.287,2841,0,0,0,35,17,729.561,437.735,1.5
300002864,105.357,0,0,-105.357,105.357,2864,0,0,0,35,11,-351.5,782.312,1.5
300003159,106.208,0,0,-106.208,106.208,3159,0,0,0,35,10,-942.051,-87.4694,1.5
300003175,106.252,0,0,-106.252,106.252,3175,0,0,0,35,8,314.5,-897.352,1.5
300003265,106.495,0,0,-106.495,106.495,3265,0,0,0,35,18,934.715,287.466,1.5
300003267,106.498,0,0,-106.498,106.498,3267,0,0,0,35,15,580.753,787.239,1.5
300003289,106.558,0,0,-106.558,106.558,3289,0,0,0,35,12,-303.508,-937.125,1.5
300003310,106.614,0,0,-106.614,106.614,3310,0,0,0,35,14,697.014,-705.014,1.5
301788396,104.804,0,0,-104.804,104.804,2688,3,599.583,-536.643,1.5,0,0,0,35
302787029,100.666,0,0,-100.666,100.666,1321,9,-204.41,337.178,1.5,0,0,0,35
309788572,105.357,0,0,-105.357,105.357,2864,11,-351.5,782.312,1.5,0,0,0,35
314787155,94.219,0,0,-94.219,94.219,1447,16,116.602,416.135,1.5,0,0,0,35
318788867,106.208,0,0,-106.208,106.208,3159,10,-942.051,-87.4694,1.5,0,0,0,35
324788975,106.498,0,0,-106.498,106.498,3267,15,580.753,787.239,1.5,0,0,0,35
327786784,105.096,0,0,-105.096,105.096,1076,7,-14.6399,320.207,1.5,0,0,0,35
329787049,97.6764,0,0,-97.6764,97.6764,1341,1,-22.5098,-400,1.5,0,0,0,35
330788001,103.423,0,0,-103.423,103.423,2293,5,530.817,-434.871,1.5,0,0,0,35
332788997,106.558,0,0,-106.558,106.558,3289,12,-303.508,-937.125,1.5,0,0,0,35
334788883,106.252,0,0,-106.252,106.252,3175,8,314.5,-897.352,1.5,0,0,0,35
336788973,106.495,0,0,-106.495,106.495,3265,18,934.715,287.466,1.5,0,0,0,35
343786742,95.2033,0,0,-95.2033,95.2033,1034,4,278.595,-130.671,1.5,0,0,0,35
346788549,105.287,0,0,-105.287,105.287,2841,17,729.561,437.735,1.5,0,0,0,35
350000878,91.6528,0,0,-91.6528,91.6528,878,0,0,0,35,6,-239.612,102.713,1.5
350001034,95.2033,0,0,-95.2033,95.2033,1034,0,0,0,35,4,278.595,-130.671,1.5
350001076,105.096,0,0,-105.096,105.096,1076,0,0,0,35,7,-14.6399,320.207,1.5
350001144,92.8571,0,0,-92.8571,92.8571,1144,0,0,0,35,19,118.755,319.821,1.5
350001321,100.666,0,0,-100.666,100.666,1321,0,0,0,35,9,-204.41,337.178,1.5
350001341,97.6764,0,0,-97.6764,97.6764,1341,0,0,0,35,1,-22.5098,-400,1.5
350001447,94.219,0,0,-94.219,94.219,1447,0,0,0,35,16,116.602,416.135,1.5
350002062,102.499,0,0,-102.499,102.499,2062,0,0,0,35,13,517.833,335,1.5
350002134,102.803,0,0,-102.803,102.803,2134,0,0,0,35,2,-617.5,-163.41,1.5
350002153,102.876,0,0,-102.876,102.876,2153,0,0,0,35,20,66.2146,640.792,1.5
350002293,103.423,0,0,-103.423,103.423,2293,0,0,0,35,5,530.817,-434.871,1.5
350002688,104.804,0,0,-104.804,104.804,2688,0,0,0,35,3,599.583,-536.643,1.5
350002841,105.287,0,0,-105.287,105.287,2841,0,0,0,35,17,729.561,437.735,1.5
350002864,105.357,0,0,-105.357,105.357,2864,0,0,0,35,11,-351.5,782.312,1.5
350003159,106.208,0,0,-106.208,106.208,3159,0,0,0,35,10,-942.051,-87.4694,1.5
350003175,106.252,0,0,-106.252,106.252,3175,0,0,0,35,8,314.5,-897.352,1.5
350003265,106.495,0,0,-106.495,106.495,3265,0,0,0,35,18,934.715,287.466,1.5
350003267,106.498,0,0,-106.498,106.498,3267,0,0,0,35,15,580.753,787.239,1.5
350003289,106.558,0,0,-106.558,106.558,3289,0,0,0,35,12,-303.508,-937.125,1.5
350003310,106.614,0,0,-106.614,106.614,3310,0,0,0,35,14,697.014,-705.014,1.5
351787842,102.803,0,0,-102.803,102.803,2134,2,-617.5,-163.41,1.5,0,0,0,35
355787861,102.876,0,0,-102.876,102.876,2153,20,66.2146,640.792,1.5,0,0,0,35
361786586,91.6528,0,0,-91.6528,91.6528,878,6,-239.612,102.713,1.5,0,0,0,35
369786852,92.8571,0,0,-92.8571,92.8571,1144,19,118.755,319.821,1.5,0,0,0,35
370787770,102.499,0,0,-102.499,102.499,2062,13,517.833,335,1.5,0,0,0,35
372789018,106.614,0,0,-106.614,106.614,3310,14,697.014,-705.014,1.5,0,0,0,35
381788396,104.804,0,0,-104.804,104.804,2688,3,599.583,-536.643,1.5,0,0,0,35
382787029,100.666,0,0,-100.666,100.666,1321,9,-204.41,337.178,1.5,0,0,0,35
389788572,105.357,0,0,-105.357,105.357,2864,11,-351.5,782.312,1.5,0,0,0,35
394787155,94.219,0,0,-94.219,94.219,1447,16,116.602,416.135,1.5,0,0,0,35
398788867,106.208,0,0,-106.208,106.208,3159,10,-942.051,-87.4694,1.5,0,0,0,35
400000878,91.6528,0,0,-91.6528,91.6528,878,0,0,0,35,6,-239.542,102.58,1.5
400001034,95.2033,0,0,-95.2033,95.2033,1034,0,0,0,35,4,278.522,-130.54,1.5
400001076,105.096,0,0,-105.096,105.096,1076,0,0,0,35,7,-14.5559,320.083,1.5
400001144,92.8571,0,0,-92.8571,92.8571,1144,0,0,0,35,19,118.846,319.702,1.5
400001321,100.666,0,0,-100.666,100.666,1321,0,0,0,35,9,-204.477,337.045,1.5
400001341,97.6764,0,0,-97.6764,97.6764,1341,0,0,0,35,1,-22.6598,-400,1.5
400001447,94.219,0,0,-94.219,94.219,1447,0,0,0,35,16,116.512,416.016,1.5
400002062,102.497,0,0,-102.497,102.497,2062,0,0,0,35,13,517.683,335,1.5
400002134,102.802,0,0,-102.802,102.802,2134,0,0,0,35,2,-617.5,-163.26,1.5
400002153,102.874,0,0,-102.874,102.874,2153,0,0,0,35,20,66.1258,640.671,1.5
400002293,103.421,0,0,-103.421,103.421,2293,0,0,0,35,5,530.719,-434.757,1.5
400002688,104.802,0,0,-104.802,104.802,2688,0,0,0,35,3,599.508,-536.513,1.5
400002841,105.286,0,0,-105.286,105.286,2841,0,0,0,35,17,729.523,437.59,1.5
400002864,105.355,0,0,-105.355,105.355,2864,0,0,0,35,11,-351.5,782.162,1.5
400003159,106.207,0,0,-106.207,106.207,3159,0,0,0,35,10,-941.936,-87.5638,1.5
400003175,106.25,0,0,-106.25,106.25,3175,0,0,0,35,8,314.5,-897.202,1.5
400003265,106.494,0,0,-106.494,106.494,3265,0,0,0,35,18,934.567,287.489,1.5
400003267,106.497,0,0,-106.497,106.497,3267,0,0,0,35,15,580.644,787.136,1.5
400003289,106.557,0,0,-106.557,106.557,3289,0,0,0,35,12,-303.5,-936.976,1.5
400003310,106.613,0,0,-106.613,106.613,3310,0,0,0,35,14,696.908,-704.908,1.5
404788975,106.497,0,0,-106.497,106.497,3267,15,580.644,787.136,1.5,0,0,0,35
407786784,105.096,0,0,-105.096,105.096,1076,7,-14.5559,320.083,1.5,0,0,0,35
409787049,97.6764,0,0,-97.6764,97.6764,1341,1,-22.6598,-400,1.5,0,0,0,35
410788001,103.421,0,0,-103.421,103.421,2293,5,530.719,-434.757,1.5,0,0,0,35
412788997,106.557,0,0,-106.557,106.557,3289,12,-303.5,-936.976,1.5,0,0,0,35
414788883,106.25,0,0,-106.25,106.25,3175,8,314.5,-897.202,1.5,0,0,0,35
416788973,106.494,0,0,-106.494,106.494,3265,18,934.567,287.489,1.5,0,0,0,35
423786742,95.2033,0,0,-95.2033,95.2033,1034,4,278.522,-130.54,1.5,0,0,0,35
426788549,105.286,0,0,-105.286,105.286,2841,17,729.523,437.59,1.5,0,0,0,35
431787842,102.802,0,0,-102.802,102.802,2134,2,-617.5,-163.26,1.5,0,0,0,35
435787861,102.874,0,0,-102.874,102.874,2153,20,66.1258,640.671,1.5,0,0,0,35
441786586,91.6528,0,0,-91.6528,91.6528,878,6,-239.542,102.58,1.5,0,0,0,35
449786852,92.8571,0,0,-92.8571,92.8571,1144,19,118.846,319.702,1.5,0,0,0,35
450000878,91.6528,0,0,-91.6528,91.6528,878,0,0,0,35,6,-239.542,102.58,1.5
450001034,95.2033,0,0,-95.2033,95.2033,1034,0,0,0,35,4,278.522,-130.54,1.5
450001076,105.096,0,0,-105.096,105.096,1076,0,0,0,35,7,-14.5559,320.083,1.5
450001144,92.8571,0,0,-92.8571,92.8571,1144,0,0,0,35,19,118.846,319.702,1.5
450001321,100.666,0,0,-100.666,100.666,1321,0,0,0,35,9,-204.477,337.045,1.5
450001341,97.6764,0,0,-97.6764,97.6764,1341,0,0,0,35,1,-22.6598,-400,1.5
450001447,94.219,0,0,-94.219,94.219,1447,0,0,0,35,16,116.512,416.016,1.5
450002062,102.497,0,0,-102.497,102.497,2062,0,0,0,35,13,517.683,335,1.5
450002134,102.802,0,0,-102.802,102.802,2134,0,0,0,35,2,-617.5,-163.26,1.5
450002153,102.874,0,0,-102.874,102.874,2153,0,0,0,35,20,66.1258,640.671,1.5
450002293,103.421,0,0,-103.421,103.421,2293,0,0,0,35,5,530.719,-434.757,1.5
450002688,104.802,0,0,-104.802,104.802,2688,0,0,0,35,3,599.508,-536.513,1.5
450002841,105.286,0,0,-105.286,105.286,2841,0,0,0,35,17,729.523,437.59,1.5
450002864,105.355,0,0,-105.355,105.355,2864,0,0,0,35,11,-351.5,782.162,1.5
450003159,106.207,0,0,-106.207,106.207,3159,0,0,0,35,10,-941.936,-87.5638,1.5
450003175,106.25,0,0,-106.25,106.25,3175,0,0,0,35,8,314.5,-897.202,1.5
450003265,106.494,0,0,-106.494,106.494,3265,0,0,0,35,18,934.567,287.489,1.5
450003267,106.497,0,0,-106.497,106.497,3267,0,0,0,35,15,580.644,787.136,1.5
450003289,106.557,0,0,-106.557,106.557,3289,0,0,0,35,12,-303.5,-936.976,1.5
450003310,106.613,0,0,-106.613,106.613,3310,0,0,0,35,14,696.908,-704.908,1.5
450787770,102.497,0,0,-102.497,102.497,2062,13,517.683,335,1.5,0,0,0,35
452789018,106.613,0,0,-106.613,106.613,3310,14,696.908,-704.908,1.5,0,0,0,35
461788396,104.802,0,0,-104.802,104.802,2688,3,599.508,-536.513,1.5,0,0,0,35
462787029,100.666,0,0,-100.666,100.666,1321,9,-204.477,337.045,1.5,0,0,0,35
469788572,105.355,0,0,-105.355,105.355,2864,11,-351.5,782.162,1.5,0,0,0,35
474787155,94.219,0,0,-94.219,94.219,1447,16,116.512,416.016,1.5,0,0,0,35
478788867,106.207,0,0,-106.207,106.207,3159,10,-941.936,-87.5638,1.5,0,0,0,35
484788975,106.497,0,0,-106.497,106.497,3267,15,580.644,787.136,1.5,0,0,0,35
487786784,105.096,0,0,-105.096,105.096,1076,7,-14.5559,320.083,1.5,0,0,0,35
489787049,97.6764,0,0,-97.6764,97.6764,1341,1,-22.6598,-400,1.5,0,0,0,35
490788001,103.421,0,0,-103.421,103.421,2293,5,530.719,-434.757,1.5,0,0,0,35
492788997,106.557,0,0,-106.557,106.557,3289,12,-303.5,-936.976,1.5,0,0,0,35
494788883,106.25,0,0,-106.25,106.25,3175,8,314.5,-897.202,1.5,0,0,0,35
496788973,106.494,0,0,-106.494,106.494,3265,18,934.567,287.489,1.5,0,0,0,35
500000878,91.6528,0,0,-91.6528,91.6528,878,0,0,0,35,6,-239.458,102.458,1.5
500001034,95.2033,0,0,-95.2033,95.2033,1034,0,0,0,35,4,278.426,-130.426,1.5
500001076,105.096,0,0,-105.096,105.096,1076,0,0,0,35,7,-14.4645,319.965,1.5
500001144,92.8571,0,0,-92.8571,92.8571,1144,0,0,0,35,19,118.937,319.583,1.5
500001321,100.666,0,0,-100.666,100.666,1321,0,0,0,35,9,-204.571,336.929,1.5
500001341,97.6764,0,0,-97.6764,97.6764,1341,0,0,0,35,1,-22.8098,-400,1.5
500001447,94.219,0,0,-94.219,94.219,1447,0,0,0,35,16,116.408,415.908,1.5
500002062,102.495,0,0,-102.495,102.495,2062,0,0,0,35,13,517.533,335,1.5
500002134,102.802,0,0,-102.802,102.802,2134,0,0,0,35,2,-617.5,-163.11,1.5
500002153,102.873,0,0,-102.873,102.873,2153,0,0,0,35,20,66.0369,640.55,1.5
500002293,103.42,0,0,-103.42,103.42,2293,0,0,0,35,5,530.622,-434.643,1.5
500002688,104.801,0,0,-104.801,104.801,2688,0,0,0,35,3,599.405,-536.405,1.5
500002841,105.285,0,0,-105.285,105.285,2841,0,0,0,35,17,729.5,437.443,1.5
500002864,105.354,0,0,-105.354,105.354,2864,0,0,0,35,11,-351.5,782.012,1.5
500003159,106.206,0,0,-106.206,106.206,3159,0,0,0,35,10,-941.83,-87.6699,1.5
500003175,106.249,0,0,-106.249,106.249,3175,0,0,0,35,8,314.5,-897.052,1.5
500003265,106.493,0,0,-106.493,106.493,3265,0,0,0,35,18,934.418,287.5,1.5
500003267,106.496,0,0,-106.496,106.496,3267,0,0,0,35,15,580.535,787.033,1.5
500003289,106.556,0,0,-106.556,106.556,3289,0,0,0,35,12,-303.5,-936.826,1.5
500003310,106.611,0,0,-106.611,106.611,3310,0,0,0,35,14,696.802,-704.802,1.5
503786742,95.2033,0,0,-95.2033,95.2033,1034,4,278.426,-130.426,1.5,0,0,0,35
506788549,105.285,0,0,-105.285,105.285,2841,17,729.5,437.443,1.5,0,0,0,35
511787842,102.802,0,0,-102.802,102.802,2134,2,-617.5,-163.11,1.5,0,0,0,35
515787861,102.873,0,0,-102.873,102.873,2153,20,66.0369,640.55,1.5,0,0,0,35
521786586,91.6528,0,0,-91.6528,91.6528,878,6,-239.458,102.458,1.5,0,0,0,35
529786852,92.8571,0,0,-92.8571,92.8571,1144,19,118.937,319.583,1.5,0,0,0,35
530787770,102.495,0,0,-102.495,102.495,2062,13,517.533,335,1.5,0,0,0,35
532789018,106.611,0,0,-106.611,106.611,3310,14,696.802,-704.802,1.5,0,0,0,35
541788396,104.801,0,0,-104.801,104.801,2688,3,599.405,-536.405,1.5,0,0,0,35
542787029,100.666,0,0,-100.666,100.666,1321,9,-204.571,336.929,1.5,0,0,0,35
544858477,97.6764,0,0,-97.6764,97.6764,1341,1,-22.8098,-400,1.5,0,0,0,35
549788572,105.354,0,0,-105.354,105.354,2864,11,-351.5,782.012,1.5,0,0,0,35
550000878,91.6528,0,0,-91.6528,91.6528,878,0,0,0,35,6,-239.458,102.458,1.5
550001034,95.2033,0,0,-95.2033,95.2033,1034,0,0,0,35,4,278.426,-130.426,1.5
550001076,105.096,0,0,-105.096,105.096,1076,0,0,0,35,7,-14.4645,319.965,1.5
550001144,92.8571,0,0,-92.8571,92.8571,1144,0,0,0,35,19,118.937,319.583,1.5
550001321,100.666,0,0,-100.666,100.666,1321,0,0,0,35,9,-204.571,336.929,1.5
550001341,97.6764,0,0,-97.6764,97.6764,1341,0,0,0,35,1,-22.8098,-400,1.5
550001447,94.219,0,0,-94.219,94.219,1447,0,0,0,35,16,116.408,415.908,1.5
550002062,102.495,0,0,-102.495,102.495,2062,0,0,0,35,13,517.533,335,1.5
550002134,102.802,0,0,-102.802,102.802,2134,0,0,0,35,2,-617.5,-163.11,1.5
550002153,102.873,0,0,-102.873,102.873,2153,0,0,0,35,20,66.0369,640.55,1.5
550002293,103.42,0,0,-103.42,103.42,2293,0,0,0,35,5,530.622,-434.643,1.5
550002688,104.801,0,0,-104.801,104.801,2688,0,0,0,35,3,599.405,-536.405,1.5
550002841,105.285,0,0,-105.285,105.285,2841,0,0,0,35,17,729.5,437.443,1.5
550002864,105.354,0,0,-105.354,105.354,2864,0,0,0,35,11,-351.5,782.012,1.5
550003159,106.206,0,0,-106.206,106.206,3159,0,0,0,35,10,-941.83,-87.6699,1.5
550003175,106.249,0,0,-106.249,106.249,3175,0,0,0,35,8,314.5,-897.052,1.5
550003265,106.493,0,0,-106.493,106.493,3265,0,0,0,35,18,934.418,287.5,1.5
550003267,106.496,0,0,-106.496,106.496,3267,0,0,0,35,15,580.535,787.033,1.5
550003289,106.556,0,0,-106.556,106.556,3289,0,0,0,35,12,-303.5,-936.826,1.5
550003310,106.611,0,0,-106.611,106.611,3310,0,0,0,35,14,696.802,-704.802,1.5
554787155,94.219,0,0,-94.219,94.219,1447,16,116.408,415.908,1.5,0,0,0,35
558788867,106.206,0,0,-106.206,106.206,3159,10,-941.83,-87.6699,1.5,0,0,0,35
562573559,102.802,0,0,-102.802,102.802,2134,2,-617.5,-163.11,1.5,0,0,0,35
564788975,106.496,0,0,-106.496,106.496,3267,15,580.535,787.033,1.5,0,0,0,35
567786784,105.096,0,0,-105.096,105.096,1076,7,-14.4645,319.965,1.5,0,0,0,35
570788001,103.42,0,0,-103.42,103.42,2293,5,530.622,-434.643,1.5,0,0,0,35
572788997,106.556,0,0,-106.556,106.556,3289,12,-303.5,-936.826,1.5,0,0,0,35
574788883,106.249,0,0,-106.249,106.249,3175,8,314.5,-897.052,1.5,0,0,0,35
576788973,106.493,0,0,-106.493,106.493,3265,18,934.418,287.5,1.5,0,0,0,35
579858170,95.2033,0,0,-95.2033,95.2033,1034,4,278.426,-130.426,1.5,0,0,0,35
586788549,105.285,0,0,-105.285,105.285,2841,17,729.5,437.443,1.5,0,0,0,35
591859824,104.801,0,0,-104.801,104.801,2688,3,599.405,-536.405,1.5,0,0,0,35
594858477,97.6764,0,0,-97.6764,97.6764,1341,1,-22.8098,-400,1.5,0,0,0,35
595787861,102.873,0,0,-102.873,102.873,2153,20,66.0369,640.55,1.5,0,0,0,35
600000878,91.6528,0,0,-91.6528,91.6528,878,0,0,0,35,6,-239.352,102.352,1.5
600001034,95.2033,0,0,-95.2033,95.2033,1034,0,0,0,35,4,278.32,-130.32,1.5
600001076,105.096,0,0,-105.096,105.096,1076,0,0,0,35,7,-14.3584,319.858,1.5
600001144,92.8571,0,0,-92.8571,92.8571,1144,0,0,0,35,19,119.032,319.468,1.5
600001321,100.666,0,0,-100.666,100.666,1321,0,0,0,35,9,-204.677,336.823,1.5
600001341,97.6764,0,0,-97.6764,97.6764,1341,0,0,0,35,1,-22.9598,-400,1.5
600001447,94.219,0,0,-94.219,94.219,1447,0,0,0,35,16,116.302,415.802,1.5
600002062,102.494,0,0,-102.494,102.494,2062,0,0,0,35,13,517.383,335,1.5
600002134,102.801,0,0,-102.801,102.801,2134,0,0,0,35,2,-617.5,-162.96,1.5
600002153,102.871,0,0,-102.871,102.871,2153,0,0,0,35,20,65.938,640.438,1.5
600002293,103.418,0,0,-103.418,103.418,2293,0,0,0,35,5,530.525,-434.529,1.5
600002688,104.799,0,0,-104.799,104.799,2688,0,0,0,35,3,599.299,-536.299,1.5
600002841,105.284,0,0,-105.284,105.284,2841,0,0,0,35,17,729.5,437.293,1.5
600002864,105.353,0,0,-105.353,105.353,2864,0,0,0,35,11,-351.5,781.862,1.5
600003159,106.205,0,0,-106.205,106.205,3159,0,0,0,35,10,-941.724,-87.776,1.5
600003175,106.248,0,0,-106.248,106.248,3175,0,0,0,35,8,314.5,-896.902,1.5
600003265,106.491,0,0,-106.491,106.491,3265,0,0,0,35,18,934.268,287.5,1.5
600003267,106.494,0,0,-106.494,106.494,3267,0,0,0,35,15,580.428,786.928,1.5
600003289,106.554,0,0,-106.554,106.554,3289,0,0,0,35,12,-303.5,-936.676,1.5
600003310,106.61,0,0,-106.61,106.61,3310,0,0,0,35,14,696.696,-704.696,1.5
601786586,91.6528,0,0,-91.6528,91.6528,878,6,-239.352,102.352,1.5,0,0,0,35
609786852,92.8571,0,0,-92.8571,92.8571,1144,19,119.032,319.468,1.5,0,0,0,35
610787770,102.494,0,0,-102.494,102.494,2062,13,517.383,335,1.5,0,0,0,35
612789018,106.61,0,0,-106.61,106.61,3310,14,696.696,-704.696,1.5,0,0,0,35
612859270,102.801,0,0,-102.801,102.801,2134,2,-617.5,-162.96,1.5,0,0,0,35
620788002,103.418,0,0,-103.418,103.418,2293,5,530.525,-434.529,1.5,0,0,0,35
622787029,100.666,0,0,-100.666,100.666,1321,9,-204.677,336.823,1.5,0,0,0,35
629788572,105.353,0,0,-105.353,105.353,2864,11,-351.5,781.862,1.5,0,0,0,35
629858170,95.2033,0,0,-95.2033,95.2033,1034,4,278.32,-130.32,1.5,0,0,0,35
634787155,94.219,0,0,-94.219,94.219,1447,16,116.302,415.802,1.5,0,0,0,35
638788867,106.205,0,0,-106.205,106.205,3159,10,-941.724,-87.776,1.5,0,0,0,35
641859824,104.799,0,0,-104.799,104.799,2688,3,599.299,-536.299,1.5,0,0,0,35
642858212,105.096,0,0,-105.096,105.096,1076,7,-14.3584,319.858,1.5,0,0,0,35
644788975,106.494,0,0,-106.494,106.494,3267,15,580.428,786.928,1.5,0,0,0,35
649787049,97.6764,0,0,-97.6764,97.6764,1341,1,-22.9598,-400,1.5,0,0,0,35
650000878,91.6528,0,0,-91.6528,91.6528,878,0,0,0,35,6,-239.352,102.352,1.5
650001034,95.2033,0,0,-95.2033,95.2033,1034,0,0,0,35,4,278.32,-130.32,1.5
650001076,105.096,0,0,-105.096,105.096,1076,0,0,0,35,7,-14.3584,319.858,1.5
650001144,92.8571,0,0,-92.8571,92.8571,1144,0,0,0,35,19,119.032,319.468,1.5
650001321,100.666,0,0,-100.666,100.666,1321,0,0,0,35,9,-204.677,336.823,1.5
650001341,97.6764,0,0,-97.6764,97.6764,1341,0,0,0,35,1,-22.9598,-400,1.5
650001447,94.219,0,0,-94.219,94.219,1447,0,0,0,35,16,116.302,415.802,1.5
650002062,102.494,0,0,-102.494,102.494,2062,0,0,0,35,13,517.383,335,1.5
650002134,102.801,0,0,-102.801,102.801,2134,0,0,0,35,2,-617.5,-162.96,1.5
650002153,102.871,0,0,-102.871,102.871,2153,0,0,0,35,20,65.938,640.438,1.5
650002293,103.418,0,0,-103.418,103.418,2293,0,0,0,35,5,530.525,-434.529,1.5
650002688,104.799,0,0,-104.799,104.799,2688,0,0,0,35,3,599.299,-536.299,1.5
650002841,105.284,0,0,-105.284,105.284,2841,0,0,0,35,17,729.5,437.293,1.5
650002864,105.353,0,0,-105.353,105.353,2864,0,0,0,35,11,-351.5,781.862,1.5
650003159,106.205,0,0,-106.205,106.205,3159,0,0,0,35,10,-941.724,-87.776,1.5
650003175,106.248,0,0,-106.248,106.248,3175,0,0,0,35,8,314.5,-896.902,1.5
650003265,106.491,0,0,-106.491,106.491,3265,0,0,0,35,18,934.268,287.5,1.5
650003267,106.494,0,0,-106.494,106.494,3267,0,0,0,35,15,580.428,786.928,1.5
650003289,106.554,0,0,-106.554,106.554,3289,0,0,0,35,12,-303.5,-936.676,1.5
650003310,106.61,0,0,-106.61,106.61,3310,0,0,0,35,14,696.696,-704.696,1.5
651858014,91.6528,0,0,-91.6528,91.6528,878,6,-239.352,102.352,1.5,0,0,0,35
652788997,106.554,0,0,-106.554,106.554,3289,12,-303.5,-936.676,1.5,0,0,0,35
654788883,106.248,0,0,-106.248,106.248,3175,8,314.5,-896.902,1.5,0,0,0,35
656788973,106.491,0,0,-106.491,106.491,3265,18,934.268,287.5,1.5,0,0,0,35
666788549,105.284,0,0,-105.284,105.284,2841,17,729.5,437.293,1.5,0,0,0,35
671502290,103.418,0,0,-103.418,103.418,2293,5,530.525,-434.529,1.5,0,0,0,35
671787842,102.801,0,0,-102.801,102.801,2134,2,-617.5,-162.96,1.5,0,0,0,35
675787861,102.871,0,0,-102.871,102.871,2153,20,65.938,640.438,1.5,0,0,0,35
679858170,95.2033,0,0,-95.2033,95.2033,1034,4,278.32,-130.32,1.5,0,0,0,35
684858457,100.666,0,0,-100.666,100.666,1321,9,-204.677,336.823,1.5,0,0,0,35
689786852,92.8571,0,0,-92.8571,92.8571,1144,19,119.032,319.468,1.5,0,0,0,35
690787770,102.494,0,0,-102.494,102.494,2062,13,517.383,335,1.5,0,0,0,35
692789018,106.61,0,0,-106.61,106.61,3310,14,696.696,-704.696,1.5,0,0,0,35
692858212,105.096,0,0,-105.096,105.096,1076,7,-14.3584,319.858,1.5,0,0,0,35
693859824,104.799,0,0,-104.799,104.799,2688,3,599.299,-536.299,1.5,0,0,0,35
699858477,97.6764,0,0,-97.6764,97.6764,1341,1,-22.9598,-400,1.5,0,0,0,35
700000878,91.6528,0,0,-91.6528,91.6528,878,0,0,0,35,6,-239.246,102.246,1.5
700001034,95.2033,0,0,-95.2033,95.2033,1034,0,0,0,35,4,278.214,-130.214,1.5
700001076,105.096,0,0,-105.096,105.096,1076,0,0,0,35,7,-14.2524,319.752,1.5
700001144,92.8571,0,0,-92.8571,92.8571,1144,0,0,0,35,19,119.138,319.362,1.5
700001321,100.666,0,0,-100.666,100.666,1321,0,0,0,35,9,-204.783,336.717,1.5
700001341,97.6764,0,0,-97.6764,97.6764,1341,0,0,0,35,1,-23.1098,-400,1.5
700001447,94.219,0,0,-94.219,94.219,1447,0,0,0,35,16,116.196,415.696,1.5
700002062,102.492,0,0,-102.492,102.492,2062,0,0,0,35,13,517.233,335,1.5
700002134,102.8,0,0,-102.8,102.8,2134,0,0,0,35,2,-617.5,-162.81,1.5
700002153,102.869,0,0,-102.869,102.869,2153,0,0,0,35,20,65.8319,640.332,1.5
700002293,103.416,0,0,-103.416,103.416,2293,0,0,0,35,5,530.421,-434.421,1.5
700002688,104.797,0,0,-104.797,104.797,2688,0,0,0,35,3,599.193,-536.193,1.5
700002841,105.284,0,0,-105.284,105.284,2841,0,0,0,35,17,729.5,437.143,1.5
700002864,105.351,0,0,-105.351,105.351,2864,0,0,0,35,11,-351.5,781.712,1.5
700003159,106.205,0,0,-106.205,106.205,3159,0,0,0,35,10,-941.618,-87.882,1.5
700003175,106.247,0,0,-106.247,106.247,3175,0,0,0,35,8,314.5,-896.752,1.5
700003265,106.49,0,0,-106.49,106.49,3265,0,0,0,35,18,934.118,287.5,1.5
700003267,106.493,0,0,-106.493,106.493,3267,0,0,0,35,15,580.322,786.822,1.5
700003289,106.553,0,0,-106.553,106.553,3289,0,0,0,35,12,-303.5,-936.526,1.5
700003310,106.609,0,0,-106.609,106.609,3310,0,0,0,35,14,696.59,-704.59,1.5
701858014,91.6528,0,0,-91.6528,91.6528,878,6,-239.246,102.246,1.5,0,0,0,35
705860295,106.205,0,0,-106.205,106.205,3159,10,-941.618,-87.882,1.5,0,0,0,35
709788572,105.351,0,0,-105.351,105.351,2864,11,-351.5,781.712,1.5,0,0,0,35
714787155,94.219,0,0,-94.219,94.219,1447,16,116.196,415.696,1.5,0,0,0,35
718860311,106.247,0,0,-106.247,106.247,3175,8,314.5,-896.752,1.5,0,0,0,35
721859270,102.8,0,0,-102.8,102.8,2134,2,-617.5,-162.81,1.5,0,0,0,35
721859429,103.416,0,0,-103.416,103.416,2293,5,530.421,-434.421,1.5,0,0,0,35
724788975,106.493,0,0,-106.493,106.493,3267,15,580.322,786.822,1.5,0,0,0,35
732788997,106.553,0,0,-106.553,106.553,3289,12,-303.5,-936.526,1.5,0,0,0,35
732858170,95.2033,0,0,-95.2033,95.2033,1034,4,278.214,-130.214,1.5,0,0,0,35
734858457,100.666,0,0,-100.666,100.666,1321,9,-204.783,336.717,1.5,0,0,0,35
736788973,106.49,0,0,-106.49,106.49,3265,18,934.118,287.5,1.5,0,0,0,35
742858212,105.096,0,0,-105.096,105.096,1076,7,-14.2524,319.752,1.5,0,0,0,35
743859824,104.797,0,0,-104.797,104.797,2688,3,599.193,-536.193,1.5,0,0,0,35
746788549,105.284,0,0,-105.284,105.284,2841,17,729.5,437.143,1.5,0,0,0,35
750000878,91.6528,0,0,-91.6528,91.6528,878,0,0,0,35,6,-239.246,102.246,1.5
750001034,95.2033,0,0,-95.2033,95.2033,1034,0,0,0,35,4,278.214,-130.214,1.5
750001076,105.096,0,0,-105.096,105.096,1076,0,0,0,35,7,-14.2524,319.752,1.5
750001144,92.8571,0,0,-92.8571,92.8571,1144,0,0,0,35,19,119.138,319.362,1.5
750001321,100.666,0,0,-100.666,100.666,1321,0,0,0,35,9,-204.783,336.717,1.5
750001341,97.6764,0,0,-97.6764,97.6764,1341,0,0,0,35,1,-23.1098,-400,1.5
750001447,94.219,0,0,-94.219,94.219,1447,0,0,0,35,16,116.196,415.696,1.5
750002062,102.492,0,0,-102.492,102.492,2062,0,0,0,35,13,517.233,335,1.5
750002134,102.8,0,0,-102.8,102.8,2134,0,0,0,35,2,-617.5,-162.81,1.5
750002153,102.869,0,0,-102.869,102.869,2153,0,0,0,35,20,65.8319,640.332,1.5
750002293,103.416,0,0,-103.416,103.416,2293,0,0,0,35,5,530.421,-434.421,1.5
750002688,104.797,0,0,-104.797,104.797,2688,0,0,0,35,3,599.193,-536.193,1.5
750002841,105.284,0,0,-105.284,105.284,2841,0,0,0,35,17,729.5,437.143,1.5
750002864,105.351,0,0,-105.351,105.351,2864,0,0,0,35,11,-351.5,781.712,1.5
750003159,106.205,0,0,-106.205,106.205,3159,0,0,0,35,10,-941.618,-87.882,1.5
750003175,106.247,0,0,-106.247,106.247,3175,0,0,0,35,8,314.5,-896.752,1.5
750003265,106.49,0,0,-106.49,106.49,3265,0,0,0,35,18,934.118,287.5,1.5
750003267,106.493,0,0,-106.493,106.493,3267,0,0,0,35,15,580.322,786.822,1.5
750003289,106.553,0,0,-106.553,106.553,3289,0,0,0,35,12,-303.5,-936.526,1.5
750003310,106.609,0,0,-106.609,106.609,3310,0,0,0,35,14,696.59,-704.59,1.5
751858014,91.6528,0,0,-91.6528,91.6528,878,6,-239.246,102.246,1.5,0,0,0,35
755787861,102.869,0,0,-102.869,102.869,2153,20,65.8319,640.332,1.5,0,0,0,35
756858477,97.6764,0,0,-97.6764,97.6764,1341,1,-23.1098,-400,1.5,0,0,0,35
756860295,106.205,0,0,-106.205,106.205,3159,10,-941.618,-87.882,1.5,0,0,0,35
760860000,105.351,0,0,-105.351,105.351,2864,11,-351.5,781.712,1.5,0,0,0,35
768860311,106.247,0,0,-106.247,106.247,3175,8,314.5,-896.752,1.5,0,0,0,35
769786852,92.8571,0,0,-92.8571,92.8571,1144,19,119.138,319.362,1.5,0,0,0,35
769859198,102.492,0,0,-102.492,102.492,2062,13,517.233,335,1.5,0,0,0,35
772789018,106.609,0,0,-106.609,106.609,3310,14,696.59,-704.59,1.5,0,0,0,35
772859270,102.8,0,0,-102.8,102.8,2134,2,-617.5,-162.81,1.5,0,0,0,35
773788002,103.416,0,0,-103.416,103.416,2293,5,530.421,-434.421,1.5,0,0,0,35
782858170,95.2033,0,0,-95.2033,95.2033,1034,4,278.214,-130.214,1.5,0,0,0,35
782860425,106.553,0,0,-106.553,106.553,3289,12,-303.5,-936.526,1.5,0,0,0,35
784858457,100.666,0,0,-100.666,100.666,1321,9,-204.783,336.717,1.5,0,0,0,35
794787155,94.219,0,0,-94.219,94.219,1447,16,116.196,415.696,1.5,0,0,0,35
794858212,105.096,0,0,-105.096,105.096,1076,7,-14.2524,319.752,1.5,0,0,0,35
794859824,104.797,0,0,-104.797,104.797,2688,3,599.193,-536.193,1.5,0,0,0,35
800000878,91.6528,0,0,-91.6528,91.6528,878,0,0,0,35,6,-239.14,102.14,1.5
800001034,95.2033,0,0,-95.2033,95.2033,1034,0,0,0,35,4,278.108,-130.108,1.5
800001076,105.096,0,0,-105.096,105.096,1076,0,0,0,35,7,-14.1463,319.646,1.5
800001144,92.8571,0,0,-92.8571,92.8571,1144,0,0,0,35,19,119.245,319.255,1.5
800001321,100.666,0,0,-100.666,100.666,1321,0,0,0,35,9,-204.889,336.611,1.5
800001341,97.6764,0,0,-97.6764,97.6764,1341,0,0,0,35,1,-23.2598,-400,1.5
800001447,94.219,0,0,-94.219,94.219,1447,0,0,0,35,16,116.09,415.59,1.5
800002062,102.49,0,0,-102.49,102.49,2062,0,0,0,35,13,517.083,335,1.5
800002134,102.8,0,0,-102.8,102.8,2134,0,0,0,35,2,-617.5,-162.66,1.5
800002153,102.868,0,0,-102.868,102.868,2153,0,0,0,35,20,65.7259,640.226,1.5
800002293,103.414,0,0,-103.414,103.414,2293,0,0,0,35,5,530.315,-434.315,1.5
800002688,104.796,0,0,-104.796,104.796,2688,0,0,0,35,3,599.087,-536.087,1.5
800002841,105.283,0,0,-105.283,105.283,2841,0,0,0,35,17,729.5,436.993,1.5
800002864,105.35,0,0,-105.35,105.35,2864,0,0,0,35,11,-351.5,781.562,1.5
800003159,106.204,0,0,-106.204,106.204,3159,0,0,0,35,10,-941.512,-87.9881,1.5
800003175,106.245,0,0,-106.245,106.245,3175,0,0,0,35,8,314.5,-896.602,1.5
800003265,106.489,0,0,-106.489,106.489,3265,0,0,0,35,18,933.968,287.5,1.5
800003267,106.492,0,0,-106.492,106.492,3267,0,0,0,35,15,580.216,786.716,1.5
800003289,106.552,0,0,-106.552,106.552,3289,0,0,0,35,12,-303.5,-936.376,1.5
800003310,106.607,0,0,-106.607,106.607,3310,0,0,0,35,14,696.484,-704.484,1.5
801858014,91.6528,0,0,-91.6528,91.6528,878,6,-239.14,102.14,1.5,0,0,0,35
804788975,106.492,0,0,-106.492,106.492,3267,15,580.216,786.716,1.5,0,0,0,35
806858477,97.6764,0,0,-97.6764,97.6764,1341,1,-23.2598,-400,1.5,0,0,0,35
806860295,106.204,0,0,-106.204,106.204,3159,10,-941.512,-87.9881,1.5,0,0,0,35
816788973,106.489,0,0,-106.489,106.489,3265,18,933.968,287.5,1.5,0,0,0,35
817860000,105.35,0,0,-105.35,105.35,2864,11,-351.5,781.562,1.5,0,0,0,35
818860311,106.245,0,0,-106.245,106.245,3175,8,314.5,-896.602,1.5,0,0,0,35
819859198,102.49,0,0,-102.49,102.49,2062,13,517.083,335,1.5,0,0,0,35
822859270,102.8,0,0,-102.8,102.8,2134,2,-617.5,-162.66,1.5,0,0,0,35
822860446,106.607,0,0,-106.607,106.607,3310,14,696.484,-704.484,1.5,0,0,0,35
823859429,103.414,0,0,-103.414,103.414,2293,5,530.315,-434.315,1.5,0,0,0,35
826788549,105.283,0,0,-105.283,105.283,2841,17,729.5,436.993,1.5,0,0,0,35
835787861,102.868,0,0,-102.868,102.868,2153,20,65.7259,640.226,1.5,0,0,0,35
840860425,106.552,0,0,-106.552,106.552,3289,12,-303.5,-936.376,1.5,0,0,0,35
841858170,95.2033,0,0,-95.2033,95.2033,1034,4,278.108,-130.108,1.5,0,0,0,35
843858457,100.666,0,0,-100.666,100.666,1321,9,-204.889,336.611,1.5,0,0,0,35
844858583,94.219,0,0,-94.219,94.219,1447,16,116.09,415.59,1.5,0,0,0,35
844859824,104.796,0,0,-104.796,104.796,2688,3,599.087,-536.087,1.5,0,0,0,35
845858212,105.096,0,0,-105.096,105.096,1076,7,-14.1463,319.646,1.5,0,0,0,35
849786852,92.8571,0,0,-92.8571,92.8571,1144,19,119.245,319.255,1.5,0,0,0,35
850000878,91.6528,0,0,-91.6528,91.6528,878,0,0,0,35,6,-239.14,102.14,1.5
850001034,95.2033,0,0,-95.2033,95.2033,1034,0,0,0,35,4,278.108,-130.108,1.5
850001076,105.096,0,0,-105.096,105.096,1076,0,0,0,35,7,-14.1463,319.646,1.5
850001144,92.8571,0,0,-92.8571,92.8571,1144,0,0,0,35,19,119.245,319.255,1.5
850001321,100.666,0,0,-100.666,100.666,1321,0,0,0,35,9,-204.889,336.611,1.5
850001341,97.6764,0,0,-97.6764,97.6764,1341,0,0,0,35,1,-23.2598,-400,1.5
850001447,94.219,0,0,-94.219,94.219,1447,0,0,0,35,16,116.09,415.59,1.5
850002062,102.49,0,0,-102.49,102.49,2062,0,0,0,35,13,517.083,335,1.5
850002134,102.8,0,0,-102.8,102.8,2134,0,0,0,35,2,-617.5,-162.66,1.5
850002153,102.868,0,0,-102.868,102.868,2153,0,0,0,35,20,65.7259,640.226,1.5
850002293,103.414,0,0,-103.414,103.414,2293,0,0,0,35,5,530.315,-434.315,1.5
850002688,104.796,0,0,-104.796,104.796,2688,0,0,0,35,3,599.087,-536.087,1.5
850002841,105.283,0,0,-105.283,105.283,2841,0,0,0,35,17,729.5,436.993,1.5
850002864,105.35,0,0,-105.35,105.35,2864,0,0,0,35,11,-351.5,781.562,1.5
850003159,106.204,0,0,-106.204,106.204,3159,0,0,0,35,10,-941.512,-87.9881,1.5
850003175,106.245,0,0,-106.245,106.245,3175,0,0,0,35,8,314.5,-896.602,1.5
850003265,106.489,0,0,-106.489,106.489,3265,0,0,0,35,18,933.968,287.5,1.5
850003267,106.492,0,0,-106.492,106.492,3267,0,0,0,35,15,580.216,786.716,1.5
850003289,106.552,0,0,-106.552,106.552,3289,0,0,0,35,12,-303.5,-936.376,1.5
850003310,106.607,0,0,-106.607,106.607,3310,0,0,0,35,14,696.484,-704.484,1.5
858146124,106.492,0,0,-106.492,106.492,3267,15,580.216,786.716,1.5,0,0,0,35
862858014,91.6528,0,0,-91.6528,91.6528,878,6,-239.14,102.14,1.5,0,0,0,35
862860295,106.204,0,0,-106.204,106.204,3159,10,-941.512,-87.9881,1.5,0,0,0,35
863858477,97.6764,0,0,-97.6764,97.6764,1341,1,-23.2598,-400,1.5,0,0,0,35
867860000,105.35,0,0,-105.35,105.35,2864,11,-351.5,781.562,1.5,0,0,0,35
868860311,106.245,0,0,-106.245,106.245,3175,8,314.5,-896.602,1.5,0,0,0,35
869859198,102.49,0,0,-102.49,102.49,2062,13,517.083,335,1.5,0,0,0,35
877074270,105.283,0,0,-105.283,105.283,2841,17,729.5,436.993,1.5,0,0,0,35
884860401,106.489,0,0,-106.489,106.489,3265,18,933.968,287.5,1.5,0,0,0,35
890788001,103.414,0,0,-103.414,103.414,2293,5,530.315,-434.315,1.5,0,0,0,35
892788997,106.552,0,0,-106.552,106.552,3289,12,-303.5,-936.376,1.5,0,0,0,35
900000878,91.6528,0,0,-91.6528,91.6528,878,0,0,0,35,6,-239.034,102.034,1.5
900001034,95.2033,0,0,-95.2033,95.2033,1034,0,0,0,35,4,278.002,-130.002,1.5
900001076,105.096,0,0,-105.096,105.096,1076,0,0,0,35,7,-14.0402,319.54,1.5
900001144,92.8571,0,0,-92.8571,92.8571,1144,0,0,0,35,19,119.351,319.149,1.5
900001321,100.666,0,0,-100.666,100.666,1321,0,0,0,35,9,-204.995,336.505,1.5
900001341,97.6764,0,0,-97.6764,97.6764,1341,0,0,0,35,1,-23.4098,-400,1.5
900001447,94.219,0,0,-94.219,94.219,1447,0,0,0,35,16,115.983,415.483,1.5
900002062,102.488,0,0,-102.488,102.488,2062,0,0,0,35,13,516.933,335,1.5
900002134,102.799,0,0,-102.799,102.799,2134,0,0,0,35,2,-617.5,-162.51,1.5
900002153,102.866,0,0,-102.866,102.866,2153,0,0,0,35,20,65.6198,640.12,1.5
900002293,103.412,0,0,-103.412,103.412,2293,0,0,0,35,5,530.209,-434.209,1.5
900002688,104.794,0,0,-104.794,104.794,2688,0,0,0,35,3,598.981,-535.981,1.5
900002841,105.282,0,0,-105.282,105.282,2841,0,0,0,35,17,729.5,436.843,1.5
900002864,105.348,0,0,-105.348,105.348,2864,0,0,0,35,11,-351.5,781.412,1.5
900003159,106.203,0,0,-106.203,106.203,3159,0,0,0,35,10,-941.406,-88.0942,1.5
900003175,106.244,0,0,-106.244,106.244,3175,0,0,0,35,8,314.5,-896.452,1.5
900003265,106.488,0,0,-106.488,106.488,3265,0,0,0,35,18,933.818,287.5,1.5
900003267,106.49,0,0,-106.49,106.49,3267,0,0,0,35,15,580.109,786.609,1.5
900003289,106.551,0,0,-106.551,106.551,3289,0,0,0,35,12,-303.5,-936.226,1.5
900003310,106.606,0,0,-106.606,106.606,3310,0,0,0,35,14,696.377,-704.377,1.5
903786742,95.2033,0,0,-95.2033,95.2033,1034,4,278.002,-130.002,1.5,0,0,0,35
905858280,92.8571,0,0,-92.8571,92.8571,1144,19,119.351,319.149,1.5,0,0,0,35
911787842,102.799,0,0,-102.799,102.799,2134,2,-617.5,-162.51,1.5,0,0,0,35
915787861,102.866,0,0,-102.866,102.866,2153,20,65.6198,640.12,1.5,0,0,0,35
921786586,91.6528,0,0,-91.6528,91.6528,878,6,-239.034,102.034,1.5,0,0,0,35
929074270,105.282,0,0,-105.282,105.282,2841,17,729.5,436.843,1.5,0,0,0,35
930787770,102.488,0,0,-102.488,102.488,2062,13,516.933,335,1.5,0,0,0,35
932789018,106.606,0,0,-106.606,106.606,3310,14,696.377,-704.377,1.5,0,0,0,35
941788396,104.794,0,0,-104.794,104.794,2688,3,598.981,-535.981,1.5,0,0,0,35
942787029,100.666,0,0,-100.666,100.666,1321,9,-204.995,336.505,1.5,0,0,0,35
949788572,105.348,0,0,-105.348,105.348,2864,11,-351.5,781.412,1.5,0,0,0,35
950000878,91.6528,0,0,-91.6528,91.6528,878,0,0,0,35,6,-239.034,102.034,1.5
950001034,95.2033,0,0,-95.2033,95.2033,1034,0,0,0,35,4,278.002,-130.002,1.5
950001076,105.096,0,0,-105.096,105.096,1076,0,0,0,35,7,-14.0402,319.54,1.5
950001144,92.8571,0,0,-92.8571,92.8571,1144,0,0,0,35,19,119.351,319.149,1.5
950001321,100.666,0,0,-100.666,100.666,1321,0,0,0,35,9,-204.995,336.505,1.5
950001341,97.6764,0,0,-97.6764,97.6764,1341,0,0,0,35,1,-23.4098,-400,1.5
950001447,94.219,0,0,-94.219,94.219,1447,0,0,0,35,16,115.983,415.483,1.5
950002062,102.488,0,0,-102.488,102.488,2062,0,0,0,35,13,516.933,335,1.5
950002134,102.799,0,0,-102.799,102.799,2134,0,0,0,35,2,-617.5,-162.51,1.5
950002153,102.866,0,0,-102.866,102.866,2153,0,0,0,35,20,65.6198,640.12,1.5
950002293,103.412,0,0,-103.412,103.412,2293,0,0,0,35,5,530.209,-434.209,1.5
950002688,104.794,0,0,-104.794,104.794,2688,0,0,0,35,3,598.981,-535.981,1.5
950002841,105.282,0,0,-105.282,105.282,2841,0,0,0,35,17,729.5,436.843,1.5
950002864,105.348,0,0,-105.348,105.348,2864,0,0,0,35,11,-351.5,781.412,1.5
950003159,106.203,0,0,-106.203,106.203,3159,0,0,0,35,10,-941.406,-88.0942,1.5
950003175,106.244,0,0,-106.244,106.244,3175,0,0,0,35,8,314.5,-896.452,1.5
950003265,106.488,0,0,-106.488,106.488,3265,0,0,0,35,18,933.818,287.5,1.5
950003267,106.49,0,0,-106.49,106.49,3267,0,0,0,35,15,580.109,786.609,1.5
950003289,106.551,0,0,-106.551,106.551,3289,0,0,0,35,12,-303.5,-936.226,1.5
950003310,106.606,0,0,-106.606,106.606,3310,0,0,0,35,14,696.377,-704.377,1.5
954787155,94.219,0,0,-94.219,94.219,1447,16,115.983,415.483,1.5,0,0,0,35
956072573,92.8571,0,0,-92.8571,92.8571,1144,19,119.351,319.149,1.5,0,0,0,35
958788867,106.203,0,0,-106.203,106.203,3159,10,-941.406,-88.0942,1.5,0,0,0,35
964788975,106.49,0,0,-106.49,106.49,3267,15,580.109,786.609,1.5,0,0,0,35
967786784,105.096,0,0,-105.096,105.096,1076,7,-14.0402,319.54,1.5,0,0,0,35
969787049,97.6764,0,0,-97.6764,97.6764,1341,1,-23.4098,-400,1.5,0,0,0,35
970788001,103.412,0,0,-103.412,103.412,2293,5,530.209,-434.209,1.5,0,0,0,35
972788997,106.551,0,0,-106.551,106.551,3289,12,-303.5,-936.226,1.5,0,0,0,35
974788883,106.244,0,0,-106.244,106.244,3175,8,314.5,-896.452,1.5,0,0,0,35
976788973,106.488,0,0,-106.488,106.488,3265,18,933.818,287.5,1.5,0,0,0,35
979431410,105.282,0,0,-105.282,105.282,2841,17,729.5,436.843,1.5,0,0,0,35
983786742,95.2033,0,0,-95.2033,95.2033,1034,4,278.002,-130.002,1.5,0,0,0,35
991787842,102.799,0,0,-102.799,102.799,2134,2,-617.5,-162.51,1.5,0,0,0,35
995787861,102.866,0,0,-102.866,102.866,2153,20,65.6198,640.12,1.5,0,0,0,35
1000000878,91.6528,0,0,-91.6528,91.6528,878,0,0,0,35,6,-238.928,101.928,1.5
1000001034,95.2033,0,0,-95.2033,95.2033,1034,0,0,0,35,4,277.896,-129.896,1.5
1000001076,105.096,0,0,-105.096,105.096,1076,0,0,0,35,7,-13.9342,319.434,1.5
1000001144,92.8571,0,0,-92.8571,92.8571,1144,0,0,0,35,19,119.457,319.043,1.5
1000001321,100.666,0,0,-100.666,100.666,1321,0,0,0,35,9,-205.101,336.399,1.5
1000001341,97.6764,0,0,-97.6764,97.6764,1341,0,0,0,35,1,-23.5598,-400,1.5
1000001447,94.219,0,0,-94.219,94.219,1447,0,0,0,35,16,115.877,415.377,1.5
1000002062,102.486,0,0,-102.486,102.486,2062,0,0,0,35,13,516.783,335,1.5
1000002134,102.799,0,0,-102.799,102.799,2134,0,0,0,35,2,-617.5,-162.36,1.5
1000002153,102.865,0,0,-102.865,102.865,2153,0,0,0,35,20,65.5137,640.014,1.5
1000002293,103.41,0,0,-103.41,103.41,2293,0,0,0,35,5,530.103,-434.103,1.5
1000002688,104.793,0,0,-104.793,104.793,2688,0,0,0,35,3,598.874,-535.874,1.5
1000002841,105.281,0,0,-105.281,105.281,2841,0,0,0,35,17,729.5,436.693,1.5
1000002864,105.347,0,0,-105.347,105.347,2864,0,0,0,35,11,-351.5,781.262,1.5
1000003159,106.202,0,0,-106.202,106.202,3159,0,0,0,35,10,-941.3,-88.2002,1.5
1000003175,106.243,0,0,-106.243,106.243,3175,0,0,0,35,8,314.5,-896.302,1.5
1000003265,106.486,0,0,-106.486,106.486,3265,0,0,0,35,18,933.668,287.5,1.5
1000003267,106.489,0,0,-106.489,106.489,3267,0,0,0,35,15,580.003,786.503,1.5
1000003289,106.549,0,0,-106.549,106.549,3289,0,0,0,35,12,-303.5,-936.076,1.5
1000003310,106.605,0,0,-106.605,106.605,3310,0,0,0,35,14,696.271,-704.271,1.5
1001786586,91.6528,0,0,-91.6528,91.6528,878,6,-238.928,101.928,1.5,0,0,0,35
1007072573,92.8571,0,0,-92.8571,92.8571,1144,19,119.457,319.043,1.5,0,0,0,35
1010787770,102.486,0,0,-102.486,102.486,2062,13,516.783,335,1.5,0,0,0,35
1012789018,106.605,0,0,-106.605,106.605,3310,14,696.271,-704.271,1.5,0,0,0,35
1021788396,104.793,0,0,-104.793,104.793,2688,3,598.874,-535.874,1.5,0,0,0,35
1022787029,100.666,0,0,-100.666,100.666,1321,9,-205.101,336.399,1.5,0,0,0,35
1029431410,105.281,0,0,-105.281,105.281,2841,17,729.5,436.693,1.5,0,0,0,35
1029788572,105.347,0,0,-105.347,105.347,2864,11,-351.5,781.262,1.5,0,0,0,35
1034787155,94.219,0,0,-94.219,94.219,1447,16,115.877,415.377,1.5,0,0,0,35
1038788867,106.202,0,0,-106.202,106.202,3159,10,-941.3,-88.2002,1.5,0,0,0,35
1044788975,106.489,0,0,-106.489,106.489,3267,15,580.003,786.503,1.5,0,0,0,35
1047786784,105.096,0,0,-105.096,105.096,1076,7,-13.9342,319.434,1.5,0,0,0,35
1049787049,97.6764,0,0,-97.6764,97.6764,1341,1,-23.5598,-400,1.5,0,0,0,35
1050000878,91.6528,0,0,-91.6528,91.6528,878,0,0,0,35,6,-238.928,101.928,1.5
1050001034,95.2033,0,0,-95.2033,95.2033,1034,0,0,0,35,4,277.896,-129.896,1.5
1050001076,105.096,0,0,-105.096,105.096,1076,0,0,0,35,7,-13.9342,319.434,1.5
1050001144,92.8571,0,0,-92.8571,92.8571,1144,0,0,0,35,19,119.457,319.043,1.5
1050001321,100.666,0,0,-100.666,100.666,1321,0,0,0,35,9,-205.101,336.399,1.5
1050001341,97.6764,0,0,-97.6764,97.6764,1341,0,0,0,35,1,-23.5598,-400,1.5
1050001447,94.219,0,0,-94.219,94.219,1447,0,0,0,35,16,115.877,415.377,1.5
1050002062,102.486,0,0,-102.486,102.486,2062,0,0,0,35,13,516.783,335,1.5
1050002134,102.799,0,0,-102.799,102.799,2134,0,0,0,35,2,-617.5,-162.36,1.5
1050002153,102.865,0,0,-102.865,102.865,2153,0,0,0,35,20,65.5137,640.014,1.5
1050002293,103.41,0,0,-103.41,103.41,2293,0,0,0,35,5,530.103,-434.103,1.5
1050002688,104.793,0,0,-104.793,104.793,2688,0,0,0,35,3,598.874,-535.874,1.5
1050002841,105.281,0,0,-105.281,105.281,2841,0,0,0,35,17,729.5,436.693,1.5
1050002864,105.347,0,0,-105.347,105.347,2864,0,0,0,35,11,-351.5,781.262,1.5
1050003159,106.202,0,0,-106.202,106.202,3159,0,0,0,35,10,-941.3,-88.2002,1.5
1050003175,106.243,0,0,-106.243,106.243,3175,0,0,0,35,8,314.5,-896.302,1.5
1050003265,106.486,0,0,-106.486,106.486,3265,0,0,0,35,18,933.668,287.5,1.5
1050003267,106.489,0,0,-106.489,106.489,3267,0,0,0,35,15,580.003,786.503,1.5
1050003289,106.549,0,0,-106.549,106.549,3289,0,0,0,35,12,-303.5,-936.076,1.5
1050003310,106.605,0,0,-106.605,106.605,3310,0,0,0,35,14,696.271,-704.271,1.5
1050788001,103.41,0,0,-103.41,103.41,2293,5,530.103,-434.103,1.5,0,0,0,35
1052788997,106.549,0,0,-106.549,106.549,3289,12,-303.5,-936.076,1.5,0,0,0,35
1054788883,106.243,0,0,-106.243,106.243,3175,8,314.5,-896.302,1.5,0,0,0,35
1056788973,106.486,0,0,-106.486,106.486,3265,18,933.668,287.5,1.5,0,0,0,35
1059072573,92.8571,0,0,-92.8571,92.8571,1144,19,119.457,319.043,1.5,0,0,0,35
1063786742,95.2033,0,0,-95.2033,95.2033,1034,4,277.896,-129.896,1.5,0,0,0,35
1071787842,102.799,0,0,-102.799,102.799,2134,2,-617.5,-162.36,1.5,0,0,0,35
1075787861,102.865,0,0,-102.865,102.865,2153,20,65.5137,640.014,1.5,0,0,0,35
1079502838,105.281,0,0,-105.281,105.281,2841,17,729.5,436.693,1.5,0,0,0,35
1081786586,91.6528,0,0,-91.6528,91.6528,878,6,-238.928,101.928,1.5,0,0,0,35
1090787770,102.486,0,0,-102.486,102.486,2062,13,516.783,335,1.5,0,0,0,35
1092789018,106.605,0,0,-106.605,106.605,3310,14,696.271,-704.271,1.5,0,0,0,35
1100000878,91.6528,0,0,-91.6528,91.6528,878,0,0,0,35,6,-238.822,101.822,1.5
1100001034,95.2033,0,0,-95.2033,95.2033,1034,0,0,0,35,4,277.79,-129.79,1.5
1100001076,105.096,0,0,-105.096,105.096,1076,0,0,0,35,7,-13.8281,319.328,1.5
1100001144,92.8571,0,0,-92.8571,92.8571,1144,0,0,0,35,19,119.563,318.937,1.5
1100001321,100.666,0,0,-100.666,100.666,1321,0,0,0,35,9,-205.207,336.293,1.5
1100001341,97.6764,0,0,-97.6764,97.6764,1341,0,0,0,35,1,-23.7098,-400,1.5
1100001447,94.219,0,0,-94.219,94.219,1447,0,0,0,35,16,115.771,415.271,1.5
1100002062,102.485,0,0,-102.485,102.485,2062,0,0,0,35,13,516.633,335,1.5
1100002134,102.798,0,0,-102.798,102.798,2134,0,0,0,35,2,-617.5,-162.21,1.5
1100002153,102.863,0,0,-102.863,102.863,2153,0,0,0,35,20,65.4077,639.908,1.5
1100002293,103.408,0,0,-103.408,103.408,2293,0,0,0,35,5,529.997,-433.997,1.5
1100002688,104.791,0,0,-104.791,104.791,2688,0,0,0,35,3,598.768,-535.768,1.5
1100002841,105.28,0,0,-105.28,105.28,2841,0,0,0,35,17,729.5,436.543,1.5
1100002864,105.346,0,0,-105.346,105.346,2864,0,0,0,35,11,-351.5,781.112,1.5
1100003159,106.201,0,0,-106.201,106.201,3159,0,0,0,35,10,-941.194,-88.3063,1.5
1100003175,106.241,0,0,-106.241,106.241,3175,0,0,0,35,8,314.5,-896.152,1.5
1100003265,106.485,0,0,-106.485,106.485,3265,0,0,0,35,18,933.518,287.5,1.5
1100003267,106.488,0,0,-106.488,106.488,3267,0,0,0,35,15,579.897,786.397,1.5
1100003289,106.548,0,0,-106.548,106.548,3289,0,0,0,35,12,-303.5,-935.926,1.5
1100003310,106.603,0,0,-106.603,106.603,3310,0,0,0,35,14,696.165,-704.165,1.5
1101788396,104.791,0,0,-104.791,104.791,2688,3,598.768,-535.768,1.5,0,0,0,35
1102787029,100.666,0,0,-100.666,100.666,1321,9,-205.207,336.293,1.5,0,0,0,35
1109788572,105.346,0,0,-105.346,105.346,2864,11,-351.5,781.112,1.5,0,0,0,35
1111072573,92.8571,0,0,-92.8571,92.8571,1144,19,119.563,318.937,1.5,0,0,0,35
1114787155,94.219,0,0,-94.219,94.219,1447,16,115.771,415.271,1.5,0,0,0,35
1118788867,106.201,0,0,-106.201,106.201,3159,10,-941.194,-88.3063,1.5,0,0,0,35
1124788975,106.488,0,0,-106.488,106.488,3267,15,579.897,786.397,1.5,0,0,0,35
1127786784,105.096,0,0,-105.096,105.096,1076,7,-13.8281,319.328,1.5,0,0,0,35
1129787049,97.6764,0,0,-97.6764,97.6764,1341,1,-23.7098,-400,1.5,0,0,0,35
1130431410,105.28,0,0,-105.28,105.28,2841,17,729.5,436.543,1.5,0,0,0,35
1130788001,103.408,0,0,-103.408,103.408,2293,5,529.997,-433.997,1.5,0,0,0,35
1132788997,106.548,0,0,-106.548,106.548,3289,12,-303.5,-935.926,1.5,0,0,0,35
1134788883,106.241,0,0,-106.241,106.241,3175,8,314.5,-896.152,1.5,0,0,0,35
1136788973,106.485,0,0,-106.485,106.485,3265,18,933.518,287.5,1.5,0,0,0,35
1143786742,95.2033,0,0,-95.2033,95.2033,1034,4,277.79,-129.79,1.5,0,0,0,35
1150000878,91.6528,0,0,-91.6528,91.6528,878,0,0,0,35,6,-238.822,101.822,1.5
1150001034,95.2033,0,0,-95.2033,95.2033,1034,0,0,0,35,4,277.79,-129.79,1.5
1150001076,105.096,0,0,-105.096,105.096,1076,0,0,0,35,7,-13.8281,319.328,1.5
1150001144,92.8571,0,0,-92.8571,92.8571,1144,0,0,0,35,19,119.563,318.937,1.5
1150001321,100.666,0,0,-100.666,100.666,1321,0,0,0,35,9,-205.207,336.293,1.5
1150001341,97.6764,0,0,-97.6764,97.6764,1341,0,0,0,35,1,-23.7098,-400,1.5
1150001447,94.219,0,0,-94.219,94.219,1447,0,0,0,35,16,115.771,415.271,1.5
1150002062,102.485,0,0,-102.485,102.485,2062,0,0,0,35,13,516.633,335,1.5
1150002134,102.798,0,0,-102.798,102.798,2134,0,0,0,35,2,-617.5,-162.21,1.5
1150002153,102.863,0,0,-102.863,102.863,2153,0,0,0,35,20,65.4077,639.908,1.5
1150002293,103.408,0,0,-103.408,103.408,2293,0,0,0,35,5,529.997,-433.997,1.5
1150002688,104.791,0,0,-104.791,104.791,2688,0,0,0,35,3,598.768,-535.768,1.5
1150002841,105.28,0,0,-105.28,105.28,2841,0,0,0,35,17,729.5,436.543,1.5
1150002864,105.346,0,0,-105.346,105.346,2864,0,0,0,35,11,-351.5,781.112,1.5
1150003159,106.201,0,0,-106.201,106.201,3159,0,0,0,35,10,-941.194,-88.3063,1.5
1150003175,106.241,0,0,-106.241,106.241,3175,0,0,0,35,8,314.5,-896.152,1.5
1150003265,106.485,0,0,-106.485,106.485,3265,0,0,0,35,18,933.518,287.5,1.5
1150003267,106.488,0,0,-106.488,106.488,3267,0,0,0,35,15,579.897,786.397,1.5
1150003289,106.548,0,0,-106.548,106.548,3289,0,0,0,35,12,-303.5,-935.926,1.5
1150003310,106.603,0,0,-106.603,106.603,3310,0,0,0,35,14,696.165,-704.165,1.5
1151787842,102.798,0,0,-102.798,102.798,2134,2,-617.5,-162.21,1.5,0,0,0,35
1155787861,102.863,0,0,-102.863,102.863,2153,20,65.4077,639.908,1.5,0,0,0,35
1161786586,91.6528,0,0,-91.6528,91.6528,878,6,-238.822,101.822,1.5,0,0,0,35
1163072573,92.8571,0,0,-92.8571,92.8571,1144,19,119.563,318.937,1.5,0,0,0,35
1170787770,102.485,0,0,-102.485,102.485,2062,13,516.633,335,1.5,0,0,0,35
1172789018,106.603,0,0,-106.603,106.603,3310,14,696.165,-704.165,1.5,0,0,0,35
1181788396,104.791,0,0,-104.791,104.791,2688,3,598.768,-535.768,1.5,0,0,0,35
1182787029,100.666,0,0,-100.666,100.666,1321,9,-205.207,336.293,1.5,0,0,0,35
1189788572,105.346,0,0,-105.346,105.346,2864,11,-351.5,781.112,1.5,0,0,0,35
1194787155,94.219,0,0,-94.219,94.219,1447,16,115.771,415.271,1.5,0,0,0,35
1198788867,106.201,0,0,-106.201,106.201,3159,10,-941.194,-88.3063,1.5,0,0,0,35
1200000878,91.6528,0,0,-91.6528,91.6528,878,0,0,0,35,6,-238.716,101.716,1.5
1200001034,95.2033,0,0,-95.2033,95.2033,1034,0,0,0,35,4,277.684,-129.684,1.5
1200001076,105.096,0,0,-105.096,105.096,1076,0,0,0,35,7,-13.722,319.222,1.5
1200001144,92.8571,0,0,-92.8571,92.8571,1144,0,0,0,35,19,119.669,318.831,1.5
1200001321,100.666,0,0,-100.666,100.666,1321,0,0,0,35,9,-205.313,336.187,1.5
1200001341,97.6764,0,0,-97.6764,97.6764,1341,0,0,0,35,1,-23.8598,-400,1.5
1200001447,94.219,0,0,-94.219,94.219,1447,0,0,0,35,16,115.665,415.165,1.5
1200002062,102.483,0,0,-102.483,102.483,2062,0,0,0,35,13,516.483,335,1.5
1200002134,102.798,0,0,-102.798,102.798,2134,0,0,0,35,2,-617.5,-162.06,1.5
1200002153,102.862,0,0,-102.862,102.862,2153,0,0,0,35,20,65.3016,639.802,1.5
1200002293,103.406,0,0,-103.406,103.406,2293,0,0,0,35,5,529.891,-433.891,1.5
1200002688,104.789,0,0,-104.789,104.789,2688,0,0,0,35,3,598.662,-535.662,1.5
1200002841,105.28,0,0,-105.28,105.28,2841,0,0,0,35,17,729.5,436.393,1.5
1200002864,105.344,0,0,-105.344,105.344,2864,0,0,0,35,11,-351.5,780.962,1.5
1200003159,106.2,0,0,-106.2,106.2,3159,0,0,0,35,10,-941.088,-88.4124,1.5
1200003175,106.24,0,0,-106.24,106.24,3175,0,0,0,35,8,314.5,-896.002,1.5
1200003265,106.484,0,0,-106.484,106.484,3265,0,0,0,35,18,933.368,287.5,1.5
1200003267,106.486,0,0,-106.486,106.486,3267,0,0,0,35,15,579.791,786.291,1.5
1200003289,106.547,0,0,-106.547,106.547,3289,0,0,0,35,12,-303.5,-935.776,1.5
1200003310,106.602,0,0,-106.602,106.602,3310,0,0,0,35,14,696.059,-704.059,1.5
1204788975,106.486,0,0,-106.486,106.486,3267,15,579.791,786.291,1.5,0,0,0,35
1207786784,105.096,0,0,-105.096,105.096,1076,7,-13.722,319.222,1.5,0,0,0,35
1209787049,97.6764,0,0,-97.6764,97.6764,1341,1,-23.8598,-400,1.5,0,0,0,35
1210788001,103.406,0,0,-103.406,103.406,2293,5,529.891,-433.891,1.5,0,0,0,35
1212788997,106.547,0,0,-106.547,106.547,3289,12,-303.5,-935.776,1.5,0,0,0,35
1214788883,106.24,0,0,-106.24,106.24,3175,8,314.5,-896.002,1.5,0,0,0,35
1215072573,92.8571,0,0,-92.8571,92.8571,1144,19,119.669,318.831,1.5,0,0,0,35
1216788973,106.484,0,0,-106.484,106.484,3265,18,933.368,287.5,1.5,0,0,0,35
1223786742,95.2033,0,0,-95.2033,95.2033,1034,4,277.684,-129.684,1.5,0,0,0,35
1226788549,105.28,0,0,-105.28,105.28,2841,17,729.5,436.393,1.5,0,0,0,35
1231787842,102.798,0,0,-102.798,102.798,2134,2,-617.5,-162.06,1.5,0,0,0,35
1235787861,102.862,0,0,-102.862,102.862,2153,20,65.3016,639.802,1.5,0,0,0,35
1241786586,91.6528,0,0,-91.6528,91.6528,878,6,-238.716,101.716,1.5,0,0,0,35
1250000878,91.6528,0,0,-91.6528,91.6528,878,0,0,0,35,6,-238.716,101.716,1.5
1250001034,95.2033,0,0,-95.2033,95.2033,1034,0,0,0,35,4,277.684,-129.684,1.5
1250001076,105.096,0,0,-105.096,105.096,1076,0,0,0,35,7,-13.722,319.222,1.5
1250001144,92.8571,0,0,-92.8571,92.8571,1144,0,0,0,35,19,119.669,318.831,1.5
1250001321,100.666,0,0,-100.666,100.666,1321,0,0,0,35,9,-205.313,336.187,1.5
1250001341,97.6764,0,0,-97.6764,97.6764,1341,0,0,0,35,1,-23.8598,-400,1.5
1250001447,94.219,0,0,-94.219,94.219,1447,0,0,0,35,16,115.665,415.165,1.5
1250002062,102.483,0,0,-102.483,102.483,2062,0,0,0,35,13,516.483,335,1.5
1250002134,102.798,0,0,-102.798,102.798,2134,0,0,0,35,2,-617.5,-162.06,1.5
1250002153,102.862,0,0,-102.862,102.862,2153,0,0,0,35,20,65.3016,639.802,1.5
1250002293,103.406,0,0,-103.406,103.406,2293,0,0,0,35,5,529.891,-433.891,1.5
1250002688,104.789,0,0,-104.789,104.789,2688,0,0,0,35,3,598.662,-535.662,1.5
1250002841,105.28,0,0,-105.28,105.28,2841,0,0,0,35,17,729.5,436.393,1.5
1250002864,105.344,0,0,-105.344,105.344,2864,0,0,0,35,11,-351.5,780.962,1.5
1250003159,106.2,0,0,-106.2,106.2,3159,0,0,0,35,10,-941.088,-88.4124,1.5
1250003175,106.24,0,0,-106.24,106.24,3175,0,0,0,35,8,314.5,-896.002,1.5
1250003265,106.484,0,0,-106.484,106.484,3265,0,0,0,35,18,933.368,287.5,1.5
1250003267,106.486,0,0,-106.486,106.486,3267,0,0,0,35,15,579.791,786.291,1.5
1250003289,106.547,0,0,-106.547,106.547,3289,0,0,0,35,12,-303.5,-935.776,1.5
1250003310,106.602,0,0,-106.602,106.602,3310,0,0,0,35,14,696.059,-704.059,1.5
1250787770,102.483,0,0,-102.483,102.483,2062,13,516.483,335,1.5,0,0,0,35
1252789018,106.602,0,0,-106.602,106.602,3310,14,696.059,-704.059,1.5,0,0,0,35
1261788396,104.789,0,0,-104.789,104.789,2688,3,598.662,-535.662,1.5,0,0,0,35
1262787029,100.666,0,0,-100.666,100.666,1321,9,-205.313,336.187,1.5,0,0,0,35
1267072573,92.8571,0,0,-92.8571,92.8571,1144,19,119.669,318.831,1.5,0,0,0,35
1269788572,105.344,0,0,-105.344,105.344,2864,11,-351.5,780.962,1.5,0,0,0,35
1274787155,94.219,0,0,-94.219,94.219,1447,16,115.665,415.165,1.5,0,0,0,35
1278788867,106.2,0,0,-106.2,106.2,3159,10,-941.088,-88.4124,1.5,0,0,0,35
1284788975,106.486,0,0,-106.486,106.486,3267,15,579.791,786.291,1.5,0,0,0,35
1287786784,105.096,0,0,-105.096,105.096,1076,7,-13.722,319.222,1.5,0,0,0,35
1289787049,97.6764,0,0,-97.6764,97.6764,1341,1,-23.8598,-400,1.5,0,0,0,35
1290788001,103.406,0,0,-103.406,103.406,2293,5,529.891,-433.891,1.5,0,0,0,35
1292788997,106.547,0,0,-106.547,106.547,3289,12,-303.5,-935.776,1.5,0,0,0,35
1294788883,106.24,0,0,-106.24,106.24,3175,8,314.5,-896.002,1.5,0,0,0,35
1296788973,106.484,0,0,-106.484,106.484,3265,18,933.368,287.5,1.5,0,0,0,35
1300000878,91.6528,0,0,-91.6528,91.6528,878,0,0,0,35,6,-238.61,101.61,1.5
1300001034,95.2033,0,0,-95.2033,95.2033,1034,0,0,0,35,4,277.578,-129.578,1.5
1300001076,105.096,0,0,-105.096,105.096,1076,0,0,0,35,7,-13.616,319.116,1.5
1300001144,92.8571,0,0,-92.8571,92.8571,1144,0,0,0,35,19,119.775,318.725,1.5
1300001321,100.666,0,0,-100.666,100.666,1321,0,0,0,35,9,-205.419,336.081,1.5
1300001341,97.6764,0,0,-97.6764,97.6764,1341,0,0,0,35,1,-24.0098,-400,1.5
1300001447,94.219,0,0,-94.219,94.219,1447,0,0,0,35,16,115.559,415.059,1.5
1300002062,102.481,0,0,-102.481,102.481,2062,0,0,0,35,13,516.333,335,1.5
1300002134,102.797,0,0,-102.797,102.797,2134,0,0,0,35,2,-617.5,-161.91,1.5
1300002153,102.86,0,0,-102.86,102.86,2153,0,0,0,35,20,65.1956,639.696,1.5
1300002293,103.405,0,0,-103.405,103.405,2293,0,0,0,35,5,529.784,-433.784,1.5
1300002688,104.788,0,0,-104.788,104.788,2688,0,0,0,35,3,598.556,-535.556,1.5
1300002841,105.279,0,0,-105.279,105.279,2841,0,0,0,35,17,729.5,436.243,1.5
1300002864,105.343,0,0,-105.343,105.343,2864,0,0,0,35,11,-351.5,780.812,1.5
1300003159,106.199,0,0,-106.199,106.199,3159,0,0,0,35,10,-940.982,-88.5184,1.5
1300003175,106.239,0,0,-106.239,106.239,3175,0,0,0,35,8,314.5,-895.852,1.5
1300003265,106.482,0,0,-106.482,106.482,3265,0,0,0,35,18,933.218,287.5,1.5
1300003267,106.485,0,0,-106.485,106.485,3267,0,0,0,35,15,579.685,786.185,1.5
1300003289,106.546,0,0,-106.546,106.546,3289,0,0,0,35,12,-303.5,-935.626,1.5
1300003310,106.601,0,0,-106.601,106.601,3310,0,0,0,35,14,695.953,-703.953,1.5
1303786742,95.2033,0,0,-95.2033,95.2033,1034,4,277.578,-129.578,1.5,0,0,0,35
1306788549,105.279,0,0,-105.279,105.279,2841,17,729.5,436.243,1.5,0,0,0,35
1311787842,102.797,0,0,-102.797,102.797,2134,2,-617.5,-161.91,1.5,0,0,0,35
1315787861,102.86,0,0,-102.86,102.86,2153,20,65.1956,639.696,1.5,0,0,0,35
1319072573,92.8571,0,0,-92.8571,92.8571,1144,19,119.775,318.725,1.5,0,0,0,35
1321786586,91.6528,0,0,-91.6528,91.6528,878,6,-238.61,101.61,1.5,0,0,0,35
1330787770,102.481,0,0,-102.481,102.481,2062,13,516.333,335,1.5,0,0,0,35
1332789018,106.601,0,0,-106.601,106.601,3310,14,695.953,-703.953,1.5,0,0,0,35
1341788396,104.788,0,0,-104.788,104.788,2688,3,598.556,-535.556,1.5,0,0,0,35
1342787029,100.666,0,0,-100.666,100.666,1321,9,-205.419,336.081,1.5,0,0,0,35
1349788572,105.343,0,0,-105.343,105.343,2864,11,-351.5,780.812,1.5,0,0,0,35
1350000878,91.6528,0,0,-91.6528,91.6528,878,0,0,0,35,6,-238.61,101.61,1.5
1350001034,95.2033,0,0,-95.2033,95.2033,1034,0,0,0,35,4,277.578,-129.578,1.5
1350001076,105.096,0,0,-105.096,105.096,1076,0,0,0,35,7,-13.616,319.116,1.5
1350001144,92.8571,0,0,-92.8571,92.8571,1144,0,0,0,35,19,119.775,318.725,1.5
1350001321,100.666,0,0,-100.666,100.666,1321,0,0,0,35,9,-205.419,336.081,1.5
1350001341,97.6764,0,0,-97.6764,97.6764,1341,0,0,0,35,1,-24.0098,-400,1.5
1350001447,94.219,0,0,-94.219,94.219,1447,0,0,0,35,16,115.559,415.059,1.5
1350002062,102.481,0,0,-102.481,102.481,2062,0,0,0,35,13,516.333,335,1.5
1350002134,102.797,0,0,-102.797,102.797,2134,0,0,0,35,2,-617.5,-161.91,1.5
1350002153,102.86,0,0,-102.86,102.86,2153,0,0,0,35,20,65.1956,639.696,1.5
1350002293,103.405,0,0,-103.405,103.405,2293,0,0,0,35,5,529.784,-433.784,1.5
1350002688,104.788,0,0,-104.788,104.788,2688,0,0,0,35,3,598.556,-535.556,1.5
1350002841,105.279,0,0,-105.279,105.279,2841,0,0,0,35,17,729.5,436.243,1.5
1350002864,105.343,0,0,-105.343,105.343,2864,0,0,0,35,11,-351.5,780.812,1.5
1350003159,106.199,0,0,-106.199,106.199,3159,0,0,0,35,10,-940.982,-88.5184,1.5
1350003175,106.239,0,0,-106.239,106.239,3175,0,0,0,35,8,314.5,-895.852,1.5
1350003265,106.482,0,0,-106.482,106.482,3265,0,0,0,35,18,933.218,287.5,1.5
1350003267,106.485,0,0,-106.485,106.485,3267,0,0,0,35,15,579.685,786.185,1.5
1350003289,106.546,0,0,-106.546,106.546,3289,0,0,0,35,12,-303.5,-935.626,1.5
1350003310,106.601,0,0,-106.601,106.601,3310,0,0,0,35,14,695.953,-703.953,1.5
1354787155,94.219,0,0,-94.219,94.219,1447,16,115.559,415.059,1.5,0,0,0,35
1358788867,106.199,0,0,-106.199,106.199,3159,10,-940.982,-88.5184,1.5,0,0,0,35
1364788975,106.485,0,0,-106.485,106.485,3267,15,579.685,786.185,1.5,0,0,0,35
1367786784,105.096,0,0,-105.096,105.096,1076,7,-13.616,319.116,1.5,0,0,0,35
1369787049,97.6764,0,0,-97.6764,97.6764,1341,1,-24.0098,-400,1.5,0,0,0,35
1370788001,103.405,0,0,-103.405,103.405,2293,5,529.784,-433.784,1.5,0,0,0,35
1371072573,92.8571,0,0,-92.8571,92.8571,1144,19,119.775,318.725,1.5,0,0,0,35
1372788997,106.546,0,0,-106.546,106.546,3289,12,-303.5,-935.626,1.5,0,0,0,35
1374788883,106.239,0,0,-106.239,106.239,3175,8,314.5,-895.852,1.5,0,0,0,35
1376788973,106.482,0,0,-106.482,106.482,3265,18,933.218,287.5,1.5,0,0,0,35
1383786742,95.2033,0,0,-95.2033,95.2033,1034,4,277.578,-129.578,1.5,0,0,0,35
1386788549,105.279,0,0,-105.279,105.279,2841,17,729.5,436.243,1.5,0,0,0,35
1391787842,102.797,0,0,-102.797,102.797,2134,2,-617.5,-161.91,1.5,0,0,0,35
1395787861,102.86,0,0,-102.86,102.86,2153,20,65.1956,639.696,1.5,0,0,0,35
1400000878,91.6528,0,0,-91.6528,91.6528,878,0,0,0,35,6,-238.504,101.504,1.5
1400001034,95.2033,0,0,-95.2033,95.2033,1034,0,0,0,35,4,277.472,-129.472,1.5
1400001076,105.096,0,0,-105.096,105.096,1076,0,0,0,35,7,-13.5099,319.01,1.5
1400001144,92.8571,0,0,-92.8571,92.8571,1144,0,0,0,35,19,119.881,318.619,1.5
1400001321,100.666,0,0,-100.666,100.666,1321,0,0,0,35,9,-205.525,335.975,1.5
1400001341,97.6764,0,0,-97.6764,97.6764,1341,0,0,0,35,1,-24.1598,-400,1.5
1400001447,94.219,0,0,-94.219,94.219,1447,0,0,0,35,16,115.453,414.953,1.5
1400002062,102.479,0,0,-102.479,102.479,2062,0,0,0,35,13,516.183,335,1.5
1400002134,102.797,0,0,-102.797,102.797,2134,0,0,0,35,2,-617.5,-161.76,1.5
1400002153,102.858,0,0,-102.858,102.858,2153,0,0,0,35,20,65.0895,639.589,1.5
1400002293,103.403,0,0,-103.403,103.403,2293,0,0,0,35,5,529.678,-433.678,1.5
1400002688,104.786,0,0,-104.786,104.786,2688,0,0,0,35,3,598.45,-535.45,1.5
1400002841,105.278,0,0,-105.278,105.278,2841,0,0,0,35,17,729.5,436.093,1.5
1400002864,105.342,0,0,-105.342,105.342,2864,0,0,0,35,11,-351.5,780.662,1.5
1400003159,106.198,0,0,-106.198,106.198,3159,0,0,0,35,10,-940.876,-88.6245,1.5
1400003175,106.238,0,0,-106.238,106.238,3175,0,0,0,35,8,314.5,-895.702,1.5
1400003265,106.481,0,0,-106.481,106.481,3265,0,0,0,35,18,933.068,287.5,1.5
1400003267,106.484,0,0,-106.484,106.484,3267,0,0,0,35,15,579.579,786.079,1.5
1400003289,106.544,0,0,-106.544,106.544,3289,0,0,0,35,12,-303.5,-935.476,1.5
1400003310,106.599,0,0,-106.599,106.599,3310,0,0,0,35,14,695.847,-703.847,1.5
1401786586,91.6528,0,0,-91.6528,91.6528,878,6,-238.504,101.504,1.5,0,0,0,35
1410787770,102.479,0,0,-102.479,102.479,2062,13,516.183,335,1.5,0,0,0,35
1412789018,106.599,0,0,-106.599,106.599,3310,14,695.847,-703.847,1.5,0,0,0,35
1421788396,104.786,0,0,-104.786,104.786,2688,3,598.45,-535.45,1.5,0,0,0,35
1422787029,100.666,0,0,-100.666,100.666,1321,9,-205.525,335.975,1.5,0,0,0,35
1423072573,92.8571,0,0,-92.8571,92.8571,1144,19,119.881,318.619,1.5,0,0,0,35
1429788572,105.342,0,0,-105.342,105.342,2864,11,-351.5,780.662,1.5,0,0,0,35
1434787155,94.219,0,0,-94.219,94.219,1447,16,115.453,414.953,1.5,0,0,0,35
1438788867,106.198,0,0,-106.198,106.198,3159,10,-940.876,-88.6245,1.5,0,0,0,35
1444788975,106.484,0,0,-106.484,106.484,3267,15,579.579,786.079,1.5,0,0,0,35
1447786784,105.096,0,0,-105.096,105.096,1076,7,-13.5099,319.01,1.5,0,0,0,35
1449787049,97.6764,0,0,-97.6764,97.6764,1341,1,-24.1598,-400,1.5,0,0,0,35
1450000878,91.6528,0,0,-91.6528,91.6528,878,0,0,0,35,6,-238.504,101.504,1.5
1450001034,95.2033,0,0,-95.2033,95.2033,1034,0,0,0,35,4,277.472,-129.472,1.5
1450001076,105.096,0,0,-105.096,105.096,1076,0,0,0,35,7,-13.5099,319.01,1.5
1450001144,92.8571,0,0,-92.8571,92.8571,1144,0,0,0,35,19,119.881,318.619,1.5
1450001321,100.666,0,0,-100.666,100.666,1321,0,0,0,35,9,-205.525,335.975,1.5
1450001341,97.6764,0,0,-97.6764,97.6764,1341,0,0,0,35,1,-24.1598,-400,1.5
1450001447,94.219,0,0,-94.219,94.219,1447,0,0,0,35,16,115.453,414.953,1.5
1450002062,102.479,0,0,-102.479,102.479,2062,0,0,0,35,13,516.183,335,1.5
1450002134,102.797,0,0,-102.797,102.797,2134,0,0,0,35,2,-617.5,-161.76,1.5
1450002153,102.858,0,0,-102.858,102.858,2153,0,0,0,35,20,65.0895,639.589,1.5
1450002293,103.403,0,0,-103.403,103.403,2293,0,0,0,35,5,529.678,-433.678,1.5
1450002688,104.786,0,0,-104.786,104.786,2688,0,0,0,35,3,598.45,-535.45,1.5
1450002841,105.278,0,0,-105.278,105.278,2841,0,0,0,35,17,729.5,436.093,1.5
1450002864,105.342,0,0,-105.342,105.342,2864,0,0,0,35,11,-351.5,780.662,1.5
1450003159,106.198,0,0,-106.198,106.198,3159,0,0,0,35,10,-940.876,-88.6245,1.5
1450003175,106.238,0,0,-106.238,106.238,3175,0,0,0,35,8,314.5,-895.702,1.5
1450003265,106.481,0,0,-106.481,106.481,3265,0,0,0,35,18,933.068,287.5,1.5
1450003267,106.484,0,0,-106.484,106.484,3267,0,0,0,35,15,579.579,786.079,1.5
1450003289,106.544,0,0,-106.544,106.544,3289,0,0,0,35,12,-303.5,-935.476,1.5
1450003310,106.599,0,0,-106.599,106.599,3310,0,0,0,35,14,695.847,-703.847,1.5
1450788001,103.403,0,0,-103.403,103.403,2293,5,529.678,-433.678,1.5,0,0,0,35
1452788997,106.544,0,0,-106.544,106.544,3289,12,-303.5,-935.476,1.5,0,0,0,35
1453859289,102.858,0,0,-102.858,102.858,2153,20,65.0895,639.589,1.5,0,0,0,35
1453860401,106.481,0,0,-106.481,106.481,3265,18,933.068,287.5,1.5,0,0,0,35
1454788883,106.238,0,0,-106.238,106.238,3175,8,314.5,-895.702,1.5,0,0,0,35
1462859977,105.278,0,0,-105.278,105.278,2841,17,729.5,436.093,1.5,0,0,0,35
1463786742,95.2033,0,0,-95.2033,95.2033,1034,4,277.472,-129.472,1.5,0,0,0,35
1471787842,102.797,0,0,-102.797,102.797,2134,2,-617.5,-161.76,1.5,0,0,0,35
1473858280,92.8571,0,0,-92.8571,92.8571,1144,19,119.881,318.619,1.5,0,0,0,35
1476858014,91.6528,0,0,-91.6528,91.6528,878,6,-238.504,101.504,1.5,0,0,0,35
1476859824,104.786,0,0,-104.786,104.786,2688,3,598.45,-535.45,1.5,0,0,0,35
1476860446,106.599,0,0,-106.599,106.599,3310,14,695.847,-703.847,1.5,0,0,0,35
1477859198,102.479,0,0,-102.479,102.479,2062,13,516.183,335,1.5,0,0,0,35
1480858457,100.666,0,0,-100.666,100.666,1321,9,-205.525,335.975,1.5,0,0,0,35
1481860000,105.342,0,0,-105.342,105.342,2864,11,-351.5,780.662,1.5,0,0,0,35
1490860295,106.198,0,0,-106.198,106.198,3159,10,-940.876,-88.6245,1.5,0,0,0,35
1492858583,94.219,0,0,-94.219,94.219,1447,16,115.453,414.953,1.5,0,0,0,35
1497858212,105.096,0,0,-105.096,105.096,1076,7,-13.5099,319.01,1.5,0,0,0,35
1497860403,106.484,0,0,-106.484,106.484,3267,15,579.579,786.079,1.5,0,0,0,35
1500000878,91.6528,0,0,-91.6528,91.6528,878,0,0,0,35,6,-238.398,101.398,1.5
1500001034,95.2033,0,0,-95.2033,95.2033,1034,0,0,0,35,4,277.366,-129.366,1.5
1500001076,105.096,0,0,-105.096,105.096,1076,0,0,0,35,7,-13.4038,318.904,1.5
1500001144,92.8571,0,0,-92.8571,92.8571,1144,0,0,0,35,19,119.987,318.513,1.5
1500001321,100.666,0,0,-100.666,100.666,1321,0,0,0,35,9,-205.631,335.869,1.5
1500001341,97.6764,0,0,-97.6764,97.6764,1341,0,0,0,35,1,-24.3098,-400,1.5
1500001447,94.219,0,0,-94.219,94.219,1447,0,0,0,35,16,115.347,414.847,1.5
1500002062,102.478,0,0,-102.478,102.478,2062,0,0,0,35,13,516.033,335,1.5
1500002134,102.796,0,0,-102.796,102.796,2134,0,0,0,35,2,-617.5,-161.61,1.5
1500002153,102.857,0,0,-102.857,102.857,2153,0,0,0,35,20,64.9834,639.483,1.5
1500002293,103.401,0,0,-103.401,103.401,2293,0,0,0,35,5,529.572,-433.572,1.5
1500002688,104.784,0,0,-104.784,104.784,2688,0,0,0,35,3,598.344,-535.344,1.5
1500002841,105.277,0,0,-105.277,105.277,2841,0,0,0,35,17,729.5,435.943,1.5
1500002864,105.34,0,0,-105.34,105.34,2864,0,0,0,35,11,-351.5,780.512,1.5
1500003159,106.198,0,0,-106.198,106.198,3159,0,0,0,35,10,-940.769,-88.7306,1.5
1500003175,106.236,0,0,-106.236,106.236,3175,0,0,0,35,8,314.5,-895.552,1.5
1500003265,106.48,0,0,-106.48,106.48,3265,0,0,0,35,18,932.918,287.5,1.5
1500003267,106.482,0,0,-106.482,106.482,3267,0,0,0,35,15,579.473,785.973,1.5
1500003289,106.543,0,0,-106.543,106.543,3289,0,0,0,35,12,-303.5,-935.326,1.5
1500003310,106.598,0,0,-106.598,106.598,3310,0,0,0,35,14,695.741,-703.741,1.5
1500859429,103.401,0,0,-103.401,103.401,2293,5,529.572,-433.572,1.5,0,0,0,35
1501858477,97.6764,0,0,-97.6764,97.6764,1341,1,-24.3098,-400,1.5,0,0,0,35
1502860425,106.543,0,0,-106.543,106.543,3289,12,-303.5,-935.326,1.5,0,0,0,35
1503860401,106.48,0,0,-106.48,106.48,3265,18,932.918,287.5,1.5,0,0,0,35
1505859289,102.857,0,0,-102.857,102.857,2153,20,64.9834,639.483,1.5,0,0,0,35
1506860311,106.236,0,0,-106.236,106.236,3175,8,314.5,-895.552,1.5,0,0,0,35
1513859977,105.277,0,0,-105.277,105.277,2841,17,729.5,435.943,1.5,0,0,0,35
1516858170,95.2033,0,0,-95.2033,95.2033,1034,4,277.366,-129.366,1.5,0,0,0,35
1522859270,102.796,0,0,-102.796,102.796,2134,2,-617.5,-161.61,1.5,0,0,0,35
1526072573,92.8571,0,0,-92.8571,92.8571,1144,19,119.987,318.513,1.5,0,0,0,35
1526858014,91.6528,0,0,-91.6528,91.6528,878,6,-238.398,101.398,1.5,0,0,0,35
1526859824,104.784,0,0,-104.784,104.784,2688,3,598.344,-535.344,1.5,0,0,0,35
1527859198,102.478,0,0,-102.478,102.478,2062,13,516.033,335,1.5,0,0,0,35
1527860446,106.598,0,0,-106.598,106.598,3310,14,695.741,-703.741,1.5,0,0,0,35
1532858457,100.666,0,0,-100.666,100.666,1321,9,-205.631,335.869,1.5,0,0,0,35
1532860000,105.34,0,0,-105.34,105.34,2864,11,-351.5,780.512,1.5,0,0,0,35
1541860295,106.198,0,0,-106.198,106.198,3159,10,-940.769,-88.7306,1.5,0,0,0,35
1542858583,94.219,0,0,-94.219,94.219,1447,16,115.347,414.847,1.5,0,0,0,35
1547858212,105.096,0,0,-105.096,105.096,1076,7,-13.4038,318.904,1.5,0,0,0,35
1547860403,106.482,0,0,-106.482,106.482,3267,15,579.473,785.973,1.5,0,0,0,35
1550000878,91.6528,0,0,-91.6528,91.6528,878,0,0,0,35,6,-238.398,101.398,1.5
1550001034,95.2033,0,0,-95.2033,95.2033,1034,0,0,0,35,4,277.366,-129.366,1.5
1550001076,105.096,0,0,-105.096,105.096,1076,0,0,0,35,7,-13.4038,318.904,1.5
1550001144,92.8571,0,0,-92.8571,92.8571,1144,0,0,0,35,19,119.987,318.513,1.5
1550001321,100.666,0,0,-100.666,100.666,1321,0,0,0,35,9,-205.631,335.869,1.5
1550001341,97.6764,0,0,-97.6764,97.6764,1341,0,0,0,35,1,-24.3098,-400,1.5
1550001447,94.219,0,0,-94.219,94.219,1447,0,0,0,35,16,115.347,414.847,1.5
1550002062,102.478,0,0,-102.478,102.478,2062,0,0,0,35,13,516.033,335,1.5
1550002134,102.796,0,0,-102.796,102.796,2134,0,0,0,35,2,-617.5,-161.61,1.5
1550002153,102.857,0,0,-102.857,102.857,2153,0,0,0,35,20,64.9834,639.483,1.5
1550002293,103.401,0,0,-103.401,103.401,2293,0,0,0,35,5,529.572,-433.572,1.5
1550002688,104.784,0,0,-104.784,104.784,2688,0,0,0,35,3,598.344,-535.344,1.5
1550002841,105.277,0,0,-105.277,105.277,2841,0,0,0,35,17,729.5,435.943,1.5
1550002864,105.34,0,0,-105.34,105.34,2864,0,0,0,35,11,-351.5,780.512,1.5
1550003159,106.198,0,0,-106.198,106.198,3159,0,0,0,35,10,-940.769,-88.7306,1.5
1550003175,106.236,0,0,-106.236,106.236,3175,0,0,0,35,8,314.5,-895.552,1.5
1550003265,106.48,0,0,-106.48,106.48,3265,0,0,0,35,18,932.918,287.5,1.5
1550003267,106.482,0,0,-106.482,106.482,3267,0,0,0,35,15,579.473,785.973,1.5
1550003289,106.543,0,0,-106.543,106.543,3289,0,0,0,35,12,-303.5,-935.326,1.5
1550003310,106.598,0,0,-106.598,106.598,3310,0,0,0,35,14,695.741,-703.741,1.5
1550859429,103.401,0,0,-103.401,103.401,2293,5,529.572,-433.572,1.5,0,0,0,35
1551858477,97.6764,0,0,-97.6764,97.6764,1341,1,-24.3098,-400,1.5,0,0,0,35
1552860425,106.543,0,0,-106.543,106.543,3289,12,-303.5,-935.326,1.5,0,0,0,35
1554860401,106.48,0,0,-106.48,106.48,3265,18,932.918,287.5,1.5,0,0,0,35
1556859289,102.857,0,0,-102.857,102.857,2153,20,64.9834,639.483,1.5,0,0,0,35
1556860311,106.236,0,0,-106.236,106.236,3175,8,314.5,-895.552,1.5,0,0,0,35
1563859977,105.277,0,0,-105.277,105.277,2841,17,729.5,435.943,1.5,0,0,0,35
1567858170,95.2033,0,0,-95.2033,95.2033,1034,4,277.366,-129.366,1.5,0,0,0,35
1572859270,102.796,0,0,-102.796,102.796,2134,2,-617.5,-161.61,1.5,0,0,0,35
1576072573,92.8571,0,0,-92.8571,92.8571,1144,19,119.987,318.513,1.5,0,0,0,35
1576858014,91.6528,0,0,-91.6528,91.6528,878,6,-238.398,101.398,1.5,0,0,0,35
1577859198,102.478,0,0,-102.478,102.478,2062,13,516.033,335,1.5,0,0,0,35
1577859824,104.784,0,0,-104.784,104.784,2688,3,598.344,-535.344,1.5,0,0,0,35
1577860446,106.598,0,0,-106.598,106.598,3310,14,695.741,-703.741,1.5,0,0,0,35
1582858457,100.666,0,0,-100.666,100.666,1321,9,-205.631,335.869,1.5,0,0,0,35
1582860000,105.34,0,0,-105.34,105.34,2864,11,-351.5,780.512,1.5,0,0,0,35
1591860295,106.198,0,0,-106.198,106.198,3159,10,-940.769,-88.7306,1.5,0,0,0,35
1593858583,94.219,0,0,-94.219,94.219,1447,16,115.347,414.847,1.5,0,0,0,35
1597858212,105.096,0,0,-105.096,105.096,1076,7,-13.4038,318.904,1.5,0,0,0,35
1597860403,106.482,0,0,-106.482,106.482,3267,15,579.473,785.973,1.5,0,0,0,35
1600000878,91.6528,0,0,-91.6528,91.6528,878,0,0,0,35,6,-238.291,101.291,1.5
1600001034,95.2033,0,0,-95.2033,95.2033,1034,0,0,0,35,4,277.26,-129.26,1.5
1600001076,105.096,0,0,-105.096,105.096,1076,0,0,0,35,7,-13.2978,318.798,1.5
1600001144,92.8571,0,0,-92.8571,92.8571,1144,0,0,0,35,19,120.093,318.407,1.5
1600001321,100.666,0,0,-100.666,100.666,1321,0,0,0,35,9,-205.737,335.763,1.5
1600001341,97.6764,0,0,-97.6764,97.6764,1341,0,0,0,35,1,-24.4598,-400,1.5
1600001447,94.219,0,0,-94.219,94.219,1447,0,0,0,35,16,115.241,414.741,1.5
1600002062,102.476,0,0,-102.476,102.476,2062,0,0,0,35,13,515.883,335,1.5
1600002134,102.796,0,0,-102.796,102.796,2134,0,0,0,35,2,-617.5,-161.46,1.5
1600002153,102.855,0,0,-102.855,102.855,2153,0,0,0,35,20,64.8774,639.377,1.5
1600002293,103.399,0,0,-103.399,103.399,2293,0,0,0,35,5,529.466,-433.466,1.5
1600002688,104.783,0,0,-104.783,104.783,2688,0,0,0,35,3,598.238,-535.238,1.5
1600002841,105.277,0,0,-105.277,105.277,2841,0,0,0,35,17,729.5,435.793,1.5
1600002864,105.339,0,0,-105.339,105.339,2864,0,0,0,35,11,-351.5,780.362,1.5
1600003159,106.197,0,0,-106.197,106.197,3159,0,0,0,35,10,-940.663,-88.8366,1.5
1600003175,106.235,0,0,-106.235,106.235,3175,0,0,0,35,8,314.5,-895.402,1.5
1600003265,106.479,0,0,-106.479,106.479,3265,0,0,0,35,18,932.768,287.5,1.5
1600003267,106.481,0,0,-106.481,106.481,3267,0,0,0,35,15,579.367,785.867,1.5
1600003289,106.542,0,0,-106.542,106.542,3289,0,0,0,35,12,-303.5,-935.176,1.5
1600003310,106.597,0,0,-106.597,106.597,3310,0,0,0,35,14,695.635,-703.635,1.5
1600859429,103.399,0,0,-103.399,103.399,2293,5,529.466,-433.466,1.5,0,0,0,35
1602858477,97.6764,0,0,-97.6764,97.6764,1341,1,-24.4598,-400,1.5,0,0,0,35
1602860425,106.542,0,0,-106.542,106.542,3289,12,-303.5,-935.176,1.5,0,0,0,35
1607859289,102.855,0,0,-102.855,102.855,2153,20,64.8774,639.377,1.5,0,0,0,35
1607860311,106.235,0,0,-106.235,106.235,3175,8,314.5,-895.402,1.5,0,0,0,35
1607860401,106.479,0,0,-106.479,106.479,3265,18,932.768,287.5,1.5,0,0,0,35
1616859977,105.277,0,0,-105.277,105.277,2841,17,729.5,435.793,1.5,0,0,0,35
1617858170,95.2033,0,0,-95.2033,95.2033,1034,4,277.26,-129.26,1.5,0,0,0,35
1626072573,92.8571,0,0,-92.8571,92.8571,1144,19,120.093,318.407,1.5,0,0,0,35
1626858014,91.6528,0,0,-91.6528,91.6528,878,6,-238.291,101.291,1.5,0,0,0,35
1627859270,102.796,0,0,-102.796,102.796,2134,2,-617.5,-161.46,1.5,0,0,0,35
1627859824,104.783,0,0,-104.783,104.783,2688,3,598.238,-535.238,1.5,0,0,0,35
1630859198,102.476,0,0,-102.476,102.476,2062,13,515.883,335,1.5,0,0,0,35
1631860446,106.597,0,0,-106.597,106.597,3310,14,695.635,-703.635,1.5,0,0,0,35
1632858457,100.666,0,0,-100.666,100.666,1321,9,-205.737,335.763,1.5,0,0,0,35
1632860000,105.339,0,0,-105.339,105.339,2864,11,-351.5,780.362,1.5,0,0,0,35
1641860295,106.197,0,0,-106.197,106.197,3159,10,-940.663,-88.8366,1.5,0,0,0,35
1643858583,94.219,0,0,-94.219,94.219,1447,16,115.241,414.741,1.5,0,0,0,35
1647858212,105.096,0,0,-105.096,105.096,1076,7,-13.2978,318.798,1.5,0,0,0,35
1647860403,106.481,0,0,-106.481,106.481,3267,15,579.367,785.867,1.5,0,0,0,35
1650000878,91.6528,0,0,-91.6528,91.6528,878,0,0,0,35,6,-238.291,101.291,1.5
1650001034,95.2033,0,0,-95.2033,95.2033,1034,0,0,0,35,4,277.26,-129.26,1.5
1650001076,105.096,0,0,-105.096,105.096,1076,0,0,0,35,7,-13.2978,318.798,1.5
1650001144,92.8571,0,0,-92.8571,92.8571,1144,0,0,0,35,19,120.093,318.407,1.5
1650001321,100.666,0,0,-100.666,100.666,1321,0,0,0,35,9,-205.737,335.763,1.5
1650001341,97.6764,0,0,-97.6764,97.6764,1341,0,0,0,35,1,-24.4598,-400,1.5
1650001447,94.219,0,0,-94.219,94.219,1447,0,0,0,35,16,115.241,414.741,1.5
1650002062,102.476,0,0,-102.476,102.476,2062,0,0,0,35,13,515.883,335,1.5
1650002134,102.796,0,0,-102.796,102.796,2134,0,0,0,35,2,-617.5,-161.46,1.5
1650002153,102.855,0,0,-102.855,102.855,2153,0,0,0,35,20,64.8774,639.377,1.5
1650002293,103.399,0,0,-103.399,103.399,2293,0,0,0,35,5,529.466,-433.466,1.5
1650002688,104.783,0,0,-104.783,104.783,2688,0,0,0,35,3,598.238,-535.238,1.5
1650002841,105.277,0,0,-105.277,105.277,2841,0,0,0,35,17,729.5,435.793,1.5
1650002864,105.339,0,0,-105.339,105.339,2864,0,0,0,35,11,-351.5,780.362,1.5
1650003159,106.197,0,0,-106.197,106.197,3159,0,0,0,35,10,-940.663,-88.8366,1.5
1650003175,106.235,0,0,-106.235,106.235,3175,0,0,0,35,8,314.5,-895.402,1.5
1650003265,106.479,0,0,-106.479,106.479,3265,0,0,0,35,18,932.768,287.5,1.5
1650003267,106.481,0,0,-106.481,106.481,3267,0,0,0,35,15,579.367,785.867,1.5
1650003289,106.542,0,0,-106.542,106.542,3289,0,0,0,35,12,-303.5,-935.176,1.5
1650003310,106.597,0,0,-106.597,106.597,3310,0,0,0,35,14,695.635,-703.635,1.5
1651859429,103.399,0,0,-103.399,103.399,2293,5,529.466,-433.466,1.5,0,0,0,35
1652858477,97.6764,0,0,-97.6764,97.6764,1341,1,-24.4598,-400,1.5,0,0,0,35
1652860425,106.542,0,0,-106.542,106.542,3289,12,-303.5,-935.176,1.5,0,0,0,35
1657859289,102.855,0,0,-102.855,102.855,2153,20,64.8774,639.377,1.5,0,0,0,35
1657860311,106.235,0,0,-106.235,106.235,3175,8,314.5,-895.402,1.5,0,0,0,35
1657860401,106.479,0,0,-106.479,106.479,3265,18,932.768,287.5,1.5,0,0,0,35
1666859977,105.277,0,0,-105.277,105.277,2841,17,729.5,435.793,1.5,0,0,0,35
1676072573,92.8571,0,0,-92.8571,92.8571,1144,19,120.093,318.407,1.5,0,0,0,35
1676858014,91.6528,0,0,-91.6528,91.6528,878,6,-238.291,101.291,1.5,0,0,0,35
1677859270,102.796,0,0,-102.796,102.796,2134,2,-617.5,-161.46,1.5,0,0,0,35
1677859824,104.783,0,0,-104.783,104.783,2688,3,598.238,-535.238,1.5,0,0,0,35
1680859198,102.476,0,0,-102.476,102.476,2062,13,515.883,335,1.5,0,0,0,35
1681860446,106.597,0,0,-106.597,106.597,3310,14,695.635,-703.635,1.5,0,0,0,35
1682858170,95.2033,0,0,-95.2033,95.2033,1034,4,277.26,-129.26,1.5,0,0,0,35
1682858457,100.666,0,0,-100.666,100.666,1321,9,-205.737,335.763,1.5,0,0,0,35
1682860000,105.339,0,0,-105.339,105.339,2864,11,-351.5,780.362,1.5,0,0,0,35
1691860295,106.197,0,0,-106.197,106.197,3159,10,-940.663,-88.8366,1.5,0,0,0,35
1693858583,94.219,0,0,-94.219,94.219,1447,16,115.241,414.741,1.5,0,0,0,35
1697860403,106.481,0,0,-106.481,106.481,3267,15,579.367,785.867,1.5,0,0,0,35
1700000878,91.6528,0,0,-91.6528,91.6528,878,0,0,0,35,6,-238.185,101.185,1.5
1700001034,95.2033,0,0,-95.2033,95.2033,1034,0,0,0,35,4,277.153,-129.153,1.5
1700001076,105.096,0,0,-105.096,105.096,1076,0,0,0,35,7,-13.1917,318.692,1.5
1700001144,92.8571,0,0,-92.8571,92.8571,1144,0,0,0,35,19,120.199,318.301,1.5
1700001321,100.666,0,0,-100.666,100.666,1321,0,0,0,35,9,-205.844,335.656,1.5
1700001341,97.6764,0,0,-97.6764,97.6764,1341,0,0,0,35,1,-24.6098,-400,1.5
1700001447,94.219,0,0,-94.219,94.219,1447,0,0,0,35,16,115.135,414.635,1.5
1700002062,102.474,0,0,-102.474,102.474,2062,0,0,0,35,13,515.733,335,1.5
1700002134,102.795,0,0,-102.795,102.795,2134,0,0,0,35,2,-617.5,-161.31,1.5
1700002153,102.854,0,0,-102.854,102.854,2153,0,0,0,35,20,64.7713,639.271,1.5
1700002293,103.397,0,0,-103.397,103.397,2293,0,0,0,35,5,529.36,-433.36,1.5
1700002688,104.781,0,0,-104.781,104.781,2688,0,0,0,35,3,598.132,-535.132,1.5
1700002841,105.276,0,0,-105.276,105.276,2841,0,0,0,35,17,729.5,435.643,1.5
1700002864,105.337,0,0,-105.337,105.337,2864,0,0,0,35,11,-351.5,780.212,1.5
1700003159,106.196,0,0,-106.196,106.196,3159,0,0,0,35,10,-940.557,-88.9427,1.5
1700003175,106.234,0,0,-106.234,106.234,3175,0,0,0,35,8,314.5,-895.252,1.5
1700003265,106.477,0,0,-106.477,106.477,3265,0,0,0,35,18,932.618,287.5,1.5
1700003267,106.48,0,0,-106.48,106.48,3267,0,0,0,35,15,579.261,785.761,1.5
1700003289,106.54,0,0,-106.54,106.54,3289,0,0,0,35,12,-303.5,-935.026,1.5
1700003310,106.595,0,0,-106.595,106.595,3310,0,0,0,35,14,695.529,-703.529,1.5
1700858212,105.096,0,0,-105.096,105.096,1076,7,-13.1917,318.692,1.5,0,0,0,35
1701859429,103.397,0,0,-103.397,103.397,2293,5,529.36,-433.36,1.5,0,0,0,35
1702860425,106.54,0,0,-106.54,106.54,3289,12,-303.5,-935.026,1.5,0,0,0,35
1705858477,97.6764,0,0,-97.6764,97.6764,1341,1,-24.6098,-400,1.5,0,0,0,35
1707859289,102.854,0,0,-102.854,102.854,2153,20,64.7713,639.271,1.5,0,0,0,35
1707860311,106.234,0,0,-106.234,106.234,3175,8,314.5,-895.252,1.5,0,0,0,35
1707860401,106.477,0,0,-106.477,106.477,3265,18,932.618,287.5,1.5,0,0,0,35
1716859977,105.276,0,0,-105.276,105.276,2841,17,729.5,435.643,1.5,0,0,0,35
1726072573,92.8571,0,0,-92.8571,92.8571,1144,19,120.199,318.301,1.5,0,0,0,35
1726858014,91.6528,0,0,-91.6528,91.6528,878,6,-238.185,101.185,1.5,0,0,0,35
1727859270,102.795,0,0,-102.795,102.795,2134,2,-617.5,-161.31,1.5,0,0,0,35
1727859824,104.781,0,0,-104.781,104.781,2688,3,598.132,-535.132,1.5,0,0,0,35
1731859198,102.474,0,0,-102.474,102.474,2062,13,515.733,335,1.5,0,0,0,35
1731860446,106.595,0,0,-106.595,106.595,3310,14,695.529,-703.529,1.5,0,0,0,35
1732858170,95.2033,0,0,-95.2033,95.2033,1034,4,277.153,-129.153,1.5,0,0,0,35
1736858457,100.666,0,0,-100.666,100.666,1321,9,-205.844,335.656,1.5,0,0,0,35
1736860000,105.337,0,0,-105.337,105.337,2864,11,-351.5,780.212,1.5,0,0,0,35
1741860295,106.196,0,0,-106.196,106.196,3159,10,-940.557,-88.9427,1.5,0,0,0,35
1746858583,94.219,0,0,-94.219,94.219,1447,16,115.135,414.635,1.5,0,0,0,35
1747860403,106.48,0,0,-106.48,106.48,3267,15,579.261,785.761,1.5,0,0,0,35
1750000878,91.6528,0,0,-91.6528,91.6528,878,0,0,0,35,6,-238.185,101.185,1.5
1750001034,95.2033,0,0,-95.2033,95.2033,1034,0,0,0,35,4,277.153,-129.153,1.5
1750001076,105.096,0,0,-105.096,105.096,1076,0,0,0,35,7,-13.1917,318.692,1.5
1750001144,92.8571,0,0,-92.8571,92.8571,1144,0,0,0,35,19,120.199,318.301,1.5
1750001321,100.666,0,0,-100.666,100.666,1321,0,0,0,35,9,-205.844,335.656,1.5
1750001341,97.6764,0,0,-97.6764,97.6764,1341,0,0,0,35,1,-24.6098,-400,1.5
1750001447,94.219,0,0,-94.219,94.219,1447,0,0,0,35,16,115.135,414.635,1.5
1750002062,102.474,0,0,-102.474,102.474,2062,0,0,0,35,13,515.733,335,1.5
1750002134,102.795,0,0,-102.795,102.795,2134,0,0,0,35,2,-617.5,-161.31,1.5
1750002153,102.854,0,0,-102.854,102.854,2153,0,0,0,35,20,64.7713,639.271,1.5
1750002293,103.397,0,0,-103.397,103.397,2293,0,0,0,35,5,529.36,-433.36,1.5
1750002688,104.781,0,0,-104.781,104.781,2688,0,0,0,35,3,598.132,-535.132,1.5
1750002841,105.276,0,0,-105.276,105.276,2841,0,0,0,35,17,729.5,435.643,1.5
1750002864,105.337,0,0,-105.337,105.337,2864,0,0,0,35,11,-351.5,780.212,1.5
1750003159,106.196,0,0,-106.196,106.196,3159,0,0,0,35,10,-940.557,-88.9427,1.5
1750003175,106.234,0,0,-106.234,106.234,3175,0,0,0,35,8,314.5,-895.252,1.5
1750003265,106.477,0,0,-106.477,106.477,3265,0,0,0,35,18,932.618,287.5,1.5
1750003267,106.48,0,0,-106.48,106.48,3267,0,0,0,35,15,579.261,785.761,1.5
1750003289,106.54,0,0,-106.54,106.54,3289,0,0,0,35,12,-303.5,-935.026,1.5
1750003310,106.595,0,0,-106.595,106.595,3310,0,0,0,35,14,695.529,-703.529,1.5
1750858212,105.096,0,0,-105.096,105.096,1076,7,-13.1917,318.692,1.5,0,0,0,35
1751859429,103.397,0,0,-103.397,103.397,2293,5,529.36,-433.36,1.5,0,0,0,35
1752860425,106.54,0,0,-106.54,106.54,3289,12,-303.5,-935.026,1.5,0,0,0,35
1755858477,97.6764,0,0,-97.6764,97.6764,1341,1,-24.6098,-400,1.5,0,0,0,35
1757859289,102.854,0,0,-102.854,102.854,2153,20,64.7713,639.271,1.5,0,0,0,35
1757860311,106.234,0,0,-106.234,106.234,3175,8,314.5,-895.252,1.5,0,0,0,35
1757860401,106.477,0,0,-106.477,106.477,3265,18,932.618,287.5,1.5,0,0,0,35
1766859977,105.276,0,0,-105.276,105.276,2841,17,729.5,435.643,1.5,0,0,0,35
1776072573,92.8571,0,0,-92.8571,92.8571,1144,19,120.199,318.301,1.5,0,0,0,35
1776858014,91.6528,0,0,-91.6528,91.6528,878,6,-238.185,101.185,1.5,0,0,0,35
1777859270,102.795,0,0,-102.795,102.795,2134,2,-617.5,-161.31,1.5,0,0,0,35
1777859824,104.781,0,0,-104.781,104.781,2688,3,598.132,-535.132,1.5,0,0,0,35
1781859198,102.474,0,0,-102.474,102.474,2062,13,515.733,335,1.5,0,0,0,35
1781860446,106.595,0,0,-106.595,106.595,3310,14,695.529,-703.529,1.5,0,0,0,35
1782858170,95.2033,0,0,-95.2033,95.2033,1034,4,277.153,-129.153,1.5,0,0,0,35
1786858457,100.666,0,0,-100.666,100.666,1321,9,-205.844,335.656,1.5,0,0,0,35
1791860000,105.337,0,0,-105.337,105.337,2864,11,-351.5,780.212,1.5,0,0,0,35
1791860295,106.196,0,0,-106.196,106.196,3159,10,-940.557,-88.9427,1.5,0,0,0,35
1796858583,94.219,0,0,-94.219,94.219,1447,16,115.135,414.635,1.5,0,0,0,35
1800000878,91.6528,0,0,-91.6528,91.6528,878,0,0,0,35,6,-238.079,101.079,1.5
1800001034,95.2033,0,0,-95.2033,95.2033,1034,0,0,0,35,4,277.047,-129.047,1.5
1800001076,105.096,0,0,-105.096,105.096,1076,0,0,0,35,7,-13.0856,318.586,1.5
1800001144,92.8571,0,0,-92.8571,92.8571,1144,0,0,0,35,19,120.305,318.195,1.5
1800001321,100.666,0,0,-100.666,100.666,1321,0,0,0,35,9,-205.95,335.55,1.5
1800001341,97.6764,0,0,-97.6764,97.6764,1341,0,0,0,35,1,-24.7598,-400,1.5
1800001447,94.219,0,0,-94.219,94.219,1447,0,0,0,35,16,115.029,414.529,1.5
1800002062,102.472,0,0,-102.472,102.472,2062,0,0,0,35,13,515.583,335,1.5
1800002134,102.795,0,0,-102.795,102.795,2134,0,0,0,35,2,-617.5,-161.16,1.5
1800002153,102.852,0,0,-102.852,102.852,2153,0,0,0,35,20,64.6652,639.165,1.5
1800002293,103.395,0,0,-103.395,103.395,2293,0,0,0,35,5,529.254,-433.254,1.5
1800002688,104.78,0,0,-104.78,104.78,2688,0,0,0,35,3,598.026,-535.026,1.5
1800002841,105.275,0,0,-105.275,105.275,2841,0,0,0,35,17,729.5,435.493,1.5
1800002864,105.336,0,0,-105.336,105.336,2864,0,0,0,35,11,-351.5,780.062,1.5
1800003159,106.195,0,0,-106.195,106.195,3159,0,0,0,35,10,-940.451,-89.0488,1.5
1800003175,106.232,0,0,-106.232,106.232,3175,0,0,0,35,8,314.5,-895.102,1.5
1800003265,106.476,0,0,-106.476,106.476,3265,0,0,0,35,18,932.468,287.5,1.5
1800003267,106.478,0,0,-106.478,106.478,3267,0,0,0,35,15,579.155,785.655,1.5
1800003289,106.539,0,0,-106.539,106.539,3289,0,0,0,35,12,-303.5,-934.876,1.5
1800003310,106.594,0,0,-106.594,106.594,3310,0,0,0,35,14,695.423,-703.423,1.5
1800858212,105.096,0,0,-105.096,105.096,1076,7,-13.0856,318.586,1.5,0,0,0,35
1801859429,103.395,0,0,-103.395,103.395,2293,5,529.254,-433.254,1.5,0,0,0,35
1807858477,97.6764,0,0,-97.6764,97.6764,1341,1,-24.7598,-400,1.5,0,0,0,35
1807859289,102.852,0,0,-102.852,102.852,2153,20,64.6652,639.165,1.5,0,0,0,35
1807860311,106.232,0,0,-106.232,106.232,3175,8,314.5,-895.102,1.5,0,0,0,35
1807860401,106.476,0,0,-106.476,106.476,3265,18,932.468,287.5,1.5,0,0,0,35
1811860425,106.539,0,0,-106.539,106.539,3289,12,-303.5,-934.876,1.5,0,0,0,35
1812860403,106.478,0,0,-106.478,106.478,3267,15,579.155,785.655,1.5,0,0,0,35
1816859977,105.275,0,0,-105.275,105.275,2841,17,729.5,435.493,1.5,0,0,0,35
1826072573,92.8571,0,0,-92.8571,92.8571,1144,19,120.305,318.195,1.5,0,0,0,35
1826858014,91.6528,0,0,-91.6528,91.6528,878,6,-238.079,101.079,1.5,0,0,0,35
1827859270,102.795,0,0,-102.795,102.795,2134,2,-617.5,-161.16,1.5,0,0,0,35
1827859824,104.78,0,0,-104.78,104.78,2688,3,598.026,-535.026,1.5,0,0,0,35
1831859198,102.472,0,0,-102.472,102.472,2062,13,515.583,335,1.5,0,0,0,35
1832858170,95.2033,0,0,-95.2033,95.2033,1034,4,277.047,-129.047,1.5,0,0,0,35
1836858457,100.666,0,0,-100.666,100.666,1321,9,-205.95,335.55,1.5,0,0,0,35
1841860000,105.336,0,0,-105.336,105.336,2864,11,-351.5,780.062,1.5,0,0,0,35
1842860295,106.195,0,0,-106.195,106.195,3159,10,-940.451,-89.0488,1.5,0,0,0,35
1847858583,94.219,0,0,-94.219,94.219,1447,16,115.029,414.529,1.5,0,0,0,35
1850000878,91.6528,0,0,-91.6528,91.6528,878,0,0,0,35,6,-238.079,101.079,1.5
1850001034,95.2033,0,0,-95.2033,95.2033,1034,0,0,0,35,4,277.047,-129.047,1.5
1850001076,105.096,0,0,-105.096,105.096,1076,0,0,0,35,7,-13.0856,318.586,1.5
1850001144,92.8571,0,0,-92.8571,92.8571,1144,0,0,0,35,19,120.305,318.195,1.5
1850001321,100.666,0,0,-100.666,100.666,1321,0,0,0,35,9,-205.95,335.55,1.5
1850001341,97.6764,0,0,-97.6764,97.6764,1341,0,0,0,35,1,-24.7598,-400,1.5
1850001447,94.219,0,0,-94.219,94.219,1447,0,0,0,35,16,115.029,414.529,1.5
1850002062,102.472,0,0,-102.472,102.472,2062,0,0,0,35,13,515.583,335,1.5
1850002134,102.795,0,0,-102.795,102.795,2134,0,0,0,35,2,-617.5,-161.16,1.5
1850002153,102.852,0,0,-102.852,102.852,2153,0,0,0,35,20,64.6652,639.165,1.5
1850002293,103.395,0,0,-103.395,103.395,2293,0,0,0,35,5,529.254,-433.254,1.5
1850002688,104.78,0,0,-104.78,104.78,2688,0,0,0,35,3,598.026,-535.026,1.5
1850002841,105.275,0,0,-105.275,105.275,2841,0,0,0,35,17,729.5,435.493,1.5
1850002864,105.336,0,0,-105.336,105.336,2864,0,0,0,35,11,-351.5,780.062,1.5
1850003159,106.195,0,0,-106.195,106.195,3159,0,0,0,35,10,-940.451,-89.0488,1.5
1850003175,106.232,0,0,-106.232,106.232,3175,0,0,0,35,8,314.5,-895.102,1.5
1850003265,106.476,0,0,-106.476,106.476,3265,0,0,0,35,18,932.468,287.5,1.5
1850003267,106.478,0,0,-106.478,106.478,3267,0,0,0,35,15,579.155,785.655,1.5
1850003289,106.539,0,0,-106.539,106.539,3289,0,0,0,35,12,-303.5,-934.876,1.5
1850003310,106.594,0,0,-106.594,106.594,3310,0,0,0,35,14,695.423,-703.423,1.5
1852859429,103.395,0,0,-103.395,103.395,2293,5,529.254,-433.254,1.5,0,0,0,35
1856858212,105.096,0,0,-105.096,105.096,1076,7,-13.0856,318.586,1.5,0,0,0,35
1857858477,97.6764,0,0,-97.6764,97.6764,1341,1,-24.7598,-400,1.5,0,0,0,35
1857859289,102.852,0,0,-102.852,102.852,2153,20,64.6652,639.165,1.5,0,0,0,35
1857860311,106.232,0,0,-106.232,106.232,3175,8,314.5,-895.102,1.5,0,0,0,35
1857860401,106.476,0,0,-106.476,106.476,3265,18,932.468,287.5,1.5,0,0,0,35
1857860446,106.594,0,0,-106.594,106.594,3310,14,695.423,-703.423,1.5,0,0,0,35
1861860425,106.539,0,0,-106.539,106.539,3289,12,-303.5,-934.876,1.5,0,0,0,35
1862860403,106.478,0,0,-106.478,106.478,3267,15,579.155,785.655,1.5,0,0,0,35
1866859977,105.275,0,0,-105.275,105.275,2841,17,729.5,435.493,1.5,0,0,0,35
1876072573,92.8571,0,0,-92.8571,92.8571,1144,19,120.305,318.195,1.5,0,0,0,35
1876858014,91.6528,0,0,-91.6528,91.6528,878,6,-238.079,101.079,1.5,0,0,0,35
1877859270,102.795,0,0,-102.795,102.795,2134,2,-617.5,-161.16,1.5,0,0,0,35
1877859824,104.78,0,0,-104.78,104.78,2688,3,598.026,-535.026,1.5,0,0,0,35
1881859198,102.472,0,0,-102.472,102.472,2062,13,515.583,335,1.5,0,0,0,35
1887858457,100.666,0,0,-100.666,100.666,1321,9,-205.95,335.55,1.5,0,0,0,35
1891860000,105.336,0,0,-105.336,105.336,2864,11,-351.5,780.062,1.5,0,0,0,35
1892858170,95.2033,0,0,-95.2033,95.2033,1034,4,277.047,-129.047,1.5,0,0,0,35
1892860295,106.195,0,0,-106.195,106.195,3159,10,-940.451,-89.0488,1.5,0,0,0,35
1897858583,94.219,0,0,-94.219,94.219,1447,16,115.029,414.529,1.5,0,0,0,35
1900000878,91.6528,0,0,-91.6528,91.6528,878,0,0,0,35,6,-237.973,100.973,1.5
1900001034,95.2033,0,0,-95.2033,95.2033,1034,0,0,0,35,4,276.941,-128.941,1.5
1900001076,105.096,0,0,-105.096,105.096,1076,0,0,0,35,7,-12.9796,318.48,1.5
1900001144,92.8571,0,0,-92.8571,92.8571,1144,0,0,0,35,19,120.411,318.089,1.5
1900001321,100.666,0,0,-100.666,100.666,1321,0,0,0,35,9,-206.056,335.444,1.5
1900001341,97.6764,0,0,-97.6764,97.6764,1341,0,0,0,35,1,-24.9098,-400,1.5
1900001447,94.219,0,0,-94.219,94.219,1447,0,0,0,35,16,114.923,414.423,1.5
1900002062,102.471,0,0,-102.471,102.471,2062,0,0,0,35,13,515.433,335,1.5
1900002134,102.794,0,0,-102.794,102.794,2134,0,0,0,35,2,-617.5,-161.01,1.5
1900002153,102.851,0,0,-102.851,102.851,2153,0,0,0,35,20,64.5592,639.059,1.5
1900002293,103.393,0,0,-103.393,103.393,2293,0,0,0,35,5,529.148,-433.148,1.5
1900002688,104.778,0,0,-104.778,104.778,2688,0,0,0,35,3,597.92,-534.92,1.5
1900002841,105.274,0,0,-105.274,105.274,2841,0,0,0,35,17,729.5,435.343,1.5
1900002864,105.335,0,0,-105.335,105.335,2864,0,0,0,35,11,-351.5,779.912,1.5
1900003159,106.194,0,0,-106.194,106.194,3159,0,0,0,35,10,-940.345,-89.1548,1.5
1900003175,106.231,0,0,-106.231,106.231,3175,0,0,0,35,8,314.5,-894.952,1.5
1900003265,106.475,0,0,-106.475,106.475,3265,0,0,0,35,18,932.318,287.5,1.5
1900003267,106.477,0,0,-106.477,106.477,3267,0,0,0,35,15,579.049,785.549,1.5
1900003289,106.538,0,0,-106.538,106.538,3289,0,0,0,35,12,-303.5,-934.726,1.5
1900003310,106.593,0,0,-106.593,106.593,3310,0,0,0,35,14,695.317,-703.317,1.5
1906858212,105.096,0,0,-105.096,105.096,1076,7,-12.9796,318.48,1.5,0,0,0,35
1907858477,97.6764,0,0,-97.6764,97.6764,1341,1,-24.9098,-400,1.5,0,0,0,35
1907860311,106.231,0,0,-106.231,106.231,3175,8,314.5,-894.952,1.5,0,0,0,35
1907860401,106.475,0,0,-106.475,106.475,3265,18,932.318,287.5,1.5,0,0,0,35
1907860446,106.593,0,0,-106.593,106.593,3310,14,695.317,-703.317,1.5,0,0,0,35
1911859289,102.851,0,0,-102.851,102.851,2153,20,64.5592,639.059,1.5,0,0,0,35
1911859429,103.393,0,0,-103.393,103.393,2293,5,529.148,-433.148,1.5,0,0,0,35
1911860425,106.538,0,0,-106.538,106.538,3289,12,-303.5,-934.726,1.5,0,0,0,35
1912860403,106.477,0,0,-106.477,106.477,3267,15,579.049,785.549,1.5,0,0,0,35
1916859977,105.274,0,0,-105.274,105.274,2841,17,729.5,435.343,1.5,0,0,0,35
1926072573,92.8571,0,0,-92.8571,92.8571,1144,19,120.411,318.089,1.5,0,0,0,35
1926858014,91.6528,0,0,-91.6528,91.6528,878,6,-237.973,100.973,1.5,0,0,0,35
1927859270,102.794,0,0,-102.794,102.794,2134,2,-617.5,-161.01,1.5,0,0,0,35
1927859824,104.778,0,0,-104.778,104.778,2688,3,597.92,-534.92,1.5,0,0,0,35
1932859198,102.471,0,0,-102.471,102.471,2062,13,515.433,335,1.5,0,0,0,35
1937858457,100.666,0,0,-100.666,100.666,1321,9,-206.056,335.444,1.5,0,0,0,35
1942858170,95.2033,0,0,-95.2033,95.2033,1034,4,276.941,-128.941,1.5,0,0,0,35
1942860000,105.335,0,0,-105.335,105.335,2864,11,-351.5,779.912,1.5,0,0,0,35
1947858583,94.219,0,0,-94.219,94.219,1447,16,114.923,414.423,1.5,0,0,0,35
1950000878,91.6528,0,0,-91.6528,91.6528,878,0,0,0,35,6,-237.973,100.973,1.5
1950001034,95.2033,0,0,-95.2033,95.2033,1034,0,0,0,35,4,276.941,-128.941,1.5
1950001076,105.096,0,0,-105.096,105.096,1076,0,0,0,35,7,-12.9796,318.48,1.5
1950001144,92.8571,0,0,-92.8571,92.8571,1144,0,0,0,35,19,120.411,318.089,1.5
1950001321,100.666,0,0,-100.666,100.666,1321,0,0,0,35,9,-206.056,335.444,1.5
1950001341,97.6764,0,0,-97.6764,97.6764,1341,0,0,0,35,1,-24.9098,-400,1.5
1950001447,94.219,0,0,-94.219,94.219,1447,0,0,0,35,16,114.923,414.423,1.5
1950002062,102.471,0,0,-102.471,102.471,2062,0,0,0,35,13,515.433,335,1.5
1950002134,102.794,0,0,-102.794,102.794,2134,0,0,0,35,2,-617.5,-161.01,1.5
1950002153,102.851,0,0,-102.851,102.851,2153,0,0,0,35,20,64.5592,639.059,1.5
1950002293,103.393,0,0,-103.393,103.393,2293,0,0,0,35,5,529.148,-433.148,1.5
1950002688,104.778,0,0,-104.778,104.778,2688,0,0,0,35,3,597.92,-534.92,1.5
1950002841,105.274,0,0,-105.274,105.274,2841,0,0,0,35,17,729.5,435.343,1.5
1950002864,105.335,0,0,-105.335,105.335,2864,0,0,0,35,11,-351.5,779.912,1.5
1950003159,106.194,0,0,-106.194,106.194,3159,0,0,0,35,10,-940.345,-89.1548,1.5
1950003175,106.231,0,0,-106.231,106.231,3175,0,0,0,35,8,314.5,-894.952,1.5
1950003265,106.475,0,0,-106.475,106.475,3265,0,0,0,35,18,932.318,287.5,1.5
1950003267,106.477,0,0,-106.477,106.477,3267,0,0,0,35,15,579.049,785.549,1.5
1950003289,106.538,0,0,-106.538,106.538,3289,0,0,0,35,12,-303.5,-934.726,1.5
1950003310,106.593,0,0,-106.593,106.593,3310,0,0,0,35,14,695.317,-703.317,1.5
1951860295,106.194,0,0,-106.194,106.194,3159,10,-940.345,-89.1548,1.5,0,0,0,35
1956858212,105.096,0,0,-105.096,105.096,1076,7,-12.9796,318.48,1.5,0,0,0,35
1957858477,97.6764,0,0,-97.6764,97.6764,1341,1,-24.9098,-400,1.5,0,0,0,35
1957860311,106.231,0,0,-106.231,106.231,3175,8,314.5,-894.952,1.5,0,0,0,35
1957860401,106.475,0,0,-106.475,106.475,3265,18,932.318,287.5,1.5,0,0,0,35
1961859289,102.851,0,0,-102.851,102.851,2153,20,64.5592,639.059,1.5,0,0,0,35
1961859429,103.393,0,0,-103.393,103.393,2293,5,529.148,-433.148,1.5,0,0,0,35
1961860425,106.538,0,0,-106.538,106.538,3289,12,-303.5,-934.726,1.5,0,0,0,35
1961860446,106.593,0,0,-106.593,106.593,3310,14,695.317,-703.317,1.5,0,0,0,35
1962860403,106.477,0,0,-106.477,106.477,3267,15,579.049,785.549,1.5,0,0,0,35
1966859977,105.274,0,0,-105.274,105.274,2841,17,729.5,435.343,1.5,0,0,0,35
1976072573,92.8571,0,0,-92.8571,92.8571,1144,19,120.411,318.089,1.5,0,0,0,35
1976858014,91.6528,0,0,-91.6528,91.6528,878,6,-237.973,100.973,1.5,0,0,0,35
1977859824,104.778,0,0,-104.778,104.778,2688,3,597.92,-534.92,1.5,0,0,0,35
1982859198,102.471,0,0,-102.471,102.471,2062,13,515.433,335,1.5,0,0,0,35
1987858457,100.666,0,0,-100.666,100.666,1321,9,-206.056,335.444,1.5,0,0,0,35
1991859270,102.794,0,0,-102.794,102.794,2134,2,-617.5,-161.01,1.5,0,0,0,35
1992858170,95.2033,0,0,-95.2033,95.2033,1034,4,276.941,-128.941,1.5,0,0,0,35
1992860000,105.335,0,0,-105.335,105.335,2864,11,-351.5,779.912,1.5,0,0,0,35
1997858583,94.219,0,0,-94.219,94.219,1447,16,114.923,414.423,1.5,0,0,0,35
2000000878,91.6528,0,0,-91.6528,91.6528,878,0,0,0,35,6,-237.867,100.867,1.5
2000001034,95.2033,0,0,-95.2033,95.2033,1034,0,0,0,35,4,276.835,-128.835,1.5
2000001076,105.096,0,0,-105.096,105.096,1076,0,0,0,35,7,-12.8735,318.374,1.5
2000001144,92.8571,0,0,-92.8571,92.8571,1144,0,0,0,35,19,120.517,317.983,1.5
2000001321,100.666,0,0,-100.666,100.666,1321,0,0,0,35,9,-206.162,335.338,1.5
2000001341,97.6764,0,0,-97.6764,97.6764,1341,0,0,0,35,1,-25.0598,-400,1.5
2000001447,94.219,0,0,-94.219,94.219,1447,0,0,0,35,16,114.817,414.317,1.5
2000002062,102.469,0,0,-102.469,102.469,2062,0,0,0,35,13,515.283,335,1.5
2000002134,102.794,0,0,-102.794,102.794,2134,0,0,0,35,2,-617.5,-160.86,1.5
2000002153,102.849,0,0,-102.849,102.849,2153,0,0,0,35,20,64.4531,638.953,1.5
2000002293,103.391,0,0,-103.391,103.391,2293,0,0,0,35,5,529.042,-433.042,1.5
2000002688,104.776,0,0,-104.776,104.776,2688,0,0,0,35,3,597.814,-534.814,1.5
2000002841,105.273,0,0,-105.273,105.273,2841,0,0,0,35,17,729.5,435.193,1.5
2000002864,105.333,0,0,-105.333,105.333,2864,0,0,0,35,11,-351.5,779.762,1.5
2000003159,106.193,0,0,-106.193,106.193,3159,0,0,0,35,10,-940.239,-89.2609,1.5
2000003175,106.23,0,0,-106.23,106.23,3175,0,0,0,35,8,314.5,-894.802,1.5
2000003265,106.474,0,0,-106.474,106.474,3265,0,0,0,35,18,932.168,287.5,1.5
2000003267,106.476,0,0,-106.476,106.476,3267,0,0,0,35,15,578.943,785.443,1.5
2000003289,106.537,0,0,-106.537,106.537,3289,0,0,0,35,12,-303.5,-934.576,1.5
2000003310,106.592,0,0,-106.592,106.592,3310,0,0,0,35,14,695.211,-703.211,1.5
2001860295,106.193,0,0,-106.193,106.193,3159,10,-940.239,-89.2609,1.5,0,0,0,35
2006858212,105.096,0,0,-105.096,105.096,1076,7,-12.8735,318.374,1.5,0,0,0,35
2009787049,97.6764,0,0,-97.6764,97.6764,1341,1,-25.0598,-400,1.5,0,0,0,35
2011860446,106.592,0,0,-106.592,106.592,3310,14,695.211,-703.211,1.5,0,0,0,35
2012788997,106.537,0,0,-106.537,106.537,3289,12,-303.5,-934.576,1.5,0,0,0,35
2012859289,102.849,0,0,-102.849,102.849,2153,20,64.4531,638.953,1.5,0,0,0,35
2012859429,103.391,0,0,-103.391,103.391,2293,5,529.042,-433.042,1.5,0,0,0,35
2012860403,106.476,0,0,-106.476,106.476,3267,15,578.943,785.443,1.5,0,0,0,35
2014788883,106.23,0,0,-106.23,106.23,3175,8,314.5,-894.802,1.5,0,0,0,35
2016788973,106.474,0,0,-106.474,106.474,3265,18,932.168,287.5,1.5,0,0,0,35
2016859977,105.273,0,0,-105.273,105.273,2841,17,729.5,435.193,1.5,0,0,0,35
2026072573,92.8571,0,0,-92.8571,92.8571,1144,19,120.517,317.983,1.5,0,0,0,35
2026858014,91.6528,0,0,-91.6528,91.6528,878,6,-237.867,100.867,1.5,0,0,0,35
2027859824,104.776,0,0,-104.776,104.776,2688,3,597.814,-534.814,1.5,0,0,0,35
2032859198,102.469,0,0,-102.469,102.469,2062,13,515.283,335,1.5,0,0,0,35
2037858457,100.666,0,0,-100.666,100.666,1321,9,-206.162,335.338,1.5,0,0,0,35
2041859270,102.794,0,0,-102.794,102.794,2134,2,-617.5,-160.86,1.5,0,0,0,35
2042860000,105.333,0,0,-105.333,105.333,2864,11,-351.5,779.762,1.5,0,0,0,35
2050000878,91.6528,0,0,-91.6528,91.6528,878,0,0,0,35,6,-237.867,100.867,1.5
2050001034,95.2033,0,0,-95.2033,95.2033,1034,0,0,0,35,4,276.835,-128.835,1.5
2050001076,105.096,0,0,-105.096,105.096,1076,0,0,0,35,7,-12.8735,318.374,1.5
2050001144,92.8571,0,0,-92.8571,92.8571,1144,0,0,0,35,19,120.517,317.983,1.5
2050001321,100.666,0,0,-100.666,100.666,1321,0,0,0,35,9,-206.162,335.338,1.5
2050001341,97.6764,0,0,-97.6764,97.6764,1341,0,0,0,35,1,-25.0598,-400,1.5
2050001447,94.219,0,0,-94.219,94.219,1447,0,0,0,35,16,114.817,414.317,1.5
2050002062,102.469,0,0,-102.469,102.469,2062,0,0,0,35,13,515.283,335,1.5
2050002134,102.794,0,0,-102.794,102.794,2134,0,0,0,35,2,-617.5,-160.86,1.5
2050002153,102.849,0,0,-102.849,102.849,2153,0,0,0,35,20,64.4531,638.953,1.5
2050002293,103.391,0,0,-103.391,103.391,2293,0,0,0,35,5,529.042,-433.042,1.5
2050002688,104.776,0,0,-104.776,104.776,2688,0,0,0,35,3,597.814,-534.814,1.5
2050002841,105.273,0,0,-105.273,105.273,2841,0,0,0,35,17,729.5,435.193,1.5
2050002864,105.333,0,0,-105.333,105.333,2864,0,0,0,35,11,-351.5,779.762,1.5
2050003159,106.193,0,0,-106.193,106.193,3159,0,0,0,35,10,-940.239,-89.2609,1.5
2050003175,106.23,0,0,-106.23,106.23,3175,0,0,0,35,8,314.5,-894.802,1.5
2050003265,106.474,0,0,-106.474,106.474,3265,0,0,0,35,18,932.168,287.5,1.5
2050003267,106.476,0,0,-106.476,106.476,3267,0,0,0,35,15,578.943,785.443,1.5
2050003289,106.537,0,0,-106.537,106.537,3289,0,0,0,35,12,-303.5,-934.576,1.5
2050003310,106.592,0,0,-106.592,106.592,3310,0,0,0,35,14,695.211,-703.211,1.5
2051858170,95.2033,0,0,-95.2033,95.2033,1034,4,276.835,-128.835,1.5,0,0,0,35
2051860295,106.193,0,0,-106.193,106.193,3159,10,-940.239,-89.2609,1.5,0,0,0,35
2056858212,105.096,0,0,-105.096,105.096,1076,7,-12.8735,318.374,1.5,0,0,0,35
2060858477,97.6764,0,0,-97.6764,97.6764,1341,1,-25.0598,-400,1.5,0,0,0,35
2061860446,106.592,0,0,-106.592,106.592,3310,14,695.211,-703.211,1.5,0,0,0,35
2062858583,94.219,0,0,-94.219,94.219,1447,16,114.817,414.317,1.5,0,0,0,35
2062859289,102.849,0,0,-102.849,102.849,2153,20,64.4531,638.953,1.5,0,0,0,35
2062859429,103.391,0,0,-103.391,103.391,2293,5,529.042,-433.042,1.5,0,0,0,35
2062860425,106.537,0,0,-106.537,106.537,3289,12,-303.5,-934.576,1.5,0,0,0,35
2067859977,105.273,0,0,-105.273,105.273,2841,17,729.5,435.193,1.5,0,0,0,35
2067860311,106.23,0,0,-106.23,106.23,3175,8,314.5,-894.802,1.5,0,0,0,35
2067860401,106.474,0,0,-106.474,106.474,3265,18,932.168,287.5,1.5,0,0,0,35
2076072573,92.8571,0,0,-92.8571,92.8571,1144,19,120.517,317.983,1.5,0,0,0,35
2076858014,91.6528,0,0,-91.6528,91.6528,878,6,-237.867,100.867,1.5,0,0,0,35
2077859824,104.776,0,0,-104.776,104.776,2688,3,597.814,-534.814,1.5,0,0,0,35
2081860403,106.476,0,0,-106.476,106.476,3267,15,578.943,785.443,1.5,0,0,0,35
2082859198,102.469,0,0,-102.469,102.469,2062,13,515.283,335,1.5,0,0,0,35
2087858457,100.666,0,0,-100.666,100.666,1321,9,-206.162,335.338,1.5,0,0,0,35
2091859270,102.794,0,0,-102.794,102.794,2134,2,-617.5,-160.86,1.5,0,0,0,35
2092860000,105.333,0,0,-105.333,105.333,2864,11,-351.5,779.762,1.5,0,0,0,35
2100000878,91.6528,0,0,-91.6528,91.6528,878,0,0,0,35,6,-237.761,100.761,1.5
2100001034,95.2033,0,0,-95.2033,95.2033,1034,0,0,0,35,4,276.729,-128.729,1.5
2100001076,105.096,0,0,-105.096,105.096,1076,0,0,0,35,7,-12.7674,318.267,1.5
2100001144,92.8571,0,0,-92.8571,92.8571,1144,0,0,0,35,19,120.623,317.877,1.5
2100001321,100.666,0,0,-100.666,100.666,1321,0,0,0,35,9,-206.268,335.232,1.5
2100001341,97.6764,0,0,-97.6764,97.6764,1341,0,0,0,35,1,-25.2098,-400,1.5
2100001447,94.219,0,0,-94.219,94.219,1447,0,0,0,35,16,114.711,414.211,1.5
2100002062,102.467,0,0,-102.467,102.467,2062,0,0,0,35,13,515.133,335,1.5
2100002134,102.793,0,0,-102.793,102.793,2134,0,0,0,35,2,-617.5,-160.71,1.5
2100002153,102.848,0,0,-102.848,102.848,2153,0,0,0,35,20,64.347,638.847,1.5
2100002293,103.389,0,0,-103.389,103.389,2293,0,0,0,35,5,528.936,-432.936,1.5
2100002688,104.775,0,0,-104.775,104.775,2688,0,0,0,35,3,597.708,-534.708,1.5
2100002841,105.273,0,0,-105.273,105.273,2841,0,0,0,35,17,729.5,435.043,1.5
2100002864,105.332,0,0,-105.332,105.332,2864,0,0,0,35,11,-351.5,779.612,1.5
2100003159,106.192,0,0,-106.192,106.192,3159,0,0,0,35,10,-940.133,-89.3669,1.5
2100003175,106.228,0,0,-106.228,106.228,3175,0,0,0,35,8,314.5,-894.652,1.5
2100003265,106.472,0,0,-106.472,106.472,3265,0,0,0,35,18,932.018,287.5,1.5
2100003267,106.475,0,0,-106.475,106.475,3267,0,0,0,35,15,578.837,785.337,1.5
2100003289,106.535,0,0,-106.535,106.535,3289,0,0,0,35,12,-303.5,-934.426,1.5
2100003310,106.59,0,0,-106.59,106.59,3310,0,0,0,35,14,695.105,-703.105,1.5
2101858170,95.2033,0,0,-95.2033,95.2033,1034,4,276.729,-128.729,1.5,0,0,0,35
2101860295,106.192,0,0,-106.192,106.192,3159,10,-940.133,-89.3669,1.5,0,0,0,35
2106858212,105.096,0,0,-105.096,105.096,1076,7,-12.7674,318.267,1.5,0,0,0,35
2112858477,97.6764,0,0,-97.6764,97.6764,1341,1,-25.2098,-400,1.5,0,0,0,35
2112858583,94.219,0,0,-94.219,94.219,1447,16,114.711,414.211,1.5,0,0,0,35
2112859289,102.848,0,0,-102.848,102.848,2153,20,64.347,638.847,1.5,0,0,0,35
2112859429,103.389,0,0,-103.389,103.389,2293,5,528.936,-432.936,1.5,0,0,0,35
2112860425,106.535,0,0,-106.535,106.535,3289,12,-303.5,-934.426,1.5,0,0,0,35
2112860446,106.59,0,0,-106.59,106.59,3310,14,695.105,-703.105,1.5,0,0,0,35
2117859977,105.273,0,0,-105.273,105.273,2841,17,729.5,435.043,1.5,0,0,0,35
2117860311,106.228,0,0,-106.228,106.228,3175,8,314.5,-894.652,1.5,0,0,0,35
2117860401,106.472,0,0,-106.472,106.472,3265,18,932.018,287.5,1.5,0,0,0,35
2126072573,92.8571,0,0,-92.8571,92.8571,1144,19,120.623,317.877,1.5,0,0,0,35
2127859824,104.775,0,0,-104.775,104.775,2688,3,597.708,-534.708,1.5,0,0,0,35
2131860403,106.475,0,0,-106.475,106.475,3267,15,578.837,785.337,1.5,0,0,0,35
2132858014,91.6528,0,0,-91.6528,91.6528,878,6,-237.761,100.761,1.5,0,0,0,35
2136859198,102.467,0,0,-102.467,102.467,2062,13,515.133,335,1.5,0,0,0,35
2137858457,100.666,0,0,-100.666,100.666,1321,9,-206.268,335.232,1.5,0,0,0,35
2142860000,105.332,0,0,-105.332,105.332,2864,11,-351.5,779.612,1.5,0,0,0,35
2150000878,91.6528,0,0,-91.6528,91.6528,878,0,0,0,35,6,-237.761,100.761,1.5
2150001034,95.2033,0,0,-95.2033,95.2033,1034,0,0,0,35,4,276.729,-128.729,1.5
2150001076,105.096,0,0,-105.096,105.096,1076,0,0,0,35,7,-12.7674,318.267,1.5
2150001144,92.8571,0,0,-92.8571,92.8571,1144,0,0,0,35,19,120.623,317.877,1.5
2150001321,100.666,0,0,-100.666,100.666,1321,0,0,0,35,9,-206.268,335.232,1.5
2150001341,97.6764,0,0,-97.6764,97.6764,1341,0,0,0,35,1,-25.2098,-400,1.5
2150001447,94.219,0,0,-94.219,94.219,1447,0,0,0,35,16,114.711,414.211,1.5
2150002062,102.467,0,0,-102.467,102.467,2062,0,0,0,35,13,515.133,335,1.5
2150002134,102.793,0,0,-102.793,102.793,2134,0,0,0,35,2,-617.5,-160.71,1.5
2150002153,102.848,0,0,-102.848,102.848,2153,0,0,0,35,20,64.347,638.847,1.5
2150002293,103.389,0,0,-103.389,103.389,2293,0,0,0,35,5,528.936,-432.936,1.5
2150002688,104.775,0,0,-104.775,104.775,2688,0,0,0,35,3,597.708,-534.708,1.5
2150002841,105.273,0,0,-105.273,105.273,2841,0,0,0,35,17,729.5,435.043,1.5
2150002864,105.332,0,0,-105.332,105.332,2864,0,0,0,35,11,-351.5,779.612,1.5
2150003159,106.192,0,0,-106.192,106.192,3159,0,0,0,35,10,-940.133,-89.3669,1.5
2150003175,106.228,0,0,-106.228,106.228,3175,0,0,0,35,8,314.5,-894.652,1.5
2150003265,106.472,0,0,-106.472,106.472,3265,0,0,0,35,18,932.018,287.5,1.5
2150003267,106.475,0,0,-106.475,106.475,3267,0,0,0,35,15,578.837,785.337,1.5
2150003289,106.535,0,0,-106.535,106.535,3289,0,0,0,35,12,-303.5,-934.426,1.5
2150003310,106.59,0,0,-106.59,106.59,3310,0,0,0,35,14,695.105,-703.105,1.5
2151859270,102.793,0,0,-102.793,102.793,2134,2,-617.5,-160.71,1.5,0,0,0,35
2151860295,106.192,0,0,-106.192,106.192,3159,10,-940.133,-89.3669,1.5,0,0,0,35
2156858212,105.096,0,0,-105.096,105.096,1076,7,-12.7674,318.267,1.5,0,0,0,35
2162858170,95.2033,0,0,-95.2033,95.2033,1034,4,276.729,-128.729,1.5,0,0,0,35
2162858477,97.6764,0,0,-97.6764,97.6764,1341,1,-25.2098,-400,1.5,0,0,0,35
2162858583,94.219,0,0,-94.219,94.219,1447,16,114.711,414.211,1.5,0,0,0,35
2162859289,102.848,0,0,-102.848,102.848,2153,20,64.347,638.847,1.5,0,0,0,35
2162859429,103.389,0,0,-103.389,103.389,2293,5,528.936,-432.936,1.5,0,0,0,35
2162860425,106.535,0,0,-106.535,106.535,3289,12,-303.5,-934.426,1.5,0,0,0,35
2162860446,106.59,0,0,-106.59,106.59,3310,14,695.105,-703.105,1.5,0,0,0,35
2167859977,105.273,0,0,-105.273,105.273,2841,17,729.5,435.043,1.5,0,0,0,35
2167860311,106.228,0,0,-106.228,106.228,3175,8,314.5,-894.652,1.5,0,0,0,35
2167860401,106.472,0,0,-106.472,106.472,3265,18,932.018,287.5,1.5,0,0,0,35
2176072573,92.8571,0,0,-92.8571,92.8571,1144,19,120.623,317.877,1.5,0,0,0,35
2177859824,104.775,0,0,-104.775,104.775,2688,3,597.708,-534.708,1.5,0,0,0,35
2181860403,106.475,0,0,-106.475,106.475,3267,15,578.837,785.337,1.5,0,0,0,35
2182858014,91.6528,0,0,-91.6528,91.6528,878,6,-237.761,100.761,1.5,0,0,0,35
2186859198,102.467,0,0,-102.467,102.467,2062,13,515.133,335,1.5,0,0,0,35
2192860000,105.332,0,0,-105.332,105.332,2864,11,-351.5,779.612,1.5,0,0,0,35
2200000878,91.6528,0,0,-91.6528,91.6528,878,0,0,0,35,6,-237.655,100.655,1.5
2200001034,95.2033,0,0,-95.2033,95.2033,1034,0,0,0,35,4,276.623,-128.623,1.5
2200001076,105.096,0,0,-105.096,105.096,1076,0,0,0,35,7,-12.6614,318.161,1.5
2200001144,92.8571,0,0,-92.8571,92.8571,1144,0,0,0,35,19,120.729,317.771,1.5
2200001321,100.666,0,0,-100.666,100.666,1321,0,0,0,35,9,-206.374,335.126,1.5
2200001341,97.6764,0,0,-97.6764,97.6764,1341,0,0,0,35,1,-25.3598,-400,1.5
2200001447,94.219,0,0,-94.219,94.219,1447,0,0,0,35,16,114.605,414.105,1.5
2200002062,102.465,0,0,-102.465,102.465,2062,0,0,0,35,13,514.983,335,1.5
2200002134,102.793,0,0,-102.793,102.793,2134,0,0,0,35,2,-617.5,-160.56,1.5
2200002153,102.846,0,0,-102.846,102.846,2153,0,0,0,35,20,64.241,638.741,1.5
2200002293,103.388,0,0,-103.388,103.388,2293,0,0,0,35,5,528.83,-432.83,1.5
2200002688,104.773,0,0,-104.773,104.773,2688,0,0,0,35,3,597.602,-534.602,1.5
2200002841,105.272,0,0,-105.272,105.272,2841,0,0,0,35,17,729.5,434.893,1.5
2200002864,105.33,0,0,-105.33,105.33,2864,0,0,0,35,11,-351.5,779.462,1.5
2200003159,106.191,0,0,-106.191,106.191,3159,0,0,0,35,10,-940.027,-89.473,1.5
2200003175,106.227,0,0,-106.227,106.227,3175,0,0,0,35,8,314.5,-894.502,1.5
2200003265,106.471,0,0,-106.471,106.471,3265,0,0,0,35,18,931.868,287.5,1.5
2200003267,106.473,0,0,-106.473,106.473,3267,0,0,0,35,15,578.731,785.231,1.5
2200003289,106.534,0,0,-106.534,106.534,3289,0,0,0,35,12,-303.5,-934.276,1.5
2200003310,106.589,0,0,-106.589,106.589,3310,0,0,0,35,14,694.999,-702.999,1.5
2201860295,106.191,0,0,-106.191,106.191,3159,10,-940.027,-89.473,1.5,0,0,0,35
2202859270,102.793,0,0,-102.793,102.793,2134,2,-617.5,-160.56,1.5,0,0,0,35
2210858212,105.096,0,0,-105.096,105.096,1076,7,-12.6614,318.161,1.5,0,0,0,35
2211858457,100.666,0,0,-100.666,100.666,1321,9,-206.374,335.126,1.5,0,0,0,35
2212858170,95.2033,0,0,-95.2033,95.2033,1034,4,276.623,-128.623,1.5,0,0,0,35
2212858477,97.6764,0,0,-97.6764,97.6764,1341,1,-25.3598,-400,1.5,0,0,0,35
2212858583,94.219,0,0,-94.219,94.219,1447,16,114.605,414.105,1.5,0,0,0,35
2212859289,102.846,0,0,-102.846,102.846,2153,20,64.241,638.741,1.5,0,0,0,35
2212859429,103.388,0,0,-103.388,103.388,2293,5,528.83,-432.83,1.5,0,0,0,35
2212860425,106.534,0,0,-106.534,106.534,3289,12,-303.5,-934.276,1.5,0,0,0,35
2216860446,106.589,0,0,-106.589,106.589,3310,14,694.999,-702.999,1.5,0,0,0,35
2217859977,105.272,0,0,-105.272,105.272,2841,17,729.5,434.893,1.5,0,0,0,35
2217860311,106.227,0,0,-106.227,106.227,3175,8,314.5,-894.502,1.5,0,0,0,35
2217860401,106.471,0,0,-106.471,106.471,3265,18,931.868,287.5,1.5,0,0,0,35
2226072573,92.8571,0,0,-92.8571,92.8571,1144,19,120.729,317.771,1.5,0,0,0,35
2230859824,104.773,0,0,-104.773,104.773,2688,3,597.602,-534.602,1.5,0,0,0,35
2231860403,106.473,0,0,-106.473,106.473,3267,15,578.731,785.231,1.5,0,0,0,35
2232858014,91.6528,0,0,-91.6528,91.6528,878,6,-237.655,100.655,1.5,0,0,0,35
2242859198,102.465,0,0,-102.465,102.465,2062,13,514.983,335,1.5,0,0,0,35
2246860000,105.33,0,0,-105.33,105.33,2864,11,-351.5,779.462,1.5,0,0,0,35
2250000878,91.6528,0,0,-91.6528,91.6528,878,0,0,0,35,6,-237.655,100.655,1.5
2250001034,95.2033,0,0,-95.2033,95.2033,1034,0,0,0,35,4,276.623,-128.623,1.5
2250001076,105.096,0,0,-105.096,105.096,1076,0,0,0,35,7,-12.6614,318.161,1.5
2250001144,92.8571,0,0,-92.8571,92.8571,1144,0,0,0,35,19,120.729,317.771,1.5
2250001321,100.666,0,0,-100.666,100.666,1321,0,0,0,35,9,-206.374,335.126,1.5
2250001341,97.6764,0,0,-97.6764,97.6764,1341,0,0,0,35,1,-25.3598,-400,1.5
2250001447,94.219,0,0,-94.219,94.219,1447,0,0,0,35,16,114.605,414.105,1.5
2250002062,102.465,0,0,-102.465,102.465,2062,0,0,0,35,13,514.983,335,1.5
2250002134,102.793,0,0,-102.793,102.793,2134,0,0,0,35,2,-617.5,-160.56,1.5
2250002153,102.846,0,0,-102.846,102.846,2153,0,0,0,35,20,64.241,638.741,1.5
2250002293,103.388,0,0,-103.388,103.388,2293,0,0,0,35,5,528.83,-432.83,1.5
2250002688,104.773,0,0,-104.773,104.773,2688,0,0,0,35,3,597.602,-534.602,1.5
2250002841,105.272,0,0,-105.272,105.272,2841,0,0,0,35,17,729.5,434.893,1.5
2250002864,105.33,0,0,-105.33,105.33,2864,0,0,0,35,11,-351.5,779.462,1.5
2250003159,106.191,0,0,-106.191,106.191,3159,0,0,0,35,10,-940.027,-89.473,1.5
2250003175,106.227,0,0,-106.227,106.227,3175,0,0,0,35,8,314.5,-894.502,1.5
2250003265,106.471,0,0,-106.471,106.471,3265,0,0,0,35,18,931.868,287.5,1.5
2250003267,106.473,0,0,-106.473,106.473,3267,0,0,0,35,15,578.731,785.231,1.5
2250003289,106.534,0,0,-106.534,106.534,3289,0,0,0,35,12,-303.5,-934.276,1.5
2250003310,106.589,0,0,-106.589,106.589,3310,0,0,0,35,14,694.999,-702.999,1.5
2251860295,106.191,0,0,-106.191,106.191,3159,10,-940.027,-89.473,1.5,0,0,0,35
2252859270,102.793,0,0,-102.793,102.793,2134,2,-617.5,-160.56,1.5,0,0,0,35
2261858212,105.096,0,0,-105.096,105.096,1076,7,-12.6614,318.161,1.5,0,0,0,35
2261858457,100.666,0,0,-100.666,100.666,1321,9,-206.374,335.126,1.5,0,0,0,35
2262858583,94.219,0,0,-94.219,94.219,1447,16,114.605,414.105,1.5,0,0,0,35
2262859289,102.846,0,0,-102.846,102.846,2153,20,64.241,638.741,1.5,0,0,0,35
2262859429,103.388,0,0,-103.388,103.388,2293,5,528.83,-432.83,1.5,0,0,0,35
2263786742,95.2033,0,0,-95.2033,95.2033,1034,4,276.623,-128.623,1.5,0,0,0,35
2266860446,106.589,0,0,-106.589,106.589,3310,14,694.999,-702.999,1.5,0,0,0,35
2267858477,97.6764,0,0,-97.6764,97.6764,1341,1,-25.3598,-400,1.5,0,0,0,35
2267859977,105.272,0,0,-105.272,105.272,2841,17,729.5,434.893,1.5,0,0,0,35
2267860311,106.227,0,0,-106.227,106.227,3175,8,314.5,-894.502,1.5,0,0,0,35
2267860401,106.471,0,0,-106.471,106.471,3265,18,931.868,287.5,1.5,0,0,0,35
2270860425,106.534,0,0,-106.534,106.534,3289,12,-303.5,-934.276,1.5,0,0,0,35
2276072573,92.8571,0,0,-92.8571,92.8571,1144,19,120.729,317.771,1.5,0,0,0,35
2282858014,91.6528,0,0,-91.6528,91.6528,878,6,-237.655,100.655,1.5,0,0,0,35
2282860403,106.473,0,0,-106.473,106.473,3267,15,578.731,785.231,1.5,0,0,0,35
2291859824,104.773,0,0,-104.773,104.773,2688,3,597.602,-534.602,1.5,0,0,0,35
2292859198,102.465,0,0,-102.465,102.465,2062,13,514.983,335,1.5,0,0,0,35
2297860000,105.33,0,0,-105.33,105.33,2864,11,-351.5,779.462,1.5,0,0,0,35
2300000878,91.6528,0,0,-91.6528,91.6528,878,0,0,0,35,6,-237.549,100.549,1.5
2300001034,95.2033,0,0,-95.2033,95.2033,1034,0,0,0,35,4,276.517,-128.517,1.5
2300001076,105.096,0,0,-105.096,105.096,1076,0,0,0,35,7,-12.5553,318.055,1.5
2300001144,92.8571,0,0,-92.8571,92.8571,1144,0,0,0,35,19,120.836,317.664,1.5
2300001321,100.666,0,0,-100.666,100.666,1321,0,0,0,35,9,-206.48,335.02,1.5
2300001341,97.6764,0,0,-97.6764,97.6764,1341,0,0,0,35,1,-25.5098,-400,1.5
2300001447,94.219,0,0,-94.219,94.219,1447,0,0,0,35,16,114.499,413.999,1.5
2300002062,102.463,0,0,-102.463,102.463,2062,0,0,0,35,13,514.833,335,1.5
2300002134,102.792,0,0,-102.792,102.792,2134,0,0,0,35,2,-617.5,-160.41,1.5
2300002153,102.844,0,0,-102.844,102.844,2153,0,0,0,35,20,64.1349,638.635,1.5
2300002293,103.386,0,0,-103.386,103.386,2293,0,0,0,35,5,528.724,-432.724,1.5
2300002688,104.771,0,0,-104.771,104.771,2688,0,0,0,35,3,597.496,-534.496,1.5
2300002841,105.271,0,0,-105.271,105.271,2841,0,0,0,35,17,729.5,434.743,1.5
2300002864,105.329,0,0,-105.329,105.329,2864,0,0,0,35,11,-351.5,779.312,1.5
2300003159,106.19,0,0,-106.19,106.19,3159,0,0,0,35,10,-939.921,-89.5791,1.5
2300003175,106.226,0,0,-106.226,106.226,3175,0,0,0,35,8,314.5,-894.352,1.5
2300003265,106.47,0,0,-106.47,106.47,3265,0,0,0,35,18,931.718,287.5,1.5
2300003267,106.472,0,0,-106.472,106.472,3267,0,0,0,35,15,578.625,785.125,1.5
2300003289,106.533,0,0,-106.533,106.533,3289,0,0,0,35,12,-303.5,-934.126,1.5
2300003310,106.588,0,0,-106.588,106.588,3310,0,0,0,35,14,694.893,-702.893,1.5
2301860295,106.19,0,0,-106.19,106.19,3159,10,-939.921,-89.5791,1.5,0,0,0,35
2302859270,102.792,0,0,-102.792,102.792,2134,2,-617.5,-160.41,1.5,0,0,0,35
2311858212,105.096,0,0,-105.096,105.096,1076,7,-12.5553,318.055,1.5,0,0,0,35
2311858457,100.666,0,0,-100.666,100.666,1321,9,-206.48,335.02,1.5,0,0,0,35
2312858583,94.219,0,0,-94.219,94.219,1447,16,114.499,413.999,1.5,0,0,0,35
2312859429,103.386,0,0,-103.386,103.386,2293,5,528.724,-432.724,1.5,0,0,0,35
2313858170,95.2033,0,0,-95.2033,95.2033,1034,4,276.517,-128.517,1.5,0,0,0,35
2317858477,97.6764,0,0,-97.6764,97.6764,1341,1,-25.5098,-400,1.5,0,0,0,35
2317859977,105.271,0,0,-105.271,105.271,2841,17,729.5,434.743,1.5,0,0,0,35
2317860311,106.226,0,0,-106.226,106.226,3175,8,314.5,-894.352,1.5,0,0,0,35
2317860401,106.47,0,0,-106.47,106.47,3265,18,931.718,287.5,1.5,0,0,0,35
2320860425,106.533,0,0,-106.533,106.533,3289,12,-303.5,-934.126,1.5,0,0,0,35
2322860446,106.588,0,0,-106.588,106.588,3310,14,694.893,-702.893,1.5,0,0,0,35
2326072573,92.8571,0,0,-92.8571,92.8571,1144,19,120.836,317.664,1.5,0,0,0,35
2332858014,91.6528,0,0,-91.6528,91.6528,878,6,-237.549,100.549,1.5,0,0,0,35
2337859289,102.844,0,0,-102.844,102.844,2153,20,64.1349,638.635,1.5,0,0,0,35
2337860403,106.472,0,0,-106.472,106.472,3267,15,578.625,785.125,1.5,0,0,0,35
2342859198,102.463,0,0,-102.463,102.463,2062,13,514.833,335,1.5,0,0,0,35
2342859824,104.771,0,0,-104.771,104.771,2688,3,597.496,-534.496,1.5,0,0,0,35
2347860000,105.329,0,0,-105.329,105.329,2864,11,-351.5,779.312,1.5,0,0,0,35
2350000878,91.6528,0,0,-91.6528,91.6528,878,0,0,0,35,6,-237.549,100.549,1.5
2350001034,95.2033,0,0,-95.2033,95.2033,1034,0,0,0,35,4,276.517,-128.517,1.5
2350001076,105.096,0,0,-105.096,105.096,1076,0,0,0,35,7,-12.5553,318.055,1.5
2350001144,92.8571,0,0,-92.8571,92.8571,1144,0,0,0,35,19,120.836,317.664,1.5
2350001321,100.666,0,0,-100.666,100.666,1321,0,0,0,35,9,-206.48,335.02,1.5
2350001341,97.6764,0,0,-97.6764,97.6764,1341,0,0,0,35,1,-25.5098,-400,1.5
2350001447,94.219,0,0,-94.219,94.219,1447,0,0,0,35,16,114.499,413.999,1.5
2350002062,102.463,0,0,-102.463,102.463,2062,0,0,0,35,13,514.833,335,1.5
2350002134,102.792,0,0,-102.792,102.792,2134,0,0,0,35,2,-617.5,-160.41,1.5
2350002153,102.844,0,0,-102.844,102.844,2153,0,0,0,35,20,64.1349,638.635,1.5
2350002293,103.386,0,0,-103.386,103.386,2293,0,0,0,35,5,528.724,-432.724,1.5
2350002688,104.771,0,0,-104.771,104.771,2688,0,0,0,35,3,597.496,-534.496,1.5
2350002841,105.271,0,0,-105.271,105.271,2841,0,0,0,35,17,729.5,434.743,1.5
2350002864,105.329,0,0,-105.329,105.329,2864,0,0,0,35,11,-351.5,779.312,1.5
2350003159,106.19,0,0,-106.19,106.19,3159,0,0,0,35,10,-939.921,-89.5791,1.5
2350003175,106.226,0,0,-106.226,106.226,3175,0,0,0,35,8,314.5,-894.352,1.5
2350003265,106.47,0,0,-106.47,106.47,3265,0,0,0,35,18,931.718,287.5,1.5
2350003267,106.472,0,0,-106.472,106.472,3267,0,0,0,35,15,578.625,785.125,1.5
2350003289,106.533,0,0,-106.533,106.533,3289,0,0,0,35,12,-303.5,-934.126,1.5
2350003310,106.588,0,0,-106.588,106.588,3310,0,0,0,35,14,694.893,-702.893,1.5
2351860295,106.19,0,0,-106.19,106.19,3159,10,-939.921,-89.5791,1.5,0,0,0,35
2360859270,102.792,0,0,-102.792,102.792,2134,2,-617.5,-160.41,1.5,0,0,0,35
2361858457,100.666,0,0,-100.666,100.666,1321,9,-206.48,335.02,1.5,0,0,0,35
2362858212,105.096,0,0,-105.096,105.096,1076,7,-12.5553,318.055,1.5,0,0,0,35
2362858583,94.219,0,0,-94.219,94.219,1447,16,114.499,413.999,1.5,0,0,0,35
2362859429,103.386,0,0,-103.386,103.386,2293,5,528.724,-432.724,1.5,0,0,0,35
2363858170,95.2033,0,0,-95.2033,95.2033,1034,4,276.517,-128.517,1.5,0,0,0,35
2367858477,97.6764,0,0,-97.6764,97.6764,1341,1,-25.5098,-400,1.5,0,0,0,35
2367860311,106.226,0,0,-106.226,106.226,3175,8,314.5,-894.352,1.5,0,0,0,35
2367860401,106.47,0,0,-106.47,106.47,3265,18,931.718,287.5,1.5,0,0,0,35
2376072573,92.8571,0,0,-92.8571,92.8571,1144,19,120.836,317.664,1.5,0,0,0,35
2376860425,106.533,0,0,-106.533,106.533,3289,12,-303.5,-934.126,1.5,0,0,0,35
2376860446,106.588,0,0,-106.588,106.588,3310,14,694.893,-702.893,1.5,0,0,0,35
2381859977,105.271,0,0,-105.271,105.271,2841,17,729.5,434.743,1.5,0,0,0,35
2382858014,91.6528,0,0,-91.6528,91.6528,878,6,-237.549,100.549,1.5,0,0,0,35
2387859289,102.844,0,0,-102.844,102.844,2153,20,64.1349,638.635,1.5,0,0,0,35
2390860403,106.472,0,0,-106.472,106.472,3267,15,578.625,785.125,1.5,0,0,0,35
2392859198,102.463,0,0,-102.463,102.463,2062,13,514.833,335,1.5,0,0,0,35
2392859824,104.771,0,0,-104.771,104.771,2688,3,597.496,-534.496,1.5,0,0,0,35
2400000878,91.6528,0,0,-91.6528,91.6528,878,0,0,0,35,6,-237.443,100.443,1.5
2400001034,95.2033,0,0,-95.2033,95.2033,1034,0,0,0,35,4,276.411,-128.411,1.5
2400001076,105.096,0,0,-105.096,105.096,1076,0,0,0,35,7,-12.4492,317.949,1.5
2400001144,92.8571,0,0,-92.8571,92.8571,1144,0,0,0,35,19,120.942,317.558,1.5
2400001321,100.666,0,0,-100.666,100.666,1321,0,0,0,35,9,-206.586,334.914,1.5
2400001341,97.6764,0,0,-97.6764,97.6764,1341,0,0,0,35,1,-25.6598,-400,1.5
2400001447,94.219,0,0,-94.219,94.219,1447,0,0,0,35,16,114.392,413.892,1.5
2400002062,102.462,0,0,-102.462,102.462,2062,0,0,0,35,13,514.683,335,1.5
2400002134,102.792,0,0,-102.792,102.792,2134,0,0,0,35,2,-617.5,-160.26,1.5
2400002153,102.843,0,0,-102.843,102.843,2153,0,0,0,35,20,64.0288,638.529,1.5
2400002293,103.384,0,0,-103.384,103.384,2293,0,0,0,35,5,528.618,-432.618,1.5
2400002688,104.77,0,0,-104.77,104.77,2688,0,0,0,35,3,597.39,-534.39,1.5
2400002841,105.27,0,0,-105.27,105.27,2841,0,0,0,35,17,729.5,434.593,1.5
2400002864,105.328,0,0,-105.328,105.328,2864,0,0,0,35,11,-351.5,779.162,1.5
2400003159,106.19,0,0,-106.19,106.19,3159,0,0,0,35,10,-939.815,-89.6851,1.5
2400003175,106.225,0,0,-106.225,106.225,3175,0,0,0,35,8,314.5,-894.202,1.5
2400003265,106.468,0,0,-106.468,106.468,3265,0,0,0,35,18,931.568,287.5,1.5
2400003267,106.471,0,0,-106.471,106.471,3267,0,0,0,35,15,578.518,785.018,1.5
2400003289,106.532,0,0,-106.532,106.532,3289,0,0,0,35,12,-303.5,-933.976,1.5
2400003310,106.586,0,0,-106.586,106.586,3310,0,0,0,35,14,694.786,-702.786,1.5
2401860295,106.19,0,0,-106.19,106.19,3159,10,-939.815,-89.6851,1.5,0,0,0,35
2402860000,105.328,0,0,-105.328,105.328,2864,11,-351.5,779.162,1.5,0,0,0,35
2412858583,94.219,0,0,-94.219,94.219,1447,16,114.392,413.892,1.5,0,0,0,35
2412859270,102.792,0,0,-102.792,102.792,2134,2,-617.5,-160.26,1.5,0,0,0,35
2412859429,103.384,0,0,-103.384,103.384,2293,5,528.618,-432.618,1.5,0,0,0,35
2415858212,105.096,0,0,-105.096,105.096,1076,7,-12.4492,317.949,1.5,0,0,0,35
2417858170,95.2033,0,0,-95.2033,95.2033,1034,4,276.411,-128.411,1.5,0,0,0,35
2417858457,100.666,0,0,-100.666,100.666,1321,9,-206.586,334.914,1.5,0,0,0,35
2417858477,97.6764,0,0,-97.6764,97.6764,1341,1,-25.6598,-400,1.5,0,0,0,35
2417860311,106.225,0,0,-106.225,106.225,3175,8,314.5,-894.202,1.5,0,0,0,35
2417860401,106.468,0,0,-106.468,106.468,3265,18,931.568,287.5,1.5,0,0,0,35
2426072573,92.8571,0,0,-92.8571,92.8571,1144,19,120.942,317.558,1.5,0,0,0,35
2426860425,106.532,0,0,-106.532,106.532,3289,12,-303.5,-933.976,1.5,0,0,0,35
2426860446,106.586,0,0,-106.586,106.586,3310,14,694.786,-702.786,1.5,0,0,0,35
2431859977,105.27,0,0,-105.27,105.27,2841,17,729.5,434.593,1.5,0,0,0,35
2432858014,91.6528,0,0,-91.6528,91.6528,878,6,-237.443,100.443,1.5,0,0,0,35
2441859289,102.843,0,0,-102.843,102.843,2153,20,64.0288,638.529,1.5,0,0,0,35
2442859198,102.462,0,0,-102.462,102.462,2062,13,514.683,335,1.5,0,0,0,35
2442859824,104.77,0,0,-104.77,104.77,2688,3,597.39,-534.39,1.5,0,0,0,35
2442860403,106.471,0,0,-106.471,106.471,3267,15,578.518,785.018,1.5,0,0,0,35
2450000878,91.6528,0,0,-91.6528,91.6528,878,0,0,0,35,6,-237.443,100.443,1.5
2450001034,95.2033,0,0,-95.2033,95.2033,1034,0,0,0,35,4,276.411,-128.411,1.5
2450001076,105.096,0,0,-105.096,105.096,1076,0,0,0,35,7,-12.4492,317.949,1.5
2450001144,92.8571,0,0,-92.8571,92.8571,1144,0,0,0,35,19,120.942,317.558,1.5
2450001321,100.666,0,0,-100.666,100.666,1321,0,0,0,35,9,-206.586,334.914,1.5
2450001341,97.6764,0,0,-97.6764,97.6764,1341,0,0,0,35,1,-25.6598,-400,1.5
2450001447,94.219,0,0,-94.219,94.219,1447,0,0,0,35,16,114.392,413.892,1.5
2450002062,102.462,0,0,-102.462,102.462,2062,0,0,0,35,13,514.683,335,1.5
2450002134,102.792,0,0,-102.792,102.792,2134,0,0,0,35,2,-617.5,-160.26,1.5
2450002153,102.843,0,0,-102.843,102.843,2153,0,0,0,35,20,64.0288,638.529,1.5
2450002293,103.384,0,0,-103.384,103.384,2293,0,0,0,35,5,528.618,-432.618,1.5
2450002688,104.77,0,0,-104.77,104.77,2688,0,0,0,35,3,597.39,-534.39,1.5
2450002841,105.27,0,0,-105.27,105.27,2841,0,0,0,35,17,729.5,434.593,1.5
2450002864,105.328,0,0,-105.328,105.328,2864,0,0,0,35,11,-351.5,779.162,1.5
2450003159,106.19,0,0,-106.19,106.19,3159,0,0,0,35,10,-939.815,-89.6851,1.5
2450003175,106.225,0,0,-106.225,106.225,3175,0,0,0,35,8,314.5,-894.202,1.5
2450003265,106.468,0,0,-106.468,106.468,3265,0,0,0,35,18,931.568,287.5,1.5
2450003267,106.471,0,0,-106.471,106.471,3267,0,0,0,35,15,578.518,785.018,1.5
2450003289,106.532,0,0,-106.532,106.532,3289,0,0,0,35,12,-303.5,-933.976,1.5
2450003310,106.586,0,0,-106.586,106.586,3310,0,0,0,35,14,694.786,-702.786,1.5
2452860000,105.328,0,0,-105.328,105.328,2864,11,-351.5,779.162,1.5,0,0,0,35
2452860295,106.19,0,0,-106.19,106.19,3159,10,-939.815,-89.6851,1.5,0,0,0,35
2462858583,94.219,0,0,-94.219,94.219,1447,16,114.392,413.892,1.5,0,0,0,35
2462859270,102.792,0,0,-102.792,102.792,2134,2,-617.5,-160.26,1.5,0,0,0,35
2462859429,103.384,0,0,-103.384,103.384,2293,5,528.618,-432.618,1.5,0,0,0,35
2467858170,95.2033,0,0,-95.2033,95.2033,1034,4,276.411,-128.411,1.5,0,0,0,35
2467858212,105.096,0,0,-105.096,105.096,1076,7,-12.4492,317.949,1.5,0,0,0,35
2467858457,100.666,0,0,-100.666,100.666,1321,9,-206.586,334.914,1.5,0,0,0,35
2467858477,97.6764,0,0,-97.6764,97.6764,1341,1,-25.6598,-400,1.5,0,0,0,35
2467860311,106.225,0,0,-106.225,106.225,3175,8,314.5,-894.202,1.5,0,0,0,35
2467860401,106.468,0,0,-106.468,106.468,3265,18,931.568,287.5,1.5,0,0,0,35
2476072573,92.8571,0,0,-92.8571,92.8571,1144,19,120.942,317.558,1.5,0,0,0,35
2476860446,106.586,0,0,-106.586,106.586,3310,14,694.786,-702.786,1.5,0,0,0,35
2477860425,106.532,0,0,-106.532,106.532,3289,12,-303.5,-933.976,1.5,0,0,0,35
2482858014,91.6528,0,0,-91.6528,91.6528,878,6,-237.443,100.443,1.5,0,0,0,35
2482859977,105.27,0,0,-105.27,105.27,2841,17,729.5,434.593,1.5,0,0,0,35
2492859198,102.462,0,0,-102.462,102.462,2062,13,514.683,335,1.5,0,0,0,35
2492859824,104.77,0,0,-104.77,104.77,2688,3,597.39,-534.39,1.5,0,0,0,35
2496859289,102.843,0,0,-102.843,102.843,2153,20,64.0288,638.529,1.5,0,0,0,35
2496860403,106.471,0,0,-106.471,106.471,3267,15,578.518,785.018,1.5,0,0,0,35
2500000878,91.6528,0,0,-91.6528,91.6528,878,0,0,0,35,6,-237.337,100.337,1.5
2500001034,95.2033,0,0,-95.2033,95.2033,1034,0,0,0,35,4,276.305,-128.305,1.5
2500001076,105.096,0,0,-105.096,105.096,1076,0,0,0,35,7,-12.3432,317.843,1.5
2500001144,92.8571,0,0,-92.8571,92.8571,1144,0,0,0,35,19,121.048,317.452,1.5
2500001321,100.666,0,0,-100.666,100.666,1321,0,0,0,35,9,-206.692,334.808,1.5
2500001341,97.6764,0,0,-97.6764,97.6764,1341,0,0,0,35,1,-25.8098,-400,1.5
2500001447,94.219,0,0,-94.219,94.219,1447,0,0,0,35,16,114.286,413.786,1.5
2500002062,102.46,0,0,-102.46,102.46,2062,0,0,0,35,13,514.533,335,1.5
2500002134,102.791,0,0,-102.791,102.791,2134,0,0,0,35,2,-617.5,-160.11,1.5
2500002153,102.841,0,0,-102.841,102.841,2153,0,0,0,35,20,63.9228,638.423,1.5
2500002293,103.382,0,0,-103.382,103.382,2293,0,0,0,35,5,528.512,-432.512,1.5
2500002688,104.768,0,0,-104.768,104.768,2688,0,0,0,35,3,597.283,-534.283,1.5
2500002841,105.269,0,0,-105.269,105.269,2841,0,0,0,35,17,729.5,434.443,1.5
2500002864,105.326,0,0,-105.326,105.326,2864,0,0,0,35,11,-351.5,779.012,1.5
2500003159,106.189,0,0,-106.189,106.189,3159,0,0,0,35,10,-939.709,-89.7912,1.5
2500003175,106.223,0,0,-106.223,106.223,3175,0,0,0,35,8,314.5,-894.052,1.5
2500003265,106.467,0,0,-106.467,106.467,3265,0,0,0,35,18,931.418,287.5,1.5
2500003267,106.469,0,0,-106.469,106.469,3267,0,0,0,35,15,578.412,784.912,1.5
2500003289,106.53,0,0,-106.53,106.53,3289,0,0,0,35,12,-303.5,-933.826,1.5
2500003310,106.585,0,0,-106.585,106.585,3310,0,0,0,35,14,694.68,-702.68,1.5
2502860000,105.326,0,0,-105.326,105.326,2864,11,-351.5,779.012,1.5,0,0,0,35
2502860295,106.189,0,0,-106.189,106.189,3159,10,-939.709,-89.7912,1.5,0,0,0,35
2512859270,102.791,0,0,-102.791,102.791,2134,2,-617.5,-160.11,1.5,0,0,0,35
2512859429,103.382,0,0,-103.382,103.382,2293,5,528.512,-432.512,1.5,0,0,0,35
2517858212,105.096,0,0,-105.096,105.096,1076,7,-12.3432,317.843,1.5,0,0,0,35
2517858457,100.666,0,0,-100.666,100.666,1321,9,-206.692,334.808,1.5,0,0,0,35
2517858477,97.6764,0,0,-97.6764,97.6764,1341,1,-25.8098,-400,1.5,0,0,0,35
2517858583,94.219,0,0,-94.219,94.219,1447,16,114.286,413.786,1.5,0,0,0,35
2517860401,106.467,0,0,-106.467,106.467,3265,18,931.418,287.5,1.5,0,0,0,35
2521858170,95.2033,0,0,-95.2033,95.2033,1034,4,276.305,-128.305,1.5,0,0,0,35
2521860311,106.223,0,0,-106.223,106.223,3175,8,314.5,-894.052,1.5,0,0,0,35
2526072573,92.8571,0,0,-92.8571,92.8571,1144,19,121.048,317.452,1.5,0,0,0,35
2527860425,106.53,0,0,-106.53,106.53,3289,12,-303.5,-933.826,1.5,0,0,0,35
2527860446,106.585,0,0,-106.585,106.585,3310,14,694.68,-702.68,1.5,0,0,0,35
2532858014,91.6528,0,0,-91.6528,91.6528,878,6,-237.337,100.337,1.5,0,0,0,35
2532859977,105.269,0,0,-105.269,105.269,2841,17,729.5,434.443,1.5,0,0,0,35
2542859824,104.768,0,0,-104.768,104.768,2688,3,597.283,-534.283,1.5,0,0,0,35
2546859289,102.841,0,0,-102.841,102.841,2153,20,63.9228,638.423,1.5,0,0,0,35
2547860403,106.469,0,0,-106.469,106.469,3267,15,578.412,784.912,1.5,0,0,0,35
2550000878,91.6528,0,0,-91.6528,91.6528,878,0,0,0,35,6,-237.337,100.337,1.5
2550001034,95.2033,0,0,-95.2033,95.2033,1034,0,0,0,35,4,276.305,-128.305,1.5
2550001076,105.096,0,0,-105.096,105.096,1076,0,0,0,35,7,-12.3432,317.843,1.5
2550001144,92.8571,0,0,-92.8571,92.8571,1144,0,0,0,35,19,121.048,317.452,1.5
2550001321,100.666,0,0,-100.666,100.666,1321,0,0,0,35,9,-206.692,334.808,1.5
2550001341,97.6764,0,0,-97.6764,97.6764,1341,0,0,0,35,1,-25.8098,-400,1.5
2550001447,94.219,0,0,-94.219,94.219,1447,0,0,0,35,16,114.286,413.786,1.5
2550002062,102.46,0,0,-102.46,102.46,2062,0,0,0,35,13,514.533,335,1.5
2550002134,102.791,0,0,-102.791,102.791,2134,0,0,0,35,2,-617.5,-160.11,1.5
2550002153,102.841,0,0,-102.841,102.841,2153,0,0,0,35,20,63.9228,638.423,1.5
2550002293,103.382,0,0,-103.382,103.382,2293,0,0,0,35,5,528.512,-432.512,1.5
2550002688,104.768,0,0,-104.768,104.768,2688,0,0,0,35,3,597.283,-534.283,1.5
2550002841,105.269,0,0,-105.269,105.269,2841,0,0,0,35,17,729.5,434.443,1.5
2550002864,105.326,0,0,-105.326,105.326,2864,0,0,0,35,11,-351.5,779.012,1.5
2550003159,106.189,0,0,-106.189,106.189,3159,0,0,0,35,10,-939.709,-89.7912,1.5
2550003175,106.223,0,0,-106.223,106.223,3175,0,0,0,35,8,314.5,-894.052,1.5
2550003265,106.467,0,0,-106.467,106.467,3265,0,0,0,35,18,931.418,287.5,1.5
2550003267,106.469,0,0,-106.469,106.469,3267,0,0,0,35,15,578.412,784.912,1.5
2550003289,106.53,0,0,-106.53,106.53,3289,0,0,0,35,12,-303.5,-933.826,1.5
2550003310,106.585,0,0,-106.585,106.585,3310,0,0,0,35,14,694.68,-702.68,1.5
2550859198,102.46,0,0,-102.46,102.46,2062,13,514.533,335,1.5,0,0,0,35
2552860000,105.326,0,0,-105.326,105.326,2864,11,-351.5,779.012,1.5,0,0,0,35
2558788867,106.189,0,0,-106.189,106.189,3159,10,-939.709,-89.7912,1.5,0,0,0,35
2562859270,102.791,0,0,-102.791,102.791,2134,2,-617.5,-160.11,1.5,0,0,0,35
2562859429,103.382,0,0,-103.382,103.382,2293,5,528.512,-432.512,1.5,0,0,0,35
2567858477,97.6764,0,0,-97.6764,97.6764,1341,1,-25.8098,-400,1.5,0,0,0,35
2567858583,94.219,0,0,-94.219,94.219,1447,16,114.286,413.786,1.5,0,0,0,35
2567860401,106.467,0,0,-106.467,106.467,3265,18,931.418,287.5,1.5,0,0,0,35
2571860311,106.223,0,0,-106.223,106.223,3175,8,314.5,-894.052,1.5,0,0,0,35
2572858170,95.2033,0,0,-95.2033,95.2033,1034,4,276.305,-128.305,1.5,0,0,0,35
2576072573,92.8571,0,0,-92.8571,92.8571,1144,19,121.048,317.452,1.5,0,0,0,35
2576858212,105.096,0,0,-105.096,105.096,1076,7,-12.3432,317.843,1.5,0,0,0,35
2576858457,100.666,0,0,-100.666,100.666,1321,9,-206.692,334.808,1.5,0,0,0,35
2577860425,106.53,0,0,-106.53,106.53,3289,12,-303.5,-933.826,1.5,0,0,0,35
2577860446,106.585,0,0,-106.585,106.585,3310,14,694.68,-702.68,1.5,0,0,0,35
2582858014,91.6528,0,0,-91.6528,91.6528,878,6,-237.337,100.337,1.5,0,0,0,35
2582859977,105.269,0,0,-105.269,105.269,2841,17,729.5,434.443,1.5,0,0,0,35
2592859824,104.768,0,0,-104.768,104.768,2688,3,597.283,-534.283,1.5,0,0,0,35
2596859289,102.841,0,0,-102.841,102.841,2153,20,63.9228,638.423,1.5,0,0,0,35
2597860403,106.469,0,0,-106.469,106.469,3267,15,578.412,784.912,1.5,0,0,0,35
2600000878,91.6528,0,0,-91.6528,91.6528,878,0,0,0,35,6,-237.231,100.231,1.5
2600001034,95.2033,0,0,-95.2033,95.2033,1034,0,0,0,35,4,276.199,-128.199,1.5
2600001076,105.096,0,0,-105.096,105.096,1076,0,0,0,35,7,-12.2371,317.737,1.5
2600001144,92.8571,0,0,-92.8571,92.8571,1144,0,0,0,35,19,121.154,317.346,1.5
2600001321,100.666,0,0,-100.666,100.666,1321,0,0,0,35,9,-206.798,334.702,1.5
2600001341,97.6764,0,0,-97.6764,97.6764,1341,0,0,0,35,1,-25.9598,-400,1.5
2600001447,94.219,0,0,-94.219,94.219,1447,0,0,0,35,16,114.18,413.68,1.5
2600002062,102.458,0,0,-102.458,102.458,2062,0,0,0,35,13,514.383,335,1.5
2600002134,102.791,0,0,-102.791,102.791,2134,0,0,0,35,2,-617.5,-159.96,1.5
2600002153,102.84,0,0,-102.84,102.84,2153,0,0,0,35,20,63.8167,638.317,1.5
2600002293,103.38,0,0,-103.38,103.38,2293,0,0,0,35,5,528.406,-432.406,1.5
2600002688,104.767,0,0,-104.767,104.767,2688,0,0,0,35,3,597.177,-534.177,1.5
2600002841,105.269,0,0,-105.269,105.269,2841,0,0,0,35,17,729.5,434.293,1.5
2600002864,105.325,0,0,-105.325,105.325,2864,0,0,0,35,11,-351.5,778.862,1.5
2600003159,106.188,0,0,-106.188,106.188,3159,0,0,0,35,10,-939.603,-89.8973,1.5
2600003175,106.222,0,0,-106.222,106.222,3175,0,0,0,35,8,314.5,-893.902,1.5
2600003265,106.466,0,0,-106.466,106.466,3265,0,0,0,35,18,931.268,287.5,1.5
2600003267,106.468,0,0,-106.468,106.468,3267,0,0,0,35,15,578.306,784.806,1.5
2600003289,106.529,0,0,-106.529,106.529,3289,0,0,0,35,12,-303.5,-933.676,1.5
2600003310,106.584,0,0,-106.584,106.584,3310,0,0,0,35,14,694.574,-702.574,1.5
2601859198,102.458,0,0,-102.458,102.458,2062,13,514.383,335,1.5,0,0,0,35
2608860295,106.188,0,0,-106.188,106.188,3159,10,-939.603,-89.8973,1.5,0,0,0,35
2612859270,102.791,0,0,-102.791,102.791,2134,2,-617.5,-159.96,1.5,0,0,0,35
2612860000,105.325,0,0,-105.325,105.325,2864,11,-351.5,778.862,1.5,0,0,0,35
2616859429,103.38,0,0,-103.38,103.38,2293,5,528.406,-432.406,1.5,0,0,0,35
2617858477,97.6764,0,0,-97.6764,97.6764,1341,1,-25.9598,-400,1.5,0,0,0,35
2617858583,94.219,0,0,-94.219,94.219,1447,16,114.18,413.68,1.5,0,0,0,35
2617860401,106.466,0,0,-106.466,106.466,3265,18,931.268,287.5,1.5,0,0,0,35
2621860311,106.222,0,0,-106.222,106.222,3175,8,314.5,-893.902,1.5,0,0,0,35
2622858170,95.2033,0,0,-95.2033,95.2033,1034,4,276.199,-128.199,1.5,0,0,0,35
2626072573,92.8571,0,0,-92.8571,92.8571,1144,19,121.154,317.346,1.5,0,0,0,35
2626858212,105.096,0,0,-105.096,105.096,1076,7,-12.2371,317.737,1.5,0,0,0,35
2626858457,100.666,0,0,-100.666,100.666,1321,9,-206.798,334.702,1.5,0,0,0,35
2627860425,106.529,0,0,-106.529,106.529,3289,12,-303.5,-933.676,1.5,0,0,0,35
2627860446,106.584,0,0,-106.584,106.584,3310,14,694.574,-702.574,1.5,0,0,0,35
2632858014,91.6528,0,0,-91.6528,91.6528,878,6,-237.231,100.231,1.5,0,0,0,35
2632859977,105.269,0,0,-105.269,105.269,2841,17,729.5,434.293,1.5,0,0,0,35
2642859824,104.767,0,0,-104.767,104.767,2688,3,597.177,-534.177,1.5,0,0,0,35
2646859289,102.84,0,0,-102.84,102.84,2153,20,63.8167,638.317,1.5,0,0,0,35
2647860403,106.468,0,0,-106.468,106.468,3267,15,578.306,784.806,1.5,0,0,0,35
2650000878,91.6528,0,0,-91.6528,91.6528,878,0,0,0,35,6,-237.231,100.231,1.5
2650001034,95.2033,0,0,-95.2033,95.2033,1034,0,0,0,35,4,276.199,-128.199,1.5
2650001076,105.096,0,0,-105.096,105.096,1076,0,0,0,35,7,-12.2371,317.737,1.5
2650001144,92.8571,0,0,-92.8571,92.8571,1144,0,0,0,35,19,121.154,317.346,1.5
2650001321,100.666,0,0,-100.666,100.666,1321,0,0,0,35,9,-206.798,334.702,1.5
2650001341,97.6764,0,0,-97.6764,97.6764,1341,0,0,0,35,1,-25.9598,-400,1.5
2650001447,94.219,0,0,-94.219,94.219,1447,0,0,0,35,16,114.18,413.68,1.5
2650002062,102.458,0,0,-102.458,102.458,2062,0,0,0,35,13,514.383,335,1.5
2650002134,102.791,0,0,-102.791,102.791,2134,0,0,0,35,2,-617.5,-159.96,1.5
2650002153,102.84,0,0,-102.84,102.84,2153,0,0,0,35,20,63.8167,638.317,1.5
2650002293,103.38,0,0,-103.38,103.38,2293,0,0,0,35,5,528.406,-432.406,1.5
2650002688,104.767,0,0,-104.767,104.767,2688,0,0,0,35,3,597.177,-534.177,1.5
2650002841,105.269,0,0,-105.269,105.269,2841,0,0,0,35,17,729.5,434.293,1.5
2650002864,105.325,0,0,-105.325,105.325,2864,0,0,0,35,11,-351.5,778.862,1.5
2650003159,106.188,0,0,-106.188,106.188,3159,0,0,0,35,10,-939.603,-89.8973,1.5
2650003175,106.222,0,0,-106.222,106.222,3175,0,0,0,35,8,314.5,-893.902,1.5
2650003265,106.466,0,0,-106.466,106.466,3265,0,0,0,35,18,931.268,287.5,1.5
2650003267,106.468,0,0,-106.468,106.468,3267,0,0,0,35,15,578.306,784.806,1.5
2650003289,106.529,0,0,-106.529,106.529,3289,0,0,0,35,12,-303.5,-933.676,1.5
2650003310,106.584,0,0,-106.584,106.584,3310,0,0,0,35,14,694.574,-702.574,1.5
2651859198,102.458,0,0,-102.458,102.458,2062,13,514.383,335,1.5,0,0,0,35
2658860295,106.188,0,0,-106.188,106.188,3159,10,-939.603,-89.8973,1.5,0,0,0,35
2662859270,102.791,0,0,-102.791,102.791,2134,2,-617.5,-159.96,1.5,0,0,0,35
2662860000,105.325,0,0,-105.325,105.325,2864,11,-351.5,778.862,1.5,0,0,0,35
2666859429,103.38,0,0,-103.38,103.38,2293,5,528.406,-432.406,1.5,0,0,0,35
2667858477,97.6764,0,0,-97.6764,97.6764,1341,1,-25.9598,-400,1.5,0,0,0,35
2667858583,94.219,0,0,-94.219,94.219,1447,16,114.18,413.68,1.5,0,0,0,35
2667860401,106.466,0,0,-106.466,106.466,3265,18,931.268,287.5,1.5,0,0,0,35
2671860311,106.222,0,0,-106.222,106.222,3175,8,314.5,-893.902,1.5,0,0,0,35
2672858170,95.2033,0,0,-95.2033,95.2033,1034,4,276.199,-128.199,1.5,0,0,0,35
2676072573,92.8571,0,0,-92.8571,92.8571,1144,19,121.154,317.346,1.5,0,0,0,35
2676858457,100.666,0,0,-100.666,100.666,1321,9,-206.798,334.702,1.5,0,0,0,35
2677858212,105.096,0,0,-105.096,105.096,1076,7,-12.2371,317.737,1.5,0,0,0,35
2677860425,106.529,0,0,-106.529,106.529,3289,12,-303.5,-933.676,1.5,0,0,0,35
2681860446,106.584,0,0,-106.584,106.584,3310,14,694.574,-702.574,1.5,0,0,0,35
2682858014,91.6528,0,0,-91.6528,91.6528,878,6,-237.231,100.231,1.5,0,0,0,35
2682859977,105.269,0,0,-105.269,105.269,2841,17,729.5,434.293,1.5,0,0,0,35
2692859824,104.767,0,0,-104.767,104.767,2688,3,597.177,-534.177,1.5,0,0,0,35
2696859289,102.84,0,0,-102.84,102.84,2153,20,63.8167,638.317,1.5,0,0,0,35
2700000878,91.6528,0,0,-91.6528,91.6528,878,0,0,0,35,6,-237.125,100.125,1.5
2700001034,95.2033,0,0,-95.2033,95.2033,1034,0,0,0,35,4,276.093,-128.093,1.5
2700001076,105.096,0,0,-105.096,105.096,1076,0,0,0,35,7,-12.131,317.631,1.5
2700001144,92.8571,0,0,-92.8571,92.8571,1144,0,0,0,35,19,121.26,317.24,1.5
2700001321,100.666,0,0,-100.666,100.666,1321,0,0,0,35,9,-206.904,334.596,1.5
2700001341,97.6764,0,0,-97.6764,97.6764,1341,0,0,0,35,1,-26.1098,-400,1.5
2700001447,94.219,0,0,-94.219,94.219,1447,0,0,0,35,16,114.074,413.574,1.5
2700002062,102.456,0,0,-102.456,102.456,2062,0,0,0,35,13,514.233,335,1.5
2700002134,102.79,0,0,-102.79,102.79,2134,0,0,0,35,2,-617.5,-159.81,1.5
2700002153,102.838,0,0,-102.838,102.838,2153,0,0,0,35,20,63.7106,638.211,1.5
2700002293,103.378,0,0,-103.378,103.378,2293,0,0,0,35,5,528.3,-432.3,1.5
2700002688,104.765,0,0,-104.765,104.765,2688,0,0,0,35,3,597.071,-534.071,1.5
2700002841,105.268,0,0,-105.268,105.268,2841,0,0,0,35,17,729.5,434.143,1.5
2700002864,105.323,0,0,-105.323,105.323,2864,0,0,0,35,11,-351.5,778.712,1.5
2700003159,106.187,0,0,-106.187,106.187,3159,0,0,0,35,10,-939.497,-90.0033,1.5
2700003175,106.221,0,0,-106.221,106.221,3175,0,0,0,35,8,314.5,-893.752,1.5
2700003265,106.465,0,0,-106.465,106.465,3265,0,0,0,35,18,931.118,287.5,1.5
2700003267,106.467,0,0,-106.467,106.467,3267,0,0,0,35,15,578.2,784.7,1.5
2700003289,106.528,0,0,-106.528,106.528,3289,0,0,0,35,12,-303.5,-933.526,1.5
2700003310,106.582,0,0,-106.582,106.582,3310,0,0,0,35,14,694.468,-702.468,1.5
2701859198,102.456,0,0,-102.456,102.456,2062,13,514.233,335,1.5,0,0,0,35
2709860295,106.187,0,0,-106.187,106.187,3159,10,-939.497,-90.0033,1.5,0,0,0,35
2710860403,106.467,0,0,-106.467,106.467,3267,15,578.2,784.7,1.5,0,0,0,35
2712859270,102.79,0,0,-102.79,102.79,2134,2,-617.5,-159.81,1.5,0,0,0,35
2712860000,105.323,0,0,-105.323,105.323,2864,11,-351.5,778.712,1.5,0,0,0,35
2716859429,103.378,0,0,-103.378,103.378,2293,5,528.3,-432.3,1.5,0,0,0,35
2717858583,94.219,0,0,-94.219,94.219,1447,16,114.074,413.574,1.5,0,0,0,35
2717860401,106.465,0,0,-106.465,106.465,3265,18,931.118,287.5,1.5,0,0,0,35
2721860311,106.221,0,0,-106.221,106.221,3175,8,314.5,-893.752,1.5,0,0,0,35
2722858170,95.2033,0,0,-95.2033,95.2033,1034,4,276.093,-128.093,1.5,0,0,0,35
2722858477,97.6764,0,0,-97.6764,97.6764,1341,1,-26.1098,-400,1.5,0,0,0,35
2726072573,92.8571,0,0,-92.8571,92.8571,1144,19,121.26,317.24,1.5,0,0,0,35
2727858457,100.666,0,0,-100.666,100.666,1321,9,-206.904,334.596,1.5,0,0,0,35
2727860425,106.528,0,0,-106.528,106.528,3289,12,-303.5,-933.526,1.5,0,0,0,35
2728858212,105.096,0,0,-105.096,105.096,1076,7,-12.131,317.631,1.5,0,0,0,35
2732858014,91.6528,0,0,-91.6528,91.6528,878,6,-237.125,100.125,1.5,0,0,0,35
2732859977,105.268,0,0,-105.268,105.268,2841,17,729.5,434.143,1.5,0,0,0,35
2732860446,106.582,0,0,-106.582,106.582,3310,14,694.468,-702.468,1.5,0,0,0,35
2742859824,104.765,0,0,-104.765,104.765,2688,3,597.071,-534.071,1.5,0,0,0,35
2746859289,102.838,0,0,-102.838,102.838,2153,20,63.7106,638.211,1.5,0,0,0,35
2750000878,91.6528,0,0,-91.6528,91.6528,878,0,0,0,35,6,-237.125,100.125,1.5
2750001034,95.2033,0,0,-95.2033,95.2033,1034,0,0,0,35,4,276.093,-128.093,1.5
2750001076,105.096,0,0,-105.096,105.096,1076,0,0,0,35,7,-12.131,317.631,1.5
2750001144,92.8571,0,0,-92.8571,92.8571,1144,0,0,0,35,19,121.26,317.24,1.5
2750001321,100.666,0,0,-100.666,100.666,1321,0,0,0,35,9,-206.904,334.596,1.5
2750001341,97.6764,0,0,-97.6764,97.6764,1341,0,0,0,35,1,-26.1098,-400,1.5
2750001447,94.219,0,0,-94.219,94.219,1447,0,0,0,35,16,114.074,413.574,1.5
2750002062,102.456,0,0,-102.456,102.456,2062,0,0,0,35,13,514.233,335,1.5
2750002134,102.79,0,0,-102.79,102.79,2134,0,0,0,35,2,-617.5,-159.81,1.5
2750002153,102.838,0,0,-102.838,102.838,2153,0,0,0,35,20,63.7106,638.211,1.5
2750002293,103.378,0,0,-103.378,103.378,2293,0,0,0,35,5,528.3,-432.3,1.5
2750002688,104.765,0,0,-104.765,104.765,2688,0,0,0,35,3,597.071,-534.071,1.5
2750002841,105.268,0,0,-105.268,105.268,2841,0,0,0,35,17,729.5,434.143,1.5
2750002864,105.323,0,0,-105.323,105.323,2864,0,0,0,35,11,-351.5,778.712,1.5
2750003159,106.187,0,0,-106.187,106.187,3159,0,0,0,35,10,-939.497,-90.0033,1.5
2750003175,106.221,0,0,-106.221,106.221,3175,0,0,0,35,8,314.5,-893.752,1.5
2750003265,106.465,0,0,-106.465,106.465,3265,0,0,0,35,18,931.118,287.5,1.5
2750003267,106.467,0,0,-106.467,106.467,3267,0,0,0,35,15,578.2,784.7,1.5
2750003289,106.528,0,0,-106.528,106.528,3289,0,0,0,35,12,-303.5,-933.526,1.5
2750003310,106.582,0,0,-106.582,106.582,3310,0,0,0,35,14,694.468,-702.468,1.5
2751859198,102.456,0,0,-102.456,102.456,2062,13,514.233,335,1.5,0,0,0,35
2760860403,106.467,0,0,-106.467,106.467,3267,15,578.2,784.7,1.5,0,0,0,35
2762859270,102.79,0,0,-102.79,102.79,2134,2,-617.5,-159.81,1.5,0,0,0,35
2762860000,105.323,0,0,-105.323,105.323,2864,11,-351.5,778.712,1.5,0,0,0,35
2762860295,106.187,0,0,-106.187,106.187,3159,10,-939.497,-90.0033,1.5,0,0,0,35
2767858583,94.219,0,0,-94.219,94.219,1447,16,114.074,413.574,1.5,0,0,0,35
2767859429,103.378,0,0,-103.378,103.378,2293,5,528.3,-432.3,1.5,0,0,0,35
2767860401,106.465,0,0,-106.465,106.465,3265,18,931.118,287.5,1.5,0,0,0,35
2771860311,106.221,0,0,-106.221,106.221,3175,8,314.5,-893.752,1.5,0,0,0,35
2772858170,95.2033,0,0,-95.2033,95.2033,1034,4,276.093,-128.093,1.5,0,0,0,35
2776072573,92.8571,0,0,-92.8571,92.8571,1144,19,121.26,317.24,1.5,0,0,0,35
2776858477,97.6764,0,0,-97.6764,97.6764,1341,1,-26.1098,-400,1.5,0,0,0,35
2777858457,100.666,0,0,-100.666,100.666,1321,9,-206.904,334.596,1.5,0,0,0,35
2777860425,106.528,0,0,-106.528,106.528,3289,12,-303.5,-933.526,1.5,0,0,0,35
2778858212,105.096,0,0,-105.096,105.096,1076,7,-12.131,317.631,1.5,0,0,0,35
2782859977,105.268,0,0,-105.268,105.268,2841,17,729.5,434.143,1.5,0,0,0,35
2782860446,106.582,0,0,-106.582,106.582,3310,14,694.468,-702.468,1.5,0,0,0,35
2796859289,102.838,0,0,-102.838,102.838,2153,20,63.7106,638.211,1.5,0,0,0,35
2797859824,104.765,0,0,-104.765,104.765,2688,3,597.071,-534.071,1.5,0,0,0,35
2800000878,91.6528,0,0,-91.6528,91.6528,878,0,0,0,35,6,-237.019,100.019,1.5
2800001034,95.2033,0,0,-95.2033,95.2033,1034,0,0,0,35,4,275.987,-127.987,1.5
2800001076,105.096,0,0,-105.096,105.096,1076,0,0,0,35,7,-12.025,317.525,1.5
2800001144,92.8571,0,0,-92.8571,92.8571,1144,0,0,0,35,19,121.366,317.134,1.5
2800001321,100.666,0,0,-100.666,100.666,1321,0,0,0,35,9,-207.01,334.49,1.5
2800001341,97.6764,0,0,-97.6764,97.6764,1341,0,0,0,35,1,-26.2598,-400,1.5
2800001447,94.219,0,0,-94.219,94.219,1447,0,0,0,35,16,113.968,413.468,1.5
2800002062,102.455,0,0,-102.455,102.455,2062,0,0,0,35,13,514.083,335,1.5
2800002134,102.79,0,0,-102.79,102.79,2134,0,0,0,35,2,-617.5,-159.66,1.5
2800002153,102.837,0,0,-102.837,102.837,2153,0,0,0,35,20,63.6046,638.105,1.5
2800002293,103.376,0,0,-103.376,103.376,2293,0,0,0,35,5,528.193,-432.193,1.5
2800002688,104.763,0,0,-104.763,104.763,2688,0,0,0,35,3,596.965,-533.965,1.5
2800002841,105.267,0,0,-105.267,105.267,2841,0,0,0,35,17,729.5,433.993,1.5
2800002864,105.322,0,0,-105.322,105.322,2864,0,0,0,35,11,-351.5,778.562,1.5
2800003159,106.186,0,0,-106.186,106.186,3159,0,0,0,35,10,-939.391,-90.1094,1.5
2800003175,106.219,0,0,-106.219,106.219,3175,0,0,0,35,8,314.5,-893.602,1.5
2800003265,106.463,0,0,-106.463,106.463,3265,0,0,0,35,18,930.968,287.5,1.5
2800003267,106.465,0,0,-106.465,106.465,3267,0,0,0,35,15,578.094,784.594,1.5
2800003289,106.527,0,0,-106.527,106.527,3289,0,0,0,35,12,-303.5,-933.376,1.5
2800003310,106.581,0,0,-106.581,106.581,3310,0,0,0,35,14,694.362,-702.362,1.5
2801859198,102.455,0,0,-102.455,102.455,2062,13,514.083,335,1.5,0,0,0,35
2802858014,91.6528,0,0,-91.6528,91.6528,878,6,-237.019,100.019,1.5,0,0,0,35
2812859270,102.79,0,0,-102.79,102.79,2134,2,-617.5,-159.66,1.5,0,0,0,35
2812860000,105.322,0,0,-105.322,105.322,2864,11,-351.5,778.562,1.5,0,0,0,35
2812860295,106.186,0,0,-106.186,106.186,3159,10,-939.391,-90.1094,1.5,0,0,0,35
2816860403,106.465,0,0,-106.465,106.465,3267,15,578.094,784.594,1.5,0,0,0,35
2817859429,103.376,0,0,-103.376,103.376,2293,5,528.193,-432.193,1.5,0,0,0,35
2817860401,106.463,0,0,-106.463,106.463,3265,18,930.968,287.5,1.5,0,0,0,35
2820858583,94.219,0,0,-94.219,94.219,1447,16,113.968,413.468,1.5,0,0,0,35
2821860311,106.219,0,0,-106.219,106.219,3175,8,314.5,-893.602,1.5,0,0,0,35
2822858170,95.2033,0,0,-95.2033,95.2033,1034,4,275.987,-127.987,1.5,0,0,0,35
2826072573,92.8571,0,0,-92.8571,92.8571,1144,19,121.366,317.134,1.5,0,0,0,35
2826858477,97.6764,0,0,-97.6764,97.6764,1341,1,-26.2598,-400,1.5,0,0,0,35
2827860425,106.527,0,0,-106.527,106.527,3289,12,-303.5,-933.376,1.5,0,0,0,35
2831858212,105.096,0,0,-105.096,105.096,1076,7,-12.025,317.525,1.5,0,0,0,35
2831858457,100.666,0,0,-100.666,100.666,1321,9,-207.01,334.49,1.5,0,0,0,35
2832859977,105.267,0,0,-105.267,105.267,2841,17,729.5,433.993,1.5,0,0,0,35
2832860446,106.581,0,0,-106.581,106.581,3310,14,694.362,-702.362,1.5,0,0,0,35
2847859289,102.837,0,0,-102.837,102.837,2153,20,63.6046,638.105,1.5,0,0,0,35
2847859824,104.763,0,0,-104.763,104.763,2688,3,596.965,-533.965,1.5,0,0,0,35
2850000878,91.6528,0,0,-91.6528,91.6528,878,0,0,0,35,6,-237.019,100.019,1.5
2850001034,95.2033,0,0,-95.2033,95.2033,1034,0,0,0,35,4,275.987,-127.987,1.5
2850001076,105.096,0,0,-105.096,105.096,1076,0,0,0,35,7,-12.025,317.525,1.5
2850001144,92.8571,0,0,-92.8571,92.8571,1144,0,0,0,35,19,121.366,317.134,1.5
2850001321,100.666,0,0,-100.666,100.666,1321,0,0,0,35,9,-207.01,334.49,1.5
2850001341,97.6764,0,0,-97.6764,97.6764,1341,0,0,0,35,1,-26.2598,-400,1.5
2850001447,94.219,0,0,-94.219,94.219,1447,0,0,0,35,16,113.968,413.468,1.5
2850002062,102.455,0,0,-102.455,102.455,2062,0,0,0,35,13,514.083,335,1.5
2850002134,102.79,0,0,-102.79,102.79,2134,0,0,0,35,2,-617.5,-159.66,1.5
2850002153,102.837,0,0,-102.837,102.837,2153,0,0,0,35,20,63.6046,638.105,1.5
2850002293,103.376,0,0,-103.376,103.376,2293,0,0,0,35,5,528.193,-432.193,1.5
2850002688,104.763,0,0,-104.763,104.763,2688,0,0,0,35,3,596.965,-533.965,1.5
2850002841,105.267,0,0,-105.267,105.267,2841,0,0,0,35,17,729.5,433.993,1.5
2850002864,105.322,0,0,-105.322,105.322,2864,0,0,0,35,11,-351.5,778.562,1.5
2850003159,106.186,0,0,-106.186,106.186,3159,0,0,0,35,10,-939.391,-90.1094,1.5
2850003175,106.219,0,0,-106.219,106.219,3175,0,0,0,35,8,314.5,-893.602,1.5
2850003265,106.463,0,0,-106.463,106.463,3265,0,0,0,35,18,930.968,287.5,1.5
2850003267,106.465,0,0,-106.465,106.465,3267,0,0,0,35,15,578.094,784.594,1.5
2850003289,106.527,0,0,-106.527,106.527,3289,0,0,0,35,12,-303.5,-933.376,1.5
2850003310,106.581,0,0,-106.581,106.581,3310,0,0,0,35,14,694.362,-702.362,1.5
2851859198,102.455,0,0,-102.455,102.455,2062,13,514.083,335,1.5,0,0,0,35
2852858014,91.6528,0,0,-91.6528,91.6528,878,6,-237.019,100.019,1.5,0,0,0,35
2862859270,102.79,0,0,-102.79,102.79,2134,2,-617.5,-159.66,1.5,0,0,0,35
2862860000,105.322,0,0,-105.322,105.322,2864,11,-351.5,778.562,1.5,0,0,0,35
2862860295,106.186,0,0,-106.186,106.186,3159,10,-939.391,-90.1094,1.5,0,0,0,35
2867859429,103.376,0,0,-103.376,103.376,2293,5,528.193,-432.193,1.5,0,0,0,35
2867860403,106.465,0,0,-106.465,106.465,3267,15,578.094,784.594,1.5,0,0,0,35
2870860401,106.463,0,0,-106.463,106.463,3265,18,930.968,287.5,1.5,0,0,0,35
2871858583,94.219,0,0,-94.219,94.219,1447,16,113.968,413.468,1.5,0,0,0,35
2871860311,106.219,0,0,-106.219,106.219,3175,8,314.5,-893.602,1.5,0,0,0,35
2872858170,95.2033,0,0,-95.2033,95.2033,1034,4,275.987,-127.987,1.5,0,0,0,35
2876072573,92.8571,0,0,-92.8571,92.8571,1144,19,121.366,317.134,1.5,0,0,0,35
2877860425,106.527,0,0,-106.527,106.527,3289,12,-303.5,-933.376,1.5,0,0,0,35
2881858457,100.666,0,0,-100.666,100.666,1321,9,-207.01,334.49,1.5,0,0,0,35
2882858477,97.6764,0,0,-97.6764,97.6764,1341,1,-26.2598,-400,1.5,0,0,0,35
2882859977,105.267,0,0,-105.267,105.267,2841,17,729.5,433.993,1.5,0,0,0,35
2882860446,106.581,0,0,-106.581,106.581,3310,14,694.362,-702.362,1.5,0,0,0,35
2887786784,105.096,0,0,-105.096,105.096,1076,7,-12.025,317.525,1.5,0,0,0,35
2897859289,102.837,0,0,-102.837,102.837,2153,20,63.6046,638.105,1.5,0,0,0,35
2897859824,104.763,0,0,-104.763,104.763,2688,3,596.965,-533.965,1.5,0,0,0,35
2900000878,91.6528,0,0,-91.6528,91.6528,878,0,0,0,35,6,-236.913,99.9126,1.5
2900001034,95.2033,0,0,-95.2033,95.2033,1034,0,0,0,35,4,275.881,-127.881,1.5
2900001076,105.096,0,0,-105.096,105.096,1076,0,0,0,35,7,-11.9189,317.419,1.5
2900001144,92.8571,0,0,-92.8571,92.8571,1144,0,0,0,35,19,121.472,317.028,1.5
2900001321,100.666,0,0,-100.666,100.666,1321,0,0,0,35,9,-207.116,334.384,1.5
2900001341,97.6764,0,0,-97.6764,97.6764,1341,0,0,0,35,1,-26.4098,-400,1.5
2900001447,94.219,0,0,-94.219,94.219,1447,0,0,0,35,16,113.862,413.362,1.5
2900002062,102.453,0,0,-102.453,102.453,2062,0,0,0,35,13,513.933,335,1.5
2900002134,102.789,0,0,-102.789,102.789,2134,0,0,0,35,2,-617.5,-159.51,1.5
2900002153,102.835,0,0,-102.835,102.835,2153,0,0,0,35,20,63.4985,637.998,1.5
2900002293,103.374,0,0,-103.374,103.374,2293,0,0,0,35,5,528.087,-432.087,1.5
2900002688,104.762,0,0,-104.762,104.762,2688,0,0,0,35,3,596.859,-533.859,1.5
2900002841,105.266,0,0,-105.266,105.266,2841,0,0,0,35,17,729.5,433.843,1.5
2900002864,105.321,0,0,-105.321,105.321,2864,0,0,0,35,11,-351.5,778.412,1.5
2900003159,106.185,0,0,-106.185,106.185,3159,0,0,0,35,10,-939.285,-90.2155,1.5
2900003175,106.218,0,0,-106.218,106.218,3175,0,0,0,35,8,314.5,-893.452,1.5
2900003265,106.462,0,0,-106.462,106.462,3265,0,0,0,35,18,930.818,287.5,1.5
2900003267,106.464,0,0,-106.464,106.464,3267,0,0,0,35,15,577.988,784.488,1.5
2900003289,106.525,0,0,-106.525,106.525,3289,0,0,0,35,12,-303.5,-933.226,1.5
2900003310,106.58,0,0,-106.58,106.58,3310,0,0,0,35,14,694.256,-702.256,1.5
2902858014,91.6528,0,0,-91.6528,91.6528,878,6,-236.913,99.9126,1.5,0,0,0,35
2902859198,102.453,0,0,-102.453,102.453,2062,13,513.933,335,1.5,0,0,0,35
2912859270,102.789,0,0,-102.789,102.789,2134,2,-617.5,-159.51,1.5,0,0,0,35
2912860000,105.321,0,0,-105.321,105.321,2864,11,-351.5,778.412,1.5,0,0,0,35
2912860295,106.185,0,0,-106.185,106.185,3159,10,-939.285,-90.2155,1.5,0,0,0,35
2917859429,103.374,0,0,-103.374,103.374,2293,5,528.087,-432.087,1.5,0,0,0,35
2917860403,106.464,0,0,-106.464,106.464,3267,15,577.988,784.488,1.5,0,0,0,35
2921858583,94.219,0,0,-94.219,94.219,1447,16,113.862,413.362,1.5,0,0,0,35
2921860311,106.218,0,0,-106.218,106.218,3175,8,314.5,-893.452,1.5,0,0,0,35
2921860401,106.462,0,0,-106.462,106.462,3265,18,930.818,287.5,1.5,0,0,0,35
2922858170,95.2033,0,0,-95.2033,95.2033,1034,4,275.881,-127.881,1.5,0,0,0,35
2926072573,92.8571,0,0,-92.8571,92.8571,1144,19,121.472,317.028,1.5,0,0,0,35
2931858457,100.666,0,0,-100.666,100.666,1321,9,-207.116,334.384,1.5,0,0,0,35
2931860425,106.525,0,0,-106.525,106.525,3289,12,-303.5,-933.226,1.5,0,0,0,35
2932858477,97.6764,0,0,-97.6764,97.6764,1341,1,-26.4098,-400,1.5,0,0,0,35
2932859977,105.266,0,0,-105.266,105.266,2841,17,729.5,433.843,1.5,0,0,0,35
2932860446,106.58,0,0,-106.58,106.58,3310,14,694.256,-702.256,1.5,0,0,0,35
2937858212,105.096,0,0,-105.096,105.096,1076,7,-11.9189,317.419,1.5,0,0,0,35
2947859289,102.835,0,0,-102.835,102.835,2153,20,63.4985,637.998,1.5,0,0,0,35
2947859824,104.762,0,0,-104.762,104.762,2688,3,596.859,-533.859,1.5,0,0,0,35
2950000878,91.6528,0,0,-91.6528,91.6528,878,0,0,0,35,6,-236.913,99.9126,1.5
2950001034,95.2033,0,0,-95.2033,95.2033,1034,0,0,0,35,4,275.881,-127.881,1.5
2950001076,105.096,0,0,-105.096,105.096,1076,0,0,0,35,7,-11.9189,317.419,1.5
2950001144,92.8571,0,0,-92.8571,92.8571,1144,0,0,0,35,19,121.472,317.028,1.5
2950001321,100.666,0,0,-100.666,100.666,1321,0,0,0,35,9,-207.116,334.384,1.5
2950001341,97.6764,0,0,-97.6764,97.6764,1341,0,0,0,35,1,-26.4098,-400,1.5
2950001447,94.219,0,0,-94.219,94.219,1447,0,0,0,35,16,113.862,413.362,1.5
2950002062,102.453,0,0,-102.453,102.453,2062,0,0,0,35,13,513.933,335,1.5
2950002134,102.789,0,0,-102.789,102.789,2134,0,0,0,35,2,-617.5,-159.51,1.5
2950002153,102.835,0,0,-102.835,102.835,2153,0,0,0,35,20,63.4985,637.998,1.5
2950002293,103.374,0,0,-103.374,103.374,2293,0,0,0,35,5,528.087,-432.087,1.5
2950002688,104.762,0,0,-104.762,104.762,2688,0,0,0,35,3,596.859,-533.859,1.5
2950002841,105.266,0,0,-105.266,105.266,2841,0,0,0,35,17,729.5,433.843,1.5
2950002864,105.321,0,0,-105.321,105.321,2864,0,0,0,35,11,-351.5,778.412,1.5
2950003159,106.185,0,0,-106.185,106.185,3159,0,0,0,35,10,-939.285,-90.2155,1.5
2950003175,106.218,0,0,-106.218,106.218,3175,0,0,0,35,8,314.5,-893.452,1.5
2950003265,106.462,0,0,-106.462,106.462,3265,0,0,0,35,18,930.818,287.5,1.5
2950003267,106.464,0,0,-106.464,106.464,3267,0,0,0,35,15,577.988,784.488,1.5
2950003289,106.525,0,0,-106.525,106.525,3289,0,0,0,35,12,-303.5,-933.226,1.5
2950003310,106.58,0,0,-106.58,106.58,3310,0,0,0,35,14,694.256,-702.256,1.5
2952858014,91.6528,0,0,-91.6528,91.6528,878,6,-236.913,99.9126,1.5,0,0,0,35
2952859198,102.453,0,0,-102.453,102.453,2062,13,513.933,335,1.5,0,0,0,35
2962859270,102.789,0,0,-102.789,102.789,2134,2,-617.5,-159.51,1.5,0,0,0,35
2962860000,105.321,0,0,-105.321,105.321,2864,11,-351.5,778.412,1.5,0,0,0,35
2962860295,106.185,0,0,-106.185,106.185,3159,10,-939.285,-90.2155,1.5,0,0,0,35
2967859429,103.374,0,0,-103.374,103.374,2293,5,528.087,-432.087,1.5,0,0,0,35
2971858583,94.219,0,0,-94.219,94.219,1447,16,113.862,413.362,1.5,0,0,0,35
2972858170,95.2033,0,0,-95.2033,95.2033,1034,4,275.881,-127.881,1.5,0,0,0,35
2972860401,106.462,0,0,-106.462,106.462,3265,18,930.818,287.5,1.5,0,0,0,35
2974788883,106.218,0,0,-106.218,106.218,3175,8,314.5,-893.452,1.5,0,0,0,35
2976072573,92.8571,0,0,-92.8571,92.8571,1144,19,121.472,317.028,1.5,0,0,0,35
2976860403,106.464,0,0,-106.464,106.464,3267,15,577.988,784.488,1.5,0,0,0,35
2981858457,100.666,0,0,-100.666,100.666,1321,9,-207.116,334.384,1.5,0,0,0,35
2981860425,106.525,0,0,-106.525,106.525,3289,12,-303.5,-933.226,1.5,0,0,0,35
2982860446,106.58,0,0,-106.58,106.58,3310,14,694.256,-702.256,1.5,0,0,0,35
2985858477,97.6764,0,0,-97.6764,97.6764,1341,1,-26.4098,-400,1.5,0,0,0,35
2986788549,105.266,0,0,-105.266,105.266,2841,17,729.5,433.843,1.5,0,0,0,35
2997859289,102.835,0,0,-102.835,102.835,2153,20,63.4985,637.998,1.5,0,0,0,35
3000000878,91.6528,0,0,-91.6528,91.6528,878,0,0,0,35,6,-236.807,99.8065,1.5
3000001034,95.2033,0,0,-95.2033,95.2033,1034,0,0,0,35,4,275.775,-127.775,1.5
3000001076,105.096,0,0,-105.096,105.096,1076,0,0,0,35,7,-11.8129,317.313,1.5
3000001144,92.8571,0,0,-92.8571,92.8571,1144,0,0,0,35,19,121.578,316.922,1.5
3000001321,100.666,0,0,-100.666,100.666,1321,0,0,0,35,9,-207.222,334.278,1.5
3000001341,97.6764,0,0,-97.6764,97.6764,1341,0,0,0,35,1,-26.5598,-400,1.5
3000001447,94.219,0,0,-94.219,94.219,1447,0,0,0,35,16,113.756,413.256,1.5
3000002062,102.451,0,0,-102.451,102.451,2062,0,0,0,35,13,513.783,335,1.5
3000002134,102.789,0,0,-102.789,102.789,2134,0,0,0,35,2,-617.5,-159.36,1.5
3000002153,102.833,0,0,-102.833,102.833,2153,0,0,0,35,20,63.3924,637.892,1.5
3000002293,103.372,0,0,-103.372,103.372,2293,0,0,0,35,5,527.981,-431.981,1.5
3000002688,104.76,0,0,-104.76,104.76,2688,0,0,0,35,3,596.753,-533.753,1.5
3000002841,105.266,0,0,-105.266,105.266,2841,0,0,0,35,17,729.5,433.693,1.5
3000002864,105.319,0,0,-105.319,105.319,2864,0,0,0,35,11,-351.5,778.262,1.5
3000003159,106.184,0,0,-106.184,106.184,3159,0,0,0,35,10,-939.178,-90.3215,1.5
3000003175,106.217,0,0,-106.217,106.217,3175,0,0,0,35,8,314.5,-893.302,1.5
3000003265,106.461,0,0,-106.461,106.461,3265,0,0,0,35,18,930.668,287.5,1.5
3000003267,106.463,0,0,-106.463,106.463,3267,0,0,0,35,15,577.882,784.382,1.5
3000003289,106.524,0,0,-106.524,106.524,3289,0,0,0,35,12,-303.5,-933.076,1.5
3000003310,106.578,0,0,-106.578,106.578,3310,0,0,0,35,14,694.15,-702.15,1.5
3001859824,104.76,0,0,-104.76,104.76,2688,3,596.753,-533.753,1.5,0,0,0,35
3002858014,91.6528,0,0,-91.6528,91.6528,878,6,-236.807,99.8065,1.5,0,0,0,35
3002859198,102.451,0,0,-102.451,102.451,2062,13,513.783,335,1.5,0,0,0,35
3012858212,105.096,0,0,-105.096,105.096,1076,7,-11.8129,317.313,1.5,0,0,0,35
3012859270,102.789,0,0,-102.789,102.789,2134,2,-617.5,-159.36,1.5,0,0,0,35
3012860295,106.184,0,0,-106.184,106.184,3159,10,-939.178,-90.3215,1.5,0,0,0,35
3015860000,105.319,0,0,-105.319,105.319,2864,11,-351.5,778.262,1.5,0,0,0,35
3017859429,103.372,0,0,-103.372,103.372,2293,5,527.981,-431.981,1.5,0,0,0,35
3021858583,94.219,0,0,-94.219,94.219,1447,16,113.756,413.256,1.5,0,0,0,35
3022858170,95.2033,0,0,-95.2033,95.2033,1034,4,275.775,-127.775,1.5,0,0,0,35
3022860401,106.461,0,0,-106.461,106.461,3265,18,930.668,287.5,1.5,0,0,0,35
3025860311,106.217,0,0,-106.217,106.217,3175,8,314.5,-893.302,1.5,0,0,0,35
3026072573,92.8571,0,0,-92.8571,92.8571,1144,19,121.578,316.922,1.5,0,0,0,35
3031860425,106.524,0,0,-106.524,106.524,3289,12,-303.5,-933.076,1.5,0,0,0,35
3032860446,106.578,0,0,-106.578,106.578,3310,14,694.15,-702.15,1.5,0,0,0,35
3036858477,97.6764,0,0,-97.6764,97.6764,1341,1,-26.5598,-400,1.5,0,0,0,35
3037859977,105.266,0,0,-105.266,105.266,2841,17,729.5,433.693,1.5,0,0,0,35
3042860403,106.463,0,0,-106.463,106.463,3267,15,577.882,784.382,1.5,0,0,0,35
3050000878,91.6528,0,0,-91.6528,91.6528,878,0,0,0,35,6,-236.807,99.8065,1.5
3050001034,95.2033,0,0,-95.2033,95.2033,1034,0,0,0,35,4,275.775,-127.775,1.5
3050001076,105.096,0,0,-105.096,105.096,1076,0,0,0,35,7,-11.8129,317.313,1.5
3050001144,92.8571,0,0,-92.8571,92.8571,1144,0,0,0,35,19,121.578,316.922,1.5
3050001321,100.666,0,0,-100.666,100.666,1321,0,0,0,35,9,-207.222,334.278,1.5
3050001341,97.6764,0,0,-97.6764,97.6764,1341,0,0,0,35,1,-26.5598,-400,1.5
3050001447,94.219,0,0,-94.219,94.219,1447,0,0,0,35,16,113.756,413.256,1.5
3050002062,102.451,0,0,-102.451,102.451,2062,0,0,0,35,13,513.783,335,1.5
3050002134,102.789,0,0,-102.789,102.789,2134,0,0,0,35,2,-617.5,-159.36,1.5
3050002153,102.833,0,0,-102.833,102.833,2153,0,0,0,35,20,63.3924,637.892,1.5
3050002293,103.372,0,0,-103.372,103.372,2293,0,0,0,35,5,527.981,-431.981,1.5
3050002688,104.76,0,0,-104.76,104.76,2688,0,0,0,35,3,596.753,-533.753,1.5
3050002841,105.266,0,0,-105.266,105.266,2841,0,0,0,35,17,729.5,433.693,1.5
3050002864,105.319,0,0,-105.319,105.319,2864,0,0,0,35,11,-351.5,778.262,1.5
3050003159,106.184,0,0,-106.184,106.184,3159,0,0,0,35,10,-939.178,-90.3215,1.5
3050003175,106.217,0,0,-106.217,106.217,3175,0,0,0,35,8,314.5,-893.302,1.5
3050003265,106.461,0,0,-106.461,106.461,3265,0,0,0,35,18,930.668,287.5,1.5
3050003267,106.463,0,0,-106.463,106.463,3267,0,0,0,35,15,577.882,784.382,1.5
3050003289,106.524,0,0,-106.524,106.524,3289,0,0,0,35,12,-303.5,-933.076,1.5
3050003310,106.578,0,0,-106.578,106.578,3310,0,0,0,35,14,694.15,-702.15,1.5
3052858014,91.6528,0,0,-91.6528,91.6528,878,6,-236.807,99.8065,1.5,0,0,0,35
3052859198,102.451,0,0,-102.451,102.451,2062,13,513.783,335,1.5,0,0,0,35
3056858457,100.666,0,0,-100.666,100.666,1321,9,-207.222,334.278,1.5,0,0,0,35
3057859289,102.833,0,0,-102.833,102.833,2153,20,63.3924,637.892,1.5,0,0,0,35
3057859824,104.76,0,0,-104.76,104.76,2688,3,596.753,-533.753,1.5,0,0,0,35
3062858212,105.096,0,0,-105.096,105.096,1076,7,-11.8129,317.313,1.5,0,0,0,35
3062859270,102.789,0,0,-102.789,102.789,2134,2,-617.5,-159.36,1.5,0,0,0,35
3062860295,106.184,0,0,-106.184,106.184,3159,10,-939.178,-90.3215,1.5,0,0,0,35
3067859429,103.372,0,0,-103.372,103.372,2293,5,527.981,-431.981,1.5,0,0,0,35
3071858583,94.219,0,0,-94.219,94.219,1447,16,113.756,413.256,1.5,0,0,0,35
3071860000,105.319,0,0,-105.319,105.319,2864,11,-351.5,778.262,1.5,0,0,0,35
3072858170,95.2033,0,0,-95.2033,95.2033,1034,4,275.775,-127.775,1.5,0,0,0,35
3072860401,106.461,0,0,-106.461,106.461,3265,18,930.668,287.5,1.5,0,0,0,35
3075860311,106.217,0,0,-106.217,106.217,3175,8,314.5,-893.302,1.5,0,0,0,35
3076072573,92.8571,0,0,-92.8571,92.8571,1144,19,121.578,316.922,1.5,0,0,0,35
3081860425,106.524,0,0,-106.524,106.524,3289,12,-303.5,-933.076,1.5,0,0,0,35
3082860446,106.578,0,0,-106.578,106.578,3310,14,694.15,-702.15,1.5,0,0,0,35
3087858477,97.6764,0,0,-97.6764,97.6764,1341,1,-26.5598,-400,1.5,0,0,0,35
3091859977,105.266,0,0,-105.266,105.266,2841,17,729.5,433.693,1.5,0,0,0,35
3092860403,106.463,0,0,-106.463,106.463,3267,15,577.882,784.382,1.5,0,0,0,35
3100000878,91.6528,0,0,-91.6528,91.6528,878,0,0,0,35,6,-236.7,99.7004,1.5
3100001034,95.2033,0,0,-95.2033,95.2033,1034,0,0,0,35,4,275.669,-127.669,1.5
3100001076,105.096,0,0,-105.096,105.096,1076,0,0,0,35,7,-11.7068,317.207,1.5
3100001144,92.8571,0,0,-92.8571,92.8571,1144,0,0,0,35,19,121.684,316.816,1.5
3100001321,100.666,0,0,-100.666,100.666,1321,0,0,0,35,9,-207.328,334.172,1.5
3100001341,97.6764,0,0,-97.6764,97.6764,1341,0,0,0,35,1,-26.7098,-400,1.5
3100001447,94.219,0,0,-94.219,94.219,1447,0,0,0,35,16,113.65,413.15,1.5
3100002062,102.449,0,0,-102.449,102.449,2062,0,0,0,35,13,513.633,335,1.5
3100002134,102.788,0,0,-102.788,102.788,2134,0,0,0,35,2,-617.5,-159.21,1.5
3100002153,102.832,0,0,-102.832,102.832,2153,0,0,0,35,20,63.2864,637.786,1.5
3100002293,103.37,0,0,-103.37,103.37,2293,0,0,0,35,5,527.875,-431.875,1.5
3100002688,104.759,0,0,-104.759,104.759,2688,0,0,0,35,3,596.647,-533.647,1.5
3100002841,105.265,0,0,-105.265,105.265,2841,0,0,0,35,17,729.5,433.543,1.5
3100002864,105.318,0,0,-105.318,105.318,2864,0,0,0,35,11,-351.5,778.112,1.5
3100003159,106.183,0,0,-106.183,106.183,3159,0,0,0,35,10,-939.072,-90.4276,1.5
3100003175,106.215,0,0,-106.215,106.215,3175,0,0,0,35,8,314.5,-893.152,1.5
3100003265,106.46,0,0,-106.46,106.46,3265,0,0,0,35,18,930.518,287.5,1.5
3100003267,106.461,0,0,-106.461,106.461,3267,0,0,0,35,15,577.776,784.276,1.5
3100003289,106.523,0,0,-106.523,106.523,3289,0,0,0,35,12,-303.5,-932.926,1.5
3100003310,106.577,0,0,-106.577,106.577,3310,0,0,0,35,14,694.044,-702.044,1.5
3102858014,91.6528,0,0,-91.6528,91.6528,878,6,-236.7,99.7004,1.5,0,0,0,35
3102859198,102.449,0,0,-102.449,102.449,2062,13,513.633,335,1.5,0,0,0,35
3107858457,100.666,0,0,-100.666,100.666,1321,9,-207.328,334.172,1.5,0,0,0,35
3107859289,102.832,0,0,-102.832,102.832,2153,20,63.2864,637.786,1.5,0,0,0,35
3107859824,104.759,0,0,-104.759,104.759,2688,3,596.647,-533.647,1.5,0,0,0,35
3112858212,105.096,0,0,-105.096,105.096,1076,7,-11.7068,317.207,1.5,0,0,0,35
3112859270,102.788,0,0,-102.788,102.788,2134,2,-617.5,-159.21,1.5,0,0,0,35
3112860295,106.183,0,0,-106.183,106.183,3159,10,-939.072,-90.4276,1.5,0,0,0,35
3117859429,103.37,0,0,-103.37,103.37,2293,5,527.875,-431.875,1.5,0,0,0,35
3121858583,94.219,0,0,-94.219,94.219,1447,16,113.65,413.15,1.5,0,0,0,35
3121860000,105.318,0,0,-105.318,105.318,2864,11,-351.5,778.112,1.5,0,0,0,35
3122858170,95.2033,0,0,-95.2033,95.2033,1034,4,275.669,-127.669,1.5,0,0,0,35
3123860401,106.46,0,0,-106.46,106.46,3265,18,930.518,287.5,1.5,0,0,0,35
3126072573,92.8571,0,0,-92.8571,92.8571,1144,19,121.684,316.816,1.5,0,0,0,35
3126860311,106.215,0,0,-106.215,106.215,3175,8,314.5,-893.152,1.5,0,0,0,35
3132788997,106.523,0,0,-106.523,106.523,3289,12,-303.5,-932.926,1.5,0,0,0,35
3132860446,106.577,0,0,-106.577,106.577,3310,14,694.044,-702.044,1.5,0,0,0,35
3137858477,97.6764,0,0,-97.6764,97.6764,1341,1,-26.7098,-400,1.5,0,0,0,35
3141859977,105.265,0,0,-105.265,105.265,2841,17,729.5,433.543,1.5,0,0,0,35
3142860403,106.461,0,0,-106.461,106.461,3267,15,577.776,784.276,1.5,0,0,0,35
3150000878,91.6528,0,0,-91.6528,91.6528,878,0,0,0,35,6,-236.7,99.7004,1.5
3150001034,95.2033,0,0,-95.2033,95.2033,1034,0,0,0,35,4,275.669,-127.669,1.5
3150001076,105.096,0,0,-105.096,105.096,1076,0,0,0,35,7,-11.7068,317.207,1.5
3150001144,92.8571,0,0,-92.8571,92.8571,1144,0,0,0,35,19,121.684,316.816,1.5
3150001321,100.666,0,0,-100.666,100.666,1321,0,0,0,35,9,-207.328,334.172,1.5
3150001341,97.6764,0,0,-97.6764,97.6764,1341,0,0,0,35,1,-26.7098,-400,1.5
3150001447,94.219,0,0,-94.219,94.219,1447,0,0,0,35,16,113.65,413.15,1.5
3150002062,102.449,0,0,-102.449,102.449,2062,0,0,0,35,13,513.633,335,1.5
3150002134,102.788,0,0,-102.788,102.788,2134,0,0,0,35,2,-617.5,-159.21,1.5
3150002153,102.832,0,0,-102.832,102.832,2153,0,0,0,35,20,63.2864,637.786,1.5
3150002293,103.37,0,0,-103.37,103.37,2293,0,0,0,35,5,527.875,-431.875,1.5
3150002688,104.759,0,0,-104.759,104.759,2688,0,0,0,35,3,596.647,-533.647,1.5
3150002841,105.265,0,0,-105.265,105.265,2841,0,0,0,35,17,729.5,433.543,1.5
3150002864,105.318,0,0,-105.318,105.318,2864,0,0,0,35,11,-351.5,778.112,1.5
3150003159,106.183,0,0,-106.183,106.183,3159,0,0,0,35,10,-939.072,-90.4276,1.5
3150003175,106.215,0,0,-106.215,106.215,3175,0,0,0,35,8,314.5,-893.152,1.5
3150003265,106.46,0,0,-106.46,106.46,3265,0,0,0,35,18,930.518,287.5,1.5
3150003267,106.461,0,0,-106.461,106.461,3267,0,0,0,35,15,577.776,784.276,1.5
3150003289,106.523,0,0,-106.523,106.523,3289,0,0,0,35,12,-303.5,-932.926,1.5
3150003310,106.577,0,0,-106.577,106.577,3310,0,0,0,35,14,694.044,-702.044,1.5
3152858014,91.6528,0,0,-91.6528,91.6528,878,6,-236.7,99.7004,1.5,0,0,0,35
3157858457,100.666,0,0,-100.666,100.666,1321,9,-207.328,334.172,1.5,0,0,0,35
3157859289,102.832,0,0,-102.832,102.832,2153,20,63.2864,637.786,1.5,0,0,0,35
3157859824,104.759,0,0,-104.759,104.759,2688,3,596.647,-533.647,1.5,0,0,0,35
3162858212,105.096,0,0,-105.096,105.096,1076,7,-11.7068,317.207,1.5,0,0,0,35
3162859270,102.788,0,0,-102.788,102.788,2134,2,-617.5,-159.21,1.5,0,0,0,35
3162860295,106.183,0,0,-106.183,106.183,3159,10,-939.072,-90.4276,1.5,0,0,0,35
3167859429,103.37,0,0,-103.37,103.37,2293,5,527.875,-431.875,1.5,0,0,0,35
3170787770,102.449,0,0,-102.449,102.449,2062,13,513.633,335,1.5,0,0,0,35
3171858583,94.219,0,0,-94.219,94.219,1447,16,113.65,413.15,1.5,0,0,0,35
3171860000,105.318,0,0,-105.318,105.318,2864,11,-351.5,778.112,1.5,0,0,0,35
3176072573,92.8571,0,0,-92.8571,92.8571,1144,19,121.684,316.816,1.5,0,0,0,35
3176858170,95.2033,0,0,-95.2033,95.2033,1034,4,275.669,-127.669,1.5,0,0,0,35
3176860311,106.215,0,0,-106.215,106.215,3175,8,314.5,-893.152,1.5,0,0,0,35
3176860401,106.46,0,0,-106.46,106.46,3265,18,930.518,287.5,1.5,0,0,0,35
3182860425,106.523,0,0,-106.523,106.523,3289,12,-303.5,-932.926,1.5,0,0,0,35
3182860446,106.577,0,0,-106.577,106.577,3310,14,694.044,-702.044,1.5,0,0,0,35
3191858477,97.6764,0,0,-97.6764,97.6764,1341,1,-26.7098,-400,1.5,0,0,0,35
3191859977,105.265,0,0,-105.265,105.265,2841,17,729.5,433.543,1.5,0,0,0,35
3192860403,106.461,0,0,-106.461,106.461,3267,15,577.776,784.276,1.5,0,0,0,35
3200000878,91.6528,0,0,-91.6528,91.6528,878,0,0,0,35,6,-236.594,99.5944,1.5
3200001034,95.2033,0,0,-95.2033,95.2033,1034,0,0,0,35,4,275.562,-127.562,1.5
3200001076,105.096,0,0,-105.096,105.096,1076,0,0,0,35,7,-11.6007,317.101,1.5
3200001144,92.8571,0,0,-92.8571,92.8571,1144,0,0,0,35,19,121.79,316.71,1.5
3200001321,100.666,0,0,-100.666,100.666,1321,0,0,0,35,9,-207.435,334.065,1.5
3200001341,97.6764,0,0,-97.6764,97.6764,1341,0,0,0,35,1,-26.8598,-400,1.5
3200001447,94.219,0,0,-94.219,94.219,1447,0,0,0,35,16,113.544,413.044,1.5
3200002062,102.447,0,0,-102.447,102.447,2062,0,0,0,35,13,513.483,335,1.5
3200002134,102.788,0,0,-102.788,102.788,2134,0,0,0,35,2,-617.5,-159.06,1.5
3200002153,102.83,0,0,-102.83,102.83,2153,0,0,0,35,20,63.1803,637.68,1.5
3200002293,103.369,0,0,-103.369,103.369,2293,0,0,0,35,5,527.769,-431.769,1.5
3200002688,104.757,0,0,-104.757,104.757,2688,0,0,0,35,3,596.541,-533.541,1.5
3200002841,105.264,0,0,-105.264,105.264,2841,0,0,0,35,17,729.5,433.393,1.5
3200002864,105.317,0,0,-105.317,105.317,2864,0,0,0,35,11,-351.5,777.962,1.5
3200003159,106.183,0,0,-106.183,106.183,3159,0,0,0,35,10,-938.966,-90.5337,1.5
3200003175,106.214,0,0,-106.214,106.214,3175,0,0,0,35,8,314.5,-893.002,1.5
3200003265,106.458,0,0,-106.458,106.458,3265,0,0,0,35,18,930.368,287.5,1.5
3200003267,106.46,0,0,-106.46,106.46,3267,0,0,0,35,15,577.67,784.17,1.5
3200003289,106.522,0,0,-106.522,106.522,3289,0,0,0,35,12,-303.5,-932.776,1.5
3200003310,106.576,0,0,-106.576,106.576,3310,0,0,0,35,14,693.938,-701.938,1.5
3202858014,91.6528,0,0,-91.6528,91.6528,878,6,-236.594,99.5944,1.5,0,0,0,35
3207858457,100.666,0,0,-100.666,100.666,1321,9,-207.435,334.065,1.5,0,0,0,35
3207859289,102.83,0,0,-102.83,102.83,2153,20,63.1803,637.68,1.5,0,0,0,35
3207859824,104.757,0,0,-104.757,104.757,2688,3,596.541,-533.541,1.5,0,0,0,35
3212858212,105.096,0,0,-105.096,105.096,1076,7,-11.6007,317.101,1.5,0,0,0,35
3212859270,102.788,0,0,-102.788,102.788,2134,2,-617.5,-159.06,1.5,0,0,0,35
3212860295,106.183,0,0,-106.183,106.183,3159,10,-938.966,-90.5337,1.5,0,0,0,35
3217859429,103.369,0,0,-103.369,103.369,2293,5,527.769,-431.769,1.5,0,0,0,35
3220859198,102.447,0,0,-102.447,102.447,2062,13,513.483,335,1.5,0,0,0,35
3221858583,94.219,0,0,-94.219,94.219,1447,16,113.544,413.044,1.5,0,0,0,35
3221860000,105.317,0,0,-105.317,105.317,2864,11,-351.5,777.962,1.5,0,0,0,35
3226072573,92.8571,0,0,-92.8571,92.8571,1144,19,121.79,316.71,1.5,0,0,0,35
3226858170,95.2033,0,0,-95.2033,95.2033,1034,4,275.562,-127.562,1.5,0,0,0,35
3226860311,106.214,0,0,-106.214,106.214,3175,8,314.5,-893.002,1.5,0,0,0,35
3226860401,106.458,0,0,-106.458,106.458,3265,18,930.368,287.5,1.5,0,0,0,35
3232860446,106.576,0,0,-106.576,106.576,3310,14,693.938,-701.938,1.5,0,0,0,35
3237860425,106.522,0,0,-106.522,106.522,3289,12,-303.5,-932.776,1.5,0,0,0,35
3242858477,97.6764,0,0,-97.6764,97.6764,1341,1,-26.8598,-400,1.5,0,0,0,35
3242860403,106.46,0,0,-106.46,106.46,3267,15,577.67,784.17,1.5,0,0,0,35
3250000878,91.6528,0,0,-91.6528,91.6528,878,0,0,0,35,6,-236.594,99.5944,1.5
3250001034,95.2033,0,0,-95.2033,95.2033,1034,0,0,0,35,4,275.562,-127.562,1.5
3250001076,105.096,0,0,-105.096,105.096,1076,0,0,0,35,7,-11.6007,317.101,1.5
3250001144,92.8571,0,0,-92.8571,92.8571,1144,0,0,0,35,19,121.79,316.71,1.5
3250001321,100.666,0,0,-100.666,100.666,1321,0,0,0,35,9,-207.435,334.065,1.5
3250001341,97.6764,0,0,-97.6764,97.6764,1341,0,0,0,35,1,-26.8598,-400,1.5
3250001447,94.219,0,0,-94.219,94.219,1447,0,0,0,35,16,113.544,413.044,1.5
3250002062,102.447,0,0,-102.447,102.447,2062,0,0,0,35,13,513.483,335,1.5
3250002134,102.788,0,0,-102.788,102.788,2134,0,0,0,35,2,-617.5,-159.06,1.5
3250002153,102.83,0,0,-102.83,102.83,2153,0,0,0,35,20,63.1803,637.68,1.5
3250002293,103.369,0,0,-103.369,103.369,2293,0,0,0,35,5,527.769,-431.769,1.5
3250002688,104.757,0,0,-104.757,104.757,2688,0,0,0,35,3,596.541,-533.541,1.5
3250002841,105.264,0,0,-105.264,105.264,2841,0,0,0,35,17,729.5,433.393,1.5
3250002864,105.317,0,0,-105.317,105.317,2864,0,0,0,35,11,-351.5,777.962,1.5
3250003159,106.183,0,0,-106.183,106.183,3159,0,0,0,35,10,-938.966,-90.5337,1.5
3250003175,106.214,0,0,-106.214,106.214,3175,0,0,0,35,8,314.5,-893.002,1.5
3250003265,106.458,0,0,-106.458,106.458,3265,0,0,0,35,18,930.368,287.5,1.5
3250003267,106.46,0,0,-106.46,106.46,3267,0,0,0,35,15,577.67,784.17,1.5
3250003289,106.522,0,0,-106.522,106.522,3289,0,0,0,35,12,-303.5,-932.776,1.5
3250003310,106.576,0,0,-106.576,106.576,3310,0,0,0,35,14,693.938,-701.938,1.5
3252858014,91.6528,0,0,-91.6528,91.6528,878,6,-236.594,99.5944,1.5,0,0,0,35
3252859977,105.264,0,0,-105.264,105.264,2841,17,729.5,433.393,1.5,0,0,0,35
3257859824,104.757,0,0,-104.757,104.757,2688,3,596.541,-533.541,1.5,0,0,0,35
3262787029,100.666,0,0,-100.666,100.666,1321,9,-207.435,334.065,1.5,0,0,0,35
3262858212,105.096,0,0,-105.096,105.096,1076,7,-11.6007,317.101,1.5,0,0,0,35
3262859270,102.788,0,0,-102.788,102.788,2134,2,-617.5,-159.06,1.5,0,0,0,35
3262860295,106.183,0,0,-106.183,106.183,3159,10,-938.966,-90.5337,1.5,0,0,0,35
3267859429,103.369,0,0,-103.369,103.369,2293,5,527.769,-431.769,1.5,0,0,0,35
3270859198,102.447,0,0,-102.447,102.447,2062,13,513.483,335,1.5,0,0,0,35
3271859289,102.83,0,0,-102.83,102.83,2153,20,63.1803,637.68,1.5,0,0,0,35
3271860000,105.317,0,0,-105.317,105.317,2864,11,-351.5,777.962,1.5,0,0,0,35
3274787155,94.219,0,0,-94.219,94.219,1447,16,113.544,413.044,1.5,0,0,0,35
3276072573,92.8571,0,0,-92.8571,92.8571,1144,19,121.79,316.71,1.5,0,0,0,35
3276858170,95.2033,0,0,-95.2033,95.2033,1034,4,275.562,-127.562,1.5,0,0,0,35
3276860311,106.214,0,0,-106.214,106.214,3175,8,314.5,-893.002,1.5,0,0,0,35
3276860401,106.458,0,0,-106.458,106.458,3265,18,930.368,287.5,1.5,0,0,0,35
3282860446,106.576,0,0,-106.576,106.576,3310,14,693.938,-701.938,1.5,0,0,0,35
3287860425,106.522,0,0,-106.522,106.522,3289,12,-303.5,-932.776,1.5,0,0,0,35
3292858477,97.6764,0,0,-97.6764,97.6764,1341,1,-26.8598,-400,1.5,0,0,0,35
3292860403,106.46,0,0,-106.46,106.46,3267,15,577.67,784.17,1.5,0,0,0,35
3300000878,91.6528,0,0,-91.6528,91.6528,878,0,0,0,35,6,-236.488,99.4883,1.5
3300001034,95.2033,0,0,-95.2033,95.2033,1034,0,0,0,35,4,275.456,-127.456,1.5
3300001076,105.096,0,0,-105.096,105.096,1076,0,0,0,35,7,-11.4947,316.995,1.5
3300001144,92.8571,0,0,-92.8571,92.8571,1144,0,0,0,35,19,121.896,316.604,1.5
3300001321,100.666,0,0,-100.666,100.666,1321,0,0,0,35,9,-207.541,333.959,1.5
3300001341,97.6764,0,0,-97.6764,97.6764,1341,0,0,0,35,1,-27.0098,-400,1.5
3300001447,94.219,0,0,-94.219,94.219,1447,0,0,0,35,16,113.438,412.938,1.5
3300002062,102.446,0,0,-102.446,102.446,2062,0,0,0,35,13,513.333,335,1.5
3300002134,102.787,0,0,-102.787,102.787,2134,0,0,0,35,2,-617.5,-158.91,1.5
3300002153,102.829,0,0,-102.829,102.829,2153,0,0,0,35,20,63.0742,637.574,1.5
3300002293,103.367,0,0,-103.367,103.367,2293,0,0,0,35,5,527.663,-431.663,1.5
3300002688,104.755,0,0,-104.755,104.755,2688,0,0,0,35,3,596.435,-533.435,1.5
3300002841,105.263,0,0,-105.263,105.263,2841,0,0,0,35,17,729.5,433.243,1.5
3300002864,105.315,0,0,-105.315,105.315,2864,0,0,0,35,11,-351.5,777.812,1.5
3300003159,106.182,0,0,-106.182,106.182,3159,0,0,0,35,10,-938.86,-90.6397,1.5
3300003175,106.213,0,0,-106.213,106.213,3175,0,0,0,35,8,314.5,-892.852,1.5
3300003265,106.457,0,0,-106.457,106.457,3265,0,0,0,35,18,930.218,287.5,1.5
3300003267,106.459,0,0,-106.459,106.459,3267,0,0,0,35,15,577.564,784.064,1.5
3300003289,106.52,0,0,-106.52,106.52,3289,0,0,0,35,12,-303.5,-932.626,1.5
3300003310,106.574,0,0,-106.574,106.574,3310,0,0,0,35,14,693.832,-701.832,1.5
3302858014,91.6528,0,0,-91.6528,91.6528,878,6,-236.488,99.4883,1.5,0,0,0,35
3302859977,105.263,0,0,-105.263,105.263,2841,17,729.5,433.243,1.5,0,0,0,35
3311859824,104.755,0,0,-104.755,104.755,2688,3,596.435,-533.435,1.5,0,0,0,35
3312858212,105.096,0,0,-105.096,105.096,1076,7,-11.4947,316.995,1.5,0,0,0,35
3312858457,100.666,0,0,-100.666,100.666,1321,9,-207.541,333.959,1.5,0,0,0,35
3312859270,102.787,0,0,-102.787,102.787,2134,2,-617.5,-158.91,1.5,0,0,0,35
3312860295,106.182,0,0,-106.182,106.182,3159,10,-938.86,-90.6397,1.5,0,0,0,35
3320859198,102.446,0,0,-102.446,102.446,2062,13,513.333,335,1.5,0,0,0,35
3320859429,103.367,0,0,-103.367,103.367,2293,5,527.663,-431.663,1.5,0,0,0,35
3321859289,102.829,0,0,-102.829,102.829,2153,20,63.0742,637.574,1.5,0,0,0,35
3322860000,105.315,0,0,-105.315,105.315,2864,11,-351.5,777.812,1.5,0,0,0,35
3325858583,94.219,0,0,-94.219,94.219,1447,16,113.438,412.938,1.5,0,0,0,35
3326072573,92.8571,0,0,-92.8571,92.8571,1144,19,121.896,316.604,1.5,0,0,0,35
3326858170,95.2033,0,0,-95.2033,95.2033,1034,4,275.456,-127.456,1.5,0,0,0,35
3326860311,106.213,0,0,-106.213,106.213,3175,8,314.5,-892.852,1.5,0,0,0,35
3326860401,106.457,0,0,-106.457,106.457,3265,18,930.218,287.5,1.5,0,0,0,35
3336860446,106.574,0,0,-106.574,106.574,3310,14,693.832,-701.832,1.5,0,0,0,35
3337860425,106.52,0,0,-106.52,106.52,3289,12,-303.5,-932.626,1.5,0,0,0,35
3342860403,106.459,0,0,-106.459,106.459,3267,15,577.564,784.064,1.5,0,0,0,35
3346858477,97.6764,0,0,-97.6764,97.6764,1341,1,-27.0098,-400,1.5,0,0,0,35
3350000878,91.6528,0,0,-91.6528,91.6528,878,0,0,0,35,6,-236.488,99.4883,1.5
3350001034,95.2033,0,0,-95.2033,95.2033,1034,0,0,0,35,4,275.456,-127.456,1.5
3350001076,105.096,0,0,-105.096,105.096,1076,0,0,0,35,7,-11.4947,316.995,1.5
3350001144,92.8571,0,0,-92.8571,92.8571,1144,0,0,0,35,19,121.896,316.604,1.5
3350001321,100.666,0,0,-100.666,100.666,1321,0,0,0,35,9,-207.541,333.959,1.5
3350001341,97.6764,0,0,-97.6764,97.6764,1341,0,0,0,35,1,-27.0098,-400,1.5
3350001447,94.219,0,0,-94.219,94.219,1447,0,0,0,35,16,113.438,412.938,1.5
3350002062,102.446,0,0,-102.446,102.446,2062,0,0,0,35,13,513.333,335,1.5
3350002134,102.787,0,0,-102.787,102.787,2134,0,0,0,35,2,-617.5,-158.91,1.5
3350002153,102.829,0,0,-102.829,102.829,2153,0,0,0,35,20,63.0742,637.574,1.5
3350002293,103.367,0,0,-103.367,103.367,2293,0,0,0,35,5,527.663,-431.663,1.5
3350002688,104.755,0,0,-104.755,104.755,2688,0,0,0,35,3,596.435,-533.435,1.5
3350002841,105.263,0,0,-105.263,105.263,2841,0,0,0,35,17,729.5,433.243,1.5
3350002864,105.315,0,0,-105.315,105.315,2864,0,0,0,35,11,-351.5,777.812,1.5
3350003159,106.182,0,0,-106.182,106.182,3159,0,0,0,35,10,-938.86,-90.6397,1.5
3350003175,106.213,0,0,-106.213,106.213,3175,0,0,0,35,8,314.5,-892.852,1.5
3350003265,106.457,0,0,-106.457,106.457,3265,0,0,0,35,18,930.218,287.5,1.5
3350003267,106.459,0,0,-106.459,106.459,3267,0,0,0,35,15,577.564,784.064,1.5
3350003289,106.52,0,0,-106.52,106.52,3289,0,0,0,35,12,-303.5,-932.626,1.5
3350003310,106.574,0,0,-106.574,106.574,3310,0,0,0,35,14,693.832,-701.832,1.5
3352858014,91.6528,0,0,-91.6528,91.6528,878,6,-236.488,99.4883,1.5,0,0,0,35
3353859977,105.263,0,0,-105.263,105.263,2841,17,729.5,433.243,1.5,0,0,0,35
3362858212,105.096,0,0,-105.096,105.096,1076,7,-11.4947,316.995,1.5,0,0,0,35
3362858457,100.666,0,0,-100.666,100.666,1321,9,-207.541,333.959,1.5,0,0,0,35
3362860295,106.182,0,0,-106.182,106.182,3159,10,-938.86,-90.6397,1.5,0,0,0,35
3366859824,104.755,0,0,-104.755,104.755,2688,3,596.435,-533.435,1.5,0,0,0,35
3371859289,102.829,0,0,-102.829,102.829,2153,20,63.0742,637.574,1.5,0,0,0,35
3371859429,103.367,0,0,-103.367,103.367,2293,5,527.663,-431.663,1.5,0,0,0,35
3372860000,105.315,0,0,-105.315,105.315,2864,11,-351.5,777.812,1.5,0,0,0,35
3376072573,92.8571,0,0,-92.8571,92.8571,1144,19,121.896,316.604,1.5,0,0,0,35
3376858170,95.2033,0,0,-95.2033,95.2033,1034,4,275.456,-127.456,1.5,0,0,0,35
3376858583,94.219,0,0,-94.219,94.219,1447,16,113.438,412.938,1.5,0,0,0,35
3376859198,102.446,0,0,-102.446,102.446,2062,13,513.333,335,1.5,0,0,0,35
3376859270,102.787,0,0,-102.787,102.787,2134,2,-617.5,-158.91,1.5,0,0,0,35
3376860311,106.213,0,0,-106.213,106.213,3175,8,314.5,-892.852,1.5,0,0,0,35
3376860401,106.457,0,0,-106.457,106.457,3265,18,930.218,287.5,1.5,0,0,0,35
3386860446,106.574,0,0,-106.574,106.574,3310,14,693.832,-701.832,1.5,0,0,0,35
3387860425,106.52,0,0,-106.52,106.52,3289,12,-303.5,-932.626,1.5,0,0,0,35
3392860403,106.459,0,0,-106.459,106.459,3267,15,577.564,784.064,1.5,0,0,0,35
3396858477,97.6764,0,0,-97.6764,97.6764,1341,1,-27.0098,-400,1.5,0,0,0,35
3400000878,91.6528,0,0,-91.6528,91.6528,878,0,0,0,35,6,-236.382,99.3822,1.5
3400001034,95.2033,0,0,-95.2033,95.2033,1034,0,0,0,35,4,275.35,-127.35,1.5
3400001076,105.096,0,0,-105.096,105.096,1076,0,0,0,35,7,-11.3886,316.889,1.5
3400001144,92.8571,0,0,-92.8571,92.8571,1144,0,0,0,35,19,122.002,316.498,1.5
3400001321,100.666,0,0,-100.666,100.666,1321,0,0,0,35,9,-207.647,333.853,1.5
3400001341,97.6764,0,0,-97.6764,97.6764,1341,0,0,0,35,1,-27.1598,-400,1.5
3400001447,94.219,0,0,-94.219,94.219,1447,0,0,0,35,16,113.332,412.832,1.5
3400002062,102.444,0,0,-102.444,102.444,2062,0,0,0,35,13,513.183,335,1.5
3400002134,102.787,0,0,-102.787,102.787,2134,0,0,0,35,2,-617.5,-158.76,1.5
3400002153,102.827,0,0,-102.827,102.827,2153,0,0,0,35,20,62.9682,637.468,1.5
3400002293,103.365,0,0,-103.365,103.365,2293,0,0,0,35,5,527.557,-431.557,1.5
3400002688,104.754,0,0,-104.754,104.754,2688,0,0,0,35,3,596.329,-533.329,1.5
3400002841,105.262,0,0,-105.262,105.262,2841,0,0,0,35,17,729.5,433.093,1.5
3400002864,105.314,0,0,-105.314,105.314,2864,0,0,0,35,11,-351.5,777.662,1.5
3400003159,106.181,0,0,-106.181,106.181,3159,0,0,0,35,10,-938.754,-90.7458,1.5
3400003175,106.212,0,0,-106.212,106.212,3175,0,0,0,35,8,314.5,-892.702,1.5
3400003265,106.456,0,0,-106.456,106.456,3265,0,0,0,35,18,930.068,287.5,1.5
3400003267,106.457,0,0,-106.457,106.457,3267,0,0,0,35,15,577.458,783.958,1.5
3400003289,106.519,0,0,-106.519,106.519,3289,0,0,0,35,12,-303.5,-932.476,1.5
3400003310,106.573,0,0,-106.573,106.573,3310,0,0,0,35,14,693.726,-701.726,1.5
3402858014,91.6528,0,0,-91.6528,91.6528,878,6,-236.382,99.3822,1.5,0,0,0,35
3406859977,105.262,0,0,-105.262,105.262,2841,17,729.5,433.093,1.5,0,0,0,35
3412858212,105.096,0,0,-105.096,105.096,1076,7,-11.3886,316.889,1.5,0,0,0,35
3412860295,106.181,0,0,-106.181,106.181,3159,10,-938.754,-90.7458,1.5,0,0,0,35
3415858457,100.666,0,0,-100.666,100.666,1321,9,-207.647,333.853,1.5,0,0,0,35
3416859824,104.754,0,0,-104.754,104.754,2688,3,596.329,-533.329,1.5,0,0,0,35
3421859289,102.827,0,0,-102.827,102.827,2153,20,62.9682,637.468,1.5,0,0,0,35
3421859429,103.365,0,0,-103.365,103.365,2293,5,527.557,-431.557,1.5,0,0,0,35
3422860000,105.314,0,0,-105.314,105.314,2864,11,-351.5,777.662,1.5,0,0,0,35
3426072573,92.8571,0,0,-92.8571,92.8571,1144,19,122.002,316.498,1.5,0,0,0,35
3426858170,95.2033,0,0,-95.2033,95.2033,1034,4,275.35,-127.35,1.5,0,0,0,35
3426859198,102.444,0,0,-102.444,102.444,2062,13,513.183,335,1.5,0,0,0,35
3426859270,102.787,0,0,-102.787,102.787,2134,2,-617.5,-158.76,1.5,0,0,0,35
3426860401,106.456,0,0,-106.456,106.456,3265,18,930.068,287.5,1.5,0,0,0,35
3430858583,94.219,0,0,-94.219,94.219,1447,16,113.332,412.832,1.5,0,0,0,35
3436860446,106.573,0,0,-106.573,106.573,3310,14,693.726,-701.726,1.5,0,0,0,35
3437860425,106.519,0,0,-106.519,106.519,3289,12,-303.5,-932.476,1.5,0,0,0,35
3442860311,106.212,0,0,-106.212,106.212,3175,8,314.5,-892.702,1.5,0,0,0,35
3442860403,106.457,0,0,-106.457,106.457,3267,15,577.458,783.958,1.5,0,0,0,35
3446858477,97.6764,0,0,-97.6764,97.6764,1341,1,-27.1598,-400,1.5,0,0,0,35
3450000878,91.6528,0,0,-91.6528,91.6528,878,0,0,0,35,6,-236.382,99.3822,1.5
3450001034,95.2033,0,0,-95.2033,95.2033,1034,0,0,0,35,4,275.35,-127.35,1.5
3450001076,105.096,0,0,-105.096,105.096,1076,0,0,0,35,7,-11.3886,316.889,1.5
3450001144,92.8571,0,0,-92.8571,92.8571,1144,0,0,0,35,19,122.002,316.498,1.5
3450001321,100.666,0,0,-100.666,100.666,1321,0,0,0,35,9,-207.647,333.853,1.5
3450001341,97.6764,0,0,-97.6764,97.6764,1341,0,0,0,35,1,-27.1598,-400,1.5
3450001447,94.219,0,0,-94.219,94.219,1447,0,0,0,35,16,113.332,412.832,1.5
3450002062,102.444,0,0,-102.444,102.444,2062,0,0,0,35,13,513.183,335,1.5
3450002134,102.787,0,0,-102.787,102.787,2134,0,0,0,35,2,-617.5,-158.76,1.5
3450002153,102.827,0,0,-102.827,102.827,2153,0,0,0,35,20,62.9682,637.468,1.5
3450002293,103.365,0,0,-103.365,103.365,2293,0,0,0,35,5,527.557,-431.557,1.5
3450002688,104.754,0,0,-104.754,104.754,2688,0,0,0,35,3,596.329,-533.329,1.5
3450002841,105.262,0,0,-105.262,105.262,2841,0,0,0,35,17,729.5,433.093,1.5
3450002864,105.314,0,0,-105.314,105.314,2864,0,0,0,35,11,-351.5,777.662,1.5
3450003159,106.181,0,0,-106.181,106.181,3159,0,0,0,35,10,-938.754,-90.7458,1.5
3450003175,106.212,0,0,-106.212,106.212,3175,0,0,0,35,8,314.5,-892.702,1.5
3450003265,106.456,0,0,-106.456,106.456,3265,0,0,0,35,18,930.068,287.5,1.5
3450003267,106.457,0,0,-106.457,106.457,3267,0,0,0,35,15,577.458,783.958,1.5
3450003289,106.519,0,0,-106.519,106.519,3289,0,0,0,35,12,-303.5,-932.476,1.5
3450003310,106.573,0,0,-106.573,106.573,3310,0,0,0,35,14,693.726,-701.726,1.5
3452858014,91.6528,0,0,-91.6528,91.6528,878,6,-236.382,99.3822,1.5,0,0,0,35
3456859977,105.262,0,0,-105.262,105.262,2841,17,729.5,433.093,1.5,0,0,0,35
3462858212,105.096,0,0,-105.096,105.096,1076,7,-11.3886,316.889,1.5,0,0,0,35
3462860295,106.181,0,0,-106.181,106.181,3159,10,-938.754,-90.7458,1.5,0,0,0,35
3466858457,100.666,0,0,-100.666,100.666,1321,9,-207.647,333.853,1.5,0,0,0,35
3466859824,104.754,0,0,-104.754,104.754,2688,3,596.329,-533.329,1.5,0,0,0,35
3471859289,102.827,0,0,-102.827,102.827,2153,20,62.9682,637.468,1.5,0,0,0,35
3471859429,103.365,0,0,-103.365,103.365,2293,5,527.557,-431.557,1.5,0,0,0,35
3472860000,105.314,0,0,-105.314,105.314,2864,11,-351.5,777.662,1.5,0,0,0,35
3476072573,92.8571,0,0,-92.8571,92.8571,1144,19,122.002,316.498,1.5,0,0,0,35
3476859198,102.444,0,0,-102.444,102.444,2062,13,513.183,335,1.5,0,0,0,35
3476859270,102.787,0,0,-102.787,102.787,2134,2,-617.5,-158.76,1.5,0,0,0,35
3476860401,106.456,0,0,-106.456,106.456,3265,18,930.068,287.5,1.5,0,0,0,35
3481858583,94.219,0,0,-94.219,94.219,1447,16,113.332,412.832,1.5,0,0,0,35
3490860446,106.573,0,0,-106.573,106.573,3310,14,693.726,-701.726,1.5,0,0,0,35
3491858170,95.2033,0,0,-95.2033,95.2033,1034,4,275.35,-127.35,1.5,0,0,0,35
3492860311,106.212,0,0,-106.212,106.212,3175,8,314.5,-892.702,1.5,0,0,0,35
3492860403,106.457,0,0,-106.457,106.457,3267,15,577.458,783.958,1.5,0,0,0,35
3496858477,97.6764,0,0,-97.6764,97.6764,1341,1,-27.1598,-400,1.5,0,0,0,35
3500000878,91.6528,0,0,-91.6528,91.6528,878,0,0,0,35,6,-236.276,99.2762,1.5
3500001034,95.2033,0,0,-95.2033,95.2033,1034,0,0,0,35,4,275.244,-127.244,1.5
3500001076,105.096,0,0,-105.096,105.096,1076,0,0,0,35,7,-11.2825,316.783,1.5
3500001144,92.8571,0,0,-92.8571,92.8571,1144,0,0,0,35,19,122.108,316.392,1.5
3500001321,100.666,0,0,-100.666,100.666,1321,0,0,0,35,9,-207.753,333.747,1.5
3500001341,97.6764,0,0,-97.6764,97.6764,1341,0,0,0,35,1,-27.3098,-400,1.5
3500001447,94.219,0,0,-94.219,94.219,1447,0,0,0,35,16,113.226,412.726,1.5
3500002062,102.442,0,0,-102.442,102.442,2062,0,0,0,35,13,513.033,335,1.5
3500002134,102.786,0,0,-102.786,102.786,2134,0,0,0,35,2,-617.5,-158.61,1.5
3500002153,102.826,0,0,-102.826,102.826,2153,0,0,0,35,20,62.8621,637.362,1.5
3500002293,103.363,0,0,-103.363,103.363,2293,0,0,0,35,5,527.451,-431.451,1.5
3500002688,104.752,0,0,-104.752,104.752,2688,0,0,0,35,3,596.223,-533.223,1.5
3500002841,105.262,0,0,-105.262,105.262,2841,0,0,0,35,17,729.5,432.943,1.5
3500002864,105.312,0,0,-105.312,105.312,2864,0,0,0,35,11,-351.5,777.512,1.5
3500003159,106.18,0,0,-106.18,106.18,3159,0,0,0,35,10,-938.648,-90.8519,1.5
3500003175,106.21,0,0,-106.21,106.21,3175,0,0,0,35,8,314.5,-892.552,1.5
3500003265,106.454,0,0,-106.454,106.454,3265,0,0,0,35,18,929.918,287.5,1.5
3500003267,106.456,0,0,-106.456,106.456,3267,0,0,0,35,15,577.352,783.852,1.5
3500003289,106.518,0,0,-106.518,106.518,3289,0,0,0,35,12,-303.5,-932.326,1.5
3500003310,106.572,0,0,-106.572,106.572,3310,0,0,0,35,14,693.62,-701.62,1.5
3501860425,106.518,0,0,-106.518,106.518,3289,12,-303.5,-932.326,1.5,0,0,0,35
3506859977,105.262,0,0,-105.262,105.262,2841,17,729.5,432.943,1.5,0,0,0,35
3507858014,91.6528,0,0,-91.6528,91.6528,878,6,-236.276,99.2762,1.5,0,0,0,35
3512858212,105.096,0,0,-105.096,105.096,1076,7,-11.2825,316.783,1.5,0,0,0,35
3512860295,106.18,0,0,-106.18,106.18,3159,10,-938.648,-90.8519,1.5,0,0,0,35
3516858457,100.666,0,0,-100.666,100.666,1321,9,-207.753,333.747,1.5,0,0,0,35
3516859824,104.752,0,0,-104.752,104.752,2688,3,596.223,-533.223,1.5,0,0,0,35
3521859289,102.826,0,0,-102.826,102.826,2153,20,62.8621,637.362,1.5,0,0,0,35
3521859429,103.363,0,0,-103.363,103.363,2293,5,527.451,-431.451,1.5,0,0,0,35
3526072573,92.8571,0,0,-92.8571,92.8571,1144,19,122.108,316.392,1.5,0,0,0,35
3526859198,102.442,0,0,-102.442,102.442,2062,13,513.033,335,1.5,0,0,0,35
3526859270,102.786,0,0,-102.786,102.786,2134,2,-617.5,-158.61,1.5,0,0,0,35
3526860000,105.312,0,0,-105.312,105.312,2864,11,-351.5,777.512,1.5,0,0,0,35
3526860401,106.454,0,0,-106.454,106.454,3265,18,929.918,287.5,1.5,0,0,0,35
3531858583,94.219,0,0,-94.219,94.219,1447,16,113.226,412.726,1.5,0,0,0,35
3541858170,95.2033,0,0,-95.2033,95.2033,1034,4,275.244,-127.244,1.5,0,0,0,35
3541860446,106.572,0,0,-106.572,106.572,3310,14,693.62,-701.62,1.5,0,0,0,35
3542860311,106.21,0,0,-106.21,106.21,3175,8,314.5,-892.552,1.5,0,0,0,35
3542860403,106.456,0,0,-106.456,106.456,3267,15,577.352,783.852,1.5,0,0,0,35
3546858477,97.6764,0,0,-97.6764,97.6764,1341,1,-27.3098,-400,1.5,0,0,0,35
3550000878,91.6528,0,0,-91.6528,91.6528,878,0,0,0,35,6,-236.276,99.2762,1.5
3550001034,95.2033,0,0,-95.2033,95.2033,1034,0,0,0,35,4,275.244,-127.244,1.5
3550001076,105.096,0,0,-105.096,105.096,1076,0,0,0,35,7,-11.2825,316.783,1.5
3550001144,92.8571,0,0,-92.8571,92.8571,1144,0,0,0,35,19,122.108,316.392,1.5
3550001321,100.666,0,0,-100.666,100.666,1321,0,0,0,35,9,-207.753,333.747,1.5
3550001341,97.6764,0,0,-97.6764,97.6764,1341,0,0,0,35,1,-27.3098,-400,1.5
3550001447,94.219,0,0,-94.219,94.219,1447,0,0,0,35,16,113.226,412.726,1.5
3550002062,102.442,0,0,-102.442,102.442,2062,0,0,0,35,13,513.033,335,1.5
3550002134,102.786,0,0,-102.786,102.786,2134,0,0,0,35,2,-617.5,-158.61,1.5
3550002153,102.826,0,0,-102.826,102.826,2153,0,0,0,35,20,62.8621,637.362,1.5
3550002293,103.363,0,0,-103.363,103.363,2293,0,0,0,35,5,527.451,-431.451,1.5
3550002688,104.752,0,0,-104.752,104.752,2688,0,0,0,35,3,596.223,-533.223,1.5
3550002841,105.262,0,0,-105.262,105.262,2841,0,0,0,35,17,729.5,432.943,1.5
3550002864,105.312,0,0,-105.312,105.312,2864,0,0,0,35,11,-351.5,777.512,1.5
3550003159,106.18,0,0,-106.18,106.18,3159,0,0,0,35,10,-938.648,-90.8519,1.5
3550003175,106.21,0,0,-106.21,106.21,3175,0,0,0,35,8,314.5,-892.552,1.5
3550003265,106.454,0,0,-106.454,106.454,3265,0,0,0,35,18,929.918,287.5,1.5
3550003267,106.456,0,0,-106.456,106.456,3267,0,0,0,35,15,577.352,783.852,1.5
3550003289,106.518,0,0,-106.518,106.518,3289,0,0,0,35,12,-303.5,-932.326,1.5
3550003310,106.572,0,0,-106.572,106.572,3310,0,0,0,35,14,693.62,-701.62,1.5
3551860425,106.518,0,0,-106.518,106.518,3289,12,-303.5,-932.326,1.5,0,0,0,35
3556859977,105.262,0,0,-105.262,105.262,2841,17,729.5,432.943,1.5,0,0,0,35
3557858014,91.6528,0,0,-91.6528,91.6528,878,6,-236.276,99.2762,1.5,0,0,0,35
3562858212,105.096,0,0,-105.096,105.096,1076,7,-11.2825,316.783,1.5,0,0,0,35
3562860295,106.18,0,0,-106.18,106.18,3159,10,-938.648,-90.8519,1.5,0,0,0,35
3567858457,100.666,0,0,-100.666,100.666,1321,9,-207.753,333.747,1.5,0,0,0,35
3571859289,102.826,0,0,-102.826,102.826,2153,20,62.8621,637.362,1.5,0,0,0,35
3571859429,103.363,0,0,-103.363,103.363,2293,5,527.451,-431.451,1.5,0,0,0,35
3571859824,104.752,0,0,-104.752,104.752,2688,3,596.223,-533.223,1.5,0,0,0,35
3576072573,92.8571,0,0,-92.8571,92.8571,1144,19,122.108,316.392,1.5,0,0,0,35
3576859198,102.442,0,0,-102.442,102.442,2062,13,513.033,335,1.5,0,0,0,35
3576860401,106.454,0,0,-106.454,106.454,3265,18,929.918,287.5,1.5,0,0,0,35
3577859270,102.786,0,0,-102.786,102.786,2134,2,-617.5,-158.61,1.5,0,0,0,35
3577860000,105.312,0,0,-105.312,105.312,2864,11,-351.5,777.512,1.5,0,0,0,35
3581858583,94.219,0,0,-94.219,94.219,1447,16,113.226,412.726,1.5,0,0,0,35
3591858170,95.2033,0,0,-95.2033,95.2033,1034,4,275.244,-127.244,1.5,0,0,0,35
3591860446,106.572,0,0,-106.572,106.572,3310,14,693.62,-701.62,1.5,0,0,0,35
3592860311,106.21,0,0,-106.21,106.21,3175,8,314.5,-892.552,1.5,0,0,0,35
3592860403,106.456,0,0,-106.456,106.456,3267,15,577.352,783.852,1.5,0,0,0,35
3596858477,97.6764,0,0,-97.6764,97.6764,1341,1,-27.3098,-400,1.5,0,0,0,35
3600000878,91.6528,0,0,-91.6528,91.6528,878,0,0,0,35,6,-236.17,99.1701,1.5
3600001034,95.2033,0,0,-95.2033,95.2033,1034,0,0,0,35,4,275.138,-127.138,1.5
3600001076,105.096,0,0,-105.096,105.096,1076,0,0,0,35,7,-11.1765,316.676,1.5
3600001144,92.8571,0,0,-92.8571,92.8571,1144,0,0,0,35,19,122.214,316.286,1.5
3600001321,100.666,0,0,-100.666,100.666,1321,0,0,0,35,9,-207.859,333.641,1.5
3600001341,97.6764,0,0,-97.6764,97.6764,1341,0,0,0,35,1,-27.4598,-400,1.5
3600001447,94.219,0,0,-94.219,94.219,1447,0,0,0,35,16,113.12,412.62,1.5
3600002062,102.44,0,0,-102.44,102.44,2062,0,0,0,35,13,512.883,335,1.5
3600002134,102.786,0,0,-102.786,102.786,2134,0,0,0,35,2,-617.5,-158.46,1.5
3600002153,102.824,0,0,-102.824,102.824,2153,0,0,0,35,20,62.756,637.256,1.5
3600002293,103.361,0,0,-103.361,103.361,2293,0,0,0,35,5,527.345,-431.345,1.5
3600002688,104.75,0,0,-104.75,104.75,2688,0,0,0,35,3,596.117,-533.117,1.5
3600002841,105.261,0,0,-105.261,105.261,2841,0,0,0,35,17,729.5,432.793,1.5
3600002864,105.311,0,0,-105.311,105.311,2864,0,0,0,35,11,-351.5,777.362,1.5
3600003159,106.179,0,0,-106.179,106.179,3159,0,0,0,35,10,-938.542,-90.9579,1.5
3600003175,106.209,0,0,-106.209,106.209,3175,0,0,0,35,8,314.5,-892.402,1.5
3600003265,106.453,0,0,-106.453,106.453,3265,0,0,0,35,18,929.768,287.5,1.5
3600003267,106.455,0,0,-106.455,106.455,3267,0,0,0,35,15,577.246,783.746,1.5
3600003289,106.517,0,0,-106.517,106.517,3289,0,0,0,35,12,-303.5,-932.176,1.5
3600003310,106.57,0,0,-106.57,106.57,3310,0,0,0,35,14,693.514,-701.514,1.5
3601860425,106.517,0,0,-106.517,106.517,3289,12,-303.5,-932.176,1.5,0,0,0,35
3607858014,91.6528,0,0,-91.6528,91.6528,878,6,-236.17,99.1701,1.5,0,0,0,35
3607859977,105.261,0,0,-105.261,105.261,2841,17,729.5,432.793,1.5,0,0,0,35
3616858212,105.096,0,0,-105.096,105.096,1076,7,-11.1765,316.676,1.5,0,0,0,35
3617858457,100.666,0,0,-100.666,100.666,1321,9,-207.859,333.641,1.5,0,0,0,35
3617860295,106.179,0,0,-106.179,106.179,3159,10,-938.542,-90.9579,1.5,0,0,0,35
3621859289,102.824,0,0,-102.824,102.824,2153,20,62.756,637.256,1.5,0,0,0,35
3621859429,103.361,0,0,-103.361,103.361,2293,5,527.345,-431.345,1.5,0,0,0,35
3621859824,104.75,0,0,-104.75,104.75,2688,3,596.117,-533.117,1.5,0,0,0,35
3626072573,92.8571,0,0,-92.8571,92.8571,1144,19,122.214,316.286,1.5,0,0,0,35
3626859198,102.44,0,0,-102.44,102.44,2062,13,512.883,335,1.5,0,0,0,35
3626860401,106.453,0,0,-106.453,106.453,3265,18,929.768,287.5,1.5,0,0,0,35
3627859270,102.786,0,0,-102.786,102.786,2134,2,-617.5,-158.46,1.5,0,0,0,35
3627860000,105.311,0,0,-105.311,105.311,2864,11,-351.5,777.362,1.5,0,0,0,35
3631858583,94.219,0,0,-94.219,94.219,1447,16,113.12,412.62,1.5,0,0,0,35
3641860446,106.57,0,0,-106.57,106.57,3310,14,693.514,-701.514,1.5,0,0,0,35
3642860311,106.209,0,0,-106.209,106.209,3175,8,314.5,-892.402,1.5,0,0,0,35
3642860403,106.455,0,0,-106.455,106.455,3267,15,577.246,783.746,1.5,0,0,0,35
3646858477,97.6764,0,0,-97.6764,97.6764,1341,1,-27.4598,-400,1.5,0,0,0,35
3650000878,91.6528,0,0,-91.6528,91.6528,878,0,0,0,35,6,-236.17,99.1701,1.5
3650001034,95.2033,0,0,-95.2033,95.2033,1034,0,0,0,35,4,275.138,-127.138,1.5
3650001076,105.096,0,0,-105.096,105.096,1076,0,0,0,35,7,-11.1765,316.676,1.5
3650001144,92.8571,0,0,-92.8571,92.8571,1144,0,0,0,35,19,122.214,316.286,1.5
3650001321,100.666,0,0,-100.666,100.666,1321,0,0,0,35,9,-207.859,333.641,1.5
3650001341,97.6764,0,0,-97.6764,97.6764,1341,0,0,0,35,1,-27.4598,-400,1.5
3650001447,94.219,0,0,-94.219,94.219,1447,0,0,0,35,16,113.12,412.62,1.5
3650002062,102.44,0,0,-102.44,102.44,2062,0,0,0,35,13,512.883,335,1.5
3650002134,102.786,0,0,-102.786,102.786,2134,0,0,0,35,2,-617.5,-158.46,1.5
3650002153,102.824,0,0,-102.824,102.824,2153,0,0,0,35,20,62.756,637.256,1.5
3650002293,103.361,0,0,-103.361,103.361,2293,0,0,0,35,5,527.345,-431.345,1.5
3650002688,104.75,0,0,-104.75,104.75,2688,0,0,0,35,3,596.117,-533.117,1.5
3650002841,105.261,0,0,-105.261,105.261,2841,0,0,0,35,17,729.5,432.793,1.5
3650002864,105.311,0,0,-105.311,105.311,2864,0,0,0,35,11,-351.5,777.362,1.5
3650003159,106.179,0,0,-106.179,106.179,3159,0,0,0,35,10,-938.542,-90.9579,1.5
3650003175,106.209,0,0,-106.209,106.209,3175,0,0,0,35,8,314.5,-892.402,1.5
3650003265,106.453,0,0,-106.453,106.453,3265,0,0,0,35,18,929.768,287.5,1.5
3650003267,106.455,0,0,-106.455,106.455,3267,0,0,0,35,15,577.246,783.746,1.5
3650003289,106.517,0,0,-106.517,106.517,3289,0,0,0,35,12,-303.5,-932.176,1.5
3650003310,106.57,0,0,-106.57,106.57,3310,0,0,0,35,14,693.514,-701.514,1.5
3651858170,95.2033,0,0,-95.2033,95.2033,1034,4,275.138,-127.138,1.5,0,0,0,35
3651860425,106.517,0,0,-106.517,106.517,3289,12,-303.5,-932.176,1.5,0,0,0,35
3657858014,91.6528,0,0,-91.6528,91.6528,878,6,-236.17,99.1701,1.5,0,0,0,35
3657859977,105.261,0,0,-105.261,105.261,2841,17,729.5,432.793,1.5,0,0,0,35
3666858212,105.096,0,0,-105.096,105.096,1076,7,-11.1765,316.676,1.5,0,0,0,35
3667858457,100.666,0,0,-100.666,100.666,1321,9,-207.859,333.641,1.5,0,0,0,35
3667860295,106.179,0,0,-106.179,106.179,3159,10,-938.542,-90.9579,1.5,0,0,0,35
3671859289,102.824,0,0,-102.824,102.824,2153,20,62.756,637.256,1.5,0,0,0,35
3671859429,103.361,0,0,-103.361,103.361,2293,5,527.345,-431.345,1.5,0,0,0,35
3671859824,104.75,0,0,-104.75,104.75,2688,3,596.117,-533.117,1.5,0,0,0,35
3676072573,92.8571,0,0,-92.8571,92.8571,1144,19,122.214,316.286,1.5,0,0,0,35
3676859198,102.44,0,0,-102.44,102.44,2062,13,512.883,335,1.5,0,0,0,35
3676860401,106.453,0,0,-106.453,106.453,3265,18,929.768,287.5,1.5,0,0,0,35
3677859270,102.786,0,0,-102.786,102.786,2134,2,-617.5,-158.46,1.5,0,0,0,35
3677860000,105.311,0,0,-105.311,105.311,2864,11,-351.5,777.362,1.5,0,0,0,35
3682858583,94.219,0,0,-94.219,94.219,1447,16,113.12,412.62,1.5,0,0,0,35
3691860446,106.57,0,0,-106.57,106.57,3310,14,693.514,-701.514,1.5,0,0,0,35
3692860311,106.209,0,0,-106.209,106.209,3175,8,314.5,-892.402,1.5,0,0,0,35
3692860403,106.455,0,0,-106.455,106.455,3267,15,577.246,783.746,1.5,0,0,0,35
3696858477,97.6764,0,0,-97.6764,97.6764,1341,1,-27.4598,-400,1.5,0,0,0,35
3700000878,91.6528,0,0,-91.6528,91.6528,878,0,0,0,35,6,-236.064,99.064,1.5
3700001034,95.2033,0,0,-95.2033,95.2033,1034,0,0,0,35,4,275.032,-127.032,1.5
3700001076,105.096,0,0,-105.096,105.096,1076,0,0,0,35,7,-11.0704,316.57,1.5
3700001144,92.8571,0,0,-92.8571,92.8571,1144,0,0,0,35,19,122.32,316.18,1.5
3700001321,100.666,0,0,-100.666,100.666,1321,0,0,0,35,9,-207.965,333.535,1.5
3700001341,97.6764,0,0,-97.6764,97.6764,1341,0,0,0,35,1,-27.6098,-400,1.5
3700001447,94.219,0,0,-94.219,94.219,1447,0,0,0,35,16,113.014,412.514,1.5
3700002062,102.439,0,0,-102.439,102.439,2062,0,0,0,35,13,512.733,335,1.5
3700002134,102.785,0,0,-102.785,102.785,2134,0,0,0,35,2,-617.5,-158.31,1.5
3700002153,102.822,0,0,-102.822,102.822,2153,0,0,0,35,20,62.65,637.15,1.5
3700002293,103.359,0,0,-103.359,103.359,2293,0,0,0,35,5,527.239,-431.239,1.5
3700002688,104.749,0,0,-104.749,104.749,2688,0,0,0,35,3,596.011,-533.011,1.5
3700002841,105.26,0,0,-105.26,105.26,2841,0,0,0,35,17,729.5,432.643,1.5
3700002864,105.31,0,0,-105.31,105.31,2864,0,0,0,35,11,-351.5,777.212,1.5
3700003159,106.178,0,0,-106.178,106.178,3159,0,0,0,35,10,-938.436,-91.064,1.5
3700003175,106.208,0,0,-106.208,106.208,3175,0,0,0,35,8,314.5,-892.252,1.5
3700003265,106.452,0,0,-106.452,106.452,3265,0,0,0,35,18,929.618,287.5,1.5
3700003267,106.453,0,0,-106.453,106.453,3267,0,0,0,35,15,577.14,783.64,1.5
3700003289,106.515,0,0,-106.515,106.515,3289,0,0,0,35,12,-303.5,-932.026,1.5
3700003310,106.569,0,0,-106.569,106.569,3310,0,0,0,35,14,693.408,-701.408,1.5
3701860425,106.515,0,0,-106.515,106.515,3289,12,-303.5,-932.026,1.5,0,0,0,35
3702858170,95.2033,0,0,-95.2033,95.2033,1034,4,275.032,-127.032,1.5,0,0,0,35
3711858014,91.6528,0,0,-91.6528,91.6528,878,6,-236.064,99.064,1.5,0,0,0,35
3711859977,105.26,0,0,-105.26,105.26,2841,17,729.5,432.643,1.5,0,0,0,35
3717858457,100.666,0,0,-100.666,100.666,1321,9,-207.965,333.535,1.5,0,0,0,35
3720860295,106.178,0,0,-106.178,106.178,3159,10,-938.436,-91.064,1.5,0,0,0,35
3721858212,105.096,0,0,-105.096,105.096,1076,7,-11.0704,316.57,1.5,0,0,0,35
3721859289,102.822,0,0,-102.822,102.822,2153,20,62.65,637.15,1.5,0,0,0,35
3721859824,104.749,0,0,-104.749,104.749,2688,3,596.011,-533.011,1.5,0,0,0,35
3722859429,103.359,0,0,-103.359,103.359,2293,5,527.239,-431.239,1.5,0,0,0,35
3726072573,92.8571,0,0,-92.8571,92.8571,1144,19,122.32,316.18,1.5,0,0,0,35
3726859198,102.439,0,0,-102.439,102.439,2062,13,512.733,335,1.5,0,0,0,35
3727859270,102.785,0,0,-102.785,102.785,2134,2,-617.5,-158.31,1.5,0,0,0,35
3727860000,105.31,0,0,-105.31,105.31,2864,11,-351.5,777.212,1.5,0,0,0,35
3727860401,106.452,0,0,-106.452,106.452,3265,18,929.618,287.5,1.5,0,0,0,35
3736858583,94.219,0,0,-94.219,94.219,1447,16,113.014,412.514,1.5,0,0,0,35
3741860446,106.569,0,0,-106.569,106.569,3310,14,693.408,-701.408,1.5,0,0,0,35
3742860311,106.208,0,0,-106.208,106.208,3175,8,314.5,-892.252,1.5,0,0,0,35
3742860403,106.453,0,0,-106.453,106.453,3267,15,577.14,783.64,1.5,0,0,0,35
3747858477,97.6764,0,0,-97.6764,97.6764,1341,1,-27.6098,-400,1.5,0,0,0,35
3750000878,91.6528,0,0,-91.6528,91.6528,878,0,0,0,35,6,-236.064,99.064,1.5
3750001034,95.2033,0,0,-95.2033,95.2033,1034,0,0,0,35,4,275.032,-127.032,1.5
3750001076,105.096,0,0,-105.096,105.096,1076,0,0,0,35,7,-11.0704,316.57,1.5
3750001144,92.8571,0,0,-92.8571,92.8571,1144,0,0,0,35,19,122.32,316.18,1.5
3750001321,100.666,0,0,-100.666,100.666,1321,0,0,0,35,9,-207.965,333.535,1.5
3750001341,97.6764,0,0,-97.6764,97.6764,1341,0,0,0,35,1,-27.6098,-400,1.5
3750001447,94.219,0,0,-94.219,94.219,1447,0,0,0,35,16,113.014,412.514,1.5
3750002062,102.439,0,0,-102.439,102.439,2062,0,0,0,35,13,512.733,335,1.5
3750002134,102.785,0,0,-102.785,102.785,2134,0,0,0,35,2,-617.5,-158.31,1.5
3750002153,102.822,0,0,-102.822,102.822,2153,0,0,0,35,20,62.65,637.15,1.5
3750002293,103.359,0,0,-103.359,103.359,2293,0,0,0,35,5,527.239,-431.239,1.5
3750002688,104.749,0,0,-104.749,104.749,2688,0,0,0,35,3,596.011,-533.011,1.5
3750002841,105.26,0,0,-105.26,105.26,2841,0,0,0,35,17,729.5,432.643,1.5
3750002864,105.31,0,0,-105.31,105.31,2864,0,0,0,35,11,-351.5,777.212,1.5
3750003159,106.178,0,0,-106.178,106.178,3159,0,0,0,35,10,-938.436,-91.064,1.5
3750003175,106.208,0,0,-106.208,106.208,3175,0,0,0,35,8,314.5,-892.252,1.5
3750003265,106.452,0,0,-106.452,106.452,3265,0,0,0,35,18,929.618,287.5,1.5
3750003267,106.453,0,0,-106.453,106.453,3267,0,0,0,35,15,577.14,783.64,1.5
3750003289,106.515,0,0,-106.515,106.515,3289,0,0,0,35,12,-303.5,-932.026,1.5
3750003310,106.569,0,0,-106.569,106.569,3310,0,0,0,35,14,693.408,-701.408,1.5
3752858170,95.2033,0,0,-95.2033,95.2033,1034,4,275.032,-127.032,1.5,0,0,0,35
3761858014,91.6528,0,0,-91.6528,91.6528,878,6,-236.064,99.064,1.5,0,0,0,35
3761859977,105.26,0,0,-105.26,105.26,2841,17,729.5,432.643,1.5,0,0,0,35
3767858457,100.666,0,0,-100.666,100.666,1321,9,-207.965,333.535,1.5,0,0,0,35
3771859289,102.822,0,0,-102.822,102.822,2153,20,62.65,637.15,1.5,0,0,0,35
3771859824,104.749,0,0,-104.749,104.749,2688,3,596.011,-533.011,1.5,0,0,0,35
3772788997,106.515,0,0,-106.515,106.515,3289,12,-303.5,-932.026,1.5,0,0,0,35
3772859429,103.359,0,0,-103.359,103.359,2293,5,527.239,-431.239,1.5,0,0,0,35
3772860295,106.178,0,0,-106.178,106.178,3159,10,-938.436,-91.064,1.5,0,0,0,35
3776072573,92.8571,0,0,-92.8571,92.8571,1144,19,122.32,316.18,1.5,0,0,0,35
3776858212,105.096,0,0,-105.096,105.096,1076,7,-11.0704,316.57,1.5,0,0,0,35
3776859198,102.439,0,0,-102.439,102.439,2062,13,512.733,335,1.5,0,0,0,35
3777860000,105.31,0,0,-105.31,105.31,2864,11,-351.5,777.212,1.5,0,0,0,35
3778860401,106.452,0,0,-106.452,106.452,3265,18,929.618,287.5,1.5,0,0,0,35
3780859270,102.785,0,0,-102.785,102.785,2134,2,-617.5,-158.31,1.5,0,0,0,35
3786858583,94.219,0,0,-94.219,94.219,1447,16,113.014,412.514,1.5,0,0,0,35
3791860446,106.569,0,0,-106.569,106.569,3310,14,693.408,-701.408,1.5,0,0,0,35
3792860403,106.453,0,0,-106.453,106.453,3267,15,577.14,783.64,1.5,0,0,0,35
3797858477,97.6764,0,0,-97.6764,97.6764,1341,1,-27.6098,-400,1.5,0,0,0,35
3797860311,106.208,0,0,-106.208,106.208,3175,8,314.5,-892.252,1.5,0,0,0,35
3800000878,91.6528,0,0,-91.6528,91.6528,878,0,0,0,35,6,-235.958,98.958,1.5
3800001034,95.2033,0,0,-95.2033,95.2033,1034,0,0,0,35,4,274.926,-126.926,1.5
3800001076,105.096,0,0,-105.096,105.096,1076,0,0,0,35,7,-10.9643,316.464,1.5
3800001144,92.8571,0,0,-92.8571,92.8571,1144,0,0,0,35,19,122.427,316.073,1.5
3800001321,100.666,0,0,-100.666,100.666,1321,0,0,0,35,9,-208.071,333.429,1.5
3800001341,97.6764,0,0,-97.6764,97.6764,1341,0,0,0,35,1,-27.7598,-400,1.5
3800001447,94.219,0,0,-94.219,94.219,1447,0,0,0,35,16,112.908,412.408,1.5
3800002062,102.437,0,0,-102.437,102.437,2062,0,0,0,35,13,512.583,335,1.5
3800002134,102.785,0,0,-102.785,102.785,2134,0,0,0,35,2,-617.5,-158.16,1.5
3800002153,102.821,0,0,-102.821,102.821,2153,0,0,0,35,20,62.5439,637.044,1.5
3800002293,103.357,0,0,-103.357,103.357,2293,0,0,0,35,5,527.133,-431.133,1.5
3800002688,104.747,0,0,-104.747,104.747,2688,0,0,0,35,3,595.905,-532.905,1.5
3800002841,105.259,0,0,-105.259,105.259,2841,0,0,0,35,17,729.5,432.493,1.5
3800002864,105.308,0,0,-105.308,105.308,2864,0,0,0,35,11,-351.5,777.062,1.5
3800003159,106.177,0,0,-106.177,106.177,3159,0,0,0,35,10,-938.33,-91.1701,1.5
3800003175,106.206,0,0,-106.206,106.206,3175,0,0,0,35,8,314.5,-892.102,1.5
3800003265,106.451,0,0,-106.451,106.451,3265,0,0,0,35,18,929.468,287.5,1.5
3800003267,106.452,0,0,-106.452,106.452,3267,0,0,0,35,15,577.034,783.534,1.5
3800003289,106.514,0,0,-106.514,106.514,3289,0,0,0,35,12,-303.5,-931.876,1.5
3800003310,106.568,0,0,-106.568,106.568,3310,0,0,0,35,14,693.302,-701.302,1.5
3802858170,95.2033,0,0,-95.2033,95.2033,1034,4,274.926,-126.926,1.5,0,0,0,35
3811858014,91.6528,0,0,-91.6528,91.6528,878,6,-235.958,98.958,1.5,0,0,0,35
3811859977,105.259,0,0,-105.259,105.259,2841,17,729.5,432.493,1.5,0,0,0,35
3817858457,100.666,0,0,-100.666,100.666,1321,9,-208.071,333.429,1.5,0,0,0,35
3821859289,102.821,0,0,-102.821,102.821,2153,20,62.5439,637.044,1.5,0,0,0,35
3822859429,103.357,0,0,-103.357,103.357,2293,5,527.133,-431.133,1.5,0,0,0,35
3822859824,104.747,0,0,-104.747,104.747,2688,3,595.905,-532.905,1.5,0,0,0,35
3822860295,106.177,0,0,-106.177,106.177,3159,10,-938.33,-91.1701,1.5,0,0,0,35
3826072573,92.8571,0,0,-92.8571,92.8571,1144,19,122.427,316.073,1.5,0,0,0,35
3826858212,105.096,0,0,-105.096,105.096,1076,7,-10.9643,316.464,1.5,0,0,0,35
3826859198,102.437,0,0,-102.437,102.437,2062,13,512.583,335,1.5,0,0,0,35
3827860000,105.308,0,0,-105.308,105.308,2864,11,-351.5,777.062,1.5,0,0,0,35
3831859270,102.785,0,0,-102.785,102.785,2134,2,-617.5,-158.16,1.5,0,0,0,35
3836858583,94.219,0,0,-94.219,94.219,1447,16,112.908,412.408,1.5,0,0,0,35
3839860401,106.451,0,0,-106.451,106.451,3265,18,929.468,287.5,1.5,0,0,0,35
3841860446,106.568,0,0,-106.568,106.568,3310,14,693.302,-701.302,1.5,0,0,0,35
3842860425,106.514,0,0,-106.514,106.514,3289,12,-303.5,-931.876,1.5,0,0,0,35
3844788975,106.452,0,0,-106.452,106.452,3267,15,577.034,783.534,1.5,0,0,0,35
3847858477,97.6764,0,0,-97.6764,97.6764,1341,1,-27.7598,-400,1.5,0,0,0,35
3850000878,91.6528,0,0,-91.6528,91.6528,878,0,0,0,35,6,-235.958,98.958,1.5
3850001034,95.2033,0,0,-95.2033,95.2033,1034,0,0,0,35,4,274.926,-126.926,1.5
3850001076,105.096,0,0,-105.096,105.096,1076,0,0,0,35,7,-10.9643,316.464,1.5
3850001144,92.8571,0,0,-92.8571,92.8571,1144,0,0,0,35,19,122.427,316.073,1.5
3850001321,100.666,0,0,-100.666,100.666,1321,0,0,0,35,9,-208.071,333.429,1.5
3850001341,97.6764,0,0,-97.6764,97.6764,1341,0,0,0,35,1,-27.7598,-400,1.5
3850001447,94.219,0,0,-94.219,94.219,1447,0,0,0,35,16,112.908,412.408,1.5
3850002062,102.437,0,0,-102.437,102.437,2062,0,0,0,35,13,512.583,335,1.5
3850002134,102.785,0,0,-102.785,102.785,2134,0,0,0,35,2,-617.5,-158.16,1.5
3850002153,102.821,0,0,-102.821,102.821,2153,0,0,0,35,20,62.5439,637.044,1.5
3850002293,103.357,0,0,-103.357,103.357,2293,0,0,0,35,5,527.133,-431.133,1.5
3850002688,104.747,0,0,-104.747,104.747,2688,0,0,0,35,3,595.905,-532.905,1.5
3850002841,105.259,0,0,-105.259,105.259,2841,0,0,0,35,17,729.5,432.493,1.5
3850002864,105.308,0,0,-105.308,105.308,2864,0,0,0,35,11,-351.5,777.062,1.5
3850003159,106.177,0,0,-106.177,106.177,3159,0,0,0,35,10,-938.33,-91.1701,1.5
3850003175,106.206,0,0,-106.206,106.206,3175,0,0,0,35,8,314.5,-892.102,1.5
3850003265,106.451,0,0,-106.451,106.451,3265,0,0,0,35,18,929.468,287.5,1.5
3850003267,106.452,0,0,-106.452,106.452,3267,0,0,0,35,15,577.034,783.534,1.5
3850003289,106.514,0,0,-106.514,106.514,3289,0,0,0,35,12,-303.5,-931.876,1.5
3850003310,106.568,0,0,-106.568,106.568,3310,0,0,0,35,14,693.302,-701.302,1.5
3852858170,95.2033,0,0,-95.2033,95.2033,1034,4,274.926,-126.926,1.5,0,0,0,35
3854788883,106.206,0,0,-106.206,106.206,3175,8,314.5,-892.102,1.5,0,0,0,35
3861858014,91.6528,0,0,-91.6528,91.6528,878,6,-235.958,98.958,1.5,0,0,0,35
3861859977,105.259,0,0,-105.259,105.259,2841,17,729.5,432.493,1.5,0,0,0,35
3870858457,100.666,0,0,-100.666,100.666,1321,9,-208.071,333.429,1.5,0,0,0,35
3871859289,102.821,0,0,-102.821,102.821,2153,20,62.5439,637.044,1.5,0,0,0,35
3872859429,103.357,0,0,-103.357,103.357,2293,5,527.133,-431.133,1.5,0,0,0,35
3872859824,104.747,0,0,-104.747,104.747,2688,3,595.905,-532.905,1.5,0,0,0,35
3872860295,106.177,0,0,-106.177,106.177,3159,10,-938.33,-91.1701,1.5,0,0,0,35
3876072573,92.8571,0,0,-92.8571,92.8571,1144,19,122.427,316.073,1.5,0,0,0,35
3876858212,105.096,0,0,-105.096,105.096,1076,7,-10.9643,316.464,1.5,0,0,0,35
3877859198,102.437,0,0,-102.437,102.437,2062,13,512.583,335,1.5,0,0,0,35
3877860000,105.308,0,0,-105.308,105.308,2864,11,-351.5,777.062,1.5,0,0,0,35
3881859270,102.785,0,0,-102.785,102.785,2134,2,-617.5,-158.16,1.5,0,0,0,35
3886858583,94.219,0,0,-94.219,94.219,1447,16,112.908,412.408,1.5,0,0,0,35
3891860401,106.451,0,0,-106.451,106.451,3265,18,929.468,287.5,1.5,0,0,0,35
3891860446,106.568,0,0,-106.568,106.568,3310,14,693.302,-701.302,1.5,0,0,0,35
3896860403,106.452,0,0,-106.452,106.452,3267,15,577.034,783.534,1.5,0,0,0,35
3896860425,106.514,0,0,-106.514,106.514,3289,12,-303.5,-931.876,1.5,0,0,0,35
3897858477,97.6764,0,0,-97.6764,97.6764,1341,1,-27.7598,-400,1.5,0,0,0,35
3900000878,91.6528,0,0,-91.6528,91.6528,878,0,0,0,35,6,-235.852,98.8519,1.5
3900001034,95.2033,0,0,-95.2033,95.2033,1034,0,0,0,35,4,274.82,-126.82,1.5
3900001076,105.096,0,0,-105.096,105.096,1076,0,0,0,35,7,-10.8583,316.358,1.5
3900001144,92.8571,0,0,-92.8571,92.8571,1144,0,0,0,35,19,122.533,315.967,1.5
3900001321,100.666,0,0,-100.666,100.666,1321,0,0,0,35,9,-208.177,333.323,1.5
3900001341,97.6764,0,0,-97.6764,97.6764,1341,0,0,0,35,1,-27.9098,-400,1.5
3900001447,94.219,0,0,-94.219,94.219,1447,0,0,0,35,16,112.801,412.301,1.5
3900002062,102.435,0,0,-102.435,102.435,2062,0,0,0,35,13,512.433,335,1.5
3900002134,102.784,0,0,-102.784,102.784,2134,0,0,0,35,2,-617.5,-158.01,1.5
3900002153,102.819,0,0,-102.819,102.819,2153,0,0,0,35,20,62.4378,636.938,1.5
3900002293,103.355,0,0,-103.355,103.355,2293,0,0,0,35,5,527.027,-431.027,1.5
3900002688,104.746,0,0,-104.746,104.746,2688,0,0,0,35,3,595.799,-532.799,1.5
3900002841,105.259,0,0,-105.259,105.259,2841,0,0,0,35,17,729.5,432.343,1.5
3900002864,105.307,0,0,-105.307,105.307,2864,0,0,0,35,11,-351.5,776.912,1.5
3900003159,106.176,0,0,-106.176,106.176,3159,0,0,0,35,10,-938.224,-91.2761,1.5
3900003175,106.205,0,0,-106.205,106.205,3175,0,0,0,35,8,314.5,-891.952,1.5
3900003265,106.449,0,0,-106.449,106.449,3265,0,0,0,35,18,929.318,287.5,1.5
3900003267,106.451,0,0,-106.451,106.451,3267,0,0,0,35,15,576.927,783.427,1.5
3900003289,106.513,0,0,-106.513,106.513,3289,0,0,0,35,12,-303.5,-931.726,1.5
3900003310,106.566,0,0,-106.566,106.566,3310,0,0,0,35,14,693.195,-701.195,1.5
3902858170,95.2033,0,0,-95.2033,95.2033,1034,4,274.82,-126.82,1.5,0,0,0,35
3907860311,106.205,0,0,-106.205,106.205,3175,8,314.5,-891.952,1.5,0,0,0,35
3911858014,91.6528,0,0,-91.6528,91.6528,878,6,-235.852,98.8519,1.5,0,0,0,35
3920858457,100.666,0,0,-100.666,100.666,1321,9,-208.177,333.323,1.5,0,0,0,35
3921859289,102.819,0,0,-102.819,102.819,2153,20,62.4378,636.938,1.5,0,0,0,35
3922859429,103.355,0,0,-103.355,103.355,2293,5,527.027,-431.027,1.5,0,0,0,35
3922859824,104.746,0,0,-104.746,104.746,2688,3,595.799,-532.799,1.5,0,0,0,35
3922859977,105.259,0,0,-105.259,105.259,2841,17,729.5,432.343,1.5,0,0,0,35
3922860295,106.176,0,0,-106.176,106.176,3159,10,-938.224,-91.2761,1.5,0,0,0,35
3926072573,92.8571,0,0,-92.8571,92.8571,1144,19,122.533,315.967,1.5,0,0,0,35
3926858212,105.096,0,0,-105.096,105.096,1076,7,-10.8583,316.358,1.5,0,0,0,35
3927859198,102.435,0,0,-102.435,102.435,2062,13,512.433,335,1.5,0,0,0,35
3927860000,105.307,0,0,-105.307,105.307,2864,11,-351.5,776.912,1.5,0,0,0,35
3932859270,102.784,0,0,-102.784,102.784,2134,2,-617.5,-158.01,1.5,0,0,0,35
3937858583,94.219,0,0,-94.219,94.219,1447,16,112.801,412.301,1.5,0,0,0,35
3941860401,106.449,0,0,-106.449,106.449,3265,18,929.318,287.5,1.5,0,0,0,35
3941860446,106.566,0,0,-106.566,106.566,3310,14,693.195,-701.195,1.5,0,0,0,35
3946860403,106.451,0,0,-106.451,106.451,3267,15,576.927,783.427,1.5,0,0,0,35
3946860425,106.513,0,0,-106.513,106.513,3289,12,-303.5,-931.726,1.5,0,0,0,35
3950000878,91.6528,0,0,-91.6528,91.6528,878,0,0,0,35,6,-235.852,98.8519,1.5
3950001034,95.2033,0,0,-95.2033,95.2033,1034,0,0,0,35,4,274.82,-126.82,1.5
3950001076,105.096,0,0,-105.096,105.096,1076,0,0,0,35,7,-10.8583,316.358,1.5
3950001144,92.8571,0,0,-92.8571,92.8571,1144,0,0,0,35,19,122.533,315.967,1.5
3950001321,100.666,0,0,-100.666,100.666,1321,0,0,0,35,9,-208.177,333.323,1.5
3950001341,97.6764,0,0,-97.6764,97.6764,1341,0,0,0,35,1,-27.9098,-400,1.5
3950001447,94.219,0,0,-94.219,94.219,1447,0,0,0,35,16,112.801,412.301,1.5
3950002062,102.435,0,0,-102.435,102.435,2062,0,0,0,35,13,512.433,335,1.5
3950002134,102.784,0,0,-102.784,102.784,2134,0,0,0,35,2,-617.5,-158.01,1.5
3950002153,102.819,0,0,-102.819,102.819,2153,0,0,0,35,20,62.4378,636.938,1.5
3950002293,103.355,0,0,-103.355,103.355,2293,0,0,0,35,5,527.027,-431.027,1.5
3950002688,104.746,0,0,-104.746,104.746,2688,0,0,0,35,3,595.799,-532.799,1.5
3950002841,105.259,0,0,-105.259,105.259,2841,0,0,0,35,17,729.5,432.343,1.5
3950002864,105.307,0,0,-105.307,105.307,2864,0,0,0,35,11,-351.5,776.912,1.5
3950003159,106.176,0,0,-106.176,106.176,3159,0,0,0,35,10,-938.224,-91.2761,1.5
3950003175,106.205,0,0,-106.205,106.205,3175,0,0,0,35,8,314.5,-891.952,1.5
3950003265,106.449,0,0,-106.449,106.449,3265,0,0,0,35,18,929.318,287.5,1.5
3950003267,106.451,0,0,-106.451,106.451,3267,0,0,0,35,15,576.927,783.427,1.5
3950003289,106.513,0,0,-106.513,106.513,3289,0,0,0,35,12,-303.5,-931.726,1.5
3950003310,106.566,0,0,-106.566,106.566,3310,0,0,0,35,14,693.195,-701.195,1.5
3951858477,97.6764,0,0,-97.6764,97.6764,1341,1,-27.9098,-400,1.5,0,0,0,35
3952858170,95.2033,0,0,-95.2033,95.2033,1034,4,274.82,-126.82,1.5,0,0,0,35
3957860311,106.205,0,0,-106.205,106.205,3175,8,314.5,-891.952,1.5,0,0,0,35
3962858014,91.6528,0,0,-91.6528,91.6528,878,6,-235.852,98.8519,1.5,0,0,0,35
3970858457,100.666,0,0,-100.666,100.666,1321,9,-208.177,333.323,1.5,0,0,0,35
3971859289,102.819,0,0,-102.819,102.819,2153,20,62.4378,636.938,1.5,0,0,0,35
3972859429,103.355,0,0,-103.355,103.355,2293,5,527.027,-431.027,1.5,0,0,0,35
3972859824,104.746,0,0,-104.746,104.746,2688,3,595.799,-532.799,1.5,0,0,0,35
3972859977,105.259,0,0,-105.259,105.259,2841,17,729.5,432.343,1.5,0,0,0,35
3972860295,106.176,0,0,-106.176,106.176,3159,10,-938.224,-91.2761,1.5,0,0,0,35
3976072573,92.8571,0,0,-92.8571,92.8571,1144,19,122.533,315.967,1.5,0,0,0,35
3976858212,105.096,0,0,-105.096,105.096,1076,7,-10.8583,316.358,1.5,0,0,0,35
3977859198,102.435,0,0,-102.435,102.435,2062,13,512.433,335,1.5,0,0,0,35
3977860000,105.307,0,0,-105.307,105.307,2864,11,-351.5,776.912,1.5,0,0,0,35
3987858583,94.219,0,0,-94.219,94.219,1447,16,112.801,412.301,1.5,0,0,0,35
3990859270,102.784,0,0,-102.784,102.784,2134,2,-617.5,-158.01,1.5,0,0,0,35
3991860446,106.566,0,0,-106.566,106.566,3310,14,693.195,-701.195,1.5,0,0,0,35
3996860425,106.513,0,0,-106.513,106.513,3289,12,-303.5,-931.726,1.5,0,0,0,35
3999860401,106.449,0,0,-106.449,106.449,3265,18,929.318,287.5,1.5,0,0,0,35
4000000878,91.6528,0,0,-91.6528,91.6528,878,0,0,0,35,6,-235.746,98.7459,1.5
4000001034,95.2033,0,0,-95.2033,95.2033,1034,0,0,0,35,4,274.714,-126.714,1.5
4000001076,105.096,0,0,-105.096,105.096,1076,0,0,0,35,7,-10.7522,316.252,1.5
4000001144,92.8571,0,0,-92.8571,92.8571,1144,0,0,0,35,19,122.639,315.861,1.5
4000001321,100.666,0,0,-100.666,100.666,1321,0,0,0,35,9,-208.283,333.217,1.5
4000001341,97.6764,0,0,-97.6764,97.6764,1341,0,0,0,35,1,-28.0598,-400,1.5
4000001447,94.219,0,0,-94.219,94.219,1447,0,0,0,35,16,112.695,412.195,1.5
4000002062,102.433,0,0,-102.433,102.433,2062,0,0,0,35,13,512.283,335,1.5
4000002134,102.784,0,0,-102.784,102.784,2134,0,0,0,35,2,-617.5,-157.86,1.5
4000002153,102.818,0,0,-102.818,102.818,2153,0,0,0,35,20,62.3318,636.832,1.5
4000002293,103.353,0,0,-103.353,103.353,2293,0,0,0,35,5,526.921,-430.921,1.5
4000002688,104.744,0,0,-104.744,104.744,2688,0,0,0,35,3,595.692,-532.692,1.5
4000002841,105.258,0,0,-105.258,105.258,2841,0,0,0,35,17,729.5,432.193,1.5
4000002864,105.305,0,0,-105.305,105.305,2864,0,0,0,35,11,-351.5,776.762,1.5
4000003159,106.176,0,0,-106.176,106.176,3159,0,0,0,35,10,-938.118,-91.3822,1.5
4000003175,106.204,0,0,-106.204,106.204,3175,0,0,0,35,8,314.5,-891.802,1.5
4000003265,106.448,0,0,-106.448,106.448,3265,0,0,0,35,18,929.168,287.5,1.5
4000003267,106.449,0,0,-106.449,106.449,3267,0,0,0,35,15,576.821,783.321,1.5
4000003289,106.511,0,0,-106.511,106.511,3289,0,0,0,35,12,-303.5,-931.576,1.5
4000003310,106.565,0,0,-106.565,106.565,3310,0,0,0,35,14,693.089,-701.089,1.5
4001858477,97.6764,0,0,-97.6764,97.6764,1341,1,-28.0598,-400,1.5,0,0,0,35
4002858170,95.2033,0,0,-95.2033,95.2033,1034,4,274.714,-126.714,1.5,0,0,0,35
4002860403,106.449,0,0,-106.449,106.449,3267,15,576.821,783.321,1.5,0,0,0,35
4007860311,106.204,0,0,-106.204,106.204,3175,8,314.5,-891.802,1.5,0,0,0,35
4016858014,91.6528,0,0,-91.6528,91.6528,878,6,-235.746,98.7459,1.5,0,0,0,35
4021858457,100.666,0,0,-100.666,100.666,1321,9,-208.283,333.217,1.5,0,0,0,35
4021859289,102.818,0,0,-102.818,102.818,2153,20,62.3318,636.832,1.5,0,0,0,35
4022859824,104.744,0,0,-104.744,104.744,2688,3,595.692,-532.692,1.5,0,0,0,35
4022859977,105.258,0,0,-105.258,105.258,2841,17,729.5,432.193,1.5,0,0,0,35
4022860295,106.176,0,0,-106.176,106.176,3159,10,-938.118,-91.3822,1.5,0,0,0,35
4026072573,92.8571,0,0,-92.8571,92.8571,1144,19,122.639,315.861,1.5,0,0,0,35
4026858212,105.096,0,0,-105.096,105.096,1076,7,-10.7522,316.252,1.5,0,0,0,35
4027860000,105.305,0,0,-105.305,105.305,2864,11,-351.5,776.762,1.5,0,0,0,35
4030859198,102.433,0,0,-102.433,102.433,2062,13,512.283,335,1.5,0,0,0,35
4031859429,103.353,0,0,-103.353,103.353,2293,5,526.921,-430.921,1.5,0,0,0,35
4037858583,94.219,0,0,-94.219,94.219,1447,16,112.695,412.195,1.5,0,0,0,35
4041859270,102.784,0,0,-102.784,102.784,2134,2,-617.5,-157.86,1.5,0,0,0,35
4042860446,106.565,0,0,-106.565,106.565,3310,14,693.089,-701.089,1.5,0,0,0,35
4047860425,106.511,0,0,-106.511,106.511,3289,12,-303.5,-931.576,1.5,0,0,0,35
4050000878,91.6528,0,0,-91.6528,91.6528,878,0,0,0,35,6,-235.746,98.7459,1.5
4050001034,95.2033,0,0,-95.2033,95.2033,1034,0,0,0,35,4,274.714,-126.714,1.5
4050001076,105.096,0,0,-105.096,105.096,1076,0,0,0,35,7,-10.7522,316.252,1.5
4050001144,92.8571,0,0,-92.8571,92.8571,1144,0,0,0,35,19,122.639,315.861,1.5
4050001321,100.666,0,0,-100.666,100.666,1321,0,0,0,35,9,-208.283,333.217,1.5
4050001341,97.6764,0,0,-97.6764,97.6764,1341,0,0,0,35,1,-28.0598,-400,1.5
4050001447,94.219,0,0,-94.219,94.219,1447,0,0,0,35,16,112.695,412.195,1.5
4050002062,102.433,0,0,-102.433,102.433,2062,0,0,0,35,13,512.283,335,1.5
4050002134,102.784,0,0,-102.784,102.784,2134,0,0,0,35,2,-617.5,-157.86,1.5
4050002153,102.818,0,0,-102.818,102.818,2153,0,0,0,35,20,62.3318,636.832,1.5
4050002293,103.353,0,0,-103.353,103.353,2293,0,0,0,35,5,526.921,-430.921,1.5
4050002688,104.744,0,0,-104.744,104.744,2688,0,0,0,35,3,595.692,-532.692,1.5
4050002841,105.258,0,0,-105.258,105.258,2841,0,0,0,35,17,729.5,432.193,1.5
4050002864,105.305,0,0,-105.305,105.305,2864,0,0,0,35,11,-351.5,776.762,1.5
4050003159,106.176,0,0,-106.176,106.176,3159,0,0,0,35,10,-938.118,-91.3822,1.5
4050003175,106.204,0,0,-106.204,106.204,3175,0,0,0,35,8,314.5,-891.802,1.5
4050003265,106.448,0,0,-106.448,106.448,3265,0,0,0,35,18,929.168,287.5,1.5
4050003267,106.449,0,0,-106.449,106.449,3267,0,0,0,35,15,576.821,783.321,1.5
4050003289,106.511,0,0,-106.511,106.511,3289,0,0,0,35,12,-303.5,-931.576,1.5
4050003310,106.565,0,0,-106.565,106.565,3310,0,0,0,35,14,693.089,-701.089,1.5
4051858477,97.6764,0,0,-97.6764,97.6764,1341,1,-28.0598,-400,1.5,0,0,0,35
4051860401,106.448,0,0,-106.448,106.448,3265,18,929.168,287.5,1.5,0,0,0,35
4052858170,95.2033,0,0,-95.2033,95.2033,1034,4,274.714,-126.714,1.5,0,0,0,35
4052860403,106.449,0,0,-106.449,106.449,3267,15,576.821,783.321,1.5,0,0,0,35
4057860311,106.204,0,0,-106.204,106.204,3175,8,314.5,-891.802,1.5,0,0,0,35
4066858014,91.6528,0,0,-91.6528,91.6528,878,6,-235.746,98.7459,1.5,0,0,0,35
4071858457,100.666,0,0,-100.666,100.666,1321,9,-208.283,333.217,1.5,0,0,0,35
4072859824,104.744,0,0,-104.744,104.744,2688,3,595.692,-532.692,1.5,0,0,0,35
4072859977,105.258,0,0,-105.258,105.258,2841,17,729.5,432.193,1.5,0,0,0,35
4072860295,106.176,0,0,-106.176,106.176,3159,10,-938.118,-91.3822,1.5,0,0,0,35
4076072573,92.8571,0,0,-92.8571,92.8571,1144,19,122.639,315.861,1.5,0,0,0,35
4076858212,105.096,0,0,-105.096,105.096,1076,7,-10.7522,316.252,1.5,0,0,0,35
4080859198,102.433,0,0,-102.433,102.433,2062,13,512.283,335,1.5,0,0,0,35
4082859289,102.818,0,0,-102.818,102.818,2153,20,62.3318,636.832,1.5,0,0,0,35
4082859429,103.353,0,0,-103.353,103.353,2293,5,526.921,-430.921,1.5,0,0,0,35
4082860000,105.305,0,0,-105.305,105.305,2864,11,-351.5,776.762,1.5,0,0,0,35
4087858583,94.219,0,0,-94.219,94.219,1447,16,112.695,412.195,1.5,0,0,0,35
4092859270,102.784,0,0,-102.784,102.784,2134,2,-617.5,-157.86,1.5,0,0,0,35
4092860446,106.565,0,0,-106.565,106.565,3310,14,693.089,-701.089,1.5,0,0,0,35
4097860425,106.511,0,0,-106.511,106.511,3289,12,-303.5,-931.576,1.5,0,0,0,35
4100000878,91.6528,0,0,-91.6528,91.6528,878,0,0,0,35,6,-235.64,98.6398,1.5
4100001034,95.2033,0,0,-95.2033,95.2033,1034,0,0,0,35,4,274.608,-126.608,1.5
4100001076,105.096,0,0,-105.096,105.096,1076,0,0,0,35,7,-10.6461,316.146,1.5
4100001144,92.8571,0,0,-92.8571,92.8571,1144,0,0,0,35,19,122.745,315.755,1.5
4100001321,100.666,0,0,-100.666,100.666,1321,0,0,0,35,9,-208.389,333.111,1.5
4100001341,97.6764,0,0,-97.6764,97.6764,1341,0,0,0,35,1,-28.2098,-400,1.5
4100001447,94.219,0,0,-94.219,94.219,1447,0,0,0,35,16,112.589,412.089,1.5
4100002062,102.432,0,0,-102.432,102.432,2062,0,0,0,35,13,512.133,335,1.5
4100002134,102.783,0,0,-102.783,102.783,2134,0,0,0,35,2,-617.5,-157.71,1.5
4100002153,102.816,0,0,-102.816,102.816,2153,0,0,0,35,20,62.2257,636.726,1.5
4100002293,103.352,0,0,-103.352,103.352,2293,0,0,0,35,5,526.815,-430.815,1.5
4100002688,104.742,0,0,-104.742,104.742,2688,0,0,0,35,3,595.586,-532.586,1.5
4100002841,105.257,0,0,-105.257,105.257,2841,0,0,0,35,17,729.5,432.043,1.5
4100002864,105.304,0,0,-105.304,105.304,2864,0,0,0,35,11,-351.5,776.612,1.5
4100003159,106.175,0,0,-106.175,106.175,3159,0,0,0,35,10,-938.012,-91.4883,1.5
4100003175,106.203,0,0,-106.203,106.203,3175,0,0,0,35,8,314.5,-891.652,1.5
4100003265,106.447,0,0,-106.447,106.447,3265,0,0,0,35,18,929.018,287.5,1.5
4100003267,106.448,0,0,-106.448,106.448,3267,0,0,0,35,15,576.715,783.215,1.5
4100003289,106.51,0,0,-106.51,106.51,3289,0,0,0,35,12,-303.5,-931.426,1.5
4100003310,106.564,0,0,-106.564,106.564,3310,0,0,0,35,14,692.983,-700.983,1.5
4101858477,97.6764,0,0,-97.6764,97.6764,1341,1,-28.2098,-400,1.5,0,0,0,35
4101860401,106.447,0,0,-106.447,106.447,3265,18,929.018,287.5,1.5,0,0,0,35
4102858170,95.2033,0,0,-95.2033,95.2033,1034,4,274.608,-126.608,1.5,0,0,0,35
4102860403,106.448,0,0,-106.448,106.448,3267,15,576.715,783.215,1.5,0,0,0,35
4107860311,106.203,0,0,-106.203,106.203,3175,8,314.5,-891.652,1.5,0,0,0,35
4116858014,91.6528,0,0,-91.6528,91.6528,878,6,-235.64,98.6398,1.5,0,0,0,35
4121858457,100.666,0,0,-100.666,100.666,1321,9,-208.389,333.111,1.5,0,0,0,35
4122859977,105.257,0,0,-105.257,105.257,2841,17,729.5,432.043,1.5,0,0,0,35
4122860295,106.175,0,0,-106.175,106.175,3159,10,-938.012,-91.4883,1.5,0,0,0,35
4126072573,92.8571,0,0,-92.8571,92.8571,1144,19,122.745,315.755,1.5,0,0,0,35
4127858212,105.096,0,0,-105.096,105.096,1076,7,-10.6461,316.146,1.5,0,0,0,35
4131859198,102.432,0,0,-102.432,102.432,2062,13,512.133,335,1.5,0,0,0,35
4131859824,104.742,0,0,-104.742,104.742,2688,3,595.586,-532.586,1.5,0,0,0,35
4132859289,102.816,0,0,-102.816,102.816,2153,20,62.2257,636.726,1.5,0,0,0,35
4136859429,103.352,0,0,-103.352,103.352,2293,5,526.815,-430.815,1.5,0,0,0,35
4136860000,105.304,0,0,-105.304,105.304,2864,11,-351.5,776.612,1.5,0,0,0,35
4137858583,94.219,0,0,-94.219,94.219,1447,16,112.589,412.089,1.5,0,0,0,35
4142859270,102.783,0,0,-102.783,102.783,2134,2,-617.5,-157.71,1.5,0,0,0,35
4142860446,106.564,0,0,-106.564,106.564,3310,14,692.983,-700.983,1.5,0,0,0,35
4150000878,91.6528,0,0,-91.6528,91.6528,878,0,0,0,35,6,-235.64,98.6398,1.5
4150001034,95.2033,0,0,-95.2033,95.2033,1034,0,0,0,35,4,274.608,-126.608,1.5
4150001076,105.096,0,0,-105.096,105.096,1076,0,0,0,35,7,-10.6461,316.146,1.5
4150001144,92.8571,0,0,-92.8571,92.8571,1144,0,0,0,35,19,122.745,315.755,1.5
4150001321,100.666,0,0,-100.666,100.666,1321,0,0,0,35,9,-208.389,333.111,1.5
4150001341,97.6764,0,0,-97.6764,97.6764,1341,0,0,0,35,1,-28.2098,-400,1.5
4150001447,94.219,0,0,-94.219,94.219,1447,0,0,0,35,16,112.589,412.089,1.5
4150002062,102.432,0,0,-102.432,102.432,2062,0,0,0,35,13,512.133,335,1.5
4150002134,102.783,0,0,-102.783,102.783,2134,0,0,0,35,2,-617.5,-157.71,1.5
4150002153,102.816,0,0,-102.816,102.816,2153,0,0,0,35,20,62.2257,636.726,1.5
4150002293,103.352,0,0,-103.352,103.352,2293,0,0,0,35,5,526.815,-430.815,1.5
4150002688,104.742,0,0,-104.742,104.742,2688,0,0,0,35,3,595.586,-532.586,1.5
4150002841,105.257,0,0,-105.257,105.257,2841,0,0,0,35,17,729.5,432.043,1.5
4150002864,105.304,0,0,-105.304,105.304,2864,0,0,0,35,11,-351.5,776.612,1.5
4150003159,106.175,0,0,-106.175,106.175,3159,0,0,0,35,10,-938.012,-91.4883,1.5
4150003175,106.203,0,0,-106.203,106.203,3175,0,0,0,35,8,314.5,-891.652,1.5
4150003265,106.447,0,0,-106.447,106.447,3265,0,0,0,35,18,929.018,287.5,1.5
4150003267,106.448,0,0,-106.448,106.448,3267,0,0,0,35,15,576.715,783.215,1.5
4150003289,106.51,0,0,-106.51,106.51,3289,0,0,0,35,12,-303.5,-931.426,1.5
4150003310,106.564,0,0,-106.564,106.564,3310,0,0,0,35,14,692.983,-700.983,1.5
4150860425,106.51,0,0,-106.51,106.51,3289,12,-303.5,-931.426,1.5,0,0,0,35
4151858477,97.6764,0,0,-97.6764,97.6764,1341,1,-28.2098,-400,1.5,0,0,0,35
4152858170,95.2033,0,0,-95.2033,95.2033,1034,4,274.608,-126.608,1.5,0,0,0,35
4152860403,106.448,0,0,-106.448,106.448,3267,15,576.715,783.215,1.5,0,0,0,35
4162860311,106.203,0,0,-106.203,106.203,3175,8,314.5,-891.652,1.5,0,0,0,35
4166858014,91.6528,0,0,-91.6528,91.6528,878,6,-235.64,98.6398,1.5,0,0,0,35
4172858457,100.666,0,0,-100.666,100.666,1321,9,-208.389,333.111,1.5,0,0,0,35
4172860295,106.175,0,0,-106.175,106.175,3159,10,-938.012,-91.4883,1.5,0,0,0,35
4175859977,105.257,0,0,-105.257,105.257,2841,17,729.5,432.043,1.5,0,0,0,35
4176072573,92.8571,0,0,-92.8571,92.8571,1144,19,122.745,315.755,1.5,0,0,0,35
4176788973,106.447,0,0,-106.447,106.447,3265,18,929.018,287.5,1.5,0,0,0,35
4180858212,105.096,0,0,-105.096,105.096,1076,7,-10.6461,316.146,1.5,0,0,0,35
4182859198,102.432,0,0,-102.432,102.432,2062,13,512.133,335,1.5,0,0,0,35
4182859289,102.816,0,0,-102.816,102.816,2153,20,62.2257,636.726,1.5,0,0,0,35
4182859824,104.742,0,0,-104.742,104.742,2688,3,595.586,-532.586,1.5,0,0,0,35
4186859429,103.352,0,0,-103.352,103.352,2293,5,526.815,-430.815,1.5,0,0,0,35
4186860000,105.304,0,0,-105.304,105.304,2864,11,-351.5,776.612,1.5,0,0,0,35
4187858583,94.219,0,0,-94.219,94.219,1447,16,112.589,412.089,1.5,0,0,0,35
4192859270,102.783,0,0,-102.783,102.783,2134,2,-617.5,-157.71,1.5,0,0,0,35
4200000878,91.6528,0,0,-91.6528,91.6528,878,0,0,0,35,6,-235.534,98.5337,1.5
4200001034,95.2033,0,0,-95.2033,95.2033,1034,0,0,0,35,4,274.502,-126.502,1.5
4200001076,105.096,0,0,-105.096,105.096,1076,0,0,0,35,7,-10.5401,316.04,1.5
4200001144,92.8571,0,0,-92.8571,92.8571,1144,0,0,0,35,19,122.851,315.649,1.5
4200001321,100.666,0,0,-100.666,100.666,1321,0,0,0,35,9,-208.495,333.005,1.5
4200001341,97.6764,0,0,-97.6764,97.6764,1341,0,0,0,35,1,-28.3598,-400,1.5
4200001447,94.219,0,0,-94.219,94.219,1447,0,0,0,35,16,112.483,411.983,1.5
4200002062,102.43,0,0,-102.43,102.43,2062,0,0,0,35,13,511.983,335,1.5
4200002134,102.783,0,0,-102.783,102.783,2134,0,0,0,35,2,-617.5,-157.56,1.5
4200002153,102.815,0,0,-102.815,102.815,2153,0,0,0,35,20,62.1196,636.62,1.5
4200002293,103.35,0,0,-103.35,103.35,2293,0,0,0,35,5,526.709,-430.709,1.5
4200002688,104.741,0,0,-104.741,104.741,2688,0,0,0,35,3,595.48,-532.48,1.5
4200002841,105.256,0,0,-105.256,105.256,2841,0,0,0,35,17,729.5,431.893,1.5
4200002864,105.303,0,0,-105.303,105.303,2864,0,0,0,35,11,-351.5,776.462,1.5
4200003159,106.174,0,0,-106.174,106.174,3159,0,0,0,35,10,-937.906,-91.5943,1.5
4200003175,106.201,0,0,-106.201,106.201,3175,0,0,0,35,8,314.5,-891.502,1.5
4200003265,106.445,0,0,-106.445,106.445,3265,0,0,0,35,18,928.868,287.5,1.5
4200003267,106.447,0,0,-106.447,106.447,3267,0,0,0,35,15,576.609,783.109,1.5
4200003289,106.509,0,0,-106.509,106.509,3289,0,0,0,35,12,-303.5,-931.276,1.5
4200003310,106.563,0,0,-106.563,106.563,3310,0,0,0,35,14,692.877,-700.877,1.5
4201858477,97.6764,0,0,-97.6764,97.6764,1341,1,-28.3598,-400,1.5,0,0,0,35
4201860446,106.563,0,0,-106.563,106.563,3310,14,692.877,-700.877,1.5,0,0,0,35
4202858170,95.2033,0,0,-95.2033,95.2033,1034,4,274.502,-126.502,1.5,0,0,0,35
4202860403,106.447,0,0,-106.447,106.447,3267,15,576.609,783.109,1.5,0,0,0,35
4202860425,106.509,0,0,-106.509,106.509,3289,12,-303.5,-931.276,1.5,0,0,0,35
4212860311,106.201,0,0,-106.201,106.201,3175,8,314.5,-891.502,1.5,0,0,0,35
4217858014,91.6528,0,0,-91.6528,91.6528,878,6,-235.534,98.5337,1.5,0,0,0,35
4222858457,100.666,0,0,-100.666,100.666,1321,9,-208.495,333.005,1.5,0,0,0,35
4222860295,106.174,0,0,-106.174,106.174,3159,10,-937.906,-91.5943,1.5,0,0,0,35
4226072573,92.8571,0,0,-92.8571,92.8571,1144,19,122.851,315.649,1.5,0,0,0,35
4226859977,105.256,0,0,-105.256,105.256,2841,17,729.5,431.893,1.5,0,0,0,35
4226860401,106.445,0,0,-106.445,106.445,3265,18,928.868,287.5,1.5,0,0,0,35
4231858212,105.096,0,0,-105.096,105.096,1076,7,-10.5401,316.04,1.5,0,0,0,35
4232859198,102.43,0,0,-102.43,102.43,2062,13,511.983,335,1.5,0,0,0,35
4232859289,102.815,0,0,-102.815,102.815,2153,20,62.1196,636.62,1.5,0,0,0,35
4236859429,103.35,0,0,-103.35,103.35,2293,5,526.709,-430.709,1.5,0,0,0,35
4236860000,105.303,0,0,-105.303,105.303,2864,11,-351.5,776.462,1.5,0,0,0,35
4237858583,94.219,0,0,-94.219,94.219,1447,16,112.483,411.983,1.5,0,0,0,35
4242859824,104.741,0,0,-104.741,104.741,2688,3,595.48,-532.48,1.5,0,0,0,35
4250000878,91.6528,0,0,-91.6528,91.6528,878,0,0,0,35,6,-235.534,98.5337,1.5
4250001034,95.2033,0,0,-95.2033,95.2033,1034,0,0,0,35,4,274.502,-126.502,1.5
4250001076,105.096,0,0,-105.096,105.096,1076,0,0,0,35,7,-10.5401,316.04,1.5
4250001144,92.8571,0,0,-92.8571,92.8571,1144,0,0,0,35,19,122.851,315.649,1.5
4250001321,100.666,0,0,-100.666,100.666,1321,0,0,0,35,9,-208.495,333.005,1.5
4250001341,97.6764,0,0,-97.6764,97.6764,1341,0,0,0,35,1,-28.3598,-400,1.5
4250001447,94.219,0,0,-94.219,94.219,1447,0,0,0,35,16,112.483,411.983,1.5
4250002062,102.43,0,0,-102.43,102.43,2062,0,0,0,35,13,511.983,335,1.5
4250002134,102.783,0,0,-102.783,102.783,2134,0,0,0,35,2,-617.5,-157.56,1.5
4250002153,102.815,0,0,-102.815,102.815,2153,0,0,0,35,20,62.1196,636.62,1.5
4250002293,103.35,0,0,-103.35,103.35,2293,0,0,0,35,5,526.709,-430.709,1.5
4250002688,104.741,0,0,-104.741,104.741,2688,0,0,0,35,3,595.48,-532.48,1.5
4250002841,105.256,0,0,-105.256,105.256,2841,0,0,0,35,17,729.5,431.893,1.5
4250002864,105.303,0,0,-105.303,105.303,2864,0,0,0,35,11,-351.5,776.462,1.5
4250003159,106.174,0,0,-106.174,106.174,3159,0,0,0,35,10,-937.906,-91.5943,1.5
4250003175,106.201,0,0,-106.201,106.201,3175,0,0,0,35,8,314.5,-891.502,1.5
4250003265,106.445,0,0,-106.445,106.445,3265,0,0,0,35,18,928.868,287.5,1.5
4250003267,106.447,0,0,-106.447,106.447,3267,0,0,0,35,15,576.609,783.109,1.5
4250003289,106.509,0,0,-106.509,106.509,3289,0,0,0,35,12,-303.5,-931.276,1.5
4250003310,106.563,0,0,-106.563,106.563,3310,0,0,0,35,14,692.877,-700.877,1.5
4251860446,106.563,0,0,-106.563,106.563,3310,14,692.877,-700.877,1.5,0,0,0,35
4252858170,95.2033,0,0,-95.2033,95.2033,1034,4,274.502,-126.502,1.5,0,0,0,35
4252858477,97.6764,0,0,-97.6764,97.6764,1341,1,-28.3598,-400,1.5,0,0,0,35
4252860403,106.447,0,0,-106.447,106.447,3267,15,576.609,783.109,1.5,0,0,0,35
4252860425,106.509,0,0,-106.509,106.509,3289,12,-303.5,-931.276,1.5,0,0,0,35
4256859270,102.783,0,0,-102.783,102.783,2134,2,-617.5,-157.56,1.5,0,0,0,35
4262860311,106.201,0,0,-106.201,106.201,3175,8,314.5,-891.502,1.5,0,0,0,35
4272858457,100.666,0,0,-100.666,100.666,1321,9,-208.495,333.005,1.5,0,0,0,35
4272860295,106.174,0,0,-106.174,106.174,3159,10,-937.906,-91.5943,1.5,0,0,0,35
4276072573,92.8571,0,0,-92.8571,92.8571,1144,19,122.851,315.649,1.5,0,0,0,35
4276859977,105.256,0,0,-105.256,105.256,2841,17,729.5,431.893,1.5,0,0,0,35
4276860401,106.445,0,0,-106.445,106.445,3265,18,928.868,287.5,1.5,0,0,0,35
4281786586,91.6528,0,0,-91.6528,91.6528,878,6,-235.534,98.5337,1.5,0,0,0,35
4281858212,105.096,0,0,-105.096,105.096,1076,7,-10.5401,316.04,1.5,0,0,0,35
4282859198,102.43,0,0,-102.43,102.43,2062,13,511.983,335,1.5,0,0,0,35
4282859289,102.815,0,0,-102.815,102.815,2153,20,62.1196,636.62,1.5,0,0,0,35
4287858583,94.219,0,0,-94.219,94.219,1447,16,112.483,411.983,1.5,0,0,0,35
4287859429,103.35,0,0,-103.35,103.35,2293,5,526.709,-430.709,1.5,0,0,0,35
4287860000,105.303,0,0,-105.303,105.303,2864,11,-351.5,776.462,1.5,0,0,0,35
4292859824,104.741,0,0,-104.741,104.741,2688,3,595.48,-532.48,1.5,0,0,0,35
4300000878,91.6528,0,0,-91.6528,91.6528,878,0,0,0,35,6,-235.428,98.4277,1.5
4300001034,95.2033,0,0,-95.2033,95.2033,1034,0,0,0,35,4,274.396,-126.396,1.5
4300001076,105.096,0,0,-105.096,105.096,1076,0,0,0,35,7,-10.434,315.934,1.5
4300001144,92.8571,0,0,-92.8571,92.8571,1144,0,0,0,35,19,122.957,315.543,1.5
4300001321,100.666,0,0,-100.666,100.666,1321,0,0,0,35,9,-208.601,332.899,1.5
4300001341,97.6764,0,0,-97.6764,97.6764,1341,0,0,0,35,1,-28.5098,-400,1.5
4300001447,94.219,0,0,-94.219,94.219,1447,0,0,0,35,16,112.377,411.877,1.5
4300002062,102.428,0,0,-102.428,102.428,2062,0,0,0,35,13,511.833,335,1.5
4300002134,102.782,0,0,-102.782,102.782,2134,0,0,0,35,2,-617.5,-157.41,1.5
4300002153,102.813,0,0,-102.813,102.813,2153,0,0,0,35,20,62.0136,636.514,1.5
4300002293,103.348,0,0,-103.348,103.348,2293,0,0,0,35,5,526.603,-430.603,1.5
4300002688,104.739,0,0,-104.739,104.739,2688,0,0,0,35,3,595.374,-532.374,1.5
4300002841,105.255,0,0,-105.255,105.255,2841,0,0,0,35,17,729.5,431.743,1.5
4300002864,105.301,0,0,-105.301,105.301,2864,0,0,0,35,11,-351.5,776.312,1.5
4300003159,106.173,0,0,-106.173,106.173,3159,0,0,0,35,10,-937.8,-91.7004,1.5
4300003175,106.2,0,0,-106.2,106.2,3175,0,0,0,35,8,314.5,-891.352,1.5
4300003265,106.444,0,0,-106.444,106.444,3265,0,0,0,35,18,928.718,287.5,1.5
4300003267,106.445,0,0,-106.445,106.445,3267,0,0,0,35,15,576.503,783.003,1.5
4300003289,106.508,0,0,-106.508,106.508,3289,0,0,0,35,12,-303.5,-931.126,1.5
4300003310,106.561,0,0,-106.561,106.561,3310,0,0,0,35,14,692.771,-700.771,1.5
4301860446,106.561,0,0,-106.561,106.561,3310,14,692.771,-700.771,1.5,0,0,0,35
4302858170,95.2033,0,0,-95.2033,95.2033,1034,4,274.396,-126.396,1.5,0,0,0,35
4302858477,97.6764,0,0,-97.6764,97.6764,1341,1,-28.5098,-400,1.5,0,0,0,35
4302860403,106.445,0,0,-106.445,106.445,3267,15,576.503,783.003,1.5,0,0,0,35
4306859270,102.782,0,0,-102.782,102.782,2134,2,-617.5,-157.41,1.5,0,0,0,35
4312860311,106.2,0,0,-106.2,106.2,3175,8,314.5,-891.352,1.5,0,0,0,35
4322858457,100.666,0,0,-100.666,100.666,1321,9,-208.601,332.899,1.5,0,0,0,35
4322860295,106.173,0,0,-106.173,106.173,3159,10,-937.8,-91.7004,1.5,0,0,0,35
4322860425,106.508,0,0,-106.508,106.508,3289,12,-303.5,-931.126,1.5,0,0,0,35
4326072573,92.8571,0,0,-92.8571,92.8571,1144,19,122.957,315.543,1.5,0,0,0,35
4326859977,105.255,0,0,-105.255,105.255,2841,17,729.5,431.743,1.5,0,0,0,35
4332858212,105.096,0,0,-105.096,105.096,1076,7,-10.434,315.934,1.5,0,0,0,35
4332859198,102.428,0,0,-102.428,102.428,2062,13,511.833,335,1.5,0,0,0,35
4335858014,91.6528,0,0,-91.6528,91.6528,878,6,-235.428,98.4277,1.5,0,0,0,35
4336788973,106.444,0,0,-106.444,106.444,3265,18,928.718,287.5,1.5,0,0,0,35
4337858583,94.219,0,0,-94.219,94.219,1447,16,112.377,411.877,1.5,0,0,0,35
4337859289,102.813,0,0,-102.813,102.813,2153,20,62.0136,636.514,1.5,0,0,0,35
4337859429,103.348,0,0,-103.348,103.348,2293,5,526.603,-430.603,1.5,0,0,0,35
4337860000,105.301,0,0,-105.301,105.301,2864,11,-351.5,776.312,1.5,0,0,0,35
4342859824,104.739,0,0,-104.739,104.739,2688,3,595.374,-532.374,1.5,0,0,0,35
4350000878,91.6528,0,0,-91.6528,91.6528,878,0,0,0,35,6,-235.428,98.4277,1.5
4350001034,95.2033,0,0,-95.2033,95.2033,1034,0,0,0,35,4,274.396,-126.396,1.5
4350001076,105.096,0,0,-105.096,105.096,1076,0,0,0,35,7,-10.434,315.934,1.5
4350001144,92.8571,0,0,-92.8571,92.8571,1144,0,0,0,35,19,122.957,315.543,1.5
4350001321,100.666,0,0,-100.666,100.666,1321,0,0,0,35,9,-208.601,332.899,1.5
4350001341,97.6764,0,0,-97.6764,97.6764,1341,0,0,0,35,1,-28.5098,-400,1.5
4350001447,94.219,0,0,-94.219,94.219,1447,0,0,0,35,16,112.377,411.877,1.5
4350002062,102.428,0,0,-102.428,102.428,2062,0,0,0,35,13,511.833,335,1.5
4350002134,102.782,0,0,-102.782,102.782,2134,0,0,0,35,2,-617.5,-157.41,1.5
4350002153,102.813,0,0,-102.813,102.813,2153,0,0,0,35,20,62.0136,636.514,1.5
4350002293,103.348,0,0,-103.348,103.348,2293,0,0,0,35,5,526.603,-430.603,1.5
4350002688,104.739,0,0,-104.739,104.739,2688,0,0,0,35,3,595.374,-532.374,1.5
4350002841,105.255,0,0,-105.255,105.255,2841,0,0,0,35,17,729.5,431.743,1.5
4350002864,105.301,0,0,-105.301,105.301,2864,0,0,0,35,11,-351.5,776.312,1.5
4350003159,106.173,0,0,-106.173,106.173,3159,0,0,0,35,10,-937.8,-91.7004,1.5
4350003175,106.2,0,0,-106.2,106.2,3175,0,0,0,35,8,314.5,-891.352,1.5
4350003265,106.444,0,0,-106.444,106.444,3265,0,0,0,35,18,928.718,287.5,1.5
4350003267,106.445,0,0,-106.445,106.445,3267,0,0,0,35,15,576.503,783.003,1.5
4350003289,106.508,0,0,-106.508,106.508,3289,0,0,0,35,12,-303.5,-931.126,1.5
4350003310,106.561,0,0,-106.561,106.561,3310,0,0,0,35,14,692.771,-700.771,1.5
4351860446,106.561,0,0,-106.561,106.561,3310,14,692.771,-700.771,1.5,0,0,0,35
4352858477,97.6764,0,0,-97.6764,97.6764,1341,1,-28.5098,-400,1.5,0,0,0,35
4352860403,106.445,0,0,-106.445,106.445,3267,15,576.503,783.003,1.5,0,0,0,35
4356859270,102.782,0,0,-102.782,102.782,2134,2,-617.5,-157.41,1.5,0,0,0,35
4357858170,95.2033,0,0,-95.2033,95.2033,1034,4,274.396,-126.396,1.5,0,0,0,35
4371860311,106.2,0,0,-106.2,106.2,3175,8,314.5,-891.352,1.5,0,0,0,35
4372860425,106.508,0,0,-106.508,106.508,3289,12,-303.5,-931.126,1.5,0,0,0,35
4375860295,106.173,0,0,-106.173,106.173,3159,10,-937.8,-91.7004,1.5,0,0,0,35
4376072573,92.8571,0,0,-92.8571,92.8571,1144,19,122.957,315.543,1.5,0,0,0,35
4376858457,100.666,0,0,-100.666,100.666,1321,9,-208.601,332.899,1.5,0,0,0,35
4377859977,105.255,0,0,-105.255,105.255,2841,17,729.5,431.743,1.5,0,0,0,35
4382858212,105.096,0,0,-105.096,105.096,1076,7,-10.434,315.934,1.5,0,0,0,35
4382859198,102.428,0,0,-102.428,102.428,2062,13,511.833,335,1.5,0,0,0,35
4386858014,91.6528,0,0,-91.6528,91.6528,878,6,-235.428,98.4277,1.5,0,0,0,35
4386860401,106.444,0,0,-106.444,106.444,3265,18,928.718,287.5,1.5,0,0,0,35
4387859289,102.813,0,0,-102.813,102.813,2153,20,62.0136,636.514,1.5,0,0,0,35
4387859429,103.348,0,0,-103.348,103.348,2293,5,526.603,-430.603,1.5,0,0,0,35
4387860000,105.301,0,0,-105.301,105.301,2864,11,-351.5,776.312,1.5,0,0,0,35
4391858583,94.219,0,0,-94.219,94.219,1447,16,112.377,411.877,1.5,0,0,0,35
4392859824,104.739,0,0,-104.739,104.739,2688,3,595.374,-532.374,1.5,0,0,0,35
4400000878,91.6528,0,0,-91.6528,91.6528,878,0,0,0,35,6,-235.322,98.3216,1.5
4400001034,95.2033,0,0,-95.2033,95.2033,1034,0,0,0,35,4,274.29,-126.29,1.5
4400001076,105.096,0,0,-105.096,105.096,1076,0,0,0,35,7,-10.3279,315.828,1.5
4400001144,92.8571,0,0,-92.8571,92.8571,1144,0,0,0,35,19,123.063,315.437,1.5
4400001321,100.666,0,0,-100.666,100.666,1321,0,0,0,35,9,-208.707,332.793,1.5
4400001341,97.6764,0,0,-97.6764,97.6764,1341,0,0,0,35,1,-28.6598,-400,1.5
4400001447,94.219,0,0,-94.219,94.219,1447,0,0,0,35,16,112.271,411.771,1.5
4400002062,102.426,0,0,-102.426,102.426,2062,0,0,0,35,13,511.683,335,1.5
4400002134,102.782,0,0,-102.782,102.782,2134,0,0,0,35,2,-617.5,-157.26,1.5
4400002153,102.811,0,0,-102.811,102.811,2153,0,0,0,35,20,61.9075,636.408,1.5
4400002293,103.346,0,0,-103.346,103.346,2293,0,0,0,35,5,526.496,-430.496,1.5
4400002688,104.737,0,0,-104.737,104.737,2688,0,0,0,35,3,595.268,-532.268,1.5
4400002841,105.255,0,0,-105.255,105.255,2841,0,0,0,35,17,729.5,431.593,1.5
4400002864,105.3,0,0,-105.3,105.3,2864,0,0,0,35,11,-351.5,776.162,1.5
4400003159,106.172,0,0,-106.172,106.172,3159,0,0,0,35,10,-937.694,-91.8065,1.5
4400003175,106.199,0,0,-106.199,106.199,3175,0,0,0,35,8,314.5,-891.202,1.5
4400003265,106.443,0,0,-106.443,106.443,3265,0,0,0,35,18,928.568,287.5,1.5
4400003267,106.444,0,0,-106.444,106.444,3267,0,0,0,35,15,576.397,782.897,1.5
4400003289,106.506,0,0,-106.506,106.506,3289,0,0,0,35,12,-303.5,-930.976,1.5
4400003310,106.56,0,0,-106.56,106.56,3310,0,0,0,35,14,692.665,-700.665,1.5
4401860446,106.56,0,0,-106.56,106.56,3310,14,692.665,-700.665,1.5,0,0,0,35
4402858477,97.6764,0,0,-97.6764,97.6764,1341,1,-28.6598,-400,1.5,0,0,0,35
4402860403,106.444,0,0,-106.444,106.444,3267,15,576.397,782.897,1.5,0,0,0,35
4406859270,102.782,0,0,-102.782,102.782,2134,2,-617.5,-157.26,1.5,0,0,0,35
4407858170,95.2033,0,0,-95.2033,95.2033,1034,4,274.29,-126.29,1.5,0,0,0,35
4421860311,106.199,0,0,-106.199,106.199,3175,8,314.5,-891.202,1.5,0,0,0,35
4422860425,106.506,0,0,-106.506,106.506,3289,12,-303.5,-930.976,1.5,0,0,0,35
4426072573,92.8571,0,0,-92.8571,92.8571,1144,19,123.063,315.437,1.5,0,0,0,35
4426858457,100.666,0,0,-100.666,100.666,1321,9,-208.707,332.793,1.5,0,0,0,35
4426860295,106.172,0,0,-106.172,106.172,3159,10,-937.694,-91.8065,1.5,0,0,0,35
4431859977,105.255,0,0,-105.255,105.255,2841,17,729.5,431.593,1.5,0,0,0,35
4432858212,105.096,0,0,-105.096,105.096,1076,7,-10.3279,315.828,1.5,0,0,0,35
4432859198,102.426,0,0,-102.426,102.426,2062,13,511.683,335,1.5,0,0,0,35
4436860401,106.443,0,0,-106.443,106.443,3265,18,928.568,287.5,1.5,0,0,0,35
4437858014,91.6528,0,0,-91.6528,91.6528,878,6,-235.322,98.3216,1.5,0,0,0,35
4437859289,102.811,0,0,-102.811,102.811,2153,20,61.9075,636.408,1.5,0,0,0,35
4437859429,103.346,0,0,-103.346,103.346,2293,5,526.496,-430.496,1.5,0,0,0,35
4437860000,105.3,0,0,-105.3,105.3,2864,11,-351.5,776.162,1.5,0,0,0,35
4441858583,94.219,0,0,-94.219,94.219,1447,16,112.271,411.771,1.5,0,0,0,35
4442859824,104.737,0,0,-104.737,104.737,2688,3,595.268,-532.268,1.5,0,0,0,35
4450000878,91.6528,0,0,-91.6528,91.6528,878,0,0,0,35,6,-235.322,98.3216,1.5
4450001034,95.2033,0,0,-95.2033,95.2033,1034,0,0,0,35,4,274.29,-126.29,1.5
4450001076,105.096,0,0,-105.096,105.096,1076,0,0,0,35,7,-10.3279,315.828,1.5
4450001144,92.8571,0,0,-92.8571,92.8571,1144,0,0,0,35,19,123.063,315.437,1.5
4450001321,100.666,0,0,-100.666,100.666,1321,0,0,0,35,9,-208.707,332.793,1.5
4450001341,97.6764,0,0,-97.6764,97.6764,1341,0,0,0,35,1,-28.6598,-400,1.5
4450001447,94.219,0,0,-94.219,94.219,1447,0,0,0,35,16,112.271,411.771,1.5
4450002062,102.426,0,0,-102.426,102.426,2062,0,0,0,35,13,511.683,335,1.5
4450002134,102.782,0,0,-102.782,102.782,2134,0,0,0,35,2,-617.5,-157.26,1.5
4450002153,102.811,0,0,-102.811,102.811,2153,0,0,0,35,20,61.9075,636.408,1.5
4450002293,103.346,0,0,-103.346,103.346,2293,0,0,0,35,5,526.496,-430.496,1.5
4450002688,104.737,0,0,-104.737,104.737,2688,0,0,0,35,3,595.268,-532.268,1.5
4450002841,105.255,0,0,-105.255,105.255,2841,0,0,0,35,17,729.5,431.593,1.5
4450002864,105.3,0,0,-105.3,105.3,2864,0,0,0,35,11,-351.5,776.162,1.5
4450003159,106.172,0,0,-106.172,106.172,3159,0,0,0,35,10,-937.694,-91.8065,1.5
4450003175,106.199,0,0,-106.199,106.199,3175,0,0,0,35,8,314.5,-891.202,1.5
4450003265,106.443,0,0,-106.443,106.443,3265,0,0,0,35,18,928.568,287.5,1.5
4450003267,106.444,0,0,-106.444,106.444,3267,0,0,0,35,15,576.397,782.897,1.5
4450003289,106.506,0,0,-106.506,106.506,3289,0,0,0,35,12,-303.5,-930.976,1.5
4450003310,106.56,0,0,-106.56,106.56,3310,0,0,0,35,14,692.665,-700.665,1.5
4451860446,106.56,0,0,-106.56,106.56,3310,14,692.665,-700.665,1.5,0,0,0,35
4452860403,106.444,0,0,-106.444,106.444,3267,15,576.397,782.897,1.5,0,0,0,35
4456858477,97.6764,0,0,-97.6764,97.6764,1341,1,-28.6598,-400,1.5,0,0,0,35
4457858170,95.2033,0,0,-95.2033,95.2033,1034,4,274.29,-126.29,1.5,0,0,0,35
4457859270,102.782,0,0,-102.782,102.782,2134,2,-617.5,-157.26,1.5,0,0,0,35
4471860311,106.199,0,0,-106.199,106.199,3175,8,314.5,-891.202,1.5,0,0,0,35
4472860425,106.506,0,0,-106.506,106.506,3289,12,-303.5,-930.976,1.5,0,0,0,35
4476072573,92.8571,0,0,-92.8571,92.8571,1144,19,123.063,315.437,1.5,0,0,0,35
4476858457,100.666,0,0,-100.666,100.666,1321,9,-208.707,332.793,1.5,0,0,0,35
4476860295,106.172,0,0,-106.172,106.172,3159,10,-937.694,-91.8065,1.5,0,0,0,35
4482858212,105.096,0,0,-105.096,105.096,1076,7,-10.3279,315.828,1.5,0,0,0,35
4482859977,105.255,0,0,-105.255,105.255,2841,17,729.5,431.593,1.5,0,0,0,35
4485859198,102.426,0,0,-102.426,102.426,2062,13,511.683,335,1.5,0,0,0,35
4487858014,91.6528,0,0,-91.6528,91.6528,878,6,-235.322,98.3216,1.5,0,0,0,35
4487859289,102.811,0,0,-102.811,102.811,2153,20,61.9075,636.408,1.5,0,0,0,35
4487859429,103.346,0,0,-103.346,103.346,2293,5,526.496,-430.496,1.5,0,0,0,35
4487860000,105.3,0,0,-105.3,105.3,2864,11,-351.5,776.162,1.5,0,0,0,35
4487860401,106.443,0,0,-106.443,106.443,3265,18,928.568,287.5,1.5,0,0,0,35
4491858583,94.219,0,0,-94.219,94.219,1447,16,112.271,411.771,1.5,0,0,0,35
4492859824,104.737,0,0,-104.737,104.737,2688,3,595.268,-532.268,1.5,0,0,0,35
4500000878,91.6528,0,0,-91.6528,91.6528,878,0,0,0,35,6,-235.216,98.2155,1.5
4500001034,95.2033,0,0,-95.2033,95.2033,1034,0,0,0,35,4,274.184,-126.184,1.5
4500001076,105.096,0,0,-105.096,105.096,1076,0,0,0,35,7,-10.2219,315.722,1.5
4500001144,92.8571,0,0,-92.8571,92.8571,1144,0,0,0,35,19,123.169,315.331,1.5
4500001321,100.666,0,0,-100.666,100.666,1321,0,0,0,35,9,-208.813,332.687,1.5
4500001341,97.6764,0,0,-97.6764,97.6764,1341,0,0,0,35,1,-28.8098,-400,1.5
4500001447,94.219,0,0,-94.219,94.219,1447,0,0,0,35,16,112.165,411.665,1.5
4500002062,102.424,0,0,-102.424,102.424,2062,0,0,0,35,13,511.533,335,1.5
4500002134,102.781,0,0,-102.781,102.781,2134,0,0,0,35,2,-617.5,-157.11,1.5
4500002153,102.81,0,0,-102.81,102.81,2153,0,0,0,35,20,61.8014,636.301,1.5
4500002293,103.344,0,0,-103.344,103.344,2293,0,0,0,35,5,526.39,-430.39,1.5
4500002688,104.736,0,0,-104.736,104.736,2688,0,0,0,35,3,595.162,-532.162,1.5
4500002841,105.254,0,0,-105.254,105.254,2841,0,0,0,35,17,729.5,431.443,1.5
4500002864,105.298,0,0,-105.298,105.298,2864,0,0,0,35,11,-351.5,776.012,1.5
4500003159,106.171,0,0,-106.171,106.171,3159,0,0,0,35,10,-937.587,-91.9125,1.5
4500003175,106.197,0,0,-106.197,106.197,3175,0,0,0,35,8,314.5,-891.052,1.5
4500003265,106.442,0,0,-106.442,106.442,3265,0,0,0,35,18,928.418,287.5,1.5
4500003267,106.443,0,0,-106.443,106.443,3267,0,0,0,35,15,576.291,782.791,1.5
4500003289,106.505,0,0,-106.505,106.505,3289,0,0,0,35,12,-303.5,-930.826,1.5
4500003310,106.559,0,0,-106.559,106.559,3310,0,0,0,35,14,692.559,-700.559,1.5
4502860403,106.443,0,0,-106.443,106.443,3267,15,576.291,782.791,1.5,0,0,0,35
4502860446,106.559,0,0,-106.559,106.559,3310,14,692.559,-700.559,1.5,0,0,0,35
4506858477,97.6764,0,0,-97.6764,97.6764,1341,1,-28.8098,-400,1.5,0,0,0,35
4507858170,95.2033,0,0,-95.2033,95.2033,1034,4,274.184,-126.184,1.5,0,0,0,35
4507859270,102.781,0,0,-102.781,102.781,2134,2,-617.5,-157.11,1.5,0,0,0,35
4521860311,106.197,0,0,-106.197,106.197,3175,8,314.5,-891.052,1.5,0,0,0,35
4522860425,106.505,0,0,-106.505,106.505,3289,12,-303.5,-930.826,1.5,0,0,0,35
4526858280,92.8571,0,0,-92.8571,92.8571,1144,19,123.169,315.331,1.5,0,0,0,35
4526858457,100.666,0,0,-100.666,100.666,1321,9,-208.813,332.687,1.5,0,0,0,35
4526860295,106.171,0,0,-106.171,106.171,3159,10,-937.587,-91.9125,1.5,0,0,0,35
4532858212,105.096,0,0,-105.096,105.096,1076,7,-10.2219,315.722,1.5,0,0,0,35
4532859977,105.254,0,0,-105.254,105.254,2841,17,729.5,431.443,1.5,0,0,0,35
4537858014,91.6528,0,0,-91.6528,91.6528,878,6,-235.216,98.2155,1.5,0,0,0,35
4537859289,102.81,0,0,-102.81,102.81,2153,20,61.8014,636.301,1.5,0,0,0,35
4537859429,103.344,0,0,-103.344,103.344,2293,5,526.39,-430.39,1.5,0,0,0,35
4537860000,105.298,0,0,-105.298,105.298,2864,11,-351.5,776.012,1.5,0,0,0,35
4537860401,106.442,0,0,-106.442,106.442,3265,18,928.418,287.5,1.5,0,0,0,35
4541858583,94.219,0,0,-94.219,94.219,1447,16,112.165,411.665,1.5,0,0,0,35
4542859824,104.736,0,0,-104.736,104.736,2688,3,595.162,-532.162,1.5,0,0,0,35
4550000878,91.6528,0,0,-91.6528,91.6528,878,0,0,0,35,6,-235.216,98.2155,1.5
4550001034,95.2033,0,0,-95.2033,95.2033,1034,0,0,0,35,4,274.184,-126.184,1.5
4550001076,105.096,0,0,-105.096,105.096,1076,0,0,0,35,7,-10.2219,315.722,1.5
4550001144,92.8571,0,0,-92.8571,92.8571,1144,0,0,0,35,19,123.169,315.331,1.5
4550001321,100.666,0,0,-100.666,100.666,1321,0,0,0,35,9,-208.813,332.687,1.5
4550001341,97.6764,0,0,-97.6764,97.6764,1341,0,0,0,35,1,-28.8098,-400,1.5
4550001447,94.219,0,0,-94.219,94.219,1447,0,0,0,35,16,112.165,411.665,1.5
4550002062,102.424,0,0,-102.424,102.424,2062,0,0,0,35,13,511.533,335,1.5
4550002134,102.781,0,0,-102.781,102.781,2134,0,0,0,35,2,-617.5,-157.11,1.5
4550002153,102.81,0,0,-102.81,102.81,2153,0,0,0,35,20,61.8014,636.301,1.5
4550002293,103.344,0,0,-103.344,103.344,2293,0,0,0,35,5,526.39,-430.39,1.5
4550002688,104.736,0,0,-104.736,104.736,2688,0,0,0,35,3,595.162,-532.162,1.5
4550002841,105.254,0,0,-105.254,105.254,2841,0,0,0,35,17,729.5,431.443,1.5
4550002864,105.298,0,0,-105.298,105.298,2864,0,0,0,35,11,-351.5,776.012,1.5
4550003159,106.171,0,0,-106.171,106.171,3159,0,0,0,35,10,-937.587,-91.9125,1.5
4550003175,106.197,0,0,-106.197,106.197,3175,0,0,0,35,8,314.5,-891.052,1.5
4550003265,106.442,0,0,-106.442,106.442,3265,0,0,0,35,18,928.418,287.5,1.5
4550003267,106.443,0,0,-106.443,106.443,3267,0,0,0,35,15,576.291,782.791,1.5
4550003289,106.505,0,0,-106.505,106.505,3289,0,0,0,35,12,-303.5,-930.826,1.5
4550003310,106.559,0,0,-106.559,106.559,3310,0,0,0,35,14,692.559,-700.559,1.5
4552860403,106.443,0,0,-106.443,106.443,3267,15,576.291,782.791,1.5,0,0,0,35
4556858477,97.6764,0,0,-97.6764,97.6764,1341,1,-28.8098,-400,1.5,0,0,0,35
4557858170,95.2033,0,0,-95.2033,95.2033,1034,4,274.184,-126.184,1.5,0,0,0,35
4557859270,102.781,0,0,-102.781,102.781,2134,2,-617.5,-157.11,1.5,0,0,0,35
4571860311,106.197,0,0,-106.197,106.197,3175,8,314.5,-891.052,1.5,0,0,0,35
4572860425,106.505,0,0,-106.505,106.505,3289,12,-303.5,-930.826,1.5,0,0,0,35
4576858280,92.8571,0,0,-92.8571,92.8571,1144,19,123.169,315.331,1.5,0,0,0,35
4576858457,100.666,0,0,-100.666,100.666,1321,9,-208.813,332.687,1.5,0,0,0,35
4576860295,106.171,0,0,-106.171,106.171,3159,10,-937.587,-91.9125,1.5,0,0,0,35
4582858212,105.096,0,0,-105.096,105.096,1076,7,-10.2219,315.722,1.5,0,0,0,35
4582859977,105.254,0,0,-105.254,105.254,2841,17,729.5,431.443,1.5,0,0,0,35
4587858014,91.6528,0,0,-91.6528,91.6528,878,6,-235.216,98.2155,1.5,0,0,0,35
4587859289,102.81,0,0,-102.81,102.81,2153,20,61.8014,636.301,1.5,0,0,0,35
4587859429,103.344,0,0,-103.344,103.344,2293,5,526.39,-430.39,1.5,0,0,0,35
4587860000,105.298,0,0,-105.298,105.298,2864,11,-351.5,776.012,1.5,0,0,0,35
4587860401,106.442,0,0,-106.442,106.442,3265,18,928.418,287.5,1.5,0,0,0,35
4591858583,94.219,0,0,-94.219,94.219,1447,16,112.165,411.665,1.5,0,0,0,35
4592859824,104.736,0,0,-104.736,104.736,2688,3,595.162,-532.162,1.5,0,0,0,35
4600000878,91.6528,0,0,-91.6528,91.6528,878,0,0,0,35,6,-235.109,98.1095,1.5
4600001034,95.2033,0,0,-95.2033,95.2033,1034,0,0,0,35,4,274.078,-126.078,1.5
4600001076,105.096,0,0,-105.096,105.096,1076,0,0,0,35,7,-10.1158,315.616,1.5
4600001144,92.8571,0,0,-92.8571,92.8571,1144,0,0,0,35,19,123.275,315.225,1.5
4600001321,100.666,0,0,-100.666,100.666,1321,0,0,0,35,9,-208.919,332.581,1.5
4600001341,97.6764,0,0,-97.6764,97.6764,1341,0,0,0,35,1,-28.9598,-400,1.5
4600001447,94.219,0,0,-94.219,94.219,1447,0,0,0,35,16,112.059,411.559,1.5
4600002062,102.423,0,0,-102.423,102.423,2062,0,0,0,35,13,511.383,335,1.5
4600002134,102.781,0,0,-102.781,102.781,2134,0,0,0,35,2,-617.5,-156.96,1.5
4600002153,102.808,0,0,-102.808,102.808,2153,0,0,0,35,20,61.6954,636.195,1.5
4600002293,103.342,0,0,-103.342,103.342,2293,0,0,0,35,5,526.284,-430.284,1.5
4600002688,104.734,0,0,-104.734,104.734,2688,0,0,0,35,3,595.056,-532.056,1.5
4600002841,105.253,0,0,-105.253,105.253,2841,0,0,0,35,17,729.5,431.293,1.5
4600002864,105.297,0,0,-105.297,105.297,2864,0,0,0,35,11,-351.5,775.862,1.5
4600003159,106.17,0,0,-106.17,106.17,3159,0,0,0,35,10,-937.481,-92.0186,1.5
4600003175,106.196,0,0,-106.196,106.196,3175,0,0,0,35,8,314.5,-890.902,1.5
4600003265,106.44,0,0,-106.44,106.44,3265,0,0,0,35,18,928.268,287.5,1.5
4600003267,106.441,0,0,-106.441,106.441,3267,0,0,0,35,15,576.185,782.685,1.5
4600003289,106.504,0,0,-106.504,106.504,3289,0,0,0,35,12,-303.5,-930.676,1.5
4600003310,106.557,0,0,-106.557,106.557,3310,0,0,0,35,14,692.453,-700.453,1.5
4602860403,106.441,0,0,-106.441,106.441,3267,15,576.185,782.685,1.5,0,0,0,35
4606858477,97.6764,0,0,-97.6764,97.6764,1341,1,-28.9598,-400,1.5,0,0,0,35
4607858170,95.2033,0,0,-95.2033,95.2033,1034,4,274.078,-126.078,1.5,0,0,0,35
4607859270,102.781,0,0,-102.781,102.781,2134,2,-617.5,-156.96,1.5,0,0,0,35
4610787770,102.423,0,0,-102.423,102.423,2062,13,511.383,335,1.5,0,0,0,35
4612789018,106.557,0,0,-106.557,106.557,3310,14,692.453,-700.453,1.5,0,0,0,35
4621860311,106.196,0,0,-106.196,106.196,3175,8,314.5,-890.902,1.5,0,0,0,35
4622860425,106.504,0,0,-106.504,106.504,3289,12,-303.5,-930.676,1.5,0,0,0,35
4626858457,100.666,0,0,-100.666,100.666,1321,9,-208.919,332.581,1.5,0,0,0,35
4626860295,106.17,0,0,-106.17,106.17,3159,10,-937.481,-92.0186,1.5,0,0,0,35
4627858280,92.8571,0,0,-92.8571,92.8571,1144,19,123.275,315.225,1.5,0,0,0,35
4632858212,105.096,0,0,-105.096,105.096,1076,7,-10.1158,315.616,1.5,0,0,0,35
4632859977,105.253,0,0,-105.253,105.253,2841,17,729.5,431.293,1.5,0,0,0,35
4637858014,91.6528,0,0,-91.6528,91.6528,878,6,-235.109,98.1095,1.5,0,0,0,35
4637859289,102.808,0,0,-102.808,102.808,2153,20,61.6954,636.195,1.5,0,0,0,35
4637859429,103.342,0,0,-103.342,103.342,2293,5,526.284,-430.284,1.5,0,0,0,35
4637860000,105.297,0,0,-105.297,105.297,2864,11,-351.5,775.862,1.5,0,0,0,35
4638860401,106.44,0,0,-106.44,106.44,3265,18,928.268,287.5,1.5,0,0,0,35
4641858583,94.219,0,0,-94.219,94.219,1447,16,112.059,411.559,1.5,0,0,0,35
4642859824,104.734,0,0,-104.734,104.734,2688,3,595.056,-532.056,1.5,0,0,0,35
4650000878,91.6528,0,0,-91.6528,91.6528,878,0,0,0,35,6,-235.109,98.1095,1.5
4650001034,95.2033,0,0,-95.2033,95.2033,1034,0,0,0,35,4,274.078,-126.078,1.5
4650001076,105.096,0,0,-105.096,105.096,1076,0,0,0,35,7,-10.1158,315.616,1.5
4650001144,92.8571,0,0,-92.8571,92.8571,1144,0,0,0,35,19,123.275,315.225,1.5
4650001321,100.666,0,0,-100.666,100.666,1321,0,0,0,35,9,-208.919,332.581,1.5
4650001341,97.6764,0,0,-97.6764,97.6764,1341,0,0,0,35,1,-28.9598,-400,1.5
4650001447,94.219,0,0,-94.219,94.219,1447,0,0,0,35,16,112.059,411.559,1.5
4650002062,102.423,0,0,-102.423,102.423,2062,0,0,0,35,13,511.383,335,1.5
4650002134,102.781,0,0,-102.781,102.781,2134,0,0,0,35,2,-617.5,-156.96,1.5
4650002153,102.808,0,0,-102.808,102.808,2153,0,0,0,35,20,61.6954,636.195,1.5
4650002293,103.342,0,0,-103.342,103.342,2293,0,0,0,35,5,526.284,-430.284,1.5
4650002688,104.734,0,0,-104.734,104.734,2688,0,0,0,35,3,595.056,-532.056,1.5
4650002841,105.253,0,0,-105.253,105.253,2841,0,0,0,35,17,729.5,431.293,1.5
4650002864,105.297,0,0,-105.297,105.297,2864,0,0,0,35,11,-351.5,775.862,1.5
4650003159,106.17,0,0,-106.17,106.17,3159,0,0,0,35,10,-937.481,-92.0186,1.5
4650003175,106.196,0,0,-106.196,106.196,3175,0,0,0,35,8,314.5,-890.902,1.5
4650003265,106.44,0,0,-106.44,106.44,3265,0,0,0,35,18,928.268,287.5,1.5
4650003267,106.441,0,0,-106.441,106.441,3267,0,0,0,35,15,576.185,782.685,1.5
4650003289,106.504,0,0,-106.504,106.504,3289,0,0,0,35,12,-303.5,-930.676,1.5
4650003310,106.557,0,0,-106.557,106.557,3310,0,0,0,35,14,692.453,-700.453,1.5
4652860403,106.441,0,0,-106.441,106.441,3267,15,576.185,782.685,1.5,0,0,0,35
4656858477,97.6764,0,0,-97.6764,97.6764,1341,1,-28.9598,-400,1.5,0,0,0,35
4657858170,95.2033,0,0,-95.2033,95.2033,1034,4,274.078,-126.078,1.5,0,0,0,35
4657859270,102.781,0,0,-102.781,102.781,2134,2,-617.5,-156.96,1.5,0,0,0,35
4671860311,106.196,0,0,-106.196,106.196,3175,8,314.5,-890.902,1.5,0,0,0,35
4672860425,106.504,0,0,-106.504,106.504,3289,12,-303.5,-930.676,1.5,0,0,0,35
4676858457,100.666,0,0,-100.666,100.666,1321,9,-208.919,332.581,1.5,0,0,0,35
4676860295,106.17,0,0,-106.17,106.17,3159,10,-937.481,-92.0186,1.5,0,0,0,35
4677858280,92.8571,0,0,-92.8571,92.8571,1144,19,123.275,315.225,1.5,0,0,0,35
4682858212,105.096,0,0,-105.096,105.096,1076,7,-10.1158,315.616,1.5,0,0,0,35
4682859977,105.253,0,0,-105.253,105.253,2841,17,729.5,431.293,1.5,0,0,0,35
4687858014,91.6528,0,0,-91.6528,91.6528,878,6,-235.109,98.1095,1.5,0,0,0,35
4687859289,102.808,0,0,-102.808,102.808,2153,20,61.6954,636.195,1.5,0,0,0,35
4687859429,103.342,0,0,-103.342,103.342,2293,5,526.284,-430.284,1.5,0,0,0,35
4687860000,105.297,0,0,-105.297,105.297,2864,11,-351.5,775.862,1.5,0,0,0,35
4688860401,106.44,0,0,-106.44,106.44,3265,18,928.268,287.5,1.5,0,0,0,35
4690787770,102.423,0,0,-102.423,102.423,2062,13,511.383,335,1.5,0,0,0,35
4691858583,94.219,0,0,-94.219,94.219,1447,16,112.059,411.559,1.5,0,0,0,35
4692789018,106.557,0,0,-106.557,106.557,3310,14,692.453,-700.453,1.5,0,0,0,35
4692859824,104.734,0,0,-104.734,104.734,2688,3,595.056,-532.056,1.5,0,0,0,35
4700000878,91.6528,0,0,-91.6528,91.6528,878,0,0,0,35,6,-235.003,98.0034,1.5
4700001034,95.2033,0,0,-95.2033,95.2033,1034,0,0,0,35,4,273.971,-125.971,1.5
4700001076,105.096,0,0,-105.096,105.096,1076,0,0,0,35,7,-10.0097,315.51,1.5
4700001144,92.8571,0,0,-92.8571,92.8571,1144,0,0,0,35,19,123.381,315.119,1.5
4700001321,100.666,0,0,-100.666,100.666,1321,0,0,0,35,9,-209.026,332.474,1.5
4700001341,97.6764,0,0,-97.6764,97.6764,1341,0,0,0,35,1,-29.1098,-400,1.5
4700001447,94.219,0,0,-94.219,94.219,1447,0,0,0,35,16,111.953,411.453,1.5
4700002062,102.421,0,0,-102.421,102.421,2062,0,0,0,35,13,511.233,335,1.5
4700002134,102.78,0,0,-102.78,102.78,2134,0,0,0,35,2,-617.5,-156.81,1.5
4700002153,102.807,0,0,-102.807,102.807,2153,0,0,0,35,20,61.5893,636.089,1.5
4700002293,103.34,0,0,-103.34,103.34,2293,0,0,0,35,5,526.178,-430.178,1.5
4700002688,104.733,0,0,-104.733,104.733,2688,0,0,0,35,3,594.95,-531.95,1.5
4700002841,105.252,0,0,-105.252,105.252,2841,0,0,0,35,17,729.5,431.143,1.5
4700002864,105.296,0,0,-105.296,105.296,2864,0,0,0,35,11,-351.5,775.712,1.5
4700003159,106.169,0,0,-106.169,106.169,3159,0,0,0,35,10,-937.375,-92.1247,1.5
4700003175,106.195,0,0,-106.195,106.195,3175,0,0,0,35,8,314.5,-890.752,1.5
4700003265,106.439,0,0,-106.439,106.439,3265,0,0,0,35,18,928.118,287.5,1.5
4700003267,106.44,0,0,-106.44,106.44,3267,0,0,0,35,15,576.079,782.579,1.5
4700003289,106.503,0,0,-106.503,106.503,3289,0,0,0,35,12,-303.5,-930.526,1.5
4700003310,106.556,0,0,-106.556,106.556,3310,0,0,0,35,14,692.347,-700.347,1.5
4702860403,106.44,0,0,-106.44,106.44,3267,15,576.079,782.579,1.5,0,0,0,35
4706858477,97.6764,0,0,-97.6764,97.6764,1341,1,-29.1098,-400,1.5,0,0,0,35
4707858170,95.2033,0,0,-95.2033,95.2033,1034,4,273.971,-125.971,1.5,0,0,0,35
4707859270,102.78,0,0,-102.78,102.78,2134,2,-617.5,-156.81,1.5,0,0,0,35
4721860311,106.195,0,0,-106.195,106.195,3175,8,314.5,-890.752,1.5,0,0,0,35
4722860425,106.503,0,0,-106.503,106.503,3289,12,-303.5,-930.526,1.5,0,0,0,35
4726858457,100.666,0,0,-100.666,100.666,1321,9,-209.026,332.474,1.5,0,0,0,35
4726860295,106.169,0,0,-106.169,106.169,3159,10,-937.375,-92.1247,1.5,0,0,0,35
4727858280,92.8571,0,0,-92.8571,92.8571,1144,19,123.381,315.119,1.5,0,0,0,35
4732858212,105.096,0,0,-105.096,105.096,1076,7,-10.0097,315.51,1.5,0,0,0,35
4732859977,105.252,0,0,-105.252,105.252,2841,17,729.5,431.143,1.5,0,0,0,35
4737858014,91.6528,0,0,-91.6528,91.6528,878,6,-235.003,98.0034,1.5,0,0,0,35
4737859289,102.807,0,0,-102.807,102.807,2153,20,61.5893,636.089,1.5,0,0,0,35
4737859429,103.34,0,0,-103.34,103.34,2293,5,526.178,-430.178,1.5,0,0,0,35
4737860000,105.296,0,0,-105.296,105.296,2864,11,-351.5,775.712,1.5,0,0,0,35
4738860401,106.439,0,0,-106.439,106.439,3265,18,928.118,287.5,1.5,0,0,0,35
4741858583,94.219,0,0,-94.219,94.219,1447,16,111.953,411.453,1.5,0,0,0,35
4742859824,104.733,0,0,-104.733,104.733,2688,3,594.95,-531.95,1.5,0,0,0,35
4750000878,91.6528,0,0,-91.6528,91.6528,878,0,0,0,35,6,-235.003,98.0034,1.5
4750001034,95.2033,0,0,-95.2033,95.2033,1034,0,0,0,35,4,273.971,-125.971,1.5
4750001076,105.096,0,0,-105.096,105.096,1076,0,0,0,35,7,-10.0097,315.51,1.5
4750001144,92.8571,0,0,-92.8571,92.8571,1144,0,0,0,35,19,123.381,315.119,1.5
4750001321,100.666,0,0,-100.666,100.666,1321,0,0,0,35,9,-209.026,332.474,1.5
4750001341,97.6764,0,0,-97.6764,97.6764,1341,0,0,0,35,1,-29.1098,-400,1.5
4750001447,94.219,0,0,-94.219,94.219,1447,0,0,0,35,16,111.953,411.453,1.5
4750002062,102.421,0,0,-102.421,102.421,2062,0,0,0,35,13,511.233,335,1.5
4750002134,102.78,0,0,-102.78,102.78,2134,0,0,0,35,2,-617.5,-156.81,1.5
4750002153,102.807,0,0,-102.807,102.807,2153,0,0,0,35,20,61.5893,636.089,1.5
4750002293,103.34,0,0,-103.34,103.34,2293,0,0,0,35,5,526.178,-430.178,1.5
4750002688,104.733,0,0,-104.733,104.733,2688,0,0,0,35,3,594.95,-531.95,1.5
4750002841,105.252,0,0,-105.252,105.252,2841,0,0,0,35,17,729.5,431.143,1.5
4750002864,105.296,0,0,-105.296,105.296,2864,0,0,0,35,11,-351.5,775.712,1.5
4750003159,106.169,0,0,-106.169,106.169,3159,0,0,0,35,10,-937.375,-92.1247,1.5
4750003175,106.195,0,0,-106.195,106.195,3175,0,0,0,35,8,314.5,-890.752,1.5
4750003265,106.439,0,0,-106.439,106.439,3265,0,0,0,35,18,928.118,287.5,1.5
4750003267,106.44,0,0,-106.44,106.44,3267,0,0,0,35,15,576.079,782.579,1.5
4750003289,106.503,0,0,-106.503,106.503,3289,0,0,0,35,12,-303.5,-930.526,1.5
4750003310,106.556,0,0,-106.556,106.556,3310,0,0,0,35,14,692.347,-700.347,1.5
4752860403,106.44,0,0,-106.44,106.44,3267,15,576.079,782.579,1.5,0,0,0,35
4756858477,97.6764,0,0,-97.6764,97.6764,1341,1,-29.1098,-400,1.5,0,0,0,35
4757858170,95.2033,0,0,-95.2033,95.2033,1034,4,273.971,-125.971,1.5,0,0,0,35
4757859270,102.78,0,0,-102.78,102.78,2134,2,-617.5,-156.81,1.5,0,0,0,35
4770787770,102.421,0,0,-102.421,102.421,2062,13,511.233,335,1.5,0,0,0,35
4771860311,106.195,0,0,-106.195,106.195,3175,8,314.5,-890.752,1.5,0,0,0,35
4772789018,106.556,0,0,-106.556,106.556,3310,14,692.347,-700.347,1.5,0,0,0,35
4772860425,106.503,0,0,-106.503,106.503,3289,12,-303.5,-930.526,1.5,0,0,0,35
4776858457,100.666,0,0,-100.666,100.666,1321,9,-209.026,332.474,1.5,0,0,0,35
4776860295,106.169,0,0,-106.169,106.169,3159,10,-937.375,-92.1247,1.5,0,0,0,35
4777858280,92.8571,0,0,-92.8571,92.8571,1144,19,123.381,315.119,1.5,0,0,0,35
4782858212,105.096,0,0,-105.096,105.096,1076,7,-10.0097,315.51,1.5,0,0,0,35
4782859977,105.252,0,0,-105.252,105.252,2841,17,729.5,431.143,1.5,0,0,0,35
4787858014,91.6528,0,0,-91.6528,91.6528,878,6,-235.003,98.0034,1.5,0,0,0,35
4787859289,102.807,0,0,-102.807,102.807,2153,20,61.5893,636.089,1.5,0,0,0,35
4787859429,103.34,0,0,-103.34,103.34,2293,5,526.178,-430.178,1.5,0,0,0,35
4787860000,105.296,0,0,-105.296,105.296,2864,11,-351.5,775.712,1.5,0,0,0,35
4789860401,106.439,0,0,-106.439,106.439,3265,18,928.118,287.5,1.5,0,0,0,35
4791858583,94.219,0,0,-94.219,94.219,1447,16,111.953,411.453,1.5,0,0,0,35
4792859824,104.733,0,0,-104.733,104.733,2688,3,594.95,-531.95,1.5,0,0,0,35
4800000878,91.6528,0,0,-91.6528,91.6528,878,0,0,0,35,6,-234.897,97.8973,1.5
4800001034,95.2033,0,0,-95.2033,95.2033,1034,0,0,0,35,4,273.865,-125.865,1.5
4800001076,105.096,0,0,-105.096,105.096,1076,0,0,0,35,7,-9.90366,315.404,1.5
4800001144,92.8571,0,0,-92.8571,92.8571,1144,0,0,0,35,19,123.487,315.013,1.5
4800001321,100.666,0,0,-100.666,100.666,1321,0,0,0,35,9,-209.132,332.368,1.5
4800001341,97.6764,0,0,-97.6764,97.6764,1341,0,0,0,35,1,-29.2598,-400,1.5
4800001447,94.219,0,0,-94.219,94.219,1447,0,0,0,35,16,111.847,411.347,1.5
4800002062,102.419,0,0,-102.419,102.419,2062,0,0,0,35,13,511.083,335,1.5
4800002134,102.78,0,0,-102.78,102.78,2134,0,0,0,35,2,-617.5,-156.66,1.5
4800002153,102.805,0,0,-102.805,102.805,2153,0,0,0,35,20,61.4832,635.983,1.5
4800002293,103.338,0,0,-103.338,103.338,2293,0,0,0,35,5,526.072,-430.072,1.5
4800002688,104.731,0,0,-104.731,104.731,2688,0,0,0,35,3,594.844,-531.844,1.5
4800002841,105.252,0,0,-105.252,105.252,2841,0,0,0,35,17,729.5,430.993,1.5
4800002864,105.294,0,0,-105.294,105.294,2864,0,0,0,35,11,-351.5,775.562,1.5
4800003159,106.169,0,0,-106.169,106.169,3159,0,0,0,35,10,-937.269,-92.2307,1.5
4800003175,106.193,0,0,-106.193,106.193,3175,0,0,0,35,8,314.5,-890.602,1.5
4800003265,106.438,0,0,-106.438,106.438,3265,0,0,0,35,18,927.968,287.5,1.5
4800003267,106.439,0,0,-106.439,106.439,3267,0,0,0,35,15,575.973,782.473,1.5
4800003289,106.501,0,0,-106.501,106.501,3289,0,0,0,35,12,-303.5,-930.376,1.5
4800003310,106.555,0,0,-106.555,106.555,3310,0,0,0,35,14,692.241,-700.241,1.5
4802860403,106.439,0,0,-106.439,106.439,3267,15,575.973,782.473,1.5,0,0,0,35
4806858477,97.6764,0,0,-97.6764,97.6764,1341,1,-29.2598,-400,1.5,0,0,0,35
4807858170,95.2033,0,0,-95.2033,95.2033,1034,4,273.865,-125.865,1.5,0,0,0,35
4807859270,102.78,0,0,-102.78,102.78,2134,2,-617.5,-156.66,1.5,0,0,0,35
4821860311,106.193,0,0,-106.193,106.193,3175,8,314.5,-890.602,1.5,0,0,0,35
4822860425,106.501,0,0,-106.501,106.501,3289,12,-303.5,-930.376,1.5,0,0,0,35
4826858457,100.666,0,0,-100.666,100.666,1321,9,-209.132,332.368,1.5,0,0,0,35
4826860295,106.169,0,0,-106.169,106.169,3159,10,-937.269,-92.2307,1.5,0,0,0,35
4827858280,92.8571,0,0,-92.8571,92.8571,1144,19,123.487,315.013,1.5,0,0,0,35
4832858212,105.096,0,0,-105.096,105.096,1076,7,-9.90366,315.404,1.5,0,0,0,35
4832859977,105.252,0,0,-105.252,105.252,2841,17,729.5,430.993,1.5,0,0,0,35
4837858014,91.6528,0,0,-91.6528,91.6528,878,6,-234.897,97.8973,1.5,0,0,0,35
4837859289,102.805,0,0,-102.805,102.805,2153,20,61.4832,635.983,1.5,0,0,0,35
4837859429,103.338,0,0,-103.338,103.338,2293,5,526.072,-430.072,1.5,0,0,0,35
4837860000,105.294,0,0,-105.294,105.294,2864,11,-351.5,775.562,1.5,0,0,0,35
4841858583,94.219,0,0,-94.219,94.219,1447,16,111.847,411.347,1.5,0,0,0,35
4841860401,106.438,0,0,-106.438,106.438,3265,18,927.968,287.5,1.5,0,0,0,35
4842859824,104.731,0,0,-104.731,104.731,2688,3,594.844,-531.844,1.5,0,0,0,35
4850000878,91.6528,0,0,-91.6528,91.6528,878,0,0,0,35,6,-234.897,97.8973,1.5
4850001034,95.2033,0,0,-95.2033,95.2033,1034,0,0,0,35,4,273.865,-125.865,1.5
4850001076,105.096,0,0,-105.096,105.096,1076,0,0,0,35,7,-9.90366,315.404,1.5
4850001144,92.8571,0,0,-92.8571,92.8571,1144,0,0,0,35,19,123.487,315.013,1.5
4850001321,100.666,0,0,-100.666,100.666,1321,0,0,0,35,9,-209.132,332.368,1.5
4850001341,97.6764,0,0,-97.6764,97.6764,1341,0,0,0,35,1,-29.2598,-400,1.5
4850001447,94.219,0,0,-94.219,94.219,1447,0,0,0,35,16,111.847,411.347,1.5
4850002062,102.419,0,0,-102.419,102.419,2062,0,0,0,35,13,511.083,335,1.5
4850002134,102.78,0,0,-102.78,102.78,2134,0,0,0,35,2,-617.5,-156.66,1.5
4850002153,102.805,0,0,-102.805,102.805,2153,0,0,0,35,20,61.4832,635.983,1.5
4850002293,103.338,0,0,-103.338,103.338,2293,0,0,0,35,5,526.072,-430.072,1.5
4850002688,104.731,0,0,-104.731,104.731,2688,0,0,0,35,3,594.844,-531.844,1.5
4850002841,105.252,0,0,-105.252,105.252,2841,0,0,0,35,17,729.5,430.993,1.5
4850002864,105.294,0,0,-105.294,105.294,2864,0,0,0,35,11,-351.5,775.562,1.5
4850003159,106.169,0,0,-106.169,106.169,3159,0,0,0,35,10,-937.269,-92.2307,1.5
4850003175,106.193,0,0,-106.193,106.193,3175,0,0,0,35,8,314.5,-890.602,1.5
4850003265,106.438,0,0,-106.438,106.438,3265,0,0,0,35,18,927.968,287.5,1.5
4850003267,106.439,0,0,-106.439,106.439,3267,0,0,0,35,15,575.973,782.473,1.5
4850003289,106.501,0,0,-106.501,106.501,3289,0,0,0,35,12,-303.5,-930.376,1.5
4850003310,106.555,0,0,-106.555,106.555,3310,0,0,0,35,14,692.241,-700.241,1.5
4850787770,102.419,0,0,-102.419,102.419,2062,13,511.083,335,1.5,0,0,0,35
4852789018,106.555,0,0,-106.555,106.555,3310,14,692.241,-700.241,1.5,0,0,0,35
4852860403,106.439,0,0,-106.439,106.439,3267,15,575.973,782.473,1.5,0,0,0,35
4856858477,97.6764,0,0,-97.6764,97.6764,1341,1,-29.2598,-400,1.5,0,0,0,35
4857858170,95.2033,0,0,-95.2033,95.2033,1034,4,273.865,-125.865,1.5,0,0,0,35
4857859270,102.78,0,0,-102.78,102.78,2134,2,-617.5,-156.66,1.5,0,0,0,35
4871860311,106.193,0,0,-106.193,106.193,3175,8,314.5,-890.602,1.5,0,0,0,35
4872860425,106.501,0,0,-106.501,106.501,3289,12,-303.5,-930.376,1.5,0,0,0,35
4876858457,100.666,0,0,-100.666,100.666,1321,9,-209.132,332.368,1.5,0,0,0,35
4876860295,106.169,0,0,-106.169,106.169,3159,10,-937.269,-92.2307,1.5,0,0,0,35
4877858280,92.8571,0,0,-92.8571,92.8571,1144,19,123.487,315.013,1.5,0,0,0,35
4882858212,105.096,0,0,-105.096,105.096,1076,7,-9.90366,315.404,1.5,0,0,0,35
4882859977,105.252,0,0,-105.252,105.252,2841,17,729.5,430.993,1.5,0,0,0,35
4887858014,91.6528,0,0,-91.6528,91.6528,878,6,-234.897,97.8973,1.5,0,0,0,35
4887859289,102.805,0,0,-102.805,102.805,2153,20,61.4832,635.983,1.5,0,0,0,35
4887859429,103.338,0,0,-103.338,103.338,2293,5,526.072,-430.072,1.5,0,0,0,35
4887860000,105.294,0,0,-105.294,105.294,2864,11,-351.5,775.562,1.5,0,0,0,35
4891858583,94.219,0,0,-94.219,94.219,1447,16,111.847,411.347,1.5,0,0,0,35
4891860401,106.438,0,0,-106.438,106.438,3265,18,927.968,287.5,1.5,0,0,0,35
4892859824,104.731,0,0,-104.731,104.731,2688,3,594.844,-531.844,1.5,0,0,0,35
4900000878,91.6528,0,0,-91.6528,91.6528,878,0,0,0,35,6,-234.791,97.7913,1.5
4900001034,95.2033,0,0,-95.2033,95.2033,1034,0,0,0,35,4,273.759,-125.759,1.5
4900001076,105.096,0,0,-105.096,105.096,1076,0,0,0,35,7,-9.7976,315.298,1.5
4900001144,92.8571,0,0,-92.8571,92.8571,1144,0,0,0,35,19,123.593,314.907,1.5
4900001321,100.666,0,0,-100.666,100.666,1321,0,0,0,35,9,-209.238,332.262,1.5
4900001341,97.6764,0,0,-97.6764,97.6764,1341,0,0,0,35,1,-29.4098,-400,1.5
4900001447,94.219,0,0,-94.219,94.219,1447,0,0,0,35,16,111.741,411.241,1.5
4900002062,102.417,0,0,-102.417,102.417,2062,0,0,0,35,13,510.933,335,1.5
4900002134,102.779,0,0,-102.779,102.779,2134,0,0,0,35,2,-617.5,-156.51,1.5
4900002153,102.804,0,0,-102.804,102.804,2153,0,0,0,35,20,61.3772,635.877,1.5
4900002293,103.336,0,0,-103.336,103.336,2293,0,0,0,35,5,525.966,-429.966,1.5
4900002688,104.729,0,0,-104.729,104.729,2688,0,0,0,35,3,594.738,-531.738,1.5
4900002841,105.251,0,0,-105.251,105.251,2841,0,0,0,35,17,729.5,430.843,1.5
4900002864,105.293,0,0,-105.293,105.293,2864,0,0,0,35,11,-351.5,775.412,1.5
4900003159,106.168,0,0,-106.168,106.168,3159,0,0,0,35,10,-937.163,-92.3368,1.5
4900003175,106.192,0,0,-106.192,106.192,3175,0,0,0,35,8,314.5,-890.452,1.5
4900003265,106.437,0,0,-106.437,106.437,3265,0,0,0,35,18,927.818,287.5,1.5
4900003267,106.438,0,0,-106.438,106.438,3267,0,0,0,35,15,575.867,782.367,1.5
4900003289,106.5,0,0,-106.5,106.5,3289,0,0,0,35,12,-303.5,-930.226,1.5
4900003310,106.553,0,0,-106.553,106.553,3310,0,0,0,35,14,692.135,-700.135,1.5
4902860403,106.438,0,0,-106.438,106.438,3267,15,575.867,782.367,1.5,0,0,0,35
4906858477,97.6764,0,0,-97.6764,97.6764,1341,1,-29.4098,-400,1.5,0,0,0,35
4907858170,95.2033,0,0,-95.2033,95.2033,1034,4,273.759,-125.759,1.5,0,0,0,35
4907859270,102.779,0,0,-102.779,102.779,2134,2,-617.5,-156.51,1.5,0,0,0,35
4921860311,106.192,0,0,-106.192,106.192,3175,8,314.5,-890.452,1.5,0,0,0,35
4922860425,106.5,0,0,-106.5,106.5,3289,12,-303.5,-930.226,1.5,0,0,0,35
4926858457,100.666,0,0,-100.666,100.666,1321,9,-209.238,332.262,1.5,0,0,0,35
4926860295,106.168,0,0,-106.168,106.168,3159,10,-937.163,-92.3368,1.5,0,0,0,35
4927858280,92.8571,0,0,-92.8571,92.8571,1144,19,123.593,314.907,1.5,0,0,0,35
4930787770,102.417,0,0,-102.417,102.417,2062,13,510.933,335,1.5,0,0,0,35
4932789018,106.553,0,0,-106.553,106.553,3310,14,692.135,-700.135,1.5,0,0,0,35
4932858212,105.096,0,0,-105.096,105.096,1076,7,-9.7976,315.298,1.5,0,0,0,35
4932859977,105.251,0,0,-105.251,105.251,2841,17,729.5,430.843,1.5,0,0,0,35
4937858014,91.6528,0,0,-91.6528,91.6528,878,6,-234.791,97.7913,1.5,0,0,0,35
4937859289,102.804,0,0,-102.804,102.804,2153,20,61.3772,635.877,1.5,0,0,0,35
4937859429,103.336,0,0,-103.336,103.336,2293,5,525.966,-429.966,1.5,0,0,0,35
4937860000,105.293,0,0,-105.293,105.293,2864,11,-351.5,775.412,1.5,0,0,0,35
4941858583,94.219,0,0,-94.219,94.219,1447,16,111.741,411.241,1.5,0,0,0,35
4942859824,104.729,0,0,-104.729,104.729,2688,3,594.738,-531.738,1.5,0,0,0,35
4942860401,106.437,0,0,-106.437,106.437,3265,18,927.818,287.5,1.5,0,0,0,35
4950000878,91.6528,0,0,-91.6528,91.6528,878,0,0,0,35,6,-234.791,97.7913,1.5
4950001034,95.2033,0,0,-95.2033,95.2033,1034,0,0,0,35,4,273.759,-125.759,1.5
4950001076,105.096,0,0,-105.096,105.096,1076,0,0,0,35,7,-9.7976,315.298,1.5
4950001144,92.8571,0,0,-92.8571,92.8571,1144,0,0,0,35,19,123.593,314.907,1.5
4950001321,100.666,0,0,-100.666,100.666,1321,0,0,0,35,9,-209.238,332.262,1.5
4950001341,97.6764,0,0,-97.6764,97.6764,1341,0,0,0,35,1,-29.4098,-400,1.5
4950001447,94.219,0,0,-94.219,94.219,1447,0,0,0,35,16,111.741,411.241,1.5
4950002062,102.417,0,0,-102.417,102.417,2062,0,0,0,35,13,510.933,335,1.5
4950002134,102.779,0,0,-102.779,102.779,2134,0,0,0,35,2,-617.5,-156.51,1.5
4950002153,102.804,0,0,-102.804,102.804,2153,0,0,0,35,20,61.3772,635.877,1.5
4950002293,103.336,0,0,-103.336,103.336,2293,0,0,0,35,5,525.966,-429.966,1.5
4950002688,104.729,0,0,-104.729,104.729,2688,0,0,0,35,3,594.738,-531.738,1.5
4950002841,105.251,0,0,-105.251,105.251,2841,0,0,0,35,17,729.5,430.843,1.5
4950002864,105.293,0,0,-105.293,105.293,2864,0,0,0,35,11,-351.5,775.412,1.5
4950003159,106.168,0,0,-106.168,106.168,3159,0,0,0,35,10,-937.163,-92.3368,1.5
4950003175,106.192,0,0,-106.192,106.192,3175,0,0,0,35,8,314.5,-890.452,1.5
4950003265,106.437,0,0,-106.437,106.437,3265,0,0,0,35,18,927.818,287.5,1.5
4950003267,106.438,0,0,-106.438,106.438,3267,0,0,0,35,15,575.867,782.367,1.5
4950003289,106.5,0,0,-106.5,106.5,3289,0,0,0,35,12,-303.5,-930.226,1.5
4950003310,106.553,0,0,-106.553,106.553,3310,0,0,0,35,14,692.135,-700.135,1.5
4952860403,106.438,0,0,-106.438,106.438,3267,15,575.867,782.367,1.5,0,0,0,35
4956858477,97.6764,0,0,-97.6764,97.6764,1341,1,-29.4098,-400,1.5,0,0,0,35
4957858170,95.2033,0,0,-95.2033,95.2033,1034,4,273.759,-125.759,1.5,0,0,0,35
4957859270,102.779,0,0,-102.779,102.779,2134,2,-617.5,-156.51,1.5,0,0,0,35
4971860311,106.192,0,0,-106.192,106.192,3175,8,314.5,-890.452,1.5,0,0,0,35
4972860425,106.5,0,0,-106.5,106.5,3289,12,-303.5,-930.226,1.5,0,0,0,35
4976858457,100.666,0,0,-100.666,100.666,1321,9,-209.238,332.262,1.5,0,0,0,35
4976860295,106.168,0,0,-106.168,106.168,3159,10,-937.163,-92.3368,1.5,0,0,0,35
4977858280,92.8571,0,0,-92.8571,92.8571,1144,19,123.593,314.907,1.5,0,0,0,35
4982858212,105.096,0,0,-105.096,105.096,1076,7,-9.7976,315.298,1.5,0,0,0,35
4982859977,105.251,0,0,-105.251,105.251,2841,17,729.5,430.843,1.5,0,0,0,35
4987858014,91.6528,0,0,-91.6528,91.6528,878,6,-234.791,97.7913,1.5,0,0,0,35
4987859289,102.804,0,0,-102.804,102.804,2153,20,61.3772,635.877,1.5,0,0,0,35
4987859429,103.336,0,0,-103.336,103.336,2293,5,525.966,-429.966,1.5,0,0,0,35
4987860000,105.293,0,0,-105.293,105.293,2864,11,-351.5,775.412,1.5,0,0,0,35
4991858583,94.219,0,0,-94.219,94.219,1447,16,111.741,411.241,1.5,0,0,0,35
4992859824,104.729,0,0,-104.729,104.729,2688,3,594.738,-531.738,1.5,0,0,0,35
4992860401,106.437,0,0,-106.437,106.437,3265,18,927.818,287.5,1.5,0,0,0,35
