Timestamp_ns,Loss_dB,TxAntGain_dB,RxAntGain_dB,PropGain_dB,Pathloss_dB,Delay_ns,SrcId,SrcX,SrcY,SrcZ,DstId,DstX,DstY,DstZ
188,103.78,0,0,-103.78,103.78,188,0,0,0,25,6,3.46482,51.1186,1.5
204,88.6126,0,0,-88.6126,88.6126,204,0,0,0,25,4,-24.6086,50.8967,1.5
209,90.9964,0,0,-90.9964,90.9964,209,0,0,0,25,7,14.5871,56.1745,1.5
216,87.6048,0,0,-87.6048,87.6048,216,0,0,0,25,19,19.0742,57.391,1.5
237,108.296,0,0,-108.296,108.296,237,0,0,0,25,9,11.4131,66.0409,1.5
239,97.261,0,0,-97.261,97.261,239,0,0,0,25,1,-16.9447,65.6443,1.5
252,90.4945,0,0,-90.4945,90.4945,252,0,0,0,25,16,21.7409,68.4844,1.5
331,98.3699,0,0,-98.3699,98.3699,331,0,0,0,25,13,40.0111,87.7171,1.5
343,104.851,0,0,-104.851,104.851,343,0,0,0,25,20,27.5875,96.2938,1.5
362,96.9336,0,0,-96.9336,96.9336,362,0,0,0,25,5,-42.1578,97.2134,1.5
379,111.077,0,0,-111.077,111.077,379,0,0,0,25,2,-4.29448,99.2718,1.5
416,99.1007,0,0,-99.1007,99.1007,416,0,0,0,25,3,-47.9011,112.702,1.5
437,105.373,0,0,-105.373,105.373,437,0,0,0,25,17,54.1521,117.004,1.5
440,119.932,0,0,-119.932,119.932,440,0,0,0,25,11,24.7186,127.532,1.5
484,98.1833,0,0,-98.1833,98.1833,484,0,0,0,25,8,-44.7277,135.906,1.5
496,107.973,0,0,-107.973,107.973,496,0,0,0,25,15,52.8393,137.149,1.5
496,108.098,0,0,-108.098,108.098,496,0,0,0,25,18,67.049,130.728,1.5
500,98.6381,0,0,-98.6381,98.6381,500,0,0,0,25,12,-30.7834,144.699,1.5
503,99.752,0,0,-99.752,99.752,503,0,0,0,25,14,-56.8284,137.566,1.5
517,112.506,0,0,-112.506,112.506,517,0,0,0,25,10,-2.19058,142.382,1.5
16928756,103.78,0,0,-103.78,103.78,188,6,3.46482,51.1186,1.5,0,0,0,25
16928772,88.6126,0,0,-88.6126,88.6126,204,4,-24.6086,50.8967,1.5,0,0,0,25
16928777,90.9964,0,0,-90.9964,90.9964,209,7,14.5871,56.1745,1.5,0,0,0,25
16928784,87.6048,0,0,-87.6048,87.6048,216,19,19.0742,57.391,1.5,0,0,0,25
16928805,108.296,0,0,-108.296,108.296,237,9,11.4131,66.0409,1.5,0,0,0,25
16928807,97.261,0,0,-97.261,97.261,239,1,-16.9447,65.6443,1.5,0,0,0,25
16928820,90.4945,0,0,-90.4945,90.4945,252,16,21.7409,68.4844,1.5,0,0,0,25
16928899,98.3699,0,0,-98.3699,98.3699,331,13,40.0111,87.7171,1.5,0,0,0,25
16928911,104.851,0,0,-104.851,104.851,343,20,27.5875,96.2938,1.5,0,0,0,25
16928930,96.9336,0,0,-96.9336,96.9336,362,5,-42.1578,97.2134,1.5,0,0,0,25
16928947,111.077,0,0,-111.077,111.077,379,2,-4.29448,99.2718,1.5,0,0,0,25
16928984,99.1007,0,0,-99.1007,99.1007,416,3,-47.9011,112.702,1.5,0,0,0,25
16929005,105.373,0,0,-105.373,105.373,437,17,54.1521,117.004,1.5,0,0,0,25
16929008,119.932,0,0,-119.932,119.932,440,11,24.7186,127.532,1.5,0,0,0,25
16929052,98.1833,0,0,-98.1833,98.1833,484,8,-44.7277,135.906,1.5,0,0,0,25
16929064,107.973,0,0,-107.973,107.973,496,15,52.8393,137.149,1.5,0,0,0,25
16929064,108.098,0,0,-108.098,108.098,496,18,67.049,130.728,1.5,0,0,0,25
16929068,98.6381,0,0,-98.6381,98.6381,500,12,-30.7834,144.699,1.5,0,0,0,25
16929071,99.752,0,0,-99.752,99.752,503,14,-56.8284,137.566,1.5,0,0,0,25
16929085,112.506,0,0,-112.506,112.506,517,10,-2.19058,142.382,1.5,0,0,0,25
50000188,103.78,0,0,-103.78,103.78,188,0,0,0,25,6,3.46482,51.1186,1.5
50000204,88.6126,0,0,-88.6126,88.6126,204,0,0,0,25,4,-24.6086,50.8967,1.5
50000209,90.9964,0,0,-90.9964,90.9964,209,0,0,0,25,7,14.5871,56.1745,1.5
50000216,87.6048,0,0,-87.6048,87.6048,216,0,0,0,25,19,19.0742,57.391,1.5
50000237,108.296,0,0,-108.296,108.296,237,0,0,0,25,9,11.4131,66.0409,1.5
50000239,97.261,0,0,-97.261,97.261,239,0,0,0,25,1,-16.9447,65.6443,1.5
50000252,90.4945,0,0,-90.4945,90.4945,252,0,0,0,25,16,21.7409,68.4844,1.5
50000331,98.3699,0,0,-98.3699,98.3699,331,0,0,0,25,13,40.0111,87.7171,1.5
50000343,104.851,0,0,-104.851,104.851,343,0,0,0,25,20,27.5875,96.2938,1.5
50000362,96.9336,0,0,-96.9336,96.9336,362,0,0,0,25,5,-42.1578,97.2134,1.5
50000379,111.077,0,0,-111.077,111.077,379,0,0,0,25,2,-4.29448,99.2718,1.5
50000416,99.1007,0,0,-99.1007,99.1007,416,0,0,0,25,3,-47.9011,112.702,1.5
50000437,105.373,0,0,-105.373,105.373,437,0,0,0,25,17,54.1521,117.004,1.5
50000440,119.932,0,0,-119.932,119.932,440,0,0,0,25,11,24.7186,127.532,1.5
50000484,98.1833,0,0,-98.1833,98.1833,484,0,0,0,25,8,-44.7277,135.906,1.5
50000496,107.973,0,0,-107.973,107.973,496,0,0,0,25,15,52.8393,137.149,1.5
50000496,108.098,0,0,-108.098,108.098,496,0,0,0,25,18,67.049,130.728,1.5
50000500,98.6381,0,0,-98.6381,98.6381,500,0,0,0,25,12,-30.7834,144.699,1.5
50000503,99.752,0,0,-99.752,99.752,503,0,0,0,25,14,-56.8284,137.566,1.5
50000517,112.506,0,0,-112.506,112.506,517,0,0,0,25,10,-2.19058,142.382,1.5
70893270,99.1007,0,0,-99.1007,99.1007,416,3,-47.9011,112.702,1.5,0,0,0,25
71393091,108.296,0,0,-108.296,108.296,237,9,11.4131,66.0409,1.5,0,0,0,25
74893354,98.6381,0,0,-98.6381,98.6381,500,12,-30.7834,144.699,1.5,0,0,0,25
77393291,105.373,0,0,-105.373,105.373,437,17,54.1521,117.004,1.5,0,0,0,25
79393371,112.506,0,0,-112.506,112.506,517,10,-2.19058,142.382,1.5,0,0,0,25
82393106,90.4945,0,0,-90.4945,90.4945,252,16,21.7409,68.4844,1.5,0,0,0,25
83893063,90.9964,0,0,-90.9964,90.9964,209,7,14.5871,56.1745,1.5,0,0,0,25
84893093,97.261,0,0,-97.261,97.261,239,1,-16.9447,65.6443,1.5,0,0,0,25
85393216,96.9336,0,0,-96.9336,96.9336,362,5,-42.1578,97.2134,1.5,0,0,0,25
86393185,98.3699,0,0,-98.3699,98.3699,331,13,40.0111,87.7171,1.5,0,0,0,25
87393338,98.1833,0,0,-98.1833,98.1833,484,8,-44.7277,135.906,1.5,0,0,0,25
88393070,87.6048,0,0,-87.6048,87.6048,216,19,19.0742,57.391,1.5,0,0,0,25
91893058,88.6126,0,0,-88.6126,88.6126,204,4,-24.6086,50.8967,1.5,0,0,0,25
93393350,108.098,0,0,-108.098,108.098,496,18,67.049,130.728,1.5,0,0,0,25
95893233,111.077,0,0,-111.077,111.077,379,2,-4.29448,99.2718,1.5,0,0,0,25
98393294,119.932,0,0,-119.932,119.932,440,11,24.7186,127.532,1.5,0,0,0,25
100000188,103.78,0,0,-103.78,103.78,188,0,0,0,25,6,3.47334,50.9689,1.5
100000204,88.6126,0,0,-88.6126,88.6126,204,0,0,0,25,4,-24.6902,51.0225,1.5
100000209,90.9964,0,0,-90.9964,90.9964,209,0,0,0,25,7,14.6654,56.0465,1.5
100000216,87.6048,0,0,-87.6048,87.6048,216,0,0,0,25,19,19.1847,57.2895,1.5
100000237,108.296,0,0,-108.296,108.296,237,0,0,0,25,9,11.3221,65.9216,1.5
100000239,97.261,0,0,-97.261,97.261,239,0,0,0,25,1,-17.0426,65.5307,1.5
100000252,90.4945,0,0,-90.4945,90.4945,252,0,0,0,25,16,21.6154,68.4024,1.5
100000331,98.3699,0,0,-98.3699,98.3699,331,0,0,0,25,13,39.9241,87.595,1.5
100000343,104.851,0,0,-104.851,104.851,343,0,0,0,25,20,27.4534,96.2267,1.5
100000362,96.9336,0,0,-96.9336,96.9336,362,0,0,0,25,5,-42.1254,97.0669,1.5
100000379,111.077,0,0,-111.077,111.077,379,0,0,0,25,2,-4.43721,99.318,1.5
100000416,99.1007,0,0,-99.1007,99.1007,416,0,0,0,25,3,-47.7671,112.634,1.5
100000437,105.373,0,0,-105.373,105.373,437,0,0,0,25,17,54.1088,116.86,1.5
100000440,119.932,0,0,-119.932,119.932,440,0,0,0,25,11,24.6616,127.394,1.5
100000484,98.1833,0,0,-98.1833,98.1833,484,0,0,0,25,8,-44.5968,135.833,1.5
100000496,107.973,0,0,-107.973,107.973,496,0,0,0,25,15,52.7698,137.016,1.5
100000496,108.098,0,0,-108.098,108.098,496,0,0,0,25,18,66.9587,130.608,1.5
100000500,98.6381,0,0,-98.6381,98.6381,500,0,0,0,25,12,-30.8278,144.555,1.5
100000503,99.752,0,0,-99.752,99.752,503,0,0,0,25,14,-56.753,137.436,1.5
100000517,112.506,0,0,-112.506,112.506,517,0,0,0,25,10,-2.12368,142.248,1.5
100893042,103.78,0,0,-103.78,103.78,188,6,3.47334,50.9689,1.5,0,0,0,25
104893197,104.851,0,0,-104.851,104.851,343,20,27.4534,96.2267,1.5,0,0,0,25
105393357,99.752,0,0,-99.752,99.752,503,14,-56.753,137.436,1.5,0,0,0,25
106393350,107.973,0,0,-107.973,107.973,496,15,52.7698,137.016,1.5,0,0,0,25
150000188,103.78,0,0,-103.78,103.78,188,0,0,0,25,6,3.47334,50.9689,1.5
150000204,88.6126,0,0,-88.6126,88.6126,204,0,0,0,25,4,-24.6902,51.0225,1.5
150000209,90.9964,0,0,-90.9964,90.9964,209,0,0,0,25,7,14.6654,56.0465,1.5
150000216,87.6048,0,0,-87.6048,87.6048,216,0,0,0,25,19,19.1847,57.2895,1.5
150000237,108.296,0,0,-108.296,108.296,237,0,0,0,25,9,11.3221,65.9216,1.5
150000239,97.261,0,0,-97.261,97.261,239,0,0,0,25,1,-17.0426,65.5307,1.5
150000252,90.4945,0,0,-90.4945,90.4945,252,0,0,0,25,16,21.6154,68.4024,1.5
150000331,98.3699,0,0,-98.3699,98.3699,331,0,0,0,25,13,39.9241,87.595,1.5
150000343,104.851,0,0,-104.851,104.851,343,0,0,0,25,20,27.4534,96.2267,1.5
150000362,96.9336,0,0,-96.9336,96.9336,362,0,0,0,25,5,-42.1254,97.0669,1.5
150000379,111.077,0,0,-111.077,111.077,379,0,0,0,25,2,-4.43721,99.318,1.5
150000416,99.1007,0,0,-99.1007,99.1007,416,0,0,0,25,3,-47.7671,112.634,1.5
150000437,105.373,0,0,-105.373,105.373,437,0,0,0,25,17,54.1088,116.86,1.5
150000440,119.932,0,0,-119.932,119.932,440,0,0,0,25,11,24.6616,127.394,1.5
150000484,98.1833,0,0,-98.1833,98.1833,484,0,0,0,25,8,-44.5968,135.833,1.5
150000496,107.973,0,0,-107.973,107.973,496,0,0,0,25,15,52.7698,137.016,1.5
150000496,108.098,0,0,-108.098,108.098,496,0,0,0,25,18,66.9587,130.608,1.5
150000500,98.6381,0,0,-98.6381,98.6381,500,0,0,0,25,12,-30.8278,144.555,1.5
150000503,99.752,0,0,-99.752,99.752,503,0,0,0,25,14,-56.753,137.436,1.5
150000517,112.506,0,0,-112.506,112.506,517,0,0,0,25,10,-2.12368,142.248,1.5
150893270,99.1007,0,0,-99.1007,99.1007,416,3,-47.7671,112.634,1.5,0,0,0,25
151393091,108.296,0,0,-108.296,108.296,237,9,11.3221,65.9216,1.5,0,0,0,25
154893354,98.6381,0,0,-98.6381,98.6381,500,12,-30.8278,144.555,1.5,0,0,0,25
157393291,105.373,0,0,-105.373,105.373,437,17,54.1088,116.86,1.5,0,0,0,25
159393371,112.506,0,0,-112.506,112.506,517,10,-2.12368,142.248,1.5,0,0,0,25
162393106,90.4945,0,0,-90.4945,90.4945,252,16,21.6154,68.4024,1.5,0,0,0,25
163893063,90.9964,0,0,-90.9964,90.9964,209,7,14.6654,56.0465,1.5,0,0,0,25
164893093,97.261,0,0,-97.261,97.261,239,1,-17.0426,65.5307,1.5,0,0,0,25
165393216,96.9336,0,0,-96.9336,96.9336,362,5,-42.1254,97.0669,1.5,0,0,0,25
166393185,98.3699,0,0,-98.3699,98.3699,331,13,39.9241,87.595,1.5,0,0,0,25
167393338,98.1833,0,0,-98.1833,98.1833,484,8,-44.5968,135.833,1.5,0,0,0,25
168393070,87.6048,0,0,-87.6048,87.6048,216,19,19.1847,57.2895,1.5,0,0,0,25
171893058,88.6126,0,0,-88.6126,88.6126,204,4,-24.6902,51.0225,1.5,0,0,0,25
173393350,108.098,0,0,-108.098,108.098,496,18,66.9587,130.608,1.5,0,0,0,25
175893233,111.077,0,0,-111.077,111.077,379,2,-4.43721,99.318,1.5,0,0,0,25
178393294,119.932,0,0,-119.932,119.932,440,11,24.6616,127.394,1.5,0,0,0,25
180893042,103.78,0,0,-103.78,103.78,188,6,3.47334,50.9689,1.5,0,0,0,25
184893197,104.851,0,0,-104.851,104.851,343,20,27.4534,96.2267,1.5,0,0,0,25
185393357,99.752,0,0,-99.752,99.752,503,14,-56.753,137.436,1.5,0,0,0,25
186393350,107.973,0,0,-107.973,107.973,496,15,52.7698,137.016,1.5,0,0,0,25
200000188,103.78,0,0,-103.78,103.78,188,0,0,0,25,6,3.48185,50.8191,1.5
200000204,88.6126,0,0,-88.6126,88.6126,204,0,0,0,25,4,-24.7719,51.1484,1.5
200000209,90.9964,0,0,-90.9964,90.9964,209,0,0,0,25,7,14.7437,55.9186,1.5
200000216,87.6048,0,0,-87.6048,87.6048,216,0,0,0,25,19,19.2952,57.1881,1.5
200000237,108.296,0,0,-108.296,108.296,237,0,0,0,25,9,11.231,65.8024,1.5
200000239,97.261,0,0,-97.261,97.261,239,0,0,0,25,1,-17.1405,65.417,1.5
200000252,90.4945,0,0,-90.4945,90.4945,252,0,0,0,25,16,21.4898,68.3203,1.5
200000331,98.3699,0,0,-98.3699,98.3699,331,0,0,0,25,13,39.837,87.4728,1.5
200000343,104.851,0,0,-104.851,104.851,343,0,0,0,25,20,27.3192,96.1596,1.5
200000362,96.9336,0,0,-96.9336,96.9336,362,0,0,0,25,5,-42.093,96.9204,1.5
200000379,111.077,0,0,-111.077,111.077,379,0,0,0,25,2,-4.57993,99.3642,1.5
200000416,99.1007,0,0,-99.1007,99.1007,416,0,0,0,25,3,-47.6331,112.567,1.5
200000437,105.373,0,0,-105.373,105.373,437,0,0,0,25,17,54.0654,116.716,1.5
200000440,119.932,0,0,-119.932,119.932,440,0,0,0,25,11,24.6047,127.255,1.5
200000484,98.1833,0,0,-98.1833,98.1833,484,0,0,0,25,8,-44.4658,135.76,1.5
200000496,107.973,0,0,-107.973,107.973,496,0,0,0,25,15,52.7003,136.883,1.5
200000496,108.098,0,0,-108.098,108.098,496,0,0,0,25,18,66.8684,130.489,1.5
200000500,98.6381,0,0,-98.6381,98.6381,500,0,0,0,25,12,-30.8722,144.412,1.5
200000503,99.752,0,0,-99.752,99.752,503,0,0,0,25,14,-56.6777,137.306,1.5
200000517,112.506,0,0,-112.506,112.506,517,0,0,0,25,10,-2.05679,142.114,1.5
230893270,99.1007,0,0,-99.1007,99.1007,416,3,-47.6331,112.567,1.5,0,0,0,25
231393091,108.296,0,0,-108.296,108.296,237,9,11.231,65.8024,1.5,0,0,0,25
234893354,98.6381,0,0,-98.6381,98.6381,500,12,-30.8722,144.412,1.5,0,0,0,25
237393291,105.373,0,0,-105.373,105.373,437,17,54.0654,116.716,1.5,0,0,0,25
239393371,112.506,0,0,-112.506,112.506,517,10,-2.05679,142.114,1.5,0,0,0,25
242393106,90.4945,0,0,-90.4945,90.4945,252,16,21.4898,68.3203,1.5,0,0,0,25
243893063,90.9964,0,0,-90.9964,90.9964,209,7,14.7437,55.9186,1.5,0,0,0,25
244893093,97.261,0,0,-97.261,97.261,239,1,-17.1405,65.417,1.5,0,0,0,25
245393216,96.9336,0,0,-96.9336,96.9336,362,5,-42.093,96.9204,1.5,0,0,0,25
246393185,98.3699,0,0,-98.3699,98.3699,331,13,39.837,87.4728,1.5,0,0,0,25
247393338,98.1833,0,0,-98.1833,98.1833,484,8,-44.4658,135.76,1.5,0,0,0,25
248393070,87.6048,0,0,-87.6048,87.6048,216,19,19.2952,57.1881,1.5,0,0,0,25
250000188,103.78,0,0,-103.78,103.78,188,0,0,0,25,6,3.48185,50.8191,1.5
250000204,88.6126,0,0,-88.6126,88.6126,204,0,0,0,25,4,-24.7719,51.1484,1.5
250000209,90.9964,0,0,-90.9964,90.9964,209,0,0,0,25,7,14.7437,55.9186,1.5
250000216,87.6048,0,0,-87.6048,87.6048,216,0,0,0,25,19,19.2952,57.1881,1.5
250000237,108.296,0,0,-108.296,108.296,237,0,0,0,25,9,11.231,65.8024,1.5
250000239,97.261,0,0,-97.261,97.261,239,0,0,0,25,1,-17.1405,65.417,1.5
250000252,90.4945,0,0,-90.4945,90.4945,252,0,0,0,25,16,21.4898,68.3203,1.5
250000331,98.3699,0,0,-98.3699,98.3699,331,0,0,0,25,13,39.837,87.4728,1.5
250000343,104.851,0,0,-104.851,104.851,343,0,0,0,25,20,27.3192,96.1596,1.5
250000362,96.9336,0,0,-96.9336,96.9336,362,0,0,0,25,5,-42.093,96.9204,1.5
250000379,111.077,0,0,-111.077,111.077,379,0,0,0,25,2,-4.57993,99.3642,1.5
250000416,99.1007,0,0,-99.1007,99.1007,416,0,0,0,25,3,-47.6331,112.567,1.5
250000437,105.373,0,0,-105.373,105.373,437,0,0,0,25,17,54.0654,116.716,1.5
250000440,119.932,0,0,-119.932,119.932,440,0,0,0,25,11,24.6047,127.255,1.5
250000484,98.1833,0,0,-98.1833,98.1833,484,0,0,0,25,8,-44.4658,135.76,1.5
250000496,107.973,0,0,-107.973,107.973,496,0,0,0,25,15,52.7003,136.883,1.5
250000496,108.098,0,0,-108.098,108.098,496,0,0,0,25,18,66.8684,130.489,1.5
250000500,98.6381,0,0,-98.6381,98.6381,500,0,0,0,25,12,-30.8722,144.412,1.5
250000503,99.752,0,0,-99.752,99.752,503,0,0,0,25,14,-56.6777,137.306,1.5
250000517,112.506,0,0,-112.506,112.506,517,0,0,0,25,10,-2.05679,142.114,1.5
251893058,88.6126,0,0,-88.6126,88.6126,204,4,-24.7719,51.1484,1.5,0,0,0,25
253393350,108.098,0,0,-108.098,108.098,496,18,66.8684,130.489,1.5,0,0,0,25
255893233,111.077,0,0,-111.077,111.077,379,2,-4.57993,99.3642,1.5,0,0,0,25
258393294,119.932,0,0,-119.932,119.932,440,11,24.6047,127.255,1.5,0,0,0,25
260893042,103.78,0,0,-103.78,103.78,188,6,3.48185,50.8191,1.5,0,0,0,25
264893197,104.851,0,0,-104.851,104.851,343,20,27.3192,96.1596,1.5,0,0,0,25
265393357,99.752,0,0,-99.752,99.752,503,14,-56.6777,137.306,1.5,0,0,0,25
266393350,107.973,0,0,-107.973,107.973,496,15,52.7003,136.883,1.5,0,0,0,25
300000188,103.78,0,0,-103.78,103.78,188,0,0,0,25,6,3.49037,50.6694,1.5
300000204,88.6126,0,0,-88.6126,88.6126,204,0,0,0,25,4,-24.8535,51.2742,1.5
300000209,90.9964,0,0,-90.9964,90.9964,209,0,0,0,25,7,14.822,55.7907,1.5
300000216,87.6048,0,0,-87.6048,87.6048,216,0,0,0,25,19,19.4057,57.0866,1.5
300000237,108.296,0,0,-108.296,108.296,237,0,0,0,25,9,11.14,65.6832,1.5
300000239,97.261,0,0,-97.261,97.261,239,0,0,0,25,1,-17.2385,65.3034,1.5
300000252,90.4945,0,0,-90.4945,90.4945,252,0,0,0,25,16,21.3643,68.2382,1.5
300000331,98.3699,0,0,-98.3699,98.3699,331,0,0,0,25,13,39.75,87.3507,1.5
300000343,104.851,0,0,-104.851,104.851,343,0,0,0,25,20,27.185,96.0925,1.5
300000362,96.9336,0,0,-96.9336,96.9336,362,0,0,0,25,5,-42.0606,96.774,1.5
300000379,111.077,0,0,-111.077,111.077,379,0,0,0,25,2,-4.72265,99.4103,1.5
300000416,99.1007,0,0,-99.1007,99.1007,416,0,0,0,25,3,-47.4989,112.5,1.5
300000437,105.373,0,0,-105.373,105.373,437,0,0,0,25,17,54.022,116.573,1.5
300000440,119.932,0,0,-119.932,119.932,440,0,0,0,25,11,24.5477,127.116,1.5
300000484,98.1833,0,0,-98.1833,98.1833,484,0,0,0,25,8,-44.3349,135.687,1.5
300000496,107.973,0,0,-107.973,107.973,496,0,0,0,25,15,52.6308,136.75,1.5
300000496,108.098,0,0,-108.098,108.098,496,0,0,0,25,18,66.7781,130.369,1.5
300000500,98.6381,0,0,-98.6381,98.6381,500,0,0,0,25,12,-30.9166,144.269,1.5
300000503,99.752,0,0,-99.752,99.752,503,0,0,0,25,14,-56.6024,137.176,1.5
300000517,112.506,0,0,-112.506,112.506,517,0,0,0,25,10,-2,141.977,1.5
310893270,99.1007,0,0,-99.1007,99.1007,416,3,-47.4989,112.5,1.5,0,0,0,25
311393091,108.296,0,0,-108.296,108.296,237,9,11.14,65.6832,1.5,0,0,0,25
314893354,98.6381,0,0,-98.6381,98.6381,500,12,-30.9166,144.269,1.5,0,0,0,25
317393291,105.373,0,0,-105.373,105.373,437,17,54.022,116.573,1.5,0,0,0,25
319393371,112.506,0,0,-112.506,112.506,517,10,-2,141.977,1.5,0,0,0,25
322393106,90.4945,0,0,-90.4945,90.4945,252,16,21.3643,68.2382,1.5,0,0,0,25
323893063,90.9964,0,0,-90.9964,90.9964,209,7,14.822,55.7907,1.5,0,0,0,25
324893093,97.261,0,0,-97.261,97.261,239,1,-17.2385,65.3034,1.5,0,0,0,25
325393216,96.9336,0,0,-96.9336,96.9336,362,5,-42.0606,96.774,1.5,0,0,0,25
326393185,98.3699,0,0,-98.3699,98.3699,331,13,39.75,87.3507,1.5,0,0,0,25
327393338,98.1833,0,0,-98.1833,98.1833,484,8,-44.3349,135.687,1.5,0,0,0,25
328393070,87.6048,0,0,-87.6048,87.6048,216,19,19.4057,57.0866,1.5,0,0,0,25
331893058,88.6126,0,0,-88.6126,88.6126,204,4,-24.8535,51.2742,1.5,0,0,0,25
333393350,108.098,0,0,-108.098,108.098,496,18,66.7781,130.369,1.5,0,0,0,25
335893233,111.077,0,0,-111.077,111.077,379,2,-4.72265,99.4103,1.5,0,0,0,25
338393294,119.932,0,0,-119.932,119.932,440,11,24.5477,127.116,1.5,0,0,0,25
340893042,103.78,0,0,-103.78,103.78,188,6,3.49037,50.6694,1.5,0,0,0,25
344893197,104.851,0,0,-104.851,104.851,343,20,27.185,96.0925,1.5,0,0,0,25
345393357,99.752,0,0,-99.752,99.752,503,14,-56.6024,137.176,1.5,0,0,0,25
346393350,107.973,0,0,-107.973,107.973,496,15,52.6308,136.75,1.5,0,0,0,25
350000188,103.78,0,0,-103.78,103.78,188,0,0,0,25,6,3.49037,50.6694,1.5
350000204,88.6126,0,0,-88.6126,88.6126,204,0,0,0,25,4,-24.8535,51.2742,1.5
350000209,90.9964,0,0,-90.9964,90.9964,209,0,0,0,25,7,14.822,55.7907,1.5
350000216,87.6048,0,0,-87.6048,87.6048,216,0,0,0,25,19,19.4057,57.0866,1.5
350000237,108.296,0,0,-108.296,108.296,237,0,0,0,25,9,11.14,65.6832,1.5
350000239,97.261,0,0,-97.261,97.261,239,0,0,0,25,1,-17.2385,65.3034,1.5
350000252,90.4945,0,0,-90.4945,90.4945,252,0,0,0,25,16,21.3643,68.2382,1.5
350000331,98.3699,0,0,-98.3699,98.3699,331,0,0,0,25,13,39.75,87.3507,1.5
350000343,104.851,0,0,-104.851,104.851,343,0,0,0,25,20,27.185,96.0925,1.5
350000362,96.9336,0,0,-96.9336,96.9336,362,0,0,0,25,5,-42.0606,96.774,1.5
350000379,111.077,0,0,-111.077,111.077,379,0,0,0,25,2,-4.72265,99.4103,1.5
350000416,99.1007,0,0,-99.1007,99.1007,416,0,0,0,25,3,-47.4989,112.5,1.5
350000437,105.373,0,0,-105.373,105.373,437,0,0,0,25,17,54.022,116.573,1.5
350000440,119.932,0,0,-119.932,119.932,440,0,0,0,25,11,24.5477,127.116,1.5
350000484,98.1833,0,0,-98.1833,98.1833,484,0,0,0,25,8,-44.3349,135.687,1.5
350000496,107.973,0,0,-107.973,107.973,496,0,0,0,25,15,52.6308,136.75,1.5
350000496,108.098,0,0,-108.098,108.098,496,0,0,0,25,18,66.7781,130.369,1.5
350000500,98.6381,0,0,-98.6381,98.6381,500,0,0,0,25,12,-30.9166,144.269,1.5
350000503,99.752,0,0,-99.752,99.752,503,0,0,0,25,14,-56.6024,137.176,1.5
350000517,112.506,0,0,-112.506,112.506,517,0,0,0,25,10,-2,141.977,1.5
390893270,99.1007,0,0,-99.1007,99.1007,416,3,-47.4989,112.5,1.5,0,0,0,25
391393091,108.296,0,0,-108.296,108.296,237,9,11.14,65.6832,1.5,0,0,0,25
394893354,98.6381,0,0,-98.6381,98.6381,500,12,-30.9166,144.269,1.5,0,0,0,25
397393291,105.373,0,0,-105.373,105.373,437,17,54.022,116.573,1.5,0,0,0,25
399393371,112.506,0,0,-112.506,112.506,517,10,-2,141.977,1.5,0,0,0,25
400000188,103.78,0,0,-103.78,103.78,188,0,0,0,25,6,3.49889,50.5196,1.5
400000204,88.6126,0,0,-88.6126,88.6126,204,0,0,0,25,4,-24.9352,51.4001,1.5
400000209,90.9964,0,0,-90.9964,90.9964,209,0,0,0,25,7,14.9004,55.6627,1.5
400000216,87.6048,0,0,-87.6048,87.6048,216,0,0,0,25,19,19.5155,56.9845,1.5
400000237,108.296,0,0,-108.296,108.296,237,0,0,0,25,9,11.0489,65.564,1.5
400000239,97.261,0,0,-97.261,97.261,239,0,0,0,25,1,-17.3364,65.1898,1.5
400000252,90.4945,0,0,-90.4945,90.4945,252,0,0,0,25,16,21.2387,68.1561,1.5
400000331,98.3699,0,0,-98.3699,98.3699,331,0,0,0,25,13,39.6629,87.2285,1.5
400000343,104.851,0,0,-104.851,104.851,343,0,0,0,25,20,27.0509,96.0254,1.5
400000362,96.9336,0,0,-96.9336,96.9336,362,0,0,0,25,5,-42.0282,96.6275,1.5
400000379,111.077,0,0,-111.077,111.077,379,0,0,0,25,2,-4.86537,99.4565,1.5
400000416,99.1007,0,0,-99.1007,99.1007,416,0,0,0,25,3,-47.3489,112.5,1.5
400000437,105.373,0,0,-105.373,105.373,437,0,0,0,25,17,54,116.426,1.5
400000440,119.932,0,0,-119.932,119.932,440,0,0,0,25,11,24.5,126.976,1.5
400000484,98.1833,0,0,-98.1833,98.1833,484,0,0,0,25,8,-44.2039,135.614,1.5
400000496,107.973,0,0,-107.973,107.973,496,0,0,0,25,15,52.5612,136.617,1.5
400000496,108.098,0,0,-108.098,108.098,496,0,0,0,25,18,66.6878,130.249,1.5
400000500,98.6381,0,0,-98.6381,98.6381,500,0,0,0,25,12,-30.9611,144.126,1.5
400000503,99.752,0,0,-99.752,99.752,503,0,0,0,25,14,-56.5271,137.047,1.5
400000517,112.506,0,0,-112.506,112.506,517,0,0,0,25,10,-2,141.827,1.5
402393106,90.4945,0,0,-90.4945,90.4945,252,16,21.2387,68.1561,1.5,0,0,0,25
403893063,90.9964,0,0,-90.9964,90.9964,209,7,14.9004,55.6627,1.5,0,0,0,25
404893093,97.261,0,0,-97.261,97.261,239,1,-17.3364,65.1898,1.5,0,0,0,25
405393216,96.9336,0,0,-96.9336,96.9336,362,5,-42.0282,96.6275,1.5,0,0,0,25
406393185,98.3699,0,0,-98.3699,98.3699,331,13,39.6629,87.2285,1.5,0,0,0,25
407393338,98.1833,0,0,-98.1833,98.1833,484,8,-44.2039,135.614,1.5,0,0,0,25
408393070,87.6048,0,0,-87.6048,87.6048,216,19,19.5155,56.9845,1.5,0,0,0,25
411893058,88.6126,0,0,-88.6126,88.6126,204,4,-24.9352,51.4001,1.5,0,0,0,25
413393350,108.098,0,0,-108.098,108.098,496,18,66.6878,130.249,1.5,0,0,0,25
415893233,111.077,0,0,-111.077,111.077,379,2,-4.86537,99.4565,1.5,0,0,0,25
418393294,119.932,0,0,-119.932,119.932,440,11,24.5,126.976,1.5,0,0,0,25
420893042,103.78,0,0,-103.78,103.78,188,6,3.49889,50.5196,1.5,0,0,0,25
424893197,104.851,0,0,-104.851,104.851,343,20,27.0509,96.0254,1.5,0,0,0,25
425393357,99.752,0,0,-99.752,99.752,503,14,-56.5271,137.047,1.5,0,0,0,25
426393350,107.973,0,0,-107.973,107.973,496,15,52.5612,136.617,1.5,0,0,0,25
450000188,103.78,0,0,-103.78,103.78,188,0,0,0,25,6,3.49889,50.5196,1.5
450000204,88.6126,0,0,-88.6126,88.6126,204,0,0,0,25,4,-24.9352,51.4001,1.5
450000209,90.9964,0,0,-90.9964,90.9964,209,0,0,0,25,7,14.9004,55.6627,1.5
450000216,87.6048,0,0,-87.6048,87.6048,216,0,0,0,25,19,19.5155,56.9845,1.5
450000237,108.296,0,0,-108.296,108.296,237,0,0,0,25,9,11.0489,65.564,1.5
450000239,97.261,0,0,-97.261,97.261,239,0,0,0,25,1,-17.3364,65.1898,1.5
450000252,90.4945,0,0,-90.4945,90.4945,252,0,0,0,25,16,21.2387,68.1561,1.5
450000331,98.3699,0,0,-98.3699,98.3699,331,0,0,0,25,13,39.6629,87.2285,1.5
450000343,104.851,0,0,-104.851,104.851,343,0,0,0,25,20,27.0509,96.0254,1.5
450000362,96.9336,0,0,-96.9336,96.9336,362,0,0,0,25,5,-42.0282,96.6275,1.5
450000379,111.077,0,0,-111.077,111.077,379,0,0,0,25,2,-4.86537,99.4565,1.5
450000416,99.1007,0,0,-99.1007,99.1007,416,0,0,0,25,3,-47.3489,112.5,1.5
450000437,105.373,0,0,-105.373,105.373,437,0,0,0,25,17,54,116.426,1.5
450000440,119.932,0,0,-119.932,119.932,440,0,0,0,25,11,24.5,126.976,1.5
450000484,98.1833,0,0,-98.1833,98.1833,484,0,0,0,25,8,-44.2039,135.614,1.5
450000496,107.973,0,0,-107.973,107.973,496,0,0,0,25,15,52.5612,136.617,1.5
450000496,108.098,0,0,-108.098,108.098,496,0,0,0,25,18,66.6878,130.249,1.5
450000500,98.6381,0,0,-98.6381,98.6381,500,0,0,0,25,12,-30.9611,144.126,1.5
450000503,99.752,0,0,-99.752,99.752,503,0,0,0,25,14,-56.5271,137.047,1.5
450000517,112.506,0,0,-112.506,112.506,517,0,0,0,25,10,-2,141.827,1.5
470893270,99.1007,0,0,-99.1007,99.1007,416,3,-47.3489,112.5,1.5,0,0,0,25
471393091,108.296,0,0,-108.296,108.296,237,9,11.0489,65.564,1.5,0,0,0,25
474893354,98.6381,0,0,-98.6381,98.6381,500,12,-30.9611,144.126,1.5,0,0,0,25
477393291,105.373,0,0,-105.373,105.373,437,17,54,116.426,1.5,0,0,0,25
479393371,112.506,0,0,-112.506,112.506,517,10,-2,141.827,1.5,0,0,0,25
482393106,90.4945,0,0,-90.4945,90.4945,252,16,21.2387,68.1561,1.5,0,0,0,25
483893063,90.9964,0,0,-90.9964,90.9964,209,7,14.9004,55.6627,1.5,0,0,0,25
484893093,97.261,0,0,-97.261,97.261,239,1,-17.3364,65.1898,1.5,0,0,0,25
485393216,96.9336,0,0,-96.9336,96.9336,362,5,-42.0282,96.6275,1.5,0,0,0,25
486393185,98.3699,0,0,-98.3699,98.3699,331,13,39.6629,87.2285,1.5,0,0,0,25
487393338,98.1833,0,0,-98.1833,98.1833,484,8,-44.2039,135.614,1.5,0,0,0,25
488393070,87.6048,0,0,-87.6048,87.6048,216,19,19.5155,56.9845,1.5,0,0,0,25
491893058,88.6126,0,0,-88.6126,88.6126,204,4,-24.9352,51.4001,1.5,0,0,0,25
493393350,108.098,0,0,-108.098,108.098,496,18,66.6878,130.249,1.5,0,0,0,25
495893233,111.077,0,0,-111.077,111.077,379,2,-4.86537,99.4565,1.5,0,0,0,25
498393294,119.932,0,0,-119.932,119.932,440,11,24.5,126.976,1.5,0,0,0,25
500000188,103.78,0,0,-103.78,103.78,188,0,0,0,25,6,3.5,50.3696,1.5
500000204,88.6126,0,0,-88.6126,88.6126,204,0,0,0,25,4,-25.0218,51.5218,1.5
500000209,90.9964,0,0,-90.9964,90.9964,209,0,0,0,25,7,14.9787,55.5348,1.5
500000216,87.6048,0,0,-87.6048,87.6048,216,0,0,0,25,19,19.6216,56.8784,1.5
500000237,108.296,0,0,-108.296,108.296,237,0,0,0,25,9,10.9509,65.4509,1.5
500000239,97.261,0,0,-97.261,97.261,239,0,0,0,25,1,-17.4343,65.0762,1.5
500000252,90.4945,0,0,-90.4945,90.4945,252,0,0,0,25,16,21.1132,68.074,1.5
500000331,98.3699,0,0,-98.3699,98.3699,331,0,0,0,25,13,39.5758,87.1064,1.5
500000343,104.851,0,0,-104.851,104.851,343,0,0,0,25,20,26.9342,95.9342,1.5
500000362,96.9336,0,0,-96.9336,96.9336,362,0,0,0,25,5,-42,96.4806,1.5
500000379,111.077,0,0,-111.077,111.077,379,0,0,0,25,2,-5.00851,99.5,1.5
500000416,99.1007,0,0,-99.1007,99.1007,416,0,0,0,25,3,-47.1989,112.5,1.5
500000437,105.373,0,0,-105.373,105.373,437,0,0,0,25,17,54,116.276,1.5
500000440,119.932,0,0,-119.932,119.932,440,0,0,0,25,11,24.5,126.826,1.5
500000484,98.1833,0,0,-98.1833,98.1833,484,0,0,0,25,8,-44.0729,135.541,1.5
500000496,107.973,0,0,-107.973,107.973,496,0,0,0,25,15,52.4873,136.487,1.5
500000496,108.098,0,0,-108.098,108.098,496,0,0,0,25,18,66.5975,130.129,1.5
500000500,98.6381,0,0,-98.6381,98.6381,500,0,0,0,25,12,-31,143.982,1.5
500000503,99.752,0,0,-99.752,99.752,503,0,0,0,25,14,-56.4321,136.932,1.5
500000517,112.506,0,0,-112.506,112.506,517,0,0,0,25,10,-2,141.677,1.5
500893042,103.78,0,0,-103.78,103.78,188,6,3.5,50.3696,1.5,0,0,0,25
504893197,104.851,0,0,-104.851,104.851,343,20,26.9342,95.9342,1.5,0,0,0,25
505393357,99.752,0,0,-99.752,99.752,503,14,-56.4321,136.932,1.5,0,0,0,25
506393350,107.973,0,0,-107.973,107.973,496,15,52.4873,136.487,1.5,0,0,0,25
535393094,97.261,0,0,-97.261,97.261,239,1,-17.4343,65.0762,1.5,0,0,0,25
545928947,111.077,0,0,-111.077,111.077,379,2,-5.00851,99.5,1.5,0,0,0,25
550000188,103.78,0,0,-103.78,103.78,188,0,0,0,25,6,3.5,50.3696,1.5
550000204,88.6126,0,0,-88.6126,88.6126,204,0,0,0,25,4,-25.0218,51.5218,1.5
550000209,90.9964,0,0,-90.9964,90.9964,209,0,0,0,25,7,14.9787,55.5348,1.5
550000216,87.6048,0,0,-87.6048,87.6048,216,0,0,0,25,19,19.6216,56.8784,1.5
550000237,108.296,0,0,-108.296,108.296,237,0,0,0,25,9,10.9509,65.4509,1.5
550000239,97.261,0,0,-97.261,97.261,239,0,0,0,25,1,-17.4343,65.0762,1.5
550000252,90.4945,0,0,-90.4945,90.4945,252,0,0,0,25,16,21.1132,68.074,1.5
550000331,98.3699,0,0,-98.3699,98.3699,331,0,0,0,25,13,39.5758,87.1064,1.5
550000343,104.851,0,0,-104.851,104.851,343,0,0,0,25,20,26.9342,95.9342,1.5
550000362,96.9336,0,0,-96.9336,96.9336,362,0,0,0,25,5,-42,96.4806,1.5
550000379,111.077,0,0,-111.077,111.077,379,0,0,0,25,2,-5.00851,99.5,1.5
550000416,99.1007,0,0,-99.1007,99.1007,416,0,0,0,25,3,-47.1989,112.5,1.5
550000437,105.373,0,0,-105.373,105.373,437,0,0,0,25,17,54,116.276,1.5
550000440,119.932,0,0,-119.932,119.932,440,0,0,0,25,11,24.5,126.826,1.5
550000484,98.1833,0,0,-98.1833,98.1833,484,0,0,0,25,8,-44.0729,135.541,1.5
550000496,107.973,0,0,-107.973,107.973,496,0,0,0,25,15,52.4873,136.487,1.5
550000496,108.098,0,0,-108.098,108.098,496,0,0,0,25,18,66.5975,130.129,1.5
550000500,98.6381,0,0,-98.6381,98.6381,500,0,0,0,25,12,-31,143.982,1.5
550000503,99.752,0,0,-99.752,99.752,503,0,0,0,25,14,-56.4321,136.932,1.5
550000517,112.506,0,0,-112.506,112.506,517,0,0,0,25,10,-2,141.677,1.5
550893270,99.1007,0,0,-99.1007,99.1007,416,3,-47.1989,112.5,1.5,0,0,0,25
551393091,108.296,0,0,-108.296,108.296,237,9,10.9509,65.4509,1.5,0,0,0,25
554893354,98.6381,0,0,-98.6381,98.6381,500,12,-31,143.982,1.5,0,0,0,25
557393291,105.373,0,0,-105.373,105.373,437,17,54,116.276,1.5,0,0,0,25
559393371,112.506,0,0,-112.506,112.506,517,10,-2,141.677,1.5,0,0,0,25
562393106,90.4945,0,0,-90.4945,90.4945,252,16,21.1132,68.074,1.5,0,0,0,25
563893063,90.9964,0,0,-90.9964,90.9964,209,7,14.9787,55.5348,1.5,0,0,0,25
565393216,96.9336,0,0,-96.9336,96.9336,362,5,-42,96.4806,1.5,0,0,0,25
566393185,98.3699,0,0,-98.3699,98.3699,331,13,39.5758,87.1064,1.5,0,0,0,25
567393338,98.1833,0,0,-98.1833,98.1833,484,8,-44.0729,135.541,1.5,0,0,0,25
568393070,87.6048,0,0,-87.6048,87.6048,216,19,19.6216,56.8784,1.5,0,0,0,25
571893058,88.6126,0,0,-88.6126,88.6126,204,4,-25.0218,51.5218,1.5,0,0,0,25
573393350,108.098,0,0,-108.098,108.098,496,18,66.5975,130.129,1.5,0,0,0,25
578393294,119.932,0,0,-119.932,119.932,440,11,24.5,126.826,1.5,0,0,0,25
580893042,103.78,0,0,-103.78,103.78,188,6,3.5,50.3696,1.5,0,0,0,25
584893197,104.851,0,0,-104.851,104.851,343,20,26.9342,95.9342,1.5,0,0,0,25
585393357,99.752,0,0,-99.752,99.752,503,14,-56.4321,136.932,1.5,0,0,0,25
585428807,97.261,0,0,-97.261,97.261,239,1,-17.4343,65.0762,1.5,0,0,0,25
586393350,107.973,0,0,-107.973,107.973,496,15,52.4873,136.487,1.5,0,0,0,25
595928947,111.077,0,0,-111.077,111.077,379,2,-5.00851,99.5,1.5,0,0,0,25
600000188,103.78,0,0,-103.78,103.78,188,0,0,0,25,6,3.5,50.2196,1.5
600000204,88.6126,0,0,-88.6126,88.6126,204,0,0,0,25,4,-25.1279,51.6279,1.5
600000209,90.9964,0,0,-90.9964,90.9964,209,0,0,0,25,7,15.0772,55.4228,1.5
600000216,87.6048,0,0,-87.6048,87.6048,216,0,0,0,25,19,19.7276,56.7724,1.5
600000237,108.296,0,0,-108.296,108.296,237,0,0,0,25,9,10.8448,65.3448,1.5
600000239,97.261,0,0,-97.261,97.261,239,0,0,0,25,1,-17.535,64.965,1.5
600000252,90.4945,0,0,-90.4945,90.4945,252,0,0,0,25,16,20.9896,67.9896,1.5
600000331,98.3699,0,0,-98.3699,98.3699,331,0,0,0,25,13,39.4863,86.9863,1.5
600000343,104.851,0,0,-104.851,104.851,343,0,0,0,25,20,26.8281,95.8281,1.5
600000362,96.9336,0,0,-96.9336,96.9336,362,0,0,0,25,5,-42,96.3306,1.5
600000379,111.077,0,0,-111.077,111.077,379,0,0,0,25,2,-5.15851,99.5,1.5
600000416,99.1007,0,0,-99.1007,99.1007,416,0,0,0,25,3,-47.0489,112.5,1.5
600000437,105.373,0,0,-105.373,105.373,437,0,0,0,25,17,54,116.126,1.5
600000440,119.932,0,0,-119.932,119.932,440,0,0,0,25,11,24.5,126.676,1.5
600000484,98.1833,0,0,-98.1833,98.1833,484,0,0,0,25,8,-44,135.434,1.5
600000496,107.973,0,0,-107.973,107.973,496,0,0,0,25,15,52.3813,136.381,1.5
600000496,108.098,0,0,-108.098,108.098,496,0,0,0,25,18,66.5072,130.01,1.5
600000500,98.6381,0,0,-98.6381,98.6381,500,0,0,0,25,12,-31,143.832,1.5
600000503,99.752,0,0,-99.752,99.752,503,0,0,0,25,14,-56.326,136.826,1.5
600000517,112.506,0,0,-112.506,112.506,517,0,0,0,25,10,-2,141.527,1.5
600928984,99.1007,0,0,-99.1007,99.1007,416,3,-47.0489,112.5,1.5,0,0,0,25
615428930,96.9336,0,0,-96.9336,96.9336,362,5,-42,96.3306,1.5,0,0,0,25
621928772,88.6126,0,0,-88.6126,88.6126,204,4,-25.1279,51.6279,1.5,0,0,0,25
630928756,103.78,0,0,-103.78,103.78,188,6,3.5,50.2196,1.5,0,0,0,25
631393091,108.296,0,0,-108.296,108.296,237,9,10.8448,65.3448,1.5,0,0,0,25
634893354,98.6381,0,0,-98.6381,98.6381,500,12,-31,143.832,1.5,0,0,0,25
635428807,97.261,0,0,-97.261,97.261,239,1,-17.535,64.965,1.5,0,0,0,25
637393291,105.373,0,0,-105.373,105.373,437,17,54,116.126,1.5,0,0,0,25
639393371,112.506,0,0,-112.506,112.506,517,10,-2,141.527,1.5,0,0,0,25
639928777,90.9964,0,0,-90.9964,90.9964,209,7,15.0772,55.4228,1.5,0,0,0,25
642393106,90.4945,0,0,-90.4945,90.4945,252,16,20.9896,67.9896,1.5,0,0,0,25
645928947,111.077,0,0,-111.077,111.077,379,2,-5.15851,99.5,1.5,0,0,0,25
646393185,98.3699,0,0,-98.3699,98.3699,331,13,39.4863,86.9863,1.5,0,0,0,25
647393338,98.1833,0,0,-98.1833,98.1833,484,8,-44,135.434,1.5,0,0,0,25
648393070,87.6048,0,0,-87.6048,87.6048,216,19,19.7276,56.7724,1.5,0,0,0,25
650000188,103.78,0,0,-103.78,103.78,188,0,0,0,25,6,3.5,50.2196,1.5
650000204,88.6126,0,0,-88.6126,88.6126,204,0,0,0,25,4,-25.1279,51.6279,1.5
650000209,90.9964,0,0,-90.9964,90.9964,209,0,0,0,25,7,15.0772,55.4228,1.5
650000216,87.6048,0,0,-87.6048,87.6048,216,0,0,0,25,19,19.7276,56.7724,1.5
650000237,108.296,0,0,-108.296,108.296,237,0,0,0,25,9,10.8448,65.3448,1.5
650000239,97.261,0,0,-97.261,97.261,239,0,0,0,25,1,-17.535,64.965,1.5
650000252,90.4945,0,0,-90.4945,90.4945,252,0,0,0,25,16,20.9896,67.9896,1.5
650000331,98.3699,0,0,-98.3699,98.3699,331,0,0,0,25,13,39.4863,86.9863,1.5
650000343,104.851,0,0,-104.851,104.851,343,0,0,0,25,20,26.8281,95.8281,1.5
650000362,96.9336,0,0,-96.9336,96.9336,362,0,0,0,25,5,-42,96.3306,1.5
650000379,111.077,0,0,-111.077,111.077,379,0,0,0,25,2,-5.15851,99.5,1.5
650000416,99.1007,0,0,-99.1007,99.1007,416,0,0,0,25,3,-47.0489,112.5,1.5
650000437,105.373,0,0,-105.373,105.373,437,0,0,0,25,17,54,116.126,1.5
650000440,119.932,0,0,-119.932,119.932,440,0,0,0,25,11,24.5,126.676,1.5
650000484,98.1833,0,0,-98.1833,98.1833,484,0,0,0,25,8,-44,135.434,1.5
650000496,107.973,0,0,-107.973,107.973,496,0,0,0,25,15,52.3813,136.381,1.5
650000496,108.098,0,0,-108.098,108.098,496,0,0,0,25,18,66.5072,130.01,1.5
650000500,98.6381,0,0,-98.6381,98.6381,500,0,0,0,25,12,-31,143.832,1.5
650000503,99.752,0,0,-99.752,99.752,503,0,0,0,25,14,-56.326,136.826,1.5
650000517,112.506,0,0,-112.506,112.506,517,0,0,0,25,10,-2,141.527,1.5
650928984,99.1007,0,0,-99.1007,99.1007,416,3,-47.0489,112.5,1.5,0,0,0,25
653393350,108.098,0,0,-108.098,108.098,496,18,66.5072,130.01,1.5,0,0,0,25
658393294,119.932,0,0,-119.932,119.932,440,11,24.5,126.676,1.5,0,0,0,25
664893197,104.851,0,0,-104.851,104.851,343,20,26.8281,95.8281,1.5,0,0,0,25
665393357,99.752,0,0,-99.752,99.752,503,14,-56.326,136.826,1.5,0,0,0,25
665428930,96.9336,0,0,-96.9336,96.9336,362,5,-42,96.3306,1.5,0,0,0,25
666393350,107.973,0,0,-107.973,107.973,496,15,52.3813,136.381,1.5,0,0,0,25
671928772,88.6126,0,0,-88.6126,88.6126,204,4,-25.1279,51.6279,1.5,0,0,0,25
680928756,103.78,0,0,-103.78,103.78,188,6,3.5,50.2196,1.5,0,0,0,25
681928805,108.296,0,0,-108.296,108.296,237,9,10.8448,65.3448,1.5,0,0,0,25
686928807,97.261,0,0,-97.261,97.261,239,1,-17.535,64.965,1.5,0,0,0,25
689928777,90.9964,0,0,-90.9964,90.9964,209,7,15.0772,55.4228,1.5,0,0,0,25
695928947,111.077,0,0,-111.077,111.077,379,2,-5.15851,99.5,1.5,0,0,0,25
697429052,98.1833,0,0,-98.1833,98.1833,484,8,-44,135.434,1.5,0,0,0,25
700000188,103.78,0,0,-103.78,103.78,188,0,0,0,25,6,3.5,50.0696,1.5
700000204,88.6126,0,0,-88.6126,88.6126,204,0,0,0,25,4,-25.234,51.734,1.5
700000209,90.9964,0,0,-90.9964,90.9964,209,0,0,0,25,7,15.1833,55.3167,1.5
700000216,87.6048,0,0,-87.6048,87.6048,216,0,0,0,25,19,19.8337,56.6663,1.5
700000237,108.296,0,0,-108.296,108.296,237,0,0,0,25,9,10.7388,65.2388,1.5
700000239,97.261,0,0,-97.261,97.261,239,0,0,0,25,1,-17.641,64.859,1.5
700000252,90.4945,0,0,-90.4945,90.4945,252,0,0,0,25,16,20.8835,67.8835,1.5
700000331,98.3699,0,0,-98.3699,98.3699,331,0,0,0,25,13,39.3803,86.8803,1.5
700000343,104.851,0,0,-104.851,104.851,343,0,0,0,25,20,26.722,95.722,1.5
700000362,96.9336,0,0,-96.9336,96.9336,362,0,0,0,25,5,-42,96.1806,1.5
700000379,111.077,0,0,-111.077,111.077,379,0,0,0,25,2,-5.30851,99.5,1.5
700000416,99.1007,0,0,-99.1007,99.1007,416,0,0,0,25,3,-46.8989,112.5,1.5
700000437,105.373,0,0,-105.373,105.373,437,0,0,0,25,17,54,115.976,1.5
700000440,119.932,0,0,-119.932,119.932,440,0,0,0,25,11,24.5,126.526,1.5
700000484,98.1833,0,0,-98.1833,98.1833,484,0,0,0,25,8,-44,135.284,1.5
700000496,107.973,0,0,-107.973,107.973,496,0,0,0,25,15,52.2752,136.275,1.5
700000496,108.098,0,0,-108.098,108.098,496,0,0,0,25,18,66.4024,129.902,1.5
700000500,98.6381,0,0,-98.6381,98.6381,500,0,0,0,25,12,-31,143.682,1.5
700000503,99.752,0,0,-99.752,99.752,503,0,0,0,25,14,-56.22,136.72,1.5
700000517,112.506,0,0,-112.506,112.506,517,0,0,0,25,10,-2,141.377,1.5
700928984,99.1007,0,0,-99.1007,99.1007,416,3,-46.8989,112.5,1.5,0,0,0,25
702929085,112.506,0,0,-112.506,112.506,517,10,-2,141.377,1.5,0,0,0,25
714893354,98.6381,0,0,-98.6381,98.6381,500,12,-31,143.682,1.5,0,0,0,25
715428930,96.9336,0,0,-96.9336,96.9336,362,5,-42,96.1806,1.5,0,0,0,25
717393291,105.373,0,0,-105.373,105.373,437,17,54,115.976,1.5,0,0,0,25
721928772,88.6126,0,0,-88.6126,88.6126,204,4,-25.234,51.734,1.5,0,0,0,25
722393106,90.4945,0,0,-90.4945,90.4945,252,16,20.8835,67.8835,1.5,0,0,0,25
723929008,119.932,0,0,-119.932,119.932,440,11,24.5,126.526,1.5,0,0,0,25
726393185,98.3699,0,0,-98.3699,98.3699,331,13,39.3803,86.8803,1.5,0,0,0,25
728393070,87.6048,0,0,-87.6048,87.6048,216,19,19.8337,56.6663,1.5,0,0,0,25
730928756,103.78,0,0,-103.78,103.78,188,6,3.5,50.0696,1.5,0,0,0,25
731928805,108.296,0,0,-108.296,108.296,237,9,10.7388,65.2388,1.5,0,0,0,25
733393350,108.098,0,0,-108.098,108.098,496,18,66.4024,129.902,1.5,0,0,0,25
736928807,97.261,0,0,-97.261,97.261,239,1,-17.641,64.859,1.5,0,0,0,25
739928777,90.9964,0,0,-90.9964,90.9964,209,7,15.1833,55.3167,1.5,0,0,0,25
744893197,104.851,0,0,-104.851,104.851,343,20,26.722,95.722,1.5,0,0,0,25
745393357,99.752,0,0,-99.752,99.752,503,14,-56.22,136.72,1.5,0,0,0,25
746393350,107.973,0,0,-107.973,107.973,496,15,52.2752,136.275,1.5,0,0,0,25
748929052,98.1833,0,0,-98.1833,98.1833,484,8,-44,135.284,1.5,0,0,0,25
750000188,103.78,0,0,-103.78,103.78,188,0,0,0,25,6,3.5,50.0696,1.5
750000204,88.6126,0,0,-88.6126,88.6126,204,0,0,0,25,4,-25.234,51.734,1.5
750000209,90.9964,0,0,-90.9964,90.9964,209,0,0,0,25,7,15.1833,55.3167,1.5
750000216,87.6048,0,0,-87.6048,87.6048,216,0,0,0,25,19,19.8337,56.6663,1.5
750000237,108.296,0,0,-108.296,108.296,237,0,0,0,25,9,10.7388,65.2388,1.5
750000239,97.261,0,0,-97.261,97.261,239,0,0,0,25,1,-17.641,64.859,1.5
750000252,90.4945,0,0,-90.4945,90.4945,252,0,0,0,25,16,20.8835,67.8835,1.5
750000331,98.3699,0,0,-98.3699,98.3699,331,0,0,0,25,13,39.3803,86.8803,1.5
750000343,104.851,0,0,-104.851,104.851,343,0,0,0,25,20,26.722,95.722,1.5
750000362,96.9336,0,0,-96.9336,96.9336,362,0,0,0,25,5,-42,96.1806,1.5
750000379,111.077,0,0,-111.077,111.077,379,0,0,0,25,2,-5.30851,99.5,1.5
750000416,99.1007,0,0,-99.1007,99.1007,416,0,0,0,25,3,-46.8989,112.5,1.5
750000437,105.373,0,0,-105.373,105.373,437,0,0,0,25,17,54,115.976,1.5
750000440,119.932,0,0,-119.932,119.932,440,0,0,0,25,11,24.5,126.526,1.5
750000484,98.1833,0,0,-98.1833,98.1833,484,0,0,0,25,8,-44,135.284,1.5
750000496,107.973,0,0,-107.973,107.973,496,0,0,0,25,15,52.2752,136.275,1.5
750000496,108.098,0,0,-108.098,108.098,496,0,0,0,25,18,66.4024,129.902,1.5
750000500,98.6381,0,0,-98.6381,98.6381,500,0,0,0,25,12,-31,143.682,1.5
750000503,99.752,0,0,-99.752,99.752,503,0,0,0,25,14,-56.22,136.72,1.5
750000517,112.506,0,0,-112.506,112.506,517,0,0,0,25,10,-2,141.377,1.5
750428947,111.077,0,0,-111.077,111.077,379,2,-5.30851,99.5,1.5,0,0,0,25
750928984,99.1007,0,0,-99.1007,99.1007,416,3,-46.8989,112.5,1.5,0,0,0,25
752929085,112.506,0,0,-112.506,112.506,517,10,-2,141.377,1.5,0,0,0,25
764929068,98.6381,0,0,-98.6381,98.6381,500,12,-31,143.682,1.5,0,0,0,25
765428930,96.9336,0,0,-96.9336,96.9336,362,5,-42,96.1806,1.5,0,0,0,25
771928772,88.6126,0,0,-88.6126,88.6126,204,4,-25.234,51.734,1.5,0,0,0,25
773929008,119.932,0,0,-119.932,119.932,440,11,24.5,126.526,1.5,0,0,0,25
776928899,98.3699,0,0,-98.3699,98.3699,331,13,39.3803,86.8803,1.5,0,0,0,25
780928756,103.78,0,0,-103.78,103.78,188,6,3.5,50.0696,1.5,0,0,0,25
781928805,108.296,0,0,-108.296,108.296,237,9,10.7388,65.2388,1.5,0,0,0,25
786928807,97.261,0,0,-97.261,97.261,239,1,-17.641,64.859,1.5,0,0,0,25
789928777,90.9964,0,0,-90.9964,90.9964,209,7,15.1833,55.3167,1.5,0,0,0,25
795429071,99.752,0,0,-99.752,99.752,503,14,-56.22,136.72,1.5,0,0,0,25
797393291,105.373,0,0,-105.373,105.373,437,17,54,115.976,1.5,0,0,0,25
798929052,98.1833,0,0,-98.1833,98.1833,484,8,-44,135.284,1.5,0,0,0,25
800000188,103.78,0,0,-103.78,103.78,188,0,0,0,25,6,3.5,49.9196,1.5
800000204,88.6126,0,0,-88.6126,88.6126,204,0,0,0,25,4,-25.34,51.84,1.5
800000209,90.9964,0,0,-90.9964,90.9964,209,0,0,0,25,7,15.2893,55.2107,1.5
800000216,87.6048,0,0,-87.6048,87.6048,216,0,0,0,25,19,19.9398,56.5602,1.5
800000237,108.296,0,0,-108.296,108.296,237,0,0,0,25,9,10.6327,65.1327,1.5
800000239,97.261,0,0,-97.261,97.261,239,0,0,0,25,1,-17.7471,64.7529,1.5
800000252,90.4945,0,0,-90.4945,90.4945,252,0,0,0,25,16,20.7774,67.7774,1.5
800000331,98.3699,0,0,-98.3699,98.3699,331,0,0,0,25,13,39.2742,86.7742,1.5
800000343,104.851,0,0,-104.851,104.851,343,0,0,0,25,20,26.616,95.616,1.5
800000362,96.9336,0,0,-96.9336,96.9336,362,0,0,0,25,5,-42,96.0306,1.5
800000379,111.077,0,0,-111.077,111.077,379,0,0,0,25,2,-5.45851,99.5,1.5
800000416,99.1007,0,0,-99.1007,99.1007,416,0,0,0,25,3,-46.7489,112.5,1.5
800000437,105.373,0,0,-105.373,105.373,437,0,0,0,25,17,54,115.826,1.5
800000440,119.932,0,0,-119.932,119.932,440,0,0,0,25,11,24.5,126.376,1.5
800000484,98.1833,0,0,-98.1833,98.1833,484,0,0,0,25,8,-44,135.134,1.5
800000496,107.973,0,0,-107.973,107.973,496,0,0,0,25,15,52.1691,136.169,1.5
800000496,108.098,0,0,-108.098,108.098,496,0,0,0,25,18,66.2964,129.796,1.5
800000500,98.6381,0,0,-98.6381,98.6381,500,0,0,0,25,12,-31,143.532,1.5
800000503,99.752,0,0,-99.752,99.752,503,0,0,0,25,14,-56.1139,136.614,1.5
800000517,112.506,0,0,-112.506,112.506,517,0,0,0,25,10,-2,141.227,1.5
800428947,111.077,0,0,-111.077,111.077,379,2,-5.45851,99.5,1.5,0,0,0,25
800928984,99.1007,0,0,-99.1007,99.1007,416,3,-46.7489,112.5,1.5,0,0,0,25
802393106,90.4945,0,0,-90.4945,90.4945,252,16,20.7774,67.7774,1.5,0,0,0,25
802929085,112.506,0,0,-112.506,112.506,517,10,-2,141.227,1.5,0,0,0,25
807929064,107.973,0,0,-107.973,107.973,496,15,52.1691,136.169,1.5,0,0,0,25
808393070,87.6048,0,0,-87.6048,87.6048,216,19,19.9398,56.5602,1.5,0,0,0,25
813393350,108.098,0,0,-108.098,108.098,496,18,66.2964,129.796,1.5,0,0,0,25
814929068,98.6381,0,0,-98.6381,98.6381,500,12,-31,143.532,1.5,0,0,0,25
815428930,96.9336,0,0,-96.9336,96.9336,362,5,-42,96.0306,1.5,0,0,0,25
821928772,88.6126,0,0,-88.6126,88.6126,204,4,-25.34,51.84,1.5,0,0,0,25
823929008,119.932,0,0,-119.932,119.932,440,11,24.5,126.376,1.5,0,0,0,25
824893197,104.851,0,0,-104.851,104.851,343,20,26.616,95.616,1.5,0,0,0,25
826928899,98.3699,0,0,-98.3699,98.3699,331,13,39.2742,86.7742,1.5,0,0,0,25
831928756,103.78,0,0,-103.78,103.78,188,6,3.5,49.9196,1.5,0,0,0,25
831928805,108.296,0,0,-108.296,108.296,237,9,10.6327,65.1327,1.5,0,0,0,25
836928807,97.261,0,0,-97.261,97.261,239,1,-17.7471,64.7529,1.5,0,0,0,25
839928777,90.9964,0,0,-90.9964,90.9964,209,7,15.2893,55.2107,1.5,0,0,0,25
845429071,99.752,0,0,-99.752,99.752,503,14,-56.1139,136.614,1.5,0,0,0,25
848929052,98.1833,0,0,-98.1833,98.1833,484,8,-44,135.134,1.5,0,0,0,25
850000188,103.78,0,0,-103.78,103.78,188,0,0,0,25,6,3.5,49.9196,1.5
850000204,88.6126,0,0,-88.6126,88.6126,204,0,0,0,25,4,-25.34,51.84,1.5
850000209,90.9964,0,0,-90.9964,90.9964,209,0,0,0,25,7,15.2893,55.2107,1.5
850000216,87.6048,0,0,-87.6048,87.6048,216,0,0,0,25,19,19.9398,56.5602,1.5
850000237,108.296,0,0,-108.296,108.296,237,0,0,0,25,9,10.6327,65.1327,1.5
850000239,97.261,0,0,-97.261,97.261,239,0,0,0,25,1,-17.7471,64.7529,1.5
850000252,90.4945,0,0,-90.4945,90.4945,252,0,0,0,25,16,20.7774,67.7774,1.5
850000331,98.3699,0,0,-98.3699,98.3699,331,0,0,0,25,13,39.2742,86.7742,1.5
850000343,104.851,0,0,-104.851,104.851,343,0,0,0,25,20,26.616,95.616,1.5
850000362,96.9336,0,0,-96.9336,96.9336,362,0,0,0,25,5,-42,96.0306,1.5
850000379,111.077,0,0,-111.077,111.077,379,0,0,0,25,2,-5.45851,99.5,1.5
850000416,99.1007,0,0,-99.1007,99.1007,416,0,0,0,25,3,-46.7489,112.5,1.5
850000437,105.373,0,0,-105.373,105.373,437,0,0,0,25,17,54,115.826,1.5
850000440,119.932,0,0,-119.932,119.932,440,0,0,0,25,11,24.5,126.376,1.5
850000484,98.1833,0,0,-98.1833,98.1833,484,0,0,0,25,8,-44,135.134,1.5
850000496,107.973,0,0,-107.973,107.973,496,0,0,0,25,15,52.1691,136.169,1.5
850000496,108.098,0,0,-108.098,108.098,496,0,0,0,25,18,66.2964,129.796,1.5
850000500,98.6381,0,0,-98.6381,98.6381,500,0,0,0,25,12,-31,143.532,1.5
850000503,99.752,0,0,-99.752,99.752,503,0,0,0,25,14,-56.1139,136.614,1.5
850000517,112.506,0,0,-112.506,112.506,517,0,0,0,25,10,-2,141.227,1.5
850429005,105.373,0,0,-105.373,105.373,437,17,54,115.826,1.5,0,0,0,25
852428820,90.4945,0,0,-90.4945,90.4945,252,16,20.7774,67.7774,1.5,0,0,0,25
853429085,112.506,0,0,-112.506,112.506,517,10,-2,141.227,1.5,0,0,0,25
853928947,111.077,0,0,-111.077,111.077,379,2,-5.45851,99.5,1.5,0,0,0,25
853928984,99.1007,0,0,-99.1007,99.1007,416,3,-46.7489,112.5,1.5,0,0,0,25
857929064,107.973,0,0,-107.973,107.973,496,15,52.1691,136.169,1.5,0,0,0,25
864929068,98.6381,0,0,-98.6381,98.6381,500,12,-31,143.532,1.5,0,0,0,25
865428930,96.9336,0,0,-96.9336,96.9336,362,5,-42,96.0306,1.5,0,0,0,25
871429064,108.098,0,0,-108.098,108.098,496,18,66.2964,129.796,1.5,0,0,0,25
873929008,119.932,0,0,-119.932,119.932,440,11,24.5,126.376,1.5,0,0,0,25
874928772,88.6126,0,0,-88.6126,88.6126,204,4,-25.34,51.84,1.5,0,0,0,25
876928899,98.3699,0,0,-98.3699,98.3699,331,13,39.2742,86.7742,1.5,0,0,0,25
881928756,103.78,0,0,-103.78,103.78,188,6,3.5,49.9196,1.5,0,0,0,25
881928805,108.296,0,0,-108.296,108.296,237,9,10.6327,65.1327,1.5,0,0,0,25
886928807,97.261,0,0,-97.261,97.261,239,1,-17.7471,64.7529,1.5,0,0,0,25
888393070,87.6048,0,0,-87.6048,87.6048,216,19,19.9398,56.5602,1.5,0,0,0,25
890428777,90.9964,0,0,-90.9964,90.9964,209,7,15.2893,55.2107,1.5,0,0,0,25
895429071,99.752,0,0,-99.752,99.752,503,14,-56.1139,136.614,1.5,0,0,0,25
898929052,98.1833,0,0,-98.1833,98.1833,484,8,-44,135.134,1.5,0,0,0,25
900000188,103.78,0,0,-103.78,103.78,188,0,0,0,25,6,3.5,49.7696,1.5
900000204,88.6126,0,0,-88.6126,88.6126,204,0,0,0,25,4,-25.4461,51.9461,1.5
900000209,90.9964,0,0,-90.9964,90.9964,209,0,0,0,25,7,15.3954,55.1046,1.5
900000216,87.6048,0,0,-87.6048,87.6048,216,0,0,0,25,19,20.0458,56.4542,1.5
900000237,108.296,0,0,-108.296,108.296,237,0,0,0,25,9,10.5266,65.0266,1.5
900000239,97.261,0,0,-97.261,97.261,239,0,0,0,25,1,-17.8532,64.6468,1.5
900000252,90.4945,0,0,-90.4945,90.4945,252,0,0,0,25,16,20.6714,67.6714,1.5
900000331,98.3699,0,0,-98.3699,98.3699,331,0,0,0,25,13,39.1681,86.6681,1.5
900000343,104.851,0,0,-104.851,104.851,343,0,0,0,25,20,26.5099,95.5099,1.5
900000362,96.9336,0,0,-96.9336,96.9336,362,0,0,0,25,5,-42,95.8806,1.5
900000379,111.077,0,0,-111.077,111.077,379,0,0,0,25,2,-5.60851,99.5,1.5
900000416,99.1007,0,0,-99.1007,99.1007,416,0,0,0,25,3,-46.5989,112.5,1.5
900000437,105.373,0,0,-105.373,105.373,437,0,0,0,25,17,54,115.676,1.5
900000440,119.932,0,0,-119.932,119.932,440,0,0,0,25,11,24.5,126.226,1.5
900000484,98.1833,0,0,-98.1833,98.1833,484,0,0,0,25,8,-43.9884,134.988,1.5
900000496,107.973,0,0,-107.973,107.973,496,0,0,0,25,15,52.0631,136.063,1.5
900000496,108.098,0,0,-108.098,108.098,496,0,0,0,25,18,66.1903,129.69,1.5
900000500,98.6381,0,0,-98.6381,98.6381,500,0,0,0,25,12,-31,143.382,1.5
900000503,99.752,0,0,-99.752,99.752,503,0,0,0,25,14,-56.0078,136.508,1.5
900000517,112.506,0,0,-112.506,112.506,517,0,0,0,25,10,-2,141.077,1.5
900429005,105.373,0,0,-105.373,105.373,437,17,54,115.676,1.5,0,0,0,25
902428820,90.4945,0,0,-90.4945,90.4945,252,16,20.6714,67.6714,1.5,0,0,0,25
903429085,112.506,0,0,-112.506,112.506,517,10,-2,141.077,1.5,0,0,0,25
903928984,99.1007,0,0,-99.1007,99.1007,416,3,-46.5989,112.5,1.5,0,0,0,25
904428947,111.077,0,0,-111.077,111.077,379,2,-5.60851,99.5,1.5,0,0,0,25
904893197,104.851,0,0,-104.851,104.851,343,20,26.5099,95.5099,1.5,0,0,0,25
907929064,107.973,0,0,-107.973,107.973,496,15,52.0631,136.063,1.5,0,0,0,25
915428930,96.9336,0,0,-96.9336,96.9336,362,5,-42,95.8806,1.5,0,0,0,25
916429068,98.6381,0,0,-98.6381,98.6381,500,12,-31,143.382,1.5,0,0,0,25
921429064,108.098,0,0,-108.098,108.098,496,18,66.1903,129.69,1.5,0,0,0,25
924429008,119.932,0,0,-119.932,119.932,440,11,24.5,126.226,1.5,0,0,0,25
924928772,88.6126,0,0,-88.6126,88.6126,204,4,-25.4461,51.9461,1.5,0,0,0,25
926928899,98.3699,0,0,-98.3699,98.3699,331,13,39.1681,86.6681,1.5,0,0,0,25
931928805,108.296,0,0,-108.296,108.296,237,9,10.5266,65.0266,1.5,0,0,0,25
932428756,103.78,0,0,-103.78,103.78,188,6,3.5,49.7696,1.5,0,0,0,25
936928807,97.261,0,0,-97.261,97.261,239,1,-17.8532,64.6468,1.5,0,0,0,25
938428784,87.6048,0,0,-87.6048,87.6048,216,19,20.0458,56.4542,1.5,0,0,0,25
940428777,90.9964,0,0,-90.9964,90.9964,209,7,15.3954,55.1046,1.5,0,0,0,25
945429071,99.752,0,0,-99.752,99.752,503,14,-56.0078,136.508,1.5,0,0,0,25
948929052,98.1833,0,0,-98.1833,98.1833,484,8,-43.9884,134.988,1.5,0,0,0,25
950000188,103.78,0,0,-103.78,103.78,188,0,0,0,25,6,3.5,49.7696,1.5
950000204,88.6126,0,0,-88.6126,88.6126,204,0,0,0,25,4,-25.4461,51.9461,1.5
950000209,90.9964,0,0,-90.9964,90.9964,209,0,0,0,25,7,15.3954,55.1046,1.5
950000216,87.6048,0,0,-87.6048,87.6048,216,0,0,0,25,19,20.0458,56.4542,1.5
950000237,108.296,0,0,-108.296,108.296,237,0,0,0,25,9,10.5266,65.0266,1.5
950000239,97.261,0,0,-97.261,97.261,239,0,0,0,25,1,-17.8532,64.6468,1.5
950000252,90.4945,0,0,-90.4945,90.4945,252,0,0,0,25,16,20.6714,67.6714,1.5
950000331,98.3699,0,0,-98.3699,98.3699,331,0,0,0,25,13,39.1681,86.6681,1.5
950000343,104.851,0,0,-104.851,104.851,343,0,0,0,25,20,26.5099,95.5099,1.5
950000362,96.9336,0,0,-96.9336,96.9336,362,0,0,0,25,5,-42,95.8806,1.5
950000379,111.077,0,0,-111.077,111.077,379,0,0,0,25,2,-5.60851,99.5,1.5
950000416,99.1007,0,0,-99.1007,99.1007,416,0,0,0,25,3,-46.5989,112.5,1.5
950000437,105.373,0,0,-105.373,105.373,437,0,0,0,25,17,54,115.676,1.5
950000440,119.932,0,0,-119.932,119.932,440,0,0,0,25,11,24.5,126.226,1.5
950000484,98.1833,0,0,-98.1833,98.1833,484,0,0,0,25,8,-43.9884,134.988,1.5
950000496,107.973,0,0,-107.973,107.973,496,0,0,0,25,15,52.0631,136.063,1.5
950000496,108.098,0,0,-108.098,108.098,496,0,0,0,25,18,66.1903,129.69,1.5
950000500,98.6381,0,0,-98.6381,98.6381,500,0,0,0,25,12,-31,143.382,1.5
950000503,99.752,0,0,-99.752,99.752,503,0,0,0,25,14,-56.0078,136.508,1.5
950000517,112.506,0,0,-112.506,112.506,517,0,0,0,25,10,-2,141.077,1.5
950929005,105.373,0,0,-105.373,105.373,437,17,54,115.676,1.5,0,0,0,25
952428820,90.4945,0,0,-90.4945,90.4945,252,16,20.6714,67.6714,1.5,0,0,0,25
953429085,112.506,0,0,-112.506,112.506,517,10,-2,141.077,1.5,0,0,0,25
954428947,111.077,0,0,-111.077,111.077,379,2,-5.60851,99.5,1.5,0,0,0,25
954428984,99.1007,0,0,-99.1007,99.1007,416,3,-46.5989,112.5,1.5,0,0,0,25
954928911,104.851,0,0,-104.851,104.851,343,20,26.5099,95.5099,1.5,0,0,0,25
957929064,107.973,0,0,-107.973,107.973,496,15,52.0631,136.063,1.5,0,0,0,25
965428930,96.9336,0,0,-96.9336,96.9336,362,5,-42,95.8806,1.5,0,0,0,25
966429068,98.6381,0,0,-98.6381,98.6381,500,12,-31,143.382,1.5,0,0,0,25
971429064,108.098,0,0,-108.098,108.098,496,18,66.1903,129.69,1.5,0,0,0,25
974429008,119.932,0,0,-119.932,119.932,440,11,24.5,126.226,1.5,0,0,0,25
974928772,88.6126,0,0,-88.6126,88.6126,204,4,-25.4461,51.9461,1.5,0,0,0,25
976928899,98.3699,0,0,-98.3699,98.3699,331,13,39.1681,86.6681,1.5,0,0,0,25
981928805,108.296,0,0,-108.296,108.296,237,9,10.5266,65.0266,1.5,0,0,0,25
982428756,103.78,0,0,-103.78,103.78,188,6,3.5,49.7696,1.5,0,0,0,25
986928807,97.261,0,0,-97.261,97.261,239,1,-17.8532,64.6468,1.5,0,0,0,25
989428784,87.6048,0,0,-87.6048,87.6048,216,19,20.0458,56.4542,1.5,0,0,0,25
990428777,90.9964,0,0,-90.9964,90.9964,209,7,15.3954,55.1046,1.5,0,0,0,25
995429071,99.752,0,0,-99.752,99.752,503,14,-56.0078,136.508,1.5,0,0,0,25
998929052,98.1833,0,0,-98.1833,98.1833,484,8,-43.9884,134.988,1.5,0,0,0,25
1000000188,103.78,0,0,-103.78,103.78,188,0,0,0,25,6,3.5,49.6196,1.5
1000000204,88.6126,0,0,-88.6126,88.6126,204,0,0,0,25,4,-25.5522,52.0522,1.5
1000000209,90.9964,0,0,-90.9964,90.9964,209,0,0,0,25,7,15.5015,54.9985,1.5
1000000216,87.6048,0,0,-87.6048,87.6048,216,0,0,0,25,19,20.1519,56.3481,1.5
1000000237,108.296,0,0,-108.296,108.296,237,0,0,0,25,9,10.4206,64.9206,1.5
1000000239,97.261,0,0,-97.261,97.261,239,0,0,0,25,1,-17.9592,64.5408,1.5
1000000252,90.4945,0,0,-90.4945,90.4945,252,0,0,0,25,16,20.5653,67.5653,1.5
1000000331,98.3699,0,0,-98.3699,98.3699,331,0,0,0,25,13,39.0621,86.5621,1.5
1000000343,104.851,0,0,-104.851,104.851,343,0,0,0,25,20,26.4038,95.4038,1.5
1000000362,96.9336,0,0,-96.9336,96.9336,362,0,0,0,25,5,-42,95.7306,1.5
1000000379,111.077,0,0,-111.077,111.077,379,0,0,0,25,2,-5.75851,99.5,1.5
1000000416,99.1007,0,0,-99.1007,99.1007,416,0,0,0,25,3,-46.4489,112.5,1.5
1000000437,105.373,0,0,-105.373,105.373,437,0,0,0,25,17,54,115.526,1.5
1000000440,119.932,0,0,-119.932,119.932,440,0,0,0,25,11,24.5,126.076,1.5
1000000484,98.1833,0,0,-98.1833,98.1833,484,0,0,0,25,8,-43.8823,134.882,1.5
1000000496,107.973,0,0,-107.973,107.973,496,0,0,0,25,15,51.957,135.957,1.5
1000000496,108.098,0,0,-108.098,108.098,496,0,0,0,25,18,66.0842,129.584,1.5
1000000500,98.6381,0,0,-98.6381,98.6381,500,0,0,0,25,12,-31,143.232,1.5
1000000503,99.752,0,0,-99.752,99.752,503,0,0,0,25,14,-55.9018,136.402,1.5
1000000517,112.506,0,0,-112.506,112.506,517,0,0,0,25,10,-2,140.927,1.5
1000929005,105.373,0,0,-105.373,105.373,437,17,54,115.526,1.5,0,0,0,25
1002928820,90.4945,0,0,-90.4945,90.4945,252,16,20.5653,67.5653,1.5,0,0,0,25
1003429085,112.506,0,0,-112.506,112.506,517,10,-2,140.927,1.5,0,0,0,25
1004428947,111.077,0,0,-111.077,111.077,379,2,-5.75851,99.5,1.5,0,0,0,25
1004428984,99.1007,0,0,-99.1007,99.1007,416,3,-46.4489,112.5,1.5,0,0,0,25
1004928911,104.851,0,0,-104.851,104.851,343,20,26.4038,95.4038,1.5,0,0,0,25
1007929064,107.973,0,0,-107.973,107.973,496,15,51.957,135.957,1.5,0,0,0,25
1015428930,96.9336,0,0,-96.9336,96.9336,362,5,-42,95.7306,1.5,0,0,0,25
1016429068,98.6381,0,0,-98.6381,98.6381,500,12,-31,143.232,1.5,0,0,0,25
1021429064,108.098,0,0,-108.098,108.098,496,18,66.0842,129.584,1.5,0,0,0,25
1024429008,119.932,0,0,-119.932,119.932,440,11,24.5,126.076,1.5,0,0,0,25
1024928772,88.6126,0,0,-88.6126,88.6126,204,4,-25.5522,52.0522,1.5,0,0,0,25
1026928899,98.3699,0,0,-98.3699,98.3699,331,13,39.0621,86.5621,1.5,0,0,0,25
1031928805,108.296,0,0,-108.296,108.296,237,9,10.4206,64.9206,1.5,0,0,0,25
1032428756,103.78,0,0,-103.78,103.78,188,6,3.5,49.6196,1.5,0,0,0,25
1037428807,97.261,0,0,-97.261,97.261,239,1,-17.9592,64.5408,1.5,0,0,0,25
1039428784,87.6048,0,0,-87.6048,87.6048,216,19,20.1519,56.3481,1.5,0,0,0,25
1040428777,90.9964,0,0,-90.9964,90.9964,209,7,15.5015,54.9985,1.5,0,0,0,25
1048929052,98.1833,0,0,-98.1833,98.1833,484,8,-43.8823,134.882,1.5,0,0,0,25
1050000188,103.78,0,0,-103.78,103.78,188,0,0,0,25,6,3.5,49.6196,1.5
1050000204,88.6126,0,0,-88.6126,88.6126,204,0,0,0,25,4,-25.5522,52.0522,1.5
1050000209,90.9964,0,0,-90.9964,90.9964,209,0,0,0,25,7,15.5015,54.9985,1.5
1050000216,87.6048,0,0,-87.6048,87.6048,216,0,0,0,25,19,20.1519,56.3481,1.5
1050000237,108.296,0,0,-108.296,108.296,237,0,0,0,25,9,10.4206,64.9206,1.5
1050000239,97.261,0,0,-97.261,97.261,239,0,0,0,25,1,-17.9592,64.5408,1.5
1050000252,90.4945,0,0,-90.4945,90.4945,252,0,0,0,25,16,20.5653,67.5653,1.5
1050000331,98.3699,0,0,-98.3699,98.3699,331,0,0,0,25,13,39.0621,86.5621,1.5
1050000343,104.851,0,0,-104.851,104.851,343,0,0,0,25,20,26.4038,95.4038,1.5
1050000362,96.9336,0,0,-96.9336,96.9336,362,0,0,0,25,5,-42,95.7306,1.5
1050000379,111.077,0,0,-111.077,111.077,379,0,0,0,25,2,-5.75851,99.5,1.5
1050000416,99.1007,0,0,-99.1007,99.1007,416,0,0,0,25,3,-46.4489,112.5,1.5
1050000437,105.373,0,0,-105.373,105.373,437,0,0,0,25,17,54,115.526,1.5
1050000440,119.932,0,0,-119.932,119.932,440,0,0,0,25,11,24.5,126.076,1.5
1050000484,98.1833,0,0,-98.1833,98.1833,484,0,0,0,25,8,-43.8823,134.882,1.5
1050000496,107.973,0,0,-107.973,107.973,496,0,0,0,25,15,51.957,135.957,1.5
1050000496,108.098,0,0,-108.098,108.098,496,0,0,0,25,18,66.0842,129.584,1.5
1050000500,98.6381,0,0,-98.6381,98.6381,500,0,0,0,25,12,-31,143.232,1.5
1050000503,99.752,0,0,-99.752,99.752,503,0,0,0,25,14,-55.9018,136.402,1.5
1050000517,112.506,0,0,-112.506,112.506,517,0,0,0,25,10,-2,140.927,1.5
1050929005,105.373,0,0,-105.373,105.373,437,17,54,115.526,1.5,0,0,0,25
1052928820,90.4945,0,0,-90.4945,90.4945,252,16,20.5653,67.5653,1.5,0,0,0,25
1053429085,112.506,0,0,-112.506,112.506,517,10,-2,140.927,1.5,0,0,0,25
1053929071,99.752,0,0,-99.752,99.752,503,14,-55.9018,136.402,1.5,0,0,0,25
1054428947,111.077,0,0,-111.077,111.077,379,2,-5.75851,99.5,1.5,0,0,0,25
1054428984,99.1007,0,0,-99.1007,99.1007,416,3,-46.4489,112.5,1.5,0,0,0,25
1054928911,104.851,0,0,-104.851,104.851,343,20,26.4038,95.4038,1.5,0,0,0,25
1057929064,107.973,0,0,-107.973,107.973,496,15,51.957,135.957,1.5,0,0,0,25
1065428930,96.9336,0,0,-96.9336,96.9336,362,5,-42,95.7306,1.5,0,0,0,25
1066429068,98.6381,0,0,-98.6381,98.6381,500,12,-31,143.232,1.5,0,0,0,25
1071429064,108.098,0,0,-108.098,108.098,496,18,66.0842,129.584,1.5,0,0,0,25
1074429008,119.932,0,0,-119.932,119.932,440,11,24.5,126.076,1.5,0,0,0,25
1074928772,88.6126,0,0,-88.6126,88.6126,204,4,-25.5522,52.0522,1.5,0,0,0,25
1076928899,98.3699,0,0,-98.3699,98.3699,331,13,39.0621,86.5621,1.5,0,0,0,25
1081928805,108.296,0,0,-108.296,108.296,237,9,10.4206,64.9206,1.5,0,0,0,25
1082428756,103.78,0,0,-103.78,103.78,188,6,3.5,49.6196,1.5,0,0,0,25
1087428807,97.261,0,0,-97.261,97.261,239,1,-17.9592,64.5408,1.5,0,0,0,25
1089428784,87.6048,0,0,-87.6048,87.6048,216,19,20.1519,56.3481,1.5,0,0,0,25
1090428777,90.9964,0,0,-90.9964,90.9964,209,7,15.5015,54.9985,1.5,0,0,0,25
1099429052,98.1833,0,0,-98.1833,98.1833,484,8,-43.8823,134.882,1.5,0,0,0,25
1100000188,103.78,0,0,-103.78,103.78,188,0,0,0,25,6,3.5,49.4696,1.5
1100000204,88.6126,0,0,-88.6126,88.6126,204,0,0,0,25,4,-25.6582,52.1582,1.5
1100000209,90.9964,0,0,-90.9964,90.9964,209,0,0,0,25,7,15.6075,54.8925,1.5
1100000216,87.6048,0,0,-87.6048,87.6048,216,0,0,0,25,19,20.258,56.242,1.5
1100000237,108.296,0,0,-108.296,108.296,237,0,0,0,25,9,10.3145,64.8145,1.5
1100000239,97.261,0,0,-97.261,97.261,239,0,0,0,25,1,-18.0653,64.4347,1.5
1100000252,90.4945,0,0,-90.4945,90.4945,252,0,0,0,25,16,20.4592,67.4592,1.5
1100000331,98.3699,0,0,-98.3699,98.3699,331,0,0,0,25,13,38.956,86.456,1.5
1100000343,104.851,0,0,-104.851,104.851,343,0,0,0,25,20,26.2978,95.2978,1.5
1100000362,96.9336,0,0,-96.9336,96.9336,362,0,0,0,25,5,-42,95.5806,1.5
1100000379,111.077,0,0,-111.077,111.077,379,0,0,0,25,2,-5.90851,99.5,1.5
1100000416,99.1007,0,0,-99.1007,99.1007,416,0,0,0,25,3,-46.2989,112.5,1.5
1100000437,105.373,0,0,-105.373,105.373,437,0,0,0,25,17,54,115.376,1.5
1100000440,119.932,0,0,-119.932,119.932,440,0,0,0,25,11,24.5,125.926,1.5
1100000484,98.1833,0,0,-98.1833,98.1833,484,0,0,0,25,8,-43.7762,134.776,1.5
1100000496,107.973,0,0,-107.973,107.973,496,0,0,0,25,15,51.8509,135.851,1.5
1100000496,108.098,0,0,-108.098,108.098,496,0,0,0,25,18,65.9782,129.478,1.5
1100000500,98.6381,0,0,-98.6381,98.6381,500,0,0,0,25,12,-31,143.082,1.5
1100000503,99.752,0,0,-99.752,99.752,503,0,0,0,25,14,-55.7957,136.296,1.5
1100000517,112.506,0,0,-112.506,112.506,517,0,0,0,25,10,-2,140.777,1.5
1100929005,105.373,0,0,-105.373,105.373,437,17,54,115.376,1.5,0,0,0,25
1102928820,90.4945,0,0,-90.4945,90.4945,252,16,20.4592,67.4592,1.5,0,0,0,25
1103929085,112.506,0,0,-112.506,112.506,517,10,-2,140.777,1.5,0,0,0,25
1104428947,111.077,0,0,-111.077,111.077,379,2,-5.90851,99.5,1.5,0,0,0,25
1104428984,99.1007,0,0,-99.1007,99.1007,416,3,-46.2989,112.5,1.5,0,0,0,25
1104429071,99.752,0,0,-99.752,99.752,503,14,-55.7957,136.296,1.5,0,0,0,25
1104928911,104.851,0,0,-104.851,104.851,343,20,26.2978,95.2978,1.5,0,0,0,25
1108429064,107.973,0,0,-107.973,107.973,496,15,51.8509,135.851,1.5,0,0,0,25
1115428930,96.9336,0,0,-96.9336,96.9336,362,5,-42,95.5806,1.5,0,0,0,25
1116429068,98.6381,0,0,-98.6381,98.6381,500,12,-31,143.082,1.5,0,0,0,25
1121429064,108.098,0,0,-108.098,108.098,496,18,65.9782,129.478,1.5,0,0,0,25
1124928772,88.6126,0,0,-88.6126,88.6126,204,4,-25.6582,52.1582,1.5,0,0,0,25
1124929008,119.932,0,0,-119.932,119.932,440,11,24.5,125.926,1.5,0,0,0,25
1126928899,98.3699,0,0,-98.3699,98.3699,331,13,38.956,86.456,1.5,0,0,0,25
1131928805,108.296,0,0,-108.296,108.296,237,9,10.3145,64.8145,1.5,0,0,0,25
1132428756,103.78,0,0,-103.78,103.78,188,6,3.5,49.4696,1.5,0,0,0,25
1137428807,97.261,0,0,-97.261,97.261,239,1,-18.0653,64.4347,1.5,0,0,0,25
1139428784,87.6048,0,0,-87.6048,87.6048,216,19,20.258,56.242,1.5,0,0,0,25
1140928777,90.9964,0,0,-90.9964,90.9964,209,7,15.6075,54.8925,1.5,0,0,0,25
1149429052,98.1833,0,0,-98.1833,98.1833,484,8,-43.7762,134.776,1.5,0,0,0,25
1150000188,103.78,0,0,-103.78,103.78,188,0,0,0,25,6,3.5,49.4696,1.5
1150000204,88.6126,0,0,-88.6126,88.6126,204,0,0,0,25,4,-25.6582,52.1582,1.5
1150000209,90.9964,0,0,-90.9964,90.9964,209,0,0,0,25,7,15.6075,54.8925,1.5
1150000216,87.6048,0,0,-87.6048,87.6048,216,0,0,0,25,19,20.258,56.242,1.5
1150000237,108.296,0,0,-108.296,108.296,237,0,0,0,25,9,10.3145,64.8145,1.5
1150000239,97.261,0,0,-97.261,97.261,239,0,0,0,25,1,-18.0653,64.4347,1.5
1150000252,90.4945,0,0,-90.4945,90.4945,252,0,0,0,25,16,20.4592,67.4592,1.5
1150000331,98.3699,0,0,-98.3699,98.3699,331,0,0,0,25,13,38.956,86.456,1.5
1150000343,104.851,0,0,-104.851,104.851,343,0,0,0,25,20,26.2978,95.2978,1.5
1150000362,96.9336,0,0,-96.9336,96.9336,362,0,0,0,25,5,-42,95.5806,1.5
1150000379,111.077,0,0,-111.077,111.077,379,0,0,0,25,2,-5.90851,99.5,1.5
1150000416,99.1007,0,0,-99.1007,99.1007,416,0,0,0,25,3,-46.2989,112.5,1.5
1150000437,105.373,0,0,-105.373,105.373,437,0,0,0,25,17,54,115.376,1.5
1150000440,119.932,0,0,-119.932,119.932,440,0,0,0,25,11,24.5,125.926,1.5
1150000484,98.1833,0,0,-98.1833,98.1833,484,0,0,0,25,8,-43.7762,134.776,1.5
1150000496,107.973,0,0,-107.973,107.973,496,0,0,0,25,15,51.8509,135.851,1.5
1150000496,108.098,0,0,-108.098,108.098,496,0,0,0,25,18,65.9782,129.478,1.5
1150000500,98.6381,0,0,-98.6381,98.6381,500,0,0,0,25,12,-31,143.082,1.5
1150000503,99.752,0,0,-99.752,99.752,503,0,0,0,25,14,-55.7957,136.296,1.5
1150000517,112.506,0,0,-112.506,112.506,517,0,0,0,25,10,-2,140.777,1.5
1150929005,105.373,0,0,-105.373,105.373,437,17,54,115.376,1.5,0,0,0,25
1152928820,90.4945,0,0,-90.4945,90.4945,252,16,20.4592,67.4592,1.5,0,0,0,25
1153929085,112.506,0,0,-112.506,112.506,517,10,-2,140.777,1.5,0,0,0,25
1154428947,111.077,0,0,-111.077,111.077,379,2,-5.90851,99.5,1.5,0,0,0,25
1154428984,99.1007,0,0,-99.1007,99.1007,416,3,-46.2989,112.5,1.5,0,0,0,25
1154928911,104.851,0,0,-104.851,104.851,343,20,26.2978,95.2978,1.5,0,0,0,25
1154929071,99.752,0,0,-99.752,99.752,503,14,-55.7957,136.296,1.5,0,0,0,25
1158429064,107.973,0,0,-107.973,107.973,496,15,51.8509,135.851,1.5,0,0,0,25
1165428930,96.9336,0,0,-96.9336,96.9336,362,5,-42,95.5806,1.5,0,0,0,25
1166929068,98.6381,0,0,-98.6381,98.6381,500,12,-31,143.082,1.5,0,0,0,25
1171429064,108.098,0,0,-108.098,108.098,496,18,65.9782,129.478,1.5,0,0,0,25
1174928772,88.6126,0,0,-88.6126,88.6126,204,4,-25.6582,52.1582,1.5,0,0,0,25
1174929008,119.932,0,0,-119.932,119.932,440,11,24.5,125.926,1.5,0,0,0,25
1176928899,98.3699,0,0,-98.3699,98.3699,331,13,38.956,86.456,1.5,0,0,0,25
1181928805,108.296,0,0,-108.296,108.296,237,9,10.3145,64.8145,1.5,0,0,0,25
1182428756,103.78,0,0,-103.78,103.78,188,6,3.5,49.4696,1.5,0,0,0,25
1187428807,97.261,0,0,-97.261,97.261,239,1,-18.0653,64.4347,1.5,0,0,0,25
1189428784,87.6048,0,0,-87.6048,87.6048,216,19,20.258,56.242,1.5,0,0,0,25
1190928777,90.9964,0,0,-90.9964,90.9964,209,7,15.6075,54.8925,1.5,0,0,0,25
1199429052,98.1833,0,0,-98.1833,98.1833,484,8,-43.7762,134.776,1.5,0,0,0,25
1200000188,103.78,0,0,-103.78,103.78,188,0,0,0,25,6,3.5,49.3196,1.5
1200000204,88.6126,0,0,-88.6126,88.6126,204,0,0,0,25,4,-25.7643,52.2643,1.5
1200000209,90.9964,0,0,-90.9964,90.9964,209,0,0,0,25,7,15.7136,54.7864,1.5
1200000216,87.6048,0,0,-87.6048,87.6048,216,0,0,0,25,19,20.364,56.136,1.5
1200000237,108.296,0,0,-108.296,108.296,237,0,0,0,25,9,10.2084,64.7084,1.5
1200000239,97.261,0,0,-97.261,97.261,239,0,0,0,25,1,-18.1714,64.3286,1.5
1200000252,90.4945,0,0,-90.4945,90.4945,252,0,0,0,25,16,20.3532,67.3532,1.5
1200000331,98.3699,0,0,-98.3699,98.3699,331,0,0,0,25,13,38.8499,86.3499,1.5
1200000343,104.851,0,0,-104.851,104.851,343,0,0,0,25,20,26.1917,95.1917,1.5
1200000362,96.9336,0,0,-96.9336,96.9336,362,0,0,0,25,5,-42,95.4306,1.5
1200000379,111.077,0,0,-111.077,111.077,379,0,0,0,25,2,-6.05851,99.5,1.5
1200000416,99.1007,0,0,-99.1007,99.1007,416,0,0,0,25,3,-46.1489,112.5,1.5
1200000437,105.373,0,0,-105.373,105.373,437,0,0,0,25,17,54,115.226,1.5
1200000440,119.932,0,0,-119.932,119.932,440,0,0,0,25,11,24.5,125.776,1.5
1200000484,98.1833,0,0,-98.1833,98.1833,484,0,0,0,25,8,-43.6702,134.67,1.5
1200000496,107.973,0,0,-107.973,107.973,496,0,0,0,25,15,51.7449,135.745,1.5
1200000496,108.098,0,0,-108.098,108.098,496,0,0,0,25,18,65.8721,129.372,1.5
1200000500,98.6381,0,0,-98.6381,98.6381,500,0,0,0,25,12,-31,142.932,1.5
1200000503,99.752,0,0,-99.752,99.752,503,0,0,0,25,14,-55.6896,136.19,1.5
1200000517,112.506,0,0,-112.506,112.506,517,0,0,0,25,10,-2,140.627,1.5
1200929005,105.373,0,0,-105.373,105.373,437,17,54,115.226,1.5,0,0,0,25
1203428820,90.4945,0,0,-90.4945,90.4945,252,16,20.3532,67.3532,1.5,0,0,0,25
1204428947,111.077,0,0,-111.077,111.077,379,2,-6.05851,99.5,1.5,0,0,0,25
1204428984,99.1007,0,0,-99.1007,99.1007,416,3,-46.1489,112.5,1.5,0,0,0,25
1204429085,112.506,0,0,-112.506,112.506,517,10,-2,140.627,1.5,0,0,0,25
1204928911,104.851,0,0,-104.851,104.851,343,20,26.1917,95.1917,1.5,0,0,0,25
1205929071,99.752,0,0,-99.752,99.752,503,14,-55.6896,136.19,1.5,0,0,0,25
1208429064,107.973,0,0,-107.973,107.973,496,15,51.7449,135.745,1.5,0,0,0,25
1215428930,96.9336,0,0,-96.9336,96.9336,362,5,-42,95.4306,1.5,0,0,0,25
1216929068,98.6381,0,0,-98.6381,98.6381,500,12,-31,142.932,1.5,0,0,0,25
1221429064,108.098,0,0,-108.098,108.098,496,18,65.8721,129.372,1.5,0,0,0,25
1224928772,88.6126,0,0,-88.6126,88.6126,204,4,-25.7643,52.2643,1.5,0,0,0,25
1224929008,119.932,0,0,-119.932,119.932,440,11,24.5,125.776,1.5,0,0,0,25
1226928899,98.3699,0,0,-98.3699,98.3699,331,13,38.8499,86.3499,1.5,0,0,0,25
1231928805,108.296,0,0,-108.296,108.296,237,9,10.2084,64.7084,1.5,0,0,0,25
1232428756,103.78,0,0,-103.78,103.78,188,6,3.5,49.3196,1.5,0,0,0,25
1237428807,97.261,0,0,-97.261,97.261,239,1,-18.1714,64.3286,1.5,0,0,0,25
1239428784,87.6048,0,0,-87.6048,87.6048,216,19,20.364,56.136,1.5,0,0,0,25
1240928777,90.9964,0,0,-90.9964,90.9964,209,7,15.7136,54.7864,1.5,0,0,0,25
1249429052,98.1833,0,0,-98.1833,98.1833,484,8,-43.6702,134.67,1.5,0,0,0,25
1250000188,103.78,0,0,-103.78,103.78,188,0,0,0,25,6,3.5,49.3196,1.5
1250000204,88.6126,0,0,-88.6126,88.6126,204,0,0,0,25,4,-25.7643,52.2643,1.5
1250000209,90.9964,0,0,-90.9964,90.9964,209,0,0,0,25,7,15.7136,54.7864,1.5
1250000216,87.6048,0,0,-87.6048,87.6048,216,0,0,0,25,19,20.364,56.136,1.5
1250000237,108.296,0,0,-108.296,108.296,237,0,0,0,25,9,10.2084,64.7084,1.5
1250000239,97.261,0,0,-97.261,97.261,239,0,0,0,25,1,-18.1714,64.3286,1.5
1250000252,90.4945,0,0,-90.4945,90.4945,252,0,0,0,25,16,20.3532,67.3532,1.5
1250000331,98.3699,0,0,-98.3699,98.3699,331,0,0,0,25,13,38.8499,86.3499,1.5
1250000343,104.851,0,0,-104.851,104.851,343,0,0,0,25,20,26.1917,95.1917,1.5
1250000362,96.9336,0,0,-96.9336,96.9336,362,0,0,0,25,5,-42,95.4306,1.5
1250000379,111.077,0,0,-111.077,111.077,379,0,0,0,25,2,-6.05851,99.5,1.5
1250000416,99.1007,0,0,-99.1007,99.1007,416,0,0,0,25,3,-46.1489,112.5,1.5
1250000437,105.373,0,0,-105.373,105.373,437,0,0,0,25,17,54,115.226,1.5
1250000440,119.932,0,0,-119.932,119.932,440,0,0,0,25,11,24.5,125.776,1.5
1250000484,98.1833,0,0,-98.1833,98.1833,484,0,0,0,25,8,-43.6702,134.67,1.5
1250000496,107.973,0,0,-107.973,107.973,496,0,0,0,25,15,51.7449,135.745,1.5
1250000496,108.098,0,0,-108.098,108.098,496,0,0,0,25,18,65.8721,129.372,1.5
1250000500,98.6381,0,0,-98.6381,98.6381,500,0,0,0,25,12,-31,142.932,1.5
1250000503,99.752,0,0,-99.752,99.752,503,0,0,0,25,14,-55.6896,136.19,1.5
1250000517,112.506,0,0,-112.506,112.506,517,0,0,0,25,10,-2,140.627,1.5
1250929005,105.373,0,0,-105.373,105.373,437,17,54,115.226,1.5,0,0,0,25
1253428820,90.4945,0,0,-90.4945,90.4945,252,16,20.3532,67.3532,1.5,0,0,0,25
1254428947,111.077,0,0,-111.077,111.077,379,2,-6.05851,99.5,1.5,0,0,0,25
1254428984,99.1007,0,0,-99.1007,99.1007,416,3,-46.1489,112.5,1.5,0,0,0,25
1254928911,104.851,0,0,-104.851,104.851,343,20,26.1917,95.1917,1.5,0,0,0,25
1256429071,99.752,0,0,-99.752,99.752,503,14,-55.6896,136.19,1.5,0,0,0,25
1258429064,107.973,0,0,-107.973,107.973,496,15,51.7449,135.745,1.5,0,0,0,25
1260929085,112.506,0,0,-112.506,112.506,517,10,-2,140.627,1.5,0,0,0,25
1265428930,96.9336,0,0,-96.9336,96.9336,362,5,-42,95.4306,1.5,0,0,0,25
1266929068,98.6381,0,0,-98.6381,98.6381,500,12,-31,142.932,1.5,0,0,0,25
1271429064,108.098,0,0,-108.098,108.098,496,18,65.8721,129.372,1.5,0,0,0,25
1275428772,88.6126,0,0,-88.6126,88.6126,204,4,-25.7643,52.2643,1.5,0,0,0,25
1275429008,119.932,0,0,-119.932,119.932,440,11,24.5,125.776,1.5,0,0,0,25
1277928899,98.3699,0,0,-98.3699,98.3699,331,13,38.8499,86.3499,1.5,0,0,0,25
1281928805,108.296,0,0,-108.296,108.296,237,9,10.2084,64.7084,1.5,0,0,0,25
1282428756,103.78,0,0,-103.78,103.78,188,6,3.5,49.3196,1.5,0,0,0,25
1287428807,97.261,0,0,-97.261,97.261,239,1,-18.1714,64.3286,1.5,0,0,0,25
1289428784,87.6048,0,0,-87.6048,87.6048,216,19,20.364,56.136,1.5,0,0,0,25
1290928777,90.9964,0,0,-90.9964,90.9964,209,7,15.7136,54.7864,1.5,0,0,0,25
1299429052,98.1833,0,0,-98.1833,98.1833,484,8,-43.6702,134.67,1.5,0,0,0,25
1300000188,103.78,0,0,-103.78,103.78,188,0,0,0,25,6,3.5,49.1696,1.5
1300000204,88.6126,0,0,-88.6126,88.6126,204,0,0,0,25,4,-25.8704,52.3704,1.5
1300000209,90.9964,0,0,-90.9964,90.9964,209,0,0,0,25,7,15.8197,54.6803,1.5
1300000216,87.6048,0,0,-87.6048,87.6048,216,0,0,0,25,19,20.4701,56.0299,1.5
1300000237,108.296,0,0,-108.296,108.296,237,0,0,0,25,9,10.1024,64.6024,1.5
1300000239,97.261,0,0,-97.261,97.261,239,0,0,0,25,1,-18.2774,64.2226,1.5
1300000252,90.4945,0,0,-90.4945,90.4945,252,0,0,0,25,16,20.2471,67.2471,1.5
1300000331,98.3699,0,0,-98.3699,98.3699,331,0,0,0,25,13,38.7439,86.2439,1.5
1300000343,104.851,0,0,-104.851,104.851,343,0,0,0,25,20,26.0856,95.0856,1.5
1300000362,96.9336,0,0,-96.9336,96.9336,362,0,0,0,25,5,-42,95.2806,1.5
1300000379,111.077,0,0,-111.077,111.077,379,0,0,0,25,2,-6.20851,99.5,1.5
1300000416,99.1007,0,0,-99.1007,99.1007,416,0,0,0,25,3,-45.9989,112.5,1.5
1300000437,105.373,0,0,-105.373,105.373,437,0,0,0,25,17,54,115.076,1.5
1300000440,119.932,0,0,-119.932,119.932,440,0,0,0,25,11,24.5,125.626,1.5
1300000484,98.1833,0,0,-98.1833,98.1833,484,0,0,0,25,8,-43.5641,134.564,1.5
1300000496,107.973,0,0,-107.973,107.973,496,0,0,0,25,15,51.6388,135.639,1.5
1300000496,108.098,0,0,-108.098,108.098,496,0,0,0,25,18,65.766,129.266,1.5
1300000500,98.6381,0,0,-98.6381,98.6381,500,0,0,0,25,12,-31,142.782,1.5
1300000503,99.752,0,0,-99.752,99.752,503,0,0,0,25,14,-55.5836,136.084,1.5
1300000517,112.506,0,0,-112.506,112.506,517,0,0,0,25,10,-2,140.477,1.5
1301429005,105.373,0,0,-105.373,105.373,437,17,54,115.076,1.5,0,0,0,25
1303428820,90.4945,0,0,-90.4945,90.4945,252,16,20.2471,67.2471,1.5,0,0,0,25
1304428947,111.077,0,0,-111.077,111.077,379,2,-6.20851,99.5,1.5,0,0,0,25
1304428984,99.1007,0,0,-99.1007,99.1007,416,3,-45.9989,112.5,1.5,0,0,0,25
1304928911,104.851,0,0,-104.851,104.851,343,20,26.0856,95.0856,1.5,0,0,0,25
1306429071,99.752,0,0,-99.752,99.752,503,14,-55.5836,136.084,1.5,0,0,0,25
1308929064,107.973,0,0,-107.973,107.973,496,15,51.6388,135.639,1.5,0,0,0,25
1311429085,112.506,0,0,-112.506,112.506,517,10,-2,140.477,1.5,0,0,0,25
1315428930,96.9336,0,0,-96.9336,96.9336,362,5,-42,95.2806,1.5,0,0,0,25
1316929068,98.6381,0,0,-98.6381,98.6381,500,12,-31,142.782,1.5,0,0,0,25
1321429064,108.098,0,0,-108.098,108.098,496,18,65.766,129.266,1.5,0,0,0,25
1325428772,88.6126,0,0,-88.6126,88.6126,204,4,-25.8704,52.3704,1.5,0,0,0,25
1325429008,119.932,0,0,-119.932,119.932,440,11,24.5,125.626,1.5,0,0,0,25
1327928899,98.3699,0,0,-98.3699,98.3699,331,13,38.7439,86.2439,1.5,0,0,0,25
1331928805,108.296,0,0,-108.296,108.296,237,9,10.1024,64.6024,1.5,0,0,0,25
1332928756,103.78,0,0,-103.78,103.78,188,6,3.5,49.1696,1.5,0,0,0,25
1339428784,87.6048,0,0,-87.6048,87.6048,216,19,20.4701,56.0299,1.5,0,0,0,25
1340928777,90.9964,0,0,-90.9964,90.9964,209,7,15.8197,54.6803,1.5,0,0,0,25
1340928807,97.261,0,0,-97.261,97.261,239,1,-18.2774,64.2226,1.5,0,0,0,25
1349429052,98.1833,0,0,-98.1833,98.1833,484,8,-43.5641,134.564,1.5,0,0,0,25
1350000188,103.78,0,0,-103.78,103.78,188,0,0,0,25,6,3.5,49.1696,1.5
1350000204,88.6126,0,0,-88.6126,88.6126,204,0,0,0,25,4,-25.8704,52.3704,1.5
1350000209,90.9964,0,0,-90.9964,90.9964,209,0,0,0,25,7,15.8197,54.6803,1.5
1350000216,87.6048,0,0,-87.6048,87.6048,216,0,0,0,25,19,20.4701,56.0299,1.5
1350000237,108.296,0,0,-108.296,108.296,237,0,0,0,25,9,10.1024,64.6024,1.5
1350000239,97.261,0,0,-97.261,97.261,239,0,0,0,25,1,-18.2774,64.2226,1.5
1350000252,90.4945,0,0,-90.4945,90.4945,252,0,0,0,25,16,20.2471,67.2471,1.5
1350000331,98.3699,0,0,-98.3699,98.3699,331,0,0,0,25,13,38.7439,86.2439,1.5
1350000343,104.851,0,0,-104.851,104.851,343,0,0,0,25,20,26.0856,95.0856,1.5
1350000362,96.9336,0,0,-96.9336,96.9336,362,0,0,0,25,5,-42,95.2806,1.5
1350000379,111.077,0,0,-111.077,111.077,379,0,0,0,25,2,-6.20851,99.5,1.5
1350000416,99.1007,0,0,-99.1007,99.1007,416,0,0,0,25,3,-45.9989,112.5,1.5
1350000437,105.373,0,0,-105.373,105.373,437,0,0,0,25,17,54,115.076,1.5
1350000440,119.932,0,0,-119.932,119.932,440,0,0,0,25,11,24.5,125.626,1.5
1350000484,98.1833,0,0,-98.1833,98.1833,484,0,0,0,25,8,-43.5641,134.564,1.5
1350000496,107.973,0,0,-107.973,107.973,496,0,0,0,25,15,51.6388,135.639,1.5
1350000496,108.098,0,0,-108.098,108.098,496,0,0,0,25,18,65.766,129.266,1.5
1350000500,98.6381,0,0,-98.6381,98.6381,500,0,0,0,25,12,-31,142.782,1.5
1350000503,99.752,0,0,-99.752,99.752,503,0,0,0,25,14,-55.5836,136.084,1.5
1350000517,112.506,0,0,-112.506,112.506,517,0,0,0,25,10,-2,140.477,1.5
1351429005,105.373,0,0,-105.373,105.373,437,17,54,115.076,1.5,0,0,0,25
1353428820,90.4945,0,0,-90.4945,90.4945,252,16,20.2471,67.2471,1.5,0,0,0,25
1354428947,111.077,0,0,-111.077,111.077,379,2,-6.20851,99.5,1.5,0,0,0,25
1354928911,104.851,0,0,-104.851,104.851,343,20,26.0856,95.0856,1.5,0,0,0,25
1354928984,99.1007,0,0,-99.1007,99.1007,416,3,-45.9989,112.5,1.5,0,0,0,25
1356429071,99.752,0,0,-99.752,99.752,503,14,-55.5836,136.084,1.5,0,0,0,25
1358929064,107.973,0,0,-107.973,107.973,496,15,51.6388,135.639,1.5,0,0,0,25
1361429085,112.506,0,0,-112.506,112.506,517,10,-2,140.477,1.5,0,0,0,25
1365428930,96.9336,0,0,-96.9336,96.9336,362,5,-42,95.2806,1.5,0,0,0,25
1366929068,98.6381,0,0,-98.6381,98.6381,500,12,-31,142.782,1.5,0,0,0,25
1371429064,108.098,0,0,-108.098,108.098,496,18,65.766,129.266,1.5,0,0,0,25
1375428772,88.6126,0,0,-88.6126,88.6126,204,4,-25.8704,52.3704,1.5,0,0,0,25
1375429008,119.932,0,0,-119.932,119.932,440,11,24.5,125.626,1.5,0,0,0,25
1377928899,98.3699,0,0,-98.3699,98.3699,331,13,38.7439,86.2439,1.5,0,0,0,25
1382428805,108.296,0,0,-108.296,108.296,237,9,10.1024,64.6024,1.5,0,0,0,25
1382928756,103.78,0,0,-103.78,103.78,188,6,3.5,49.1696,1.5,0,0,0,25
1389428784,87.6048,0,0,-87.6048,87.6048,216,19,20.4701,56.0299,1.5,0,0,0,25
1390928777,90.9964,0,0,-90.9964,90.9964,209,7,15.8197,54.6803,1.5,0,0,0,25
1390928807,97.261,0,0,-97.261,97.261,239,1,-18.2774,64.2226,1.5,0,0,0,25
1399429052,98.1833,0,0,-98.1833,98.1833,484,8,-43.5641,134.564,1.5,0,0,0,25
1400000188,103.78,0,0,-103.78,103.78,188,0,0,0,25,6,3.5,49.0196,1.5
1400000204,88.6126,0,0,-88.6126,88.6126,204,0,0,0,25,4,-25.9764,52.4764,1.5
1400000209,90.9964,0,0,-90.9964,90.9964,209,0,0,0,25,7,15.9257,54.5743,1.5
1400000216,87.6048,0,0,-87.6048,87.6048,216,0,0,0,25,19,20.5762,55.9238,1.5
1400000237,108.296,0,0,-108.296,108.296,237,0,0,0,25,9,9.99632,64.4963,1.5
1400000239,97.261,0,0,-97.261,97.261,239,0,0,0,25,1,-18.3835,64.1165,1.5
1400000252,90.4945,0,0,-90.4945,90.4945,252,0,0,0,25,16,20.141,67.141,1.5
1400000331,98.3699,0,0,-98.3699,98.3699,331,0,0,0,25,13,38.6378,86.1378,1.5
1400000343,104.851,0,0,-104.851,104.851,343,0,0,0,25,20,25.9796,94.9796,1.5
1400000362,96.9336,0,0,-96.9336,96.9336,362,0,0,0,25,5,-42,95.1306,1.5
1400000379,111.077,0,0,-111.077,111.077,379,0,0,0,25,2,-6.35851,99.5,1.5
1400000416,99.1007,0,0,-99.1007,99.1007,416,0,0,0,25,3,-45.8489,112.5,1.5
1400000437,105.373,0,0,-105.373,105.373,437,0,0,0,25,17,54,114.926,1.5
1400000440,119.932,0,0,-119.932,119.932,440,0,0,0,25,11,24.5,125.476,1.5
1400000484,98.1833,0,0,-98.1833,98.1833,484,0,0,0,25,8,-43.458,134.458,1.5
1400000496,107.973,0,0,-107.973,107.973,496,0,0,0,25,15,51.5327,135.533,1.5
1400000496,108.098,0,0,-108.098,108.098,496,0,0,0,25,18,65.66,129.16,1.5
1400000500,98.6381,0,0,-98.6381,98.6381,500,0,0,0,25,12,-31,142.632,1.5
1400000503,99.752,0,0,-99.752,99.752,503,0,0,0,25,14,-55.4775,135.977,1.5
1400000517,112.506,0,0,-112.506,112.506,517,0,0,0,25,10,-2,140.327,1.5
1401429005,105.373,0,0,-105.373,105.373,437,17,54,114.926,1.5,0,0,0,25
1403428820,90.4945,0,0,-90.4945,90.4945,252,16,20.141,67.141,1.5,0,0,0,25
1404928911,104.851,0,0,-104.851,104.851,343,20,25.9796,94.9796,1.5,0,0,0,25
1404928984,99.1007,0,0,-99.1007,99.1007,416,3,-45.8489,112.5,1.5,0,0,0,25
1406429071,99.752,0,0,-99.752,99.752,503,14,-55.4775,135.977,1.5,0,0,0,25
1408929064,107.973,0,0,-107.973,107.973,496,15,51.5327,135.533,1.5,0,0,0,25
1411428947,111.077,0,0,-111.077,111.077,379,2,-6.35851,99.5,1.5,0,0,0,25
1411429085,112.506,0,0,-112.506,112.506,517,10,-2,140.327,1.5,0,0,0,25
1415428930,96.9336,0,0,-96.9336,96.9336,362,5,-42,95.1306,1.5,0,0,0,25
1416929068,98.6381,0,0,-98.6381,98.6381,500,12,-31,142.632,1.5,0,0,0,25
1421429064,108.098,0,0,-108.098,108.098,496,18,65.66,129.16,1.5,0,0,0,25
1425428772,88.6126,0,0,-88.6126,88.6126,204,4,-25.9764,52.4764,1.5,0,0,0,25
1425929008,119.932,0,0,-119.932,119.932,440,11,24.5,125.476,1.5,0,0,0,25
1427928899,98.3699,0,0,-98.3699,98.3699,331,13,38.6378,86.1378,1.5,0,0,0,25
1432928756,103.78,0,0,-103.78,103.78,188,6,3.5,49.0196,1.5,0,0,0,25
1432928805,108.296,0,0,-108.296,108.296,237,9,9.99632,64.4963,1.5,0,0,0,25
1439428784,87.6048,0,0,-87.6048,87.6048,216,19,20.5762,55.9238,1.5,0,0,0,25
1440928777,90.9964,0,0,-90.9964,90.9964,209,7,15.9257,54.5743,1.5,0,0,0,25
1440928807,97.261,0,0,-97.261,97.261,239,1,-18.3835,64.1165,1.5,0,0,0,25
1449429052,98.1833,0,0,-98.1833,98.1833,484,8,-43.458,134.458,1.5,0,0,0,25
1450000188,103.78,0,0,-103.78,103.78,188,0,0,0,25,6,3.5,49.0196,1.5
1450000204,88.6126,0,0,-88.6126,88.6126,204,0,0,0,25,4,-25.9764,52.4764,1.5
1450000209,90.9964,0,0,-90.9964,90.9964,209,0,0,0,25,7,15.9257,54.5743,1.5
1450000216,87.6048,0,0,-87.6048,87.6048,216,0,0,0,25,19,20.5762,55.9238,1.5
1450000237,108.296,0,0,-108.296,108.296,237,0,0,0,25,9,9.99632,64.4963,1.5
1450000239,97.261,0,0,-97.261,97.261,239,0,0,0,25,1,-18.3835,64.1165,1.5
1450000252,90.4945,0,0,-90.4945,90.4945,252,0,0,0,25,16,20.141,67.141,1.5
1450000331,98.3699,0,0,-98.3699,98.3699,331,0,0,0,25,13,38.6378,86.1378,1.5
1450000343,104.851,0,0,-104.851,104.851,343,0,0,0,25,20,25.9796,94.9796,1.5
1450000362,96.9336,0,0,-96.9336,96.9336,362,0,0,0,25,5,-42,95.1306,1.5
1450000379,111.077,0,0,-111.077,111.077,379,0,0,0,25,2,-6.35851,99.5,1.5
1450000416,99.1007,0,0,-99.1007,99.1007,416,0,0,0,25,3,-45.8489,112.5,1.5
1450000437,105.373,0,0,-105.373,105.373,437,0,0,0,25,17,54,114.926,1.5
1450000440,119.932,0,0,-119.932,119.932,440,0,0,0,25,11,24.5,125.476,1.5
1450000484,98.1833,0,0,-98.1833,98.1833,484,0,0,0,25,8,-43.458,134.458,1.5
1450000496,107.973,0,0,-107.973,107.973,496,0,0,0,25,15,51.5327,135.533,1.5
1450000496,108.098,0,0,-108.098,108.098,496,0,0,0,25,18,65.66,129.16,1.5
1450000500,98.6381,0,0,-98.6381,98.6381,500,0,0,0,25,12,-31,142.632,1.5
1450000503,99.752,0,0,-99.752,99.752,503,0,0,0,25,14,-55.4775,135.977,1.5
1450000517,112.506,0,0,-112.506,112.506,517,0,0,0,25,10,-2,140.327,1.5
1451429005,105.373,0,0,-105.373,105.373,437,17,54,114.926,1.5,0,0,0,25
1453428820,90.4945,0,0,-90.4945,90.4945,252,16,20.141,67.141,1.5,0,0,0,25
1454928911,104.851,0,0,-104.851,104.851,343,20,25.9796,94.9796,1.5,0,0,0,25
1454928984,99.1007,0,0,-99.1007,99.1007,416,3,-45.8489,112.5,1.5,0,0,0,25
1456429071,99.752,0,0,-99.752,99.752,503,14,-55.4775,135.977,1.5,0,0,0,25
1458929064,107.973,0,0,-107.973,107.973,496,15,51.5327,135.533,1.5,0,0,0,25
1461428947,111.077,0,0,-111.077,111.077,379,2,-6.35851,99.5,1.5,0,0,0,25
1461429085,112.506,0,0,-112.506,112.506,517,10,-2,140.327,1.5,0,0,0,25
1465428930,96.9336,0,0,-96.9336,96.9336,362,5,-42,95.1306,1.5,0,0,0,25
1466929068,98.6381,0,0,-98.6381,98.6381,500,12,-31,142.632,1.5,0,0,0,25
1471429064,108.098,0,0,-108.098,108.098,496,18,65.66,129.16,1.5,0,0,0,25
1475428772,88.6126,0,0,-88.6126,88.6126,204,4,-25.9764,52.4764,1.5,0,0,0,25
1475929008,119.932,0,0,-119.932,119.932,440,11,24.5,125.476,1.5,0,0,0,25
1477928899,98.3699,0,0,-98.3699,98.3699,331,13,38.6378,86.1378,1.5,0,0,0,25
1482928756,103.78,0,0,-103.78,103.78,188,6,3.5,49.0196,1.5,0,0,0,25
1482928805,108.296,0,0,-108.296,108.296,237,9,9.99632,64.4963,1.5,0,0,0,25
1489428784,87.6048,0,0,-87.6048,87.6048,216,19,20.5762,55.9238,1.5,0,0,0,25
1490928777,90.9964,0,0,-90.9964,90.9964,209,7,15.9257,54.5743,1.5,0,0,0,25
1490928807,97.261,0,0,-97.261,97.261,239,1,-18.3835,64.1165,1.5,0,0,0,25
1499429052,98.1833,0,0,-98.1833,98.1833,484,8,-43.458,134.458,1.5,0,0,0,25
1500000188,103.78,0,0,-103.78,103.78,188,0,0,0,25,6,3.5,48.8696,1.5
1500000204,88.6126,0,0,-88.6126,88.6126,204,0,0,0,25,4,-26.0825,52.5825,1.5
1500000209,90.9964,0,0,-90.9964,90.9964,209,0,0,0,25,7,16.0318,54.4682,1.5
1500000216,87.6048,0,0,-87.6048,87.6048,216,0,0,0,25,19,20.6822,55.8178,1.5
1500000237,108.296,0,0,-108.296,108.296,237,0,0,0,25,9,9.89025,64.3903,1.5
1500000239,97.261,0,0,-97.261,97.261,239,0,0,0,25,1,-18.4896,64.0104,1.5
1500000252,90.4945,0,0,-90.4945,90.4945,252,0,0,0,25,16,20.035,67.035,1.5
1500000331,98.3699,0,0,-98.3699,98.3699,331,0,0,0,25,13,38.5317,86.0317,1.5
1500000343,104.851,0,0,-104.851,104.851,343,0,0,0,25,20,25.8735,94.8735,1.5
1500000362,96.9336,0,0,-96.9336,96.9336,362,0,0,0,25,5,-42,94.9806,1.5
1500000379,111.077,0,0,-111.077,111.077,379,0,0,0,25,2,-6.50851,99.5,1.5
1500000416,99.1007,0,0,-99.1007,99.1007,416,0,0,0,25,3,-45.6989,112.5,1.5
1500000437,105.373,0,0,-105.373,105.373,437,0,0,0,25,17,54,114.776,1.5
1500000440,119.932,0,0,-119.932,119.932,440,0,0,0,25,11,24.5,125.326,1.5
1500000484,98.1833,0,0,-98.1833,98.1833,484,0,0,0,25,8,-43.352,134.352,1.5
1500000496,107.973,0,0,-107.973,107.973,496,0,0,0,25,15,51.4267,135.427,1.5
1500000496,108.098,0,0,-108.098,108.098,496,0,0,0,25,18,65.5539,129.054,1.5
1500000500,98.6381,0,0,-98.6381,98.6381,500,0,0,0,25,12,-31,142.482,1.5
1500000503,99.752,0,0,-99.752,99.752,503,0,0,0,25,14,-55.3714,135.871,1.5
1500000517,112.506,0,0,-112.506,112.506,517,0,0,0,25,10,-2,140.177,1.5
1501429005,105.373,0,0,-105.373,105.373,437,17,54,114.776,1.5,0,0,0,25
1503428820,90.4945,0,0,-90.4945,90.4945,252,16,20.035,67.035,1.5,0,0,0,25
1504928911,104.851,0,0,-104.851,104.851,343,20,25.8735,94.8735,1.5,0,0,0,25
1504928984,99.1007,0,0,-99.1007,99.1007,416,3,-45.6989,112.5,1.5,0,0,0,25
1506429071,99.752,0,0,-99.752,99.752,503,14,-55.3714,135.871,1.5,0,0,0,25
1508929064,107.973,0,0,-107.973,107.973,496,15,51.4267,135.427,1.5,0,0,0,25
1511428947,111.077,0,0,-111.077,111.077,379,2,-6.50851,99.5,1.5,0,0,0,25
1511429085,112.506,0,0,-112.506,112.506,517,10,-2,140.177,1.5,0,0,0,25
1516928930,96.9336,0,0,-96.9336,96.9336,362,5,-42,94.9806,1.5,0,0,0,25
1516929068,98.6381,0,0,-98.6381,98.6381,500,12,-31,142.482,1.5,0,0,0,25
1521429064,108.098,0,0,-108.098,108.098,496,18,65.5539,129.054,1.5,0,0,0,25
1525428772,88.6126,0,0,-88.6126,88.6126,204,4,-26.0825,52.5825,1.5,0,0,0,25
1525929008,119.932,0,0,-119.932,119.932,440,11,24.5,125.326,1.5,0,0,0,25
1527928899,98.3699,0,0,-98.3699,98.3699,331,13,38.5317,86.0317,1.5,0,0,0,25
1532928756,103.78,0,0,-103.78,103.78,188,6,3.5,48.8696,1.5,0,0,0,25
1538428805,108.296,0,0,-108.296,108.296,237,9,9.89025,64.3903,1.5,0,0,0,25
1539928784,87.6048,0,0,-87.6048,87.6048,216,19,20.6822,55.8178,1.5,0,0,0,25
1540928777,90.9964,0,0,-90.9964,90.9964,209,7,16.0318,54.4682,1.5,0,0,0,25
1541428807,97.261,0,0,-97.261,97.261,239,1,-18.4896,64.0104,1.5,0,0,0,25
1549429052,98.1833,0,0,-98.1833,98.1833,484,8,-43.352,134.352,1.5,0,0,0,25
1550000188,103.78,0,0,-103.78,103.78,188,0,0,0,25,6,3.5,48.8696,1.5
1550000204,88.6126,0,0,-88.6126,88.6126,204,0,0,0,25,4,-26.0825,52.5825,1.5
1550000209,90.9964,0,0,-90.9964,90.9964,209,0,0,0,25,7,16.0318,54.4682,1.5
1550000216,87.6048,0,0,-87.6048,87.6048,216,0,0,0,25,19,20.6822,55.8178,1.5
1550000237,108.296,0,0,-108.296,108.296,237,0,0,0,25,9,9.89025,64.3903,1.5
1550000239,97.261,0,0,-97.261,97.261,239,0,0,0,25,1,-18.4896,64.0104,1.5
1550000252,90.4945,0,0,-90.4945,90.4945,252,0,0,0,25,16,20.035,67.035,1.5
1550000331,98.3699,0,0,-98.3699,98.3699,331,0,0,0,25,13,38.5317,86.0317,1.5
1550000343,104.851,0,0,-104.851,104.851,343,0,0,0,25,20,25.8735,94.8735,1.5
1550000362,96.9336,0,0,-96.9336,96.9336,362,0,0,0,25,5,-42,94.9806,1.5
1550000379,111.077,0,0,-111.077,111.077,379,0,0,0,25,2,-6.50851,99.5,1.5
1550000416,99.1007,0,0,-99.1007,99.1007,416,0,0,0,25,3,-45.6989,112.5,1.5
1550000437,105.373,0,0,-105.373,105.373,437,0,0,0,25,17,54,114.776,1.5
1550000440,119.932,0,0,-119.932,119.932,440,0,0,0,25,11,24.5,125.326,1.5
1550000484,98.1833,0,0,-98.1833,98.1833,484,0,0,0,25,8,-43.352,134.352,1.5
1550000496,107.973,0,0,-107.973,107.973,496,0,0,0,25,15,51.4267,135.427,1.5
1550000496,108.098,0,0,-108.098,108.098,496,0,0,0,25,18,65.5539,129.054,1.5
1550000500,98.6381,0,0,-98.6381,98.6381,500,0,0,0,25,12,-31,142.482,1.5
1550000503,99.752,0,0,-99.752,99.752,503,0,0,0,25,14,-55.3714,135.871,1.5
1550000517,112.506,0,0,-112.506,112.506,517,0,0,0,25,10,-2,140.177,1.5
1551429005,105.373,0,0,-105.373,105.373,437,17,54,114.776,1.5,0,0,0,25
1553428820,90.4945,0,0,-90.4945,90.4945,252,16,20.035,67.035,1.5,0,0,0,25
1554928911,104.851,0,0,-104.851,104.851,343,20,25.8735,94.8735,1.5,0,0,0,25
1554928984,99.1007,0,0,-99.1007,99.1007,416,3,-45.6989,112.5,1.5,0,0,0,25
1556429071,99.752,0,0,-99.752,99.752,503,14,-55.3714,135.871,1.5,0,0,0,25
1558929064,107.973,0,0,-107.973,107.973,496,15,51.4267,135.427,1.5,0,0,0,25
1561428947,111.077,0,0,-111.077,111.077,379,2,-6.50851,99.5,1.5,0,0,0,25
1561429085,112.506,0,0,-112.506,112.506,517,10,-2,140.177,1.5,0,0,0,25
1566928930,96.9336,0,0,-96.9336,96.9336,362,5,-42,94.9806,1.5,0,0,0,25
1566929068,98.6381,0,0,-98.6381,98.6381,500,12,-31,142.482,1.5,0,0,0,25
1571429064,108.098,0,0,-108.098,108.098,496,18,65.5539,129.054,1.5,0,0,0,25
1575428772,88.6126,0,0,-88.6126,88.6126,204,4,-26.0825,52.5825,1.5,0,0,0,25
1575929008,119.932,0,0,-119.932,119.932,440,11,24.5,125.326,1.5,0,0,0,25
1577928899,98.3699,0,0,-98.3699,98.3699,331,13,38.5317,86.0317,1.5,0,0,0,25
1582928756,103.78,0,0,-103.78,103.78,188,6,3.5,48.8696,1.5,0,0,0,25
1588428805,108.296,0,0,-108.296,108.296,237,9,9.89025,64.3903,1.5,0,0,0,25
1589928784,87.6048,0,0,-87.6048,87.6048,216,19,20.6822,55.8178,1.5,0,0,0,25
1590928777,90.9964,0,0,-90.9964,90.9964,209,7,16.0318,54.4682,1.5,0,0,0,25
1591428807,97.261,0,0,-97.261,97.261,239,1,-18.4896,64.0104,1.5,0,0,0,25
1599429052,98.1833,0,0,-98.1833,98.1833,484,8,-43.352,134.352,1.5,0,0,0,25
1600000188,103.78,0,0,-103.78,103.78,188,0,0,0,25,6,3.5,48.7196,1.5
1600000204,88.6126,0,0,-88.6126,88.6126,204,0,0,0,25,4,-26.1886,52.6886,1.5
1600000209,90.9964,0,0,-90.9964,90.9964,209,0,0,0,25,7,16.1379,54.3621,1.5
1600000216,87.6048,0,0,-87.6048,87.6048,216,0,0,0,25,19,20.7883,55.7117,1.5
1600000237,108.296,0,0,-108.296,108.296,237,0,0,0,25,9,9.78419,64.2842,1.5
1600000239,97.261,0,0,-97.261,97.261,239,0,0,0,25,1,-18.5956,63.9044,1.5
1600000252,90.4945,0,0,-90.4945,90.4945,252,0,0,0,25,16,19.9289,66.9289,1.5
1600000331,98.3699,0,0,-98.3699,98.3699,331,0,0,0,25,13,38.4257,85.9257,1.5
1600000343,104.851,0,0,-104.851,104.851,343,0,0,0,25,20,25.7674,94.7674,1.5
1600000362,96.9336,0,0,-96.9336,96.9336,362,0,0,0,25,5,-42,94.8306,1.5
1600000379,111.077,0,0,-111.077,111.077,379,0,0,0,25,2,-6.65851,99.5,1.5
1600000416,99.1007,0,0,-99.1007,99.1007,416,0,0,0,25,3,-45.5489,112.5,1.5
1600000437,105.373,0,0,-105.373,105.373,437,0,0,0,25,17,54,114.626,1.5
1600000440,119.932,0,0,-119.932,119.932,440,0,0,0,25,11,24.5,125.176,1.5
1600000484,98.1833,0,0,-98.1833,98.1833,484,0,0,0,25,8,-43.2459,134.246,1.5
1600000496,107.973,0,0,-107.973,107.973,496,0,0,0,25,15,51.3206,135.321,1.5
1600000496,108.098,0,0,-108.098,108.098,496,0,0,0,25,18,65.4478,128.948,1.5
1600000500,98.6381,0,0,-98.6381,98.6381,500,0,0,0,25,12,-31,142.332,1.5
1600000503,99.752,0,0,-99.752,99.752,503,0,0,0,25,14,-55.2654,135.765,1.5
1600000517,112.506,0,0,-112.506,112.506,517,0,0,0,25,10,-2,140.027,1.5
1601429005,105.373,0,0,-105.373,105.373,437,17,54,114.626,1.5,0,0,0,25
1603428820,90.4945,0,0,-90.4945,90.4945,252,16,19.9289,66.9289,1.5,0,0,0,25
1604928984,99.1007,0,0,-99.1007,99.1007,416,3,-45.5489,112.5,1.5,0,0,0,25
1606357484,104.851,0,0,-104.851,104.851,343,20,25.7674,94.7674,1.5,0,0,0,25
1606929071,99.752,0,0,-99.752,99.752,503,14,-55.2654,135.765,1.5,0,0,0,25
1608929064,107.973,0,0,-107.973,107.973,496,15,51.3206,135.321,1.5,0,0,0,25
1611428947,111.077,0,0,-111.077,111.077,379,2,-6.65851,99.5,1.5,0,0,0,25
1611429085,112.506,0,0,-112.506,112.506,517,10,-2,140.027,1.5,0,0,0,25
1616929068,98.6381,0,0,-98.6381,98.6381,500,12,-31,142.332,1.5,0,0,0,25
1617928930,96.9336,0,0,-96.9336,96.9336,362,5,-42,94.8306,1.5,0,0,0,25
1621429064,108.098,0,0,-108.098,108.098,496,18,65.4478,128.948,1.5,0,0,0,25
1625428772,88.6126,0,0,-88.6126,88.6126,204,4,-26.1886,52.6886,1.5,0,0,0,25
1625929008,119.932,0,0,-119.932,119.932,440,11,24.5,125.176,1.5,0,0,0,25
1627928899,98.3699,0,0,-98.3699,98.3699,331,13,38.4257,85.9257,1.5,0,0,0,25
1633428756,103.78,0,0,-103.78,103.78,188,6,3.5,48.7196,1.5,0,0,0,25
1638428805,108.296,0,0,-108.296,108.296,237,9,9.78419,64.2842,1.5,0,0,0,25
1639928784,87.6048,0,0,-87.6048,87.6048,216,19,20.7883,55.7117,1.5,0,0,0,25
1640928777,90.9964,0,0,-90.9964,90.9964,209,7,16.1379,54.3621,1.5,0,0,0,25
1641428807,97.261,0,0,-97.261,97.261,239,1,-18.5956,63.9044,1.5,0,0,0,25
1649429052,98.1833,0,0,-98.1833,98.1833,484,8,-43.2459,134.246,1.5,0,0,0,25
1650000188,103.78,0,0,-103.78,103.78,188,0,0,0,25,6,3.5,48.7196,1.5
1650000204,88.6126,0,0,-88.6126,88.6126,204,0,0,0,25,4,-26.1886,52.6886,1.5
1650000209,90.9964,0,0,-90.9964,90.9964,209,0,0,0,25,7,16.1379,54.3621,1.5
1650000216,87.6048,0,0,-87.6048,87.6048,216,0,0,0,25,19,20.7883,55.7117,1.5
1650000237,108.296,0,0,-108.296,108.296,237,0,0,0,25,9,9.78419,64.2842,1.5
1650000239,97.261,0,0,-97.261,97.261,239,0,0,0,25,1,-18.5956,63.9044,1.5
1650000252,90.4945,0,0,-90.4945,90.4945,252,0,0,0,25,16,19.9289,66.9289,1.5
1650000331,98.3699,0,0,-98.3699,98.3699,331,0,0,0,25,13,38.4257,85.9257,1.5
1650000343,104.851,0,0,-104.851,104.851,343,0,0,0,25,20,25.7674,94.7674,1.5
1650000362,96.9336,0,0,-96.9336,96.9336,362,0,0,0,25,5,-42,94.8306,1.5
1650000379,111.077,0,0,-111.077,111.077,379,0,0,0,25,2,-6.65851,99.5,1.5
1650000416,99.1007,0,0,-99.1007,99.1007,416,0,0,0,25,3,-45.5489,112.5,1.5
1650000437,105.373,0,0,-105.373,105.373,437,0,0,0,25,17,54,114.626,1.5
1650000440,119.932,0,0,-119.932,119.932,440,0,0,0,25,11,24.5,125.176,1.5
1650000484,98.1833,0,0,-98.1833,98.1833,484,0,0,0,25,8,-43.2459,134.246,1.5
1650000496,107.973,0,0,-107.973,107.973,496,0,0,0,25,15,51.3206,135.321,1.5
1650000496,108.098,0,0,-108.098,108.098,496,0,0,0,25,18,65.4478,128.948,1.5
1650000500,98.6381,0,0,-98.6381,98.6381,500,0,0,0,25,12,-31,142.332,1.5
1650000503,99.752,0,0,-99.752,99.752,503,0,0,0,25,14,-55.2654,135.765,1.5
1650000517,112.506,0,0,-112.506,112.506,517,0,0,0,25,10,-2,140.027,1.5
1651429005,105.373,0,0,-105.373,105.373,437,17,54,114.626,1.5,0,0,0,25
1653428820,90.4945,0,0,-90.4945,90.4945,252,16,19.9289,66.9289,1.5,0,0,0,25
1654928984,99.1007,0,0,-99.1007,99.1007,416,3,-45.5489,112.5,1.5,0,0,0,25
1656428911,104.851,0,0,-104.851,104.851,343,20,25.7674,94.7674,1.5,0,0,0,25
1657429071,99.752,0,0,-99.752,99.752,503,14,-55.2654,135.765,1.5,0,0,0,25
1658929064,107.973,0,0,-107.973,107.973,496,15,51.3206,135.321,1.5,0,0,0,25
1661428947,111.077,0,0,-111.077,111.077,379,2,-6.65851,99.5,1.5,0,0,0,25
1661429085,112.506,0,0,-112.506,112.506,517,10,-2,140.027,1.5,0,0,0,25
1666929068,98.6381,0,0,-98.6381,98.6381,500,12,-31,142.332,1.5,0,0,0,25
1668428930,96.9336,0,0,-96.9336,96.9336,362,5,-42,94.8306,1.5,0,0,0,25
1671429064,108.098,0,0,-108.098,108.098,496,18,65.4478,128.948,1.5,0,0,0,25
1675428772,88.6126,0,0,-88.6126,88.6126,204,4,-26.1886,52.6886,1.5,0,0,0,25
1675929008,119.932,0,0,-119.932,119.932,440,11,24.5,125.176,1.5,0,0,0,25
1678428899,98.3699,0,0,-98.3699,98.3699,331,13,38.4257,85.9257,1.5,0,0,0,25
1683428756,103.78,0,0,-103.78,103.78,188,6,3.5,48.7196,1.5,0,0,0,25
1689928784,87.6048,0,0,-87.6048,87.6048,216,19,20.7883,55.7117,1.5,0,0,0,25
1690928777,90.9964,0,0,-90.9964,90.9964,209,7,16.1379,54.3621,1.5,0,0,0,25
1691428807,97.261,0,0,-97.261,97.261,239,1,-18.5956,63.9044,1.5,0,0,0,25
1692928805,108.296,0,0,-108.296,108.296,237,9,9.78419,64.2842,1.5,0,0,0,25
1699429052,98.1833,0,0,-98.1833,98.1833,484,8,-43.2459,134.246,1.5,0,0,0,25
1700000212,89.1748,0,0,-89.1748,89.1748,212,0,0,0,25,4,-26.2946,52.7946,1.5
1700035895,103.708,0,0,-103.708,103.708,180,0,0,0,25,6,3.5,48.5696,1.5
1700035920,88.5693,0,0,-88.5693,88.5693,205,0,0,0,25,7,16.2439,54.2561,1.5
1700035928,91.0411,0,0,-91.0411,91.0411,213,0,0,0,25,19,20.8944,55.6056,1.5
1700035945,108.501,0,0,-108.501,108.501,230,0,0,0,25,9,9.67812,64.1781,1.5
1700035950,84.8862,0,0,-84.8862,84.8862,235,0,0,0,25,1,-18.7017,63.7983,1.5
1700035960,92.0473,0,0,-92.0473,92.0473,245,0,0,0,25,16,19.8228,66.8228,1.5
1700036038,100.48,0,0,-100.48,100.48,323,0,0,0,25,13,38.3196,85.8196,1.5
1700036051,101.361,0,0,-101.361,101.361,336,0,0,0,25,20,25.6614,94.6614,1.5
1700036057,109.292,0,0,-109.292,109.292,342,0,0,0,25,2,-6.80851,99.5,1.5
1700036069,96.132,0,0,-96.132,96.132,354,0,0,0,25,5,-42,94.6806,1.5
1700036127,97.3631,0,0,-97.3631,97.3631,412,0,0,0,25,3,-45.3989,112.5,1.5
1700036144,104.61,0,0,-104.61,104.61,429,0,0,0,25,17,54,114.476,1.5
1700036147,119.769,0,0,-119.769,119.769,432,0,0,0,25,11,24.5,125.026,1.5
1700036192,97.625,0,0,-97.625,97.625,477,0,0,0,25,8,-43.1398,134.14,1.5
1700036203,111.699,0,0,-111.699,111.699,488,0,0,0,25,18,65.3418,128.842,1.5
1700036204,108.755,0,0,-108.755,108.755,489,0,0,0,25,15,51.2145,135.215,1.5
1700036207,99.8367,0,0,-99.8367,99.8367,492,0,0,0,25,12,-31,142.182,1.5
1700036210,99.7676,0,0,-99.7676,99.7676,495,0,0,0,25,14,-55.1593,135.659,1.5
1700036224,111.823,0,0,-111.823,111.823,509,0,0,0,25,10,-2,139.877,1.5
1701928997,104.61,0,0,-104.61,104.61,429,17,54,114.476,1.5,0,0,0,25
1703928813,92.0473,0,0,-92.0473,92.0473,245,16,19.8228,66.8228,1.5,0,0,0,25
1705928980,97.3631,0,0,-97.3631,97.3631,412,3,-45.3989,112.5,1.5,0,0,0,25
1706928904,101.361,0,0,-101.361,101.361,336,20,25.6614,94.6614,1.5,0,0,0,25
1710429063,99.7676,0,0,-99.7676,99.7676,495,14,-55.1593,135.659,1.5,0,0,0,25
1711429057,108.755,0,0,-108.755,108.755,489,15,51.2145,135.215,1.5,0,0,0,25
1711929077,111.823,0,0,-111.823,111.823,509,10,-2,139.877,1.5,0,0,0,25
1713428910,109.292,0,0,-109.292,109.292,342,2,-6.80851,99.5,1.5,0,0,0,25
1717429060,99.8367,0,0,-99.8367,99.8367,492,12,-31,142.182,1.5,0,0,0,25
1718928922,96.132,0,0,-96.132,96.132,354,5,-42,94.6806,1.5,0,0,0,25
1725928780,89.1748,0,0,-89.1748,89.1748,212,4,-26.2946,52.7946,1.5,0,0,0,25
1726429000,119.769,0,0,-119.769,119.769,432,11,24.5,125.026,1.5,0,0,0,25
1728928891,100.48,0,0,-100.48,100.48,323,13,38.3196,85.8196,1.5,0,0,0,25
1730429056,111.699,0,0,-111.699,111.699,488,18,65.3418,128.842,1.5,0,0,0,25
1733928748,103.708,0,0,-103.708,103.708,180,6,3.5,48.5696,1.5,0,0,0,25
1740428781,91.0411,0,0,-91.0411,91.0411,213,19,20.8944,55.6056,1.5,0,0,0,25
1741428773,88.5693,0,0,-88.5693,88.5693,205,7,16.2439,54.2561,1.5,0,0,0,25
1742428803,84.8862,0,0,-84.8862,84.8862,235,1,-18.7017,63.7983,1.5,0,0,0,25
1743428798,108.501,0,0,-108.501,108.501,230,9,9.67812,64.1781,1.5,0,0,0,25
1749929045,97.625,0,0,-97.625,97.625,477,8,-43.1398,134.14,1.5,0,0,0,25
1750000212,89.1748,0,0,-89.1748,89.1748,212,0,0,0,25,4,-26.2946,52.7946,1.5
1750035895,103.708,0,0,-103.708,103.708,180,0,0,0,25,6,3.5,48.5696,1.5
1750035920,88.5693,0,0,-88.5693,88.5693,205,0,0,0,25,7,16.2439,54.2561,1.5
1750035928,91.0411,0,0,-91.0411,91.0411,213,0,0,0,25,19,20.8944,55.6056,1.5
1750035945,108.501,0,0,-108.501,108.501,230,0,0,0,25,9,9.67812,64.1781,1.5
1750035950,84.8862,0,0,-84.8862,84.8862,235,0,0,0,25,1,-18.7017,63.7983,1.5
1750035960,92.0473,0,0,-92.0473,92.0473,245,0,0,0,25,16,19.8228,66.8228,1.5
1750036038,100.48,0,0,-100.48,100.48,323,0,0,0,25,13,38.3196,85.8196,1.5
1750036051,101.361,0,0,-101.361,101.361,336,0,0,0,25,20,25.6614,94.6614,1.5
1750036057,109.292,0,0,-109.292,109.292,342,0,0,0,25,2,-6.80851,99.5,1.5
1750036069,96.132,0,0,-96.132,96.132,354,0,0,0,25,5,-42,94.6806,1.5
1750036127,97.3631,0,0,-97.3631,97.3631,412,0,0,0,25,3,-45.3989,112.5,1.5
1750036144,104.61,0,0,-104.61,104.61,429,0,0,0,25,17,54,114.476,1.5
1750036147,119.769,0,0,-119.769,119.769,432,0,0,0,25,11,24.5,125.026,1.5
1750036192,97.625,0,0,-97.625,97.625,477,0,0,0,25,8,-43.1398,134.14,1.5
1750036203,111.699,0,0,-111.699,111.699,488,0,0,0,25,18,65.3418,128.842,1.5
1750036204,108.755,0,0,-108.755,108.755,489,0,0,0,25,15,51.2145,135.215,1.5
1750036207,99.8367,0,0,-99.8367,99.8367,492,0,0,0,25,12,-31,142.182,1.5
1750036210,99.7676,0,0,-99.7676,99.7676,495,0,0,0,25,14,-55.1593,135.659,1.5
1750036224,111.823,0,0,-111.823,111.823,509,0,0,0,25,10,-2,139.877,1.5
1751928997,104.61,0,0,-104.61,104.61,429,17,54,114.476,1.5,0,0,0,25
1753928813,92.0473,0,0,-92.0473,92.0473,245,16,19.8228,66.8228,1.5,0,0,0,25
1755928980,97.3631,0,0,-97.3631,97.3631,412,3,-45.3989,112.5,1.5,0,0,0,25
1756928904,101.361,0,0,-101.361,101.361,336,20,25.6614,94.6614,1.5,0,0,0,25
1760429063,99.7676,0,0,-99.7676,99.7676,495,14,-55.1593,135.659,1.5,0,0,0,25
1761429057,108.755,0,0,-108.755,108.755,489,15,51.2145,135.215,1.5,0,0,0,25
1762429077,111.823,0,0,-111.823,111.823,509,10,-2,139.877,1.5,0,0,0,25
1763428910,109.292,0,0,-109.292,109.292,342,2,-6.80851,99.5,1.5,0,0,0,25
1767429060,99.8367,0,0,-99.8367,99.8367,492,12,-31,142.182,1.5,0,0,0,25
1768928922,96.132,0,0,-96.132,96.132,354,5,-42,94.6806,1.5,0,0,0,25
1775928780,89.1748,0,0,-89.1748,89.1748,212,4,-26.2946,52.7946,1.5,0,0,0,25
1776429000,119.769,0,0,-119.769,119.769,432,11,24.5,125.026,1.5,0,0,0,25
1779928891,100.48,0,0,-100.48,100.48,323,13,38.3196,85.8196,1.5,0,0,0,25
1780429056,111.699,0,0,-111.699,111.699,488,18,65.3418,128.842,1.5,0,0,0,25
1783928748,103.708,0,0,-103.708,103.708,180,6,3.5,48.5696,1.5,0,0,0,25
1790428781,91.0411,0,0,-91.0411,91.0411,213,19,20.8944,55.6056,1.5,0,0,0,25
1791428773,88.5693,0,0,-88.5693,88.5693,205,7,16.2439,54.2561,1.5,0,0,0,25
1792428803,84.8862,0,0,-84.8862,84.8862,235,1,-18.7017,63.7983,1.5,0,0,0,25
1793428798,108.501,0,0,-108.501,108.501,230,9,9.67812,64.1781,1.5,0,0,0,25
1799929045,97.625,0,0,-97.625,97.625,477,8,-43.1398,134.14,1.5,0,0,0,25
1800000212,89.1748,0,0,-89.1748,89.1748,212,0,0,0,25,4,-26.4007,52.9007,1.5
1800035895,103.708,0,0,-103.708,103.708,180,0,0,0,25,6,3.5,48.4196,1.5
1800035920,88.5693,0,0,-88.5693,88.5693,205,0,0,0,25,7,16.35,54.15,1.5
1800035928,91.0411,0,0,-91.0411,91.0411,213,0,0,0,25,19,21.0004,55.4996,1.5
1800035945,108.501,0,0,-108.501,108.501,230,0,0,0,25,9,9.57205,64.0721,1.5
1800035950,84.8862,0,0,-84.8862,84.8862,235,0,0,0,25,1,-18.8077,63.6923,1.5
1800035960,92.0473,0,0,-92.0473,92.0473,245,0,0,0,25,16,19.7168,66.7168,1.5
1800036038,100.48,0,0,-100.48,100.48,323,0,0,0,25,13,38.2135,85.7135,1.5
1800036051,101.361,0,0,-101.361,101.361,336,0,0,0,25,20,25.5553,94.5553,1.5
1800036057,109.292,0,0,-109.292,109.292,342,0,0,0,25,2,-6.95851,99.5,1.5
1800036069,96.132,0,0,-96.132,96.132,354,0,0,0,25,5,-42,94.5306,1.5
1800036127,97.3631,0,0,-97.3631,97.3631,412,0,0,0,25,3,-45.2489,112.5,1.5
1800036144,104.61,0,0,-104.61,104.61,429,0,0,0,25,17,54,114.326,1.5
1800036147,119.769,0,0,-119.769,119.769,432,0,0,0,25,11,24.5,124.876,1.5
1800036192,97.625,0,0,-97.625,97.625,477,0,0,0,25,8,-43.0338,134.034,1.5
1800036203,111.699,0,0,-111.699,111.699,488,0,0,0,25,18,65.2357,128.736,1.5
1800036204,108.755,0,0,-108.755,108.755,489,0,0,0,25,15,51.1085,135.108,1.5
1800036207,99.8367,0,0,-99.8367,99.8367,492,0,0,0,25,12,-31,142.032,1.5
1800036210,99.7676,0,0,-99.7676,99.7676,495,0,0,0,25,14,-55.0532,135.553,1.5
1800036224,111.823,0,0,-111.823,111.823,509,0,0,0,25,10,-2,139.727,1.5
1801928997,104.61,0,0,-104.61,104.61,429,17,54,114.326,1.5,0,0,0,25
1803928813,92.0473,0,0,-92.0473,92.0473,245,16,19.7168,66.7168,1.5,0,0,0,25
1805928980,97.3631,0,0,-97.3631,97.3631,412,3,-45.2489,112.5,1.5,0,0,0,25
1806928904,101.361,0,0,-101.361,101.361,336,20,25.5553,94.5553,1.5,0,0,0,25
1810429063,99.7676,0,0,-99.7676,99.7676,495,14,-55.0532,135.553,1.5,0,0,0,25
1811429057,108.755,0,0,-108.755,108.755,489,15,51.1085,135.108,1.5,0,0,0,25
1812929077,111.823,0,0,-111.823,111.823,509,10,-2,139.727,1.5,0,0,0,25
1813428910,109.292,0,0,-109.292,109.292,342,2,-6.95851,99.5,1.5,0,0,0,25
1817429060,99.8367,0,0,-99.8367,99.8367,492,12,-31,142.032,1.5,0,0,0,25
1818928922,96.132,0,0,-96.132,96.132,354,5,-42,94.5306,1.5,0,0,0,25
1826429000,119.769,0,0,-119.769,119.769,432,11,24.5,124.876,1.5,0,0,0,25
1826928780,89.1748,0,0,-89.1748,89.1748,212,4,-26.4007,52.9007,1.5,0,0,0,25
1830429056,111.699,0,0,-111.699,111.699,488,18,65.2357,128.736,1.5,0,0,0,25
1830928891,100.48,0,0,-100.48,100.48,323,13,38.2135,85.7135,1.5,0,0,0,25
1833928748,103.708,0,0,-103.708,103.708,180,6,3.5,48.4196,1.5,0,0,0,25
1840428781,91.0411,0,0,-91.0411,91.0411,213,19,21.0004,55.4996,1.5,0,0,0,25
1841428773,88.5693,0,0,-88.5693,88.5693,205,7,16.35,54.15,1.5,0,0,0,25
1842428803,84.8862,0,0,-84.8862,84.8862,235,1,-18.8077,63.6923,1.5,0,0,0,25
1843428798,108.501,0,0,-108.501,108.501,230,9,9.57205,64.0721,1.5,0,0,0,25
1850000212,89.1748,0,0,-89.1748,89.1748,212,0,0,0,25,4,-26.4007,52.9007,1.5
1850035895,103.708,0,0,-103.708,103.708,180,0,0,0,25,6,3.5,48.4196,1.5
1850035920,88.5693,0,0,-88.5693,88.5693,205,0,0,0,25,7,16.35,54.15,1.5
1850035928,91.0411,0,0,-91.0411,91.0411,213,0,0,0,25,19,21.0004,55.4996,1.5
1850035945,108.501,0,0,-108.501,108.501,230,0,0,0,25,9,9.57205,64.0721,1.5
1850035950,84.8862,0,0,-84.8862,84.8862,235,0,0,0,25,1,-18.8077,63.6923,1.5
1850035960,92.0473,0,0,-92.0473,92.0473,245,0,0,0,25,16,19.7168,66.7168,1.5
1850036038,100.48,0,0,-100.48,100.48,323,0,0,0,25,13,38.2135,85.7135,1.5
1850036051,101.361,0,0,-101.361,101.361,336,0,0,0,25,20,25.5553,94.5553,1.5
1850036057,109.292,0,0,-109.292,109.292,342,0,0,0,25,2,-6.95851,99.5,1.5
1850036069,96.132,0,0,-96.132,96.132,354,0,0,0,25,5,-42,94.5306,1.5
1850036127,97.3631,0,0,-97.3631,97.3631,412,0,0,0,25,3,-45.2489,112.5,1.5
1850036144,104.61,0,0,-104.61,104.61,429,0,0,0,25,17,54,114.326,1.5
1850036147,119.769,0,0,-119.769,119.769,432,0,0,0,25,11,24.5,124.876,1.5
1850036192,97.625,0,0,-97.625,97.625,477,0,0,0,25,8,-43.0338,134.034,1.5
1850036203,111.699,0,0,-111.699,111.699,488,0,0,0,25,18,65.2357,128.736,1.5
1850036204,108.755,0,0,-108.755,108.755,489,0,0,0,25,15,51.1085,135.108,1.5
1850036207,99.8367,0,0,-99.8367,99.8367,492,0,0,0,25,12,-31,142.032,1.5
1850036210,99.7676,0,0,-99.7676,99.7676,495,0,0,0,25,14,-55.0532,135.553,1.5
1850036224,111.823,0,0,-111.823,111.823,509,0,0,0,25,10,-2,139.727,1.5
1850429045,97.625,0,0,-97.625,97.625,477,8,-43.0338,134.034,1.5,0,0,0,25
1851928997,104.61,0,0,-104.61,104.61,429,17,54,114.326,1.5,0,0,0,25
1853928813,92.0473,0,0,-92.0473,92.0473,245,16,19.7168,66.7168,1.5,0,0,0,25
1855928980,97.3631,0,0,-97.3631,97.3631,412,3,-45.2489,112.5,1.5,0,0,0,25
1856928904,101.361,0,0,-101.361,101.361,336,20,25.5553,94.5553,1.5,0,0,0,25
1860429063,99.7676,0,0,-99.7676,99.7676,495,14,-55.0532,135.553,1.5,0,0,0,25
1861429057,108.755,0,0,-108.755,108.755,489,15,51.1085,135.108,1.5,0,0,0,25
1862929077,111.823,0,0,-111.823,111.823,509,10,-2,139.727,1.5,0,0,0,25
1863428910,109.292,0,0,-109.292,109.292,342,2,-6.95851,99.5,1.5,0,0,0,25
1867429060,99.8367,0,0,-99.8367,99.8367,492,12,-31,142.032,1.5,0,0,0,25
1868928922,96.132,0,0,-96.132,96.132,354,5,-42,94.5306,1.5,0,0,0,25
1876929000,119.769,0,0,-119.769,119.769,432,11,24.5,124.876,1.5,0,0,0,25
1877428780,89.1748,0,0,-89.1748,89.1748,212,4,-26.4007,52.9007,1.5,0,0,0,25
1880429056,111.699,0,0,-111.699,111.699,488,18,65.2357,128.736,1.5,0,0,0,25
1880928891,100.48,0,0,-100.48,100.48,323,13,38.2135,85.7135,1.5,0,0,0,25
1883928748,103.708,0,0,-103.708,103.708,180,6,3.5,48.4196,1.5,0,0,0,25
1890428781,91.0411,0,0,-91.0411,91.0411,213,19,21.0004,55.4996,1.5,0,0,0,25
1891428773,88.5693,0,0,-88.5693,88.5693,205,7,16.35,54.15,1.5,0,0,0,25
1892928803,84.8862,0,0,-84.8862,84.8862,235,1,-18.8077,63.6923,1.5,0,0,0,25
1893428798,108.501,0,0,-108.501,108.501,230,9,9.57205,64.0721,1.5,0,0,0,25
1900000212,89.1748,0,0,-89.1748,89.1748,212,0,0,0,25,4,-26.5068,53.0068,1.5
1900035895,103.708,0,0,-103.708,103.708,180,0,0,0,25,6,3.5,48.2696,1.5
1900035920,88.5693,0,0,-88.5693,88.5693,205,0,0,0,25,7,16.4561,54.0439,1.5
1900035928,91.0411,0,0,-91.0411,91.0411,213,0,0,0,25,19,21.1065,55.3935,1.5
1900035945,108.501,0,0,-108.501,108.501,230,0,0,0,25,9,9.46599,63.966,1.5
1900035950,84.8862,0,0,-84.8862,84.8862,235,0,0,0,25,1,-18.9138,63.5862,1.5
1900035960,92.0473,0,0,-92.0473,92.0473,245,0,0,0,25,16,19.6107,66.6107,1.5
1900036038,100.48,0,0,-100.48,100.48,323,0,0,0,25,13,38.1075,85.6075,1.5
1900036051,101.361,0,0,-101.361,101.361,336,0,0,0,25,20,25.4492,94.4492,1.5
1900036057,109.292,0,0,-109.292,109.292,342,0,0,0,25,2,-7.10851,99.5,1.5
1900036069,96.132,0,0,-96.132,96.132,354,0,0,0,25,5,-42,94.3806,1.5
1900036127,97.3631,0,0,-97.3631,97.3631,412,0,0,0,25,3,-45.0989,112.5,1.5
1900036144,104.61,0,0,-104.61,104.61,429,0,0,0,25,17,54,114.176,1.5
1900036147,119.769,0,0,-119.769,119.769,432,0,0,0,25,11,24.5,124.726,1.5
1900036192,97.625,0,0,-97.625,97.625,477,0,0,0,25,8,-43,133.898,1.5
1900036203,111.699,0,0,-111.699,111.699,488,0,0,0,25,18,65.1296,128.63,1.5
1900036204,108.755,0,0,-108.755,108.755,489,0,0,0,25,15,51.0024,135.002,1.5
1900036207,99.8367,0,0,-99.8367,99.8367,492,0,0,0,25,12,-31,141.882,1.5
1900036210,99.7676,0,0,-99.7676,99.7676,495,0,0,0,25,14,-54.9472,135.447,1.5
1900036224,111.823,0,0,-111.823,111.823,509,0,0,0,25,10,-2,139.577,1.5
1901928997,104.61,0,0,-104.61,104.61,429,17,54,114.176,1.5,0,0,0,25
1903928813,92.0473,0,0,-92.0473,92.0473,245,16,19.6107,66.6107,1.5,0,0,0,25
1905928980,97.3631,0,0,-97.3631,97.3631,412,3,-45.0989,112.5,1.5,0,0,0,25
1906928904,101.361,0,0,-101.361,101.361,336,20,25.4492,94.4492,1.5,0,0,0,25
1907429045,97.625,0,0,-97.625,97.625,477,8,-43,133.898,1.5,0,0,0,25
1910929063,99.7676,0,0,-99.7676,99.7676,495,14,-54.9472,135.447,1.5,0,0,0,25
1911429057,108.755,0,0,-108.755,108.755,489,15,51.0024,135.002,1.5,0,0,0,25
1913428910,109.292,0,0,-109.292,109.292,342,2,-7.10851,99.5,1.5,0,0,0,25
1913429077,111.823,0,0,-111.823,111.823,509,10,-2,139.577,1.5,0,0,0,25
1917429060,99.8367,0,0,-99.8367,99.8367,492,12,-31,141.882,1.5,0,0,0,25
1918928922,96.132,0,0,-96.132,96.132,354,5,-42,94.3806,1.5,0,0,0,25
1927428780,89.1748,0,0,-89.1748,89.1748,212,4,-26.5068,53.0068,1.5,0,0,0,25
1927429000,119.769,0,0,-119.769,119.769,432,11,24.5,124.726,1.5,0,0,0,25
1930429056,111.699,0,0,-111.699,111.699,488,18,65.1296,128.63,1.5,0,0,0,25
1930928891,100.48,0,0,-100.48,100.48,323,13,38.1075,85.6075,1.5,0,0,0,25
1933928748,103.708,0,0,-103.708,103.708,180,6,3.5,48.2696,1.5,0,0,0,25
1940428781,91.0411,0,0,-91.0411,91.0411,213,19,21.1065,55.3935,1.5,0,0,0,25
1941428773,88.5693,0,0,-88.5693,88.5693,205,7,16.4561,54.0439,1.5,0,0,0,25
1943428798,108.501,0,0,-108.501,108.501,230,9,9.46599,63.966,1.5,0,0,0,25
1943428803,84.8862,0,0,-84.8862,84.8862,235,1,-18.9138,63.5862,1.5,0,0,0,25
1950000212,89.1748,0,0,-89.1748,89.1748,212,0,0,0,25,4,-26.5068,53.0068,1.5
1950035895,103.708,0,0,-103.708,103.708,180,0,0,0,25,6,3.5,48.2696,1.5
1950035920,88.5693,0,0,-88.5693,88.5693,205,0,0,0,25,7,16.4561,54.0439,1.5
1950035928,91.0411,0,0,-91.0411,91.0411,213,0,0,0,25,19,21.1065,55.3935,1.5
1950035945,108.501,0,0,-108.501,108.501,230,0,0,0,25,9,9.46599,63.966,1.5
1950035950,84.8862,0,0,-84.8862,84.8862,235,0,0,0,25,1,-18.9138,63.5862,1.5
1950035960,92.0473,0,0,-92.0473,92.0473,245,0,0,0,25,16,19.6107,66.6107,1.5
1950036038,100.48,0,0,-100.48,100.48,323,0,0,0,25,13,38.1075,85.6075,1.5
1950036051,101.361,0,0,-101.361,101.361,336,0,0,0,25,20,25.4492,94.4492,1.5
1950036057,109.292,0,0,-109.292,109.292,342,0,0,0,25,2,-7.10851,99.5,1.5
1950036069,96.132,0,0,-96.132,96.132,354,0,0,0,25,5,-42,94.3806,1.5
1950036127,97.3631,0,0,-97.3631,97.3631,412,0,0,0,25,3,-45.0989,112.5,1.5
1950036144,104.61,0,0,-104.61,104.61,429,0,0,0,25,17,54,114.176,1.5
1950036147,119.769,0,0,-119.769,119.769,432,0,0,0,25,11,24.5,124.726,1.5
1950036192,97.625,0,0,-97.625,97.625,477,0,0,0,25,8,-43,133.898,1.5
1950036203,111.699,0,0,-111.699,111.699,488,0,0,0,25,18,65.1296,128.63,1.5
1950036204,108.755,0,0,-108.755,108.755,489,0,0,0,25,15,51.0024,135.002,1.5
1950036207,99.8367,0,0,-99.8367,99.8367,492,0,0,0,25,12,-31,141.882,1.5
1950036210,99.7676,0,0,-99.7676,99.7676,495,0,0,0,25,14,-54.9472,135.447,1.5
1950036224,111.823,0,0,-111.823,111.823,509,0,0,0,25,10,-2,139.577,1.5
1951928997,104.61,0,0,-104.61,104.61,429,17,54,114.176,1.5,0,0,0,25
1953928813,92.0473,0,0,-92.0473,92.0473,245,16,19.6107,66.6107,1.5,0,0,0,25
1956428980,97.3631,0,0,-97.3631,97.3631,412,3,-45.0989,112.5,1.5,0,0,0,25
1956928904,101.361,0,0,-101.361,101.361,336,20,25.4492,94.4492,1.5,0,0,0,25
1957429045,97.625,0,0,-97.625,97.625,477,8,-43,133.898,1.5,0,0,0,25
1960929063,99.7676,0,0,-99.7676,99.7676,495,14,-54.9472,135.447,1.5,0,0,0,25
1961429057,108.755,0,0,-108.755,108.755,489,15,51.0024,135.002,1.5,0,0,0,25
1963428910,109.292,0,0,-109.292,109.292,342,2,-7.10851,99.5,1.5,0,0,0,25
1963429077,111.823,0,0,-111.823,111.823,509,10,-2,139.577,1.5,0,0,0,25
1967929060,99.8367,0,0,-99.8367,99.8367,492,12,-31,141.882,1.5,0,0,0,25
1968928922,96.132,0,0,-96.132,96.132,354,5,-42,94.3806,1.5,0,0,0,25
1977428780,89.1748,0,0,-89.1748,89.1748,212,4,-26.5068,53.0068,1.5,0,0,0,25
1977929000,119.769,0,0,-119.769,119.769,432,11,24.5,124.726,1.5,0,0,0,25
1980429056,111.699,0,0,-111.699,111.699,488,18,65.1296,128.63,1.5,0,0,0,25
1981928891,100.48,0,0,-100.48,100.48,323,13,38.1075,85.6075,1.5,0,0,0,25
1983928748,103.708,0,0,-103.708,103.708,180,6,3.5,48.2696,1.5,0,0,0,25
1990428781,91.0411,0,0,-91.0411,91.0411,213,19,21.1065,55.3935,1.5,0,0,0,25
1991428773,88.5693,0,0,-88.5693,88.5693,205,7,16.4561,54.0439,1.5,0,0,0,25
1993428798,108.501,0,0,-108.501,108.501,230,9,9.46599,63.966,1.5,0,0,0,25
1993428803,84.8862,0,0,-84.8862,84.8862,235,1,-18.9138,63.5862,1.5,0,0,0,25
2000000212,89.1748,0,0,-89.1748,89.1748,212,0,0,0,25,4,-26.6128,53.1128,1.5
2000035895,103.708,0,0,-103.708,103.708,180,0,0,0,25,6,3.5,48.1196,1.5
2000035920,88.5693,0,0,-88.5693,88.5693,205,0,0,0,25,7,16.5621,53.9379,1.5
2000035928,91.0411,0,0,-91.0411,91.0411,213,0,0,0,25,19,21.2126,55.2874,1.5
2000035945,108.501,0,0,-108.501,108.501,230,0,0,0,25,9,9.35992,63.8599,1.5
2000035950,84.8862,0,0,-84.8862,84.8862,235,0,0,0,25,1,-19.0199,63.4801,1.5
2000035960,92.0473,0,0,-92.0473,92.0473,245,0,0,0,25,16,19.5046,66.5046,1.5
2000036038,100.48,0,0,-100.48,100.48,323,0,0,0,25,13,38.0014,85.5014,1.5
2000036051,101.361,0,0,-101.361,101.361,336,0,0,0,25,20,25.3432,94.3432,1.5
2000036057,109.292,0,0,-109.292,109.292,342,0,0,0,25,2,-7.25851,99.5,1.5
2000036069,96.132,0,0,-96.132,96.132,354,0,0,0,25,5,-42,94.2306,1.5
2000036127,97.3631,0,0,-97.3631,97.3631,412,0,0,0,25,3,-44.9489,112.5,1.5
2000036144,104.61,0,0,-104.61,104.61,429,0,0,0,25,17,54,114.026,1.5
2000036147,119.769,0,0,-119.769,119.769,432,0,0,0,25,11,24.5,124.576,1.5
2000036192,97.625,0,0,-97.625,97.625,477,0,0,0,25,8,-43,133.748,1.5
2000036203,111.699,0,0,-111.699,111.699,488,0,0,0,25,18,65.0236,128.524,1.5
2000036204,108.755,0,0,-108.755,108.755,489,0,0,0,25,15,50.8963,134.896,1.5
2000036207,99.8367,0,0,-99.8367,99.8367,492,0,0,0,25,12,-31,141.732,1.5
2000036210,99.7676,0,0,-99.7676,99.7676,495,0,0,0,25,14,-54.8411,135.341,1.5
2000036224,111.823,0,0,-111.823,111.823,509,0,0,0,25,10,-2,139.427,1.5
2001928997,104.61,0,0,-104.61,104.61,429,17,54,114.026,1.5,0,0,0,25
2004428813,92.0473,0,0,-92.0473,92.0473,245,16,19.5046,66.5046,1.5,0,0,0,25
2006428980,97.3631,0,0,-97.3631,97.3631,412,3,-44.9489,112.5,1.5,0,0,0,25
2006928904,101.361,0,0,-101.361,101.361,336,20,25.3432,94.3432,1.5,0,0,0,25
2007429045,97.625,0,0,-97.625,97.625,477,8,-43,133.748,1.5,0,0,0,25
2010929063,99.7676,0,0,-99.7676,99.7676,495,14,-54.8411,135.341,1.5,0,0,0,25
2011429057,108.755,0,0,-108.755,108.755,489,15,50.8963,134.896,1.5,0,0,0,25
2013428910,109.292,0,0,-109.292,109.292,342,2,-7.25851,99.5,1.5,0,0,0,25
2013429077,111.823,0,0,-111.823,111.823,509,10,-2,139.427,1.5,0,0,0,25
2017929060,99.8367,0,0,-99.8367,99.8367,492,12,-31,141.732,1.5,0,0,0,25
2018928922,96.132,0,0,-96.132,96.132,354,5,-42,94.2306,1.5,0,0,0,25
2027928780,89.1748,0,0,-89.1748,89.1748,212,4,-26.6128,53.1128,1.5,0,0,0,25
2027929000,119.769,0,0,-119.769,119.769,432,11,24.5,124.576,1.5,0,0,0,25
2030429056,111.699,0,0,-111.699,111.699,488,18,65.0236,128.524,1.5,0,0,0,25
2031928891,100.48,0,0,-100.48,100.48,323,13,38.0014,85.5014,1.5,0,0,0,25
2033928748,103.708,0,0,-103.708,103.708,180,6,3.5,48.1196,1.5,0,0,0,25
2040428781,91.0411,0,0,-91.0411,91.0411,213,19,21.2126,55.2874,1.5,0,0,0,25
2041428773,88.5693,0,0,-88.5693,88.5693,205,7,16.5621,53.9379,1.5,0,0,0,25
2043428798,108.501,0,0,-108.501,108.501,230,9,9.35992,63.8599,1.5,0,0,0,25
2043428803,84.8862,0,0,-84.8862,84.8862,235,1,-19.0199,63.4801,1.5,0,0,0,25
2050000212,89.1748,0,0,-89.1748,89.1748,212,0,0,0,25,4,-26.6128,53.1128,1.5
2050035895,103.708,0,0,-103.708,103.708,180,0,0,0,25,6,3.5,48.1196,1.5
2050035920,88.5693,0,0,-88.5693,88.5693,205,0,0,0,25,7,16.5621,53.9379,1.5
2050035928,91.0411,0,0,-91.0411,91.0411,213,0,0,0,25,19,21.2126,55.2874,1.5
2050035945,108.501,0,0,-108.501,108.501,230,0,0,0,25,9,9.35992,63.8599,1.5
2050035950,84.8862,0,0,-84.8862,84.8862,235,0,0,0,25,1,-19.0199,63.4801,1.5
2050035960,92.0473,0,0,-92.0473,92.0473,245,0,0,0,25,16,19.5046,66.5046,1.5
2050036038,100.48,0,0,-100.48,100.48,323,0,0,0,25,13,38.0014,85.5014,1.5
2050036051,101.361,0,0,-101.361,101.361,336,0,0,0,25,20,25.3432,94.3432,1.5
2050036057,109.292,0,0,-109.292,109.292,342,0,0,0,25,2,-7.25851,99.5,1.5
2050036069,96.132,0,0,-96.132,96.132,354,0,0,0,25,5,-42,94.2306,1.5
2050036127,97.3631,0,0,-97.3631,97.3631,412,0,0,0,25,3,-44.9489,112.5,1.5
2050036144,104.61,0,0,-104.61,104.61,429,0,0,0,25,17,54,114.026,1.5
2050036147,119.769,0,0,-119.769,119.769,432,0,0,0,25,11,24.5,124.576,1.5
2050036192,97.625,0,0,-97.625,97.625,477,0,0,0,25,8,-43,133.748,1.5
2050036203,111.699,0,0,-111.699,111.699,488,0,0,0,25,18,65.0236,128.524,1.5
2050036204,108.755,0,0,-108.755,108.755,489,0,0,0,25,15,50.8963,134.896,1.5
2050036207,99.8367,0,0,-99.8367,99.8367,492,0,0,0,25,12,-31,141.732,1.5
2050036210,99.7676,0,0,-99.7676,99.7676,495,0,0,0,25,14,-54.8411,135.341,1.5
2050036224,111.823,0,0,-111.823,111.823,509,0,0,0,25,10,-2,139.427,1.5
2051928997,104.61,0,0,-104.61,104.61,429,17,54,114.026,1.5,0,0,0,25
2054428813,92.0473,0,0,-92.0473,92.0473,245,16,19.5046,66.5046,1.5,0,0,0,25
2056428980,97.3631,0,0,-97.3631,97.3631,412,3,-44.9489,112.5,1.5,0,0,0,25
2056928904,101.361,0,0,-101.361,101.361,336,20,25.3432,94.3432,1.5,0,0,0,25
2057429045,97.625,0,0,-97.625,97.625,477,8,-43,133.748,1.5,0,0,0,25
2060929063,99.7676,0,0,-99.7676,99.7676,495,14,-54.8411,135.341,1.5,0,0,0,25
2061429057,108.755,0,0,-108.755,108.755,489,15,50.8963,134.896,1.5,0,0,0,25
2063428910,109.292,0,0,-109.292,109.292,342,2,-7.25851,99.5,1.5,0,0,0,25
2063929077,111.823,0,0,-111.823,111.823,509,10,-2,139.427,1.5,0,0,0,25
2067929060,99.8367,0,0,-99.8367,99.8367,492,12,-31,141.732,1.5,0,0,0,25
2068928922,96.132,0,0,-96.132,96.132,354,5,-42,94.2306,1.5,0,0,0,25
2078428780,89.1748,0,0,-89.1748,89.1748,212,4,-26.6128,53.1128,1.5,0,0,0,25
2078429000,119.769,0,0,-119.769,119.769,432,11,24.5,124.576,1.5,0,0,0,25
2080429056,111.699,0,0,-111.699,111.699,488,18,65.0236,128.524,1.5,0,0,0,25
2081928891,100.48,0,0,-100.48,100.48,323,13,38.0014,85.5014,1.5,0,0,0,25
2084428748,103.708,0,0,-103.708,103.708,180,6,3.5,48.1196,1.5,0,0,0,25
2090428781,91.0411,0,0,-91.0411,91.0411,213,19,21.2126,55.2874,1.5,0,0,0,25
2091928773,88.5693,0,0,-88.5693,88.5693,205,7,16.5621,53.9379,1.5,0,0,0,25
2093428798,108.501,0,0,-108.501,108.501,230,9,9.35992,63.8599,1.5,0,0,0,25
2093428803,84.8862,0,0,-84.8862,84.8862,235,1,-19.0199,63.4801,1.5,0,0,0,25
2100000212,89.1748,0,0,-89.1748,89.1748,212,0,0,0,25,4,-26.7189,53.2189,1.5
2100035895,103.708,0,0,-103.708,103.708,180,0,0,0,25,6,3.5,47.9696,1.5
2100035920,88.5693,0,0,-88.5693,88.5693,205,0,0,0,25,7,16.6682,53.8318,1.5
2100035928,91.0411,0,0,-91.0411,91.0411,213,0,0,0,25,19,21.3186,55.1814,1.5
2100035945,108.501,0,0,-108.501,108.501,230,0,0,0,25,9,9.25386,63.7539,1.5
2100035950,84.8862,0,0,-84.8862,84.8862,235,0,0,0,25,1,-19.1259,63.3741,1.5
2100035960,92.0473,0,0,-92.0473,92.0473,245,0,0,0,25,16,19.3986,66.3986,1.5
2100036038,100.48,0,0,-100.48,100.48,323,0,0,0,25,13,37.8953,85.3953,1.5
2100036051,101.361,0,0,-101.361,101.361,336,0,0,0,25,20,25.2371,94.2371,1.5
2100036057,109.292,0,0,-109.292,109.292,342,0,0,0,25,2,-7.40851,99.5,1.5
2100036069,96.132,0,0,-96.132,96.132,354,0,0,0,25,5,-42,94.0806,1.5
2100036127,97.3631,0,0,-97.3631,97.3631,412,0,0,0,25,3,-44.7989,112.5,1.5
2100036144,104.61,0,0,-104.61,104.61,429,0,0,0,25,17,54,113.876,1.5
2100036147,119.769,0,0,-119.769,119.769,432,0,0,0,25,11,24.5,124.426,1.5
2100036192,97.625,0,0,-97.625,97.625,477,0,0,0,25,8,-43,133.598,1.5
2100036203,111.699,0,0,-111.699,111.699,488,0,0,0,25,18,64.9175,128.418,1.5
2100036204,108.755,0,0,-108.755,108.755,489,0,0,0,25,15,50.7903,134.79,1.5
2100036207,99.8367,0,0,-99.8367,99.8367,492,0,0,0,25,12,-31,141.582,1.5
2100036210,99.7676,0,0,-99.7676,99.7676,495,0,0,0,25,14,-54.735,135.235,1.5
2100036224,111.823,0,0,-111.823,111.823,509,0,0,0,25,10,-2,139.277,1.5
2101928997,104.61,0,0,-104.61,104.61,429,17,54,113.876,1.5,0,0,0,25
2104428813,92.0473,0,0,-92.0473,92.0473,245,16,19.3986,66.3986,1.5,0,0,0,25
2106428980,97.3631,0,0,-97.3631,97.3631,412,3,-44.7989,112.5,1.5,0,0,0,25
2106928904,101.361,0,0,-101.361,101.361,336,20,25.2371,94.2371,1.5,0,0,0,25
2107429045,97.625,0,0,-97.625,97.625,477,8,-43,133.598,1.5,0,0,0,25
2110929063,99.7676,0,0,-99.7676,99.7676,495,14,-54.735,135.235,1.5,0,0,0,25
2111429057,108.755,0,0,-108.755,108.755,489,15,50.7903,134.79,1.5,0,0,0,25
2113428910,109.292,0,0,-109.292,109.292,342,2,-7.40851,99.5,1.5,0,0,0,25
2114929077,111.823,0,0,-111.823,111.823,509,10,-2,139.277,1.5,0,0,0,25
2117929060,99.8367,0,0,-99.8367,99.8367,492,12,-31,141.582,1.5,0,0,0,25
2118928922,96.132,0,0,-96.132,96.132,354,5,-42,94.0806,1.5,0,0,0,25
2128428780,89.1748,0,0,-89.1748,89.1748,212,4,-26.7189,53.2189,1.5,0,0,0,25
2128929000,119.769,0,0,-119.769,119.769,432,11,24.5,124.426,1.5,0,0,0,25
2130429056,111.699,0,0,-111.699,111.699,488,18,64.9175,128.418,1.5,0,0,0,25
2131928891,100.48,0,0,-100.48,100.48,323,13,37.8953,85.3953,1.5,0,0,0,25
2134428748,103.708,0,0,-103.708,103.708,180,6,3.5,47.9696,1.5,0,0,0,25
2140428781,91.0411,0,0,-91.0411,91.0411,213,19,21.3186,55.1814,1.5,0,0,0,25
2141928773,88.5693,0,0,-88.5693,88.5693,205,7,16.6682,53.8318,1.5,0,0,0,25
2143428798,108.501,0,0,-108.501,108.501,230,9,9.25386,63.7539,1.5,0,0,0,25
2143428803,84.8862,0,0,-84.8862,84.8862,235,1,-19.1259,63.3741,1.5,0,0,0,25
2150000212,89.1748,0,0,-89.1748,89.1748,212,0,0,0,25,4,-26.7189,53.2189,1.5
2150035895,103.708,0,0,-103.708,103.708,180,0,0,0,25,6,3.5,47.9696,1.5
2150035920,88.5693,0,0,-88.5693,88.5693,205,0,0,0,25,7,16.6682,53.8318,1.5
2150035928,91.0411,0,0,-91.0411,91.0411,213,0,0,0,25,19,21.3186,55.1814,1.5
2150035945,108.501,0,0,-108.501,108.501,230,0,0,0,25,9,9.25386,63.7539,1.5
2150035950,84.8862,0,0,-84.8862,84.8862,235,0,0,0,25,1,-19.1259,63.3741,1.5
2150035960,92.0473,0,0,-92.0473,92.0473,245,0,0,0,25,16,19.3986,66.3986,1.5
2150036038,100.48,0,0,-100.48,100.48,323,0,0,0,25,13,37.8953,85.3953,1.5
2150036051,101.361,0,0,-101.361,101.361,336,0,0,0,25,20,25.2371,94.2371,1.5
2150036057,109.292,0,0,-109.292,109.292,342,0,0,0,25,2,-7.40851,99.5,1.5
2150036069,96.132,0,0,-96.132,96.132,354,0,0,0,25,5,-42,94.0806,1.5
2150036127,97.3631,0,0,-97.3631,97.3631,412,0,0,0,25,3,-44.7989,112.5,1.5
2150036144,104.61,0,0,-104.61,104.61,429,0,0,0,25,17,54,113.876,1.5
2150036147,119.769,0,0,-119.769,119.769,432,0,0,0,25,11,24.5,124.426,1.5
2150036192,97.625,0,0,-97.625,97.625,477,0,0,0,25,8,-43,133.598,1.5
2150036203,111.699,0,0,-111.699,111.699,488,0,0,0,25,18,64.9175,128.418,1.5
2150036204,108.755,0,0,-108.755,108.755,489,0,0,0,25,15,50.7903,134.79,1.5
2150036207,99.8367,0,0,-99.8367,99.8367,492,0,0,0,25,12,-31,141.582,1.5
2150036210,99.7676,0,0,-99.7676,99.7676,495,0,0,0,25,14,-54.735,135.235,1.5
2150036224,111.823,0,0,-111.823,111.823,509,0,0,0,25,10,-2,139.277,1.5
2151928997,104.61,0,0,-104.61,104.61,429,17,54,113.876,1.5,0,0,0,25
2154928813,92.0473,0,0,-92.0473,92.0473,245,16,19.3986,66.3986,1.5,0,0,0,25
2156428980,97.3631,0,0,-97.3631,97.3631,412,3,-44.7989,112.5,1.5,0,0,0,25
2156928904,101.361,0,0,-101.361,101.361,336,20,25.2371,94.2371,1.5,0,0,0,25
2157429045,97.625,0,0,-97.625,97.625,477,8,-43,133.598,1.5,0,0,0,25
2160929063,99.7676,0,0,-99.7676,99.7676,495,14,-54.735,135.235,1.5,0,0,0,25
2161429057,108.755,0,0,-108.755,108.755,489,15,50.7903,134.79,1.5,0,0,0,25
2163428910,109.292,0,0,-109.292,109.292,342,2,-7.40851,99.5,1.5,0,0,0,25
2164929077,111.823,0,0,-111.823,111.823,509,10,-2,139.277,1.5,0,0,0,25
2167929060,99.8367,0,0,-99.8367,99.8367,492,12,-31,141.582,1.5,0,0,0,25
2168928922,96.132,0,0,-96.132,96.132,354,5,-42,94.0806,1.5,0,0,0,25
2178428780,89.1748,0,0,-89.1748,89.1748,212,4,-26.7189,53.2189,1.5,0,0,0,25
2178929000,119.769,0,0,-119.769,119.769,432,11,24.5,124.426,1.5,0,0,0,25
2180429056,111.699,0,0,-111.699,111.699,488,18,64.9175,128.418,1.5,0,0,0,25
2182928891,100.48,0,0,-100.48,100.48,323,13,37.8953,85.3953,1.5,0,0,0,25
2184428748,103.708,0,0,-103.708,103.708,180,6,3.5,47.9696,1.5,0,0,0,25
2190428781,91.0411,0,0,-91.0411,91.0411,213,19,21.3186,55.1814,1.5,0,0,0,25
2191928773,88.5693,0,0,-88.5693,88.5693,205,7,16.6682,53.8318,1.5,0,0,0,25
2193428798,108.501,0,0,-108.501,108.501,230,9,9.25386,63.7539,1.5,0,0,0,25
2193428803,84.8862,0,0,-84.8862,84.8862,235,1,-19.1259,63.3741,1.5,0,0,0,25
2200000212,89.1748,0,0,-89.1748,89.1748,212,0,0,0,25,4,-26.8249,53.3249,1.5
2200035895,103.708,0,0,-103.708,103.708,180,0,0,0,25,6,3.5,47.8196,1.5
2200035920,88.5693,0,0,-88.5693,88.5693,205,0,0,0,25,7,16.7743,53.7257,1.5
2200035928,91.0411,0,0,-91.0411,91.0411,213,0,0,0,25,19,21.4247,55.0753,1.5
2200035945,108.501,0,0,-108.501,108.501,230,0,0,0,25,9,9.14779,63.6478,1.5
2200035950,84.8862,0,0,-84.8862,84.8862,235,0,0,0,25,1,-19.232,63.268,1.5
2200035960,92.0473,0,0,-92.0473,92.0473,245,0,0,0,25,16,19.2925,66.2925,1.5
2200036038,100.48,0,0,-100.48,100.48,323,0,0,0,25,13,37.7893,85.2893,1.5
2200036051,101.361,0,0,-101.361,101.361,336,0,0,0,25,20,25.131,94.131,1.5
2200036057,109.292,0,0,-109.292,109.292,342,0,0,0,25,2,-7.55851,99.5,1.5
2200036069,96.132,0,0,-96.132,96.132,354,0,0,0,25,5,-42,93.9306,1.5
2200036127,97.3631,0,0,-97.3631,97.3631,412,0,0,0,25,3,-44.6489,112.5,1.5
2200036144,104.61,0,0,-104.61,104.61,429,0,0,0,25,17,54,113.726,1.5
2200036147,119.769,0,0,-119.769,119.769,432,0,0,0,25,11,24.5,124.276,1.5
2200036192,97.625,0,0,-97.625,97.625,477,0,0,0,25,8,-43,133.448,1.5
2200036203,111.699,0,0,-111.699,111.699,488,0,0,0,25,18,64.8114,128.311,1.5
2200036204,108.755,0,0,-108.755,108.755,489,0,0,0,25,15,50.6842,134.684,1.5
2200036207,99.8367,0,0,-99.8367,99.8367,492,0,0,0,25,12,-31,141.432,1.5
2200036210,99.7676,0,0,-99.7676,99.7676,495,0,0,0,25,14,-54.629,135.129,1.5
2200036224,111.823,0,0,-111.823,111.823,509,0,0,0,25,10,-2,139.127,1.5
2201928997,104.61,0,0,-104.61,104.61,429,17,54,113.726,1.5,0,0,0,25
2204928813,92.0473,0,0,-92.0473,92.0473,245,16,19.2925,66.2925,1.5,0,0,0,25
2206928904,101.361,0,0,-101.361,101.361,336,20,25.131,94.131,1.5,0,0,0,25
2207429045,97.625,0,0,-97.625,97.625,477,8,-43,133.448,1.5,0,0,0,25
2211428980,97.3631,0,0,-97.3631,97.3631,412,3,-44.6489,112.5,1.5,0,0,0,25
2211429057,108.755,0,0,-108.755,108.755,489,15,50.6842,134.684,1.5,0,0,0,25
2211429063,99.7676,0,0,-99.7676,99.7676,495,14,-54.629,135.129,1.5,0,0,0,25
2213428910,109.292,0,0,-109.292,109.292,342,2,-7.55851,99.5,1.5,0,0,0,25
2214929077,111.823,0,0,-111.823,111.823,509,10,-2,139.127,1.5,0,0,0,25
2217929060,99.8367,0,0,-99.8367,99.8367,492,12,-31,141.432,1.5,0,0,0,25
2219428922,96.132,0,0,-96.132,96.132,354,5,-42,93.9306,1.5,0,0,0,25
2228928780,89.1748,0,0,-89.1748,89.1748,212,4,-26.8249,53.3249,1.5,0,0,0,25
2229929000,119.769,0,0,-119.769,119.769,432,11,24.5,124.276,1.5,0,0,0,25
2230429056,111.699,0,0,-111.699,111.699,488,18,64.8114,128.311,1.5,0,0,0,25
2232928891,100.48,0,0,-100.48,100.48,323,13,37.7893,85.2893,1.5,0,0,0,25
2234428748,103.708,0,0,-103.708,103.708,180,6,3.5,47.8196,1.5,0,0,0,25
2240428781,91.0411,0,0,-91.0411,91.0411,213,19,21.4247,55.0753,1.5,0,0,0,25
2241928773,88.5693,0,0,-88.5693,88.5693,205,7,16.7743,53.7257,1.5,0,0,0,25
2243428798,108.501,0,0,-108.501,108.501,230,9,9.14779,63.6478,1.5,0,0,0,25
2243428803,84.8862,0,0,-84.8862,84.8862,235,1,-19.232,63.268,1.5,0,0,0,25
2250000212,89.1748,0,0,-89.1748,89.1748,212,0,0,0,25,4,-26.8249,53.3249,1.5
2250035895,103.708,0,0,-103.708,103.708,180,0,0,0,25,6,3.5,47.8196,1.5
2250035920,88.5693,0,0,-88.5693,88.5693,205,0,0,0,25,7,16.7743,53.7257,1.5
2250035928,91.0411,0,0,-91.0411,91.0411,213,0,0,0,25,19,21.4247,55.0753,1.5
2250035945,108.501,0,0,-108.501,108.501,230,0,0,0,25,9,9.14779,63.6478,1.5
2250035950,84.8862,0,0,-84.8862,84.8862,235,0,0,0,25,1,-19.232,63.268,1.5
2250035960,92.0473,0,0,-92.0473,92.0473,245,0,0,0,25,16,19.2925,66.2925,1.5
2250036038,100.48,0,0,-100.48,100.48,323,0,0,0,25,13,37.7893,85.2893,1.5
2250036051,101.361,0,0,-101.361,101.361,336,0,0,0,25,20,25.131,94.131,1.5
2250036057,109.292,0,0,-109.292,109.292,342,0,0,0,25,2,-7.55851,99.5,1.5
2250036069,96.132,0,0,-96.132,96.132,354,0,0,0,25,5,-42,93.9306,1.5
2250036127,97.3631,0,0,-97.3631,97.3631,412,0,0,0,25,3,-44.6489,112.5,1.5
2250036144,104.61,0,0,-104.61,104.61,429,0,0,0,25,17,54,113.726,1.5
2250036147,119.769,0,0,-119.769,119.769,432,0,0,0,25,11,24.5,124.276,1.5
2250036192,97.625,0,0,-97.625,97.625,477,0,0,0,25,8,-43,133.448,1.5
2250036203,111.699,0,0,-111.699,111.699,488,0,0,0,25,18,64.8114,128.311,1.5
2250036204,108.755,0,0,-108.755,108.755,489,0,0,0,25,15,50.6842,134.684,1.5
2250036207,99.8367,0,0,-99.8367,99.8367,492,0,0,0,25,12,-31,141.432,1.5
2250036210,99.7676,0,0,-99.7676,99.7676,495,0,0,0,25,14,-54.629,135.129,1.5
2250036224,111.823,0,0,-111.823,111.823,509,0,0,0,25,10,-2,139.127,1.5
2251928997,104.61,0,0,-104.61,104.61,429,17,54,113.726,1.5,0,0,0,25
2254928813,92.0473,0,0,-92.0473,92.0473,245,16,19.2925,66.2925,1.5,0,0,0,25
2256928904,101.361,0,0,-101.361,101.361,336,20,25.131,94.131,1.5,0,0,0,25
2257929045,97.625,0,0,-97.625,97.625,477,8,-43,133.448,1.5,0,0,0,25
2261428980,97.3631,0,0,-97.3631,97.3631,412,3,-44.6489,112.5,1.5,0,0,0,25
2261429057,108.755,0,0,-108.755,108.755,489,15,50.6842,134.684,1.5,0,0,0,25
2261429063,99.7676,0,0,-99.7676,99.7676,495,14,-54.629,135.129,1.5,0,0,0,25
2263428910,109.292,0,0,-109.292,109.292,342,2,-7.55851,99.5,1.5,0,0,0,25
2265429077,111.823,0,0,-111.823,111.823,509,10,-2,139.127,1.5,0,0,0,25
2268429060,99.8367,0,0,-99.8367,99.8367,492,12,-31,141.432,1.5,0,0,0,25
2269428922,96.132,0,0,-96.132,96.132,354,5,-42,93.9306,1.5,0,0,0,25
2278928780,89.1748,0,0,-89.1748,89.1748,212,4,-26.8249,53.3249,1.5,0,0,0,25
2279929000,119.769,0,0,-119.769,119.769,432,11,24.5,124.276,1.5,0,0,0,25
2280429056,111.699,0,0,-111.699,111.699,488,18,64.8114,128.311,1.5,0,0,0,25
2283928891,100.48,0,0,-100.48,100.48,323,13,37.7893,85.2893,1.5,0,0,0,25
2284428748,103.708,0,0,-103.708,103.708,180,6,3.5,47.8196,1.5,0,0,0,25
2290428781,91.0411,0,0,-91.0411,91.0411,213,19,21.4247,55.0753,1.5,0,0,0,25
2291928773,88.5693,0,0,-88.5693,88.5693,205,7,16.7743,53.7257,1.5,0,0,0,25
2293428798,108.501,0,0,-108.501,108.501,230,9,9.14779,63.6478,1.5,0,0,0,25
2293428803,84.8862,0,0,-84.8862,84.8862,235,1,-19.232,63.268,1.5,0,0,0,25
2300000212,89.1748,0,0,-89.1748,89.1748,212,0,0,0,25,4,-26.931,53.431,1.5
2300035895,103.708,0,0,-103.708,103.708,180,0,0,0,25,6,3.5,47.6696,1.5
2300035920,88.5693,0,0,-88.5693,88.5693,205,0,0,0,25,7,16.8803,53.6197,1.5
2300035928,91.0411,0,0,-91.0411,91.0411,213,0,0,0,25,19,21.5308,54.9692,1.5
2300035945,108.501,0,0,-108.501,108.501,230,0,0,0,25,9,9.04172,63.5417,1.5
2300035950,84.8862,0,0,-84.8862,84.8862,235,0,0,0,25,1,-19.3381,63.1619,1.5
2300035960,92.0473,0,0,-92.0473,92.0473,245,0,0,0,25,16,19.1864,66.1864,1.5
2300036038,100.48,0,0,-100.48,100.48,323,0,0,0,25,13,37.6832,85.1832,1.5
2300036051,101.361,0,0,-101.361,101.361,336,0,0,0,25,20,25.025,94.025,1.5
2300036057,109.292,0,0,-109.292,109.292,342,0,0,0,25,2,-7.70851,99.5,1.5
2300036069,96.132,0,0,-96.132,96.132,354,0,0,0,25,5,-42,93.7806,1.5
2300036127,97.3631,0,0,-97.3631,97.3631,412,0,0,0,25,3,-44.4989,112.5,1.5
2300036144,104.61,0,0,-104.61,104.61,429,0,0,0,25,17,54,113.576,1.5
2300036147,119.769,0,0,-119.769,119.769,432,0,0,0,25,11,24.5,124.126,1.5
2300036192,97.625,0,0,-97.625,97.625,477,0,0,0,25,8,-43,133.298,1.5
2300036203,111.699,0,0,-111.699,111.699,488,0,0,0,25,18,64.7054,128.205,1.5
2300036204,108.755,0,0,-108.755,108.755,489,0,0,0,25,15,50.5781,134.578,1.5
2300036207,99.8367,0,0,-99.8367,99.8367,492,0,0,0,25,12,-31,141.282,1.5
2300036210,99.7676,0,0,-99.7676,99.7676,495,0,0,0,25,14,-54.5229,135.023,1.5
2300036224,111.823,0,0,-111.823,111.823,509,0,0,0,25,10,-2,138.977,1.5
2301928997,104.61,0,0,-104.61,104.61,429,17,54,113.576,1.5,0,0,0,25
2304928813,92.0473,0,0,-92.0473,92.0473,245,16,19.1864,66.1864,1.5,0,0,0,25
2306928904,101.361,0,0,-101.361,101.361,336,20,25.025,94.025,1.5,0,0,0,25
2308429045,97.625,0,0,-97.625,97.625,477,8,-43,133.298,1.5,0,0,0,25
2311428980,97.3631,0,0,-97.3631,97.3631,412,3,-44.4989,112.5,1.5,0,0,0,25
2311429057,108.755,0,0,-108.755,108.755,489,15,50.5781,134.578,1.5,0,0,0,25
2311429063,99.7676,0,0,-99.7676,99.7676,495,14,-54.5229,135.023,1.5,0,0,0,25
2313428910,109.292,0,0,-109.292,109.292,342,2,-7.70851,99.5,1.5,0,0,0,25
2315929077,111.823,0,0,-111.823,111.823,509,10,-2,138.977,1.5,0,0,0,25
2318429060,99.8367,0,0,-99.8367,99.8367,492,12,-31,141.282,1.5,0,0,0,25
2319428922,96.132,0,0,-96.132,96.132,354,5,-42,93.7806,1.5,0,0,0,25
2328928780,89.1748,0,0,-89.1748,89.1748,212,4,-26.931,53.431,1.5,0,0,0,25
2330429056,111.699,0,0,-111.699,111.699,488,18,64.7054,128.205,1.5,0,0,0,25
2331929000,119.769,0,0,-119.769,119.769,432,11,24.5,124.126,1.5,0,0,0,25
2333928891,100.48,0,0,-100.48,100.48,323,13,37.6832,85.1832,1.5,0,0,0,25
2334428748,103.708,0,0,-103.708,103.708,180,6,3.5,47.6696,1.5,0,0,0,25
2340428781,91.0411,0,0,-91.0411,91.0411,213,19,21.5308,54.9692,1.5,0,0,0,25
2341928773,88.5693,0,0,-88.5693,88.5693,205,7,16.8803,53.6197,1.5,0,0,0,25
2343428798,108.501,0,0,-108.501,108.501,230,9,9.04172,63.5417,1.5,0,0,0,25
2343428803,84.8862,0,0,-84.8862,84.8862,235,1,-19.3381,63.1619,1.5,0,0,0,25
2350000212,89.1748,0,0,-89.1748,89.1748,212,0,0,0,25,4,-26.931,53.431,1.5
2350035895,103.708,0,0,-103.708,103.708,180,0,0,0,25,6,3.5,47.6696,1.5
2350035920,88.5693,0,0,-88.5693,88.5693,205,0,0,0,25,7,16.8803,53.6197,1.5
2350035928,91.0411,0,0,-91.0411,91.0411,213,0,0,0,25,19,21.5308,54.9692,1.5
2350035945,108.501,0,0,-108.501,108.501,230,0,0,0,25,9,9.04172,63.5417,1.5
2350035950,84.8862,0,0,-84.8862,84.8862,235,0,0,0,25,1,-19.3381,63.1619,1.5
2350035960,92.0473,0,0,-92.0473,92.0473,245,0,0,0,25,16,19.1864,66.1864,1.5
2350036038,100.48,0,0,-100.48,100.48,323,0,0,0,25,13,37.6832,85.1832,1.5
2350036051,101.361,0,0,-101.361,101.361,336,0,0,0,25,20,25.025,94.025,1.5
2350036057,109.292,0,0,-109.292,109.292,342,0,0,0,25,2,-7.70851,99.5,1.5
2350036069,96.132,0,0,-96.132,96.132,354,0,0,0,25,5,-42,93.7806,1.5
2350036127,97.3631,0,0,-97.3631,97.3631,412,0,0,0,25,3,-44.4989,112.5,1.5
2350036144,104.61,0,0,-104.61,104.61,429,0,0,0,25,17,54,113.576,1.5
2350036147,119.769,0,0,-119.769,119.769,432,0,0,0,25,11,24.5,124.126,1.5
2350036192,97.625,0,0,-97.625,97.625,477,0,0,0,25,8,-43,133.298,1.5
2350036203,111.699,0,0,-111.699,111.699,488,0,0,0,25,18,64.7054,128.205,1.5
2350036204,108.755,0,0,-108.755,108.755,489,0,0,0,25,15,50.5781,134.578,1.5
2350036207,99.8367,0,0,-99.8367,99.8367,492,0,0,0,25,12,-31,141.282,1.5
2350036210,99.7676,0,0,-99.7676,99.7676,495,0,0,0,25,14,-54.5229,135.023,1.5
2350036224,111.823,0,0,-111.823,111.823,509,0,0,0,25,10,-2,138.977,1.5
2351928997,104.61,0,0,-104.61,104.61,429,17,54,113.576,1.5,0,0,0,25
2354928813,92.0473,0,0,-92.0473,92.0473,245,16,19.1864,66.1864,1.5,0,0,0,25
2356928904,101.361,0,0,-101.361,101.361,336,20,25.025,94.025,1.5,0,0,0,25
2358429045,97.625,0,0,-97.625,97.625,477,8,-43,133.298,1.5,0,0,0,25
2361429057,108.755,0,0,-108.755,108.755,489,15,50.5781,134.578,1.5,0,0,0,25
2361429063,99.7676,0,0,-99.7676,99.7676,495,14,-54.5229,135.023,1.5,0,0,0,25
2361928980,97.3631,0,0,-97.3631,97.3631,412,3,-44.4989,112.5,1.5,0,0,0,25
2363428910,109.292,0,0,-109.292,109.292,342,2,-7.70851,99.5,1.5,0,0,0,25
2365929077,111.823,0,0,-111.823,111.823,509,10,-2,138.977,1.5,0,0,0,25
2368429060,99.8367,0,0,-99.8367,99.8367,492,12,-31,141.282,1.5,0,0,0,25
2369428922,96.132,0,0,-96.132,96.132,354,5,-42,93.7806,1.5,0,0,0,25
2379428780,89.1748,0,0,-89.1748,89.1748,212,4,-26.931,53.431,1.5,0,0,0,25
2380429056,111.699,0,0,-111.699,111.699,488,18,64.7054,128.205,1.5,0,0,0,25
2383928891,100.48,0,0,-100.48,100.48,323,13,37.6832,85.1832,1.5,0,0,0,25
2384428748,103.708,0,0,-103.708,103.708,180,6,3.5,47.6696,1.5,0,0,0,25
2384929000,119.769,0,0,-119.769,119.769,432,11,24.5,124.126,1.5,0,0,0,25
2390428781,91.0411,0,0,-91.0411,91.0411,213,19,21.5308,54.9692,1.5,0,0,0,25
2391928773,88.5693,0,0,-88.5693,88.5693,205,7,16.8803,53.6197,1.5,0,0,0,25
2393428803,84.8862,0,0,-84.8862,84.8862,235,1,-19.3381,63.1619,1.5,0,0,0,25
2393928798,108.501,0,0,-108.501,108.501,230,9,9.04172,63.5417,1.5,0,0,0,25
2400000212,89.1748,0,0,-89.1748,89.1748,212,0,0,0,25,4,-27.0371,53.5371,1.5
2400035895,103.708,0,0,-103.708,103.708,180,0,0,0,25,6,3.5,47.5196,1.5
2400035920,88.5693,0,0,-88.5693,88.5693,205,0,0,0,25,7,16.9864,53.5136,1.5
2400035928,91.0411,0,0,-91.0411,91.0411,213,0,0,0,25,19,21.6368,54.8632,1.5
2400035945,108.501,0,0,-108.501,108.501,230,0,0,0,25,9,8.93566,63.4357,1.5
2400035950,84.8862,0,0,-84.8862,84.8862,235,0,0,0,25,1,-19.4441,63.0559,1.5
2400035960,92.0473,0,0,-92.0473,92.0473,245,0,0,0,25,16,19.0804,66.0804,1.5
2400036038,100.48,0,0,-100.48,100.48,323,0,0,0,25,13,37.5771,85.0771,1.5
2400036051,101.361,0,0,-101.361,101.361,336,0,0,0,25,20,24.9189,93.9189,1.5
2400036057,109.292,0,0,-109.292,109.292,342,0,0,0,25,2,-7.85851,99.5,1.5
2400036069,96.132,0,0,-96.132,96.132,354,0,0,0,25,5,-42,93.6306,1.5
2400036127,97.3631,0,0,-97.3631,97.3631,412,0,0,0,25,3,-44.3489,112.5,1.5
2400036144,104.61,0,0,-104.61,104.61,429,0,0,0,25,17,54,113.426,1.5
2400036147,119.769,0,0,-119.769,119.769,432,0,0,0,25,11,24.5,123.976,1.5
2400036192,97.625,0,0,-97.625,97.625,477,0,0,0,25,8,-43,133.148,1.5
2400036203,111.699,0,0,-111.699,111.699,488,0,0,0,25,18,64.5993,128.099,1.5
2400036204,108.755,0,0,-108.755,108.755,489,0,0,0,25,15,50.4721,134.472,1.5
2400036207,99.8367,0,0,-99.8367,99.8367,492,0,0,0,25,12,-31,141.132,1.5
2400036210,99.7676,0,0,-99.7676,99.7676,495,0,0,0,25,14,-54.4168,134.917,1.5
2400036224,111.823,0,0,-111.823,111.823,509,0,0,0,25,10,-2,138.827,1.5
2401928997,104.61,0,0,-104.61,104.61,429,17,54,113.426,1.5,0,0,0,25
2404928813,92.0473,0,0,-92.0473,92.0473,245,16,19.0804,66.0804,1.5,0,0,0,25
2406928904,101.361,0,0,-101.361,101.361,336,20,24.9189,93.9189,1.5,0,0,0,25
2408429045,97.625,0,0,-97.625,97.625,477,8,-43,133.148,1.5,0,0,0,25
2411429057,108.755,0,0,-108.755,108.755,489,15,50.4721,134.472,1.5,0,0,0,25
2411429063,99.7676,0,0,-99.7676,99.7676,495,14,-54.4168,134.917,1.5,0,0,0,25
2411928980,97.3631,0,0,-97.3631,97.3631,412,3,-44.3489,112.5,1.5,0,0,0,25
2413428910,109.292,0,0,-109.292,109.292,342,2,-7.85851,99.5,1.5,0,0,0,25
2415929077,111.823,0,0,-111.823,111.823,509,10,-2,138.827,1.5,0,0,0,25
2418429060,99.8367,0,0,-99.8367,99.8367,492,12,-31,141.132,1.5,0,0,0,25
2419428922,96.132,0,0,-96.132,96.132,354,5,-42,93.6306,1.5,0,0,0,25
2429428780,89.1748,0,0,-89.1748,89.1748,212,4,-27.0371,53.5371,1.5,0,0,0,25
2430429056,111.699,0,0,-111.699,111.699,488,18,64.5993,128.099,1.5,0,0,0,25
2433928891,100.48,0,0,-100.48,100.48,323,13,37.5771,85.0771,1.5,0,0,0,25
2434428748,103.708,0,0,-103.708,103.708,180,6,3.5,47.5196,1.5,0,0,0,25
2434929000,119.769,0,0,-119.769,119.769,432,11,24.5,123.976,1.5,0,0,0,25
2440428781,91.0411,0,0,-91.0411,91.0411,213,19,21.6368,54.8632,1.5,0,0,0,25
2441928773,88.5693,0,0,-88.5693,88.5693,205,7,16.9864,53.5136,1.5,0,0,0,25
2443428803,84.8862,0,0,-84.8862,84.8862,235,1,-19.4441,63.0559,1.5,0,0,0,25
2443928798,108.501,0,0,-108.501,108.501,230,9,8.93566,63.4357,1.5,0,0,0,25
2450000212,89.1748,0,0,-89.1748,89.1748,212,0,0,0,25,4,-27.0371,53.5371,1.5
2450035895,103.708,0,0,-103.708,103.708,180,0,0,0,25,6,3.5,47.5196,1.5
2450035920,88.5693,0,0,-88.5693,88.5693,205,0,0,0,25,7,16.9864,53.5136,1.5
2450035928,91.0411,0,0,-91.0411,91.0411,213,0,0,0,25,19,21.6368,54.8632,1.5
2450035945,108.501,0,0,-108.501,108.501,230,0,0,0,25,9,8.93566,63.4357,1.5
2450035950,84.8862,0,0,-84.8862,84.8862,235,0,0,0,25,1,-19.4441,63.0559,1.5
2450035960,92.0473,0,0,-92.0473,92.0473,245,0,0,0,25,16,19.0804,66.0804,1.5
2450036038,100.48,0,0,-100.48,100.48,323,0,0,0,25,13,37.5771,85.0771,1.5
2450036051,101.361,0,0,-101.361,101.361,336,0,0,0,25,20,24.9189,93.9189,1.5
2450036057,109.292,0,0,-109.292,109.292,342,0,0,0,25,2,-7.85851,99.5,1.5
2450036069,96.132,0,0,-96.132,96.132,354,0,0,0,25,5,-42,93.6306,1.5
2450036127,97.3631,0,0,-97.3631,97.3631,412,0,0,0,25,3,-44.3489,112.5,1.5
2450036144,104.61,0,0,-104.61,104.61,429,0,0,0,25,17,54,113.426,1.5
2450036147,119.769,0,0,-119.769,119.769,432,0,0,0,25,11,24.5,123.976,1.5
2450036192,97.625,0,0,-97.625,97.625,477,0,0,0,25,8,-43,133.148,1.5
2450036203,111.699,0,0,-111.699,111.699,488,0,0,0,25,18,64.5993,128.099,1.5
2450036204,108.755,0,0,-108.755,108.755,489,0,0,0,25,15,50.4721,134.472,1.5
2450036207,99.8367,0,0,-99.8367,99.8367,492,0,0,0,25,12,-31,141.132,1.5
2450036210,99.7676,0,0,-99.7676,99.7676,495,0,0,0,25,14,-54.4168,134.917,1.5
2450036224,111.823,0,0,-111.823,111.823,509,0,0,0,25,10,-2,138.827,1.5
2451928997,104.61,0,0,-104.61,104.61,429,17,54,113.426,1.5,0,0,0,25
2454928813,92.0473,0,0,-92.0473,92.0473,245,16,19.0804,66.0804,1.5,0,0,0,25
2456928904,101.361,0,0,-101.361,101.361,336,20,24.9189,93.9189,1.5,0,0,0,25
2458929045,97.625,0,0,-97.625,97.625,477,8,-43,133.148,1.5,0,0,0,25
2461429057,108.755,0,0,-108.755,108.755,489,15,50.4721,134.472,1.5,0,0,0,25
2461429063,99.7676,0,0,-99.7676,99.7676,495,14,-54.4168,134.917,1.5,0,0,0,25
2461928980,97.3631,0,0,-97.3631,97.3631,412,3,-44.3489,112.5,1.5,0,0,0,25
2463428910,109.292,0,0,-109.292,109.292,342,2,-7.85851,99.5,1.5,0,0,0,25
2465929077,111.823,0,0,-111.823,111.823,509,10,-2,138.827,1.5,0,0,0,25
2468429060,99.8367,0,0,-99.8367,99.8367,492,12,-31,141.132,1.5,0,0,0,25
2469428922,96.132,0,0,-96.132,96.132,354,5,-42,93.6306,1.5,0,0,0,25
2479428780,89.1748,0,0,-89.1748,89.1748,212,4,-27.0371,53.5371,1.5,0,0,0,25
2480429056,111.699,0,0,-111.699,111.699,488,18,64.5993,128.099,1.5,0,0,0,25
2483928891,100.48,0,0,-100.48,100.48,323,13,37.5771,85.0771,1.5,0,0,0,25
2484428748,103.708,0,0,-103.708,103.708,180,6,3.5,47.5196,1.5,0,0,0,25
2484929000,119.769,0,0,-119.769,119.769,432,11,24.5,123.976,1.5,0,0,0,25
2490428781,91.0411,0,0,-91.0411,91.0411,213,19,21.6368,54.8632,1.5,0,0,0,25
2491928773,88.5693,0,0,-88.5693,88.5693,205,7,16.9864,53.5136,1.5,0,0,0,25
2493428803,84.8862,0,0,-84.8862,84.8862,235,1,-19.4441,63.0559,1.5,0,0,0,25
2493928798,108.501,0,0,-108.501,108.501,230,9,8.93566,63.4357,1.5,0,0,0,25
2500000212,89.1748,0,0,-89.1748,89.1748,212,0,0,0,25,4,-27.1431,53.6431,1.5
2500035895,103.708,0,0,-103.708,103.708,180,0,0,0,25,6,3.5,47.3696,1.5
2500035920,88.5693,0,0,-88.5693,88.5693,205,0,0,0,25,7,17.0925,53.4075,1.5
2500035928,91.0411,0,0,-91.0411,91.0411,213,0,0,0,25,19,21.7429,54.7571,1.5
2500035945,108.501,0,0,-108.501,108.501,230,0,0,0,25,9,8.82959,63.3296,1.5
2500035950,84.8862,0,0,-84.8862,84.8862,235,0,0,0,25,1,-19.5502,62.9498,1.5
2500035960,92.0473,0,0,-92.0473,92.0473,245,0,0,0,25,16,18.9743,65.9743,1.5
2500036038,100.48,0,0,-100.48,100.48,323,0,0,0,25,13,37.4711,84.9711,1.5
2500036051,101.361,0,0,-101.361,101.361,336,0,0,0,25,20,24.8128,93.8128,1.5
2500036057,109.292,0,0,-109.292,109.292,342,0,0,0,25,2,-8.00851,99.5,1.5
2500036069,96.132,0,0,-96.132,96.132,354,0,0,0,25,5,-42,93.4806,1.5
2500036127,97.3631,0,0,-97.3631,97.3631,412,0,0,0,25,3,-44.1989,112.5,1.5
2500036144,104.61,0,0,-104.61,104.61,429,0,0,0,25,17,54,113.276,1.5
2500036147,119.769,0,0,-119.769,119.769,432,0,0,0,25,11,24.5,123.826,1.5
2500036192,97.625,0,0,-97.625,97.625,477,0,0,0,25,8,-43,132.998,1.5
2500036203,111.699,0,0,-111.699,111.699,488,0,0,0,25,18,64.4932,127.993,1.5
2500036204,108.755,0,0,-108.755,108.755,489,0,0,0,25,15,50.366,134.366,1.5
2500036207,99.8367,0,0,-99.8367,99.8367,492,0,0,0,25,12,-31,140.982,1.5
2500036210,99.7676,0,0,-99.7676,99.7676,495,0,0,0,25,14,-54.3108,134.811,1.5
2500036224,111.823,0,0,-111.823,111.823,509,0,0,0,25,10,-2,138.677,1.5
2501928997,104.61,0,0,-104.61,104.61,429,17,54,113.276,1.5,0,0,0,25
2504928813,92.0473,0,0,-92.0473,92.0473,245,16,18.9743,65.9743,1.5,0,0,0,25
2506928904,101.361,0,0,-101.361,101.361,336,20,24.8128,93.8128,1.5,0,0,0,25
2508929045,97.625,0,0,-97.625,97.625,477,8,-43,132.998,1.5,0,0,0,25
2511429057,108.755,0,0,-108.755,108.755,489,15,50.366,134.366,1.5,0,0,0,25
2511429063,99.7676,0,0,-99.7676,99.7676,495,14,-54.3108,134.811,1.5,0,0,0,25
2511928980,97.3631,0,0,-97.3631,97.3631,412,3,-44.1989,112.5,1.5,0,0,0,25
2513428910,109.292,0,0,-109.292,109.292,342,2,-8.00851,99.5,1.5,0,0,0,25
2515929077,111.823,0,0,-111.823,111.823,509,10,-2,138.677,1.5,0,0,0,25
2518429060,99.8367,0,0,-99.8367,99.8367,492,12,-31,140.982,1.5,0,0,0,25
2519428922,96.132,0,0,-96.132,96.132,354,5,-42,93.4806,1.5,0,0,0,25
2529428780,89.1748,0,0,-89.1748,89.1748,212,4,-27.1431,53.6431,1.5,0,0,0,25
2530429056,111.699,0,0,-111.699,111.699,488,18,64.4932,127.993,1.5,0,0,0,25
2534428748,103.708,0,0,-103.708,103.708,180,6,3.5,47.3696,1.5,0,0,0,25
2534928891,100.48,0,0,-100.48,100.48,323,13,37.4711,84.9711,1.5,0,0,0,25
2534929000,119.769,0,0,-119.769,119.769,432,11,24.5,123.826,1.5,0,0,0,25
2540428781,91.0411,0,0,-91.0411,91.0411,213,19,21.7429,54.7571,1.5,0,0,0,25
2542428773,88.5693,0,0,-88.5693,88.5693,205,7,17.0925,53.4075,1.5,0,0,0,25
2543428803,84.8862,0,0,-84.8862,84.8862,235,1,-19.5502,62.9498,1.5,0,0,0,25
2544428798,108.501,0,0,-108.501,108.501,230,9,8.82959,63.3296,1.5,0,0,0,25
2550000212,89.1748,0,0,-89.1748,89.1748,212,0,0,0,25,4,-27.1431,53.6431,1.5
2550035895,103.708,0,0,-103.708,103.708,180,0,0,0,25,6,3.5,47.3696,1.5
2550035920,88.5693,0,0,-88.5693,88.5693,205,0,0,0,25,7,17.0925,53.4075,1.5
2550035928,91.0411,0,0,-91.0411,91.0411,213,0,0,0,25,19,21.7429,54.7571,1.5
2550035945,108.501,0,0,-108.501,108.501,230,0,0,0,25,9,8.82959,63.3296,1.5
2550035950,84.8862,0,0,-84.8862,84.8862,235,0,0,0,25,1,-19.5502,62.9498,1.5
2550035960,92.0473,0,0,-92.0473,92.0473,245,0,0,0,25,16,18.9743,65.9743,1.5
2550036038,100.48,0,0,-100.48,100.48,323,0,0,0,25,13,37.4711,84.9711,1.5
2550036051,101.361,0,0,-101.361,101.361,336,0,0,0,25,20,24.8128,93.8128,1.5
2550036057,109.292,0,0,-109.292,109.292,342,0,0,0,25,2,-8.00851,99.5,1.5
2550036069,96.132,0,0,-96.132,96.132,354,0,0,0,25,5,-42,93.4806,1.5
2550036127,97.3631,0,0,-97.3631,97.3631,412,0,0,0,25,3,-44.1989,112.5,1.5
2550036144,104.61,0,0,-104.61,104.61,429,0,0,0,25,17,54,113.276,1.5
2550036147,119.769,0,0,-119.769,119.769,432,0,0,0,25,11,24.5,123.826,1.5
2550036192,97.625,0,0,-97.625,97.625,477,0,0,0,25,8,-43,132.998,1.5
2550036203,111.699,0,0,-111.699,111.699,488,0,0,0,25,18,64.4932,127.993,1.5
2550036204,108.755,0,0,-108.755,108.755,489,0,0,0,25,15,50.366,134.366,1.5
2550036207,99.8367,0,0,-99.8367,99.8367,492,0,0,0,25,12,-31,140.982,1.5
2550036210,99.7676,0,0,-99.7676,99.7676,495,0,0,0,25,14,-54.3108,134.811,1.5
2550036224,111.823,0,0,-111.823,111.823,509,0,0,0,25,10,-2,138.677,1.5
2551928997,104.61,0,0,-104.61,104.61,429,17,54,113.276,1.5,0,0,0,25
2554928813,92.0473,0,0,-92.0473,92.0473,245,16,18.9743,65.9743,1.5,0,0,0,25
2556928904,101.361,0,0,-101.361,101.361,336,20,24.8128,93.8128,1.5,0,0,0,25
2558929045,97.625,0,0,-97.625,97.625,477,8,-43,132.998,1.5,0,0,0,25
2561928980,97.3631,0,0,-97.3631,97.3631,412,3,-44.1989,112.5,1.5,0,0,0,25
2561929057,108.755,0,0,-108.755,108.755,489,15,50.366,134.366,1.5,0,0,0,25
2563428910,109.292,0,0,-109.292,109.292,342,2,-8.00851,99.5,1.5,0,0,0,25
2564429063,99.7676,0,0,-99.7676,99.7676,495,14,-54.3108,134.811,1.5,0,0,0,25
2565929077,111.823,0,0,-111.823,111.823,509,10,-2,138.677,1.5,0,0,0,25
2568429060,99.8367,0,0,-99.8367,99.8367,492,12,-31,140.982,1.5,0,0,0,25
2572928922,96.132,0,0,-96.132,96.132,354,5,-42,93.4806,1.5,0,0,0,25
2579428780,89.1748,0,0,-89.1748,89.1748,212,4,-27.1431,53.6431,1.5,0,0,0,25
2581429056,111.699,0,0,-111.699,111.699,488,18,64.4932,127.993,1.5,0,0,0,25
2584428748,103.708,0,0,-103.708,103.708,180,6,3.5,47.3696,1.5,0,0,0,25
2584928891,100.48,0,0,-100.48,100.48,323,13,37.4711,84.9711,1.5,0,0,0,25
2585429000,119.769,0,0,-119.769,119.769,432,11,24.5,123.826,1.5,0,0,0,25
2590428781,91.0411,0,0,-91.0411,91.0411,213,19,21.7429,54.7571,1.5,0,0,0,25
2592428773,88.5693,0,0,-88.5693,88.5693,205,7,17.0925,53.4075,1.5,0,0,0,25
2593428803,84.8862,0,0,-84.8862,84.8862,235,1,-19.5502,62.9498,1.5,0,0,0,25
2594428798,108.501,0,0,-108.501,108.501,230,9,8.82959,63.3296,1.5,0,0,0,25
2600000212,89.1748,0,0,-89.1748,89.1748,212,0,0,0,25,4,-27.2492,53.7492,1.5
2600035895,103.708,0,0,-103.708,103.708,180,0,0,0,25,6,3.5,47.2196,1.5
2600035920,88.5693,0,0,-88.5693,88.5693,205,0,0,0,25,7,17.1985,53.3015,1.5
2600035928,91.0411,0,0,-91.0411,91.0411,213,0,0,0,25,19,21.8489,54.6511,1.5
2600035945,108.501,0,0,-108.501,108.501,230,0,0,0,25,9,8.72353,63.2235,1.5
2600035950,84.8862,0,0,-84.8862,84.8862,235,0,0,0,25,1,-19.6563,62.8437,1.5
2600035960,92.0473,0,0,-92.0473,92.0473,245,0,0,0,25,16,18.8682,65.8682,1.5
2600036038,100.48,0,0,-100.48,100.48,323,0,0,0,25,13,37.365,84.865,1.5
2600036051,101.361,0,0,-101.361,101.361,336,0,0,0,25,20,24.7068,93.7068,1.5
2600036057,109.292,0,0,-109.292,109.292,342,0,0,0,25,2,-8.15851,99.5,1.5
2600036069,96.132,0,0,-96.132,96.132,354,0,0,0,25,5,-42,93.3306,1.5
2600036127,97.3631,0,0,-97.3631,97.3631,412,0,0,0,25,3,-44.0489,112.5,1.5
2600036144,104.61,0,0,-104.61,104.61,429,0,0,0,25,17,54,113.126,1.5
2600036147,119.769,0,0,-119.769,119.769,432,0,0,0,25,11,24.5,123.676,1.5
2600036192,97.625,0,0,-97.625,97.625,477,0,0,0,25,8,-43,132.848,1.5
2600036203,111.699,0,0,-111.699,111.699,488,0,0,0,25,18,64.3872,127.887,1.5
2600036204,108.755,0,0,-108.755,108.755,489,0,0,0,25,15,50.2599,134.26,1.5
2600036207,99.8367,0,0,-99.8367,99.8367,492,0,0,0,25,12,-31,140.832,1.5
2600036210,99.7676,0,0,-99.7676,99.7676,495,0,0,0,25,14,-54.2047,134.705,1.5
2600036224,111.823,0,0,-111.823,111.823,509,0,0,0,25,10,-2,138.527,1.5
2601928997,104.61,0,0,-104.61,104.61,429,17,54,113.126,1.5,0,0,0,25
2604928813,92.0473,0,0,-92.0473,92.0473,245,16,18.8682,65.8682,1.5,0,0,0,25
2606928904,101.361,0,0,-101.361,101.361,336,20,24.7068,93.7068,1.5,0,0,0,25
2608929045,97.625,0,0,-97.625,97.625,477,8,-43,132.848,1.5,0,0,0,25
2611928980,97.3631,0,0,-97.3631,97.3631,412,3,-44.0489,112.5,1.5,0,0,0,25
2612429057,108.755,0,0,-108.755,108.755,489,15,50.2599,134.26,1.5,0,0,0,25
2613428910,109.292,0,0,-109.292,109.292,342,2,-8.15851,99.5,1.5,0,0,0,25
2614929063,99.7676,0,0,-99.7676,99.7676,495,14,-54.2047,134.705,1.5,0,0,0,25
2615929077,111.823,0,0,-111.823,111.823,509,10,-2,138.527,1.5,0,0,0,25
2618929060,99.8367,0,0,-99.8367,99.8367,492,12,-31,140.832,1.5,0,0,0,25
2622928922,96.132,0,0,-96.132,96.132,354,5,-42,93.3306,1.5,0,0,0,25
2629428780,89.1748,0,0,-89.1748,89.1748,212,4,-27.2492,53.7492,1.5,0,0,0,25
2631429056,111.699,0,0,-111.699,111.699,488,18,64.3872,127.887,1.5,0,0,0,25
2634928748,103.708,0,0,-103.708,103.708,180,6,3.5,47.2196,1.5,0,0,0,25
2634928891,100.48,0,0,-100.48,100.48,323,13,37.365,84.865,1.5,0,0,0,25
2635429000,119.769,0,0,-119.769,119.769,432,11,24.5,123.676,1.5,0,0,0,25
2640428781,91.0411,0,0,-91.0411,91.0411,213,19,21.8489,54.6511,1.5,0,0,0,25
2642428773,88.5693,0,0,-88.5693,88.5693,205,7,17.1985,53.3015,1.5,0,0,0,25
2643428803,84.8862,0,0,-84.8862,84.8862,235,1,-19.6563,62.8437,1.5,0,0,0,25
2644928798,108.501,0,0,-108.501,108.501,230,9,8.72353,63.2235,1.5,0,0,0,25
2650000212,89.1748,0,0,-89.1748,89.1748,212,0,0,0,25,4,-27.2492,53.7492,1.5
2650035895,103.708,0,0,-103.708,103.708,180,0,0,0,25,6,3.5,47.2196,1.5
2650035920,88.5693,0,0,-88.5693,88.5693,205,0,0,0,25,7,17.1985,53.3015,1.5
2650035928,91.0411,0,0,-91.0411,91.0411,213,0,0,0,25,19,21.8489,54.6511,1.5
2650035945,108.501,0,0,-108.501,108.501,230,0,0,0,25,9,8.72353,63.2235,1.5
2650035950,84.8862,0,0,-84.8862,84.8862,235,0,0,0,25,1,-19.6563,62.8437,1.5
2650035960,92.0473,0,0,-92.0473,92.0473,245,0,0,0,25,16,18.8682,65.8682,1.5
2650036038,100.48,0,0,-100.48,100.48,323,0,0,0,25,13,37.365,84.865,1.5
2650036051,101.361,0,0,-101.361,101.361,336,0,0,0,25,20,24.7068,93.7068,1.5
2650036057,109.292,0,0,-109.292,109.292,342,0,0,0,25,2,-8.15851,99.5,1.5
2650036069,96.132,0,0,-96.132,96.132,354,0,0,0,25,5,-42,93.3306,1.5
2650036127,97.3631,0,0,-97.3631,97.3631,412,0,0,0,25,3,-44.0489,112.5,1.5
2650036144,104.61,0,0,-104.61,104.61,429,0,0,0,25,17,54,113.126,1.5
2650036147,119.769,0,0,-119.769,119.769,432,0,0,0,25,11,24.5,123.676,1.5
2650036192,97.625,0,0,-97.625,97.625,477,0,0,0,25,8,-43,132.848,1.5
2650036203,111.699,0,0,-111.699,111.699,488,0,0,0,25,18,64.3872,127.887,1.5
2650036204,108.755,0,0,-108.755,108.755,489,0,0,0,25,15,50.2599,134.26,1.5
2650036207,99.8367,0,0,-99.8367,99.8367,492,0,0,0,25,12,-31,140.832,1.5
2650036210,99.7676,0,0,-99.7676,99.7676,495,0,0,0,25,14,-54.2047,134.705,1.5
2650036224,111.823,0,0,-111.823,111.823,509,0,0,0,25,10,-2,138.527,1.5
2651928997,104.61,0,0,-104.61,104.61,429,17,54,113.126,1.5,0,0,0,25
2654928813,92.0473,0,0,-92.0473,92.0473,245,16,18.8682,65.8682,1.5,0,0,0,25
2657428904,101.361,0,0,-101.361,101.361,336,20,24.7068,93.7068,1.5,0,0,0,25
2658929045,97.625,0,0,-97.625,97.625,477,8,-43,132.848,1.5,0,0,0,25
2661928980,97.3631,0,0,-97.3631,97.3631,412,3,-44.0489,112.5,1.5,0,0,0,25
2662429057,108.755,0,0,-108.755,108.755,489,15,50.2599,134.26,1.5,0,0,0,25
2663428910,109.292,0,0,-109.292,109.292,342,2,-8.15851,99.5,1.5,0,0,0,25
2664929063,99.7676,0,0,-99.7676,99.7676,495,14,-54.2047,134.705,1.5,0,0,0,25
2665929077,111.823,0,0,-111.823,111.823,509,10,-2,138.527,1.5,0,0,0,25
2668929060,99.8367,0,0,-99.8367,99.8367,492,12,-31,140.832,1.5,0,0,0,25
2672928922,96.132,0,0,-96.132,96.132,354,5,-42,93.3306,1.5,0,0,0,25
2679428780,89.1748,0,0,-89.1748,89.1748,212,4,-27.2492,53.7492,1.5,0,0,0,25
2681429056,111.699,0,0,-111.699,111.699,488,18,64.3872,127.887,1.5,0,0,0,25
2684928748,103.708,0,0,-103.708,103.708,180,6,3.5,47.2196,1.5,0,0,0,25
2684928891,100.48,0,0,-100.48,100.48,323,13,37.365,84.865,1.5,0,0,0,25
2690428781,91.0411,0,0,-91.0411,91.0411,213,19,21.8489,54.6511,1.5,0,0,0,25
2692428773,88.5693,0,0,-88.5693,88.5693,205,7,17.1985,53.3015,1.5,0,0,0,25
2692929000,119.769,0,0,-119.769,119.769,432,11,24.5,123.676,1.5,0,0,0,25
2693428803,84.8862,0,0,-84.8862,84.8862,235,1,-19.6563,62.8437,1.5,0,0,0,25
2694928798,108.501,0,0,-108.501,108.501,230,9,8.72353,63.2235,1.5,0,0,0,25
2700000212,89.1748,0,0,-89.1748,89.1748,212,0,0,0,25,4,-27.3553,53.8553,1.5
2700035895,103.708,0,0,-103.708,103.708,180,0,0,0,25,6,3.5,47.0696,1.5
2700035920,88.5693,0,0,-88.5693,88.5693,205,0,0,0,25,7,17.3046,53.1954,1.5
2700035928,91.0411,0,0,-91.0411,91.0411,213,0,0,0,25,19,21.955,54.545,1.5
2700035945,108.501,0,0,-108.501,108.501,230,0,0,0,25,9,8.61746,63.1175,1.5
2700035950,84.8862,0,0,-84.8862,84.8862,235,0,0,0,25,1,-19.7623,62.7377,1.5
2700035960,92.0473,0,0,-92.0473,92.0473,245,0,0,0,25,16,18.7622,65.7622,1.5
2700036038,100.48,0,0,-100.48,100.48,323,0,0,0,25,13,37.2589,84.7589,1.5
2700036051,101.361,0,0,-101.361,101.361,336,0,0,0,25,20,24.6007,93.6007,1.5
2700036057,109.292,0,0,-109.292,109.292,342,0,0,0,25,2,-8.30851,99.5,1.5
2700036069,96.132,0,0,-96.132,96.132,354,0,0,0,25,5,-42,93.1806,1.5
2700036127,97.3631,0,0,-97.3631,97.3631,412,0,0,0,25,3,-43.8989,112.5,1.5
2700036144,104.61,0,0,-104.61,104.61,429,0,0,0,25,17,54,112.976,1.5
2700036147,119.769,0,0,-119.769,119.769,432,0,0,0,25,11,24.5,123.526,1.5
2700036192,97.625,0,0,-97.625,97.625,477,0,0,0,25,8,-43,132.698,1.5
2700036203,111.699,0,0,-111.699,111.699,488,0,0,0,25,18,64.2811,127.781,1.5
2700036204,108.755,0,0,-108.755,108.755,489,0,0,0,25,15,50.1539,134.154,1.5
2700036207,99.8367,0,0,-99.8367,99.8367,492,0,0,0,25,12,-31,140.682,1.5
2700036210,99.7676,0,0,-99.7676,99.7676,495,0,0,0,25,14,-54.0986,134.599,1.5
2700036224,111.823,0,0,-111.823,111.823,509,0,0,0,25,10,-2,138.377,1.5
2701928997,104.61,0,0,-104.61,104.61,429,17,54,112.976,1.5,0,0,0,25
2704928813,92.0473,0,0,-92.0473,92.0473,245,16,18.7622,65.7622,1.5,0,0,0,25
2707428904,101.361,0,0,-101.361,101.361,336,20,24.6007,93.6007,1.5,0,0,0,25
2709429045,97.625,0,0,-97.625,97.625,477,8,-43,132.698,1.5,0,0,0,25
2711928980,97.3631,0,0,-97.3631,97.3631,412,3,-43.8989,112.5,1.5,0,0,0,25
2712429057,108.755,0,0,-108.755,108.755,489,15,50.1539,134.154,1.5,0,0,0,25
2713428910,109.292,0,0,-109.292,109.292,342,2,-8.30851,99.5,1.5,0,0,0,25
2714929063,99.7676,0,0,-99.7676,99.7676,495,14,-54.0986,134.599,1.5,0,0,0,25
2715929077,111.823,0,0,-111.823,111.823,509,10,-2,138.377,1.5,0,0,0,25
2718929060,99.8367,0,0,-99.8367,99.8367,492,12,-31,140.682,1.5,0,0,0,25
2722928922,96.132,0,0,-96.132,96.132,354,5,-42,93.1806,1.5,0,0,0,25
2729428780,89.1748,0,0,-89.1748,89.1748,212,4,-27.3553,53.8553,1.5,0,0,0,25
2731429056,111.699,0,0,-111.699,111.699,488,18,64.2811,127.781,1.5,0,0,0,25
2734928748,103.708,0,0,-103.708,103.708,180,6,3.5,47.0696,1.5,0,0,0,25
2734928891,100.48,0,0,-100.48,100.48,323,13,37.2589,84.7589,1.5,0,0,0,25
2740428781,91.0411,0,0,-91.0411,91.0411,213,19,21.955,54.545,1.5,0,0,0,25
2742428773,88.5693,0,0,-88.5693,88.5693,205,7,17.3046,53.1954,1.5,0,0,0,25
2743428803,84.8862,0,0,-84.8862,84.8862,235,1,-19.7623,62.7377,1.5,0,0,0,25
2744928798,108.501,0,0,-108.501,108.501,230,9,8.61746,63.1175,1.5,0,0,0,25
2744929000,119.769,0,0,-119.769,119.769,432,11,24.5,123.526,1.5,0,0,0,25
2750000212,89.1748,0,0,-89.1748,89.1748,212,0,0,0,25,4,-27.3553,53.8553,1.5
2750035895,103.708,0,0,-103.708,103.708,180,0,0,0,25,6,3.5,47.0696,1.5
2750035920,88.5693,0,0,-88.5693,88.5693,205,0,0,0,25,7,17.3046,53.1954,1.5
2750035928,91.0411,0,0,-91.0411,91.0411,213,0,0,0,25,19,21.955,54.545,1.5
2750035945,108.501,0,0,-108.501,108.501,230,0,0,0,25,9,8.61746,63.1175,1.5
2750035950,84.8862,0,0,-84.8862,84.8862,235,0,0,0,25,1,-19.7623,62.7377,1.5
2750035960,92.0473,0,0,-92.0473,92.0473,245,0,0,0,25,16,18.7622,65.7622,1.5
2750036038,100.48,0,0,-100.48,100.48,323,0,0,0,25,13,37.2589,84.7589,1.5
2750036051,101.361,0,0,-101.361,101.361,336,0,0,0,25,20,24.6007,93.6007,1.5
2750036057,109.292,0,0,-109.292,109.292,342,0,0,0,25,2,-8.30851,99.5,1.5
2750036069,96.132,0,0,-96.132,96.132,354,0,0,0,25,5,-42,93.1806,1.5
2750036127,97.3631,0,0,-97.3631,97.3631,412,0,0,0,25,3,-43.8989,112.5,1.5
2750036144,104.61,0,0,-104.61,104.61,429,0,0,0,25,17,54,112.976,1.5
2750036147,119.769,0,0,-119.769,119.769,432,0,0,0,25,11,24.5,123.526,1.5
2750036192,97.625,0,0,-97.625,97.625,477,0,0,0,25,8,-43,132.698,1.5
2750036203,111.699,0,0,-111.699,111.699,488,0,0,0,25,18,64.2811,127.781,1.5
2750036204,108.755,0,0,-108.755,108.755,489,0,0,0,25,15,50.1539,134.154,1.5
2750036207,99.8367,0,0,-99.8367,99.8367,492,0,0,0,25,12,-31,140.682,1.5
2750036210,99.7676,0,0,-99.7676,99.7676,495,0,0,0,25,14,-54.0986,134.599,1.5
2750036224,111.823,0,0,-111.823,111.823,509,0,0,0,25,10,-2,138.377,1.5
2751928997,104.61,0,0,-104.61,104.61,429,17,54,112.976,1.5,0,0,0,25
2754928813,92.0473,0,0,-92.0473,92.0473,245,16,18.7622,65.7622,1.5,0,0,0,25
2757428904,101.361,0,0,-101.361,101.361,336,20,24.6007,93.6007,1.5,0,0,0,25
2759429045,97.625,0,0,-97.625,97.625,477,8,-43,132.698,1.5,0,0,0,25
2761928980,97.3631,0,0,-97.3631,97.3631,412,3,-43.8989,112.5,1.5,0,0,0,25
2762429057,108.755,0,0,-108.755,108.755,489,15,50.1539,134.154,1.5,0,0,0,25
2763428910,109.292,0,0,-109.292,109.292,342,2,-8.30851,99.5,1.5,0,0,0,25
2765929063,99.7676,0,0,-99.7676,99.7676,495,14,-54.0986,134.599,1.5,0,0,0,25
2765929077,111.823,0,0,-111.823,111.823,509,10,-2,138.377,1.5,0,0,0,25
2768929060,99.8367,0,0,-99.8367,99.8367,492,12,-31,140.682,1.5,0,0,0,25
2772928922,96.132,0,0,-96.132,96.132,354,5,-42,93.1806,1.5,0,0,0,25
2779428780,89.1748,0,0,-89.1748,89.1748,212,4,-27.3553,53.8553,1.5,0,0,0,25
2781429056,111.699,0,0,-111.699,111.699,488,18,64.2811,127.781,1.5,0,0,0,25
2784928748,103.708,0,0,-103.708,103.708,180,6,3.5,47.0696,1.5,0,0,0,25
2785428891,100.48,0,0,-100.48,100.48,323,13,37.2589,84.7589,1.5,0,0,0,25
2790428781,91.0411,0,0,-91.0411,91.0411,213,19,21.955,54.545,1.5,0,0,0,25
2792428773,88.5693,0,0,-88.5693,88.5693,205,7,17.3046,53.1954,1.5,0,0,0,25
2793428803,84.8862,0,0,-84.8862,84.8862,235,1,-19.7623,62.7377,1.5,0,0,0,25
2794929000,119.769,0,0,-119.769,119.769,432,11,24.5,123.526,1.5,0,0,0,25
2795428798,108.501,0,0,-108.501,108.501,230,9,8.61746,63.1175,1.5,0,0,0,25
2800000212,89.1748,0,0,-89.1748,89.1748,212,0,0,0,25,4,-27.4613,53.9613,1.5
2800035895,103.708,0,0,-103.708,103.708,180,0,0,0,25,6,3.5,46.9196,1.5
2800035920,88.5693,0,0,-88.5693,88.5693,205,0,0,0,25,7,17.4106,53.0894,1.5
2800035928,91.0411,0,0,-91.0411,91.0411,213,0,0,0,25,19,22.0611,54.4389,1.5
2800035945,108.501,0,0,-108.501,108.501,230,0,0,0,25,9,8.51139,63.0114,1.5
2800035950,84.8862,0,0,-84.8862,84.8862,235,0,0,0,25,1,-19.8684,62.6316,1.5
2800035960,92.0473,0,0,-92.0473,92.0473,245,0,0,0,25,16,18.6561,65.6561,1.5
2800036038,100.48,0,0,-100.48,100.48,323,0,0,0,25,13,37.1529,84.6529,1.5
2800036051,101.361,0,0,-101.361,101.361,336,0,0,0,25,20,24.4946,93.4946,1.5
2800036057,109.292,0,0,-109.292,109.292,342,0,0,0,25,2,-8.45851,99.5,1.5
2800036069,96.132,0,0,-96.132,96.132,354,0,0,0,25,5,-42,93.0306,1.5
2800036127,97.3631,0,0,-97.3631,97.3631,412,0,0,0,25,3,-43.7489,112.5,1.5
2800036144,104.61,0,0,-104.61,104.61,429,0,0,0,25,17,54,112.826,1.5
2800036147,119.769,0,0,-119.769,119.769,432,0,0,0,25,11,24.5,123.376,1.5
2800036192,97.625,0,0,-97.625,97.625,477,0,0,0,25,8,-43,132.548,1.5
2800036203,111.699,0,0,-111.699,111.699,488,0,0,0,25,18,64.175,127.675,1.5
2800036204,108.755,0,0,-108.755,108.755,489,0,0,0,25,15,50.0478,134.048,1.5
2800036207,99.8367,0,0,-99.8367,99.8367,492,0,0,0,25,12,-31,140.532,1.5
2800036210,99.7676,0,0,-99.7676,99.7676,495,0,0,0,25,14,-53.9926,134.493,1.5
2800036224,111.823,0,0,-111.823,111.823,509,0,0,0,25,10,-2,138.227,1.5
2801928997,104.61,0,0,-104.61,104.61,429,17,54,112.826,1.5,0,0,0,25
2804928813,92.0473,0,0,-92.0473,92.0473,245,16,18.6561,65.6561,1.5,0,0,0,25
2807428904,101.361,0,0,-101.361,101.361,336,20,24.4946,93.4946,1.5,0,0,0,25
2809429045,97.625,0,0,-97.625,97.625,477,8,-43,132.548,1.5,0,0,0,25
2811928980,97.3631,0,0,-97.3631,97.3631,412,3,-43.7489,112.5,1.5,0,0,0,25
2812429057,108.755,0,0,-108.755,108.755,489,15,50.0478,134.048,1.5,0,0,0,25
2813428910,109.292,0,0,-109.292,109.292,342,2,-8.45851,99.5,1.5,0,0,0,25
2815929063,99.7676,0,0,-99.7676,99.7676,495,14,-53.9926,134.493,1.5,0,0,0,25
2815929077,111.823,0,0,-111.823,111.823,509,10,-2,138.227,1.5,0,0,0,25
2818929060,99.8367,0,0,-99.8367,99.8367,492,12,-31,140.532,1.5,0,0,0,25
2822928922,96.132,0,0,-96.132,96.132,354,5,-42,93.0306,1.5,0,0,0,25
2829428780,89.1748,0,0,-89.1748,89.1748,212,4,-27.4613,53.9613,1.5,0,0,0,25
2831429056,111.699,0,0,-111.699,111.699,488,18,64.175,127.675,1.5,0,0,0,25
2834928748,103.708,0,0,-103.708,103.708,180,6,3.5,46.9196,1.5,0,0,0,25
2835428891,100.48,0,0,-100.48,100.48,323,13,37.1529,84.6529,1.5,0,0,0,25
2840428781,91.0411,0,0,-91.0411,91.0411,213,19,22.0611,54.4389,1.5,0,0,0,25
2842928773,88.5693,0,0,-88.5693,88.5693,205,7,17.4106,53.0894,1.5,0,0,0,25
2843428803,84.8862,0,0,-84.8862,84.8862,235,1,-19.8684,62.6316,1.5,0,0,0,25
2844929000,119.769,0,0,-119.769,119.769,432,11,24.5,123.376,1.5,0,0,0,25
2845428798,108.501,0,0,-108.501,108.501,230,9,8.51139,63.0114,1.5,0,0,0,25
2850000212,89.1748,0,0,-89.1748,89.1748,212,0,0,0,25,4,-27.4613,53.9613,1.5
2850035895,103.708,0,0,-103.708,103.708,180,0,0,0,25,6,3.5,46.9196,1.5
2850035920,88.5693,0,0,-88.5693,88.5693,205,0,0,0,25,7,17.4106,53.0894,1.5
2850035928,91.0411,0,0,-91.0411,91.0411,213,0,0,0,25,19,22.0611,54.4389,1.5
2850035945,108.501,0,0,-108.501,108.501,230,0,0,0,25,9,8.51139,63.0114,1.5
2850035950,84.8862,0,0,-84.8862,84.8862,235,0,0,0,25,1,-19.8684,62.6316,1.5
2850035960,92.0473,0,0,-92.0473,92.0473,245,0,0,0,25,16,18.6561,65.6561,1.5
2850036038,100.48,0,0,-100.48,100.48,323,0,0,0,25,13,37.1529,84.6529,1.5
2850036051,101.361,0,0,-101.361,101.361,336,0,0,0,25,20,24.4946,93.4946,1.5
2850036057,109.292,0,0,-109.292,109.292,342,0,0,0,25,2,-8.45851,99.5,1.5
2850036069,96.132,0,0,-96.132,96.132,354,0,0,0,25,5,-42,93.0306,1.5
2850036127,97.3631,0,0,-97.3631,97.3631,412,0,0,0,25,3,-43.7489,112.5,1.5
2850036144,104.61,0,0,-104.61,104.61,429,0,0,0,25,17,54,112.826,1.5
2850036147,119.769,0,0,-119.769,119.769,432,0,0,0,25,11,24.5,123.376,1.5
2850036192,97.625,0,0,-97.625,97.625,477,0,0,0,25,8,-43,132.548,1.5
2850036203,111.699,0,0,-111.699,111.699,488,0,0,0,25,18,64.175,127.675,1.5
2850036204,108.755,0,0,-108.755,108.755,489,0,0,0,25,15,50.0478,134.048,1.5
2850036207,99.8367,0,0,-99.8367,99.8367,492,0,0,0,25,12,-31,140.532,1.5
2850036210,99.7676,0,0,-99.7676,99.7676,495,0,0,0,25,14,-53.9926,134.493,1.5
2850036224,111.823,0,0,-111.823,111.823,509,0,0,0,25,10,-2,138.227,1.5
2851928997,104.61,0,0,-104.61,104.61,429,17,54,112.826,1.5,0,0,0,25
2854928813,92.0473,0,0,-92.0473,92.0473,245,16,18.6561,65.6561,1.5,0,0,0,25
2857428904,101.361,0,0,-101.361,101.361,336,20,24.4946,93.4946,1.5,0,0,0,25
2859429045,97.625,0,0,-97.625,97.625,477,8,-43,132.548,1.5,0,0,0,25
2861928980,97.3631,0,0,-97.3631,97.3631,412,3,-43.7489,112.5,1.5,0,0,0,25
2862429057,108.755,0,0,-108.755,108.755,489,15,50.0478,134.048,1.5,0,0,0,25
2863428910,109.292,0,0,-109.292,109.292,342,2,-8.45851,99.5,1.5,0,0,0,25
2865929063,99.7676,0,0,-99.7676,99.7676,495,14,-53.9926,134.493,1.5,0,0,0,25
2865929077,111.823,0,0,-111.823,111.823,509,10,-2,138.227,1.5,0,0,0,25
2868929060,99.8367,0,0,-99.8367,99.8367,492,12,-31,140.532,1.5,0,0,0,25
2872928922,96.132,0,0,-96.132,96.132,354,5,-42,93.0306,1.5,0,0,0,25
2879428780,89.1748,0,0,-89.1748,89.1748,212,4,-27.4613,53.9613,1.5,0,0,0,25
2881429056,111.699,0,0,-111.699,111.699,488,18,64.175,127.675,1.5,0,0,0,25
2884928748,103.708,0,0,-103.708,103.708,180,6,3.5,46.9196,1.5,0,0,0,25
2885428891,100.48,0,0,-100.48,100.48,323,13,37.1529,84.6529,1.5,0,0,0,25
2890428781,91.0411,0,0,-91.0411,91.0411,213,19,22.0611,54.4389,1.5,0,0,0,25
2892928773,88.5693,0,0,-88.5693,88.5693,205,7,17.4106,53.0894,1.5,0,0,0,25
2893428803,84.8862,0,0,-84.8862,84.8862,235,1,-19.8684,62.6316,1.5,0,0,0,25
2895428798,108.501,0,0,-108.501,108.501,230,9,8.51139,63.0114,1.5,0,0,0,25
2895429000,119.769,0,0,-119.769,119.769,432,11,24.5,123.376,1.5,0,0,0,25
2900000212,89.1748,0,0,-89.1748,89.1748,212,0,0,0,25,4,-27.5674,54.0674,1.5
2900035895,103.708,0,0,-103.708,103.708,180,0,0,0,25,6,3.5,46.7696,1.5
2900035920,88.5693,0,0,-88.5693,88.5693,205,0,0,0,25,7,17.5167,52.9833,1.5
2900035928,91.0411,0,0,-91.0411,91.0411,213,0,0,0,25,19,22.1671,54.3329,1.5
2900035945,108.501,0,0,-108.501,108.501,230,0,0,0,25,9,8.40533,62.9053,1.5
2900035950,84.8862,0,0,-84.8862,84.8862,235,0,0,0,25,1,-19.9745,62.5255,1.5
2900035960,92.0473,0,0,-92.0473,92.0473,245,0,0,0,25,16,18.55,65.55,1.5
2900036038,100.48,0,0,-100.48,100.48,323,0,0,0,25,13,37.0468,84.5468,1.5
2900036051,101.361,0,0,-101.361,101.361,336,0,0,0,25,20,24.3886,93.3886,1.5
2900036057,109.292,0,0,-109.292,109.292,342,0,0,0,25,2,-8.60851,99.5,1.5
2900036069,96.132,0,0,-96.132,96.132,354,0,0,0,25,5,-42,92.8806,1.5
2900036127,97.3631,0,0,-97.3631,97.3631,412,0,0,0,25,3,-43.5989,112.5,1.5
2900036144,104.61,0,0,-104.61,104.61,429,0,0,0,25,17,54,112.676,1.5
2900036147,119.769,0,0,-119.769,119.769,432,0,0,0,25,11,24.5,123.226,1.5
2900036192,97.625,0,0,-97.625,97.625,477,0,0,0,25,8,-43,132.398,1.5
2900036203,111.699,0,0,-111.699,111.699,488,0,0,0,25,18,64.069,127.569,1.5
2900036204,108.755,0,0,-108.755,108.755,489,0,0,0,25,15,49.9418,133.942,1.5
2900036207,99.8367,0,0,-99.8367,99.8367,492,0,0,0,25,12,-31,140.382,1.5
2900036210,99.7676,0,0,-99.7676,99.7676,495,0,0,0,25,14,-53.8865,134.387,1.5
2900036224,111.823,0,0,-111.823,111.823,509,0,0,0,25,10,-2,138.077,1.5
2901928997,104.61,0,0,-104.61,104.61,429,17,54,112.676,1.5,0,0,0,25
2904928813,92.0473,0,0,-92.0473,92.0473,245,16,18.55,65.55,1.5,0,0,0,25
2907428904,101.361,0,0,-101.361,101.361,336,20,24.3886,93.3886,1.5,0,0,0,25
2909429045,97.625,0,0,-97.625,97.625,477,8,-43,132.398,1.5,0,0,0,25
2911928980,97.3631,0,0,-97.3631,97.3631,412,3,-43.5989,112.5,1.5,0,0,0,25
2912429057,108.755,0,0,-108.755,108.755,489,15,49.9418,133.942,1.5,0,0,0,25
2913428910,109.292,0,0,-109.292,109.292,342,2,-8.60851,99.5,1.5,0,0,0,25
2915929063,99.7676,0,0,-99.7676,99.7676,495,14,-53.8865,134.387,1.5,0,0,0,25
2915929077,111.823,0,0,-111.823,111.823,509,10,-2,138.077,1.5,0,0,0,25
2918929060,99.8367,0,0,-99.8367,99.8367,492,12,-31,140.382,1.5,0,0,0,25
2922928922,96.132,0,0,-96.132,96.132,354,5,-42,92.8806,1.5,0,0,0,25
2929428780,89.1748,0,0,-89.1748,89.1748,212,4,-27.5674,54.0674,1.5,0,0,0,25
2931429056,111.699,0,0,-111.699,111.699,488,18,64.069,127.569,1.5,0,0,0,25
2934928748,103.708,0,0,-103.708,103.708,180,6,3.5,46.7696,1.5,0,0,0,25
2935428891,100.48,0,0,-100.48,100.48,323,13,37.0468,84.5468,1.5,0,0,0,25
2940428781,91.0411,0,0,-91.0411,91.0411,213,19,22.1671,54.3329,1.5,0,0,0,25
2942928773,88.5693,0,0,-88.5693,88.5693,205,7,17.5167,52.9833,1.5,0,0,0,25
2943428803,84.8862,0,0,-84.8862,84.8862,235,1,-19.9745,62.5255,1.5,0,0,0,25
2945428798,108.501,0,0,-108.501,108.501,230,9,8.40533,62.9053,1.5,0,0,0,25
2945429000,119.769,0,0,-119.769,119.769,432,11,24.5,123.226,1.5,0,0,0,25
2950000212,89.1748,0,0,-89.1748,89.1748,212,0,0,0,25,4,-27.5674,54.0674,1.5
2950035895,103.708,0,0,-103.708,103.708,180,0,0,0,25,6,3.5,46.7696,1.5
2950035920,88.5693,0,0,-88.5693,88.5693,205,0,0,0,25,7,17.5167,52.9833,1.5
2950035928,91.0411,0,0,-91.0411,91.0411,213,0,0,0,25,19,22.1671,54.3329,1.5
2950035945,108.501,0,0,-108.501,108.501,230,0,0,0,25,9,8.40533,62.9053,1.5
2950035950,84.8862,0,0,-84.8862,84.8862,235,0,0,0,25,1,-19.9745,62.5255,1.5
2950035960,92.0473,0,0,-92.0473,92.0473,245,0,0,0,25,16,18.55,65.55,1.5
2950036038,100.48,0,0,-100.48,100.48,323,0,0,0,25,13,37.0468,84.5468,1.5
2950036051,101.361,0,0,-101.361,101.361,336,0,0,0,25,20,24.3886,93.3886,1.5
2950036057,109.292,0,0,-109.292,109.292,342,0,0,0,25,2,-8.60851,99.5,1.5
2950036069,96.132,0,0,-96.132,96.132,354,0,0,0,25,5,-42,92.8806,1.5
2950036127,97.3631,0,0,-97.3631,97.3631,412,0,0,0,25,3,-43.5989,112.5,1.5
2950036144,104.61,0,0,-104.61,104.61,429,0,0,0,25,17,54,112.676,1.5
2950036147,119.769,0,0,-119.769,119.769,432,0,0,0,25,11,24.5,123.226,1.5
2950036192,97.625,0,0,-97.625,97.625,477,0,0,0,25,8,-43,132.398,1.5
2950036203,111.699,0,0,-111.699,111.699,488,0,0,0,25,18,64.069,127.569,1.5
2950036204,108.755,0,0,-108.755,108.755,489,0,0,0,25,15,49.9418,133.942,1.5
2950036207,99.8367,0,0,-99.8367,99.8367,492,0,0,0,25,12,-31,140.382,1.5
2950036210,99.7676,0,0,-99.7676,99.7676,495,0,0,0,25,14,-53.8865,134.387,1.5
2950036224,111.823,0,0,-111.823,111.823,509,0,0,0,25,10,-2,138.077,1.5
2951928997,104.61,0,0,-104.61,104.61,429,17,54,112.676,1.5,0,0,0,25
2954928813,92.0473,0,0,-92.0473,92.0473,245,16,18.55,65.55,1.5,0,0,0,25
2957428904,101.361,0,0,-101.361,101.361,336,20,24.3886,93.3886,1.5,0,0,0,25
2961928980,97.3631,0,0,-97.3631,97.3631,412,3,-43.5989,112.5,1.5,0,0,0,25
2962429057,108.755,0,0,-108.755,108.755,489,15,49.9418,133.942,1.5,0,0,0,25
2962929045,97.625,0,0,-97.625,97.625,477,8,-43,132.398,1.5,0,0,0,25
2963428910,109.292,0,0,-109.292,109.292,342,2,-8.60851,99.5,1.5,0,0,0,25
2965929063,99.7676,0,0,-99.7676,99.7676,495,14,-53.8865,134.387,1.5,0,0,0,25
2965929077,111.823,0,0,-111.823,111.823,509,10,-2,138.077,1.5,0,0,0,25
2968929060,99.8367,0,0,-99.8367,99.8367,492,12,-31,140.382,1.5,0,0,0,25
2972928922,96.132,0,0,-96.132,96.132,354,5,-42,92.8806,1.5,0,0,0,25
2979428780,89.1748,0,0,-89.1748,89.1748,212,4,-27.5674,54.0674,1.5,0,0,0,25
2981429056,111.699,0,0,-111.699,111.699,488,18,64.069,127.569,1.5,0,0,0,25
2984928748,103.708,0,0,-103.708,103.708,180,6,3.5,46.7696,1.5,0,0,0,25
2985428891,100.48,0,0,-100.48,100.48,323,13,37.0468,84.5468,1.5,0,0,0,25
2990428781,91.0411,0,0,-91.0411,91.0411,213,19,22.1671,54.3329,1.5,0,0,0,25
2992928773,88.5693,0,0,-88.5693,88.5693,205,7,17.5167,52.9833,1.5,0,0,0,25
2993428803,84.8862,0,0,-84.8862,84.8862,235,1,-19.9745,62.5255,1.5,0,0,0,25
2995428798,108.501,0,0,-108.501,108.501,230,9,8.40533,62.9053,1.5,0,0,0,25
2995429000,119.769,0,0,-119.769,119.769,432,11,24.5,123.226,1.5,0,0,0,25
3000000212,89.1748,0,0,-89.1748,89.1748,212,0,0,0,25,4,-27.6735,54.1735,1.5
3000035895,103.708,0,0,-103.708,103.708,180,0,0,0,25,6,3.5,46.6196,1.5
3000035920,88.5693,0,0,-88.5693,88.5693,205,0,0,0,25,7,17.6228,52.8772,1.5
3000035928,91.0411,0,0,-91.0411,91.0411,213,0,0,0,25,19,22.2732,54.2268,1.5
3000035945,108.501,0,0,-108.501,108.501,230,0,0,0,25,9,8.29926,62.7993,1.5
3000035950,84.8862,0,0,-84.8862,84.8862,235,0,0,0,25,1,-20.0805,62.4195,1.5
3000035960,92.0473,0,0,-92.0473,92.0473,245,0,0,0,25,16,18.444,65.444,1.5
3000036038,100.48,0,0,-100.48,100.48,323,0,0,0,25,13,36.9407,84.4407,1.5
3000036051,101.361,0,0,-101.361,101.361,336,0,0,0,25,20,24.2825,93.2825,1.5
3000036057,109.292,0,0,-109.292,109.292,342,0,0,0,25,2,-8.75851,99.5,1.5
3000036069,96.132,0,0,-96.132,96.132,354,0,0,0,25,5,-42,92.7306,1.5
3000036127,97.3631,0,0,-97.3631,97.3631,412,0,0,0,25,3,-43.4489,112.5,1.5
3000036144,104.61,0,0,-104.61,104.61,429,0,0,0,25,17,54,112.526,1.5
3000036147,119.769,0,0,-119.769,119.769,432,0,0,0,25,11,24.5,123.076,1.5
3000036192,97.625,0,0,-97.625,97.625,477,0,0,0,25,8,-43,132.248,1.5
3000036203,111.699,0,0,-111.699,111.699,488,0,0,0,25,18,63.9629,127.463,1.5
3000036204,108.755,0,0,-108.755,108.755,489,0,0,0,25,15,49.8357,133.836,1.5
3000036207,99.8367,0,0,-99.8367,99.8367,492,0,0,0,25,12,-31,140.232,1.5
3000036210,99.7676,0,0,-99.7676,99.7676,495,0,0,0,25,14,-53.7804,134.28,1.5
3000036224,111.823,0,0,-111.823,111.823,509,0,0,0,25,10,-2,137.927,1.5
3001928997,104.61,0,0,-104.61,104.61,429,17,54,112.526,1.5,0,0,0,25
3007428904,101.361,0,0,-101.361,101.361,336,20,24.2825,93.2825,1.5,0,0,0,25
3010928813,92.0473,0,0,-92.0473,92.0473,245,16,18.444,65.444,1.5,0,0,0,25
3011928980,97.3631,0,0,-97.3631,97.3631,412,3,-43.4489,112.5,1.5,0,0,0,25
3012929045,97.625,0,0,-97.625,97.625,477,8,-43,132.248,1.5,0,0,0,25
3012929057,108.755,0,0,-108.755,108.755,489,15,49.8357,133.836,1.5,0,0,0,25
3013428910,109.292,0,0,-109.292,109.292,342,2,-8.75851,99.5,1.5,0,0,0,25
3015929063,99.7676,0,0,-99.7676,99.7676,495,14,-53.7804,134.28,1.5,0,0,0,25
3015929077,111.823,0,0,-111.823,111.823,509,10,-2,137.927,1.5,0,0,0,25
3019429060,99.8367,0,0,-99.8367,99.8367,492,12,-31,140.232,1.5,0,0,0,25
3022928922,96.132,0,0,-96.132,96.132,354,5,-42,92.7306,1.5,0,0,0,25
3029428780,89.1748,0,0,-89.1748,89.1748,212,4,-27.6735,54.1735,1.5,0,0,0,25
3031429056,111.699,0,0,-111.699,111.699,488,18,63.9629,127.463,1.5,0,0,0,25
3035428748,103.708,0,0,-103.708,103.708,180,6,3.5,46.6196,1.5,0,0,0,25
3035928891,100.48,0,0,-100.48,100.48,323,13,36.9407,84.4407,1.5,0,0,0,25
3040428781,91.0411,0,0,-91.0411,91.0411,213,19,22.2732,54.2268,1.5,0,0,0,25
3042928773,88.5693,0,0,-88.5693,88.5693,205,7,17.6228,52.8772,1.5,0,0,0,25
3043428803,84.8862,0,0,-84.8862,84.8862,235,1,-20.0805,62.4195,1.5,0,0,0,25
3045428798,108.501,0,0,-108.501,108.501,230,9,8.29926,62.7993,1.5,0,0,0,25
3045429000,119.769,0,0,-119.769,119.769,432,11,24.5,123.076,1.5,0,0,0,25
3050000212,89.1748,0,0,-89.1748,89.1748,212,0,0,0,25,4,-27.6735,54.1735,1.5
3050035895,103.708,0,0,-103.708,103.708,180,0,0,0,25,6,3.5,46.6196,1.5
3050035920,88.5693,0,0,-88.5693,88.5693,205,0,0,0,25,7,17.6228,52.8772,1.5
3050035928,91.0411,0,0,-91.0411,91.0411,213,0,0,0,25,19,22.2732,54.2268,1.5
3050035945,108.501,0,0,-108.501,108.501,230,0,0,0,25,9,8.29926,62.7993,1.5
3050035950,84.8862,0,0,-84.8862,84.8862,235,0,0,0,25,1,-20.0805,62.4195,1.5
3050035960,92.0473,0,0,-92.0473,92.0473,245,0,0,0,25,16,18.444,65.444,1.5
3050036038,100.48,0,0,-100.48,100.48,323,0,0,0,25,13,36.9407,84.4407,1.5
3050036051,101.361,0,0,-101.361,101.361,336,0,0,0,25,20,24.2825,93.2825,1.5
3050036057,109.292,0,0,-109.292,109.292,342,0,0,0,25,2,-8.75851,99.5,1.5
3050036069,96.132,0,0,-96.132,96.132,354,0,0,0,25,5,-42,92.7306,1.5
3050036127,97.3631,0,0,-97.3631,97.3631,412,0,0,0,25,3,-43.4489,112.5,1.5
3050036144,104.61,0,0,-104.61,104.61,429,0,0,0,25,17,54,112.526,1.5
3050036147,119.769,0,0,-119.769,119.769,432,0,0,0,25,11,24.5,123.076,1.5
3050036192,97.625,0,0,-97.625,97.625,477,0,0,0,25,8,-43,132.248,1.5
3050036203,111.699,0,0,-111.699,111.699,488,0,0,0,25,18,63.9629,127.463,1.5
3050036204,108.755,0,0,-108.755,108.755,489,0,0,0,25,15,49.8357,133.836,1.5
3050036207,99.8367,0,0,-99.8367,99.8367,492,0,0,0,25,12,-31,140.232,1.5
3050036210,99.7676,0,0,-99.7676,99.7676,495,0,0,0,25,14,-53.7804,134.28,1.5
3050036224,111.823,0,0,-111.823,111.823,509,0,0,0,25,10,-2,137.927,1.5
3051928997,104.61,0,0,-104.61,104.61,429,17,54,112.526,1.5,0,0,0,25
3057428904,101.361,0,0,-101.361,101.361,336,20,24.2825,93.2825,1.5,0,0,0,25
3060928813,92.0473,0,0,-92.0473,92.0473,245,16,18.444,65.444,1.5,0,0,0,25
3061928980,97.3631,0,0,-97.3631,97.3631,412,3,-43.4489,112.5,1.5,0,0,0,25
3062929045,97.625,0,0,-97.625,97.625,477,8,-43,132.248,1.5,0,0,0,25
3062929057,108.755,0,0,-108.755,108.755,489,15,49.8357,133.836,1.5,0,0,0,25
3063428910,109.292,0,0,-109.292,109.292,342,2,-8.75851,99.5,1.5,0,0,0,25
3065929063,99.7676,0,0,-99.7676,99.7676,495,14,-53.7804,134.28,1.5,0,0,0,25
3065929077,111.823,0,0,-111.823,111.823,509,10,-2,137.927,1.5,0,0,0,25
3069429060,99.8367,0,0,-99.8367,99.8367,492,12,-31,140.232,1.5,0,0,0,25
3072928922,96.132,0,0,-96.132,96.132,354,5,-42,92.7306,1.5,0,0,0,25
3079428780,89.1748,0,0,-89.1748,89.1748,212,4,-27.6735,54.1735,1.5,0,0,0,25
3081429056,111.699,0,0,-111.699,111.699,488,18,63.9629,127.463,1.5,0,0,0,25
3085428748,103.708,0,0,-103.708,103.708,180,6,3.5,46.6196,1.5,0,0,0,25
3086393177,100.48,0,0,-100.48,100.48,323,13,36.9407,84.4407,1.5,0,0,0,25
3090428781,91.0411,0,0,-91.0411,91.0411,213,19,22.2732,54.2268,1.5,0,0,0,25
3092928773,88.5693,0,0,-88.5693,88.5693,205,7,17.6228,52.8772,1.5,0,0,0,25
3093428803,84.8862,0,0,-84.8862,84.8862,235,1,-20.0805,62.4195,1.5,0,0,0,25
3095428798,108.501,0,0,-108.501,108.501,230,9,8.29926,62.7993,1.5,0,0,0,25
3095429000,119.769,0,0,-119.769,119.769,432,11,24.5,123.076,1.5,0,0,0,25
3100000212,89.1748,0,0,-89.1748,89.1748,212,0,0,0,25,4,-27.7795,54.2795,1.5
3100035895,103.708,0,0,-103.708,103.708,180,0,0,0,25,6,3.5,46.4696,1.5
3100035920,88.5693,0,0,-88.5693,88.5693,205,0,0,0,25,7,17.7288,52.7712,1.5
3100035928,91.0411,0,0,-91.0411,91.0411,213,0,0,0,25,19,22.3793,54.1207,1.5
3100035945,108.501,0,0,-108.501,108.501,230,0,0,0,25,9,8.1932,62.6932,1.5
3100035950,84.8862,0,0,-84.8862,84.8862,235,0,0,0,25,1,-20.1866,62.3134,1.5
3100035960,92.0473,0,0,-92.0473,92.0473,245,0,0,0,25,16,18.3379,65.3379,1.5
3100036038,100.48,0,0,-100.48,100.48,323,0,0,0,25,13,36.8347,84.3347,1.5
3100036051,101.361,0,0,-101.361,101.361,336,0,0,0,25,20,24.1764,93.1764,1.5
3100036057,109.292,0,0,-109.292,109.292,342,0,0,0,25,2,-8.90851,99.5,1.5
3100036069,96.132,0,0,-96.132,96.132,354,0,0,0,25,5,-42,92.5806,1.5
3100036127,97.3631,0,0,-97.3631,97.3631,412,0,0,0,25,3,-43.2989,112.5,1.5
3100036144,104.61,0,0,-104.61,104.61,429,0,0,0,25,17,54,112.376,1.5
3100036147,119.769,0,0,-119.769,119.769,432,0,0,0,25,11,24.5,122.926,1.5
3100036192,97.625,0,0,-97.625,97.625,477,0,0,0,25,8,-43,132.098,1.5
3100036203,111.699,0,0,-111.699,111.699,488,0,0,0,25,18,63.8568,127.357,1.5
3100036204,108.755,0,0,-108.755,108.755,489,0,0,0,25,15,49.7296,133.73,1.5
3100036207,99.8367,0,0,-99.8367,99.8367,492,0,0,0,25,12,-31,140.082,1.5
3100036210,99.7676,0,0,-99.7676,99.7676,495,0,0,0,25,14,-53.6744,134.174,1.5
3100036224,111.823,0,0,-111.823,111.823,509,0,0,0,25,10,-2,137.777,1.5
3101928997,104.61,0,0,-104.61,104.61,429,17,54,112.376,1.5,0,0,0,25
3107428904,101.361,0,0,-101.361,101.361,336,20,24.1764,93.1764,1.5,0,0,0,25
3110928813,92.0473,0,0,-92.0473,92.0473,245,16,18.3379,65.3379,1.5,0,0,0,25
3111928980,97.3631,0,0,-97.3631,97.3631,412,3,-43.2989,112.5,1.5,0,0,0,25
3112929045,97.625,0,0,-97.625,97.625,477,8,-43,132.098,1.5,0,0,0,25
3112929057,108.755,0,0,-108.755,108.755,489,15,49.7296,133.73,1.5,0,0,0,25
3113428910,109.292,0,0,-109.292,109.292,342,2,-8.90851,99.5,1.5,0,0,0,25
3115929063,99.7676,0,0,-99.7676,99.7676,495,14,-53.6744,134.174,1.5,0,0,0,25
3115929077,111.823,0,0,-111.823,111.823,509,10,-2,137.777,1.5,0,0,0,25
3122928922,96.132,0,0,-96.132,96.132,354,5,-42,92.5806,1.5,0,0,0,25
3123429060,99.8367,0,0,-99.8367,99.8367,492,12,-31,140.082,1.5,0,0,0,25
3129428780,89.1748,0,0,-89.1748,89.1748,212,4,-27.7795,54.2795,1.5,0,0,0,25
3131429056,111.699,0,0,-111.699,111.699,488,18,63.8568,127.357,1.5,0,0,0,25
3135428748,103.708,0,0,-103.708,103.708,180,6,3.5,46.4696,1.5,0,0,0,25
3136428891,100.48,0,0,-100.48,100.48,323,13,36.8347,84.3347,1.5,0,0,0,25
3140428781,91.0411,0,0,-91.0411,91.0411,213,19,22.3793,54.1207,1.5,0,0,0,25
3142928773,88.5693,0,0,-88.5693,88.5693,205,7,17.7288,52.7712,1.5,0,0,0,25
3143428803,84.8862,0,0,-84.8862,84.8862,235,1,-20.1866,62.3134,1.5,0,0,0,25
3145428798,108.501,0,0,-108.501,108.501,230,9,8.1932,62.6932,1.5,0,0,0,25
3150000212,89.1748,0,0,-89.1748,89.1748,212,0,0,0,25,4,-27.7795,54.2795,1.5
3150035895,103.708,0,0,-103.708,103.708,180,0,0,0,25,6,3.5,46.4696,1.5
3150035920,88.5693,0,0,-88.5693,88.5693,205,0,0,0,25,7,17.7288,52.7712,1.5
3150035928,91.0411,0,0,-91.0411,91.0411,213,0,0,0,25,19,22.3793,54.1207,1.5
3150035945,108.501,0,0,-108.501,108.501,230,0,0,0,25,9,8.1932,62.6932,1.5
3150035950,84.8862,0,0,-84.8862,84.8862,235,0,0,0,25,1,-20.1866,62.3134,1.5
3150035960,92.0473,0,0,-92.0473,92.0473,245,0,0,0,25,16,18.3379,65.3379,1.5
3150036038,100.48,0,0,-100.48,100.48,323,0,0,0,25,13,36.8347,84.3347,1.5
3150036051,101.361,0,0,-101.361,101.361,336,0,0,0,25,20,24.1764,93.1764,1.5
3150036057,109.292,0,0,-109.292,109.292,342,0,0,0,25,2,-8.90851,99.5,1.5
3150036069,96.132,0,0,-96.132,96.132,354,0,0,0,25,5,-42,92.5806,1.5
3150036127,97.3631,0,0,-97.3631,97.3631,412,0,0,0,25,3,-43.2989,112.5,1.5
3150036144,104.61,0,0,-104.61,104.61,429,0,0,0,25,17,54,112.376,1.5
3150036147,119.769,0,0,-119.769,119.769,432,0,0,0,25,11,24.5,122.926,1.5
3150036192,97.625,0,0,-97.625,97.625,477,0,0,0,25,8,-43,132.098,1.5
3150036203,111.699,0,0,-111.699,111.699,488,0,0,0,25,18,63.8568,127.357,1.5
3150036204,108.755,0,0,-108.755,108.755,489,0,0,0,25,15,49.7296,133.73,1.5
3150036207,99.8367,0,0,-99.8367,99.8367,492,0,0,0,25,12,-31,140.082,1.5
3150036210,99.7676,0,0,-99.7676,99.7676,495,0,0,0,25,14,-53.6744,134.174,1.5
3150036224,111.823,0,0,-111.823,111.823,509,0,0,0,25,10,-2,137.777,1.5
3151429000,119.769,0,0,-119.769,119.769,432,11,24.5,122.926,1.5,0,0,0,25
3151928997,104.61,0,0,-104.61,104.61,429,17,54,112.376,1.5,0,0,0,25
3157428904,101.361,0,0,-101.361,101.361,336,20,24.1764,93.1764,1.5,0,0,0,25
3160928813,92.0473,0,0,-92.0473,92.0473,245,16,18.3379,65.3379,1.5,0,0,0,25
3161928980,97.3631,0,0,-97.3631,97.3631,412,3,-43.2989,112.5,1.5,0,0,0,25
3162929045,97.625,0,0,-97.625,97.625,477,8,-43,132.098,1.5,0,0,0,25
3162929057,108.755,0,0,-108.755,108.755,489,15,49.7296,133.73,1.5,0,0,0,25
3163428910,109.292,0,0,-109.292,109.292,342,2,-8.90851,99.5,1.5,0,0,0,25
3165929077,111.823,0,0,-111.823,111.823,509,10,-2,137.777,1.5,0,0,0,25
3166429063,99.7676,0,0,-99.7676,99.7676,495,14,-53.6744,134.174,1.5,0,0,0,25
3172928922,96.132,0,0,-96.132,96.132,354,5,-42,92.5806,1.5,0,0,0,25
3173429060,99.8367,0,0,-99.8367,99.8367,492,12,-31,140.082,1.5,0,0,0,25
3179428780,89.1748,0,0,-89.1748,89.1748,212,4,-27.7795,54.2795,1.5,0,0,0,25
3181429056,111.699,0,0,-111.699,111.699,488,18,63.8568,127.357,1.5,0,0,0,25
3185428748,103.708,0,0,-103.708,103.708,180,6,3.5,46.4696,1.5,0,0,0,25
3187428891,100.48,0,0,-100.48,100.48,323,13,36.8347,84.3347,1.5,0,0,0,25
3190428781,91.0411,0,0,-91.0411,91.0411,213,19,22.3793,54.1207,1.5,0,0,0,25
3192928773,88.5693,0,0,-88.5693,88.5693,205,7,17.7288,52.7712,1.5,0,0,0,25
3193428803,84.8862,0,0,-84.8862,84.8862,235,1,-20.1866,62.3134,1.5,0,0,0,25
3195928798,108.501,0,0,-108.501,108.501,230,9,8.1932,62.6932,1.5,0,0,0,25
3200000212,89.1748,0,0,-89.1748,89.1748,212,0,0,0,25,4,-27.8856,54.3856,1.5
3200035895,103.708,0,0,-103.708,103.708,180,0,0,0,25,6,3.5,46.3196,1.5
3200035920,88.5693,0,0,-88.5693,88.5693,205,0,0,0,25,7,17.8349,52.6651,1.5
3200035928,91.0411,0,0,-91.0411,91.0411,213,0,0,0,25,19,22.4853,54.0147,1.5
3200035945,108.501,0,0,-108.501,108.501,230,0,0,0,25,9,8.08713,62.5871,1.5
3200035950,84.8862,0,0,-84.8862,84.8862,235,0,0,0,25,1,-20.2927,62.2073,1.5
3200035960,92.0473,0,0,-92.0473,92.0473,245,0,0,0,25,16,18.2318,65.2318,1.5
3200036038,100.48,0,0,-100.48,100.48,323,0,0,0,25,13,36.7286,84.2286,1.5
3200036051,101.361,0,0,-101.361,101.361,336,0,0,0,25,20,24.0704,93.0704,1.5
3200036057,109.292,0,0,-109.292,109.292,342,0,0,0,25,2,-9.05851,99.5,1.5
3200036069,96.132,0,0,-96.132,96.132,354,0,0,0,25,5,-42,92.4306,1.5
3200036127,97.3631,0,0,-97.3631,97.3631,412,0,0,0,25,3,-43.1489,112.5,1.5
3200036144,104.61,0,0,-104.61,104.61,429,0,0,0,25,17,54,112.226,1.5
3200036147,119.769,0,0,-119.769,119.769,432,0,0,0,25,11,24.5,122.776,1.5
3200036192,97.625,0,0,-97.625,97.625,477,0,0,0,25,8,-43,131.948,1.5
3200036203,111.699,0,0,-111.699,111.699,488,0,0,0,25,18,63.7508,127.251,1.5
3200036204,108.755,0,0,-108.755,108.755,489,0,0,0,25,15,49.6236,133.624,1.5
3200036207,99.8367,0,0,-99.8367,99.8367,492,0,0,0,25,12,-31,139.932,1.5
3200036210,99.7676,0,0,-99.7676,99.7676,495,0,0,0,25,14,-53.5683,134.068,1.5
3200036224,111.823,0,0,-111.823,111.823,509,0,0,0,25,10,-2,137.627,1.5
3201928997,104.61,0,0,-104.61,104.61,429,17,54,112.226,1.5,0,0,0,25
3202429000,119.769,0,0,-119.769,119.769,432,11,24.5,122.776,1.5,0,0,0,25
3207428904,101.361,0,0,-101.361,101.361,336,20,24.0704,93.0704,1.5,0,0,0,25
3210928813,92.0473,0,0,-92.0473,92.0473,245,16,18.2318,65.2318,1.5,0,0,0,25
3211928980,97.3631,0,0,-97.3631,97.3631,412,3,-43.1489,112.5,1.5,0,0,0,25
3212929045,97.625,0,0,-97.625,97.625,477,8,-43,131.948,1.5,0,0,0,25
3212929057,108.755,0,0,-108.755,108.755,489,15,49.6236,133.624,1.5,0,0,0,25
3213428910,109.292,0,0,-109.292,109.292,342,2,-9.05851,99.5,1.5,0,0,0,25
3216429063,99.7676,0,0,-99.7676,99.7676,495,14,-53.5683,134.068,1.5,0,0,0,25
3218929077,111.823,0,0,-111.823,111.823,509,10,-2,137.627,1.5,0,0,0,25
3222928922,96.132,0,0,-96.132,96.132,354,5,-42,92.4306,1.5,0,0,0,25
3223429060,99.8367,0,0,-99.8367,99.8367,492,12,-31,139.932,1.5,0,0,0,25
3229428780,89.1748,0,0,-89.1748,89.1748,212,4,-27.8856,54.3856,1.5,0,0,0,25
3231429056,111.699,0,0,-111.699,111.699,488,18,63.7508,127.251,1.5,0,0,0,25
3235428748,103.708,0,0,-103.708,103.708,180,6,3.5,46.3196,1.5,0,0,0,25
3237428891,100.48,0,0,-100.48,100.48,323,13,36.7286,84.2286,1.5,0,0,0,25
3240428781,91.0411,0,0,-91.0411,91.0411,213,19,22.4853,54.0147,1.5,0,0,0,25
3243428773,88.5693,0,0,-88.5693,88.5693,205,7,17.8349,52.6651,1.5,0,0,0,25
3243428803,84.8862,0,0,-84.8862,84.8862,235,1,-20.2927,62.2073,1.5,0,0,0,25
3245928798,108.501,0,0,-108.501,108.501,230,9,8.08713,62.5871,1.5,0,0,0,25
3250000212,89.1748,0,0,-89.1748,89.1748,212,0,0,0,25,4,-27.8856,54.3856,1.5
3250035895,103.708,0,0,-103.708,103.708,180,0,0,0,25,6,3.5,46.3196,1.5
3250035920,88.5693,0,0,-88.5693,88.5693,205,0,0,0,25,7,17.8349,52.6651,1.5
3250035928,91.0411,0,0,-91.0411,91.0411,213,0,0,0,25,19,22.4853,54.0147,1.5
3250035945,108.501,0,0,-108.501,108.501,230,0,0,0,25,9,8.08713,62.5871,1.5
3250035950,84.8862,0,0,-84.8862,84.8862,235,0,0,0,25,1,-20.2927,62.2073,1.5
3250035960,92.0473,0,0,-92.0473,92.0473,245,0,0,0,25,16,18.2318,65.2318,1.5
3250036038,100.48,0,0,-100.48,100.48,323,0,0,0,25,13,36.7286,84.2286,1.5
3250036051,101.361,0,0,-101.361,101.361,336,0,0,0,25,20,24.0704,93.0704,1.5
3250036057,109.292,0,0,-109.292,109.292,342,0,0,0,25,2,-9.05851,99.5,1.5
3250036069,96.132,0,0,-96.132,96.132,354,0,0,0,25,5,-42,92.4306,1.5
3250036127,97.3631,0,0,-97.3631,97.3631,412,0,0,0,25,3,-43.1489,112.5,1.5
3250036144,104.61,0,0,-104.61,104.61,429,0,0,0,25,17,54,112.226,1.5
3250036147,119.769,0,0,-119.769,119.769,432,0,0,0,25,11,24.5,122.776,1.5
3250036192,97.625,0,0,-97.625,97.625,477,0,0,0,25,8,-43,131.948,1.5
3250036203,111.699,0,0,-111.699,111.699,488,0,0,0,25,18,63.7508,127.251,1.5
3250036204,108.755,0,0,-108.755,108.755,489,0,0,0,25,15,49.6236,133.624,1.5
3250036207,99.8367,0,0,-99.8367,99.8367,492,0,0,0,25,12,-31,139.932,1.5
3250036210,99.7676,0,0,-99.7676,99.7676,495,0,0,0,25,14,-53.5683,134.068,1.5
3250036224,111.823,0,0,-111.823,111.823,509,0,0,0,25,10,-2,137.627,1.5
3252428997,104.61,0,0,-104.61,104.61,429,17,54,112.226,1.5,0,0,0,25
3252429000,119.769,0,0,-119.769,119.769,432,11,24.5,122.776,1.5,0,0,0,25
3257428904,101.361,0,0,-101.361,101.361,336,20,24.0704,93.0704,1.5,0,0,0,25
3260928813,92.0473,0,0,-92.0473,92.0473,245,16,18.2318,65.2318,1.5,0,0,0,25
3261928980,97.3631,0,0,-97.3631,97.3631,412,3,-43.1489,112.5,1.5,0,0,0,25
3262929045,97.625,0,0,-97.625,97.625,477,8,-43,131.948,1.5,0,0,0,25
3262929057,108.755,0,0,-108.755,108.755,489,15,49.6236,133.624,1.5,0,0,0,25
3266429063,99.7676,0,0,-99.7676,99.7676,495,14,-53.5683,134.068,1.5,0,0,0,25
3267428910,109.292,0,0,-109.292,109.292,342,2,-9.05851,99.5,1.5,0,0,0,25
3269429077,111.823,0,0,-111.823,111.823,509,10,-2,137.627,1.5,0,0,0,25
3272928922,96.132,0,0,-96.132,96.132,354,5,-42,92.4306,1.5,0,0,0,25
3273429060,99.8367,0,0,-99.8367,99.8367,492,12,-31,139.932,1.5,0,0,0,25
3279428780,89.1748,0,0,-89.1748,89.1748,212,4,-27.8856,54.3856,1.5,0,0,0,25
3281429056,111.699,0,0,-111.699,111.699,488,18,63.7508,127.251,1.5,0,0,0,25
3285428748,103.708,0,0,-103.708,103.708,180,6,3.5,46.3196,1.5,0,0,0,25
3287428891,100.48,0,0,-100.48,100.48,323,13,36.7286,84.2286,1.5,0,0,0,25
3290928781,91.0411,0,0,-91.0411,91.0411,213,19,22.4853,54.0147,1.5,0,0,0,25
3293428773,88.5693,0,0,-88.5693,88.5693,205,7,17.8349,52.6651,1.5,0,0,0,25
3293428803,84.8862,0,0,-84.8862,84.8862,235,1,-20.2927,62.2073,1.5,0,0,0,25
3296428798,108.501,0,0,-108.501,108.501,230,9,8.08713,62.5871,1.5,0,0,0,25
3300000219,89.6515,0,0,-89.6515,89.6515,219,0,0,0,25,4,-27.9917,54.4917,1.5
3300036057,103.121,0,0,-103.121,103.121,342,0,0,0,25,2,-9.20851,99.5,1.5
3300071602,102.55,0,0,-102.55,102.55,173,0,0,0,25,6,3.5,46.1696,1.5
3300071630,91.0449,0,0,-91.0449,91.0449,201,0,0,0,25,7,17.941,52.559,1.5
3300071639,90.6437,0,0,-90.6437,90.6437,210,0,0,0,25,19,22.5,53.8707,1.5
3300071653,103.201,0,0,-103.201,103.201,224,0,0,0,25,9,7.98106,62.4811,1.5
3300071661,99.168,0,0,-99.168,99.168,232,0,0,0,25,1,-20.3987,62.1013,1.5
3300071668,96.4403,0,0,-96.4403,96.4403,239,0,0,0,25,16,18.1258,65.1258,1.5
3300071745,98.6952,0,0,-98.6952,98.6952,316,0,0,0,25,13,36.6225,84.1225,1.5
3300071759,102.154,0,0,-102.154,102.154,330,0,0,0,25,20,23.9643,92.9643,1.5
3300071776,93.0666,0,0,-93.0666,93.0666,347,0,0,0,25,5,-42,92.2806,1.5
3300071838,96.425,0,0,-96.425,96.425,409,0,0,0,25,3,-42.9989,112.5,1.5
3300071851,106.058,0,0,-106.058,106.058,422,0,0,0,25,17,54,112.076,1.5
3300071853,113.049,0,0,-113.049,113.049,424,0,0,0,25,11,24.5,122.626,1.5
3300071898,98.2548,0,0,-98.2548,98.2548,469,0,0,0,25,8,-43,131.798,1.5
3300071910,109.994,0,0,-109.994,109.994,481,0,0,0,25,18,63.6447,127.145,1.5
3300071910,106.775,0,0,-106.775,106.775,481,0,0,0,25,15,49.5175,133.517,1.5
3300071913,96.9005,0,0,-96.9005,96.9005,484,0,0,0,25,12,-31,139.782,1.5
3300071916,97.0284,0,0,-97.0284,97.0284,487,0,0,0,25,14,-53.4622,133.962,1.5
3300071930,112.72,0,0,-112.72,112.72,501,0,0,0,25,10,-2,137.477,1.5
3302928990,106.058,0,0,-106.058,106.058,422,17,54,112.076,1.5,0,0,0,25
3302928992,113.049,0,0,-113.049,113.049,424,11,24.5,122.626,1.5,0,0,0,25
3307750329,102.154,0,0,-102.154,102.154,330,20,23.9643,92.9643,1.5,0,0,0,25
3311428807,96.4403,0,0,-96.4403,96.4403,239,16,18.1258,65.1258,1.5,0,0,0,25
3313928977,96.425,0,0,-96.425,96.425,409,3,-42.9989,112.5,1.5,0,0,0,25
3313929037,98.2548,0,0,-98.2548,98.2548,469,8,-43,131.798,1.5,0,0,0,25
3314429049,106.775,0,0,-106.775,106.775,481,15,49.5175,133.517,1.5,0,0,0,25
3316929055,97.0284,0,0,-97.0284,97.0284,487,14,-53.4622,133.962,1.5,0,0,0,25
3317428910,103.121,0,0,-103.121,103.121,342,2,-9.20851,99.5,1.5,0,0,0,25
3319929069,112.72,0,0,-112.72,112.72,501,10,-2,137.477,1.5,0,0,0,25
3323428915,93.0666,0,0,-93.0666,93.0666,347,5,-42,92.2806,1.5,0,0,0,25
3323929052,96.9005,0,0,-96.9005,96.9005,484,12,-31,139.782,1.5,0,0,0,25
3329428787,89.6515,0,0,-89.6515,89.6515,219,4,-27.9917,54.4917,1.5,0,0,0,25
3331929049,109.994,0,0,-109.994,109.994,481,18,63.6447,127.145,1.5,0,0,0,25
3335928741,102.55,0,0,-102.55,102.55,173,6,3.5,46.1696,1.5,0,0,0,25
3337928884,98.6952,0,0,-98.6952,98.6952,316,13,36.6225,84.1225,1.5,0,0,0,25
3341428778,90.6437,0,0,-90.6437,90.6437,210,19,22.5,53.8707,1.5,0,0,0,25
3343928769,91.0449,0,0,-91.0449,91.0449,201,7,17.941,52.559,1.5,0,0,0,25
3343928800,99.168,0,0,-99.168,99.168,232,1,-20.3987,62.1013,1.5,0,0,0,25
3346928792,103.201,0,0,-103.201,103.201,224,9,7.98106,62.4811,1.5,0,0,0,25
3350000219,89.6515,0,0,-89.6515,89.6515,219,0,0,0,25,4,-27.9917,54.4917,1.5
3350036057,103.121,0,0,-103.121,103.121,342,0,0,0,25,2,-9.20851,99.5,1.5
3350071602,102.55,0,0,-102.55,102.55,173,0,0,0,25,6,3.5,46.1696,1.5
3350071630,91.0449,0,0,-91.0449,91.0449,201,0,0,0,25,7,17.941,52.559,1.5
3350071639,90.6437,0,0,-90.6437,90.6437,210,0,0,0,25,19,22.5,53.8707,1.5
3350071653,103.201,0,0,-103.201,103.201,224,0,0,0,25,9,7.98106,62.4811,1.5
3350071661,99.168,0,0,-99.168,99.168,232,0,0,0,25,1,-20.3987,62.1013,1.5
3350071668,96.4403,0,0,-96.4403,96.4403,239,0,0,0,25,16,18.1258,65.1258,1.5
3350071745,98.6952,0,0,-98.6952,98.6952,316,0,0,0,25,13,36.6225,84.1225,1.5
3350071759,102.154,0,0,-102.154,102.154,330,0,0,0,25,20,23.9643,92.9643,1.5
3350071776,93.0666,0,0,-93.0666,93.0666,347,0,0,0,25,5,-42,92.2806,1.5
3350071838,96.425,0,0,-96.425,96.425,409,0,0,0,25,3,-42.9989,112.5,1.5
3350071851,106.058,0,0,-106.058,106.058,422,0,0,0,25,17,54,112.076,1.5
3350071853,113.049,0,0,-113.049,113.049,424,0,0,0,25,11,24.5,122.626,1.5
3350071898,98.2548,0,0,-98.2548,98.2548,469,0,0,0,25,8,-43,131.798,1.5
3350071910,109.994,0,0,-109.994,109.994,481,0,0,0,25,18,63.6447,127.145,1.5
3350071910,106.775,0,0,-106.775,106.775,481,0,0,0,25,15,49.5175,133.517,1.5
3350071913,96.9005,0,0,-96.9005,96.9005,484,0,0,0,25,12,-31,139.782,1.5
3350071916,97.0284,0,0,-97.0284,97.0284,487,0,0,0,25,14,-53.4622,133.962,1.5
3350071930,112.72,0,0,-112.72,112.72,501,0,0,0,25,10,-2,137.477,1.5
3352928990,106.058,0,0,-106.058,106.058,422,17,54,112.076,1.5,0,0,0,25
3356428992,113.049,0,0,-113.049,113.049,424,11,24.5,122.626,1.5,0,0,0,25
3357928898,102.154,0,0,-102.154,102.154,330,20,23.9643,92.9643,1.5,0,0,0,25
3361428807,96.4403,0,0,-96.4403,96.4403,239,16,18.1258,65.1258,1.5,0,0,0,25
3363928977,96.425,0,0,-96.425,96.425,409,3,-42.9989,112.5,1.5,0,0,0,25
3364429049,106.775,0,0,-106.775,106.775,481,15,49.5175,133.517,1.5,0,0,0,25
3364929037,98.2548,0,0,-98.2548,98.2548,469,8,-43,131.798,1.5,0,0,0,25
3367428910,103.121,0,0,-103.121,103.121,342,2,-9.20851,99.5,1.5,0,0,0,25
3367429055,97.0284,0,0,-97.0284,97.0284,487,14,-53.4622,133.962,1.5,0,0,0,25
3369929069,112.72,0,0,-112.72,112.72,501,10,-2,137.477,1.5,0,0,0,25
3373929052,96.9005,0,0,-96.9005,96.9005,484,12,-31,139.782,1.5,0,0,0,25
3378928915,93.0666,0,0,-93.0666,93.0666,347,5,-42,92.2806,1.5,0,0,0,25
3379428787,89.6515,0,0,-89.6515,89.6515,219,4,-27.9917,54.4917,1.5,0,0,0,25
3381929049,109.994,0,0,-109.994,109.994,481,18,63.6447,127.145,1.5,0,0,0,25
3385928741,102.55,0,0,-102.55,102.55,173,6,3.5,46.1696,1.5,0,0,0,25
3387928884,98.6952,0,0,-98.6952,98.6952,316,13,36.6225,84.1225,1.5,0,0,0,25
3391428778,90.6437,0,0,-90.6437,90.6437,210,19,22.5,53.8707,1.5,0,0,0,25
3393928769,91.0449,0,0,-91.0449,91.0449,201,7,17.941,52.559,1.5,0,0,0,25
3393928800,99.168,0,0,-99.168,99.168,232,1,-20.3987,62.1013,1.5,0,0,0,25
3396928792,103.201,0,0,-103.201,103.201,224,9,7.98106,62.4811,1.5,0,0,0,25
3400000219,89.6515,0,0,-89.6515,89.6515,219,0,0,0,25,4,-28.0977,54.5977,1.5
3400036057,103.121,0,0,-103.121,103.121,342,0,0,0,25,2,-9.35851,99.5,1.5
3400071602,102.55,0,0,-102.55,102.55,173,0,0,0,25,6,3.5,46.0196,1.5
3400071630,91.0449,0,0,-91.0449,91.0449,201,0,0,0,25,7,18.047,52.453,1.5
3400071639,90.6437,0,0,-90.6437,90.6437,210,0,0,0,25,19,22.5,53.7207,1.5
3400071653,103.201,0,0,-103.201,103.201,224,0,0,0,25,9,7.875,62.375,1.5
3400071661,99.168,0,0,-99.168,99.168,232,0,0,0,25,1,-20.5048,61.9952,1.5
3400071668,96.4403,0,0,-96.4403,96.4403,239,0,0,0,25,16,18.0197,65.0197,1.5
3400071745,98.6952,0,0,-98.6952,98.6952,316,0,0,0,25,13,36.5165,84.0165,1.5
3400071759,102.154,0,0,-102.154,102.154,330,0,0,0,25,20,23.8582,92.8582,1.5
3400071776,93.0666,0,0,-93.0666,93.0666,347,0,0,0,25,5,-42,92.1306,1.5
3400071838,96.425,0,0,-96.425,96.425,409,0,0,0,25,3,-42.8489,112.5,1.5
3400071851,106.058,0,0,-106.058,106.058,422,0,0,0,25,17,54,111.926,1.5
3400071853,113.049,0,0,-113.049,113.049,424,0,0,0,25,11,24.5,122.476,1.5
3400071898,98.2548,0,0,-98.2548,98.2548,469,0,0,0,25,8,-43,131.648,1.5
3400071910,109.994,0,0,-109.994,109.994,481,0,0,0,25,18,63.5387,127.039,1.5
3400071910,106.775,0,0,-106.775,106.775,481,0,0,0,25,15,49.4114,133.411,1.5
3400071913,96.9005,0,0,-96.9005,96.9005,484,0,0,0,25,12,-31,139.632,1.5
3400071916,97.0284,0,0,-97.0284,97.0284,487,0,0,0,25,14,-53.3562,133.856,1.5
3400071930,112.72,0,0,-112.72,112.72,501,0,0,0,25,10,-2,137.327,1.5
3403428990,106.058,0,0,-106.058,106.058,422,17,54,111.926,1.5,0,0,0,25
3407428992,113.049,0,0,-113.049,113.049,424,11,24.5,122.476,1.5,0,0,0,25
3407928898,102.154,0,0,-102.154,102.154,330,20,23.8582,92.8582,1.5,0,0,0,25
3411428807,96.4403,0,0,-96.4403,96.4403,239,16,18.0197,65.0197,1.5,0,0,0,25
3413928977,96.425,0,0,-96.425,96.425,409,3,-42.8489,112.5,1.5,0,0,0,25
3414429049,106.775,0,0,-106.775,106.775,481,15,49.4114,133.411,1.5,0,0,0,25
3414929037,98.2548,0,0,-98.2548,98.2548,469,8,-43,131.648,1.5,0,0,0,25
3417428910,103.121,0,0,-103.121,103.121,342,2,-9.35851,99.5,1.5,0,0,0,25
3419929069,112.72,0,0,-112.72,112.72,501,10,-2,137.327,1.5,0,0,0,25
3421929055,97.0284,0,0,-97.0284,97.0284,487,14,-53.3562,133.856,1.5,0,0,0,25
3423929052,96.9005,0,0,-96.9005,96.9005,484,12,-31,139.632,1.5,0,0,0,25
3428928915,93.0666,0,0,-93.0666,93.0666,347,5,-42,92.1306,1.5,0,0,0,25
3429428787,89.6515,0,0,-89.6515,89.6515,219,4,-28.0977,54.5977,1.5,0,0,0,25
3431929049,109.994,0,0,-109.994,109.994,481,18,63.5387,127.039,1.5,0,0,0,25
3435928741,102.55,0,0,-102.55,102.55,173,6,3.5,46.0196,1.5,0,0,0,25
3437928884,98.6952,0,0,-98.6952,98.6952,316,13,36.5165,84.0165,1.5,0,0,0,25
3441428778,90.6437,0,0,-90.6437,90.6437,210,19,22.5,53.7207,1.5,0,0,0,25
3443928769,91.0449,0,0,-91.0449,91.0449,201,7,18.047,52.453,1.5,0,0,0,25
3444428800,99.168,0,0,-99.168,99.168,232,1,-20.5048,61.9952,1.5,0,0,0,25
3446928792,103.201,0,0,-103.201,103.201,224,9,7.875,62.375,1.5,0,0,0,25
3450000219,89.6515,0,0,-89.6515,89.6515,219,0,0,0,25,4,-28.0977,54.5977,1.5
3450036057,103.121,0,0,-103.121,103.121,342,0,0,0,25,2,-9.35851,99.5,1.5
3450071602,102.55,0,0,-102.55,102.55,173,0,0,0,25,6,3.5,46.0196,1.5
3450071630,91.0449,0,0,-91.0449,91.0449,201,0,0,0,25,7,18.047,52.453,1.5
3450071639,90.6437,0,0,-90.6437,90.6437,210,0,0,0,25,19,22.5,53.7207,1.5
3450071653,103.201,0,0,-103.201,103.201,224,0,0,0,25,9,7.875,62.375,1.5
3450071661,99.168,0,0,-99.168,99.168,232,0,0,0,25,1,-20.5048,61.9952,1.5
3450071668,96.4403,0,0,-96.4403,96.4403,239,0,0,0,25,16,18.0197,65.0197,1.5
3450071745,98.6952,0,0,-98.6952,98.6952,316,0,0,0,25,13,36.5165,84.0165,1.5
3450071759,102.154,0,0,-102.154,102.154,330,0,0,0,25,20,23.8582,92.8582,1.5
3450071776,93.0666,0,0,-93.0666,93.0666,347,0,0,0,25,5,-42,92.1306,1.5
3450071838,96.425,0,0,-96.425,96.425,409,0,0,0,25,3,-42.8489,112.5,1.5
3450071851,106.058,0,0,-106.058,106.058,422,0,0,0,25,17,54,111.926,1.5
3450071853,113.049,0,0,-113.049,113.049,424,0,0,0,25,11,24.5,122.476,1.5
3450071898,98.2548,0,0,-98.2548,98.2548,469,0,0,0,25,8,-43,131.648,1.5
3450071910,109.994,0,0,-109.994,109.994,481,0,0,0,25,18,63.5387,127.039,1.5
3450071910,106.775,0,0,-106.775,106.775,481,0,0,0,25,15,49.4114,133.411,1.5
3450071913,96.9005,0,0,-96.9005,96.9005,484,0,0,0,25,12,-31,139.632,1.5
3450071916,97.0284,0,0,-97.0284,97.0284,487,0,0,0,25,14,-53.3562,133.856,1.5
3450071930,112.72,0,0,-112.72,112.72,501,0,0,0,25,10,-2,137.327,1.5
3453428990,106.058,0,0,-106.058,106.058,422,17,54,111.926,1.5,0,0,0,25
3457928898,102.154,0,0,-102.154,102.154,330,20,23.8582,92.8582,1.5,0,0,0,25
3458393278,113.049,0,0,-113.049,113.049,424,11,24.5,122.476,1.5,0,0,0,25
3461428807,96.4403,0,0,-96.4403,96.4403,239,16,18.0197,65.0197,1.5,0,0,0,25
3463928977,96.425,0,0,-96.425,96.425,409,3,-42.8489,112.5,1.5,0,0,0,25
3464429049,106.775,0,0,-106.775,106.775,481,15,49.4114,133.411,1.5,0,0,0,25
3464929037,98.2548,0,0,-98.2548,98.2548,469,8,-43,131.648,1.5,0,0,0,25
3467428910,103.121,0,0,-103.121,103.121,342,2,-9.35851,99.5,1.5,0,0,0,25
3469929069,112.72,0,0,-112.72,112.72,501,10,-2,137.327,1.5,0,0,0,25
3471929055,97.0284,0,0,-97.0284,97.0284,487,14,-53.3562,133.856,1.5,0,0,0,25
3473929052,96.9005,0,0,-96.9005,96.9005,484,12,-31,139.632,1.5,0,0,0,25
3478928915,93.0666,0,0,-93.0666,93.0666,347,5,-42,92.1306,1.5,0,0,0,25
3479428787,89.6515,0,0,-89.6515,89.6515,219,4,-28.0977,54.5977,1.5,0,0,0,25
3481929049,109.994,0,0,-109.994,109.994,481,18,63.5387,127.039,1.5,0,0,0,25
3487928884,98.6952,0,0,-98.6952,98.6952,316,13,36.5165,84.0165,1.5,0,0,0,25
3491428741,102.55,0,0,-102.55,102.55,173,6,3.5,46.0196,1.5,0,0,0,25
3491428778,90.6437,0,0,-90.6437,90.6437,210,19,22.5,53.7207,1.5,0,0,0,25
3493928769,91.0449,0,0,-91.0449,91.0449,201,7,18.047,52.453,1.5,0,0,0,25
3494428800,99.168,0,0,-99.168,99.168,232,1,-20.5048,61.9952,1.5,0,0,0,25
3496928792,103.201,0,0,-103.201,103.201,224,9,7.875,62.375,1.5,0,0,0,25
3500000219,89.6515,0,0,-89.6515,89.6515,219,0,0,0,25,4,-28.2038,54.7038,1.5
3500036057,103.121,0,0,-103.121,103.121,342,0,0,0,25,2,-9.50851,99.5,1.5
3500071602,102.55,0,0,-102.55,102.55,173,0,0,0,25,6,3.5,45.8696,1.5
3500071630,91.0449,0,0,-91.0449,91.0449,201,0,0,0,25,7,18.1531,52.3469,1.5
3500071639,90.6437,0,0,-90.6437,90.6437,210,0,0,0,25,19,22.5,53.5707,1.5
3500071653,103.201,0,0,-103.201,103.201,224,0,0,0,25,9,7.76893,62.2689,1.5
3500071661,99.168,0,0,-99.168,99.168,232,0,0,0,25,1,-20.6109,61.8891,1.5
3500071668,96.4403,0,0,-96.4403,96.4403,239,0,0,0,25,16,17.9136,64.9136,1.5
3500071745,98.6952,0,0,-98.6952,98.6952,316,0,0,0,25,13,36.4104,83.9104,1.5
3500071759,102.154,0,0,-102.154,102.154,330,0,0,0,25,20,23.7522,92.7522,1.5
3500071776,93.0666,0,0,-93.0666,93.0666,347,0,0,0,25,5,-42,91.9806,1.5
3500071838,96.425,0,0,-96.425,96.425,409,0,0,0,25,3,-42.6989,112.5,1.5
3500071851,106.058,0,0,-106.058,106.058,422,0,0,0,25,17,54,111.776,1.5
3500071853,113.049,0,0,-113.049,113.049,424,0,0,0,25,11,24.5,122.326,1.5
3500071898,98.2548,0,0,-98.2548,98.2548,469,0,0,0,25,8,-43,131.498,1.5
3500071910,109.994,0,0,-109.994,109.994,481,0,0,0,25,18,63.4326,126.933,1.5
3500071910,106.775,0,0,-106.775,106.775,481,0,0,0,25,15,49.3054,133.305,1.5
3500071913,96.9005,0,0,-96.9005,96.9005,484,0,0,0,25,12,-31,139.482,1.5
3500071916,97.0284,0,0,-97.0284,97.0284,487,0,0,0,25,14,-53.2501,133.75,1.5
3500071930,112.72,0,0,-112.72,112.72,501,0,0,0,25,10,-2,137.177,1.5
3503428990,106.058,0,0,-106.058,106.058,422,17,54,111.776,1.5,0,0,0,25
3507928898,102.154,0,0,-102.154,102.154,330,20,23.7522,92.7522,1.5,0,0,0,25
3510428992,113.049,0,0,-113.049,113.049,424,11,24.5,122.326,1.5,0,0,0,25
3511428807,96.4403,0,0,-96.4403,96.4403,239,16,17.9136,64.9136,1.5,0,0,0,25
3513928977,96.425,0,0,-96.425,96.425,409,3,-42.6989,112.5,1.5,0,0,0,25
3514929049,106.775,0,0,-106.775,106.775,481,15,49.3054,133.305,1.5,0,0,0,25
3515429037,98.2548,0,0,-98.2548,98.2548,469,8,-43,131.498,1.5,0,0,0,25
3517428910,103.121,0,0,-103.121,103.121,342,2,-9.50851,99.5,1.5,0,0,0,25
3519929069,112.72,0,0,-112.72,112.72,501,10,-2,137.177,1.5,0,0,0,25
3523429055,97.0284,0,0,-97.0284,97.0284,487,14,-53.2501,133.75,1.5,0,0,0,25
3523929052,96.9005,0,0,-96.9005,96.9005,484,12,-31,139.482,1.5,0,0,0,25
3528928915,93.0666,0,0,-93.0666,93.0666,347,5,-42,91.9806,1.5,0,0,0,25
3529428787,89.6515,0,0,-89.6515,89.6515,219,4,-28.2038,54.7038,1.5,0,0,0,25
3531929049,109.994,0,0,-109.994,109.994,481,18,63.4326,126.933,1.5,0,0,0,25
3537928884,98.6952,0,0,-98.6952,98.6952,316,13,36.4104,83.9104,1.5,0,0,0,25
3541428741,102.55,0,0,-102.55,102.55,173,6,3.5,45.8696,1.5,0,0,0,25
3541428778,90.6437,0,0,-90.6437,90.6437,210,19,22.5,53.5707,1.5,0,0,0,25
3543928769,91.0449,0,0,-91.0449,91.0449,201,7,18.1531,52.3469,1.5,0,0,0,25
3544428800,99.168,0,0,-99.168,99.168,232,1,-20.6109,61.8891,1.5,0,0,0,25
3547428792,103.201,0,0,-103.201,103.201,224,9,7.76893,62.2689,1.5,0,0,0,25
3550000219,89.6515,0,0,-89.6515,89.6515,219,0,0,0,25,4,-28.2038,54.7038,1.5
3550036057,103.121,0,0,-103.121,103.121,342,0,0,0,25,2,-9.50851,99.5,1.5
3550071602,102.55,0,0,-102.55,102.55,173,0,0,0,25,6,3.5,45.8696,1.5
3550071630,91.0449,0,0,-91.0449,91.0449,201,0,0,0,25,7,18.1531,52.3469,1.5
3550071639,90.6437,0,0,-90.6437,90.6437,210,0,0,0,25,19,22.5,53.5707,1.5
3550071653,103.201,0,0,-103.201,103.201,224,0,0,0,25,9,7.76893,62.2689,1.5
3550071661,99.168,0,0,-99.168,99.168,232,0,0,0,25,1,-20.6109,61.8891,1.5
3550071668,96.4403,0,0,-96.4403,96.4403,239,0,0,0,25,16,17.9136,64.9136,1.5
3550071745,98.6952,0,0,-98.6952,98.6952,316,0,0,0,25,13,36.4104,83.9104,1.5
3550071759,102.154,0,0,-102.154,102.154,330,0,0,0,25,20,23.7522,92.7522,1.5
3550071776,93.0666,0,0,-93.0666,93.0666,347,0,0,0,25,5,-42,91.9806,1.5
3550071838,96.425,0,0,-96.425,96.425,409,0,0,0,25,3,-42.6989,112.5,1.5
3550071851,106.058,0,0,-106.058,106.058,422,0,0,0,25,17,54,111.776,1.5
3550071853,113.049,0,0,-113.049,113.049,424,0,0,0,25,11,24.5,122.326,1.5
3550071898,98.2548,0,0,-98.2548,98.2548,469,0,0,0,25,8,-43,131.498,1.5
3550071910,109.994,0,0,-109.994,109.994,481,0,0,0,25,18,63.4326,126.933,1.5
3550071910,106.775,0,0,-106.775,106.775,481,0,0,0,25,15,49.3054,133.305,1.5
3550071913,96.9005,0,0,-96.9005,96.9005,484,0,0,0,25,12,-31,139.482,1.5
3550071916,97.0284,0,0,-97.0284,97.0284,487,0,0,0,25,14,-53.2501,133.75,1.5
3550071930,112.72,0,0,-112.72,112.72,501,0,0,0,25,10,-2,137.177,1.5
3553428990,106.058,0,0,-106.058,106.058,422,17,54,111.776,1.5,0,0,0,25
3557928898,102.154,0,0,-102.154,102.154,330,20,23.7522,92.7522,1.5,0,0,0,25
3560428992,113.049,0,0,-113.049,113.049,424,11,24.5,122.326,1.5,0,0,0,25
3561428807,96.4403,0,0,-96.4403,96.4403,239,16,17.9136,64.9136,1.5,0,0,0,25
3563928977,96.425,0,0,-96.425,96.425,409,3,-42.6989,112.5,1.5,0,0,0,25
3564929049,106.775,0,0,-106.775,106.775,481,15,49.3054,133.305,1.5,0,0,0,25
3565929037,98.2548,0,0,-98.2548,98.2548,469,8,-43,131.498,1.5,0,0,0,25
3567428910,103.121,0,0,-103.121,103.121,342,2,-9.50851,99.5,1.5,0,0,0,25
3569929069,112.72,0,0,-112.72,112.72,501,10,-2,137.177,1.5,0,0,0,25
3573929052,96.9005,0,0,-96.9005,96.9005,484,12,-31,139.482,1.5,0,0,0,25
3573929055,97.0284,0,0,-97.0284,97.0284,487,14,-53.2501,133.75,1.5,0,0,0,25
3579428787,89.6515,0,0,-89.6515,89.6515,219,4,-28.2038,54.7038,1.5,0,0,0,25
3579428915,93.0666,0,0,-93.0666,93.0666,347,5,-42,91.9806,1.5,0,0,0,25
3581929049,109.994,0,0,-109.994,109.994,481,18,63.4326,126.933,1.5,0,0,0,25
3588928884,98.6952,0,0,-98.6952,98.6952,316,13,36.4104,83.9104,1.5,0,0,0,25
3591428741,102.55,0,0,-102.55,102.55,173,6,3.5,45.8696,1.5,0,0,0,25
3591428778,90.6437,0,0,-90.6437,90.6437,210,19,22.5,53.5707,1.5,0,0,0,25
3593928769,91.0449,0,0,-91.0449,91.0449,201,7,18.1531,52.3469,1.5,0,0,0,25
3594428800,99.168,0,0,-99.168,99.168,232,1,-20.6109,61.8891,1.5,0,0,0,25
3598428792,103.201,0,0,-103.201,103.201,224,9,7.76893,62.2689,1.5,0,0,0,25
3600000219,89.6515,0,0,-89.6515,89.6515,219,0,0,0,25,4,-28.3099,54.8099,1.5
3600036057,103.121,0,0,-103.121,103.121,342,0,0,0,25,2,-9.65851,99.5,1.5
3600071602,102.55,0,0,-102.55,102.55,173,0,0,0,25,6,3.5,45.7196,1.5
3600071630,91.0449,0,0,-91.0449,91.0449,201,0,0,0,25,7,18.2592,52.2408,1.5
3600071639,90.6437,0,0,-90.6437,90.6437,210,0,0,0,25,19,22.5,53.4207,1.5
3600071653,103.201,0,0,-103.201,103.201,224,0,0,0,25,9,7.66287,62.1629,1.5
3600071661,99.168,0,0,-99.168,99.168,232,0,0,0,25,1,-20.7169,61.7831,1.5
3600071668,96.4403,0,0,-96.4403,96.4403,239,0,0,0,25,16,17.8076,64.8076,1.5
3600071745,98.6952,0,0,-98.6952,98.6952,316,0,0,0,25,13,36.3043,83.8043,1.5
3600071759,102.154,0,0,-102.154,102.154,330,0,0,0,25,20,23.6461,92.6461,1.5
3600071776,93.0666,0,0,-93.0666,93.0666,347,0,0,0,25,5,-42,91.8306,1.5
3600071838,96.425,0,0,-96.425,96.425,409,0,0,0,25,3,-42.5489,112.5,1.5
3600071851,106.058,0,0,-106.058,106.058,422,0,0,0,25,17,54,111.626,1.5
3600071853,113.049,0,0,-113.049,113.049,424,0,0,0,25,11,24.5,122.176,1.5
3600071898,98.2548,0,0,-98.2548,98.2548,469,0,0,0,25,8,-43,131.348,1.5
3600071910,109.994,0,0,-109.994,109.994,481,0,0,0,25,18,63.3265,126.827,1.5
3600071910,106.775,0,0,-106.775,106.775,481,0,0,0,25,15,49.1993,133.199,1.5
3600071913,96.9005,0,0,-96.9005,96.9005,484,0,0,0,25,12,-31,139.332,1.5
3600071916,97.0284,0,0,-97.0284,97.0284,487,0,0,0,25,14,-53.144,133.644,1.5
3600071930,112.72,0,0,-112.72,112.72,501,0,0,0,25,10,-2,137.027,1.5
3603428990,106.058,0,0,-106.058,106.058,422,17,54,111.626,1.5,0,0,0,25
3607928898,102.154,0,0,-102.154,102.154,330,20,23.6461,92.6461,1.5,0,0,0,25
3610928992,113.049,0,0,-113.049,113.049,424,11,24.5,122.176,1.5,0,0,0,25
3611428807,96.4403,0,0,-96.4403,96.4403,239,16,17.8076,64.8076,1.5,0,0,0,25
3613928977,96.425,0,0,-96.425,96.425,409,3,-42.5489,112.5,1.5,0,0,0,25
3614929049,106.775,0,0,-106.775,106.775,481,15,49.1993,133.199,1.5,0,0,0,25
3615929037,98.2548,0,0,-98.2548,98.2548,469,8,-43,131.348,1.5,0,0,0,25
3617428910,103.121,0,0,-103.121,103.121,342,2,-9.65851,99.5,1.5,0,0,0,25
3619929069,112.72,0,0,-112.72,112.72,501,10,-2,137.027,1.5,0,0,0,25
3623929052,96.9005,0,0,-96.9005,96.9005,484,12,-31,139.332,1.5,0,0,0,25
3623929055,97.0284,0,0,-97.0284,97.0284,487,14,-53.144,133.644,1.5,0,0,0,25
3629428787,89.6515,0,0,-89.6515,89.6515,219,4,-28.3099,54.8099,1.5,0,0,0,25
3629428915,93.0666,0,0,-93.0666,93.0666,347,5,-42,91.8306,1.5,0,0,0,25
3631929049,109.994,0,0,-109.994,109.994,481,18,63.3265,126.827,1.5,0,0,0,25
3638928884,98.6952,0,0,-98.6952,98.6952,316,13,36.3043,83.8043,1.5,0,0,0,25
3641428741,102.55,0,0,-102.55,102.55,173,6,3.5,45.7196,1.5,0,0,0,25
3641428778,90.6437,0,0,-90.6437,90.6437,210,19,22.5,53.4207,1.5,0,0,0,25
3643928769,91.0449,0,0,-91.0449,91.0449,201,7,18.2592,52.2408,1.5,0,0,0,25
3644428800,99.168,0,0,-99.168,99.168,232,1,-20.7169,61.7831,1.5,0,0,0,25
3648428792,103.201,0,0,-103.201,103.201,224,9,7.66287,62.1629,1.5,0,0,0,25
3650000219,89.6515,0,0,-89.6515,89.6515,219,0,0,0,25,4,-28.3099,54.8099,1.5
3650036057,103.121,0,0,-103.121,103.121,342,0,0,0,25,2,-9.65851,99.5,1.5
3650071602,102.55,0,0,-102.55,102.55,173,0,0,0,25,6,3.5,45.7196,1.5
3650071630,91.0449,0,0,-91.0449,91.0449,201,0,0,0,25,7,18.2592,52.2408,1.5
3650071639,90.6437,0,0,-90.6437,90.6437,210,0,0,0,25,19,22.5,53.4207,1.5
3650071653,103.201,0,0,-103.201,103.201,224,0,0,0,25,9,7.66287,62.1629,1.5
3650071661,99.168,0,0,-99.168,99.168,232,0,0,0,25,1,-20.7169,61.7831,1.5
3650071668,96.4403,0,0,-96.4403,96.4403,239,0,0,0,25,16,17.8076,64.8076,1.5
3650071745,98.6952,0,0,-98.6952,98.6952,316,0,0,0,25,13,36.3043,83.8043,1.5
3650071759,102.154,0,0,-102.154,102.154,330,0,0,0,25,20,23.6461,92.6461,1.5
3650071776,93.0666,0,0,-93.0666,93.0666,347,0,0,0,25,5,-42,91.8306,1.5
3650071838,96.425,0,0,-96.425,96.425,409,0,0,0,25,3,-42.5489,112.5,1.5
3650071851,106.058,0,0,-106.058,106.058,422,0,0,0,25,17,54,111.626,1.5
3650071853,113.049,0,0,-113.049,113.049,424,0,0,0,25,11,24.5,122.176,1.5
3650071898,98.2548,0,0,-98.2548,98.2548,469,0,0,0,25,8,-43,131.348,1.5
3650071910,109.994,0,0,-109.994,109.994,481,0,0,0,25,18,63.3265,126.827,1.5
3650071910,106.775,0,0,-106.775,106.775,481,0,0,0,25,15,49.1993,133.199,1.5
3650071913,96.9005,0,0,-96.9005,96.9005,484,0,0,0,25,12,-31,139.332,1.5
3650071916,97.0284,0,0,-97.0284,97.0284,487,0,0,0,25,14,-53.144,133.644,1.5
3650071930,112.72,0,0,-112.72,112.72,501,0,0,0,25,10,-2,137.027,1.5
3653428990,106.058,0,0,-106.058,106.058,422,17,54,111.626,1.5,0,0,0,25
3657928898,102.154,0,0,-102.154,102.154,330,20,23.6461,92.6461,1.5,0,0,0,25
3661428992,113.049,0,0,-113.049,113.049,424,11,24.5,122.176,1.5,0,0,0,25
3663928977,96.425,0,0,-96.425,96.425,409,3,-42.5489,112.5,1.5,0,0,0,25
3664929049,106.775,0,0,-106.775,106.775,481,15,49.1993,133.199,1.5,0,0,0,25
3665929037,98.2548,0,0,-98.2548,98.2548,469,8,-43,131.348,1.5,0,0,0,25
3666928807,96.4403,0,0,-96.4403,96.4403,239,16,17.8076,64.8076,1.5,0,0,0,25
3667428910,103.121,0,0,-103.121,103.121,342,2,-9.65851,99.5,1.5,0,0,0,25
3673929052,96.9005,0,0,-96.9005,96.9005,484,12,-31,139.332,1.5,0,0,0,25
3673929055,97.0284,0,0,-97.0284,97.0284,487,14,-53.144,133.644,1.5,0,0,0,25
3676929069,112.72,0,0,-112.72,112.72,501,10,-2,137.027,1.5,0,0,0,25
3679428787,89.6515,0,0,-89.6515,89.6515,219,4,-28.3099,54.8099,1.5,0,0,0,25
3679428915,93.0666,0,0,-93.0666,93.0666,347,5,-42,91.8306,1.5,0,0,0,25
3681929049,109.994,0,0,-109.994,109.994,481,18,63.3265,126.827,1.5,0,0,0,25
3689428884,98.6952,0,0,-98.6952,98.6952,316,13,36.3043,83.8043,1.5,0,0,0,25
3691428741,102.55,0,0,-102.55,102.55,173,6,3.5,45.7196,1.5,0,0,0,25
3691428778,90.6437,0,0,-90.6437,90.6437,210,19,22.5,53.4207,1.5,0,0,0,25
3694428800,99.168,0,0,-99.168,99.168,232,1,-20.7169,61.7831,1.5,0,0,0,25
3698428792,103.201,0,0,-103.201,103.201,224,9,7.66287,62.1629,1.5,0,0,0,25
3698928769,91.0449,0,0,-91.0449,91.0449,201,7,18.2592,52.2408,1.5,0,0,0,25
3700000219,89.6515,0,0,-89.6515,89.6515,219,0,0,0,25,4,-28.4159,54.9159,1.5
3700036057,103.121,0,0,-103.121,103.121,342,0,0,0,25,2,-9.80851,99.5,1.5
3700071602,102.55,0,0,-102.55,102.55,173,0,0,0,25,6,3.5,45.5696,1.5
3700071630,91.0449,0,0,-91.0449,91.0449,201,0,0,0,25,7,18.3652,52.1348,1.5
3700071639,90.6437,0,0,-90.6437,90.6437,210,0,0,0,25,19,22.5,53.2707,1.5
3700071653,103.201,0,0,-103.201,103.201,224,0,0,0,25,9,7.5568,62.0568,1.5
3700071661,99.168,0,0,-99.168,99.168,232,0,0,0,25,1,-20.823,61.677,1.5
3700071668,96.4403,0,0,-96.4403,96.4403,239,0,0,0,25,16,17.7015,64.7015,1.5
3700071745,98.6952,0,0,-98.6952,98.6952,316,0,0,0,25,13,36.1983,83.6983,1.5
3700071759,102.154,0,0,-102.154,102.154,330,0,0,0,25,20,23.54,92.54,1.5
3700071776,93.0666,0,0,-93.0666,93.0666,347,0,0,0,25,5,-42,91.6806,1.5
3700071838,96.425,0,0,-96.425,96.425,409,0,0,0,25,3,-42.3989,112.5,1.5
3700071851,106.058,0,0,-106.058,106.058,422,0,0,0,25,17,54,111.476,1.5
3700071853,113.049,0,0,-113.049,113.049,424,0,0,0,25,11,24.5,122.026,1.5
3700071898,98.2548,0,0,-98.2548,98.2548,469,0,0,0,25,8,-43,131.198,1.5
3700071910,109.994,0,0,-109.994,109.994,481,0,0,0,25,18,63.2205,126.72,1.5
3700071910,106.775,0,0,-106.775,106.775,481,0,0,0,25,15,49.0932,133.093,1.5
3700071913,96.9005,0,0,-96.9005,96.9005,484,0,0,0,25,12,-31,139.182,1.5
3700071916,97.0284,0,0,-97.0284,97.0284,487,0,0,0,25,14,-53.038,133.538,1.5
3700071930,112.72,0,0,-112.72,112.72,501,0,0,0,25,10,-2,136.877,1.5
3703428990,106.058,0,0,-106.058,106.058,422,17,54,111.476,1.5,0,0,0,25
3707928898,102.154,0,0,-102.154,102.154,330,20,23.54,92.54,1.5,0,0,0,25
3711428992,113.049,0,0,-113.049,113.049,424,11,24.5,122.026,1.5,0,0,0,25
3713928977,96.425,0,0,-96.425,96.425,409,3,-42.3989,112.5,1.5,0,0,0,25
3714929049,106.775,0,0,-106.775,106.775,481,15,49.0932,133.093,1.5,0,0,0,25
3716429037,98.2548,0,0,-98.2548,98.2548,469,8,-43,131.198,1.5,0,0,0,25
3716928807,96.4403,0,0,-96.4403,96.4403,239,16,17.7015,64.7015,1.5,0,0,0,25
3717428910,103.121,0,0,-103.121,103.121,342,2,-9.80851,99.5,1.5,0,0,0,25
3723929052,96.9005,0,0,-96.9005,96.9005,484,12,-31,139.182,1.5,0,0,0,25
3723929055,97.0284,0,0,-97.0284,97.0284,487,14,-53.038,133.538,1.5,0,0,0,25
3726929069,112.72,0,0,-112.72,112.72,501,10,-2,136.877,1.5,0,0,0,25
3729428787,89.6515,0,0,-89.6515,89.6515,219,4,-28.4159,54.9159,1.5,0,0,0,25
3729428915,93.0666,0,0,-93.0666,93.0666,347,5,-42,91.6806,1.5,0,0,0,25
3731929049,109.994,0,0,-109.994,109.994,481,18,63.2205,126.72,1.5,0,0,0,25
3739928884,98.6952,0,0,-98.6952,98.6952,316,13,36.1983,83.6983,1.5,0,0,0,25
3741428741,102.55,0,0,-102.55,102.55,173,6,3.5,45.5696,1.5,0,0,0,25
3741428778,90.6437,0,0,-90.6437,90.6437,210,19,22.5,53.2707,1.5,0,0,0,25
3744428800,99.168,0,0,-99.168,99.168,232,1,-20.823,61.677,1.5,0,0,0,25
3748428792,103.201,0,0,-103.201,103.201,224,9,7.5568,62.0568,1.5,0,0,0,25
3748928769,91.0449,0,0,-91.0449,91.0449,201,7,18.3652,52.1348,1.5,0,0,0,25
3750000219,89.6515,0,0,-89.6515,89.6515,219,0,0,0,25,4,-28.4159,54.9159,1.5
3750036057,103.121,0,0,-103.121,103.121,342,0,0,0,25,2,-9.80851,99.5,1.5
3750071602,102.55,0,0,-102.55,102.55,173,0,0,0,25,6,3.5,45.5696,1.5
3750071630,91.0449,0,0,-91.0449,91.0449,201,0,0,0,25,7,18.3652,52.1348,1.5
3750071639,90.6437,0,0,-90.6437,90.6437,210,0,0,0,25,19,22.5,53.2707,1.5
3750071653,103.201,0,0,-103.201,103.201,224,0,0,0,25,9,7.5568,62.0568,1.5
3750071661,99.168,0,0,-99.168,99.168,232,0,0,0,25,1,-20.823,61.677,1.5
3750071668,96.4403,0,0,-96.4403,96.4403,239,0,0,0,25,16,17.7015,64.7015,1.5
3750071745,98.6952,0,0,-98.6952,98.6952,316,0,0,0,25,13,36.1983,83.6983,1.5
3750071759,102.154,0,0,-102.154,102.154,330,0,0,0,25,20,23.54,92.54,1.5
3750071776,93.0666,0,0,-93.0666,93.0666,347,0,0,0,25,5,-42,91.6806,1.5
3750071838,96.425,0,0,-96.425,96.425,409,0,0,0,25,3,-42.3989,112.5,1.5
3750071851,106.058,0,0,-106.058,106.058,422,0,0,0,25,17,54,111.476,1.5
3750071853,113.049,0,0,-113.049,113.049,424,0,0,0,25,11,24.5,122.026,1.5
3750071898,98.2548,0,0,-98.2548,98.2548,469,0,0,0,25,8,-43,131.198,1.5
3750071910,109.994,0,0,-109.994,109.994,481,0,0,0,25,18,63.2205,126.72,1.5
3750071910,106.775,0,0,-106.775,106.775,481,0,0,0,25,15,49.0932,133.093,1.5
3750071913,96.9005,0,0,-96.9005,96.9005,484,0,0,0,25,12,-31,139.182,1.5
3750071916,97.0284,0,0,-97.0284,97.0284,487,0,0,0,25,14,-53.038,133.538,1.5
3750071930,112.72,0,0,-112.72,112.72,501,0,0,0,25,10,-2,136.877,1.5
3753428990,106.058,0,0,-106.058,106.058,422,17,54,111.476,1.5,0,0,0,25
3757928898,102.154,0,0,-102.154,102.154,330,20,23.54,92.54,1.5,0,0,0,25
3761428992,113.049,0,0,-113.049,113.049,424,11,24.5,122.026,1.5,0,0,0,25
3763928977,96.425,0,0,-96.425,96.425,409,3,-42.3989,112.5,1.5,0,0,0,25
3764929049,106.775,0,0,-106.775,106.775,481,15,49.0932,133.093,1.5,0,0,0,25
3766429037,98.2548,0,0,-98.2548,98.2548,469,8,-43,131.198,1.5,0,0,0,25
3766928807,96.4403,0,0,-96.4403,96.4403,239,16,17.7015,64.7015,1.5,0,0,0,25
3767428910,103.121,0,0,-103.121,103.121,342,2,-9.80851,99.5,1.5,0,0,0,25
3773929052,96.9005,0,0,-96.9005,96.9005,484,12,-31,139.182,1.5,0,0,0,25
3774429055,97.0284,0,0,-97.0284,97.0284,487,14,-53.038,133.538,1.5,0,0,0,25
3776929069,112.72,0,0,-112.72,112.72,501,10,-2,136.877,1.5,0,0,0,25
3779428787,89.6515,0,0,-89.6515,89.6515,219,4,-28.4159,54.9159,1.5,0,0,0,25
3779928915,93.0666,0,0,-93.0666,93.0666,347,5,-42,91.6806,1.5,0,0,0,25
3781929049,109.994,0,0,-109.994,109.994,481,18,63.2205,126.72,1.5,0,0,0,25
3790428884,98.6952,0,0,-98.6952,98.6952,316,13,36.1983,83.6983,1.5,0,0,0,25
3791428741,102.55,0,0,-102.55,102.55,173,6,3.5,45.5696,1.5,0,0,0,25
3791428778,90.6437,0,0,-90.6437,90.6437,210,19,22.5,53.2707,1.5,0,0,0,25
3794428800,99.168,0,0,-99.168,99.168,232,1,-20.823,61.677,1.5,0,0,0,25
3798428792,103.201,0,0,-103.201,103.201,224,9,7.5568,62.0568,1.5,0,0,0,25
3798928769,91.0449,0,0,-91.0449,91.0449,201,7,18.3652,52.1348,1.5,0,0,0,25
3800000219,89.6515,0,0,-89.6515,89.6515,219,0,0,0,25,4,-28.522,55.022,1.5
3800036057,103.121,0,0,-103.121,103.121,342,0,0,0,25,2,-9.95851,99.5,1.5
3800071602,102.55,0,0,-102.55,102.55,173,0,0,0,25,6,3.5,45.4196,1.5
3800071630,91.0449,0,0,-91.0449,91.0449,201,0,0,0,25,7,18.4713,52.0287,1.5
3800071639,90.6437,0,0,-90.6437,90.6437,210,0,0,0,25,19,22.5,53.1207,1.5
3800071653,103.201,0,0,-103.201,103.201,224,0,0,0,25,9,7.45073,61.9507,1.5
3800071661,99.168,0,0,-99.168,99.168,232,0,0,0,25,1,-20.9291,61.5709,1.5
3800071668,96.4403,0,0,-96.4403,96.4403,239,0,0,0,25,16,17.5954,64.5954,1.5
3800071745,98.6952,0,0,-98.6952,98.6952,316,0,0,0,25,13,36.0922,83.5922,1.5
3800071759,102.154,0,0,-102.154,102.154,330,0,0,0,25,20,23.434,92.434,1.5
3800071776,93.0666,0,0,-93.0666,93.0666,347,0,0,0,25,5,-42,91.5306,1.5
3800071838,96.425,0,0,-96.425,96.425,409,0,0,0,25,3,-42.2489,112.5,1.5
3800071851,106.058,0,0,-106.058,106.058,422,0,0,0,25,17,54,111.326,1.5
3800071853,113.049,0,0,-113.049,113.049,424,0,0,0,25,11,24.5,121.876,1.5
3800071898,98.2548,0,0,-98.2548,98.2548,469,0,0,0,25,8,-43,131.048,1.5
3800071910,109.994,0,0,-109.994,109.994,481,0,0,0,25,18,63.1144,126.614,1.5
3800071910,106.775,0,0,-106.775,106.775,481,0,0,0,25,15,48.9872,132.987,1.5
3800071913,96.9005,0,0,-96.9005,96.9005,484,0,0,0,25,12,-31,139.032,1.5
3800071916,97.0284,0,0,-97.0284,97.0284,487,0,0,0,25,14,-52.9319,133.432,1.5
3800071930,112.72,0,0,-112.72,112.72,501,0,0,0,25,10,-2,136.727,1.5
3803428990,106.058,0,0,-106.058,106.058,422,17,54,111.326,1.5,0,0,0,25
3807928898,102.154,0,0,-102.154,102.154,330,20,23.434,92.434,1.5,0,0,0,25
3811428992,113.049,0,0,-113.049,113.049,424,11,24.5,121.876,1.5,0,0,0,25
3813928977,96.425,0,0,-96.425,96.425,409,3,-42.2489,112.5,1.5,0,0,0,25
3814929049,106.775,0,0,-106.775,106.775,481,15,48.9872,132.987,1.5,0,0,0,25
3816429037,98.2548,0,0,-98.2548,98.2548,469,8,-43,131.048,1.5,0,0,0,25
3816928807,96.4403,0,0,-96.4403,96.4403,239,16,17.5954,64.5954,1.5,0,0,0,25
3817428910,103.121,0,0,-103.121,103.121,342,2,-9.95851,99.5,1.5,0,0,0,25
3823929052,96.9005,0,0,-96.9005,96.9005,484,12,-31,139.032,1.5,0,0,0,25
3824429055,97.0284,0,0,-97.0284,97.0284,487,14,-52.9319,133.432,1.5,0,0,0,25
3826929069,112.72,0,0,-112.72,112.72,501,10,-2,136.727,1.5,0,0,0,25
3829428787,89.6515,0,0,-89.6515,89.6515,219,4,-28.522,55.022,1.5,0,0,0,25
3829928915,93.0666,0,0,-93.0666,93.0666,347,5,-42,91.5306,1.5,0,0,0,25
3831929049,109.994,0,0,-109.994,109.994,481,18,63.1144,126.614,1.5,0,0,0,25
3840928884,98.6952,0,0,-98.6952,98.6952,316,13,36.0922,83.5922,1.5,0,0,0,25
3841428741,102.55,0,0,-102.55,102.55,173,6,3.5,45.4196,1.5,0,0,0,25
3843428778,90.6437,0,0,-90.6437,90.6437,210,19,22.5,53.1207,1.5,0,0,0,25
3844893086,99.168,0,0,-99.168,99.168,232,1,-20.9291,61.5709,1.5,0,0,0,25
3848428792,103.201,0,0,-103.201,103.201,224,9,7.45073,61.9507,1.5,0,0,0,25
3848928769,91.0449,0,0,-91.0449,91.0449,201,7,18.4713,52.0287,1.5,0,0,0,25
3850000219,89.6515,0,0,-89.6515,89.6515,219,0,0,0,25,4,-28.522,55.022,1.5
3850036057,103.121,0,0,-103.121,103.121,342,0,0,0,25,2,-9.95851,99.5,1.5
3850071602,102.55,0,0,-102.55,102.55,173,0,0,0,25,6,3.5,45.4196,1.5
3850071630,91.0449,0,0,-91.0449,91.0449,201,0,0,0,25,7,18.4713,52.0287,1.5
3850071639,90.6437,0,0,-90.6437,90.6437,210,0,0,0,25,19,22.5,53.1207,1.5
3850071653,103.201,0,0,-103.201,103.201,224,0,0,0,25,9,7.45073,61.9507,1.5
3850071661,99.168,0,0,-99.168,99.168,232,0,0,0,25,1,-20.9291,61.5709,1.5
3850071668,96.4403,0,0,-96.4403,96.4403,239,0,0,0,25,16,17.5954,64.5954,1.5
3850071745,98.6952,0,0,-98.6952,98.6952,316,0,0,0,25,13,36.0922,83.5922,1.5
3850071759,102.154,0,0,-102.154,102.154,330,0,0,0,25,20,23.434,92.434,1.5
3850071776,93.0666,0,0,-93.0666,93.0666,347,0,0,0,25,5,-42,91.5306,1.5
3850071838,96.425,0,0,-96.425,96.425,409,0,0,0,25,3,-42.2489,112.5,1.5
3850071851,106.058,0,0,-106.058,106.058,422,0,0,0,25,17,54,111.326,1.5
3850071853,113.049,0,0,-113.049,113.049,424,0,0,0,25,11,24.5,121.876,1.5
3850071898,98.2548,0,0,-98.2548,98.2548,469,0,0,0,25,8,-43,131.048,1.5
3850071910,109.994,0,0,-109.994,109.994,481,0,0,0,25,18,63.1144,126.614,1.5
3850071910,106.775,0,0,-106.775,106.775,481,0,0,0,25,15,48.9872,132.987,1.5
3850071913,96.9005,0,0,-96.9005,96.9005,484,0,0,0,25,12,-31,139.032,1.5
3850071916,97.0284,0,0,-97.0284,97.0284,487,0,0,0,25,14,-52.9319,133.432,1.5
3850071930,112.72,0,0,-112.72,112.72,501,0,0,0,25,10,-2,136.727,1.5
3853428990,106.058,0,0,-106.058,106.058,422,17,54,111.326,1.5,0,0,0,25
3857928898,102.154,0,0,-102.154,102.154,330,20,23.434,92.434,1.5,0,0,0,25
3861428992,113.049,0,0,-113.049,113.049,424,11,24.5,121.876,1.5,0,0,0,25
3863928977,96.425,0,0,-96.425,96.425,409,3,-42.2489,112.5,1.5,0,0,0,25
3864929049,106.775,0,0,-106.775,106.775,481,15,48.9872,132.987,1.5,0,0,0,25
3866929037,98.2548,0,0,-98.2548,98.2548,469,8,-43,131.048,1.5,0,0,0,25
3867428807,96.4403,0,0,-96.4403,96.4403,239,16,17.5954,64.5954,1.5,0,0,0,25
3867428910,103.121,0,0,-103.121,103.121,342,2,-9.95851,99.5,1.5,0,0,0,25
3873929052,96.9005,0,0,-96.9005,96.9005,484,12,-31,139.032,1.5,0,0,0,25
3874429055,97.0284,0,0,-97.0284,97.0284,487,14,-52.9319,133.432,1.5,0,0,0,25
3876929069,112.72,0,0,-112.72,112.72,501,10,-2,136.727,1.5,0,0,0,25
3879428787,89.6515,0,0,-89.6515,89.6515,219,4,-28.522,55.022,1.5,0,0,0,25
3879928915,93.0666,0,0,-93.0666,93.0666,347,5,-42,91.5306,1.5,0,0,0,25
3881929049,109.994,0,0,-109.994,109.994,481,18,63.1144,126.614,1.5,0,0,0,25
3890928884,98.6952,0,0,-98.6952,98.6952,316,13,36.0922,83.5922,1.5,0,0,0,25
3891428741,102.55,0,0,-102.55,102.55,173,6,3.5,45.4196,1.5,0,0,0,25
3893428778,90.6437,0,0,-90.6437,90.6437,210,19,22.5,53.1207,1.5,0,0,0,25
3894928800,99.168,0,0,-99.168,99.168,232,1,-20.9291,61.5709,1.5,0,0,0,25
3898928792,103.201,0,0,-103.201,103.201,224,9,7.45073,61.9507,1.5,0,0,0,25
3899428769,91.0449,0,0,-91.0449,91.0449,201,7,18.4713,52.0287,1.5,0,0,0,25
3900000219,89.6515,0,0,-89.6515,89.6515,219,0,0,0,25,4,-28.6281,55.1281,1.5
3900036057,103.121,0,0,-103.121,103.121,342,0,0,0,25,2,-10.1085,99.5,1.5
3900071602,102.55,0,0,-102.55,102.55,173,0,0,0,25,6,3.5,45.2696,1.5
3900071630,91.0449,0,0,-91.0449,91.0449,201,0,0,0,25,7,18.5774,51.9226,1.5
3900071639,90.6437,0,0,-90.6437,90.6437,210,0,0,0,25,19,22.5,52.9707,1.5
3900071653,103.201,0,0,-103.201,103.201,224,0,0,0,25,9,7.34467,61.8447,1.5
3900071661,99.168,0,0,-99.168,99.168,232,0,0,0,25,1,-21.0351,61.4649,1.5
3900071668,96.4403,0,0,-96.4403,96.4403,239,0,0,0,25,16,17.4894,64.4894,1.5
3900071745,98.6952,0,0,-98.6952,98.6952,316,0,0,0,25,13,35.9861,83.4861,1.5
3900071759,102.154,0,0,-102.154,102.154,330,0,0,0,25,20,23.3279,92.3279,1.5
3900071776,93.0666,0,0,-93.0666,93.0666,347,0,0,0,25,5,-42,91.3806,1.5
3900071838,96.425,0,0,-96.425,96.425,409,0,0,0,25,3,-42.0989,112.5,1.5
3900071851,106.058,0,0,-106.058,106.058,422,0,0,0,25,17,54,111.176,1.5
3900071853,113.049,0,0,-113.049,113.049,424,0,0,0,25,11,24.5,121.726,1.5
3900071898,98.2548,0,0,-98.2548,98.2548,469,0,0,0,25,8,-43,130.898,1.5
3900071910,109.994,0,0,-109.994,109.994,481,0,0,0,25,18,63.0083,126.508,1.5
3900071910,106.775,0,0,-106.775,106.775,481,0,0,0,25,15,48.8811,132.881,1.5
3900071913,96.9005,0,0,-96.9005,96.9005,484,0,0,0,25,12,-31,138.882,1.5
3900071916,97.0284,0,0,-97.0284,97.0284,487,0,0,0,25,14,-52.8258,133.326,1.5
3900071930,112.72,0,0,-112.72,112.72,501,0,0,0,25,10,-2,136.577,1.5
3903428990,106.058,0,0,-106.058,106.058,422,17,54,111.176,1.5,0,0,0,25
3907928898,102.154,0,0,-102.154,102.154,330,20,23.3279,92.3279,1.5,0,0,0,25
3911428992,113.049,0,0,-113.049,113.049,424,11,24.5,121.726,1.5,0,0,0,25
3913928977,96.425,0,0,-96.425,96.425,409,3,-42.0989,112.5,1.5,0,0,0,25
3914929049,106.775,0,0,-106.775,106.775,481,15,48.8811,132.881,1.5,0,0,0,25
3917428807,96.4403,0,0,-96.4403,96.4403,239,16,17.4894,64.4894,1.5,0,0,0,25
3917428910,103.121,0,0,-103.121,103.121,342,2,-10.1085,99.5,1.5,0,0,0,25
3923429037,98.2548,0,0,-98.2548,98.2548,469,8,-43,130.898,1.5,0,0,0,25
3924429052,96.9005,0,0,-96.9005,96.9005,484,12,-31,138.882,1.5,0,0,0,25
3924429055,97.0284,0,0,-97.0284,97.0284,487,14,-52.8258,133.326,1.5,0,0,0,25
3926929069,112.72,0,0,-112.72,112.72,501,10,-2,136.577,1.5,0,0,0,25
3929928915,93.0666,0,0,-93.0666,93.0666,347,5,-42,91.3806,1.5,0,0,0,25
3930428787,89.6515,0,0,-89.6515,89.6515,219,4,-28.6281,55.1281,1.5,0,0,0,25
3931929049,109.994,0,0,-109.994,109.994,481,18,63.0083,126.508,1.5,0,0,0,25
3940928884,98.6952,0,0,-98.6952,98.6952,316,13,35.9861,83.4861,1.5,0,0,0,25
3941428741,102.55,0,0,-102.55,102.55,173,6,3.5,45.2696,1.5,0,0,0,25
3943428778,90.6437,0,0,-90.6437,90.6437,210,19,22.5,52.9707,1.5,0,0,0,25
3944928800,99.168,0,0,-99.168,99.168,232,1,-21.0351,61.4649,1.5,0,0,0,25
3948928792,103.201,0,0,-103.201,103.201,224,9,7.34467,61.8447,1.5,0,0,0,25
3949428769,91.0449,0,0,-91.0449,91.0449,201,7,18.5774,51.9226,1.5,0,0,0,25
3950000219,89.6515,0,0,-89.6515,89.6515,219,0,0,0,25,4,-28.6281,55.1281,1.5
3950036057,103.121,0,0,-103.121,103.121,342,0,0,0,25,2,-10.1085,99.5,1.5
3950071602,102.55,0,0,-102.55,102.55,173,0,0,0,25,6,3.5,45.2696,1.5
3950071630,91.0449,0,0,-91.0449,91.0449,201,0,0,0,25,7,18.5774,51.9226,1.5
3950071639,90.6437,0,0,-90.6437,90.6437,210,0,0,0,25,19,22.5,52.9707,1.5
3950071653,103.201,0,0,-103.201,103.201,224,0,0,0,25,9,7.34467,61.8447,1.5
3950071661,99.168,0,0,-99.168,99.168,232,0,0,0,25,1,-21.0351,61.4649,1.5
3950071668,96.4403,0,0,-96.4403,96.4403,239,0,0,0,25,16,17.4894,64.4894,1.5
3950071745,98.6952,0,0,-98.6952,98.6952,316,0,0,0,25,13,35.9861,83.4861,1.5
3950071759,102.154,0,0,-102.154,102.154,330,0,0,0,25,20,23.3279,92.3279,1.5
3950071776,93.0666,0,0,-93.0666,93.0666,347,0,0,0,25,5,-42,91.3806,1.5
3950071838,96.425,0,0,-96.425,96.425,409,0,0,0,25,3,-42.0989,112.5,1.5
3950071851,106.058,0,0,-106.058,106.058,422,0,0,0,25,17,54,111.176,1.5
3950071853,113.049,0,0,-113.049,113.049,424,0,0,0,25,11,24.5,121.726,1.5
3950071898,98.2548,0,0,-98.2548,98.2548,469,0,0,0,25,8,-43,130.898,1.5
3950071910,109.994,0,0,-109.994,109.994,481,0,0,0,25,18,63.0083,126.508,1.5
3950071910,106.775,0,0,-106.775,106.775,481,0,0,0,25,15,48.8811,132.881,1.5
3950071913,96.9005,0,0,-96.9005,96.9005,484,0,0,0,25,12,-31,138.882,1.5
3950071916,97.0284,0,0,-97.0284,97.0284,487,0,0,0,25,14,-52.8258,133.326,1.5
3950071930,112.72,0,0,-112.72,112.72,501,0,0,0,25,10,-2,136.577,1.5
3953428990,106.058,0,0,-106.058,106.058,422,17,54,111.176,1.5,0,0,0,25
3957928898,102.154,0,0,-102.154,102.154,330,20,23.3279,92.3279,1.5,0,0,0,25
3961428992,113.049,0,0,-113.049,113.049,424,11,24.5,121.726,1.5,0,0,0,25
3963928977,96.425,0,0,-96.425,96.425,409,3,-42.0989,112.5,1.5,0,0,0,25
3964929049,106.775,0,0,-106.775,106.775,481,15,48.8811,132.881,1.5,0,0,0,25
3967428807,96.4403,0,0,-96.4403,96.4403,239,16,17.4894,64.4894,1.5,0,0,0,25
3967428910,103.121,0,0,-103.121,103.121,342,2,-10.1085,99.5,1.5,0,0,0,25
3973429037,98.2548,0,0,-98.2548,98.2548,469,8,-43,130.898,1.5,0,0,0,25
3974429052,96.9005,0,0,-96.9005,96.9005,484,12,-31,138.882,1.5,0,0,0,25
3974429055,97.0284,0,0,-97.0284,97.0284,487,14,-52.8258,133.326,1.5,0,0,0,25
3976929069,112.72,0,0,-112.72,112.72,501,10,-2,136.577,1.5,0,0,0,25
3979928915,93.0666,0,0,-93.0666,93.0666,347,5,-42,91.3806,1.5,0,0,0,25
3980428787,89.6515,0,0,-89.6515,89.6515,219,4,-28.6281,55.1281,1.5,0,0,0,25
3981929049,109.994,0,0,-109.994,109.994,481,18,63.0083,126.508,1.5,0,0,0,25
3990928884,98.6952,0,0,-98.6952,98.6952,316,13,35.9861,83.4861,1.5,0,0,0,25
3991428741,102.55,0,0,-102.55,102.55,173,6,3.5,45.2696,1.5,0,0,0,25
3993428778,90.6437,0,0,-90.6437,90.6437,210,19,22.5,52.9707,1.5,0,0,0,25
3994928800,99.168,0,0,-99.168,99.168,232,1,-21.0351,61.4649,1.5,0,0,0,25
3999428769,91.0449,0,0,-91.0449,91.0449,201,7,18.5774,51.9226,1.5,0,0,0,25
3999428792,103.201,0,0,-103.201,103.201,224,9,7.34467,61.8447,1.5,0,0,0,25
4000000219,89.6515,0,0,-89.6515,89.6515,219,0,0,0,25,4,-28.7341,55.2341,1.5
4000036057,103.121,0,0,-103.121,103.121,342,0,0,0,25,2,-10.2585,99.5,1.5
4000071602,102.55,0,0,-102.55,102.55,173,0,0,0,25,6,3.5,45.1196,1.5
4000071630,91.0449,0,0,-91.0449,91.0449,201,0,0,0,25,7,18.6834,51.8166,1.5
4000071639,90.6437,0,0,-90.6437,90.6437,210,0,0,0,25,19,22.5,52.8207,1.5
4000071653,103.201,0,0,-103.201,103.201,224,0,0,0,25,9,7.2386,61.7386,1.5
4000071661,99.168,0,0,-99.168,99.168,232,0,0,0,25,1,-21.1412,61.3588,1.5
4000071668,96.4403,0,0,-96.4403,96.4403,239,0,0,0,25,16,17.3833,64.3833,1.5
4000071745,98.6952,0,0,-98.6952,98.6952,316,0,0,0,25,13,35.8801,83.3801,1.5
4000071759,102.154,0,0,-102.154,102.154,330,0,0,0,25,20,23.2218,92.2218,1.5
4000071776,93.0666,0,0,-93.0666,93.0666,347,0,0,0,25,5,-42,91.2306,1.5
4000071838,96.425,0,0,-96.425,96.425,409,0,0,0,25,3,-41.9489,112.5,1.5
4000071851,106.058,0,0,-106.058,106.058,422,0,0,0,25,17,54,111.026,1.5
4000071853,113.049,0,0,-113.049,113.049,424,0,0,0,25,11,24.5,121.576,1.5
4000071898,98.2548,0,0,-98.2548,98.2548,469,0,0,0,25,8,-43,130.748,1.5
4000071910,109.994,0,0,-109.994,109.994,481,0,0,0,25,18,62.9023,126.402,1.5
4000071910,106.775,0,0,-106.775,106.775,481,0,0,0,25,15,48.775,132.775,1.5
4000071913,96.9005,0,0,-96.9005,96.9005,484,0,0,0,25,12,-31,138.732,1.5
4000071916,97.0284,0,0,-97.0284,97.0284,487,0,0,0,25,14,-52.7198,133.22,1.5
4000071930,112.72,0,0,-112.72,112.72,501,0,0,0,25,10,-2,136.427,1.5
4003428990,106.058,0,0,-106.058,106.058,422,17,54,111.026,1.5,0,0,0,25
4008571759,102.154,0,0,-102.154,102.154,330,20,23.2218,92.2218,1.5,0,0,0,25
4011428992,113.049,0,0,-113.049,113.049,424,11,24.5,121.576,1.5,0,0,0,25
4013928977,96.425,0,0,-96.425,96.425,409,3,-41.9489,112.5,1.5,0,0,0,25
4014929049,106.775,0,0,-106.775,106.775,481,15,48.775,132.775,1.5,0,0,0,25
4017428807,96.4403,0,0,-96.4403,96.4403,239,16,17.3833,64.3833,1.5,0,0,0,25
4017928910,103.121,0,0,-103.121,103.121,342,2,-10.2585,99.5,1.5,0,0,0,25
4023429037,98.2548,0,0,-98.2548,98.2548,469,8,-43,130.748,1.5,0,0,0,25
4024429052,96.9005,0,0,-96.9005,96.9005,484,12,-31,138.732,1.5,0,0,0,25
4024429055,97.0284,0,0,-97.0284,97.0284,487,14,-52.7198,133.22,1.5,0,0,0,25
4026929069,112.72,0,0,-112.72,112.72,501,10,-2,136.427,1.5,0,0,0,25
4029928915,93.0666,0,0,-93.0666,93.0666,347,5,-42,91.2306,1.5,0,0,0,25
4030428787,89.6515,0,0,-89.6515,89.6515,219,4,-28.7341,55.2341,1.5,0,0,0,25
4031929049,109.994,0,0,-109.994,109.994,481,18,62.9023,126.402,1.5,0,0,0,25
4040928884,98.6952,0,0,-98.6952,98.6952,316,13,35.8801,83.3801,1.5,0,0,0,25
4041428741,102.55,0,0,-102.55,102.55,173,6,3.5,45.1196,1.5,0,0,0,25
4043428778,90.6437,0,0,-90.6437,90.6437,210,19,22.5,52.8207,1.5,0,0,0,25
4044928800,99.168,0,0,-99.168,99.168,232,1,-21.1412,61.3588,1.5,0,0,0,25
4049428769,91.0449,0,0,-91.0449,91.0449,201,7,18.6834,51.8166,1.5,0,0,0,25
4049428792,103.201,0,0,-103.201,103.201,224,9,7.2386,61.7386,1.5,0,0,0,25
4050000219,89.6515,0,0,-89.6515,89.6515,219,0,0,0,25,4,-28.7341,55.2341,1.5
4050036057,103.121,0,0,-103.121,103.121,342,0,0,0,25,2,-10.2585,99.5,1.5
4050071602,102.55,0,0,-102.55,102.55,173,0,0,0,25,6,3.5,45.1196,1.5
4050071630,91.0449,0,0,-91.0449,91.0449,201,0,0,0,25,7,18.6834,51.8166,1.5
4050071639,90.6437,0,0,-90.6437,90.6437,210,0,0,0,25,19,22.5,52.8207,1.5
4050071653,103.201,0,0,-103.201,103.201,224,0,0,0,25,9,7.2386,61.7386,1.5
4050071661,99.168,0,0,-99.168,99.168,232,0,0,0,25,1,-21.1412,61.3588,1.5
4050071668,96.4403,0,0,-96.4403,96.4403,239,0,0,0,25,16,17.3833,64.3833,1.5
4050071745,98.6952,0,0,-98.6952,98.6952,316,0,0,0,25,13,35.8801,83.3801,1.5
4050071759,102.154,0,0,-102.154,102.154,330,0,0,0,25,20,23.2218,92.2218,1.5
4050071776,93.0666,0,0,-93.0666,93.0666,347,0,0,0,25,5,-42,91.2306,1.5
4050071838,96.425,0,0,-96.425,96.425,409,0,0,0,25,3,-41.9489,112.5,1.5
4050071851,106.058,0,0,-106.058,106.058,422,0,0,0,25,17,54,111.026,1.5
4050071853,113.049,0,0,-113.049,113.049,424,0,0,0,25,11,24.5,121.576,1.5
4050071898,98.2548,0,0,-98.2548,98.2548,469,0,0,0,25,8,-43,130.748,1.5
4050071910,109.994,0,0,-109.994,109.994,481,0,0,0,25,18,62.9023,126.402,1.5
4050071910,106.775,0,0,-106.775,106.775,481,0,0,0,25,15,48.775,132.775,1.5
4050071913,96.9005,0,0,-96.9005,96.9005,484,0,0,0,25,12,-31,138.732,1.5
4050071916,97.0284,0,0,-97.0284,97.0284,487,0,0,0,25,14,-52.7198,133.22,1.5
4050071930,112.72,0,0,-112.72,112.72,501,0,0,0,25,10,-2,136.427,1.5
4053428990,106.058,0,0,-106.058,106.058,422,17,54,111.026,1.5,0,0,0,25
4059428898,102.154,0,0,-102.154,102.154,330,20,23.2218,92.2218,1.5,0,0,0,25
4061428992,113.049,0,0,-113.049,113.049,424,11,24.5,121.576,1.5,0,0,0,25
4063928977,96.425,0,0,-96.425,96.425,409,3,-41.9489,112.5,1.5,0,0,0,25
4064929049,106.775,0,0,-106.775,106.775,481,15,48.775,132.775,1.5,0,0,0,25
4067428807,96.4403,0,0,-96.4403,96.4403,239,16,17.3833,64.3833,1.5,0,0,0,25
4068428910,103.121,0,0,-103.121,103.121,342,2,-10.2585,99.5,1.5,0,0,0,25
4073429037,98.2548,0,0,-98.2548,98.2548,469,8,-43,130.748,1.5,0,0,0,25
4074429055,97.0284,0,0,-97.0284,97.0284,487,14,-52.7198,133.22,1.5,0,0,0,25
4074893338,96.9005,0,0,-96.9005,96.9005,484,12,-31,138.732,1.5,0,0,0,25
4076929069,112.72,0,0,-112.72,112.72,501,10,-2,136.427,1.5,0,0,0,25
4079928915,93.0666,0,0,-93.0666,93.0666,347,5,-42,91.2306,1.5,0,0,0,25
4080428787,89.6515,0,0,-89.6515,89.6515,219,4,-28.7341,55.2341,1.5,0,0,0,25
4081929049,109.994,0,0,-109.994,109.994,481,18,62.9023,126.402,1.5,0,0,0,25
4090928884,98.6952,0,0,-98.6952,98.6952,316,13,35.8801,83.3801,1.5,0,0,0,25
4091428741,102.55,0,0,-102.55,102.55,173,6,3.5,45.1196,1.5,0,0,0,25
4093428778,90.6437,0,0,-90.6437,90.6437,210,19,22.5,52.8207,1.5,0,0,0,25
4094928800,99.168,0,0,-99.168,99.168,232,1,-21.1412,61.3588,1.5,0,0,0,25
4099428769,91.0449,0,0,-91.0449,91.0449,201,7,18.6834,51.8166,1.5,0,0,0,25
4099428792,103.201,0,0,-103.201,103.201,224,9,7.2386,61.7386,1.5,0,0,0,25
4100000219,89.6515,0,0,-89.6515,89.6515,219,0,0,0,25,4,-28.8402,55.3402,1.5
4100036057,103.121,0,0,-103.121,103.121,342,0,0,0,25,2,-10.4085,99.5,1.5
4100071602,102.55,0,0,-102.55,102.55,173,0,0,0,25,6,3.5,44.9696,1.5
4100071630,91.0449,0,0,-91.0449,91.0449,201,0,0,0,25,7,18.7895,51.7105,1.5
4100071639,90.6437,0,0,-90.6437,90.6437,210,0,0,0,25,19,22.5,52.6707,1.5
4100071653,103.201,0,0,-103.201,103.201,224,0,0,0,25,9,7.13254,61.6325,1.5
4100071661,99.168,0,0,-99.168,99.168,232,0,0,0,25,1,-21.2473,61.2527,1.5
4100071668,96.4403,0,0,-96.4403,96.4403,239,0,0,0,25,16,17.2773,64.2773,1.5
4100071745,98.6952,0,0,-98.6952,98.6952,316,0,0,0,25,13,35.774,83.274,1.5
4100071759,102.154,0,0,-102.154,102.154,330,0,0,0,25,20,23.1158,92.1158,1.5
4100071776,93.0666,0,0,-93.0666,93.0666,347,0,0,0,25,5,-42,91.0806,1.5
4100071838,96.425,0,0,-96.425,96.425,409,0,0,0,25,3,-41.7989,112.5,1.5
4100071851,106.058,0,0,-106.058,106.058,422,0,0,0,25,17,54,110.876,1.5
4100071853,113.049,0,0,-113.049,113.049,424,0,0,0,25,11,24.5,121.426,1.5
4100071898,98.2548,0,0,-98.2548,98.2548,469,0,0,0,25,8,-43,130.598,1.5
4100071910,109.994,0,0,-109.994,109.994,481,0,0,0,25,18,62.7962,126.296,1.5
4100071910,106.775,0,0,-106.775,106.775,481,0,0,0,25,15,48.669,132.669,1.5
4100071913,96.9005,0,0,-96.9005,96.9005,484,0,0,0,25,12,-31,138.582,1.5
4100071916,97.0284,0,0,-97.0284,97.0284,487,0,0,0,25,14,-52.6137,133.114,1.5
4100071930,112.72,0,0,-112.72,112.72,501,0,0,0,25,10,-2,136.277,1.5
4103428990,106.058,0,0,-106.058,106.058,422,17,54,110.876,1.5,0,0,0,25
4109428898,102.154,0,0,-102.154,102.154,330,20,23.1158,92.1158,1.5,0,0,0,25
4111428992,113.049,0,0,-113.049,113.049,424,11,24.5,121.426,1.5,0,0,0,25
4113928977,96.425,0,0,-96.425,96.425,409,3,-41.7989,112.5,1.5,0,0,0,25
4114929049,106.775,0,0,-106.775,106.775,481,15,48.669,132.669,1.5,0,0,0,25
4117428807,96.4403,0,0,-96.4403,96.4403,239,16,17.2773,64.2773,1.5,0,0,0,25
4118428910,103.121,0,0,-103.121,103.121,342,2,-10.4085,99.5,1.5,0,0,0,25
4123429037,98.2548,0,0,-98.2548,98.2548,469,8,-43,130.598,1.5,0,0,0,25
4124429055,97.0284,0,0,-97.0284,97.0284,487,14,-52.6137,133.114,1.5,0,0,0,25
4124929052,96.9005,0,0,-96.9005,96.9005,484,12,-31,138.582,1.5,0,0,0,25
4126929069,112.72,0,0,-112.72,112.72,501,10,-2,136.277,1.5,0,0,0,25
4129928915,93.0666,0,0,-93.0666,93.0666,347,5,-42,91.0806,1.5,0,0,0,25
4130428787,89.6515,0,0,-89.6515,89.6515,219,4,-28.8402,55.3402,1.5,0,0,0,25
4132429049,109.994,0,0,-109.994,109.994,481,18,62.7962,126.296,1.5,0,0,0,25
4141428741,102.55,0,0,-102.55,102.55,173,6,3.5,44.9696,1.5,0,0,0,25
4143428778,90.6437,0,0,-90.6437,90.6437,210,19,22.5,52.6707,1.5,0,0,0,25
4144928800,99.168,0,0,-99.168,99.168,232,1,-21.2473,61.2527,1.5,0,0,0,25
4147428884,98.6952,0,0,-98.6952,98.6952,316,13,35.774,83.274,1.5,0,0,0,25
4149428769,91.0449,0,0,-91.0449,91.0449,201,7,18.7895,51.7105,1.5,0,0,0,25
4149428792,103.201,0,0,-103.201,103.201,224,9,7.13254,61.6325,1.5,0,0,0,25
4150000219,89.6515,0,0,-89.6515,89.6515,219,0,0,0,25,4,-28.8402,55.3402,1.5
4150036057,103.121,0,0,-103.121,103.121,342,0,0,0,25,2,-10.4085,99.5,1.5
4150071602,102.55,0,0,-102.55,102.55,173,0,0,0,25,6,3.5,44.9696,1.5
4150071630,91.0449,0,0,-91.0449,91.0449,201,0,0,0,25,7,18.7895,51.7105,1.5
4150071639,90.6437,0,0,-90.6437,90.6437,210,0,0,0,25,19,22.5,52.6707,1.5
4150071653,103.201,0,0,-103.201,103.201,224,0,0,0,25,9,7.13254,61.6325,1.5
4150071661,99.168,0,0,-99.168,99.168,232,0,0,0,25,1,-21.2473,61.2527,1.5
4150071668,96.4403,0,0,-96.4403,96.4403,239,0,0,0,25,16,17.2773,64.2773,1.5
4150071745,98.6952,0,0,-98.6952,98.6952,316,0,0,0,25,13,35.774,83.274,1.5
4150071759,102.154,0,0,-102.154,102.154,330,0,0,0,25,20,23.1158,92.1158,1.5
4150071776,93.0666,0,0,-93.0666,93.0666,347,0,0,0,25,5,-42,91.0806,1.5
4150071838,96.425,0,0,-96.425,96.425,409,0,0,0,25,3,-41.7989,112.5,1.5
4150071851,106.058,0,0,-106.058,106.058,422,0,0,0,25,17,54,110.876,1.5
4150071853,113.049,0,0,-113.049,113.049,424,0,0,0,25,11,24.5,121.426,1.5
4150071898,98.2548,0,0,-98.2548,98.2548,469,0,0,0,25,8,-43,130.598,1.5
4150071910,109.994,0,0,-109.994,109.994,481,0,0,0,25,18,62.7962,126.296,1.5
4150071910,106.775,0,0,-106.775,106.775,481,0,0,0,25,15,48.669,132.669,1.5
4150071913,96.9005,0,0,-96.9005,96.9005,484,0,0,0,25,12,-31,138.582,1.5
4150071916,97.0284,0,0,-97.0284,97.0284,487,0,0,0,25,14,-52.6137,133.114,1.5
4150071930,112.72,0,0,-112.72,112.72,501,0,0,0,25,10,-2,136.277,1.5
4156428990,106.058,0,0,-106.058,106.058,422,17,54,110.876,1.5,0,0,0,25
4159893185,102.154,0,0,-102.154,102.154,330,20,23.1158,92.1158,1.5,0,0,0,25
4162928992,113.049,0,0,-113.049,113.049,424,11,24.5,121.426,1.5,0,0,0,25
4163928977,96.425,0,0,-96.425,96.425,409,3,-41.7989,112.5,1.5,0,0,0,25
4164929049,106.775,0,0,-106.775,106.775,481,15,48.669,132.669,1.5,0,0,0,25
4167428807,96.4403,0,0,-96.4403,96.4403,239,16,17.2773,64.2773,1.5,0,0,0,25
4168428910,103.121,0,0,-103.121,103.121,342,2,-10.4085,99.5,1.5,0,0,0,25
4173429037,98.2548,0,0,-98.2548,98.2548,469,8,-43,130.598,1.5,0,0,0,25
4174429055,97.0284,0,0,-97.0284,97.0284,487,14,-52.6137,133.114,1.5,0,0,0,25
4174929052,96.9005,0,0,-96.9005,96.9005,484,12,-31,138.582,1.5,0,0,0,25
4176929069,112.72,0,0,-112.72,112.72,501,10,-2,136.277,1.5,0,0,0,25
4179928915,93.0666,0,0,-93.0666,93.0666,347,5,-42,91.0806,1.5,0,0,0,25
4180428787,89.6515,0,0,-89.6515,89.6515,219,4,-28.8402,55.3402,1.5,0,0,0,25
4182429049,109.994,0,0,-109.994,109.994,481,18,62.7962,126.296,1.5,0,0,0,25
4191428741,102.55,0,0,-102.55,102.55,173,6,3.5,44.9696,1.5,0,0,0,25
4193428778,90.6437,0,0,-90.6437,90.6437,210,19,22.5,52.6707,1.5,0,0,0,25
4194928800,99.168,0,0,-99.168,99.168,232,1,-21.2473,61.2527,1.5,0,0,0,25
4197428884,98.6952,0,0,-98.6952,98.6952,316,13,35.774,83.274,1.5,0,0,0,25
4199428769,91.0449,0,0,-91.0449,91.0449,201,7,18.7895,51.7105,1.5,0,0,0,25
4199428792,103.201,0,0,-103.201,103.201,224,9,7.13254,61.6325,1.5,0,0,0,25
4200000219,89.6515,0,0,-89.6515,89.6515,219,0,0,0,25,4,-28.9463,55.4463,1.5
4200036057,103.121,0,0,-103.121,103.121,342,0,0,0,25,2,-10.5585,99.5,1.5
4200071602,102.55,0,0,-102.55,102.55,173,0,0,0,25,6,3.5,44.8196,1.5
4200071630,91.0449,0,0,-91.0449,91.0449,201,0,0,0,25,7,18.8956,51.6044,1.5
4200071639,90.6437,0,0,-90.6437,90.6437,210,0,0,0,25,19,22.5,52.5207,1.5
4200071653,103.201,0,0,-103.201,103.201,224,0,0,0,25,9,7.02647,61.5265,1.5
4200071661,99.168,0,0,-99.168,99.168,232,0,0,0,25,1,-21.3533,61.1467,1.5
4200071668,96.4403,0,0,-96.4403,96.4403,239,0,0,0,25,16,17.1712,64.1712,1.5
4200071745,98.6952,0,0,-98.6952,98.6952,316,0,0,0,25,13,35.6679,83.1679,1.5
4200071759,102.154,0,0,-102.154,102.154,330,0,0,0,25,20,23.0097,92.0097,1.5
4200071776,93.0666,0,0,-93.0666,93.0666,347,0,0,0,25,5,-42,90.9306,1.5
4200071838,96.425,0,0,-96.425,96.425,409,0,0,0,25,3,-41.6489,112.5,1.5
4200071851,106.058,0,0,-106.058,106.058,422,0,0,0,25,17,54,110.726,1.5
4200071853,113.049,0,0,-113.049,113.049,424,0,0,0,25,11,24.5,121.276,1.5
4200071898,98.2548,0,0,-98.2548,98.2548,469,0,0,0,25,8,-43,130.448,1.5
4200071910,109.994,0,0,-109.994,109.994,481,0,0,0,25,18,62.6901,126.19,1.5
4200071910,106.775,0,0,-106.775,106.775,481,0,0,0,25,15,48.5629,132.563,1.5
4200071913,96.9005,0,0,-96.9005,96.9005,484,0,0,0,25,12,-31,138.432,1.5
4200071916,97.0284,0,0,-97.0284,97.0284,487,0,0,0,25,14,-52.5076,133.008,1.5
4200071930,112.72,0,0,-112.72,112.72,501,0,0,0,25,10,-2,136.127,1.5
4206428990,106.058,0,0,-106.058,106.058,422,17,54,110.726,1.5,0,0,0,25
4209928898,102.154,0,0,-102.154,102.154,330,20,23.0097,92.0097,1.5,0,0,0,25
4212928992,113.049,0,0,-113.049,113.049,424,11,24.5,121.276,1.5,0,0,0,25
4213928977,96.425,0,0,-96.425,96.425,409,3,-41.6489,112.5,1.5,0,0,0,25
4214929049,106.775,0,0,-106.775,106.775,481,15,48.5629,132.563,1.5,0,0,0,25
4217428807,96.4403,0,0,-96.4403,96.4403,239,16,17.1712,64.1712,1.5,0,0,0,25
4218428910,103.121,0,0,-103.121,103.121,342,2,-10.5585,99.5,1.5,0,0,0,25
4223429037,98.2548,0,0,-98.2548,98.2548,469,8,-43,130.448,1.5,0,0,0,25
4224429055,97.0284,0,0,-97.0284,97.0284,487,14,-52.5076,133.008,1.5,0,0,0,25
4224929052,96.9005,0,0,-96.9005,96.9005,484,12,-31,138.432,1.5,0,0,0,25
4226929069,112.72,0,0,-112.72,112.72,501,10,-2,136.127,1.5,0,0,0,25
4229928915,93.0666,0,0,-93.0666,93.0666,347,5,-42,90.9306,1.5,0,0,0,25
4230428787,89.6515,0,0,-89.6515,89.6515,219,4,-28.9463,55.4463,1.5,0,0,0,25
4232429049,109.994,0,0,-109.994,109.994,481,18,62.6901,126.19,1.5,0,0,0,25
4241428741,102.55,0,0,-102.55,102.55,173,6,3.5,44.8196,1.5,0,0,0,25
4243428778,90.6437,0,0,-90.6437,90.6437,210,19,22.5,52.5207,1.5,0,0,0,25
4244928800,99.168,0,0,-99.168,99.168,232,1,-21.3533,61.1467,1.5,0,0,0,25
4247428884,98.6952,0,0,-98.6952,98.6952,316,13,35.6679,83.1679,1.5,0,0,0,25
4249428769,91.0449,0,0,-91.0449,91.0449,201,7,18.8956,51.6044,1.5,0,0,0,25
4249428792,103.201,0,0,-103.201,103.201,224,9,7.02647,61.5265,1.5,0,0,0,25
4250000219,89.6515,0,0,-89.6515,89.6515,219,0,0,0,25,4,-28.9463,55.4463,1.5
4250036057,103.121,0,0,-103.121,103.121,342,0,0,0,25,2,-10.5585,99.5,1.5
4250071602,102.55,0,0,-102.55,102.55,173,0,0,0,25,6,3.5,44.8196,1.5
4250071630,91.0449,0,0,-91.0449,91.0449,201,0,0,0,25,7,18.8956,51.6044,1.5
4250071639,90.6437,0,0,-90.6437,90.6437,210,0,0,0,25,19,22.5,52.5207,1.5
4250071653,103.201,0,0,-103.201,103.201,224,0,0,0,25,9,7.02647,61.5265,1.5
4250071661,99.168,0,0,-99.168,99.168,232,0,0,0,25,1,-21.3533,61.1467,1.5
4250071668,96.4403,0,0,-96.4403,96.4403,239,0,0,0,25,16,17.1712,64.1712,1.5
4250071745,98.6952,0,0,-98.6952,98.6952,316,0,0,0,25,13,35.6679,83.1679,1.5
4250071759,102.154,0,0,-102.154,102.154,330,0,0,0,25,20,23.0097,92.0097,1.5
4250071776,93.0666,0,0,-93.0666,93.0666,347,0,0,0,25,5,-42,90.9306,1.5
4250071838,96.425,0,0,-96.425,96.425,409,0,0,0,25,3,-41.6489,112.5,1.5
4250071851,106.058,0,0,-106.058,106.058,422,0,0,0,25,17,54,110.726,1.5
4250071853,113.049,0,0,-113.049,113.049,424,0,0,0,25,11,24.5,121.276,1.5
4250071898,98.2548,0,0,-98.2548,98.2548,469,0,0,0,25,8,-43,130.448,1.5
4250071910,109.994,0,0,-109.994,109.994,481,0,0,0,25,18,62.6901,126.19,1.5
4250071910,106.775,0,0,-106.775,106.775,481,0,0,0,25,15,48.5629,132.563,1.5
4250071913,96.9005,0,0,-96.9005,96.9005,484,0,0,0,25,12,-31,138.432,1.5
4250071916,97.0284,0,0,-97.0284,97.0284,487,0,0,0,25,14,-52.5076,133.008,1.5
4250071930,112.72,0,0,-112.72,112.72,501,0,0,0,25,10,-2,136.127,1.5
4256428990,106.058,0,0,-106.058,106.058,422,17,54,110.726,1.5,0,0,0,25
4259928898,102.154,0,0,-102.154,102.154,330,20,23.0097,92.0097,1.5,0,0,0,25
4262928992,113.049,0,0,-113.049,113.049,424,11,24.5,121.276,1.5,0,0,0,25
4263928977,96.425,0,0,-96.425,96.425,409,3,-41.6489,112.5,1.5,0,0,0,25
4264929049,106.775,0,0,-106.775,106.775,481,15,48.5629,132.563,1.5,0,0,0,25
4267428807,96.4403,0,0,-96.4403,96.4403,239,16,17.1712,64.1712,1.5,0,0,0,25
4268428910,103.121,0,0,-103.121,103.121,342,2,-10.5585,99.5,1.5,0,0,0,25
4273429037,98.2548,0,0,-98.2548,98.2548,469,8,-43,130.448,1.5,0,0,0,25
4274929052,96.9005,0,0,-96.9005,96.9005,484,12,-31,138.432,1.5,0,0,0,25
4274929055,97.0284,0,0,-97.0284,97.0284,487,14,-52.5076,133.008,1.5,0,0,0,25
4277429069,112.72,0,0,-112.72,112.72,501,10,-2,136.127,1.5,0,0,0,25
4279928915,93.0666,0,0,-93.0666,93.0666,347,5,-42,90.9306,1.5,0,0,0,25
4280428787,89.6515,0,0,-89.6515,89.6515,219,4,-28.9463,55.4463,1.5,0,0,0,25
4282429049,109.994,0,0,-109.994,109.994,481,18,62.6901,126.19,1.5,0,0,0,25
4291428741,102.55,0,0,-102.55,102.55,173,6,3.5,44.8196,1.5,0,0,0,25
4293428778,90.6437,0,0,-90.6437,90.6437,210,19,22.5,52.5207,1.5,0,0,0,25
4294928800,99.168,0,0,-99.168,99.168,232,1,-21.3533,61.1467,1.5,0,0,0,25
4297428884,98.6952,0,0,-98.6952,98.6952,316,13,35.6679,83.1679,1.5,0,0,0,25
4299428769,91.0449,0,0,-91.0449,91.0449,201,7,18.8956,51.6044,1.5,0,0,0,25
4299428792,103.201,0,0,-103.201,103.201,224,9,7.02647,61.5265,1.5,0,0,0,25
4300000219,89.6515,0,0,-89.6515,89.6515,219,0,0,0,25,4,-29.0523,55.5523,1.5
4300036057,103.121,0,0,-103.121,103.121,342,0,0,0,25,2,-10.7085,99.5,1.5
4300071602,102.55,0,0,-102.55,102.55,173,0,0,0,25,6,3.5,44.6696,1.5
4300071630,91.0449,0,0,-91.0449,91.0449,201,0,0,0,25,7,19.0016,51.4984,1.5
4300071639,90.6437,0,0,-90.6437,90.6437,210,0,0,0,25,19,22.5,52.3707,1.5
4300071653,103.201,0,0,-103.201,103.201,224,0,0,0,25,9,6.9204,61.4204,1.5
4300071661,99.168,0,0,-99.168,99.168,232,0,0,0,25,1,-21.4594,61.0406,1.5
4300071668,96.4403,0,0,-96.4403,96.4403,239,0,0,0,25,16,17.0651,64.0651,1.5
4300071745,98.6952,0,0,-98.6952,98.6952,316,0,0,0,25,13,35.5619,83.0619,1.5
4300071759,102.154,0,0,-102.154,102.154,330,0,0,0,25,20,22.9037,91.9037,1.5
4300071776,93.0666,0,0,-93.0666,93.0666,347,0,0,0,25,5,-42,90.7806,1.5
4300071838,96.425,0,0,-96.425,96.425,409,0,0,0,25,3,-41.4989,112.5,1.5
4300071851,106.058,0,0,-106.058,106.058,422,0,0,0,25,17,54,110.576,1.5
4300071853,113.049,0,0,-113.049,113.049,424,0,0,0,25,11,24.5,121.126,1.5
4300071898,98.2548,0,0,-98.2548,98.2548,469,0,0,0,25,8,-43,130.298,1.5
4300071910,109.994,0,0,-109.994,109.994,481,0,0,0,25,18,62.5841,126.084,1.5
4300071910,106.775,0,0,-106.775,106.775,481,0,0,0,25,15,48.4568,132.457,1.5
4300071913,96.9005,0,0,-96.9005,96.9005,484,0,0,0,25,12,-31,138.282,1.5
4300071916,97.0284,0,0,-97.0284,97.0284,487,0,0,0,25,14,-52.4016,132.902,1.5
4300071930,112.72,0,0,-112.72,112.72,501,0,0,0,25,10,-2,135.977,1.5
4306428990,106.058,0,0,-106.058,106.058,422,17,54,110.576,1.5,0,0,0,25
4310393185,102.154,0,0,-102.154,102.154,330,20,22.9037,91.9037,1.5,0,0,0,25
4313928977,96.425,0,0,-96.425,96.425,409,3,-41.4989,112.5,1.5,0,0,0,25
4313928992,113.049,0,0,-113.049,113.049,424,11,24.5,121.126,1.5,0,0,0,25
4314929049,106.775,0,0,-106.775,106.775,481,15,48.4568,132.457,1.5,0,0,0,25
4317428807,96.4403,0,0,-96.4403,96.4403,239,16,17.0651,64.0651,1.5,0,0,0,25
4318428910,103.121,0,0,-103.121,103.121,342,2,-10.7085,99.5,1.5,0,0,0,25
4323429037,98.2548,0,0,-98.2548,98.2548,469,8,-43,130.298,1.5,0,0,0,25
4324929052,96.9005,0,0,-96.9005,96.9005,484,12,-31,138.282,1.5,0,0,0,25
4324929055,97.0284,0,0,-97.0284,97.0284,487,14,-52.4016,132.902,1.5,0,0,0,25
4327429069,112.72,0,0,-112.72,112.72,501,10,-2,135.977,1.5,0,0,0,25
4330428787,89.6515,0,0,-89.6515,89.6515,219,4,-29.0523,55.5523,1.5,0,0,0,25
4330428915,93.0666,0,0,-93.0666,93.0666,347,5,-42,90.7806,1.5,0,0,0,25
4332429049,109.994,0,0,-109.994,109.994,481,18,62.5841,126.084,1.5,0,0,0,25
4341428741,102.55,0,0,-102.55,102.55,173,6,3.5,44.6696,1.5,0,0,0,25
4343428778,90.6437,0,0,-90.6437,90.6437,210,19,22.5,52.3707,1.5,0,0,0,25
4344928800,99.168,0,0,-99.168,99.168,232,1,-21.4594,61.0406,1.5,0,0,0,25
4347428884,98.6952,0,0,-98.6952,98.6952,316,13,35.5619,83.0619,1.5,0,0,0,25
4349428769,91.0449,0,0,-91.0449,91.0449,201,7,19.0016,51.4984,1.5,0,0,0,25
4349928792,103.201,0,0,-103.201,103.201,224,9,6.9204,61.4204,1.5,0,0,0,25
4350000219,89.6515,0,0,-89.6515,89.6515,219,0,0,0,25,4,-29.0523,55.5523,1.5
4350036057,103.121,0,0,-103.121,103.121,342,0,0,0,25,2,-10.7085,99.5,1.5
4350071602,102.55,0,0,-102.55,102.55,173,0,0,0,25,6,3.5,44.6696,1.5
4350071630,91.0449,0,0,-91.0449,91.0449,201,0,0,0,25,7,19.0016,51.4984,1.5
4350071639,90.6437,0,0,-90.6437,90.6437,210,0,0,0,25,19,22.5,52.3707,1.5
4350071653,103.201,0,0,-103.201,103.201,224,0,0,0,25,9,6.9204,61.4204,1.5
4350071661,99.168,0,0,-99.168,99.168,232,0,0,0,25,1,-21.4594,61.0406,1.5
4350071668,96.4403,0,0,-96.4403,96.4403,239,0,0,0,25,16,17.0651,64.0651,1.5
4350071745,98.6952,0,0,-98.6952,98.6952,316,0,0,0,25,13,35.5619,83.0619,1.5
4350071759,102.154,0,0,-102.154,102.154,330,0,0,0,25,20,22.9037,91.9037,1.5
4350071776,93.0666,0,0,-93.0666,93.0666,347,0,0,0,25,5,-42,90.7806,1.5
4350071838,96.425,0,0,-96.425,96.425,409,0,0,0,25,3,-41.4989,112.5,1.5
4350071851,106.058,0,0,-106.058,106.058,422,0,0,0,25,17,54,110.576,1.5
4350071853,113.049,0,0,-113.049,113.049,424,0,0,0,25,11,24.5,121.126,1.5
4350071898,98.2548,0,0,-98.2548,98.2548,469,0,0,0,25,8,-43,130.298,1.5
4350071910,109.994,0,0,-109.994,109.994,481,0,0,0,25,18,62.5841,126.084,1.5
4350071910,106.775,0,0,-106.775,106.775,481,0,0,0,25,15,48.4568,132.457,1.5
4350071913,96.9005,0,0,-96.9005,96.9005,484,0,0,0,25,12,-31,138.282,1.5
4350071916,97.0284,0,0,-97.0284,97.0284,487,0,0,0,25,14,-52.4016,132.902,1.5
4350071930,112.72,0,0,-112.72,112.72,501,0,0,0,25,10,-2,135.977,1.5
4356928990,106.058,0,0,-106.058,106.058,422,17,54,110.576,1.5,0,0,0,25
4360428898,102.154,0,0,-102.154,102.154,330,20,22.9037,91.9037,1.5,0,0,0,25
4363928977,96.425,0,0,-96.425,96.425,409,3,-41.4989,112.5,1.5,0,0,0,25
4363928992,113.049,0,0,-113.049,113.049,424,11,24.5,121.126,1.5,0,0,0,25
4364929049,106.775,0,0,-106.775,106.775,481,15,48.4568,132.457,1.5,0,0,0,25
4367428807,96.4403,0,0,-96.4403,96.4403,239,16,17.0651,64.0651,1.5,0,0,0,25
4368428910,103.121,0,0,-103.121,103.121,342,2,-10.7085,99.5,1.5,0,0,0,25
4373429037,98.2548,0,0,-98.2548,98.2548,469,8,-43,130.298,1.5,0,0,0,25
4374929052,96.9005,0,0,-96.9005,96.9005,484,12,-31,138.282,1.5,0,0,0,25
4374929055,97.0284,0,0,-97.0284,97.0284,487,14,-52.4016,132.902,1.5,0,0,0,25
4377429069,112.72,0,0,-112.72,112.72,501,10,-2,135.977,1.5,0,0,0,25
4380428787,89.6515,0,0,-89.6515,89.6515,219,4,-29.0523,55.5523,1.5,0,0,0,25
4380428915,93.0666,0,0,-93.0666,93.0666,347,5,-42,90.7806,1.5,0,0,0,25
4382429049,109.994,0,0,-109.994,109.994,481,18,62.5841,126.084,1.5,0,0,0,25
4391428741,102.55,0,0,-102.55,102.55,173,6,3.5,44.6696,1.5,0,0,0,25
4393428778,90.6437,0,0,-90.6437,90.6437,210,19,22.5,52.3707,1.5,0,0,0,25
4394928800,99.168,0,0,-99.168,99.168,232,1,-21.4594,61.0406,1.5,0,0,0,25
4398428884,98.6952,0,0,-98.6952,98.6952,316,13,35.5619,83.0619,1.5,0,0,0,25
4399428769,91.0449,0,0,-91.0449,91.0449,201,7,19.0016,51.4984,1.5,0,0,0,25
4399928792,103.201,0,0,-103.201,103.201,224,9,6.9204,61.4204,1.5,0,0,0,25
4400000219,89.6515,0,0,-89.6515,89.6515,219,0,0,0,25,4,-29.1584,55.6584,1.5
4400036057,103.121,0,0,-103.121,103.121,342,0,0,0,25,2,-10.8585,99.5,1.5
4400071602,102.55,0,0,-102.55,102.55,173,0,0,0,25,6,3.5,44.5196,1.5
4400071630,91.0449,0,0,-91.0449,91.0449,201,0,0,0,25,7,19.1077,51.3923,1.5
4400071639,90.6437,0,0,-90.6437,90.6437,210,0,0,0,25,19,22.5,52.2207,1.5
4400071653,103.201,0,0,-103.201,103.201,224,0,0,0,25,9,6.81434,61.3143,1.5
4400071661,99.168,0,0,-99.168,99.168,232,0,0,0,25,1,-21.5655,60.9345,1.5
4400071668,96.4403,0,0,-96.4403,96.4403,239,0,0,0,25,16,16.9591,63.9591,1.5
4400071745,98.6952,0,0,-98.6952,98.6952,316,0,0,0,25,13,35.4558,82.9558,1.5
4400071759,102.154,0,0,-102.154,102.154,330,0,0,0,25,20,22.7976,91.7976,1.5
4400071776,93.0666,0,0,-93.0666,93.0666,347,0,0,0,25,5,-42,90.6306,1.5
4400071838,96.425,0,0,-96.425,96.425,409,0,0,0,25,3,-41.3489,112.5,1.5
4400071851,106.058,0,0,-106.058,106.058,422,0,0,0,25,17,54,110.426,1.5
4400071853,113.049,0,0,-113.049,113.049,424,0,0,0,25,11,24.5,120.976,1.5
4400071898,98.2548,0,0,-98.2548,98.2548,469,0,0,0,25,8,-43,130.148,1.5
4400071910,109.994,0,0,-109.994,109.994,481,0,0,0,25,18,62.478,125.978,1.5
4400071910,106.775,0,0,-106.775,106.775,481,0,0,0,25,15,48.3508,132.351,1.5
4400071913,96.9005,0,0,-96.9005,96.9005,484,0,0,0,25,12,-31,138.132,1.5
4400071916,97.0284,0,0,-97.0284,97.0284,487,0,0,0,25,14,-52.2955,132.796,1.5
4400071930,112.72,0,0,-112.72,112.72,501,0,0,0,25,10,-2,135.827,1.5
4406928990,106.058,0,0,-106.058,106.058,422,17,54,110.426,1.5,0,0,0,25
4410428898,102.154,0,0,-102.154,102.154,330,20,22.7976,91.7976,1.5,0,0,0,25
4413928992,113.049,0,0,-113.049,113.049,424,11,24.5,120.976,1.5,0,0,0,25
4414428977,96.425,0,0,-96.425,96.425,409,3,-41.3489,112.5,1.5,0,0,0,25
4414929049,106.775,0,0,-106.775,106.775,481,15,48.3508,132.351,1.5,0,0,0,25
4417428807,96.4403,0,0,-96.4403,96.4403,239,16,16.9591,63.9591,1.5,0,0,0,25
4418428910,103.121,0,0,-103.121,103.121,342,2,-10.8585,99.5,1.5,0,0,0,25
4423429037,98.2548,0,0,-98.2548,98.2548,469,8,-43,130.148,1.5,0,0,0,25
4424929052,96.9005,0,0,-96.9005,96.9005,484,12,-31,138.132,1.5,0,0,0,25
4425393341,97.0284,0,0,-97.0284,97.0284,487,14,-52.2955,132.796,1.5,0,0,0,25
4427429069,112.72,0,0,-112.72,112.72,501,10,-2,135.827,1.5,0,0,0,25
4430428787,89.6515,0,0,-89.6515,89.6515,219,4,-29.1584,55.6584,1.5,0,0,0,25
4430428915,93.0666,0,0,-93.0666,93.0666,347,5,-42,90.6306,1.5,0,0,0,25
4432429049,109.994,0,0,-109.994,109.994,481,18,62.478,125.978,1.5,0,0,0,25
4441428741,102.55,0,0,-102.55,102.55,173,6,3.5,44.5196,1.5,0,0,0,25
4443428778,90.6437,0,0,-90.6437,90.6437,210,19,22.5,52.2207,1.5,0,0,0,25
4444928800,99.168,0,0,-99.168,99.168,232,1,-21.5655,60.9345,1.5,0,0,0,25
4448428884,98.6952,0,0,-98.6952,98.6952,316,13,35.4558,82.9558,1.5,0,0,0,25
4449428769,91.0449,0,0,-91.0449,91.0449,201,7,19.1077,51.3923,1.5,0,0,0,25
4449928792,103.201,0,0,-103.201,103.201,224,9,6.81434,61.3143,1.5,0,0,0,25
4450000219,89.6515,0,0,-89.6515,89.6515,219,0,0,0,25,4,-29.1584,55.6584,1.5
4450036057,103.121,0,0,-103.121,103.121,342,0,0,0,25,2,-10.8585,99.5,1.5
4450071602,102.55,0,0,-102.55,102.55,173,0,0,0,25,6,3.5,44.5196,1.5
4450071630,91.0449,0,0,-91.0449,91.0449,201,0,0,0,25,7,19.1077,51.3923,1.5
4450071639,90.6437,0,0,-90.6437,90.6437,210,0,0,0,25,19,22.5,52.2207,1.5
4450071653,103.201,0,0,-103.201,103.201,224,0,0,0,25,9,6.81434,61.3143,1.5
4450071661,99.168,0,0,-99.168,99.168,232,0,0,0,25,1,-21.5655,60.9345,1.5
4450071668,96.4403,0,0,-96.4403,96.4403,239,0,0,0,25,16,16.9591,63.9591,1.5
4450071745,98.6952,0,0,-98.6952,98.6952,316,0,0,0,25,13,35.4558,82.9558,1.5
4450071759,102.154,0,0,-102.154,102.154,330,0,0,0,25,20,22.7976,91.7976,1.5
4450071776,93.0666,0,0,-93.0666,93.0666,347,0,0,0,25,5,-42,90.6306,1.5
4450071838,96.425,0,0,-96.425,96.425,409,0,0,0,25,3,-41.3489,112.5,1.5
4450071851,106.058,0,0,-106.058,106.058,422,0,0,0,25,17,54,110.426,1.5
4450071853,113.049,0,0,-113.049,113.049,424,0,0,0,25,11,24.5,120.976,1.5
4450071898,98.2548,0,0,-98.2548,98.2548,469,0,0,0,25,8,-43,130.148,1.5
4450071910,109.994,0,0,-109.994,109.994,481,0,0,0,25,18,62.478,125.978,1.5
4450071910,106.775,0,0,-106.775,106.775,481,0,0,0,25,15,48.3508,132.351,1.5
4450071913,96.9005,0,0,-96.9005,96.9005,484,0,0,0,25,12,-31,138.132,1.5
4450071916,97.0284,0,0,-97.0284,97.0284,487,0,0,0,25,14,-52.2955,132.796,1.5
4450071930,112.72,0,0,-112.72,112.72,501,0,0,0,25,10,-2,135.827,1.5
4456928990,106.058,0,0,-106.058,106.058,422,17,54,110.426,1.5,0,0,0,25
4460428898,102.154,0,0,-102.154,102.154,330,20,22.7976,91.7976,1.5,0,0,0,25
4463928992,113.049,0,0,-113.049,113.049,424,11,24.5,120.976,1.5,0,0,0,25
4464428977,96.425,0,0,-96.425,96.425,409,3,-41.3489,112.5,1.5,0,0,0,25
4464929049,106.775,0,0,-106.775,106.775,481,15,48.3508,132.351,1.5,0,0,0,25
4467428807,96.4403,0,0,-96.4403,96.4403,239,16,16.9591,63.9591,1.5,0,0,0,25
4468928910,103.121,0,0,-103.121,103.121,342,2,-10.8585,99.5,1.5,0,0,0,25
4473429037,98.2548,0,0,-98.2548,98.2548,469,8,-43,130.148,1.5,0,0,0,25
4475429052,96.9005,0,0,-96.9005,96.9005,484,12,-31,138.132,1.5,0,0,0,25
4475429055,97.0284,0,0,-97.0284,97.0284,487,14,-52.2955,132.796,1.5,0,0,0,25
4477429069,112.72,0,0,-112.72,112.72,501,10,-2,135.827,1.5,0,0,0,25
4480428787,89.6515,0,0,-89.6515,89.6515,219,4,-29.1584,55.6584,1.5,0,0,0,25
4480428915,93.0666,0,0,-93.0666,93.0666,347,5,-42,90.6306,1.5,0,0,0,25
4482429049,109.994,0,0,-109.994,109.994,481,18,62.478,125.978,1.5,0,0,0,25
4491428741,102.55,0,0,-102.55,102.55,173,6,3.5,44.5196,1.5,0,0,0,25
4493428778,90.6437,0,0,-90.6437,90.6437,210,19,22.5,52.2207,1.5,0,0,0,25
4494928800,99.168,0,0,-99.168,99.168,232,1,-21.5655,60.9345,1.5,0,0,0,25
4498428884,98.6952,0,0,-98.6952,98.6952,316,13,35.4558,82.9558,1.5,0,0,0,25
4499928769,91.0449,0,0,-91.0449,91.0449,201,7,19.1077,51.3923,1.5,0,0,0,25
4499928792,103.201,0,0,-103.201,103.201,224,9,6.81434,61.3143,1.5,0,0,0,25
4500000219,89.6515,0,0,-89.6515,89.6515,219,0,0,0,25,4,-29.2645,55.7645,1.5
4500036057,103.121,0,0,-103.121,103.121,342,0,0,0,25,2,-11.0085,99.5,1.5
4500071602,102.55,0,0,-102.55,102.55,173,0,0,0,25,6,3.5,44.3696,1.5
4500071630,91.0449,0,0,-91.0449,91.0449,201,0,0,0,25,7,19.2138,51.2862,1.5
4500071639,90.6437,0,0,-90.6437,90.6437,210,0,0,0,25,19,22.5,52.0707,1.5
4500071653,103.201,0,0,-103.201,103.201,224,0,0,0,25,9,6.70827,61.2083,1.5
4500071661,99.168,0,0,-99.168,99.168,232,0,0,0,25,1,-21.6715,60.8285,1.5
4500071668,96.4403,0,0,-96.4403,96.4403,239,0,0,0,25,16,16.853,63.853,1.5
4500071745,98.6952,0,0,-98.6952,98.6952,316,0,0,0,25,13,35.3498,82.8498,1.5
4500071759,102.154,0,0,-102.154,102.154,330,0,0,0,25,20,22.6915,91.6915,1.5
4500071776,93.0666,0,0,-93.0666,93.0666,347,0,0,0,25,5,-42,90.4806,1.5
4500071838,96.425,0,0,-96.425,96.425,409,0,0,0,25,3,-41.1989,112.5,1.5
4500071851,106.058,0,0,-106.058,106.058,422,0,0,0,25,17,54,110.276,1.5
4500071853,113.049,0,0,-113.049,113.049,424,0,0,0,25,11,24.5,120.826,1.5
4500071898,98.2548,0,0,-98.2548,98.2548,469,0,0,0,25,8,-43,129.998,1.5
4500071910,109.994,0,0,-109.994,109.994,481,0,0,0,25,18,62.3719,125.872,1.5
4500071910,106.775,0,0,-106.775,106.775,481,0,0,0,25,15,48.2447,132.245,1.5
4500071913,96.9005,0,0,-96.9005,96.9005,484,0,0,0,25,12,-31,137.982,1.5
4500071916,97.0284,0,0,-97.0284,97.0284,487,0,0,0,25,14,-52.1894,132.689,1.5
4500071930,112.72,0,0,-112.72,112.72,501,0,0,0,25,10,-2,135.677,1.5
4506928990,106.058,0,0,-106.058,106.058,422,17,54,110.276,1.5,0,0,0,25
4510428898,102.154,0,0,-102.154,102.154,330,20,22.6915,91.6915,1.5,0,0,0,25
4513928992,113.049,0,0,-113.049,113.049,424,11,24.5,120.826,1.5,0,0,0,25
4522393093,96.4403,0,0,-96.4403,96.4403,239,16,16.853,63.853,1.5,0,0,0,25
4527393323,98.2548,0,0,-98.2548,98.2548,469,8,-43,129.998,1.5,0,0,0,25
4527429069,112.72,0,0,-112.72,112.72,501,10,-2,135.677,1.5,0,0,0,25
4531893073,89.6515,0,0,-89.6515,89.6515,219,4,-29.2645,55.7645,1.5,0,0,0,25
4532429049,109.994,0,0,-109.994,109.994,481,18,62.3719,125.872,1.5,0,0,0,25
4535893196,103.121,0,0,-103.121,103.121,342,2,-11.0085,99.5,1.5,0,0,0,25
4543428778,90.6437,0,0,-90.6437,90.6437,210,19,22.5,52.0707,1.5,0,0,0,25
4545393341,97.0284,0,0,-97.0284,97.0284,487,14,-52.1894,132.689,1.5,0,0,0,25
4546393335,106.775,0,0,-106.775,106.775,481,15,48.2447,132.245,1.5,0,0,0,25
4550000219,89.6515,0,0,-89.6515,89.6515,219,0,0,0,25,4,-29.2645,55.7645,1.5
4550036057,103.121,0,0,-103.121,103.121,342,0,0,0,25,2,-11.0085,99.5,1.5
4550107316,102.55,0,0,-102.55,102.55,173,0,0,0,25,6,3.5,44.3696,1.5
4550107344,91.0449,0,0,-91.0449,91.0449,201,0,0,0,25,7,19.2138,51.2862,1.5
4550107353,90.6437,0,0,-90.6437,90.6437,210,0,0,0,25,19,22.5,52.0707,1.5
4550107367,103.201,0,0,-103.201,103.201,224,0,0,0,25,9,6.70827,61.2083,1.5
4550107375,99.168,0,0,-99.168,99.168,232,0,0,0,25,1,-21.6715,60.8285,1.5
4550107382,96.4403,0,0,-96.4403,96.4403,239,0,0,0,25,16,16.853,63.853,1.5
4550107459,98.6952,0,0,-98.6952,98.6952,316,0,0,0,25,13,35.3498,82.8498,1.5
4550107473,102.154,0,0,-102.154,102.154,330,0,0,0,25,20,22.6915,91.6915,1.5
4550107490,93.0666,0,0,-93.0666,93.0666,347,0,0,0,25,5,-42,90.4806,1.5
4550107552,96.425,0,0,-96.425,96.425,409,0,0,0,25,3,-41.1989,112.5,1.5
4550107565,106.058,0,0,-106.058,106.058,422,0,0,0,25,17,54,110.276,1.5
4550107567,113.049,0,0,-113.049,113.049,424,0,0,0,25,11,24.5,120.826,1.5
4550107612,98.2548,0,0,-98.2548,98.2548,469,0,0,0,25,8,-43,129.998,1.5
4550107624,109.994,0,0,-109.994,109.994,481,0,0,0,25,18,62.3719,125.872,1.5
4550107624,106.775,0,0,-106.775,106.775,481,0,0,0,25,15,48.2447,132.245,1.5
4550107627,96.9005,0,0,-96.9005,96.9005,484,0,0,0,25,12,-31,137.982,1.5
4550107630,97.0284,0,0,-97.0284,97.0284,487,0,0,0,25,14,-52.1894,132.689,1.5
4550107644,112.72,0,0,-112.72,112.72,501,0,0,0,25,10,-2,135.677,1.5
4550893263,96.425,0,0,-96.425,96.425,409,3,-41.1989,112.5,1.5,0,0,0,25
4551393078,103.201,0,0,-103.201,103.201,224,9,6.70827,61.2083,1.5,0,0,0,25
4554893338,96.9005,0,0,-96.9005,96.9005,484,12,-31,137.982,1.5,0,0,0,25
4557393276,106.058,0,0,-106.058,106.058,422,17,54,110.276,1.5,0,0,0,25
4560428898,102.154,0,0,-102.154,102.154,330,20,22.6915,91.6915,1.5,0,0,0,25
4563893055,91.0449,0,0,-91.0449,91.0449,201,7,19.2138,51.2862,1.5,0,0,0,25
4563928992,113.049,0,0,-113.049,113.049,424,11,24.5,120.826,1.5,0,0,0,25
4564893086,99.168,0,0,-99.168,99.168,232,1,-21.6715,60.8285,1.5,0,0,0,25
4565393201,93.0666,0,0,-93.0666,93.0666,347,5,-42,90.4806,1.5,0,0,0,25
4566393170,98.6952,0,0,-98.6952,98.6952,316,13,35.3498,82.8498,1.5,0,0,0,25
4577429069,112.72,0,0,-112.72,112.72,501,10,-2,135.677,1.5,0,0,0,25
4580893027,102.55,0,0,-102.55,102.55,173,6,3.5,44.3696,1.5,0,0,0,25
4582429049,109.994,0,0,-109.994,109.994,481,18,62.3719,125.872,1.5,0,0,0,25
4593428778,90.6437,0,0,-90.6437,90.6437,210,19,22.5,52.0707,1.5,0,0,0,25
4600000219,89.6515,0,0,-89.6515,89.6515,219,0,0,0,25,4,-29.3705,55.8705,1.5
4600036057,103.121,0,0,-103.121,103.121,342,0,0,0,25,2,-11.1585,99.5,1.5
4600107316,102.55,0,0,-102.55,102.55,173,0,0,0,25,6,3.5,44.2196,1.5
4600107344,91.0449,0,0,-91.0449,91.0449,201,0,0,0,25,7,19.3198,51.1802,1.5
4600107353,90.6437,0,0,-90.6437,90.6437,210,0,0,0,25,19,22.5,51.9207,1.5
4600107367,103.201,0,0,-103.201,103.201,224,0,0,0,25,9,6.60221,61.1022,1.5
4600107375,99.168,0,0,-99.168,99.168,232,0,0,0,25,1,-21.7776,60.7224,1.5
4600107382,96.4403,0,0,-96.4403,96.4403,239,0,0,0,25,16,16.7469,63.7469,1.5
4600107459,98.6952,0,0,-98.6952,98.6952,316,0,0,0,25,13,35.2437,82.7437,1.5
4600107473,102.154,0,0,-102.154,102.154,330,0,0,0,25,20,22.5855,91.5855,1.5
4600107490,93.0666,0,0,-93.0666,93.0666,347,0,0,0,25,5,-42,90.3306,1.5
4600107552,96.425,0,0,-96.425,96.425,409,0,0,0,25,3,-41.0489,112.5,1.5
4600107565,106.058,0,0,-106.058,106.058,422,0,0,0,25,17,54,110.126,1.5
4600107567,113.049,0,0,-113.049,113.049,424,0,0,0,25,11,24.5,120.676,1.5
4600107612,98.2548,0,0,-98.2548,98.2548,469,0,0,0,25,8,-43,129.848,1.5
4600107624,109.994,0,0,-109.994,109.994,481,0,0,0,25,18,62.2659,125.766,1.5
4600107624,106.775,0,0,-106.775,106.775,481,0,0,0,25,15,48.1386,132.139,1.5
4600107627,96.9005,0,0,-96.9005,96.9005,484,0,0,0,25,12,-31,137.832,1.5
4600107630,97.0284,0,0,-97.0284,97.0284,487,0,0,0,25,14,-52.0834,132.583,1.5
4600107644,112.72,0,0,-112.72,112.72,501,0,0,0,25,10,-2,135.527,1.5
4602393093,96.4403,0,0,-96.4403,96.4403,239,16,16.7469,63.7469,1.5,0,0,0,25
4607393323,98.2548,0,0,-98.2548,98.2548,469,8,-43,129.848,1.5,0,0,0,25
4610428898,102.154,0,0,-102.154,102.154,330,20,22.5855,91.5855,1.5,0,0,0,25
4611893073,89.6515,0,0,-89.6515,89.6515,219,4,-29.3705,55.8705,1.5,0,0,0,25
4613928992,113.049,0,0,-113.049,113.049,424,11,24.5,120.676,1.5,0,0,0,25
4615893196,103.121,0,0,-103.121,103.121,342,2,-11.1585,99.5,1.5,0,0,0,25
4625393341,97.0284,0,0,-97.0284,97.0284,487,14,-52.0834,132.583,1.5,0,0,0,25
4626393335,106.775,0,0,-106.775,106.775,481,15,48.1386,132.139,1.5,0,0,0,25
4627429069,112.72,0,0,-112.72,112.72,501,10,-2,135.527,1.5,0,0,0,25
4630893263,96.425,0,0,-96.425,96.425,409,3,-41.0489,112.5,1.5,0,0,0,25
4631393078,103.201,0,0,-103.201,103.201,224,9,6.60221,61.1022,1.5,0,0,0,25
4632429049,109.994,0,0,-109.994,109.994,481,18,62.2659,125.766,1.5,0,0,0,25
4634893338,96.9005,0,0,-96.9005,96.9005,484,12,-31,137.832,1.5,0,0,0,25
4637393276,106.058,0,0,-106.058,106.058,422,17,54,110.126,1.5,0,0,0,25
4643428778,90.6437,0,0,-90.6437,90.6437,210,19,22.5,51.9207,1.5,0,0,0,25
4643893055,91.0449,0,0,-91.0449,91.0449,201,7,19.3198,51.1802,1.5,0,0,0,25
4644893086,99.168,0,0,-99.168,99.168,232,1,-21.7776,60.7224,1.5,0,0,0,25
4645393201,93.0666,0,0,-93.0666,93.0666,347,5,-42,90.3306,1.5,0,0,0,25
4646393170,98.6952,0,0,-98.6952,98.6952,316,13,35.2437,82.7437,1.5,0,0,0,25
4650000219,89.6515,0,0,-89.6515,89.6515,219,0,0,0,25,4,-29.3705,55.8705,1.5
4650036057,103.121,0,0,-103.121,103.121,342,0,0,0,25,2,-11.1585,99.5,1.5
4650143030,102.55,0,0,-102.55,102.55,173,0,0,0,25,6,3.5,44.2196,1.5
4650143058,91.0449,0,0,-91.0449,91.0449,201,0,0,0,25,7,19.3198,51.1802,1.5
4650143067,90.6437,0,0,-90.6437,90.6437,210,0,0,0,25,19,22.5,51.9207,1.5
4650143081,103.201,0,0,-103.201,103.201,224,0,0,0,25,9,6.60221,61.1022,1.5
4650143089,99.168,0,0,-99.168,99.168,232,0,0,0,25,1,-21.7776,60.7224,1.5
4650143096,96.4403,0,0,-96.4403,96.4403,239,0,0,0,25,16,16.7469,63.7469,1.5
4650143173,98.6952,0,0,-98.6952,98.6952,316,0,0,0,25,13,35.2437,82.7437,1.5
4650143187,102.154,0,0,-102.154,102.154,330,0,0,0,25,20,22.5855,91.5855,1.5
4650143204,93.0666,0,0,-93.0666,93.0666,347,0,0,0,25,5,-42,90.3306,1.5
4650143266,96.425,0,0,-96.425,96.425,409,0,0,0,25,3,-41.0489,112.5,1.5
4650143279,106.058,0,0,-106.058,106.058,422,0,0,0,25,17,54,110.126,1.5
4650143281,113.049,0,0,-113.049,113.049,424,0,0,0,25,11,24.5,120.676,1.5
4650143326,98.2548,0,0,-98.2548,98.2548,469,0,0,0,25,8,-43,129.848,1.5
4650143338,109.994,0,0,-109.994,109.994,481,0,0,0,25,18,62.2659,125.766,1.5
4650143338,106.775,0,0,-106.775,106.775,481,0,0,0,25,15,48.1386,132.139,1.5
4650143341,96.9005,0,0,-96.9005,96.9005,484,0,0,0,25,12,-31,137.832,1.5
4650143344,97.0284,0,0,-97.0284,97.0284,487,0,0,0,25,14,-52.0834,132.583,1.5
4650143358,112.72,0,0,-112.72,112.72,501,0,0,0,25,10,-2,135.527,1.5
4660428898,102.154,0,0,-102.154,102.154,330,20,22.5855,91.5855,1.5,0,0,0,25
4660893027,102.55,0,0,-102.55,102.55,173,6,3.5,44.2196,1.5,0,0,0,25
4663928992,113.049,0,0,-113.049,113.049,424,11,24.5,120.676,1.5,0,0,0,25
4677429069,112.72,0,0,-112.72,112.72,501,10,-2,135.527,1.5,0,0,0,25
4682393093,96.4403,0,0,-96.4403,96.4403,239,16,16.7469,63.7469,1.5,0,0,0,25
4682429049,109.994,0,0,-109.994,109.994,481,18,62.2659,125.766,1.5,0,0,0,25
4687393323,98.2548,0,0,-98.2548,98.2548,469,8,-43,129.848,1.5,0,0,0,25
4691893073,89.6515,0,0,-89.6515,89.6515,219,4,-29.3705,55.8705,1.5,0,0,0,25
4695893196,103.121,0,0,-103.121,103.121,342,2,-11.1585,99.5,1.5,0,0,0,25
4700000219,89.6515,0,0,-89.6515,89.6515,219,0,0,0,25,4,-29.4766,55.9766,1.5
4700036057,103.121,0,0,-103.121,103.121,342,0,0,0,25,2,-11.3085,99.5,1.5
4700143030,102.55,0,0,-102.55,102.55,173,0,0,0,25,6,3.5,44.0696,1.5
4700143058,91.0449,0,0,-91.0449,91.0449,201,0,0,0,25,7,19.4259,51.0741,1.5
4700143067,90.6437,0,0,-90.6437,90.6437,210,0,0,0,25,19,22.5,51.7707,1.5
4700143081,103.201,0,0,-103.201,103.201,224,0,0,0,25,9,6.49614,60.9961,1.5
4700143089,99.168,0,0,-99.168,99.168,232,0,0,0,25,1,-21.8837,60.6163,1.5
4700143096,96.4403,0,0,-96.4403,96.4403,239,0,0,0,25,16,16.6409,63.6409,1.5
4700143173,98.6952,0,0,-98.6952,98.6952,316,0,0,0,25,13,35.1376,82.6376,1.5
4700143187,102.154,0,0,-102.154,102.154,330,0,0,0,25,20,22.4794,91.4794,1.5
4700143204,93.0666,0,0,-93.0666,93.0666,347,0,0,0,25,5,-42,90.1806,1.5
4700143266,96.425,0,0,-96.425,96.425,409,0,0,0,25,3,-40.8989,112.5,1.5
4700143279,106.058,0,0,-106.058,106.058,422,0,0,0,25,17,54,109.976,1.5
4700143281,113.049,0,0,-113.049,113.049,424,0,0,0,25,11,24.5,120.526,1.5
4700143326,98.2548,0,0,-98.2548,98.2548,469,0,0,0,25,8,-43,129.698,1.5
4700143338,109.994,0,0,-109.994,109.994,481,0,0,0,25,18,62.1598,125.66,1.5
4700143338,106.775,0,0,-106.775,106.775,481,0,0,0,25,15,48.0326,132.033,1.5
4700143341,96.9005,0,0,-96.9005,96.9005,484,0,0,0,25,12,-31,137.682,1.5
4700143344,97.0284,0,0,-97.0284,97.0284,487,0,0,0,25,14,-51.9773,132.477,1.5
4700143358,112.72,0,0,-112.72,112.72,501,0,0,0,25,10,-2,135.377,1.5
4705393341,97.0284,0,0,-97.0284,97.0284,487,14,-51.9773,132.477,1.5,0,0,0,25
4706393335,106.775,0,0,-106.775,106.775,481,15,48.0326,132.033,1.5,0,0,0,25
4710428898,102.154,0,0,-102.154,102.154,330,20,22.4794,91.4794,1.5,0,0,0,25
4710893263,96.425,0,0,-96.425,96.425,409,3,-40.8989,112.5,1.5,0,0,0,25
4711393078,103.201,0,0,-103.201,103.201,224,9,6.49614,60.9961,1.5,0,0,0,25
4714893338,96.9005,0,0,-96.9005,96.9005,484,12,-31,137.682,1.5,0,0,0,25
4717393276,106.058,0,0,-106.058,106.058,422,17,54,109.976,1.5,0,0,0,25
4723893055,91.0449,0,0,-91.0449,91.0449,201,7,19.4259,51.0741,1.5,0,0,0,25
4724893086,99.168,0,0,-99.168,99.168,232,1,-21.8837,60.6163,1.5,0,0,0,25
4725393201,93.0666,0,0,-93.0666,93.0666,347,5,-42,90.1806,1.5,0,0,0,25
4726393170,98.6952,0,0,-98.6952,98.6952,316,13,35.1376,82.6376,1.5,0,0,0,25
4727429069,112.72,0,0,-112.72,112.72,501,10,-2,135.377,1.5,0,0,0,25
4728393064,90.6437,0,0,-90.6437,90.6437,210,19,22.5,51.7707,1.5,0,0,0,25
4732429049,109.994,0,0,-109.994,109.994,481,18,62.1598,125.66,1.5,0,0,0,25
4738393278,113.049,0,0,-113.049,113.049,424,11,24.5,120.526,1.5,0,0,0,25
4740893027,102.55,0,0,-102.55,102.55,173,6,3.5,44.0696,1.5,0,0,0,25
4750000219,89.6515,0,0,-89.6515,89.6515,219,0,0,0,25,4,-29.4766,55.9766,1.5
4750036057,103.121,0,0,-103.121,103.121,342,0,0,0,25,2,-11.3085,99.5,1.5
4750214458,102.55,0,0,-102.55,102.55,173,0,0,0,25,6,3.5,44.0696,1.5
4750214486,91.0449,0,0,-91.0449,91.0449,201,0,0,0,25,7,19.4259,51.0741,1.5
4750214495,90.6437,0,0,-90.6437,90.6437,210,0,0,0,25,19,22.5,51.7707,1.5
4750214509,103.201,0,0,-103.201,103.201,224,0,0,0,25,9,6.49614,60.9961,1.5
4750214517,99.168,0,0,-99.168,99.168,232,0,0,0,25,1,-21.8837,60.6163,1.5
4750214524,96.4403,0,0,-96.4403,96.4403,239,0,0,0,25,16,16.6409,63.6409,1.5
4750214601,98.6952,0,0,-98.6952,98.6952,316,0,0,0,25,13,35.1376,82.6376,1.5
4750214615,102.154,0,0,-102.154,102.154,330,0,0,0,25,20,22.4794,91.4794,1.5
4750214632,93.0666,0,0,-93.0666,93.0666,347,0,0,0,25,5,-42,90.1806,1.5
4750214694,96.425,0,0,-96.425,96.425,409,0,0,0,25,3,-40.8989,112.5,1.5
4750214707,106.058,0,0,-106.058,106.058,422,0,0,0,25,17,54,109.976,1.5
4750214709,113.049,0,0,-113.049,113.049,424,0,0,0,25,11,24.5,120.526,1.5
4750214754,98.2548,0,0,-98.2548,98.2548,469,0,0,0,25,8,-43,129.698,1.5
4750214766,109.994,0,0,-109.994,109.994,481,0,0,0,25,18,62.1598,125.66,1.5
4750214766,106.775,0,0,-106.775,106.775,481,0,0,0,25,15,48.0326,132.033,1.5
4750214769,96.9005,0,0,-96.9005,96.9005,484,0,0,0,25,12,-31,137.682,1.5
4750214772,97.0284,0,0,-97.0284,97.0284,487,0,0,0,25,14,-51.9773,132.477,1.5
4750214786,112.72,0,0,-112.72,112.72,501,0,0,0,25,10,-2,135.377,1.5
4762393093,96.4403,0,0,-96.4403,96.4403,239,16,16.6409,63.6409,1.5,0,0,0,25
4767393323,98.2548,0,0,-98.2548,98.2548,469,8,-43,129.698,1.5,0,0,0,25
4771893073,89.6515,0,0,-89.6515,89.6515,219,4,-29.4766,55.9766,1.5,0,0,0,25
4775893196,103.121,0,0,-103.121,103.121,342,2,-11.3085,99.5,1.5,0,0,0,25
4777429069,112.72,0,0,-112.72,112.72,501,10,-2,135.377,1.5,0,0,0,25
4782429049,109.994,0,0,-109.994,109.994,481,18,62.1598,125.66,1.5,0,0,0,25
4784893184,102.154,0,0,-102.154,102.154,330,20,22.4794,91.4794,1.5,0,0,0,25
4785393341,97.0284,0,0,-97.0284,97.0284,487,14,-51.9773,132.477,1.5,0,0,0,25
4786393335,106.775,0,0,-106.775,106.775,481,15,48.0326,132.033,1.5,0,0,0,25
4790893263,96.425,0,0,-96.425,96.425,409,3,-40.8989,112.5,1.5,0,0,0,25
4791393078,103.201,0,0,-103.201,103.201,224,9,6.49614,60.9961,1.5,0,0,0,25
4794893338,96.9005,0,0,-96.9005,96.9005,484,12,-31,137.682,1.5,0,0,0,25
4797393276,106.058,0,0,-106.058,106.058,422,17,54,109.976,1.5,0,0,0,25
4800000219,89.6515,0,0,-89.6515,89.6515,219,0,0,0,25,4,-29.5827,56.0827,1.5
4800036057,103.121,0,0,-103.121,103.121,342,0,0,0,25,2,-11.4585,99.5,1.5
4800250172,102.55,0,0,-102.55,102.55,173,0,0,0,25,6,3.5,43.9196,1.5
4800250200,91.0449,0,0,-91.0449,91.0449,201,0,0,0,25,7,19.532,50.968,1.5
4800250209,90.6437,0,0,-90.6437,90.6437,210,0,0,0,25,19,22.5,51.6207,1.5
4800250223,103.201,0,0,-103.201,103.201,224,0,0,0,25,9,6.39007,60.8901,1.5
4800250231,99.168,0,0,-99.168,99.168,232,0,0,0,25,1,-21.9897,60.5103,1.5
4800250238,96.4403,0,0,-96.4403,96.4403,239,0,0,0,25,16,16.5348,63.5348,1.5
4800250315,98.6952,0,0,-98.6952,98.6952,316,0,0,0,25,13,35.0316,82.5316,1.5
4800250329,102.154,0,0,-102.154,102.154,330,0,0,0,25,20,22.3733,91.3733,1.5
4800250346,93.0666,0,0,-93.0666,93.0666,347,0,0,0,25,5,-42,90.0306,1.5
4800250408,96.425,0,0,-96.425,96.425,409,0,0,0,25,3,-40.7489,112.5,1.5
4800250421,106.058,0,0,-106.058,106.058,422,0,0,0,25,17,54,109.826,1.5
4800250423,113.049,0,0,-113.049,113.049,424,0,0,0,25,11,24.5,120.376,1.5
4800250468,98.2548,0,0,-98.2548,98.2548,469,0,0,0,25,8,-43,129.548,1.5
4800250480,109.994,0,0,-109.994,109.994,481,0,0,0,25,18,62.0537,125.554,1.5
4800250480,106.775,0,0,-106.775,106.775,481,0,0,0,25,15,47.9265,131.926,1.5
4800250483,96.9005,0,0,-96.9005,96.9005,484,0,0,0,25,12,-31,137.532,1.5
4800250486,97.0284,0,0,-97.0284,97.0284,487,0,0,0,25,14,-51.8712,132.371,1.5
4800250500,112.72,0,0,-112.72,112.72,501,0,0,0,25,10,-2,135.227,1.5
4803893055,91.0449,0,0,-91.0449,91.0449,201,7,19.532,50.968,1.5,0,0,0,25
4804893086,99.168,0,0,-99.168,99.168,232,1,-21.9897,60.5103,1.5,0,0,0,25
4805393201,93.0666,0,0,-93.0666,93.0666,347,5,-42,90.0306,1.5,0,0,0,25
4806393170,98.6952,0,0,-98.6952,98.6952,316,13,35.0316,82.5316,1.5,0,0,0,25
4808393064,90.6437,0,0,-90.6437,90.6437,210,19,22.5,51.6207,1.5,0,0,0,25
4818393278,113.049,0,0,-113.049,113.049,424,11,24.5,120.376,1.5,0,0,0,25
4820893027,102.55,0,0,-102.55,102.55,173,6,3.5,43.9196,1.5,0,0,0,25
4827429069,112.72,0,0,-112.72,112.72,501,10,-2,135.227,1.5,0,0,0,25
4842393093,96.4403,0,0,-96.4403,96.4403,239,16,16.5348,63.5348,1.5,0,0,0,25
4847393323,98.2548,0,0,-98.2548,98.2548,469,8,-43,129.548,1.5,0,0,0,25
4850000219,89.6515,0,0,-89.6515,89.6515,219,0,0,0,25,4,-29.5827,56.0827,1.5
4850500173,102.55,0,0,-102.55,102.55,173,0,0,0,25,6,3.5,43.9196,1.5
4850500201,91.0449,0,0,-91.0449,91.0449,201,0,0,0,25,7,19.532,50.968,1.5
4850500210,90.6437,0,0,-90.6437,90.6437,210,0,0,0,25,19,22.5,51.6207,1.5
4850500224,103.201,0,0,-103.201,103.201,224,0,0,0,25,9,6.39007,60.8901,1.5
4850500232,99.168,0,0,-99.168,99.168,232,0,0,0,25,1,-21.9897,60.5103,1.5
4850500239,96.4403,0,0,-96.4403,96.4403,239,0,0,0,25,16,16.5348,63.5348,1.5
4850500316,98.6952,0,0,-98.6952,98.6952,316,0,0,0,25,13,35.0316,82.5316,1.5
4850500330,102.154,0,0,-102.154,102.154,330,0,0,0,25,20,22.3733,91.3733,1.5
4850500342,103.121,0,0,-103.121,103.121,342,0,0,0,25,2,-11.4585,99.5,1.5
4850500347,93.0666,0,0,-93.0666,93.0666,347,0,0,0,25,5,-42,90.0306,1.5
4850500409,96.425,0,0,-96.425,96.425,409,0,0,0,25,3,-40.7489,112.5,1.5
4850500422,106.058,0,0,-106.058,106.058,422,0,0,0,25,17,54,109.826,1.5
4850500424,113.049,0,0,-113.049,113.049,424,0,0,0,25,11,24.5,120.376,1.5
4850500469,98.2548,0,0,-98.2548,98.2548,469,0,0,0,25,8,-43,129.548,1.5
4850500481,109.994,0,0,-109.994,109.994,481,0,0,0,25,18,62.0537,125.554,1.5
4850500481,106.775,0,0,-106.775,106.775,481,0,0,0,25,15,47.9265,131.926,1.5
4850500484,96.9005,0,0,-96.9005,96.9005,484,0,0,0,25,12,-31,137.532,1.5
4850500487,97.0284,0,0,-97.0284,97.0284,487,0,0,0,25,14,-51.8712,132.371,1.5
4850500501,112.72,0,0,-112.72,112.72,501,0,0,0,25,10,-2,135.227,1.5
4851893073,89.6515,0,0,-89.6515,89.6515,219,4,-29.5827,56.0827,1.5,0,0,0,25
4853393335,109.994,0,0,-109.994,109.994,481,18,62.0537,125.554,1.5,0,0,0,25
4855893196,103.121,0,0,-103.121,103.121,342,2,-11.4585,99.5,1.5,0,0,0,25
4864893184,102.154,0,0,-102.154,102.154,330,20,22.3733,91.3733,1.5,0,0,0,25
4865393341,97.0284,0,0,-97.0284,97.0284,487,14,-51.8712,132.371,1.5,0,0,0,25
4866393335,106.775,0,0,-106.775,106.775,481,15,47.9265,131.926,1.5,0,0,0,25
4870893263,96.425,0,0,-96.425,96.425,409,3,-40.7489,112.5,1.5,0,0,0,25
4871393078,103.201,0,0,-103.201,103.201,224,9,6.39007,60.8901,1.5,0,0,0,25
4874893338,96.9005,0,0,-96.9005,96.9005,484,12,-31,137.532,1.5,0,0,0,25
4877393276,106.058,0,0,-106.058,106.058,422,17,54,109.826,1.5,0,0,0,25
4879393355,112.72,0,0,-112.72,112.72,501,10,-2,135.227,1.5,0,0,0,25
4883893055,91.0449,0,0,-91.0449,91.0449,201,7,19.532,50.968,1.5,0,0,0,25
4884893086,99.168,0,0,-99.168,99.168,232,1,-21.9897,60.5103,1.5,0,0,0,25
4885393201,93.0666,0,0,-93.0666,93.0666,347,5,-42,90.0306,1.5,0,0,0,25
4886393170,98.6952,0,0,-98.6952,98.6952,316,13,35.0316,82.5316,1.5,0,0,0,25
4888393064,90.6437,0,0,-90.6437,90.6437,210,19,22.5,51.6207,1.5,0,0,0,25
4898393278,113.049,0,0,-113.049,113.049,424,11,24.5,120.376,1.5,0,0,0,25
4900000226,91.8325,0,0,-91.8325,91.8325,226,0,0,0,25,4,-29.6887,56.1887,1.5
4900893020,102.001,0,0,-102.001,102.001,166,6,3.5,43.7696,1.5,0,0,0,25
4903500166,102.001,0,0,-102.001,102.001,166,0,0,0,25,6,3.5,43.7696,1.5
4903500198,89.016,0,0,-89.016,89.016,198,0,0,0,25,7,19.638,50.862,1.5
4903500203,88.7906,0,0,-88.7906,88.7906,203,0,0,0,25,19,22.5,51.4707,1.5
4903500218,103.902,0,0,-103.902,103.902,218,0,0,0,25,9,6.28401,60.784,1.5
4903500228,87.6989,0,0,-87.6989,87.6989,228,0,0,0,25,1,-22.0958,60.4042,1.5
4903500232,90.5459,0,0,-90.5459,90.5459,232,0,0,0,25,16,16.3992,63.5,1.5
4903500309,99.3467,0,0,-99.3467,99.3467,309,0,0,0,25,13,34.9255,82.4255,1.5
4903500325,111.215,0,0,-111.215,111.215,325,0,0,0,25,20,22.2673,91.2673,1.5
4903500340,95.0136,0,0,-95.0136,95.0136,340,0,0,0,25,5,-42,89.8806,1.5
4903500343,103.668,0,0,-103.668,103.668,343,0,0,0,25,2,-11.6085,99.5,1.5
4903500407,94.453,0,0,-94.453,94.453,407,0,0,0,25,3,-40.5989,112.5,1.5
4903500415,105.782,0,0,-105.782,105.782,415,0,0,0,25,17,54,109.676,1.5
4903500417,117.378,0,0,-117.378,117.378,417,0,0,0,25,11,24.5,120.226,1.5
4903500462,98.2108,0,0,-98.2108,98.2108,462,0,0,0,25,8,-43,129.398,1.5
4903500473,106.576,0,0,-106.576,106.576,473,0,0,0,25,18,61.9477,125.448,1.5
4903500476,94.8068,0,0,-94.8068,94.8068,476,0,0,0,25,12,-31,137.382,1.5
4903500480,95.19,0,0,-95.19,95.19,480,0,0,0,25,14,-51.7652,132.265,1.5
4903500493,112.206,0,0,-112.206,112.206,493,0,0,0,25,10,-2,135.077,1.5
4922393086,90.5459,0,0,-90.5459,90.5459,232,16,16.3992,63.5,1.5,0,0,0,25
4927393316,98.2108,0,0,-98.2108,98.2108,462,8,-43,129.398,1.5,0,0,0,25
4931893080,91.8325,0,0,-91.8325,91.8325,226,4,-29.6887,56.1887,1.5,0,0,0,25
4933393327,106.576,0,0,-106.576,106.576,473,18,61.9477,125.448,1.5,0,0,0,25
4935893197,103.668,0,0,-103.668,103.668,343,2,-11.6085,99.5,1.5,0,0,0,25
4944893179,111.215,0,0,-111.215,111.215,325,20,22.2673,91.2673,1.5,0,0,0,25
4945393334,95.19,0,0,-95.19,95.19,480,14,-51.7652,132.265,1.5,0,0,0,25
4950000226,91.8325,0,0,-91.8325,91.8325,226,0,0,0,25,4,-29.6887,56.1887,1.5
4950893261,94.453,0,0,-94.453,94.453,407,3,-40.5989,112.5,1.5,0,0,0,25
4951393072,103.902,0,0,-103.902,103.902,218,9,6.28401,60.784,1.5,0,0,0,25
4953500166,102.001,0,0,-102.001,102.001,166,0,0,0,25,6,3.5,43.7696,1.5
4953500198,89.016,0,0,-89.016,89.016,198,0,0,0,25,7,19.638,50.862,1.5
4953500203,88.7906,0,0,-88.7906,88.7906,203,0,0,0,25,19,22.5,51.4707,1.5
4953500218,103.902,0,0,-103.902,103.902,218,0,0,0,25,9,6.28401,60.784,1.5
4953500228,87.6989,0,0,-87.6989,87.6989,228,0,0,0,25,1,-22.0958,60.4042,1.5
4953500232,90.5459,0,0,-90.5459,90.5459,232,0,0,0,25,16,16.3992,63.5,1.5
4953500309,99.3467,0,0,-99.3467,99.3467,309,0,0,0,25,13,34.9255,82.4255,1.5
4953500325,111.215,0,0,-111.215,111.215,325,0,0,0,25,20,22.2673,91.2673,1.5
4953500340,95.0136,0,0,-95.0136,95.0136,340,0,0,0,25,5,-42,89.8806,1.5
4953500343,103.668,0,0,-103.668,103.668,343,0,0,0,25,2,-11.6085,99.5,1.5
4953500407,94.453,0,0,-94.453,94.453,407,0,0,0,25,3,-40.5989,112.5,1.5
4953500415,105.782,0,0,-105.782,105.782,415,0,0,0,25,17,54,109.676,1.5
4953500417,117.378,0,0,-117.378,117.378,417,0,0,0,25,11,24.5,120.226,1.5
4953500462,98.2108,0,0,-98.2108,98.2108,462,0,0,0,25,8,-43,129.398,1.5
4953500473,106.576,0,0,-106.576,106.576,473,0,0,0,25,18,61.9477,125.448,1.5
4953500476,94.8068,0,0,-94.8068,94.8068,476,0,0,0,25,12,-31,137.382,1.5
4953500480,95.19,0,0,-95.19,95.19,480,0,0,0,25,14,-51.7652,132.265,1.5
4953500493,112.206,0,0,-112.206,112.206,493,0,0,0,25,10,-2,135.077,1.5
4954893330,94.8068,0,0,-94.8068,94.8068,476,12,-31,137.382,1.5,0,0,0,25
4957393269,105.782,0,0,-105.782,105.782,415,17,54,109.676,1.5,0,0,0,25
4959393347,112.206,0,0,-112.206,112.206,493,10,-2,135.077,1.5,0,0,0,25
4963893052,89.016,0,0,-89.016,89.016,198,7,19.638,50.862,1.5,0,0,0,25
4964893082,87.6989,0,0,-87.6989,87.6989,228,1,-22.0958,60.4042,1.5,0,0,0,25
4965393194,95.0136,0,0,-95.0136,95.0136,340,5,-42,89.8806,1.5,0,0,0,25
4966393163,99.3467,0,0,-99.3467,99.3467,309,13,34.9255,82.4255,1.5,0,0,0,25
4968393057,88.7906,0,0,-88.7906,88.7906,203,19,22.5,51.4707,1.5,0,0,0,25
4978393271,117.378,0,0,-117.378,117.378,417,11,24.5,120.226,1.5,0,0,0,25
4980893020,102.001,0,0,-102.001,102.001,166,6,3.5,43.7696,1.5,0,0,0,25
