Timestamp_ns,Loss_dB,TxAntGain_dB,RxAntGain_dB,PropGain_dB,Pathloss_dB,Delay_ns,SrcId,SrcX,SrcY,SrcZ,DstId,DstX,DstY,DstZ
188,103.78,0,0,-103.78,103.78,188,0,0,0,25,6,3.46482,51.1186,1.5
204,88.6126,0,0,-88.6126,88.6126,204,0,0,0,25,4,-24.6086,50.8967,1.5
209,90.9964,0,0,-90.9964,90.9964,209,0,0,0,25,7,14.5871,56.1745,1.5
216,87.6048,0,0,-87.6048,87.6048,216,0,0,0,25,19,19.0742,57.391,1.5
237,108.296,0,0,-108.296,108.296,237,0,0,0,25,9,11.4131,66.0409,1.5
239,97.261,0,0,-97.261,97.261,239,0,0,0,25,1,-16.9447,65.6443,1.5
252,90.4945,0,0,-90.4945,90.4945,252,0,0,0,25,16,21.7409,68.4844,1.5
331,98.3699,0,0,-98.3699,98.3699,331,0,0,0,25,13,40.0111,87.7171,1.5
343,104.85,0,0,-104.85,104.85,343,0,0,0,25,20,27.5875,96.2938,1.5
362,96.9336,0,0,-96.9336,96.9336,362,0,0,0,25,5,-42.1578,97.2134,1.5
379,111.077,0,0,-111.077,111.077,379,0,0,0,25,2,-4.29448,99.2718,1.5
416,99.1008,0,0,-99.1008,99.1008,416,0,0,0,25,3,-47.9011,112.702,1.5
437,105.373,0,0,-105.373,105.373,437,0,0,0,25,17,54.1521,117.004,1.5
440,119.932,0,0,-119.932,119.932,440,0,0,0,25,11,24.7186,127.532,1.5
484,98.1833,0,0,-98.1833,98.1833,484,0,0,0,25,8,-44.7277,135.906,1.5
496,107.973,0,0,-107.973,107.973,496,0,0,0,25,15,52.8393,137.149,1.5
496,108.098,0,0,-108.098,108.098,496,0,0,0,25,18,67.049,130.728,1.5
500,98.6392,0,0,-98.6392,98.6392,500,0,0,0,25,12,-30.7834,144.699,1.5
503,99.752,0,0,-99.752,99.752,503,0,0,0,25,14,-56.8284,137.566,1.5
517,112.506,0,0,-112.506,112.506,517,0,0,0,25,10,-2.19058,142.382,1.5
16928756,103.78,0,0,-103.78,103.78,188,6,3.46482,51.1186,1.5,0,0,0,25
16928772,88.6126,0,0,-88.6126,88.6126,204,4,-24.6086,50.8967,1.5,0,0,0,25
16928777,90.9964,0,0,-90.9964,90.9964,209,7,14.5871,56.1745,1.5,0,0,0,25
16928784,87.6048,0,0,-87.6048,87.6048,216,19,19.0742,57.391,1.5,0,0,0,25
16928805,108.296,0,0,-108.296,108.296,237,9,11.4131,66.0409,1.5,0,0,0,25
16928807,97.261,0,0,-97.261,97.261,239,1,-16.9447,65.6443,1.5,0,0,0,25
16928820,90.4945,0,0,-90.4945,90.4945,252,16,21.7409,68.4844,1.5,0,0,0,25
16928899,98.3699,0,0,-98.3699,98.3699,331,13,40.0111,87.7171,1.5,0,0,0,25
16928911,104.85,0,0,-104.85,104.85,343,20,27.5875,96.2938,1.5,0,0,0,25
16928930,96.9336,0,0,-96.9336,96.9336,362,5,-42.1578,97.2134,1.5,0,0,0,25
16928947,111.077,0,0,-111.077,111.077,379,2,-4.29448,99.2718,1.5,0,0,0,25
16928984,99.1008,0,0,-99.1008,99.1008,416,3,-47.9011,112.702,1.5,0,0,0,25
16929005,105.373,0,0,-105.373,105.373,437,17,54.1521,117.004,1.5,0,0,0,25
16929008,119.932,0,0,-119.932,119.932,440,11,24.7186,127.532,1.5,0,0,0,25
16929052,98.1833,0,0,-98.1833,98.1833,484,8,-44.7277,135.906,1.5,0,0,0,25
16929064,107.973,0,0,-107.973,107.973,496,15,52.8393,137.149,1.5,0,0,0,25
16929064,108.098,0,0,-108.098,108.098,496,18,67.049,130.728,1.5,0,0,0,25
16929068,98.6392,0,0,-98.6392,98.6392,500,12,-30.7834,144.699,1.5,0,0,0,25
16929071,99.752,0,0,-99.752,99.752,503,14,-56.8284,137.566,1.5,0,0,0,25
16929085,112.506,0,0,-112.506,112.506,517,10,-2.19058,142.382,1.5,0,0,0,25
50000188,103.78,0,0,-103.78,103.78,188,0,0,0,25,6,3.46482,51.1186,1.5
50000204,88.6126,0,0,-88.6126,88.6126,204,0,0,0,25,4,-24.6086,50.8967,1.5
50000209,90.9964,0,0,-90.9964,90.9964,209,0,0,0,25,7,14.5871,56.1745,1.5
50000216,87.6048,0,0,-87.6048,87.6048,216,0,0,0,25,19,19.0742,57.391,1.5
50000237,108.296,0,0,-108.296,108.296,237,0,0,0,25,9,11.4131,66.0409,1.5
50000239,97.261,0,0,-97.261,97.261,239,0,0,0,25,1,-16.9447,65.6443,1.5
50000252,90.4945,0,0,-90.4945,90.4945,252,0,0,0,25,16,21.7409,68.4844,1.5
50000331,98.3699,0,0,-98.3699,98.3699,331,0,0,0,25,13,40.0111,87.7171,1.5
50000343,104.85,0,0,-104.85,104.85,343,0,0,0,25,20,27.5875,96.2938,1.5
50000362,96.9336,0,0,-96.9336,96.9336,362,0,0,0,25,5,-42.1578,97.2134,1.5
50000379,111.077,0,0,-111.077,111.077,379,0,0,0,25,2,-4.29448,99.2718,1.5
50000416,99.1008,0,0,-99.1008,99.1008,416,0,0,0,25,3,-47.9011,112.702,1.5
50000437,105.373,0,0,-105.373,105.373,437,0,0,0,25,17,54.1521,117.004,1.5
50000440,119.932,0,0,-119.932,119.932,440,0,0,0,25,11,24.7186,127.532,1.5
50000484,98.1833,0,0,-98.1833,98.1833,484,0,0,0,25,8,-44.7277,135.906,1.5
50000496,107.973,0,0,-107.973,107.973,496,0,0,0,25,15,52.8393,137.149,1.5
50000496,108.098,0,0,-108.098,108.098,496,0,0,0,25,18,67.049,130.728,1.5
50000500,98.6392,0,0,-98.6392,98.6392,500,0,0,0,25,12,-30.7834,144.699,1.5
50000503,99.752,0,0,-99.752,99.752,503,0,0,0,25,14,-56.8284,137.566,1.5
50000517,112.506,0,0,-112.506,112.506,517,0,0,0,25,10,-2.19058,142.382,1.5
70893270,99.1008,0,0,-99.1008,99.1008,416,3,-47.9011,112.702,1.5,0,0,0,25
71393091,108.296,0,0,-108.296,108.296,237,9,11.4131,66.0409,1.5,0,0,0,25
74893354,98.6392,0,0,-98.6392,98.6392,500,12,-30.7834,144.699,1.5,0,0,0,25
77393291,105.373,0,0,-105.373,105.373,437,17,54.1521,117.004,1.5,0,0,0,25
79393371,112.506,0,0,-112.506,112.506,517,10,-2.19058,142.382,1.5,0,0,0,25
82393106,90.4945,0,0,-90.4945,90.4945,252,16,21.7409,68.4844,1.5,0,0,0,25
83893063,90.9964,0,0,-90.9964,90.9964,209,7,14.5871,56.1745,1.5,0,0,0,25
84893093,97.261,0,0,-97.261,97.261,239,1,-16.9447,65.6443,1.5,0,0,0,25
85393216,96.9336,0,0,-96.9336,96.9336,362,5,-42.1578,97.2134,1.5,0,0,0,25
86393185,98.3699,0,0,-98.3699,98.3699,331,13,40.0111,87.7171,1.5,0,0,0,25
87393338,98.1833,0,0,-98.1833,98.1833,484,8,-44.7277,135.906,1.5,0,0,0,25
88393070,87.6048,0,0,-87.6048,87.6048,216,19,19.0742,57.391,1.5,0,0,0,25
91893058,88.6126,0,0,-88.6126,88.6126,204,4,-24.6086,50.8967,1.5,0,0,0,25
93393350,108.098,0,0,-108.098,108.098,496,18,67.049,130.728,1.5,0,0,0,25
95893233,111.077,0,0,-111.077,111.077,379,2,-4.29448,99.2718,1.5,0,0,0,25
98393294,119.932,0,0,-119.932,119.932,440,11,24.7186,127.532,1.5,0,0,0,25
100000188,103.78,0,0,-103.78,103.78,188,0,0,0,25,6,3.47334,50.9689,1.5
100000204,88.6126,0,0,-88.6126,88.6126,204,0,0,0,25,4,-24.6902,51.0225,1.5
100000209,90.9964,0,0,-90.9964,90.9964,209,0,0,0,25,7,14.6654,56.0465,1.5
100000216,87.6048,0,0,-87.6048,87.6048,216,0,0,0,25,19,19.1847,57.2895,1.5
100000237,108.296,0,0,-108.296,108.296,237,0,0,0,25,9,11.3221,65.9216,1.5
100000239,97.261,0,0,-97.261,97.261,239,0,0,0,25,1,-17.0426,65.5307,1.5
100000252,90.4945,0,0,-90.4945,90.4945,252,0,0,0,25,16,21.6154,68.4024,1.5
100000331,98.3699,0,0,-98.3699,98.3699,331,0,0,0,25,13,39.9241,87.595,1.5
100000343,104.85,0,0,-104.85,104.85,343,0,0,0,25,20,27.4534,96.2267,1.5
100000362,96.9336,0,0,-96.9336,96.9336,362,0,0,0,25,5,-42.1254,97.0669,1.5
100000379,111.077,0,0,-111.077,111.077,379,0,0,0,25,2,-4.43721,99.318,1.5
100000416,99.1008,0,0,-99.1008,99.1008,416,0,0,0,25,3,-47.7671,112.634,1.5
100000437,105.373,0,0,-105.373,105.373,437,0,0,0,25,17,54.1088,116.86,1.5
100000440,119.932,0,0,-119.932,119.932,440,0,0,0,25,11,24.6616,127.394,1.5
100000484,98.1833,0,0,-98.1833,98.1833,484,0,0,0,25,8,-44.5968,135.833,1.5
100000496,107.973,0,0,-107.973,107.973,496,0,0,0,25,15,52.7698,137.016,1.5
100000496,108.098,0,0,-108.098,108.098,496,0,0,0,25,18,66.9587,130.608,1.5
100000500,98.6392,0,0,-98.6392,98.6392,500,0,0,0,25,12,-30.8278,144.555,1.5
100000503,99.752,0,0,-99.752,99.752,503,0,0,0,25,14,-56.753,137.436,1.5
100000517,112.506,0,0,-112.506,112.506,517,0,0,0,25,10,-2.12368,142.248,1.5
100893042,103.78,0,0,-103.78,103.78,188,6,3.47334,50.9689,1.5,0,0,0,25
104893197,104.85,0,0,-104.85,104.85,343,20,27.4534,96.2267,1.5,0,0,0,25
105393357,99.752,0,0,-99.752,99.752,503,14,-56.753,137.436,1.5,0,0,0,25
106393350,107.973,0,0,-107.973,107.973,496,15,52.7698,137.016,1.5,0,0,0,25
150000188,103.78,0,0,-103.78,103.78,188,0,0,0,25,6,3.47334,50.9689,1.5
150000204,88.6126,0,0,-88.6126,88.6126,204,0,0,0,25,4,-24.6902,51.0225,1.5
150000209,90.9964,0,0,-90.9964,90.9964,209,0,0,0,25,7,14.6654,56.0465,1.5
150000216,87.6048,0,0,-87.6048,87.6048,216,0,0,0,25,19,19.1847,57.2895,1.5
150000237,108.296,0,0,-108.296,108.296,237,0,0,0,25,9,11.3221,65.9216,1.5
150000239,97.261,0,0,-97.261,97.261,239,0,0,0,25,1,-17.0426,65.5307,1.5
150000252,90.4945,0,0,-90.4945,90.4945,252,0,0,0,25,16,21.6154,68.4024,1.5
150000331,98.3699,0,0,-98.3699,98.3699,331,0,0,0,25,13,39.9241,87.595,1.5
150000343,104.85,0,0,-104.85,104.85,343,0,0,0,25,20,27.4534,96.2267,1.5
150000362,96.9336,0,0,-96.9336,96.9336,362,0,0,0,25,5,-42.1254,97.0669,1.5
150000379,111.077,0,0,-111.077,111.077,379,0,0,0,25,2,-4.43721,99.318,1.5
150000416,99.1008,0,0,-99.1008,99.1008,416,0,0,0,25,3,-47.7671,112.634,1.5
150000437,105.373,0,0,-105.373,105.373,437,0,0,0,25,17,54.1088,116.86,1.5
150000440,119.932,0,0,-119.932,119.932,440,0,0,0,25,11,24.6616,127.394,1.5
150000484,98.1833,0,0,-98.1833,98.1833,484,0,0,0,25,8,-44.5968,135.833,1.5
150000496,107.973,0,0,-107.973,107.973,496,0,0,0,25,15,52.7698,137.016,1.5
150000496,108.098,0,0,-108.098,108.098,496,0,0,0,25,18,66.9587,130.608,1.5
150000500,98.6392,0,0,-98.6392,98.6392,500,0,0,0,25,12,-30.8278,144.555,1.5
150000503,99.752,0,0,-99.752,99.752,503,0,0,0,25,14,-56.753,137.436,1.5
150000517,112.506,0,0,-112.506,112.506,517,0,0,0,25,10,-2.12368,142.248,1.5
150893270,99.1008,0,0,-99.1008,99.1008,416,3,-47.7671,112.634,1.5,0,0,0,25
151393091,108.296,0,0,-108.296,108.296,237,9,11.3221,65.9216,1.5,0,0,0,25
154893354,98.6392,0,0,-98.6392,98.6392,500,12,-30.8278,144.555,1.5,0,0,0,25
157393291,105.373,0,0,-105.373,105.373,437,17,54.1088,116.86,1.5,0,0,0,25
159393371,112.506,0,0,-112.506,112.506,517,10,-2.12368,142.248,1.5,0,0,0,25
162393106,90.4945,0,0,-90.4945,90.4945,252,16,21.6154,68.4024,1.5,0,0,0,25
163893063,90.9964,0,0,-90.9964,90.9964,209,7,14.6654,56.0465,1.5,0,0,0,25
164893093,97.261,0,0,-97.261,97.261,239,1,-17.0426,65.5307,1.5,0,0,0,25
165393216,96.9336,0,0,-96.9336,96.9336,362,5,-42.1254,97.0669,1.5,0,0,0,25
166393185,98.3699,0,0,-98.3699,98.3699,331,13,39.9241,87.595,1.5,0,0,0,25
167393338,98.1833,0,0,-98.1833,98.1833,484,8,-44.5968,135.833,1.5,0,0,0,25
168393070,87.6048,0,0,-87.6048,87.6048,216,19,19.1847,57.2895,1.5,0,0,0,25
171893058,88.6126,0,0,-88.6126,88.6126,204,4,-24.6902,51.0225,1.5,0,0,0,25
173393350,108.098,0,0,-108.098,108.098,496,18,66.9587,130.608,1.5,0,0,0,25
175893233,111.077,0,0,-111.077,111.077,379,2,-4.43721,99.318,1.5,0,0,0,25
178393294,119.932,0,0,-119.932,119.932,440,11,24.6616,127.394,1.5,0,0,0,25
180893042,103.78,0,0,-103.78,103.78,188,6,3.47334,50.9689,1.5,0,0,0,25
184893197,104.85,0,0,-104.85,104.85,343,20,27.4534,96.2267,1.5,0,0,0,25
185393357,99.752,0,0,-99.752,99.752,503,14,-56.753,137.436,1.5,0,0,0,25
186393350,107.973,0,0,-107.973,107.973,496,15,52.7698,137.016,1.5,0,0,0,25
200000188,103.78,0,0,-103.78,103.78,188,0,0,0,25,6,3.48185,50.8191,1.5
200000204,88.6126,0,0,-88.6126,88.6126,204,0,0,0,25,4,-24.7719,51.1484,1.5
200000209,90.9964,0,0,-90.9964,90.9964,209,0,0,0,25,7,14.7437,55.9186,1.5
200000216,87.6048,0,0,-87.6048,87.6048,216,0,0,0,25,19,19.2952,57.1881,1.5
200000237,108.296,0,0,-108.296,108.296,237,0,0,0,25,9,11.231,65.8024,1.5
200000239,97.261,0,0,-97.261,97.261,239,0,0,0,25,1,-17.1405,65.417,1.5
200000252,90.4945,0,0,-90.4945,90.4945,252,0,0,0,25,16,21.4898,68.3203,1.5
200000331,98.3699,0,0,-98.3699,98.3699,331,0,0,0,25,13,39.837,87.4728,1.5
200000343,104.85,0,0,-104.85,104.85,343,0,0,0,25,20,27.3192,96.1596,1.5
200000362,96.9336,0,0,-96.9336,96.9336,362,0,0,0,25,5,-42.093,96.9204,1.5
200000379,111.077,0,0,-111.077,111.077,379,0,0,0,25,2,-4.57993,99.3642,1.5
200000416,99.1008,0,0,-99.1008,99.1008,416,0,0,0,25,3,-47.6331,112.567,1.5
200000437,105.373,0,0,-105.373,105.373,437,0,0,0,25,17,54.0654,116.716,1.5
200000440,119.932,0,0,-119.932,119.932,440,0,0,0,25,11,24.6047,127.255,1.5
200000484,98.1833,0,0,-98.1833,98.1833,484,0,0,0,25,8,-44.4658,135.76,1.5
200000496,107.973,0,0,-107.973,107.973,496,0,0,0,25,15,52.7003,136.883,1.5
200000496,108.098,0,0,-108.098,108.098,496,0,0,0,25,18,66.8684,130.489,1.5
200000500,98.6392,0,0,-98.6392,98.6392,500,0,0,0,25,12,-30.8722,144.412,1.5
200000503,99.752,0,0,-99.752,99.752,503,0,0,0,25,14,-56.6777,137.306,1.5
200000517,112.506,0,0,-112.506,112.506,517,0,0,0,25,10,-2.05679,142.114,1.5
230893270,99.1008,0,0,-99.1008,99.1008,416,3,-47.6331,112.567,1.5,0,0,0,25
231393091,108.296,0,0,-108.296,108.296,237,9,11.231,65.8024,1.5,0,0,0,25
234893354,98.6392,0,0,-98.6392,98.6392,500,12,-30.8722,144.412,1.5,0,0,0,25
237393291,105.373,0,0,-105.373,105.373,437,17,54.0654,116.716,1.5,0,0,0,25
239393371,112.506,0,0,-112.506,112.506,517,10,-2.05679,142.114,1.5,0,0,0,25
242393106,90.4945,0,0,-90.4945,90.4945,252,16,21.4898,68.3203,1.5,0,0,0,25
243893063,90.9964,0,0,-90.9964,90.9964,209,7,14.7437,55.9186,1.5,0,0,0,25
244893093,97.261,0,0,-97.261,97.261,239,1,-17.1405,65.417,1.5,0,0,0,25
245393216,96.9336,0,0,-96.9336,96.9336,362,5,-42.093,96.9204,1.5,0,0,0,25
246393185,98.3699,0,0,-98.3699,98.3699,331,13,39.837,87.4728,1.5,0,0,0,25
247393338,98.1833,0,0,-98.1833,98.1833,484,8,-44.4658,135.76,1.5,0,0,0,25
248393070,87.6048,0,0,-87.6048,87.6048,216,19,19.2952,57.1881,1.5,0,0,0,25
250000188,103.78,0,0,-103.78,103.78,188,0,0,0,25,6,3.48185,50.8191,1.5
250000204,88.6126,0,0,-88.6126,88.6126,204,0,0,0,25,4,-24.7719,51.1484,1.5
250000209,90.9964,0,0,-90.9964,90.9964,209,0,0,0,25,7,14.7437,55.9186,1.5
250000216,87.6048,0,0,-87.6048,87.6048,216,0,0,0,25,19,19.2952,57.1881,1.5
250000237,108.296,0,0,-108.296,108.296,237,0,0,0,25,9,11.231,65.8024,1.5
250000239,97.261,0,0,-97.261,97.261,239,0,0,0,25,1,-17.1405,65.417,1.5
250000252,90.4945,0,0,-90.4945,90.4945,252,0,0,0,25,16,21.4898,68.3203,1.5
250000331,98.3699,0,0,-98.3699,98.3699,331,0,0,0,25,13,39.837,87.4728,1.5
250000343,104.85,0,0,-104.85,104.85,343,0,0,0,25,20,27.3192,96.1596,1.5
250000362,96.9336,0,0,-96.9336,96.9336,362,0,0,0,25,5,-42.093,96.9204,1.5
250000379,111.077,0,0,-111.077,111.077,379,0,0,0,25,2,-4.57993,99.3642,1.5
250000416,99.1008,0,0,-99.1008,99.1008,416,0,0,0,25,3,-47.6331,112.567,1.5
250000437,105.373,0,0,-105.373,105.373,437,0,0,0,25,17,54.0654,116.716,1.5
250000440,119.932,0,0,-119.932,119.932,440,0,0,0,25,11,24.6047,127.255,1.5
250000484,98.1833,0,0,-98.1833,98.1833,484,0,0,0,25,8,-44.4658,135.76,1.5
250000496,107.973,0,0,-107.973,107.973,496,0,0,0,25,15,52.7003,136.883,1.5
250000496,108.098,0,0,-108.098,108.098,496,0,0,0,25,18,66.8684,130.489,1.5
250000500,98.6392,0,0,-98.6392,98.6392,500,0,0,0,25,12,-30.8722,144.412,1.5
250000503,99.752,0,0,-99.752,99.752,503,0,0,0,25,14,-56.6777,137.306,1.5
250000517,112.506,0,0,-112.506,112.506,517,0,0,0,25,10,-2.05679,142.114,1.5
251893058,88.6126,0,0,-88.6126,88.6126,204,4,-24.7719,51.1484,1.5,0,0,0,25
253393350,108.098,0,0,-108.098,108.098,496,18,66.8684,130.489,1.5,0,0,0,25
255893233,111.077,0,0,-111.077,111.077,379,2,-4.57993,99.3642,1.5,0,0,0,25
258393294,119.932,0,0,-119.932,119.932,440,11,24.6047,127.255,1.5,0,0,0,25
260893042,103.78,0,0,-103.78,103.78,188,6,3.48185,50.8191,1.5,0,0,0,25
264893197,104.85,0,0,-104.85,104.85,343,20,27.3192,96.1596,1.5,0,0,0,25
265393357,99.752,0,0,-99.752,99.752,503,14,-56.6777,137.306,1.5,0,0,0,25
266393350,107.973,0,0,-107.973,107.973,496,15,52.7003,136.883,1.5,0,0,0,25
300000188,103.78,0,0,-103.78,103.78,188,0,0,0,25,6,3.49037,50.6694,1.5
300000204,88.6126,0,0,-88.6126,88.6126,204,0,0,0,25,4,-24.8535,51.2742,1.5
300000209,90.9964,0,0,-90.9964,90.9964,209,0,0,0,25,7,14.822,55.7907,1.5
300000216,87.6048,0,0,-87.6048,87.6048,216,0,0,0,25,19,19.4057,57.0866,1.5
300000237,108.296,0,0,-108.296,108.296,237,0,0,0,25,9,11.14,65.6832,1.5
300000239,97.261,0,0,-97.261,97.261,239,0,0,0,25,1,-17.2385,65.3034,1.5
300000252,90.4945,0,0,-90.4945,90.4945,252,0,0,0,25,16,21.3643,68.2382,1.5
300000331,98.3699,0,0,-98.3699,98.3699,331,0,0,0,25,13,39.75,87.3507,1.5
300000343,104.85,0,0,-104.85,104.85,343,0,0,0,25,20,27.185,96.0925,1.5
300000362,96.9336,0,0,-96.9336,96.9336,362,0,0,0,25,5,-42.0606,96.774,1.5
300000379,111.077,0,0,-111.077,111.077,379,0,0,0,25,2,-4.72265,99.4103,1.5
300000416,99.1008,0,0,-99.1008,99.1008,416,0,0,0,25,3,-47.4989,112.5,1.5
300000437,105.373,0,0,-105.373,105.373,437,0,0,0,25,17,54.022,116.573,1.5
300000440,119.932,0,0,-119.932,119.932,440,0,0,0,25,11,24.5477,127.116,1.5
300000484,98.1833,0,0,-98.1833,98.1833,484,0,0,0,25,8,-44.3349,135.687,1.5
300000496,107.973,0,0,-107.973,107.973,496,0,0,0,25,15,52.6308,136.75,1.5
300000496,108.098,0,0,-108.098,108.098,496,0,0,0,25,18,66.7781,130.369,1.5
300000500,98.6392,0,0,-98.6392,98.6392,500,0,0,0,25,12,-30.9166,144.269,1.5
300000503,99.752,0,0,-99.752,99.752,503,0,0,0,25,14,-56.6024,137.176,1.5
300000517,112.506,0,0,-112.506,112.506,517,0,0,0,25,10,-2,141.977,1.5
310893270,99.1008,0,0,-99.1008,99.1008,416,3,-47.4989,112.5,1.5,0,0,0,25
311393091,108.296,0,0,-108.296,108.296,237,9,11.14,65.6832,1.5,0,0,0,25
314893354,98.6392,0,0,-98.6392,98.6392,500,12,-30.9166,144.269,1.5,0,0,0,25
317393291,105.373,0,0,-105.373,105.373,437,17,54.022,116.573,1.5,0,0,0,25
319393371,112.506,0,0,-112.506,112.506,517,10,-2,141.977,1.5,0,0,0,25
322393106,90.4945,0,0,-90.4945,90.4945,252,16,21.3643,68.2382,1.5,0,0,0,25
323893063,90.9964,0,0,-90.9964,90.9964,209,7,14.822,55.7907,1.5,0,0,0,25
324893093,97.261,0,0,-97.261,97.261,239,1,-17.2385,65.3034,1.5,0,0,0,25
325393216,96.9336,0,0,-96.9336,96.9336,362,5,-42.0606,96.774,1.5,0,0,0,25
326393185,98.3699,0,0,-98.3699,98.3699,331,13,39.75,87.3507,1.5,0,0,0,25
327393338,98.1833,0,0,-98.1833,98.1833,484,8,-44.3349,135.687,1.5,0,0,0,25
328393070,87.6048,0,0,-87.6048,87.6048,216,19,19.4057,57.0866,1.5,0,0,0,25
331893058,88.6126,0,0,-88.6126,88.6126,204,4,-24.8535,51.2742,1.5,0,0,0,25
333393350,108.098,0,0,-108.098,108.098,496,18,66.7781,130.369,1.5,0,0,0,25
335893233,111.077,0,0,-111.077,111.077,379,2,-4.72265,99.4103,1.5,0,0,0,25
338393294,119.932,0,0,-119.932,119.932,440,11,24.5477,127.116,1.5,0,0,0,25
340893042,103.78,0,0,-103.78,103.78,188,6,3.49037,50.6694,1.5,0,0,0,25
344893197,104.85,0,0,-104.85,104.85,343,20,27.185,96.0925,1.5,0,0,0,25
345393357,99.752,0,0,-99.752,99.752,503,14,-56.6024,137.176,1.5,0,0,0,25
346393350,107.973,0,0,-107.973,107.973,496,15,52.6308,136.75,1.5,0,0,0,25
350000188,103.78,0,0,-103.78,103.78,188,0,0,0,25,6,3.49037,50.6694,1.5
350000204,88.6126,0,0,-88.6126,88.6126,204,0,0,0,25,4,-24.8535,51.2742,1.5
350000209,90.9964,0,0,-90.9964,90.9964,209,0,0,0,25,7,14.822,55.7907,1.5
350000216,87.6048,0,0,-87.6048,87.6048,216,0,0,0,25,19,19.4057,57.0866,1.5
350000237,108.296,0,0,-108.296,108.296,237,0,0,0,25,9,11.14,65.6832,1.5
350000239,97.261,0,0,-97.261,97.261,239,0,0,0,25,1,-17.2385,65.3034,1.5
350000252,90.4945,0,0,-90.4945,90.4945,252,0,0,0,25,16,21.3643,68.2382,1.5
350000331,98.3699,0,0,-98.3699,98.3699,331,0,0,0,25,13,39.75,87.3507,1.5
350000343,104.85,0,0,-104.85,104.85,343,0,0,0,25,20,27.185,96.0925,1.5
350000362,96.9336,0,0,-96.9336,96.9336,362,0,0,0,25,5,-42.0606,96.774,1.5
350000379,111.077,0,0,-111.077,111.077,379,0,0,0,25,2,-4.72265,99.4103,1.5
350000416,99.1008,0,0,-99.1008,99.1008,416,0,0,0,25,3,-47.4989,112.5,1.5
350000437,105.373,0,0,-105.373,105.373,437,0,0,0,25,17,54.022,116.573,1.5
350000440,119.932,0,0,-119.932,119.932,440,0,0,0,25,11,24.5477,127.116,1.5
350000484,98.1833,0,0,-98.1833,98.1833,484,0,0,0,25,8,-44.3349,135.687,1.5
350000496,107.973,0,0,-107.973,107.973,496,0,0,0,25,15,52.6308,136.75,1.5
350000496,108.098,0,0,-108.098,108.098,496,0,0,0,25,18,66.7781,130.369,1.5
350000500,98.6392,0,0,-98.6392,98.6392,500,0,0,0,25,12,-30.9166,144.269,1.5
350000503,99.752,0,0,-99.752,99.752,503,0,0,0,25,14,-56.6024,137.176,1.5
350000517,112.506,0,0,-112.506,112.506,517,0,0,0,25,10,-2,141.977,1.5
390893270,99.1008,0,0,-99.1008,99.1008,416,3,-47.4989,112.5,1.5,0,0,0,25
391393091,108.296,0,0,-108.296,108.296,237,9,11.14,65.6832,1.5,0,0,0,25
394893354,98.6392,0,0,-98.6392,98.6392,500,12,-30.9166,144.269,1.5,0,0,0,25
397393291,105.373,0,0,-105.373,105.373,437,17,54.022,116.573,1.5,0,0,0,25
399393371,112.506,0,0,-112.506,112.506,517,10,-2,141.977,1.5,0,0,0,25
400000188,103.78,0,0,-103.78,103.78,188,0,0,0,25,6,3.49889,50.5196,1.5
400000204,88.6126,0,0,-88.6126,88.6126,204,0,0,0,25,4,-24.9352,51.4001,1.5
400000209,90.9964,0,0,-90.9964,90.9964,209,0,0,0,25,7,14.9004,55.6627,1.5
400000216,87.6048,0,0,-87.6048,87.6048,216,0,0,0,25,19,19.5155,56.9845,1.5
400000237,108.296,0,0,-108.296,108.296,237,0,0,0,25,9,11.0489,65.564,1.5
400000239,97.261,0,0,-97.261,97.261,239,0,0,0,25,1,-17.3364,65.1898,1.5
400000252,90.4945,0,0,-90.4945,90.4945,252,0,0,0,25,16,21.2387,68.1561,1.5
400000331,98.3699,0,0,-98.3699,98.3699,331,0,0,0,25,13,39.6629,87.2285,1.5
400000343,104.85,0,0,-104.85,104.85,343,0,0,0,25,20,27.0509,96.0254,1.5
400000362,96.9336,0,0,-96.9336,96.9336,362,0,0,0,25,5,-42.0282,96.6275,1.5
400000379,111.077,0,0,-111.077,111.077,379,0,0,0,25,2,-4.86537,99.4565,1.5
400000416,99.1008,0,0,-99.1008,99.1008,416,0,0,0,25,3,-47.3489,112.5,1.5
400000437,105.373,0,0,-105.373,105.373,437,0,0,0,25,17,54,116.426,1.5
400000440,119.932,0,0,-119.932,119.932,440,0,0,0,25,11,24.5,126.976,1.5
400000484,98.1833,0,0,-98.1833,98.1833,484,0,0,0,25,8,-44.2039,135.614,1.5
400000496,107.973,0,0,-107.973,107.973,496,0,0,0,25,15,52.5612,136.617,1.5
400000496,108.098,0,0,-108.098,108.098,496,0,0,0,25,18,66.6878,130.249,1.5
400000500,98.6392,0,0,-98.6392,98.6392,500,0,0,0,25,12,-30.9611,144.126,1.5
400000503,99.752,0,0,-99.752,99.752,503,0,0,0,25,14,-56.5271,137.047,1.5
400000517,112.506,0,0,-112.506,112.506,517,0,0,0,25,10,-2,141.827,1.5
402393106,90.4945,0,0,-90.4945,90.4945,252,16,21.2387,68.1561,1.5,0,0,0,25
403893063,90.9964,0,0,-90.9964,90.9964,209,7,14.9004,55.6627,1.5,0,0,0,25
404893093,97.261,0,0,-97.261,97.261,239,1,-17.3364,65.1898,1.5,0,0,0,25
405393216,96.9336,0,0,-96.9336,96.9336,362,5,-42.0282,96.6275,1.5,0,0,0,25
406393185,98.3699,0,0,-98.3699,98.3699,331,13,39.6629,87.2285,1.5,0,0,0,25
407393338,98.1833,0,0,-98.1833,98.1833,484,8,-44.2039,135.614,1.5,0,0,0,25
408393070,87.6048,0,0,-87.6048,87.6048,216,19,19.5155,56.9845,1.5,0,0,0,25
411893058,88.6126,0,0,-88.6126,88.6126,204,4,-24.9352,51.4001,1.5,0,0,0,25
413393350,108.098,0,0,-108.098,108.098,496,18,66.6878,130.249,1.5,0,0,0,25
415893233,111.077,0,0,-111.077,111.077,379,2,-4.86537,99.4565,1.5,0,0,0,25
418393294,119.932,0,0,-119.932,119.932,440,11,24.5,126.976,1.5,0,0,0,25
420893042,103.78,0,0,-103.78,103.78,188,6,3.49889,50.5196,1.5,0,0,0,25
424893197,104.85,0,0,-104.85,104.85,343,20,27.0509,96.0254,1.5,0,0,0,25
425393357,99.752,0,0,-99.752,99.752,503,14,-56.5271,137.047,1.5,0,0,0,25
426393350,107.973,0,0,-107.973,107.973,496,15,52.5612,136.617,1.5,0,0,0,25
450000188,103.78,0,0,-103.78,103.78,188,0,0,0,25,6,3.49889,50.5196,1.5
450000204,88.6126,0,0,-88.6126,88.6126,204,0,0,0,25,4,-24.9352,51.4001,1.5
450000209,90.9964,0,0,-90.9964,90.9964,209,0,0,0,25,7,14.9004,55.6627,1.5
450000216,87.6048,0,0,-87.6048,87.6048,216,0,0,0,25,19,19.5155,56.9845,1.5
450000237,108.296,0,0,-108.296,108.296,237,0,0,0,25,9,11.0489,65.564,1.5
450000239,97.261,0,0,-97.261,97.261,239,0,0,0,25,1,-17.3364,65.1898,1.5
450000252,90.4945,0,0,-90.4945,90.4945,252,0,0,0,25,16,21.2387,68.1561,1.5
450000331,98.3699,0,0,-98.3699,98.3699,331,0,0,0,25,13,39.6629,87.2285,1.5
450000343,104.85,0,0,-104.85,104.85,343,0,0,0,25,20,27.0509,96.0254,1.5
450000362,96.9336,0,0,-96.9336,96.9336,362,0,0,0,25,5,-42.0282,96.6275,1.5
450000379,111.077,0,0,-111.077,111.077,379,0,0,0,25,2,-4.86537,99.4565,1.5
450000416,99.1008,0,0,-99.1008,99.1008,416,0,0,0,25,3,-47.3489,112.5,1.5
450000437,105.373,0,0,-105.373,105.373,437,0,0,0,25,17,54,116.426,1.5
450000440,119.932,0,0,-119.932,119.932,440,0,0,0,25,11,24.5,126.976,1.5
450000484,98.1833,0,0,-98.1833,98.1833,484,0,0,0,25,8,-44.2039,135.614,1.5
450000496,107.973,0,0,-107.973,107.973,496,0,0,0,25,15,52.5612,136.617,1.5
450000496,108.098,0,0,-108.098,108.098,496,0,0,0,25,18,66.6878,130.249,1.5
450000500,98.6392,0,0,-98.6392,98.6392,500,0,0,0,25,12,-30.9611,144.126,1.5
450000503,99.752,0,0,-99.752,99.752,503,0,0,0,25,14,-56.5271,137.047,1.5
450000517,112.506,0,0,-112.506,112.506,517,0,0,0,25,10,-2,141.827,1.5
470893270,99.1008,0,0,-99.1008,99.1008,416,3,-47.3489,112.5,1.5,0,0,0,25
471393091,108.296,0,0,-108.296,108.296,237,9,11.0489,65.564,1.5,0,0,0,25
474893354,98.6392,0,0,-98.6392,98.6392,500,12,-30.9611,144.126,1.5,0,0,0,25
477393291,105.373,0,0,-105.373,105.373,437,17,54,116.426,1.5,0,0,0,25
479393371,112.506,0,0,-112.506,112.506,517,10,-2,141.827,1.5,0,0,0,25
482393106,90.4945,0,0,-90.4945,90.4945,252,16,21.2387,68.1561,1.5,0,0,0,25
483893063,90.9964,0,0,-90.9964,90.9964,209,7,14.9004,55.6627,1.5,0,0,0,25
484893093,97.261,0,0,-97.261,97.261,239,1,-17.3364,65.1898,1.5,0,0,0,25
485393216,96.9336,0,0,-96.9336,96.9336,362,5,-42.0282,96.6275,1.5,0,0,0,25
486393185,98.3699,0,0,-98.3699,98.3699,331,13,39.6629,87.2285,1.5,0,0,0,25
487393338,98.1833,0,0,-98.1833,98.1833,484,8,-44.2039,135.614,1.5,0,0,0,25
488393070,87.6048,0,0,-87.6048,87.6048,216,19,19.5155,56.9845,1.5,0,0,0,25
491893058,88.6126,0,0,-88.6126,88.6126,204,4,-24.9352,51.4001,1.5,0,0,0,25
493393350,108.098,0,0,-108.098,108.098,496,18,66.6878,130.249,1.5,0,0,0,25
495893233,111.077,0,0,-111.077,111.077,379,2,-4.86537,99.4565,1.5,0,0,0,25
498393294,119.932,0,0,-119.932,119.932,440,11,24.5,126.976,1.5,0,0,0,25
500000188,103.78,0,0,-103.78,103.78,188,0,0,0,25,6,3.5,50.3696,1.5
500000204,88.6126,0,0,-88.6126,88.6126,204,0,0,0,25,4,-25.0218,51.5218,1.5
500000209,90.9964,0,0,-90.9964,90.9964,209,0,0,0,25,7,14.9787,55.5348,1.5
500000216,87.6048,0,0,-87.6048,87.6048,216,0,0,0,25,19,19.6216,56.8784,1.5
500000237,108.296,0,0,-108.296,108.296,237,0,0,0,25,9,10.9509,65.4509,1.5
500000239,97.261,0,0,-97.261,97.261,239,0,0,0,25,1,-17.4343,65.0762,1.5
500000252,90.4945,0,0,-90.4945,90.4945,252,0,0,0,25,16,21.1132,68.074,1.5
500000331,98.3699,0,0,-98.3699,98.3699,331,0,0,0,25,13,39.5758,87.1064,1.5
500000343,104.85,0,0,-104.85,104.85,343,0,0,0,25,20,26.9342,95.9342,1.5
500000362,96.9336,0,0,-96.9336,96.9336,362,0,0,0,25,5,-42,96.4806,1.5
500000379,111.077,0,0,-111.077,111.077,379,0,0,0,25,2,-5.00851,99.5,1.5
500000416,99.1008,0,0,-99.1008,99.1008,416,0,0,0,25,3,-47.1989,112.5,1.5
500000437,105.373,0,0,-105.373,105.373,437,0,0,0,25,17,54,116.276,1.5
500000440,119.932,0,0,-119.932,119.932,440,0,0,0,25,11,24.5,126.826,1.5
500000484,98.1833,0,0,-98.1833,98.1833,484,0,0,0,25,8,-44.0729,135.541,1.5
500000496,107.973,0,0,-107.973,107.973,496,0,0,0,25,15,52.4873,136.487,1.5
500000496,108.098,0,0,-108.098,108.098,496,0,0,0,25,18,66.5975,130.129,1.5
500000500,98.6392,0,0,-98.6392,98.6392,500,0,0,0,25,12,-31,143.982,1.5
500000503,99.752,0,0,-99.752,99.752,503,0,0,0,25,14,-56.4321,136.932,1.5
500000517,112.506,0,0,-112.506,112.506,517,0,0,0,25,10,-2,141.677,1.5
500893042,103.78,0,0,-103.78,103.78,188,6,3.5,50.3696,1.5,0,0,0,25
504893197,104.85,0,0,-104.85,104.85,343,20,26.9342,95.9342,1.5,0,0,0,25
505393357,99.752,0,0,-99.752,99.752,503,14,-56.4321,136.932,1.5,0,0,0,25
506393350,107.973,0,0,-107.973,107.973,496,15,52.4873,136.487,1.5,0,0,0,25
534928807,97.261,0,0,-97.261,97.261,239,1,-17.4343,65.0762,1.5,0,0,0,25
545928947,111.077,0,0,-111.077,111.077,379,2,-5.00851,99.5,1.5,0,0,0,25
550000188,103.78,0,0,-103.78,103.78,188,0,0,0,25,6,3.5,50.3696,1.5
550000204,88.6126,0,0,-88.6126,88.6126,204,0,0,0,25,4,-25.0218,51.5218,1.5
550000209,90.9964,0,0,-90.9964,90.9964,209,0,0,0,25,7,14.9787,55.5348,1.5
550000216,87.6048,0,0,-87.6048,87.6048,216,0,0,0,25,19,19.6216,56.8784,1.5
550000237,108.296,0,0,-108.296,108.296,237,0,0,0,25,9,10.9509,65.4509,1.5
550000239,97.261,0,0,-97.261,97.261,239,0,0,0,25,1,-17.4343,65.0762,1.5
550000252,90.4945,0,0,-90.4945,90.4945,252,0,0,0,25,16,21.1132,68.074,1.5
550000331,98.3699,0,0,-98.3699,98.3699,331,0,0,0,25,13,39.5758,87.1064,1.5
550000343,104.85,0,0,-104.85,104.85,343,0,0,0,25,20,26.9342,95.9342,1.5
550000362,96.9336,0,0,-96.9336,96.9336,362,0,0,0,25,5,-42,96.4806,1.5
550000379,111.077,0,0,-111.077,111.077,379,0,0,0,25,2,-5.00851,99.5,1.5
550000416,99.1008,0,0,-99.1008,99.1008,416,0,0,0,25,3,-47.1989,112.5,1.5
550000437,105.373,0,0,-105.373,105.373,437,0,0,0,25,17,54,116.276,1.5
550000440,119.932,0,0,-119.932,119.932,440,0,0,0,25,11,24.5,126.826,1.5
550000484,98.1833,0,0,-98.1833,98.1833,484,0,0,0,25,8,-44.0729,135.541,1.5
550000496,107.973,0,0,-107.973,107.973,496,0,0,0,25,15,52.4873,136.487,1.5
550000496,108.098,0,0,-108.098,108.098,496,0,0,0,25,18,66.5975,130.129,1.5
550000500,98.6392,0,0,-98.6392,98.6392,500,0,0,0,25,12,-31,143.982,1.5
550000503,99.752,0,0,-99.752,99.752,503,0,0,0,25,14,-56.4321,136.932,1.5
550000517,112.506,0,0,-112.506,112.506,517,0,0,0,25,10,-2,141.677,1.5
550893270,99.1008,0,0,-99.1008,99.1008,416,3,-47.1989,112.5,1.5,0,0,0,25
551393091,108.296,0,0,-108.296,108.296,237,9,10.9509,65.4509,1.5,0,0,0,25
554893354,98.6392,0,0,-98.6392,98.6392,500,12,-31,143.982,1.5,0,0,0,25
557393291,105.373,0,0,-105.373,105.373,437,17,54,116.276,1.5,0,0,0,25
559393371,112.506,0,0,-112.506,112.506,517,10,-2,141.677,1.5,0,0,0,25
562393106,90.4945,0,0,-90.4945,90.4945,252,16,21.1132,68.074,1.5,0,0,0,25
563893063,90.9964,0,0,-90.9964,90.9964,209,7,14.9787,55.5348,1.5,0,0,0,25
565393216,96.9336,0,0,-96.9336,96.9336,362,5,-42,96.4806,1.5,0,0,0,25
566393185,98.3699,0,0,-98.3699,98.3699,331,13,39.5758,87.1064,1.5,0,0,0,25
567393338,98.1833,0,0,-98.1833,98.1833,484,8,-44.0729,135.541,1.5,0,0,0,25
568393070,87.6048,0,0,-87.6048,87.6048,216,19,19.6216,56.8784,1.5,0,0,0,25
571893058,88.6126,0,0,-88.6126,88.6126,204,4,-25.0218,51.5218,1.5,0,0,0,25
573393350,108.098,0,0,-108.098,108.098,496,18,66.5975,130.129,1.5,0,0,0,25
578393294,119.932,0,0,-119.932,119.932,440,11,24.5,126.826,1.5,0,0,0,25
580893042,103.78,0,0,-103.78,103.78,188,6,3.5,50.3696,1.5,0,0,0,25
584893197,104.85,0,0,-104.85,104.85,343,20,26.9342,95.9342,1.5,0,0,0,25
584928807,97.261,0,0,-97.261,97.261,239,1,-17.4343,65.0762,1.5,0,0,0,25
585393357,99.752,0,0,-99.752,99.752,503,14,-56.4321,136.932,1.5,0,0,0,25
586393350,107.973,0,0,-107.973,107.973,496,15,52.4873,136.487,1.5,0,0,0,25
595928947,111.077,0,0,-111.077,111.077,379,2,-5.00851,99.5,1.5,0,0,0,25
600000188,103.78,0,0,-103.78,103.78,188,0,0,0,25,6,3.5,50.2196,1.5
600000204,88.6126,0,0,-88.6126,88.6126,204,0,0,0,25,4,-25.1279,51.6279,1.5
600000209,90.9964,0,0,-90.9964,90.9964,209,0,0,0,25,7,15.0772,55.4228,1.5
600000216,87.6048,0,0,-87.6048,87.6048,216,0,0,0,25,19,19.7276,56.7724,1.5
600000237,108.296,0,0,-108.296,108.296,237,0,0,0,25,9,10.8448,65.3448,1.5
600000239,97.261,0,0,-97.261,97.261,239,0,0,0,25,1,-17.535,64.965,1.5
600000252,90.4945,0,0,-90.4945,90.4945,252,0,0,0,25,16,20.9896,67.9896,1.5
600000331,98.3699,0,0,-98.3699,98.3699,331,0,0,0,25,13,39.4863,86.9863,1.5
600000343,104.85,0,0,-104.85,104.85,343,0,0,0,25,20,26.8281,95.8281,1.5
600000362,96.9336,0,0,-96.9336,96.9336,362,0,0,0,25,5,-42,96.3306,1.5
600000379,111.077,0,0,-111.077,111.077,379,0,0,0,25,2,-5.15851,99.5,1.5
600000416,99.1008,0,0,-99.1008,99.1008,416,0,0,0,25,3,-47.0489,112.5,1.5
600000437,105.373,0,0,-105.373,105.373,437,0,0,0,25,17,54,116.126,1.5
600000440,119.932,0,0,-119.932,119.932,440,0,0,0,25,11,24.5,126.676,1.5
600000484,98.1833,0,0,-98.1833,98.1833,484,0,0,0,25,8,-44,135.434,1.5
600000496,107.973,0,0,-107.973,107.973,496,0,0,0,25,15,52.3813,136.381,1.5
600000496,108.098,0,0,-108.098,108.098,496,0,0,0,25,18,66.5072,130.01,1.5
600000500,98.6392,0,0,-98.6392,98.6392,500,0,0,0,25,12,-31,143.832,1.5
600000503,99.752,0,0,-99.752,99.752,503,0,0,0,25,14,-56.326,136.826,1.5
600000517,112.506,0,0,-112.506,112.506,517,0,0,0,25,10,-2,141.527,1.5
600928984,99.1008,0,0,-99.1008,99.1008,416,3,-47.0489,112.5,1.5,0,0,0,25
615428930,96.9336,0,0,-96.9336,96.9336,362,5,-42,96.3306,1.5,0,0,0,25
621928772,88.6126,0,0,-88.6126,88.6126,204,4,-25.1279,51.6279,1.5,0,0,0,25
630928756,103.78,0,0,-103.78,103.78,188,6,3.5,50.2196,1.5,0,0,0,25
631393091,108.296,0,0,-108.296,108.296,237,9,10.8448,65.3448,1.5,0,0,0,25
634893354,98.6392,0,0,-98.6392,98.6392,500,12,-31,143.832,1.5,0,0,0,25
634928807,97.261,0,0,-97.261,97.261,239,1,-17.535,64.965,1.5,0,0,0,25
637393291,105.373,0,0,-105.373,105.373,437,17,54,116.126,1.5,0,0,0,25
639393371,112.506,0,0,-112.506,112.506,517,10,-2,141.527,1.5,0,0,0,25
640928777,90.9964,0,0,-90.9964,90.9964,209,7,15.0772,55.4228,1.5,0,0,0,25
642393106,90.4945,0,0,-90.4945,90.4945,252,16,20.9896,67.9896,1.5,0,0,0,25
645928947,111.077,0,0,-111.077,111.077,379,2,-5.15851,99.5,1.5,0,0,0,25
646393185,98.3699,0,0,-98.3699,98.3699,331,13,39.4863,86.9863,1.5,0,0,0,25
647393338,98.1833,0,0,-98.1833,98.1833,484,8,-44,135.434,1.5,0,0,0,25
648393070,87.6048,0,0,-87.6048,87.6048,216,19,19.7276,56.7724,1.5,0,0,0,25
650000188,103.78,0,0,-103.78,103.78,188,0,0,0,25,6,3.5,50.2196,1.5
650000204,88.6126,0,0,-88.6126,88.6126,204,0,0,0,25,4,-25.1279,51.6279,1.5
650000209,90.9964,0,0,-90.9964,90.9964,209,0,0,0,25,7,15.0772,55.4228,1.5
650000216,87.6048,0,0,-87.6048,87.6048,216,0,0,0,25,19,19.7276,56.7724,1.5
650000237,108.296,0,0,-108.296,108.296,237,0,0,0,25,9,10.8448,65.3448,1.5
650000239,97.261,0,0,-97.261,97.261,239,0,0,0,25,1,-17.535,64.965,1.5
650000252,90.4945,0,0,-90.4945,90.4945,252,0,0,0,25,16,20.9896,67.9896,1.5
650000331,98.3699,0,0,-98.3699,98.3699,331,0,0,0,25,13,39.4863,86.9863,1.5
650000343,104.85,0,0,-104.85,104.85,343,0,0,0,25,20,26.8281,95.8281,1.5
650000362,96.9336,0,0,-96.9336,96.9336,362,0,0,0,25,5,-42,96.3306,1.5
650000379,111.077,0,0,-111.077,111.077,379,0,0,0,25,2,-5.15851,99.5,1.5
650000416,99.1008,0,0,-99.1008,99.1008,416,0,0,0,25,3,-47.0489,112.5,1.5
650000437,105.373,0,0,-105.373,105.373,437,0,0,0,25,17,54,116.126,1.5
650000440,119.932,0,0,-119.932,119.932,440,0,0,0,25,11,24.5,126.676,1.5
650000484,98.1833,0,0,-98.1833,98.1833,484,0,0,0,25,8,-44,135.434,1.5
650000496,107.973,0,0,-107.973,107.973,496,0,0,0,25,15,52.3813,136.381,1.5
650000496,108.098,0,0,-108.098,108.098,496,0,0,0,25,18,66.5072,130.01,1.5
650000500,98.6392,0,0,-98.6392,98.6392,500,0,0,0,25,12,-31,143.832,1.5
650000503,99.752,0,0,-99.752,99.752,503,0,0,0,25,14,-56.326,136.826,1.5
650000517,112.506,0,0,-112.506,112.506,517,0,0,0,25,10,-2,141.527,1.5
651428984,99.1008,0,0,-99.1008,99.1008,416,3,-47.0489,112.5,1.5,0,0,0,25
653393350,108.098,0,0,-108.098,108.098,496,18,66.5072,130.01,1.5,0,0,0,25
658393294,119.932,0,0,-119.932,119.932,440,11,24.5,126.676,1.5,0,0,0,25
664893197,104.85,0,0,-104.85,104.85,343,20,26.8281,95.8281,1.5,0,0,0,25
665393357,99.752,0,0,-99.752,99.752,503,14,-56.326,136.826,1.5,0,0,0,25
665428930,96.9336,0,0,-96.9336,96.9336,362,5,-42,96.3306,1.5,0,0,0,25
666393350,107.973,0,0,-107.973,107.973,496,15,52.3813,136.381,1.5,0,0,0,25
672428772,88.6126,0,0,-88.6126,88.6126,204,4,-25.1279,51.6279,1.5,0,0,0,25
681428756,103.78,0,0,-103.78,103.78,188,6,3.5,50.2196,1.5,0,0,0,25
682928805,108.296,0,0,-108.296,108.296,237,9,10.8448,65.3448,1.5,0,0,0,25
685428807,97.261,0,0,-97.261,97.261,239,1,-17.535,64.965,1.5,0,0,0,25
690928777,90.9964,0,0,-90.9964,90.9964,209,7,15.0772,55.4228,1.5,0,0,0,25
696428947,111.077,0,0,-111.077,111.077,379,2,-5.15851,99.5,1.5,0,0,0,25
697429052,98.1833,0,0,-98.1833,98.1833,484,8,-44,135.434,1.5,0,0,0,25
700000188,103.78,0,0,-103.78,103.78,188,0,0,0,25,6,3.5,50.0696,1.5
700000204,88.6126,0,0,-88.6126,88.6126,204,0,0,0,25,4,-25.234,51.734,1.5
700000209,90.9964,0,0,-90.9964,90.9964,209,0,0,0,25,7,15.1833,55.3167,1.5
700000216,87.6048,0,0,-87.6048,87.6048,216,0,0,0,25,19,19.8337,56.6663,1.5
700000237,108.296,0,0,-108.296,108.296,237,0,0,0,25,9,10.7388,65.2388,1.5
700000239,97.261,0,0,-97.261,97.261,239,0,0,0,25,1,-17.641,64.859,1.5
700000252,90.4945,0,0,-90.4945,90.4945,252,0,0,0,25,16,20.8835,67.8835,1.5
700000331,98.3699,0,0,-98.3699,98.3699,331,0,0,0,25,13,39.3803,86.8803,1.5
700000343,104.85,0,0,-104.85,104.85,343,0,0,0,25,20,26.722,95.722,1.5
700000362,96.9336,0,0,-96.9336,96.9336,362,0,0,0,25,5,-42,96.1806,1.5
700000379,111.077,0,0,-111.077,111.077,379,0,0,0,25,2,-5.30851,99.5,1.5
700000416,99.1008,0,0,-99.1008,99.1008,416,0,0,0,25,3,-46.8989,112.5,1.5
700000437,105.373,0,0,-105.373,105.373,437,0,0,0,25,17,54,115.976,1.5
700000440,119.932,0,0,-119.932,119.932,440,0,0,0,25,11,24.5,126.526,1.5
700000484,98.1833,0,0,-98.1833,98.1833,484,0,0,0,25,8,-44,135.284,1.5
700000496,107.973,0,0,-107.973,107.973,496,0,0,0,25,15,52.2752,136.275,1.5
700000496,108.098,0,0,-108.098,108.098,496,0,0,0,25,18,66.4024,129.902,1.5
700000500,98.6392,0,0,-98.6392,98.6392,500,0,0,0,25,12,-31,143.682,1.5
700000503,99.752,0,0,-99.752,99.752,503,0,0,0,25,14,-56.22,136.72,1.5
700000517,112.506,0,0,-112.506,112.506,517,0,0,0,25,10,-2,141.377,1.5
701428984,99.1008,0,0,-99.1008,99.1008,416,3,-46.8989,112.5,1.5,0,0,0,25
703929085,112.506,0,0,-112.506,112.506,517,10,-2,141.377,1.5,0,0,0,25
714893354,98.6392,0,0,-98.6392,98.6392,500,12,-31,143.682,1.5,0,0,0,25
715428930,96.9336,0,0,-96.9336,96.9336,362,5,-42,96.1806,1.5,0,0,0,25
717393291,105.373,0,0,-105.373,105.373,437,17,54,115.976,1.5,0,0,0,25
722393106,90.4945,0,0,-90.4945,90.4945,252,16,20.8835,67.8835,1.5,0,0,0,25
722928772,88.6126,0,0,-88.6126,88.6126,204,4,-25.234,51.734,1.5,0,0,0,25
724929008,119.932,0,0,-119.932,119.932,440,11,24.5,126.526,1.5,0,0,0,25
726393185,98.3699,0,0,-98.3699,98.3699,331,13,39.3803,86.8803,1.5,0,0,0,25
728393070,87.6048,0,0,-87.6048,87.6048,216,19,19.8337,56.6663,1.5,0,0,0,25
731928756,103.78,0,0,-103.78,103.78,188,6,3.5,50.0696,1.5,0,0,0,25
732928805,108.296,0,0,-108.296,108.296,237,9,10.7388,65.2388,1.5,0,0,0,25
733393350,108.098,0,0,-108.098,108.098,496,18,66.4024,129.902,1.5,0,0,0,25
735928807,97.261,0,0,-97.261,97.261,239,1,-17.641,64.859,1.5,0,0,0,25
741428777,90.9964,0,0,-90.9964,90.9964,209,7,15.1833,55.3167,1.5,0,0,0,25
744893197,104.85,0,0,-104.85,104.85,343,20,26.722,95.722,1.5,0,0,0,25
745393357,99.752,0,0,-99.752,99.752,503,14,-56.22,136.72,1.5,0,0,0,25
746393350,107.973,0,0,-107.973,107.973,496,15,52.2752,136.275,1.5,0,0,0,25
747928947,111.077,0,0,-111.077,111.077,379,2,-5.30851,99.5,1.5,0,0,0,25
747929052,98.1833,0,0,-98.1833,98.1833,484,8,-44,135.284,1.5,0,0,0,25
750000188,103.78,0,0,-103.78,103.78,188,0,0,0,25,6,3.5,50.0696,1.5
750000204,88.6126,0,0,-88.6126,88.6126,204,0,0,0,25,4,-25.234,51.734,1.5
750000209,90.9964,0,0,-90.9964,90.9964,209,0,0,0,25,7,15.1833,55.3167,1.5
750000216,87.6048,0,0,-87.6048,87.6048,216,0,0,0,25,19,19.8337,56.6663,1.5
750000237,108.296,0,0,-108.296,108.296,237,0,0,0,25,9,10.7388,65.2388,1.5
750000239,97.261,0,0,-97.261,97.261,239,0,0,0,25,1,-17.641,64.859,1.5
750000252,90.4945,0,0,-90.4945,90.4945,252,0,0,0,25,16,20.8835,67.8835,1.5
750000331,98.3699,0,0,-98.3699,98.3699,331,0,0,0,25,13,39.3803,86.8803,1.5
750000343,104.85,0,0,-104.85,104.85,343,0,0,0,25,20,26.722,95.722,1.5
750000362,96.9336,0,0,-96.9336,96.9336,362,0,0,0,25,5,-42,96.1806,1.5
750000379,111.077,0,0,-111.077,111.077,379,0,0,0,25,2,-5.30851,99.5,1.5
750000416,99.1008,0,0,-99.1008,99.1008,416,0,0,0,25,3,-46.8989,112.5,1.5
750000437,105.373,0,0,-105.373,105.373,437,0,0,0,25,17,54,115.976,1.5
750000440,119.932,0,0,-119.932,119.932,440,0,0,0,25,11,24.5,126.526,1.5
750000484,98.1833,0,0,-98.1833,98.1833,484,0,0,0,25,8,-44,135.284,1.5
750000496,107.973,0,0,-107.973,107.973,496,0,0,0,25,15,52.2752,136.275,1.5
750000496,108.098,0,0,-108.098,108.098,496,0,0,0,25,18,66.4024,129.902,1.5
750000500,98.6392,0,0,-98.6392,98.6392,500,0,0,0,25,12,-31,143.682,1.5
750000503,99.752,0,0,-99.752,99.752,503,0,0,0,25,14,-56.22,136.72,1.5
750000517,112.506,0,0,-112.506,112.506,517,0,0,0,25,10,-2,141.377,1.5
751928984,99.1008,0,0,-99.1008,99.1008,416,3,-46.8989,112.5,1.5,0,0,0,25
753929085,112.506,0,0,-112.506,112.506,517,10,-2,141.377,1.5,0,0,0,25
764929068,98.6392,0,0,-98.6392,98.6392,500,12,-31,143.682,1.5,0,0,0,25
765928930,96.9336,0,0,-96.9336,96.9336,362,5,-42,96.1806,1.5,0,0,0,25
772928772,88.6126,0,0,-88.6126,88.6126,204,4,-25.234,51.734,1.5,0,0,0,25
774929008,119.932,0,0,-119.932,119.932,440,11,24.5,126.526,1.5,0,0,0,25
781928756,103.78,0,0,-103.78,103.78,188,6,3.5,50.0696,1.5,0,0,0,25
783428805,108.296,0,0,-108.296,108.296,237,9,10.7388,65.2388,1.5,0,0,0,25
785428899,98.3699,0,0,-98.3699,98.3699,331,13,39.3803,86.8803,1.5,0,0,0,25
786428807,97.261,0,0,-97.261,97.261,239,1,-17.641,64.859,1.5,0,0,0,25
791428777,90.9964,0,0,-90.9964,90.9964,209,7,15.1833,55.3167,1.5,0,0,0,25
796929071,99.752,0,0,-99.752,99.752,503,14,-56.22,136.72,1.5,0,0,0,25
797393291,105.373,0,0,-105.373,105.373,437,17,54,115.976,1.5,0,0,0,25
797928947,111.077,0,0,-111.077,111.077,379,2,-5.30851,99.5,1.5,0,0,0,25
798429052,98.1833,0,0,-98.1833,98.1833,484,8,-44,135.284,1.5,0,0,0,25
800000188,103.78,0,0,-103.78,103.78,188,0,0,0,25,6,3.5,49.9196,1.5
800000204,88.6126,0,0,-88.6126,88.6126,204,0,0,0,25,4,-25.34,51.84,1.5
800000209,90.9964,0,0,-90.9964,90.9964,209,0,0,0,25,7,15.2893,55.2107,1.5
800000216,87.6048,0,0,-87.6048,87.6048,216,0,0,0,25,19,19.9398,56.5602,1.5
800000237,108.296,0,0,-108.296,108.296,237,0,0,0,25,9,10.6327,65.1327,1.5
800000239,97.261,0,0,-97.261,97.261,239,0,0,0,25,1,-17.7471,64.7529,1.5
800000252,90.4945,0,0,-90.4945,90.4945,252,0,0,0,25,16,20.7774,67.7774,1.5
800000331,98.3699,0,0,-98.3699,98.3699,331,0,0,0,25,13,39.2742,86.7742,1.5
800000343,104.85,0,0,-104.85,104.85,343,0,0,0,25,20,26.616,95.616,1.5
800000362,96.9336,0,0,-96.9336,96.9336,362,0,0,0,25,5,-42,96.0306,1.5
800000379,111.077,0,0,-111.077,111.077,379,0,0,0,25,2,-5.45851,99.5,1.5
800000416,99.1008,0,0,-99.1008,99.1008,416,0,0,0,25,3,-46.7489,112.5,1.5
800000437,105.373,0,0,-105.373,105.373,437,0,0,0,25,17,54,115.826,1.5
800000440,119.932,0,0,-119.932,119.932,440,0,0,0,25,11,24.5,126.376,1.5
800000484,98.1833,0,0,-98.1833,98.1833,484,0,0,0,25,8,-44,135.134,1.5
800000496,107.973,0,0,-107.973,107.973,496,0,0,0,25,15,52.1691,136.169,1.5
800000496,108.098,0,0,-108.098,108.098,496,0,0,0,25,18,66.2964,129.796,1.5
800000500,98.6392,0,0,-98.6392,98.6392,500,0,0,0,25,12,-31,143.532,1.5
800000503,99.752,0,0,-99.752,99.752,503,0,0,0,25,14,-56.1139,136.614,1.5
800000517,112.506,0,0,-112.506,112.506,517,0,0,0,25,10,-2,141.227,1.5
802393106,90.4945,0,0,-90.4945,90.4945,252,16,20.7774,67.7774,1.5,0,0,0,25
802428984,99.1008,0,0,-99.1008,99.1008,416,3,-46.7489,112.5,1.5,0,0,0,25
804429085,112.506,0,0,-112.506,112.506,517,10,-2,141.227,1.5,0,0,0,25
808393070,87.6048,0,0,-87.6048,87.6048,216,19,19.9398,56.5602,1.5,0,0,0,25
808929064,107.973,0,0,-107.973,107.973,496,15,52.1691,136.169,1.5,0,0,0,25
813393350,108.098,0,0,-108.098,108.098,496,18,66.2964,129.796,1.5,0,0,0,25
814929068,98.6392,0,0,-98.6392,98.6392,500,12,-31,143.532,1.5,0,0,0,25
815928930,96.9336,0,0,-96.9336,96.9336,362,5,-42,96.0306,1.5,0,0,0,25
823428772,88.6126,0,0,-88.6126,88.6126,204,4,-25.34,51.84,1.5,0,0,0,25
824893197,104.85,0,0,-104.85,104.85,343,20,26.616,95.616,1.5,0,0,0,25
825429008,119.932,0,0,-119.932,119.932,440,11,24.5,126.376,1.5,0,0,0,25
832928756,103.78,0,0,-103.78,103.78,188,6,3.5,49.9196,1.5,0,0,0,25
833428805,108.296,0,0,-108.296,108.296,237,9,10.6327,65.1327,1.5,0,0,0,25
835428899,98.3699,0,0,-98.3699,98.3699,331,13,39.2742,86.7742,1.5,0,0,0,25
836928807,97.261,0,0,-97.261,97.261,239,1,-17.7471,64.7529,1.5,0,0,0,25
841928777,90.9964,0,0,-90.9964,90.9964,209,7,15.2893,55.2107,1.5,0,0,0,25
846929071,99.752,0,0,-99.752,99.752,503,14,-56.1139,136.614,1.5,0,0,0,25
847928947,111.077,0,0,-111.077,111.077,379,2,-5.45851,99.5,1.5,0,0,0,25
848929052,98.1833,0,0,-98.1833,98.1833,484,8,-44,135.134,1.5,0,0,0,25
850000188,103.78,0,0,-103.78,103.78,188,0,0,0,25,6,3.5,49.9196,1.5
850000204,88.6126,0,0,-88.6126,88.6126,204,0,0,0,25,4,-25.34,51.84,1.5
850000209,90.9964,0,0,-90.9964,90.9964,209,0,0,0,25,7,15.2893,55.2107,1.5
850000216,87.6048,0,0,-87.6048,87.6048,216,0,0,0,25,19,19.9398,56.5602,1.5
850000237,108.296,0,0,-108.296,108.296,237,0,0,0,25,9,10.6327,65.1327,1.5
850000239,97.261,0,0,-97.261,97.261,239,0,0,0,25,1,-17.7471,64.7529,1.5
850000252,90.4945,0,0,-90.4945,90.4945,252,0,0,0,25,16,20.7774,67.7774,1.5
850000331,98.3699,0,0,-98.3699,98.3699,331,0,0,0,25,13,39.2742,86.7742,1.5
850000343,104.85,0,0,-104.85,104.85,343,0,0,0,25,20,26.616,95.616,1.5
850000362,96.9336,0,0,-96.9336,96.9336,362,0,0,0,25,5,-42,96.0306,1.5
850000379,111.077,0,0,-111.077,111.077,379,0,0,0,25,2,-5.45851,99.5,1.5
850000416,99.1008,0,0,-99.1008,99.1008,416,0,0,0,25,3,-46.7489,112.5,1.5
850000437,105.373,0,0,-105.373,105.373,437,0,0,0,25,17,54,115.826,1.5
850000440,119.932,0,0,-119.932,119.932,440,0,0,0,25,11,24.5,126.376,1.5
850000484,98.1833,0,0,-98.1833,98.1833,484,0,0,0,25,8,-44,135.134,1.5
850000496,107.973,0,0,-107.973,107.973,496,0,0,0,25,15,52.1691,136.169,1.5
850000496,108.098,0,0,-108.098,108.098,496,0,0,0,25,18,66.2964,129.796,1.5
850000500,98.6392,0,0,-98.6392,98.6392,500,0,0,0,25,12,-31,143.532,1.5
850000503,99.752,0,0,-99.752,99.752,503,0,0,0,25,14,-56.1139,136.614,1.5
850000517,112.506,0,0,-112.506,112.506,517,0,0,0,25,10,-2,141.227,1.5
852428820,90.4945,0,0,-90.4945,90.4945,252,16,20.7774,67.7774,1.5,0,0,0,25
852928984,99.1008,0,0,-99.1008,99.1008,416,3,-46.7489,112.5,1.5,0,0,0,25
853929005,105.373,0,0,-105.373,105.373,437,17,54,115.826,1.5,0,0,0,25
854929085,112.506,0,0,-112.506,112.506,517,10,-2,141.227,1.5,0,0,0,25
858929064,107.973,0,0,-107.973,107.973,496,15,52.1691,136.169,1.5,0,0,0,25
865429068,98.6392,0,0,-98.6392,98.6392,500,12,-31,143.532,1.5,0,0,0,25
865928930,96.9336,0,0,-96.9336,96.9336,362,5,-42,96.0306,1.5,0,0,0,25
872429064,108.098,0,0,-108.098,108.098,496,18,66.2964,129.796,1.5,0,0,0,25
874928772,88.6126,0,0,-88.6126,88.6126,204,4,-25.34,51.84,1.5,0,0,0,25
875429008,119.932,0,0,-119.932,119.932,440,11,24.5,126.376,1.5,0,0,0,25
882928756,103.78,0,0,-103.78,103.78,188,6,3.5,49.9196,1.5,0,0,0,25
883428805,108.296,0,0,-108.296,108.296,237,9,10.6327,65.1327,1.5,0,0,0,25
885428899,98.3699,0,0,-98.3699,98.3699,331,13,39.2742,86.7742,1.5,0,0,0,25
886928807,97.261,0,0,-97.261,97.261,239,1,-17.7471,64.7529,1.5,0,0,0,25
888393070,87.6048,0,0,-87.6048,87.6048,216,19,19.9398,56.5602,1.5,0,0,0,25
892428777,90.9964,0,0,-90.9964,90.9964,209,7,15.2893,55.2107,1.5,0,0,0,25
896929071,99.752,0,0,-99.752,99.752,503,14,-56.1139,136.614,1.5,0,0,0,25
897928947,111.077,0,0,-111.077,111.077,379,2,-5.45851,99.5,1.5,0,0,0,25
898929052,98.1833,0,0,-98.1833,98.1833,484,8,-44,135.134,1.5,0,0,0,25
900000188,103.78,0,0,-103.78,103.78,188,0,0,0,25,6,3.5,49.7696,1.5
900000204,88.6126,0,0,-88.6126,88.6126,204,0,0,0,25,4,-25.4461,51.9461,1.5
900000209,90.9964,0,0,-90.9964,90.9964,209,0,0,0,25,7,15.3954,55.1046,1.5
900000216,87.6048,0,0,-87.6048,87.6048,216,0,0,0,25,19,20.0458,56.4542,1.5
900000237,108.296,0,0,-108.296,108.296,237,0,0,0,25,9,10.5266,65.0266,1.5
900000239,97.261,0,0,-97.261,97.261,239,0,0,0,25,1,-17.8532,64.6468,1.5
900000252,90.4945,0,0,-90.4945,90.4945,252,0,0,0,25,16,20.6714,67.6714,1.5
900000331,98.3699,0,0,-98.3699,98.3699,331,0,0,0,25,13,39.1681,86.6681,1.5
900000343,104.85,0,0,-104.85,104.85,343,0,0,0,25,20,26.5099,95.5099,1.5
900000362,96.9336,0,0,-96.9336,96.9336,362,0,0,0,25,5,-42,95.8806,1.5
900000379,111.077,0,0,-111.077,111.077,379,0,0,0,25,2,-5.60851,99.5,1.5
900000416,99.1008,0,0,-99.1008,99.1008,416,0,0,0,25,3,-46.5989,112.5,1.5
900000437,105.373,0,0,-105.373,105.373,437,0,0,0,25,17,54,115.676,1.5
900000440,119.932,0,0,-119.932,119.932,440,0,0,0,25,11,24.5,126.226,1.5
900000484,98.1833,0,0,-98.1833,98.1833,484,0,0,0,25,8,-43.9884,134.988,1.5
900000496,107.973,0,0,-107.973,107.973,496,0,0,0,25,15,52.0631,136.063,1.5
900000496,108.098,0,0,-108.098,108.098,496,0,0,0,25,18,66.1903,129.69,1.5
900000500,98.6392,0,0,-98.6392,98.6392,500,0,0,0,25,12,-31,143.382,1.5
900000503,99.752,0,0,-99.752,99.752,503,0,0,0,25,14,-56.0078,136.508,1.5
900000517,112.506,0,0,-112.506,112.506,517,0,0,0,25,10,-2,141.077,1.5
902428820,90.4945,0,0,-90.4945,90.4945,252,16,20.6714,67.6714,1.5,0,0,0,25
902928984,99.1008,0,0,-99.1008,99.1008,416,3,-46.5989,112.5,1.5,0,0,0,25
904893197,104.85,0,0,-104.85,104.85,343,20,26.5099,95.5099,1.5,0,0,0,25
905429005,105.373,0,0,-105.373,105.373,437,17,54,115.676,1.5,0,0,0,25
905429085,112.506,0,0,-112.506,112.506,517,10,-2,141.077,1.5,0,0,0,25
908929064,107.973,0,0,-107.973,107.973,496,15,52.0631,136.063,1.5,0,0,0,25
916929068,98.6392,0,0,-98.6392,98.6392,500,12,-31,143.382,1.5,0,0,0,25
917428930,96.9336,0,0,-96.9336,96.9336,362,5,-42,95.8806,1.5,0,0,0,25
922429064,108.098,0,0,-108.098,108.098,496,18,66.1903,129.69,1.5,0,0,0,25
924928772,88.6126,0,0,-88.6126,88.6126,204,4,-25.4461,51.9461,1.5,0,0,0,25
925429008,119.932,0,0,-119.932,119.932,440,11,24.5,126.226,1.5,0,0,0,25
933428756,103.78,0,0,-103.78,103.78,188,6,3.5,49.7696,1.5,0,0,0,25
933428805,108.296,0,0,-108.296,108.296,237,9,10.5266,65.0266,1.5,0,0,0,25
935428899,98.3699,0,0,-98.3699,98.3699,331,13,39.1681,86.6681,1.5,0,0,0,25
937428807,97.261,0,0,-97.261,97.261,239,1,-17.8532,64.6468,1.5,0,0,0,25
938428784,87.6048,0,0,-87.6048,87.6048,216,19,20.0458,56.4542,1.5,0,0,0,25
942928777,90.9964,0,0,-90.9964,90.9964,209,7,15.3954,55.1046,1.5,0,0,0,25
946929071,99.752,0,0,-99.752,99.752,503,14,-56.0078,136.508,1.5,0,0,0,25
948428947,111.077,0,0,-111.077,111.077,379,2,-5.60851,99.5,1.5,0,0,0,25
949429052,98.1833,0,0,-98.1833,98.1833,484,8,-43.9884,134.988,1.5,0,0,0,25
950000188,103.78,0,0,-103.78,103.78,188,0,0,0,25,6,3.5,49.7696,1.5
950000204,88.6126,0,0,-88.6126,88.6126,204,0,0,0,25,4,-25.4461,51.9461,1.5
950000209,90.9964,0,0,-90.9964,90.9964,209,0,0,0,25,7,15.3954,55.1046,1.5
950000216,87.6048,0,0,-87.6048,87.6048,216,0,0,0,25,19,20.0458,56.4542,1.5
950000237,108.296,0,0,-108.296,108.296,237,0,0,0,25,9,10.5266,65.0266,1.5
950000239,97.261,0,0,-97.261,97.261,239,0,0,0,25,1,-17.8532,64.6468,1.5
950000252,90.4945,0,0,-90.4945,90.4945,252,0,0,0,25,16,20.6714,67.6714,1.5
950000331,98.3699,0,0,-98.3699,98.3699,331,0,0,0,25,13,39.1681,86.6681,1.5
950000343,104.85,0,0,-104.85,104.85,343,0,0,0,25,20,26.5099,95.5099,1.5
950000362,96.9336,0,0,-96.9336,96.9336,362,0,0,0,25,5,-42,95.8806,1.5
950000379,111.077,0,0,-111.077,111.077,379,0,0,0,25,2,-5.60851,99.5,1.5
950000416,99.1008,0,0,-99.1008,99.1008,416,0,0,0,25,3,-46.5989,112.5,1.5
950000437,105.373,0,0,-105.373,105.373,437,0,0,0,25,17,54,115.676,1.5
950000440,119.932,0,0,-119.932,119.932,440,0,0,0,25,11,24.5,126.226,1.5
950000484,98.1833,0,0,-98.1833,98.1833,484,0,0,0,25,8,-43.9884,134.988,1.5
950000496,107.973,0,0,-107.973,107.973,496,0,0,0,25,15,52.0631,136.063,1.5
950000496,108.098,0,0,-108.098,108.098,496,0,0,0,25,18,66.1903,129.69,1.5
950000500,98.6392,0,0,-98.6392,98.6392,500,0,0,0,25,12,-31,143.382,1.5
950000503,99.752,0,0,-99.752,99.752,503,0,0,0,25,14,-56.0078,136.508,1.5
950000517,112.506,0,0,-112.506,112.506,517,0,0,0,25,10,-2,141.077,1.5
952428820,90.4945,0,0,-90.4945,90.4945,252,16,20.6714,67.6714,1.5,0,0,0,25
952928984,99.1008,0,0,-99.1008,99.1008,416,3,-46.5989,112.5,1.5,0,0,0,25
955428911,104.85,0,0,-104.85,104.85,343,20,26.5099,95.5099,1.5,0,0,0,25
955429085,112.506,0,0,-112.506,112.506,517,10,-2,141.077,1.5,0,0,0,25
957393291,105.373,0,0,-105.373,105.373,437,17,54,115.676,1.5,0,0,0,25
958929064,107.973,0,0,-107.973,107.973,496,15,52.0631,136.063,1.5,0,0,0,25
967428930,96.9336,0,0,-96.9336,96.9336,362,5,-42,95.8806,1.5,0,0,0,25
967429068,98.6392,0,0,-98.6392,98.6392,500,12,-31,143.382,1.5,0,0,0,25
972429064,108.098,0,0,-108.098,108.098,496,18,66.1903,129.69,1.5,0,0,0,25
974928772,88.6126,0,0,-88.6126,88.6126,204,4,-25.4461,51.9461,1.5,0,0,0,25
975429008,119.932,0,0,-119.932,119.932,440,11,24.5,126.226,1.5,0,0,0,25
983428805,108.296,0,0,-108.296,108.296,237,9,10.5266,65.0266,1.5,0,0,0,25
983928756,103.78,0,0,-103.78,103.78,188,6,3.5,49.7696,1.5,0,0,0,25
985428899,98.3699,0,0,-98.3699,98.3699,331,13,39.1681,86.6681,1.5,0,0,0,25
987928807,97.261,0,0,-97.261,97.261,239,1,-17.8532,64.6468,1.5,0,0,0,25
988428784,87.6048,0,0,-87.6048,87.6048,216,19,20.0458,56.4542,1.5,0,0,0,25
993428777,90.9964,0,0,-90.9964,90.9964,209,7,15.3954,55.1046,1.5,0,0,0,25
996929071,99.752,0,0,-99.752,99.752,503,14,-56.0078,136.508,1.5,0,0,0,25
998928947,111.077,0,0,-111.077,111.077,379,2,-5.60851,99.5,1.5,0,0,0,25
999929052,98.1833,0,0,-98.1833,98.1833,484,8,-43.9884,134.988,1.5,0,0,0,25
1000000188,103.78,0,0,-103.78,103.78,188,0,0,0,25,6,3.5,49.6196,1.5
1000000204,88.6126,0,0,-88.6126,88.6126,204,0,0,0,25,4,-25.5522,52.0522,1.5
1000000209,90.9964,0,0,-90.9964,90.9964,209,0,0,0,25,7,15.5015,54.9985,1.5
1000000216,87.6048,0,0,-87.6048,87.6048,216,0,0,0,25,19,20.1519,56.3481,1.5
1000000237,108.296,0,0,-108.296,108.296,237,0,0,0,25,9,10.4206,64.9206,1.5
1000000239,97.261,0,0,-97.261,97.261,239,0,0,0,25,1,-17.9592,64.5408,1.5
1000000252,90.4945,0,0,-90.4945,90.4945,252,0,0,0,25,16,20.5653,67.5653,1.5
1000000331,98.3699,0,0,-98.3699,98.3699,331,0,0,0,25,13,39.0621,86.5621,1.5
1000000343,104.85,0,0,-104.85,104.85,343,0,0,0,25,20,26.4038,95.4038,1.5
1000000362,96.9336,0,0,-96.9336,96.9336,362,0,0,0,25,5,-42,95.7306,1.5
1000000379,111.077,0,0,-111.077,111.077,379,0,0,0,25,2,-5.75851,99.5,1.5
1000000416,99.1008,0,0,-99.1008,99.1008,416,0,0,0,25,3,-46.4489,112.5,1.5
1000000437,105.373,0,0,-105.373,105.373,437,0,0,0,25,17,54,115.526,1.5
1000000440,119.932,0,0,-119.932,119.932,440,0,0,0,25,11,24.5,126.076,1.5
1000000484,98.1833,0,0,-98.1833,98.1833,484,0,0,0,25,8,-43.8823,134.882,1.5
1000000496,107.973,0,0,-107.973,107.973,496,0,0,0,25,15,51.957,135.957,1.5
1000000496,108.098,0,0,-108.098,108.098,496,0,0,0,25,18,66.0842,129.584,1.5
1000000500,98.6392,0,0,-98.6392,98.6392,500,0,0,0,25,12,-31,143.232,1.5
1000000503,99.752,0,0,-99.752,99.752,503,0,0,0,25,14,-55.9018,136.402,1.5
1000000517,112.506,0,0,-112.506,112.506,517,0,0,0,25,10,-2,140.927,1.5
1002428820,90.4945,0,0,-90.4945,90.4945,252,16,20.5653,67.5653,1.5,0,0,0,25
1002928984,99.1008,0,0,-99.1008,99.1008,416,3,-46.4489,112.5,1.5,0,0,0,25
1005428911,104.85,0,0,-104.85,104.85,343,20,26.4038,95.4038,1.5,0,0,0,25
1005929085,112.506,0,0,-112.506,112.506,517,10,-2,140.927,1.5,0,0,0,25
1008929064,107.973,0,0,-107.973,107.973,496,15,51.957,135.957,1.5,0,0,0,25
1009429005,105.373,0,0,-105.373,105.373,437,17,54,115.526,1.5,0,0,0,25
1017428930,96.9336,0,0,-96.9336,96.9336,362,5,-42,95.7306,1.5,0,0,0,25
1017929068,98.6392,0,0,-98.6392,98.6392,500,12,-31,143.232,1.5,0,0,0,25
1022429064,108.098,0,0,-108.098,108.098,496,18,66.0842,129.584,1.5,0,0,0,25
1024928772,88.6126,0,0,-88.6126,88.6126,204,4,-25.5522,52.0522,1.5,0,0,0,25
1025929008,119.932,0,0,-119.932,119.932,440,11,24.5,126.076,1.5,0,0,0,25
1033928756,103.78,0,0,-103.78,103.78,188,6,3.5,49.6196,1.5,0,0,0,25
1033928805,108.296,0,0,-108.296,108.296,237,9,10.4206,64.9206,1.5,0,0,0,25
1035428899,98.3699,0,0,-98.3699,98.3699,331,13,39.0621,86.5621,1.5,0,0,0,25
1038428784,87.6048,0,0,-87.6048,87.6048,216,19,20.1519,56.3481,1.5,0,0,0,25
1038428807,97.261,0,0,-97.261,97.261,239,1,-17.9592,64.5408,1.5,0,0,0,25
1043428777,90.9964,0,0,-90.9964,90.9964,209,7,15.5015,54.9985,1.5,0,0,0,25
1046929071,99.752,0,0,-99.752,99.752,503,14,-55.9018,136.402,1.5,0,0,0,25
1049428947,111.077,0,0,-111.077,111.077,379,2,-5.75851,99.5,1.5,0,0,0,25
1050000188,103.78,0,0,-103.78,103.78,188,0,0,0,25,6,3.5,49.6196,1.5
1050000204,88.6126,0,0,-88.6126,88.6126,204,0,0,0,25,4,-25.5522,52.0522,1.5
1050000209,90.9964,0,0,-90.9964,90.9964,209,0,0,0,25,7,15.5015,54.9985,1.5
1050000216,87.6048,0,0,-87.6048,87.6048,216,0,0,0,25,19,20.1519,56.3481,1.5
1050000237,108.296,0,0,-108.296,108.296,237,0,0,0,25,9,10.4206,64.9206,1.5
1050000239,97.261,0,0,-97.261,97.261,239,0,0,0,25,1,-17.9592,64.5408,1.5
1050000252,90.4945,0,0,-90.4945,90.4945,252,0,0,0,25,16,20.5653,67.5653,1.5
1050000331,98.3699,0,0,-98.3699,98.3699,331,0,0,0,25,13,39.0621,86.5621,1.5
1050000343,104.85,0,0,-104.85,104.85,343,0,0,0,25,20,26.4038,95.4038,1.5
1050000362,96.9336,0,0,-96.9336,96.9336,362,0,0,0,25,5,-42,95.7306,1.5
1050000379,111.077,0,0,-111.077,111.077,379,0,0,0,25,2,-5.75851,99.5,1.5
1050000416,99.1008,0,0,-99.1008,99.1008,416,0,0,0,25,3,-46.4489,112.5,1.5
1050000437,105.373,0,0,-105.373,105.373,437,0,0,0,25,17,54,115.526,1.5
1050000440,119.932,0,0,-119.932,119.932,440,0,0,0,25,11,24.5,126.076,1.5
1050000484,98.1833,0,0,-98.1833,98.1833,484,0,0,0,25,8,-43.8823,134.882,1.5
1050000496,107.973,0,0,-107.973,107.973,496,0,0,0,25,15,51.957,135.957,1.5
1050000496,108.098,0,0,-108.098,108.098,496,0,0,0,25,18,66.0842,129.584,1.5
1050000500,98.6392,0,0,-98.6392,98.6392,500,0,0,0,25,12,-31,143.232,1.5
1050000503,99.752,0,0,-99.752,99.752,503,0,0,0,25,14,-55.9018,136.402,1.5
1050000517,112.506,0,0,-112.506,112.506,517,0,0,0,25,10,-2,140.927,1.5
1050429052,98.1833,0,0,-98.1833,98.1833,484,8,-43.8823,134.882,1.5,0,0,0,25
1052428820,90.4945,0,0,-90.4945,90.4945,252,16,20.5653,67.5653,1.5,0,0,0,25
1052928984,99.1008,0,0,-99.1008,99.1008,416,3,-46.4489,112.5,1.5,0,0,0,25
1055428911,104.85,0,0,-104.85,104.85,343,20,26.4038,95.4038,1.5,0,0,0,25
1056429085,112.506,0,0,-112.506,112.506,517,10,-2,140.927,1.5,0,0,0,25
1058929064,107.973,0,0,-107.973,107.973,496,15,51.957,135.957,1.5,0,0,0,25
1061429005,105.373,0,0,-105.373,105.373,437,17,54,115.526,1.5,0,0,0,25
1067928930,96.9336,0,0,-96.9336,96.9336,362,5,-42,95.7306,1.5,0,0,0,25
1068429068,98.6392,0,0,-98.6392,98.6392,500,12,-31,143.232,1.5,0,0,0,25
1072429064,108.098,0,0,-108.098,108.098,496,18,66.0842,129.584,1.5,0,0,0,25
1075428772,88.6126,0,0,-88.6126,88.6126,204,4,-25.5522,52.0522,1.5,0,0,0,25
1075929008,119.932,0,0,-119.932,119.932,440,11,24.5,126.076,1.5,0,0,0,25
1084428756,103.78,0,0,-103.78,103.78,188,6,3.5,49.6196,1.5,0,0,0,25
1084428805,108.296,0,0,-108.296,108.296,237,9,10.4206,64.9206,1.5,0,0,0,25
1085428899,98.3699,0,0,-98.3699,98.3699,331,13,39.0621,86.5621,1.5,0,0,0,25
1088428784,87.6048,0,0,-87.6048,87.6048,216,19,20.1519,56.3481,1.5,0,0,0,25
1088928807,97.261,0,0,-97.261,97.261,239,1,-17.9592,64.5408,1.5,0,0,0,25
1093928777,90.9964,0,0,-90.9964,90.9964,209,7,15.5015,54.9985,1.5,0,0,0,25
1096929071,99.752,0,0,-99.752,99.752,503,14,-55.9018,136.402,1.5,0,0,0,25
1099928947,111.077,0,0,-111.077,111.077,379,2,-5.75851,99.5,1.5,0,0,0,25
1100000188,103.78,0,0,-103.78,103.78,188,0,0,0,25,6,3.5,49.4696,1.5
1100000204,88.6126,0,0,-88.6126,88.6126,204,0,0,0,25,4,-25.6582,52.1582,1.5
1100000209,90.9964,0,0,-90.9964,90.9964,209,0,0,0,25,7,15.6075,54.8925,1.5
1100000216,87.6048,0,0,-87.6048,87.6048,216,0,0,0,25,19,20.258,56.242,1.5
1100000237,108.296,0,0,-108.296,108.296,237,0,0,0,25,9,10.3145,64.8145,1.5
1100000239,97.261,0,0,-97.261,97.261,239,0,0,0,25,1,-18.0653,64.4347,1.5
1100000252,90.4945,0,0,-90.4945,90.4945,252,0,0,0,25,16,20.4592,67.4592,1.5
1100000331,98.3699,0,0,-98.3699,98.3699,331,0,0,0,25,13,38.956,86.456,1.5
1100000343,104.85,0,0,-104.85,104.85,343,0,0,0,25,20,26.2978,95.2978,1.5
1100000362,96.9336,0,0,-96.9336,96.9336,362,0,0,0,25,5,-42,95.5806,1.5
1100000379,111.077,0,0,-111.077,111.077,379,0,0,0,25,2,-5.90851,99.5,1.5
1100000416,99.1008,0,0,-99.1008,99.1008,416,0,0,0,25,3,-46.2989,112.5,1.5
1100000437,105.373,0,0,-105.373,105.373,437,0,0,0,25,17,54,115.376,1.5
1100000440,119.932,0,0,-119.932,119.932,440,0,0,0,25,11,24.5,125.926,1.5
1100000484,98.1833,0,0,-98.1833,98.1833,484,0,0,0,25,8,-43.7762,134.776,1.5
1100000496,107.973,0,0,-107.973,107.973,496,0,0,0,25,15,51.8509,135.851,1.5
1100000496,108.098,0,0,-108.098,108.098,496,0,0,0,25,18,65.9782,129.478,1.5
1100000500,98.6392,0,0,-98.6392,98.6392,500,0,0,0,25,12,-31,143.082,1.5
1100000503,99.752,0,0,-99.752,99.752,503,0,0,0,25,14,-55.7957,136.296,1.5
1100000517,112.506,0,0,-112.506,112.506,517,0,0,0,25,10,-2,140.777,1.5
1100929052,98.1833,0,0,-98.1833,98.1833,484,8,-43.7762,134.776,1.5,0,0,0,25
1102428820,90.4945,0,0,-90.4945,90.4945,252,16,20.4592,67.4592,1.5,0,0,0,25
1103428984,99.1008,0,0,-99.1008,99.1008,416,3,-46.2989,112.5,1.5,0,0,0,25
1105428911,104.85,0,0,-104.85,104.85,343,20,26.2978,95.2978,1.5,0,0,0,25
1106929085,112.506,0,0,-112.506,112.506,517,10,-2,140.777,1.5,0,0,0,25
1108929064,107.973,0,0,-107.973,107.973,496,15,51.8509,135.851,1.5,0,0,0,25
1113429005,105.373,0,0,-105.373,105.373,437,17,54,115.376,1.5,0,0,0,25
1117928930,96.9336,0,0,-96.9336,96.9336,362,5,-42,95.5806,1.5,0,0,0,25
1118429068,98.6392,0,0,-98.6392,98.6392,500,12,-31,143.082,1.5,0,0,0,25
1122429064,108.098,0,0,-108.098,108.098,496,18,65.9782,129.478,1.5,0,0,0,25
1125928772,88.6126,0,0,-88.6126,88.6126,204,4,-25.6582,52.1582,1.5,0,0,0,25
1126429008,119.932,0,0,-119.932,119.932,440,11,24.5,125.926,1.5,0,0,0,25
1134928756,103.78,0,0,-103.78,103.78,188,6,3.5,49.4696,1.5,0,0,0,25
1134928805,108.296,0,0,-108.296,108.296,237,9,10.3145,64.8145,1.5,0,0,0,25
1135428899,98.3699,0,0,-98.3699,98.3699,331,13,38.956,86.456,1.5,0,0,0,25
1138428784,87.6048,0,0,-87.6048,87.6048,216,19,20.258,56.242,1.5,0,0,0,25
1138928807,97.261,0,0,-97.261,97.261,239,1,-18.0653,64.4347,1.5,0,0,0,25
1144428777,90.9964,0,0,-90.9964,90.9964,209,7,15.6075,54.8925,1.5,0,0,0,25
1146929071,99.752,0,0,-99.752,99.752,503,14,-55.7957,136.296,1.5,0,0,0,25
1149928947,111.077,0,0,-111.077,111.077,379,2,-5.90851,99.5,1.5,0,0,0,25
1150000188,103.78,0,0,-103.78,103.78,188,0,0,0,25,6,3.5,49.4696,1.5
1150000204,88.6126,0,0,-88.6126,88.6126,204,0,0,0,25,4,-25.6582,52.1582,1.5
1150000209,90.9964,0,0,-90.9964,90.9964,209,0,0,0,25,7,15.6075,54.8925,1.5
1150000216,87.6048,0,0,-87.6048,87.6048,216,0,0,0,25,19,20.258,56.242,1.5
1150000237,108.296,0,0,-108.296,108.296,237,0,0,0,25,9,10.3145,64.8145,1.5
1150000239,97.261,0,0,-97.261,97.261,239,0,0,0,25,1,-18.0653,64.4347,1.5
1150000252,90.4945,0,0,-90.4945,90.4945,252,0,0,0,25,16,20.4592,67.4592,1.5
1150000331,98.3699,0,0,-98.3699,98.3699,331,0,0,0,25,13,38.956,86.456,1.5
1150000343,104.85,0,0,-104.85,104.85,343,0,0,0,25,20,26.2978,95.2978,1.5
1150000362,96.9336,0,0,-96.9336,96.9336,362,0,0,0,25,5,-42,95.5806,1.5
1150000379,111.077,0,0,-111.077,111.077,379,0,0,0,25,2,-5.90851,99.5,1.5
1150000416,99.1008,0,0,-99.1008,99.1008,416,0,0,0,25,3,-46.2989,112.5,1.5
1150000437,105.373,0,0,-105.373,105.373,437,0,0,0,25,17,54,115.376,1.5
1150000440,119.932,0,0,-119.932,119.932,440,0,0,0,25,11,24.5,125.926,1.5
1150000484,98.1833,0,0,-98.1833,98.1833,484,0,0,0,25,8,-43.7762,134.776,1.5
1150000496,107.973,0,0,-107.973,107.973,496,0,0,0,25,15,51.8509,135.851,1.5
1150000496,108.098,0,0,-108.098,108.098,496,0,0,0,25,18,65.9782,129.478,1.5
1150000500,98.6392,0,0,-98.6392,98.6392,500,0,0,0,25,12,-31,143.082,1.5
1150000503,99.752,0,0,-99.752,99.752,503,0,0,0,25,14,-55.7957,136.296,1.5
1150000517,112.506,0,0,-112.506,112.506,517,0,0,0,25,10,-2,140.777,1.5
1150929052,98.1833,0,0,-98.1833,98.1833,484,8,-43.7762,134.776,1.5,0,0,0,25
1152428820,90.4945,0,0,-90.4945,90.4945,252,16,20.4592,67.4592,1.5,0,0,0,25
1153928984,99.1008,0,0,-99.1008,99.1008,416,3,-46.2989,112.5,1.5,0,0,0,25
1155928911,104.85,0,0,-104.85,104.85,343,20,26.2978,95.2978,1.5,0,0,0,25
1157429085,112.506,0,0,-112.506,112.506,517,10,-2,140.777,1.5,0,0,0,25
1158929064,107.973,0,0,-107.973,107.973,496,15,51.8509,135.851,1.5,0,0,0,25
1165429005,105.373,0,0,-105.373,105.373,437,17,54,115.376,1.5,0,0,0,25
1168428930,96.9336,0,0,-96.9336,96.9336,362,5,-42,95.5806,1.5,0,0,0,25
1168929068,98.6392,0,0,-98.6392,98.6392,500,12,-31,143.082,1.5,0,0,0,25
1172429064,108.098,0,0,-108.098,108.098,496,18,65.9782,129.478,1.5,0,0,0,25
1176428772,88.6126,0,0,-88.6126,88.6126,204,4,-25.6582,52.1582,1.5,0,0,0,25
1176929008,119.932,0,0,-119.932,119.932,440,11,24.5,125.926,1.5,0,0,0,25
1184928805,108.296,0,0,-108.296,108.296,237,9,10.3145,64.8145,1.5,0,0,0,25
1185428756,103.78,0,0,-103.78,103.78,188,6,3.5,49.4696,1.5,0,0,0,25
1185428899,98.3699,0,0,-98.3699,98.3699,331,13,38.956,86.456,1.5,0,0,0,25
1188428784,87.6048,0,0,-87.6048,87.6048,216,19,20.258,56.242,1.5,0,0,0,25
1189428807,97.261,0,0,-97.261,97.261,239,1,-18.0653,64.4347,1.5,0,0,0,25
1194928777,90.9964,0,0,-90.9964,90.9964,209,7,15.6075,54.8925,1.5,0,0,0,25
1196929071,99.752,0,0,-99.752,99.752,503,14,-55.7957,136.296,1.5,0,0,0,25
1200000188,103.78,0,0,-103.78,103.78,188,0,0,0,25,6,3.5,49.3196,1.5
1200000204,88.6126,0,0,-88.6126,88.6126,204,0,0,0,25,4,-25.7643,52.2643,1.5
1200000209,90.9964,0,0,-90.9964,90.9964,209,0,0,0,25,7,15.7136,54.7864,1.5
1200000216,87.6048,0,0,-87.6048,87.6048,216,0,0,0,25,19,20.364,56.136,1.5
1200000237,108.296,0,0,-108.296,108.296,237,0,0,0,25,9,10.2084,64.7084,1.5
1200000239,97.261,0,0,-97.261,97.261,239,0,0,0,25,1,-18.1714,64.3286,1.5
1200000252,90.4945,0,0,-90.4945,90.4945,252,0,0,0,25,16,20.3532,67.3532,1.5
1200000331,98.3699,0,0,-98.3699,98.3699,331,0,0,0,25,13,38.8499,86.3499,1.5
1200000343,104.85,0,0,-104.85,104.85,343,0,0,0,25,20,26.1917,95.1917,1.5
1200000362,96.9336,0,0,-96.9336,96.9336,362,0,0,0,25,5,-42,95.4306,1.5
1200000379,111.077,0,0,-111.077,111.077,379,0,0,0,25,2,-6.05851,99.5,1.5
1200000416,99.1008,0,0,-99.1008,99.1008,416,0,0,0,25,3,-46.1489,112.5,1.5
1200000437,105.373,0,0,-105.373,105.373,437,0,0,0,25,17,54,115.226,1.5
1200000440,119.932,0,0,-119.932,119.932,440,0,0,0,25,11,24.5,125.776,1.5
1200000484,98.1833,0,0,-98.1833,98.1833,484,0,0,0,25,8,-43.6702,134.67,1.5
1200000496,107.973,0,0,-107.973,107.973,496,0,0,0,25,15,51.7449,135.745,1.5
1200000496,108.098,0,0,-108.098,108.098,496,0,0,0,25,18,65.8721,129.372,1.5
1200000500,98.6392,0,0,-98.6392,98.6392,500,0,0,0,25,12,-31,142.932,1.5
1200000503,99.752,0,0,-99.752,99.752,503,0,0,0,25,14,-55.6896,136.19,1.5
1200000517,112.506,0,0,-112.506,112.506,517,0,0,0,25,10,-2,140.627,1.5
1200428947,111.077,0,0,-111.077,111.077,379,2,-6.05851,99.5,1.5,0,0,0,25
1201429052,98.1833,0,0,-98.1833,98.1833,484,8,-43.6702,134.67,1.5,0,0,0,25
1202428820,90.4945,0,0,-90.4945,90.4945,252,16,20.3532,67.3532,1.5,0,0,0,25
1204428984,99.1008,0,0,-99.1008,99.1008,416,3,-46.1489,112.5,1.5,0,0,0,25
1205928911,104.85,0,0,-104.85,104.85,343,20,26.1917,95.1917,1.5,0,0,0,25
1207429085,112.506,0,0,-112.506,112.506,517,10,-2,140.627,1.5,0,0,0,25
1208929064,107.973,0,0,-107.973,107.973,496,15,51.7449,135.745,1.5,0,0,0,25
1217429005,105.373,0,0,-105.373,105.373,437,17,54,115.226,1.5,0,0,0,25
1218928930,96.9336,0,0,-96.9336,96.9336,362,5,-42,95.4306,1.5,0,0,0,25
1219429068,98.6392,0,0,-98.6392,98.6392,500,12,-31,142.932,1.5,0,0,0,25
1222429064,108.098,0,0,-108.098,108.098,496,18,65.8721,129.372,1.5,0,0,0,25
1226928772,88.6126,0,0,-88.6126,88.6126,204,4,-25.7643,52.2643,1.5,0,0,0,25
1227429008,119.932,0,0,-119.932,119.932,440,11,24.5,125.776,1.5,0,0,0,25
1235428805,108.296,0,0,-108.296,108.296,237,9,10.2084,64.7084,1.5,0,0,0,25
1235428899,98.3699,0,0,-98.3699,98.3699,331,13,38.8499,86.3499,1.5,0,0,0,25
1235928756,103.78,0,0,-103.78,103.78,188,6,3.5,49.3196,1.5,0,0,0,25
1238428784,87.6048,0,0,-87.6048,87.6048,216,19,20.364,56.136,1.5,0,0,0,25
1239928807,97.261,0,0,-97.261,97.261,239,1,-18.1714,64.3286,1.5,0,0,0,25
1245428777,90.9964,0,0,-90.9964,90.9964,209,7,15.7136,54.7864,1.5,0,0,0,25
1246929071,99.752,0,0,-99.752,99.752,503,14,-55.6896,136.19,1.5,0,0,0,25
1250000188,103.78,0,0,-103.78,103.78,188,0,0,0,25,6,3.5,49.3196,1.5
1250000204,88.6126,0,0,-88.6126,88.6126,204,0,0,0,25,4,-25.7643,52.2643,1.5
1250000209,90.9964,0,0,-90.9964,90.9964,209,0,0,0,25,7,15.7136,54.7864,1.5
1250000216,87.6048,0,0,-87.6048,87.6048,216,0,0,0,25,19,20.364,56.136,1.5
1250000237,108.296,0,0,-108.296,108.296,237,0,0,0,25,9,10.2084,64.7084,1.5
1250000239,97.261,0,0,-97.261,97.261,239,0,0,0,25,1,-18.1714,64.3286,1.5
1250000252,90.4945,0,0,-90.4945,90.4945,252,0,0,0,25,16,20.3532,67.3532,1.5
1250000331,98.3699,0,0,-98.3699,98.3699,331,0,0,0,25,13,38.8499,86.3499,1.5
1250000343,104.85,0,0,-104.85,104.85,343,0,0,0,25,20,26.1917,95.1917,1.5
1250000362,96.9336,0,0,-96.9336,96.9336,362,0,0,0,25,5,-42,95.4306,1.5
1250000379,111.077,0,0,-111.077,111.077,379,0,0,0,25,2,-6.05851,99.5,1.5
1250000416,99.1008,0,0,-99.1008,99.1008,416,0,0,0,25,3,-46.1489,112.5,1.5
1250000437,105.373,0,0,-105.373,105.373,437,0,0,0,25,17,54,115.226,1.5
1250000440,119.932,0,0,-119.932,119.932,440,0,0,0,25,11,24.5,125.776,1.5
1250000484,98.1833,0,0,-98.1833,98.1833,484,0,0,0,25,8,-43.6702,134.67,1.5
1250000496,107.973,0,0,-107.973,107.973,496,0,0,0,25,15,51.7449,135.745,1.5
1250000496,108.098,0,0,-108.098,108.098,496,0,0,0,25,18,65.8721,129.372,1.5
1250000500,98.6392,0,0,-98.6392,98.6392,500,0,0,0,25,12,-31,142.932,1.5
1250000503,99.752,0,0,-99.752,99.752,503,0,0,0,25,14,-55.6896,136.19,1.5
1250000517,112.506,0,0,-112.506,112.506,517,0,0,0,25,10,-2,140.627,1.5
1250928947,111.077,0,0,-111.077,111.077,379,2,-6.05851,99.5,1.5,0,0,0,25
1251929052,98.1833,0,0,-98.1833,98.1833,484,8,-43.6702,134.67,1.5,0,0,0,25
1252428820,90.4945,0,0,-90.4945,90.4945,252,16,20.3532,67.3532,1.5,0,0,0,25
1254428984,99.1008,0,0,-99.1008,99.1008,416,3,-46.1489,112.5,1.5,0,0,0,25
1255928911,104.85,0,0,-104.85,104.85,343,20,26.1917,95.1917,1.5,0,0,0,25
1257929085,112.506,0,0,-112.506,112.506,517,10,-2,140.627,1.5,0,0,0,25
1258929064,107.973,0,0,-107.973,107.973,496,15,51.7449,135.745,1.5,0,0,0,25
1269428930,96.9336,0,0,-96.9336,96.9336,362,5,-42,95.4306,1.5,0,0,0,25
1269429005,105.373,0,0,-105.373,105.373,437,17,54,115.226,1.5,0,0,0,25
1269929068,98.6392,0,0,-98.6392,98.6392,500,12,-31,142.932,1.5,0,0,0,25
1272429064,108.098,0,0,-108.098,108.098,496,18,65.8721,129.372,1.5,0,0,0,25
1276928772,88.6126,0,0,-88.6126,88.6126,204,4,-25.7643,52.2643,1.5,0,0,0,25
1277429008,119.932,0,0,-119.932,119.932,440,11,24.5,125.776,1.5,0,0,0,25
1285428899,98.3699,0,0,-98.3699,98.3699,331,13,38.8499,86.3499,1.5,0,0,0,25
1285928756,103.78,0,0,-103.78,103.78,188,6,3.5,49.3196,1.5,0,0,0,25
1285928805,108.296,0,0,-108.296,108.296,237,9,10.2084,64.7084,1.5,0,0,0,25
1288428784,87.6048,0,0,-87.6048,87.6048,216,19,20.364,56.136,1.5,0,0,0,25
1290428807,97.261,0,0,-97.261,97.261,239,1,-18.1714,64.3286,1.5,0,0,0,25
1295428777,90.9964,0,0,-90.9964,90.9964,209,7,15.7136,54.7864,1.5,0,0,0,25
1296929071,99.752,0,0,-99.752,99.752,503,14,-55.6896,136.19,1.5,0,0,0,25
1300000188,103.78,0,0,-103.78,103.78,188,0,0,0,25,6,3.5,49.1696,1.5
1300000204,88.6126,0,0,-88.6126,88.6126,204,0,0,0,25,4,-25.8704,52.3704,1.5
1300000209,90.9964,0,0,-90.9964,90.9964,209,0,0,0,25,7,15.8197,54.6803,1.5
1300000216,87.6048,0,0,-87.6048,87.6048,216,0,0,0,25,19,20.4701,56.0299,1.5
1300000237,108.296,0,0,-108.296,108.296,237,0,0,0,25,9,10.1024,64.6024,1.5
1300000239,97.261,0,0,-97.261,97.261,239,0,0,0,25,1,-18.2774,64.2226,1.5
1300000252,90.4945,0,0,-90.4945,90.4945,252,0,0,0,25,16,20.2471,67.2471,1.5
1300000331,98.3699,0,0,-98.3699,98.3699,331,0,0,0,25,13,38.7439,86.2439,1.5
1300000343,104.85,0,0,-104.85,104.85,343,0,0,0,25,20,26.0856,95.0856,1.5
1300000362,96.9336,0,0,-96.9336,96.9336,362,0,0,0,25,5,-42,95.2806,1.5
1300000379,111.077,0,0,-111.077,111.077,379,0,0,0,25,2,-6.20851,99.5,1.5
1300000416,99.1008,0,0,-99.1008,99.1008,416,0,0,0,25,3,-45.9989,112.5,1.5
1300000437,105.373,0,0,-105.373,105.373,437,0,0,0,25,17,54,115.076,1.5
1300000440,119.932,0,0,-119.932,119.932,440,0,0,0,25,11,24.5,125.626,1.5
1300000484,98.1833,0,0,-98.1833,98.1833,484,0,0,0,25,8,-43.5641,134.564,1.5
1300000496,107.973,0,0,-107.973,107.973,496,0,0,0,25,15,51.6388,135.639,1.5
1300000496,108.098,0,0,-108.098,108.098,496,0,0,0,25,18,65.766,129.266,1.5
1300000500,98.6392,0,0,-98.6392,98.6392,500,0,0,0,25,12,-31,142.782,1.5
1300000503,99.752,0,0,-99.752,99.752,503,0,0,0,25,14,-55.5836,136.084,1.5
1300000517,112.506,0,0,-112.506,112.506,517,0,0,0,25,10,-2,140.477,1.5
1301428947,111.077,0,0,-111.077,111.077,379,2,-6.20851,99.5,1.5,0,0,0,25
1302428820,90.4945,0,0,-90.4945,90.4945,252,16,20.2471,67.2471,1.5,0,0,0,25
1302429052,98.1833,0,0,-98.1833,98.1833,484,8,-43.5641,134.564,1.5,0,0,0,25
1304928984,99.1008,0,0,-99.1008,99.1008,416,3,-45.9989,112.5,1.5,0,0,0,25
1305928911,104.85,0,0,-104.85,104.85,343,20,26.0856,95.0856,1.5,0,0,0,25
1308429085,112.506,0,0,-112.506,112.506,517,10,-2,140.477,1.5,0,0,0,25
1308929064,107.973,0,0,-107.973,107.973,496,15,51.6388,135.639,1.5,0,0,0,25
1319928930,96.9336,0,0,-96.9336,96.9336,362,5,-42,95.2806,1.5,0,0,0,25
1320429068,98.6392,0,0,-98.6392,98.6392,500,12,-31,142.782,1.5,0,0,0,25
1321429005,105.373,0,0,-105.373,105.373,437,17,54,115.076,1.5,0,0,0,25
1322429064,108.098,0,0,-108.098,108.098,496,18,65.766,129.266,1.5,0,0,0,25
1327428772,88.6126,0,0,-88.6126,88.6126,204,4,-25.8704,52.3704,1.5,0,0,0,25
1327929008,119.932,0,0,-119.932,119.932,440,11,24.5,125.626,1.5,0,0,0,25
1335428899,98.3699,0,0,-98.3699,98.3699,331,13,38.7439,86.2439,1.5,0,0,0,25
1336428756,103.78,0,0,-103.78,103.78,188,6,3.5,49.1696,1.5,0,0,0,25
1336428805,108.296,0,0,-108.296,108.296,237,9,10.1024,64.6024,1.5,0,0,0,25
1338428784,87.6048,0,0,-87.6048,87.6048,216,19,20.4701,56.0299,1.5,0,0,0,25
1340928807,97.261,0,0,-97.261,97.261,239,1,-18.2774,64.2226,1.5,0,0,0,25
1345928777,90.9964,0,0,-90.9964,90.9964,209,7,15.8197,54.6803,1.5,0,0,0,25
1346929071,99.752,0,0,-99.752,99.752,503,14,-55.5836,136.084,1.5,0,0,0,25
1350000188,103.78,0,0,-103.78,103.78,188,0,0,0,25,6,3.5,49.1696,1.5
1350000204,88.6126,0,0,-88.6126,88.6126,204,0,0,0,25,4,-25.8704,52.3704,1.5
1350000209,90.9964,0,0,-90.9964,90.9964,209,0,0,0,25,7,15.8197,54.6803,1.5
1350000216,87.6048,0,0,-87.6048,87.6048,216,0,0,0,25,19,20.4701,56.0299,1.5
1350000237,108.296,0,0,-108.296,108.296,237,0,0,0,25,9,10.1024,64.6024,1.5
1350000239,97.261,0,0,-97.261,97.261,239,0,0,0,25,1,-18.2774,64.2226,1.5
1350000252,90.4945,0,0,-90.4945,90.4945,252,0,0,0,25,16,20.2471,67.2471,1.5
1350000331,98.3699,0,0,-98.3699,98.3699,331,0,0,0,25,13,38.7439,86.2439,1.5
1350000343,104.85,0,0,-104.85,104.85,343,0,0,0,25,20,26.0856,95.0856,1.5
1350000362,96.9336,0,0,-96.9336,96.9336,362,0,0,0,25,5,-42,95.2806,1.5
1350000379,111.077,0,0,-111.077,111.077,379,0,0,0,25,2,-6.20851,99.5,1.5
1350000416,99.1008,0,0,-99.1008,99.1008,416,0,0,0,25,3,-45.9989,112.5,1.5
1350000437,105.373,0,0,-105.373,105.373,437,0,0,0,25,17,54,115.076,1.5
1350000440,119.932,0,0,-119.932,119.932,440,0,0,0,25,11,24.5,125.626,1.5
1350000484,98.1833,0,0,-98.1833,98.1833,484,0,0,0,25,8,-43.5641,134.564,1.5
1350000496,107.973,0,0,-107.973,107.973,496,0,0,0,25,15,51.6388,135.639,1.5
1350000496,108.098,0,0,-108.098,108.098,496,0,0,0,25,18,65.766,129.266,1.5
1350000500,98.6392,0,0,-98.6392,98.6392,500,0,0,0,25,12,-31,142.782,1.5
1350000503,99.752,0,0,-99.752,99.752,503,0,0,0,25,14,-55.5836,136.084,1.5
1350000517,112.506,0,0,-112.506,112.506,517,0,0,0,25,10,-2,140.477,1.5
1351428947,111.077,0,0,-111.077,111.077,379,2,-6.20851,99.5,1.5,0,0,0,25
1352428820,90.4945,0,0,-90.4945,90.4945,252,16,20.2471,67.2471,1.5,0,0,0,25
1352929052,98.1833,0,0,-98.1833,98.1833,484,8,-43.5641,134.564,1.5,0,0,0,25
1355428984,99.1008,0,0,-99.1008,99.1008,416,3,-45.9989,112.5,1.5,0,0,0,25
1355928911,104.85,0,0,-104.85,104.85,343,20,26.0856,95.0856,1.5,0,0,0,25
1358929064,107.973,0,0,-107.973,107.973,496,15,51.6388,135.639,1.5,0,0,0,25
1358929085,112.506,0,0,-112.506,112.506,517,10,-2,140.477,1.5,0,0,0,25
1369928930,96.9336,0,0,-96.9336,96.9336,362,5,-42,95.2806,1.5,0,0,0,25
1370429068,98.6392,0,0,-98.6392,98.6392,500,12,-31,142.782,1.5,0,0,0,25
1372429064,108.098,0,0,-108.098,108.098,496,18,65.766,129.266,1.5,0,0,0,25
1373429005,105.373,0,0,-105.373,105.373,437,17,54,115.076,1.5,0,0,0,25
1377928772,88.6126,0,0,-88.6126,88.6126,204,4,-25.8704,52.3704,1.5,0,0,0,25
1378393294,119.932,0,0,-119.932,119.932,440,11,24.5,125.626,1.5,0,0,0,25
1385428899,98.3699,0,0,-98.3699,98.3699,331,13,38.7439,86.2439,1.5,0,0,0,25
1386928756,103.78,0,0,-103.78,103.78,188,6,3.5,49.1696,1.5,0,0,0,25
1386928805,108.296,0,0,-108.296,108.296,237,9,10.1024,64.6024,1.5,0,0,0,25
1388428784,87.6048,0,0,-87.6048,87.6048,216,19,20.4701,56.0299,1.5,0,0,0,25
1390928807,97.261,0,0,-97.261,97.261,239,1,-18.2774,64.2226,1.5,0,0,0,25
1396428777,90.9964,0,0,-90.9964,90.9964,209,7,15.8197,54.6803,1.5,0,0,0,25
1396929071,99.752,0,0,-99.752,99.752,503,14,-55.5836,136.084,1.5,0,0,0,25
1400000188,103.78,0,0,-103.78,103.78,188,0,0,0,25,6,3.5,49.0196,1.5
1400000204,88.6126,0,0,-88.6126,88.6126,204,0,0,0,25,4,-25.9764,52.4764,1.5
1400000209,90.9964,0,0,-90.9964,90.9964,209,0,0,0,25,7,15.9257,54.5743,1.5
1400000216,87.6048,0,0,-87.6048,87.6048,216,0,0,0,25,19,20.5762,55.9238,1.5
1400000237,108.296,0,0,-108.296,108.296,237,0,0,0,25,9,9.99632,64.4963,1.5
1400000239,97.261,0,0,-97.261,97.261,239,0,0,0,25,1,-18.3835,64.1165,1.5
1400000252,90.4945,0,0,-90.4945,90.4945,252,0,0,0,25,16,20.141,67.141,1.5
1400000331,98.3699,0,0,-98.3699,98.3699,331,0,0,0,25,13,38.6378,86.1378,1.5
1400000343,104.85,0,0,-104.85,104.85,343,0,0,0,25,20,25.9796,94.9796,1.5
1400000362,96.9336,0,0,-96.9336,96.9336,362,0,0,0,25,5,-42,95.1306,1.5
1400000379,111.077,0,0,-111.077,111.077,379,0,0,0,25,2,-6.35851,99.5,1.5
1400000416,99.1008,0,0,-99.1008,99.1008,416,0,0,0,25,3,-45.8489,112.5,1.5
1400000437,105.373,0,0,-105.373,105.373,437,0,0,0,25,17,54,114.926,1.5
1400000440,119.932,0,0,-119.932,119.932,440,0,0,0,25,11,24.5,125.476,1.5
1400000484,98.1833,0,0,-98.1833,98.1833,484,0,0,0,25,8,-43.458,134.458,1.5
1400000496,107.973,0,0,-107.973,107.973,496,0,0,0,25,15,51.5327,135.533,1.5
1400000496,108.098,0,0,-108.098,108.098,496,0,0,0,25,18,65.66,129.16,1.5
1400000500,98.6392,0,0,-98.6392,98.6392,500,0,0,0,25,12,-31,142.632,1.5
1400000503,99.752,0,0,-99.752,99.752,503,0,0,0,25,14,-55.4775,135.977,1.5
1400000517,112.506,0,0,-112.506,112.506,517,0,0,0,25,10,-2,140.327,1.5
1401928947,111.077,0,0,-111.077,111.077,379,2,-6.35851,99.5,1.5,0,0,0,25
1402428820,90.4945,0,0,-90.4945,90.4945,252,16,20.141,67.141,1.5,0,0,0,25
1403429052,98.1833,0,0,-98.1833,98.1833,484,8,-43.458,134.458,1.5,0,0,0,25
1405928911,104.85,0,0,-104.85,104.85,343,20,25.9796,94.9796,1.5,0,0,0,25
1405928984,99.1008,0,0,-99.1008,99.1008,416,3,-45.8489,112.5,1.5,0,0,0,25
1408929064,107.973,0,0,-107.973,107.973,496,15,51.5327,135.533,1.5,0,0,0,25
1409429085,112.506,0,0,-112.506,112.506,517,10,-2,140.327,1.5,0,0,0,25
1420428930,96.9336,0,0,-96.9336,96.9336,362,5,-42,95.1306,1.5,0,0,0,25
1420929068,98.6392,0,0,-98.6392,98.6392,500,12,-31,142.632,1.5,0,0,0,25
1422429064,108.098,0,0,-108.098,108.098,496,18,65.66,129.16,1.5,0,0,0,25
1425429005,105.373,0,0,-105.373,105.373,437,17,54,114.926,1.5,0,0,0,25
1428428772,88.6126,0,0,-88.6126,88.6126,204,4,-25.9764,52.4764,1.5,0,0,0,25
1428929008,119.932,0,0,-119.932,119.932,440,11,24.5,125.476,1.5,0,0,0,25
1435428899,98.3699,0,0,-98.3699,98.3699,331,13,38.6378,86.1378,1.5,0,0,0,25
1436928805,108.296,0,0,-108.296,108.296,237,9,9.99632,64.4963,1.5,0,0,0,25
1437428756,103.78,0,0,-103.78,103.78,188,6,3.5,49.0196,1.5,0,0,0,25
1438928784,87.6048,0,0,-87.6048,87.6048,216,19,20.5762,55.9238,1.5,0,0,0,25
1440928807,97.261,0,0,-97.261,97.261,239,1,-18.3835,64.1165,1.5,0,0,0,25
1446928777,90.9964,0,0,-90.9964,90.9964,209,7,15.9257,54.5743,1.5,0,0,0,25
1446929071,99.752,0,0,-99.752,99.752,503,14,-55.4775,135.977,1.5,0,0,0,25
1450000188,103.78,0,0,-103.78,103.78,188,0,0,0,25,6,3.5,49.0196,1.5
1450000204,88.6126,0,0,-88.6126,88.6126,204,0,0,0,25,4,-25.9764,52.4764,1.5
1450000209,90.9964,0,0,-90.9964,90.9964,209,0,0,0,25,7,15.9257,54.5743,1.5
1450000216,87.6048,0,0,-87.6048,87.6048,216,0,0,0,25,19,20.5762,55.9238,1.5
1450000237,108.296,0,0,-108.296,108.296,237,0,0,0,25,9,9.99632,64.4963,1.5
1450000239,97.261,0,0,-97.261,97.261,239,0,0,0,25,1,-18.3835,64.1165,1.5
1450000252,90.4945,0,0,-90.4945,90.4945,252,0,0,0,25,16,20.141,67.141,1.5
1450000331,98.3699,0,0,-98.3699,98.3699,331,0,0,0,25,13,38.6378,86.1378,1.5
1450000343,104.85,0,0,-104.85,104.85,343,0,0,0,25,20,25.9796,94.9796,1.5
1450000362,96.9336,0,0,-96.9336,96.9336,362,0,0,0,25,5,-42,95.1306,1.5
1450000379,111.077,0,0,-111.077,111.077,379,0,0,0,25,2,-6.35851,99.5,1.5
1450000416,99.1008,0,0,-99.1008,99.1008,416,0,0,0,25,3,-45.8489,112.5,1.5
1450000437,105.373,0,0,-105.373,105.373,437,0,0,0,25,17,54,114.926,1.5
1450000440,119.932,0,0,-119.932,119.932,440,0,0,0,25,11,24.5,125.476,1.5
1450000484,98.1833,0,0,-98.1833,98.1833,484,0,0,0,25,8,-43.458,134.458,1.5
1450000496,107.973,0,0,-107.973,107.973,496,0,0,0,25,15,51.5327,135.533,1.5
1450000496,108.098,0,0,-108.098,108.098,496,0,0,0,25,18,65.66,129.16,1.5
1450000500,98.6392,0,0,-98.6392,98.6392,500,0,0,0,25,12,-31,142.632,1.5
1450000503,99.752,0,0,-99.752,99.752,503,0,0,0,25,14,-55.4775,135.977,1.5
1450000517,112.506,0,0,-112.506,112.506,517,0,0,0,25,10,-2,140.327,1.5
1452428820,90.4945,0,0,-90.4945,90.4945,252,16,20.141,67.141,1.5,0,0,0,25
1452428947,111.077,0,0,-111.077,111.077,379,2,-6.35851,99.5,1.5,0,0,0,25
1453429052,98.1833,0,0,-98.1833,98.1833,484,8,-43.458,134.458,1.5,0,0,0,25
1455928911,104.85,0,0,-104.85,104.85,343,20,25.9796,94.9796,1.5,0,0,0,25
1456428984,99.1008,0,0,-99.1008,99.1008,416,3,-45.8489,112.5,1.5,0,0,0,25
1458929064,107.973,0,0,-107.973,107.973,496,15,51.5327,135.533,1.5,0,0,0,25
1459429085,112.506,0,0,-112.506,112.506,517,10,-2,140.327,1.5,0,0,0,25
1470928930,96.9336,0,0,-96.9336,96.9336,362,5,-42,95.1306,1.5,0,0,0,25
1471429068,98.6392,0,0,-98.6392,98.6392,500,12,-31,142.632,1.5,0,0,0,25
1472429064,108.098,0,0,-108.098,108.098,496,18,65.66,129.16,1.5,0,0,0,25
1477393291,105.373,0,0,-105.373,105.373,437,17,54,114.926,1.5,0,0,0,25
1478928772,88.6126,0,0,-88.6126,88.6126,204,4,-25.9764,52.4764,1.5,0,0,0,25
1479429008,119.932,0,0,-119.932,119.932,440,11,24.5,125.476,1.5,0,0,0,25
1485428899,98.3699,0,0,-98.3699,98.3699,331,13,38.6378,86.1378,1.5,0,0,0,25
1487357378,108.296,0,0,-108.296,108.296,237,9,9.99632,64.4963,1.5,0,0,0,25
1487928756,103.78,0,0,-103.78,103.78,188,6,3.5,49.0196,1.5,0,0,0,25
1488928784,87.6048,0,0,-87.6048,87.6048,216,19,20.5762,55.9238,1.5,0,0,0,25
1490928807,97.261,0,0,-97.261,97.261,239,1,-18.3835,64.1165,1.5,0,0,0,25
1496929071,99.752,0,0,-99.752,99.752,503,14,-55.4775,135.977,1.5,0,0,0,25
1497428777,90.9964,0,0,-90.9964,90.9964,209,7,15.9257,54.5743,1.5,0,0,0,25
1500000188,103.78,0,0,-103.78,103.78,188,0,0,0,25,6,3.5,48.8696,1.5
1500000204,88.6126,0,0,-88.6126,88.6126,204,0,0,0,25,4,-26.0825,52.5825,1.5
1500000209,90.9964,0,0,-90.9964,90.9964,209,0,0,0,25,7,16.0318,54.4682,1.5
1500000216,87.6048,0,0,-87.6048,87.6048,216,0,0,0,25,19,20.6822,55.8178,1.5
1500000237,108.296,0,0,-108.296,108.296,237,0,0,0,25,9,9.89025,64.3903,1.5
1500000239,97.261,0,0,-97.261,97.261,239,0,0,0,25,1,-18.4896,64.0104,1.5
1500000252,90.4945,0,0,-90.4945,90.4945,252,0,0,0,25,16,20.035,67.035,1.5
1500000331,98.3699,0,0,-98.3699,98.3699,331,0,0,0,25,13,38.5317,86.0317,1.5
1500000343,104.85,0,0,-104.85,104.85,343,0,0,0,25,20,25.8735,94.8735,1.5
1500000362,96.9336,0,0,-96.9336,96.9336,362,0,0,0,25,5,-42,94.9806,1.5
1500000379,111.077,0,0,-111.077,111.077,379,0,0,0,25,2,-6.50851,99.5,1.5
1500000416,99.1008,0,0,-99.1008,99.1008,416,0,0,0,25,3,-45.6989,112.5,1.5
1500000437,105.373,0,0,-105.373,105.373,437,0,0,0,25,17,54,114.776,1.5
1500000440,119.932,0,0,-119.932,119.932,440,0,0,0,25,11,24.5,125.326,1.5
1500000484,98.1833,0,0,-98.1833,98.1833,484,0,0,0,25,8,-43.352,134.352,1.5
1500000496,107.973,0,0,-107.973,107.973,496,0,0,0,25,15,51.4267,135.427,1.5
1500000496,108.098,0,0,-108.098,108.098,496,0,0,0,25,18,65.5539,129.054,1.5
1500000500,98.6392,0,0,-98.6392,98.6392,500,0,0,0,25,12,-31,142.482,1.5
1500000503,99.752,0,0,-99.752,99.752,503,0,0,0,25,14,-55.3714,135.871,1.5
1500000517,112.506,0,0,-112.506,112.506,517,0,0,0,25,10,-2,140.177,1.5
1502428820,90.4945,0,0,-90.4945,90.4945,252,16,20.035,67.035,1.5,0,0,0,25
1502928947,111.077,0,0,-111.077,111.077,379,2,-6.50851,99.5,1.5,0,0,0,25
1503929052,98.1833,0,0,-98.1833,98.1833,484,8,-43.352,134.352,1.5,0,0,0,25
1505928911,104.85,0,0,-104.85,104.85,343,20,25.8735,94.8735,1.5,0,0,0,25
1506428984,99.1008,0,0,-99.1008,99.1008,416,3,-45.6989,112.5,1.5,0,0,0,25
1508929064,107.973,0,0,-107.973,107.973,496,15,51.4267,135.427,1.5,0,0,0,25
1509929085,112.506,0,0,-112.506,112.506,517,10,-2,140.177,1.5,0,0,0,25
1521428930,96.9336,0,0,-96.9336,96.9336,362,5,-42,94.9806,1.5,0,0,0,25
1521929068,98.6392,0,0,-98.6392,98.6392,500,12,-31,142.482,1.5,0,0,0,25
1522429064,108.098,0,0,-108.098,108.098,496,18,65.5539,129.054,1.5,0,0,0,25
1528928772,88.6126,0,0,-88.6126,88.6126,204,4,-26.0825,52.5825,1.5,0,0,0,25
1529429005,105.373,0,0,-105.373,105.373,437,17,54,114.776,1.5,0,0,0,25
1529429008,119.932,0,0,-119.932,119.932,440,11,24.5,125.326,1.5,0,0,0,25
1535428899,98.3699,0,0,-98.3699,98.3699,331,13,38.5317,86.0317,1.5,0,0,0,25
1537928756,103.78,0,0,-103.78,103.78,188,6,3.5,48.8696,1.5,0,0,0,25
1537928805,108.296,0,0,-108.296,108.296,237,9,9.89025,64.3903,1.5,0,0,0,25
1538928784,87.6048,0,0,-87.6048,87.6048,216,19,20.6822,55.8178,1.5,0,0,0,25
1540928807,97.261,0,0,-97.261,97.261,239,1,-18.4896,64.0104,1.5,0,0,0,25
1546929071,99.752,0,0,-99.752,99.752,503,14,-55.3714,135.871,1.5,0,0,0,25
1547428777,90.9964,0,0,-90.9964,90.9964,209,7,16.0318,54.4682,1.5,0,0,0,25
1550000188,103.78,0,0,-103.78,103.78,188,0,0,0,25,6,3.5,48.8696,1.5
1550000204,88.6126,0,0,-88.6126,88.6126,204,0,0,0,25,4,-26.0825,52.5825,1.5
1550000209,90.9964,0,0,-90.9964,90.9964,209,0,0,0,25,7,16.0318,54.4682,1.5
1550000216,87.6048,0,0,-87.6048,87.6048,216,0,0,0,25,19,20.6822,55.8178,1.5
1550000237,108.296,0,0,-108.296,108.296,237,0,0,0,25,9,9.89025,64.3903,1.5
1550000239,97.261,0,0,-97.261,97.261,239,0,0,0,25,1,-18.4896,64.0104,1.5
1550000252,90.4945,0,0,-90.4945,90.4945,252,0,0,0,25,16,20.035,67.035,1.5
1550000331,98.3699,0,0,-98.3699,98.3699,331,0,0,0,25,13,38.5317,86.0317,1.5
1550000343,104.85,0,0,-104.85,104.85,343,0,0,0,25,20,25.8735,94.8735,1.5
1550000362,96.9336,0,0,-96.9336,96.9336,362,0,0,0,25,5,-42,94.9806,1.5
1550000379,111.077,0,0,-111.077,111.077,379,0,0,0,25,2,-6.50851,99.5,1.5
1550000416,99.1008,0,0,-99.1008,99.1008,416,0,0,0,25,3,-45.6989,112.5,1.5
1550000437,105.373,0,0,-105.373,105.373,437,0,0,0,25,17,54,114.776,1.5
1550000440,119.932,0,0,-119.932,119.932,440,0,0,0,25,11,24.5,125.326,1.5
1550000484,98.1833,0,0,-98.1833,98.1833,484,0,0,0,25,8,-43.352,134.352,1.5
1550000496,107.973,0,0,-107.973,107.973,496,0,0,0,25,15,51.4267,135.427,1.5
1550000496,108.098,0,0,-108.098,108.098,496,0,0,0,25,18,65.5539,129.054,1.5
1550000500,98.6392,0,0,-98.6392,98.6392,500,0,0,0,25,12,-31,142.482,1.5
1550000503,99.752,0,0,-99.752,99.752,503,0,0,0,25,14,-55.3714,135.871,1.5
1550000517,112.506,0,0,-112.506,112.506,517,0,0,0,25,10,-2,140.177,1.5
1552428820,90.4945,0,0,-90.4945,90.4945,252,16,20.035,67.035,1.5,0,0,0,25
1553428947,111.077,0,0,-111.077,111.077,379,2,-6.50851,99.5,1.5,0,0,0,25
1554429052,98.1833,0,0,-98.1833,98.1833,484,8,-43.352,134.352,1.5,0,0,0,25
1555928911,104.85,0,0,-104.85,104.85,343,20,25.8735,94.8735,1.5,0,0,0,25
1556928984,99.1008,0,0,-99.1008,99.1008,416,3,-45.6989,112.5,1.5,0,0,0,25
1558929064,107.973,0,0,-107.973,107.973,496,15,51.4267,135.427,1.5,0,0,0,25
1560429085,112.506,0,0,-112.506,112.506,517,10,-2,140.177,1.5,0,0,0,25
1571928930,96.9336,0,0,-96.9336,96.9336,362,5,-42,94.9806,1.5,0,0,0,25
1572429064,108.098,0,0,-108.098,108.098,496,18,65.5539,129.054,1.5,0,0,0,25
1572429068,98.6392,0,0,-98.6392,98.6392,500,12,-31,142.482,1.5,0,0,0,25
1579428772,88.6126,0,0,-88.6126,88.6126,204,4,-26.0825,52.5825,1.5,0,0,0,25
1579929008,119.932,0,0,-119.932,119.932,440,11,24.5,125.326,1.5,0,0,0,25
1581429005,105.373,0,0,-105.373,105.373,437,17,54,114.776,1.5,0,0,0,25
1585428899,98.3699,0,0,-98.3699,98.3699,331,13,38.5317,86.0317,1.5,0,0,0,25
1588428756,103.78,0,0,-103.78,103.78,188,6,3.5,48.8696,1.5,0,0,0,25
1588428805,108.296,0,0,-108.296,108.296,237,9,9.89025,64.3903,1.5,0,0,0,25
1588928784,87.6048,0,0,-87.6048,87.6048,216,19,20.6822,55.8178,1.5,0,0,0,25
1591428807,97.261,0,0,-97.261,97.261,239,1,-18.4896,64.0104,1.5,0,0,0,25
1596929071,99.752,0,0,-99.752,99.752,503,14,-55.3714,135.871,1.5,0,0,0,25
1597928777,90.9964,0,0,-90.9964,90.9964,209,7,16.0318,54.4682,1.5,0,0,0,25
1600000188,103.78,0,0,-103.78,103.78,188,0,0,0,25,6,3.5,48.7196,1.5
1600000204,88.6126,0,0,-88.6126,88.6126,204,0,0,0,25,4,-26.1886,52.6886,1.5
1600000209,90.9964,0,0,-90.9964,90.9964,209,0,0,0,25,7,16.1379,54.3621,1.5
1600000216,87.6048,0,0,-87.6048,87.6048,216,0,0,0,25,19,20.7883,55.7117,1.5
1600000237,108.296,0,0,-108.296,108.296,237,0,0,0,25,9,9.78419,64.2842,1.5
1600000239,97.261,0,0,-97.261,97.261,239,0,0,0,25,1,-18.5956,63.9044,1.5
1600000252,90.4945,0,0,-90.4945,90.4945,252,0,0,0,25,16,19.9289,66.9289,1.5
1600000331,98.3699,0,0,-98.3699,98.3699,331,0,0,0,25,13,38.4257,85.9257,1.5
1600000343,104.85,0,0,-104.85,104.85,343,0,0,0,25,20,25.7674,94.7674,1.5
1600000362,96.9336,0,0,-96.9336,96.9336,362,0,0,0,25,5,-42,94.8306,1.5
1600000379,111.077,0,0,-111.077,111.077,379,0,0,0,25,2,-6.65851,99.5,1.5
1600000416,99.1008,0,0,-99.1008,99.1008,416,0,0,0,25,3,-45.5489,112.5,1.5
1600000437,105.373,0,0,-105.373,105.373,437,0,0,0,25,17,54,114.626,1.5
1600000440,119.932,0,0,-119.932,119.932,440,0,0,0,25,11,24.5,125.176,1.5
1600000484,98.1833,0,0,-98.1833,98.1833,484,0,0,0,25,8,-43.2459,134.246,1.5
1600000496,107.973,0,0,-107.973,107.973,496,0,0,0,25,15,51.3206,135.321,1.5
1600000496,108.098,0,0,-108.098,108.098,496,0,0,0,25,18,65.4478,128.948,1.5
1600000500,98.6392,0,0,-98.6392,98.6392,500,0,0,0,25,12,-31,142.332,1.5
1600000503,99.752,0,0,-99.752,99.752,503,0,0,0,25,14,-55.2654,135.765,1.5
1600000517,112.506,0,0,-112.506,112.506,517,0,0,0,25,10,-2,140.027,1.5
1602428820,90.4945,0,0,-90.4945,90.4945,252,16,19.9289,66.9289,1.5,0,0,0,25
1603428947,111.077,0,0,-111.077,111.077,379,2,-6.65851,99.5,1.5,0,0,0,25
1604929052,98.1833,0,0,-98.1833,98.1833,484,8,-43.2459,134.246,1.5,0,0,0,25
1606428911,104.85,0,0,-104.85,104.85,343,20,25.7674,94.7674,1.5,0,0,0,25
1607428984,99.1008,0,0,-99.1008,99.1008,416,3,-45.5489,112.5,1.5,0,0,0,25
1608929064,107.973,0,0,-107.973,107.973,496,15,51.3206,135.321,1.5,0,0,0,25
1610929085,112.506,0,0,-112.506,112.506,517,10,-2,140.027,1.5,0,0,0,25
1621928930,96.9336,0,0,-96.9336,96.9336,362,5,-42,94.8306,1.5,0,0,0,25
1622429064,108.098,0,0,-108.098,108.098,496,18,65.4478,128.948,1.5,0,0,0,25
1622429068,98.6392,0,0,-98.6392,98.6392,500,12,-31,142.332,1.5,0,0,0,25
1629928772,88.6126,0,0,-88.6126,88.6126,204,4,-26.1886,52.6886,1.5,0,0,0,25
1630429008,119.932,0,0,-119.932,119.932,440,11,24.5,125.176,1.5,0,0,0,25
1633429005,105.373,0,0,-105.373,105.373,437,17,54,114.626,1.5,0,0,0,25
1635428899,98.3699,0,0,-98.3699,98.3699,331,13,38.4257,85.9257,1.5,0,0,0,25
1638928756,103.78,0,0,-103.78,103.78,188,6,3.5,48.7196,1.5,0,0,0,25
1638928805,108.296,0,0,-108.296,108.296,237,9,9.78419,64.2842,1.5,0,0,0,25
1639357357,87.6048,0,0,-87.6048,87.6048,216,19,20.7883,55.7117,1.5,0,0,0,25
1641428807,97.261,0,0,-97.261,97.261,239,1,-18.5956,63.9044,1.5,0,0,0,25
1646929071,99.752,0,0,-99.752,99.752,503,14,-55.2654,135.765,1.5,0,0,0,25
1648428777,90.9964,0,0,-90.9964,90.9964,209,7,16.1379,54.3621,1.5,0,0,0,25
1650000188,103.78,0,0,-103.78,103.78,188,0,0,0,25,6,3.5,48.7196,1.5
1650000204,88.6126,0,0,-88.6126,88.6126,204,0,0,0,25,4,-26.1886,52.6886,1.5
1650000209,90.9964,0,0,-90.9964,90.9964,209,0,0,0,25,7,16.1379,54.3621,1.5
1650000216,87.6048,0,0,-87.6048,87.6048,216,0,0,0,25,19,20.7883,55.7117,1.5
1650000237,108.296,0,0,-108.296,108.296,237,0,0,0,25,9,9.78419,64.2842,1.5
1650000239,97.261,0,0,-97.261,97.261,239,0,0,0,25,1,-18.5956,63.9044,1.5
1650000252,90.4945,0,0,-90.4945,90.4945,252,0,0,0,25,16,19.9289,66.9289,1.5
1650000331,98.3699,0,0,-98.3699,98.3699,331,0,0,0,25,13,38.4257,85.9257,1.5
1650000343,104.85,0,0,-104.85,104.85,343,0,0,0,25,20,25.7674,94.7674,1.5
1650000362,96.9336,0,0,-96.9336,96.9336,362,0,0,0,25,5,-42,94.8306,1.5
1650000379,111.077,0,0,-111.077,111.077,379,0,0,0,25,2,-6.65851,99.5,1.5
1650000416,99.1008,0,0,-99.1008,99.1008,416,0,0,0,25,3,-45.5489,112.5,1.5
1650000437,105.373,0,0,-105.373,105.373,437,0,0,0,25,17,54,114.626,1.5
1650000440,119.932,0,0,-119.932,119.932,440,0,0,0,25,11,24.5,125.176,1.5
1650000484,98.1833,0,0,-98.1833,98.1833,484,0,0,0,25,8,-43.2459,134.246,1.5
1650000496,107.973,0,0,-107.973,107.973,496,0,0,0,25,15,51.3206,135.321,1.5
1650000496,108.098,0,0,-108.098,108.098,496,0,0,0,25,18,65.4478,128.948,1.5
1650000500,98.6392,0,0,-98.6392,98.6392,500,0,0,0,25,12,-31,142.332,1.5
1650000503,99.752,0,0,-99.752,99.752,503,0,0,0,25,14,-55.2654,135.765,1.5
1650000517,112.506,0,0,-112.506,112.506,517,0,0,0,25,10,-2,140.027,1.5
1652428820,90.4945,0,0,-90.4945,90.4945,252,16,19.9289,66.9289,1.5,0,0,0,25
1653928947,111.077,0,0,-111.077,111.077,379,2,-6.65851,99.5,1.5,0,0,0,25
1654929052,98.1833,0,0,-98.1833,98.1833,484,8,-43.2459,134.246,1.5,0,0,0,25
1656428911,104.85,0,0,-104.85,104.85,343,20,25.7674,94.7674,1.5,0,0,0,25
1657928984,99.1008,0,0,-99.1008,99.1008,416,3,-45.5489,112.5,1.5,0,0,0,25
1658929064,107.973,0,0,-107.973,107.973,496,15,51.3206,135.321,1.5,0,0,0,25
1661429085,112.506,0,0,-112.506,112.506,517,10,-2,140.027,1.5,0,0,0,25
1672428930,96.9336,0,0,-96.9336,96.9336,362,5,-42,94.8306,1.5,0,0,0,25
1672429064,108.098,0,0,-108.098,108.098,496,18,65.4478,128.948,1.5,0,0,0,25
1672929068,98.6392,0,0,-98.6392,98.6392,500,12,-31,142.332,1.5,0,0,0,25
1680428772,88.6126,0,0,-88.6126,88.6126,204,4,-26.1886,52.6886,1.5,0,0,0,25
1680929008,119.932,0,0,-119.932,119.932,440,11,24.5,125.176,1.5,0,0,0,25
1685428899,98.3699,0,0,-98.3699,98.3699,331,13,38.4257,85.9257,1.5,0,0,0,25
1685429005,105.373,0,0,-105.373,105.373,437,17,54,114.626,1.5,0,0,0,25
1688928805,108.296,0,0,-108.296,108.296,237,9,9.78419,64.2842,1.5,0,0,0,25
1689428756,103.78,0,0,-103.78,103.78,188,6,3.5,48.7196,1.5,0,0,0,25
1689428784,87.6048,0,0,-87.6048,87.6048,216,19,20.7883,55.7117,1.5,0,0,0,25
1691928807,97.261,0,0,-97.261,97.261,239,1,-18.5956,63.9044,1.5,0,0,0,25
1696929071,99.752,0,0,-99.752,99.752,503,14,-55.2654,135.765,1.5,0,0,0,25
1698928777,90.9964,0,0,-90.9964,90.9964,209,7,16.1379,54.3621,1.5,0,0,0,25
1700000212,89.1745,0,0,-89.1745,89.1745,212,0,0,0,25,4,-26.2946,52.7946,1.5
1700035895,103.707,0,0,-103.707,103.707,180,0,0,0,25,6,3.5,48.5696,1.5
1700035920,88.5693,0,0,-88.5693,88.5693,205,0,0,0,25,7,16.2439,54.2561,1.5
1700035928,91.0411,0,0,-91.0411,91.0411,213,0,0,0,25,19,20.8944,55.6056,1.5
1700035945,108.501,0,0,-108.501,108.501,230,0,0,0,25,9,9.67812,64.1781,1.5
1700035950,84.8861,0,0,-84.8861,84.8861,235,0,0,0,25,1,-18.7017,63.7983,1.5
1700035960,92.0473,0,0,-92.0473,92.0473,245,0,0,0,25,16,19.8228,66.8228,1.5
1700036038,100.48,0,0,-100.48,100.48,323,0,0,0,25,13,38.3196,85.8196,1.5
1700036051,101.361,0,0,-101.361,101.361,336,0,0,0,25,20,25.6614,94.6614,1.5
1700036057,109.292,0,0,-109.292,109.292,342,0,0,0,25,2,-6.80851,99.5,1.5
1700036069,96.1313,0,0,-96.1313,96.1313,354,0,0,0,25,5,-42,94.6806,1.5
1700036127,97.3629,0,0,-97.3629,97.3629,412,0,0,0,25,3,-45.3989,112.5,1.5
1700036144,104.61,0,0,-104.61,104.61,429,0,0,0,25,17,54,114.476,1.5
1700036147,119.769,0,0,-119.769,119.769,432,0,0,0,25,11,24.5,125.026,1.5
1700036192,97.625,0,0,-97.625,97.625,477,0,0,0,25,8,-43.1398,134.14,1.5
1700036203,111.699,0,0,-111.699,111.699,488,0,0,0,25,18,65.3418,128.842,1.5
1700036204,108.755,0,0,-108.755,108.755,489,0,0,0,25,15,51.2145,135.215,1.5
1700036207,99.8368,0,0,-99.8368,99.8368,492,0,0,0,25,12,-31,142.182,1.5
1700036210,99.7676,0,0,-99.7676,99.7676,495,0,0,0,25,14,-55.1593,135.659,1.5
1700036224,111.823,0,0,-111.823,111.823,509,0,0,0,25,10,-2,139.877,1.5
1702928813,92.0473,0,0,-92.0473,92.0473,245,16,19.8228,66.8228,1.5,0,0,0,25
1704428910,109.292,0,0,-109.292,109.292,342,2,-6.80851,99.5,1.5,0,0,0,25
1705429045,97.625,0,0,-97.625,97.625,477,8,-43.1398,134.14,1.5,0,0,0,25
1706928904,101.361,0,0,-101.361,101.361,336,20,25.6614,94.6614,1.5,0,0,0,25
1708428980,97.3629,0,0,-97.3629,97.3629,412,3,-45.3989,112.5,1.5,0,0,0,25
1709429057,108.755,0,0,-108.755,108.755,489,15,51.2145,135.215,1.5,0,0,0,25
1711929077,111.823,0,0,-111.823,111.823,509,10,-2,139.877,1.5,0,0,0,25
1722928922,96.1313,0,0,-96.1313,96.1313,354,5,-42,94.6806,1.5,0,0,0,25
1723429056,111.699,0,0,-111.699,111.699,488,18,65.3418,128.842,1.5,0,0,0,25
1723429060,99.8368,0,0,-99.8368,99.8368,492,12,-31,142.182,1.5,0,0,0,25
1730928780,89.1745,0,0,-89.1745,89.1745,212,4,-26.2946,52.7946,1.5,0,0,0,25
1731429000,119.769,0,0,-119.769,119.769,432,11,24.5,125.026,1.5,0,0,0,25
1735928891,100.48,0,0,-100.48,100.48,323,13,38.3196,85.8196,1.5,0,0,0,25
1737428997,104.61,0,0,-104.61,104.61,429,17,54,114.476,1.5,0,0,0,25
1739928748,103.707,0,0,-103.707,103.707,180,6,3.5,48.5696,1.5,0,0,0,25
1739928781,91.0411,0,0,-91.0411,91.0411,213,19,20.8944,55.6056,1.5,0,0,0,25
1739928798,108.501,0,0,-108.501,108.501,230,9,9.67812,64.1781,1.5,0,0,0,25
1742428803,84.8861,0,0,-84.8861,84.8861,235,1,-18.7017,63.7983,1.5,0,0,0,25
1749428773,88.5693,0,0,-88.5693,88.5693,205,7,16.2439,54.2561,1.5,0,0,0,25
1750000212,89.1745,0,0,-89.1745,89.1745,212,0,0,0,25,4,-26.2946,52.7946,1.5
1750035895,103.707,0,0,-103.707,103.707,180,0,0,0,25,6,3.5,48.5696,1.5
1750035920,88.5693,0,0,-88.5693,88.5693,205,0,0,0,25,7,16.2439,54.2561,1.5
1750035928,91.0411,0,0,-91.0411,91.0411,213,0,0,0,25,19,20.8944,55.6056,1.5
1750035945,108.501,0,0,-108.501,108.501,230,0,0,0,25,9,9.67812,64.1781,1.5
1750035950,84.8861,0,0,-84.8861,84.8861,235,0,0,0,25,1,-18.7017,63.7983,1.5
1750035960,92.0473,0,0,-92.0473,92.0473,245,0,0,0,25,16,19.8228,66.8228,1.5
1750036038,100.48,0,0,-100.48,100.48,323,0,0,0,25,13,38.3196,85.8196,1.5
1750036051,101.361,0,0,-101.361,101.361,336,0,0,0,25,20,25.6614,94.6614,1.5
1750036057,109.292,0,0,-109.292,109.292,342,0,0,0,25,2,-6.80851,99.5,1.5
1750036069,96.1313,0,0,-96.1313,96.1313,354,0,0,0,25,5,-42,94.6806,1.5
1750036127,97.3629,0,0,-97.3629,97.3629,412,0,0,0,25,3,-45.3989,112.5,1.5
1750036144,104.61,0,0,-104.61,104.61,429,0,0,0,25,17,54,114.476,1.5
1750036147,119.769,0,0,-119.769,119.769,432,0,0,0,25,11,24.5,125.026,1.5
1750036192,97.625,0,0,-97.625,97.625,477,0,0,0,25,8,-43.1398,134.14,1.5
1750036203,111.699,0,0,-111.699,111.699,488,0,0,0,25,18,65.3418,128.842,1.5
1750036204,108.755,0,0,-108.755,108.755,489,0,0,0,25,15,51.2145,135.215,1.5
1750036207,99.8368,0,0,-99.8368,99.8368,492,0,0,0,25,12,-31,142.182,1.5
1750036210,99.7676,0,0,-99.7676,99.7676,495,0,0,0,25,14,-55.1593,135.659,1.5
1750036224,111.823,0,0,-111.823,111.823,509,0,0,0,25,10,-2,139.877,1.5
1752928813,92.0473,0,0,-92.0473,92.0473,245,16,19.8228,66.8228,1.5,0,0,0,25
1754928910,109.292,0,0,-109.292,109.292,342,2,-6.80851,99.5,1.5,0,0,0,25
1755429063,99.7676,0,0,-99.7676,99.7676,495,14,-55.1593,135.659,1.5,0,0,0,25
1755929045,97.625,0,0,-97.625,97.625,477,8,-43.1398,134.14,1.5,0,0,0,25
1756928904,101.361,0,0,-101.361,101.361,336,20,25.6614,94.6614,1.5,0,0,0,25
1758428980,97.3629,0,0,-97.3629,97.3629,412,3,-45.3989,112.5,1.5,0,0,0,25
1759429057,108.755,0,0,-108.755,108.755,489,15,51.2145,135.215,1.5,0,0,0,25
1761929077,111.823,0,0,-111.823,111.823,509,10,-2,139.877,1.5,0,0,0,25
1773428922,96.1313,0,0,-96.1313,96.1313,354,5,-42,94.6806,1.5,0,0,0,25
1773929056,111.699,0,0,-111.699,111.699,488,18,65.3418,128.842,1.5,0,0,0,25
1773929060,99.8368,0,0,-99.8368,99.8368,492,12,-31,142.182,1.5,0,0,0,25
1780928780,89.1745,0,0,-89.1745,89.1745,212,4,-26.2946,52.7946,1.5,0,0,0,25
1781429000,119.769,0,0,-119.769,119.769,432,11,24.5,125.026,1.5,0,0,0,25
1785928891,100.48,0,0,-100.48,100.48,323,13,38.3196,85.8196,1.5,0,0,0,25
1789428997,104.61,0,0,-104.61,104.61,429,17,54,114.476,1.5,0,0,0,25
1789928748,103.707,0,0,-103.707,103.707,180,6,3.5,48.5696,1.5,0,0,0,25
1789928798,108.501,0,0,-108.501,108.501,230,9,9.67812,64.1781,1.5,0,0,0,25
1790428781,91.0411,0,0,-91.0411,91.0411,213,19,20.8944,55.6056,1.5,0,0,0,25
1792928803,84.8861,0,0,-84.8861,84.8861,235,1,-18.7017,63.7983,1.5,0,0,0,25
1799428773,88.5693,0,0,-88.5693,88.5693,205,7,16.2439,54.2561,1.5,0,0,0,25
1800000212,89.1745,0,0,-89.1745,89.1745,212,0,0,0,25,4,-26.4007,52.9007,1.5
1800035895,103.707,0,0,-103.707,103.707,180,0,0,0,25,6,3.5,48.4196,1.5
1800035920,88.5693,0,0,-88.5693,88.5693,205,0,0,0,25,7,16.35,54.15,1.5
1800035928,91.0411,0,0,-91.0411,91.0411,213,0,0,0,25,19,21.0004,55.4996,1.5
1800035945,108.501,0,0,-108.501,108.501,230,0,0,0,25,9,9.57205,64.0721,1.5
1800035950,84.8861,0,0,-84.8861,84.8861,235,0,0,0,25,1,-18.8077,63.6923,1.5
1800035960,92.0473,0,0,-92.0473,92.0473,245,0,0,0,25,16,19.7168,66.7168,1.5
1800036038,100.48,0,0,-100.48,100.48,323,0,0,0,25,13,38.2135,85.7135,1.5
1800036051,101.361,0,0,-101.361,101.361,336,0,0,0,25,20,25.5553,94.5553,1.5
1800036057,109.292,0,0,-109.292,109.292,342,0,0,0,25,2,-6.95851,99.5,1.5
1800036069,96.1313,0,0,-96.1313,96.1313,354,0,0,0,25,5,-42,94.5306,1.5
1800036127,97.3629,0,0,-97.3629,97.3629,412,0,0,0,25,3,-45.2489,112.5,1.5
1800036144,104.61,0,0,-104.61,104.61,429,0,0,0,25,17,54,114.326,1.5
1800036147,119.769,0,0,-119.769,119.769,432,0,0,0,25,11,24.5,124.876,1.5
1800036192,97.625,0,0,-97.625,97.625,477,0,0,0,25,8,-43.0338,134.034,1.5
1800036203,111.699,0,0,-111.699,111.699,488,0,0,0,25,18,65.2357,128.736,1.5
1800036204,108.755,0,0,-108.755,108.755,489,0,0,0,25,15,51.1085,135.108,1.5
1800036207,99.8368,0,0,-99.8368,99.8368,492,0,0,0,25,12,-31,142.032,1.5
1800036210,99.7676,0,0,-99.7676,99.7676,495,0,0,0,25,14,-55.0532,135.553,1.5
1800036224,111.823,0,0,-111.823,111.823,509,0,0,0,25,10,-2,139.727,1.5
1802928813,92.0473,0,0,-92.0473,92.0473,245,16,19.7168,66.7168,1.5,0,0,0,25
1805428910,109.292,0,0,-109.292,109.292,342,2,-6.95851,99.5,1.5,0,0,0,25
1806429045,97.625,0,0,-97.625,97.625,477,8,-43.0338,134.034,1.5,0,0,0,25
1806429063,99.7676,0,0,-99.7676,99.7676,495,14,-55.0532,135.553,1.5,0,0,0,25
1806928904,101.361,0,0,-101.361,101.361,336,20,25.5553,94.5553,1.5,0,0,0,25
1808928980,97.3629,0,0,-97.3629,97.3629,412,3,-45.2489,112.5,1.5,0,0,0,25
1809429057,108.755,0,0,-108.755,108.755,489,15,51.1085,135.108,1.5,0,0,0,25
1812429077,111.823,0,0,-111.823,111.823,509,10,-2,139.727,1.5,0,0,0,25
1823928922,96.1313,0,0,-96.1313,96.1313,354,5,-42,94.5306,1.5,0,0,0,25
1823929056,111.699,0,0,-111.699,111.699,488,18,65.2357,128.736,1.5,0,0,0,25
1824429060,99.8368,0,0,-99.8368,99.8368,492,12,-31,142.032,1.5,0,0,0,25
1831428780,89.1745,0,0,-89.1745,89.1745,212,4,-26.4007,52.9007,1.5,0,0,0,25
1831929000,119.769,0,0,-119.769,119.769,432,11,24.5,124.876,1.5,0,0,0,25
1835928891,100.48,0,0,-100.48,100.48,323,13,38.2135,85.7135,1.5,0,0,0,25
1840428748,103.707,0,0,-103.707,103.707,180,6,3.5,48.4196,1.5,0,0,0,25
1840428781,91.0411,0,0,-91.0411,91.0411,213,19,21.0004,55.4996,1.5,0,0,0,25
1840428798,108.501,0,0,-108.501,108.501,230,9,9.57205,64.0721,1.5,0,0,0,25
1841428997,104.61,0,0,-104.61,104.61,429,17,54,114.326,1.5,0,0,0,25
1843428803,84.8861,0,0,-84.8861,84.8861,235,1,-18.8077,63.6923,1.5,0,0,0,25
1849928773,88.5693,0,0,-88.5693,88.5693,205,7,16.35,54.15,1.5,0,0,0,25
1850000212,89.1745,0,0,-89.1745,89.1745,212,0,0,0,25,4,-26.4007,52.9007,1.5
1850035895,103.707,0,0,-103.707,103.707,180,0,0,0,25,6,3.5,48.4196,1.5
1850035920,88.5693,0,0,-88.5693,88.5693,205,0,0,0,25,7,16.35,54.15,1.5
1850035928,91.0411,0,0,-91.0411,91.0411,213,0,0,0,25,19,21.0004,55.4996,1.5
1850035945,108.501,0,0,-108.501,108.501,230,0,0,0,25,9,9.57205,64.0721,1.5
1850035950,84.8861,0,0,-84.8861,84.8861,235,0,0,0,25,1,-18.8077,63.6923,1.5
1850035960,92.0473,0,0,-92.0473,92.0473,245,0,0,0,25,16,19.7168,66.7168,1.5
1850036038,100.48,0,0,-100.48,100.48,323,0,0,0,25,13,38.2135,85.7135,1.5
1850036051,101.361,0,0,-101.361,101.361,336,0,0,0,25,20,25.5553,94.5553,1.5
1850036057,109.292,0,0,-109.292,109.292,342,0,0,0,25,2,-6.95851,99.5,1.5
1850036069,96.1313,0,0,-96.1313,96.1313,354,0,0,0,25,5,-42,94.5306,1.5
1850036127,97.3629,0,0,-97.3629,97.3629,412,0,0,0,25,3,-45.2489,112.5,1.5
1850036144,104.61,0,0,-104.61,104.61,429,0,0,0,25,17,54,114.326,1.5
1850036147,119.769,0,0,-119.769,119.769,432,0,0,0,25,11,24.5,124.876,1.5
1850036192,97.625,0,0,-97.625,97.625,477,0,0,0,25,8,-43.0338,134.034,1.5
1850036203,111.699,0,0,-111.699,111.699,488,0,0,0,25,18,65.2357,128.736,1.5
1850036204,108.755,0,0,-108.755,108.755,489,0,0,0,25,15,51.1085,135.108,1.5
1850036207,99.8368,0,0,-99.8368,99.8368,492,0,0,0,25,12,-31,142.032,1.5
1850036210,99.7676,0,0,-99.7676,99.7676,495,0,0,0,25,14,-55.0532,135.553,1.5
1850036224,111.823,0,0,-111.823,111.823,509,0,0,0,25,10,-2,139.727,1.5
1852928813,92.0473,0,0,-92.0473,92.0473,245,16,19.7168,66.7168,1.5,0,0,0,25
1855428910,109.292,0,0,-109.292,109.292,342,2,-6.95851,99.5,1.5,0,0,0,25
1856429063,99.7676,0,0,-99.7676,99.7676,495,14,-55.0532,135.553,1.5,0,0,0,25
1856929045,97.625,0,0,-97.625,97.625,477,8,-43.0338,134.034,1.5,0,0,0,25
1857428904,101.361,0,0,-101.361,101.361,336,20,25.5553,94.5553,1.5,0,0,0,25
1859428980,97.3629,0,0,-97.3629,97.3629,412,3,-45.2489,112.5,1.5,0,0,0,25
1859429057,108.755,0,0,-108.755,108.755,489,15,51.1085,135.108,1.5,0,0,0,25
1862929077,111.823,0,0,-111.823,111.823,509,10,-2,139.727,1.5,0,0,0,25
1873928922,96.1313,0,0,-96.1313,96.1313,354,5,-42,94.5306,1.5,0,0,0,25
1873929056,111.699,0,0,-111.699,111.699,488,18,65.2357,128.736,1.5,0,0,0,25
1874429060,99.8368,0,0,-99.8368,99.8368,492,12,-31,142.032,1.5,0,0,0,25
1881928780,89.1745,0,0,-89.1745,89.1745,212,4,-26.4007,52.9007,1.5,0,0,0,25
1882429000,119.769,0,0,-119.769,119.769,432,11,24.5,124.876,1.5,0,0,0,25
1885928891,100.48,0,0,-100.48,100.48,323,13,38.2135,85.7135,1.5,0,0,0,25
1890428781,91.0411,0,0,-91.0411,91.0411,213,19,21.0004,55.4996,1.5,0,0,0,25
1890928748,103.707,0,0,-103.707,103.707,180,6,3.5,48.4196,1.5,0,0,0,25
1890928798,108.501,0,0,-108.501,108.501,230,9,9.57205,64.0721,1.5,0,0,0,25
1893428803,84.8861,0,0,-84.8861,84.8861,235,1,-18.8077,63.6923,1.5,0,0,0,25
1893428997,104.61,0,0,-104.61,104.61,429,17,54,114.326,1.5,0,0,0,25
1900000212,89.1745,0,0,-89.1745,89.1745,212,0,0,0,25,4,-26.5068,53.0068,1.5
1900035895,103.707,0,0,-103.707,103.707,180,0,0,0,25,6,3.5,48.2696,1.5
1900035920,88.5693,0,0,-88.5693,88.5693,205,0,0,0,25,7,16.4561,54.0439,1.5
1900035928,91.0411,0,0,-91.0411,91.0411,213,0,0,0,25,19,21.1065,55.3935,1.5
1900035945,108.501,0,0,-108.501,108.501,230,0,0,0,25,9,9.46599,63.966,1.5
1900035950,84.8861,0,0,-84.8861,84.8861,235,0,0,0,25,1,-18.9138,63.5862,1.5
1900035960,92.0473,0,0,-92.0473,92.0473,245,0,0,0,25,16,19.6107,66.6107,1.5
1900036038,100.48,0,0,-100.48,100.48,323,0,0,0,25,13,38.1075,85.6075,1.5
1900036051,101.361,0,0,-101.361,101.361,336,0,0,0,25,20,25.4492,94.4492,1.5
1900036057,109.292,0,0,-109.292,109.292,342,0,0,0,25,2,-7.10851,99.5,1.5
1900036069,96.1313,0,0,-96.1313,96.1313,354,0,0,0,25,5,-42,94.3806,1.5
1900036127,97.3629,0,0,-97.3629,97.3629,412,0,0,0,25,3,-45.0989,112.5,1.5
1900036144,104.61,0,0,-104.61,104.61,429,0,0,0,25,17,54,114.176,1.5
1900036147,119.769,0,0,-119.769,119.769,432,0,0,0,25,11,24.5,124.726,1.5
1900036192,97.625,0,0,-97.625,97.625,477,0,0,0,25,8,-43,133.898,1.5
1900036203,111.699,0,0,-111.699,111.699,488,0,0,0,25,18,65.1296,128.63,1.5
1900036204,108.755,0,0,-108.755,108.755,489,0,0,0,25,15,51.0024,135.002,1.5
1900036207,99.8368,0,0,-99.8368,99.8368,492,0,0,0,25,12,-31,141.882,1.5
1900036210,99.7676,0,0,-99.7676,99.7676,495,0,0,0,25,14,-54.9472,135.447,1.5
1900036224,111.823,0,0,-111.823,111.823,509,0,0,0,25,10,-2,139.577,1.5
1900428773,88.5693,0,0,-88.5693,88.5693,205,7,16.4561,54.0439,1.5,0,0,0,25
1902928813,92.0473,0,0,-92.0473,92.0473,245,16,19.6107,66.6107,1.5,0,0,0,25
1905928910,109.292,0,0,-109.292,109.292,342,2,-7.10851,99.5,1.5,0,0,0,25
1906429063,99.7676,0,0,-99.7676,99.7676,495,14,-54.9472,135.447,1.5,0,0,0,25
1906929045,97.625,0,0,-97.625,97.625,477,8,-43,133.898,1.5,0,0,0,25
1907428904,101.361,0,0,-101.361,101.361,336,20,25.4492,94.4492,1.5,0,0,0,25
1909429057,108.755,0,0,-108.755,108.755,489,15,51.0024,135.002,1.5,0,0,0,25
1909928980,97.3629,0,0,-97.3629,97.3629,412,3,-45.0989,112.5,1.5,0,0,0,25
1913429077,111.823,0,0,-111.823,111.823,509,10,-2,139.577,1.5,0,0,0,25
1923929056,111.699,0,0,-111.699,111.699,488,18,65.1296,128.63,1.5,0,0,0,25
1924428922,96.1313,0,0,-96.1313,96.1313,354,5,-42,94.3806,1.5,0,0,0,25
1924929060,99.8368,0,0,-99.8368,99.8368,492,12,-31,141.882,1.5,0,0,0,25
1931928780,89.1745,0,0,-89.1745,89.1745,212,4,-26.5068,53.0068,1.5,0,0,0,25
1932929000,119.769,0,0,-119.769,119.769,432,11,24.5,124.726,1.5,0,0,0,25
1935928891,100.48,0,0,-100.48,100.48,323,13,38.1075,85.6075,1.5,0,0,0,25
1940428781,91.0411,0,0,-91.0411,91.0411,213,19,21.1065,55.3935,1.5,0,0,0,25
1940928798,108.501,0,0,-108.501,108.501,230,9,9.46599,63.966,1.5,0,0,0,25
1941428748,103.707,0,0,-103.707,103.707,180,6,3.5,48.2696,1.5,0,0,0,25
1943928803,84.8861,0,0,-84.8861,84.8861,235,1,-18.9138,63.5862,1.5,0,0,0,25
1945428997,104.61,0,0,-104.61,104.61,429,17,54,114.176,1.5,0,0,0,25
1950000212,89.1745,0,0,-89.1745,89.1745,212,0,0,0,25,4,-26.5068,53.0068,1.5
1950035895,103.707,0,0,-103.707,103.707,180,0,0,0,25,6,3.5,48.2696,1.5
1950035920,88.5693,0,0,-88.5693,88.5693,205,0,0,0,25,7,16.4561,54.0439,1.5
1950035928,91.0411,0,0,-91.0411,91.0411,213,0,0,0,25,19,21.1065,55.3935,1.5
1950035945,108.501,0,0,-108.501,108.501,230,0,0,0,25,9,9.46599,63.966,1.5
1950035950,84.8861,0,0,-84.8861,84.8861,235,0,0,0,25,1,-18.9138,63.5862,1.5
1950035960,92.0473,0,0,-92.0473,92.0473,245,0,0,0,25,16,19.6107,66.6107,1.5
1950036038,100.48,0,0,-100.48,100.48,323,0,0,0,25,13,38.1075,85.6075,1.5
1950036051,101.361,0,0,-101.361,101.361,336,0,0,0,25,20,25.4492,94.4492,1.5
1950036057,109.292,0,0,-109.292,109.292,342,0,0,0,25,2,-7.10851,99.5,1.5
1950036069,96.1313,0,0,-96.1313,96.1313,354,0,0,0,25,5,-42,94.3806,1.5
1950036127,97.3629,0,0,-97.3629,97.3629,412,0,0,0,25,3,-45.0989,112.5,1.5
1950036144,104.61,0,0,-104.61,104.61,429,0,0,0,25,17,54,114.176,1.5
1950036147,119.769,0,0,-119.769,119.769,432,0,0,0,25,11,24.5,124.726,1.5
1950036192,97.625,0,0,-97.625,97.625,477,0,0,0,25,8,-43,133.898,1.5
1950036203,111.699,0,0,-111.699,111.699,488,0,0,0,25,18,65.1296,128.63,1.5
1950036204,108.755,0,0,-108.755,108.755,489,0,0,0,25,15,51.0024,135.002,1.5
1950036207,99.8368,0,0,-99.8368,99.8368,492,0,0,0,25,12,-31,141.882,1.5
1950036210,99.7676,0,0,-99.7676,99.7676,495,0,0,0,25,14,-54.9472,135.447,1.5
1950036224,111.823,0,0,-111.823,111.823,509,0,0,0,25,10,-2,139.577,1.5
1950928773,88.5693,0,0,-88.5693,88.5693,205,7,16.4561,54.0439,1.5,0,0,0,25
1952928813,92.0473,0,0,-92.0473,92.0473,245,16,19.6107,66.6107,1.5,0,0,0,25
1955928910,109.292,0,0,-109.292,109.292,342,2,-7.10851,99.5,1.5,0,0,0,25
1956429063,99.7676,0,0,-99.7676,99.7676,495,14,-54.9472,135.447,1.5,0,0,0,25
1957428904,101.361,0,0,-101.361,101.361,336,20,25.4492,94.4492,1.5,0,0,0,25
1957429045,97.625,0,0,-97.625,97.625,477,8,-43,133.898,1.5,0,0,0,25
1959429057,108.755,0,0,-108.755,108.755,489,15,51.0024,135.002,1.5,0,0,0,25
1960428980,97.3629,0,0,-97.3629,97.3629,412,3,-45.0989,112.5,1.5,0,0,0,25
1963429077,111.823,0,0,-111.823,111.823,509,10,-2,139.577,1.5,0,0,0,25
1974429056,111.699,0,0,-111.699,111.699,488,18,65.1296,128.63,1.5,0,0,0,25
1974928922,96.1313,0,0,-96.1313,96.1313,354,5,-42,94.3806,1.5,0,0,0,25
1975429060,99.8368,0,0,-99.8368,99.8368,492,12,-31,141.882,1.5,0,0,0,25
1981928780,89.1745,0,0,-89.1745,89.1745,212,4,-26.5068,53.0068,1.5,0,0,0,25
1983429000,119.769,0,0,-119.769,119.769,432,11,24.5,124.726,1.5,0,0,0,25
1985928891,100.48,0,0,-100.48,100.48,323,13,38.1075,85.6075,1.5,0,0,0,25
1990428781,91.0411,0,0,-91.0411,91.0411,213,19,21.1065,55.3935,1.5,0,0,0,25
1991393084,108.501,0,0,-108.501,108.501,230,9,9.46599,63.966,1.5,0,0,0,25
1991928748,103.707,0,0,-103.707,103.707,180,6,3.5,48.2696,1.5,0,0,0,25
1994428803,84.8861,0,0,-84.8861,84.8861,235,1,-18.9138,63.5862,1.5,0,0,0,25
1997393283,104.61,0,0,-104.61,104.61,429,17,54,114.176,1.5,0,0,0,25
2000000212,89.1745,0,0,-89.1745,89.1745,212,0,0,0,25,4,-26.6128,53.1128,1.5
2000035895,103.707,0,0,-103.707,103.707,180,0,0,0,25,6,3.5,48.1196,1.5
2000035920,88.5693,0,0,-88.5693,88.5693,205,0,0,0,25,7,16.5621,53.9379,1.5
2000035928,91.0411,0,0,-91.0411,91.0411,213,0,0,0,25,19,21.2126,55.2874,1.5
2000035945,108.501,0,0,-108.501,108.501,230,0,0,0,25,9,9.35992,63.8599,1.5
2000035950,84.8861,0,0,-84.8861,84.8861,235,0,0,0,25,1,-19.0199,63.4801,1.5
2000035960,92.0473,0,0,-92.0473,92.0473,245,0,0,0,25,16,19.5046,66.5046,1.5
2000036038,100.48,0,0,-100.48,100.48,323,0,0,0,25,13,38.0014,85.5014,1.5
2000036051,101.361,0,0,-101.361,101.361,336,0,0,0,25,20,25.3432,94.3432,1.5
2000036057,109.292,0,0,-109.292,109.292,342,0,0,0,25,2,-7.25851,99.5,1.5
2000036069,96.1313,0,0,-96.1313,96.1313,354,0,0,0,25,5,-42,94.2306,1.5
2000036127,97.3629,0,0,-97.3629,97.3629,412,0,0,0,25,3,-44.9489,112.5,1.5
2000036144,104.61,0,0,-104.61,104.61,429,0,0,0,25,17,54,114.026,1.5
2000036147,119.769,0,0,-119.769,119.769,432,0,0,0,25,11,24.5,124.576,1.5
2000036192,97.625,0,0,-97.625,97.625,477,0,0,0,25,8,-43,133.748,1.5
2000036203,111.699,0,0,-111.699,111.699,488,0,0,0,25,18,65.0236,128.524,1.5
2000036204,108.755,0,0,-108.755,108.755,489,0,0,0,25,15,50.8963,134.896,1.5
2000036207,99.8368,0,0,-99.8368,99.8368,492,0,0,0,25,12,-31,141.732,1.5
2000036210,99.7676,0,0,-99.7676,99.7676,495,0,0,0,25,14,-54.8411,135.341,1.5
2000036224,111.823,0,0,-111.823,111.823,509,0,0,0,25,10,-2,139.427,1.5
2001428773,88.5693,0,0,-88.5693,88.5693,205,7,16.5621,53.9379,1.5,0,0,0,25
2002928813,92.0473,0,0,-92.0473,92.0473,245,16,19.5046,66.5046,1.5,0,0,0,25
2005928910,109.292,0,0,-109.292,109.292,342,2,-7.25851,99.5,1.5,0,0,0,25
2006429063,99.7676,0,0,-99.7676,99.7676,495,14,-54.8411,135.341,1.5,0,0,0,25
2007428904,101.361,0,0,-101.361,101.361,336,20,25.3432,94.3432,1.5,0,0,0,25
2007929045,97.625,0,0,-97.625,97.625,477,8,-43,133.748,1.5,0,0,0,25
2009429057,108.755,0,0,-108.755,108.755,489,15,50.8963,134.896,1.5,0,0,0,25
2010428980,97.3629,0,0,-97.3629,97.3629,412,3,-44.9489,112.5,1.5,0,0,0,25
2013929077,111.823,0,0,-111.823,111.823,509,10,-2,139.427,1.5,0,0,0,25
2024429056,111.699,0,0,-111.699,111.699,488,18,65.0236,128.524,1.5,0,0,0,25
2025428922,96.1313,0,0,-96.1313,96.1313,354,5,-42,94.2306,1.5,0,0,0,25
2025929060,99.8368,0,0,-99.8368,99.8368,492,12,-31,141.732,1.5,0,0,0,25
2031928780,89.1745,0,0,-89.1745,89.1745,212,4,-26.6128,53.1128,1.5,0,0,0,25
2033929000,119.769,0,0,-119.769,119.769,432,11,24.5,124.576,1.5,0,0,0,25
2035928891,100.48,0,0,-100.48,100.48,323,13,38.0014,85.5014,1.5,0,0,0,25
2040428781,91.0411,0,0,-91.0411,91.0411,213,19,21.2126,55.2874,1.5,0,0,0,25
2041928748,103.707,0,0,-103.707,103.707,180,6,3.5,48.1196,1.5,0,0,0,25
2041928798,108.501,0,0,-108.501,108.501,230,9,9.35992,63.8599,1.5,0,0,0,25
2044893089,84.8861,0,0,-84.8861,84.8861,235,1,-19.0199,63.4801,1.5,0,0,0,25
2049428997,104.61,0,0,-104.61,104.61,429,17,54,114.026,1.5,0,0,0,25
2050000212,89.1745,0,0,-89.1745,89.1745,212,0,0,0,25,4,-26.6128,53.1128,1.5
2050035895,103.707,0,0,-103.707,103.707,180,0,0,0,25,6,3.5,48.1196,1.5
2050035920,88.5693,0,0,-88.5693,88.5693,205,0,0,0,25,7,16.5621,53.9379,1.5
2050035928,91.0411,0,0,-91.0411,91.0411,213,0,0,0,25,19,21.2126,55.2874,1.5
2050035945,108.501,0,0,-108.501,108.501,230,0,0,0,25,9,9.35992,63.8599,1.5
2050035950,84.8861,0,0,-84.8861,84.8861,235,0,0,0,25,1,-19.0199,63.4801,1.5
2050035960,92.0473,0,0,-92.0473,92.0473,245,0,0,0,25,16,19.5046,66.5046,1.5
2050036038,100.48,0,0,-100.48,100.48,323,0,0,0,25,13,38.0014,85.5014,1.5
2050036051,101.361,0,0,-101.361,101.361,336,0,0,0,25,20,25.3432,94.3432,1.5
2050036057,109.292,0,0,-109.292,109.292,342,0,0,0,25,2,-7.25851,99.5,1.5
2050036069,96.1313,0,0,-96.1313,96.1313,354,0,0,0,25,5,-42,94.2306,1.5
2050036127,97.3629,0,0,-97.3629,97.3629,412,0,0,0,25,3,-44.9489,112.5,1.5
2050036144,104.61,0,0,-104.61,104.61,429,0,0,0,25,17,54,114.026,1.5
2050036147,119.769,0,0,-119.769,119.769,432,0,0,0,25,11,24.5,124.576,1.5
2050036192,97.625,0,0,-97.625,97.625,477,0,0,0,25,8,-43,133.748,1.5
2050036203,111.699,0,0,-111.699,111.699,488,0,0,0,25,18,65.0236,128.524,1.5
2050036204,108.755,0,0,-108.755,108.755,489,0,0,0,25,15,50.8963,134.896,1.5
2050036207,99.8368,0,0,-99.8368,99.8368,492,0,0,0,25,12,-31,141.732,1.5
2050036210,99.7676,0,0,-99.7676,99.7676,495,0,0,0,25,14,-54.8411,135.341,1.5
2050036224,111.823,0,0,-111.823,111.823,509,0,0,0,25,10,-2,139.427,1.5
2051428773,88.5693,0,0,-88.5693,88.5693,205,7,16.5621,53.9379,1.5,0,0,0,25
2052928813,92.0473,0,0,-92.0473,92.0473,245,16,19.5046,66.5046,1.5,0,0,0,25
2055928910,109.292,0,0,-109.292,109.292,342,2,-7.25851,99.5,1.5,0,0,0,25
2056429063,99.7676,0,0,-99.7676,99.7676,495,14,-54.8411,135.341,1.5,0,0,0,25
2057928904,101.361,0,0,-101.361,101.361,336,20,25.3432,94.3432,1.5,0,0,0,25
2058429045,97.625,0,0,-97.625,97.625,477,8,-43,133.748,1.5,0,0,0,25
2059429057,108.755,0,0,-108.755,108.755,489,15,50.8963,134.896,1.5,0,0,0,25
2060428980,97.3629,0,0,-97.3629,97.3629,412,3,-44.9489,112.5,1.5,0,0,0,25
2064429077,111.823,0,0,-111.823,111.823,509,10,-2,139.427,1.5,0,0,0,25
2074429056,111.699,0,0,-111.699,111.699,488,18,65.0236,128.524,1.5,0,0,0,25
2075928922,96.1313,0,0,-96.1313,96.1313,354,5,-42,94.2306,1.5,0,0,0,25
2076429060,99.8368,0,0,-99.8368,99.8368,492,12,-31,141.732,1.5,0,0,0,25
2081928780,89.1745,0,0,-89.1745,89.1745,212,4,-26.6128,53.1128,1.5,0,0,0,25
2083929000,119.769,0,0,-119.769,119.769,432,11,24.5,124.576,1.5,0,0,0,25
2085928891,100.48,0,0,-100.48,100.48,323,13,38.0014,85.5014,1.5,0,0,0,25
2090428781,91.0411,0,0,-91.0411,91.0411,213,19,21.2126,55.2874,1.5,0,0,0,25
2092428748,103.707,0,0,-103.707,103.707,180,6,3.5,48.1196,1.5,0,0,0,25
2092428798,108.501,0,0,-108.501,108.501,230,9,9.35992,63.8599,1.5,0,0,0,25
2095428803,84.8861,0,0,-84.8861,84.8861,235,1,-19.0199,63.4801,1.5,0,0,0,25
2100000212,89.1745,0,0,-89.1745,89.1745,212,0,0,0,25,4,-26.7189,53.2189,1.5
2100035895,103.707,0,0,-103.707,103.707,180,0,0,0,25,6,3.5,47.9696,1.5
2100035920,88.5693,0,0,-88.5693,88.5693,205,0,0,0,25,7,16.6682,53.8318,1.5
2100035928,91.0411,0,0,-91.0411,91.0411,213,0,0,0,25,19,21.3186,55.1814,1.5
2100035945,108.501,0,0,-108.501,108.501,230,0,0,0,25,9,9.25386,63.7539,1.5
2100035950,84.8861,0,0,-84.8861,84.8861,235,0,0,0,25,1,-19.1259,63.3741,1.5
2100035960,92.0473,0,0,-92.0473,92.0473,245,0,0,0,25,16,19.3986,66.3986,1.5
2100036038,100.48,0,0,-100.48,100.48,323,0,0,0,25,13,37.8953,85.3953,1.5
2100036051,101.361,0,0,-101.361,101.361,336,0,0,0,25,20,25.2371,94.2371,1.5
2100036057,109.292,0,0,-109.292,109.292,342,0,0,0,25,2,-7.40851,99.5,1.5
2100036069,96.1313,0,0,-96.1313,96.1313,354,0,0,0,25,5,-42,94.0806,1.5
2100036127,97.3629,0,0,-97.3629,97.3629,412,0,0,0,25,3,-44.7989,112.5,1.5
2100036144,104.61,0,0,-104.61,104.61,429,0,0,0,25,17,54,113.876,1.5
2100036147,119.769,0,0,-119.769,119.769,432,0,0,0,25,11,24.5,124.426,1.5
2100036192,97.625,0,0,-97.625,97.625,477,0,0,0,25,8,-43,133.598,1.5
2100036203,111.699,0,0,-111.699,111.699,488,0,0,0,25,18,64.9175,128.418,1.5
2100036204,108.755,0,0,-108.755,108.755,489,0,0,0,25,15,50.7903,134.79,1.5
2100036207,99.8368,0,0,-99.8368,99.8368,492,0,0,0,25,12,-31,141.582,1.5
2100036210,99.7676,0,0,-99.7676,99.7676,495,0,0,0,25,14,-54.735,135.235,1.5
2100036224,111.823,0,0,-111.823,111.823,509,0,0,0,25,10,-2,139.277,1.5
2101428997,104.61,0,0,-104.61,104.61,429,17,54,113.876,1.5,0,0,0,25
2101928773,88.5693,0,0,-88.5693,88.5693,205,7,16.6682,53.8318,1.5,0,0,0,25
2102928813,92.0473,0,0,-92.0473,92.0473,245,16,19.3986,66.3986,1.5,0,0,0,25
2105928910,109.292,0,0,-109.292,109.292,342,2,-7.40851,99.5,1.5,0,0,0,25
2106429063,99.7676,0,0,-99.7676,99.7676,495,14,-54.735,135.235,1.5,0,0,0,25
2107928904,101.361,0,0,-101.361,101.361,336,20,25.2371,94.2371,1.5,0,0,0,25
2108929045,97.625,0,0,-97.625,97.625,477,8,-43,133.598,1.5,0,0,0,25
2109429057,108.755,0,0,-108.755,108.755,489,15,50.7903,134.79,1.5,0,0,0,25
2110428980,97.3629,0,0,-97.3629,97.3629,412,3,-44.7989,112.5,1.5,0,0,0,25
2114929077,111.823,0,0,-111.823,111.823,509,10,-2,139.277,1.5,0,0,0,25
2124429056,111.699,0,0,-111.699,111.699,488,18,64.9175,128.418,1.5,0,0,0,25
2125928922,96.1313,0,0,-96.1313,96.1313,354,5,-42,94.0806,1.5,0,0,0,25
2126429060,99.8368,0,0,-99.8368,99.8368,492,12,-31,141.582,1.5,0,0,0,25
2132428780,89.1745,0,0,-89.1745,89.1745,212,4,-26.7189,53.2189,1.5,0,0,0,25
2134429000,119.769,0,0,-119.769,119.769,432,11,24.5,124.426,1.5,0,0,0,25
2135928891,100.48,0,0,-100.48,100.48,323,13,37.8953,85.3953,1.5,0,0,0,25
2140428781,91.0411,0,0,-91.0411,91.0411,213,19,21.3186,55.1814,1.5,0,0,0,25
2142928748,103.707,0,0,-103.707,103.707,180,6,3.5,47.9696,1.5,0,0,0,25
2142928798,108.501,0,0,-108.501,108.501,230,9,9.25386,63.7539,1.5,0,0,0,25
2145428803,84.8861,0,0,-84.8861,84.8861,235,1,-19.1259,63.3741,1.5,0,0,0,25
2150000212,89.1745,0,0,-89.1745,89.1745,212,0,0,0,25,4,-26.7189,53.2189,1.5
2150035895,103.707,0,0,-103.707,103.707,180,0,0,0,25,6,3.5,47.9696,1.5
2150035920,88.5693,0,0,-88.5693,88.5693,205,0,0,0,25,7,16.6682,53.8318,1.5
2150035928,91.0411,0,0,-91.0411,91.0411,213,0,0,0,25,19,21.3186,55.1814,1.5
2150035945,108.501,0,0,-108.501,108.501,230,0,0,0,25,9,9.25386,63.7539,1.5
2150035950,84.8861,0,0,-84.8861,84.8861,235,0,0,0,25,1,-19.1259,63.3741,1.5
2150035960,92.0473,0,0,-92.0473,92.0473,245,0,0,0,25,16,19.3986,66.3986,1.5
2150036038,100.48,0,0,-100.48,100.48,323,0,0,0,25,13,37.8953,85.3953,1.5
2150036051,101.361,0,0,-101.361,101.361,336,0,0,0,25,20,25.2371,94.2371,1.5
2150036057,109.292,0,0,-109.292,109.292,342,0,0,0,25,2,-7.40851,99.5,1.5
2150036069,96.1313,0,0,-96.1313,96.1313,354,0,0,0,25,5,-42,94.0806,1.5
2150036127,97.3629,0,0,-97.3629,97.3629,412,0,0,0,25,3,-44.7989,112.5,1.5
2150036144,104.61,0,0,-104.61,104.61,429,0,0,0,25,17,54,113.876,1.5
2150036147,119.769,0,0,-119.769,119.769,432,0,0,0,25,11,24.5,124.426,1.5
2150036192,97.625,0,0,-97.625,97.625,477,0,0,0,25,8,-43,133.598,1.5
2150036203,111.699,0,0,-111.699,111.699,488,0,0,0,25,18,64.9175,128.418,1.5
2150036204,108.755,0,0,-108.755,108.755,489,0,0,0,25,15,50.7903,134.79,1.5
2150036207,99.8368,0,0,-99.8368,99.8368,492,0,0,0,25,12,-31,141.582,1.5
2150036210,99.7676,0,0,-99.7676,99.7676,495,0,0,0,25,14,-54.735,135.235,1.5
2150036224,111.823,0,0,-111.823,111.823,509,0,0,0,25,10,-2,139.277,1.5
2152428773,88.5693,0,0,-88.5693,88.5693,205,7,16.6682,53.8318,1.5,0,0,0,25
2152928813,92.0473,0,0,-92.0473,92.0473,245,16,19.3986,66.3986,1.5,0,0,0,25
2153428997,104.61,0,0,-104.61,104.61,429,17,54,113.876,1.5,0,0,0,25
2155928910,109.292,0,0,-109.292,109.292,342,2,-7.40851,99.5,1.5,0,0,0,25
2156429063,99.7676,0,0,-99.7676,99.7676,495,14,-54.735,135.235,1.5,0,0,0,25
2157928904,101.361,0,0,-101.361,101.361,336,20,25.2371,94.2371,1.5,0,0,0,25
2158929045,97.625,0,0,-97.625,97.625,477,8,-43,133.598,1.5,0,0,0,25
2159429057,108.755,0,0,-108.755,108.755,489,15,50.7903,134.79,1.5,0,0,0,25
2160428980,97.3629,0,0,-97.3629,97.3629,412,3,-44.7989,112.5,1.5,0,0,0,25
2165429077,111.823,0,0,-111.823,111.823,509,10,-2,139.277,1.5,0,0,0,25
2174429056,111.699,0,0,-111.699,111.699,488,18,64.9175,128.418,1.5,0,0,0,25
2176428922,96.1313,0,0,-96.1313,96.1313,354,5,-42,94.0806,1.5,0,0,0,25
2176929060,99.8368,0,0,-99.8368,99.8368,492,12,-31,141.582,1.5,0,0,0,25
2182928780,89.1745,0,0,-89.1745,89.1745,212,4,-26.7189,53.2189,1.5,0,0,0,25
2184929000,119.769,0,0,-119.769,119.769,432,11,24.5,124.426,1.5,0,0,0,25
2185928891,100.48,0,0,-100.48,100.48,323,13,37.8953,85.3953,1.5,0,0,0,25
2190428781,91.0411,0,0,-91.0411,91.0411,213,19,21.3186,55.1814,1.5,0,0,0,25
2192928798,108.501,0,0,-108.501,108.501,230,9,9.25386,63.7539,1.5,0,0,0,25
2193428748,103.707,0,0,-103.707,103.707,180,6,3.5,47.9696,1.5,0,0,0,25
2195928803,84.8861,0,0,-84.8861,84.8861,235,1,-19.1259,63.3741,1.5,0,0,0,25
2200000212,89.1745,0,0,-89.1745,89.1745,212,0,0,0,25,4,-26.8249,53.3249,1.5
2200035895,103.707,0,0,-103.707,103.707,180,0,0,0,25,6,3.5,47.8196,1.5
2200035920,88.5693,0,0,-88.5693,88.5693,205,0,0,0,25,7,16.7743,53.7257,1.5
2200035928,91.0411,0,0,-91.0411,91.0411,213,0,0,0,25,19,21.4247,55.0753,1.5
2200035945,108.501,0,0,-108.501,108.501,230,0,0,0,25,9,9.14779,63.6478,1.5
2200035950,84.8861,0,0,-84.8861,84.8861,235,0,0,0,25,1,-19.232,63.268,1.5
2200035960,92.0473,0,0,-92.0473,92.0473,245,0,0,0,25,16,19.2925,66.2925,1.5
2200036038,100.48,0,0,-100.48,100.48,323,0,0,0,25,13,37.7893,85.2893,1.5
2200036051,101.361,0,0,-101.361,101.361,336,0,0,0,25,20,25.131,94.131,1.5
2200036057,109.292,0,0,-109.292,109.292,342,0,0,0,25,2,-7.55851,99.5,1.5
2200036069,96.1313,0,0,-96.1313,96.1313,354,0,0,0,25,5,-42,93.9306,1.5
2200036127,97.3629,0,0,-97.3629,97.3629,412,0,0,0,25,3,-44.6489,112.5,1.5
2200036144,104.61,0,0,-104.61,104.61,429,0,0,0,25,17,54,113.726,1.5
2200036147,119.769,0,0,-119.769,119.769,432,0,0,0,25,11,24.5,124.276,1.5
2200036192,97.625,0,0,-97.625,97.625,477,0,0,0,25,8,-43,133.448,1.5
2200036203,111.699,0,0,-111.699,111.699,488,0,0,0,25,18,64.8114,128.311,1.5
2200036204,108.755,0,0,-108.755,108.755,489,0,0,0,25,15,50.6842,134.684,1.5
2200036207,99.8368,0,0,-99.8368,99.8368,492,0,0,0,25,12,-31,141.432,1.5
2200036210,99.7676,0,0,-99.7676,99.7676,495,0,0,0,25,14,-54.629,135.129,1.5
2200036224,111.823,0,0,-111.823,111.823,509,0,0,0,25,10,-2,139.127,1.5
2202928813,92.0473,0,0,-92.0473,92.0473,245,16,19.2925,66.2925,1.5,0,0,0,25
2203428773,88.5693,0,0,-88.5693,88.5693,205,7,16.7743,53.7257,1.5,0,0,0,25
2205428997,104.61,0,0,-104.61,104.61,429,17,54,113.726,1.5,0,0,0,25
2205928910,109.292,0,0,-109.292,109.292,342,2,-7.55851,99.5,1.5,0,0,0,25
2206429063,99.7676,0,0,-99.7676,99.7676,495,14,-54.629,135.129,1.5,0,0,0,25
2207928904,101.361,0,0,-101.361,101.361,336,20,25.131,94.131,1.5,0,0,0,25
2209429045,97.625,0,0,-97.625,97.625,477,8,-43,133.448,1.5,0,0,0,25
2209429057,108.755,0,0,-108.755,108.755,489,15,50.6842,134.684,1.5,0,0,0,25
2210928980,97.3629,0,0,-97.3629,97.3629,412,3,-44.6489,112.5,1.5,0,0,0,25
2215429077,111.823,0,0,-111.823,111.823,509,10,-2,139.127,1.5,0,0,0,25
2224429056,111.699,0,0,-111.699,111.699,488,18,64.8114,128.311,1.5,0,0,0,25
2226928922,96.1313,0,0,-96.1313,96.1313,354,5,-42,93.9306,1.5,0,0,0,25
2227429060,99.8368,0,0,-99.8368,99.8368,492,12,-31,141.432,1.5,0,0,0,25
2233428780,89.1745,0,0,-89.1745,89.1745,212,4,-26.8249,53.3249,1.5,0,0,0,25
2235429000,119.769,0,0,-119.769,119.769,432,11,24.5,124.276,1.5,0,0,0,25
2235928891,100.48,0,0,-100.48,100.48,323,13,37.7893,85.2893,1.5,0,0,0,25
2240428781,91.0411,0,0,-91.0411,91.0411,213,19,21.4247,55.0753,1.5,0,0,0,25
2243428798,108.501,0,0,-108.501,108.501,230,9,9.14779,63.6478,1.5,0,0,0,25
2243928748,103.707,0,0,-103.707,103.707,180,6,3.5,47.8196,1.5,0,0,0,25
2246428803,84.8861,0,0,-84.8861,84.8861,235,1,-19.232,63.268,1.5,0,0,0,25
2250000212,89.1745,0,0,-89.1745,89.1745,212,0,0,0,25,4,-26.8249,53.3249,1.5
2250035895,103.707,0,0,-103.707,103.707,180,0,0,0,25,6,3.5,47.8196,1.5
2250035920,88.5693,0,0,-88.5693,88.5693,205,0,0,0,25,7,16.7743,53.7257,1.5
2250035928,91.0411,0,0,-91.0411,91.0411,213,0,0,0,25,19,21.4247,55.0753,1.5
2250035945,108.501,0,0,-108.501,108.501,230,0,0,0,25,9,9.14779,63.6478,1.5
2250035950,84.8861,0,0,-84.8861,84.8861,235,0,0,0,25,1,-19.232,63.268,1.5
2250035960,92.0473,0,0,-92.0473,92.0473,245,0,0,0,25,16,19.2925,66.2925,1.5
2250036038,100.48,0,0,-100.48,100.48,323,0,0,0,25,13,37.7893,85.2893,1.5
2250036051,101.361,0,0,-101.361,101.361,336,0,0,0,25,20,25.131,94.131,1.5
2250036057,109.292,0,0,-109.292,109.292,342,0,0,0,25,2,-7.55851,99.5,1.5
2250036069,96.1313,0,0,-96.1313,96.1313,354,0,0,0,25,5,-42,93.9306,1.5
2250036127,97.3629,0,0,-97.3629,97.3629,412,0,0,0,25,3,-44.6489,112.5,1.5
2250036144,104.61,0,0,-104.61,104.61,429,0,0,0,25,17,54,113.726,1.5
2250036147,119.769,0,0,-119.769,119.769,432,0,0,0,25,11,24.5,124.276,1.5
2250036192,97.625,0,0,-97.625,97.625,477,0,0,0,25,8,-43,133.448,1.5
2250036203,111.699,0,0,-111.699,111.699,488,0,0,0,25,18,64.8114,128.311,1.5
2250036204,108.755,0,0,-108.755,108.755,489,0,0,0,25,15,50.6842,134.684,1.5
2250036207,99.8368,0,0,-99.8368,99.8368,492,0,0,0,25,12,-31,141.432,1.5
2250036210,99.7676,0,0,-99.7676,99.7676,495,0,0,0,25,14,-54.629,135.129,1.5
2250036224,111.823,0,0,-111.823,111.823,509,0,0,0,25,10,-2,139.127,1.5
2252928813,92.0473,0,0,-92.0473,92.0473,245,16,19.2925,66.2925,1.5,0,0,0,25
2253428773,88.5693,0,0,-88.5693,88.5693,205,7,16.7743,53.7257,1.5,0,0,0,25
2255928910,109.292,0,0,-109.292,109.292,342,2,-7.55851,99.5,1.5,0,0,0,25
2256429063,99.7676,0,0,-99.7676,99.7676,495,14,-54.629,135.129,1.5,0,0,0,25
2257428997,104.61,0,0,-104.61,104.61,429,17,54,113.726,1.5,0,0,0,25
2258428904,101.361,0,0,-101.361,101.361,336,20,25.131,94.131,1.5,0,0,0,25
2259429057,108.755,0,0,-108.755,108.755,489,15,50.6842,134.684,1.5,0,0,0,25
2259929045,97.625,0,0,-97.625,97.625,477,8,-43,133.448,1.5,0,0,0,25
2261428980,97.3629,0,0,-97.3629,97.3629,412,3,-44.6489,112.5,1.5,0,0,0,25
2265929077,111.823,0,0,-111.823,111.823,509,10,-2,139.127,1.5,0,0,0,25
2274429056,111.699,0,0,-111.699,111.699,488,18,64.8114,128.311,1.5,0,0,0,25
2277428922,96.1313,0,0,-96.1313,96.1313,354,5,-42,93.9306,1.5,0,0,0,25
2277929060,99.8368,0,0,-99.8368,99.8368,492,12,-31,141.432,1.5,0,0,0,25
2283928780,89.1745,0,0,-89.1745,89.1745,212,4,-26.8249,53.3249,1.5,0,0,0,25
2285928891,100.48,0,0,-100.48,100.48,323,13,37.7893,85.2893,1.5,0,0,0,25
2285929000,119.769,0,0,-119.769,119.769,432,11,24.5,124.276,1.5,0,0,0,25
2290428781,91.0411,0,0,-91.0411,91.0411,213,19,21.4247,55.0753,1.5,0,0,0,25
2293928748,103.707,0,0,-103.707,103.707,180,6,3.5,47.8196,1.5,0,0,0,25
2293928798,108.501,0,0,-108.501,108.501,230,9,9.14779,63.6478,1.5,0,0,0,25
2296928803,84.8861,0,0,-84.8861,84.8861,235,1,-19.232,63.268,1.5,0,0,0,25
2300000212,89.1745,0,0,-89.1745,89.1745,212,0,0,0,25,4,-26.931,53.431,1.5
2300035895,103.707,0,0,-103.707,103.707,180,0,0,0,25,6,3.5,47.6696,1.5
2300035920,88.5693,0,0,-88.5693,88.5693,205,0,0,0,25,7,16.8803,53.6197,1.5
2300035928,91.0411,0,0,-91.0411,91.0411,213,0,0,0,25,19,21.5308,54.9692,1.5
2300035945,108.501,0,0,-108.501,108.501,230,0,0,0,25,9,9.04172,63.5417,1.5
2300035950,84.8861,0,0,-84.8861,84.8861,235,0,0,0,25,1,-19.3381,63.1619,1.5
2300035960,92.0473,0,0,-92.0473,92.0473,245,0,0,0,25,16,19.1864,66.1864,1.5
2300036038,100.48,0,0,-100.48,100.48,323,0,0,0,25,13,37.6832,85.1832,1.5
2300036051,101.361,0,0,-101.361,101.361,336,0,0,0,25,20,25.025,94.025,1.5
2300036057,109.292,0,0,-109.292,109.292,342,0,0,0,25,2,-7.70851,99.5,1.5
2300036069,96.1313,0,0,-96.1313,96.1313,354,0,0,0,25,5,-42,93.7806,1.5
2300036127,97.3629,0,0,-97.3629,97.3629,412,0,0,0,25,3,-44.4989,112.5,1.5
2300036144,104.61,0,0,-104.61,104.61,429,0,0,0,25,17,54,113.576,1.5
2300036147,119.769,0,0,-119.769,119.769,432,0,0,0,25,11,24.5,124.126,1.5
2300036192,97.625,0,0,-97.625,97.625,477,0,0,0,25,8,-43,133.298,1.5
2300036203,111.699,0,0,-111.699,111.699,488,0,0,0,25,18,64.7054,128.205,1.5
2300036204,108.755,0,0,-108.755,108.755,489,0,0,0,25,15,50.5781,134.578,1.5
2300036207,99.8368,0,0,-99.8368,99.8368,492,0,0,0,25,12,-31,141.282,1.5
2300036210,99.7676,0,0,-99.7676,99.7676,495,0,0,0,25,14,-54.5229,135.023,1.5
2300036224,111.823,0,0,-111.823,111.823,509,0,0,0,25,10,-2,138.977,1.5
2302928813,92.0473,0,0,-92.0473,92.0473,245,16,19.1864,66.1864,1.5,0,0,0,25
2303428773,88.5693,0,0,-88.5693,88.5693,205,7,16.8803,53.6197,1.5,0,0,0,25
2305928910,109.292,0,0,-109.292,109.292,342,2,-7.70851,99.5,1.5,0,0,0,25
2306429063,99.7676,0,0,-99.7676,99.7676,495,14,-54.5229,135.023,1.5,0,0,0,25
2308428904,101.361,0,0,-101.361,101.361,336,20,25.025,94.025,1.5,0,0,0,25
2309428997,104.61,0,0,-104.61,104.61,429,17,54,113.576,1.5,0,0,0,25
2309429057,108.755,0,0,-108.755,108.755,489,15,50.5781,134.578,1.5,0,0,0,25
2310429045,97.625,0,0,-97.625,97.625,477,8,-43,133.298,1.5,0,0,0,25
2311428980,97.3629,0,0,-97.3629,97.3629,412,3,-44.4989,112.5,1.5,0,0,0,25
2316429077,111.823,0,0,-111.823,111.823,509,10,-2,138.977,1.5,0,0,0,25
2324429056,111.699,0,0,-111.699,111.699,488,18,64.7054,128.205,1.5,0,0,0,25
2327928922,96.1313,0,0,-96.1313,96.1313,354,5,-42,93.7806,1.5,0,0,0,25
2328429060,99.8368,0,0,-99.8368,99.8368,492,12,-31,141.282,1.5,0,0,0,25
2333928780,89.1745,0,0,-89.1745,89.1745,212,4,-26.931,53.431,1.5,0,0,0,25
2335928891,100.48,0,0,-100.48,100.48,323,13,37.6832,85.1832,1.5,0,0,0,25
2335929000,119.769,0,0,-119.769,119.769,432,11,24.5,124.126,1.5,0,0,0,25
2340428781,91.0411,0,0,-91.0411,91.0411,213,19,21.5308,54.9692,1.5,0,0,0,25
2344428748,103.707,0,0,-103.707,103.707,180,6,3.5,47.6696,1.5,0,0,0,25
2344428798,108.501,0,0,-108.501,108.501,230,9,9.04172,63.5417,1.5,0,0,0,25
2347428803,84.8861,0,0,-84.8861,84.8861,235,1,-19.3381,63.1619,1.5,0,0,0,25
2350000212,89.1745,0,0,-89.1745,89.1745,212,0,0,0,25,4,-26.931,53.431,1.5
2350035895,103.707,0,0,-103.707,103.707,180,0,0,0,25,6,3.5,47.6696,1.5
2350035920,88.5693,0,0,-88.5693,88.5693,205,0,0,0,25,7,16.8803,53.6197,1.5
2350035928,91.0411,0,0,-91.0411,91.0411,213,0,0,0,25,19,21.5308,54.9692,1.5
2350035945,108.501,0,0,-108.501,108.501,230,0,0,0,25,9,9.04172,63.5417,1.5
2350035950,84.8861,0,0,-84.8861,84.8861,235,0,0,0,25,1,-19.3381,63.1619,1.5
2350035960,92.0473,0,0,-92.0473,92.0473,245,0,0,0,25,16,19.1864,66.1864,1.5
2350036038,100.48,0,0,-100.48,100.48,323,0,0,0,25,13,37.6832,85.1832,1.5
2350036051,101.361,0,0,-101.361,101.361,336,0,0,0,25,20,25.025,94.025,1.5
2350036057,109.292,0,0,-109.292,109.292,342,0,0,0,25,2,-7.70851,99.5,1.5
2350036069,96.1313,0,0,-96.1313,96.1313,354,0,0,0,25,5,-42,93.7806,1.5
2350036127,97.3629,0,0,-97.3629,97.3629,412,0,0,0,25,3,-44.4989,112.5,1.5
2350036144,104.61,0,0,-104.61,104.61,429,0,0,0,25,17,54,113.576,1.5
2350036147,119.769,0,0,-119.769,119.769,432,0,0,0,25,11,24.5,124.126,1.5
2350036192,97.625,0,0,-97.625,97.625,477,0,0,0,25,8,-43,133.298,1.5
2350036203,111.699,0,0,-111.699,111.699,488,0,0,0,25,18,64.7054,128.205,1.5
2350036204,108.755,0,0,-108.755,108.755,489,0,0,0,25,15,50.5781,134.578,1.5
2350036207,99.8368,0,0,-99.8368,99.8368,492,0,0,0,25,12,-31,141.282,1.5
2350036210,99.7676,0,0,-99.7676,99.7676,495,0,0,0,25,14,-54.5229,135.023,1.5
2350036224,111.823,0,0,-111.823,111.823,509,0,0,0,25,10,-2,138.977,1.5
2352928813,92.0473,0,0,-92.0473,92.0473,245,16,19.1864,66.1864,1.5,0,0,0,25
2353928773,88.5693,0,0,-88.5693,88.5693,205,7,16.8803,53.6197,1.5,0,0,0,25
2355928910,109.292,0,0,-109.292,109.292,342,2,-7.70851,99.5,1.5,0,0,0,25
2356429063,99.7676,0,0,-99.7676,99.7676,495,14,-54.5229,135.023,1.5,0,0,0,25
2358428904,101.361,0,0,-101.361,101.361,336,20,25.025,94.025,1.5,0,0,0,25
2359429057,108.755,0,0,-108.755,108.755,489,15,50.5781,134.578,1.5,0,0,0,25
2360929045,97.625,0,0,-97.625,97.625,477,8,-43,133.298,1.5,0,0,0,25
2361428997,104.61,0,0,-104.61,104.61,429,17,54,113.576,1.5,0,0,0,25
2361928980,97.3629,0,0,-97.3629,97.3629,412,3,-44.4989,112.5,1.5,0,0,0,25
2366929077,111.823,0,0,-111.823,111.823,509,10,-2,138.977,1.5,0,0,0,25
2374429056,111.699,0,0,-111.699,111.699,488,18,64.7054,128.205,1.5,0,0,0,25
2377928922,96.1313,0,0,-96.1313,96.1313,354,5,-42,93.7806,1.5,0,0,0,25
2378429060,99.8368,0,0,-99.8368,99.8368,492,12,-31,141.282,1.5,0,0,0,25
2384428780,89.1745,0,0,-89.1745,89.1745,212,4,-26.931,53.431,1.5,0,0,0,25
2385928891,100.48,0,0,-100.48,100.48,323,13,37.6832,85.1832,1.5,0,0,0,25
2386429000,119.769,0,0,-119.769,119.769,432,11,24.5,124.126,1.5,0,0,0,25
2390428781,91.0411,0,0,-91.0411,91.0411,213,19,21.5308,54.9692,1.5,0,0,0,25
2394928748,103.707,0,0,-103.707,103.707,180,6,3.5,47.6696,1.5,0,0,0,25
2394928798,108.501,0,0,-108.501,108.501,230,9,9.04172,63.5417,1.5,0,0,0,25
2397428803,84.8861,0,0,-84.8861,84.8861,235,1,-19.3381,63.1619,1.5,0,0,0,25
2400000212,89.1745,0,0,-89.1745,89.1745,212,0,0,0,25,4,-27.0371,53.5371,1.5
2400035895,103.707,0,0,-103.707,103.707,180,0,0,0,25,6,3.5,47.5196,1.5
2400035920,88.5693,0,0,-88.5693,88.5693,205,0,0,0,25,7,16.9864,53.5136,1.5
2400035928,91.0411,0,0,-91.0411,91.0411,213,0,0,0,25,19,21.6368,54.8632,1.5
2400035945,108.501,0,0,-108.501,108.501,230,0,0,0,25,9,8.93566,63.4357,1.5
2400035950,84.8861,0,0,-84.8861,84.8861,235,0,0,0,25,1,-19.4441,63.0559,1.5
2400035960,92.0473,0,0,-92.0473,92.0473,245,0,0,0,25,16,19.0804,66.0804,1.5
2400036038,100.48,0,0,-100.48,100.48,323,0,0,0,25,13,37.5771,85.0771,1.5
2400036051,101.361,0,0,-101.361,101.361,336,0,0,0,25,20,24.9189,93.9189,1.5
2400036057,109.292,0,0,-109.292,109.292,342,0,0,0,25,2,-7.85851,99.5,1.5
2400036069,96.1313,0,0,-96.1313,96.1313,354,0,0,0,25,5,-42,93.6306,1.5
2400036127,97.3629,0,0,-97.3629,97.3629,412,0,0,0,25,3,-44.3489,112.5,1.5
2400036144,104.61,0,0,-104.61,104.61,429,0,0,0,25,17,54,113.426,1.5
2400036147,119.769,0,0,-119.769,119.769,432,0,0,0,25,11,24.5,123.976,1.5
2400036192,97.625,0,0,-97.625,97.625,477,0,0,0,25,8,-43,133.148,1.5
2400036203,111.699,0,0,-111.699,111.699,488,0,0,0,25,18,64.5993,128.099,1.5
2400036204,108.755,0,0,-108.755,108.755,489,0,0,0,25,15,50.4721,134.472,1.5
2400036207,99.8368,0,0,-99.8368,99.8368,492,0,0,0,25,12,-31,141.132,1.5
2400036210,99.7676,0,0,-99.7676,99.7676,495,0,0,0,25,14,-54.4168,134.917,1.5
2400036224,111.823,0,0,-111.823,111.823,509,0,0,0,25,10,-2,138.827,1.5
2402928813,92.0473,0,0,-92.0473,92.0473,245,16,19.0804,66.0804,1.5,0,0,0,25
2404428773,88.5693,0,0,-88.5693,88.5693,205,7,16.9864,53.5136,1.5,0,0,0,25
2405928910,109.292,0,0,-109.292,109.292,342,2,-7.85851,99.5,1.5,0,0,0,25
2406429063,99.7676,0,0,-99.7676,99.7676,495,14,-54.4168,134.917,1.5,0,0,0,25
2408428904,101.361,0,0,-101.361,101.361,336,20,24.9189,93.9189,1.5,0,0,0,25
2409429057,108.755,0,0,-108.755,108.755,489,15,50.4721,134.472,1.5,0,0,0,25
2411429045,97.625,0,0,-97.625,97.625,477,8,-43,133.148,1.5,0,0,0,25
2411928980,97.3629,0,0,-97.3629,97.3629,412,3,-44.3489,112.5,1.5,0,0,0,25
2413428997,104.61,0,0,-104.61,104.61,429,17,54,113.426,1.5,0,0,0,25
2417429077,111.823,0,0,-111.823,111.823,509,10,-2,138.827,1.5,0,0,0,25
2424429056,111.699,0,0,-111.699,111.699,488,18,64.5993,128.099,1.5,0,0,0,25
2428428922,96.1313,0,0,-96.1313,96.1313,354,5,-42,93.6306,1.5,0,0,0,25
2428929060,99.8368,0,0,-99.8368,99.8368,492,12,-31,141.132,1.5,0,0,0,25
2434928780,89.1745,0,0,-89.1745,89.1745,212,4,-27.0371,53.5371,1.5,0,0,0,25
2435928891,100.48,0,0,-100.48,100.48,323,13,37.5771,85.0771,1.5,0,0,0,25
2436929000,119.769,0,0,-119.769,119.769,432,11,24.5,123.976,1.5,0,0,0,25
2440428781,91.0411,0,0,-91.0411,91.0411,213,19,21.6368,54.8632,1.5,0,0,0,25
2444928798,108.501,0,0,-108.501,108.501,230,9,8.93566,63.4357,1.5,0,0,0,25
2445428748,103.707,0,0,-103.707,103.707,180,6,3.5,47.5196,1.5,0,0,0,25
2447928803,84.8861,0,0,-84.8861,84.8861,235,1,-19.4441,63.0559,1.5,0,0,0,25
2450000212,89.1745,0,0,-89.1745,89.1745,212,0,0,0,25,4,-27.0371,53.5371,1.5
2450035895,103.707,0,0,-103.707,103.707,180,0,0,0,25,6,3.5,47.5196,1.5
2450035920,88.5693,0,0,-88.5693,88.5693,205,0,0,0,25,7,16.9864,53.5136,1.5
2450035928,91.0411,0,0,-91.0411,91.0411,213,0,0,0,25,19,21.6368,54.8632,1.5
2450035945,108.501,0,0,-108.501,108.501,230,0,0,0,25,9,8.93566,63.4357,1.5
2450035950,84.8861,0,0,-84.8861,84.8861,235,0,0,0,25,1,-19.4441,63.0559,1.5
2450035960,92.0473,0,0,-92.0473,92.0473,245,0,0,0,25,16,19.0804,66.0804,1.5
2450036038,100.48,0,0,-100.48,100.48,323,0,0,0,25,13,37.5771,85.0771,1.5
2450036051,101.361,0,0,-101.361,101.361,336,0,0,0,25,20,24.9189,93.9189,1.5
2450036057,109.292,0,0,-109.292,109.292,342,0,0,0,25,2,-7.85851,99.5,1.5
2450036069,96.1313,0,0,-96.1313,96.1313,354,0,0,0,25,5,-42,93.6306,1.5
2450036127,97.3629,0,0,-97.3629,97.3629,412,0,0,0,25,3,-44.3489,112.5,1.5
2450036144,104.61,0,0,-104.61,104.61,429,0,0,0,25,17,54,113.426,1.5
2450036147,119.769,0,0,-119.769,119.769,432,0,0,0,25,11,24.5,123.976,1.5
2450036192,97.625,0,0,-97.625,97.625,477,0,0,0,25,8,-43,133.148,1.5
2450036203,111.699,0,0,-111.699,111.699,488,0,0,0,25,18,64.5993,128.099,1.5
2450036204,108.755,0,0,-108.755,108.755,489,0,0,0,25,15,50.4721,134.472,1.5
2450036207,99.8368,0,0,-99.8368,99.8368,492,0,0,0,25,12,-31,141.132,1.5
2450036210,99.7676,0,0,-99.7676,99.7676,495,0,0,0,25,14,-54.4168,134.917,1.5
2450036224,111.823,0,0,-111.823,111.823,509,0,0,0,25,10,-2,138.827,1.5
2452928813,92.0473,0,0,-92.0473,92.0473,245,16,19.0804,66.0804,1.5,0,0,0,25
2454928773,88.5693,0,0,-88.5693,88.5693,205,7,16.9864,53.5136,1.5,0,0,0,25
2455928910,109.292,0,0,-109.292,109.292,342,2,-7.85851,99.5,1.5,0,0,0,25
2456429063,99.7676,0,0,-99.7676,99.7676,495,14,-54.4168,134.917,1.5,0,0,0,25
2458428904,101.361,0,0,-101.361,101.361,336,20,24.9189,93.9189,1.5,0,0,0,25
2459929057,108.755,0,0,-108.755,108.755,489,15,50.4721,134.472,1.5,0,0,0,25
2461429045,97.625,0,0,-97.625,97.625,477,8,-43,133.148,1.5,0,0,0,25
2461928980,97.3629,0,0,-97.3629,97.3629,412,3,-44.3489,112.5,1.5,0,0,0,25
2465428997,104.61,0,0,-104.61,104.61,429,17,54,113.426,1.5,0,0,0,25
2467429077,111.823,0,0,-111.823,111.823,509,10,-2,138.827,1.5,0,0,0,25
2474429056,111.699,0,0,-111.699,111.699,488,18,64.5993,128.099,1.5,0,0,0,25
2478928922,96.1313,0,0,-96.1313,96.1313,354,5,-42,93.6306,1.5,0,0,0,25
2479429060,99.8368,0,0,-99.8368,99.8368,492,12,-31,141.132,1.5,0,0,0,25
2485428780,89.1745,0,0,-89.1745,89.1745,212,4,-27.0371,53.5371,1.5,0,0,0,25
2485928891,100.48,0,0,-100.48,100.48,323,13,37.5771,85.0771,1.5,0,0,0,25
2487429000,119.769,0,0,-119.769,119.769,432,11,24.5,123.976,1.5,0,0,0,25
2490428781,91.0411,0,0,-91.0411,91.0411,213,19,21.6368,54.8632,1.5,0,0,0,25
2495393085,108.501,0,0,-108.501,108.501,230,9,8.93566,63.4357,1.5,0,0,0,25
2495928748,103.707,0,0,-103.707,103.707,180,6,3.5,47.5196,1.5,0,0,0,25
2498428803,84.8861,0,0,-84.8861,84.8861,235,1,-19.4441,63.0559,1.5,0,0,0,25
2500000212,89.1745,0,0,-89.1745,89.1745,212,0,0,0,25,4,-27.1431,53.6431,1.5
2500035895,103.707,0,0,-103.707,103.707,180,0,0,0,25,6,3.5,47.3696,1.5
2500035920,88.5693,0,0,-88.5693,88.5693,205,0,0,0,25,7,17.0925,53.4075,1.5
2500035928,91.0411,0,0,-91.0411,91.0411,213,0,0,0,25,19,21.7429,54.7571,1.5
2500035945,108.501,0,0,-108.501,108.501,230,0,0,0,25,9,8.82959,63.3296,1.5
2500035950,84.8861,0,0,-84.8861,84.8861,235,0,0,0,25,1,-19.5502,62.9498,1.5
2500035960,92.0473,0,0,-92.0473,92.0473,245,0,0,0,25,16,18.9743,65.9743,1.5
2500036038,100.48,0,0,-100.48,100.48,323,0,0,0,25,13,37.4711,84.9711,1.5
2500036051,101.361,0,0,-101.361,101.361,336,0,0,0,25,20,24.8128,93.8128,1.5
2500036057,109.292,0,0,-109.292,109.292,342,0,0,0,25,2,-8.00851,99.5,1.5
2500036069,96.1313,0,0,-96.1313,96.1313,354,0,0,0,25,5,-42,93.4806,1.5
2500036127,97.3629,0,0,-97.3629,97.3629,412,0,0,0,25,3,-44.1989,112.5,1.5
2500036144,104.61,0,0,-104.61,104.61,429,0,0,0,25,17,54,113.276,1.5
2500036147,119.769,0,0,-119.769,119.769,432,0,0,0,25,11,24.5,123.826,1.5
2500036192,97.625,0,0,-97.625,97.625,477,0,0,0,25,8,-43,132.998,1.5
2500036203,111.699,0,0,-111.699,111.699,488,0,0,0,25,18,64.4932,127.993,1.5
2500036204,108.755,0,0,-108.755,108.755,489,0,0,0,25,15,50.366,134.366,1.5
2500036207,99.8368,0,0,-99.8368,99.8368,492,0,0,0,25,12,-31,140.982,1.5
2500036210,99.7676,0,0,-99.7676,99.7676,495,0,0,0,25,14,-54.3108,134.811,1.5
2500036224,111.823,0,0,-111.823,111.823,509,0,0,0,25,10,-2,138.677,1.5
2502928813,92.0473,0,0,-92.0473,92.0473,245,16,18.9743,65.9743,1.5,0,0,0,25
2505428773,88.5693,0,0,-88.5693,88.5693,205,7,17.0925,53.4075,1.5,0,0,0,25
2506428910,109.292,0,0,-109.292,109.292,342,2,-8.00851,99.5,1.5,0,0,0,25
2506429063,99.7676,0,0,-99.7676,99.7676,495,14,-54.3108,134.811,1.5,0,0,0,25
2508428904,101.361,0,0,-101.361,101.361,336,20,24.8128,93.8128,1.5,0,0,0,25
2509929057,108.755,0,0,-108.755,108.755,489,15,50.366,134.366,1.5,0,0,0,25
2511928980,97.3629,0,0,-97.3629,97.3629,412,3,-44.1989,112.5,1.5,0,0,0,25
2511929045,97.625,0,0,-97.625,97.625,477,8,-43,132.998,1.5,0,0,0,25
2517393283,104.61,0,0,-104.61,104.61,429,17,54,113.276,1.5,0,0,0,25
2517929077,111.823,0,0,-111.823,111.823,509,10,-2,138.677,1.5,0,0,0,25
2524429056,111.699,0,0,-111.699,111.699,488,18,64.4932,127.993,1.5,0,0,0,25
2529428922,96.1313,0,0,-96.1313,96.1313,354,5,-42,93.4806,1.5,0,0,0,25
2529929060,99.8368,0,0,-99.8368,99.8368,492,12,-31,140.982,1.5,0,0,0,25
2535928780,89.1745,0,0,-89.1745,89.1745,212,4,-27.1431,53.6431,1.5,0,0,0,25
2535928891,100.48,0,0,-100.48,100.48,323,13,37.4711,84.9711,1.5,0,0,0,25
2537429000,119.769,0,0,-119.769,119.769,432,11,24.5,123.826,1.5,0,0,0,25
2540428781,91.0411,0,0,-91.0411,91.0411,213,19,21.7429,54.7571,1.5,0,0,0,25
2545928748,103.707,0,0,-103.707,103.707,180,6,3.5,47.3696,1.5,0,0,0,25
2545928798,108.501,0,0,-108.501,108.501,230,9,8.82959,63.3296,1.5,0,0,0,25
2548928803,84.8861,0,0,-84.8861,84.8861,235,1,-19.5502,62.9498,1.5,0,0,0,25
2550000212,89.1745,0,0,-89.1745,89.1745,212,0,0,0,25,4,-27.1431,53.6431,1.5
2550035895,103.707,0,0,-103.707,103.707,180,0,0,0,25,6,3.5,47.3696,1.5
2550035920,88.5693,0,0,-88.5693,88.5693,205,0,0,0,25,7,17.0925,53.4075,1.5
2550035928,91.0411,0,0,-91.0411,91.0411,213,0,0,0,25,19,21.7429,54.7571,1.5
2550035945,108.501,0,0,-108.501,108.501,230,0,0,0,25,9,8.82959,63.3296,1.5
2550035950,84.8861,0,0,-84.8861,84.8861,235,0,0,0,25,1,-19.5502,62.9498,1.5
2550035960,92.0473,0,0,-92.0473,92.0473,245,0,0,0,25,16,18.9743,65.9743,1.5
2550036038,100.48,0,0,-100.48,100.48,323,0,0,0,25,13,37.4711,84.9711,1.5
2550036051,101.361,0,0,-101.361,101.361,336,0,0,0,25,20,24.8128,93.8128,1.5
2550036057,109.292,0,0,-109.292,109.292,342,0,0,0,25,2,-8.00851,99.5,1.5
2550036069,96.1313,0,0,-96.1313,96.1313,354,0,0,0,25,5,-42,93.4806,1.5
2550036127,97.3629,0,0,-97.3629,97.3629,412,0,0,0,25,3,-44.1989,112.5,1.5
2550036144,104.61,0,0,-104.61,104.61,429,0,0,0,25,17,54,113.276,1.5
2550036147,119.769,0,0,-119.769,119.769,432,0,0,0,25,11,24.5,123.826,1.5
2550036192,97.625,0,0,-97.625,97.625,477,0,0,0,25,8,-43,132.998,1.5
2550036203,111.699,0,0,-111.699,111.699,488,0,0,0,25,18,64.4932,127.993,1.5
2550036204,108.755,0,0,-108.755,108.755,489,0,0,0,25,15,50.366,134.366,1.5
2550036207,99.8368,0,0,-99.8368,99.8368,492,0,0,0,25,12,-31,140.982,1.5
2550036210,99.7676,0,0,-99.7676,99.7676,495,0,0,0,25,14,-54.3108,134.811,1.5
2550036224,111.823,0,0,-111.823,111.823,509,0,0,0,25,10,-2,138.677,1.5
2552928813,92.0473,0,0,-92.0473,92.0473,245,16,18.9743,65.9743,1.5,0,0,0,25
2555428773,88.5693,0,0,-88.5693,88.5693,205,7,17.0925,53.4075,1.5,0,0,0,25
2556428910,109.292,0,0,-109.292,109.292,342,2,-8.00851,99.5,1.5,0,0,0,25
2556429063,99.7676,0,0,-99.7676,99.7676,495,14,-54.3108,134.811,1.5,0,0,0,25
2558428904,101.361,0,0,-101.361,101.361,336,20,24.8128,93.8128,1.5,0,0,0,25
2559929057,108.755,0,0,-108.755,108.755,489,15,50.366,134.366,1.5,0,0,0,25
2561928980,97.3629,0,0,-97.3629,97.3629,412,3,-44.1989,112.5,1.5,0,0,0,25
2562429045,97.625,0,0,-97.625,97.625,477,8,-43,132.998,1.5,0,0,0,25
2568429077,111.823,0,0,-111.823,111.823,509,10,-2,138.677,1.5,0,0,0,25
2569428997,104.61,0,0,-104.61,104.61,429,17,54,113.276,1.5,0,0,0,25
2574429056,111.699,0,0,-111.699,111.699,488,18,64.4932,127.993,1.5,0,0,0,25
2579928922,96.1313,0,0,-96.1313,96.1313,354,5,-42,93.4806,1.5,0,0,0,25
2580429060,99.8368,0,0,-99.8368,99.8368,492,12,-31,140.982,1.5,0,0,0,25
2585928780,89.1745,0,0,-89.1745,89.1745,212,4,-27.1431,53.6431,1.5,0,0,0,25
2585928891,100.48,0,0,-100.48,100.48,323,13,37.4711,84.9711,1.5,0,0,0,25
2587929000,119.769,0,0,-119.769,119.769,432,11,24.5,123.826,1.5,0,0,0,25
2590928781,91.0411,0,0,-91.0411,91.0411,213,19,21.7429,54.7571,1.5,0,0,0,25
2596428748,103.707,0,0,-103.707,103.707,180,6,3.5,47.3696,1.5,0,0,0,25
2596428798,108.501,0,0,-108.501,108.501,230,9,8.82959,63.3296,1.5,0,0,0,25
2599428803,84.8861,0,0,-84.8861,84.8861,235,1,-19.5502,62.9498,1.5,0,0,0,25
2600000212,89.1745,0,0,-89.1745,89.1745,212,0,0,0,25,4,-27.2492,53.7492,1.5
2600035895,103.707,0,0,-103.707,103.707,180,0,0,0,25,6,3.5,47.2196,1.5
2600035920,88.5693,0,0,-88.5693,88.5693,205,0,0,0,25,7,17.1985,53.3015,1.5
2600035928,91.0411,0,0,-91.0411,91.0411,213,0,0,0,25,19,21.8489,54.6511,1.5
2600035945,108.501,0,0,-108.501,108.501,230,0,0,0,25,9,8.72353,63.2235,1.5
2600035950,84.8861,0,0,-84.8861,84.8861,235,0,0,0,25,1,-19.6563,62.8437,1.5
2600035960,92.0473,0,0,-92.0473,92.0473,245,0,0,0,25,16,18.8682,65.8682,1.5
2600036038,100.48,0,0,-100.48,100.48,323,0,0,0,25,13,37.365,84.865,1.5
2600036051,101.361,0,0,-101.361,101.361,336,0,0,0,25,20,24.7068,93.7068,1.5
2600036057,109.292,0,0,-109.292,109.292,342,0,0,0,25,2,-8.15851,99.5,1.5
2600036069,96.1313,0,0,-96.1313,96.1313,354,0,0,0,25,5,-42,93.3306,1.5
2600036127,97.3629,0,0,-97.3629,97.3629,412,0,0,0,25,3,-44.0489,112.5,1.5
2600036144,104.61,0,0,-104.61,104.61,429,0,0,0,25,17,54,113.126,1.5
2600036147,119.769,0,0,-119.769,119.769,432,0,0,0,25,11,24.5,123.676,1.5
2600036192,97.625,0,0,-97.625,97.625,477,0,0,0,25,8,-43,132.848,1.5
2600036203,111.699,0,0,-111.699,111.699,488,0,0,0,25,18,64.3872,127.887,1.5
2600036204,108.755,0,0,-108.755,108.755,489,0,0,0,25,15,50.2599,134.26,1.5
2600036207,99.8368,0,0,-99.8368,99.8368,492,0,0,0,25,12,-31,140.832,1.5
2600036210,99.7676,0,0,-99.7676,99.7676,495,0,0,0,25,14,-54.2047,134.705,1.5
2600036224,111.823,0,0,-111.823,111.823,509,0,0,0,25,10,-2,138.527,1.5
2602928813,92.0473,0,0,-92.0473,92.0473,245,16,18.8682,65.8682,1.5,0,0,0,25
2605928773,88.5693,0,0,-88.5693,88.5693,205,7,17.1985,53.3015,1.5,0,0,0,25
2606428910,109.292,0,0,-109.292,109.292,342,2,-8.15851,99.5,1.5,0,0,0,25
2606429063,99.7676,0,0,-99.7676,99.7676,495,14,-54.2047,134.705,1.5,0,0,0,25
2608428904,101.361,0,0,-101.361,101.361,336,20,24.7068,93.7068,1.5,0,0,0,25
2609929057,108.755,0,0,-108.755,108.755,489,15,50.2599,134.26,1.5,0,0,0,25
2612428980,97.3629,0,0,-97.3629,97.3629,412,3,-44.0489,112.5,1.5,0,0,0,25
2612929045,97.625,0,0,-97.625,97.625,477,8,-43,132.848,1.5,0,0,0,25
2618929077,111.823,0,0,-111.823,111.823,509,10,-2,138.527,1.5,0,0,0,25
2621428997,104.61,0,0,-104.61,104.61,429,17,54,113.126,1.5,0,0,0,25
2624429056,111.699,0,0,-111.699,111.699,488,18,64.3872,127.887,1.5,0,0,0,25
2629928922,96.1313,0,0,-96.1313,96.1313,354,5,-42,93.3306,1.5,0,0,0,25
2630429060,99.8368,0,0,-99.8368,99.8368,492,12,-31,140.832,1.5,0,0,0,25
2635928891,100.48,0,0,-100.48,100.48,323,13,37.365,84.865,1.5,0,0,0,25
2636428780,89.1745,0,0,-89.1745,89.1745,212,4,-27.2492,53.7492,1.5,0,0,0,25
2638429000,119.769,0,0,-119.769,119.769,432,11,24.5,123.676,1.5,0,0,0,25
2640928781,91.0411,0,0,-91.0411,91.0411,213,19,21.8489,54.6511,1.5,0,0,0,25
2646928748,103.707,0,0,-103.707,103.707,180,6,3.5,47.2196,1.5,0,0,0,25
2646928798,108.501,0,0,-108.501,108.501,230,9,8.72353,63.2235,1.5,0,0,0,25
2649428803,84.8861,0,0,-84.8861,84.8861,235,1,-19.6563,62.8437,1.5,0,0,0,25
2650000212,89.1745,0,0,-89.1745,89.1745,212,0,0,0,25,4,-27.2492,53.7492,1.5
2650035895,103.707,0,0,-103.707,103.707,180,0,0,0,25,6,3.5,47.2196,1.5
2650035920,88.5693,0,0,-88.5693,88.5693,205,0,0,0,25,7,17.1985,53.3015,1.5
2650035928,91.0411,0,0,-91.0411,91.0411,213,0,0,0,25,19,21.8489,54.6511,1.5
2650035945,108.501,0,0,-108.501,108.501,230,0,0,0,25,9,8.72353,63.2235,1.5
2650035950,84.8861,0,0,-84.8861,84.8861,235,0,0,0,25,1,-19.6563,62.8437,1.5
2650035960,92.0473,0,0,-92.0473,92.0473,245,0,0,0,25,16,18.8682,65.8682,1.5
2650036038,100.48,0,0,-100.48,100.48,323,0,0,0,25,13,37.365,84.865,1.5
2650036051,101.361,0,0,-101.361,101.361,336,0,0,0,25,20,24.7068,93.7068,1.5
2650036057,109.292,0,0,-109.292,109.292,342,0,0,0,25,2,-8.15851,99.5,1.5
2650036069,96.1313,0,0,-96.1313,96.1313,354,0,0,0,25,5,-42,93.3306,1.5
2650036127,97.3629,0,0,-97.3629,97.3629,412,0,0,0,25,3,-44.0489,112.5,1.5
2650036144,104.61,0,0,-104.61,104.61,429,0,0,0,25,17,54,113.126,1.5
2650036147,119.769,0,0,-119.769,119.769,432,0,0,0,25,11,24.5,123.676,1.5
2650036192,97.625,0,0,-97.625,97.625,477,0,0,0,25,8,-43,132.848,1.5
2650036203,111.699,0,0,-111.699,111.699,488,0,0,0,25,18,64.3872,127.887,1.5
2650036204,108.755,0,0,-108.755,108.755,489,0,0,0,25,15,50.2599,134.26,1.5
2650036207,99.8368,0,0,-99.8368,99.8368,492,0,0,0,25,12,-31,140.832,1.5
2650036210,99.7676,0,0,-99.7676,99.7676,495,0,0,0,25,14,-54.2047,134.705,1.5
2650036224,111.823,0,0,-111.823,111.823,509,0,0,0,25,10,-2,138.527,1.5
2652928813,92.0473,0,0,-92.0473,92.0473,245,16,18.8682,65.8682,1.5,0,0,0,25
2656428773,88.5693,0,0,-88.5693,88.5693,205,7,17.1985,53.3015,1.5,0,0,0,25
2656428910,109.292,0,0,-109.292,109.292,342,2,-8.15851,99.5,1.5,0,0,0,25
2656429063,99.7676,0,0,-99.7676,99.7676,495,14,-54.2047,134.705,1.5,0,0,0,25
2658428904,101.361,0,0,-101.361,101.361,336,20,24.7068,93.7068,1.5,0,0,0,25
2659929057,108.755,0,0,-108.755,108.755,489,15,50.2599,134.26,1.5,0,0,0,25
2662928980,97.3629,0,0,-97.3629,97.3629,412,3,-44.0489,112.5,1.5,0,0,0,25
2662929045,97.625,0,0,-97.625,97.625,477,8,-43,132.848,1.5,0,0,0,25
2669429077,111.823,0,0,-111.823,111.823,509,10,-2,138.527,1.5,0,0,0,25
2673428997,104.61,0,0,-104.61,104.61,429,17,54,113.126,1.5,0,0,0,25
2674429056,111.699,0,0,-111.699,111.699,488,18,64.3872,127.887,1.5,0,0,0,25
2680428922,96.1313,0,0,-96.1313,96.1313,354,5,-42,93.3306,1.5,0,0,0,25
2680929060,99.8368,0,0,-99.8368,99.8368,492,12,-31,140.832,1.5,0,0,0,25
2685928891,100.48,0,0,-100.48,100.48,323,13,37.365,84.865,1.5,0,0,0,25
2686928780,89.1745,0,0,-89.1745,89.1745,212,4,-27.2492,53.7492,1.5,0,0,0,25
2688929000,119.769,0,0,-119.769,119.769,432,11,24.5,123.676,1.5,0,0,0,25
2690928781,91.0411,0,0,-91.0411,91.0411,213,19,21.8489,54.6511,1.5,0,0,0,25
2696928798,108.501,0,0,-108.501,108.501,230,9,8.72353,63.2235,1.5,0,0,0,25
2697428748,103.707,0,0,-103.707,103.707,180,6,3.5,47.2196,1.5,0,0,0,25
2699928803,84.8861,0,0,-84.8861,84.8861,235,1,-19.6563,62.8437,1.5,0,0,0,25
2700000212,89.1745,0,0,-89.1745,89.1745,212,0,0,0,25,4,-27.3553,53.8553,1.5
2700035895,103.707,0,0,-103.707,103.707,180,0,0,0,25,6,3.5,47.0696,1.5
2700035920,88.5693,0,0,-88.5693,88.5693,205,0,0,0,25,7,17.3046,53.1954,1.5
2700035928,91.0411,0,0,-91.0411,91.0411,213,0,0,0,25,19,21.955,54.545,1.5
2700035945,108.501,0,0,-108.501,108.501,230,0,0,0,25,9,8.61746,63.1175,1.5
2700035950,84.8861,0,0,-84.8861,84.8861,235,0,0,0,25,1,-19.7623,62.7377,1.5
2700035960,92.0473,0,0,-92.0473,92.0473,245,0,0,0,25,16,18.7622,65.7622,1.5
2700036038,100.48,0,0,-100.48,100.48,323,0,0,0,25,13,37.2589,84.7589,1.5
2700036051,101.361,0,0,-101.361,101.361,336,0,0,0,25,20,24.6007,93.6007,1.5
2700036057,109.292,0,0,-109.292,109.292,342,0,0,0,25,2,-8.30851,99.5,1.5
2700036069,96.1313,0,0,-96.1313,96.1313,354,0,0,0,25,5,-42,93.1806,1.5
2700036127,97.3629,0,0,-97.3629,97.3629,412,0,0,0,25,3,-43.8989,112.5,1.5
2700036144,104.61,0,0,-104.61,104.61,429,0,0,0,25,17,54,112.976,1.5
2700036147,119.769,0,0,-119.769,119.769,432,0,0,0,25,11,24.5,123.526,1.5
2700036192,97.625,0,0,-97.625,97.625,477,0,0,0,25,8,-43,132.698,1.5
2700036203,111.699,0,0,-111.699,111.699,488,0,0,0,25,18,64.2811,127.781,1.5
2700036204,108.755,0,0,-108.755,108.755,489,0,0,0,25,15,50.1539,134.154,1.5
2700036207,99.8368,0,0,-99.8368,99.8368,492,0,0,0,25,12,-31,140.682,1.5
2700036210,99.7676,0,0,-99.7676,99.7676,495,0,0,0,25,14,-54.0986,134.599,1.5
2700036224,111.823,0,0,-111.823,111.823,509,0,0,0,25,10,-2,138.377,1.5
2702928813,92.0473,0,0,-92.0473,92.0473,245,16,18.7622,65.7622,1.5,0,0,0,25
2706429063,99.7676,0,0,-99.7676,99.7676,495,14,-54.0986,134.599,1.5,0,0,0,25
2706928773,88.5693,0,0,-88.5693,88.5693,205,7,17.3046,53.1954,1.5,0,0,0,25
2706928910,109.292,0,0,-109.292,109.292,342,2,-8.30851,99.5,1.5,0,0,0,25
2708428904,101.361,0,0,-101.361,101.361,336,20,24.6007,93.6007,1.5,0,0,0,25
2709929057,108.755,0,0,-108.755,108.755,489,15,50.1539,134.154,1.5,0,0,0,25
2713428980,97.3629,0,0,-97.3629,97.3629,412,3,-43.8989,112.5,1.5,0,0,0,25
2713429045,97.625,0,0,-97.625,97.625,477,8,-43,132.698,1.5,0,0,0,25
2719929077,111.823,0,0,-111.823,111.823,509,10,-2,138.377,1.5,0,0,0,25
2724429056,111.699,0,0,-111.699,111.699,488,18,64.2811,127.781,1.5,0,0,0,25
2725428997,104.61,0,0,-104.61,104.61,429,17,54,112.976,1.5,0,0,0,25
2731428922,96.1313,0,0,-96.1313,96.1313,354,5,-42,93.1806,1.5,0,0,0,25
2731429060,99.8368,0,0,-99.8368,99.8368,492,12,-31,140.682,1.5,0,0,0,25
2735928891,100.48,0,0,-100.48,100.48,323,13,37.2589,84.7589,1.5,0,0,0,25
2737428780,89.1745,0,0,-89.1745,89.1745,212,4,-27.3553,53.8553,1.5,0,0,0,25
2739429000,119.769,0,0,-119.769,119.769,432,11,24.5,123.526,1.5,0,0,0,25
2740928781,91.0411,0,0,-91.0411,91.0411,213,19,21.955,54.545,1.5,0,0,0,25
2747428798,108.501,0,0,-108.501,108.501,230,9,8.61746,63.1175,1.5,0,0,0,25
2747928748,103.707,0,0,-103.707,103.707,180,6,3.5,47.0696,1.5,0,0,0,25
2750000212,89.1745,0,0,-89.1745,89.1745,212,0,0,0,25,4,-27.3553,53.8553,1.5
2750035895,103.707,0,0,-103.707,103.707,180,0,0,0,25,6,3.5,47.0696,1.5
2750035920,88.5693,0,0,-88.5693,88.5693,205,0,0,0,25,7,17.3046,53.1954,1.5
2750035928,91.0411,0,0,-91.0411,91.0411,213,0,0,0,25,19,21.955,54.545,1.5
2750035945,108.501,0,0,-108.501,108.501,230,0,0,0,25,9,8.61746,63.1175,1.5
2750035950,84.8861,0,0,-84.8861,84.8861,235,0,0,0,25,1,-19.7623,62.7377,1.5
2750035960,92.0473,0,0,-92.0473,92.0473,245,0,0,0,25,16,18.7622,65.7622,1.5
2750036038,100.48,0,0,-100.48,100.48,323,0,0,0,25,13,37.2589,84.7589,1.5
2750036051,101.361,0,0,-101.361,101.361,336,0,0,0,25,20,24.6007,93.6007,1.5
2750036057,109.292,0,0,-109.292,109.292,342,0,0,0,25,2,-8.30851,99.5,1.5
2750036069,96.1313,0,0,-96.1313,96.1313,354,0,0,0,25,5,-42,93.1806,1.5
2750036127,97.3629,0,0,-97.3629,97.3629,412,0,0,0,25,3,-43.8989,112.5,1.5
2750036144,104.61,0,0,-104.61,104.61,429,0,0,0,25,17,54,112.976,1.5
2750036147,119.769,0,0,-119.769,119.769,432,0,0,0,25,11,24.5,123.526,1.5
2750036192,97.625,0,0,-97.625,97.625,477,0,0,0,25,8,-43,132.698,1.5
2750036203,111.699,0,0,-111.699,111.699,488,0,0,0,25,18,64.2811,127.781,1.5
2750036204,108.755,0,0,-108.755,108.755,489,0,0,0,25,15,50.1539,134.154,1.5
2750036207,99.8368,0,0,-99.8368,99.8368,492,0,0,0,25,12,-31,140.682,1.5
2750036210,99.7676,0,0,-99.7676,99.7676,495,0,0,0,25,14,-54.0986,134.599,1.5
2750036224,111.823,0,0,-111.823,111.823,509,0,0,0,25,10,-2,138.377,1.5
2750428803,84.8861,0,0,-84.8861,84.8861,235,1,-19.7623,62.7377,1.5,0,0,0,25
2752928813,92.0473,0,0,-92.0473,92.0473,245,16,18.7622,65.7622,1.5,0,0,0,25
2756429063,99.7676,0,0,-99.7676,99.7676,495,14,-54.0986,134.599,1.5,0,0,0,25
2756928910,109.292,0,0,-109.292,109.292,342,2,-8.30851,99.5,1.5,0,0,0,25
2757428773,88.5693,0,0,-88.5693,88.5693,205,7,17.3046,53.1954,1.5,0,0,0,25
2758428904,101.361,0,0,-101.361,101.361,336,20,24.6007,93.6007,1.5,0,0,0,25
2759929057,108.755,0,0,-108.755,108.755,489,15,50.1539,134.154,1.5,0,0,0,25
2763928980,97.3629,0,0,-97.3629,97.3629,412,3,-43.8989,112.5,1.5,0,0,0,25
2763929045,97.625,0,0,-97.625,97.625,477,8,-43,132.698,1.5,0,0,0,25
2769929077,111.823,0,0,-111.823,111.823,509,10,-2,138.377,1.5,0,0,0,25
2774429056,111.699,0,0,-111.699,111.699,488,18,64.2811,127.781,1.5,0,0,0,25
2777428997,104.61,0,0,-104.61,104.61,429,17,54,112.976,1.5,0,0,0,25
2781428922,96.1313,0,0,-96.1313,96.1313,354,5,-42,93.1806,1.5,0,0,0,25
2781929060,99.8368,0,0,-99.8368,99.8368,492,12,-31,140.682,1.5,0,0,0,25
2785928891,100.48,0,0,-100.48,100.48,323,13,37.2589,84.7589,1.5,0,0,0,25
2787928780,89.1745,0,0,-89.1745,89.1745,212,4,-27.3553,53.8553,1.5,0,0,0,25
2789429000,119.769,0,0,-119.769,119.769,432,11,24.5,123.526,1.5,0,0,0,25
2791357354,91.0411,0,0,-91.0411,91.0411,213,19,21.955,54.545,1.5,0,0,0,25
2797928748,103.707,0,0,-103.707,103.707,180,6,3.5,47.0696,1.5,0,0,0,25
2797928798,108.501,0,0,-108.501,108.501,230,9,8.61746,63.1175,1.5,0,0,0,25
2800000212,89.1745,0,0,-89.1745,89.1745,212,0,0,0,25,4,-27.4613,53.9613,1.5
2800035895,103.707,0,0,-103.707,103.707,180,0,0,0,25,6,3.5,46.9196,1.5
2800035920,88.5693,0,0,-88.5693,88.5693,205,0,0,0,25,7,17.4106,53.0894,1.5
2800035928,91.0411,0,0,-91.0411,91.0411,213,0,0,0,25,19,22.0611,54.4389,1.5
2800035945,108.501,0,0,-108.501,108.501,230,0,0,0,25,9,8.51139,63.0114,1.5
2800035950,84.8861,0,0,-84.8861,84.8861,235,0,0,0,25,1,-19.8684,62.6316,1.5
2800035960,92.0473,0,0,-92.0473,92.0473,245,0,0,0,25,16,18.6561,65.6561,1.5
2800036038,100.48,0,0,-100.48,100.48,323,0,0,0,25,13,37.1529,84.6529,1.5
2800036051,101.361,0,0,-101.361,101.361,336,0,0,0,25,20,24.4946,93.4946,1.5
2800036057,109.292,0,0,-109.292,109.292,342,0,0,0,25,2,-8.45851,99.5,1.5
2800036069,96.1313,0,0,-96.1313,96.1313,354,0,0,0,25,5,-42,93.0306,1.5
2800036127,97.3629,0,0,-97.3629,97.3629,412,0,0,0,25,3,-43.7489,112.5,1.5
2800036144,104.61,0,0,-104.61,104.61,429,0,0,0,25,17,54,112.826,1.5
2800036147,119.769,0,0,-119.769,119.769,432,0,0,0,25,11,24.5,123.376,1.5
2800036192,97.625,0,0,-97.625,97.625,477,0,0,0,25,8,-43,132.548,1.5
2800036203,111.699,0,0,-111.699,111.699,488,0,0,0,25,18,64.175,127.675,1.5
2800036204,108.755,0,0,-108.755,108.755,489,0,0,0,25,15,50.0478,134.048,1.5
2800036207,99.8368,0,0,-99.8368,99.8368,492,0,0,0,25,12,-31,140.532,1.5
2800036210,99.7676,0,0,-99.7676,99.7676,495,0,0,0,25,14,-53.9926,134.493,1.5
2800036224,111.823,0,0,-111.823,111.823,509,0,0,0,25,10,-2,138.227,1.5
2800928803,84.8861,0,0,-84.8861,84.8861,235,1,-19.8684,62.6316,1.5,0,0,0,25
2802928813,92.0473,0,0,-92.0473,92.0473,245,16,18.6561,65.6561,1.5,0,0,0,25
2806429063,99.7676,0,0,-99.7676,99.7676,495,14,-53.9926,134.493,1.5,0,0,0,25
2806928910,109.292,0,0,-109.292,109.292,342,2,-8.45851,99.5,1.5,0,0,0,25
2807428773,88.5693,0,0,-88.5693,88.5693,205,7,17.4106,53.0894,1.5,0,0,0,25
2808428904,101.361,0,0,-101.361,101.361,336,20,24.4946,93.4946,1.5,0,0,0,25
2809929057,108.755,0,0,-108.755,108.755,489,15,50.0478,134.048,1.5,0,0,0,25
2813928980,97.3629,0,0,-97.3629,97.3629,412,3,-43.7489,112.5,1.5,0,0,0,25
2814429045,97.625,0,0,-97.625,97.625,477,8,-43,132.548,1.5,0,0,0,25
2820429077,111.823,0,0,-111.823,111.823,509,10,-2,138.227,1.5,0,0,0,25
2824429056,111.699,0,0,-111.699,111.699,488,18,64.175,127.675,1.5,0,0,0,25
2829428997,104.61,0,0,-104.61,104.61,429,17,54,112.826,1.5,0,0,0,25
2831928922,96.1313,0,0,-96.1313,96.1313,354,5,-42,93.0306,1.5,0,0,0,25
2832429060,99.8368,0,0,-99.8368,99.8368,492,12,-31,140.532,1.5,0,0,0,25
2835928891,100.48,0,0,-100.48,100.48,323,13,37.1529,84.6529,1.5,0,0,0,25
2837928780,89.1745,0,0,-89.1745,89.1745,212,4,-27.4613,53.9613,1.5,0,0,0,25
2839929000,119.769,0,0,-119.769,119.769,432,11,24.5,123.376,1.5,0,0,0,25
2841428781,91.0411,0,0,-91.0411,91.0411,213,19,22.0611,54.4389,1.5,0,0,0,25
2848428748,103.707,0,0,-103.707,103.707,180,6,3.5,46.9196,1.5,0,0,0,25
2848428798,108.501,0,0,-108.501,108.501,230,9,8.51139,63.0114,1.5,0,0,0,25
2850000212,89.1745,0,0,-89.1745,89.1745,212,0,0,0,25,4,-27.4613,53.9613,1.5
2850035895,103.707,0,0,-103.707,103.707,180,0,0,0,25,6,3.5,46.9196,1.5
2850035920,88.5693,0,0,-88.5693,88.5693,205,0,0,0,25,7,17.4106,53.0894,1.5
2850035928,91.0411,0,0,-91.0411,91.0411,213,0,0,0,25,19,22.0611,54.4389,1.5
2850035945,108.501,0,0,-108.501,108.501,230,0,0,0,25,9,8.51139,63.0114,1.5
2850035950,84.8861,0,0,-84.8861,84.8861,235,0,0,0,25,1,-19.8684,62.6316,1.5
2850035960,92.0473,0,0,-92.0473,92.0473,245,0,0,0,25,16,18.6561,65.6561,1.5
2850036038,100.48,0,0,-100.48,100.48,323,0,0,0,25,13,37.1529,84.6529,1.5
2850036051,101.361,0,0,-101.361,101.361,336,0,0,0,25,20,24.4946,93.4946,1.5
2850036057,109.292,0,0,-109.292,109.292,342,0,0,0,25,2,-8.45851,99.5,1.5
2850036069,96.1313,0,0,-96.1313,96.1313,354,0,0,0,25,5,-42,93.0306,1.5
2850036127,97.3629,0,0,-97.3629,97.3629,412,0,0,0,25,3,-43.7489,112.5,1.5
2850036144,104.61,0,0,-104.61,104.61,429,0,0,0,25,17,54,112.826,1.5
2850036147,119.769,0,0,-119.769,119.769,432,0,0,0,25,11,24.5,123.376,1.5
2850036192,97.625,0,0,-97.625,97.625,477,0,0,0,25,8,-43,132.548,1.5
2850036203,111.699,0,0,-111.699,111.699,488,0,0,0,25,18,64.175,127.675,1.5
2850036204,108.755,0,0,-108.755,108.755,489,0,0,0,25,15,50.0478,134.048,1.5
2850036207,99.8368,0,0,-99.8368,99.8368,492,0,0,0,25,12,-31,140.532,1.5
2850036210,99.7676,0,0,-99.7676,99.7676,495,0,0,0,25,14,-53.9926,134.493,1.5
2850036224,111.823,0,0,-111.823,111.823,509,0,0,0,25,10,-2,138.227,1.5
2851428803,84.8861,0,0,-84.8861,84.8861,235,1,-19.8684,62.6316,1.5,0,0,0,25
2852928813,92.0473,0,0,-92.0473,92.0473,245,16,18.6561,65.6561,1.5,0,0,0,25
2856429063,99.7676,0,0,-99.7676,99.7676,495,14,-53.9926,134.493,1.5,0,0,0,25
2856928910,109.292,0,0,-109.292,109.292,342,2,-8.45851,99.5,1.5,0,0,0,25
2857928773,88.5693,0,0,-88.5693,88.5693,205,7,17.4106,53.0894,1.5,0,0,0,25
2858428904,101.361,0,0,-101.361,101.361,336,20,24.4946,93.4946,1.5,0,0,0,25
2859929057,108.755,0,0,-108.755,108.755,489,15,50.0478,134.048,1.5,0,0,0,25
2864428980,97.3629,0,0,-97.3629,97.3629,412,3,-43.7489,112.5,1.5,0,0,0,25
2864929045,97.625,0,0,-97.625,97.625,477,8,-43,132.548,1.5,0,0,0,25
2870929077,111.823,0,0,-111.823,111.823,509,10,-2,138.227,1.5,0,0,0,25
2874429056,111.699,0,0,-111.699,111.699,488,18,64.175,127.675,1.5,0,0,0,25
2881428997,104.61,0,0,-104.61,104.61,429,17,54,112.826,1.5,0,0,0,25
2881928922,96.1313,0,0,-96.1313,96.1313,354,5,-42,93.0306,1.5,0,0,0,25
2882429060,99.8368,0,0,-99.8368,99.8368,492,12,-31,140.532,1.5,0,0,0,25
2885928891,100.48,0,0,-100.48,100.48,323,13,37.1529,84.6529,1.5,0,0,0,25
2888428780,89.1745,0,0,-89.1745,89.1745,212,4,-27.4613,53.9613,1.5,0,0,0,25
2890429000,119.769,0,0,-119.769,119.769,432,11,24.5,123.376,1.5,0,0,0,25
2891428781,91.0411,0,0,-91.0411,91.0411,213,19,22.0611,54.4389,1.5,0,0,0,25
2898928748,103.707,0,0,-103.707,103.707,180,6,3.5,46.9196,1.5,0,0,0,25
2898928798,108.501,0,0,-108.501,108.501,230,9,8.51139,63.0114,1.5,0,0,0,25
2900000212,89.1745,0,0,-89.1745,89.1745,212,0,0,0,25,4,-27.5674,54.0674,1.5
2900035895,103.707,0,0,-103.707,103.707,180,0,0,0,25,6,3.5,46.7696,1.5
2900035920,88.5693,0,0,-88.5693,88.5693,205,0,0,0,25,7,17.5167,52.9833,1.5
2900035928,91.0411,0,0,-91.0411,91.0411,213,0,0,0,25,19,22.1671,54.3329,1.5
2900035945,108.501,0,0,-108.501,108.501,230,0,0,0,25,9,8.40533,62.9053,1.5
2900035950,84.8861,0,0,-84.8861,84.8861,235,0,0,0,25,1,-19.9745,62.5255,1.5
2900035960,92.0473,0,0,-92.0473,92.0473,245,0,0,0,25,16,18.55,65.55,1.5
2900036038,100.48,0,0,-100.48,100.48,323,0,0,0,25,13,37.0468,84.5468,1.5
2900036051,101.361,0,0,-101.361,101.361,336,0,0,0,25,20,24.3886,93.3886,1.5
2900036057,109.292,0,0,-109.292,109.292,342,0,0,0,25,2,-8.60851,99.5,1.5
2900036069,96.1313,0,0,-96.1313,96.1313,354,0,0,0,25,5,-42,92.8806,1.5
2900036127,97.3629,0,0,-97.3629,97.3629,412,0,0,0,25,3,-43.5989,112.5,1.5
2900036144,104.61,0,0,-104.61,104.61,429,0,0,0,25,17,54,112.676,1.5
2900036147,119.769,0,0,-119.769,119.769,432,0,0,0,25,11,24.5,123.226,1.5
2900036192,97.625,0,0,-97.625,97.625,477,0,0,0,25,8,-43,132.398,1.5
2900036203,111.699,0,0,-111.699,111.699,488,0,0,0,25,18,64.069,127.569,1.5
2900036204,108.755,0,0,-108.755,108.755,489,0,0,0,25,15,49.9418,133.942,1.5
2900036207,99.8368,0,0,-99.8368,99.8368,492,0,0,0,25,12,-31,140.382,1.5
2900036210,99.7676,0,0,-99.7676,99.7676,495,0,0,0,25,14,-53.8865,134.387,1.5
2900036224,111.823,0,0,-111.823,111.823,509,0,0,0,25,10,-2,138.077,1.5
2901428803,84.8861,0,0,-84.8861,84.8861,235,1,-19.9745,62.5255,1.5,0,0,0,25
2902928813,92.0473,0,0,-92.0473,92.0473,245,16,18.55,65.55,1.5,0,0,0,25
2906429063,99.7676,0,0,-99.7676,99.7676,495,14,-53.8865,134.387,1.5,0,0,0,25
2906928910,109.292,0,0,-109.292,109.292,342,2,-8.60851,99.5,1.5,0,0,0,25
2908428773,88.5693,0,0,-88.5693,88.5693,205,7,17.5167,52.9833,1.5,0,0,0,25
2908428904,101.361,0,0,-101.361,101.361,336,20,24.3886,93.3886,1.5,0,0,0,25
2909929057,108.755,0,0,-108.755,108.755,489,15,49.9418,133.942,1.5,0,0,0,25
2914928980,97.3629,0,0,-97.3629,97.3629,412,3,-43.5989,112.5,1.5,0,0,0,25
2914929045,97.625,0,0,-97.625,97.625,477,8,-43,132.398,1.5,0,0,0,25
2921429077,111.823,0,0,-111.823,111.823,509,10,-2,138.077,1.5,0,0,0,25
2924429056,111.699,0,0,-111.699,111.699,488,18,64.069,127.569,1.5,0,0,0,25
2932428922,96.1313,0,0,-96.1313,96.1313,354,5,-42,92.8806,1.5,0,0,0,25
2932929060,99.8368,0,0,-99.8368,99.8368,492,12,-31,140.382,1.5,0,0,0,25
2933428997,104.61,0,0,-104.61,104.61,429,17,54,112.676,1.5,0,0,0,25
2935928891,100.48,0,0,-100.48,100.48,323,13,37.0468,84.5468,1.5,0,0,0,25
2938928780,89.1745,0,0,-89.1745,89.1745,212,4,-27.5674,54.0674,1.5,0,0,0,25
2940929000,119.769,0,0,-119.769,119.769,432,11,24.5,123.226,1.5,0,0,0,25
2941428781,91.0411,0,0,-91.0411,91.0411,213,19,22.1671,54.3329,1.5,0,0,0,25
2948928798,108.501,0,0,-108.501,108.501,230,9,8.40533,62.9053,1.5,0,0,0,25
2949428748,103.707,0,0,-103.707,103.707,180,6,3.5,46.7696,1.5,0,0,0,25
2950000212,89.1745,0,0,-89.1745,89.1745,212,0,0,0,25,4,-27.5674,54.0674,1.5
2950035895,103.707,0,0,-103.707,103.707,180,0,0,0,25,6,3.5,46.7696,1.5
2950035920,88.5693,0,0,-88.5693,88.5693,205,0,0,0,25,7,17.5167,52.9833,1.5
2950035928,91.0411,0,0,-91.0411,91.0411,213,0,0,0,25,19,22.1671,54.3329,1.5
2950035945,108.501,0,0,-108.501,108.501,230,0,0,0,25,9,8.40533,62.9053,1.5
2950035950,84.8861,0,0,-84.8861,84.8861,235,0,0,0,25,1,-19.9745,62.5255,1.5
2950035960,92.0473,0,0,-92.0473,92.0473,245,0,0,0,25,16,18.55,65.55,1.5
2950036038,100.48,0,0,-100.48,100.48,323,0,0,0,25,13,37.0468,84.5468,1.5
2950036051,101.361,0,0,-101.361,101.361,336,0,0,0,25,20,24.3886,93.3886,1.5
2950036057,109.292,0,0,-109.292,109.292,342,0,0,0,25,2,-8.60851,99.5,1.5
2950036069,96.1313,0,0,-96.1313,96.1313,354,0,0,0,25,5,-42,92.8806,1.5
2950036127,97.3629,0,0,-97.3629,97.3629,412,0,0,0,25,3,-43.5989,112.5,1.5
2950036144,104.61,0,0,-104.61,104.61,429,0,0,0,25,17,54,112.676,1.5
2950036147,119.769,0,0,-119.769,119.769,432,0,0,0,25,11,24.5,123.226,1.5
2950036192,97.625,0,0,-97.625,97.625,477,0,0,0,25,8,-43,132.398,1.5
2950036203,111.699,0,0,-111.699,111.699,488,0,0,0,25,18,64.069,127.569,1.5
2950036204,108.755,0,0,-108.755,108.755,489,0,0,0,25,15,49.9418,133.942,1.5
2950036207,99.8368,0,0,-99.8368,99.8368,492,0,0,0,25,12,-31,140.382,1.5
2950036210,99.7676,0,0,-99.7676,99.7676,495,0,0,0,25,14,-53.8865,134.387,1.5
2950036224,111.823,0,0,-111.823,111.823,509,0,0,0,25,10,-2,138.077,1.5
2951928803,84.8861,0,0,-84.8861,84.8861,235,1,-19.9745,62.5255,1.5,0,0,0,25
2952928813,92.0473,0,0,-92.0473,92.0473,245,16,18.55,65.55,1.5,0,0,0,25
2956429063,99.7676,0,0,-99.7676,99.7676,495,14,-53.8865,134.387,1.5,0,0,0,25
2956928910,109.292,0,0,-109.292,109.292,342,2,-8.60851,99.5,1.5,0,0,0,25
2958428904,101.361,0,0,-101.361,101.361,336,20,24.3886,93.3886,1.5,0,0,0,25
2958928773,88.5693,0,0,-88.5693,88.5693,205,7,17.5167,52.9833,1.5,0,0,0,25
2959929057,108.755,0,0,-108.755,108.755,489,15,49.9418,133.942,1.5,0,0,0,25
2965428980,97.3629,0,0,-97.3629,97.3629,412,3,-43.5989,112.5,1.5,0,0,0,25
2965429045,97.625,0,0,-97.625,97.625,477,8,-43,132.398,1.5,0,0,0,25
2971429077,111.823,0,0,-111.823,111.823,509,10,-2,138.077,1.5,0,0,0,25
2974429056,111.699,0,0,-111.699,111.699,488,18,64.069,127.569,1.5,0,0,0,25
2982928922,96.1313,0,0,-96.1313,96.1313,354,5,-42,92.8806,1.5,0,0,0,25
2983429060,99.8368,0,0,-99.8368,99.8368,492,12,-31,140.382,1.5,0,0,0,25
2985428997,104.61,0,0,-104.61,104.61,429,17,54,112.676,1.5,0,0,0,25
2985928891,100.48,0,0,-100.48,100.48,323,13,37.0468,84.5468,1.5,0,0,0,25
2989428780,89.1745,0,0,-89.1745,89.1745,212,4,-27.5674,54.0674,1.5,0,0,0,25
2991429000,119.769,0,0,-119.769,119.769,432,11,24.5,123.226,1.5,0,0,0,25
2991928781,91.0411,0,0,-91.0411,91.0411,213,19,22.1671,54.3329,1.5,0,0,0,25
2999357371,108.501,0,0,-108.501,108.501,230,9,8.40533,62.9053,1.5,0,0,0,25
2999928748,103.707,0,0,-103.707,103.707,180,6,3.5,46.7696,1.5,0,0,0,25
3000000212,89.1745,0,0,-89.1745,89.1745,212,0,0,0,25,4,-27.6735,54.1735,1.5
3000035895,103.707,0,0,-103.707,103.707,180,0,0,0,25,6,3.5,46.6196,1.5
3000035920,88.5693,0,0,-88.5693,88.5693,205,0,0,0,25,7,17.6228,52.8772,1.5
3000035928,91.0411,0,0,-91.0411,91.0411,213,0,0,0,25,19,22.2732,54.2268,1.5
3000035945,108.501,0,0,-108.501,108.501,230,0,0,0,25,9,8.29926,62.7993,1.5
3000035950,84.8861,0,0,-84.8861,84.8861,235,0,0,0,25,1,-20.0805,62.4195,1.5
3000035960,92.0473,0,0,-92.0473,92.0473,245,0,0,0,25,16,18.444,65.444,1.5
3000036038,100.48,0,0,-100.48,100.48,323,0,0,0,25,13,36.9407,84.4407,1.5
3000036051,101.361,0,0,-101.361,101.361,336,0,0,0,25,20,24.2825,93.2825,1.5
3000036057,109.292,0,0,-109.292,109.292,342,0,0,0,25,2,-8.75851,99.5,1.5
3000036069,96.1313,0,0,-96.1313,96.1313,354,0,0,0,25,5,-42,92.7306,1.5
3000036127,97.3629,0,0,-97.3629,97.3629,412,0,0,0,25,3,-43.4489,112.5,1.5
3000036144,104.61,0,0,-104.61,104.61,429,0,0,0,25,17,54,112.526,1.5
3000036147,119.769,0,0,-119.769,119.769,432,0,0,0,25,11,24.5,123.076,1.5
3000036192,97.625,0,0,-97.625,97.625,477,0,0,0,25,8,-43,132.248,1.5
3000036203,111.699,0,0,-111.699,111.699,488,0,0,0,25,18,63.9629,127.463,1.5
3000036204,108.755,0,0,-108.755,108.755,489,0,0,0,25,15,49.8357,133.836,1.5
3000036207,99.8368,0,0,-99.8368,99.8368,492,0,0,0,25,12,-31,140.232,1.5
3000036210,99.7676,0,0,-99.7676,99.7676,495,0,0,0,25,14,-53.7804,134.28,1.5
3000036224,111.823,0,0,-111.823,111.823,509,0,0,0,25,10,-2,137.927,1.5
3002428803,84.8861,0,0,-84.8861,84.8861,235,1,-20.0805,62.4195,1.5,0,0,0,25
3002928813,92.0473,0,0,-92.0473,92.0473,245,16,18.444,65.444,1.5,0,0,0,25
3006429063,99.7676,0,0,-99.7676,99.7676,495,14,-53.7804,134.28,1.5,0,0,0,25
3006928910,109.292,0,0,-109.292,109.292,342,2,-8.75851,99.5,1.5,0,0,0,25
3008428904,101.361,0,0,-101.361,101.361,336,20,24.2825,93.2825,1.5,0,0,0,25
3009428773,88.5693,0,0,-88.5693,88.5693,205,7,17.6228,52.8772,1.5,0,0,0,25
3009929057,108.755,0,0,-108.755,108.755,489,15,49.8357,133.836,1.5,0,0,0,25
3015928980,97.3629,0,0,-97.3629,97.3629,412,3,-43.4489,112.5,1.5,0,0,0,25
3015929045,97.625,0,0,-97.625,97.625,477,8,-43,132.248,1.5,0,0,0,25
3021929077,111.823,0,0,-111.823,111.823,509,10,-2,137.927,1.5,0,0,0,25
3024929056,111.699,0,0,-111.699,111.699,488,18,63.9629,127.463,1.5,0,0,0,25
3033428922,96.1313,0,0,-96.1313,96.1313,354,5,-42,92.7306,1.5,0,0,0,25
3033929060,99.8368,0,0,-99.8368,99.8368,492,12,-31,140.232,1.5,0,0,0,25
3035928891,100.48,0,0,-100.48,100.48,323,13,36.9407,84.4407,1.5,0,0,0,25
3037393283,104.61,0,0,-104.61,104.61,429,17,54,112.526,1.5,0,0,0,25
3039928780,89.1745,0,0,-89.1745,89.1745,212,4,-27.6735,54.1735,1.5,0,0,0,25
3041928781,91.0411,0,0,-91.0411,91.0411,213,19,22.2732,54.2268,1.5,0,0,0,25
3041929000,119.769,0,0,-119.769,119.769,432,11,24.5,123.076,1.5,0,0,0,25
3049928748,103.707,0,0,-103.707,103.707,180,6,3.5,46.6196,1.5,0,0,0,25
3049928798,108.501,0,0,-108.501,108.501,230,9,8.29926,62.7993,1.5,0,0,0,25
3050000212,89.1745,0,0,-89.1745,89.1745,212,0,0,0,25,4,-27.6735,54.1735,1.5
3050035895,103.707,0,0,-103.707,103.707,180,0,0,0,25,6,3.5,46.6196,1.5
3050035920,88.5693,0,0,-88.5693,88.5693,205,0,0,0,25,7,17.6228,52.8772,1.5
3050035928,91.0411,0,0,-91.0411,91.0411,213,0,0,0,25,19,22.2732,54.2268,1.5
3050035945,108.501,0,0,-108.501,108.501,230,0,0,0,25,9,8.29926,62.7993,1.5
3050035950,84.8861,0,0,-84.8861,84.8861,235,0,0,0,25,1,-20.0805,62.4195,1.5
3050035960,92.0473,0,0,-92.0473,92.0473,245,0,0,0,25,16,18.444,65.444,1.5
3050036038,100.48,0,0,-100.48,100.48,323,0,0,0,25,13,36.9407,84.4407,1.5
3050036051,101.361,0,0,-101.361,101.361,336,0,0,0,25,20,24.2825,93.2825,1.5
3050036057,109.292,0,0,-109.292,109.292,342,0,0,0,25,2,-8.75851,99.5,1.5
3050036069,96.1313,0,0,-96.1313,96.1313,354,0,0,0,25,5,-42,92.7306,1.5
3050036127,97.3629,0,0,-97.3629,97.3629,412,0,0,0,25,3,-43.4489,112.5,1.5
3050036144,104.61,0,0,-104.61,104.61,429,0,0,0,25,17,54,112.526,1.5
3050036147,119.769,0,0,-119.769,119.769,432,0,0,0,25,11,24.5,123.076,1.5
3050036192,97.625,0,0,-97.625,97.625,477,0,0,0,25,8,-43,132.248,1.5
3050036203,111.699,0,0,-111.699,111.699,488,0,0,0,25,18,63.9629,127.463,1.5
3050036204,108.755,0,0,-108.755,108.755,489,0,0,0,25,15,49.8357,133.836,1.5
3050036207,99.8368,0,0,-99.8368,99.8368,492,0,0,0,25,12,-31,140.232,1.5
3050036210,99.7676,0,0,-99.7676,99.7676,495,0,0,0,25,14,-53.7804,134.28,1.5
3050036224,111.823,0,0,-111.823,111.823,509,0,0,0,25,10,-2,137.927,1.5
3052928803,84.8861,0,0,-84.8861,84.8861,235,1,-20.0805,62.4195,1.5,0,0,0,25
3052928813,92.0473,0,0,-92.0473,92.0473,245,16,18.444,65.444,1.5,0,0,0,25
3056429063,99.7676,0,0,-99.7676,99.7676,495,14,-53.7804,134.28,1.5,0,0,0,25
3056928910,109.292,0,0,-109.292,109.292,342,2,-8.75851,99.5,1.5,0,0,0,25
3058428904,101.361,0,0,-101.361,101.361,336,20,24.2825,93.2825,1.5,0,0,0,25
3059428773,88.5693,0,0,-88.5693,88.5693,205,7,17.6228,52.8772,1.5,0,0,0,25
3059929057,108.755,0,0,-108.755,108.755,489,15,49.8357,133.836,1.5,0,0,0,25
3065928980,97.3629,0,0,-97.3629,97.3629,412,3,-43.4489,112.5,1.5,0,0,0,25
3066429045,97.625,0,0,-97.625,97.625,477,8,-43,132.248,1.5,0,0,0,25
3072429077,111.823,0,0,-111.823,111.823,509,10,-2,137.927,1.5,0,0,0,25
3074929056,111.699,0,0,-111.699,111.699,488,18,63.9629,127.463,1.5,0,0,0,25
3083928922,96.1313,0,0,-96.1313,96.1313,354,5,-42,92.7306,1.5,0,0,0,25
3084429060,99.8368,0,0,-99.8368,99.8368,492,12,-31,140.232,1.5,0,0,0,25
3085928891,100.48,0,0,-100.48,100.48,323,13,36.9407,84.4407,1.5,0,0,0,25
3089428997,104.61,0,0,-104.61,104.61,429,17,54,112.526,1.5,0,0,0,25
3089928780,89.1745,0,0,-89.1745,89.1745,212,4,-27.6735,54.1735,1.5,0,0,0,25
3091928781,91.0411,0,0,-91.0411,91.0411,213,19,22.2732,54.2268,1.5,0,0,0,25
3091929000,119.769,0,0,-119.769,119.769,432,11,24.5,123.076,1.5,0,0,0,25
3100000212,89.1745,0,0,-89.1745,89.1745,212,0,0,0,25,4,-27.7795,54.2795,1.5
3100035895,103.707,0,0,-103.707,103.707,180,0,0,0,25,6,3.5,46.4696,1.5
3100035920,88.5693,0,0,-88.5693,88.5693,205,0,0,0,25,7,17.7288,52.7712,1.5
3100035928,91.0411,0,0,-91.0411,91.0411,213,0,0,0,25,19,22.3793,54.1207,1.5
3100035945,108.501,0,0,-108.501,108.501,230,0,0,0,25,9,8.1932,62.6932,1.5
3100035950,84.8861,0,0,-84.8861,84.8861,235,0,0,0,25,1,-20.1866,62.3134,1.5
3100035960,92.0473,0,0,-92.0473,92.0473,245,0,0,0,25,16,18.3379,65.3379,1.5
3100036038,100.48,0,0,-100.48,100.48,323,0,0,0,25,13,36.8347,84.3347,1.5
3100036051,101.361,0,0,-101.361,101.361,336,0,0,0,25,20,24.1764,93.1764,1.5
3100036057,109.292,0,0,-109.292,109.292,342,0,0,0,25,2,-8.90851,99.5,1.5
3100036069,96.1313,0,0,-96.1313,96.1313,354,0,0,0,25,5,-42,92.5806,1.5
3100036127,97.3629,0,0,-97.3629,97.3629,412,0,0,0,25,3,-43.2989,112.5,1.5
3100036144,104.61,0,0,-104.61,104.61,429,0,0,0,25,17,54,112.376,1.5
3100036147,119.769,0,0,-119.769,119.769,432,0,0,0,25,11,24.5,122.926,1.5
3100036192,97.625,0,0,-97.625,97.625,477,0,0,0,25,8,-43,132.098,1.5
3100036203,111.699,0,0,-111.699,111.699,488,0,0,0,25,18,63.8568,127.357,1.5
3100036204,108.755,0,0,-108.755,108.755,489,0,0,0,25,15,49.7296,133.73,1.5
3100036207,99.8368,0,0,-99.8368,99.8368,492,0,0,0,25,12,-31,140.082,1.5
3100036210,99.7676,0,0,-99.7676,99.7676,495,0,0,0,25,14,-53.6744,134.174,1.5
3100036224,111.823,0,0,-111.823,111.823,509,0,0,0,25,10,-2,137.777,1.5
3100428748,103.707,0,0,-103.707,103.707,180,6,3.5,46.4696,1.5,0,0,0,25
3100428798,108.501,0,0,-108.501,108.501,230,9,8.1932,62.6932,1.5,0,0,0,25
3102928813,92.0473,0,0,-92.0473,92.0473,245,16,18.3379,65.3379,1.5,0,0,0,25
3103428803,84.8861,0,0,-84.8861,84.8861,235,1,-20.1866,62.3134,1.5,0,0,0,25
3106429063,99.7676,0,0,-99.7676,99.7676,495,14,-53.6744,134.174,1.5,0,0,0,25
3106928910,109.292,0,0,-109.292,109.292,342,2,-8.90851,99.5,1.5,0,0,0,25
3108428904,101.361,0,0,-101.361,101.361,336,20,24.1764,93.1764,1.5,0,0,0,25
3109928773,88.5693,0,0,-88.5693,88.5693,205,7,17.7288,52.7712,1.5,0,0,0,25
3109929057,108.755,0,0,-108.755,108.755,489,15,49.7296,133.73,1.5,0,0,0,25
3116428980,97.3629,0,0,-97.3629,97.3629,412,3,-43.2989,112.5,1.5,0,0,0,25
3116429045,97.625,0,0,-97.625,97.625,477,8,-43,132.098,1.5,0,0,0,25
3122929077,111.823,0,0,-111.823,111.823,509,10,-2,137.777,1.5,0,0,0,25
3124929056,111.699,0,0,-111.699,111.699,488,18,63.8568,127.357,1.5,0,0,0,25
3133928922,96.1313,0,0,-96.1313,96.1313,354,5,-42,92.5806,1.5,0,0,0,25
3134429060,99.8368,0,0,-99.8368,99.8368,492,12,-31,140.082,1.5,0,0,0,25
3135928891,100.48,0,0,-100.48,100.48,323,13,36.8347,84.3347,1.5,0,0,0,25
3140428780,89.1745,0,0,-89.1745,89.1745,212,4,-27.7795,54.2795,1.5,0,0,0,25
3141428997,104.61,0,0,-104.61,104.61,429,17,54,112.376,1.5,0,0,0,25
3141928781,91.0411,0,0,-91.0411,91.0411,213,19,22.3793,54.1207,1.5,0,0,0,25
3142429000,119.769,0,0,-119.769,119.769,432,11,24.5,122.926,1.5,0,0,0,25
3150000212,89.1745,0,0,-89.1745,89.1745,212,0,0,0,25,4,-27.7795,54.2795,1.5
3150035895,103.707,0,0,-103.707,103.707,180,0,0,0,25,6,3.5,46.4696,1.5
3150035920,88.5693,0,0,-88.5693,88.5693,205,0,0,0,25,7,17.7288,52.7712,1.5
3150035928,91.0411,0,0,-91.0411,91.0411,213,0,0,0,25,19,22.3793,54.1207,1.5
3150035945,108.501,0,0,-108.501,108.501,230,0,0,0,25,9,8.1932,62.6932,1.5
3150035950,84.8861,0,0,-84.8861,84.8861,235,0,0,0,25,1,-20.1866,62.3134,1.5
3150035960,92.0473,0,0,-92.0473,92.0473,245,0,0,0,25,16,18.3379,65.3379,1.5
3150036038,100.48,0,0,-100.48,100.48,323,0,0,0,25,13,36.8347,84.3347,1.5
3150036051,101.361,0,0,-101.361,101.361,336,0,0,0,25,20,24.1764,93.1764,1.5
3150036057,109.292,0,0,-109.292,109.292,342,0,0,0,25,2,-8.90851,99.5,1.5
3150036069,96.1313,0,0,-96.1313,96.1313,354,0,0,0,25,5,-42,92.5806,1.5
3150036127,97.3629,0,0,-97.3629,97.3629,412,0,0,0,25,3,-43.2989,112.5,1.5
3150036144,104.61,0,0,-104.61,104.61,429,0,0,0,25,17,54,112.376,1.5
3150036147,119.769,0,0,-119.769,119.769,432,0,0,0,25,11,24.5,122.926,1.5
3150036192,97.625,0,0,-97.625,97.625,477,0,0,0,25,8,-43,132.098,1.5
3150036203,111.699,0,0,-111.699,111.699,488,0,0,0,25,18,63.8568,127.357,1.5
3150036204,108.755,0,0,-108.755,108.755,489,0,0,0,25,15,49.7296,133.73,1.5
3150036207,99.8368,0,0,-99.8368,99.8368,492,0,0,0,25,12,-31,140.082,1.5
3150036210,99.7676,0,0,-99.7676,99.7676,495,0,0,0,25,14,-53.6744,134.174,1.5
3150036224,111.823,0,0,-111.823,111.823,509,0,0,0,25,10,-2,137.777,1.5
3150928748,103.707,0,0,-103.707,103.707,180,6,3.5,46.4696,1.5,0,0,0,25
3150928798,108.501,0,0,-108.501,108.501,230,9,8.1932,62.6932,1.5,0,0,0,25
3152928813,92.0473,0,0,-92.0473,92.0473,245,16,18.3379,65.3379,1.5,0,0,0,25
3153428803,84.8861,0,0,-84.8861,84.8861,235,1,-20.1866,62.3134,1.5,0,0,0,25
3156429063,99.7676,0,0,-99.7676,99.7676,495,14,-53.6744,134.174,1.5,0,0,0,25
3157428910,109.292,0,0,-109.292,109.292,342,2,-8.90851,99.5,1.5,0,0,0,25
3158428904,101.361,0,0,-101.361,101.361,336,20,24.1764,93.1764,1.5,0,0,0,25
3159929057,108.755,0,0,-108.755,108.755,489,15,49.7296,133.73,1.5,0,0,0,25
3160428773,88.5693,0,0,-88.5693,88.5693,205,7,17.7288,52.7712,1.5,0,0,0,25
3166928980,97.3629,0,0,-97.3629,97.3629,412,3,-43.2989,112.5,1.5,0,0,0,25
3166929045,97.625,0,0,-97.625,97.625,477,8,-43,132.098,1.5,0,0,0,25
3173429077,111.823,0,0,-111.823,111.823,509,10,-2,137.777,1.5,0,0,0,25
3174929056,111.699,0,0,-111.699,111.699,488,18,63.8568,127.357,1.5,0,0,0,25
3184428922,96.1313,0,0,-96.1313,96.1313,354,5,-42,92.5806,1.5,0,0,0,25
3184929060,99.8368,0,0,-99.8368,99.8368,492,12,-31,140.082,1.5,0,0,0,25
3185928891,100.48,0,0,-100.48,100.48,323,13,36.8347,84.3347,1.5,0,0,0,25
3190928780,89.1745,0,0,-89.1745,89.1745,212,4,-27.7795,54.2795,1.5,0,0,0,25
3191928781,91.0411,0,0,-91.0411,91.0411,213,19,22.3793,54.1207,1.5,0,0,0,25
3192929000,119.769,0,0,-119.769,119.769,432,11,24.5,122.926,1.5,0,0,0,25
3193428997,104.61,0,0,-104.61,104.61,429,17,54,112.376,1.5,0,0,0,25
3200000212,89.1745,0,0,-89.1745,89.1745,212,0,0,0,25,4,-27.8856,54.3856,1.5
3200035895,103.707,0,0,-103.707,103.707,180,0,0,0,25,6,3.5,46.3196,1.5
3200035920,88.5693,0,0,-88.5693,88.5693,205,0,0,0,25,7,17.8349,52.6651,1.5
3200035928,91.0411,0,0,-91.0411,91.0411,213,0,0,0,25,19,22.4853,54.0147,1.5
3200035945,108.501,0,0,-108.501,108.501,230,0,0,0,25,9,8.08713,62.5871,1.5
3200035950,84.8861,0,0,-84.8861,84.8861,235,0,0,0,25,1,-20.2927,62.2073,1.5
3200035960,92.0473,0,0,-92.0473,92.0473,245,0,0,0,25,16,18.2318,65.2318,1.5
3200036038,100.48,0,0,-100.48,100.48,323,0,0,0,25,13,36.7286,84.2286,1.5
3200036051,101.361,0,0,-101.361,101.361,336,0,0,0,25,20,24.0704,93.0704,1.5
3200036057,109.292,0,0,-109.292,109.292,342,0,0,0,25,2,-9.05851,99.5,1.5
3200036069,96.1313,0,0,-96.1313,96.1313,354,0,0,0,25,5,-42,92.4306,1.5
3200036127,97.3629,0,0,-97.3629,97.3629,412,0,0,0,25,3,-43.1489,112.5,1.5
3200036144,104.61,0,0,-104.61,104.61,429,0,0,0,25,17,54,112.226,1.5
3200036147,119.769,0,0,-119.769,119.769,432,0,0,0,25,11,24.5,122.776,1.5
3200036192,97.625,0,0,-97.625,97.625,477,0,0,0,25,8,-43,131.948,1.5
3200036203,111.699,0,0,-111.699,111.699,488,0,0,0,25,18,63.7508,127.251,1.5
3200036204,108.755,0,0,-108.755,108.755,489,0,0,0,25,15,49.6236,133.624,1.5
3200036207,99.8368,0,0,-99.8368,99.8368,492,0,0,0,25,12,-31,139.932,1.5
3200036210,99.7676,0,0,-99.7676,99.7676,495,0,0,0,25,14,-53.5683,134.068,1.5
3200036224,111.823,0,0,-111.823,111.823,509,0,0,0,25,10,-2,137.627,1.5
3200928798,108.501,0,0,-108.501,108.501,230,9,8.08713,62.5871,1.5,0,0,0,25
3201428748,103.707,0,0,-103.707,103.707,180,6,3.5,46.3196,1.5,0,0,0,25
3202928813,92.0473,0,0,-92.0473,92.0473,245,16,18.2318,65.2318,1.5,0,0,0,25
3203928803,84.8861,0,0,-84.8861,84.8861,235,1,-20.2927,62.2073,1.5,0,0,0,25
3206429063,99.7676,0,0,-99.7676,99.7676,495,14,-53.5683,134.068,1.5,0,0,0,25
3207928910,109.292,0,0,-109.292,109.292,342,2,-9.05851,99.5,1.5,0,0,0,25
3208428904,101.361,0,0,-101.361,101.361,336,20,24.0704,93.0704,1.5,0,0,0,25
3209929057,108.755,0,0,-108.755,108.755,489,15,49.6236,133.624,1.5,0,0,0,25
3211428773,88.5693,0,0,-88.5693,88.5693,205,7,17.8349,52.6651,1.5,0,0,0,25
3217428980,97.3629,0,0,-97.3629,97.3629,412,3,-43.1489,112.5,1.5,0,0,0,25
3217429045,97.625,0,0,-97.625,97.625,477,8,-43,131.948,1.5,0,0,0,25
3223429077,111.823,0,0,-111.823,111.823,509,10,-2,137.627,1.5,0,0,0,25
3225429056,111.699,0,0,-111.699,111.699,488,18,63.7508,127.251,1.5,0,0,0,25
3234928922,96.1313,0,0,-96.1313,96.1313,354,5,-42,92.4306,1.5,0,0,0,25
3235429060,99.8368,0,0,-99.8368,99.8368,492,12,-31,139.932,1.5,0,0,0,25
3235928891,100.48,0,0,-100.48,100.48,323,13,36.7286,84.2286,1.5,0,0,0,25
3241428780,89.1745,0,0,-89.1745,89.1745,212,4,-27.8856,54.3856,1.5,0,0,0,25
3241928781,91.0411,0,0,-91.0411,91.0411,213,19,22.4853,54.0147,1.5,0,0,0,25
3243429000,119.769,0,0,-119.769,119.769,432,11,24.5,122.776,1.5,0,0,0,25
3245428997,104.61,0,0,-104.61,104.61,429,17,54,112.226,1.5,0,0,0,25
3250000212,89.1745,0,0,-89.1745,89.1745,212,0,0,0,25,4,-27.8856,54.3856,1.5
3250035895,103.707,0,0,-103.707,103.707,180,0,0,0,25,6,3.5,46.3196,1.5
3250035920,88.5693,0,0,-88.5693,88.5693,205,0,0,0,25,7,17.8349,52.6651,1.5
3250035928,91.0411,0,0,-91.0411,91.0411,213,0,0,0,25,19,22.4853,54.0147,1.5
3250035945,108.501,0,0,-108.501,108.501,230,0,0,0,25,9,8.08713,62.5871,1.5
3250035950,84.8861,0,0,-84.8861,84.8861,235,0,0,0,25,1,-20.2927,62.2073,1.5
3250035960,92.0473,0,0,-92.0473,92.0473,245,0,0,0,25,16,18.2318,65.2318,1.5
3250036038,100.48,0,0,-100.48,100.48,323,0,0,0,25,13,36.7286,84.2286,1.5
3250036051,101.361,0,0,-101.361,101.361,336,0,0,0,25,20,24.0704,93.0704,1.5
3250036057,109.292,0,0,-109.292,109.292,342,0,0,0,25,2,-9.05851,99.5,1.5
3250036069,96.1313,0,0,-96.1313,96.1313,354,0,0,0,25,5,-42,92.4306,1.5
3250036127,97.3629,0,0,-97.3629,97.3629,412,0,0,0,25,3,-43.1489,112.5,1.5
3250036144,104.61,0,0,-104.61,104.61,429,0,0,0,25,17,54,112.226,1.5
3250036147,119.769,0,0,-119.769,119.769,432,0,0,0,25,11,24.5,122.776,1.5
3250036192,97.625,0,0,-97.625,97.625,477,0,0,0,25,8,-43,131.948,1.5
3250036203,111.699,0,0,-111.699,111.699,488,0,0,0,25,18,63.7508,127.251,1.5
3250036204,108.755,0,0,-108.755,108.755,489,0,0,0,25,15,49.6236,133.624,1.5
3250036207,99.8368,0,0,-99.8368,99.8368,492,0,0,0,25,12,-31,139.932,1.5
3250036210,99.7676,0,0,-99.7676,99.7676,495,0,0,0,25,14,-53.5683,134.068,1.5
3250036224,111.823,0,0,-111.823,111.823,509,0,0,0,25,10,-2,137.627,1.5
3251428798,108.501,0,0,-108.501,108.501,230,9,8.08713,62.5871,1.5,0,0,0,25
3251928748,103.707,0,0,-103.707,103.707,180,6,3.5,46.3196,1.5,0,0,0,25
3252928813,92.0473,0,0,-92.0473,92.0473,245,16,18.2318,65.2318,1.5,0,0,0,25
3254428803,84.8861,0,0,-84.8861,84.8861,235,1,-20.2927,62.2073,1.5,0,0,0,25
3256429063,99.7676,0,0,-99.7676,99.7676,495,14,-53.5683,134.068,1.5,0,0,0,25
3258428904,101.361,0,0,-101.361,101.361,336,20,24.0704,93.0704,1.5,0,0,0,25
3258428910,109.292,0,0,-109.292,109.292,342,2,-9.05851,99.5,1.5,0,0,0,25
3259929057,108.755,0,0,-108.755,108.755,489,15,49.6236,133.624,1.5,0,0,0,25
3261428773,88.5693,0,0,-88.5693,88.5693,205,7,17.8349,52.6651,1.5,0,0,0,25
3267928980,97.3629,0,0,-97.3629,97.3629,412,3,-43.1489,112.5,1.5,0,0,0,25
3267929045,97.625,0,0,-97.625,97.625,477,8,-43,131.948,1.5,0,0,0,25
3273929077,111.823,0,0,-111.823,111.823,509,10,-2,137.627,1.5,0,0,0,25
3275429056,111.699,0,0,-111.699,111.699,488,18,63.7508,127.251,1.5,0,0,0,25
3285393208,96.1313,0,0,-96.1313,96.1313,354,5,-42,92.4306,1.5,0,0,0,25
3285928891,100.48,0,0,-100.48,100.48,323,13,36.7286,84.2286,1.5,0,0,0,25
3285929060,99.8368,0,0,-99.8368,99.8368,492,12,-31,139.932,1.5,0,0,0,25
3291893066,89.1745,0,0,-89.1745,89.1745,212,4,-27.8856,54.3856,1.5,0,0,0,25
3291928781,91.0411,0,0,-91.0411,91.0411,213,19,22.4853,54.0147,1.5,0,0,0,25
3293429000,119.769,0,0,-119.769,119.769,432,11,24.5,122.776,1.5,0,0,0,25
3297428997,104.61,0,0,-104.61,104.61,429,17,54,112.226,1.5,0,0,0,25
3300000219,89.6513,0,0,-89.6513,89.6513,219,0,0,0,25,4,-27.9917,54.4917,1.5
3300036057,103.121,0,0,-103.121,103.121,342,0,0,0,25,2,-9.20851,99.5,1.5
3300071602,102.55,0,0,-102.55,102.55,173,0,0,0,25,6,3.5,46.1696,1.5
3300071630,91.0449,0,0,-91.0449,91.0449,201,0,0,0,25,7,17.941,52.559,1.5
3300071639,90.6437,0,0,-90.6437,90.6437,210,0,0,0,25,19,22.5,53.8707,1.5
3300071653,103.201,0,0,-103.201,103.201,224,0,0,0,25,9,7.98106,62.4811,1.5
3300071661,99.1681,0,0,-99.1681,99.1681,232,0,0,0,25,1,-20.3987,62.1013,1.5
3300071668,96.4403,0,0,-96.4403,96.4403,239,0,0,0,25,16,18.1258,65.1258,1.5
3300071745,98.6952,0,0,-98.6952,98.6952,316,0,0,0,25,13,36.6225,84.1225,1.5
3300071759,102.154,0,0,-102.154,102.154,330,0,0,0,25,20,23.9643,92.9643,1.5
3300071776,93.0666,0,0,-93.0666,93.0666,347,0,0,0,25,5,-42,92.2806,1.5
3300071838,96.4249,0,0,-96.4249,96.4249,409,0,0,0,25,3,-42.9989,112.5,1.5
3300071851,106.058,0,0,-106.058,106.058,422,0,0,0,25,17,54,112.076,1.5
3300071853,113.049,0,0,-113.049,113.049,424,0,0,0,25,11,24.5,122.626,1.5
3300071898,98.2545,0,0,-98.2545,98.2545,469,0,0,0,25,8,-43,131.798,1.5
3300071910,109.994,0,0,-109.994,109.994,481,0,0,0,25,18,63.6447,127.145,1.5
3300071910,106.775,0,0,-106.775,106.775,481,0,0,0,25,15,49.5175,133.517,1.5
3300071913,96.9005,0,0,-96.9005,96.9005,484,0,0,0,25,12,-31,139.782,1.5
3300071916,97.0284,0,0,-97.0284,97.0284,487,0,0,0,25,14,-53.4622,133.962,1.5
3300071930,112.72,0,0,-112.72,112.72,501,0,0,0,25,10,-2,137.477,1.5
3301928792,103.201,0,0,-103.201,103.201,224,9,7.98106,62.4811,1.5,0,0,0,25
3302428741,102.55,0,0,-102.55,102.55,173,6,3.5,46.1696,1.5,0,0,0,25
3303428807,96.4403,0,0,-96.4403,96.4403,239,16,18.1258,65.1258,1.5,0,0,0,25
3304928800,99.1681,0,0,-99.1681,99.1681,232,1,-20.3987,62.1013,1.5,0,0,0,25
3306929055,97.0284,0,0,-97.0284,97.0284,487,14,-53.4622,133.962,1.5,0,0,0,25
3308428910,103.121,0,0,-103.121,103.121,342,2,-9.20851,99.5,1.5,0,0,0,25
3308928898,102.154,0,0,-102.154,102.154,330,20,23.9643,92.9643,1.5,0,0,0,25
3310393336,106.775,0,0,-106.775,106.775,481,15,49.5175,133.517,1.5,0,0,0,25
3311928769,91.0449,0,0,-91.0449,91.0449,201,7,17.941,52.559,1.5,0,0,0,25
3318428977,96.4249,0,0,-96.4249,96.4249,409,3,-42.9989,112.5,1.5,0,0,0,25
3318429037,98.2545,0,0,-98.2545,98.2545,469,8,-43,131.798,1.5,0,0,0,25
3324429069,112.72,0,0,-112.72,112.72,501,10,-2,137.477,1.5,0,0,0,25
3325929049,109.994,0,0,-109.994,109.994,481,18,63.6447,127.145,1.5,0,0,0,25
3335928915,93.0666,0,0,-93.0666,93.0666,347,5,-42,92.2806,1.5,0,0,0,25
3336429052,96.9005,0,0,-96.9005,96.9005,484,12,-31,139.782,1.5,0,0,0,25
3336893171,98.6952,0,0,-98.6952,98.6952,316,13,36.6225,84.1225,1.5,0,0,0,25
3341928787,89.6513,0,0,-89.6513,89.6513,219,4,-27.9917,54.4917,1.5,0,0,0,25
3342428778,90.6437,0,0,-90.6437,90.6437,210,19,22.5,53.8707,1.5,0,0,0,25
3343928992,113.049,0,0,-113.049,113.049,424,11,24.5,122.626,1.5,0,0,0,25
3349428990,106.058,0,0,-106.058,106.058,422,17,54,112.076,1.5,0,0,0,25
3350000219,89.6513,0,0,-89.6513,89.6513,219,0,0,0,25,4,-27.9917,54.4917,1.5
3350036057,103.121,0,0,-103.121,103.121,342,0,0,0,25,2,-9.20851,99.5,1.5
3350071602,102.55,0,0,-102.55,102.55,173,0,0,0,25,6,3.5,46.1696,1.5
3350071630,91.0449,0,0,-91.0449,91.0449,201,0,0,0,25,7,17.941,52.559,1.5
3350071639,90.6437,0,0,-90.6437,90.6437,210,0,0,0,25,19,22.5,53.8707,1.5
3350071653,103.201,0,0,-103.201,103.201,224,0,0,0,25,9,7.98106,62.4811,1.5
3350071661,99.1681,0,0,-99.1681,99.1681,232,0,0,0,25,1,-20.3987,62.1013,1.5
3350071668,96.4403,0,0,-96.4403,96.4403,239,0,0,0,25,16,18.1258,65.1258,1.5
3350071745,98.6952,0,0,-98.6952,98.6952,316,0,0,0,25,13,36.6225,84.1225,1.5
3350071759,102.154,0,0,-102.154,102.154,330,0,0,0,25,20,23.9643,92.9643,1.5
3350071776,93.0666,0,0,-93.0666,93.0666,347,0,0,0,25,5,-42,92.2806,1.5
3350071838,96.4249,0,0,-96.4249,96.4249,409,0,0,0,25,3,-42.9989,112.5,1.5
3350071851,106.058,0,0,-106.058,106.058,422,0,0,0,25,17,54,112.076,1.5
3350071853,113.049,0,0,-113.049,113.049,424,0,0,0,25,11,24.5,122.626,1.5
3350071898,98.2545,0,0,-98.2545,98.2545,469,0,0,0,25,8,-43,131.798,1.5
3350071910,109.994,0,0,-109.994,109.994,481,0,0,0,25,18,63.6447,127.145,1.5
3350071910,106.775,0,0,-106.775,106.775,481,0,0,0,25,15,49.5175,133.517,1.5
3350071913,96.9005,0,0,-96.9005,96.9005,484,0,0,0,25,12,-31,139.782,1.5
3350071916,97.0284,0,0,-97.0284,97.0284,487,0,0,0,25,14,-53.4622,133.962,1.5
3350071930,112.72,0,0,-112.72,112.72,501,0,0,0,25,10,-2,137.477,1.5
3352428741,102.55,0,0,-102.55,102.55,173,6,3.5,46.1696,1.5,0,0,0,25
3352428792,103.201,0,0,-103.201,103.201,224,9,7.98106,62.4811,1.5,0,0,0,25
3353428807,96.4403,0,0,-96.4403,96.4403,239,16,18.1258,65.1258,1.5,0,0,0,25
3355928800,99.1681,0,0,-99.1681,99.1681,232,1,-20.3987,62.1013,1.5,0,0,0,25
3356929055,97.0284,0,0,-97.0284,97.0284,487,14,-53.4622,133.962,1.5,0,0,0,25
3358928898,102.154,0,0,-102.154,102.154,330,20,23.9643,92.9643,1.5,0,0,0,25
3358928910,103.121,0,0,-103.121,103.121,342,2,-9.20851,99.5,1.5,0,0,0,25
3360429049,106.775,0,0,-106.775,106.775,481,15,49.5175,133.517,1.5,0,0,0,25
3361928769,91.0449,0,0,-91.0449,91.0449,201,7,17.941,52.559,1.5,0,0,0,25
3368428977,96.4249,0,0,-96.4249,96.4249,409,3,-42.9989,112.5,1.5,0,0,0,25
3368929037,98.2545,0,0,-98.2545,98.2545,469,8,-43,131.798,1.5,0,0,0,25
3374929069,112.72,0,0,-112.72,112.72,501,10,-2,137.477,1.5,0,0,0,25
3375929049,109.994,0,0,-109.994,109.994,481,18,63.6447,127.145,1.5,0,0,0,25
3385928915,93.0666,0,0,-93.0666,93.0666,347,5,-42,92.2806,1.5,0,0,0,25
3386429052,96.9005,0,0,-96.9005,96.9005,484,12,-31,139.782,1.5,0,0,0,25
3392428778,90.6437,0,0,-90.6437,90.6437,210,19,22.5,53.8707,1.5,0,0,0,25
3392428787,89.6513,0,0,-89.6513,89.6513,219,4,-27.9917,54.4917,1.5,0,0,0,25
3394428992,113.049,0,0,-113.049,113.049,424,11,24.5,122.626,1.5,0,0,0,25
3395428884,98.6952,0,0,-98.6952,98.6952,316,13,36.6225,84.1225,1.5,0,0,0,25
3400000219,89.6513,0,0,-89.6513,89.6513,219,0,0,0,25,4,-28.0977,54.5977,1.5
3400036057,103.121,0,0,-103.121,103.121,342,0,0,0,25,2,-9.35851,99.5,1.5
3400071602,102.55,0,0,-102.55,102.55,173,0,0,0,25,6,3.5,46.0196,1.5
3400071630,91.0449,0,0,-91.0449,91.0449,201,0,0,0,25,7,18.047,52.453,1.5
3400071639,90.6437,0,0,-90.6437,90.6437,210,0,0,0,25,19,22.5,53.7207,1.5
3400071653,103.201,0,0,-103.201,103.201,224,0,0,0,25,9,7.875,62.375,1.5
3400071661,99.1681,0,0,-99.1681,99.1681,232,0,0,0,25,1,-20.5048,61.9952,1.5
3400071668,96.4403,0,0,-96.4403,96.4403,239,0,0,0,25,16,18.0197,65.0197,1.5
3400071745,98.6952,0,0,-98.6952,98.6952,316,0,0,0,25,13,36.5165,84.0165,1.5
3400071759,102.154,0,0,-102.154,102.154,330,0,0,0,25,20,23.8582,92.8582,1.5
3400071776,93.0666,0,0,-93.0666,93.0666,347,0,0,0,25,5,-42,92.1306,1.5
3400071838,96.4249,0,0,-96.4249,96.4249,409,0,0,0,25,3,-42.8489,112.5,1.5
3400071851,106.058,0,0,-106.058,106.058,422,0,0,0,25,17,54,111.926,1.5
3400071853,113.049,0,0,-113.049,113.049,424,0,0,0,25,11,24.5,122.476,1.5
3400071898,98.2545,0,0,-98.2545,98.2545,469,0,0,0,25,8,-43,131.648,1.5
3400071910,109.994,0,0,-109.994,109.994,481,0,0,0,25,18,63.5387,127.039,1.5
3400071910,106.775,0,0,-106.775,106.775,481,0,0,0,25,15,49.4114,133.411,1.5
3400071913,96.9005,0,0,-96.9005,96.9005,484,0,0,0,25,12,-31,139.632,1.5
3400071916,97.0284,0,0,-97.0284,97.0284,487,0,0,0,25,14,-53.3562,133.856,1.5
3400071930,112.72,0,0,-112.72,112.72,501,0,0,0,25,10,-2,137.327,1.5
3401428990,106.058,0,0,-106.058,106.058,422,17,54,111.926,1.5,0,0,0,25
3402928741,102.55,0,0,-102.55,102.55,173,6,3.5,46.0196,1.5,0,0,0,25
3402928792,103.201,0,0,-103.201,103.201,224,9,7.875,62.375,1.5,0,0,0,25
3403428807,96.4403,0,0,-96.4403,96.4403,239,16,18.0197,65.0197,1.5,0,0,0,25
3405928800,99.1681,0,0,-99.1681,99.1681,232,1,-20.5048,61.9952,1.5,0,0,0,25
3406929055,97.0284,0,0,-97.0284,97.0284,487,14,-53.3562,133.856,1.5,0,0,0,25
3408928898,102.154,0,0,-102.154,102.154,330,20,23.8582,92.8582,1.5,0,0,0,25
3409428910,103.121,0,0,-103.121,103.121,342,2,-9.35851,99.5,1.5,0,0,0,25
3410429049,106.775,0,0,-106.775,106.775,481,15,49.4114,133.411,1.5,0,0,0,25
3412428769,91.0449,0,0,-91.0449,91.0449,201,7,18.047,52.453,1.5,0,0,0,25
3418928977,96.4249,0,0,-96.4249,96.4249,409,3,-42.8489,112.5,1.5,0,0,0,25
3418929037,98.2545,0,0,-98.2545,98.2545,469,8,-43,131.648,1.5,0,0,0,25
3425429069,112.72,0,0,-112.72,112.72,501,10,-2,137.327,1.5,0,0,0,25
3425929049,109.994,0,0,-109.994,109.994,481,18,63.5387,127.039,1.5,0,0,0,25
3436428915,93.0666,0,0,-93.0666,93.0666,347,5,-42,92.1306,1.5,0,0,0,25
3436929052,96.9005,0,0,-96.9005,96.9005,484,12,-31,139.632,1.5,0,0,0,25
3442428778,90.6437,0,0,-90.6437,90.6437,210,19,22.5,53.7207,1.5,0,0,0,25
3442928787,89.6513,0,0,-89.6513,89.6513,219,4,-28.0977,54.5977,1.5,0,0,0,25
3444928992,113.049,0,0,-113.049,113.049,424,11,24.5,122.476,1.5,0,0,0,25
3445428884,98.6952,0,0,-98.6952,98.6952,316,13,36.5165,84.0165,1.5,0,0,0,25
3450000219,89.6513,0,0,-89.6513,89.6513,219,0,0,0,25,4,-28.0977,54.5977,1.5
3450036057,103.121,0,0,-103.121,103.121,342,0,0,0,25,2,-9.35851,99.5,1.5
3450071602,102.55,0,0,-102.55,102.55,173,0,0,0,25,6,3.5,46.0196,1.5
3450071630,91.0449,0,0,-91.0449,91.0449,201,0,0,0,25,7,18.047,52.453,1.5
3450071639,90.6437,0,0,-90.6437,90.6437,210,0,0,0,25,19,22.5,53.7207,1.5
3450071653,103.201,0,0,-103.201,103.201,224,0,0,0,25,9,7.875,62.375,1.5
3450071661,99.1681,0,0,-99.1681,99.1681,232,0,0,0,25,1,-20.5048,61.9952,1.5
3450071668,96.4403,0,0,-96.4403,96.4403,239,0,0,0,25,16,18.0197,65.0197,1.5
3450071745,98.6952,0,0,-98.6952,98.6952,316,0,0,0,25,13,36.5165,84.0165,1.5
3450071759,102.154,0,0,-102.154,102.154,330,0,0,0,25,20,23.8582,92.8582,1.5
3450071776,93.0666,0,0,-93.0666,93.0666,347,0,0,0,25,5,-42,92.1306,1.5
3450071838,96.4249,0,0,-96.4249,96.4249,409,0,0,0,25,3,-42.8489,112.5,1.5
3450071851,106.058,0,0,-106.058,106.058,422,0,0,0,25,17,54,111.926,1.5
3450071853,113.049,0,0,-113.049,113.049,424,0,0,0,25,11,24.5,122.476,1.5
3450071898,98.2545,0,0,-98.2545,98.2545,469,0,0,0,25,8,-43,131.648,1.5
3450071910,109.994,0,0,-109.994,109.994,481,0,0,0,25,18,63.5387,127.039,1.5
3450071910,106.775,0,0,-106.775,106.775,481,0,0,0,25,15,49.4114,133.411,1.5
3450071913,96.9005,0,0,-96.9005,96.9005,484,0,0,0,25,12,-31,139.632,1.5
3450071916,97.0284,0,0,-97.0284,97.0284,487,0,0,0,25,14,-53.3562,133.856,1.5
3450071930,112.72,0,0,-112.72,112.72,501,0,0,0,25,10,-2,137.327,1.5
3452928792,103.201,0,0,-103.201,103.201,224,9,7.875,62.375,1.5,0,0,0,25
3453428741,102.55,0,0,-102.55,102.55,173,6,3.5,46.0196,1.5,0,0,0,25
3453428807,96.4403,0,0,-96.4403,96.4403,239,16,18.0197,65.0197,1.5,0,0,0,25
3453428990,106.058,0,0,-106.058,106.058,422,17,54,111.926,1.5,0,0,0,25
3455928800,99.1681,0,0,-99.1681,99.1681,232,1,-20.5048,61.9952,1.5,0,0,0,25
3456929055,97.0284,0,0,-97.0284,97.0284,487,14,-53.3562,133.856,1.5,0,0,0,25
3458928898,102.154,0,0,-102.154,102.154,330,20,23.8582,92.8582,1.5,0,0,0,25
3459928910,103.121,0,0,-103.121,103.121,342,2,-9.35851,99.5,1.5,0,0,0,25
3460429049,106.775,0,0,-106.775,106.775,481,15,49.4114,133.411,1.5,0,0,0,25
3462928769,91.0449,0,0,-91.0449,91.0449,201,7,18.047,52.453,1.5,0,0,0,25
3469428977,96.4249,0,0,-96.4249,96.4249,409,3,-42.8489,112.5,1.5,0,0,0,25
3469429037,98.2545,0,0,-98.2545,98.2545,469,8,-43,131.648,1.5,0,0,0,25
3475429069,112.72,0,0,-112.72,112.72,501,10,-2,137.327,1.5,0,0,0,25
3475929049,109.994,0,0,-109.994,109.994,481,18,63.5387,127.039,1.5,0,0,0,25
3486928915,93.0666,0,0,-93.0666,93.0666,347,5,-42,92.1306,1.5,0,0,0,25
3487429052,96.9005,0,0,-96.9005,96.9005,484,12,-31,139.632,1.5,0,0,0,25
3492428778,90.6437,0,0,-90.6437,90.6437,210,19,22.5,53.7207,1.5,0,0,0,25
3493428787,89.6513,0,0,-89.6513,89.6513,219,4,-28.0977,54.5977,1.5,0,0,0,25
3494928992,113.049,0,0,-113.049,113.049,424,11,24.5,122.476,1.5,0,0,0,25
3495428884,98.6952,0,0,-98.6952,98.6952,316,13,36.5165,84.0165,1.5,0,0,0,25
3500000219,89.6513,0,0,-89.6513,89.6513,219,0,0,0,25,4,-28.2038,54.7038,1.5
3500036057,103.121,0,0,-103.121,103.121,342,0,0,0,25,2,-9.50851,99.5,1.5
3500071602,102.55,0,0,-102.55,102.55,173,0,0,0,25,6,3.5,45.8696,1.5
3500071630,91.0449,0,0,-91.0449,91.0449,201,0,0,0,25,7,18.1531,52.3469,1.5
3500071639,90.6437,0,0,-90.6437,90.6437,210,0,0,0,25,19,22.5,53.5707,1.5
3500071653,103.201,0,0,-103.201,103.201,224,0,0,0,25,9,7.76893,62.2689,1.5
3500071661,99.1681,0,0,-99.1681,99.1681,232,0,0,0,25,1,-20.6109,61.8891,1.5
3500071668,96.4403,0,0,-96.4403,96.4403,239,0,0,0,25,16,17.9136,64.9136,1.5
3500071745,98.6952,0,0,-98.6952,98.6952,316,0,0,0,25,13,36.4104,83.9104,1.5
3500071759,102.154,0,0,-102.154,102.154,330,0,0,0,25,20,23.7522,92.7522,1.5
3500071776,93.0666,0,0,-93.0666,93.0666,347,0,0,0,25,5,-42,91.9806,1.5
3500071838,96.4249,0,0,-96.4249,96.4249,409,0,0,0,25,3,-42.6989,112.5,1.5
3500071851,106.058,0,0,-106.058,106.058,422,0,0,0,25,17,54,111.776,1.5
3500071853,113.049,0,0,-113.049,113.049,424,0,0,0,25,11,24.5,122.326,1.5
3500071898,98.2545,0,0,-98.2545,98.2545,469,0,0,0,25,8,-43,131.498,1.5
3500071910,109.994,0,0,-109.994,109.994,481,0,0,0,25,18,63.4326,126.933,1.5
3500071910,106.775,0,0,-106.775,106.775,481,0,0,0,25,15,49.3054,133.305,1.5
3500071913,96.9005,0,0,-96.9005,96.9005,484,0,0,0,25,12,-31,139.482,1.5
3500071916,97.0284,0,0,-97.0284,97.0284,487,0,0,0,25,14,-53.2501,133.75,1.5
3500071930,112.72,0,0,-112.72,112.72,501,0,0,0,25,10,-2,137.177,1.5
3503393079,103.201,0,0,-103.201,103.201,224,9,7.76893,62.2689,1.5,0,0,0,25
3503428807,96.4403,0,0,-96.4403,96.4403,239,16,17.9136,64.9136,1.5,0,0,0,25
3503928741,102.55,0,0,-102.55,102.55,173,6,3.5,45.8696,1.5,0,0,0,25
3505428990,106.058,0,0,-106.058,106.058,422,17,54,111.776,1.5,0,0,0,25
3506428800,99.1681,0,0,-99.1681,99.1681,232,1,-20.6109,61.8891,1.5,0,0,0,25
3506929055,97.0284,0,0,-97.0284,97.0284,487,14,-53.2501,133.75,1.5,0,0,0,25
3509428898,102.154,0,0,-102.154,102.154,330,20,23.7522,92.7522,1.5,0,0,0,25
3510428910,103.121,0,0,-103.121,103.121,342,2,-9.50851,99.5,1.5,0,0,0,25
3510429049,106.775,0,0,-106.775,106.775,481,15,49.3054,133.305,1.5,0,0,0,25
3513428769,91.0449,0,0,-91.0449,91.0449,201,7,18.1531,52.3469,1.5,0,0,0,25
3519928977,96.4249,0,0,-96.4249,96.4249,409,3,-42.6989,112.5,1.5,0,0,0,25
3519929037,98.2545,0,0,-98.2545,98.2545,469,8,-43,131.498,1.5,0,0,0,25
3525929049,109.994,0,0,-109.994,109.994,481,18,63.4326,126.933,1.5,0,0,0,25
3525929069,112.72,0,0,-112.72,112.72,501,10,-2,137.177,1.5,0,0,0,25
3537428915,93.0666,0,0,-93.0666,93.0666,347,5,-42,91.9806,1.5,0,0,0,25
3537929052,96.9005,0,0,-96.9005,96.9005,484,12,-31,139.482,1.5,0,0,0,25
3542428778,90.6437,0,0,-90.6437,90.6437,210,19,22.5,53.5707,1.5,0,0,0,25
3543928787,89.6513,0,0,-89.6513,89.6513,219,4,-28.2038,54.7038,1.5,0,0,0,25
3545428884,98.6952,0,0,-98.6952,98.6952,316,13,36.4104,83.9104,1.5,0,0,0,25
3545428992,113.049,0,0,-113.049,113.049,424,11,24.5,122.326,1.5,0,0,0,25
3550000219,89.6513,0,0,-89.6513,89.6513,219,0,0,0,25,4,-28.2038,54.7038,1.5
3550036057,103.121,0,0,-103.121,103.121,342,0,0,0,25,2,-9.50851,99.5,1.5
3550071602,102.55,0,0,-102.55,102.55,173,0,0,0,25,6,3.5,45.8696,1.5
3550071630,91.0449,0,0,-91.0449,91.0449,201,0,0,0,25,7,18.1531,52.3469,1.5
3550071639,90.6437,0,0,-90.6437,90.6437,210,0,0,0,25,19,22.5,53.5707,1.5
3550071653,103.201,0,0,-103.201,103.201,224,0,0,0,25,9,7.76893,62.2689,1.5
3550071661,99.1681,0,0,-99.1681,99.1681,232,0,0,0,25,1,-20.6109,61.8891,1.5
3550071668,96.4403,0,0,-96.4403,96.4403,239,0,0,0,25,16,17.9136,64.9136,1.5
3550071745,98.6952,0,0,-98.6952,98.6952,316,0,0,0,25,13,36.4104,83.9104,1.5
3550071759,102.154,0,0,-102.154,102.154,330,0,0,0,25,20,23.7522,92.7522,1.5
3550071776,93.0666,0,0,-93.0666,93.0666,347,0,0,0,25,5,-42,91.9806,1.5
3550071838,96.4249,0,0,-96.4249,96.4249,409,0,0,0,25,3,-42.6989,112.5,1.5
3550071851,106.058,0,0,-106.058,106.058,422,0,0,0,25,17,54,111.776,1.5
3550071853,113.049,0,0,-113.049,113.049,424,0,0,0,25,11,24.5,122.326,1.5
3550071898,98.2545,0,0,-98.2545,98.2545,469,0,0,0,25,8,-43,131.498,1.5
3550071910,109.994,0,0,-109.994,109.994,481,0,0,0,25,18,63.4326,126.933,1.5
3550071910,106.775,0,0,-106.775,106.775,481,0,0,0,25,15,49.3054,133.305,1.5
3550071913,96.9005,0,0,-96.9005,96.9005,484,0,0,0,25,12,-31,139.482,1.5
3550071916,97.0284,0,0,-97.0284,97.0284,487,0,0,0,25,14,-53.2501,133.75,1.5
3550071930,112.72,0,0,-112.72,112.72,501,0,0,0,25,10,-2,137.177,1.5
3553428807,96.4403,0,0,-96.4403,96.4403,239,16,17.9136,64.9136,1.5,0,0,0,25
3553928741,102.55,0,0,-102.55,102.55,173,6,3.5,45.8696,1.5,0,0,0,25
3553928792,103.201,0,0,-103.201,103.201,224,9,7.76893,62.2689,1.5,0,0,0,25
3556928800,99.1681,0,0,-99.1681,99.1681,232,1,-20.6109,61.8891,1.5,0,0,0,25
3556929055,97.0284,0,0,-97.0284,97.0284,487,14,-53.2501,133.75,1.5,0,0,0,25
3557393276,106.058,0,0,-106.058,106.058,422,17,54,111.776,1.5,0,0,0,25
3559428898,102.154,0,0,-102.154,102.154,330,20,23.7522,92.7522,1.5,0,0,0,25
3560428910,103.121,0,0,-103.121,103.121,342,2,-9.50851,99.5,1.5,0,0,0,25
3560429049,106.775,0,0,-106.775,106.775,481,15,49.3054,133.305,1.5,0,0,0,25
3563428769,91.0449,0,0,-91.0449,91.0449,201,7,18.1531,52.3469,1.5,0,0,0,25
3569928977,96.4249,0,0,-96.4249,96.4249,409,3,-42.6989,112.5,1.5,0,0,0,25
3570429037,98.2545,0,0,-98.2545,98.2545,469,8,-43,131.498,1.5,0,0,0,25
3575929049,109.994,0,0,-109.994,109.994,481,18,63.4326,126.933,1.5,0,0,0,25
3576429069,112.72,0,0,-112.72,112.72,501,10,-2,137.177,1.5,0,0,0,25
3587928915,93.0666,0,0,-93.0666,93.0666,347,5,-42,91.9806,1.5,0,0,0,25
3588429052,96.9005,0,0,-96.9005,96.9005,484,12,-31,139.482,1.5,0,0,0,25
3592428778,90.6437,0,0,-90.6437,90.6437,210,19,22.5,53.5707,1.5,0,0,0,25
3593928787,89.6513,0,0,-89.6513,89.6513,219,4,-28.2038,54.7038,1.5,0,0,0,25
3595428884,98.6952,0,0,-98.6952,98.6952,316,13,36.4104,83.9104,1.5,0,0,0,25
3595928992,113.049,0,0,-113.049,113.049,424,11,24.5,122.326,1.5,0,0,0,25
3600000219,89.6513,0,0,-89.6513,89.6513,219,0,0,0,25,4,-28.3099,54.8099,1.5
3600036057,103.121,0,0,-103.121,103.121,342,0,0,0,25,2,-9.65851,99.5,1.5
3600071602,102.55,0,0,-102.55,102.55,173,0,0,0,25,6,3.5,45.7196,1.5
3600071630,91.0449,0,0,-91.0449,91.0449,201,0,0,0,25,7,18.2592,52.2408,1.5
3600071639,90.6437,0,0,-90.6437,90.6437,210,0,0,0,25,19,22.5,53.4207,1.5
3600071653,103.201,0,0,-103.201,103.201,224,0,0,0,25,9,7.66287,62.1629,1.5
3600071661,99.1681,0,0,-99.1681,99.1681,232,0,0,0,25,1,-20.7169,61.7831,1.5
3600071668,96.4403,0,0,-96.4403,96.4403,239,0,0,0,25,16,17.8076,64.8076,1.5
3600071745,98.6952,0,0,-98.6952,98.6952,316,0,0,0,25,13,36.3043,83.8043,1.5
3600071759,102.154,0,0,-102.154,102.154,330,0,0,0,25,20,23.6461,92.6461,1.5
3600071776,93.0666,0,0,-93.0666,93.0666,347,0,0,0,25,5,-42,91.8306,1.5
3600071838,96.4249,0,0,-96.4249,96.4249,409,0,0,0,25,3,-42.5489,112.5,1.5
3600071851,106.058,0,0,-106.058,106.058,422,0,0,0,25,17,54,111.626,1.5
3600071853,113.049,0,0,-113.049,113.049,424,0,0,0,25,11,24.5,122.176,1.5
3600071898,98.2545,0,0,-98.2545,98.2545,469,0,0,0,25,8,-43,131.348,1.5
3600071910,109.994,0,0,-109.994,109.994,481,0,0,0,25,18,63.3265,126.827,1.5
3600071910,106.775,0,0,-106.775,106.775,481,0,0,0,25,15,49.1993,133.199,1.5
3600071913,96.9005,0,0,-96.9005,96.9005,484,0,0,0,25,12,-31,139.332,1.5
3600071916,97.0284,0,0,-97.0284,97.0284,487,0,0,0,25,14,-53.144,133.644,1.5
3600071930,112.72,0,0,-112.72,112.72,501,0,0,0,25,10,-2,137.027,1.5
3603428807,96.4403,0,0,-96.4403,96.4403,239,16,17.8076,64.8076,1.5,0,0,0,25
3604428741,102.55,0,0,-102.55,102.55,173,6,3.5,45.7196,1.5,0,0,0,25
3604428792,103.201,0,0,-103.201,103.201,224,9,7.66287,62.1629,1.5,0,0,0,25
3606929055,97.0284,0,0,-97.0284,97.0284,487,14,-53.144,133.644,1.5,0,0,0,25
3607428800,99.1681,0,0,-99.1681,99.1681,232,1,-20.7169,61.7831,1.5,0,0,0,25
3609428898,102.154,0,0,-102.154,102.154,330,20,23.6461,92.6461,1.5,0,0,0,25
3609428990,106.058,0,0,-106.058,106.058,422,17,54,111.626,1.5,0,0,0,25
3610429049,106.775,0,0,-106.775,106.775,481,15,49.1993,133.199,1.5,0,0,0,25
3610928910,103.121,0,0,-103.121,103.121,342,2,-9.65851,99.5,1.5,0,0,0,25
3613928769,91.0449,0,0,-91.0449,91.0449,201,7,18.2592,52.2408,1.5,0,0,0,25
3620428977,96.4249,0,0,-96.4249,96.4249,409,3,-42.5489,112.5,1.5,0,0,0,25
3620929037,98.2545,0,0,-98.2545,98.2545,469,8,-43,131.348,1.5,0,0,0,25
3625929049,109.994,0,0,-109.994,109.994,481,18,63.3265,126.827,1.5,0,0,0,25
3626929069,112.72,0,0,-112.72,112.72,501,10,-2,137.027,1.5,0,0,0,25
3637928915,93.0666,0,0,-93.0666,93.0666,347,5,-42,91.8306,1.5,0,0,0,25
3638429052,96.9005,0,0,-96.9005,96.9005,484,12,-31,139.332,1.5,0,0,0,25
3642428778,90.6437,0,0,-90.6437,90.6437,210,19,22.5,53.4207,1.5,0,0,0,25
3644428787,89.6513,0,0,-89.6513,89.6513,219,4,-28.3099,54.8099,1.5,0,0,0,25
3645428884,98.6952,0,0,-98.6952,98.6952,316,13,36.3043,83.8043,1.5,0,0,0,25
3646428992,113.049,0,0,-113.049,113.049,424,11,24.5,122.176,1.5,0,0,0,25
3650000219,89.6513,0,0,-89.6513,89.6513,219,0,0,0,25,4,-28.3099,54.8099,1.5
3650036057,103.121,0,0,-103.121,103.121,342,0,0,0,25,2,-9.65851,99.5,1.5
3650071602,102.55,0,0,-102.55,102.55,173,0,0,0,25,6,3.5,45.7196,1.5
3650071630,91.0449,0,0,-91.0449,91.0449,201,0,0,0,25,7,18.2592,52.2408,1.5
3650071639,90.6437,0,0,-90.6437,90.6437,210,0,0,0,25,19,22.5,53.4207,1.5
3650071653,103.201,0,0,-103.201,103.201,224,0,0,0,25,9,7.66287,62.1629,1.5
3650071661,99.1681,0,0,-99.1681,99.1681,232,0,0,0,25,1,-20.7169,61.7831,1.5
3650071668,96.4403,0,0,-96.4403,96.4403,239,0,0,0,25,16,17.8076,64.8076,1.5
3650071745,98.6952,0,0,-98.6952,98.6952,316,0,0,0,25,13,36.3043,83.8043,1.5
3650071759,102.154,0,0,-102.154,102.154,330,0,0,0,25,20,23.6461,92.6461,1.5
3650071776,93.0666,0,0,-93.0666,93.0666,347,0,0,0,25,5,-42,91.8306,1.5
3650071838,96.4249,0,0,-96.4249,96.4249,409,0,0,0,25,3,-42.5489,112.5,1.5
3650071851,106.058,0,0,-106.058,106.058,422,0,0,0,25,17,54,111.626,1.5
3650071853,113.049,0,0,-113.049,113.049,424,0,0,0,25,11,24.5,122.176,1.5
3650071898,98.2545,0,0,-98.2545,98.2545,469,0,0,0,25,8,-43,131.348,1.5
3650071910,109.994,0,0,-109.994,109.994,481,0,0,0,25,18,63.3265,126.827,1.5
3650071910,106.775,0,0,-106.775,106.775,481,0,0,0,25,15,49.1993,133.199,1.5
3650071913,96.9005,0,0,-96.9005,96.9005,484,0,0,0,25,12,-31,139.332,1.5
3650071916,97.0284,0,0,-97.0284,97.0284,487,0,0,0,25,14,-53.144,133.644,1.5
3650071930,112.72,0,0,-112.72,112.72,501,0,0,0,25,10,-2,137.027,1.5
3653428807,96.4403,0,0,-96.4403,96.4403,239,16,17.8076,64.8076,1.5,0,0,0,25
3654928741,102.55,0,0,-102.55,102.55,173,6,3.5,45.7196,1.5,0,0,0,25
3654928792,103.201,0,0,-103.201,103.201,224,9,7.66287,62.1629,1.5,0,0,0,25
3656929055,97.0284,0,0,-97.0284,97.0284,487,14,-53.144,133.644,1.5,0,0,0,25
3657428800,99.1681,0,0,-99.1681,99.1681,232,1,-20.7169,61.7831,1.5,0,0,0,25
3659428898,102.154,0,0,-102.154,102.154,330,20,23.6461,92.6461,1.5,0,0,0,25
3660429049,106.775,0,0,-106.775,106.775,481,15,49.1993,133.199,1.5,0,0,0,25
3661428910,103.121,0,0,-103.121,103.121,342,2,-9.65851,99.5,1.5,0,0,0,25
3661428990,106.058,0,0,-106.058,106.058,422,17,54,111.626,1.5,0,0,0,25
3664428769,91.0449,0,0,-91.0449,91.0449,201,7,18.2592,52.2408,1.5,0,0,0,25
3670893263,96.4249,0,0,-96.4249,96.4249,409,3,-42.5489,112.5,1.5,0,0,0,25
3670929037,98.2545,0,0,-98.2545,98.2545,469,8,-43,131.348,1.5,0,0,0,25
3675929049,109.994,0,0,-109.994,109.994,481,18,63.3265,126.827,1.5,0,0,0,25
3677429069,112.72,0,0,-112.72,112.72,501,10,-2,137.027,1.5,0,0,0,25
3688428915,93.0666,0,0,-93.0666,93.0666,347,5,-42,91.8306,1.5,0,0,0,25
3688929052,96.9005,0,0,-96.9005,96.9005,484,12,-31,139.332,1.5,0,0,0,25
3692428778,90.6437,0,0,-90.6437,90.6437,210,19,22.5,53.4207,1.5,0,0,0,25
3694928787,89.6513,0,0,-89.6513,89.6513,219,4,-28.3099,54.8099,1.5,0,0,0,25
3695428884,98.6952,0,0,-98.6952,98.6952,316,13,36.3043,83.8043,1.5,0,0,0,25
3696928992,113.049,0,0,-113.049,113.049,424,11,24.5,122.176,1.5,0,0,0,25
3700000219,89.6513,0,0,-89.6513,89.6513,219,0,0,0,25,4,-28.4159,54.9159,1.5
3700036057,103.121,0,0,-103.121,103.121,342,0,0,0,25,2,-9.80851,99.5,1.5
3700071602,102.55,0,0,-102.55,102.55,173,0,0,0,25,6,3.5,45.5696,1.5
3700071630,91.0449,0,0,-91.0449,91.0449,201,0,0,0,25,7,18.3652,52.1348,1.5
3700071639,90.6437,0,0,-90.6437,90.6437,210,0,0,0,25,19,22.5,53.2707,1.5
3700071653,103.201,0,0,-103.201,103.201,224,0,0,0,25,9,7.5568,62.0568,1.5
3700071661,99.1681,0,0,-99.1681,99.1681,232,0,0,0,25,1,-20.823,61.677,1.5
3700071668,96.4403,0,0,-96.4403,96.4403,239,0,0,0,25,16,17.7015,64.7015,1.5
3700071745,98.6952,0,0,-98.6952,98.6952,316,0,0,0,25,13,36.1983,83.6983,1.5
3700071759,102.154,0,0,-102.154,102.154,330,0,0,0,25,20,23.54,92.54,1.5
3700071776,93.0666,0,0,-93.0666,93.0666,347,0,0,0,25,5,-42,91.6806,1.5
3700071838,96.4249,0,0,-96.4249,96.4249,409,0,0,0,25,3,-42.3989,112.5,1.5
3700071851,106.058,0,0,-106.058,106.058,422,0,0,0,25,17,54,111.476,1.5
3700071853,113.049,0,0,-113.049,113.049,424,0,0,0,25,11,24.5,122.026,1.5
3700071898,98.2545,0,0,-98.2545,98.2545,469,0,0,0,25,8,-43,131.198,1.5
3700071910,109.994,0,0,-109.994,109.994,481,0,0,0,25,18,63.2205,126.72,1.5
3700071910,106.775,0,0,-106.775,106.775,481,0,0,0,25,15,49.0932,133.093,1.5
3700071913,96.9005,0,0,-96.9005,96.9005,484,0,0,0,25,12,-31,139.182,1.5
3700071916,97.0284,0,0,-97.0284,97.0284,487,0,0,0,25,14,-53.038,133.538,1.5
3700071930,112.72,0,0,-112.72,112.72,501,0,0,0,25,10,-2,136.877,1.5
3703428807,96.4403,0,0,-96.4403,96.4403,239,16,17.7015,64.7015,1.5,0,0,0,25
3704928792,103.201,0,0,-103.201,103.201,224,9,7.5568,62.0568,1.5,0,0,0,25
3705428741,102.55,0,0,-102.55,102.55,173,6,3.5,45.5696,1.5,0,0,0,25
3706929055,97.0284,0,0,-97.0284,97.0284,487,14,-53.038,133.538,1.5,0,0,0,25
3707928800,99.1681,0,0,-99.1681,99.1681,232,1,-20.823,61.677,1.5,0,0,0,25
3709928898,102.154,0,0,-102.154,102.154,330,20,23.54,92.54,1.5,0,0,0,25
3710429049,106.775,0,0,-106.775,106.775,481,15,49.0932,133.093,1.5,0,0,0,25
3711928910,103.121,0,0,-103.121,103.121,342,2,-9.80851,99.5,1.5,0,0,0,25
3713428990,106.058,0,0,-106.058,106.058,422,17,54,111.476,1.5,0,0,0,25
3714928769,91.0449,0,0,-91.0449,91.0449,201,7,18.3652,52.1348,1.5,0,0,0,25
3721428977,96.4249,0,0,-96.4249,96.4249,409,3,-42.3989,112.5,1.5,0,0,0,25
3721429037,98.2545,0,0,-98.2545,98.2545,469,8,-43,131.198,1.5,0,0,0,25
3725929049,109.994,0,0,-109.994,109.994,481,18,63.2205,126.72,1.5,0,0,0,25
3727429069,112.72,0,0,-112.72,112.72,501,10,-2,136.877,1.5,0,0,0,25
3738928915,93.0666,0,0,-93.0666,93.0666,347,5,-42,91.6806,1.5,0,0,0,25
3739429052,96.9005,0,0,-96.9005,96.9005,484,12,-31,139.182,1.5,0,0,0,25
3742928778,90.6437,0,0,-90.6437,90.6437,210,19,22.5,53.2707,1.5,0,0,0,25
3745428787,89.6513,0,0,-89.6513,89.6513,219,4,-28.4159,54.9159,1.5,0,0,0,25
3745428884,98.6952,0,0,-98.6952,98.6952,316,13,36.1983,83.6983,1.5,0,0,0,25
3747428992,113.049,0,0,-113.049,113.049,424,11,24.5,122.026,1.5,0,0,0,25
3750000219,89.6513,0,0,-89.6513,89.6513,219,0,0,0,25,4,-28.4159,54.9159,1.5
3750036057,103.121,0,0,-103.121,103.121,342,0,0,0,25,2,-9.80851,99.5,1.5
3750071602,102.55,0,0,-102.55,102.55,173,0,0,0,25,6,3.5,45.5696,1.5
3750071630,91.0449,0,0,-91.0449,91.0449,201,0,0,0,25,7,18.3652,52.1348,1.5
3750071639,90.6437,0,0,-90.6437,90.6437,210,0,0,0,25,19,22.5,53.2707,1.5
3750071653,103.201,0,0,-103.201,103.201,224,0,0,0,25,9,7.5568,62.0568,1.5
3750071661,99.1681,0,0,-99.1681,99.1681,232,0,0,0,25,1,-20.823,61.677,1.5
3750071668,96.4403,0,0,-96.4403,96.4403,239,0,0,0,25,16,17.7015,64.7015,1.5
3750071745,98.6952,0,0,-98.6952,98.6952,316,0,0,0,25,13,36.1983,83.6983,1.5
3750071759,102.154,0,0,-102.154,102.154,330,0,0,0,25,20,23.54,92.54,1.5
3750071776,93.0666,0,0,-93.0666,93.0666,347,0,0,0,25,5,-42,91.6806,1.5
3750071838,96.4249,0,0,-96.4249,96.4249,409,0,0,0,25,3,-42.3989,112.5,1.5
3750071851,106.058,0,0,-106.058,106.058,422,0,0,0,25,17,54,111.476,1.5
3750071853,113.049,0,0,-113.049,113.049,424,0,0,0,25,11,24.5,122.026,1.5
3750071898,98.2545,0,0,-98.2545,98.2545,469,0,0,0,25,8,-43,131.198,1.5
3750071910,109.994,0,0,-109.994,109.994,481,0,0,0,25,18,63.2205,126.72,1.5
3750071910,106.775,0,0,-106.775,106.775,481,0,0,0,25,15,49.0932,133.093,1.5
3750071913,96.9005,0,0,-96.9005,96.9005,484,0,0,0,25,12,-31,139.182,1.5
3750071916,97.0284,0,0,-97.0284,97.0284,487,0,0,0,25,14,-53.038,133.538,1.5
3750071930,112.72,0,0,-112.72,112.72,501,0,0,0,25,10,-2,136.877,1.5
3753428807,96.4403,0,0,-96.4403,96.4403,239,16,17.7015,64.7015,1.5,0,0,0,25
3755428792,103.201,0,0,-103.201,103.201,224,9,7.5568,62.0568,1.5,0,0,0,25
3755928741,102.55,0,0,-102.55,102.55,173,6,3.5,45.5696,1.5,0,0,0,25
3756929055,97.0284,0,0,-97.0284,97.0284,487,14,-53.038,133.538,1.5,0,0,0,25
3758428800,99.1681,0,0,-99.1681,99.1681,232,1,-20.823,61.677,1.5,0,0,0,25
3759928898,102.154,0,0,-102.154,102.154,330,20,23.54,92.54,1.5,0,0,0,25
3760429049,106.775,0,0,-106.775,106.775,481,15,49.0932,133.093,1.5,0,0,0,25
3762428910,103.121,0,0,-103.121,103.121,342,2,-9.80851,99.5,1.5,0,0,0,25
3765428769,91.0449,0,0,-91.0449,91.0449,201,7,18.3652,52.1348,1.5,0,0,0,25
3765428990,106.058,0,0,-106.058,106.058,422,17,54,111.476,1.5,0,0,0,25
3771928977,96.4249,0,0,-96.4249,96.4249,409,3,-42.3989,112.5,1.5,0,0,0,25
3771929037,98.2545,0,0,-98.2545,98.2545,469,8,-43,131.198,1.5,0,0,0,25
3775929049,109.994,0,0,-109.994,109.994,481,18,63.2205,126.72,1.5,0,0,0,25
3777929069,112.72,0,0,-112.72,112.72,501,10,-2,136.877,1.5,0,0,0,25
3789428915,93.0666,0,0,-93.0666,93.0666,347,5,-42,91.6806,1.5,0,0,0,25
3789929052,96.9005,0,0,-96.9005,96.9005,484,12,-31,139.182,1.5,0,0,0,25
3792928778,90.6437,0,0,-90.6437,90.6437,210,19,22.5,53.2707,1.5,0,0,0,25
3795428884,98.6952,0,0,-98.6952,98.6952,316,13,36.1983,83.6983,1.5,0,0,0,25
3795928787,89.6513,0,0,-89.6513,89.6513,219,4,-28.4159,54.9159,1.5,0,0,0,25
3797428992,113.049,0,0,-113.049,113.049,424,11,24.5,122.026,1.5,0,0,0,25
3800000219,89.6513,0,0,-89.6513,89.6513,219,0,0,0,25,4,-28.522,55.022,1.5
3800036057,103.121,0,0,-103.121,103.121,342,0,0,0,25,2,-9.95851,99.5,1.5
3800071602,102.55,0,0,-102.55,102.55,173,0,0,0,25,6,3.5,45.4196,1.5
3800071630,91.0449,0,0,-91.0449,91.0449,201,0,0,0,25,7,18.4713,52.0287,1.5
3800071639,90.6437,0,0,-90.6437,90.6437,210,0,0,0,25,19,22.5,53.1207,1.5
3800071653,103.201,0,0,-103.201,103.201,224,0,0,0,25,9,7.45073,61.9507,1.5
3800071661,99.1681,0,0,-99.1681,99.1681,232,0,0,0,25,1,-20.9291,61.5709,1.5
3800071668,96.4403,0,0,-96.4403,96.4403,239,0,0,0,25,16,17.5954,64.5954,1.5
3800071745,98.6952,0,0,-98.6952,98.6952,316,0,0,0,25,13,36.0922,83.5922,1.5
3800071759,102.154,0,0,-102.154,102.154,330,0,0,0,25,20,23.434,92.434,1.5
3800071776,93.0666,0,0,-93.0666,93.0666,347,0,0,0,25,5,-42,91.5306,1.5
3800071838,96.4249,0,0,-96.4249,96.4249,409,0,0,0,25,3,-42.2489,112.5,1.5
3800071851,106.058,0,0,-106.058,106.058,422,0,0,0,25,17,54,111.326,1.5
3800071853,113.049,0,0,-113.049,113.049,424,0,0,0,25,11,24.5,121.876,1.5
3800071898,98.2545,0,0,-98.2545,98.2545,469,0,0,0,25,8,-43,131.048,1.5
3800071910,109.994,0,0,-109.994,109.994,481,0,0,0,25,18,63.1144,126.614,1.5
3800071910,106.775,0,0,-106.775,106.775,481,0,0,0,25,15,48.9872,132.987,1.5
3800071913,96.9005,0,0,-96.9005,96.9005,484,0,0,0,25,12,-31,139.032,1.5
3800071916,97.0284,0,0,-97.0284,97.0284,487,0,0,0,25,14,-52.9319,133.432,1.5
3800071930,112.72,0,0,-112.72,112.72,501,0,0,0,25,10,-2,136.727,1.5
3803428807,96.4403,0,0,-96.4403,96.4403,239,16,17.5954,64.5954,1.5,0,0,0,25
3805928741,102.55,0,0,-102.55,102.55,173,6,3.5,45.4196,1.5,0,0,0,25
3805928792,103.201,0,0,-103.201,103.201,224,9,7.45073,61.9507,1.5,0,0,0,25
3806929055,97.0284,0,0,-97.0284,97.0284,487,14,-52.9319,133.432,1.5,0,0,0,25
3808928800,99.1681,0,0,-99.1681,99.1681,232,1,-20.9291,61.5709,1.5,0,0,0,25
3809928898,102.154,0,0,-102.154,102.154,330,20,23.434,92.434,1.5,0,0,0,25
3810429049,106.775,0,0,-106.775,106.775,481,15,48.9872,132.987,1.5,0,0,0,25
3812428910,103.121,0,0,-103.121,103.121,342,2,-9.95851,99.5,1.5,0,0,0,25
3815428769,91.0449,0,0,-91.0449,91.0449,201,7,18.4713,52.0287,1.5,0,0,0,25
3817428990,106.058,0,0,-106.058,106.058,422,17,54,111.326,1.5,0,0,0,25
3821928977,96.4249,0,0,-96.4249,96.4249,409,3,-42.2489,112.5,1.5,0,0,0,25
3822429037,98.2545,0,0,-98.2545,98.2545,469,8,-43,131.048,1.5,0,0,0,25
3825929049,109.994,0,0,-109.994,109.994,481,18,63.1144,126.614,1.5,0,0,0,25
3828429069,112.72,0,0,-112.72,112.72,501,10,-2,136.727,1.5,0,0,0,25
3839928915,93.0666,0,0,-93.0666,93.0666,347,5,-42,91.5306,1.5,0,0,0,25
3840429052,96.9005,0,0,-96.9005,96.9005,484,12,-31,139.032,1.5,0,0,0,25
3842928778,90.6437,0,0,-90.6437,90.6437,210,19,22.5,53.1207,1.5,0,0,0,25
3845428884,98.6952,0,0,-98.6952,98.6952,316,13,36.0922,83.5922,1.5,0,0,0,25
3845928787,89.6513,0,0,-89.6513,89.6513,219,4,-28.522,55.022,1.5,0,0,0,25
3847928992,113.049,0,0,-113.049,113.049,424,11,24.5,121.876,1.5,0,0,0,25
3850000219,89.6513,0,0,-89.6513,89.6513,219,0,0,0,25,4,-28.522,55.022,1.5
3850036057,103.121,0,0,-103.121,103.121,342,0,0,0,25,2,-9.95851,99.5,1.5
3850071602,102.55,0,0,-102.55,102.55,173,0,0,0,25,6,3.5,45.4196,1.5
3850071630,91.0449,0,0,-91.0449,91.0449,201,0,0,0,25,7,18.4713,52.0287,1.5
3850071639,90.6437,0,0,-90.6437,90.6437,210,0,0,0,25,19,22.5,53.1207,1.5
3850071653,103.201,0,0,-103.201,103.201,224,0,0,0,25,9,7.45073,61.9507,1.5
3850071661,99.1681,0,0,-99.1681,99.1681,232,0,0,0,25,1,-20.9291,61.5709,1.5
3850071668,96.4403,0,0,-96.4403,96.4403,239,0,0,0,25,16,17.5954,64.5954,1.5
3850071745,98.6952,0,0,-98.6952,98.6952,316,0,0,0,25,13,36.0922,83.5922,1.5
3850071759,102.154,0,0,-102.154,102.154,330,0,0,0,25,20,23.434,92.434,1.5
3850071776,93.0666,0,0,-93.0666,93.0666,347,0,0,0,25,5,-42,91.5306,1.5
3850071838,96.4249,0,0,-96.4249,96.4249,409,0,0,0,25,3,-42.2489,112.5,1.5
3850071851,106.058,0,0,-106.058,106.058,422,0,0,0,25,17,54,111.326,1.5
3850071853,113.049,0,0,-113.049,113.049,424,0,0,0,25,11,24.5,121.876,1.5
3850071898,98.2545,0,0,-98.2545,98.2545,469,0,0,0,25,8,-43,131.048,1.5
3850071910,109.994,0,0,-109.994,109.994,481,0,0,0,25,18,63.1144,126.614,1.5
3850071910,106.775,0,0,-106.775,106.775,481,0,0,0,25,15,48.9872,132.987,1.5
3850071913,96.9005,0,0,-96.9005,96.9005,484,0,0,0,25,12,-31,139.032,1.5
3850071916,97.0284,0,0,-97.0284,97.0284,487,0,0,0,25,14,-52.9319,133.432,1.5
3850071930,112.72,0,0,-112.72,112.72,501,0,0,0,25,10,-2,136.727,1.5
3853428807,96.4403,0,0,-96.4403,96.4403,239,16,17.5954,64.5954,1.5,0,0,0,25
3856428741,102.55,0,0,-102.55,102.55,173,6,3.5,45.4196,1.5,0,0,0,25
3856428792,103.201,0,0,-103.201,103.201,224,9,7.45073,61.9507,1.5,0,0,0,25
3856929055,97.0284,0,0,-97.0284,97.0284,487,14,-52.9319,133.432,1.5,0,0,0,25
3859428800,99.1681,0,0,-99.1681,99.1681,232,1,-20.9291,61.5709,1.5,0,0,0,25
3859928898,102.154,0,0,-102.154,102.154,330,20,23.434,92.434,1.5,0,0,0,25
3860429049,106.775,0,0,-106.775,106.775,481,15,48.9872,132.987,1.5,0,0,0,25
3862928910,103.121,0,0,-103.121,103.121,342,2,-9.95851,99.5,1.5,0,0,0,25
3865928769,91.0449,0,0,-91.0449,91.0449,201,7,18.4713,52.0287,1.5,0,0,0,25
3869428990,106.058,0,0,-106.058,106.058,422,17,54,111.326,1.5,0,0,0,25
3872428977,96.4249,0,0,-96.4249,96.4249,409,3,-42.2489,112.5,1.5,0,0,0,25
3872929037,98.2545,0,0,-98.2545,98.2545,469,8,-43,131.048,1.5,0,0,0,25
3875929049,109.994,0,0,-109.994,109.994,481,18,63.1144,126.614,1.5,0,0,0,25
3878929069,112.72,0,0,-112.72,112.72,501,10,-2,136.727,1.5,0,0,0,25
3889928915,93.0666,0,0,-93.0666,93.0666,347,5,-42,91.5306,1.5,0,0,0,25
3890429052,96.9005,0,0,-96.9005,96.9005,484,12,-31,139.032,1.5,0,0,0,25
3892928778,90.6437,0,0,-90.6437,90.6437,210,19,22.5,53.1207,1.5,0,0,0,25
3895428884,98.6952,0,0,-98.6952,98.6952,316,13,36.0922,83.5922,1.5,0,0,0,25
3896428787,89.6513,0,0,-89.6513,89.6513,219,4,-28.522,55.022,1.5,0,0,0,25
3898393278,113.049,0,0,-113.049,113.049,424,11,24.5,121.876,1.5,0,0,0,25
3900000219,89.6513,0,0,-89.6513,89.6513,219,0,0,0,25,4,-28.6281,55.1281,1.5
3900036057,103.121,0,0,-103.121,103.121,342,0,0,0,25,2,-10.1085,99.5,1.5
3900071602,102.55,0,0,-102.55,102.55,173,0,0,0,25,6,3.5,45.2696,1.5
3900071630,91.0449,0,0,-91.0449,91.0449,201,0,0,0,25,7,18.5774,51.9226,1.5
3900071639,90.6437,0,0,-90.6437,90.6437,210,0,0,0,25,19,22.5,52.9707,1.5
3900071653,103.201,0,0,-103.201,103.201,224,0,0,0,25,9,7.34467,61.8447,1.5
3900071661,99.1681,0,0,-99.1681,99.1681,232,0,0,0,25,1,-21.0351,61.4649,1.5
3900071668,96.4403,0,0,-96.4403,96.4403,239,0,0,0,25,16,17.4894,64.4894,1.5
3900071745,98.6952,0,0,-98.6952,98.6952,316,0,0,0,25,13,35.9861,83.4861,1.5
3900071759,102.154,0,0,-102.154,102.154,330,0,0,0,25,20,23.3279,92.3279,1.5
3900071776,93.0666,0,0,-93.0666,93.0666,347,0,0,0,25,5,-42,91.3806,1.5
3900071838,96.4249,0,0,-96.4249,96.4249,409,0,0,0,25,3,-42.0989,112.5,1.5
3900071851,106.058,0,0,-106.058,106.058,422,0,0,0,25,17,54,111.176,1.5
3900071853,113.049,0,0,-113.049,113.049,424,0,0,0,25,11,24.5,121.726,1.5
3900071898,98.2545,0,0,-98.2545,98.2545,469,0,0,0,25,8,-43,130.898,1.5
3900071910,109.994,0,0,-109.994,109.994,481,0,0,0,25,18,63.0083,126.508,1.5
3900071910,106.775,0,0,-106.775,106.775,481,0,0,0,25,15,48.8811,132.881,1.5
3900071913,96.9005,0,0,-96.9005,96.9005,484,0,0,0,25,12,-31,138.882,1.5
3900071916,97.0284,0,0,-97.0284,97.0284,487,0,0,0,25,14,-52.8258,133.326,1.5
3900071930,112.72,0,0,-112.72,112.72,501,0,0,0,25,10,-2,136.577,1.5
3903428807,96.4403,0,0,-96.4403,96.4403,239,16,17.4894,64.4894,1.5,0,0,0,25
3906928741,102.55,0,0,-102.55,102.55,173,6,3.5,45.2696,1.5,0,0,0,25
3906928792,103.201,0,0,-103.201,103.201,224,9,7.34467,61.8447,1.5,0,0,0,25
3906929055,97.0284,0,0,-97.0284,97.0284,487,14,-52.8258,133.326,1.5,0,0,0,25
3909428800,99.1681,0,0,-99.1681,99.1681,232,1,-21.0351,61.4649,1.5,0,0,0,25
3910428898,102.154,0,0,-102.154,102.154,330,20,23.3279,92.3279,1.5,0,0,0,25
3910429049,106.775,0,0,-106.775,106.775,481,15,48.8811,132.881,1.5,0,0,0,25
3913428910,103.121,0,0,-103.121,103.121,342,2,-10.1085,99.5,1.5,0,0,0,25
3916428769,91.0449,0,0,-91.0449,91.0449,201,7,18.5774,51.9226,1.5,0,0,0,25
3921428990,106.058,0,0,-106.058,106.058,422,17,54,111.176,1.5,0,0,0,25
3922928977,96.4249,0,0,-96.4249,96.4249,409,3,-42.0989,112.5,1.5,0,0,0,25
3922929037,98.2545,0,0,-98.2545,98.2545,469,8,-43,130.898,1.5,0,0,0,25
3925929049,109.994,0,0,-109.994,109.994,481,18,63.0083,126.508,1.5,0,0,0,25
3929429069,112.72,0,0,-112.72,112.72,501,10,-2,136.577,1.5,0,0,0,25
3940428915,93.0666,0,0,-93.0666,93.0666,347,5,-42,91.3806,1.5,0,0,0,25
3940929052,96.9005,0,0,-96.9005,96.9005,484,12,-31,138.882,1.5,0,0,0,25
3943393065,90.6437,0,0,-90.6437,90.6437,210,19,22.5,52.9707,1.5,0,0,0,25
3945428884,98.6952,0,0,-98.6952,98.6952,316,13,35.9861,83.4861,1.5,0,0,0,25
3946928787,89.6513,0,0,-89.6513,89.6513,219,4,-28.6281,55.1281,1.5,0,0,0,25
3948928992,113.049,0,0,-113.049,113.049,424,11,24.5,121.726,1.5,0,0,0,25
3950000219,89.6513,0,0,-89.6513,89.6513,219,0,0,0,25,4,-28.6281,55.1281,1.5
3950036057,103.121,0,0,-103.121,103.121,342,0,0,0,25,2,-10.1085,99.5,1.5
3950071602,102.55,0,0,-102.55,102.55,173,0,0,0,25,6,3.5,45.2696,1.5
3950071630,91.0449,0,0,-91.0449,91.0449,201,0,0,0,25,7,18.5774,51.9226,1.5
3950071639,90.6437,0,0,-90.6437,90.6437,210,0,0,0,25,19,22.5,52.9707,1.5
3950071653,103.201,0,0,-103.201,103.201,224,0,0,0,25,9,7.34467,61.8447,1.5
3950071661,99.1681,0,0,-99.1681,99.1681,232,0,0,0,25,1,-21.0351,61.4649,1.5
3950071668,96.4403,0,0,-96.4403,96.4403,239,0,0,0,25,16,17.4894,64.4894,1.5
3950071745,98.6952,0,0,-98.6952,98.6952,316,0,0,0,25,13,35.9861,83.4861,1.5
3950071759,102.154,0,0,-102.154,102.154,330,0,0,0,25,20,23.3279,92.3279,1.5
3950071776,93.0666,0,0,-93.0666,93.0666,347,0,0,0,25,5,-42,91.3806,1.5
3950071838,96.4249,0,0,-96.4249,96.4249,409,0,0,0,25,3,-42.0989,112.5,1.5
3950071851,106.058,0,0,-106.058,106.058,422,0,0,0,25,17,54,111.176,1.5
3950071853,113.049,0,0,-113.049,113.049,424,0,0,0,25,11,24.5,121.726,1.5
3950071898,98.2545,0,0,-98.2545,98.2545,469,0,0,0,25,8,-43,130.898,1.5
3950071910,109.994,0,0,-109.994,109.994,481,0,0,0,25,18,63.0083,126.508,1.5
3950071910,106.775,0,0,-106.775,106.775,481,0,0,0,25,15,48.8811,132.881,1.5
3950071913,96.9005,0,0,-96.9005,96.9005,484,0,0,0,25,12,-31,138.882,1.5
3950071916,97.0284,0,0,-97.0284,97.0284,487,0,0,0,25,14,-52.8258,133.326,1.5
3950071930,112.72,0,0,-112.72,112.72,501,0,0,0,25,10,-2,136.577,1.5
3953428807,96.4403,0,0,-96.4403,96.4403,239,16,17.4894,64.4894,1.5,0,0,0,25
3956928792,103.201,0,0,-103.201,103.201,224,9,7.34467,61.8447,1.5,0,0,0,25
3956929055,97.0284,0,0,-97.0284,97.0284,487,14,-52.8258,133.326,1.5,0,0,0,25
3957428741,102.55,0,0,-102.55,102.55,173,6,3.5,45.2696,1.5,0,0,0,25
3959928800,99.1681,0,0,-99.1681,99.1681,232,1,-21.0351,61.4649,1.5,0,0,0,25
3960428898,102.154,0,0,-102.154,102.154,330,20,23.3279,92.3279,1.5,0,0,0,25
3960429049,106.775,0,0,-106.775,106.775,481,15,48.8811,132.881,1.5,0,0,0,25
3963928910,103.121,0,0,-103.121,103.121,342,2,-10.1085,99.5,1.5,0,0,0,25
3966928769,91.0449,0,0,-91.0449,91.0449,201,7,18.5774,51.9226,1.5,0,0,0,25
3973428977,96.4249,0,0,-96.4249,96.4249,409,3,-42.0989,112.5,1.5,0,0,0,25
3973428990,106.058,0,0,-106.058,106.058,422,17,54,111.176,1.5,0,0,0,25
3973429037,98.2545,0,0,-98.2545,98.2545,469,8,-43,130.898,1.5,0,0,0,25
3975929049,109.994,0,0,-109.994,109.994,481,18,63.0083,126.508,1.5,0,0,0,25
3979429069,112.72,0,0,-112.72,112.72,501,10,-2,136.577,1.5,0,0,0,25
3990928915,93.0666,0,0,-93.0666,93.0666,347,5,-42,91.3806,1.5,0,0,0,25
3991429052,96.9005,0,0,-96.9005,96.9005,484,12,-31,138.882,1.5,0,0,0,25
3993428778,90.6437,0,0,-90.6437,90.6437,210,19,22.5,52.9707,1.5,0,0,0,25
3995428884,98.6952,0,0,-98.6952,98.6952,316,13,35.9861,83.4861,1.5,0,0,0,25
3997428787,89.6513,0,0,-89.6513,89.6513,219,4,-28.6281,55.1281,1.5,0,0,0,25
3999428992,113.049,0,0,-113.049,113.049,424,11,24.5,121.726,1.5,0,0,0,25
4000000219,89.6513,0,0,-89.6513,89.6513,219,0,0,0,25,4,-28.7341,55.2341,1.5
4000036057,103.121,0,0,-103.121,103.121,342,0,0,0,25,2,-10.2585,99.5,1.5
4000071602,102.55,0,0,-102.55,102.55,173,0,0,0,25,6,3.5,45.1196,1.5
4000071630,91.0449,0,0,-91.0449,91.0449,201,0,0,0,25,7,18.6834,51.8166,1.5
4000071639,90.6437,0,0,-90.6437,90.6437,210,0,0,0,25,19,22.5,52.8207,1.5
4000071653,103.201,0,0,-103.201,103.201,224,0,0,0,25,9,7.2386,61.7386,1.5
4000071661,99.1681,0,0,-99.1681,99.1681,232,0,0,0,25,1,-21.1412,61.3588,1.5
4000071668,96.4403,0,0,-96.4403,96.4403,239,0,0,0,25,16,17.3833,64.3833,1.5
4000071745,98.6952,0,0,-98.6952,98.6952,316,0,0,0,25,13,35.8801,83.3801,1.5
4000071759,102.154,0,0,-102.154,102.154,330,0,0,0,25,20,23.2218,92.2218,1.5
4000071776,93.0666,0,0,-93.0666,93.0666,347,0,0,0,25,5,-42,91.2306,1.5
4000071838,96.4249,0,0,-96.4249,96.4249,409,0,0,0,25,3,-41.9489,112.5,1.5
4000071851,106.058,0,0,-106.058,106.058,422,0,0,0,25,17,54,111.026,1.5
4000071853,113.049,0,0,-113.049,113.049,424,0,0,0,25,11,24.5,121.576,1.5
4000071898,98.2545,0,0,-98.2545,98.2545,469,0,0,0,25,8,-43,130.748,1.5
4000071910,109.994,0,0,-109.994,109.994,481,0,0,0,25,18,62.9023,126.402,1.5
4000071910,106.775,0,0,-106.775,106.775,481,0,0,0,25,15,48.775,132.775,1.5
4000071913,96.9005,0,0,-96.9005,96.9005,484,0,0,0,25,12,-31,138.732,1.5
4000071916,97.0284,0,0,-97.0284,97.0284,487,0,0,0,25,14,-52.7198,133.22,1.5
4000071930,112.72,0,0,-112.72,112.72,501,0,0,0,25,10,-2,136.427,1.5
4003428807,96.4403,0,0,-96.4403,96.4403,239,16,17.3833,64.3833,1.5,0,0,0,25
4006929055,97.0284,0,0,-97.0284,97.0284,487,14,-52.7198,133.22,1.5,0,0,0,25
4007357365,103.201,0,0,-103.201,103.201,224,9,7.2386,61.7386,1.5,0,0,0,25
4007928741,102.55,0,0,-102.55,102.55,173,6,3.5,45.1196,1.5,0,0,0,25
4010428800,99.1681,0,0,-99.1681,99.1681,232,1,-21.1412,61.3588,1.5,0,0,0,25
4010428898,102.154,0,0,-102.154,102.154,330,20,23.2218,92.2218,1.5,0,0,0,25
4010429049,106.775,0,0,-106.775,106.775,481,15,48.775,132.775,1.5,0,0,0,25
4014428910,103.121,0,0,-103.121,103.121,342,2,-10.2585,99.5,1.5,0,0,0,25
4017428769,91.0449,0,0,-91.0449,91.0449,201,7,18.6834,51.8166,1.5,0,0,0,25
4023928977,96.4249,0,0,-96.4249,96.4249,409,3,-41.9489,112.5,1.5,0,0,0,25
4023929037,98.2545,0,0,-98.2545,98.2545,469,8,-43,130.748,1.5,0,0,0,25
4025428990,106.058,0,0,-106.058,106.058,422,17,54,111.026,1.5,0,0,0,25
4025929049,109.994,0,0,-109.994,109.994,481,18,62.9023,126.402,1.5,0,0,0,25
4029929069,112.72,0,0,-112.72,112.72,501,10,-2,136.427,1.5,0,0,0,25
4041428915,93.0666,0,0,-93.0666,93.0666,347,5,-42,91.2306,1.5,0,0,0,25
4041929052,96.9005,0,0,-96.9005,96.9005,484,12,-31,138.732,1.5,0,0,0,25
4043428778,90.6437,0,0,-90.6437,90.6437,210,19,22.5,52.8207,1.5,0,0,0,25
4045428884,98.6952,0,0,-98.6952,98.6952,316,13,35.8801,83.3801,1.5,0,0,0,25
4047928787,89.6513,0,0,-89.6513,89.6513,219,4,-28.7341,55.2341,1.5,0,0,0,25
4049428992,113.049,0,0,-113.049,113.049,424,11,24.5,121.576,1.5,0,0,0,25
4050000219,89.6513,0,0,-89.6513,89.6513,219,0,0,0,25,4,-28.7341,55.2341,1.5
4050036057,103.121,0,0,-103.121,103.121,342,0,0,0,25,2,-10.2585,99.5,1.5
4050071602,102.55,0,0,-102.55,102.55,173,0,0,0,25,6,3.5,45.1196,1.5
4050071630,91.0449,0,0,-91.0449,91.0449,201,0,0,0,25,7,18.6834,51.8166,1.5
4050071639,90.6437,0,0,-90.6437,90.6437,210,0,0,0,25,19,22.5,52.8207,1.5
4050071653,103.201,0,0,-103.201,103.201,224,0,0,0,25,9,7.2386,61.7386,1.5
4050071661,99.1681,0,0,-99.1681,99.1681,232,0,0,0,25,1,-21.1412,61.3588,1.5
4050071668,96.4403,0,0,-96.4403,96.4403,239,0,0,0,25,16,17.3833,64.3833,1.5
4050071745,98.6952,0,0,-98.6952,98.6952,316,0,0,0,25,13,35.8801,83.3801,1.5
4050071759,102.154,0,0,-102.154,102.154,330,0,0,0,25,20,23.2218,92.2218,1.5
4050071776,93.0666,0,0,-93.0666,93.0666,347,0,0,0,25,5,-42,91.2306,1.5
4050071838,96.4249,0,0,-96.4249,96.4249,409,0,0,0,25,3,-41.9489,112.5,1.5
4050071851,106.058,0,0,-106.058,106.058,422,0,0,0,25,17,54,111.026,1.5
4050071853,113.049,0,0,-113.049,113.049,424,0,0,0,25,11,24.5,121.576,1.5
4050071898,98.2545,0,0,-98.2545,98.2545,469,0,0,0,25,8,-43,130.748,1.5
4050071910,109.994,0,0,-109.994,109.994,481,0,0,0,25,18,62.9023,126.402,1.5
4050071910,106.775,0,0,-106.775,106.775,481,0,0,0,25,15,48.775,132.775,1.5
4050071913,96.9005,0,0,-96.9005,96.9005,484,0,0,0,25,12,-31,138.732,1.5
4050071916,97.0284,0,0,-97.0284,97.0284,487,0,0,0,25,14,-52.7198,133.22,1.5
4050071930,112.72,0,0,-112.72,112.72,501,0,0,0,25,10,-2,136.427,1.5
4053428807,96.4403,0,0,-96.4403,96.4403,239,16,17.3833,64.3833,1.5,0,0,0,25
4056929055,97.0284,0,0,-97.0284,97.0284,487,14,-52.7198,133.22,1.5,0,0,0,25
4057928741,102.55,0,0,-102.55,102.55,173,6,3.5,45.1196,1.5,0,0,0,25
4057928792,103.201,0,0,-103.201,103.201,224,9,7.2386,61.7386,1.5,0,0,0,25
4060428898,102.154,0,0,-102.154,102.154,330,20,23.2218,92.2218,1.5,0,0,0,25
4060429049,106.775,0,0,-106.775,106.775,481,15,48.775,132.775,1.5,0,0,0,25
4060928800,99.1681,0,0,-99.1681,99.1681,232,1,-21.1412,61.3588,1.5,0,0,0,25
4064428910,103.121,0,0,-103.121,103.121,342,2,-10.2585,99.5,1.5,0,0,0,25
4067428769,91.0449,0,0,-91.0449,91.0449,201,7,18.6834,51.8166,1.5,0,0,0,25
4073928977,96.4249,0,0,-96.4249,96.4249,409,3,-41.9489,112.5,1.5,0,0,0,25
4074429037,98.2545,0,0,-98.2545,98.2545,469,8,-43,130.748,1.5,0,0,0,25
4075929049,109.994,0,0,-109.994,109.994,481,18,62.9023,126.402,1.5,0,0,0,25
4077393276,106.058,0,0,-106.058,106.058,422,17,54,111.026,1.5,0,0,0,25
4080429069,112.72,0,0,-112.72,112.72,501,10,-2,136.427,1.5,0,0,0,25
4091928915,93.0666,0,0,-93.0666,93.0666,347,5,-42,91.2306,1.5,0,0,0,25
4092429052,96.9005,0,0,-96.9005,96.9005,484,12,-31,138.732,1.5,0,0,0,25
4093428778,90.6437,0,0,-90.6437,90.6437,210,19,22.5,52.8207,1.5,0,0,0,25
4095428884,98.6952,0,0,-98.6952,98.6952,316,13,35.8801,83.3801,1.5,0,0,0,25
4097928787,89.6513,0,0,-89.6513,89.6513,219,4,-28.7341,55.2341,1.5,0,0,0,25
4099928992,113.049,0,0,-113.049,113.049,424,11,24.5,121.576,1.5,0,0,0,25
4100000219,89.6513,0,0,-89.6513,89.6513,219,0,0,0,25,4,-28.8402,55.3402,1.5
4100036057,103.121,0,0,-103.121,103.121,342,0,0,0,25,2,-10.4085,99.5,1.5
4100071602,102.55,0,0,-102.55,102.55,173,0,0,0,25,6,3.5,44.9696,1.5
4100071630,91.0449,0,0,-91.0449,91.0449,201,0,0,0,25,7,18.7895,51.7105,1.5
4100071639,90.6437,0,0,-90.6437,90.6437,210,0,0,0,25,19,22.5,52.6707,1.5
4100071653,103.201,0,0,-103.201,103.201,224,0,0,0,25,9,7.13254,61.6325,1.5
4100071661,99.1681,0,0,-99.1681,99.1681,232,0,0,0,25,1,-21.2473,61.2527,1.5
4100071668,96.4403,0,0,-96.4403,96.4403,239,0,0,0,25,16,17.2773,64.2773,1.5
4100071745,98.6952,0,0,-98.6952,98.6952,316,0,0,0,25,13,35.774,83.274,1.5
4100071759,102.154,0,0,-102.154,102.154,330,0,0,0,25,20,23.1158,92.1158,1.5
4100071776,93.0666,0,0,-93.0666,93.0666,347,0,0,0,25,5,-42,91.0806,1.5
4100071838,96.4249,0,0,-96.4249,96.4249,409,0,0,0,25,3,-41.7989,112.5,1.5
4100071851,106.058,0,0,-106.058,106.058,422,0,0,0,25,17,54,110.876,1.5
4100071853,113.049,0,0,-113.049,113.049,424,0,0,0,25,11,24.5,121.426,1.5
4100071898,98.2545,0,0,-98.2545,98.2545,469,0,0,0,25,8,-43,130.598,1.5
4100071910,109.994,0,0,-109.994,109.994,481,0,0,0,25,18,62.7962,126.296,1.5
4100071910,106.775,0,0,-106.775,106.775,481,0,0,0,25,15,48.669,132.669,1.5
4100071913,96.9005,0,0,-96.9005,96.9005,484,0,0,0,25,12,-31,138.582,1.5
4100071916,97.0284,0,0,-97.0284,97.0284,487,0,0,0,25,14,-52.6137,133.114,1.5
4100071930,112.72,0,0,-112.72,112.72,501,0,0,0,25,10,-2,136.277,1.5
4103428807,96.4403,0,0,-96.4403,96.4403,239,16,17.2773,64.2773,1.5,0,0,0,25
4106929055,97.0284,0,0,-97.0284,97.0284,487,14,-52.6137,133.114,1.5,0,0,0,25
4108428741,102.55,0,0,-102.55,102.55,173,6,3.5,44.9696,1.5,0,0,0,25
4108428792,103.201,0,0,-103.201,103.201,224,9,7.13254,61.6325,1.5,0,0,0,25
4110428898,102.154,0,0,-102.154,102.154,330,20,23.1158,92.1158,1.5,0,0,0,25
4110429049,106.775,0,0,-106.775,106.775,481,15,48.669,132.669,1.5,0,0,0,25
4111428800,99.1681,0,0,-99.1681,99.1681,232,1,-21.2473,61.2527,1.5,0,0,0,25
4114928910,103.121,0,0,-103.121,103.121,342,2,-10.4085,99.5,1.5,0,0,0,25
4117928769,91.0449,0,0,-91.0449,91.0449,201,7,18.7895,51.7105,1.5,0,0,0,25
4123928977,96.4249,0,0,-96.4249,96.4249,409,3,-41.7989,112.5,1.5,0,0,0,25
4124929037,98.2545,0,0,-98.2545,98.2545,469,8,-43,130.598,1.5,0,0,0,25
4125929049,109.994,0,0,-109.994,109.994,481,18,62.7962,126.296,1.5,0,0,0,25
4129428990,106.058,0,0,-106.058,106.058,422,17,54,110.876,1.5,0,0,0,25
4130929069,112.72,0,0,-112.72,112.72,501,10,-2,136.277,1.5,0,0,0,25
4141928915,93.0666,0,0,-93.0666,93.0666,347,5,-42,91.0806,1.5,0,0,0,25
4142429052,96.9005,0,0,-96.9005,96.9005,484,12,-31,138.582,1.5,0,0,0,25
4143928778,90.6437,0,0,-90.6437,90.6437,210,19,22.5,52.6707,1.5,0,0,0,25
4145428884,98.6952,0,0,-98.6952,98.6952,316,13,35.774,83.274,1.5,0,0,0,25
4148428787,89.6513,0,0,-89.6513,89.6513,219,4,-28.8402,55.3402,1.5,0,0,0,25
4150000219,89.6513,0,0,-89.6513,89.6513,219,0,0,0,25,4,-28.8402,55.3402,1.5
4150036057,103.121,0,0,-103.121,103.121,342,0,0,0,25,2,-10.4085,99.5,1.5
4150071602,102.55,0,0,-102.55,102.55,173,0,0,0,25,6,3.5,44.9696,1.5
4150071630,91.0449,0,0,-91.0449,91.0449,201,0,0,0,25,7,18.7895,51.7105,1.5
4150071639,90.6437,0,0,-90.6437,90.6437,210,0,0,0,25,19,22.5,52.6707,1.5
4150071653,103.201,0,0,-103.201,103.201,224,0,0,0,25,9,7.13254,61.6325,1.5
4150071661,99.1681,0,0,-99.1681,99.1681,232,0,0,0,25,1,-21.2473,61.2527,1.5
4150071668,96.4403,0,0,-96.4403,96.4403,239,0,0,0,25,16,17.2773,64.2773,1.5
4150071745,98.6952,0,0,-98.6952,98.6952,316,0,0,0,25,13,35.774,83.274,1.5
4150071759,102.154,0,0,-102.154,102.154,330,0,0,0,25,20,23.1158,92.1158,1.5
4150071776,93.0666,0,0,-93.0666,93.0666,347,0,0,0,25,5,-42,91.0806,1.5
4150071838,96.4249,0,0,-96.4249,96.4249,409,0,0,0,25,3,-41.7989,112.5,1.5
4150071851,106.058,0,0,-106.058,106.058,422,0,0,0,25,17,54,110.876,1.5
4150071853,113.049,0,0,-113.049,113.049,424,0,0,0,25,11,24.5,121.426,1.5
4150071898,98.2545,0,0,-98.2545,98.2545,469,0,0,0,25,8,-43,130.598,1.5
4150071910,109.994,0,0,-109.994,109.994,481,0,0,0,25,18,62.7962,126.296,1.5
4150071910,106.775,0,0,-106.775,106.775,481,0,0,0,25,15,48.669,132.669,1.5
4150071913,96.9005,0,0,-96.9005,96.9005,484,0,0,0,25,12,-31,138.582,1.5
4150071916,97.0284,0,0,-97.0284,97.0284,487,0,0,0,25,14,-52.6137,133.114,1.5
4150071930,112.72,0,0,-112.72,112.72,501,0,0,0,25,10,-2,136.277,1.5
4150428992,113.049,0,0,-113.049,113.049,424,11,24.5,121.426,1.5,0,0,0,25
4153428807,96.4403,0,0,-96.4403,96.4403,239,16,17.2773,64.2773,1.5,0,0,0,25
4156929055,97.0284,0,0,-97.0284,97.0284,487,14,-52.6137,133.114,1.5,0,0,0,25
4158928741,102.55,0,0,-102.55,102.55,173,6,3.5,44.9696,1.5,0,0,0,25
4158928792,103.201,0,0,-103.201,103.201,224,9,7.13254,61.6325,1.5,0,0,0,25
4160428898,102.154,0,0,-102.154,102.154,330,20,23.1158,92.1158,1.5,0,0,0,25
4160429049,106.775,0,0,-106.775,106.775,481,15,48.669,132.669,1.5,0,0,0,25
4161428800,99.1681,0,0,-99.1681,99.1681,232,1,-21.2473,61.2527,1.5,0,0,0,25
4165428910,103.121,0,0,-103.121,103.121,342,2,-10.4085,99.5,1.5,0,0,0,25
4168428769,91.0449,0,0,-91.0449,91.0449,201,7,18.7895,51.7105,1.5,0,0,0,25
4173928977,96.4249,0,0,-96.4249,96.4249,409,3,-41.7989,112.5,1.5,0,0,0,25
4174929037,98.2545,0,0,-98.2545,98.2545,469,8,-43,130.598,1.5,0,0,0,25
4175929049,109.994,0,0,-109.994,109.994,481,18,62.7962,126.296,1.5,0,0,0,25
4181428990,106.058,0,0,-106.058,106.058,422,17,54,110.876,1.5,0,0,0,25
4181429069,112.72,0,0,-112.72,112.72,501,10,-2,136.277,1.5,0,0,0,25
4192428915,93.0666,0,0,-93.0666,93.0666,347,5,-42,91.0806,1.5,0,0,0,25
4192929052,96.9005,0,0,-96.9005,96.9005,484,12,-31,138.582,1.5,0,0,0,25
4193928778,90.6437,0,0,-90.6437,90.6437,210,19,22.5,52.6707,1.5,0,0,0,25
4195428884,98.6952,0,0,-98.6952,98.6952,316,13,35.774,83.274,1.5,0,0,0,25
4198928787,89.6513,0,0,-89.6513,89.6513,219,4,-28.8402,55.3402,1.5,0,0,0,25
4200000219,89.6513,0,0,-89.6513,89.6513,219,0,0,0,25,4,-28.9463,55.4463,1.5
4200036057,103.121,0,0,-103.121,103.121,342,0,0,0,25,2,-10.5585,99.5,1.5
4200071602,102.55,0,0,-102.55,102.55,173,0,0,0,25,6,3.5,44.8196,1.5
4200071630,91.0449,0,0,-91.0449,91.0449,201,0,0,0,25,7,18.8956,51.6044,1.5
4200071639,90.6437,0,0,-90.6437,90.6437,210,0,0,0,25,19,22.5,52.5207,1.5
4200071653,103.201,0,0,-103.201,103.201,224,0,0,0,25,9,7.02647,61.5265,1.5
4200071661,99.1681,0,0,-99.1681,99.1681,232,0,0,0,25,1,-21.3533,61.1467,1.5
4200071668,96.4403,0,0,-96.4403,96.4403,239,0,0,0,25,16,17.1712,64.1712,1.5
4200071745,98.6952,0,0,-98.6952,98.6952,316,0,0,0,25,13,35.6679,83.1679,1.5
4200071759,102.154,0,0,-102.154,102.154,330,0,0,0,25,20,23.0097,92.0097,1.5
4200071776,93.0666,0,0,-93.0666,93.0666,347,0,0,0,25,5,-42,90.9306,1.5
4200071838,96.4249,0,0,-96.4249,96.4249,409,0,0,0,25,3,-41.6489,112.5,1.5
4200071851,106.058,0,0,-106.058,106.058,422,0,0,0,25,17,54,110.726,1.5
4200071853,113.049,0,0,-113.049,113.049,424,0,0,0,25,11,24.5,121.276,1.5
4200071898,98.2545,0,0,-98.2545,98.2545,469,0,0,0,25,8,-43,130.448,1.5
4200071910,109.994,0,0,-109.994,109.994,481,0,0,0,25,18,62.6901,126.19,1.5
4200071910,106.775,0,0,-106.775,106.775,481,0,0,0,25,15,48.5629,132.563,1.5
4200071913,96.9005,0,0,-96.9005,96.9005,484,0,0,0,25,12,-31,138.432,1.5
4200071916,97.0284,0,0,-97.0284,97.0284,487,0,0,0,25,14,-52.5076,133.008,1.5
4200071930,112.72,0,0,-112.72,112.72,501,0,0,0,25,10,-2,136.127,1.5
4200928992,113.049,0,0,-113.049,113.049,424,11,24.5,121.276,1.5,0,0,0,25
4203428807,96.4403,0,0,-96.4403,96.4403,239,16,17.1712,64.1712,1.5,0,0,0,25
4206929055,97.0284,0,0,-97.0284,97.0284,487,14,-52.5076,133.008,1.5,0,0,0,25
4208928792,103.201,0,0,-103.201,103.201,224,9,7.02647,61.5265,1.5,0,0,0,25
4209428741,102.55,0,0,-102.55,102.55,173,6,3.5,44.8196,1.5,0,0,0,25
4210428898,102.154,0,0,-102.154,102.154,330,20,23.0097,92.0097,1.5,0,0,0,25
4210429049,106.775,0,0,-106.775,106.775,481,15,48.5629,132.563,1.5,0,0,0,25
4211928800,99.1681,0,0,-99.1681,99.1681,232,1,-21.3533,61.1467,1.5,0,0,0,25
4215893196,103.121,0,0,-103.121,103.121,342,2,-10.5585,99.5,1.5,0,0,0,25
4218928769,91.0449,0,0,-91.0449,91.0449,201,7,18.8956,51.6044,1.5,0,0,0,25
4223928977,96.4249,0,0,-96.4249,96.4249,409,3,-41.6489,112.5,1.5,0,0,0,25
4225429037,98.2545,0,0,-98.2545,98.2545,469,8,-43,130.448,1.5,0,0,0,25
4225929049,109.994,0,0,-109.994,109.994,481,18,62.6901,126.19,1.5,0,0,0,25
4231429069,112.72,0,0,-112.72,112.72,501,10,-2,136.127,1.5,0,0,0,25
4233428990,106.058,0,0,-106.058,106.058,422,17,54,110.726,1.5,0,0,0,25
4242928915,93.0666,0,0,-93.0666,93.0666,347,5,-42,90.9306,1.5,0,0,0,25
4243429052,96.9005,0,0,-96.9005,96.9005,484,12,-31,138.432,1.5,0,0,0,25
4243928778,90.6437,0,0,-90.6437,90.6437,210,19,22.5,52.5207,1.5,0,0,0,25
4245428884,98.6952,0,0,-98.6952,98.6952,316,13,35.6679,83.1679,1.5,0,0,0,25
4249428787,89.6513,0,0,-89.6513,89.6513,219,4,-28.9463,55.4463,1.5,0,0,0,25
4250000219,89.6513,0,0,-89.6513,89.6513,219,0,0,0,25,4,-28.9463,55.4463,1.5
4250036057,103.121,0,0,-103.121,103.121,342,0,0,0,25,2,-10.5585,99.5,1.5
4250071602,102.55,0,0,-102.55,102.55,173,0,0,0,25,6,3.5,44.8196,1.5
4250071630,91.0449,0,0,-91.0449,91.0449,201,0,0,0,25,7,18.8956,51.6044,1.5
4250071639,90.6437,0,0,-90.6437,90.6437,210,0,0,0,25,19,22.5,52.5207,1.5
4250071653,103.201,0,0,-103.201,103.201,224,0,0,0,25,9,7.02647,61.5265,1.5
4250071661,99.1681,0,0,-99.1681,99.1681,232,0,0,0,25,1,-21.3533,61.1467,1.5
4250071668,96.4403,0,0,-96.4403,96.4403,239,0,0,0,25,16,17.1712,64.1712,1.5
4250071745,98.6952,0,0,-98.6952,98.6952,316,0,0,0,25,13,35.6679,83.1679,1.5
4250071759,102.154,0,0,-102.154,102.154,330,0,0,0,25,20,23.0097,92.0097,1.5
4250071776,93.0666,0,0,-93.0666,93.0666,347,0,0,0,25,5,-42,90.9306,1.5
4250071838,96.4249,0,0,-96.4249,96.4249,409,0,0,0,25,3,-41.6489,112.5,1.5
4250071851,106.058,0,0,-106.058,106.058,422,0,0,0,25,17,54,110.726,1.5
4250071853,113.049,0,0,-113.049,113.049,424,0,0,0,25,11,24.5,121.276,1.5
4250071898,98.2545,0,0,-98.2545,98.2545,469,0,0,0,25,8,-43,130.448,1.5
4250071910,109.994,0,0,-109.994,109.994,481,0,0,0,25,18,62.6901,126.19,1.5
4250071910,106.775,0,0,-106.775,106.775,481,0,0,0,25,15,48.5629,132.563,1.5
4250071913,96.9005,0,0,-96.9005,96.9005,484,0,0,0,25,12,-31,138.432,1.5
4250071916,97.0284,0,0,-97.0284,97.0284,487,0,0,0,25,14,-52.5076,133.008,1.5
4250071930,112.72,0,0,-112.72,112.72,501,0,0,0,25,10,-2,136.127,1.5
4251428992,113.049,0,0,-113.049,113.049,424,11,24.5,121.276,1.5,0,0,0,25
4253428807,96.4403,0,0,-96.4403,96.4403,239,16,17.1712,64.1712,1.5,0,0,0,25
4256929055,97.0284,0,0,-97.0284,97.0284,487,14,-52.5076,133.008,1.5,0,0,0,25
4259428792,103.201,0,0,-103.201,103.201,224,9,7.02647,61.5265,1.5,0,0,0,25
4259928741,102.55,0,0,-102.55,102.55,173,6,3.5,44.8196,1.5,0,0,0,25
4260428898,102.154,0,0,-102.154,102.154,330,20,23.0097,92.0097,1.5,0,0,0,25
4260429049,106.775,0,0,-106.775,106.775,481,15,48.5629,132.563,1.5,0,0,0,25
4262428800,99.1681,0,0,-99.1681,99.1681,232,1,-21.3533,61.1467,1.5,0,0,0,25
4266428910,103.121,0,0,-103.121,103.121,342,2,-10.5585,99.5,1.5,0,0,0,25
4269428769,91.0449,0,0,-91.0449,91.0449,201,7,18.8956,51.6044,1.5,0,0,0,25
4274428977,96.4249,0,0,-96.4249,96.4249,409,3,-41.6489,112.5,1.5,0,0,0,25
4275929037,98.2545,0,0,-98.2545,98.2545,469,8,-43,130.448,1.5,0,0,0,25
4275929049,109.994,0,0,-109.994,109.994,481,18,62.6901,126.19,1.5,0,0,0,25
4281929069,112.72,0,0,-112.72,112.72,501,10,-2,136.127,1.5,0,0,0,25
4285428990,106.058,0,0,-106.058,106.058,422,17,54,110.726,1.5,0,0,0,25
4293428915,93.0666,0,0,-93.0666,93.0666,347,5,-42,90.9306,1.5,0,0,0,25
4293928778,90.6437,0,0,-90.6437,90.6437,210,19,22.5,52.5207,1.5,0,0,0,25
4293929052,96.9005,0,0,-96.9005,96.9005,484,12,-31,138.432,1.5,0,0,0,25
4295428884,98.6952,0,0,-98.6952,98.6952,316,13,35.6679,83.1679,1.5,0,0,0,25
4299928787,89.6513,0,0,-89.6513,89.6513,219,4,-28.9463,55.4463,1.5,0,0,0,25
4300000219,89.6513,0,0,-89.6513,89.6513,219,0,0,0,25,4,-29.0523,55.5523,1.5
4300036057,103.121,0,0,-103.121,103.121,342,0,0,0,25,2,-10.7085,99.5,1.5
4300071602,102.55,0,0,-102.55,102.55,173,0,0,0,25,6,3.5,44.6696,1.5
4300071630,91.0449,0,0,-91.0449,91.0449,201,0,0,0,25,7,19.0016,51.4984,1.5
4300071639,90.6437,0,0,-90.6437,90.6437,210,0,0,0,25,19,22.5,52.3707,1.5
4300071653,103.201,0,0,-103.201,103.201,224,0,0,0,25,9,6.9204,61.4204,1.5
4300071661,99.1681,0,0,-99.1681,99.1681,232,0,0,0,25,1,-21.4594,61.0406,1.5
4300071668,96.4403,0,0,-96.4403,96.4403,239,0,0,0,25,16,17.0651,64.0651,1.5
4300071745,98.6952,0,0,-98.6952,98.6952,316,0,0,0,25,13,35.5619,83.0619,1.5
4300071759,102.154,0,0,-102.154,102.154,330,0,0,0,25,20,22.9037,91.9037,1.5
4300071776,93.0666,0,0,-93.0666,93.0666,347,0,0,0,25,5,-42,90.7806,1.5
4300071838,96.4249,0,0,-96.4249,96.4249,409,0,0,0,25,3,-41.4989,112.5,1.5
4300071851,106.058,0,0,-106.058,106.058,422,0,0,0,25,17,54,110.576,1.5
4300071853,113.049,0,0,-113.049,113.049,424,0,0,0,25,11,24.5,121.126,1.5
4300071898,98.2545,0,0,-98.2545,98.2545,469,0,0,0,25,8,-43,130.298,1.5
4300071910,109.994,0,0,-109.994,109.994,481,0,0,0,25,18,62.5841,126.084,1.5
4300071910,106.775,0,0,-106.775,106.775,481,0,0,0,25,15,48.4568,132.457,1.5
4300071913,96.9005,0,0,-96.9005,96.9005,484,0,0,0,25,12,-31,138.282,1.5
4300071916,97.0284,0,0,-97.0284,97.0284,487,0,0,0,25,14,-52.4016,132.902,1.5
4300071930,112.72,0,0,-112.72,112.72,501,0,0,0,25,10,-2,135.977,1.5
4301428992,113.049,0,0,-113.049,113.049,424,11,24.5,121.126,1.5,0,0,0,25
4303428807,96.4403,0,0,-96.4403,96.4403,239,16,17.0651,64.0651,1.5,0,0,0,25
4306929055,97.0284,0,0,-97.0284,97.0284,487,14,-52.4016,132.902,1.5,0,0,0,25
4309928741,102.55,0,0,-102.55,102.55,173,6,3.5,44.6696,1.5,0,0,0,25
4309928792,103.201,0,0,-103.201,103.201,224,9,6.9204,61.4204,1.5,0,0,0,25
4310428898,102.154,0,0,-102.154,102.154,330,20,22.9037,91.9037,1.5,0,0,0,25
4310429049,106.775,0,0,-106.775,106.775,481,15,48.4568,132.457,1.5,0,0,0,25
4312928800,99.1681,0,0,-99.1681,99.1681,232,1,-21.4594,61.0406,1.5,0,0,0,25
4316428910,103.121,0,0,-103.121,103.121,342,2,-10.7085,99.5,1.5,0,0,0,25
4319428769,91.0449,0,0,-91.0449,91.0449,201,7,19.0016,51.4984,1.5,0,0,0,25
4324928977,96.4249,0,0,-96.4249,96.4249,409,3,-41.4989,112.5,1.5,0,0,0,25
4325929049,109.994,0,0,-109.994,109.994,481,18,62.5841,126.084,1.5,0,0,0,25
4326429037,98.2545,0,0,-98.2545,98.2545,469,8,-43,130.298,1.5,0,0,0,25
4332429069,112.72,0,0,-112.72,112.72,501,10,-2,135.977,1.5,0,0,0,25
4337428990,106.058,0,0,-106.058,106.058,422,17,54,110.576,1.5,0,0,0,25
4343928778,90.6437,0,0,-90.6437,90.6437,210,19,22.5,52.3707,1.5,0,0,0,25
4343928915,93.0666,0,0,-93.0666,93.0666,347,5,-42,90.7806,1.5,0,0,0,25
4344429052,96.9005,0,0,-96.9005,96.9005,484,12,-31,138.282,1.5,0,0,0,25
4345428884,98.6952,0,0,-98.6952,98.6952,316,13,35.5619,83.0619,1.5,0,0,0,25
4349928787,89.6513,0,0,-89.6513,89.6513,219,4,-29.0523,55.5523,1.5,0,0,0,25
4350000219,89.6513,0,0,-89.6513,89.6513,219,0,0,0,25,4,-29.0523,55.5523,1.5
4350036057,103.121,0,0,-103.121,103.121,342,0,0,0,25,2,-10.7085,99.5,1.5
4350071602,102.55,0,0,-102.55,102.55,173,0,0,0,25,6,3.5,44.6696,1.5
4350071630,91.0449,0,0,-91.0449,91.0449,201,0,0,0,25,7,19.0016,51.4984,1.5
4350071639,90.6437,0,0,-90.6437,90.6437,210,0,0,0,25,19,22.5,52.3707,1.5
4350071653,103.201,0,0,-103.201,103.201,224,0,0,0,25,9,6.9204,61.4204,1.5
4350071661,99.1681,0,0,-99.1681,99.1681,232,0,0,0,25,1,-21.4594,61.0406,1.5
4350071668,96.4403,0,0,-96.4403,96.4403,239,0,0,0,25,16,17.0651,64.0651,1.5
4350071745,98.6952,0,0,-98.6952,98.6952,316,0,0,0,25,13,35.5619,83.0619,1.5
4350071759,102.154,0,0,-102.154,102.154,330,0,0,0,25,20,22.9037,91.9037,1.5
4350071776,93.0666,0,0,-93.0666,93.0666,347,0,0,0,25,5,-42,90.7806,1.5
4350071838,96.4249,0,0,-96.4249,96.4249,409,0,0,0,25,3,-41.4989,112.5,1.5
4350071851,106.058,0,0,-106.058,106.058,422,0,0,0,25,17,54,110.576,1.5
4350071853,113.049,0,0,-113.049,113.049,424,0,0,0,25,11,24.5,121.126,1.5
4350071898,98.2545,0,0,-98.2545,98.2545,469,0,0,0,25,8,-43,130.298,1.5
4350071910,109.994,0,0,-109.994,109.994,481,0,0,0,25,18,62.5841,126.084,1.5
4350071910,106.775,0,0,-106.775,106.775,481,0,0,0,25,15,48.4568,132.457,1.5
4350071913,96.9005,0,0,-96.9005,96.9005,484,0,0,0,25,12,-31,138.282,1.5
4350071916,97.0284,0,0,-97.0284,97.0284,487,0,0,0,25,14,-52.4016,132.902,1.5
4350071930,112.72,0,0,-112.72,112.72,501,0,0,0,25,10,-2,135.977,1.5
4351928992,113.049,0,0,-113.049,113.049,424,11,24.5,121.126,1.5,0,0,0,25
4353428807,96.4403,0,0,-96.4403,96.4403,239,16,17.0651,64.0651,1.5,0,0,0,25
4356929055,97.0284,0,0,-97.0284,97.0284,487,14,-52.4016,132.902,1.5,0,0,0,25
4360428741,102.55,0,0,-102.55,102.55,173,6,3.5,44.6696,1.5,0,0,0,25
4360428792,103.201,0,0,-103.201,103.201,224,9,6.9204,61.4204,1.5,0,0,0,25
4360428898,102.154,0,0,-102.154,102.154,330,20,22.9037,91.9037,1.5,0,0,0,25
4360429049,106.775,0,0,-106.775,106.775,481,15,48.4568,132.457,1.5,0,0,0,25
4363428800,99.1681,0,0,-99.1681,99.1681,232,1,-21.4594,61.0406,1.5,0,0,0,25
4366928910,103.121,0,0,-103.121,103.121,342,2,-10.7085,99.5,1.5,0,0,0,25
4369928769,91.0449,0,0,-91.0449,91.0449,201,7,19.0016,51.4984,1.5,0,0,0,25
4374928977,96.4249,0,0,-96.4249,96.4249,409,3,-41.4989,112.5,1.5,0,0,0,25
4375929049,109.994,0,0,-109.994,109.994,481,18,62.5841,126.084,1.5,0,0,0,25
4376929037,98.2545,0,0,-98.2545,98.2545,469,8,-43,130.298,1.5,0,0,0,25
4382929069,112.72,0,0,-112.72,112.72,501,10,-2,135.977,1.5,0,0,0,25
4389428990,106.058,0,0,-106.058,106.058,422,17,54,110.576,1.5,0,0,0,25
4393928778,90.6437,0,0,-90.6437,90.6437,210,19,22.5,52.3707,1.5,0,0,0,25
4393928915,93.0666,0,0,-93.0666,93.0666,347,5,-42,90.7806,1.5,0,0,0,25
4394429052,96.9005,0,0,-96.9005,96.9005,484,12,-31,138.282,1.5,0,0,0,25
4395428884,98.6952,0,0,-98.6952,98.6952,316,13,35.5619,83.0619,1.5,0,0,0,25
4400000219,89.6513,0,0,-89.6513,89.6513,219,0,0,0,25,4,-29.1584,55.6584,1.5
4400036057,103.121,0,0,-103.121,103.121,342,0,0,0,25,2,-10.8585,99.5,1.5
4400071602,102.55,0,0,-102.55,102.55,173,0,0,0,25,6,3.5,44.5196,1.5
4400071630,91.0449,0,0,-91.0449,91.0449,201,0,0,0,25,7,19.1077,51.3923,1.5
4400071639,90.6437,0,0,-90.6437,90.6437,210,0,0,0,25,19,22.5,52.2207,1.5
4400071653,103.201,0,0,-103.201,103.201,224,0,0,0,25,9,6.81434,61.3143,1.5
4400071661,99.1681,0,0,-99.1681,99.1681,232,0,0,0,25,1,-21.5655,60.9345,1.5
4400071668,96.4403,0,0,-96.4403,96.4403,239,0,0,0,25,16,16.9591,63.9591,1.5
4400071745,98.6952,0,0,-98.6952,98.6952,316,0,0,0,25,13,35.4558,82.9558,1.5
4400071759,102.154,0,0,-102.154,102.154,330,0,0,0,25,20,22.7976,91.7976,1.5
4400071776,93.0666,0,0,-93.0666,93.0666,347,0,0,0,25,5,-42,90.6306,1.5
4400071838,96.4249,0,0,-96.4249,96.4249,409,0,0,0,25,3,-41.3489,112.5,1.5
4400071851,106.058,0,0,-106.058,106.058,422,0,0,0,25,17,54,110.426,1.5
4400071853,113.049,0,0,-113.049,113.049,424,0,0,0,25,11,24.5,120.976,1.5
4400071898,98.2545,0,0,-98.2545,98.2545,469,0,0,0,25,8,-43,130.148,1.5
4400071910,109.994,0,0,-109.994,109.994,481,0,0,0,25,18,62.478,125.978,1.5
4400071910,106.775,0,0,-106.775,106.775,481,0,0,0,25,15,48.3508,132.351,1.5
4400071913,96.9005,0,0,-96.9005,96.9005,484,0,0,0,25,12,-31,138.132,1.5
4400071916,97.0284,0,0,-97.0284,97.0284,487,0,0,0,25,14,-52.2955,132.796,1.5
4400071930,112.72,0,0,-112.72,112.72,501,0,0,0,25,10,-2,135.827,1.5
4400428787,89.6513,0,0,-89.6513,89.6513,219,4,-29.1584,55.6584,1.5,0,0,0,25
4402428992,113.049,0,0,-113.049,113.049,424,11,24.5,120.976,1.5,0,0,0,25
4403428807,96.4403,0,0,-96.4403,96.4403,239,16,16.9591,63.9591,1.5,0,0,0,25
4406929055,97.0284,0,0,-97.0284,97.0284,487,14,-52.2955,132.796,1.5,0,0,0,25
4410428898,102.154,0,0,-102.154,102.154,330,20,22.7976,91.7976,1.5,0,0,0,25
4410429049,106.775,0,0,-106.775,106.775,481,15,48.3508,132.351,1.5,0,0,0,25
4410928741,102.55,0,0,-102.55,102.55,173,6,3.5,44.5196,1.5,0,0,0,25
4410928792,103.201,0,0,-103.201,103.201,224,9,6.81434,61.3143,1.5,0,0,0,25
4413428800,99.1681,0,0,-99.1681,99.1681,232,1,-21.5655,60.9345,1.5,0,0,0,25
4417428910,103.121,0,0,-103.121,103.121,342,2,-10.8585,99.5,1.5,0,0,0,25
4420428769,91.0449,0,0,-91.0449,91.0449,201,7,19.1077,51.3923,1.5,0,0,0,25
4425428977,96.4249,0,0,-96.4249,96.4249,409,3,-41.3489,112.5,1.5,0,0,0,25
4425929049,109.994,0,0,-109.994,109.994,481,18,62.478,125.978,1.5,0,0,0,25
4426929037,98.2545,0,0,-98.2545,98.2545,469,8,-43,130.148,1.5,0,0,0,25
4433429069,112.72,0,0,-112.72,112.72,501,10,-2,135.827,1.5,0,0,0,25
4441428990,106.058,0,0,-106.058,106.058,422,17,54,110.426,1.5,0,0,0,25
4443928778,90.6437,0,0,-90.6437,90.6437,210,19,22.5,52.2207,1.5,0,0,0,25
4444428915,93.0666,0,0,-93.0666,93.0666,347,5,-42,90.6306,1.5,0,0,0,25
4444929052,96.9005,0,0,-96.9005,96.9005,484,12,-31,138.132,1.5,0,0,0,25
4445428884,98.6952,0,0,-98.6952,98.6952,316,13,35.4558,82.9558,1.5,0,0,0,25
4450000219,89.6513,0,0,-89.6513,89.6513,219,0,0,0,25,4,-29.1584,55.6584,1.5
4450036057,103.121,0,0,-103.121,103.121,342,0,0,0,25,2,-10.8585,99.5,1.5
4450071602,102.55,0,0,-102.55,102.55,173,0,0,0,25,6,3.5,44.5196,1.5
4450071630,91.0449,0,0,-91.0449,91.0449,201,0,0,0,25,7,19.1077,51.3923,1.5
4450071639,90.6437,0,0,-90.6437,90.6437,210,0,0,0,25,19,22.5,52.2207,1.5
4450071653,103.201,0,0,-103.201,103.201,224,0,0,0,25,9,6.81434,61.3143,1.5
4450071661,99.1681,0,0,-99.1681,99.1681,232,0,0,0,25,1,-21.5655,60.9345,1.5
4450071668,96.4403,0,0,-96.4403,96.4403,239,0,0,0,25,16,16.9591,63.9591,1.5
4450071745,98.6952,0,0,-98.6952,98.6952,316,0,0,0,25,13,35.4558,82.9558,1.5
4450071759,102.154,0,0,-102.154,102.154,330,0,0,0,25,20,22.7976,91.7976,1.5
4450071776,93.0666,0,0,-93.0666,93.0666,347,0,0,0,25,5,-42,90.6306,1.5
4450071838,96.4249,0,0,-96.4249,96.4249,409,0,0,0,25,3,-41.3489,112.5,1.5
4450071851,106.058,0,0,-106.058,106.058,422,0,0,0,25,17,54,110.426,1.5
4450071853,113.049,0,0,-113.049,113.049,424,0,0,0,25,11,24.5,120.976,1.5
4450071898,98.2545,0,0,-98.2545,98.2545,469,0,0,0,25,8,-43,130.148,1.5
4450071910,109.994,0,0,-109.994,109.994,481,0,0,0,25,18,62.478,125.978,1.5
4450071910,106.775,0,0,-106.775,106.775,481,0,0,0,25,15,48.3508,132.351,1.5
4450071913,96.9005,0,0,-96.9005,96.9005,484,0,0,0,25,12,-31,138.132,1.5
4450071916,97.0284,0,0,-97.0284,97.0284,487,0,0,0,25,14,-52.2955,132.796,1.5
4450071930,112.72,0,0,-112.72,112.72,501,0,0,0,25,10,-2,135.827,1.5
4450928787,89.6513,0,0,-89.6513,89.6513,219,4,-29.1584,55.6584,1.5,0,0,0,25
4452928992,113.049,0,0,-113.049,113.049,424,11,24.5,120.976,1.5,0,0,0,25
4453428807,96.4403,0,0,-96.4403,96.4403,239,16,16.9591,63.9591,1.5,0,0,0,25
4456929055,97.0284,0,0,-97.0284,97.0284,487,14,-52.2955,132.796,1.5,0,0,0,25
4460428898,102.154,0,0,-102.154,102.154,330,20,22.7976,91.7976,1.5,0,0,0,25
4460429049,106.775,0,0,-106.775,106.775,481,15,48.3508,132.351,1.5,0,0,0,25
4460928792,103.201,0,0,-103.201,103.201,224,9,6.81434,61.3143,1.5,0,0,0,25
4461428741,102.55,0,0,-102.55,102.55,173,6,3.5,44.5196,1.5,0,0,0,25
4463928800,99.1681,0,0,-99.1681,99.1681,232,1,-21.5655,60.9345,1.5,0,0,0,25
4467928910,103.121,0,0,-103.121,103.121,342,2,-10.8585,99.5,1.5,0,0,0,25
4470928769,91.0449,0,0,-91.0449,91.0449,201,7,19.1077,51.3923,1.5,0,0,0,25
4475928977,96.4249,0,0,-96.4249,96.4249,409,3,-41.3489,112.5,1.5,0,0,0,25
4475929049,109.994,0,0,-109.994,109.994,481,18,62.478,125.978,1.5,0,0,0,25
4477429037,98.2545,0,0,-98.2545,98.2545,469,8,-43,130.148,1.5,0,0,0,25
4483429069,112.72,0,0,-112.72,112.72,501,10,-2,135.827,1.5,0,0,0,25
4493428990,106.058,0,0,-106.058,106.058,422,17,54,110.426,1.5,0,0,0,25
4493928778,90.6437,0,0,-90.6437,90.6437,210,19,22.5,52.2207,1.5,0,0,0,25
4494928915,93.0666,0,0,-93.0666,93.0666,347,5,-42,90.6306,1.5,0,0,0,25
4495428884,98.6952,0,0,-98.6952,98.6952,316,13,35.4558,82.9558,1.5,0,0,0,25
4495429052,96.9005,0,0,-96.9005,96.9005,484,12,-31,138.132,1.5,0,0,0,25
4500000219,89.6513,0,0,-89.6513,89.6513,219,0,0,0,25,4,-29.2645,55.7645,1.5
4500036057,103.121,0,0,-103.121,103.121,342,0,0,0,25,2,-11.0085,99.5,1.5
4500071602,102.55,0,0,-102.55,102.55,173,0,0,0,25,6,3.5,44.3696,1.5
4500071630,91.0449,0,0,-91.0449,91.0449,201,0,0,0,25,7,19.2138,51.2862,1.5
4500071639,90.6437,0,0,-90.6437,90.6437,210,0,0,0,25,19,22.5,52.0707,1.5
4500071653,103.201,0,0,-103.201,103.201,224,0,0,0,25,9,6.70827,61.2083,1.5
4500071661,99.1681,0,0,-99.1681,99.1681,232,0,0,0,25,1,-21.6715,60.8285,1.5
4500071668,96.4403,0,0,-96.4403,96.4403,239,0,0,0,25,16,16.853,63.853,1.5
4500071745,98.6952,0,0,-98.6952,98.6952,316,0,0,0,25,13,35.3498,82.8498,1.5
4500071759,102.154,0,0,-102.154,102.154,330,0,0,0,25,20,22.6915,91.6915,1.5
4500071776,93.0666,0,0,-93.0666,93.0666,347,0,0,0,25,5,-42,90.4806,1.5
4500071838,96.4249,0,0,-96.4249,96.4249,409,0,0,0,25,3,-41.1989,112.5,1.5
4500071851,106.058,0,0,-106.058,106.058,422,0,0,0,25,17,54,110.276,1.5
4500071853,113.049,0,0,-113.049,113.049,424,0,0,0,25,11,24.5,120.826,1.5
4500071898,98.2545,0,0,-98.2545,98.2545,469,0,0,0,25,8,-43,129.998,1.5
4500071910,109.994,0,0,-109.994,109.994,481,0,0,0,25,18,62.3719,125.872,1.5
4500071910,106.775,0,0,-106.775,106.775,481,0,0,0,25,15,48.2447,132.245,1.5
4500071913,96.9005,0,0,-96.9005,96.9005,484,0,0,0,25,12,-31,137.982,1.5
4500071916,97.0284,0,0,-97.0284,97.0284,487,0,0,0,25,14,-52.1894,132.689,1.5
4500071930,112.72,0,0,-112.72,112.72,501,0,0,0,25,10,-2,135.677,1.5
4501428787,89.6513,0,0,-89.6513,89.6513,219,4,-29.2645,55.7645,1.5,0,0,0,25
4503428807,96.4403,0,0,-96.4403,96.4403,239,16,16.853,63.853,1.5,0,0,0,25
4503428992,113.049,0,0,-113.049,113.049,424,11,24.5,120.826,1.5,0,0,0,25
4506929055,97.0284,0,0,-97.0284,97.0284,487,14,-52.1894,132.689,1.5,0,0,0,25
4510428898,102.154,0,0,-102.154,102.154,330,20,22.6915,91.6915,1.5,0,0,0,25
4510429049,106.775,0,0,-106.775,106.775,481,15,48.2447,132.245,1.5,0,0,0,25
4511393078,103.201,0,0,-103.201,103.201,224,9,6.70827,61.2083,1.5,0,0,0,25
4511928741,102.55,0,0,-102.55,102.55,173,6,3.5,44.3696,1.5,0,0,0,25
4523893055,91.0449,0,0,-91.0449,91.0449,201,7,19.2138,51.2862,1.5,0,0,0,25
4524893086,99.1681,0,0,-99.1681,99.1681,232,1,-21.6715,60.8285,1.5,0,0,0,25
4533393335,109.994,0,0,-109.994,109.994,481,18,62.3719,125.872,1.5,0,0,0,25
4535893196,103.121,0,0,-103.121,103.121,342,2,-11.0085,99.5,1.5,0,0,0,25
4550000219,89.6513,0,0,-89.6513,89.6513,219,0,0,0,25,4,-29.2645,55.7645,1.5
4550893263,96.4249,0,0,-96.4249,96.4249,409,3,-41.1989,112.5,1.5,0,0,0,25
4553500173,102.55,0,0,-102.55,102.55,173,0,0,0,25,6,3.5,44.3696,1.5
4553500201,91.0449,0,0,-91.0449,91.0449,201,0,0,0,25,7,19.2138,51.2862,1.5
4553500210,90.6437,0,0,-90.6437,90.6437,210,0,0,0,25,19,22.5,52.0707,1.5
4553500224,103.201,0,0,-103.201,103.201,224,0,0,0,25,9,6.70827,61.2083,1.5
4553500232,99.1681,0,0,-99.1681,99.1681,232,0,0,0,25,1,-21.6715,60.8285,1.5
4553500239,96.4403,0,0,-96.4403,96.4403,239,0,0,0,25,16,16.853,63.853,1.5
4553500316,98.6952,0,0,-98.6952,98.6952,316,0,0,0,25,13,35.3498,82.8498,1.5
4553500330,102.154,0,0,-102.154,102.154,330,0,0,0,25,20,22.6915,91.6915,1.5
4553500342,103.121,0,0,-103.121,103.121,342,0,0,0,25,2,-11.0085,99.5,1.5
4553500347,93.0666,0,0,-93.0666,93.0666,347,0,0,0,25,5,-42,90.4806,1.5
4553500409,96.4249,0,0,-96.4249,96.4249,409,0,0,0,25,3,-41.1989,112.5,1.5
4553500422,106.058,0,0,-106.058,106.058,422,0,0,0,25,17,54,110.276,1.5
4553500424,113.049,0,0,-113.049,113.049,424,0,0,0,25,11,24.5,120.826,1.5
4553500469,98.2545,0,0,-98.2545,98.2545,469,0,0,0,25,8,-43,129.998,1.5
4553500481,109.994,0,0,-109.994,109.994,481,0,0,0,25,18,62.3719,125.872,1.5
4553500481,106.775,0,0,-106.775,106.775,481,0,0,0,25,15,48.2447,132.245,1.5
4553500484,96.9005,0,0,-96.9005,96.9005,484,0,0,0,25,12,-31,137.982,1.5
4553500487,97.0284,0,0,-97.0284,97.0284,487,0,0,0,25,14,-52.1894,132.689,1.5
4553500501,112.72,0,0,-112.72,112.72,501,0,0,0,25,10,-2,135.677,1.5
4554893338,96.9005,0,0,-96.9005,96.9005,484,12,-31,137.982,1.5,0,0,0,25
4557393276,106.058,0,0,-106.058,106.058,422,17,54,110.276,1.5,0,0,0,25
4559393355,112.72,0,0,-112.72,112.72,501,10,-2,135.677,1.5,0,0,0,25
4562393093,96.4403,0,0,-96.4403,96.4403,239,16,16.853,63.853,1.5,0,0,0,25
4565393201,93.0666,0,0,-93.0666,93.0666,347,5,-42,90.4806,1.5,0,0,0,25
4566393170,98.6952,0,0,-98.6952,98.6952,316,13,35.3498,82.8498,1.5,0,0,0,25
4567393323,98.2545,0,0,-98.2545,98.2545,469,8,-43,129.998,1.5,0,0,0,25
4568393064,90.6437,0,0,-90.6437,90.6437,210,19,22.5,52.0707,1.5,0,0,0,25
4571893073,89.6513,0,0,-89.6513,89.6513,219,4,-29.2645,55.7645,1.5,0,0,0,25
4578393278,113.049,0,0,-113.049,113.049,424,11,24.5,120.826,1.5,0,0,0,25
4580893027,102.55,0,0,-102.55,102.55,173,6,3.5,44.3696,1.5,0,0,0,25
4584893184,102.154,0,0,-102.154,102.154,330,20,22.6915,91.6915,1.5,0,0,0,25
4585393341,97.0284,0,0,-97.0284,97.0284,487,14,-52.1894,132.689,1.5,0,0,0,25
4586393335,106.775,0,0,-106.775,106.775,481,15,48.2447,132.245,1.5,0,0,0,25
4591393078,103.201,0,0,-103.201,103.201,224,9,6.70827,61.2083,1.5,0,0,0,25
4600000219,89.6513,0,0,-89.6513,89.6513,219,0,0,0,25,4,-29.3705,55.8705,1.5
4603500173,102.55,0,0,-102.55,102.55,173,0,0,0,25,6,3.5,44.2196,1.5
4603500201,91.0449,0,0,-91.0449,91.0449,201,0,0,0,25,7,19.3198,51.1802,1.5
4603500210,90.6437,0,0,-90.6437,90.6437,210,0,0,0,25,19,22.5,51.9207,1.5
4603500224,103.201,0,0,-103.201,103.201,224,0,0,0,25,9,6.60221,61.1022,1.5
4603500232,99.1681,0,0,-99.1681,99.1681,232,0,0,0,25,1,-21.7776,60.7224,1.5
4603500239,96.4403,0,0,-96.4403,96.4403,239,0,0,0,25,16,16.7469,63.7469,1.5
4603500316,98.6952,0,0,-98.6952,98.6952,316,0,0,0,25,13,35.2437,82.7437,1.5
4603500330,102.154,0,0,-102.154,102.154,330,0,0,0,25,20,22.5855,91.5855,1.5
4603500342,103.121,0,0,-103.121,103.121,342,0,0,0,25,2,-11.1585,99.5,1.5
4603500347,93.0666,0,0,-93.0666,93.0666,347,0,0,0,25,5,-42,90.3306,1.5
4603500409,96.4249,0,0,-96.4249,96.4249,409,0,0,0,25,3,-41.0489,112.5,1.5
4603500422,106.058,0,0,-106.058,106.058,422,0,0,0,25,17,54,110.126,1.5
4603500424,113.049,0,0,-113.049,113.049,424,0,0,0,25,11,24.5,120.676,1.5
4603500469,98.2545,0,0,-98.2545,98.2545,469,0,0,0,25,8,-43,129.848,1.5
4603500481,109.994,0,0,-109.994,109.994,481,0,0,0,25,18,62.2659,125.766,1.5
4603500481,106.775,0,0,-106.775,106.775,481,0,0,0,25,15,48.1386,132.139,1.5
4603500484,96.9005,0,0,-96.9005,96.9005,484,0,0,0,25,12,-31,137.832,1.5
4603500487,97.0284,0,0,-97.0284,97.0284,487,0,0,0,25,14,-52.0834,132.583,1.5
4603500501,112.72,0,0,-112.72,112.72,501,0,0,0,25,10,-2,135.527,1.5
4603893055,91.0449,0,0,-91.0449,91.0449,201,7,19.3198,51.1802,1.5,0,0,0,25
4604893086,99.1681,0,0,-99.1681,99.1681,232,1,-21.7776,60.7224,1.5,0,0,0,25
4613393335,109.994,0,0,-109.994,109.994,481,18,62.2659,125.766,1.5,0,0,0,25
4615893196,103.121,0,0,-103.121,103.121,342,2,-11.1585,99.5,1.5,0,0,0,25
4630893263,96.4249,0,0,-96.4249,96.4249,409,3,-41.0489,112.5,1.5,0,0,0,25
4634893338,96.9005,0,0,-96.9005,96.9005,484,12,-31,137.832,1.5,0,0,0,25
4637393276,106.058,0,0,-106.058,106.058,422,17,54,110.126,1.5,0,0,0,25
4639393355,112.72,0,0,-112.72,112.72,501,10,-2,135.527,1.5,0,0,0,25
4642393093,96.4403,0,0,-96.4403,96.4403,239,16,16.7469,63.7469,1.5,0,0,0,25
4645393201,93.0666,0,0,-93.0666,93.0666,347,5,-42,90.3306,1.5,0,0,0,25
4646393170,98.6952,0,0,-98.6952,98.6952,316,13,35.2437,82.7437,1.5,0,0,0,25
4647393323,98.2545,0,0,-98.2545,98.2545,469,8,-43,129.848,1.5,0,0,0,25
4648393064,90.6437,0,0,-90.6437,90.6437,210,19,22.5,51.9207,1.5,0,0,0,25
4650000219,89.6513,0,0,-89.6513,89.6513,219,0,0,0,25,4,-29.3705,55.8705,1.5
4651893073,89.6513,0,0,-89.6513,89.6513,219,4,-29.3705,55.8705,1.5,0,0,0,25
4654500173,102.55,0,0,-102.55,102.55,173,0,0,0,25,6,3.5,44.2196,1.5
4654500201,91.0449,0,0,-91.0449,91.0449,201,0,0,0,25,7,19.3198,51.1802,1.5
4654500210,90.6437,0,0,-90.6437,90.6437,210,0,0,0,25,19,22.5,51.9207,1.5
4654500224,103.201,0,0,-103.201,103.201,224,0,0,0,25,9,6.60221,61.1022,1.5
4654500232,99.1681,0,0,-99.1681,99.1681,232,0,0,0,25,1,-21.7776,60.7224,1.5
4654500239,96.4403,0,0,-96.4403,96.4403,239,0,0,0,25,16,16.7469,63.7469,1.5
4654500316,98.6952,0,0,-98.6952,98.6952,316,0,0,0,25,13,35.2437,82.7437,1.5
4654500330,102.154,0,0,-102.154,102.154,330,0,0,0,25,20,22.5855,91.5855,1.5
4654500342,103.121,0,0,-103.121,103.121,342,0,0,0,25,2,-11.1585,99.5,1.5
4654500347,93.0666,0,0,-93.0666,93.0666,347,0,0,0,25,5,-42,90.3306,1.5
4654500409,96.4249,0,0,-96.4249,96.4249,409,0,0,0,25,3,-41.0489,112.5,1.5
4654500422,106.058,0,0,-106.058,106.058,422,0,0,0,25,17,54,110.126,1.5
4654500424,113.049,0,0,-113.049,113.049,424,0,0,0,25,11,24.5,120.676,1.5
4654500469,98.2545,0,0,-98.2545,98.2545,469,0,0,0,25,8,-43,129.848,1.5
4654500481,109.994,0,0,-109.994,109.994,481,0,0,0,25,18,62.2659,125.766,1.5
4654500481,106.775,0,0,-106.775,106.775,481,0,0,0,25,15,48.1386,132.139,1.5
4654500484,96.9005,0,0,-96.9005,96.9005,484,0,0,0,25,12,-31,137.832,1.5
4654500487,97.0284,0,0,-97.0284,97.0284,487,0,0,0,25,14,-52.0834,132.583,1.5
4654500501,112.72,0,0,-112.72,112.72,501,0,0,0,25,10,-2,135.527,1.5
4658393278,113.049,0,0,-113.049,113.049,424,11,24.5,120.676,1.5,0,0,0,25
4660893027,102.55,0,0,-102.55,102.55,173,6,3.5,44.2196,1.5,0,0,0,25
4664893184,102.154,0,0,-102.154,102.154,330,20,22.5855,91.5855,1.5,0,0,0,25
4665393341,97.0284,0,0,-97.0284,97.0284,487,14,-52.0834,132.583,1.5,0,0,0,25
4666393335,106.775,0,0,-106.775,106.775,481,15,48.1386,132.139,1.5,0,0,0,25
4671393078,103.201,0,0,-103.201,103.201,224,9,6.60221,61.1022,1.5,0,0,0,25
4683893055,91.0449,0,0,-91.0449,91.0449,201,7,19.3198,51.1802,1.5,0,0,0,25
4684893086,99.1681,0,0,-99.1681,99.1681,232,1,-21.7776,60.7224,1.5,0,0,0,25
4693393335,109.994,0,0,-109.994,109.994,481,18,62.2659,125.766,1.5,0,0,0,25
4695893196,103.121,0,0,-103.121,103.121,342,2,-11.1585,99.5,1.5,0,0,0,25
4700000219,89.6513,0,0,-89.6513,89.6513,219,0,0,0,25,4,-29.4766,55.9766,1.5
4705000173,102.55,0,0,-102.55,102.55,173,0,0,0,25,6,3.5,44.0696,1.5
4705000201,91.0449,0,0,-91.0449,91.0449,201,0,0,0,25,7,19.4259,51.0741,1.5
4705000210,90.6437,0,0,-90.6437,90.6437,210,0,0,0,25,19,22.5,51.7707,1.5
4705000224,103.201,0,0,-103.201,103.201,224,0,0,0,25,9,6.49614,60.9961,1.5
4705000232,99.1681,0,0,-99.1681,99.1681,232,0,0,0,25,1,-21.8837,60.6163,1.5
4705000239,96.4403,0,0,-96.4403,96.4403,239,0,0,0,25,16,16.6409,63.6409,1.5
4705000316,98.6952,0,0,-98.6952,98.6952,316,0,0,0,25,13,35.1376,82.6376,1.5
4705000330,102.154,0,0,-102.154,102.154,330,0,0,0,25,20,22.4794,91.4794,1.5
4705000342,103.121,0,0,-103.121,103.121,342,0,0,0,25,2,-11.3085,99.5,1.5
4705000347,93.0666,0,0,-93.0666,93.0666,347,0,0,0,25,5,-42,90.1806,1.5
4705000409,96.4249,0,0,-96.4249,96.4249,409,0,0,0,25,3,-40.8989,112.5,1.5
4705000422,106.058,0,0,-106.058,106.058,422,0,0,0,25,17,54,109.976,1.5
4705000424,113.049,0,0,-113.049,113.049,424,0,0,0,25,11,24.5,120.526,1.5
4705000469,98.2545,0,0,-98.2545,98.2545,469,0,0,0,25,8,-43,129.698,1.5
4705000481,109.994,0,0,-109.994,109.994,481,0,0,0,25,18,62.1598,125.66,1.5
4705000481,106.775,0,0,-106.775,106.775,481,0,0,0,25,15,48.0326,132.033,1.5
4705000484,96.9005,0,0,-96.9005,96.9005,484,0,0,0,25,12,-31,137.682,1.5
4705000487,97.0284,0,0,-97.0284,97.0284,487,0,0,0,25,14,-51.9773,132.477,1.5
4705000501,112.72,0,0,-112.72,112.72,501,0,0,0,25,10,-2,135.377,1.5
4710893263,96.4249,0,0,-96.4249,96.4249,409,3,-40.8989,112.5,1.5,0,0,0,25
4714893338,96.9005,0,0,-96.9005,96.9005,484,12,-31,137.682,1.5,0,0,0,25
4717393276,106.058,0,0,-106.058,106.058,422,17,54,109.976,1.5,0,0,0,25
4719393355,112.72,0,0,-112.72,112.72,501,10,-2,135.377,1.5,0,0,0,25
4722393093,96.4403,0,0,-96.4403,96.4403,239,16,16.6409,63.6409,1.5,0,0,0,25
4725393201,93.0666,0,0,-93.0666,93.0666,347,5,-42,90.1806,1.5,0,0,0,25
4726393170,98.6952,0,0,-98.6952,98.6952,316,13,35.1376,82.6376,1.5,0,0,0,25
4727393323,98.2545,0,0,-98.2545,98.2545,469,8,-43,129.698,1.5,0,0,0,25
4728393064,90.6437,0,0,-90.6437,90.6437,210,19,22.5,51.7707,1.5,0,0,0,25
4731893073,89.6513,0,0,-89.6513,89.6513,219,4,-29.4766,55.9766,1.5,0,0,0,25
4738393278,113.049,0,0,-113.049,113.049,424,11,24.5,120.526,1.5,0,0,0,25
4740893027,102.55,0,0,-102.55,102.55,173,6,3.5,44.0696,1.5,0,0,0,25
4744893184,102.154,0,0,-102.154,102.154,330,20,22.4794,91.4794,1.5,0,0,0,25
4745393341,97.0284,0,0,-97.0284,97.0284,487,14,-51.9773,132.477,1.5,0,0,0,25
4746393335,106.775,0,0,-106.775,106.775,481,15,48.0326,132.033,1.5,0,0,0,25
4750000219,89.6513,0,0,-89.6513,89.6513,219,0,0,0,25,4,-29.4766,55.9766,1.5
4751393078,103.201,0,0,-103.201,103.201,224,9,6.49614,60.9961,1.5,0,0,0,25
4755000173,102.55,0,0,-102.55,102.55,173,0,0,0,25,6,3.5,44.0696,1.5
4755000201,91.0449,0,0,-91.0449,91.0449,201,0,0,0,25,7,19.4259,51.0741,1.5
4755000210,90.6437,0,0,-90.6437,90.6437,210,0,0,0,25,19,22.5,51.7707,1.5
4755000224,103.201,0,0,-103.201,103.201,224,0,0,0,25,9,6.49614,60.9961,1.5
4755000232,99.1681,0,0,-99.1681,99.1681,232,0,0,0,25,1,-21.8837,60.6163,1.5
4755000239,96.4403,0,0,-96.4403,96.4403,239,0,0,0,25,16,16.6409,63.6409,1.5
4755000316,98.6952,0,0,-98.6952,98.6952,316,0,0,0,25,13,35.1376,82.6376,1.5
4755000330,102.154,0,0,-102.154,102.154,330,0,0,0,25,20,22.4794,91.4794,1.5
4755000342,103.121,0,0,-103.121,103.121,342,0,0,0,25,2,-11.3085,99.5,1.5
4755000347,93.0666,0,0,-93.0666,93.0666,347,0,0,0,25,5,-42,90.1806,1.5
4755000409,96.4249,0,0,-96.4249,96.4249,409,0,0,0,25,3,-40.8989,112.5,1.5
4755000422,106.058,0,0,-106.058,106.058,422,0,0,0,25,17,54,109.976,1.5
4755000424,113.049,0,0,-113.049,113.049,424,0,0,0,25,11,24.5,120.526,1.5
4755000469,98.2545,0,0,-98.2545,98.2545,469,0,0,0,25,8,-43,129.698,1.5
4755000481,109.994,0,0,-109.994,109.994,481,0,0,0,25,18,62.1598,125.66,1.5
4755000481,106.775,0,0,-106.775,106.775,481,0,0,0,25,15,48.0326,132.033,1.5
4755000484,96.9005,0,0,-96.9005,96.9005,484,0,0,0,25,12,-31,137.682,1.5
4755000487,97.0284,0,0,-97.0284,97.0284,487,0,0,0,25,14,-51.9773,132.477,1.5
4755000501,112.72,0,0,-112.72,112.72,501,0,0,0,25,10,-2,135.377,1.5
4763893055,91.0449,0,0,-91.0449,91.0449,201,7,19.4259,51.0741,1.5,0,0,0,25
4764893086,99.1681,0,0,-99.1681,99.1681,232,1,-21.8837,60.6163,1.5,0,0,0,25
4773393335,109.994,0,0,-109.994,109.994,481,18,62.1598,125.66,1.5,0,0,0,25
4775893196,103.121,0,0,-103.121,103.121,342,2,-11.3085,99.5,1.5,0,0,0,25
4790893263,96.4249,0,0,-96.4249,96.4249,409,3,-40.8989,112.5,1.5,0,0,0,25
4794893338,96.9005,0,0,-96.9005,96.9005,484,12,-31,137.682,1.5,0,0,0,25
4797393276,106.058,0,0,-106.058,106.058,422,17,54,109.976,1.5,0,0,0,25
4799393355,112.72,0,0,-112.72,112.72,501,10,-2,135.377,1.5,0,0,0,25
4800000219,89.6513,0,0,-89.6513,89.6513,219,0,0,0,25,4,-29.5827,56.0827,1.5
4802393093,96.4403,0,0,-96.4403,96.4403,239,16,16.5348,63.5348,1.5,0,0,0,25
4805000173,102.55,0,0,-102.55,102.55,173,0,0,0,25,6,3.5,43.9196,1.5
4805000201,91.0449,0,0,-91.0449,91.0449,201,0,0,0,25,7,19.532,50.968,1.5
4805000210,90.6437,0,0,-90.6437,90.6437,210,0,0,0,25,19,22.5,51.6207,1.5
4805000224,103.201,0,0,-103.201,103.201,224,0,0,0,25,9,6.39007,60.8901,1.5
4805000232,99.1681,0,0,-99.1681,99.1681,232,0,0,0,25,1,-21.9897,60.5103,1.5
4805000239,96.4403,0,0,-96.4403,96.4403,239,0,0,0,25,16,16.5348,63.5348,1.5
4805000316,98.6952,0,0,-98.6952,98.6952,316,0,0,0,25,13,35.0316,82.5316,1.5
4805000330,102.154,0,0,-102.154,102.154,330,0,0,0,25,20,22.3733,91.3733,1.5
4805000342,103.121,0,0,-103.121,103.121,342,0,0,0,25,2,-11.4585,99.5,1.5
4805000347,93.0666,0,0,-93.0666,93.0666,347,0,0,0,25,5,-42,90.0306,1.5
4805000409,96.4249,0,0,-96.4249,96.4249,409,0,0,0,25,3,-40.7489,112.5,1.5
4805000422,106.058,0,0,-106.058,106.058,422,0,0,0,25,17,54,109.826,1.5
4805000424,113.049,0,0,-113.049,113.049,424,0,0,0,25,11,24.5,120.376,1.5
4805000469,98.2545,0,0,-98.2545,98.2545,469,0,0,0,25,8,-43,129.548,1.5
4805000481,109.994,0,0,-109.994,109.994,481,0,0,0,25,18,62.0537,125.554,1.5
4805000481,106.775,0,0,-106.775,106.775,481,0,0,0,25,15,47.9265,131.926,1.5
4805000484,96.9005,0,0,-96.9005,96.9005,484,0,0,0,25,12,-31,137.532,1.5
4805000487,97.0284,0,0,-97.0284,97.0284,487,0,0,0,25,14,-51.8712,132.371,1.5
4805000501,112.72,0,0,-112.72,112.72,501,0,0,0,25,10,-2,135.227,1.5
4805393201,93.0666,0,0,-93.0666,93.0666,347,5,-42,90.0306,1.5,0,0,0,25
4806393170,98.6952,0,0,-98.6952,98.6952,316,13,35.0316,82.5316,1.5,0,0,0,25
4807393323,98.2545,0,0,-98.2545,98.2545,469,8,-43,129.548,1.5,0,0,0,25
4808393064,90.6437,0,0,-90.6437,90.6437,210,19,22.5,51.6207,1.5,0,0,0,25
4811893073,89.6513,0,0,-89.6513,89.6513,219,4,-29.5827,56.0827,1.5,0,0,0,25
4818393278,113.049,0,0,-113.049,113.049,424,11,24.5,120.376,1.5,0,0,0,25
4820893027,102.55,0,0,-102.55,102.55,173,6,3.5,43.9196,1.5,0,0,0,25
4824893184,102.154,0,0,-102.154,102.154,330,20,22.3733,91.3733,1.5,0,0,0,25
4825393341,97.0284,0,0,-97.0284,97.0284,487,14,-51.8712,132.371,1.5,0,0,0,25
4826393335,106.775,0,0,-106.775,106.775,481,15,47.9265,131.926,1.5,0,0,0,25
4831393078,103.201,0,0,-103.201,103.201,224,9,6.39007,60.8901,1.5,0,0,0,25
4843893055,91.0449,0,0,-91.0449,91.0449,201,7,19.532,50.968,1.5,0,0,0,25
4844893086,99.1681,0,0,-99.1681,99.1681,232,1,-21.9897,60.5103,1.5,0,0,0,25
4850000219,89.6513,0,0,-89.6513,89.6513,219,0,0,0,25,4,-29.5827,56.0827,1.5
4853393335,109.994,0,0,-109.994,109.994,481,18,62.0537,125.554,1.5,0,0,0,25
4855000173,102.55,0,0,-102.55,102.55,173,0,0,0,25,6,3.5,43.9196,1.5
4855000201,91.0449,0,0,-91.0449,91.0449,201,0,0,0,25,7,19.532,50.968,1.5
4855000210,90.6437,0,0,-90.6437,90.6437,210,0,0,0,25,19,22.5,51.6207,1.5
4855000224,103.201,0,0,-103.201,103.201,224,0,0,0,25,9,6.39007,60.8901,1.5
4855000232,99.1681,0,0,-99.1681,99.1681,232,0,0,0,25,1,-21.9897,60.5103,1.5
4855000239,96.4403,0,0,-96.4403,96.4403,239,0,0,0,25,16,16.5348,63.5348,1.5
4855000316,98.6952,0,0,-98.6952,98.6952,316,0,0,0,25,13,35.0316,82.5316,1.5
4855000330,102.154,0,0,-102.154,102.154,330,0,0,0,25,20,22.3733,91.3733,1.5
4855000342,103.121,0,0,-103.121,103.121,342,0,0,0,25,2,-11.4585,99.5,1.5
4855000347,93.0666,0,0,-93.0666,93.0666,347,0,0,0,25,5,-42,90.0306,1.5
4855000409,96.4249,0,0,-96.4249,96.4249,409,0,0,0,25,3,-40.7489,112.5,1.5
4855000422,106.058,0,0,-106.058,106.058,422,0,0,0,25,17,54,109.826,1.5
4855000424,113.049,0,0,-113.049,113.049,424,0,0,0,25,11,24.5,120.376,1.5
4855000469,98.2545,0,0,-98.2545,98.2545,469,0,0,0,25,8,-43,129.548,1.5
4855000481,109.994,0,0,-109.994,109.994,481,0,0,0,25,18,62.0537,125.554,1.5
4855000481,106.775,0,0,-106.775,106.775,481,0,0,0,25,15,47.9265,131.926,1.5
4855000484,96.9005,0,0,-96.9005,96.9005,484,0,0,0,25,12,-31,137.532,1.5
4855000487,97.0284,0,0,-97.0284,97.0284,487,0,0,0,25,14,-51.8712,132.371,1.5
4855000501,112.72,0,0,-112.72,112.72,501,0,0,0,25,10,-2,135.227,1.5
4855893196,103.121,0,0,-103.121,103.121,342,2,-11.4585,99.5,1.5,0,0,0,25
4870893263,96.4249,0,0,-96.4249,96.4249,409,3,-40.7489,112.5,1.5,0,0,0,25
4874893338,96.9005,0,0,-96.9005,96.9005,484,12,-31,137.532,1.5,0,0,0,25
4877393276,106.058,0,0,-106.058,106.058,422,17,54,109.826,1.5,0,0,0,25
4879393355,112.72,0,0,-112.72,112.72,501,10,-2,135.227,1.5,0,0,0,25
4882393093,96.4403,0,0,-96.4403,96.4403,239,16,16.5348,63.5348,1.5,0,0,0,25
4885393201,93.0666,0,0,-93.0666,93.0666,347,5,-42,90.0306,1.5,0,0,0,25
4886393170,98.6952,0,0,-98.6952,98.6952,316,13,35.0316,82.5316,1.5,0,0,0,25
4887393323,98.2545,0,0,-98.2545,98.2545,469,8,-43,129.548,1.5,0,0,0,25
4888393064,90.6437,0,0,-90.6437,90.6437,210,19,22.5,51.6207,1.5,0,0,0,25
4891893073,89.6513,0,0,-89.6513,89.6513,219,4,-29.5827,56.0827,1.5,0,0,0,25
4898393278,113.049,0,0,-113.049,113.049,424,11,24.5,120.376,1.5,0,0,0,25
4900000226,91.8324,0,0,-91.8324,91.8324,226,0,0,0,25,4,-29.6887,56.1887,1.5
4900893020,102.001,0,0,-102.001,102.001,166,6,3.5,43.7696,1.5,0,0,0,25
4904893179,111.215,0,0,-111.215,111.215,325,20,22.2673,91.2673,1.5,0,0,0,25
4905000343,103.668,0,0,-103.668,103.668,343,0,0,0,25,2,-11.6085,99.5,1.5
4905393334,95.1896,0,0,-95.1896,95.1896,480,14,-51.7652,132.265,1.5,0,0,0,25
4909500166,102.001,0,0,-102.001,102.001,166,0,0,0,25,6,3.5,43.7696,1.5
4909500198,89.016,0,0,-89.016,89.016,198,0,0,0,25,7,19.638,50.862,1.5
4909500203,88.7906,0,0,-88.7906,88.7906,203,0,0,0,25,19,22.5,51.4707,1.5
4909500218,103.901,0,0,-103.901,103.901,218,0,0,0,25,9,6.28401,60.784,1.5
4909500228,87.6989,0,0,-87.6989,87.6989,228,0,0,0,25,1,-22.0958,60.4042,1.5
4909500232,90.5459,0,0,-90.5459,90.5459,232,0,0,0,25,16,16.3992,63.5,1.5
4909500309,99.3467,0,0,-99.3467,99.3467,309,0,0,0,25,13,34.9255,82.4255,1.5
4909500325,111.215,0,0,-111.215,111.215,325,0,0,0,25,20,22.2673,91.2673,1.5
4909500340,95.0136,0,0,-95.0136,95.0136,340,0,0,0,25,5,-42,89.8806,1.5
4909500407,94.453,0,0,-94.453,94.453,407,0,0,0,25,3,-40.5989,112.5,1.5
4909500415,105.782,0,0,-105.782,105.782,415,0,0,0,25,17,54,109.676,1.5
4909500417,117.378,0,0,-117.378,117.378,417,0,0,0,25,11,24.5,120.226,1.5
4909500462,98.2108,0,0,-98.2108,98.2108,462,0,0,0,25,8,-43,129.398,1.5
4909500473,106.576,0,0,-106.576,106.576,473,0,0,0,25,18,61.9477,125.448,1.5
4909500476,94.8068,0,0,-94.8068,94.8068,476,0,0,0,25,12,-31,137.382,1.5
4909500480,95.1896,0,0,-95.1896,95.1896,480,0,0,0,25,14,-51.7652,132.265,1.5
4909500493,112.206,0,0,-112.206,112.206,493,0,0,0,25,10,-2,135.077,1.5
4911393072,103.901,0,0,-103.901,103.901,218,9,6.28401,60.784,1.5,0,0,0,25
4923893052,89.016,0,0,-89.016,89.016,198,7,19.638,50.862,1.5,0,0,0,25
4924893082,87.6989,0,0,-87.6989,87.6989,228,1,-22.0958,60.4042,1.5,0,0,0,25
4933393327,106.576,0,0,-106.576,106.576,473,18,61.9477,125.448,1.5,0,0,0,25
4935893197,103.668,0,0,-103.668,103.668,343,2,-11.6085,99.5,1.5,0,0,0,25
4950000226,91.8324,0,0,-91.8324,91.8324,226,0,0,0,25,4,-29.6887,56.1887,1.5
4950893261,94.453,0,0,-94.453,94.453,407,3,-40.5989,112.5,1.5,0,0,0,25
4954893330,94.8068,0,0,-94.8068,94.8068,476,12,-31,137.382,1.5,0,0,0,25
4955000343,103.668,0,0,-103.668,103.668,343,0,0,0,25,2,-11.6085,99.5,1.5
4957393269,105.782,0,0,-105.782,105.782,415,17,54,109.676,1.5,0,0,0,25
4959393347,112.206,0,0,-112.206,112.206,493,10,-2,135.077,1.5,0,0,0,25
4960000166,102.001,0,0,-102.001,102.001,166,0,0,0,25,6,3.5,43.7696,1.5
4960000198,89.016,0,0,-89.016,89.016,198,0,0,0,25,7,19.638,50.862,1.5
4960000203,88.7906,0,0,-88.7906,88.7906,203,0,0,0,25,19,22.5,51.4707,1.5
4960000218,103.901,0,0,-103.901,103.901,218,0,0,0,25,9,6.28401,60.784,1.5
4960000228,87.6989,0,0,-87.6989,87.6989,228,0,0,0,25,1,-22.0958,60.4042,1.5
4960000232,90.5459,0,0,-90.5459,90.5459,232,0,0,0,25,16,16.3992,63.5,1.5
4960000309,99.3467,0,0,-99.3467,99.3467,309,0,0,0,25,13,34.9255,82.4255,1.5
4960000325,111.215,0,0,-111.215,111.215,325,0,0,0,25,20,22.2673,91.2673,1.5
4960000340,95.0136,0,0,-95.0136,95.0136,340,0,0,0,25,5,-42,89.8806,1.5
4960000407,94.453,0,0,-94.453,94.453,407,0,0,0,25,3,-40.5989,112.5,1.5
4960000415,105.782,0,0,-105.782,105.782,415,0,0,0,25,17,54,109.676,1.5
4960000417,117.378,0,0,-117.378,117.378,417,0,0,0,25,11,24.5,120.226,1.5
4960000462,98.2108,0,0,-98.2108,98.2108,462,0,0,0,25,8,-43,129.398,1.5
4960000473,106.576,0,0,-106.576,106.576,473,0,0,0,25,18,61.9477,125.448,1.5
4960000476,94.8068,0,0,-94.8068,94.8068,476,0,0,0,25,12,-31,137.382,1.5
4960000480,95.1896,0,0,-95.1896,95.1896,480,0,0,0,25,14,-51.7652,132.265,1.5
4960000493,112.206,0,0,-112.206,112.206,493,0,0,0,25,10,-2,135.077,1.5
4962393086,90.5459,0,0,-90.5459,90.5459,232,16,16.3992,63.5,1.5,0,0,0,25
4965393194,95.0136,0,0,-95.0136,95.0136,340,5,-42,89.8806,1.5,0,0,0,25
4966393163,99.3467,0,0,-99.3467,99.3467,309,13,34.9255,82.4255,1.5,0,0,0,25
4967393316,98.2108,0,0,-98.2108,98.2108,462,8,-43,129.398,1.5,0,0,0,25
4968393057,88.7906,0,0,-88.7906,88.7906,203,19,22.5,51.4707,1.5,0,0,0,25
4971893080,91.8324,0,0,-91.8324,91.8324,226,4,-29.6887,56.1887,1.5,0,0,0,25
4978393271,117.378,0,0,-117.378,117.378,417,11,24.5,120.226,1.5,0,0,0,25
4980893020,102.001,0,0,-102.001,102.001,166,6,3.5,43.7696,1.5,0,0,0,25
4984893179,111.215,0,0,-111.215,111.215,325,20,22.2673,91.2673,1.5,0,0,0,25
4985393334,95.1896,0,0,-95.1896,95.1896,480,14,-51.7652,132.265,1.5,0,0,0,25
4991393072,103.901,0,0,-103.901,103.901,218,9,6.28401,60.784,1.5,0,0,0,25
