Timestamp_ns,Loss_dB,TxAntGain_dB,RxAntGain_dB,PropGain_dB,Pathloss_dB,Delay_ns,SrcId,SrcX,SrcY,SrcZ,DstId,DstX,DstY,DstZ
81,82.2155,0,0,-82.2155,82.2155,81,0,0,0,10,6,1.53407,22.633,1.5
92,83.7694,0,0,-83.7694,83.7694,92,0,0,0,10,4,-11.3816,23.54,1.5
95,83.5962,0,0,-83.5962,83.5962,95,0,0,0,10,7,6.81259,26.2351,1.5
100,83.9173,0,0,-83.9173,83.9173,100,0,0,0,10,19,9.03328,27.1796,1.5
113,84.6558,0,0,-84.6558,84.6558,113,0,0,0,10,9,5.56353,32.1928,1.5
114,84.5726,0,0,-84.5726,84.5726,114,0,0,0,10,1,-8.2831,32.089,1.5
122,85.257,0,0,-85.257,85.257,122,0,0,0,10,16,10.7662,33.9139,1.5
169,96.8431,0,0,-96.8431,96.8431,169,0,0,0,10,13,20.7076,45.3977,1.5
174,99.1425,0,0,-99.1425,99.1425,174,0,0,0,10,2,-2.22945,51.5363,1.5
176,95.974,0,0,-95.974,95.974,176,0,0,0,10,20,14.3332,50.0297,1.5
187,95.3644,0,0,-95.3644,95.3644,187,0,0,0,10,5,-22.0159,50.7674,1.5
217,102.659,0,0,-102.659,102.659,217,0,0,0,10,3,-25.2835,59.4869,1.5
229,100.777,0,0,-100.777,100.777,229,0,0,0,10,17,28.6707,61.9473,1.5
231,96.1691,0,0,-96.1691,96.1691,231,0,0,0,10,11,13.0927,67.5504,1.5
254,96.5646,0,0,-96.5646,96.5646,254,0,0,0,10,10,-1.16568,75.7663,1.5
256,105.151,0,0,-105.151,105.151,256,0,0,0,10,8,-23.8062,72.3358,1.5
263,105.076,0,0,-105.076,105.076,263,0,0,0,10,15,28.1569,73.0835,1.5
263,104.475,0,0,-104.475,104.475,263,0,0,0,10,18,35.7284,69.6611,1.5
265,98.9001,0,0,-98.9001,98.9001,265,0,0,0,10,12,-16.4083,77.1281,1.5
266,101.392,0,0,-101.392,101.392,266,0,0,0,10,14,-30.2987,73.3447,1.5
16232217,82.2155,0,0,-82.2155,82.2155,81,6,1.53407,22.633,1.5,0,0,0,10
16232228,83.7694,0,0,-83.7694,83.7694,92,4,-11.3816,23.54,1.5,0,0,0,10
16232231,83.5962,0,0,-83.5962,83.5962,95,7,6.81259,26.2351,1.5,0,0,0,10
16232236,83.9173,0,0,-83.9173,83.9173,100,19,9.03328,27.1796,1.5,0,0,0,10
16232249,84.6558,0,0,-84.6558,84.6558,113,9,5.56353,32.1928,1.5,0,0,0,10
16232250,84.5726,0,0,-84.5726,84.5726,114,1,-8.2831,32.089,1.5,0,0,0,10
16232258,85.257,0,0,-85.257,85.257,122,16,10.7662,33.9139,1.5,0,0,0,10
16232305,96.8431,0,0,-96.8431,96.8431,169,13,20.7076,45.3977,1.5,0,0,0,10
16232310,99.1425,0,0,-99.1425,99.1425,174,2,-2.22945,51.5363,1.5,0,0,0,10
16232312,95.974,0,0,-95.974,95.974,176,20,14.3332,50.0297,1.5,0,0,0,10
16232323,95.3644,0,0,-95.3644,95.3644,187,5,-22.0159,50.7674,1.5,0,0,0,10
16232353,102.659,0,0,-102.659,102.659,217,3,-25.2835,59.4869,1.5,0,0,0,10
16232365,100.777,0,0,-100.777,100.777,229,17,28.6707,61.9473,1.5,0,0,0,10
16232367,96.1691,0,0,-96.1691,96.1691,231,11,13.0927,67.5504,1.5,0,0,0,10
16232390,96.5646,0,0,-96.5646,96.5646,254,10,-1.16568,75.7663,1.5,0,0,0,10
16232392,105.151,0,0,-105.151,105.151,256,8,-23.8062,72.3358,1.5,0,0,0,10
16232399,105.076,0,0,-105.076,105.076,263,15,28.1569,73.0835,1.5,0,0,0,10
16232399,104.475,0,0,-104.475,104.475,263,18,35.7284,69.6611,1.5,0,0,0,10
16232401,98.9001,0,0,-98.9001,98.9001,265,12,-16.4083,77.1281,1.5,0,0,0,10
16232402,101.392,0,0,-101.392,101.392,266,14,-30.2987,73.3447,1.5,0,0,0,10
50000081,82.2155,0,0,-82.2155,82.2155,81,0,0,0,10,6,1.53407,22.633,1.5
50000092,83.7694,0,0,-83.7694,83.7694,92,0,0,0,10,4,-11.3816,23.54,1.5
50000095,83.5962,0,0,-83.5962,83.5962,95,0,0,0,10,7,6.81259,26.2351,1.5
50000100,83.9173,0,0,-83.9173,83.9173,100,0,0,0,10,19,9.03328,27.1796,1.5
50000113,84.6558,0,0,-84.6558,84.6558,113,0,0,0,10,9,5.56353,32.1928,1.5
50000114,84.5726,0,0,-84.5726,84.5726,114,0,0,0,10,1,-8.2831,32.089,1.5
50000122,85.257,0,0,-85.257,85.257,122,0,0,0,10,16,10.7662,33.9139,1.5
50000169,96.8431,0,0,-96.8431,96.8431,169,0,0,0,10,13,20.7076,45.3977,1.5
50000174,99.1425,0,0,-99.1425,99.1425,174,0,0,0,10,2,-2.22945,51.5363,1.5
50000176,95.974,0,0,-95.974,95.974,176,0,0,0,10,20,14.3332,50.0297,1.5
50000187,95.3644,0,0,-95.3644,95.3644,187,0,0,0,10,5,-22.0159,50.7674,1.5
50000217,102.659,0,0,-102.659,102.659,217,0,0,0,10,3,-25.2835,59.4869,1.5
50000229,100.777,0,0,-100.777,100.777,229,0,0,0,10,17,28.6707,61.9473,1.5
50000231,96.1691,0,0,-96.1691,96.1691,231,0,0,0,10,11,13.0927,67.5504,1.5
50000254,96.5646,0,0,-96.5646,96.5646,254,0,0,0,10,10,-1.16568,75.7663,1.5
50000256,105.151,0,0,-105.151,105.151,256,0,0,0,10,8,-23.8062,72.3358,1.5
50000263,105.076,0,0,-105.076,105.076,263,0,0,0,10,15,28.1569,73.0835,1.5
50000263,104.475,0,0,-104.475,104.475,263,0,0,0,10,18,35.7284,69.6611,1.5
50000265,98.9001,0,0,-98.9001,98.9001,265,0,0,0,10,12,-16.4083,77.1281,1.5
50000266,101.392,0,0,-101.392,101.392,266,0,0,0,10,14,-30.2987,73.3447,1.5
66348474,101.392,0,0,-101.392,101.392,266,14,-30.2987,73.3447,1.5,0,0,0,10
66598471,105.076,0,0,-105.076,105.076,263,15,28.1569,73.0835,1.5,0,0,0,10
67723425,102.659,0,0,-102.659,102.659,217,3,-25.2835,59.4869,1.5,0,0,0,10
67848321,84.6558,0,0,-84.6558,84.6558,113,9,5.56353,32.1928,1.5,0,0,0,10
68723473,98.9001,0,0,-98.9001,98.9001,265,12,-16.4083,77.1281,1.5,0,0,0,10
69348437,100.777,0,0,-100.777,100.777,229,17,28.6707,61.9473,1.5,0,0,0,10
69848462,96.5646,0,0,-96.5646,96.5646,254,10,-1.16568,75.7663,1.5,0,0,0,10
70598330,85.257,0,0,-85.257,85.257,122,16,10.7662,33.9139,1.5,0,0,0,10
70973303,83.5962,0,0,-83.5962,83.5962,95,7,6.81259,26.2351,1.5,0,0,0,10
71223322,84.5726,0,0,-84.5726,84.5726,114,1,-8.2831,32.089,1.5,0,0,0,10
71348395,95.3644,0,0,-95.3644,95.3644,187,5,-22.0159,50.7674,1.5,0,0,0,10
71598377,96.8431,0,0,-96.8431,96.8431,169,13,20.7076,45.3977,1.5,0,0,0,10
71848464,105.151,0,0,-105.151,105.151,256,8,-23.8062,72.3358,1.5,0,0,0,10
72098308,83.9173,0,0,-83.9173,83.9173,100,19,9.03328,27.1796,1.5,0,0,0,10
72973300,83.7694,0,0,-83.7694,83.7694,92,4,-11.3816,23.54,1.5,0,0,0,10
73348471,104.475,0,0,-104.475,104.475,263,18,35.7284,69.6611,1.5,0,0,0,10
73973382,99.1425,0,0,-99.1425,99.1425,174,2,-2.22945,51.5363,1.5,0,0,0,10
74598439,96.1691,0,0,-96.1691,96.1691,231,11,13.0927,67.5504,1.5,0,0,0,10
75223289,82.2155,0,0,-82.2155,82.2155,81,6,1.53407,22.633,1.5,0,0,0,10
76223384,95.974,0,0,-95.974,95.974,176,20,14.3332,50.0297,1.5,0,0,0,10
100000081,82.2155,0,0,-82.2155,82.2155,81,0,0,0,10,6,1.52601,22.4832,1.5
100000092,83.7694,0,0,-83.7694,83.7694,92,0,0,0,10,4,-11.502,23.6296,1.5
100000095,83.5962,0,0,-83.5962,83.5962,95,0,0,0,10,7,6.91504,26.1256,1.5
100000100,83.9173,0,0,-83.9173,83.9173,100,0,0,0,10,19,9.11819,27.056,1.5
100000113,84.6558,0,0,-84.6558,84.6558,113,0,0,0,10,9,5.46887,32.0764,1.5
100000114,84.5726,0,0,-84.5726,84.5726,114,0,0,0,10,1,-8.399,31.9938,1.5
100000122,85.257,0,0,-85.257,85.257,122,0,0,0,10,16,10.6851,33.7878,1.5
100000169,96.8431,0,0,-96.8431,96.8431,169,0,0,0,10,13,20.5769,45.3243,1.5
100000174,99.1425,0,0,-99.1425,99.1425,174,0,0,0,10,2,-2.37812,51.5164,1.5
100000176,95.974,0,0,-95.974,95.974,176,0,0,0,10,20,14.2533,49.9028,1.5
100000187,95.3644,0,0,-95.3644,95.3644,187,0,0,0,10,5,-22.007,50.6176,1.5
100000217,102.659,0,0,-102.659,102.659,217,0,0,0,10,3,-25.1337,59.4938,1.5
100000229,100.777,0,0,-100.777,100.777,229,0,0,0,10,17,28.6173,61.8072,1.5
100000231,96.1691,0,0,-96.1691,96.1691,231,0,0,0,10,11,13.0678,67.4024,1.5
100000254,96.5646,0,0,-96.5646,96.5646,254,0,0,0,10,10,-1.08644,75.6389,1.5
100000256,105.151,0,0,-105.151,105.151,256,0,0,0,10,8,-23.7051,72.225,1.5
100000263,105.076,0,0,-105.076,105.076,263,0,0,0,10,15,28.0448,72.9839,1.5
100000263,104.475,0,0,-104.475,104.475,263,0,0,0,10,18,35.6173,69.5603,1.5
100000265,98.9001,0,0,-98.9001,98.9001,265,0,0,0,10,12,-16.43,76.9797,1.5
100000266,101.392,0,0,-101.392,101.392,266,0,0,0,10,14,-30.2005,73.2314,1.5
116348474,101.392,0,0,-101.392,101.392,266,14,-30.2005,73.2314,1.5,0,0,0,10
116598471,105.076,0,0,-105.076,105.076,263,15,28.0448,72.9839,1.5,0,0,0,10
117723425,102.659,0,0,-102.659,102.659,217,3,-25.1337,59.4938,1.5,0,0,0,10
117848321,84.6558,0,0,-84.6558,84.6558,113,9,5.46887,32.0764,1.5,0,0,0,10
118723473,98.9001,0,0,-98.9001,98.9001,265,12,-16.43,76.9797,1.5,0,0,0,10
119348437,100.777,0,0,-100.777,100.777,229,17,28.6173,61.8072,1.5,0,0,0,10
119848462,96.5646,0,0,-96.5646,96.5646,254,10,-1.08644,75.6389,1.5,0,0,0,10
120598330,85.257,0,0,-85.257,85.257,122,16,10.6851,33.7878,1.5,0,0,0,10
120973303,83.5962,0,0,-83.5962,83.5962,95,7,6.91504,26.1256,1.5,0,0,0,10
121223322,84.5726,0,0,-84.5726,84.5726,114,1,-8.399,31.9938,1.5,0,0,0,10
121348395,95.3644,0,0,-95.3644,95.3644,187,5,-22.007,50.6176,1.5,0,0,0,10
121598377,96.8431,0,0,-96.8431,96.8431,169,13,20.5769,45.3243,1.5,0,0,0,10
121848464,105.151,0,0,-105.151,105.151,256,8,-23.7051,72.225,1.5,0,0,0,10
122098308,83.9173,0,0,-83.9173,83.9173,100,19,9.11819,27.056,1.5,0,0,0,10
122973300,83.7694,0,0,-83.7694,83.7694,92,4,-11.502,23.6296,1.5,0,0,0,10
123348471,104.475,0,0,-104.475,104.475,263,18,35.6173,69.5603,1.5,0,0,0,10
123973382,99.1425,0,0,-99.1425,99.1425,174,2,-2.37812,51.5164,1.5,0,0,0,10
124598439,96.1691,0,0,-96.1691,96.1691,231,11,13.0678,67.4024,1.5,0,0,0,10
125223289,82.2155,0,0,-82.2155,82.2155,81,6,1.52601,22.4832,1.5,0,0,0,10
126223384,95.974,0,0,-95.974,95.974,176,20,14.2533,49.9028,1.5,0,0,0,10
150000081,82.2155,0,0,-82.2155,82.2155,81,0,0,0,10,6,1.52601,22.4832,1.5
150000092,83.7694,0,0,-83.7694,83.7694,92,0,0,0,10,4,-11.502,23.6296,1.5
150000095,83.5962,0,0,-83.5962,83.5962,95,0,0,0,10,7,6.91504,26.1256,1.5
150000100,83.9173,0,0,-83.9173,83.9173,100,0,0,0,10,19,9.11819,27.056,1.5
150000113,84.6558,0,0,-84.6558,84.6558,113,0,0,0,10,9,5.46887,32.0764,1.5
150000114,84.5726,0,0,-84.5726,84.5726,114,0,0,0,10,1,-8.399,31.9938,1.5
150000122,85.257,0,0,-85.257,85.257,122,0,0,0,10,16,10.6851,33.7878,1.5
150000169,96.8431,0,0,-96.8431,96.8431,169,0,0,0,10,13,20.5769,45.3243,1.5
150000174,99.1425,0,0,-99.1425,99.1425,174,0,0,0,10,2,-2.37812,51.5164,1.5
150000176,95.974,0,0,-95.974,95.974,176,0,0,0,10,20,14.2533,49.9028,1.5
150000187,95.3644,0,0,-95.3644,95.3644,187,0,0,0,10,5,-22.007,50.6176,1.5
150000217,102.659,0,0,-102.659,102.659,217,0,0,0,10,3,-25.1337,59.4938,1.5
150000229,100.777,0,0,-100.777,100.777,229,0,0,0,10,17,28.6173,61.8072,1.5
150000231,96.1691,0,0,-96.1691,96.1691,231,0,0,0,10,11,13.0678,67.4024,1.5
150000254,96.5646,0,0,-96.5646,96.5646,254,0,0,0,10,10,-1.08644,75.6389,1.5
150000256,105.151,0,0,-105.151,105.151,256,0,0,0,10,8,-23.7051,72.225,1.5
150000263,105.076,0,0,-105.076,105.076,263,0,0,0,10,15,28.0448,72.9839,1.5
150000263,104.475,0,0,-104.475,104.475,263,0,0,0,10,18,35.6173,69.5603,1.5
150000265,98.9001,0,0,-98.9001,98.9001,265,0,0,0,10,12,-16.43,76.9797,1.5
150000266,101.392,0,0,-101.392,101.392,266,0,0,0,10,14,-30.2005,73.2314,1.5
166348474,101.392,0,0,-101.392,101.392,266,14,-30.2005,73.2314,1.5,0,0,0,10
166598471,105.076,0,0,-105.076,105.076,263,15,28.0448,72.9839,1.5,0,0,0,10
167723425,102.659,0,0,-102.659,102.659,217,3,-25.1337,59.4938,1.5,0,0,0,10
167848321,84.6558,0,0,-84.6558,84.6558,113,9,5.46887,32.0764,1.5,0,0,0,10
168723473,98.9001,0,0,-98.9001,98.9001,265,12,-16.43,76.9797,1.5,0,0,0,10
169348437,100.777,0,0,-100.777,100.777,229,17,28.6173,61.8072,1.5,0,0,0,10
169848462,96.5646,0,0,-96.5646,96.5646,254,10,-1.08644,75.6389,1.5,0,0,0,10
170598330,85.257,0,0,-85.257,85.257,122,16,10.6851,33.7878,1.5,0,0,0,10
170973303,83.5962,0,0,-83.5962,83.5962,95,7,6.91504,26.1256,1.5,0,0,0,10
171223322,84.5726,0,0,-84.5726,84.5726,114,1,-8.399,31.9938,1.5,0,0,0,10
171348395,95.3644,0,0,-95.3644,95.3644,187,5,-22.007,50.6176,1.5,0,0,0,10
171598377,96.8431,0,0,-96.8431,96.8431,169,13,20.5769,45.3243,1.5,0,0,0,10
171848464,105.151,0,0,-105.151,105.151,256,8,-23.7051,72.225,1.5,0,0,0,10
172098308,83.9173,0,0,-83.9173,83.9173,100,19,9.11819,27.056,1.5,0,0,0,10
172973300,83.7694,0,0,-83.7694,83.7694,92,4,-11.502,23.6296,1.5,0,0,0,10
173348471,104.475,0,0,-104.475,104.475,263,18,35.6173,69.5603,1.5,0,0,0,10
173973382,99.1425,0,0,-99.1425,99.1425,174,2,-2.37812,51.5164,1.5,0,0,0,10
174598439,96.1691,0,0,-96.1691,96.1691,231,11,13.0678,67.4024,1.5,0,0,0,10
175223289,82.2155,0,0,-82.2155,82.2155,81,6,1.52601,22.4832,1.5,0,0,0,10
176223384,95.974,0,0,-95.974,95.974,176,20,14.2533,49.9028,1.5,0,0,0,10
200000081,82.2155,0,0,-82.2155,82.2155,81,0,0,0,10,6,1.51794,22.3334,1.5
200000092,83.7694,0,0,-83.7694,83.7694,92,0,0,0,10,4,-11.6223,23.7191,1.5
200000095,83.5962,0,0,-83.5962,83.5962,95,0,0,0,10,7,7.01749,26.016,1.5
200000100,83.9173,0,0,-83.9173,83.9173,100,0,0,0,10,19,9.20311,26.9323,1.5
200000113,84.6558,0,0,-84.6558,84.6558,113,0,0,0,10,9,5.37422,31.9601,1.5
200000114,84.5726,0,0,-84.5726,84.5726,114,0,0,0,10,1,-8.5149,31.8986,1.5
200000122,85.257,0,0,-85.257,85.257,122,0,0,0,10,16,10.6039,33.6616,1.5
200000169,96.8431,0,0,-96.8431,96.8431,169,0,0,0,10,13,20.4461,45.2508,1.5
200000174,99.1425,0,0,-99.1425,99.1425,174,0,0,0,10,2,-2.52702,51.5,1.5
200000176,95.974,0,0,-95.974,95.974,176,0,0,0,10,20,14.1735,49.7758,1.5
200000187,95.3644,0,0,-95.3644,95.3644,187,0,0,0,10,5,-22,50.4679,1.5
200000217,102.659,0,0,-102.659,102.659,217,0,0,0,10,3,-24.9838,59.5,1.5
200000229,100.777,0,0,-100.777,100.777,229,0,0,0,10,17,28.5638,61.6671,1.5
200000231,96.1691,0,0,-96.1691,96.1691,231,0,0,0,10,11,13.0429,67.2545,1.5
200000254,96.5646,0,0,-96.5646,96.5646,254,0,0,0,10,10,-1.0072,75.5116,1.5
200000256,105.151,0,0,-105.151,105.151,256,0,0,0,10,8,-23.6041,72.1141,1.5
200000263,105.076,0,0,-105.076,105.076,263,0,0,0,10,15,27.9326,72.8843,1.5
200000263,104.475,0,0,-104.475,104.475,263,0,0,0,10,18,35.5062,69.4594,1.5
200000265,98.9001,0,0,-98.9001,98.9001,265,0,0,0,10,12,-16.4517,76.8313,1.5
200000266,101.392,0,0,-101.392,101.392,266,0,0,0,10,14,-30.1023,73.118,1.5
216348474,101.392,0,0,-101.392,101.392,266,14,-30.1023,73.118,1.5,0,0,0,10
216598471,105.076,0,0,-105.076,105.076,263,15,27.9326,72.8843,1.5,0,0,0,10
217723425,102.659,0,0,-102.659,102.659,217,3,-24.9838,59.5,1.5,0,0,0,10
217848321,84.6558,0,0,-84.6558,84.6558,113,9,5.37422,31.9601,1.5,0,0,0,10
218723473,98.9001,0,0,-98.9001,98.9001,265,12,-16.4517,76.8313,1.5,0,0,0,10
219348437,100.777,0,0,-100.777,100.777,229,17,28.5638,61.6671,1.5,0,0,0,10
219848462,96.5646,0,0,-96.5646,96.5646,254,10,-1.0072,75.5116,1.5,0,0,0,10
220598330,85.257,0,0,-85.257,85.257,122,16,10.6039,33.6616,1.5,0,0,0,10
220973303,83.5962,0,0,-83.5962,83.5962,95,7,7.01749,26.016,1.5,0,0,0,10
221223322,84.5726,0,0,-84.5726,84.5726,114,1,-8.5149,31.8986,1.5,0,0,0,10
221348395,95.3644,0,0,-95.3644,95.3644,187,5,-22,50.4679,1.5,0,0,0,10
221598377,96.8431,0,0,-96.8431,96.8431,169,13,20.4461,45.2508,1.5,0,0,0,10
221848464,105.151,0,0,-105.151,105.151,256,8,-23.6041,72.1141,1.5,0,0,0,10
222098308,83.9173,0,0,-83.9173,83.9173,100,19,9.20311,26.9323,1.5,0,0,0,10
222973300,83.7694,0,0,-83.7694,83.7694,92,4,-11.6223,23.7191,1.5,0,0,0,10
223348471,104.475,0,0,-104.475,104.475,263,18,35.5062,69.4594,1.5,0,0,0,10
223973382,99.1425,0,0,-99.1425,99.1425,174,2,-2.52702,51.5,1.5,0,0,0,10
224598439,96.1691,0,0,-96.1691,96.1691,231,11,13.0429,67.2545,1.5,0,0,0,10
225223289,82.2155,0,0,-82.2155,82.2155,81,6,1.51794,22.3334,1.5,0,0,0,10
226223384,95.974,0,0,-95.974,95.974,176,20,14.1735,49.7758,1.5,0,0,0,10
250000081,82.2155,0,0,-82.2155,82.2155,81,0,0,0,10,6,1.51794,22.3334,1.5
250000092,83.7694,0,0,-83.7694,83.7694,92,0,0,0,10,4,-11.6223,23.7191,1.5
250000095,83.5962,0,0,-83.5962,83.5962,95,0,0,0,10,7,7.01749,26.016,1.5
250000100,83.9173,0,0,-83.9173,83.9173,100,0,0,0,10,19,9.20311,26.9323,1.5
250000113,84.6558,0,0,-84.6558,84.6558,113,0,0,0,10,9,5.37422,31.9601,1.5
250000114,84.5726,0,0,-84.5726,84.5726,114,0,0,0,10,1,-8.5149,31.8986,1.5
250000122,85.257,0,0,-85.257,85.257,122,0,0,0,10,16,10.6039,33.6616,1.5
250000169,96.8431,0,0,-96.8431,96.8431,169,0,0,0,10,13,20.4461,45.2508,1.5
250000174,99.1425,0,0,-99.1425,99.1425,174,0,0,0,10,2,-2.52702,51.5,1.5
250000176,95.974,0,0,-95.974,95.974,176,0,0,0,10,20,14.1735,49.7758,1.5
250000187,95.3644,0,0,-95.3644,95.3644,187,0,0,0,10,5,-22,50.4679,1.5
250000217,102.659,0,0,-102.659,102.659,217,0,0,0,10,3,-24.9838,59.5,1.5
250000229,100.777,0,0,-100.777,100.777,229,0,0,0,10,17,28.5638,61.6671,1.5
250000231,96.1691,0,0,-96.1691,96.1691,231,0,0,0,10,11,13.0429,67.2545,1.5
250000254,96.5646,0,0,-96.5646,96.5646,254,0,0,0,10,10,-1.0072,75.5116,1.5
250000256,105.151,0,0,-105.151,105.151,256,0,0,0,10,8,-23.6041,72.1141,1.5
250000263,105.076,0,0,-105.076,105.076,263,0,0,0,10,15,27.9326,72.8843,1.5
250000263,104.475,0,0,-104.475,104.475,263,0,0,0,10,18,35.5062,69.4594,1.5
250000265,98.9001,0,0,-98.9001,98.9001,265,0,0,0,10,12,-16.4517,76.8313,1.5
250000266,101.392,0,0,-101.392,101.392,266,0,0,0,10,14,-30.1023,73.118,1.5
266348474,101.392,0,0,-101.392,101.392,266,14,-30.1023,73.118,1.5,0,0,0,10
266598471,105.076,0,0,-105.076,105.076,263,15,27.9326,72.8843,1.5,0,0,0,10
267723425,102.659,0,0,-102.659,102.659,217,3,-24.9838,59.5,1.5,0,0,0,10
267848321,84.6558,0,0,-84.6558,84.6558,113,9,5.37422,31.9601,1.5,0,0,0,10
268723473,98.9001,0,0,-98.9001,98.9001,265,12,-16.4517,76.8313,1.5,0,0,0,10
269348437,100.777,0,0,-100.777,100.777,229,17,28.5638,61.6671,1.5,0,0,0,10
269848462,96.5646,0,0,-96.5646,96.5646,254,10,-1.0072,75.5116,1.5,0,0,0,10
270598330,85.257,0,0,-85.257,85.257,122,16,10.6039,33.6616,1.5,0,0,0,10
270973303,83.5962,0,0,-83.5962,83.5962,95,7,7.01749,26.016,1.5,0,0,0,10
271223322,84.5726,0,0,-84.5726,84.5726,114,1,-8.5149,31.8986,1.5,0,0,0,10
271348395,95.3644,0,0,-95.3644,95.3644,187,5,-22,50.4679,1.5,0,0,0,10
271598377,96.8431,0,0,-96.8431,96.8431,169,13,20.4461,45.2508,1.5,0,0,0,10
271848464,105.151,0,0,-105.151,105.151,256,8,-23.6041,72.1141,1.5,0,0,0,10
272098308,83.9173,0,0,-83.9173,83.9173,100,19,9.20311,26.9323,1.5,0,0,0,10
272973300,83.7694,0,0,-83.7694,83.7694,92,4,-11.6223,23.7191,1.5,0,0,0,10
273348471,104.475,0,0,-104.475,104.475,263,18,35.5062,69.4594,1.5,0,0,0,10
273973382,99.1425,0,0,-99.1425,99.1425,174,2,-2.52702,51.5,1.5,0,0,0,10
274598439,96.1691,0,0,-96.1691,96.1691,231,11,13.0429,67.2545,1.5,0,0,0,10
275223289,82.2155,0,0,-82.2155,82.2155,81,6,1.51794,22.3334,1.5,0,0,0,10
276223384,95.974,0,0,-95.974,95.974,176,20,14.1735,49.7758,1.5,0,0,0,10
300000081,82.2155,0,0,-82.2155,82.2155,81,0,0,0,10,6,1.50988,22.1837,1.5
300000092,83.7694,0,0,-83.7694,83.7694,92,0,0,0,10,4,-11.7427,23.8086,1.5
300000095,83.5962,0,0,-83.5962,83.5962,95,0,0,0,10,7,7.11994,25.9065,1.5
300000100,83.9173,0,0,-83.9173,83.9173,100,0,0,0,10,19,9.28803,26.8087,1.5
300000113,84.6558,0,0,-84.6558,84.6558,113,0,0,0,10,9,5.27957,31.8437,1.5
300000114,84.5726,0,0,-84.5726,84.5726,114,0,0,0,10,1,-8.6308,31.8033,1.5
300000122,85.257,0,0,-85.257,85.257,122,0,0,0,10,16,10.5228,33.5355,1.5
300000169,96.8431,0,0,-96.8431,96.8431,169,0,0,0,10,13,20.3154,45.1773,1.5
300000174,99.1425,0,0,-99.1425,99.1425,174,0,0,0,10,2,-2.67702,51.5,1.5
300000176,95.974,0,0,-95.974,95.974,176,0,0,0,10,20,14.0936,49.6488,1.5
300000187,95.3644,0,0,-95.3644,95.3644,187,0,0,0,10,5,-22,50.3179,1.5
300000217,102.659,0,0,-102.659,102.659,217,0,0,0,10,3,-24.8338,59.5,1.5
300000229,100.777,0,0,-100.777,100.777,229,0,0,0,10,17,28.5103,61.5269,1.5
300000231,96.1691,0,0,-96.1691,96.1691,231,0,0,0,10,11,13.018,67.1066,1.5
300000254,96.5646,0,0,-96.5646,96.5646,254,0,0,0,10,10,-1,75.3636,1.5
300000256,105.151,0,0,-105.151,105.151,256,0,0,0,10,8,-23.503,72.0033,1.5
300000263,105.076,0,0,-105.076,105.076,263,0,0,0,10,15,27.8205,72.7847,1.5
300000263,104.475,0,0,-104.475,104.475,263,0,0,0,10,18,35.3951,69.3586,1.5
300000265,98.9001,0,0,-98.9001,98.9001,265,0,0,0,10,12,-16.4733,76.6829,1.5
300000266,101.392,0,0,-101.392,101.392,266,0,0,0,10,14,-30.004,73.0047,1.5
316348474,101.392,0,0,-101.392,101.392,266,14,-30.004,73.0047,1.5,0,0,0,10
316598471,105.076,0,0,-105.076,105.076,263,15,27.8205,72.7847,1.5,0,0,0,10
317723425,102.659,0,0,-102.659,102.659,217,3,-24.8338,59.5,1.5,0,0,0,10
317848321,84.6558,0,0,-84.6558,84.6558,113,9,5.27957,31.8437,1.5,0,0,0,10
318723473,98.9001,0,0,-98.9001,98.9001,265,12,-16.4733,76.6829,1.5,0,0,0,10
319348437,100.777,0,0,-100.777,100.777,229,17,28.5103,61.5269,1.5,0,0,0,10
319848462,96.5646,0,0,-96.5646,96.5646,254,10,-1,75.3636,1.5,0,0,0,10
320598330,85.257,0,0,-85.257,85.257,122,16,10.5228,33.5355,1.5,0,0,0,10
320973303,83.5962,0,0,-83.5962,83.5962,95,7,7.11994,25.9065,1.5,0,0,0,10
321223322,84.5726,0,0,-84.5726,84.5726,114,1,-8.6308,31.8033,1.5,0,0,0,10
321348395,95.3644,0,0,-95.3644,95.3644,187,5,-22,50.3179,1.5,0,0,0,10
321598377,96.8431,0,0,-96.8431,96.8431,169,13,20.3154,45.1773,1.5,0,0,0,10
321848464,105.151,0,0,-105.151,105.151,256,8,-23.503,72.0033,1.5,0,0,0,10
322098308,83.9173,0,0,-83.9173,83.9173,100,19,9.28803,26.8087,1.5,0,0,0,10
322973300,83.7694,0,0,-83.7694,83.7694,92,4,-11.7427,23.8086,1.5,0,0,0,10
323348471,104.475,0,0,-104.475,104.475,263,18,35.3951,69.3586,1.5,0,0,0,10
323973382,99.1425,0,0,-99.1425,99.1425,174,2,-2.67702,51.5,1.5,0,0,0,10
324598439,96.1691,0,0,-96.1691,96.1691,231,11,13.018,67.1066,1.5,0,0,0,10
325223289,82.2155,0,0,-82.2155,82.2155,81,6,1.50988,22.1837,1.5,0,0,0,10
326223384,95.974,0,0,-95.974,95.974,176,20,14.0936,49.6488,1.5,0,0,0,10
350000081,82.2155,0,0,-82.2155,82.2155,81,0,0,0,10,6,1.50988,22.1837,1.5
350000092,83.7694,0,0,-83.7694,83.7694,92,0,0,0,10,4,-11.7427,23.8086,1.5
350000095,83.5962,0,0,-83.5962,83.5962,95,0,0,0,10,7,7.11994,25.9065,1.5
350000100,83.9173,0,0,-83.9173,83.9173,100,0,0,0,10,19,9.28803,26.8087,1.5
350000113,84.6558,0,0,-84.6558,84.6558,113,0,0,0,10,9,5.27957,31.8437,1.5
350000114,84.5726,0,0,-84.5726,84.5726,114,0,0,0,10,1,-8.6308,31.8033,1.5
350000122,85.257,0,0,-85.257,85.257,122,0,0,0,10,16,10.5228,33.5355,1.5
350000169,96.8431,0,0,-96.8431,96.8431,169,0,0,0,10,13,20.3154,45.1773,1.5
350000174,99.1425,0,0,-99.1425,99.1425,174,0,0,0,10,2,-2.67702,51.5,1.5
350000176,95.974,0,0,-95.974,95.974,176,0,0,0,10,20,14.0936,49.6488,1.5
350000187,95.3644,0,0,-95.3644,95.3644,187,0,0,0,10,5,-22,50.3179,1.5
350000217,102.659,0,0,-102.659,102.659,217,0,0,0,10,3,-24.8338,59.5,1.5
350000229,100.777,0,0,-100.777,100.777,229,0,0,0,10,17,28.5103,61.5269,1.5
350000231,96.1691,0,0,-96.1691,96.1691,231,0,0,0,10,11,13.018,67.1066,1.5
350000254,96.5646,0,0,-96.5646,96.5646,254,0,0,0,10,10,-1,75.3636,1.5
350000256,105.151,0,0,-105.151,105.151,256,0,0,0,10,8,-23.503,72.0033,1.5
350000263,105.076,0,0,-105.076,105.076,263,0,0,0,10,15,27.8205,72.7847,1.5
350000263,104.475,0,0,-104.475,104.475,263,0,0,0,10,18,35.3951,69.3586,1.5
350000265,98.9001,0,0,-98.9001,98.9001,265,0,0,0,10,12,-16.4733,76.6829,1.5
350000266,101.392,0,0,-101.392,101.392,266,0,0,0,10,14,-30.004,73.0047,1.5
366348474,101.392,0,0,-101.392,101.392,266,14,-30.004,73.0047,1.5,0,0,0,10
366598471,105.076,0,0,-105.076,105.076,263,15,27.8205,72.7847,1.5,0,0,0,10
367723425,102.659,0,0,-102.659,102.659,217,3,-24.8338,59.5,1.5,0,0,0,10
367848321,84.6558,0,0,-84.6558,84.6558,113,9,5.27957,31.8437,1.5,0,0,0,10
368723473,98.9001,0,0,-98.9001,98.9001,265,12,-16.4733,76.6829,1.5,0,0,0,10
369348437,100.777,0,0,-100.777,100.777,229,17,28.5103,61.5269,1.5,0,0,0,10
369848462,96.5646,0,0,-96.5646,96.5646,254,10,-1,75.3636,1.5,0,0,0,10
370598330,85.257,0,0,-85.257,85.257,122,16,10.5228,33.5355,1.5,0,0,0,10
370973303,83.5962,0,0,-83.5962,83.5962,95,7,7.11994,25.9065,1.5,0,0,0,10
371223322,84.5726,0,0,-84.5726,84.5726,114,1,-8.6308,31.8033,1.5,0,0,0,10
371348395,95.3644,0,0,-95.3644,95.3644,187,5,-22,50.3179,1.5,0,0,0,10
371598377,96.8431,0,0,-96.8431,96.8431,169,13,20.3154,45.1773,1.5,0,0,0,10
371848464,105.151,0,0,-105.151,105.151,256,8,-23.503,72.0033,1.5,0,0,0,10
372098308,83.9173,0,0,-83.9173,83.9173,100,19,9.28803,26.8087,1.5,0,0,0,10
372973300,83.7694,0,0,-83.7694,83.7694,92,4,-11.7427,23.8086,1.5,0,0,0,10
373348471,104.475,0,0,-104.475,104.475,263,18,35.3951,69.3586,1.5,0,0,0,10
373973382,99.1425,0,0,-99.1425,99.1425,174,2,-2.67702,51.5,1.5,0,0,0,10
374598439,96.1691,0,0,-96.1691,96.1691,231,11,13.018,67.1066,1.5,0,0,0,10
375223289,82.2155,0,0,-82.2155,82.2155,81,6,1.50988,22.1837,1.5,0,0,0,10
376223384,95.974,0,0,-95.974,95.974,176,20,14.0936,49.6488,1.5,0,0,0,10
400000081,82.2155,0,0,-82.2155,82.2155,81,0,0,0,10,6,1.50182,22.0339,1.5
400000092,83.7694,0,0,-83.7694,83.7694,92,0,0,0,10,4,-11.863,23.8981,1.5
400000095,83.5962,0,0,-83.5962,83.5962,95,0,0,0,10,7,7.22239,25.7969,1.5
400000100,83.9173,0,0,-83.9173,83.9173,100,0,0,0,10,19,9.37294,26.685,1.5
400000113,84.6558,0,0,-84.6558,84.6558,113,0,0,0,10,9,5.18492,31.7273,1.5
400000114,84.5726,0,0,-84.5726,84.5726,114,0,0,0,10,1,-8.7467,31.7081,1.5
400000122,85.257,0,0,-85.257,85.257,122,0,0,0,10,16,10.3922,33.5,1.5
400000169,96.8431,0,0,-96.8431,96.8431,169,0,0,0,10,13,20.1846,45.1038,1.5
400000174,99.1425,0,0,-99.1425,99.1425,174,0,0,0,10,2,-2.82702,51.5,1.5
400000176,95.974,0,0,-95.974,95.974,176,0,0,0,10,20,14.0137,49.5218,1.5
400000187,95.3644,0,0,-95.3644,95.3644,187,0,0,0,10,5,-22,50.1679,1.5
400000217,102.659,0,0,-102.659,102.659,217,0,0,0,10,3,-24.6838,59.5,1.5
400000229,100.777,0,0,-100.777,100.777,229,0,0,0,10,17,28.5,61.3788,1.5
400000231,96.1691,0,0,-96.1691,96.1691,231,0,0,0,10,11,13,66.9581,1.5
400000254,96.5646,0,0,-96.5646,96.5646,254,0,0,0,10,10,-1,75.2136,1.5
400000256,105.151,0,0,-105.151,105.151,256,0,0,0,10,8,-23.5,71.8545,1.5
400000263,105.076,0,0,-105.076,105.076,263,0,0,0,10,15,27.7083,72.685,1.5
400000263,104.475,0,0,-104.475,104.475,263,0,0,0,10,18,35.2841,69.2578,1.5
400000265,98.9001,0,0,-98.9001,98.9001,265,0,0,0,10,12,-16.495,76.5344,1.5
400000266,101.392,0,0,-101.392,101.392,266,0,0,0,10,14,-29.8983,72.8983,1.5
416348474,101.392,0,0,-101.392,101.392,266,14,-29.8983,72.8983,1.5,0,0,0,10
416598471,105.076,0,0,-105.076,105.076,263,15,27.7083,72.685,1.5,0,0,0,10
417723425,102.659,0,0,-102.659,102.659,217,3,-24.6838,59.5,1.5,0,0,0,10
417848321,84.6558,0,0,-84.6558,84.6558,113,9,5.18492,31.7273,1.5,0,0,0,10
418723473,98.9001,0,0,-98.9001,98.9001,265,12,-16.495,76.5344,1.5,0,0,0,10
419348437,100.777,0,0,-100.777,100.777,229,17,28.5,61.3788,1.5,0,0,0,10
419848462,96.5646,0,0,-96.5646,96.5646,254,10,-1,75.2136,1.5,0,0,0,10
420598330,85.257,0,0,-85.257,85.257,122,16,10.3922,33.5,1.5,0,0,0,10
420973303,83.5962,0,0,-83.5962,83.5962,95,7,7.22239,25.7969,1.5,0,0,0,10
421223322,84.5726,0,0,-84.5726,84.5726,114,1,-8.7467,31.7081,1.5,0,0,0,10
421348395,95.3644,0,0,-95.3644,95.3644,187,5,-22,50.1679,1.5,0,0,0,10
421598377,96.8431,0,0,-96.8431,96.8431,169,13,20.1846,45.1038,1.5,0,0,0,10
421848464,105.151,0,0,-105.151,105.151,256,8,-23.5,71.8545,1.5,0,0,0,10
422098308,83.9173,0,0,-83.9173,83.9173,100,19,9.37294,26.685,1.5,0,0,0,10
422973300,83.7694,0,0,-83.7694,83.7694,92,4,-11.863,23.8981,1.5,0,0,0,10
423348471,104.475,0,0,-104.475,104.475,263,18,35.2841,69.2578,1.5,0,0,0,10
423973382,99.1425,0,0,-99.1425,99.1425,174,2,-2.82702,51.5,1.5,0,0,0,10
424598439,96.1691,0,0,-96.1691,96.1691,231,11,13,66.9581,1.5,0,0,0,10
425223289,82.2155,0,0,-82.2155,82.2155,81,6,1.50182,22.0339,1.5,0,0,0,10
426223384,95.974,0,0,-95.974,95.974,176,20,14.0137,49.5218,1.5,0,0,0,10
450000081,82.2155,0,0,-82.2155,82.2155,81,0,0,0,10,6,1.50182,22.0339,1.5
450000092,83.7694,0,0,-83.7694,83.7694,92,0,0,0,10,4,-11.863,23.8981,1.5
450000095,83.5962,0,0,-83.5962,83.5962,95,0,0,0,10,7,7.22239,25.7969,1.5
450000100,83.9173,0,0,-83.9173,83.9173,100,0,0,0,10,19,9.37294,26.685,1.5
450000113,84.6558,0,0,-84.6558,84.6558,113,0,0,0,10,9,5.18492,31.7273,1.5
450000114,84.5726,0,0,-84.5726,84.5726,114,0,0,0,10,1,-8.7467,31.7081,1.5
450000122,85.257,0,0,-85.257,85.257,122,0,0,0,10,16,10.3922,33.5,1.5
450000169,96.8431,0,0,-96.8431,96.8431,169,0,0,0,10,13,20.1846,45.1038,1.5
450000174,99.1425,0,0,-99.1425,99.1425,174,0,0,0,10,2,-2.82702,51.5,1.5
450000176,95.974,0,0,-95.974,95.974,176,0,0,0,10,20,14.0137,49.5218,1.5
450000187,95.3644,0,0,-95.3644,95.3644,187,0,0,0,10,5,-22,50.1679,1.5
450000217,102.659,0,0,-102.659,102.659,217,0,0,0,10,3,-24.6838,59.5,1.5
450000229,100.777,0,0,-100.777,100.777,229,0,0,0,10,17,28.5,61.3788,1.5
450000231,96.1691,0,0,-96.1691,96.1691,231,0,0,0,10,11,13,66.9581,1.5
450000254,96.5646,0,0,-96.5646,96.5646,254,0,0,0,10,10,-1,75.2136,1.5
450000256,105.151,0,0,-105.151,105.151,256,0,0,0,10,8,-23.5,71.8545,1.5
450000263,105.076,0,0,-105.076,105.076,263,0,0,0,10,15,27.7083,72.685,1.5
450000263,104.475,0,0,-104.475,104.475,263,0,0,0,10,18,35.2841,69.2578,1.5
450000265,98.9001,0,0,-98.9001,98.9001,265,0,0,0,10,12,-16.495,76.5344,1.5
450000266,101.392,0,0,-101.392,101.392,266,0,0,0,10,14,-29.8983,72.8983,1.5
466348474,101.392,0,0,-101.392,101.392,266,14,-29.8983,72.8983,1.5,0,0,0,10
466598471,105.076,0,0,-105.076,105.076,263,15,27.7083,72.685,1.5,0,0,0,10
467723425,102.659,0,0,-102.659,102.659,217,3,-24.6838,59.5,1.5,0,0,0,10
467848321,84.6558,0,0,-84.6558,84.6558,113,9,5.18492,31.7273,1.5,0,0,0,10
468723473,98.9001,0,0,-98.9001,98.9001,265,12,-16.495,76.5344,1.5,0,0,0,10
469348437,100.777,0,0,-100.777,100.777,229,17,28.5,61.3788,1.5,0,0,0,10
469848462,96.5646,0,0,-96.5646,96.5646,254,10,-1,75.2136,1.5,0,0,0,10
470598330,85.257,0,0,-85.257,85.257,122,16,10.3922,33.5,1.5,0,0,0,10
470973303,83.5962,0,0,-83.5962,83.5962,95,7,7.22239,25.7969,1.5,0,0,0,10
471223322,84.5726,0,0,-84.5726,84.5726,114,1,-8.7467,31.7081,1.5,0,0,0,10
471348395,95.3644,0,0,-95.3644,95.3644,187,5,-22,50.1679,1.5,0,0,0,10
471598377,96.8431,0,0,-96.8431,96.8431,169,13,20.1846,45.1038,1.5,0,0,0,10
471848464,105.151,0,0,-105.151,105.151,256,8,-23.5,71.8545,1.5,0,0,0,10
472098308,83.9173,0,0,-83.9173,83.9173,100,19,9.37294,26.685,1.5,0,0,0,10
472973300,83.7694,0,0,-83.7694,83.7694,92,4,-11.863,23.8981,1.5,0,0,0,10
473348471,104.475,0,0,-104.475,104.475,263,18,35.2841,69.2578,1.5,0,0,0,10
473973382,99.1425,0,0,-99.1425,99.1425,174,2,-2.82702,51.5,1.5,0,0,0,10
474598439,96.1691,0,0,-96.1691,96.1691,231,11,13,66.9581,1.5,0,0,0,10
475223289,82.2155,0,0,-82.2155,82.2155,81,6,1.50182,22.0339,1.5,0,0,0,10
476223384,95.974,0,0,-95.974,95.974,176,20,14.0137,49.5218,1.5,0,0,0,10
500000081,82.2155,0,0,-82.2155,82.2155,81,0,0,0,10,6,1.5,21.8839,1.5
500000092,83.7694,0,0,-83.7694,83.7694,92,0,0,0,10,4,-11.9834,23.9876,1.5
500000095,83.5962,0,0,-83.5962,83.5962,95,0,0,0,10,7,7.32484,25.6873,1.5
500000100,83.9173,0,0,-83.9173,83.9173,100,0,0,0,10,19,9.45786,26.5614,1.5
500000113,84.6558,0,0,-84.6558,84.6558,113,0,0,0,10,9,5.09026,31.611,1.5
500000114,84.5726,0,0,-84.5726,84.5726,114,0,0,0,10,1,-8.86259,31.6129,1.5
500000122,85.257,0,0,-85.257,85.257,122,0,0,0,10,16,10.2422,33.5,1.5
500000169,96.8431,0,0,-96.8431,96.8431,169,0,0,0,10,13,20.0538,45.0303,1.5
500000174,99.1425,0,0,-99.1425,99.1425,174,0,0,0,10,2,-2.97702,51.5,1.5
500000176,95.974,0,0,-95.974,95.974,176,0,0,0,10,20,13.9122,49.4122,1.5
500000187,95.3644,0,0,-95.3644,95.3644,187,0,0,0,10,5,-22,50.0179,1.5
500000217,102.659,0,0,-102.659,102.659,217,0,0,0,10,3,-24.5338,59.5,1.5
500000229,100.777,0,0,-100.777,100.777,229,0,0,0,10,17,28.5,61.2288,1.5
500000231,96.1691,0,0,-96.1691,96.1691,231,0,0,0,10,11,13,66.8081,1.5
500000254,96.5646,0,0,-96.5646,96.5646,254,0,0,0,10,10,-1,75.0636,1.5
500000256,105.151,0,0,-105.151,105.151,256,0,0,0,10,8,-23.5,71.7045,1.5
500000263,105.076,0,0,-105.076,105.076,263,0,0,0,10,15,27.5962,72.5854,1.5
500000263,104.475,0,0,-104.475,104.475,263,0,0,0,10,18,35.173,69.157,1.5
500000265,98.9001,0,0,-98.9001,98.9001,265,0,0,0,10,12,-16.5,76.3848,1.5
500000266,101.392,0,0,-101.392,101.392,266,0,0,0,10,14,-29.7922,72.7922,1.5
516348474,101.392,0,0,-101.392,101.392,266,14,-29.7922,72.7922,1.5,0,0,0,10
516598471,105.076,0,0,-105.076,105.076,263,15,27.5962,72.5854,1.5,0,0,0,10
517723425,102.659,0,0,-102.659,102.659,217,3,-24.5338,59.5,1.5,0,0,0,10
517848321,84.6558,0,0,-84.6558,84.6558,113,9,5.09026,31.611,1.5,0,0,0,10
518723473,98.9001,0,0,-98.9001,98.9001,265,12,-16.5,76.3848,1.5,0,0,0,10
519348437,100.777,0,0,-100.777,100.777,229,17,28.5,61.2288,1.5,0,0,0,10
519848462,96.5646,0,0,-96.5646,96.5646,254,10,-1,75.0636,1.5,0,0,0,10
520598330,85.257,0,0,-85.257,85.257,122,16,10.2422,33.5,1.5,0,0,0,10
520973303,83.5962,0,0,-83.5962,83.5962,95,7,7.32484,25.6873,1.5,0,0,0,10
521223322,84.5726,0,0,-84.5726,84.5726,114,1,-8.86259,31.6129,1.5,0,0,0,10
521348395,95.3644,0,0,-95.3644,95.3644,187,5,-22,50.0179,1.5,0,0,0,10
521598377,96.8431,0,0,-96.8431,96.8431,169,13,20.0538,45.0303,1.5,0,0,0,10
521848464,105.151,0,0,-105.151,105.151,256,8,-23.5,71.7045,1.5,0,0,0,10
522098308,83.9173,0,0,-83.9173,83.9173,100,19,9.45786,26.5614,1.5,0,0,0,10
522973300,83.7694,0,0,-83.7694,83.7694,92,4,-11.9834,23.9876,1.5,0,0,0,10
523348471,104.475,0,0,-104.475,104.475,263,18,35.173,69.157,1.5,0,0,0,10
523973382,99.1425,0,0,-99.1425,99.1425,174,2,-2.97702,51.5,1.5,0,0,0,10
524598439,96.1691,0,0,-96.1691,96.1691,231,11,13,66.8081,1.5,0,0,0,10
525223289,82.2155,0,0,-82.2155,82.2155,81,6,1.5,21.8839,1.5,0,0,0,10
526223384,95.974,0,0,-95.974,95.974,176,20,13.9122,49.4122,1.5,0,0,0,10
550000081,82.2155,0,0,-82.2155,82.2155,81,0,0,0,10,6,1.5,21.8839,1.5
550000092,83.7694,0,0,-83.7694,83.7694,92,0,0,0,10,4,-11.9834,23.9876,1.5
550000095,83.5962,0,0,-83.5962,83.5962,95,0,0,0,10,7,7.32484,25.6873,1.5
550000100,83.9173,0,0,-83.9173,83.9173,100,0,0,0,10,19,9.45786,26.5614,1.5
550000113,84.6558,0,0,-84.6558,84.6558,113,0,0,0,10,9,5.09026,31.611,1.5
550000114,84.5726,0,0,-84.5726,84.5726,114,0,0,0,10,1,-8.86259,31.6129,1.5
550000122,85.257,0,0,-85.257,85.257,122,0,0,0,10,16,10.2422,33.5,1.5
550000169,96.8431,0,0,-96.8431,96.8431,169,0,0,0,10,13,20.0538,45.0303,1.5
550000174,99.1425,0,0,-99.1425,99.1425,174,0,0,0,10,2,-2.97702,51.5,1.5
550000176,95.974,0,0,-95.974,95.974,176,0,0,0,10,20,13.9122,49.4122,1.5
550000187,95.3644,0,0,-95.3644,95.3644,187,0,0,0,10,5,-22,50.0179,1.5
550000217,102.659,0,0,-102.659,102.659,217,0,0,0,10,3,-24.5338,59.5,1.5
550000229,100.777,0,0,-100.777,100.777,229,0,0,0,10,17,28.5,61.2288,1.5
550000231,96.1691,0,0,-96.1691,96.1691,231,0,0,0,10,11,13,66.8081,1.5
550000254,96.5646,0,0,-96.5646,96.5646,254,0,0,0,10,10,-1,75.0636,1.5
550000256,105.151,0,0,-105.151,105.151,256,0,0,0,10,8,-23.5,71.7045,1.5
550000263,105.076,0,0,-105.076,105.076,263,0,0,0,10,15,27.5962,72.5854,1.5
550000263,104.475,0,0,-104.475,104.475,263,0,0,0,10,18,35.173,69.157,1.5
550000265,98.9001,0,0,-98.9001,98.9001,265,0,0,0,10,12,-16.5,76.3848,1.5
550000266,101.392,0,0,-101.392,101.392,266,0,0,0,10,14,-29.7922,72.7922,1.5
566348474,101.392,0,0,-101.392,101.392,266,14,-29.7922,72.7922,1.5,0,0,0,10
566598471,105.076,0,0,-105.076,105.076,263,15,27.5962,72.5854,1.5,0,0,0,10
567723425,102.659,0,0,-102.659,102.659,217,3,-24.5338,59.5,1.5,0,0,0,10
567848321,84.6558,0,0,-84.6558,84.6558,113,9,5.09026,31.611,1.5,0,0,0,10
568723473,98.9001,0,0,-98.9001,98.9001,265,12,-16.5,76.3848,1.5,0,0,0,10
569348437,100.777,0,0,-100.777,100.777,229,17,28.5,61.2288,1.5,0,0,0,10
569848462,96.5646,0,0,-96.5646,96.5646,254,10,-1,75.0636,1.5,0,0,0,10
570598330,85.257,0,0,-85.257,85.257,122,16,10.2422,33.5,1.5,0,0,0,10
570973303,83.5962,0,0,-83.5962,83.5962,95,7,7.32484,25.6873,1.5,0,0,0,10
571223322,84.5726,0,0,-84.5726,84.5726,114,1,-8.86259,31.6129,1.5,0,0,0,10
571348395,95.3644,0,0,-95.3644,95.3644,187,5,-22,50.0179,1.5,0,0,0,10
571598377,96.8431,0,0,-96.8431,96.8431,169,13,20.0538,45.0303,1.5,0,0,0,10
571848464,105.151,0,0,-105.151,105.151,256,8,-23.5,71.7045,1.5,0,0,0,10
572098308,83.9173,0,0,-83.9173,83.9173,100,19,9.45786,26.5614,1.5,0,0,0,10
572973300,83.7694,0,0,-83.7694,83.7694,92,4,-11.9834,23.9876,1.5,0,0,0,10
573348471,104.475,0,0,-104.475,104.475,263,18,35.173,69.157,1.5,0,0,0,10
573973382,99.1425,0,0,-99.1425,99.1425,174,2,-2.97702,51.5,1.5,0,0,0,10
574598439,96.1691,0,0,-96.1691,96.1691,231,11,13,66.8081,1.5,0,0,0,10
575223289,82.2155,0,0,-82.2155,82.2155,81,6,1.5,21.8839,1.5,0,0,0,10
576223384,95.974,0,0,-95.974,95.974,176,20,13.9122,49.4122,1.5,0,0,0,10
600000081,82.2155,0,0,-82.2155,82.2155,81,0,0,0,10,6,1.5,21.7339,1.5
600000092,83.7694,0,0,-83.7694,83.7694,92,0,0,0,10,4,-12.0914,24.0914,1.5
600000095,83.5962,0,0,-83.5962,83.5962,95,0,0,0,10,7,7.42729,25.5778,1.5
600000100,83.9173,0,0,-83.9173,83.9173,100,0,0,0,10,19,9.55343,26.4466,1.5
600000113,84.6558,0,0,-84.6558,84.6558,113,0,0,0,10,9,4.99508,31.4951,1.5
600000114,84.5726,0,0,-84.5726,84.5726,114,0,0,0,10,1,-8.97849,31.5177,1.5
600000122,85.257,0,0,-85.257,85.257,122,0,0,0,10,16,10.0922,33.5,1.5
600000169,96.8431,0,0,-96.8431,96.8431,169,0,0,0,10,13,19.9376,44.9376,1.5
600000174,99.1425,0,0,-99.1425,99.1425,174,0,0,0,10,2,-3.12702,51.5,1.5
600000176,95.974,0,0,-95.974,95.974,176,0,0,0,10,20,13.8061,49.3061,1.5
600000187,95.3644,0,0,-95.3644,95.3644,187,0,0,0,10,5,-22,49.8679,1.5
600000217,102.659,0,0,-102.659,102.659,217,0,0,0,10,3,-24.3838,59.5,1.5
600000229,100.777,0,0,-100.777,100.777,229,0,0,0,10,17,28.5,61.0788,1.5
600000231,96.1691,0,0,-96.1691,96.1691,231,0,0,0,10,11,13,66.6581,1.5
600000254,96.5646,0,0,-96.5646,96.5646,254,0,0,0,10,10,-1,74.9136,1.5
600000256,105.151,0,0,-105.151,105.151,256,0,0,0,10,8,-23.5,71.5545,1.5
600000263,105.076,0,0,-105.076,105.076,263,0,0,0,10,15,27.4849,72.4849,1.5
600000263,104.475,0,0,-104.475,104.475,263,0,0,0,10,18,35.0619,69.0562,1.5
600000265,98.9001,0,0,-98.9001,98.9001,265,0,0,0,10,12,-16.5,76.2348,1.5
600000266,101.392,0,0,-101.392,101.392,266,0,0,0,10,14,-29.6862,72.6862,1.5
616348474,101.392,0,0,-101.392,101.392,266,14,-29.6862,72.6862,1.5,0,0,0,10
616598471,105.076,0,0,-105.076,105.076,263,15,27.4849,72.4849,1.5,0,0,0,10
617723425,102.659,0,0,-102.659,102.659,217,3,-24.3838,59.5,1.5,0,0,0,10
617848321,84.6558,0,0,-84.6558,84.6558,113,9,4.99508,31.4951,1.5,0,0,0,10
618723473,98.9001,0,0,-98.9001,98.9001,265,12,-16.5,76.2348,1.5,0,0,0,10
619348437,100.777,0,0,-100.777,100.777,229,17,28.5,61.0788,1.5,0,0,0,10
619848462,96.5646,0,0,-96.5646,96.5646,254,10,-1,74.9136,1.5,0,0,0,10
620598330,85.257,0,0,-85.257,85.257,122,16,10.0922,33.5,1.5,0,0,0,10
620973303,83.5962,0,0,-83.5962,83.5962,95,7,7.42729,25.5778,1.5,0,0,0,10
621223322,84.5726,0,0,-84.5726,84.5726,114,1,-8.97849,31.5177,1.5,0,0,0,10
621348395,95.3644,0,0,-95.3644,95.3644,187,5,-22,49.8679,1.5,0,0,0,10
621598377,96.8431,0,0,-96.8431,96.8431,169,13,19.9376,44.9376,1.5,0,0,0,10
621848464,105.151,0,0,-105.151,105.151,256,8,-23.5,71.5545,1.5,0,0,0,10
622098308,83.9173,0,0,-83.9173,83.9173,100,19,9.55343,26.4466,1.5,0,0,0,10
622973300,83.7694,0,0,-83.7694,83.7694,92,4,-12.0914,24.0914,1.5,0,0,0,10
623348471,104.475,0,0,-104.475,104.475,263,18,35.0619,69.0562,1.5,0,0,0,10
623973382,99.1425,0,0,-99.1425,99.1425,174,2,-3.12702,51.5,1.5,0,0,0,10
624598439,96.1691,0,0,-96.1691,96.1691,231,11,13,66.6581,1.5,0,0,0,10
625223289,82.2155,0,0,-82.2155,82.2155,81,6,1.5,21.7339,1.5,0,0,0,10
626223384,95.974,0,0,-95.974,95.974,176,20,13.8061,49.3061,1.5,0,0,0,10
650000081,82.2155,0,0,-82.2155,82.2155,81,0,0,0,10,6,1.5,21.7339,1.5
650000092,83.7694,0,0,-83.7694,83.7694,92,0,0,0,10,4,-12.0914,24.0914,1.5
650000095,83.5962,0,0,-83.5962,83.5962,95,0,0,0,10,7,7.42729,25.5778,1.5
650000100,83.9173,0,0,-83.9173,83.9173,100,0,0,0,10,19,9.55343,26.4466,1.5
650000113,84.6558,0,0,-84.6558,84.6558,113,0,0,0,10,9,4.99508,31.4951,1.5
650000114,84.5726,0,0,-84.5726,84.5726,114,0,0,0,10,1,-8.97849,31.5177,1.5
650000122,85.257,0,0,-85.257,85.257,122,0,0,0,10,16,10.0922,33.5,1.5
650000169,96.8431,0,0,-96.8431,96.8431,169,0,0,0,10,13,19.9376,44.9376,1.5
650000174,99.1425,0,0,-99.1425,99.1425,174,0,0,0,10,2,-3.12702,51.5,1.5
650000176,95.974,0,0,-95.974,95.974,176,0,0,0,10,20,13.8061,49.3061,1.5
650000187,95.3644,0,0,-95.3644,95.3644,187,0,0,0,10,5,-22,49.8679,1.5
650000217,102.659,0,0,-102.659,102.659,217,0,0,0,10,3,-24.3838,59.5,1.5
650000229,100.777,0,0,-100.777,100.777,229,0,0,0,10,17,28.5,61.0788,1.5
650000231,96.1691,0,0,-96.1691,96.1691,231,0,0,0,10,11,13,66.6581,1.5
650000254,96.5646,0,0,-96.5646,96.5646,254,0,0,0,10,10,-1,74.9136,1.5
650000256,105.151,0,0,-105.151,105.151,256,0,0,0,10,8,-23.5,71.5545,1.5
650000263,105.076,0,0,-105.076,105.076,263,0,0,0,10,15,27.4849,72.4849,1.5
650000263,104.475,0,0,-104.475,104.475,263,0,0,0,10,18,35.0619,69.0562,1.5
650000265,98.9001,0,0,-98.9001,98.9001,265,0,0,0,10,12,-16.5,76.2348,1.5
650000266,101.392,0,0,-101.392,101.392,266,0,0,0,10,14,-29.6862,72.6862,1.5
666348474,101.392,0,0,-101.392,101.392,266,14,-29.6862,72.6862,1.5,0,0,0,10
666598471,105.076,0,0,-105.076,105.076,263,15,27.4849,72.4849,1.5,0,0,0,10
667723425,102.659,0,0,-102.659,102.659,217,3,-24.3838,59.5,1.5,0,0,0,10
667848321,84.6558,0,0,-84.6558,84.6558,113,9,4.99508,31.4951,1.5,0,0,0,10
668723473,98.9001,0,0,-98.9001,98.9001,265,12,-16.5,76.2348,1.5,0,0,0,10
669348437,100.777,0,0,-100.777,100.777,229,17,28.5,61.0788,1.5,0,0,0,10
669848462,96.5646,0,0,-96.5646,96.5646,254,10,-1,74.9136,1.5,0,0,0,10
670598330,85.257,0,0,-85.257,85.257,122,16,10.0922,33.5,1.5,0,0,0,10
670973303,83.5962,0,0,-83.5962,83.5962,95,7,7.42729,25.5778,1.5,0,0,0,10
671223322,84.5726,0,0,-84.5726,84.5726,114,1,-8.97849,31.5177,1.5,0,0,0,10
671348395,95.3644,0,0,-95.3644,95.3644,187,5,-22,49.8679,1.5,0,0,0,10
671598377,96.8431,0,0,-96.8431,96.8431,169,13,19.9376,44.9376,1.5,0,0,0,10
671848464,105.151,0,0,-105.151,105.151,256,8,-23.5,71.5545,1.5,0,0,0,10
672098308,83.9173,0,0,-83.9173,83.9173,100,19,9.55343,26.4466,1.5,0,0,0,10
672973300,83.7694,0,0,-83.7694,83.7694,92,4,-12.0914,24.0914,1.5,0,0,0,10
673348471,104.475,0,0,-104.475,104.475,263,18,35.0619,69.0562,1.5,0,0,0,10
673973382,99.1425,0,0,-99.1425,99.1425,174,2,-3.12702,51.5,1.5,0,0,0,10
674598439,96.1691,0,0,-96.1691,96.1691,231,11,13,66.6581,1.5,0,0,0,10
675223289,82.2155,0,0,-82.2155,82.2155,81,6,1.5,21.7339,1.5,0,0,0,10
676223384,95.974,0,0,-95.974,95.974,176,20,13.8061,49.3061,1.5,0,0,0,10
700000081,82.2155,0,0,-82.2155,82.2155,81,0,0,0,10,6,1.5,21.5839,1.5
700000092,83.7694,0,0,-83.7694,83.7694,92,0,0,0,10,4,-12.1975,24.1975,1.5
700000095,83.5962,0,0,-83.5962,83.5962,95,0,0,0,10,7,7.54354,25.5,1.5
700000100,83.9173,0,0,-83.9173,83.9173,100,0,0,0,10,19,9.6595,26.3405,1.5
700000113,84.6558,0,0,-84.6558,84.6558,113,0,0,0,10,9,4.88901,31.389,1.5
700000114,84.5726,0,0,-84.5726,84.5726,114,0,0,0,10,1,-9.08638,31.4136,1.5
700000122,85.257,0,0,-85.257,85.257,122,0,0,0,10,16,9.95909,33.4591,1.5
700000169,96.8431,0,0,-96.8431,96.8431,169,0,0,0,10,13,19.8315,44.8315,1.5
700000174,99.1425,0,0,-99.1425,99.1425,174,0,0,0,10,2,-3.27702,51.5,1.5
700000176,95.974,0,0,-95.974,95.974,176,0,0,0,10,20,13.7,49.2,1.5
700000187,95.3644,0,0,-95.3644,95.3644,187,0,0,0,10,5,-22,49.7179,1.5
700000217,102.659,0,0,-102.659,102.659,217,0,0,0,10,3,-24.2338,59.5,1.5
700000229,100.777,0,0,-100.777,100.777,229,0,0,0,10,17,28.5,60.9288,1.5
700000231,96.1691,0,0,-96.1691,96.1691,231,0,0,0,10,11,13,66.5081,1.5
700000254,96.5646,0,0,-96.5646,96.5646,254,0,0,0,10,10,-1,74.7636,1.5
700000256,105.151,0,0,-105.151,105.151,256,0,0,0,10,8,-23.4324,71.4324,1.5
700000263,105.076,0,0,-105.076,105.076,263,0,0,0,10,15,27.3788,72.3788,1.5
700000263,104.475,0,0,-104.475,104.475,263,0,0,0,10,18,34.9531,68.9531,1.5
700000265,98.9001,0,0,-98.9001,98.9001,265,0,0,0,10,12,-16.5,76.0848,1.5
700000266,101.392,0,0,-101.392,101.392,266,0,0,0,10,14,-29.5801,72.5801,1.5
716348474,101.392,0,0,-101.392,101.392,266,14,-29.5801,72.5801,1.5,0,0,0,10
716598471,105.076,0,0,-105.076,105.076,263,15,27.3788,72.3788,1.5,0,0,0,10
717723425,102.659,0,0,-102.659,102.659,217,3,-24.2338,59.5,1.5,0,0,0,10
717848321,84.6558,0,0,-84.6558,84.6558,113,9,4.88901,31.389,1.5,0,0,0,10
718723473,98.9001,0,0,-98.9001,98.9001,265,12,-16.5,76.0848,1.5,0,0,0,10
719348437,100.777,0,0,-100.777,100.777,229,17,28.5,60.9288,1.5,0,0,0,10
719848462,96.5646,0,0,-96.5646,96.5646,254,10,-1,74.7636,1.5,0,0,0,10
720598330,85.257,0,0,-85.257,85.257,122,16,9.95909,33.4591,1.5,0,0,0,10
720973303,83.5962,0,0,-83.5962,83.5962,95,7,7.54354,25.5,1.5,0,0,0,10
721223322,84.5726,0,0,-84.5726,84.5726,114,1,-9.08638,31.4136,1.5,0,0,0,10
721348395,95.3644,0,0,-95.3644,95.3644,187,5,-22,49.7179,1.5,0,0,0,10
721598377,96.8431,0,0,-96.8431,96.8431,169,13,19.8315,44.8315,1.5,0,0,0,10
721848464,105.151,0,0,-105.151,105.151,256,8,-23.4324,71.4324,1.5,0,0,0,10
722098308,83.9173,0,0,-83.9173,83.9173,100,19,9.6595,26.3405,1.5,0,0,0,10
722973300,83.7694,0,0,-83.7694,83.7694,92,4,-12.1975,24.1975,1.5,0,0,0,10
723348471,104.475,0,0,-104.475,104.475,263,18,34.9531,68.9531,1.5,0,0,0,10
723973382,99.1425,0,0,-99.1425,99.1425,174,2,-3.27702,51.5,1.5,0,0,0,10
724598439,96.1691,0,0,-96.1691,96.1691,231,11,13,66.5081,1.5,0,0,0,10
725223289,82.2155,0,0,-82.2155,82.2155,81,6,1.5,21.5839,1.5,0,0,0,10
726223384,95.974,0,0,-95.974,95.974,176,20,13.7,49.2,1.5,0,0,0,10
750000081,82.2155,0,0,-82.2155,82.2155,81,0,0,0,10,6,1.5,21.5839,1.5
750000092,83.7694,0,0,-83.7694,83.7694,92,0,0,0,10,4,-12.1975,24.1975,1.5
750000095,83.5962,0,0,-83.5962,83.5962,95,0,0,0,10,7,7.54354,25.5,1.5
750000100,83.9173,0,0,-83.9173,83.9173,100,0,0,0,10,19,9.6595,26.3405,1.5
750000113,84.6558,0,0,-84.6558,84.6558,113,0,0,0,10,9,4.88901,31.389,1.5
750000114,84.5726,0,0,-84.5726,84.5726,114,0,0,0,10,1,-9.08638,31.4136,1.5
750000122,85.257,0,0,-85.257,85.257,122,0,0,0,10,16,9.95909,33.4591,1.5
750000169,96.8431,0,0,-96.8431,96.8431,169,0,0,0,10,13,19.8315,44.8315,1.5
750000174,99.1425,0,0,-99.1425,99.1425,174,0,0,0,10,2,-3.27702,51.5,1.5
750000176,95.974,0,0,-95.974,95.974,176,0,0,0,10,20,13.7,49.2,1.5
750000187,95.3644,0,0,-95.3644,95.3644,187,0,0,0,10,5,-22,49.7179,1.5
750000217,102.659,0,0,-102.659,102.659,217,0,0,0,10,3,-24.2338,59.5,1.5
750000229,100.777,0,0,-100.777,100.777,229,0,0,0,10,17,28.5,60.9288,1.5
750000231,96.1691,0,0,-96.1691,96.1691,231,0,0,0,10,11,13,66.5081,1.5
750000254,96.5646,0,0,-96.5646,96.5646,254,0,0,0,10,10,-1,74.7636,1.5
750000256,105.151,0,0,-105.151,105.151,256,0,0,0,10,8,-23.4324,71.4324,1.5
750000263,105.076,0,0,-105.076,105.076,263,0,0,0,10,15,27.3788,72.3788,1.5
750000263,104.475,0,0,-104.475,104.475,263,0,0,0,10,18,34.9531,68.9531,1.5
750000265,98.9001,0,0,-98.9001,98.9001,265,0,0,0,10,12,-16.5,76.0848,1.5
750000266,101.392,0,0,-101.392,101.392,266,0,0,0,10,14,-29.5801,72.5801,1.5
766348474,101.392,0,0,-101.392,101.392,266,14,-29.5801,72.5801,1.5,0,0,0,10
766598471,105.076,0,0,-105.076,105.076,263,15,27.3788,72.3788,1.5,0,0,0,10
767723425,102.659,0,0,-102.659,102.659,217,3,-24.2338,59.5,1.5,0,0,0,10
767848321,84.6558,0,0,-84.6558,84.6558,113,9,4.88901,31.389,1.5,0,0,0,10
768723473,98.9001,0,0,-98.9001,98.9001,265,12,-16.5,76.0848,1.5,0,0,0,10
769348437,100.777,0,0,-100.777,100.777,229,17,28.5,60.9288,1.5,0,0,0,10
769848462,96.5646,0,0,-96.5646,96.5646,254,10,-1,74.7636,1.5,0,0,0,10
770598330,85.257,0,0,-85.257,85.257,122,16,9.95909,33.4591,1.5,0,0,0,10
770973303,83.5962,0,0,-83.5962,83.5962,95,7,7.54354,25.5,1.5,0,0,0,10
771223322,84.5726,0,0,-84.5726,84.5726,114,1,-9.08638,31.4136,1.5,0,0,0,10
771348395,95.3644,0,0,-95.3644,95.3644,187,5,-22,49.7179,1.5,0,0,0,10
771598377,96.8431,0,0,-96.8431,96.8431,169,13,19.8315,44.8315,1.5,0,0,0,10
771848464,105.151,0,0,-105.151,105.151,256,8,-23.4324,71.4324,1.5,0,0,0,10
772098308,83.9173,0,0,-83.9173,83.9173,100,19,9.6595,26.3405,1.5,0,0,0,10
772973300,83.7694,0,0,-83.7694,83.7694,92,4,-12.1975,24.1975,1.5,0,0,0,10
773348471,104.475,0,0,-104.475,104.475,263,18,34.9531,68.9531,1.5,0,0,0,10
773973382,99.1425,0,0,-99.1425,99.1425,174,2,-3.27702,51.5,1.5,0,0,0,10
774598439,96.1691,0,0,-96.1691,96.1691,231,11,13,66.5081,1.5,0,0,0,10
775223289,82.2155,0,0,-82.2155,82.2155,81,6,1.5,21.5839,1.5,0,0,0,10
776223384,95.974,0,0,-95.974,95.974,176,20,13.7,49.2,1.5,0,0,0,10
800000081,82.2155,0,0,-82.2155,82.2155,81,0,0,0,10,6,1.5,21.4339,1.5
800000092,83.7694,0,0,-83.7694,83.7694,92,0,0,0,10,4,-12.3036,24.3036,1.5
800000095,83.5962,0,0,-83.5962,83.5962,95,0,0,0,10,7,7.69354,25.5,1.5
800000100,83.9173,0,0,-83.9173,83.9173,100,0,0,0,10,19,9.76556,26.2344,1.5
800000113,84.6558,0,0,-84.6558,84.6558,113,0,0,0,10,9,4.78295,31.2829,1.5
800000114,84.5726,0,0,-84.5726,84.5726,114,0,0,0,10,1,-9.19245,31.3076,1.5
800000122,85.257,0,0,-85.257,85.257,122,0,0,0,10,16,9.85303,33.353,1.5
800000169,96.8431,0,0,-96.8431,96.8431,169,0,0,0,10,13,19.7255,44.7255,1.5
800000174,99.1425,0,0,-99.1425,99.1425,174,0,0,0,10,2,-3.42702,51.5,1.5
800000176,95.974,0,0,-95.974,95.974,176,0,0,0,10,20,13.594,49.094,1.5
800000187,95.3644,0,0,-95.3644,95.3644,187,0,0,0,10,5,-22,49.5679,1.5
800000217,102.659,0,0,-102.659,102.659,217,0,0,0,10,3,-24.0838,59.5,1.5
800000229,100.777,0,0,-100.777,100.777,229,0,0,0,10,17,28.5,60.7788,1.5
800000231,96.1691,0,0,-96.1691,96.1691,231,0,0,0,10,11,13,66.3581,1.5
800000254,96.5646,0,0,-96.5646,96.5646,254,0,0,0,10,10,-1,74.6136,1.5
800000256,105.151,0,0,-105.151,105.151,256,0,0,0,10,8,-23.3264,71.3264,1.5
800000263,105.076,0,0,-105.076,105.076,263,0,0,0,10,15,27.2728,72.2728,1.5
800000263,104.475,0,0,-104.475,104.475,263,0,0,0,10,18,34.847,68.847,1.5
800000265,98.9001,0,0,-98.9001,98.9001,265,0,0,0,10,12,-16.5,75.9348,1.5
800000266,101.392,0,0,-101.392,101.392,266,0,0,0,10,14,-29.474,72.474,1.5
816348474,101.392,0,0,-101.392,101.392,266,14,-29.474,72.474,1.5,0,0,0,10
816598471,105.076,0,0,-105.076,105.076,263,15,27.2728,72.2728,1.5,0,0,0,10
817723425,102.659,0,0,-102.659,102.659,217,3,-24.0838,59.5,1.5,0,0,0,10
817848321,84.6558,0,0,-84.6558,84.6558,113,9,4.78295,31.2829,1.5,0,0,0,10
818723473,98.9001,0,0,-98.9001,98.9001,265,12,-16.5,75.9348,1.5,0,0,0,10
819348437,100.777,0,0,-100.777,100.777,229,17,28.5,60.7788,1.5,0,0,0,10
819848462,96.5646,0,0,-96.5646,96.5646,254,10,-1,74.6136,1.5,0,0,0,10
820598330,85.257,0,0,-85.257,85.257,122,16,9.85303,33.353,1.5,0,0,0,10
820973303,83.5962,0,0,-83.5962,83.5962,95,7,7.69354,25.5,1.5,0,0,0,10
821223322,84.5726,0,0,-84.5726,84.5726,114,1,-9.19245,31.3076,1.5,0,0,0,10
821348395,95.3644,0,0,-95.3644,95.3644,187,5,-22,49.5679,1.5,0,0,0,10
821598377,96.8431,0,0,-96.8431,96.8431,169,13,19.7255,44.7255,1.5,0,0,0,10
821848464,105.151,0,0,-105.151,105.151,256,8,-23.3264,71.3264,1.5,0,0,0,10
822098308,83.9173,0,0,-83.9173,83.9173,100,19,9.76556,26.2344,1.5,0,0,0,10
822973300,83.7694,0,0,-83.7694,83.7694,92,4,-12.3036,24.3036,1.5,0,0,0,10
823348471,104.475,0,0,-104.475,104.475,263,18,34.847,68.847,1.5,0,0,0,10
823973382,99.1425,0,0,-99.1425,99.1425,174,2,-3.42702,51.5,1.5,0,0,0,10
824598439,96.1691,0,0,-96.1691,96.1691,231,11,13,66.3581,1.5,0,0,0,10
825223289,82.2155,0,0,-82.2155,82.2155,81,6,1.5,21.4339,1.5,0,0,0,10
826223384,95.974,0,0,-95.974,95.974,176,20,13.594,49.094,1.5,0,0,0,10
850000081,82.2155,0,0,-82.2155,82.2155,81,0,0,0,10,6,1.5,21.4339,1.5
850000092,83.7694,0,0,-83.7694,83.7694,92,0,0,0,10,4,-12.3036,24.3036,1.5
850000095,83.5962,0,0,-83.5962,83.5962,95,0,0,0,10,7,7.69354,25.5,1.5
850000100,83.9173,0,0,-83.9173,83.9173,100,0,0,0,10,19,9.76556,26.2344,1.5
850000113,84.6558,0,0,-84.6558,84.6558,113,0,0,0,10,9,4.78295,31.2829,1.5
850000114,84.5726,0,0,-84.5726,84.5726,114,0,0,0,10,1,-9.19245,31.3076,1.5
850000122,85.257,0,0,-85.257,85.257,122,0,0,0,10,16,9.85303,33.353,1.5
850000169,96.8431,0,0,-96.8431,96.8431,169,0,0,0,10,13,19.7255,44.7255,1.5
850000174,99.1425,0,0,-99.1425,99.1425,174,0,0,0,10,2,-3.42702,51.5,1.5
850000176,95.974,0,0,-95.974,95.974,176,0,0,0,10,20,13.594,49.094,1.5
850000187,95.3644,0,0,-95.3644,95.3644,187,0,0,0,10,5,-22,49.5679,1.5
850000217,102.659,0,0,-102.659,102.659,217,0,0,0,10,3,-24.0838,59.5,1.5
850000229,100.777,0,0,-100.777,100.777,229,0,0,0,10,17,28.5,60.7788,1.5
850000231,96.1691,0,0,-96.1691,96.1691,231,0,0,0,10,11,13,66.3581,1.5
850000254,96.5646,0,0,-96.5646,96.5646,254,0,0,0,10,10,-1,74.6136,1.5
850000256,105.151,0,0,-105.151,105.151,256,0,0,0,10,8,-23.3264,71.3264,1.5
850000263,105.076,0,0,-105.076,105.076,263,0,0,0,10,15,27.2728,72.2728,1.5
850000263,104.475,0,0,-104.475,104.475,263,0,0,0,10,18,34.847,68.847,1.5
850000265,98.9001,0,0,-98.9001,98.9001,265,0,0,0,10,12,-16.5,75.9348,1.5
850000266,101.392,0,0,-101.392,101.392,266,0,0,0,10,14,-29.474,72.474,1.5
866348474,101.392,0,0,-101.392,101.392,266,14,-29.474,72.474,1.5,0,0,0,10
866598471,105.076,0,0,-105.076,105.076,263,15,27.2728,72.2728,1.5,0,0,0,10
867723425,102.659,0,0,-102.659,102.659,217,3,-24.0838,59.5,1.5,0,0,0,10
867848321,84.6558,0,0,-84.6558,84.6558,113,9,4.78295,31.2829,1.5,0,0,0,10
868723473,98.9001,0,0,-98.9001,98.9001,265,12,-16.5,75.9348,1.5,0,0,0,10
869348437,100.777,0,0,-100.777,100.777,229,17,28.5,60.7788,1.5,0,0,0,10
869848462,96.5646,0,0,-96.5646,96.5646,254,10,-1,74.6136,1.5,0,0,0,10
870598330,85.257,0,0,-85.257,85.257,122,16,9.85303,33.353,1.5,0,0,0,10
870973303,83.5962,0,0,-83.5962,83.5962,95,7,7.69354,25.5,1.5,0,0,0,10
871223322,84.5726,0,0,-84.5726,84.5726,114,1,-9.19245,31.3076,1.5,0,0,0,10
871348395,95.3644,0,0,-95.3644,95.3644,187,5,-22,49.5679,1.5,0,0,0,10
871598377,96.8431,0,0,-96.8431,96.8431,169,13,19.7255,44.7255,1.5,0,0,0,10
871848464,105.151,0,0,-105.151,105.151,256,8,-23.3264,71.3264,1.5,0,0,0,10
872098308,83.9173,0,0,-83.9173,83.9173,100,19,9.76556,26.2344,1.5,0,0,0,10
872973300,83.7694,0,0,-83.7694,83.7694,92,4,-12.3036,24.3036,1.5,0,0,0,10
873348471,104.475,0,0,-104.475,104.475,263,18,34.847,68.847,1.5,0,0,0,10
873973382,99.1425,0,0,-99.1425,99.1425,174,2,-3.42702,51.5,1.5,0,0,0,10
874598439,96.1691,0,0,-96.1691,96.1691,231,11,13,66.3581,1.5,0,0,0,10
875223289,82.2155,0,0,-82.2155,82.2155,81,6,1.5,21.4339,1.5,0,0,0,10
876223384,95.974,0,0,-95.974,95.974,176,20,13.594,49.094,1.5,0,0,0,10
900000081,82.2155,0,0,-82.2155,82.2155,81,0,0,0,10,6,1.5,21.2839,1.5
900000092,83.7694,0,0,-83.7694,83.7694,92,0,0,0,10,4,-12.4096,24.4096,1.5
900000095,83.5962,0,0,-83.5962,83.5962,95,0,0,0,10,7,7.84354,25.5,1.5
900000100,83.9173,0,0,-83.9173,83.9173,100,0,0,0,10,19,9.87163,26.1284,1.5
900000113,84.6558,0,0,-84.6558,84.6558,113,0,0,0,10,9,4.67688,31.1769,1.5
900000114,84.5726,0,0,-84.5726,84.5726,114,0,0,0,10,1,-9.29852,31.2015,1.5
900000122,85.257,0,0,-85.257,85.257,122,0,0,0,10,16,9.74696,33.247,1.5
900000169,96.8431,0,0,-96.8431,96.8431,169,0,0,0,10,13,19.6194,44.6194,1.5
900000174,99.1425,0,0,-99.1425,99.1425,174,0,0,0,10,2,-3.57702,51.5,1.5
900000176,95.974,0,0,-95.974,95.974,176,0,0,0,10,20,13.4879,48.9879,1.5
900000187,95.3644,0,0,-95.3644,95.3644,187,0,0,0,10,5,-22,49.4179,1.5
900000217,102.659,0,0,-102.659,102.659,217,0,0,0,10,3,-23.9338,59.5,1.5
900000229,100.777,0,0,-100.777,100.777,229,0,0,0,10,17,28.5,60.6288,1.5
900000231,96.1691,0,0,-96.1691,96.1691,231,0,0,0,10,11,13,66.2081,1.5
900000254,96.5646,0,0,-96.5646,96.5646,254,0,0,0,10,10,-1,74.4636,1.5
900000256,105.151,0,0,-105.151,105.151,256,0,0,0,10,8,-23.2203,71.2203,1.5
900000263,105.076,0,0,-105.076,105.076,263,0,0,0,10,15,27.1667,72.1667,1.5
900000263,104.475,0,0,-104.475,104.475,263,0,0,0,10,18,34.7409,68.7409,1.5
900000265,98.9001,0,0,-98.9001,98.9001,265,0,0,0,10,12,-16.5,75.7848,1.5
900000266,101.392,0,0,-101.392,101.392,266,0,0,0,10,14,-29.368,72.368,1.5
916348474,101.392,0,0,-101.392,101.392,266,14,-29.368,72.368,1.5,0,0,0,10
916598471,105.076,0,0,-105.076,105.076,263,15,27.1667,72.1667,1.5,0,0,0,10
917723425,102.659,0,0,-102.659,102.659,217,3,-23.9338,59.5,1.5,0,0,0,10
917848321,84.6558,0,0,-84.6558,84.6558,113,9,4.67688,31.1769,1.5,0,0,0,10
918723473,98.9001,0,0,-98.9001,98.9001,265,12,-16.5,75.7848,1.5,0,0,0,10
919348437,100.777,0,0,-100.777,100.777,229,17,28.5,60.6288,1.5,0,0,0,10
919848462,96.5646,0,0,-96.5646,96.5646,254,10,-1,74.4636,1.5,0,0,0,10
920598330,85.257,0,0,-85.257,85.257,122,16,9.74696,33.247,1.5,0,0,0,10
920973303,83.5962,0,0,-83.5962,83.5962,95,7,7.84354,25.5,1.5,0,0,0,10
921223322,84.5726,0,0,-84.5726,84.5726,114,1,-9.29852,31.2015,1.5,0,0,0,10
921348395,95.3644,0,0,-95.3644,95.3644,187,5,-22,49.4179,1.5,0,0,0,10
921598377,96.8431,0,0,-96.8431,96.8431,169,13,19.6194,44.6194,1.5,0,0,0,10
921848464,105.151,0,0,-105.151,105.151,256,8,-23.2203,71.2203,1.5,0,0,0,10
922098308,83.9173,0,0,-83.9173,83.9173,100,19,9.87163,26.1284,1.5,0,0,0,10
922973300,83.7694,0,0,-83.7694,83.7694,92,4,-12.4096,24.4096,1.5,0,0,0,10
923348471,104.475,0,0,-104.475,104.475,263,18,34.7409,68.7409,1.5,0,0,0,10
923973382,99.1425,0,0,-99.1425,99.1425,174,2,-3.57702,51.5,1.5,0,0,0,10
924598439,96.1691,0,0,-96.1691,96.1691,231,11,13,66.2081,1.5,0,0,0,10
925223289,82.2155,0,0,-82.2155,82.2155,81,6,1.5,21.2839,1.5,0,0,0,10
926223384,95.974,0,0,-95.974,95.974,176,20,13.4879,48.9879,1.5,0,0,0,10
950000081,82.2155,0,0,-82.2155,82.2155,81,0,0,0,10,6,1.5,21.2839,1.5
950000092,83.7694,0,0,-83.7694,83.7694,92,0,0,0,10,4,-12.4096,24.4096,1.5
950000095,83.5962,0,0,-83.5962,83.5962,95,0,0,0,10,7,7.84354,25.5,1.5
950000100,83.9173,0,0,-83.9173,83.9173,100,0,0,0,10,19,9.87163,26.1284,1.5
950000113,84.6558,0,0,-84.6558,84.6558,113,0,0,0,10,9,4.67688,31.1769,1.5
950000114,84.5726,0,0,-84.5726,84.5726,114,0,0,0,10,1,-9.29852,31.2015,1.5
950000122,85.257,0,0,-85.257,85.257,122,0,0,0,10,16,9.74696,33.247,1.5
950000169,96.8431,0,0,-96.8431,96.8431,169,0,0,0,10,13,19.6194,44.6194,1.5
950000174,99.1425,0,0,-99.1425,99.1425,174,0,0,0,10,2,-3.57702,51.5,1.5
950000176,95.974,0,0,-95.974,95.974,176,0,0,0,10,20,13.4879,48.9879,1.5
950000187,95.3644,0,0,-95.3644,95.3644,187,0,0,0,10,5,-22,49.4179,1.5
950000217,102.659,0,0,-102.659,102.659,217,0,0,0,10,3,-23.9338,59.5,1.5
950000229,100.777,0,0,-100.777,100.777,229,0,0,0,10,17,28.5,60.6288,1.5
950000231,96.1691,0,0,-96.1691,96.1691,231,0,0,0,10,11,13,66.2081,1.5
950000254,96.5646,0,0,-96.5646,96.5646,254,0,0,0,10,10,-1,74.4636,1.5
950000256,105.151,0,0,-105.151,105.151,256,0,0,0,10,8,-23.2203,71.2203,1.5
950000263,105.076,0,0,-105.076,105.076,263,0,0,0,10,15,27.1667,72.1667,1.5
950000263,104.475,0,0,-104.475,104.475,263,0,0,0,10,18,34.7409,68.7409,1.5
950000265,98.9001,0,0,-98.9001,98.9001,265,0,0,0,10,12,-16.5,75.7848,1.5
950000266,101.392,0,0,-101.392,101.392,266,0,0,0,10,14,-29.368,72.368,1.5
966348474,101.392,0,0,-101.392,101.392,266,14,-29.368,72.368,1.5,0,0,0,10
966598471,105.076,0,0,-105.076,105.076,263,15,27.1667,72.1667,1.5,0,0,0,10
967723425,102.659,0,0,-102.659,102.659,217,3,-23.9338,59.5,1.5,0,0,0,10
967848321,84.6558,0,0,-84.6558,84.6558,113,9,4.67688,31.1769,1.5,0,0,0,10
968723473,98.9001,0,0,-98.9001,98.9001,265,12,-16.5,75.7848,1.5,0,0,0,10
969348437,100.777,0,0,-100.777,100.777,229,17,28.5,60.6288,1.5,0,0,0,10
969848462,96.5646,0,0,-96.5646,96.5646,254,10,-1,74.4636,1.5,0,0,0,10
970598330,85.257,0,0,-85.257,85.257,122,16,9.74696,33.247,1.5,0,0,0,10
970973303,83.5962,0,0,-83.5962,83.5962,95,7,7.84354,25.5,1.5,0,0,0,10
971223322,84.5726,0,0,-84.5726,84.5726,114,1,-9.29852,31.2015,1.5,0,0,0,10
971348395,95.3644,0,0,-95.3644,95.3644,187,5,-22,49.4179,1.5,0,0,0,10
971598377,96.8431,0,0,-96.8431,96.8431,169,13,19.6194,44.6194,1.5,0,0,0,10
971848464,105.151,0,0,-105.151,105.151,256,8,-23.2203,71.2203,1.5,0,0,0,10
972098308,83.9173,0,0,-83.9173,83.9173,100,19,9.87163,26.1284,1.5,0,0,0,10
972973300,83.7694,0,0,-83.7694,83.7694,92,4,-12.4096,24.4096,1.5,0,0,0,10
973348471,104.475,0,0,-104.475,104.475,263,18,34.7409,68.7409,1.5,0,0,0,10
973973382,99.1425,0,0,-99.1425,99.1425,174,2,-3.57702,51.5,1.5,0,0,0,10
974598439,96.1691,0,0,-96.1691,96.1691,231,11,13,66.2081,1.5,0,0,0,10
975223289,82.2155,0,0,-82.2155,82.2155,81,6,1.5,21.2839,1.5,0,0,0,10
976223384,95.974,0,0,-95.974,95.974,176,20,13.4879,48.9879,1.5,0,0,0,10
1000000081,82.2155,0,0,-82.2155,82.2155,81,0,0,0,10,6,1.5,21.1339,1.5
1000000092,83.7694,0,0,-83.7694,83.7694,92,0,0,0,10,4,-12.5157,24.5157,1.5
1000000095,83.5962,0,0,-83.5962,83.5962,95,0,0,0,10,7,7.99354,25.5,1.5
1000000100,83.9173,0,0,-83.9173,83.9173,100,0,0,0,10,19,9.9777,26.0223,1.5
1000000113,84.6558,0,0,-84.6558,84.6558,113,0,0,0,10,9,4.57082,31.0708,1.5
1000000114,84.5726,0,0,-84.5726,84.5726,114,0,0,0,10,1,-9.40458,31.0954,1.5
1000000122,85.257,0,0,-85.257,85.257,122,0,0,0,10,16,9.6409,33.1409,1.5
1000000169,96.8431,0,0,-96.8431,96.8431,169,0,0,0,10,13,19.5133,44.5133,1.5
1000000174,99.1425,0,0,-99.1425,99.1425,174,0,0,0,10,2,-3.72702,51.5,1.5
1000000176,95.974,0,0,-95.974,95.974,176,0,0,0,10,20,13.3818,48.8818,1.5
1000000187,95.3644,0,0,-95.3644,95.3644,187,0,0,0,10,5,-22,49.2679,1.5
1000000217,102.659,0,0,-102.659,102.659,217,0,0,0,10,3,-23.7838,59.5,1.5
1000000229,100.777,0,0,-100.777,100.777,229,0,0,0,10,17,28.5,60.4788,1.5
1000000231,96.1691,0,0,-96.1691,96.1691,231,0,0,0,10,11,13,66.0581,1.5
1000000254,96.5646,0,0,-96.5646,96.5646,254,0,0,0,10,10,-1,74.3136,1.5
1000000256,105.151,0,0,-105.151,105.151,256,0,0,0,10,8,-23.1142,71.1142,1.5
1000000263,105.076,0,0,-105.076,105.076,263,0,0,0,10,15,27.0606,72.0606,1.5
1000000263,104.475,0,0,-104.475,104.475,263,0,0,0,10,18,34.6349,68.6349,1.5
1000000265,98.9001,0,0,-98.9001,98.9001,265,0,0,0,10,12,-16.5,75.6348,1.5
1000000266,101.392,0,0,-101.392,101.392,266,0,0,0,10,14,-29.2619,72.2619,1.5
1016348474,101.392,0,0,-101.392,101.392,266,14,-29.2619,72.2619,1.5,0,0,0,10
1016598471,105.076,0,0,-105.076,105.076,263,15,27.0606,72.0606,1.5,0,0,0,10
1017723425,102.659,0,0,-102.659,102.659,217,3,-23.7838,59.5,1.5,0,0,0,10
1017848321,84.6558,0,0,-84.6558,84.6558,113,9,4.57082,31.0708,1.5,0,0,0,10
1018723473,98.9001,0,0,-98.9001,98.9001,265,12,-16.5,75.6348,1.5,0,0,0,10
1019348437,100.777,0,0,-100.777,100.777,229,17,28.5,60.4788,1.5,0,0,0,10
1019848462,96.5646,0,0,-96.5646,96.5646,254,10,-1,74.3136,1.5,0,0,0,10
1020598330,85.257,0,0,-85.257,85.257,122,16,9.6409,33.1409,1.5,0,0,0,10
1020973303,83.5962,0,0,-83.5962,83.5962,95,7,7.99354,25.5,1.5,0,0,0,10
1021223322,84.5726,0,0,-84.5726,84.5726,114,1,-9.40458,31.0954,1.5,0,0,0,10
1021348395,95.3644,0,0,-95.3644,95.3644,187,5,-22,49.2679,1.5,0,0,0,10
1021598377,96.8431,0,0,-96.8431,96.8431,169,13,19.5133,44.5133,1.5,0,0,0,10
1021848464,105.151,0,0,-105.151,105.151,256,8,-23.1142,71.1142,1.5,0,0,0,10
1022098308,83.9173,0,0,-83.9173,83.9173,100,19,9.9777,26.0223,1.5,0,0,0,10
1022973300,83.7694,0,0,-83.7694,83.7694,92,4,-12.5157,24.5157,1.5,0,0,0,10
1023348471,104.475,0,0,-104.475,104.475,263,18,34.6349,68.6349,1.5,0,0,0,10
1023973382,99.1425,0,0,-99.1425,99.1425,174,2,-3.72702,51.5,1.5,0,0,0,10
1024598439,96.1691,0,0,-96.1691,96.1691,231,11,13,66.0581,1.5,0,0,0,10
1025223289,82.2155,0,0,-82.2155,82.2155,81,6,1.5,21.1339,1.5,0,0,0,10
1026223384,95.974,0,0,-95.974,95.974,176,20,13.3818,48.8818,1.5,0,0,0,10
1050000081,82.2155,0,0,-82.2155,82.2155,81,0,0,0,10,6,1.5,21.1339,1.5
1050000092,83.7694,0,0,-83.7694,83.7694,92,0,0,0,10,4,-12.5157,24.5157,1.5
1050000095,83.5962,0,0,-83.5962,83.5962,95,0,0,0,10,7,7.99354,25.5,1.5
1050000100,83.9173,0,0,-83.9173,83.9173,100,0,0,0,10,19,9.9777,26.0223,1.5
1050000113,84.6558,0,0,-84.6558,84.6558,113,0,0,0,10,9,4.57082,31.0708,1.5
1050000114,84.5726,0,0,-84.5726,84.5726,114,0,0,0,10,1,-9.40458,31.0954,1.5
1050000122,85.257,0,0,-85.257,85.257,122,0,0,0,10,16,9.6409,33.1409,1.5
1050000169,96.8431,0,0,-96.8431,96.8431,169,0,0,0,10,13,19.5133,44.5133,1.5
1050000174,99.1425,0,0,-99.1425,99.1425,174,0,0,0,10,2,-3.72702,51.5,1.5
1050000176,95.974,0,0,-95.974,95.974,176,0,0,0,10,20,13.3818,48.8818,1.5
1050000187,95.3644,0,0,-95.3644,95.3644,187,0,0,0,10,5,-22,49.2679,1.5
1050000217,102.659,0,0,-102.659,102.659,217,0,0,0,10,3,-23.7838,59.5,1.5
1050000229,100.777,0,0,-100.777,100.777,229,0,0,0,10,17,28.5,60.4788,1.5
1050000231,96.1691,0,0,-96.1691,96.1691,231,0,0,0,10,11,13,66.0581,1.5
1050000254,96.5646,0,0,-96.5646,96.5646,254,0,0,0,10,10,-1,74.3136,1.5
1050000256,105.151,0,0,-105.151,105.151,256,0,0,0,10,8,-23.1142,71.1142,1.5
1050000263,105.076,0,0,-105.076,105.076,263,0,0,0,10,15,27.0606,72.0606,1.5
1050000263,104.475,0,0,-104.475,104.475,263,0,0,0,10,18,34.6349,68.6349,1.5
1050000265,98.9001,0,0,-98.9001,98.9001,265,0,0,0,10,12,-16.5,75.6348,1.5
1050000266,101.392,0,0,-101.392,101.392,266,0,0,0,10,14,-29.2619,72.2619,1.5
1066348474,101.392,0,0,-101.392,101.392,266,14,-29.2619,72.2619,1.5,0,0,0,10
1066598471,105.076,0,0,-105.076,105.076,263,15,27.0606,72.0606,1.5,0,0,0,10
1067723425,102.659,0,0,-102.659,102.659,217,3,-23.7838,59.5,1.5,0,0,0,10
1067848321,84.6558,0,0,-84.6558,84.6558,113,9,4.57082,31.0708,1.5,0,0,0,10
1068723473,98.9001,0,0,-98.9001,98.9001,265,12,-16.5,75.6348,1.5,0,0,0,10
1069348437,100.777,0,0,-100.777,100.777,229,17,28.5,60.4788,1.5,0,0,0,10
1069848462,96.5646,0,0,-96.5646,96.5646,254,10,-1,74.3136,1.5,0,0,0,10
1070598330,85.257,0,0,-85.257,85.257,122,16,9.6409,33.1409,1.5,0,0,0,10
1070973303,83.5962,0,0,-83.5962,83.5962,95,7,7.99354,25.5,1.5,0,0,0,10
1071223322,84.5726,0,0,-84.5726,84.5726,114,1,-9.40458,31.0954,1.5,0,0,0,10
1071348395,95.3644,0,0,-95.3644,95.3644,187,5,-22,49.2679,1.5,0,0,0,10
1071598377,96.8431,0,0,-96.8431,96.8431,169,13,19.5133,44.5133,1.5,0,0,0,10
1071848464,105.151,0,0,-105.151,105.151,256,8,-23.1142,71.1142,1.5,0,0,0,10
1072098308,83.9173,0,0,-83.9173,83.9173,100,19,9.9777,26.0223,1.5,0,0,0,10
1072973300,83.7694,0,0,-83.7694,83.7694,92,4,-12.5157,24.5157,1.5,0,0,0,10
1073348471,104.475,0,0,-104.475,104.475,263,18,34.6349,68.6349,1.5,0,0,0,10
1073973382,99.1425,0,0,-99.1425,99.1425,174,2,-3.72702,51.5,1.5,0,0,0,10
1074598439,96.1691,0,0,-96.1691,96.1691,231,11,13,66.0581,1.5,0,0,0,10
1075223289,82.2155,0,0,-82.2155,82.2155,81,6,1.5,21.1339,1.5,0,0,0,10
1076223384,95.974,0,0,-95.974,95.974,176,20,13.3818,48.8818,1.5,0,0,0,10
1100000081,82.2155,0,0,-82.2155,82.2155,81,0,0,0,10,6,1.5,20.9839,1.5
1100000092,83.7694,0,0,-83.7694,83.7694,92,0,0,0,10,4,-12.6218,24.6218,1.5
1100000095,83.5962,0,0,-83.5962,83.5962,95,0,0,0,10,7,8.1015,25.3985,1.5
1100000100,83.9173,0,0,-83.9173,83.9173,100,0,0,0,10,19,10.0838,25.9162,1.5
1100000113,84.6558,0,0,-84.6558,84.6558,113,0,0,0,10,9,4.46475,30.9647,1.5
1100000114,84.5726,0,0,-84.5726,84.5726,114,0,0,0,10,1,-9.51065,30.9894,1.5
1100000122,85.257,0,0,-85.257,85.257,122,0,0,0,10,16,9.53483,33.0348,1.5
1100000169,96.8431,0,0,-96.8431,96.8431,169,0,0,0,10,13,19.4073,44.4073,1.5
1100000174,99.1425,0,0,-99.1425,99.1425,174,0,0,0,10,2,-3.87702,51.5,1.5
1100000176,95.974,0,0,-95.974,95.974,176,0,0,0,10,20,13.2758,48.7758,1.5
1100000187,95.3644,0,0,-95.3644,95.3644,187,0,0,0,10,5,-22,49.1179,1.5
1100000217,102.659,0,0,-102.659,102.659,217,0,0,0,10,3,-23.6338,59.5,1.5
1100000229,100.777,0,0,-100.777,100.777,229,0,0,0,10,17,28.5,60.3288,1.5
1100000231,96.1691,0,0,-96.1691,96.1691,231,0,0,0,10,11,13,65.9081,1.5
1100000254,96.5646,0,0,-96.5646,96.5646,254,0,0,0,10,10,-1,74.1636,1.5
1100000256,105.151,0,0,-105.151,105.151,256,0,0,0,10,8,-23.0082,71.0082,1.5
1100000263,105.076,0,0,-105.076,105.076,263,0,0,0,10,15,26.9546,71.9546,1.5
1100000263,104.475,0,0,-104.475,104.475,263,0,0,0,10,18,34.5288,68.5288,1.5
1100000265,98.9001,0,0,-98.9001,98.9001,265,0,0,0,10,12,-16.5,75.4848,1.5
1100000266,101.392,0,0,-101.392,101.392,266,0,0,0,10,14,-29.1558,72.1558,1.5
1116348474,101.392,0,0,-101.392,101.392,266,14,-29.1558,72.1558,1.5,0,0,0,10
1116598471,105.076,0,0,-105.076,105.076,263,15,26.9546,71.9546,1.5,0,0,0,10
1117723425,102.659,0,0,-102.659,102.659,217,3,-23.6338,59.5,1.5,0,0,0,10
1117848321,84.6558,0,0,-84.6558,84.6558,113,9,4.46475,30.9647,1.5,0,0,0,10
1118723473,98.9001,0,0,-98.9001,98.9001,265,12,-16.5,75.4848,1.5,0,0,0,10
1119348437,100.777,0,0,-100.777,100.777,229,17,28.5,60.3288,1.5,0,0,0,10
1119848462,96.5646,0,0,-96.5646,96.5646,254,10,-1,74.1636,1.5,0,0,0,10
1120598330,85.257,0,0,-85.257,85.257,122,16,9.53483,33.0348,1.5,0,0,0,10
1120973303,83.5962,0,0,-83.5962,83.5962,95,7,8.1015,25.3985,1.5,0,0,0,10
1121223322,84.5726,0,0,-84.5726,84.5726,114,1,-9.51065,30.9894,1.5,0,0,0,10
1121348395,95.3644,0,0,-95.3644,95.3644,187,5,-22,49.1179,1.5,0,0,0,10
1121598377,96.8431,0,0,-96.8431,96.8431,169,13,19.4073,44.4073,1.5,0,0,0,10
1121848464,105.151,0,0,-105.151,105.151,256,8,-23.0082,71.0082,1.5,0,0,0,10
1122098308,83.9173,0,0,-83.9173,83.9173,100,19,10.0838,25.9162,1.5,0,0,0,10
1122973300,83.7694,0,0,-83.7694,83.7694,92,4,-12.6218,24.6218,1.5,0,0,0,10
1123348471,104.475,0,0,-104.475,104.475,263,18,34.5288,68.5288,1.5,0,0,0,10
1123973382,99.1425,0,0,-99.1425,99.1425,174,2,-3.87702,51.5,1.5,0,0,0,10
1124598439,96.1691,0,0,-96.1691,96.1691,231,11,13,65.9081,1.5,0,0,0,10
1125223289,82.2155,0,0,-82.2155,82.2155,81,6,1.5,20.9839,1.5,0,0,0,10
1126223384,95.974,0,0,-95.974,95.974,176,20,13.2758,48.7758,1.5,0,0,0,10
1150000081,82.2155,0,0,-82.2155,82.2155,81,0,0,0,10,6,1.5,20.9839,1.5
1150000092,83.7694,0,0,-83.7694,83.7694,92,0,0,0,10,4,-12.6218,24.6218,1.5
1150000095,83.5962,0,0,-83.5962,83.5962,95,0,0,0,10,7,8.1015,25.3985,1.5
1150000100,83.9173,0,0,-83.9173,83.9173,100,0,0,0,10,19,10.0838,25.9162,1.5
1150000113,84.6558,0,0,-84.6558,84.6558,113,0,0,0,10,9,4.46475,30.9647,1.5
1150000114,84.5726,0,0,-84.5726,84.5726,114,0,0,0,10,1,-9.51065,30.9894,1.5
1150000122,85.257,0,0,-85.257,85.257,122,0,0,0,10,16,9.53483,33.0348,1.5
1150000169,96.8431,0,0,-96.8431,96.8431,169,0,0,0,10,13,19.4073,44.4073,1.5
1150000174,99.1425,0,0,-99.1425,99.1425,174,0,0,0,10,2,-3.87702,51.5,1.5
1150000176,95.974,0,0,-95.974,95.974,176,0,0,0,10,20,13.2758,48.7758,1.5
1150000187,95.3644,0,0,-95.3644,95.3644,187,0,0,0,10,5,-22,49.1179,1.5
1150000217,102.659,0,0,-102.659,102.659,217,0,0,0,10,3,-23.6338,59.5,1.5
1150000229,100.777,0,0,-100.777,100.777,229,0,0,0,10,17,28.5,60.3288,1.5
1150000231,96.1691,0,0,-96.1691,96.1691,231,0,0,0,10,11,13,65.9081,1.5
1150000254,96.5646,0,0,-96.5646,96.5646,254,0,0,0,10,10,-1,74.1636,1.5
1150000256,105.151,0,0,-105.151,105.151,256,0,0,0,10,8,-23.0082,71.0082,1.5
1150000263,105.076,0,0,-105.076,105.076,263,0,0,0,10,15,26.9546,71.9546,1.5
1150000263,104.475,0,0,-104.475,104.475,263,0,0,0,10,18,34.5288,68.5288,1.5
1150000265,98.9001,0,0,-98.9001,98.9001,265,0,0,0,10,12,-16.5,75.4848,1.5
1150000266,101.392,0,0,-101.392,101.392,266,0,0,0,10,14,-29.1558,72.1558,1.5
1166348474,101.392,0,0,-101.392,101.392,266,14,-29.1558,72.1558,1.5,0,0,0,10
1166598471,105.076,0,0,-105.076,105.076,263,15,26.9546,71.9546,1.5,0,0,0,10
1167723425,102.659,0,0,-102.659,102.659,217,3,-23.6338,59.5,1.5,0,0,0,10
1167848321,84.6558,0,0,-84.6558,84.6558,113,9,4.46475,30.9647,1.5,0,0,0,10
1168723473,98.9001,0,0,-98.9001,98.9001,265,12,-16.5,75.4848,1.5,0,0,0,10
1169348437,100.777,0,0,-100.777,100.777,229,17,28.5,60.3288,1.5,0,0,0,10
1169848462,96.5646,0,0,-96.5646,96.5646,254,10,-1,74.1636,1.5,0,0,0,10
1170598330,85.257,0,0,-85.257,85.257,122,16,9.53483,33.0348,1.5,0,0,0,10
1170973303,83.5962,0,0,-83.5962,83.5962,95,7,8.1015,25.3985,1.5,0,0,0,10
1171223322,84.5726,0,0,-84.5726,84.5726,114,1,-9.51065,30.9894,1.5,0,0,0,10
1171348395,95.3644,0,0,-95.3644,95.3644,187,5,-22,49.1179,1.5,0,0,0,10
1171598377,96.8431,0,0,-96.8431,96.8431,169,13,19.4073,44.4073,1.5,0,0,0,10
1171848464,105.151,0,0,-105.151,105.151,256,8,-23.0082,71.0082,1.5,0,0,0,10
1172098308,83.9173,0,0,-83.9173,83.9173,100,19,10.0838,25.9162,1.5,0,0,0,10
1172973300,83.7694,0,0,-83.7694,83.7694,92,4,-12.6218,24.6218,1.5,0,0,0,10
1173348471,104.475,0,0,-104.475,104.475,263,18,34.5288,68.5288,1.5,0,0,0,10
1173973382,99.1425,0,0,-99.1425,99.1425,174,2,-3.87702,51.5,1.5,0,0,0,10
1174598439,96.1691,0,0,-96.1691,96.1691,231,11,13,65.9081,1.5,0,0,0,10
1175223289,82.2155,0,0,-82.2155,82.2155,81,6,1.5,20.9839,1.5,0,0,0,10
1176223384,95.974,0,0,-95.974,95.974,176,20,13.2758,48.7758,1.5,0,0,0,10
1200000081,82.2155,0,0,-82.2155,82.2155,81,0,0,0,10,6,1.5,20.8339,1.5
1200000092,83.7694,0,0,-83.7694,83.7694,92,0,0,0,10,4,-12.7278,24.7278,1.5
1200000095,83.5962,0,0,-83.5962,83.5962,95,0,0,0,10,7,8.20756,25.2924,1.5
1200000100,83.9173,0,0,-83.9173,83.9173,100,0,0,0,10,19,10.1898,25.8102,1.5
1200000113,84.6558,0,0,-84.6558,84.6558,113,0,0,0,10,9,4.35868,30.8587,1.5
1200000114,84.5726,0,0,-84.5726,84.5726,114,0,0,0,10,1,-9.61671,30.8833,1.5
1200000122,85.257,0,0,-85.257,85.257,122,0,0,0,10,16,9.39926,33,1.5
1200000169,96.8431,0,0,-96.8431,96.8431,169,0,0,0,10,13,19.3012,44.3012,1.5
1200000174,99.1425,0,0,-99.1425,99.1425,174,0,0,0,10,2,-4.02702,51.5,1.5
1200000176,95.974,0,0,-95.974,95.974,176,0,0,0,10,20,13.1697,48.6697,1.5
1200000187,95.3644,0,0,-95.3644,95.3644,187,0,0,0,10,5,-22,48.9679,1.5
1200000217,102.659,0,0,-102.659,102.659,217,0,0,0,10,3,-23.4838,59.5,1.5
1200000229,100.777,0,0,-100.777,100.777,229,0,0,0,10,17,28.5,60.1788,1.5
1200000231,96.1691,0,0,-96.1691,96.1691,231,0,0,0,10,11,13,65.7581,1.5
1200000254,96.5646,0,0,-96.5646,96.5646,254,0,0,0,10,10,-1,74.0136,1.5
1200000256,105.151,0,0,-105.151,105.151,256,0,0,0,10,8,-22.9021,70.9021,1.5
1200000263,105.076,0,0,-105.076,105.076,263,0,0,0,10,15,26.8485,71.8485,1.5
1200000263,104.475,0,0,-104.475,104.475,263,0,0,0,10,18,34.4227,68.4227,1.5
1200000265,98.9001,0,0,-98.9001,98.9001,265,0,0,0,10,12,-16.5,75.3348,1.5
1200000266,101.392,0,0,-101.392,101.392,266,0,0,0,10,14,-29.0498,72.0498,1.5
1216348474,101.392,0,0,-101.392,101.392,266,14,-29.0498,72.0498,1.5,0,0,0,10
1216598471,105.076,0,0,-105.076,105.076,263,15,26.8485,71.8485,1.5,0,0,0,10
1217723425,102.659,0,0,-102.659,102.659,217,3,-23.4838,59.5,1.5,0,0,0,10
1217848321,84.6558,0,0,-84.6558,84.6558,113,9,4.35868,30.8587,1.5,0,0,0,10
1218723473,98.9001,0,0,-98.9001,98.9001,265,12,-16.5,75.3348,1.5,0,0,0,10
1219348437,100.777,0,0,-100.777,100.777,229,17,28.5,60.1788,1.5,0,0,0,10
1219848462,96.5646,0,0,-96.5646,96.5646,254,10,-1,74.0136,1.5,0,0,0,10
1220598330,85.257,0,0,-85.257,85.257,122,16,9.39926,33,1.5,0,0,0,10
1220973303,83.5962,0,0,-83.5962,83.5962,95,7,8.20756,25.2924,1.5,0,0,0,10
1221223322,84.5726,0,0,-84.5726,84.5726,114,1,-9.61671,30.8833,1.5,0,0,0,10
1221348395,95.3644,0,0,-95.3644,95.3644,187,5,-22,48.9679,1.5,0,0,0,10
1221598377,96.8431,0,0,-96.8431,96.8431,169,13,19.3012,44.3012,1.5,0,0,0,10
1221848464,105.151,0,0,-105.151,105.151,256,8,-22.9021,70.9021,1.5,0,0,0,10
1222098308,83.9173,0,0,-83.9173,83.9173,100,19,10.1898,25.8102,1.5,0,0,0,10
1222973300,83.7694,0,0,-83.7694,83.7694,92,4,-12.7278,24.7278,1.5,0,0,0,10
1223348471,104.475,0,0,-104.475,104.475,263,18,34.4227,68.4227,1.5,0,0,0,10
1223973382,99.1425,0,0,-99.1425,99.1425,174,2,-4.02702,51.5,1.5,0,0,0,10
1224598439,96.1691,0,0,-96.1691,96.1691,231,11,13,65.7581,1.5,0,0,0,10
1225223289,82.2155,0,0,-82.2155,82.2155,81,6,1.5,20.8339,1.5,0,0,0,10
1226223384,95.974,0,0,-95.974,95.974,176,20,13.1697,48.6697,1.5,0,0,0,10
1250000081,82.2155,0,0,-82.2155,82.2155,81,0,0,0,10,6,1.5,20.8339,1.5
1250000092,83.7694,0,0,-83.7694,83.7694,92,0,0,0,10,4,-12.7278,24.7278,1.5
1250000095,83.5962,0,0,-83.5962,83.5962,95,0,0,0,10,7,8.20756,25.2924,1.5
1250000100,83.9173,0,0,-83.9173,83.9173,100,0,0,0,10,19,10.1898,25.8102,1.5
1250000113,84.6558,0,0,-84.6558,84.6558,113,0,0,0,10,9,4.35868,30.8587,1.5
1250000114,84.5726,0,0,-84.5726,84.5726,114,0,0,0,10,1,-9.61671,30.8833,1.5
1250000122,85.257,0,0,-85.257,85.257,122,0,0,0,10,16,9.39926,33,1.5
1250000169,96.8431,0,0,-96.8431,96.8431,169,0,0,0,10,13,19.3012,44.3012,1.5
1250000174,99.1425,0,0,-99.1425,99.1425,174,0,0,0,10,2,-4.02702,51.5,1.5
1250000176,95.974,0,0,-95.974,95.974,176,0,0,0,10,20,13.1697,48.6697,1.5
1250000187,95.3644,0,0,-95.3644,95.3644,187,0,0,0,10,5,-22,48.9679,1.5
1250000217,102.659,0,0,-102.659,102.659,217,0,0,0,10,3,-23.4838,59.5,1.5
1250000229,100.777,0,0,-100.777,100.777,229,0,0,0,10,17,28.5,60.1788,1.5
1250000231,96.1691,0,0,-96.1691,96.1691,231,0,0,0,10,11,13,65.7581,1.5
1250000254,96.5646,0,0,-96.5646,96.5646,254,0,0,0,10,10,-1,74.0136,1.5
1250000256,105.151,0,0,-105.151,105.151,256,0,0,0,10,8,-22.9021,70.9021,1.5
1250000263,105.076,0,0,-105.076,105.076,263,0,0,0,10,15,26.8485,71.8485,1.5
1250000263,104.475,0,0,-104.475,104.475,263,0,0,0,10,18,34.4227,68.4227,1.5
1250000265,98.9001,0,0,-98.9001,98.9001,265,0,0,0,10,12,-16.5,75.3348,1.5
1250000266,101.392,0,0,-101.392,101.392,266,0,0,0,10,14,-29.0498,72.0498,1.5
1266348474,101.392,0,0,-101.392,101.392,266,14,-29.0498,72.0498,1.5,0,0,0,10
1266598471,105.076,0,0,-105.076,105.076,263,15,26.8485,71.8485,1.5,0,0,0,10
1267723425,102.659,0,0,-102.659,102.659,217,3,-23.4838,59.5,1.5,0,0,0,10
1267848321,84.6558,0,0,-84.6558,84.6558,113,9,4.35868,30.8587,1.5,0,0,0,10
1268723473,98.9001,0,0,-98.9001,98.9001,265,12,-16.5,75.3348,1.5,0,0,0,10
1269348437,100.777,0,0,-100.777,100.777,229,17,28.5,60.1788,1.5,0,0,0,10
1269848462,96.5646,0,0,-96.5646,96.5646,254,10,-1,74.0136,1.5,0,0,0,10
1270598330,85.257,0,0,-85.257,85.257,122,16,9.39926,33,1.5,0,0,0,10
1270973303,83.5962,0,0,-83.5962,83.5962,95,7,8.20756,25.2924,1.5,0,0,0,10
1271223322,84.5726,0,0,-84.5726,84.5726,114,1,-9.61671,30.8833,1.5,0,0,0,10
1271348395,95.3644,0,0,-95.3644,95.3644,187,5,-22,48.9679,1.5,0,0,0,10
1271598377,96.8431,0,0,-96.8431,96.8431,169,13,19.3012,44.3012,1.5,0,0,0,10
1271848464,105.151,0,0,-105.151,105.151,256,8,-22.9021,70.9021,1.5,0,0,0,10
1272098308,83.9173,0,0,-83.9173,83.9173,100,19,10.1898,25.8102,1.5,0,0,0,10
1272973300,83.7694,0,0,-83.7694,83.7694,92,4,-12.7278,24.7278,1.5,0,0,0,10
1273348471,104.475,0,0,-104.475,104.475,263,18,34.4227,68.4227,1.5,0,0,0,10
1273973382,99.1425,0,0,-99.1425,99.1425,174,2,-4.02702,51.5,1.5,0,0,0,10
1274598439,96.1691,0,0,-96.1691,96.1691,231,11,13,65.7581,1.5,0,0,0,10
1275223289,82.2155,0,0,-82.2155,82.2155,81,6,1.5,20.8339,1.5,0,0,0,10
1276223384,95.974,0,0,-95.974,95.974,176,20,13.1697,48.6697,1.5,0,0,0,10
1300000081,82.2155,0,0,-82.2155,82.2155,81,0,0,0,10,6,1.5,20.6839,1.5
1300000092,83.7694,0,0,-83.7694,83.7694,92,0,0,0,10,4,-12.8339,24.8339,1.5
1300000095,83.5962,0,0,-83.5962,83.5962,95,0,0,0,10,7,8.31363,25.1864,1.5
1300000100,83.9173,0,0,-83.9173,83.9173,100,0,0,0,10,19,10.2959,25.7041,1.5
1300000113,84.6558,0,0,-84.6558,84.6558,113,0,0,0,10,9,4.25262,30.7526,1.5
1300000114,84.5726,0,0,-84.5726,84.5726,114,0,0,0,10,1,-9.72278,30.7772,1.5
1300000122,85.257,0,0,-85.257,85.257,122,0,0,0,10,16,9.24926,33,1.5
1300000169,96.8431,0,0,-96.8431,96.8431,169,0,0,0,10,13,19.1951,44.1951,1.5
1300000174,99.1425,0,0,-99.1425,99.1425,174,0,0,0,10,2,-4.17702,51.5,1.5
1300000176,95.974,0,0,-95.974,95.974,176,0,0,0,10,20,13.0636,48.5636,1.5
1300000187,95.3644,0,0,-95.3644,95.3644,187,0,0,0,10,5,-22,48.8179,1.5
1300000217,102.659,0,0,-102.659,102.659,217,0,0,0,10,3,-23.3338,59.5,1.5
1300000229,100.777,0,0,-100.777,100.777,229,0,0,0,10,17,28.5,60.0288,1.5
1300000231,96.1691,0,0,-96.1691,96.1691,231,0,0,0,10,11,13,65.6081,1.5
1300000254,96.5646,0,0,-96.5646,96.5646,254,0,0,0,10,10,-1,73.8636,1.5
1300000256,105.151,0,0,-105.151,105.151,256,0,0,0,10,8,-22.796,70.796,1.5
1300000263,105.076,0,0,-105.076,105.076,263,0,0,0,10,15,26.7424,71.7424,1.5
1300000263,104.475,0,0,-104.475,104.475,263,0,0,0,10,18,34.3167,68.3167,1.5
1300000265,98.9001,0,0,-98.9001,98.9001,265,0,0,0,10,12,-16.5,75.1848,1.5
1300000266,101.392,0,0,-101.392,101.392,266,0,0,0,10,14,-28.9437,71.9437,1.5
1316348474,101.392,0,0,-101.392,101.392,266,14,-28.9437,71.9437,1.5,0,0,0,10
1316598471,105.076,0,0,-105.076,105.076,263,15,26.7424,71.7424,1.5,0,0,0,10
1317723425,102.659,0,0,-102.659,102.659,217,3,-23.3338,59.5,1.5,0,0,0,10
1317848321,84.6558,0,0,-84.6558,84.6558,113,9,4.25262,30.7526,1.5,0,0,0,10
1318723473,98.9001,0,0,-98.9001,98.9001,265,12,-16.5,75.1848,1.5,0,0,0,10
1319348437,100.777,0,0,-100.777,100.777,229,17,28.5,60.0288,1.5,0,0,0,10
1319848462,96.5646,0,0,-96.5646,96.5646,254,10,-1,73.8636,1.5,0,0,0,10
1320598330,85.257,0,0,-85.257,85.257,122,16,9.24926,33,1.5,0,0,0,10
1320973303,83.5962,0,0,-83.5962,83.5962,95,7,8.31363,25.1864,1.5,0,0,0,10
1321223322,84.5726,0,0,-84.5726,84.5726,114,1,-9.72278,30.7772,1.5,0,0,0,10
1321348395,95.3644,0,0,-95.3644,95.3644,187,5,-22,48.8179,1.5,0,0,0,10
1321598377,96.8431,0,0,-96.8431,96.8431,169,13,19.1951,44.1951,1.5,0,0,0,10
1321848464,105.151,0,0,-105.151,105.151,256,8,-22.796,70.796,1.5,0,0,0,10
1322098308,83.9173,0,0,-83.9173,83.9173,100,19,10.2959,25.7041,1.5,0,0,0,10
1322973300,83.7694,0,0,-83.7694,83.7694,92,4,-12.8339,24.8339,1.5,0,0,0,10
1323348471,104.475,0,0,-104.475,104.475,263,18,34.3167,68.3167,1.5,0,0,0,10
1323973382,99.1425,0,0,-99.1425,99.1425,174,2,-4.17702,51.5,1.5,0,0,0,10
1324598439,96.1691,0,0,-96.1691,96.1691,231,11,13,65.6081,1.5,0,0,0,10
1325223289,82.2155,0,0,-82.2155,82.2155,81,6,1.5,20.6839,1.5,0,0,0,10
1326223384,95.974,0,0,-95.974,95.974,176,20,13.0636,48.5636,1.5,0,0,0,10
1350000081,82.2155,0,0,-82.2155,82.2155,81,0,0,0,10,6,1.5,20.6839,1.5
1350000092,83.7694,0,0,-83.7694,83.7694,92,0,0,0,10,4,-12.8339,24.8339,1.5
1350000095,83.5962,0,0,-83.5962,83.5962,95,0,0,0,10,7,8.31363,25.1864,1.5
1350000100,83.9173,0,0,-83.9173,83.9173,100,0,0,0,10,19,10.2959,25.7041,1.5
1350000113,84.6558,0,0,-84.6558,84.6558,113,0,0,0,10,9,4.25262,30.7526,1.5
1350000114,84.5726,0,0,-84.5726,84.5726,114,0,0,0,10,1,-9.72278,30.7772,1.5
1350000122,85.257,0,0,-85.257,85.257,122,0,0,0,10,16,9.24926,33,1.5
1350000169,96.8431,0,0,-96.8431,96.8431,169,0,0,0,10,13,19.1951,44.1951,1.5
1350000174,99.1425,0,0,-99.1425,99.1425,174,0,0,0,10,2,-4.17702,51.5,1.5
1350000176,95.974,0,0,-95.974,95.974,176,0,0,0,10,20,13.0636,48.5636,1.5
1350000187,95.3644,0,0,-95.3644,95.3644,187,0,0,0,10,5,-22,48.8179,1.5
1350000217,102.659,0,0,-102.659,102.659,217,0,0,0,10,3,-23.3338,59.5,1.5
1350000229,100.777,0,0,-100.777,100.777,229,0,0,0,10,17,28.5,60.0288,1.5
1350000231,96.1691,0,0,-96.1691,96.1691,231,0,0,0,10,11,13,65.6081,1.5
1350000254,96.5646,0,0,-96.5646,96.5646,254,0,0,0,10,10,-1,73.8636,1.5
1350000256,105.151,0,0,-105.151,105.151,256,0,0,0,10,8,-22.796,70.796,1.5
1350000263,105.076,0,0,-105.076,105.076,263,0,0,0,10,15,26.7424,71.7424,1.5
1350000263,104.475,0,0,-104.475,104.475,263,0,0,0,10,18,34.3167,68.3167,1.5
1350000265,98.9001,0,0,-98.9001,98.9001,265,0,0,0,10,12,-16.5,75.1848,1.5
1350000266,101.392,0,0,-101.392,101.392,266,0,0,0,10,14,-28.9437,71.9437,1.5
1366348474,101.392,0,0,-101.392,101.392,266,14,-28.9437,71.9437,1.5,0,0,0,10
1366598471,105.076,0,0,-105.076,105.076,263,15,26.7424,71.7424,1.5,0,0,0,10
1367723425,102.659,0,0,-102.659,102.659,217,3,-23.3338,59.5,1.5,0,0,0,10
1367848321,84.6558,0,0,-84.6558,84.6558,113,9,4.25262,30.7526,1.5,0,0,0,10
1368723473,98.9001,0,0,-98.9001,98.9001,265,12,-16.5,75.1848,1.5,0,0,0,10
1369348437,100.777,0,0,-100.777,100.777,229,17,28.5,60.0288,1.5,0,0,0,10
1369848462,96.5646,0,0,-96.5646,96.5646,254,10,-1,73.8636,1.5,0,0,0,10
1370598330,85.257,0,0,-85.257,85.257,122,16,9.24926,33,1.5,0,0,0,10
1370973303,83.5962,0,0,-83.5962,83.5962,95,7,8.31363,25.1864,1.5,0,0,0,10
1371223322,84.5726,0,0,-84.5726,84.5726,114,1,-9.72278,30.7772,1.5,0,0,0,10
1371348395,95.3644,0,0,-95.3644,95.3644,187,5,-22,48.8179,1.5,0,0,0,10
1371598377,96.8431,0,0,-96.8431,96.8431,169,13,19.1951,44.1951,1.5,0,0,0,10
1371848464,105.151,0,0,-105.151,105.151,256,8,-22.796,70.796,1.5,0,0,0,10
1372098308,83.9173,0,0,-83.9173,83.9173,100,19,10.2959,25.7041,1.5,0,0,0,10
1372973300,83.7694,0,0,-83.7694,83.7694,92,4,-12.8339,24.8339,1.5,0,0,0,10
1373348471,104.475,0,0,-104.475,104.475,263,18,34.3167,68.3167,1.5,0,0,0,10
1373973382,99.1425,0,0,-99.1425,99.1425,174,2,-4.17702,51.5,1.5,0,0,0,10
1374598439,96.1691,0,0,-96.1691,96.1691,231,11,13,65.6081,1.5,0,0,0,10
1375223289,82.2155,0,0,-82.2155,82.2155,81,6,1.5,20.6839,1.5,0,0,0,10
1376223384,95.974,0,0,-95.974,95.974,176,20,13.0636,48.5636,1.5,0,0,0,10
1400000081,82.2155,0,0,-82.2155,82.2155,81,0,0,0,10,6,1.5,20.5339,1.5
1400000092,83.7694,0,0,-83.7694,83.7694,92,0,0,0,10,4,-12.94,24.94,1.5
1400000095,83.5962,0,0,-83.5962,83.5962,95,0,0,0,10,7,8.4197,25.0803,1.5
1400000100,83.9173,0,0,-83.9173,83.9173,100,0,0,0,10,19,10.402,25.598,1.5
1400000113,84.6558,0,0,-84.6558,84.6558,113,0,0,0,10,9,4.14655,30.6466,1.5
1400000114,84.5726,0,0,-84.5726,84.5726,114,0,0,0,10,1,-9.82885,30.6712,1.5
1400000122,85.257,0,0,-85.257,85.257,122,0,0,0,10,16,9.09926,33,1.5
1400000169,96.8431,0,0,-96.8431,96.8431,169,0,0,0,10,13,19.0891,44.0891,1.5
1400000174,99.1425,0,0,-99.1425,99.1425,174,0,0,0,10,2,-4.32702,51.5,1.5
1400000176,95.974,0,0,-95.974,95.974,176,0,0,0,10,20,12.9576,48.4576,1.5
1400000187,95.3644,0,0,-95.3644,95.3644,187,0,0,0,10,5,-22,48.6679,1.5
1400000217,102.659,0,0,-102.659,102.659,217,0,0,0,10,3,-23.1838,59.5,1.5
1400000229,100.777,0,0,-100.777,100.777,229,0,0,0,10,17,28.5,59.8788,1.5
1400000231,96.1691,0,0,-96.1691,96.1691,231,0,0,0,10,11,13,65.4581,1.5
1400000254,96.5646,0,0,-96.5646,96.5646,254,0,0,0,10,10,-1,73.7136,1.5
1400000256,105.151,0,0,-105.151,105.151,256,0,0,0,10,8,-22.69,70.69,1.5
1400000263,105.076,0,0,-105.076,105.076,263,0,0,0,10,15,26.6364,71.6364,1.5
1400000263,104.475,0,0,-104.475,104.475,263,0,0,0,10,18,34.2106,68.2106,1.5
1400000265,98.9001,0,0,-98.9001,98.9001,265,0,0,0,10,12,-16.5,75.0348,1.5
1400000266,101.392,0,0,-101.392,101.392,266,0,0,0,10,14,-28.8376,71.8376,1.5
1416348474,101.392,0,0,-101.392,101.392,266,14,-28.8376,71.8376,1.5,0,0,0,10
1416598471,105.076,0,0,-105.076,105.076,263,15,26.6364,71.6364,1.5,0,0,0,10
1417723425,102.659,0,0,-102.659,102.659,217,3,-23.1838,59.5,1.5,0,0,0,10
1417848321,84.6558,0,0,-84.6558,84.6558,113,9,4.14655,30.6466,1.5,0,0,0,10
1418723473,98.9001,0,0,-98.9001,98.9001,265,12,-16.5,75.0348,1.5,0,0,0,10
1419348437,100.777,0,0,-100.777,100.777,229,17,28.5,59.8788,1.5,0,0,0,10
1419848462,96.5646,0,0,-96.5646,96.5646,254,10,-1,73.7136,1.5,0,0,0,10
1420598330,85.257,0,0,-85.257,85.257,122,16,9.09926,33,1.5,0,0,0,10
1420973303,83.5962,0,0,-83.5962,83.5962,95,7,8.4197,25.0803,1.5,0,0,0,10
1421223322,84.5726,0,0,-84.5726,84.5726,114,1,-9.82885,30.6712,1.5,0,0,0,10
1421348395,95.3644,0,0,-95.3644,95.3644,187,5,-22,48.6679,1.5,0,0,0,10
1421598377,96.8431,0,0,-96.8431,96.8431,169,13,19.0891,44.0891,1.5,0,0,0,10
1421848464,105.151,0,0,-105.151,105.151,256,8,-22.69,70.69,1.5,0,0,0,10
1422098308,83.9173,0,0,-83.9173,83.9173,100,19,10.402,25.598,1.5,0,0,0,10
1422973300,83.7694,0,0,-83.7694,83.7694,92,4,-12.94,24.94,1.5,0,0,0,10
1423348471,104.475,0,0,-104.475,104.475,263,18,34.2106,68.2106,1.5,0,0,0,10
1423973382,99.1425,0,0,-99.1425,99.1425,174,2,-4.32702,51.5,1.5,0,0,0,10
1424598439,96.1691,0,0,-96.1691,96.1691,231,11,13,65.4581,1.5,0,0,0,10
1425223289,82.2155,0,0,-82.2155,82.2155,81,6,1.5,20.5339,1.5,0,0,0,10
1426223384,95.974,0,0,-95.974,95.974,176,20,12.9576,48.4576,1.5,0,0,0,10
1450000081,82.2155,0,0,-82.2155,82.2155,81,0,0,0,10,6,1.5,20.5339,1.5
1450000092,83.7694,0,0,-83.7694,83.7694,92,0,0,0,10,4,-12.94,24.94,1.5
1450000095,83.5962,0,0,-83.5962,83.5962,95,0,0,0,10,7,8.4197,25.0803,1.5
1450000100,83.9173,0,0,-83.9173,83.9173,100,0,0,0,10,19,10.402,25.598,1.5
1450000113,84.6558,0,0,-84.6558,84.6558,113,0,0,0,10,9,4.14655,30.6466,1.5
1450000114,84.5726,0,0,-84.5726,84.5726,114,0,0,0,10,1,-9.82885,30.6712,1.5
1450000122,85.257,0,0,-85.257,85.257,122,0,0,0,10,16,9.09926,33,1.5
1450000169,96.8431,0,0,-96.8431,96.8431,169,0,0,0,10,13,19.0891,44.0891,1.5
1450000174,99.1425,0,0,-99.1425,99.1425,174,0,0,0,10,2,-4.32702,51.5,1.5
1450000176,95.974,0,0,-95.974,95.974,176,0,0,0,10,20,12.9576,48.4576,1.5
1450000187,95.3644,0,0,-95.3644,95.3644,187,0,0,0,10,5,-22,48.6679,1.5
1450000217,102.659,0,0,-102.659,102.659,217,0,0,0,10,3,-23.1838,59.5,1.5
1450000229,100.777,0,0,-100.777,100.777,229,0,0,0,10,17,28.5,59.8788,1.5
1450000231,96.1691,0,0,-96.1691,96.1691,231,0,0,0,10,11,13,65.4581,1.5
1450000254,96.5646,0,0,-96.5646,96.5646,254,0,0,0,10,10,-1,73.7136,1.5
1450000256,105.151,0,0,-105.151,105.151,256,0,0,0,10,8,-22.69,70.69,1.5
1450000263,105.076,0,0,-105.076,105.076,263,0,0,0,10,15,26.6364,71.6364,1.5
1450000263,104.475,0,0,-104.475,104.475,263,0,0,0,10,18,34.2106,68.2106,1.5
1450000265,98.9001,0,0,-98.9001,98.9001,265,0,0,0,10,12,-16.5,75.0348,1.5
1450000266,101.392,0,0,-101.392,101.392,266,0,0,0,10,14,-28.8376,71.8376,1.5
1466348474,101.392,0,0,-101.392,101.392,266,14,-28.8376,71.8376,1.5,0,0,0,10
1466598471,105.076,0,0,-105.076,105.076,263,15,26.6364,71.6364,1.5,0,0,0,10
1467723425,102.659,0,0,-102.659,102.659,217,3,-23.1838,59.5,1.5,0,0,0,10
1467848321,84.6558,0,0,-84.6558,84.6558,113,9,4.14655,30.6466,1.5,0,0,0,10
1468723473,98.9001,0,0,-98.9001,98.9001,265,12,-16.5,75.0348,1.5,0,0,0,10
1469348437,100.777,0,0,-100.777,100.777,229,17,28.5,59.8788,1.5,0,0,0,10
1469848462,96.5646,0,0,-96.5646,96.5646,254,10,-1,73.7136,1.5,0,0,0,10
1470598330,85.257,0,0,-85.257,85.257,122,16,9.09926,33,1.5,0,0,0,10
1470973303,83.5962,0,0,-83.5962,83.5962,95,7,8.4197,25.0803,1.5,0,0,0,10
1471223322,84.5726,0,0,-84.5726,84.5726,114,1,-9.82885,30.6712,1.5,0,0,0,10
1471348395,95.3644,0,0,-95.3644,95.3644,187,5,-22,48.6679,1.5,0,0,0,10
1471598377,96.8431,0,0,-96.8431,96.8431,169,13,19.0891,44.0891,1.5,0,0,0,10
1471848464,105.151,0,0,-105.151,105.151,256,8,-22.69,70.69,1.5,0,0,0,10
1472098308,83.9173,0,0,-83.9173,83.9173,100,19,10.402,25.598,1.5,0,0,0,10
1472973300,83.7694,0,0,-83.7694,83.7694,92,4,-12.94,24.94,1.5,0,0,0,10
1473348471,104.475,0,0,-104.475,104.475,263,18,34.2106,68.2106,1.5,0,0,0,10
1473973382,99.1425,0,0,-99.1425,99.1425,174,2,-4.32702,51.5,1.5,0,0,0,10
1474598439,96.1691,0,0,-96.1691,96.1691,231,11,13,65.4581,1.5,0,0,0,10
1475223289,82.2155,0,0,-82.2155,82.2155,81,6,1.5,20.5339,1.5,0,0,0,10
1476223384,95.974,0,0,-95.974,95.974,176,20,12.9576,48.4576,1.5,0,0,0,10
1500000081,82.2155,0,0,-82.2155,82.2155,81,0,0,0,10,6,1.5,20.3839,1.5
1500000092,83.7694,0,0,-83.7694,83.7694,92,0,0,0,10,4,-13.046,25.046,1.5
1500000095,83.5962,0,0,-83.5962,83.5962,95,0,0,0,10,7,8.52576,24.9742,1.5
1500000100,83.9173,0,0,-83.9173,83.9173,100,0,0,0,10,19,10.508,25.492,1.5
1500000113,84.6558,0,0,-84.6558,84.6558,113,0,0,0,10,9,4.04049,30.5405,1.5
1500000114,84.5726,0,0,-84.5726,84.5726,114,0,0,0,10,1,-9.93491,30.5651,1.5
1500000122,85.257,0,0,-85.257,85.257,122,0,0,0,10,16,8.94926,33,1.5
1500000169,96.8431,0,0,-96.8431,96.8431,169,0,0,0,10,13,18.983,43.983,1.5
1500000174,99.1425,0,0,-99.1425,99.1425,174,0,0,0,10,2,-4.47702,51.5,1.5
1500000176,95.974,0,0,-95.974,95.974,176,0,0,0,10,20,12.8515,48.3515,1.5
1500000187,95.3644,0,0,-95.3644,95.3644,187,0,0,0,10,5,-22,48.5179,1.5
1500000217,102.659,0,0,-102.659,102.659,217,0,0,0,10,3,-23.0338,59.5,1.5
1500000229,100.777,0,0,-100.777,100.777,229,0,0,0,10,17,28.5,59.7288,1.5
1500000231,96.1691,0,0,-96.1691,96.1691,231,0,0,0,10,11,13,65.3081,1.5
1500000254,96.5646,0,0,-96.5646,96.5646,254,0,0,0,10,10,-1,73.5636,1.5
1500000256,105.151,0,0,-105.151,105.151,256,0,0,0,10,8,-22.5839,70.5839,1.5
1500000263,105.076,0,0,-105.076,105.076,263,0,0,0,10,15,26.5303,71.5303,1.5
1500000263,104.475,0,0,-104.475,104.475,263,0,0,0,10,18,34.1045,68.1045,1.5
1500000265,98.9001,0,0,-98.9001,98.9001,265,0,0,0,10,12,-16.5,74.8848,1.5
1500000266,101.392,0,0,-101.392,101.392,266,0,0,0,10,14,-28.7316,71.7316,1.5
1516348474,101.392,0,0,-101.392,101.392,266,14,-28.7316,71.7316,1.5,0,0,0,10
1516598471,105.076,0,0,-105.076,105.076,263,15,26.5303,71.5303,1.5,0,0,0,10
1517723425,102.659,0,0,-102.659,102.659,217,3,-23.0338,59.5,1.5,0,0,0,10
1517848321,84.6558,0,0,-84.6558,84.6558,113,9,4.04049,30.5405,1.5,0,0,0,10
1518723473,98.9001,0,0,-98.9001,98.9001,265,12,-16.5,74.8848,1.5,0,0,0,10
1519348437,100.777,0,0,-100.777,100.777,229,17,28.5,59.7288,1.5,0,0,0,10
1519848462,96.5646,0,0,-96.5646,96.5646,254,10,-1,73.5636,1.5,0,0,0,10
1520598330,85.257,0,0,-85.257,85.257,122,16,8.94926,33,1.5,0,0,0,10
1520973303,83.5962,0,0,-83.5962,83.5962,95,7,8.52576,24.9742,1.5,0,0,0,10
1521223322,84.5726,0,0,-84.5726,84.5726,114,1,-9.93491,30.5651,1.5,0,0,0,10
1521348395,95.3644,0,0,-95.3644,95.3644,187,5,-22,48.5179,1.5,0,0,0,10
1521598377,96.8431,0,0,-96.8431,96.8431,169,13,18.983,43.983,1.5,0,0,0,10
1521848464,105.151,0,0,-105.151,105.151,256,8,-22.5839,70.5839,1.5,0,0,0,10
1522098308,83.9173,0,0,-83.9173,83.9173,100,19,10.508,25.492,1.5,0,0,0,10
1522973300,83.7694,0,0,-83.7694,83.7694,92,4,-13.046,25.046,1.5,0,0,0,10
1523348471,104.475,0,0,-104.475,104.475,263,18,34.1045,68.1045,1.5,0,0,0,10
1523973382,99.1425,0,0,-99.1425,99.1425,174,2,-4.47702,51.5,1.5,0,0,0,10
1524598439,96.1691,0,0,-96.1691,96.1691,231,11,13,65.3081,1.5,0,0,0,10
1525223289,82.2155,0,0,-82.2155,82.2155,81,6,1.5,20.3839,1.5,0,0,0,10
1526223384,95.974,0,0,-95.974,95.974,176,20,12.8515,48.3515,1.5,0,0,0,10
1550000081,82.2155,0,0,-82.2155,82.2155,81,0,0,0,10,6,1.5,20.3839,1.5
1550000092,83.7694,0,0,-83.7694,83.7694,92,0,0,0,10,4,-13.046,25.046,1.5
1550000095,83.5962,0,0,-83.5962,83.5962,95,0,0,0,10,7,8.52576,24.9742,1.5
1550000100,83.9173,0,0,-83.9173,83.9173,100,0,0,0,10,19,10.508,25.492,1.5
1550000113,84.6558,0,0,-84.6558,84.6558,113,0,0,0,10,9,4.04049,30.5405,1.5
1550000114,84.5726,0,0,-84.5726,84.5726,114,0,0,0,10,1,-9.93491,30.5651,1.5
1550000122,85.257,0,0,-85.257,85.257,122,0,0,0,10,16,8.94926,33,1.5
1550000169,96.8431,0,0,-96.8431,96.8431,169,0,0,0,10,13,18.983,43.983,1.5
1550000174,99.1425,0,0,-99.1425,99.1425,174,0,0,0,10,2,-4.47702,51.5,1.5
1550000176,95.974,0,0,-95.974,95.974,176,0,0,0,10,20,12.8515,48.3515,1.5
1550000187,95.3644,0,0,-95.3644,95.3644,187,0,0,0,10,5,-22,48.5179,1.5
1550000217,102.659,0,0,-102.659,102.659,217,0,0,0,10,3,-23.0338,59.5,1.5
1550000229,100.777,0,0,-100.777,100.777,229,0,0,0,10,17,28.5,59.7288,1.5
1550000231,96.1691,0,0,-96.1691,96.1691,231,0,0,0,10,11,13,65.3081,1.5
1550000254,96.5646,0,0,-96.5646,96.5646,254,0,0,0,10,10,-1,73.5636,1.5
1550000256,105.151,0,0,-105.151,105.151,256,0,0,0,10,8,-22.5839,70.5839,1.5
1550000263,105.076,0,0,-105.076,105.076,263,0,0,0,10,15,26.5303,71.5303,1.5
1550000263,104.475,0,0,-104.475,104.475,263,0,0,0,10,18,34.1045,68.1045,1.5
1550000265,98.9001,0,0,-98.9001,98.9001,265,0,0,0,10,12,-16.5,74.8848,1.5
1550000266,101.392,0,0,-101.392,101.392,266,0,0,0,10,14,-28.7316,71.7316,1.5
1566348474,101.392,0,0,-101.392,101.392,266,14,-28.7316,71.7316,1.5,0,0,0,10
1566598471,105.076,0,0,-105.076,105.076,263,15,26.5303,71.5303,1.5,0,0,0,10
1567723425,102.659,0,0,-102.659,102.659,217,3,-23.0338,59.5,1.5,0,0,0,10
1567848321,84.6558,0,0,-84.6558,84.6558,113,9,4.04049,30.5405,1.5,0,0,0,10
1568723473,98.9001,0,0,-98.9001,98.9001,265,12,-16.5,74.8848,1.5,0,0,0,10
1569348437,100.777,0,0,-100.777,100.777,229,17,28.5,59.7288,1.5,0,0,0,10
1569848462,96.5646,0,0,-96.5646,96.5646,254,10,-1,73.5636,1.5,0,0,0,10
1570598330,85.257,0,0,-85.257,85.257,122,16,8.94926,33,1.5,0,0,0,10
1570973303,83.5962,0,0,-83.5962,83.5962,95,7,8.52576,24.9742,1.5,0,0,0,10
1571223322,84.5726,0,0,-84.5726,84.5726,114,1,-9.93491,30.5651,1.5,0,0,0,10
1571348395,95.3644,0,0,-95.3644,95.3644,187,5,-22,48.5179,1.5,0,0,0,10
1571598377,96.8431,0,0,-96.8431,96.8431,169,13,18.983,43.983,1.5,0,0,0,10
1571848464,105.151,0,0,-105.151,105.151,256,8,-22.5839,70.5839,1.5,0,0,0,10
1572098308,83.9173,0,0,-83.9173,83.9173,100,19,10.508,25.492,1.5,0,0,0,10
1572973300,83.7694,0,0,-83.7694,83.7694,92,4,-13.046,25.046,1.5,0,0,0,10
1573348471,104.475,0,0,-104.475,104.475,263,18,34.1045,68.1045,1.5,0,0,0,10
1573973382,99.1425,0,0,-99.1425,99.1425,174,2,-4.47702,51.5,1.5,0,0,0,10
1574598439,96.1691,0,0,-96.1691,96.1691,231,11,13,65.3081,1.5,0,0,0,10
1575223289,82.2155,0,0,-82.2155,82.2155,81,6,1.5,20.3839,1.5,0,0,0,10
1576223384,95.974,0,0,-95.974,95.974,176,20,12.8515,48.3515,1.5,0,0,0,10
1600000081,82.2155,0,0,-82.2155,82.2155,81,0,0,0,10,6,1.5,20.2339,1.5
1600000092,83.7694,0,0,-83.7694,83.7694,92,0,0,0,10,4,-13.1521,25.1521,1.5
1600000095,83.5962,0,0,-83.5962,83.5962,95,0,0,0,10,7,8.63183,24.8682,1.5
1600000100,83.9173,0,0,-83.9173,83.9173,100,0,0,0,10,19,10.6141,25.3859,1.5
1600000113,84.6558,0,0,-84.6558,84.6558,113,0,0,0,10,9,3.93442,30.4344,1.5
1600000114,84.5726,0,0,-84.5726,84.5726,114,0,0,0,10,1,-10.041,30.459,1.5
1600000122,85.257,0,0,-85.257,85.257,122,0,0,0,10,16,8.79926,33,1.5
1600000169,96.8431,0,0,-96.8431,96.8431,169,0,0,0,10,13,18.877,43.877,1.5
1600000174,99.1425,0,0,-99.1425,99.1425,174,0,0,0,10,2,-4.62702,51.5,1.5
1600000176,95.974,0,0,-95.974,95.974,176,0,0,0,10,20,12.7454,48.2454,1.5
1600000187,95.3644,0,0,-95.3644,95.3644,187,0,0,0,10,5,-22,48.3679,1.5
1600000217,102.659,0,0,-102.659,102.659,217,0,0,0,10,3,-22.8838,59.5,1.5
1600000229,100.777,0,0,-100.777,100.777,229,0,0,0,10,17,28.5,59.5788,1.5
1600000231,96.1691,0,0,-96.1691,96.1691,231,0,0,0,10,11,13,65.1581,1.5
1600000254,96.5646,0,0,-96.5646,96.5646,254,0,0,0,10,10,-1,73.4136,1.5
1600000256,105.151,0,0,-105.151,105.151,256,0,0,0,10,8,-22.5,70.4687,1.5
1600000263,105.076,0,0,-105.076,105.076,263,0,0,0,10,15,26.4242,71.4242,1.5
1600000263,104.475,0,0,-104.475,104.475,263,0,0,0,10,18,33.9985,67.9985,1.5
1600000265,98.9001,0,0,-98.9001,98.9001,265,0,0,0,10,12,-16.5,74.7348,1.5
1600000266,101.392,0,0,-101.392,101.392,266,0,0,0,10,14,-28.6255,71.6255,1.5
1616348474,101.392,0,0,-101.392,101.392,266,14,-28.6255,71.6255,1.5,0,0,0,10
1616598471,105.076,0,0,-105.076,105.076,263,15,26.4242,71.4242,1.5,0,0,0,10
1617723425,102.659,0,0,-102.659,102.659,217,3,-22.8838,59.5,1.5,0,0,0,10
1617848321,84.6558,0,0,-84.6558,84.6558,113,9,3.93442,30.4344,1.5,0,0,0,10
1618723473,98.9001,0,0,-98.9001,98.9001,265,12,-16.5,74.7348,1.5,0,0,0,10
1619348437,100.777,0,0,-100.777,100.777,229,17,28.5,59.5788,1.5,0,0,0,10
1619848462,96.5646,0,0,-96.5646,96.5646,254,10,-1,73.4136,1.5,0,0,0,10
1620598330,85.257,0,0,-85.257,85.257,122,16,8.79926,33,1.5,0,0,0,10
1620973303,83.5962,0,0,-83.5962,83.5962,95,7,8.63183,24.8682,1.5,0,0,0,10
1621223322,84.5726,0,0,-84.5726,84.5726,114,1,-10.041,30.459,1.5,0,0,0,10
1621348395,95.3644,0,0,-95.3644,95.3644,187,5,-22,48.3679,1.5,0,0,0,10
1621598377,96.8431,0,0,-96.8431,96.8431,169,13,18.877,43.877,1.5,0,0,0,10
1621848464,105.151,0,0,-105.151,105.151,256,8,-22.5,70.4687,1.5,0,0,0,10
1622098308,83.9173,0,0,-83.9173,83.9173,100,19,10.6141,25.3859,1.5,0,0,0,10
1622973300,83.7694,0,0,-83.7694,83.7694,92,4,-13.1521,25.1521,1.5,0,0,0,10
1623348471,104.475,0,0,-104.475,104.475,263,18,33.9985,67.9985,1.5,0,0,0,10
1623973382,99.1425,0,0,-99.1425,99.1425,174,2,-4.62702,51.5,1.5,0,0,0,10
1624598439,96.1691,0,0,-96.1691,96.1691,231,11,13,65.1581,1.5,0,0,0,10
1625223289,82.2155,0,0,-82.2155,82.2155,81,6,1.5,20.2339,1.5,0,0,0,10
1626223384,95.974,0,0,-95.974,95.974,176,20,12.7454,48.2454,1.5,0,0,0,10
1650000081,82.2155,0,0,-82.2155,82.2155,81,0,0,0,10,6,1.5,20.2339,1.5
1650000092,83.7694,0,0,-83.7694,83.7694,92,0,0,0,10,4,-13.1521,25.1521,1.5
1650000095,83.5962,0,0,-83.5962,83.5962,95,0,0,0,10,7,8.63183,24.8682,1.5
1650000100,83.9173,0,0,-83.9173,83.9173,100,0,0,0,10,19,10.6141,25.3859,1.5
1650000113,84.6558,0,0,-84.6558,84.6558,113,0,0,0,10,9,3.93442,30.4344,1.5
1650000114,84.5726,0,0,-84.5726,84.5726,114,0,0,0,10,1,-10.041,30.459,1.5
1650000122,85.257,0,0,-85.257,85.257,122,0,0,0,10,16,8.79926,33,1.5
1650000169,96.8431,0,0,-96.8431,96.8431,169,0,0,0,10,13,18.877,43.877,1.5
1650000174,99.1425,0,0,-99.1425,99.1425,174,0,0,0,10,2,-4.62702,51.5,1.5
1650000176,95.974,0,0,-95.974,95.974,176,0,0,0,10,20,12.7454,48.2454,1.5
1650000187,95.3644,0,0,-95.3644,95.3644,187,0,0,0,10,5,-22,48.3679,1.5
1650000217,102.659,0,0,-102.659,102.659,217,0,0,0,10,3,-22.8838,59.5,1.5
1650000229,100.777,0,0,-100.777,100.777,229,0,0,0,10,17,28.5,59.5788,1.5
1650000231,96.1691,0,0,-96.1691,96.1691,231,0,0,0,10,11,13,65.1581,1.5
1650000254,96.5646,0,0,-96.5646,96.5646,254,0,0,0,10,10,-1,73.4136,1.5
1650000256,105.151,0,0,-105.151,105.151,256,0,0,0,10,8,-22.5,70.4687,1.5
1650000263,105.076,0,0,-105.076,105.076,263,0,0,0,10,15,26.4242,71.4242,1.5
1650000263,104.475,0,0,-104.475,104.475,263,0,0,0,10,18,33.9985,67.9985,1.5
1650000265,98.9001,0,0,-98.9001,98.9001,265,0,0,0,10,12,-16.5,74.7348,1.5
1650000266,101.392,0,0,-101.392,101.392,266,0,0,0,10,14,-28.6255,71.6255,1.5
1666348474,101.392,0,0,-101.392,101.392,266,14,-28.6255,71.6255,1.5,0,0,0,10
1666598471,105.076,0,0,-105.076,105.076,263,15,26.4242,71.4242,1.5,0,0,0,10
1667723425,102.659,0,0,-102.659,102.659,217,3,-22.8838,59.5,1.5,0,0,0,10
1667848321,84.6558,0,0,-84.6558,84.6558,113,9,3.93442,30.4344,1.5,0,0,0,10
1668723473,98.9001,0,0,-98.9001,98.9001,265,12,-16.5,74.7348,1.5,0,0,0,10
1669348437,100.777,0,0,-100.777,100.777,229,17,28.5,59.5788,1.5,0,0,0,10
1669848462,96.5646,0,0,-96.5646,96.5646,254,10,-1,73.4136,1.5,0,0,0,10
1670598330,85.257,0,0,-85.257,85.257,122,16,8.79926,33,1.5,0,0,0,10
1670973303,83.5962,0,0,-83.5962,83.5962,95,7,8.63183,24.8682,1.5,0,0,0,10
1671223322,84.5726,0,0,-84.5726,84.5726,114,1,-10.041,30.459,1.5,0,0,0,10
1671348395,95.3644,0,0,-95.3644,95.3644,187,5,-22,48.3679,1.5,0,0,0,10
1671598377,96.8431,0,0,-96.8431,96.8431,169,13,18.877,43.877,1.5,0,0,0,10
1671848464,105.151,0,0,-105.151,105.151,256,8,-22.5,70.4687,1.5,0,0,0,10
1672098308,83.9173,0,0,-83.9173,83.9173,100,19,10.6141,25.3859,1.5,0,0,0,10
1672973300,83.7694,0,0,-83.7694,83.7694,92,4,-13.1521,25.1521,1.5,0,0,0,10
1673348471,104.475,0,0,-104.475,104.475,263,18,33.9985,67.9985,1.5,0,0,0,10
1673973382,99.1425,0,0,-99.1425,99.1425,174,2,-4.62702,51.5,1.5,0,0,0,10
1674598439,96.1691,0,0,-96.1691,96.1691,231,11,13,65.1581,1.5,0,0,0,10
1675223289,82.2155,0,0,-82.2155,82.2155,81,6,1.5,20.2339,1.5,0,0,0,10
1676223384,95.974,0,0,-95.974,95.974,176,20,12.7454,48.2454,1.5,0,0,0,10
1700000081,82.2155,0,0,-82.2155,82.2155,81,0,0,0,10,6,1.5,20.0839,1.5
1700000092,83.7694,0,0,-83.7694,83.7694,92,0,0,0,10,4,-13.2582,25.2582,1.5
1700000095,83.5962,0,0,-83.5962,83.5962,95,0,0,0,10,7,8.73789,24.7621,1.5
1700000100,83.9173,0,0,-83.9173,83.9173,100,0,0,0,10,19,10.7202,25.2798,1.5
1700000113,84.6558,0,0,-84.6558,84.6558,113,0,0,0,10,9,3.82835,30.3284,1.5
1700000114,84.5726,0,0,-84.5726,84.5726,114,0,0,0,10,1,-10.147,30.353,1.5
1700000122,85.257,0,0,-85.257,85.257,122,0,0,0,10,16,8.64926,33,1.5
1700000169,96.8431,0,0,-96.8431,96.8431,169,0,0,0,10,13,18.7709,43.7709,1.5
1700000174,99.1425,0,0,-99.1425,99.1425,174,0,0,0,10,2,-4.77702,51.5,1.5
1700000176,95.974,0,0,-95.974,95.974,176,0,0,0,10,20,12.6394,48.1394,1.5
1700000187,95.3644,0,0,-95.3644,95.3644,187,0,0,0,10,5,-22,48.2179,1.5
1700000217,102.659,0,0,-102.659,102.659,217,0,0,0,10,3,-22.7338,59.5,1.5
1700000229,100.777,0,0,-100.777,100.777,229,0,0,0,10,17,28.5,59.4288,1.5
1700000231,96.1691,0,0,-96.1691,96.1691,231,0,0,0,10,11,13,65.0081,1.5
1700000254,96.5646,0,0,-96.5646,96.5646,254,0,0,0,10,10,-1,73.2636,1.5
1700000256,105.151,0,0,-105.151,105.151,256,0,0,0,10,8,-22.5,70.3187,1.5
1700000263,105.076,0,0,-105.076,105.076,263,0,0,0,10,15,26.3182,71.3182,1.5
1700000263,104.475,0,0,-104.475,104.475,263,0,0,0,10,18,33.8924,67.8924,1.5
1700000265,98.9001,0,0,-98.9001,98.9001,265,0,0,0,10,12,-16.5,74.5848,1.5
1700000266,101.392,0,0,-101.392,101.392,266,0,0,0,10,14,-28.5194,71.5194,1.5
1716348474,101.392,0,0,-101.392,101.392,266,14,-28.5194,71.5194,1.5,0,0,0,10
1716598471,105.076,0,0,-105.076,105.076,263,15,26.3182,71.3182,1.5,0,0,0,10
1717723425,102.659,0,0,-102.659,102.659,217,3,-22.7338,59.5,1.5,0,0,0,10
1717848321,84.6558,0,0,-84.6558,84.6558,113,9,3.82835,30.3284,1.5,0,0,0,10
1718723473,98.9001,0,0,-98.9001,98.9001,265,12,-16.5,74.5848,1.5,0,0,0,10
1719348437,100.777,0,0,-100.777,100.777,229,17,28.5,59.4288,1.5,0,0,0,10
1719848462,96.5646,0,0,-96.5646,96.5646,254,10,-1,73.2636,1.5,0,0,0,10
1720598330,85.257,0,0,-85.257,85.257,122,16,8.64926,33,1.5,0,0,0,10
1720973303,83.5962,0,0,-83.5962,83.5962,95,7,8.73789,24.7621,1.5,0,0,0,10
1721223322,84.5726,0,0,-84.5726,84.5726,114,1,-10.147,30.353,1.5,0,0,0,10
1721348395,95.3644,0,0,-95.3644,95.3644,187,5,-22,48.2179,1.5,0,0,0,10
1721598377,96.8431,0,0,-96.8431,96.8431,169,13,18.7709,43.7709,1.5,0,0,0,10
1721848464,105.151,0,0,-105.151,105.151,256,8,-22.5,70.3187,1.5,0,0,0,10
1722098308,83.9173,0,0,-83.9173,83.9173,100,19,10.7202,25.2798,1.5,0,0,0,10
1722973300,83.7694,0,0,-83.7694,83.7694,92,4,-13.2582,25.2582,1.5,0,0,0,10
1723348471,104.475,0,0,-104.475,104.475,263,18,33.8924,67.8924,1.5,0,0,0,10
1723973382,99.1425,0,0,-99.1425,99.1425,174,2,-4.77702,51.5,1.5,0,0,0,10
1724598439,96.1691,0,0,-96.1691,96.1691,231,11,13,65.0081,1.5,0,0,0,10
1725223289,82.2155,0,0,-82.2155,82.2155,81,6,1.5,20.0839,1.5,0,0,0,10
1726223384,95.974,0,0,-95.974,95.974,176,20,12.6394,48.1394,1.5,0,0,0,10
1750000081,82.2155,0,0,-82.2155,82.2155,81,0,0,0,10,6,1.5,20.0839,1.5
1750000092,83.7694,0,0,-83.7694,83.7694,92,0,0,0,10,4,-13.2582,25.2582,1.5
1750000095,83.5962,0,0,-83.5962,83.5962,95,0,0,0,10,7,8.73789,24.7621,1.5
1750000100,83.9173,0,0,-83.9173,83.9173,100,0,0,0,10,19,10.7202,25.2798,1.5
1750000113,84.6558,0,0,-84.6558,84.6558,113,0,0,0,10,9,3.82835,30.3284,1.5
1750000114,84.5726,0,0,-84.5726,84.5726,114,0,0,0,10,1,-10.147,30.353,1.5
1750000122,85.257,0,0,-85.257,85.257,122,0,0,0,10,16,8.64926,33,1.5
1750000169,96.8431,0,0,-96.8431,96.8431,169,0,0,0,10,13,18.7709,43.7709,1.5
1750000174,99.1425,0,0,-99.1425,99.1425,174,0,0,0,10,2,-4.77702,51.5,1.5
1750000176,95.974,0,0,-95.974,95.974,176,0,0,0,10,20,12.6394,48.1394,1.5
1750000187,95.3644,0,0,-95.3644,95.3644,187,0,0,0,10,5,-22,48.2179,1.5
1750000217,102.659,0,0,-102.659,102.659,217,0,0,0,10,3,-22.7338,59.5,1.5
1750000229,100.777,0,0,-100.777,100.777,229,0,0,0,10,17,28.5,59.4288,1.5
1750000231,96.1691,0,0,-96.1691,96.1691,231,0,0,0,10,11,13,65.0081,1.5
1750000254,96.5646,0,0,-96.5646,96.5646,254,0,0,0,10,10,-1,73.2636,1.5
1750000256,105.151,0,0,-105.151,105.151,256,0,0,0,10,8,-22.5,70.3187,1.5
1750000263,105.076,0,0,-105.076,105.076,263,0,0,0,10,15,26.3182,71.3182,1.5
1750000263,104.475,0,0,-104.475,104.475,263,0,0,0,10,18,33.8924,67.8924,1.5
1750000265,98.9001,0,0,-98.9001,98.9001,265,0,0,0,10,12,-16.5,74.5848,1.5
1750000266,101.392,0,0,-101.392,101.392,266,0,0,0,10,14,-28.5194,71.5194,1.5
1766348474,101.392,0,0,-101.392,101.392,266,14,-28.5194,71.5194,1.5,0,0,0,10
1766598471,105.076,0,0,-105.076,105.076,263,15,26.3182,71.3182,1.5,0,0,0,10
1767723425,102.659,0,0,-102.659,102.659,217,3,-22.7338,59.5,1.5,0,0,0,10
1767848321,84.6558,0,0,-84.6558,84.6558,113,9,3.82835,30.3284,1.5,0,0,0,10
1768723473,98.9001,0,0,-98.9001,98.9001,265,12,-16.5,74.5848,1.5,0,0,0,10
1769348437,100.777,0,0,-100.777,100.777,229,17,28.5,59.4288,1.5,0,0,0,10
1769848462,96.5646,0,0,-96.5646,96.5646,254,10,-1,73.2636,1.5,0,0,0,10
1770598330,85.257,0,0,-85.257,85.257,122,16,8.64926,33,1.5,0,0,0,10
1770973303,83.5962,0,0,-83.5962,83.5962,95,7,8.73789,24.7621,1.5,0,0,0,10
1771223322,84.5726,0,0,-84.5726,84.5726,114,1,-10.147,30.353,1.5,0,0,0,10
1771348395,95.3644,0,0,-95.3644,95.3644,187,5,-22,48.2179,1.5,0,0,0,10
1771598377,96.8431,0,0,-96.8431,96.8431,169,13,18.7709,43.7709,1.5,0,0,0,10
1771848464,105.151,0,0,-105.151,105.151,256,8,-22.5,70.3187,1.5,0,0,0,10
1772098308,83.9173,0,0,-83.9173,83.9173,100,19,10.7202,25.2798,1.5,0,0,0,10
1772973300,83.7694,0,0,-83.7694,83.7694,92,4,-13.2582,25.2582,1.5,0,0,0,10
1773348471,104.475,0,0,-104.475,104.475,263,18,33.8924,67.8924,1.5,0,0,0,10
1773973382,99.1425,0,0,-99.1425,99.1425,174,2,-4.77702,51.5,1.5,0,0,0,10
1774598439,96.1691,0,0,-96.1691,96.1691,231,11,13,65.0081,1.5,0,0,0,10
1775223289,82.2155,0,0,-82.2155,82.2155,81,6,1.5,20.0839,1.5,0,0,0,10
1776223384,95.974,0,0,-95.974,95.974,176,20,12.6394,48.1394,1.5,0,0,0,10
1800000081,82.2155,0,0,-82.2155,82.2155,81,0,0,0,10,6,1.5,19.9339,1.5
1800000092,83.7694,0,0,-83.7694,83.7694,92,0,0,0,10,4,-13.3642,25.3642,1.5
1800000095,83.5962,0,0,-83.5962,83.5962,95,0,0,0,10,7,8.84396,24.656,1.5
1800000100,83.9173,0,0,-83.9173,83.9173,100,0,0,0,10,19,10.8262,25.1738,1.5
1800000113,84.6558,0,0,-84.6558,84.6558,113,0,0,0,10,9,3.72229,30.2223,1.5
1800000114,84.5726,0,0,-84.5726,84.5726,114,0,0,0,10,1,-10.2531,30.2469,1.5
1800000122,85.257,0,0,-85.257,85.257,122,0,0,0,10,16,8.49926,33,1.5
1800000169,96.8431,0,0,-96.8431,96.8431,169,0,0,0,10,13,18.6648,43.6648,1.5
1800000174,99.1425,0,0,-99.1425,99.1425,174,0,0,0,10,2,-4.92702,51.5,1.5
1800000176,95.974,0,0,-95.974,95.974,176,0,0,0,10,20,12.5333,48.0333,1.5
1800000187,95.3644,0,0,-95.3644,95.3644,187,0,0,0,10,5,-22,48.0679,1.5
1800000217,102.659,0,0,-102.659,102.659,217,0,0,0,10,3,-22.5838,59.5,1.5
1800000229,100.777,0,0,-100.777,100.777,229,0,0,0,10,17,28.5,59.2788,1.5
1800000231,96.1691,0,0,-96.1691,96.1691,231,0,0,0,10,11,13,64.8581,1.5
1800000254,96.5646,0,0,-96.5646,96.5646,254,0,0,0,10,10,-1,73.1136,1.5
1800000256,105.151,0,0,-105.151,105.151,256,0,0,0,10,8,-22.5,70.1687,1.5
1800000263,105.076,0,0,-105.076,105.076,263,0,0,0,10,15,26.2121,71.2121,1.5
1800000263,104.475,0,0,-104.475,104.475,263,0,0,0,10,18,33.7863,67.7863,1.5
1800000265,98.9001,0,0,-98.9001,98.9001,265,0,0,0,10,12,-16.5,74.4348,1.5
1800000266,101.392,0,0,-101.392,101.392,266,0,0,0,10,14,-28.4134,71.4134,1.5
1816348474,101.392,0,0,-101.392,101.392,266,14,-28.4134,71.4134,1.5,0,0,0,10
1816598471,105.076,0,0,-105.076,105.076,263,15,26.2121,71.2121,1.5,0,0,0,10
1817723425,102.659,0,0,-102.659,102.659,217,3,-22.5838,59.5,1.5,0,0,0,10
1817848321,84.6558,0,0,-84.6558,84.6558,113,9,3.72229,30.2223,1.5,0,0,0,10
1818723473,98.9001,0,0,-98.9001,98.9001,265,12,-16.5,74.4348,1.5,0,0,0,10
1819348437,100.777,0,0,-100.777,100.777,229,17,28.5,59.2788,1.5,0,0,0,10
1819848462,96.5646,0,0,-96.5646,96.5646,254,10,-1,73.1136,1.5,0,0,0,10
1820598330,85.257,0,0,-85.257,85.257,122,16,8.49926,33,1.5,0,0,0,10
1820973303,83.5962,0,0,-83.5962,83.5962,95,7,8.84396,24.656,1.5,0,0,0,10
1821223322,84.5726,0,0,-84.5726,84.5726,114,1,-10.2531,30.2469,1.5,0,0,0,10
1821348395,95.3644,0,0,-95.3644,95.3644,187,5,-22,48.0679,1.5,0,0,0,10
1821598377,96.8431,0,0,-96.8431,96.8431,169,13,18.6648,43.6648,1.5,0,0,0,10
1821848464,105.151,0,0,-105.151,105.151,256,8,-22.5,70.1687,1.5,0,0,0,10
1822098308,83.9173,0,0,-83.9173,83.9173,100,19,10.8262,25.1738,1.5,0,0,0,10
1822973300,83.7694,0,0,-83.7694,83.7694,92,4,-13.3642,25.3642,1.5,0,0,0,10
1823348471,104.475,0,0,-104.475,104.475,263,18,33.7863,67.7863,1.5,0,0,0,10
1823973382,99.1425,0,0,-99.1425,99.1425,174,2,-4.92702,51.5,1.5,0,0,0,10
1824598439,96.1691,0,0,-96.1691,96.1691,231,11,13,64.8581,1.5,0,0,0,10
1825223289,82.2155,0,0,-82.2155,82.2155,81,6,1.5,19.9339,1.5,0,0,0,10
1826223384,95.974,0,0,-95.974,95.974,176,20,12.5333,48.0333,1.5,0,0,0,10
1850000081,82.2155,0,0,-82.2155,82.2155,81,0,0,0,10,6,1.5,19.9339,1.5
1850000092,83.7694,0,0,-83.7694,83.7694,92,0,0,0,10,4,-13.3642,25.3642,1.5
1850000095,83.5962,0,0,-83.5962,83.5962,95,0,0,0,10,7,8.84396,24.656,1.5
1850000100,83.9173,0,0,-83.9173,83.9173,100,0,0,0,10,19,10.8262,25.1738,1.5
1850000113,84.6558,0,0,-84.6558,84.6558,113,0,0,0,10,9,3.72229,30.2223,1.5
1850000114,84.5726,0,0,-84.5726,84.5726,114,0,0,0,10,1,-10.2531,30.2469,1.5
1850000122,85.257,0,0,-85.257,85.257,122,0,0,0,10,16,8.49926,33,1.5
1850000169,96.8431,0,0,-96.8431,96.8431,169,0,0,0,10,13,18.6648,43.6648,1.5
1850000174,99.1425,0,0,-99.1425,99.1425,174,0,0,0,10,2,-4.92702,51.5,1.5
1850000176,95.974,0,0,-95.974,95.974,176,0,0,0,10,20,12.5333,48.0333,1.5
1850000187,95.3644,0,0,-95.3644,95.3644,187,0,0,0,10,5,-22,48.0679,1.5
1850000217,102.659,0,0,-102.659,102.659,217,0,0,0,10,3,-22.5838,59.5,1.5
1850000229,100.777,0,0,-100.777,100.777,229,0,0,0,10,17,28.5,59.2788,1.5
1850000231,96.1691,0,0,-96.1691,96.1691,231,0,0,0,10,11,13,64.8581,1.5
1850000254,96.5646,0,0,-96.5646,96.5646,254,0,0,0,10,10,-1,73.1136,1.5
1850000256,105.151,0,0,-105.151,105.151,256,0,0,0,10,8,-22.5,70.1687,1.5
1850000263,105.076,0,0,-105.076,105.076,263,0,0,0,10,15,26.2121,71.2121,1.5
1850000263,104.475,0,0,-104.475,104.475,263,0,0,0,10,18,33.7863,67.7863,1.5
1850000265,98.9001,0,0,-98.9001,98.9001,265,0,0,0,10,12,-16.5,74.4348,1.5
1850000266,101.392,0,0,-101.392,101.392,266,0,0,0,10,14,-28.4134,71.4134,1.5
1866348474,101.392,0,0,-101.392,101.392,266,14,-28.4134,71.4134,1.5,0,0,0,10
1866598471,105.076,0,0,-105.076,105.076,263,15,26.2121,71.2121,1.5,0,0,0,10
1867723425,102.659,0,0,-102.659,102.659,217,3,-22.5838,59.5,1.5,0,0,0,10
1867848321,84.6558,0,0,-84.6558,84.6558,113,9,3.72229,30.2223,1.5,0,0,0,10
1868723473,98.9001,0,0,-98.9001,98.9001,265,12,-16.5,74.4348,1.5,0,0,0,10
1869348437,100.777,0,0,-100.777,100.777,229,17,28.5,59.2788,1.5,0,0,0,10
1869848462,96.5646,0,0,-96.5646,96.5646,254,10,-1,73.1136,1.5,0,0,0,10
1870598330,85.257,0,0,-85.257,85.257,122,16,8.49926,33,1.5,0,0,0,10
1870973303,83.5962,0,0,-83.5962,83.5962,95,7,8.84396,24.656,1.5,0,0,0,10
1871223322,84.5726,0,0,-84.5726,84.5726,114,1,-10.2531,30.2469,1.5,0,0,0,10
1871348395,95.3644,0,0,-95.3644,95.3644,187,5,-22,48.0679,1.5,0,0,0,10
1871598377,96.8431,0,0,-96.8431,96.8431,169,13,18.6648,43.6648,1.5,0,0,0,10
1871848464,105.151,0,0,-105.151,105.151,256,8,-22.5,70.1687,1.5,0,0,0,10
1872098308,83.9173,0,0,-83.9173,83.9173,100,19,10.8262,25.1738,1.5,0,0,0,10
1872973300,83.7694,0,0,-83.7694,83.7694,92,4,-13.3642,25.3642,1.5,0,0,0,10
1873348471,104.475,0,0,-104.475,104.475,263,18,33.7863,67.7863,1.5,0,0,0,10
1873973382,99.1425,0,0,-99.1425,99.1425,174,2,-4.92702,51.5,1.5,0,0,0,10
1874598439,96.1691,0,0,-96.1691,96.1691,231,11,13,64.8581,1.5,0,0,0,10
1875223289,82.2155,0,0,-82.2155,82.2155,81,6,1.5,19.9339,1.5,0,0,0,10
1876223384,95.974,0,0,-95.974,95.974,176,20,12.5333,48.0333,1.5,0,0,0,10
1900000081,82.2155,0,0,-82.2155,82.2155,81,0,0,0,10,6,1.5,19.7839,1.5
1900000092,83.7694,0,0,-83.7694,83.7694,92,0,0,0,10,4,-13.4703,25.4703,1.5
1900000095,83.5962,0,0,-83.5962,83.5962,95,0,0,0,10,7,8.95003,24.55,1.5
1900000100,83.9173,0,0,-83.9173,83.9173,100,0,0,0,10,19,10.9323,25.0677,1.5
1900000113,84.6558,0,0,-84.6558,84.6558,113,0,0,0,10,9,3.61622,30.1162,1.5
1900000114,84.5726,0,0,-84.5726,84.5726,114,0,0,0,10,1,-10.3592,30.1408,1.5
1900000122,85.257,0,0,-85.257,85.257,122,0,0,0,10,16,8.34926,33,1.5
1900000169,96.8431,0,0,-96.8431,96.8431,169,0,0,0,10,13,18.5588,43.5588,1.5
1900000174,99.1425,0,0,-99.1425,99.1425,174,0,0,0,10,2,-5.07702,51.5,1.5
1900000176,95.974,0,0,-95.974,95.974,176,0,0,0,10,20,12.4272,47.9272,1.5
1900000187,95.3644,0,0,-95.3644,95.3644,187,0,0,0,10,5,-22,47.9179,1.5
1900000217,102.659,0,0,-102.659,102.659,217,0,0,0,10,3,-22.4338,59.5,1.5
1900000229,100.777,0,0,-100.777,100.777,229,0,0,0,10,17,28.5,59.1288,1.5
1900000231,96.1691,0,0,-96.1691,96.1691,231,0,0,0,10,11,13,64.7081,1.5
1900000254,96.5646,0,0,-96.5646,96.5646,254,0,0,0,10,10,-1,72.9636,1.5
1900000256,105.151,0,0,-105.151,105.151,256,0,0,0,10,8,-22.5,70.0187,1.5
1900000263,105.076,0,0,-105.076,105.076,263,0,0,0,10,15,26.106,71.106,1.5
1900000263,104.475,0,0,-104.475,104.475,263,0,0,0,10,18,33.6803,67.6803,1.5
1900000265,98.9001,0,0,-98.9001,98.9001,265,0,0,0,10,12,-16.5,74.2848,1.5
1900000266,101.392,0,0,-101.392,101.392,266,0,0,0,10,14,-28.3073,71.3073,1.5
1916348474,101.392,0,0,-101.392,101.392,266,14,-28.3073,71.3073,1.5,0,0,0,10
1916598471,105.076,0,0,-105.076,105.076,263,15,26.106,71.106,1.5,0,0,0,10
1917723425,102.659,0,0,-102.659,102.659,217,3,-22.4338,59.5,1.5,0,0,0,10
1917848321,84.6558,0,0,-84.6558,84.6558,113,9,3.61622,30.1162,1.5,0,0,0,10
1918723473,98.9001,0,0,-98.9001,98.9001,265,12,-16.5,74.2848,1.5,0,0,0,10
1919348437,100.777,0,0,-100.777,100.777,229,17,28.5,59.1288,1.5,0,0,0,10
1919848462,96.5646,0,0,-96.5646,96.5646,254,10,-1,72.9636,1.5,0,0,0,10
1920598330,85.257,0,0,-85.257,85.257,122,16,8.34926,33,1.5,0,0,0,10
1920973303,83.5962,0,0,-83.5962,83.5962,95,7,8.95003,24.55,1.5,0,0,0,10
1921223322,84.5726,0,0,-84.5726,84.5726,114,1,-10.3592,30.1408,1.5,0,0,0,10
1921348395,95.3644,0,0,-95.3644,95.3644,187,5,-22,47.9179,1.5,0,0,0,10
1921598377,96.8431,0,0,-96.8431,96.8431,169,13,18.5588,43.5588,1.5,0,0,0,10
1921848464,105.151,0,0,-105.151,105.151,256,8,-22.5,70.0187,1.5,0,0,0,10
1922098308,83.9173,0,0,-83.9173,83.9173,100,19,10.9323,25.0677,1.5,0,0,0,10
1922973300,83.7694,0,0,-83.7694,83.7694,92,4,-13.4703,25.4703,1.5,0,0,0,10
1923348471,104.475,0,0,-104.475,104.475,263,18,33.6803,67.6803,1.5,0,0,0,10
1923973382,99.1425,0,0,-99.1425,99.1425,174,2,-5.07702,51.5,1.5,0,0,0,10
1924598439,96.1691,0,0,-96.1691,96.1691,231,11,13,64.7081,1.5,0,0,0,10
1925223289,82.2155,0,0,-82.2155,82.2155,81,6,1.5,19.7839,1.5,0,0,0,10
1926223384,95.974,0,0,-95.974,95.974,176,20,12.4272,47.9272,1.5,0,0,0,10
1950000081,82.2155,0,0,-82.2155,82.2155,81,0,0,0,10,6,1.5,19.7839,1.5
1950000092,83.7694,0,0,-83.7694,83.7694,92,0,0,0,10,4,-13.4703,25.4703,1.5
1950000095,83.5962,0,0,-83.5962,83.5962,95,0,0,0,10,7,8.95003,24.55,1.5
1950000100,83.9173,0,0,-83.9173,83.9173,100,0,0,0,10,19,10.9323,25.0677,1.5
1950000113,84.6558,0,0,-84.6558,84.6558,113,0,0,0,10,9,3.61622,30.1162,1.5
1950000114,84.5726,0,0,-84.5726,84.5726,114,0,0,0,10,1,-10.3592,30.1408,1.5
1950000122,85.257,0,0,-85.257,85.257,122,0,0,0,10,16,8.34926,33,1.5
1950000169,96.8431,0,0,-96.8431,96.8431,169,0,0,0,10,13,18.5588,43.5588,1.5
1950000174,99.1425,0,0,-99.1425,99.1425,174,0,0,0,10,2,-5.07702,51.5,1.5
1950000176,95.974,0,0,-95.974,95.974,176,0,0,0,10,20,12.4272,47.9272,1.5
1950000187,95.3644,0,0,-95.3644,95.3644,187,0,0,0,10,5,-22,47.9179,1.5
1950000217,102.659,0,0,-102.659,102.659,217,0,0,0,10,3,-22.4338,59.5,1.5
1950000229,100.777,0,0,-100.777,100.777,229,0,0,0,10,17,28.5,59.1288,1.5
1950000231,96.1691,0,0,-96.1691,96.1691,231,0,0,0,10,11,13,64.7081,1.5
1950000254,96.5646,0,0,-96.5646,96.5646,254,0,0,0,10,10,-1,72.9636,1.5
1950000256,105.151,0,0,-105.151,105.151,256,0,0,0,10,8,-22.5,70.0187,1.5
1950000263,105.076,0,0,-105.076,105.076,263,0,0,0,10,15,26.106,71.106,1.5
1950000263,104.475,0,0,-104.475,104.475,263,0,0,0,10,18,33.6803,67.6803,1.5
1950000265,98.9001,0,0,-98.9001,98.9001,265,0,0,0,10,12,-16.5,74.2848,1.5
1950000266,101.392,0,0,-101.392,101.392,266,0,0,0,10,14,-28.3073,71.3073,1.5
1966348474,101.392,0,0,-101.392,101.392,266,14,-28.3073,71.3073,1.5,0,0,0,10
1966598471,105.076,0,0,-105.076,105.076,263,15,26.106,71.106,1.5,0,0,0,10
1967723425,102.659,0,0,-102.659,102.659,217,3,-22.4338,59.5,1.5,0,0,0,10
1967848321,84.6558,0,0,-84.6558,84.6558,113,9,3.61622,30.1162,1.5,0,0,0,10
1968723473,98.9001,0,0,-98.9001,98.9001,265,12,-16.5,74.2848,1.5,0,0,0,10
1969348437,100.777,0,0,-100.777,100.777,229,17,28.5,59.1288,1.5,0,0,0,10
1969848462,96.5646,0,0,-96.5646,96.5646,254,10,-1,72.9636,1.5,0,0,0,10
1970598330,85.257,0,0,-85.257,85.257,122,16,8.34926,33,1.5,0,0,0,10
1970973303,83.5962,0,0,-83.5962,83.5962,95,7,8.95003,24.55,1.5,0,0,0,10
1971223322,84.5726,0,0,-84.5726,84.5726,114,1,-10.3592,30.1408,1.5,0,0,0,10
1971348395,95.3644,0,0,-95.3644,95.3644,187,5,-22,47.9179,1.5,0,0,0,10
1971598377,96.8431,0,0,-96.8431,96.8431,169,13,18.5588,43.5588,1.5,0,0,0,10
1971848464,105.151,0,0,-105.151,105.151,256,8,-22.5,70.0187,1.5,0,0,0,10
1972098308,83.9173,0,0,-83.9173,83.9173,100,19,10.9323,25.0677,1.5,0,0,0,10
1972973300,83.7694,0,0,-83.7694,83.7694,92,4,-13.4703,25.4703,1.5,0,0,0,10
1973348471,104.475,0,0,-104.475,104.475,263,18,33.6803,67.6803,1.5,0,0,0,10
1973973382,99.1425,0,0,-99.1425,99.1425,174,2,-5.07702,51.5,1.5,0,0,0,10
1974598439,96.1691,0,0,-96.1691,96.1691,231,11,13,64.7081,1.5,0,0,0,10
1975223289,82.2155,0,0,-82.2155,82.2155,81,6,1.5,19.7839,1.5,0,0,0,10
1976223384,95.974,0,0,-95.974,95.974,176,20,12.4272,47.9272,1.5,0,0,0,10
2000000081,82.2155,0,0,-82.2155,82.2155,81,0,0,0,10,6,1.5,19.6339,1.5
2000000092,83.7694,0,0,-83.7694,83.7694,92,0,0,0,10,4,-13.5764,25.5764,1.5
2000000095,83.5962,0,0,-83.5962,83.5962,95,0,0,0,10,7,9.07932,24.5,1.5
2000000100,83.9173,0,0,-83.9173,83.9173,100,0,0,0,10,19,11.0384,24.9616,1.5
2000000113,84.6558,0,0,-84.6558,84.6558,113,0,0,0,10,9,3.51016,30.0102,1.5
2000000114,84.5726,0,0,-84.5726,84.5726,114,0,0,0,10,1,-10.4652,30.0348,1.5
2000000122,85.257,0,0,-85.257,85.257,122,0,0,0,10,16,8.19926,33,1.5
2000000169,96.8431,0,0,-96.8431,96.8431,169,0,0,0,10,13,18.4527,43.4527,1.5
2000000174,99.1425,0,0,-99.1425,99.1425,174,0,0,0,10,2,-5.22702,51.5,1.5
2000000176,95.974,0,0,-95.974,95.974,176,0,0,0,10,20,12.3212,47.8212,1.5
2000000187,95.3644,0,0,-95.3644,95.3644,187,0,0,0,10,5,-22,47.7679,1.5
2000000217,102.659,0,0,-102.659,102.659,217,0,0,0,10,3,-22.2838,59.5,1.5
2000000229,100.777,0,0,-100.777,100.777,229,0,0,0,10,17,28.5,58.9788,1.5
2000000231,96.1691,0,0,-96.1691,96.1691,231,0,0,0,10,11,13,64.5581,1.5
2000000254,96.5646,0,0,-96.5646,96.5646,254,0,0,0,10,10,-1,72.8136,1.5
2000000256,105.151,0,0,-105.151,105.151,256,0,0,0,10,8,-22.5,69.8687,1.5
2000000263,105.076,0,0,-105.076,105.076,263,0,0,0,10,15,26,71,1.5
2000000263,104.475,0,0,-104.475,104.475,263,0,0,0,10,18,33.5742,67.5742,1.5
2000000265,98.9001,0,0,-98.9001,98.9001,265,0,0,0,10,12,-16.5,74.1348,1.5
2000000266,101.392,0,0,-101.392,101.392,266,0,0,0,10,14,-28.2012,71.2012,1.5
2016348474,101.392,0,0,-101.392,101.392,266,14,-28.2012,71.2012,1.5,0,0,0,10
2016598471,105.076,0,0,-105.076,105.076,263,15,26,71,1.5,0,0,0,10
2017723425,102.659,0,0,-102.659,102.659,217,3,-22.2838,59.5,1.5,0,0,0,10
2017848321,84.6558,0,0,-84.6558,84.6558,113,9,3.51016,30.0102,1.5,0,0,0,10
2018723473,98.9001,0,0,-98.9001,98.9001,265,12,-16.5,74.1348,1.5,0,0,0,10
2019348437,100.777,0,0,-100.777,100.777,229,17,28.5,58.9788,1.5,0,0,0,10
2019848462,96.5646,0,0,-96.5646,96.5646,254,10,-1,72.8136,1.5,0,0,0,10
2020598330,85.257,0,0,-85.257,85.257,122,16,8.19926,33,1.5,0,0,0,10
2020973303,83.5962,0,0,-83.5962,83.5962,95,7,9.07932,24.5,1.5,0,0,0,10
2021223322,84.5726,0,0,-84.5726,84.5726,114,1,-10.4652,30.0348,1.5,0,0,0,10
2021348395,95.3644,0,0,-95.3644,95.3644,187,5,-22,47.7679,1.5,0,0,0,10
2021598377,96.8431,0,0,-96.8431,96.8431,169,13,18.4527,43.4527,1.5,0,0,0,10
2021848464,105.151,0,0,-105.151,105.151,256,8,-22.5,69.8687,1.5,0,0,0,10
2022098308,83.9173,0,0,-83.9173,83.9173,100,19,11.0384,24.9616,1.5,0,0,0,10
2022973300,83.7694,0,0,-83.7694,83.7694,92,4,-13.5764,25.5764,1.5,0,0,0,10
2023348471,104.475,0,0,-104.475,104.475,263,18,33.5742,67.5742,1.5,0,0,0,10
2023973382,99.1425,0,0,-99.1425,99.1425,174,2,-5.22702,51.5,1.5,0,0,0,10
2024598439,96.1691,0,0,-96.1691,96.1691,231,11,13,64.5581,1.5,0,0,0,10
2025223289,82.2155,0,0,-82.2155,82.2155,81,6,1.5,19.6339,1.5,0,0,0,10
2026223384,95.974,0,0,-95.974,95.974,176,20,12.3212,47.8212,1.5,0,0,0,10
2050000081,82.2155,0,0,-82.2155,82.2155,81,0,0,0,10,6,1.5,19.6339,1.5
2050000092,83.7694,0,0,-83.7694,83.7694,92,0,0,0,10,4,-13.5764,25.5764,1.5
2050000095,83.5962,0,0,-83.5962,83.5962,95,0,0,0,10,7,9.07932,24.5,1.5
2050000100,83.9173,0,0,-83.9173,83.9173,100,0,0,0,10,19,11.0384,24.9616,1.5
2050000113,84.6558,0,0,-84.6558,84.6558,113,0,0,0,10,9,3.51016,30.0102,1.5
2050000114,84.5726,0,0,-84.5726,84.5726,114,0,0,0,10,1,-10.4652,30.0348,1.5
2050000122,85.257,0,0,-85.257,85.257,122,0,0,0,10,16,8.19926,33,1.5
2050000169,96.8431,0,0,-96.8431,96.8431,169,0,0,0,10,13,18.4527,43.4527,1.5
2050000174,99.1425,0,0,-99.1425,99.1425,174,0,0,0,10,2,-5.22702,51.5,1.5
2050000176,95.974,0,0,-95.974,95.974,176,0,0,0,10,20,12.3212,47.8212,1.5
2050000187,95.3644,0,0,-95.3644,95.3644,187,0,0,0,10,5,-22,47.7679,1.5
2050000217,102.659,0,0,-102.659,102.659,217,0,0,0,10,3,-22.2838,59.5,1.5
2050000229,100.777,0,0,-100.777,100.777,229,0,0,0,10,17,28.5,58.9788,1.5
2050000231,96.1691,0,0,-96.1691,96.1691,231,0,0,0,10,11,13,64.5581,1.5
2050000254,96.5646,0,0,-96.5646,96.5646,254,0,0,0,10,10,-1,72.8136,1.5
2050000256,105.151,0,0,-105.151,105.151,256,0,0,0,10,8,-22.5,69.8687,1.5
2050000263,105.076,0,0,-105.076,105.076,263,0,0,0,10,15,26,71,1.5
2050000263,104.475,0,0,-104.475,104.475,263,0,0,0,10,18,33.5742,67.5742,1.5
2050000265,98.9001,0,0,-98.9001,98.9001,265,0,0,0,10,12,-16.5,74.1348,1.5
2050000266,101.392,0,0,-101.392,101.392,266,0,0,0,10,14,-28.2012,71.2012,1.5
2066348474,101.392,0,0,-101.392,101.392,266,14,-28.2012,71.2012,1.5,0,0,0,10
2066598471,105.076,0,0,-105.076,105.076,263,15,26,71,1.5,0,0,0,10
2067723425,102.659,0,0,-102.659,102.659,217,3,-22.2838,59.5,1.5,0,0,0,10
2067848321,84.6558,0,0,-84.6558,84.6558,113,9,3.51016,30.0102,1.5,0,0,0,10
2068723473,98.9001,0,0,-98.9001,98.9001,265,12,-16.5,74.1348,1.5,0,0,0,10
2069348437,100.777,0,0,-100.777,100.777,229,17,28.5,58.9788,1.5,0,0,0,10
2069848462,96.5646,0,0,-96.5646,96.5646,254,10,-1,72.8136,1.5,0,0,0,10
2070598330,85.257,0,0,-85.257,85.257,122,16,8.19926,33,1.5,0,0,0,10
2070973303,83.5962,0,0,-83.5962,83.5962,95,7,9.07932,24.5,1.5,0,0,0,10
2071223322,84.5726,0,0,-84.5726,84.5726,114,1,-10.4652,30.0348,1.5,0,0,0,10
2071348395,95.3644,0,0,-95.3644,95.3644,187,5,-22,47.7679,1.5,0,0,0,10
2071598377,96.8431,0,0,-96.8431,96.8431,169,13,18.4527,43.4527,1.5,0,0,0,10
2071848464,105.151,0,0,-105.151,105.151,256,8,-22.5,69.8687,1.5,0,0,0,10
2072098308,83.9173,0,0,-83.9173,83.9173,100,19,11.0384,24.9616,1.5,0,0,0,10
2072973300,83.7694,0,0,-83.7694,83.7694,92,4,-13.5764,25.5764,1.5,0,0,0,10
2073348471,104.475,0,0,-104.475,104.475,263,18,33.5742,67.5742,1.5,0,0,0,10
2073973382,99.1425,0,0,-99.1425,99.1425,174,2,-5.22702,51.5,1.5,0,0,0,10
2074598439,96.1691,0,0,-96.1691,96.1691,231,11,13,64.5581,1.5,0,0,0,10
2075223289,82.2155,0,0,-82.2155,82.2155,81,6,1.5,19.6339,1.5,0,0,0,10
2076223384,95.974,0,0,-95.974,95.974,176,20,12.3212,47.8212,1.5,0,0,0,10
2100000081,82.2155,0,0,-82.2155,82.2155,81,0,0,0,10,6,1.5,19.4839,1.5
2100000092,83.7694,0,0,-83.7694,83.7694,92,0,0,0,10,4,-13.6824,25.6824,1.5
2100000095,83.5962,0,0,-83.5962,83.5962,95,0,0,0,10,7,9.22932,24.5,1.5
2100000100,83.9173,0,0,-83.9173,83.9173,100,0,0,0,10,19,11.1444,24.8556,1.5
2100000113,84.6558,0,0,-84.6558,84.6558,113,0,0,0,10,9,3.40409,29.9041,1.5
2100000114,84.5726,0,0,-84.5726,84.5726,114,0,0,0,10,1,-10.5713,29.9287,1.5
2100000122,85.257,0,0,-85.257,85.257,122,0,0,0,10,16,8.04926,33,1.5
2100000169,96.8431,0,0,-96.8431,96.8431,169,0,0,0,10,13,18.3466,43.3466,1.5
2100000174,99.1425,0,0,-99.1425,99.1425,174,0,0,0,10,2,-5.37702,51.5,1.5
2100000176,95.974,0,0,-95.974,95.974,176,0,0,0,10,20,12.2151,47.7151,1.5
2100000187,95.3644,0,0,-95.3644,95.3644,187,0,0,0,10,5,-22,47.6179,1.5
2100000217,102.659,0,0,-102.659,102.659,217,0,0,0,10,3,-22.1338,59.5,1.5
2100000229,100.777,0,0,-100.777,100.777,229,0,0,0,10,17,28.5,58.8288,1.5
2100000231,96.1691,0,0,-96.1691,96.1691,231,0,0,0,10,11,13,64.4081,1.5
2100000254,96.5646,0,0,-96.5646,96.5646,254,0,0,0,10,10,-1,72.6636,1.5
2100000256,105.151,0,0,-105.151,105.151,256,0,0,0,10,8,-22.5,69.7187,1.5
2100000263,105.076,0,0,-105.076,105.076,263,0,0,0,10,15,25.8939,70.8939,1.5
2100000263,104.475,0,0,-104.475,104.475,263,0,0,0,10,18,33.4681,67.4681,1.5
2100000265,98.9001,0,0,-98.9001,98.9001,265,0,0,0,10,12,-16.4893,73.9893,1.5
2100000266,101.392,0,0,-101.392,101.392,266,0,0,0,10,14,-28.0952,71.0952,1.5
2116348474,101.392,0,0,-101.392,101.392,266,14,-28.0952,71.0952,1.5,0,0,0,10
2116598471,105.076,0,0,-105.076,105.076,263,15,25.8939,70.8939,1.5,0,0,0,10
2117723425,102.659,0,0,-102.659,102.659,217,3,-22.1338,59.5,1.5,0,0,0,10
2117848321,84.6558,0,0,-84.6558,84.6558,113,9,3.40409,29.9041,1.5,0,0,0,10
2118723473,98.9001,0,0,-98.9001,98.9001,265,12,-16.4893,73.9893,1.5,0,0,0,10
2119348437,100.777,0,0,-100.777,100.777,229,17,28.5,58.8288,1.5,0,0,0,10
2119848462,96.5646,0,0,-96.5646,96.5646,254,10,-1,72.6636,1.5,0,0,0,10
2120598330,85.257,0,0,-85.257,85.257,122,16,8.04926,33,1.5,0,0,0,10
2120973303,83.5962,0,0,-83.5962,83.5962,95,7,9.22932,24.5,1.5,0,0,0,10
2121223322,84.5726,0,0,-84.5726,84.5726,114,1,-10.5713,29.9287,1.5,0,0,0,10
2121348395,95.3644,0,0,-95.3644,95.3644,187,5,-22,47.6179,1.5,0,0,0,10
2121598377,96.8431,0,0,-96.8431,96.8431,169,13,18.3466,43.3466,1.5,0,0,0,10
2121848464,105.151,0,0,-105.151,105.151,256,8,-22.5,69.7187,1.5,0,0,0,10
2122098308,83.9173,0,0,-83.9173,83.9173,100,19,11.1444,24.8556,1.5,0,0,0,10
2122973300,83.7694,0,0,-83.7694,83.7694,92,4,-13.6824,25.6824,1.5,0,0,0,10
2123348471,104.475,0,0,-104.475,104.475,263,18,33.4681,67.4681,1.5,0,0,0,10
2123973382,99.1425,0,0,-99.1425,99.1425,174,2,-5.37702,51.5,1.5,0,0,0,10
2124598439,96.1691,0,0,-96.1691,96.1691,231,11,13,64.4081,1.5,0,0,0,10
2125223289,82.2155,0,0,-82.2155,82.2155,81,6,1.5,19.4839,1.5,0,0,0,10
2126223384,95.974,0,0,-95.974,95.974,176,20,12.2151,47.7151,1.5,0,0,0,10
2150000081,82.2155,0,0,-82.2155,82.2155,81,0,0,0,10,6,1.5,19.4839,1.5
2150000092,83.7694,0,0,-83.7694,83.7694,92,0,0,0,10,4,-13.6824,25.6824,1.5
2150000095,83.5962,0,0,-83.5962,83.5962,95,0,0,0,10,7,9.22932,24.5,1.5
2150000100,83.9173,0,0,-83.9173,83.9173,100,0,0,0,10,19,11.1444,24.8556,1.5
2150000113,84.6558,0,0,-84.6558,84.6558,113,0,0,0,10,9,3.40409,29.9041,1.5
2150000114,84.5726,0,0,-84.5726,84.5726,114,0,0,0,10,1,-10.5713,29.9287,1.5
2150000122,85.257,0,0,-85.257,85.257,122,0,0,0,10,16,8.04926,33,1.5
2150000169,96.8431,0,0,-96.8431,96.8431,169,0,0,0,10,13,18.3466,43.3466,1.5
2150000174,99.1425,0,0,-99.1425,99.1425,174,0,0,0,10,2,-5.37702,51.5,1.5
2150000176,95.974,0,0,-95.974,95.974,176,0,0,0,10,20,12.2151,47.7151,1.5
2150000187,95.3644,0,0,-95.3644,95.3644,187,0,0,0,10,5,-22,47.6179,1.5
2150000217,102.659,0,0,-102.659,102.659,217,0,0,0,10,3,-22.1338,59.5,1.5
2150000229,100.777,0,0,-100.777,100.777,229,0,0,0,10,17,28.5,58.8288,1.5
2150000231,96.1691,0,0,-96.1691,96.1691,231,0,0,0,10,11,13,64.4081,1.5
2150000254,96.5646,0,0,-96.5646,96.5646,254,0,0,0,10,10,-1,72.6636,1.5
2150000256,105.151,0,0,-105.151,105.151,256,0,0,0,10,8,-22.5,69.7187,1.5
2150000263,105.076,0,0,-105.076,105.076,263,0,0,0,10,15,25.8939,70.8939,1.5
2150000263,104.475,0,0,-104.475,104.475,263,0,0,0,10,18,33.4681,67.4681,1.5
2150000265,98.9001,0,0,-98.9001,98.9001,265,0,0,0,10,12,-16.4893,73.9893,1.5
2150000266,101.392,0,0,-101.392,101.392,266,0,0,0,10,14,-28.0952,71.0952,1.5
2166348474,101.392,0,0,-101.392,101.392,266,14,-28.0952,71.0952,1.5,0,0,0,10
2166598471,105.076,0,0,-105.076,105.076,263,15,25.8939,70.8939,1.5,0,0,0,10
2167723425,102.659,0,0,-102.659,102.659,217,3,-22.1338,59.5,1.5,0,0,0,10
2167848321,84.6558,0,0,-84.6558,84.6558,113,9,3.40409,29.9041,1.5,0,0,0,10
2168723473,98.9001,0,0,-98.9001,98.9001,265,12,-16.4893,73.9893,1.5,0,0,0,10
2169348437,100.777,0,0,-100.777,100.777,229,17,28.5,58.8288,1.5,0,0,0,10
2169848462,96.5646,0,0,-96.5646,96.5646,254,10,-1,72.6636,1.5,0,0,0,10
2170598330,85.257,0,0,-85.257,85.257,122,16,8.04926,33,1.5,0,0,0,10
2170973303,83.5962,0,0,-83.5962,83.5962,95,7,9.22932,24.5,1.5,0,0,0,10
2171223322,84.5726,0,0,-84.5726,84.5726,114,1,-10.5713,29.9287,1.5,0,0,0,10
2171348395,95.3644,0,0,-95.3644,95.3644,187,5,-22,47.6179,1.5,0,0,0,10
2171598377,96.8431,0,0,-96.8431,96.8431,169,13,18.3466,43.3466,1.5,0,0,0,10
2171848464,105.151,0,0,-105.151,105.151,256,8,-22.5,69.7187,1.5,0,0,0,10
2172098308,83.9173,0,0,-83.9173,83.9173,100,19,11.1444,24.8556,1.5,0,0,0,10
2172973300,83.7694,0,0,-83.7694,83.7694,92,4,-13.6824,25.6824,1.5,0,0,0,10
2173348471,104.475,0,0,-104.475,104.475,263,18,33.4681,67.4681,1.5,0,0,0,10
2173973382,99.1425,0,0,-99.1425,99.1425,174,2,-5.37702,51.5,1.5,0,0,0,10
2174598439,96.1691,0,0,-96.1691,96.1691,231,11,13,64.4081,1.5,0,0,0,10
2175223289,82.2155,0,0,-82.2155,82.2155,81,6,1.5,19.4839,1.5,0,0,0,10
2176223384,95.974,0,0,-95.974,95.974,176,20,12.2151,47.7151,1.5,0,0,0,10
2200000081,82.2155,0,0,-82.2155,82.2155,81,0,0,0,10,6,1.5,19.3339,1.5
2200000092,83.7694,0,0,-83.7694,83.7694,92,0,0,0,10,4,-13.7885,25.7885,1.5
2200000095,83.5962,0,0,-83.5962,83.5962,95,0,0,0,10,7,9.37932,24.5,1.5
2200000100,83.9173,0,0,-83.9173,83.9173,100,0,0,0,10,19,11.2505,24.7495,1.5
2200000113,84.6558,0,0,-84.6558,84.6558,113,0,0,0,10,9,3.29802,29.798,1.5
2200000114,84.5726,0,0,-84.5726,84.5726,114,0,0,0,10,1,-10.6774,29.8226,1.5
2200000122,85.257,0,0,-85.257,85.257,122,0,0,0,10,16,7.89926,33,1.5
2200000169,96.8431,0,0,-96.8431,96.8431,169,0,0,0,10,13,18.2406,43.2406,1.5
2200000174,99.1425,0,0,-99.1425,99.1425,174,0,0,0,10,2,-5.51911,51.5191,1.5
2200000176,95.974,0,0,-95.974,95.974,176,0,0,0,10,20,12.109,47.609,1.5
2200000187,95.3644,0,0,-95.3644,95.3644,187,0,0,0,10,5,-22,47.4679,1.5
2200000217,102.659,0,0,-102.659,102.659,217,0,0,0,10,3,-21.9838,59.5,1.5
2200000229,100.777,0,0,-100.777,100.777,229,0,0,0,10,17,28.5,58.6788,1.5
2200000231,96.1691,0,0,-96.1691,96.1691,231,0,0,0,10,11,13,64.2581,1.5
2200000254,96.5646,0,0,-96.5646,96.5646,254,0,0,0,10,10,-1,72.5136,1.5
2200000256,105.151,0,0,-105.151,105.151,256,0,0,0,10,8,-22.5,69.5687,1.5
2200000263,105.076,0,0,-105.076,105.076,263,0,0,0,10,15,25.7878,70.7878,1.5
2200000263,104.475,0,0,-104.475,104.475,263,0,0,0,10,18,33.3621,67.3621,1.5
2200000265,98.9001,0,0,-98.9001,98.9001,265,0,0,0,10,12,-16.3832,73.8832,1.5
2200000266,101.392,0,0,-101.392,101.392,266,0,0,0,10,14,-27.9891,70.9891,1.5
2216348474,101.392,0,0,-101.392,101.392,266,14,-27.9891,70.9891,1.5,0,0,0,10
2216598471,105.076,0,0,-105.076,105.076,263,15,25.7878,70.7878,1.5,0,0,0,10
2217723425,102.659,0,0,-102.659,102.659,217,3,-21.9838,59.5,1.5,0,0,0,10
2217848321,84.6558,0,0,-84.6558,84.6558,113,9,3.29802,29.798,1.5,0,0,0,10
2218723473,98.9001,0,0,-98.9001,98.9001,265,12,-16.3832,73.8832,1.5,0,0,0,10
2219348437,100.777,0,0,-100.777,100.777,229,17,28.5,58.6788,1.5,0,0,0,10
2219848462,96.5646,0,0,-96.5646,96.5646,254,10,-1,72.5136,1.5,0,0,0,10
2220598330,85.257,0,0,-85.257,85.257,122,16,7.89926,33,1.5,0,0,0,10
2220973303,83.5962,0,0,-83.5962,83.5962,95,7,9.37932,24.5,1.5,0,0,0,10
2221223322,84.5726,0,0,-84.5726,84.5726,114,1,-10.6774,29.8226,1.5,0,0,0,10
2221348395,95.3644,0,0,-95.3644,95.3644,187,5,-22,47.4679,1.5,0,0,0,10
2221598377,96.8431,0,0,-96.8431,96.8431,169,13,18.2406,43.2406,1.5,0,0,0,10
2221848464,105.151,0,0,-105.151,105.151,256,8,-22.5,69.5687,1.5,0,0,0,10
2222098308,83.9173,0,0,-83.9173,83.9173,100,19,11.2505,24.7495,1.5,0,0,0,10
2222973300,83.7694,0,0,-83.7694,83.7694,92,4,-13.7885,25.7885,1.5,0,0,0,10
2223348471,104.475,0,0,-104.475,104.475,263,18,33.3621,67.3621,1.5,0,0,0,10
2223973382,99.1425,0,0,-99.1425,99.1425,174,2,-5.51911,51.5191,1.5,0,0,0,10
2224598439,96.1691,0,0,-96.1691,96.1691,231,11,13,64.2581,1.5,0,0,0,10
2225223289,82.2155,0,0,-82.2155,82.2155,81,6,1.5,19.3339,1.5,0,0,0,10
2226223384,95.974,0,0,-95.974,95.974,176,20,12.109,47.609,1.5,0,0,0,10
2250000081,82.2155,0,0,-82.2155,82.2155,81,0,0,0,10,6,1.5,19.3339,1.5
2250000092,83.7694,0,0,-83.7694,83.7694,92,0,0,0,10,4,-13.7885,25.7885,1.5
2250000095,83.5962,0,0,-83.5962,83.5962,95,0,0,0,10,7,9.37932,24.5,1.5
2250000100,83.9173,0,0,-83.9173,83.9173,100,0,0,0,10,19,11.2505,24.7495,1.5
2250000113,84.6558,0,0,-84.6558,84.6558,113,0,0,0,10,9,3.29802,29.798,1.5
2250000114,84.5726,0,0,-84.5726,84.5726,114,0,0,0,10,1,-10.6774,29.8226,1.5
2250000122,85.257,0,0,-85.257,85.257,122,0,0,0,10,16,7.89926,33,1.5
2250000169,96.8431,0,0,-96.8431,96.8431,169,0,0,0,10,13,18.2406,43.2406,1.5
2250000174,99.1425,0,0,-99.1425,99.1425,174,0,0,0,10,2,-5.51911,51.5191,1.5
2250000176,95.974,0,0,-95.974,95.974,176,0,0,0,10,20,12.109,47.609,1.5
2250000187,95.3644,0,0,-95.3644,95.3644,187,0,0,0,10,5,-22,47.4679,1.5
2250000217,102.659,0,0,-102.659,102.659,217,0,0,0,10,3,-21.9838,59.5,1.5
2250000229,100.777,0,0,-100.777,100.777,229,0,0,0,10,17,28.5,58.6788,1.5
2250000231,96.1691,0,0,-96.1691,96.1691,231,0,0,0,10,11,13,64.2581,1.5
2250000254,96.5646,0,0,-96.5646,96.5646,254,0,0,0,10,10,-1,72.5136,1.5
2250000256,105.151,0,0,-105.151,105.151,256,0,0,0,10,8,-22.5,69.5687,1.5
2250000263,105.076,0,0,-105.076,105.076,263,0,0,0,10,15,25.7878,70.7878,1.5
2250000263,104.475,0,0,-104.475,104.475,263,0,0,0,10,18,33.3621,67.3621,1.5
2250000265,98.9001,0,0,-98.9001,98.9001,265,0,0,0,10,12,-16.3832,73.8832,1.5
2250000266,101.392,0,0,-101.392,101.392,266,0,0,0,10,14,-27.9891,70.9891,1.5
2266348474,101.392,0,0,-101.392,101.392,266,14,-27.9891,70.9891,1.5,0,0,0,10
2266598471,105.076,0,0,-105.076,105.076,263,15,25.7878,70.7878,1.5,0,0,0,10
2267723425,102.659,0,0,-102.659,102.659,217,3,-21.9838,59.5,1.5,0,0,0,10
2267848321,84.6558,0,0,-84.6558,84.6558,113,9,3.29802,29.798,1.5,0,0,0,10
2268723473,98.9001,0,0,-98.9001,98.9001,265,12,-16.3832,73.8832,1.5,0,0,0,10
2269348437,100.777,0,0,-100.777,100.777,229,17,28.5,58.6788,1.5,0,0,0,10
2269848462,96.5646,0,0,-96.5646,96.5646,254,10,-1,72.5136,1.5,0,0,0,10
2270598330,85.257,0,0,-85.257,85.257,122,16,7.89926,33,1.5,0,0,0,10
2270973303,83.5962,0,0,-83.5962,83.5962,95,7,9.37932,24.5,1.5,0,0,0,10
2271223322,84.5726,0,0,-84.5726,84.5726,114,1,-10.6774,29.8226,1.5,0,0,0,10
2271348395,95.3644,0,0,-95.3644,95.3644,187,5,-22,47.4679,1.5,0,0,0,10
2271598377,96.8431,0,0,-96.8431,96.8431,169,13,18.2406,43.2406,1.5,0,0,0,10
2271848464,105.151,0,0,-105.151,105.151,256,8,-22.5,69.5687,1.5,0,0,0,10
2272098308,83.9173,0,0,-83.9173,83.9173,100,19,11.2505,24.7495,1.5,0,0,0,10
2272973300,83.7694,0,0,-83.7694,83.7694,92,4,-13.7885,25.7885,1.5,0,0,0,10
2273348471,104.475,0,0,-104.475,104.475,263,18,33.3621,67.3621,1.5,0,0,0,10
2273973382,99.1425,0,0,-99.1425,99.1425,174,2,-5.51911,51.5191,1.5,0,0,0,10
2274598439,96.1691,0,0,-96.1691,96.1691,231,11,13,64.2581,1.5,0,0,0,10
2275223289,82.2155,0,0,-82.2155,82.2155,81,6,1.5,19.3339,1.5,0,0,0,10
2276223384,95.974,0,0,-95.974,95.974,176,20,12.109,47.609,1.5,0,0,0,10
2300000081,82.2155,0,0,-82.2155,82.2155,81,0,0,0,10,6,1.5,19.1839,1.5
2300000092,83.7694,0,0,-83.7694,83.7694,92,0,0,0,10,4,-13.8946,25.8946,1.5
2300000095,83.5962,0,0,-83.5962,83.5962,95,0,0,0,10,7,9.52932,24.5,1.5
2300000100,83.9173,0,0,-83.9173,83.9173,100,0,0,0,10,19,11.3566,24.6434,1.5
2300000113,84.6558,0,0,-84.6558,84.6558,113,0,0,0,10,9,3.19196,29.692,1.5
2300000114,84.5726,0,0,-84.5726,84.5726,114,0,0,0,10,1,-10.7834,29.7166,1.5
2300000122,85.257,0,0,-85.257,85.257,122,0,0,0,10,16,7.74926,33,1.5
2300000169,96.8431,0,0,-96.8431,96.8431,169,0,0,0,10,13,18.1345,43.1345,1.5
2300000174,99.1425,0,0,-99.1425,99.1425,174,0,0,0,10,2,-5.62517,51.6252,1.5
2300000176,95.974,0,0,-95.974,95.974,176,0,0,0,10,20,12.003,47.503,1.5
2300000187,95.3644,0,0,-95.3644,95.3644,187,0,0,0,10,5,-22,47.3179,1.5
2300000217,102.659,0,0,-102.659,102.659,217,0,0,0,10,3,-21.8338,59.5,1.5
2300000229,100.777,0,0,-100.777,100.777,229,0,0,0,10,17,28.5,58.5288,1.5
2300000231,96.1691,0,0,-96.1691,96.1691,231,0,0,0,10,11,13,64.1081,1.5
2300000254,96.5646,0,0,-96.5646,96.5646,254,0,0,0,10,10,-1,72.3636,1.5
2300000256,105.151,0,0,-105.151,105.151,256,0,0,0,10,8,-22.5,69.4187,1.5
2300000263,105.076,0,0,-105.076,105.076,263,0,0,0,10,15,25.6818,70.6818,1.5
2300000263,104.475,0,0,-104.475,104.475,263,0,0,0,10,18,33.256,67.256,1.5
2300000265,98.9001,0,0,-98.9001,98.9001,265,0,0,0,10,12,-16.2771,73.7771,1.5
2300000266,101.392,0,0,-101.392,101.392,266,0,0,0,10,14,-27.883,70.883,1.5
2316348474,101.392,0,0,-101.392,101.392,266,14,-27.883,70.883,1.5,0,0,0,10
2316598471,105.076,0,0,-105.076,105.076,263,15,25.6818,70.6818,1.5,0,0,0,10
2317723425,102.659,0,0,-102.659,102.659,217,3,-21.8338,59.5,1.5,0,0,0,10
2317848321,84.6558,0,0,-84.6558,84.6558,113,9,3.19196,29.692,1.5,0,0,0,10
2318723473,98.9001,0,0,-98.9001,98.9001,265,12,-16.2771,73.7771,1.5,0,0,0,10
2319348437,100.777,0,0,-100.777,100.777,229,17,28.5,58.5288,1.5,0,0,0,10
2319848462,96.5646,0,0,-96.5646,96.5646,254,10,-1,72.3636,1.5,0,0,0,10
2320598330,85.257,0,0,-85.257,85.257,122,16,7.74926,33,1.5,0,0,0,10
2320973303,83.5962,0,0,-83.5962,83.5962,95,7,9.52932,24.5,1.5,0,0,0,10
2321223322,84.5726,0,0,-84.5726,84.5726,114,1,-10.7834,29.7166,1.5,0,0,0,10
2321348395,95.3644,0,0,-95.3644,95.3644,187,5,-22,47.3179,1.5,0,0,0,10
2321598377,96.8431,0,0,-96.8431,96.8431,169,13,18.1345,43.1345,1.5,0,0,0,10
2321848464,105.151,0,0,-105.151,105.151,256,8,-22.5,69.4187,1.5,0,0,0,10
2322098308,83.9173,0,0,-83.9173,83.9173,100,19,11.3566,24.6434,1.5,0,0,0,10
2322973300,83.7694,0,0,-83.7694,83.7694,92,4,-13.8946,25.8946,1.5,0,0,0,10
2323348471,104.475,0,0,-104.475,104.475,263,18,33.256,67.256,1.5,0,0,0,10
2323973382,99.1425,0,0,-99.1425,99.1425,174,2,-5.62517,51.6252,1.5,0,0,0,10
2324598439,96.1691,0,0,-96.1691,96.1691,231,11,13,64.1081,1.5,0,0,0,10
2325223289,82.2155,0,0,-82.2155,82.2155,81,6,1.5,19.1839,1.5,0,0,0,10
2326223384,95.974,0,0,-95.974,95.974,176,20,12.003,47.503,1.5,0,0,0,10
2350000081,82.2155,0,0,-82.2155,82.2155,81,0,0,0,10,6,1.5,19.1839,1.5
2350000092,83.7694,0,0,-83.7694,83.7694,92,0,0,0,10,4,-13.8946,25.8946,1.5
2350000095,83.5962,0,0,-83.5962,83.5962,95,0,0,0,10,7,9.52932,24.5,1.5
2350000100,83.9173,0,0,-83.9173,83.9173,100,0,0,0,10,19,11.3566,24.6434,1.5
2350000113,84.6558,0,0,-84.6558,84.6558,113,0,0,0,10,9,3.19196,29.692,1.5
2350000114,84.5726,0,0,-84.5726,84.5726,114,0,0,0,10,1,-10.7834,29.7166,1.5
2350000122,85.257,0,0,-85.257,85.257,122,0,0,0,10,16,7.74926,33,1.5
2350000169,96.8431,0,0,-96.8431,96.8431,169,0,0,0,10,13,18.1345,43.1345,1.5
2350000174,99.1425,0,0,-99.1425,99.1425,174,0,0,0,10,2,-5.62517,51.6252,1.5
2350000176,95.974,0,0,-95.974,95.974,176,0,0,0,10,20,12.003,47.503,1.5
2350000187,95.3644,0,0,-95.3644,95.3644,187,0,0,0,10,5,-22,47.3179,1.5
2350000217,102.659,0,0,-102.659,102.659,217,0,0,0,10,3,-21.8338,59.5,1.5
2350000229,100.777,0,0,-100.777,100.777,229,0,0,0,10,17,28.5,58.5288,1.5
2350000231,96.1691,0,0,-96.1691,96.1691,231,0,0,0,10,11,13,64.1081,1.5
2350000254,96.5646,0,0,-96.5646,96.5646,254,0,0,0,10,10,-1,72.3636,1.5
2350000256,105.151,0,0,-105.151,105.151,256,0,0,0,10,8,-22.5,69.4187,1.5
2350000263,105.076,0,0,-105.076,105.076,263,0,0,0,10,15,25.6818,70.6818,1.5
2350000263,104.475,0,0,-104.475,104.475,263,0,0,0,10,18,33.256,67.256,1.5
2350000265,98.9001,0,0,-98.9001,98.9001,265,0,0,0,10,12,-16.2771,73.7771,1.5
2350000266,101.392,0,0,-101.392,101.392,266,0,0,0,10,14,-27.883,70.883,1.5
2366348474,101.392,0,0,-101.392,101.392,266,14,-27.883,70.883,1.5,0,0,0,10
2366598471,105.076,0,0,-105.076,105.076,263,15,25.6818,70.6818,1.5,0,0,0,10
2367723425,102.659,0,0,-102.659,102.659,217,3,-21.8338,59.5,1.5,0,0,0,10
2367848321,84.6558,0,0,-84.6558,84.6558,113,9,3.19196,29.692,1.5,0,0,0,10
2368723473,98.9001,0,0,-98.9001,98.9001,265,12,-16.2771,73.7771,1.5,0,0,0,10
2369348437,100.777,0,0,-100.777,100.777,229,17,28.5,58.5288,1.5,0,0,0,10
2369848462,96.5646,0,0,-96.5646,96.5646,254,10,-1,72.3636,1.5,0,0,0,10
2370598330,85.257,0,0,-85.257,85.257,122,16,7.74926,33,1.5,0,0,0,10
2370973303,83.5962,0,0,-83.5962,83.5962,95,7,9.52932,24.5,1.5,0,0,0,10
2371223322,84.5726,0,0,-84.5726,84.5726,114,1,-10.7834,29.7166,1.5,0,0,0,10
2371348395,95.3644,0,0,-95.3644,95.3644,187,5,-22,47.3179,1.5,0,0,0,10
2371598377,96.8431,0,0,-96.8431,96.8431,169,13,18.1345,43.1345,1.5,0,0,0,10
2371848464,105.151,0,0,-105.151,105.151,256,8,-22.5,69.4187,1.5,0,0,0,10
2372098308,83.9173,0,0,-83.9173,83.9173,100,19,11.3566,24.6434,1.5,0,0,0,10
2372973300,83.7694,0,0,-83.7694,83.7694,92,4,-13.8946,25.8946,1.5,0,0,0,10
2373348471,104.475,0,0,-104.475,104.475,263,18,33.256,67.256,1.5,0,0,0,10
2373973382,99.1425,0,0,-99.1425,99.1425,174,2,-5.62517,51.6252,1.5,0,0,0,10
2374598439,96.1691,0,0,-96.1691,96.1691,231,11,13,64.1081,1.5,0,0,0,10
2375223289,82.2155,0,0,-82.2155,82.2155,81,6,1.5,19.1839,1.5,0,0,0,10
2376223384,95.974,0,0,-95.974,95.974,176,20,12.003,47.503,1.5,0,0,0,10
2400000081,82.2155,0,0,-82.2155,82.2155,81,0,0,0,10,6,1.5,19.0339,1.5
2400000092,83.7694,0,0,-83.7694,83.7694,92,0,0,0,10,4,-14.0006,26.0006,1.5
2400000095,83.5962,0,0,-83.5962,83.5962,95,0,0,0,10,7,9.67932,24.5,1.5
2400000100,83.9173,0,0,-83.9173,83.9173,100,0,0,0,10,19,11.4626,24.5374,1.5
2400000113,84.6558,0,0,-84.6558,84.6558,113,0,0,0,10,9,3.08589,29.5859,1.5
2400000114,84.5726,0,0,-84.5726,84.5726,114,0,0,0,10,1,-10.8895,29.6105,1.5
2400000122,85.257,0,0,-85.257,85.257,122,0,0,0,10,16,7.59926,33,1.5
2400000169,96.8431,0,0,-96.8431,96.8431,169,0,0,0,10,13,18.0284,43.0284,1.5
2400000174,99.1425,0,0,-99.1425,99.1425,174,0,0,0,10,2,-5.73124,51.7312,1.5
2400000176,95.974,0,0,-95.974,95.974,176,0,0,0,10,20,11.8969,47.3969,1.5
2400000187,95.3644,0,0,-95.3644,95.3644,187,0,0,0,10,5,-22,47.1679,1.5
2400000217,102.659,0,0,-102.659,102.659,217,0,0,0,10,3,-21.6838,59.5,1.5
2400000229,100.777,0,0,-100.777,100.777,229,0,0,0,10,17,28.5,58.3788,1.5
2400000231,96.1691,0,0,-96.1691,96.1691,231,0,0,0,10,11,13,63.9581,1.5
2400000254,96.5646,0,0,-96.5646,96.5646,254,0,0,0,10,10,-1,72.2136,1.5
2400000256,105.151,0,0,-105.151,105.151,256,0,0,0,10,8,-22.5,69.2687,1.5
2400000263,105.076,0,0,-105.076,105.076,263,0,0,0,10,15,25.5757,70.5757,1.5
2400000263,104.475,0,0,-104.475,104.475,263,0,0,0,10,18,33.1499,67.1499,1.5
2400000265,98.9001,0,0,-98.9001,98.9001,265,0,0,0,10,12,-16.1711,73.6711,1.5
2400000266,101.392,0,0,-101.392,101.392,266,0,0,0,10,14,-27.777,70.777,1.5
2416348474,101.392,0,0,-101.392,101.392,266,14,-27.777,70.777,1.5,0,0,0,10
2416598471,105.076,0,0,-105.076,105.076,263,15,25.5757,70.5757,1.5,0,0,0,10
2417723425,102.659,0,0,-102.659,102.659,217,3,-21.6838,59.5,1.5,0,0,0,10
2417848321,84.6558,0,0,-84.6558,84.6558,113,9,3.08589,29.5859,1.5,0,0,0,10
2418723473,98.9001,0,0,-98.9001,98.9001,265,12,-16.1711,73.6711,1.5,0,0,0,10
2419348437,100.777,0,0,-100.777,100.777,229,17,28.5,58.3788,1.5,0,0,0,10
2419848462,96.5646,0,0,-96.5646,96.5646,254,10,-1,72.2136,1.5,0,0,0,10
2420598330,85.257,0,0,-85.257,85.257,122,16,7.59926,33,1.5,0,0,0,10
2420973303,83.5962,0,0,-83.5962,83.5962,95,7,9.67932,24.5,1.5,0,0,0,10
2421223322,84.5726,0,0,-84.5726,84.5726,114,1,-10.8895,29.6105,1.5,0,0,0,10
2421348395,95.3644,0,0,-95.3644,95.3644,187,5,-22,47.1679,1.5,0,0,0,10
2421598377,96.8431,0,0,-96.8431,96.8431,169,13,18.0284,43.0284,1.5,0,0,0,10
2421848464,105.151,0,0,-105.151,105.151,256,8,-22.5,69.2687,1.5,0,0,0,10
2422098308,83.9173,0,0,-83.9173,83.9173,100,19,11.4626,24.5374,1.5,0,0,0,10
2422973300,83.7694,0,0,-83.7694,83.7694,92,4,-14.0006,26.0006,1.5,0,0,0,10
2423348471,104.475,0,0,-104.475,104.475,263,18,33.1499,67.1499,1.5,0,0,0,10
2423973382,99.1425,0,0,-99.1425,99.1425,174,2,-5.73124,51.7312,1.5,0,0,0,10
2424598439,96.1691,0,0,-96.1691,96.1691,231,11,13,63.9581,1.5,0,0,0,10
2425223289,82.2155,0,0,-82.2155,82.2155,81,6,1.5,19.0339,1.5,0,0,0,10
2426223384,95.974,0,0,-95.974,95.974,176,20,11.8969,47.3969,1.5,0,0,0,10
2450000081,82.2155,0,0,-82.2155,82.2155,81,0,0,0,10,6,1.5,19.0339,1.5
2450000092,83.7694,0,0,-83.7694,83.7694,92,0,0,0,10,4,-14.0006,26.0006,1.5
2450000095,83.5962,0,0,-83.5962,83.5962,95,0,0,0,10,7,9.67932,24.5,1.5
2450000100,83.9173,0,0,-83.9173,83.9173,100,0,0,0,10,19,11.4626,24.5374,1.5
2450000113,84.6558,0,0,-84.6558,84.6558,113,0,0,0,10,9,3.08589,29.5859,1.5
2450000114,84.5726,0,0,-84.5726,84.5726,114,0,0,0,10,1,-10.8895,29.6105,1.5
2450000122,85.257,0,0,-85.257,85.257,122,0,0,0,10,16,7.59926,33,1.5
2450000169,96.8431,0,0,-96.8431,96.8431,169,0,0,0,10,13,18.0284,43.0284,1.5
2450000174,99.1425,0,0,-99.1425,99.1425,174,0,0,0,10,2,-5.73124,51.7312,1.5
2450000176,95.974,0,0,-95.974,95.974,176,0,0,0,10,20,11.8969,47.3969,1.5
2450000187,95.3644,0,0,-95.3644,95.3644,187,0,0,0,10,5,-22,47.1679,1.5
2450000217,102.659,0,0,-102.659,102.659,217,0,0,0,10,3,-21.6838,59.5,1.5
2450000229,100.777,0,0,-100.777,100.777,229,0,0,0,10,17,28.5,58.3788,1.5
2450000231,96.1691,0,0,-96.1691,96.1691,231,0,0,0,10,11,13,63.9581,1.5
2450000254,96.5646,0,0,-96.5646,96.5646,254,0,0,0,10,10,-1,72.2136,1.5
2450000256,105.151,0,0,-105.151,105.151,256,0,0,0,10,8,-22.5,69.2687,1.5
2450000263,105.076,0,0,-105.076,105.076,263,0,0,0,10,15,25.5757,70.5757,1.5
2450000263,104.475,0,0,-104.475,104.475,263,0,0,0,10,18,33.1499,67.1499,1.5
2450000265,98.9001,0,0,-98.9001,98.9001,265,0,0,0,10,12,-16.1711,73.6711,1.5
2450000266,101.392,0,0,-101.392,101.392,266,0,0,0,10,14,-27.777,70.777,1.5
2466348474,101.392,0,0,-101.392,101.392,266,14,-27.777,70.777,1.5,0,0,0,10
2466598471,105.076,0,0,-105.076,105.076,263,15,25.5757,70.5757,1.5,0,0,0,10
2467723425,102.659,0,0,-102.659,102.659,217,3,-21.6838,59.5,1.5,0,0,0,10
2467848321,84.6558,0,0,-84.6558,84.6558,113,9,3.08589,29.5859,1.5,0,0,0,10
2468723473,98.9001,0,0,-98.9001,98.9001,265,12,-16.1711,73.6711,1.5,0,0,0,10
2469348437,100.777,0,0,-100.777,100.777,229,17,28.5,58.3788,1.5,0,0,0,10
2469848462,96.5646,0,0,-96.5646,96.5646,254,10,-1,72.2136,1.5,0,0,0,10
2470598330,85.257,0,0,-85.257,85.257,122,16,7.59926,33,1.5,0,0,0,10
2470973303,83.5962,0,0,-83.5962,83.5962,95,7,9.67932,24.5,1.5,0,0,0,10
2471223322,84.5726,0,0,-84.5726,84.5726,114,1,-10.8895,29.6105,1.5,0,0,0,10
2471348395,95.3644,0,0,-95.3644,95.3644,187,5,-22,47.1679,1.5,0,0,0,10
2471598377,96.8431,0,0,-96.8431,96.8431,169,13,18.0284,43.0284,1.5,0,0,0,10
2471848464,105.151,0,0,-105.151,105.151,256,8,-22.5,69.2687,1.5,0,0,0,10
2472098308,83.9173,0,0,-83.9173,83.9173,100,19,11.4626,24.5374,1.5,0,0,0,10
2472973300,83.7694,0,0,-83.7694,83.7694,92,4,-14.0006,26.0006,1.5,0,0,0,10
2473348471,104.475,0,0,-104.475,104.475,263,18,33.1499,67.1499,1.5,0,0,0,10
2473973382,99.1425,0,0,-99.1425,99.1425,174,2,-5.73124,51.7312,1.5,0,0,0,10
2474598439,96.1691,0,0,-96.1691,96.1691,231,11,13,63.9581,1.5,0,0,0,10
2475223289,82.2155,0,0,-82.2155,82.2155,81,6,1.5,19.0339,1.5,0,0,0,10
2476223384,95.974,0,0,-95.974,95.974,176,20,11.8969,47.3969,1.5,0,0,0,10
2500000081,82.2155,0,0,-82.2155,82.2155,81,0,0,0,10,6,1.5,18.8839,1.5
2500000092,83.7694,0,0,-83.7694,83.7694,92,0,0,0,10,4,-14.1067,26.1067,1.5
2500000095,83.5962,0,0,-83.5962,83.5962,95,0,0,0,10,7,9.82932,24.5,1.5
2500000100,83.9173,0,0,-83.9173,83.9173,100,0,0,0,10,19,11.5687,24.4313,1.5
2500000113,84.6558,0,0,-84.6558,84.6558,113,0,0,0,10,9,2.97983,29.4798,1.5
2500000114,84.5726,0,0,-84.5726,84.5726,114,0,0,0,10,1,-10.9956,29.5044,1.5
2500000122,85.257,0,0,-85.257,85.257,122,0,0,0,10,16,7.44926,33,1.5
2500000169,96.8431,0,0,-96.8431,96.8431,169,0,0,0,10,13,17.9224,42.9224,1.5
2500000174,99.1425,0,0,-99.1425,99.1425,174,0,0,0,10,2,-5.83731,51.8373,1.5
2500000176,95.974,0,0,-95.974,95.974,176,0,0,0,10,20,11.7909,47.2909,1.5
2500000187,95.3644,0,0,-95.3644,95.3644,187,0,0,0,10,5,-22,47.0179,1.5
2500000217,102.659,0,0,-102.659,102.659,217,0,0,0,10,3,-21.5338,59.5,1.5
2500000229,100.777,0,0,-100.777,100.777,229,0,0,0,10,17,28.5,58.2288,1.5
2500000231,96.1691,0,0,-96.1691,96.1691,231,0,0,0,10,11,13,63.8081,1.5
2500000254,96.5646,0,0,-96.5646,96.5646,254,0,0,0,10,10,-1,72.0636,1.5
2500000256,105.151,0,0,-105.151,105.151,256,0,0,0,10,8,-22.5,69.1187,1.5
2500000263,105.076,0,0,-105.076,105.076,263,0,0,0,10,15,25.4696,70.4696,1.5
2500000263,104.475,0,0,-104.475,104.475,263,0,0,0,10,18,33.0439,67.0439,1.5
2500000265,98.9001,0,0,-98.9001,98.9001,265,0,0,0,10,12,-16.065,73.565,1.5
2500000266,101.392,0,0,-101.392,101.392,266,0,0,0,10,14,-27.6709,70.6709,1.5
2516348474,101.392,0,0,-101.392,101.392,266,14,-27.6709,70.6709,1.5,0,0,0,10
2516598471,105.076,0,0,-105.076,105.076,263,15,25.4696,70.4696,1.5,0,0,0,10
2517723425,102.659,0,0,-102.659,102.659,217,3,-21.5338,59.5,1.5,0,0,0,10
2517848321,84.6558,0,0,-84.6558,84.6558,113,9,2.97983,29.4798,1.5,0,0,0,10
2518723473,98.9001,0,0,-98.9001,98.9001,265,12,-16.065,73.565,1.5,0,0,0,10
2519348437,100.777,0,0,-100.777,100.777,229,17,28.5,58.2288,1.5,0,0,0,10
2519848462,96.5646,0,0,-96.5646,96.5646,254,10,-1,72.0636,1.5,0,0,0,10
2520598330,85.257,0,0,-85.257,85.257,122,16,7.44926,33,1.5,0,0,0,10
2520973303,83.5962,0,0,-83.5962,83.5962,95,7,9.82932,24.5,1.5,0,0,0,10
2521223322,84.5726,0,0,-84.5726,84.5726,114,1,-10.9956,29.5044,1.5,0,0,0,10
2521348395,95.3644,0,0,-95.3644,95.3644,187,5,-22,47.0179,1.5,0,0,0,10
2521598377,96.8431,0,0,-96.8431,96.8431,169,13,17.9224,42.9224,1.5,0,0,0,10
2521848464,105.151,0,0,-105.151,105.151,256,8,-22.5,69.1187,1.5,0,0,0,10
2522098308,83.9173,0,0,-83.9173,83.9173,100,19,11.5687,24.4313,1.5,0,0,0,10
2522973300,83.7694,0,0,-83.7694,83.7694,92,4,-14.1067,26.1067,1.5,0,0,0,10
2523348471,104.475,0,0,-104.475,104.475,263,18,33.0439,67.0439,1.5,0,0,0,10
2523973382,99.1425,0,0,-99.1425,99.1425,174,2,-5.83731,51.8373,1.5,0,0,0,10
2524598439,96.1691,0,0,-96.1691,96.1691,231,11,13,63.8081,1.5,0,0,0,10
2525223289,82.2155,0,0,-82.2155,82.2155,81,6,1.5,18.8839,1.5,0,0,0,10
2526223384,95.974,0,0,-95.974,95.974,176,20,11.7909,47.2909,1.5,0,0,0,10
2550000081,82.2155,0,0,-82.2155,82.2155,81,0,0,0,10,6,1.5,18.8839,1.5
2550000092,83.7694,0,0,-83.7694,83.7694,92,0,0,0,10,4,-14.1067,26.1067,1.5
2550000095,83.5962,0,0,-83.5962,83.5962,95,0,0,0,10,7,9.82932,24.5,1.5
2550000100,83.9173,0,0,-83.9173,83.9173,100,0,0,0,10,19,11.5687,24.4313,1.5
2550000113,84.6558,0,0,-84.6558,84.6558,113,0,0,0,10,9,2.97983,29.4798,1.5
2550000114,84.5726,0,0,-84.5726,84.5726,114,0,0,0,10,1,-10.9956,29.5044,1.5
2550000122,85.257,0,0,-85.257,85.257,122,0,0,0,10,16,7.44926,33,1.5
2550000169,96.8431,0,0,-96.8431,96.8431,169,0,0,0,10,13,17.9224,42.9224,1.5
2550000174,99.1425,0,0,-99.1425,99.1425,174,0,0,0,10,2,-5.83731,51.8373,1.5
2550000176,95.974,0,0,-95.974,95.974,176,0,0,0,10,20,11.7909,47.2909,1.5
2550000187,95.3644,0,0,-95.3644,95.3644,187,0,0,0,10,5,-22,47.0179,1.5
2550000217,102.659,0,0,-102.659,102.659,217,0,0,0,10,3,-21.5338,59.5,1.5
2550000229,100.777,0,0,-100.777,100.777,229,0,0,0,10,17,28.5,58.2288,1.5
2550000231,96.1691,0,0,-96.1691,96.1691,231,0,0,0,10,11,13,63.8081,1.5
2550000254,96.5646,0,0,-96.5646,96.5646,254,0,0,0,10,10,-1,72.0636,1.5
2550000256,105.151,0,0,-105.151,105.151,256,0,0,0,10,8,-22.5,69.1187,1.5
2550000263,105.076,0,0,-105.076,105.076,263,0,0,0,10,15,25.4696,70.4696,1.5
2550000263,104.475,0,0,-104.475,104.475,263,0,0,0,10,18,33.0439,67.0439,1.5
2550000265,98.9001,0,0,-98.9001,98.9001,265,0,0,0,10,12,-16.065,73.565,1.5
2550000266,101.392,0,0,-101.392,101.392,266,0,0,0,10,14,-27.6709,70.6709,1.5
2566348474,101.392,0,0,-101.392,101.392,266,14,-27.6709,70.6709,1.5,0,0,0,10
2566598471,105.076,0,0,-105.076,105.076,263,15,25.4696,70.4696,1.5,0,0,0,10
2567723425,102.659,0,0,-102.659,102.659,217,3,-21.5338,59.5,1.5,0,0,0,10
2567848321,84.6558,0,0,-84.6558,84.6558,113,9,2.97983,29.4798,1.5,0,0,0,10
2568723473,98.9001,0,0,-98.9001,98.9001,265,12,-16.065,73.565,1.5,0,0,0,10
2569348437,100.777,0,0,-100.777,100.777,229,17,28.5,58.2288,1.5,0,0,0,10
2569848462,96.5646,0,0,-96.5646,96.5646,254,10,-1,72.0636,1.5,0,0,0,10
2570598330,85.257,0,0,-85.257,85.257,122,16,7.44926,33,1.5,0,0,0,10
2570973303,83.5962,0,0,-83.5962,83.5962,95,7,9.82932,24.5,1.5,0,0,0,10
2571223322,84.5726,0,0,-84.5726,84.5726,114,1,-10.9956,29.5044,1.5,0,0,0,10
2571348395,95.3644,0,0,-95.3644,95.3644,187,5,-22,47.0179,1.5,0,0,0,10
2571598377,96.8431,0,0,-96.8431,96.8431,169,13,17.9224,42.9224,1.5,0,0,0,10
2571848464,105.151,0,0,-105.151,105.151,256,8,-22.5,69.1187,1.5,0,0,0,10
2572098308,83.9173,0,0,-83.9173,83.9173,100,19,11.5687,24.4313,1.5,0,0,0,10
2572973300,83.7694,0,0,-83.7694,83.7694,92,4,-14.1067,26.1067,1.5,0,0,0,10
2573348471,104.475,0,0,-104.475,104.475,263,18,33.0439,67.0439,1.5,0,0,0,10
2573973382,99.1425,0,0,-99.1425,99.1425,174,2,-5.83731,51.8373,1.5,0,0,0,10
2574598439,96.1691,0,0,-96.1691,96.1691,231,11,13,63.8081,1.5,0,0,0,10
2575223289,82.2155,0,0,-82.2155,82.2155,81,6,1.5,18.8839,1.5,0,0,0,10
2576223384,95.974,0,0,-95.974,95.974,176,20,11.7909,47.2909,1.5,0,0,0,10
2600000081,82.2155,0,0,-82.2155,82.2155,81,0,0,0,10,6,1.5,18.7339,1.5
2600000092,83.7694,0,0,-83.7694,83.7694,92,0,0,0,10,4,-14.2128,26.2128,1.5
2600000095,83.5962,0,0,-83.5962,83.5962,95,0,0,0,10,7,9.97932,24.5,1.5
2600000100,83.9173,0,0,-83.9173,83.9173,100,0,0,0,10,19,11.6748,24.3252,1.5
2600000113,84.6558,0,0,-84.6558,84.6558,113,0,0,0,10,9,2.87376,29.3738,1.5
2600000114,84.5726,0,0,-84.5726,84.5726,114,0,0,0,10,1,-11.1016,29.3984,1.5
2600000122,85.257,0,0,-85.257,85.257,122,0,0,0,10,16,7.29926,33,1.5
2600000169,96.8431,0,0,-96.8431,96.8431,169,0,0,0,10,13,17.8163,42.8163,1.5
2600000174,99.1425,0,0,-99.1425,99.1425,174,0,0,0,10,2,-5.94337,51.9434,1.5
2600000176,95.974,0,0,-95.974,95.974,176,0,0,0,10,20,11.6848,47.1848,1.5
2600000187,95.3644,0,0,-95.3644,95.3644,187,0,0,0,10,5,-22,46.8679,1.5
2600000217,102.659,0,0,-102.659,102.659,217,0,0,0,10,3,-21.3838,59.5,1.5
2600000229,100.777,0,0,-100.777,100.777,229,0,0,0,10,17,28.5,58.0788,1.5
2600000231,96.1691,0,0,-96.1691,96.1691,231,0,0,0,10,11,13,63.6581,1.5
2600000254,96.5646,0,0,-96.5646,96.5646,254,0,0,0,10,10,-1,71.9136,1.5
2600000256,105.151,0,0,-105.151,105.151,256,0,0,0,10,8,-22.5,68.9687,1.5
2600000263,105.076,0,0,-105.076,105.076,263,0,0,0,10,15,25.3636,70.3636,1.5
2600000263,104.475,0,0,-104.475,104.475,263,0,0,0,10,18,32.9378,66.9378,1.5
2600000265,98.9001,0,0,-98.9001,98.9001,265,0,0,0,10,12,-15.9589,73.4589,1.5
2600000266,101.392,0,0,-101.392,101.392,266,0,0,0,10,14,-27.5648,70.5648,1.5
2616348474,101.392,0,0,-101.392,101.392,266,14,-27.5648,70.5648,1.5,0,0,0,10
2616598471,105.076,0,0,-105.076,105.076,263,15,25.3636,70.3636,1.5,0,0,0,10
2617723425,102.659,0,0,-102.659,102.659,217,3,-21.3838,59.5,1.5,0,0,0,10
2617848321,84.6558,0,0,-84.6558,84.6558,113,9,2.87376,29.3738,1.5,0,0,0,10
2618723473,98.9001,0,0,-98.9001,98.9001,265,12,-15.9589,73.4589,1.5,0,0,0,10
2619348437,100.777,0,0,-100.777,100.777,229,17,28.5,58.0788,1.5,0,0,0,10
2619848462,96.5646,0,0,-96.5646,96.5646,254,10,-1,71.9136,1.5,0,0,0,10
2620598330,85.257,0,0,-85.257,85.257,122,16,7.29926,33,1.5,0,0,0,10
2620973303,83.5962,0,0,-83.5962,83.5962,95,7,9.97932,24.5,1.5,0,0,0,10
2621223322,84.5726,0,0,-84.5726,84.5726,114,1,-11.1016,29.3984,1.5,0,0,0,10
2621348395,95.3644,0,0,-95.3644,95.3644,187,5,-22,46.8679,1.5,0,0,0,10
2621598377,96.8431,0,0,-96.8431,96.8431,169,13,17.8163,42.8163,1.5,0,0,0,10
2621848464,105.151,0,0,-105.151,105.151,256,8,-22.5,68.9687,1.5,0,0,0,10
2622098308,83.9173,0,0,-83.9173,83.9173,100,19,11.6748,24.3252,1.5,0,0,0,10
2622973300,83.7694,0,0,-83.7694,83.7694,92,4,-14.2128,26.2128,1.5,0,0,0,10
2623348471,104.475,0,0,-104.475,104.475,263,18,32.9378,66.9378,1.5,0,0,0,10
2623973382,99.1425,0,0,-99.1425,99.1425,174,2,-5.94337,51.9434,1.5,0,0,0,10
2624598439,96.1691,0,0,-96.1691,96.1691,231,11,13,63.6581,1.5,0,0,0,10
2625223289,82.2155,0,0,-82.2155,82.2155,81,6,1.5,18.7339,1.5,0,0,0,10
2626223384,95.974,0,0,-95.974,95.974,176,20,11.6848,47.1848,1.5,0,0,0,10
2650000081,82.2155,0,0,-82.2155,82.2155,81,0,0,0,10,6,1.5,18.7339,1.5
2650000092,83.7694,0,0,-83.7694,83.7694,92,0,0,0,10,4,-14.2128,26.2128,1.5
2650000095,83.5962,0,0,-83.5962,83.5962,95,0,0,0,10,7,9.97932,24.5,1.5
2650000100,83.9173,0,0,-83.9173,83.9173,100,0,0,0,10,19,11.6748,24.3252,1.5
2650000113,84.6558,0,0,-84.6558,84.6558,113,0,0,0,10,9,2.87376,29.3738,1.5
2650000114,84.5726,0,0,-84.5726,84.5726,114,0,0,0,10,1,-11.1016,29.3984,1.5
2650000122,85.257,0,0,-85.257,85.257,122,0,0,0,10,16,7.29926,33,1.5
2650000169,96.8431,0,0,-96.8431,96.8431,169,0,0,0,10,13,17.8163,42.8163,1.5
2650000174,99.1425,0,0,-99.1425,99.1425,174,0,0,0,10,2,-5.94337,51.9434,1.5
2650000176,95.974,0,0,-95.974,95.974,176,0,0,0,10,20,11.6848,47.1848,1.5
2650000187,95.3644,0,0,-95.3644,95.3644,187,0,0,0,10,5,-22,46.8679,1.5
2650000217,102.659,0,0,-102.659,102.659,217,0,0,0,10,3,-21.3838,59.5,1.5
2650000229,100.777,0,0,-100.777,100.777,229,0,0,0,10,17,28.5,58.0788,1.5
2650000231,96.1691,0,0,-96.1691,96.1691,231,0,0,0,10,11,13,63.6581,1.5
2650000254,96.5646,0,0,-96.5646,96.5646,254,0,0,0,10,10,-1,71.9136,1.5
2650000256,105.151,0,0,-105.151,105.151,256,0,0,0,10,8,-22.5,68.9687,1.5
2650000263,105.076,0,0,-105.076,105.076,263,0,0,0,10,15,25.3636,70.3636,1.5
2650000263,104.475,0,0,-104.475,104.475,263,0,0,0,10,18,32.9378,66.9378,1.5
2650000265,98.9001,0,0,-98.9001,98.9001,265,0,0,0,10,12,-15.9589,73.4589,1.5
2650000266,101.392,0,0,-101.392,101.392,266,0,0,0,10,14,-27.5648,70.5648,1.5
2666348474,101.392,0,0,-101.392,101.392,266,14,-27.5648,70.5648,1.5,0,0,0,10
2666598471,105.076,0,0,-105.076,105.076,263,15,25.3636,70.3636,1.5,0,0,0,10
2667723425,102.659,0,0,-102.659,102.659,217,3,-21.3838,59.5,1.5,0,0,0,10
2667848321,84.6558,0,0,-84.6558,84.6558,113,9,2.87376,29.3738,1.5,0,0,0,10
2668723473,98.9001,0,0,-98.9001,98.9001,265,12,-15.9589,73.4589,1.5,0,0,0,10
2669348437,100.777,0,0,-100.777,100.777,229,17,28.5,58.0788,1.5,0,0,0,10
2669848462,96.5646,0,0,-96.5646,96.5646,254,10,-1,71.9136,1.5,0,0,0,10
2670598330,85.257,0,0,-85.257,85.257,122,16,7.29926,33,1.5,0,0,0,10
2670973303,83.5962,0,0,-83.5962,83.5962,95,7,9.97932,24.5,1.5,0,0,0,10
2671223322,84.5726,0,0,-84.5726,84.5726,114,1,-11.1016,29.3984,1.5,0,0,0,10
2671348395,95.3644,0,0,-95.3644,95.3644,187,5,-22,46.8679,1.5,0,0,0,10
2671598377,96.8431,0,0,-96.8431,96.8431,169,13,17.8163,42.8163,1.5,0,0,0,10
2671848464,105.151,0,0,-105.151,105.151,256,8,-22.5,68.9687,1.5,0,0,0,10
2672098308,83.9173,0,0,-83.9173,83.9173,100,19,11.6748,24.3252,1.5,0,0,0,10
2672973300,83.7694,0,0,-83.7694,83.7694,92,4,-14.2128,26.2128,1.5,0,0,0,10
2673348471,104.475,0,0,-104.475,104.475,263,18,32.9378,66.9378,1.5,0,0,0,10
2673973382,99.1425,0,0,-99.1425,99.1425,174,2,-5.94337,51.9434,1.5,0,0,0,10
2674598439,96.1691,0,0,-96.1691,96.1691,231,11,13,63.6581,1.5,0,0,0,10
2675223289,82.2155,0,0,-82.2155,82.2155,81,6,1.5,18.7339,1.5,0,0,0,10
2676223384,95.974,0,0,-95.974,95.974,176,20,11.6848,47.1848,1.5,0,0,0,10
2700000081,82.2155,0,0,-82.2155,82.2155,81,0,0,0,10,6,1.5,18.5839,1.5
2700000092,83.7694,0,0,-83.7694,83.7694,92,0,0,0,10,4,-14.3188,26.3188,1.5
2700000095,83.5962,0,0,-83.5962,83.5962,95,0,0,0,10,7,10.1293,24.5,1.5
2700000100,83.9173,0,0,-83.9173,83.9173,100,0,0,0,10,19,11.7808,24.2192,1.5
2700000113,84.6558,0,0,-84.6558,84.6558,113,0,0,0,10,9,2.76769,29.2677,1.5
2700000114,84.5726,0,0,-84.5726,84.5726,114,0,0,0,10,1,-11.2077,29.2923,1.5
2700000122,85.257,0,0,-85.257,85.257,122,0,0,0,10,16,7.14926,33,1.5
2700000169,96.8431,0,0,-96.8431,96.8431,169,0,0,0,10,13,17.7102,42.7102,1.5
2700000174,99.1425,0,0,-99.1425,99.1425,174,0,0,0,10,2,-6.06992,52,1.5
2700000176,95.974,0,0,-95.974,95.974,176,0,0,0,10,20,11.5787,47.0787,1.5
2700000187,95.3644,0,0,-95.3644,95.3644,187,0,0,0,10,5,-22,46.7179,1.5
2700000217,102.659,0,0,-102.659,102.659,217,0,0,0,10,3,-21.2338,59.5,1.5
2700000229,100.777,0,0,-100.777,100.777,229,0,0,0,10,17,28.5,57.9288,1.5
2700000231,96.1691,0,0,-96.1691,96.1691,231,0,0,0,10,11,13,63.5081,1.5
2700000254,96.5646,0,0,-96.5646,96.5646,254,0,0,0,10,10,-1,71.7636,1.5
2700000256,105.151,0,0,-105.151,105.151,256,0,0,0,10,8,-22.5,68.8187,1.5
2700000263,105.076,0,0,-105.076,105.076,263,0,0,0,10,15,25.2575,70.2575,1.5
2700000263,104.475,0,0,-104.475,104.475,263,0,0,0,10,18,32.8318,66.8318,1.5
2700000265,98.9001,0,0,-98.9001,98.9001,265,0,0,0,10,12,-15.8529,73.3529,1.5
2700000266,101.392,0,0,-101.392,101.392,266,0,0,0,10,14,-27.4588,70.4588,1.5
2716348474,101.392,0,0,-101.392,101.392,266,14,-27.4588,70.4588,1.5,0,0,0,10
2716598471,105.076,0,0,-105.076,105.076,263,15,25.2575,70.2575,1.5,0,0,0,10
2717723425,102.659,0,0,-102.659,102.659,217,3,-21.2338,59.5,1.5,0,0,0,10
2717848321,84.6558,0,0,-84.6558,84.6558,113,9,2.76769,29.2677,1.5,0,0,0,10
2718723473,98.9001,0,0,-98.9001,98.9001,265,12,-15.8529,73.3529,1.5,0,0,0,10
2719348437,100.777,0,0,-100.777,100.777,229,17,28.5,57.9288,1.5,0,0,0,10
2719848462,96.5646,0,0,-96.5646,96.5646,254,10,-1,71.7636,1.5,0,0,0,10
2720598330,85.257,0,0,-85.257,85.257,122,16,7.14926,33,1.5,0,0,0,10
2720973303,83.5962,0,0,-83.5962,83.5962,95,7,10.1293,24.5,1.5,0,0,0,10
2721223322,84.5726,0,0,-84.5726,84.5726,114,1,-11.2077,29.2923,1.5,0,0,0,10
2721348395,95.3644,0,0,-95.3644,95.3644,187,5,-22,46.7179,1.5,0,0,0,10
2721598377,96.8431,0,0,-96.8431,96.8431,169,13,17.7102,42.7102,1.5,0,0,0,10
2721848464,105.151,0,0,-105.151,105.151,256,8,-22.5,68.8187,1.5,0,0,0,10
2722098308,83.9173,0,0,-83.9173,83.9173,100,19,11.7808,24.2192,1.5,0,0,0,10
2722973300,83.7694,0,0,-83.7694,83.7694,92,4,-14.3188,26.3188,1.5,0,0,0,10
2723348471,104.475,0,0,-104.475,104.475,263,18,32.8318,66.8318,1.5,0,0,0,10
2723973382,99.1425,0,0,-99.1425,99.1425,174,2,-6.06992,52,1.5,0,0,0,10
2724598439,96.1691,0,0,-96.1691,96.1691,231,11,13,63.5081,1.5,0,0,0,10
2725223289,82.2155,0,0,-82.2155,82.2155,81,6,1.5,18.5839,1.5,0,0,0,10
2726223384,95.974,0,0,-95.974,95.974,176,20,11.5787,47.0787,1.5,0,0,0,10
2750000081,82.2155,0,0,-82.2155,82.2155,81,0,0,0,10,6,1.5,18.5839,1.5
2750000092,83.7694,0,0,-83.7694,83.7694,92,0,0,0,10,4,-14.3188,26.3188,1.5
2750000095,83.5962,0,0,-83.5962,83.5962,95,0,0,0,10,7,10.1293,24.5,1.5
2750000100,83.9173,0,0,-83.9173,83.9173,100,0,0,0,10,19,11.7808,24.2192,1.5
2750000113,84.6558,0,0,-84.6558,84.6558,113,0,0,0,10,9,2.76769,29.2677,1.5
2750000114,84.5726,0,0,-84.5726,84.5726,114,0,0,0,10,1,-11.2077,29.2923,1.5
2750000122,85.257,0,0,-85.257,85.257,122,0,0,0,10,16,7.14926,33,1.5
2750000169,96.8431,0,0,-96.8431,96.8431,169,0,0,0,10,13,17.7102,42.7102,1.5
2750000174,99.1425,0,0,-99.1425,99.1425,174,0,0,0,10,2,-6.06992,52,1.5
2750000176,95.974,0,0,-95.974,95.974,176,0,0,0,10,20,11.5787,47.0787,1.5
2750000187,95.3644,0,0,-95.3644,95.3644,187,0,0,0,10,5,-22,46.7179,1.5
2750000217,102.659,0,0,-102.659,102.659,217,0,0,0,10,3,-21.2338,59.5,1.5
2750000229,100.777,0,0,-100.777,100.777,229,0,0,0,10,17,28.5,57.9288,1.5
2750000231,96.1691,0,0,-96.1691,96.1691,231,0,0,0,10,11,13,63.5081,1.5
2750000254,96.5646,0,0,-96.5646,96.5646,254,0,0,0,10,10,-1,71.7636,1.5
2750000256,105.151,0,0,-105.151,105.151,256,0,0,0,10,8,-22.5,68.8187,1.5
2750000263,105.076,0,0,-105.076,105.076,263,0,0,0,10,15,25.2575,70.2575,1.5
2750000263,104.475,0,0,-104.475,104.475,263,0,0,0,10,18,32.8318,66.8318,1.5
2750000265,98.9001,0,0,-98.9001,98.9001,265,0,0,0,10,12,-15.8529,73.3529,1.5
2750000266,101.392,0,0,-101.392,101.392,266,0,0,0,10,14,-27.4588,70.4588,1.5
2766348474,101.392,0,0,-101.392,101.392,266,14,-27.4588,70.4588,1.5,0,0,0,10
2766598471,105.076,0,0,-105.076,105.076,263,15,25.2575,70.2575,1.5,0,0,0,10
2767723425,102.659,0,0,-102.659,102.659,217,3,-21.2338,59.5,1.5,0,0,0,10
2767848321,84.6558,0,0,-84.6558,84.6558,113,9,2.76769,29.2677,1.5,0,0,0,10
2768723473,98.9001,0,0,-98.9001,98.9001,265,12,-15.8529,73.3529,1.5,0,0,0,10
2769348437,100.777,0,0,-100.777,100.777,229,17,28.5,57.9288,1.5,0,0,0,10
2769848462,96.5646,0,0,-96.5646,96.5646,254,10,-1,71.7636,1.5,0,0,0,10
2770598330,85.257,0,0,-85.257,85.257,122,16,7.14926,33,1.5,0,0,0,10
2770973303,83.5962,0,0,-83.5962,83.5962,95,7,10.1293,24.5,1.5,0,0,0,10
2771223322,84.5726,0,0,-84.5726,84.5726,114,1,-11.2077,29.2923,1.5,0,0,0,10
2771348395,95.3644,0,0,-95.3644,95.3644,187,5,-22,46.7179,1.5,0,0,0,10
2771598377,96.8431,0,0,-96.8431,96.8431,169,13,17.7102,42.7102,1.5,0,0,0,10
2771848464,105.151,0,0,-105.151,105.151,256,8,-22.5,68.8187,1.5,0,0,0,10
2772098308,83.9173,0,0,-83.9173,83.9173,100,19,11.7808,24.2192,1.5,0,0,0,10
2772973300,83.7694,0,0,-83.7694,83.7694,92,4,-14.3188,26.3188,1.5,0,0,0,10
2773348471,104.475,0,0,-104.475,104.475,263,18,32.8318,66.8318,1.5,0,0,0,10
2773973382,99.1425,0,0,-99.1425,99.1425,174,2,-6.06992,52,1.5,0,0,0,10
2774598439,96.1691,0,0,-96.1691,96.1691,231,11,13,63.5081,1.5,0,0,0,10
2775223289,82.2155,0,0,-82.2155,82.2155,81,6,1.5,18.5839,1.5,0,0,0,10
2776223384,95.974,0,0,-95.974,95.974,176,20,11.5787,47.0787,1.5,0,0,0,10
2800000081,82.2155,0,0,-82.2155,82.2155,81,0,0,0,10,6,1.5,18.4339,1.5
2800000092,83.7694,0,0,-83.7694,83.7694,92,0,0,0,10,4,-14.4249,26.4249,1.5
2800000095,83.5962,0,0,-83.5962,83.5962,95,0,0,0,10,7,10.2793,24.5,1.5
2800000100,83.9173,0,0,-83.9173,83.9173,100,0,0,0,10,19,11.8869,24.1131,1.5
2800000113,84.6558,0,0,-84.6558,84.6558,113,0,0,0,10,9,2.66163,29.1616,1.5
2800000114,84.5726,0,0,-84.5726,84.5726,114,0,0,0,10,1,-11.3138,29.1862,1.5
2800000122,85.257,0,0,-85.257,85.257,122,0,0,0,10,16,6.99926,33,1.5
2800000169,96.8431,0,0,-96.8431,96.8431,169,0,0,0,10,13,17.6042,42.6042,1.5
2800000174,99.1425,0,0,-99.1425,99.1425,174,0,0,0,10,2,-6.21992,52,1.5
2800000176,95.974,0,0,-95.974,95.974,176,0,0,0,10,20,11.4727,46.9727,1.5
2800000187,95.3644,0,0,-95.3644,95.3644,187,0,0,0,10,5,-22,46.5679,1.5
2800000217,102.659,0,0,-102.659,102.659,217,0,0,0,10,3,-21.0838,59.5,1.5
2800000229,100.777,0,0,-100.777,100.777,229,0,0,0,10,17,28.5,57.7788,1.5
2800000231,96.1691,0,0,-96.1691,96.1691,231,0,0,0,10,11,13,63.3581,1.5
2800000254,96.5646,0,0,-96.5646,96.5646,254,0,0,0,10,10,-1,71.6136,1.5
2800000256,105.151,0,0,-105.151,105.151,256,0,0,0,10,8,-22.5,68.6687,1.5
2800000263,105.076,0,0,-105.076,105.076,263,0,0,0,10,15,25.1515,70.1515,1.5
2800000263,104.475,0,0,-104.475,104.475,263,0,0,0,10,18,32.7257,66.7257,1.5
2800000265,98.9001,0,0,-98.9001,98.9001,265,0,0,0,10,12,-15.7468,73.2468,1.5
2800000266,101.392,0,0,-101.392,101.392,266,0,0,0,10,14,-27.3527,70.3527,1.5
2816348474,101.392,0,0,-101.392,101.392,266,14,-27.3527,70.3527,1.5,0,0,0,10
2816598471,105.076,0,0,-105.076,105.076,263,15,25.1515,70.1515,1.5,0,0,0,10
2817723425,102.659,0,0,-102.659,102.659,217,3,-21.0838,59.5,1.5,0,0,0,10
2817848321,84.6558,0,0,-84.6558,84.6558,113,9,2.66163,29.1616,1.5,0,0,0,10
2818723473,98.9001,0,0,-98.9001,98.9001,265,12,-15.7468,73.2468,1.5,0,0,0,10
2819348437,100.777,0,0,-100.777,100.777,229,17,28.5,57.7788,1.5,0,0,0,10
2819848462,96.5646,0,0,-96.5646,96.5646,254,10,-1,71.6136,1.5,0,0,0,10
2820598330,85.257,0,0,-85.257,85.257,122,16,6.99926,33,1.5,0,0,0,10
2820973303,83.5962,0,0,-83.5962,83.5962,95,7,10.2793,24.5,1.5,0,0,0,10
2821223322,84.5726,0,0,-84.5726,84.5726,114,1,-11.3138,29.1862,1.5,0,0,0,10
2821348395,95.3644,0,0,-95.3644,95.3644,187,5,-22,46.5679,1.5,0,0,0,10
2821598377,96.8431,0,0,-96.8431,96.8431,169,13,17.6042,42.6042,1.5,0,0,0,10
2821848464,105.151,0,0,-105.151,105.151,256,8,-22.5,68.6687,1.5,0,0,0,10
2822098308,83.9173,0,0,-83.9173,83.9173,100,19,11.8869,24.1131,1.5,0,0,0,10
2822973300,83.7694,0,0,-83.7694,83.7694,92,4,-14.4249,26.4249,1.5,0,0,0,10
2823348471,104.475,0,0,-104.475,104.475,263,18,32.7257,66.7257,1.5,0,0,0,10
2823973382,99.1425,0,0,-99.1425,99.1425,174,2,-6.21992,52,1.5,0,0,0,10
2824598439,96.1691,0,0,-96.1691,96.1691,231,11,13,63.3581,1.5,0,0,0,10
2825223289,82.2155,0,0,-82.2155,82.2155,81,6,1.5,18.4339,1.5,0,0,0,10
2826223384,95.974,0,0,-95.974,95.974,176,20,11.4727,46.9727,1.5,0,0,0,10
2850000081,82.2155,0,0,-82.2155,82.2155,81,0,0,0,10,6,1.5,18.4339,1.5
2850000092,83.7694,0,0,-83.7694,83.7694,92,0,0,0,10,4,-14.4249,26.4249,1.5
2850000095,83.5962,0,0,-83.5962,83.5962,95,0,0,0,10,7,10.2793,24.5,1.5
2850000100,83.9173,0,0,-83.9173,83.9173,100,0,0,0,10,19,11.8869,24.1131,1.5
2850000113,84.6558,0,0,-84.6558,84.6558,113,0,0,0,10,9,2.66163,29.1616,1.5
2850000114,84.5726,0,0,-84.5726,84.5726,114,0,0,0,10,1,-11.3138,29.1862,1.5
2850000122,85.257,0,0,-85.257,85.257,122,0,0,0,10,16,6.99926,33,1.5
2850000169,96.8431,0,0,-96.8431,96.8431,169,0,0,0,10,13,17.6042,42.6042,1.5
2850000174,99.1425,0,0,-99.1425,99.1425,174,0,0,0,10,2,-6.21992,52,1.5
2850000176,95.974,0,0,-95.974,95.974,176,0,0,0,10,20,11.4727,46.9727,1.5
2850000187,95.3644,0,0,-95.3644,95.3644,187,0,0,0,10,5,-22,46.5679,1.5
2850000217,102.659,0,0,-102.659,102.659,217,0,0,0,10,3,-21.0838,59.5,1.5
2850000229,100.777,0,0,-100.777,100.777,229,0,0,0,10,17,28.5,57.7788,1.5
2850000231,96.1691,0,0,-96.1691,96.1691,231,0,0,0,10,11,13,63.3581,1.5
2850000254,96.5646,0,0,-96.5646,96.5646,254,0,0,0,10,10,-1,71.6136,1.5
2850000256,105.151,0,0,-105.151,105.151,256,0,0,0,10,8,-22.5,68.6687,1.5
2850000263,105.076,0,0,-105.076,105.076,263,0,0,0,10,15,25.1515,70.1515,1.5
2850000263,104.475,0,0,-104.475,104.475,263,0,0,0,10,18,32.7257,66.7257,1.5
2850000265,98.9001,0,0,-98.9001,98.9001,265,0,0,0,10,12,-15.7468,73.2468,1.5
2850000266,101.392,0,0,-101.392,101.392,266,0,0,0,10,14,-27.3527,70.3527,1.5
2866348474,101.392,0,0,-101.392,101.392,266,14,-27.3527,70.3527,1.5,0,0,0,10
2866598471,105.076,0,0,-105.076,105.076,263,15,25.1515,70.1515,1.5,0,0,0,10
2867723425,102.659,0,0,-102.659,102.659,217,3,-21.0838,59.5,1.5,0,0,0,10
2867848321,84.6558,0,0,-84.6558,84.6558,113,9,2.66163,29.1616,1.5,0,0,0,10
2868723473,98.9001,0,0,-98.9001,98.9001,265,12,-15.7468,73.2468,1.5,0,0,0,10
2869348437,100.777,0,0,-100.777,100.777,229,17,28.5,57.7788,1.5,0,0,0,10
2869848462,96.5646,0,0,-96.5646,96.5646,254,10,-1,71.6136,1.5,0,0,0,10
2870598330,85.257,0,0,-85.257,85.257,122,16,6.99926,33,1.5,0,0,0,10
2870973303,83.5962,0,0,-83.5962,83.5962,95,7,10.2793,24.5,1.5,0,0,0,10
2871223322,84.5726,0,0,-84.5726,84.5726,114,1,-11.3138,29.1862,1.5,0,0,0,10
2871348395,95.3644,0,0,-95.3644,95.3644,187,5,-22,46.5679,1.5,0,0,0,10
2871598377,96.8431,0,0,-96.8431,96.8431,169,13,17.6042,42.6042,1.5,0,0,0,10
2871848464,105.151,0,0,-105.151,105.151,256,8,-22.5,68.6687,1.5,0,0,0,10
2872098308,83.9173,0,0,-83.9173,83.9173,100,19,11.8869,24.1131,1.5,0,0,0,10
2872973300,83.7694,0,0,-83.7694,83.7694,92,4,-14.4249,26.4249,1.5,0,0,0,10
2873348471,104.475,0,0,-104.475,104.475,263,18,32.7257,66.7257,1.5,0,0,0,10
2873973382,99.1425,0,0,-99.1425,99.1425,174,2,-6.21992,52,1.5,0,0,0,10
2874598439,96.1691,0,0,-96.1691,96.1691,231,11,13,63.3581,1.5,0,0,0,10
2875223289,82.2155,0,0,-82.2155,82.2155,81,6,1.5,18.4339,1.5,0,0,0,10
2876223384,95.974,0,0,-95.974,95.974,176,20,11.4727,46.9727,1.5,0,0,0,10
2900000105,84.3392,0,0,-84.3392,84.3392,105,0,0,0,10,4,-14.531,26.531,1.5
2900000177,97.4969,0,0,-97.4969,97.4969,177,0,0,0,10,2,-6.36992,52,1.5
2900008996,81.6286,0,0,-81.6286,81.6286,67,0,0,0,10,6,1.5,18.2839,1.5
2900009022,83.8602,0,0,-83.8602,83.8602,93,0,0,0,10,7,10.4293,24.5,1.5
2900009023,83.4099,0,0,-83.4099,83.4099,94,0,0,0,10,19,11.993,24.007,1.5
2900009030,83.8028,0,0,-83.8028,83.8028,101,0,0,0,10,9,2.55556,29.0556,1.5
2900009037,84.2919,0,0,-84.2919,84.2919,108,0,0,0,10,1,-11.4198,29.0802,1.5
2900009045,85.195,0,0,-85.195,85.195,116,0,0,0,10,16,6.84926,33,1.5
2900009085,97.202,0,0,-97.202,97.202,156,0,0,0,10,13,17.4981,42.4981,1.5
2900009092,95.1304,0,0,-95.1304,95.1304,163,0,0,0,10,20,11.3666,46.8666,1.5
2900009103,94.9408,0,0,-94.9408,94.9408,174,0,0,0,10,5,-22,46.4179,1.5
2900009141,99.4357,0,0,-99.4357,99.4357,212,0,0,0,10,3,-20.9338,59.5,1.5
2900009145,99.5593,0,0,-99.5593,99.5593,216,0,0,0,10,17,28.5,57.6288,1.5
2900009146,97.3403,0,0,-97.3403,97.3403,217,0,0,0,10,11,13,63.2081,1.5
2900009169,96.0468,0,0,-96.0468,96.0468,240,0,0,0,10,10,-1,71.4636,1.5
2900009171,101.147,0,0,-101.147,101.147,242,0,0,0,10,8,-22.5,68.5187,1.5
2900009178,103.506,0,0,-103.506,103.506,249,0,0,0,10,18,32.6196,66.6196,1.5
2900009179,104.15,0,0,-104.15,104.15,250,0,0,0,10,15,25.0454,70.0454,1.5
2900009180,100.588,0,0,-100.588,100.588,251,0,0,0,10,12,-15.6407,73.1407,1.5
2900009182,100.529,0,0,-100.529,100.529,253,0,0,0,10,14,-27.2466,70.2466,1.5
2916732386,104.15,0,0,-104.15,104.15,250,15,25.0454,70.0454,1.5,0,0,0,10
2916857389,100.529,0,0,-100.529,100.529,253,14,-27.2466,70.2466,1.5,0,0,0,10
2917857348,99.4357,0,0,-99.4357,99.4357,212,3,-20.9338,59.5,1.5,0,0,0,10
2918107237,83.8028,0,0,-83.8028,83.8028,101,9,2.55556,29.0556,1.5,0,0,0,10
2918857387,100.588,0,0,-100.588,100.588,251,12,-15.6407,73.1407,1.5,0,0,0,10
2919482352,99.5593,0,0,-99.5593,99.5593,216,17,28.5,57.6288,1.5,0,0,0,10
2919982376,96.0468,0,0,-96.0468,96.0468,240,10,-1,71.4636,1.5,0,0,0,10
2920732252,85.195,0,0,-85.195,85.195,116,16,6.84926,33,1.5,0,0,0,10
2921232229,83.8602,0,0,-83.8602,83.8602,93,7,10.4293,24.5,1.5,0,0,0,10
2921357244,84.2919,0,0,-84.2919,84.2919,108,1,-11.4198,29.0802,1.5,0,0,0,10
2921482310,94.9408,0,0,-94.9408,94.9408,174,5,-22,46.4179,1.5,0,0,0,10
2921982378,101.147,0,0,-101.147,101.147,242,8,-22.5,68.5187,1.5,0,0,0,10
2922232230,83.4099,0,0,-83.4099,83.4099,94,19,11.993,24.007,1.5,0,0,0,10
2922607292,97.202,0,0,-97.202,97.202,156,13,17.4981,42.4981,1.5,0,0,0,10
2922973313,84.3392,0,0,-84.3392,84.3392,105,4,-14.531,26.531,1.5,0,0,0,10
2923482385,103.506,0,0,-103.506,103.506,249,18,32.6196,66.6196,1.5,0,0,0,10
2923973385,97.4969,0,0,-97.4969,97.4969,177,2,-6.36992,52,1.5,0,0,0,10
2924732353,97.3403,0,0,-97.3403,97.3403,217,11,13,63.2081,1.5,0,0,0,10
2925482203,81.6286,0,0,-81.6286,81.6286,67,6,1.5,18.2839,1.5,0,0,0,10
2926357299,95.1304,0,0,-95.1304,95.1304,163,20,11.3666,46.8666,1.5,0,0,0,10
2950000105,84.3392,0,0,-84.3392,84.3392,105,0,0,0,10,4,-14.531,26.531,1.5
2950000177,97.4969,0,0,-97.4969,97.4969,177,0,0,0,10,2,-6.36992,52,1.5
2950008996,81.6286,0,0,-81.6286,81.6286,67,0,0,0,10,6,1.5,18.2839,1.5
2950009022,83.8602,0,0,-83.8602,83.8602,93,0,0,0,10,7,10.4293,24.5,1.5
2950009023,83.4099,0,0,-83.4099,83.4099,94,0,0,0,10,19,11.993,24.007,1.5
2950009030,83.8028,0,0,-83.8028,83.8028,101,0,0,0,10,9,2.55556,29.0556,1.5
2950009037,84.2919,0,0,-84.2919,84.2919,108,0,0,0,10,1,-11.4198,29.0802,1.5
2950009045,85.195,0,0,-85.195,85.195,116,0,0,0,10,16,6.84926,33,1.5
2950009085,97.202,0,0,-97.202,97.202,156,0,0,0,10,13,17.4981,42.4981,1.5
2950009092,95.1304,0,0,-95.1304,95.1304,163,0,0,0,10,20,11.3666,46.8666,1.5
2950009103,94.9408,0,0,-94.9408,94.9408,174,0,0,0,10,5,-22,46.4179,1.5
2950009141,99.4357,0,0,-99.4357,99.4357,212,0,0,0,10,3,-20.9338,59.5,1.5
2950009145,99.5593,0,0,-99.5593,99.5593,216,0,0,0,10,17,28.5,57.6288,1.5
2950009146,97.3403,0,0,-97.3403,97.3403,217,0,0,0,10,11,13,63.2081,1.5
2950009169,96.0468,0,0,-96.0468,96.0468,240,0,0,0,10,10,-1,71.4636,1.5
2950009171,101.147,0,0,-101.147,101.147,242,0,0,0,10,8,-22.5,68.5187,1.5
2950009178,103.506,0,0,-103.506,103.506,249,0,0,0,10,18,32.6196,66.6196,1.5
2950009179,104.15,0,0,-104.15,104.15,250,0,0,0,10,15,25.0454,70.0454,1.5
2950009180,100.588,0,0,-100.588,100.588,251,0,0,0,10,12,-15.6407,73.1407,1.5
2950009182,100.529,0,0,-100.529,100.529,253,0,0,0,10,14,-27.2466,70.2466,1.5
2966732386,104.15,0,0,-104.15,104.15,250,15,25.0454,70.0454,1.5,0,0,0,10
2966857389,100.529,0,0,-100.529,100.529,253,14,-27.2466,70.2466,1.5,0,0,0,10
2967857348,99.4357,0,0,-99.4357,99.4357,212,3,-20.9338,59.5,1.5,0,0,0,10
2968482237,83.8028,0,0,-83.8028,83.8028,101,9,2.55556,29.0556,1.5,0,0,0,10
2968857387,100.588,0,0,-100.588,100.588,251,12,-15.6407,73.1407,1.5,0,0,0,10
2969482352,99.5593,0,0,-99.5593,99.5593,216,17,28.5,57.6288,1.5,0,0,0,10
2969982376,96.0468,0,0,-96.0468,96.0468,240,10,-1,71.4636,1.5,0,0,0,10
2970732252,85.195,0,0,-85.195,85.195,116,16,6.84926,33,1.5,0,0,0,10
2971357244,84.2919,0,0,-84.2919,84.2919,108,1,-11.4198,29.0802,1.5,0,0,0,10
2971482229,83.8602,0,0,-83.8602,83.8602,93,7,10.4293,24.5,1.5,0,0,0,10
2971482310,94.9408,0,0,-94.9408,94.9408,174,5,-22,46.4179,1.5,0,0,0,10
2971982378,101.147,0,0,-101.147,101.147,242,8,-22.5,68.5187,1.5,0,0,0,10
2972232230,83.4099,0,0,-83.4099,83.4099,94,19,11.993,24.007,1.5,0,0,0,10
2972607292,97.202,0,0,-97.202,97.202,156,13,17.4981,42.4981,1.5,0,0,0,10
2972973313,84.3392,0,0,-84.3392,84.3392,105,4,-14.531,26.531,1.5,0,0,0,10
2973482385,103.506,0,0,-103.506,103.506,249,18,32.6196,66.6196,1.5,0,0,0,10
2973973385,97.4969,0,0,-97.4969,97.4969,177,2,-6.36992,52,1.5,0,0,0,10
2974732353,97.3403,0,0,-97.3403,97.3403,217,11,13,63.2081,1.5,0,0,0,10
2975482203,81.6286,0,0,-81.6286,81.6286,67,6,1.5,18.2839,1.5,0,0,0,10
2976357299,95.1304,0,0,-95.1304,95.1304,163,20,11.3666,46.8666,1.5,0,0,0,10
3000000105,84.3392,0,0,-84.3392,84.3392,105,0,0,0,10,4,-14.637,26.637,1.5
3000000177,97.4969,0,0,-97.4969,97.4969,177,0,0,0,10,2,-6.51992,52,1.5
3000008996,81.6286,0,0,-81.6286,81.6286,67,0,0,0,10,6,1.5,18.1339,1.5
3000009022,83.8602,0,0,-83.8602,83.8602,93,0,0,0,10,7,10.4293,24.5,1.5
3000009023,83.4099,0,0,-83.4099,83.4099,94,0,0,0,10,19,12.099,23.901,1.5
3000009030,83.8028,0,0,-83.8028,83.8028,101,0,0,0,10,9,2.4495,28.9495,1.5
3000009037,84.2919,0,0,-84.2919,84.2919,108,0,0,0,10,1,-11.5259,28.9741,1.5
3000009045,85.195,0,0,-85.195,85.195,116,0,0,0,10,16,6.69926,33,1.5
3000009085,97.202,0,0,-97.202,97.202,156,0,0,0,10,13,17.392,42.392,1.5
3000009092,95.1304,0,0,-95.1304,95.1304,163,0,0,0,10,20,11.2605,46.7605,1.5
3000009103,94.9408,0,0,-94.9408,94.9408,174,0,0,0,10,5,-22,46.2679,1.5
3000009141,99.4357,0,0,-99.4357,99.4357,212,0,0,0,10,3,-20.7838,59.5,1.5
3000009145,99.5593,0,0,-99.5593,99.5593,216,0,0,0,10,17,28.5,57.4788,1.5
3000009146,97.3403,0,0,-97.3403,97.3403,217,0,0,0,10,11,13,63.0581,1.5
3000009169,96.0468,0,0,-96.0468,96.0468,240,0,0,0,10,10,-1,71.3136,1.5
3000009171,101.147,0,0,-101.147,101.147,242,0,0,0,10,8,-22.5,68.3687,1.5
3000009178,103.506,0,0,-103.506,103.506,249,0,0,0,10,18,32.5136,66.5136,1.5
3000009179,104.15,0,0,-104.15,104.15,250,0,0,0,10,15,24.9393,69.9393,1.5
3000009180,100.588,0,0,-100.588,100.588,251,0,0,0,10,12,-15.5347,73.0347,1.5
3000009182,100.529,0,0,-100.529,100.529,253,0,0,0,10,14,-27.1406,70.1406,1.5
3016732386,104.15,0,0,-104.15,104.15,250,15,24.9393,69.9393,1.5,0,0,0,10
3016857389,100.529,0,0,-100.529,100.529,253,14,-27.1406,70.1406,1.5,0,0,0,10
3017857348,99.4357,0,0,-99.4357,99.4357,212,3,-20.7838,59.5,1.5,0,0,0,10
3018732237,83.8028,0,0,-83.8028,83.8028,101,9,2.4495,28.9495,1.5,0,0,0,10
3018857387,100.588,0,0,-100.588,100.588,251,12,-15.5347,73.0347,1.5,0,0,0,10
3019482352,99.5593,0,0,-99.5593,99.5593,216,17,28.5,57.4788,1.5,0,0,0,10
3019982376,96.0468,0,0,-96.0468,96.0468,240,10,-1,71.3136,1.5,0,0,0,10
3020732252,85.195,0,0,-85.195,85.195,116,16,6.69926,33,1.5,0,0,0,10
3021357244,84.2919,0,0,-84.2919,84.2919,108,1,-11.5259,28.9741,1.5,0,0,0,10
3021482310,94.9408,0,0,-94.9408,94.9408,174,5,-22,46.2679,1.5,0,0,0,10
3021607229,83.8602,0,0,-83.8602,83.8602,93,7,10.4293,24.5,1.5,0,0,0,10
3021982378,101.147,0,0,-101.147,101.147,242,8,-22.5,68.3687,1.5,0,0,0,10
3022232230,83.4099,0,0,-83.4099,83.4099,94,19,12.099,23.901,1.5,0,0,0,10
3022607292,97.202,0,0,-97.202,97.202,156,13,17.392,42.392,1.5,0,0,0,10
3022973313,84.3392,0,0,-84.3392,84.3392,105,4,-14.637,26.637,1.5,0,0,0,10
3023482385,103.506,0,0,-103.506,103.506,249,18,32.5136,66.5136,1.5,0,0,0,10
3023973385,97.4969,0,0,-97.4969,97.4969,177,2,-6.51992,52,1.5,0,0,0,10
3024732353,97.3403,0,0,-97.3403,97.3403,217,11,13,63.0581,1.5,0,0,0,10
3025607203,81.6286,0,0,-81.6286,81.6286,67,6,1.5,18.1339,1.5,0,0,0,10
3026357299,95.1304,0,0,-95.1304,95.1304,163,20,11.2605,46.7605,1.5,0,0,0,10
3050000105,84.3392,0,0,-84.3392,84.3392,105,0,0,0,10,4,-14.637,26.637,1.5
3050000177,97.4969,0,0,-97.4969,97.4969,177,0,0,0,10,2,-6.51992,52,1.5
3050008996,81.6286,0,0,-81.6286,81.6286,67,0,0,0,10,6,1.5,18.1339,1.5
3050009022,83.8602,0,0,-83.8602,83.8602,93,0,0,0,10,7,10.4293,24.5,1.5
3050009023,83.4099,0,0,-83.4099,83.4099,94,0,0,0,10,19,12.099,23.901,1.5
3050009030,83.8028,0,0,-83.8028,83.8028,101,0,0,0,10,9,2.4495,28.9495,1.5
3050009037,84.2919,0,0,-84.2919,84.2919,108,0,0,0,10,1,-11.5259,28.9741,1.5
3050009045,85.195,0,0,-85.195,85.195,116,0,0,0,10,16,6.69926,33,1.5
3050009085,97.202,0,0,-97.202,97.202,156,0,0,0,10,13,17.392,42.392,1.5
3050009092,95.1304,0,0,-95.1304,95.1304,163,0,0,0,10,20,11.2605,46.7605,1.5
3050009103,94.9408,0,0,-94.9408,94.9408,174,0,0,0,10,5,-22,46.2679,1.5
3050009141,99.4357,0,0,-99.4357,99.4357,212,0,0,0,10,3,-20.7838,59.5,1.5
3050009145,99.5593,0,0,-99.5593,99.5593,216,0,0,0,10,17,28.5,57.4788,1.5
3050009146,97.3403,0,0,-97.3403,97.3403,217,0,0,0,10,11,13,63.0581,1.5
3050009169,96.0468,0,0,-96.0468,96.0468,240,0,0,0,10,10,-1,71.3136,1.5
3050009171,101.147,0,0,-101.147,101.147,242,0,0,0,10,8,-22.5,68.3687,1.5
3050009178,103.506,0,0,-103.506,103.506,249,0,0,0,10,18,32.5136,66.5136,1.5
3050009179,104.15,0,0,-104.15,104.15,250,0,0,0,10,15,24.9393,69.9393,1.5
3050009180,100.588,0,0,-100.588,100.588,251,0,0,0,10,12,-15.5347,73.0347,1.5
3050009182,100.529,0,0,-100.529,100.529,253,0,0,0,10,14,-27.1406,70.1406,1.5
3066732386,104.15,0,0,-104.15,104.15,250,15,24.9393,69.9393,1.5,0,0,0,10
3067357389,100.529,0,0,-100.529,100.529,253,14,-27.1406,70.1406,1.5,0,0,0,10
3067857348,99.4357,0,0,-99.4357,99.4357,212,3,-20.7838,59.5,1.5,0,0,0,10
3068857237,83.8028,0,0,-83.8028,83.8028,101,9,2.4495,28.9495,1.5,0,0,0,10
3068857387,100.588,0,0,-100.588,100.588,251,12,-15.5347,73.0347,1.5,0,0,0,10
3069482352,99.5593,0,0,-99.5593,99.5593,216,17,28.5,57.4788,1.5,0,0,0,10
3069982376,96.0468,0,0,-96.0468,96.0468,240,10,-1,71.3136,1.5,0,0,0,10
3070732252,85.195,0,0,-85.195,85.195,116,16,6.69926,33,1.5,0,0,0,10
3071357244,84.2919,0,0,-84.2919,84.2919,108,1,-11.5259,28.9741,1.5,0,0,0,10
3071482310,94.9408,0,0,-94.9408,94.9408,174,5,-22,46.2679,1.5,0,0,0,10
3071982229,83.8602,0,0,-83.8602,83.8602,93,7,10.4293,24.5,1.5,0,0,0,10
3071982378,101.147,0,0,-101.147,101.147,242,8,-22.5,68.3687,1.5,0,0,0,10
3072232230,83.4099,0,0,-83.4099,83.4099,94,19,12.099,23.901,1.5,0,0,0,10
3072607292,97.202,0,0,-97.202,97.202,156,13,17.392,42.392,1.5,0,0,0,10
3072973313,84.3392,0,0,-84.3392,84.3392,105,4,-14.637,26.637,1.5,0,0,0,10
3073482385,103.506,0,0,-103.506,103.506,249,18,32.5136,66.5136,1.5,0,0,0,10
3073973385,97.4969,0,0,-97.4969,97.4969,177,2,-6.51992,52,1.5,0,0,0,10
3074732353,97.3403,0,0,-97.3403,97.3403,217,11,13,63.0581,1.5,0,0,0,10
3075732203,81.6286,0,0,-81.6286,81.6286,67,6,1.5,18.1339,1.5,0,0,0,10
3076357299,95.1304,0,0,-95.1304,95.1304,163,20,11.2605,46.7605,1.5,0,0,0,10
3100000105,84.3392,0,0,-84.3392,84.3392,105,0,0,0,10,4,-14.7431,26.7431,1.5
3100000177,97.4969,0,0,-97.4969,97.4969,177,0,0,0,10,2,-6.66992,52,1.5
3100008996,81.6286,0,0,-81.6286,81.6286,67,0,0,0,10,6,1.5,17.9839,1.5
3100009022,83.8602,0,0,-83.8602,83.8602,93,0,0,0,10,7,10.4293,24.5,1.5
3100009023,83.4099,0,0,-83.4099,83.4099,94,0,0,0,10,19,12.2051,23.7949,1.5
3100009030,83.8028,0,0,-83.8028,83.8028,101,0,0,0,10,9,2.34343,28.8434,1.5
3100009037,84.2919,0,0,-84.2919,84.2919,108,0,0,0,10,1,-11.632,28.868,1.5
3100009045,85.195,0,0,-85.195,85.195,116,0,0,0,10,16,6.54926,33,1.5
3100009085,97.202,0,0,-97.202,97.202,156,0,0,0,10,13,17.286,42.286,1.5
3100009092,95.1304,0,0,-95.1304,95.1304,163,0,0,0,10,20,11.1545,46.6545,1.5
3100009103,94.9408,0,0,-94.9408,94.9408,174,0,0,0,10,5,-22,46.1179,1.5
3100009141,99.4357,0,0,-99.4357,99.4357,212,0,0,0,10,3,-20.6338,59.5,1.5
3100009145,99.5593,0,0,-99.5593,99.5593,216,0,0,0,10,17,28.5,57.3288,1.5
3100009146,97.3403,0,0,-97.3403,97.3403,217,0,0,0,10,11,13,62.9081,1.5
3100009169,96.0468,0,0,-96.0468,96.0468,240,0,0,0,10,10,-1,71.1636,1.5
3100009171,101.147,0,0,-101.147,101.147,242,0,0,0,10,8,-22.5,68.2187,1.5
3100009178,103.506,0,0,-103.506,103.506,249,0,0,0,10,18,32.4075,66.4075,1.5
3100009179,104.15,0,0,-104.15,104.15,250,0,0,0,10,15,24.8333,69.8333,1.5
3100009180,100.588,0,0,-100.588,100.588,251,0,0,0,10,12,-15.5,72.899,1.5
3100009182,100.529,0,0,-100.529,100.529,253,0,0,0,10,14,-27.0345,70.0345,1.5
3116732386,104.15,0,0,-104.15,104.15,250,15,24.8333,69.8333,1.5,0,0,0,10
3117357389,100.529,0,0,-100.529,100.529,253,14,-27.0345,70.0345,1.5,0,0,0,10
3117857348,99.4357,0,0,-99.4357,99.4357,212,3,-20.6338,59.5,1.5,0,0,0,10
3118857387,100.588,0,0,-100.588,100.588,251,12,-15.5,72.899,1.5,0,0,0,10
3119107237,83.8028,0,0,-83.8028,83.8028,101,9,2.34343,28.8434,1.5,0,0,0,10
3119482352,99.5593,0,0,-99.5593,99.5593,216,17,28.5,57.3288,1.5,0,0,0,10
3119982376,96.0468,0,0,-96.0468,96.0468,240,10,-1,71.1636,1.5,0,0,0,10
3120732252,85.195,0,0,-85.195,85.195,116,16,6.54926,33,1.5,0,0,0,10
3121357244,84.2919,0,0,-84.2919,84.2919,108,1,-11.632,28.868,1.5,0,0,0,10
3121482310,94.9408,0,0,-94.9408,94.9408,174,5,-22,46.1179,1.5,0,0,0,10
3121982378,101.147,0,0,-101.147,101.147,242,8,-22.5,68.2187,1.5,0,0,0,10
3122107229,83.8602,0,0,-83.8602,83.8602,93,7,10.4293,24.5,1.5,0,0,0,10
3122232230,83.4099,0,0,-83.4099,83.4099,94,19,12.2051,23.7949,1.5,0,0,0,10
3122607292,97.202,0,0,-97.202,97.202,156,13,17.286,42.286,1.5,0,0,0,10
3122973313,84.3392,0,0,-84.3392,84.3392,105,4,-14.7431,26.7431,1.5,0,0,0,10
3123482385,103.506,0,0,-103.506,103.506,249,18,32.4075,66.4075,1.5,0,0,0,10
3123973385,97.4969,0,0,-97.4969,97.4969,177,2,-6.66992,52,1.5,0,0,0,10
3124732353,97.3403,0,0,-97.3403,97.3403,217,11,13,62.9081,1.5,0,0,0,10
3125857203,81.6286,0,0,-81.6286,81.6286,67,6,1.5,17.9839,1.5,0,0,0,10
3126357299,95.1304,0,0,-95.1304,95.1304,163,20,11.1545,46.6545,1.5,0,0,0,10
3150000105,84.3392,0,0,-84.3392,84.3392,105,0,0,0,10,4,-14.7431,26.7431,1.5
3150000177,97.4969,0,0,-97.4969,97.4969,177,0,0,0,10,2,-6.66992,52,1.5
3150008996,81.6286,0,0,-81.6286,81.6286,67,0,0,0,10,6,1.5,17.9839,1.5
3150009022,83.8602,0,0,-83.8602,83.8602,93,0,0,0,10,7,10.4293,24.5,1.5
3150009023,83.4099,0,0,-83.4099,83.4099,94,0,0,0,10,19,12.2051,23.7949,1.5
3150009030,83.8028,0,0,-83.8028,83.8028,101,0,0,0,10,9,2.34343,28.8434,1.5
3150009037,84.2919,0,0,-84.2919,84.2919,108,0,0,0,10,1,-11.632,28.868,1.5
3150009045,85.195,0,0,-85.195,85.195,116,0,0,0,10,16,6.54926,33,1.5
3150009085,97.202,0,0,-97.202,97.202,156,0,0,0,10,13,17.286,42.286,1.5
3150009092,95.1304,0,0,-95.1304,95.1304,163,0,0,0,10,20,11.1545,46.6545,1.5
3150009103,94.9408,0,0,-94.9408,94.9408,174,0,0,0,10,5,-22,46.1179,1.5
3150009141,99.4357,0,0,-99.4357,99.4357,212,0,0,0,10,3,-20.6338,59.5,1.5
3150009145,99.5593,0,0,-99.5593,99.5593,216,0,0,0,10,17,28.5,57.3288,1.5
3150009146,97.3403,0,0,-97.3403,97.3403,217,0,0,0,10,11,13,62.9081,1.5
3150009169,96.0468,0,0,-96.0468,96.0468,240,0,0,0,10,10,-1,71.1636,1.5
3150009171,101.147,0,0,-101.147,101.147,242,0,0,0,10,8,-22.5,68.2187,1.5
3150009178,103.506,0,0,-103.506,103.506,249,0,0,0,10,18,32.4075,66.4075,1.5
3150009179,104.15,0,0,-104.15,104.15,250,0,0,0,10,15,24.8333,69.8333,1.5
3150009180,100.588,0,0,-100.588,100.588,251,0,0,0,10,12,-15.5,72.899,1.5
3150009182,100.529,0,0,-100.529,100.529,253,0,0,0,10,14,-27.0345,70.0345,1.5
3166732386,104.15,0,0,-104.15,104.15,250,15,24.8333,69.8333,1.5,0,0,0,10
3167732389,100.529,0,0,-100.529,100.529,253,14,-27.0345,70.0345,1.5,0,0,0,10
3167857348,99.4357,0,0,-99.4357,99.4357,212,3,-20.6338,59.5,1.5,0,0,0,10
3168857387,100.588,0,0,-100.588,100.588,251,12,-15.5,72.899,1.5,0,0,0,10
3169232237,83.8028,0,0,-83.8028,83.8028,101,9,2.34343,28.8434,1.5,0,0,0,10
3169482352,99.5593,0,0,-99.5593,99.5593,216,17,28.5,57.3288,1.5,0,0,0,10
3169982376,96.0468,0,0,-96.0468,96.0468,240,10,-1,71.1636,1.5,0,0,0,10
3170732252,85.195,0,0,-85.195,85.195,116,16,6.54926,33,1.5,0,0,0,10
3171357244,84.2919,0,0,-84.2919,84.2919,108,1,-11.632,28.868,1.5,0,0,0,10
3171482310,94.9408,0,0,-94.9408,94.9408,174,5,-22,46.1179,1.5,0,0,0,10
3171982378,101.147,0,0,-101.147,101.147,242,8,-22.5,68.2187,1.5,0,0,0,10
3172232230,83.4099,0,0,-83.4099,83.4099,94,19,12.2051,23.7949,1.5,0,0,0,10
3172482229,83.8602,0,0,-83.8602,83.8602,93,7,10.4293,24.5,1.5,0,0,0,10
3172973313,84.3392,0,0,-84.3392,84.3392,105,4,-14.7431,26.7431,1.5,0,0,0,10
3173482292,97.202,0,0,-97.202,97.202,156,13,17.286,42.286,1.5,0,0,0,10
3173482385,103.506,0,0,-103.506,103.506,249,18,32.4075,66.4075,1.5,0,0,0,10
3173973385,97.4969,0,0,-97.4969,97.4969,177,2,-6.66992,52,1.5,0,0,0,10
3174732353,97.3403,0,0,-97.3403,97.3403,217,11,13,62.9081,1.5,0,0,0,10
3175857203,81.6286,0,0,-81.6286,81.6286,67,6,1.5,17.9839,1.5,0,0,0,10
3176357299,95.1304,0,0,-95.1304,95.1304,163,20,11.1545,46.6545,1.5,0,0,0,10
3200000105,84.3392,0,0,-84.3392,84.3392,105,0,0,0,10,4,-14.8492,26.8492,1.5
3200000177,97.4969,0,0,-97.4969,97.4969,177,0,0,0,10,2,-6.81992,52,1.5
3200008996,81.6286,0,0,-81.6286,81.6286,67,0,0,0,10,6,1.5,17.8339,1.5
3200009022,83.8602,0,0,-83.8602,83.8602,93,0,0,0,10,7,10.8793,24.5,1.5
3200009023,83.4099,0,0,-83.4099,83.4099,94,0,0,0,10,19,12.3111,23.6889,1.5
3200009030,83.8028,0,0,-83.8028,83.8028,101,0,0,0,10,9,2.23736,28.7374,1.5
3200009037,84.2919,0,0,-84.2919,84.2919,108,0,0,0,10,1,-11.738,28.762,1.5
3200009045,85.195,0,0,-85.195,85.195,116,0,0,0,10,16,6.39926,33,1.5
3200009085,97.202,0,0,-97.202,97.202,156,0,0,0,10,13,17.1799,42.1799,1.5
3200009092,95.1304,0,0,-95.1304,95.1304,163,0,0,0,10,20,11.0484,46.5484,1.5
3200009103,94.9408,0,0,-94.9408,94.9408,174,0,0,0,10,5,-22,45.9679,1.5
3200009141,99.4357,0,0,-99.4357,99.4357,212,0,0,0,10,3,-20.4838,59.5,1.5
3200009145,99.5593,0,0,-99.5593,99.5593,216,0,0,0,10,17,28.5,57.1788,1.5
3200009146,97.3403,0,0,-97.3403,97.3403,217,0,0,0,10,11,13,62.7581,1.5
3200009169,96.0468,0,0,-96.0468,96.0468,240,0,0,0,10,10,-1,71.0136,1.5
3200009171,101.147,0,0,-101.147,101.147,242,0,0,0,10,8,-22.5,68.0687,1.5
3200009178,103.506,0,0,-103.506,103.506,249,0,0,0,10,18,32.3014,66.3014,1.5
3200009179,104.15,0,0,-104.15,104.15,250,0,0,0,10,15,24.7272,69.7272,1.5
3200009180,100.588,0,0,-100.588,100.588,251,0,0,0,10,12,-15.5,72.749,1.5
3200009182,100.529,0,0,-100.529,100.529,253,0,0,0,10,14,-26.9284,69.9284,1.5
3216732386,104.15,0,0,-104.15,104.15,250,15,24.7272,69.7272,1.5,0,0,0,10
3217732389,100.529,0,0,-100.529,100.529,253,14,-26.9284,69.9284,1.5,0,0,0,10
3217857348,99.4357,0,0,-99.4357,99.4357,212,3,-20.4838,59.5,1.5,0,0,0,10
3218857387,100.588,0,0,-100.588,100.588,251,12,-15.5,72.749,1.5,0,0,0,10
3219482237,83.8028,0,0,-83.8028,83.8028,101,9,2.23736,28.7374,1.5,0,0,0,10
3219607352,99.5593,0,0,-99.5593,99.5593,216,17,28.5,57.1788,1.5,0,0,0,10
3219982376,96.0468,0,0,-96.0468,96.0468,240,10,-1,71.0136,1.5,0,0,0,10
3220732252,85.195,0,0,-85.195,85.195,116,16,6.39926,33,1.5,0,0,0,10
3221357244,84.2919,0,0,-84.2919,84.2919,108,1,-11.738,28.762,1.5,0,0,0,10
3221482310,94.9408,0,0,-94.9408,94.9408,174,5,-22,45.9679,1.5,0,0,0,10
3221982378,101.147,0,0,-101.147,101.147,242,8,-22.5,68.0687,1.5,0,0,0,10
3222232230,83.4099,0,0,-83.4099,83.4099,94,19,12.3111,23.6889,1.5,0,0,0,10
3222607229,83.8602,0,0,-83.8602,83.8602,93,7,10.8793,24.5,1.5,0,0,0,10
3222973313,84.3392,0,0,-84.3392,84.3392,105,4,-14.8492,26.8492,1.5,0,0,0,10
3223482292,97.202,0,0,-97.202,97.202,156,13,17.1799,42.1799,1.5,0,0,0,10
3223482385,103.506,0,0,-103.506,103.506,249,18,32.3014,66.3014,1.5,0,0,0,10
3223973385,97.4969,0,0,-97.4969,97.4969,177,2,-6.81992,52,1.5,0,0,0,10
3224732353,97.3403,0,0,-97.3403,97.3403,217,11,13,62.7581,1.5,0,0,0,10
3225857203,81.6286,0,0,-81.6286,81.6286,67,6,1.5,17.8339,1.5,0,0,0,10
3226357299,95.1304,0,0,-95.1304,95.1304,163,20,11.0484,46.5484,1.5,0,0,0,10
3250000105,84.3392,0,0,-84.3392,84.3392,105,0,0,0,10,4,-14.8492,26.8492,1.5
3250000177,97.4969,0,0,-97.4969,97.4969,177,0,0,0,10,2,-6.81992,52,1.5
3250008996,81.6286,0,0,-81.6286,81.6286,67,0,0,0,10,6,1.5,17.8339,1.5
3250009022,83.8602,0,0,-83.8602,83.8602,93,0,0,0,10,7,10.8793,24.5,1.5
3250009023,83.4099,0,0,-83.4099,83.4099,94,0,0,0,10,19,12.3111,23.6889,1.5
3250009030,83.8028,0,0,-83.8028,83.8028,101,0,0,0,10,9,2.23736,28.7374,1.5
3250009037,84.2919,0,0,-84.2919,84.2919,108,0,0,0,10,1,-11.738,28.762,1.5
3250009045,85.195,0,0,-85.195,85.195,116,0,0,0,10,16,6.39926,33,1.5
3250009085,97.202,0,0,-97.202,97.202,156,0,0,0,10,13,17.1799,42.1799,1.5
3250009092,95.1304,0,0,-95.1304,95.1304,163,0,0,0,10,20,11.0484,46.5484,1.5
3250009103,94.9408,0,0,-94.9408,94.9408,174,0,0,0,10,5,-22,45.9679,1.5
3250009141,99.4357,0,0,-99.4357,99.4357,212,0,0,0,10,3,-20.4838,59.5,1.5
3250009145,99.5593,0,0,-99.5593,99.5593,216,0,0,0,10,17,28.5,57.1788,1.5
3250009146,97.3403,0,0,-97.3403,97.3403,217,0,0,0,10,11,13,62.7581,1.5
3250009169,96.0468,0,0,-96.0468,96.0468,240,0,0,0,10,10,-1,71.0136,1.5
3250009171,101.147,0,0,-101.147,101.147,242,0,0,0,10,8,-22.5,68.0687,1.5
3250009178,103.506,0,0,-103.506,103.506,249,0,0,0,10,18,32.3014,66.3014,1.5
3250009179,104.15,0,0,-104.15,104.15,250,0,0,0,10,15,24.7272,69.7272,1.5
3250009180,100.588,0,0,-100.588,100.588,251,0,0,0,10,12,-15.5,72.749,1.5
3250009182,100.529,0,0,-100.529,100.529,253,0,0,0,10,14,-26.9284,69.9284,1.5
3266732386,104.15,0,0,-104.15,104.15,250,15,24.7272,69.7272,1.5,0,0,0,10
3267732389,100.529,0,0,-100.529,100.529,253,14,-26.9284,69.9284,1.5,0,0,0,10
3267857348,99.4357,0,0,-99.4357,99.4357,212,3,-20.4838,59.5,1.5,0,0,0,10
3268857387,100.588,0,0,-100.588,100.588,251,12,-15.5,72.749,1.5,0,0,0,10
3269607352,99.5593,0,0,-99.5593,99.5593,216,17,28.5,57.1788,1.5,0,0,0,10
3269857237,83.8028,0,0,-83.8028,83.8028,101,9,2.23736,28.7374,1.5,0,0,0,10
3269982376,96.0468,0,0,-96.0468,96.0468,240,10,-1,71.0136,1.5,0,0,0,10
3270732252,85.195,0,0,-85.195,85.195,116,16,6.39926,33,1.5,0,0,0,10
3271357244,84.2919,0,0,-84.2919,84.2919,108,1,-11.738,28.762,1.5,0,0,0,10
3271482310,94.9408,0,0,-94.9408,94.9408,174,5,-22,45.9679,1.5,0,0,0,10
3271982378,101.147,0,0,-101.147,101.147,242,8,-22.5,68.0687,1.5,0,0,0,10
3272232230,83.4099,0,0,-83.4099,83.4099,94,19,12.3111,23.6889,1.5,0,0,0,10
3272857229,83.8602,0,0,-83.8602,83.8602,93,7,10.8793,24.5,1.5,0,0,0,10
3272973313,84.3392,0,0,-84.3392,84.3392,105,4,-14.8492,26.8492,1.5,0,0,0,10
3273482292,97.202,0,0,-97.202,97.202,156,13,17.1799,42.1799,1.5,0,0,0,10
3273482385,103.506,0,0,-103.506,103.506,249,18,32.3014,66.3014,1.5,0,0,0,10
3273973385,97.4969,0,0,-97.4969,97.4969,177,2,-6.81992,52,1.5,0,0,0,10
3274732353,97.3403,0,0,-97.3403,97.3403,217,11,13,62.7581,1.5,0,0,0,10
3275857203,81.6286,0,0,-81.6286,81.6286,67,6,1.5,17.8339,1.5,0,0,0,10
3276357299,95.1304,0,0,-95.1304,95.1304,163,20,11.0484,46.5484,1.5,0,0,0,10
3300000105,84.3392,0,0,-84.3392,84.3392,105,0,0,0,10,4,-14.9552,26.9552,1.5
3300000177,97.4969,0,0,-97.4969,97.4969,177,0,0,0,10,2,-6.96992,52,1.5
3300008996,81.6286,0,0,-81.6286,81.6286,67,0,0,0,10,6,1.5,17.6839,1.5
3300009022,83.8602,0,0,-83.8602,83.8602,93,0,0,0,10,7,11.0293,24.5,1.5
3300009023,83.4099,0,0,-83.4099,83.4099,94,0,0,0,10,19,12.4172,23.5828,1.5
3300009030,83.8028,0,0,-83.8028,83.8028,101,0,0,0,10,9,2.1313,28.6313,1.5
3300009037,84.2919,0,0,-84.2919,84.2919,108,0,0,0,10,1,-11.8441,28.6559,1.5
3300009045,85.195,0,0,-85.195,85.195,116,0,0,0,10,16,6.24926,33,1.5
3300009085,97.202,0,0,-97.202,97.202,156,0,0,0,10,13,17.0738,42.0738,1.5
3300009092,95.1304,0,0,-95.1304,95.1304,163,0,0,0,10,20,10.9423,46.4423,1.5
3300009103,94.9408,0,0,-94.9408,94.9408,174,0,0,0,10,5,-22,45.8179,1.5
3300009141,99.4357,0,0,-99.4357,99.4357,212,0,0,0,10,3,-20.3338,59.5,1.5
3300009145,99.5593,0,0,-99.5593,99.5593,216,0,0,0,10,17,28.5,57.0288,1.5
3300009146,97.3403,0,0,-97.3403,97.3403,217,0,0,0,10,11,13,62.6081,1.5
3300009169,96.0468,0,0,-96.0468,96.0468,240,0,0,0,10,10,-1,70.8636,1.5
3300009171,101.147,0,0,-101.147,101.147,242,0,0,0,10,8,-22.5,67.9187,1.5
3300009178,103.506,0,0,-103.506,103.506,249,0,0,0,10,18,32.1954,66.1954,1.5
3300009179,104.15,0,0,-104.15,104.15,250,0,0,0,10,15,24.6211,69.6211,1.5
3300009180,100.588,0,0,-100.588,100.588,251,0,0,0,10,12,-15.5,72.599,1.5
3300009182,100.529,0,0,-100.529,100.529,253,0,0,0,10,14,-26.8224,69.8224,1.5
3316732386,104.15,0,0,-104.15,104.15,250,15,24.6211,69.6211,1.5,0,0,0,10
3317857348,99.4357,0,0,-99.4357,99.4357,212,3,-20.3338,59.5,1.5,0,0,0,10
3318232389,100.529,0,0,-100.529,100.529,253,14,-26.8224,69.8224,1.5,0,0,0,10
3318857387,100.588,0,0,-100.588,100.588,251,12,-15.5,72.599,1.5,0,0,0,10
3319607352,99.5593,0,0,-99.5593,99.5593,216,17,28.5,57.0288,1.5,0,0,0,10
3319982376,96.0468,0,0,-96.0468,96.0468,240,10,-1,70.8636,1.5,0,0,0,10
3320107237,83.8028,0,0,-83.8028,83.8028,101,9,2.1313,28.6313,1.5,0,0,0,10
3320732252,85.195,0,0,-85.195,85.195,116,16,6.24926,33,1.5,0,0,0,10
3321357244,84.2919,0,0,-84.2919,84.2919,108,1,-11.8441,28.6559,1.5,0,0,0,10
3321482310,94.9408,0,0,-94.9408,94.9408,174,5,-22,45.8179,1.5,0,0,0,10
3321982378,101.147,0,0,-101.147,101.147,242,8,-22.5,67.9187,1.5,0,0,0,10
3322232230,83.4099,0,0,-83.4099,83.4099,94,19,12.4172,23.5828,1.5,0,0,0,10
3322973313,84.3392,0,0,-84.3392,84.3392,105,4,-14.9552,26.9552,1.5,0,0,0,10
3322982229,83.8602,0,0,-83.8602,83.8602,93,7,11.0293,24.5,1.5,0,0,0,10
3323482292,97.202,0,0,-97.202,97.202,156,13,17.0738,42.0738,1.5,0,0,0,10
3323482385,103.506,0,0,-103.506,103.506,249,18,32.1954,66.1954,1.5,0,0,0,10
3323973385,97.4969,0,0,-97.4969,97.4969,177,2,-6.96992,52,1.5,0,0,0,10
3324732353,97.3403,0,0,-97.3403,97.3403,217,11,13,62.6081,1.5,0,0,0,10
3325857203,81.6286,0,0,-81.6286,81.6286,67,6,1.5,17.6839,1.5,0,0,0,10
3326357299,95.1304,0,0,-95.1304,95.1304,163,20,10.9423,46.4423,1.5,0,0,0,10
3350000105,84.3392,0,0,-84.3392,84.3392,105,0,0,0,10,4,-14.9552,26.9552,1.5
3350000177,97.4969,0,0,-97.4969,97.4969,177,0,0,0,10,2,-6.96992,52,1.5
3350008996,81.6286,0,0,-81.6286,81.6286,67,0,0,0,10,6,1.5,17.6839,1.5
3350009022,83.8602,0,0,-83.8602,83.8602,93,0,0,0,10,7,11.0293,24.5,1.5
3350009023,83.4099,0,0,-83.4099,83.4099,94,0,0,0,10,19,12.4172,23.5828,1.5
3350009030,83.8028,0,0,-83.8028,83.8028,101,0,0,0,10,9,2.1313,28.6313,1.5
3350009037,84.2919,0,0,-84.2919,84.2919,108,0,0,0,10,1,-11.8441,28.6559,1.5
3350009045,85.195,0,0,-85.195,85.195,116,0,0,0,10,16,6.24926,33,1.5
3350009085,97.202,0,0,-97.202,97.202,156,0,0,0,10,13,17.0738,42.0738,1.5
3350009092,95.1304,0,0,-95.1304,95.1304,163,0,0,0,10,20,10.9423,46.4423,1.5
3350009103,94.9408,0,0,-94.9408,94.9408,174,0,0,0,10,5,-22,45.8179,1.5
3350009141,99.4357,0,0,-99.4357,99.4357,212,0,0,0,10,3,-20.3338,59.5,1.5
3350009145,99.5593,0,0,-99.5593,99.5593,216,0,0,0,10,17,28.5,57.0288,1.5
3350009146,97.3403,0,0,-97.3403,97.3403,217,0,0,0,10,11,13,62.6081,1.5
3350009169,96.0468,0,0,-96.0468,96.0468,240,0,0,0,10,10,-1,70.8636,1.5
3350009171,101.147,0,0,-101.147,101.147,242,0,0,0,10,8,-22.5,67.9187,1.5
3350009178,103.506,0,0,-103.506,103.506,249,0,0,0,10,18,32.1954,66.1954,1.5
3350009179,104.15,0,0,-104.15,104.15,250,0,0,0,10,15,24.6211,69.6211,1.5
3350009180,100.588,0,0,-100.588,100.588,251,0,0,0,10,12,-15.5,72.599,1.5
3350009182,100.529,0,0,-100.529,100.529,253,0,0,0,10,14,-26.8224,69.8224,1.5
3366732386,104.15,0,0,-104.15,104.15,250,15,24.6211,69.6211,1.5,0,0,0,10
3367857348,99.4357,0,0,-99.4357,99.4357,212,3,-20.3338,59.5,1.5,0,0,0,10
3368732389,100.529,0,0,-100.529,100.529,253,14,-26.8224,69.8224,1.5,0,0,0,10
3368857387,100.588,0,0,-100.588,100.588,251,12,-15.5,72.599,1.5,0,0,0,10
3369607352,99.5593,0,0,-99.5593,99.5593,216,17,28.5,57.0288,1.5,0,0,0,10
3369982376,96.0468,0,0,-96.0468,96.0468,240,10,-1,70.8636,1.5,0,0,0,10
3370232237,83.8028,0,0,-83.8028,83.8028,101,9,2.1313,28.6313,1.5,0,0,0,10
3370732252,85.195,0,0,-85.195,85.195,116,16,6.24926,33,1.5,0,0,0,10
3371482244,84.2919,0,0,-84.2919,84.2919,108,1,-11.8441,28.6559,1.5,0,0,0,10
3371482310,94.9408,0,0,-94.9408,94.9408,174,5,-22,45.8179,1.5,0,0,0,10
3371982378,101.147,0,0,-101.147,101.147,242,8,-22.5,67.9187,1.5,0,0,0,10
3372232230,83.4099,0,0,-83.4099,83.4099,94,19,12.4172,23.5828,1.5,0,0,0,10
3372973313,84.3392,0,0,-84.3392,84.3392,105,4,-14.9552,26.9552,1.5,0,0,0,10
3373232229,83.8602,0,0,-83.8602,83.8602,93,7,11.0293,24.5,1.5,0,0,0,10
3373482385,103.506,0,0,-103.506,103.506,249,18,32.1954,66.1954,1.5,0,0,0,10
3373973385,97.4969,0,0,-97.4969,97.4969,177,2,-6.96992,52,1.5,0,0,0,10
3374482292,97.202,0,0,-97.202,97.202,156,13,17.0738,42.0738,1.5,0,0,0,10
3374732353,97.3403,0,0,-97.3403,97.3403,217,11,13,62.6081,1.5,0,0,0,10
3376107203,81.6286,0,0,-81.6286,81.6286,67,6,1.5,17.6839,1.5,0,0,0,10
3376357299,95.1304,0,0,-95.1304,95.1304,163,20,10.9423,46.4423,1.5,0,0,0,10
3400000105,84.3392,0,0,-84.3392,84.3392,105,0,0,0,10,4,-15.0613,27.0613,1.5
3400000177,97.4969,0,0,-97.4969,97.4969,177,0,0,0,10,2,-7.11992,52,1.5
3400008996,81.6286,0,0,-81.6286,81.6286,67,0,0,0,10,6,1.5,17.5339,1.5
3400009022,83.8602,0,0,-83.8602,83.8602,93,0,0,0,10,7,11.1793,24.5,1.5
3400009023,83.4099,0,0,-83.4099,83.4099,94,0,0,0,10,19,12.5233,23.4767,1.5
3400009030,83.8028,0,0,-83.8028,83.8028,101,0,0,0,10,9,2.02523,28.5252,1.5
3400009037,84.2919,0,0,-84.2919,84.2919,108,0,0,0,10,1,-11.9502,28.5498,1.5
3400009045,85.195,0,0,-85.195,85.195,116,0,0,0,10,16,6.09926,33,1.5
3400009085,97.202,0,0,-97.202,97.202,156,0,0,0,10,13,16.9678,41.9678,1.5
3400009092,95.1304,0,0,-95.1304,95.1304,163,0,0,0,10,20,10.8363,46.3363,1.5
3400009103,94.9408,0,0,-94.9408,94.9408,174,0,0,0,10,5,-22,45.6679,1.5
3400009141,99.4357,0,0,-99.4357,99.4357,212,0,0,0,10,3,-20.1838,59.5,1.5
3400009145,99.5593,0,0,-99.5593,99.5593,216,0,0,0,10,17,28.5,56.8788,1.5
3400009146,97.3403,0,0,-97.3403,97.3403,217,0,0,0,10,11,13,62.4581,1.5
3400009169,96.0468,0,0,-96.0468,96.0468,240,0,0,0,10,10,-1,70.7136,1.5
3400009171,101.147,0,0,-101.147,101.147,242,0,0,0,10,8,-22.5,67.7687,1.5
3400009178,103.506,0,0,-103.506,103.506,249,0,0,0,10,18,32.0893,66.0893,1.5
3400009179,104.15,0,0,-104.15,104.15,250,0,0,0,10,15,24.5151,69.5151,1.5
3400009180,100.588,0,0,-100.588,100.588,251,0,0,0,10,12,-15.5,72.449,1.5
3400009182,100.529,0,0,-100.529,100.529,253,0,0,0,10,14,-26.7163,69.7163,1.5
3416732386,104.15,0,0,-104.15,104.15,250,15,24.5151,69.5151,1.5,0,0,0,10
3417857348,99.4357,0,0,-99.4357,99.4357,212,3,-20.1838,59.5,1.5,0,0,0,10
3418732389,100.529,0,0,-100.529,100.529,253,14,-26.7163,69.7163,1.5,0,0,0,10
3418857387,100.588,0,0,-100.588,100.588,251,12,-15.5,72.449,1.5,0,0,0,10
3419607352,99.5593,0,0,-99.5593,99.5593,216,17,28.5,56.8788,1.5,0,0,0,10
3419982376,96.0468,0,0,-96.0468,96.0468,240,10,-1,70.7136,1.5,0,0,0,10
3420357237,83.8028,0,0,-83.8028,83.8028,101,9,2.02523,28.5252,1.5,0,0,0,10
3420732252,85.195,0,0,-85.195,85.195,116,16,6.09926,33,1.5,0,0,0,10
3421607244,84.2919,0,0,-84.2919,84.2919,108,1,-11.9502,28.5498,1.5,0,0,0,10
3421607310,94.9408,0,0,-94.9408,94.9408,174,5,-22,45.6679,1.5,0,0,0,10
3421982378,101.147,0,0,-101.147,101.147,242,8,-22.5,67.7687,1.5,0,0,0,10
3422232230,83.4099,0,0,-83.4099,83.4099,94,19,12.5233,23.4767,1.5,0,0,0,10
3422973313,84.3392,0,0,-84.3392,84.3392,105,4,-15.0613,27.0613,1.5,0,0,0,10
3423482229,83.8602,0,0,-83.8602,83.8602,93,7,11.1793,24.5,1.5,0,0,0,10
3423482385,103.506,0,0,-103.506,103.506,249,18,32.0893,66.0893,1.5,0,0,0,10
3423973385,97.4969,0,0,-97.4969,97.4969,177,2,-7.11992,52,1.5,0,0,0,10
3424482292,97.202,0,0,-97.202,97.202,156,13,16.9678,41.9678,1.5,0,0,0,10
3424732353,97.3403,0,0,-97.3403,97.3403,217,11,13,62.4581,1.5,0,0,0,10
3426107203,81.6286,0,0,-81.6286,81.6286,67,6,1.5,17.5339,1.5,0,0,0,10
3426357299,95.1304,0,0,-95.1304,95.1304,163,20,10.8363,46.3363,1.5,0,0,0,10
3450000105,84.3392,0,0,-84.3392,84.3392,105,0,0,0,10,4,-15.0613,27.0613,1.5
3450000177,97.4969,0,0,-97.4969,97.4969,177,0,0,0,10,2,-7.11992,52,1.5
3450008996,81.6286,0,0,-81.6286,81.6286,67,0,0,0,10,6,1.5,17.5339,1.5
3450009022,83.8602,0,0,-83.8602,83.8602,93,0,0,0,10,7,11.1793,24.5,1.5
3450009023,83.4099,0,0,-83.4099,83.4099,94,0,0,0,10,19,12.5233,23.4767,1.5
3450009030,83.8028,0,0,-83.8028,83.8028,101,0,0,0,10,9,2.02523,28.5252,1.5
3450009037,84.2919,0,0,-84.2919,84.2919,108,0,0,0,10,1,-11.9502,28.5498,1.5
3450009045,85.195,0,0,-85.195,85.195,116,0,0,0,10,16,6.09926,33,1.5
3450009085,97.202,0,0,-97.202,97.202,156,0,0,0,10,13,16.9678,41.9678,1.5
3450009092,95.1304,0,0,-95.1304,95.1304,163,0,0,0,10,20,10.8363,46.3363,1.5
3450009103,94.9408,0,0,-94.9408,94.9408,174,0,0,0,10,5,-22,45.6679,1.5
3450009141,99.4357,0,0,-99.4357,99.4357,212,0,0,0,10,3,-20.1838,59.5,1.5
3450009145,99.5593,0,0,-99.5593,99.5593,216,0,0,0,10,17,28.5,56.8788,1.5
3450009146,97.3403,0,0,-97.3403,97.3403,217,0,0,0,10,11,13,62.4581,1.5
3450009169,96.0468,0,0,-96.0468,96.0468,240,0,0,0,10,10,-1,70.7136,1.5
3450009171,101.147,0,0,-101.147,101.147,242,0,0,0,10,8,-22.5,67.7687,1.5
3450009178,103.506,0,0,-103.506,103.506,249,0,0,0,10,18,32.0893,66.0893,1.5
3450009179,104.15,0,0,-104.15,104.15,250,0,0,0,10,15,24.5151,69.5151,1.5
3450009180,100.588,0,0,-100.588,100.588,251,0,0,0,10,12,-15.5,72.449,1.5
3450009182,100.529,0,0,-100.529,100.529,253,0,0,0,10,14,-26.7163,69.7163,1.5
3466732386,104.15,0,0,-104.15,104.15,250,15,24.5151,69.5151,1.5,0,0,0,10
3467857348,99.4357,0,0,-99.4357,99.4357,212,3,-20.1838,59.5,1.5,0,0,0,10
3468857387,100.588,0,0,-100.588,100.588,251,12,-15.5,72.449,1.5,0,0,0,10
3469607352,99.5593,0,0,-99.5593,99.5593,216,17,28.5,56.8788,1.5,0,0,0,10
3469857389,100.529,0,0,-100.529,100.529,253,14,-26.7163,69.7163,1.5,0,0,0,10
3469982376,96.0468,0,0,-96.0468,96.0468,240,10,-1,70.7136,1.5,0,0,0,10
3470357237,83.8028,0,0,-83.8028,83.8028,101,9,2.02523,28.5252,1.5,0,0,0,10
3470732252,85.195,0,0,-85.195,85.195,116,16,6.09926,33,1.5,0,0,0,10
3471607244,84.2919,0,0,-84.2919,84.2919,108,1,-11.9502,28.5498,1.5,0,0,0,10
3471732310,94.9408,0,0,-94.9408,94.9408,174,5,-22,45.6679,1.5,0,0,0,10
3471982378,101.147,0,0,-101.147,101.147,242,8,-22.5,67.7687,1.5,0,0,0,10
3472232230,83.4099,0,0,-83.4099,83.4099,94,19,12.5233,23.4767,1.5,0,0,0,10
3472973313,84.3392,0,0,-84.3392,84.3392,105,4,-15.0613,27.0613,1.5,0,0,0,10
3473482385,103.506,0,0,-103.506,103.506,249,18,32.0893,66.0893,1.5,0,0,0,10
3473732229,83.8602,0,0,-83.8602,83.8602,93,7,11.1793,24.5,1.5,0,0,0,10
3473973385,97.4969,0,0,-97.4969,97.4969,177,2,-7.11992,52,1.5,0,0,0,10
3474482292,97.202,0,0,-97.202,97.202,156,13,16.9678,41.9678,1.5,0,0,0,10
3474732353,97.3403,0,0,-97.3403,97.3403,217,11,13,62.4581,1.5,0,0,0,10
3476107203,81.6286,0,0,-81.6286,81.6286,67,6,1.5,17.5339,1.5,0,0,0,10
3476357299,95.1304,0,0,-95.1304,95.1304,163,20,10.8363,46.3363,1.5,0,0,0,10
3500000105,84.3392,0,0,-84.3392,84.3392,105,0,0,0,10,4,-15.1673,27.1673,1.5
3500000177,97.4969,0,0,-97.4969,97.4969,177,0,0,0,10,2,-7.26992,52,1.5
3500008996,81.6286,0,0,-81.6286,81.6286,67,0,0,0,10,6,1.5,17.3839,1.5
3500009022,83.8602,0,0,-83.8602,83.8602,93,0,0,0,10,7,11.3293,24.5,1.5
3500009023,83.4099,0,0,-83.4099,83.4099,94,0,0,0,10,19,12.6293,23.3707,1.5
3500009030,83.8028,0,0,-83.8028,83.8028,101,0,0,0,10,9,1.91917,28.4192,1.5
3500009037,84.2919,0,0,-84.2919,84.2919,108,0,0,0,10,1,-12,28.4205,1.5
3500009045,85.195,0,0,-85.195,85.195,116,0,0,0,10,16,5.94926,33,1.5
3500009085,97.202,0,0,-97.202,97.202,156,0,0,0,10,13,16.8617,41.8617,1.5
3500009092,95.1304,0,0,-95.1304,95.1304,163,0,0,0,10,20,10.7302,46.2302,1.5
3500009103,94.9408,0,0,-94.9408,94.9408,174,0,0,0,10,5,-22,45.5179,1.5
3500009141,99.4357,0,0,-99.4357,99.4357,212,0,0,0,10,3,-20.0338,59.5,1.5
3500009145,99.5593,0,0,-99.5593,99.5593,216,0,0,0,10,17,28.5,56.7288,1.5
3500009146,97.3403,0,0,-97.3403,97.3403,217,0,0,0,10,11,13,62.3081,1.5
3500009169,96.0468,0,0,-96.0468,96.0468,240,0,0,0,10,10,-1,70.5636,1.5
3500009171,101.147,0,0,-101.147,101.147,242,0,0,0,10,8,-22.5,67.6187,1.5
3500009178,103.506,0,0,-103.506,103.506,249,0,0,0,10,18,31.9832,65.9832,1.5
3500009179,104.15,0,0,-104.15,104.15,250,0,0,0,10,15,24.409,69.409,1.5
3500009180,100.588,0,0,-100.588,100.588,251,0,0,0,10,12,-15.5,72.299,1.5
3500009182,100.529,0,0,-100.529,100.529,253,0,0,0,10,14,-26.6103,69.6103,1.5
3516732386,104.15,0,0,-104.15,104.15,250,15,24.409,69.409,1.5,0,0,0,10
3517857348,99.4357,0,0,-99.4357,99.4357,212,3,-20.0338,59.5,1.5,0,0,0,10
3518857387,100.588,0,0,-100.588,100.588,251,12,-15.5,72.299,1.5,0,0,0,10
3519607352,99.5593,0,0,-99.5593,99.5593,216,17,28.5,56.7288,1.5,0,0,0,10
3519857389,100.529,0,0,-100.529,100.529,253,14,-26.6103,69.6103,1.5,0,0,0,10
3519982376,96.0468,0,0,-96.0468,96.0468,240,10,-1,70.5636,1.5,0,0,0,10
3520357237,83.8028,0,0,-83.8028,83.8028,101,9,1.91917,28.4192,1.5,0,0,0,10
3520732252,85.195,0,0,-85.195,85.195,116,16,5.94926,33,1.5,0,0,0,10
3521607244,84.2919,0,0,-84.2919,84.2919,108,1,-12,28.4205,1.5,0,0,0,10
3521982310,94.9408,0,0,-94.9408,94.9408,174,5,-22,45.5179,1.5,0,0,0,10
3521982378,101.147,0,0,-101.147,101.147,242,8,-22.5,67.6187,1.5,0,0,0,10
3522232230,83.4099,0,0,-83.4099,83.4099,94,19,12.6293,23.3707,1.5,0,0,0,10
3522973313,84.3392,0,0,-84.3392,84.3392,105,4,-15.1673,27.1673,1.5,0,0,0,10
3523482385,103.506,0,0,-103.506,103.506,249,18,31.9832,65.9832,1.5,0,0,0,10
3523857229,83.8602,0,0,-83.8602,83.8602,93,7,11.3293,24.5,1.5,0,0,0,10
3523973385,97.4969,0,0,-97.4969,97.4969,177,2,-7.26992,52,1.5,0,0,0,10
3524482292,97.202,0,0,-97.202,97.202,156,13,16.8617,41.8617,1.5,0,0,0,10
3524732353,97.3403,0,0,-97.3403,97.3403,217,11,13,62.3081,1.5,0,0,0,10
3526357203,81.6286,0,0,-81.6286,81.6286,67,6,1.5,17.3839,1.5,0,0,0,10
3526357299,95.1304,0,0,-95.1304,95.1304,163,20,10.7302,46.2302,1.5,0,0,0,10
3550000105,84.3392,0,0,-84.3392,84.3392,105,0,0,0,10,4,-15.1673,27.1673,1.5
3550000177,97.4969,0,0,-97.4969,97.4969,177,0,0,0,10,2,-7.26992,52,1.5
3550008996,81.6286,0,0,-81.6286,81.6286,67,0,0,0,10,6,1.5,17.3839,1.5
3550009022,83.8602,0,0,-83.8602,83.8602,93,0,0,0,10,7,11.3293,24.5,1.5
3550009023,83.4099,0,0,-83.4099,83.4099,94,0,0,0,10,19,12.6293,23.3707,1.5
3550009030,83.8028,0,0,-83.8028,83.8028,101,0,0,0,10,9,1.91917,28.4192,1.5
3550009037,84.2919,0,0,-84.2919,84.2919,108,0,0,0,10,1,-12,28.4205,1.5
3550009045,85.195,0,0,-85.195,85.195,116,0,0,0,10,16,5.94926,33,1.5
3550009085,97.202,0,0,-97.202,97.202,156,0,0,0,10,13,16.8617,41.8617,1.5
3550009092,95.1304,0,0,-95.1304,95.1304,163,0,0,0,10,20,10.7302,46.2302,1.5
3550009103,94.9408,0,0,-94.9408,94.9408,174,0,0,0,10,5,-22,45.5179,1.5
3550009141,99.4357,0,0,-99.4357,99.4357,212,0,0,0,10,3,-20.0338,59.5,1.5
3550009145,99.5593,0,0,-99.5593,99.5593,216,0,0,0,10,17,28.5,56.7288,1.5
3550009146,97.3403,0,0,-97.3403,97.3403,217,0,0,0,10,11,13,62.3081,1.5
3550009169,96.0468,0,0,-96.0468,96.0468,240,0,0,0,10,10,-1,70.5636,1.5
3550009171,101.147,0,0,-101.147,101.147,242,0,0,0,10,8,-22.5,67.6187,1.5
3550009178,103.506,0,0,-103.506,103.506,249,0,0,0,10,18,31.9832,65.9832,1.5
3550009179,104.15,0,0,-104.15,104.15,250,0,0,0,10,15,24.409,69.409,1.5
3550009180,100.588,0,0,-100.588,100.588,251,0,0,0,10,12,-15.5,72.299,1.5
3550009182,100.529,0,0,-100.529,100.529,253,0,0,0,10,14,-26.6103,69.6103,1.5
3566732386,104.15,0,0,-104.15,104.15,250,15,24.409,69.409,1.5,0,0,0,10
3567857348,99.4357,0,0,-99.4357,99.4357,212,3,-20.0338,59.5,1.5,0,0,0,10
3568857387,100.588,0,0,-100.588,100.588,251,12,-15.5,72.299,1.5,0,0,0,10
3569607352,99.5593,0,0,-99.5593,99.5593,216,17,28.5,56.7288,1.5,0,0,0,10
3569982376,96.0468,0,0,-96.0468,96.0468,240,10,-1,70.5636,1.5,0,0,0,10
3570473462,100.529,0,0,-100.529,100.529,253,14,-26.6103,69.6103,1.5,0,0,0,10
3570732237,83.8028,0,0,-83.8028,83.8028,101,9,1.91917,28.4192,1.5,0,0,0,10
3570732252,85.195,0,0,-85.195,85.195,116,16,5.94926,33,1.5,0,0,0,10
3571732244,84.2919,0,0,-84.2919,84.2919,108,1,-12,28.4205,1.5,0,0,0,10
3571982378,101.147,0,0,-101.147,101.147,242,8,-22.5,67.6187,1.5,0,0,0,10
3572107310,94.9408,0,0,-94.9408,94.9408,174,5,-22,45.5179,1.5,0,0,0,10
3572232230,83.4099,0,0,-83.4099,83.4099,94,19,12.6293,23.3707,1.5,0,0,0,10
3572973313,84.3392,0,0,-84.3392,84.3392,105,4,-15.1673,27.1673,1.5,0,0,0,10
3573482385,103.506,0,0,-103.506,103.506,249,18,31.9832,65.9832,1.5,0,0,0,10
3573857229,83.8602,0,0,-83.8602,83.8602,93,7,11.3293,24.5,1.5,0,0,0,10
3573973385,97.4969,0,0,-97.4969,97.4969,177,2,-7.26992,52,1.5,0,0,0,10
3574732353,97.3403,0,0,-97.3403,97.3403,217,11,13,62.3081,1.5,0,0,0,10
3575482292,97.202,0,0,-97.202,97.202,156,13,16.8617,41.8617,1.5,0,0,0,10
3576357299,95.1304,0,0,-95.1304,95.1304,163,20,10.7302,46.2302,1.5,0,0,0,10
3576607203,81.6286,0,0,-81.6286,81.6286,67,6,1.5,17.3839,1.5,0,0,0,10
3600000105,84.3392,0,0,-84.3392,84.3392,105,0,0,0,10,4,-15.2734,27.2734,1.5
3600000177,97.4969,0,0,-97.4969,97.4969,177,0,0,0,10,2,-7.41992,52,1.5
3600008996,81.6286,0,0,-81.6286,81.6286,67,0,0,0,10,6,1.5,17.2339,1.5
3600009022,83.8602,0,0,-83.8602,83.8602,93,0,0,0,10,7,11.4793,24.5,1.5
3600009023,83.4099,0,0,-83.4099,83.4099,94,0,0,0,10,19,12.7354,23.2646,1.5
3600009030,83.8028,0,0,-83.8028,83.8028,101,0,0,0,10,9,1.8131,28.3131,1.5
3600009037,84.2919,0,0,-84.2919,84.2919,108,0,0,0,10,1,-12,28.2705,1.5
3600009045,85.195,0,0,-85.195,85.195,116,0,0,0,10,16,5.79926,33,1.5
3600009085,97.202,0,0,-97.202,97.202,156,0,0,0,10,13,16.7556,41.7556,1.5
3600009092,95.1304,0,0,-95.1304,95.1304,163,0,0,0,10,20,10.6241,46.1241,1.5
3600009103,94.9408,0,0,-94.9408,94.9408,174,0,0,0,10,5,-22,45.3679,1.5
3600009141,99.4357,0,0,-99.4357,99.4357,212,0,0,0,10,3,-19.8838,59.5,1.5
3600009145,99.5593,0,0,-99.5593,99.5593,216,0,0,0,10,17,28.5,56.5788,1.5
3600009146,97.3403,0,0,-97.3403,97.3403,217,0,0,0,10,11,13,62.1581,1.5
3600009169,96.0468,0,0,-96.0468,96.0468,240,0,0,0,10,10,-1,70.4136,1.5
3600009171,101.147,0,0,-101.147,101.147,242,0,0,0,10,8,-22.5,67.4687,1.5
3600009178,103.506,0,0,-103.506,103.506,249,0,0,0,10,18,31.8772,65.8772,1.5
3600009179,104.15,0,0,-104.15,104.15,250,0,0,0,10,15,24.3029,69.3029,1.5
3600009180,100.588,0,0,-100.588,100.588,251,0,0,0,10,12,-15.5,72.149,1.5
3600009182,100.529,0,0,-100.529,100.529,253,0,0,0,10,14,-26.5042,69.5042,1.5
3616732386,104.15,0,0,-104.15,104.15,250,15,24.3029,69.3029,1.5,0,0,0,10
3617857348,99.4357,0,0,-99.4357,99.4357,212,3,-19.8838,59.5,1.5,0,0,0,10
3618857387,100.588,0,0,-100.588,100.588,251,12,-15.5,72.149,1.5,0,0,0,10
3619607352,99.5593,0,0,-99.5593,99.5593,216,17,28.5,56.5788,1.5,0,0,0,10
3619982376,96.0468,0,0,-96.0468,96.0468,240,10,-1,70.4136,1.5,0,0,0,10
3620732252,85.195,0,0,-85.195,85.195,116,16,5.79926,33,1.5,0,0,0,10
3620857389,100.529,0,0,-100.529,100.529,253,14,-26.5042,69.5042,1.5,0,0,0,10
3620982237,83.8028,0,0,-83.8028,83.8028,101,9,1.8131,28.3131,1.5,0,0,0,10
3621732244,84.2919,0,0,-84.2919,84.2919,108,1,-12,28.2705,1.5,0,0,0,10
3621982378,101.147,0,0,-101.147,101.147,242,8,-22.5,67.4687,1.5,0,0,0,10
3622107310,94.9408,0,0,-94.9408,94.9408,174,5,-22,45.3679,1.5,0,0,0,10
3622232230,83.4099,0,0,-83.4099,83.4099,94,19,12.7354,23.2646,1.5,0,0,0,10
3622973313,84.3392,0,0,-84.3392,84.3392,105,4,-15.2734,27.2734,1.5,0,0,0,10
3623482385,103.506,0,0,-103.506,103.506,249,18,31.8772,65.8772,1.5,0,0,0,10
3623857229,83.8602,0,0,-83.8602,83.8602,93,7,11.4793,24.5,1.5,0,0,0,10
3623973385,97.4969,0,0,-97.4969,97.4969,177,2,-7.41992,52,1.5,0,0,0,10
3624732353,97.3403,0,0,-97.3403,97.3403,217,11,13,62.1581,1.5,0,0,0,10
3625482292,97.202,0,0,-97.202,97.202,156,13,16.7556,41.7556,1.5,0,0,0,10
3626357299,95.1304,0,0,-95.1304,95.1304,163,20,10.6241,46.1241,1.5,0,0,0,10
3626982203,81.6286,0,0,-81.6286,81.6286,67,6,1.5,17.2339,1.5,0,0,0,10
3650000105,84.3392,0,0,-84.3392,84.3392,105,0,0,0,10,4,-15.2734,27.2734,1.5
3650000177,97.4969,0,0,-97.4969,97.4969,177,0,0,0,10,2,-7.41992,52,1.5
3650008996,81.6286,0,0,-81.6286,81.6286,67,0,0,0,10,6,1.5,17.2339,1.5
3650009022,83.8602,0,0,-83.8602,83.8602,93,0,0,0,10,7,11.4793,24.5,1.5
3650009023,83.4099,0,0,-83.4099,83.4099,94,0,0,0,10,19,12.7354,23.2646,1.5
3650009030,83.8028,0,0,-83.8028,83.8028,101,0,0,0,10,9,1.8131,28.3131,1.5
3650009037,84.2919,0,0,-84.2919,84.2919,108,0,0,0,10,1,-12,28.2705,1.5
3650009045,85.195,0,0,-85.195,85.195,116,0,0,0,10,16,5.79926,33,1.5
3650009085,97.202,0,0,-97.202,97.202,156,0,0,0,10,13,16.7556,41.7556,1.5
3650009092,95.1304,0,0,-95.1304,95.1304,163,0,0,0,10,20,10.6241,46.1241,1.5
3650009103,94.9408,0,0,-94.9408,94.9408,174,0,0,0,10,5,-22,45.3679,1.5
3650009141,99.4357,0,0,-99.4357,99.4357,212,0,0,0,10,3,-19.8838,59.5,1.5
3650009145,99.5593,0,0,-99.5593,99.5593,216,0,0,0,10,17,28.5,56.5788,1.5
3650009146,97.3403,0,0,-97.3403,97.3403,217,0,0,0,10,11,13,62.1581,1.5
3650009169,96.0468,0,0,-96.0468,96.0468,240,0,0,0,10,10,-1,70.4136,1.5
3650009171,101.147,0,0,-101.147,101.147,242,0,0,0,10,8,-22.5,67.4687,1.5
3650009178,103.506,0,0,-103.506,103.506,249,0,0,0,10,18,31.8772,65.8772,1.5
3650009179,104.15,0,0,-104.15,104.15,250,0,0,0,10,15,24.3029,69.3029,1.5
3650009180,100.588,0,0,-100.588,100.588,251,0,0,0,10,12,-15.5,72.149,1.5
3650009182,100.529,0,0,-100.529,100.529,253,0,0,0,10,14,-26.5042,69.5042,1.5
3666732386,104.15,0,0,-104.15,104.15,250,15,24.3029,69.3029,1.5,0,0,0,10
3667857348,99.4357,0,0,-99.4357,99.4357,212,3,-19.8838,59.5,1.5,0,0,0,10
3668857387,100.588,0,0,-100.588,100.588,251,12,-15.5,72.149,1.5,0,0,0,10
3669607352,99.5593,0,0,-99.5593,99.5593,216,17,28.5,56.5788,1.5,0,0,0,10
3669982376,96.0468,0,0,-96.0468,96.0468,240,10,-1,70.4136,1.5,0,0,0,10
3670732252,85.195,0,0,-85.195,85.195,116,16,5.79926,33,1.5,0,0,0,10
3670857389,100.529,0,0,-100.529,100.529,253,14,-26.5042,69.5042,1.5,0,0,0,10
3671107237,83.8028,0,0,-83.8028,83.8028,101,9,1.8131,28.3131,1.5,0,0,0,10
3671732244,84.2919,0,0,-84.2919,84.2919,108,1,-12,28.2705,1.5,0,0,0,10
3671982378,101.147,0,0,-101.147,101.147,242,8,-22.5,67.4687,1.5,0,0,0,10
3672107310,94.9408,0,0,-94.9408,94.9408,174,5,-22,45.3679,1.5,0,0,0,10
3672232230,83.4099,0,0,-83.4099,83.4099,94,19,12.7354,23.2646,1.5,0,0,0,10
3672973313,84.3392,0,0,-84.3392,84.3392,105,4,-15.2734,27.2734,1.5,0,0,0,10
3673482385,103.506,0,0,-103.506,103.506,249,18,31.8772,65.8772,1.5,0,0,0,10
3673857229,83.8602,0,0,-83.8602,83.8602,93,7,11.4793,24.5,1.5,0,0,0,10
3673973385,97.4969,0,0,-97.4969,97.4969,177,2,-7.41992,52,1.5,0,0,0,10
3674732353,97.3403,0,0,-97.3403,97.3403,217,11,13,62.1581,1.5,0,0,0,10
3675482292,97.202,0,0,-97.202,97.202,156,13,16.7556,41.7556,1.5,0,0,0,10
3676357299,95.1304,0,0,-95.1304,95.1304,163,20,10.6241,46.1241,1.5,0,0,0,10
3676982203,81.6286,0,0,-81.6286,81.6286,67,6,1.5,17.2339,1.5,0,0,0,10
3700000105,84.3392,0,0,-84.3392,84.3392,105,0,0,0,10,4,-15.3795,27.3795,1.5
3700000177,97.4969,0,0,-97.4969,97.4969,177,0,0,0,10,2,-7.56992,52,1.5
3700008996,81.6286,0,0,-81.6286,81.6286,67,0,0,0,10,6,1.5,17.0839,1.5
3700009022,83.8602,0,0,-83.8602,83.8602,93,0,0,0,10,7,11.6293,24.5,1.5
3700009023,83.4099,0,0,-83.4099,83.4099,94,0,0,0,10,19,12.8415,23.1585,1.5
3700009030,83.8028,0,0,-83.8028,83.8028,101,0,0,0,10,9,1.70703,28.207,1.5
3700009037,84.2919,0,0,-84.2919,84.2919,108,0,0,0,10,1,-12,28.1205,1.5
3700009045,85.195,0,0,-85.195,85.195,116,0,0,0,10,16,5.64926,33,1.5
3700009085,97.202,0,0,-97.202,97.202,156,0,0,0,10,13,16.6496,41.6496,1.5
3700009092,95.1304,0,0,-95.1304,95.1304,163,0,0,0,10,20,10.5181,46.0181,1.5
3700009103,94.9408,0,0,-94.9408,94.9408,174,0,0,0,10,5,-22,45.2179,1.5
3700009141,99.4357,0,0,-99.4357,99.4357,212,0,0,0,10,3,-19.7338,59.5,1.5
3700009145,99.5593,0,0,-99.5593,99.5593,216,0,0,0,10,17,28.5,56.4288,1.5
3700009146,97.3403,0,0,-97.3403,97.3403,217,0,0,0,10,11,13,62.0081,1.5
3700009169,96.0468,0,0,-96.0468,96.0468,240,0,0,0,10,10,-1,70.2636,1.5
3700009171,101.147,0,0,-101.147,101.147,242,0,0,0,10,8,-22.5,67.3187,1.5
3700009178,103.506,0,0,-103.506,103.506,249,0,0,0,10,18,31.7711,65.7711,1.5
3700009179,104.15,0,0,-104.15,104.15,250,0,0,0,10,15,24.1969,69.1969,1.5
3700009180,100.588,0,0,-100.588,100.588,251,0,0,0,10,12,-15.5,71.999,1.5
3700009182,100.529,0,0,-100.529,100.529,253,0,0,0,10,14,-26.3981,69.3981,1.5
3716732386,104.15,0,0,-104.15,104.15,250,15,24.1969,69.1969,1.5,0,0,0,10
3717857348,99.4357,0,0,-99.4357,99.4357,212,3,-19.7338,59.5,1.5,0,0,0,10
3718857387,100.588,0,0,-100.588,100.588,251,12,-15.5,71.999,1.5,0,0,0,10
3719607352,99.5593,0,0,-99.5593,99.5593,216,17,28.5,56.4288,1.5,0,0,0,10
3719982376,96.0468,0,0,-96.0468,96.0468,240,10,-1,70.2636,1.5,0,0,0,10
3720732252,85.195,0,0,-85.195,85.195,116,16,5.64926,33,1.5,0,0,0,10
3720857389,100.529,0,0,-100.529,100.529,253,14,-26.3981,69.3981,1.5,0,0,0,10
3721107237,83.8028,0,0,-83.8028,83.8028,101,9,1.70703,28.207,1.5,0,0,0,10
3721732244,84.2919,0,0,-84.2919,84.2919,108,1,-12,28.1205,1.5,0,0,0,10
3721982378,101.147,0,0,-101.147,101.147,242,8,-22.5,67.3187,1.5,0,0,0,10
3722107310,94.9408,0,0,-94.9408,94.9408,174,5,-22,45.2179,1.5,0,0,0,10
3722232230,83.4099,0,0,-83.4099,83.4099,94,19,12.8415,23.1585,1.5,0,0,0,10
3722973313,84.3392,0,0,-84.3392,84.3392,105,4,-15.3795,27.3795,1.5,0,0,0,10
3723482385,103.506,0,0,-103.506,103.506,249,18,31.7711,65.7711,1.5,0,0,0,10
3723857229,83.8602,0,0,-83.8602,83.8602,93,7,11.6293,24.5,1.5,0,0,0,10
3723973385,97.4969,0,0,-97.4969,97.4969,177,2,-7.56992,52,1.5,0,0,0,10
3724732353,97.3403,0,0,-97.3403,97.3403,217,11,13,62.0081,1.5,0,0,0,10
3726357299,95.1304,0,0,-95.1304,95.1304,163,20,10.5181,46.0181,1.5,0,0,0,10
3726482292,97.202,0,0,-97.202,97.202,156,13,16.6496,41.6496,1.5,0,0,0,10
3726982203,81.6286,0,0,-81.6286,81.6286,67,6,1.5,17.0839,1.5,0,0,0,10
3750000105,84.3392,0,0,-84.3392,84.3392,105,0,0,0,10,4,-15.3795,27.3795,1.5
3750000177,97.4969,0,0,-97.4969,97.4969,177,0,0,0,10,2,-7.56992,52,1.5
3750008996,81.6286,0,0,-81.6286,81.6286,67,0,0,0,10,6,1.5,17.0839,1.5
3750009022,83.8602,0,0,-83.8602,83.8602,93,0,0,0,10,7,11.6293,24.5,1.5
3750009023,83.4099,0,0,-83.4099,83.4099,94,0,0,0,10,19,12.8415,23.1585,1.5
3750009030,83.8028,0,0,-83.8028,83.8028,101,0,0,0,10,9,1.70703,28.207,1.5
3750009037,84.2919,0,0,-84.2919,84.2919,108,0,0,0,10,1,-12,28.1205,1.5
3750009045,85.195,0,0,-85.195,85.195,116,0,0,0,10,16,5.64926,33,1.5
3750009085,97.202,0,0,-97.202,97.202,156,0,0,0,10,13,16.6496,41.6496,1.5
3750009092,95.1304,0,0,-95.1304,95.1304,163,0,0,0,10,20,10.5181,46.0181,1.5
3750009103,94.9408,0,0,-94.9408,94.9408,174,0,0,0,10,5,-22,45.2179,1.5
3750009141,99.4357,0,0,-99.4357,99.4357,212,0,0,0,10,3,-19.7338,59.5,1.5
3750009145,99.5593,0,0,-99.5593,99.5593,216,0,0,0,10,17,28.5,56.4288,1.5
3750009146,97.3403,0,0,-97.3403,97.3403,217,0,0,0,10,11,13,62.0081,1.5
3750009169,96.0468,0,0,-96.0468,96.0468,240,0,0,0,10,10,-1,70.2636,1.5
3750009171,101.147,0,0,-101.147,101.147,242,0,0,0,10,8,-22.5,67.3187,1.5
3750009178,103.506,0,0,-103.506,103.506,249,0,0,0,10,18,31.7711,65.7711,1.5
3750009179,104.15,0,0,-104.15,104.15,250,0,0,0,10,15,24.1969,69.1969,1.5
3750009180,100.588,0,0,-100.588,100.588,251,0,0,0,10,12,-15.5,71.999,1.5
3750009182,100.529,0,0,-100.529,100.529,253,0,0,0,10,14,-26.3981,69.3981,1.5
3766732386,104.15,0,0,-104.15,104.15,250,15,24.1969,69.1969,1.5,0,0,0,10
3767857348,99.4357,0,0,-99.4357,99.4357,212,3,-19.7338,59.5,1.5,0,0,0,10
3768857387,100.588,0,0,-100.588,100.588,251,12,-15.5,71.999,1.5,0,0,0,10
3769607352,99.5593,0,0,-99.5593,99.5593,216,17,28.5,56.4288,1.5,0,0,0,10
3769982376,96.0468,0,0,-96.0468,96.0468,240,10,-1,70.2636,1.5,0,0,0,10
3770732252,85.195,0,0,-85.195,85.195,116,16,5.64926,33,1.5,0,0,0,10
3771107237,83.8028,0,0,-83.8028,83.8028,101,9,1.70703,28.207,1.5,0,0,0,10
3771473462,100.529,0,0,-100.529,100.529,253,14,-26.3981,69.3981,1.5,0,0,0,10
3771732244,84.2919,0,0,-84.2919,84.2919,108,1,-12,28.1205,1.5,0,0,0,10
3771982378,101.147,0,0,-101.147,101.147,242,8,-22.5,67.3187,1.5,0,0,0,10
3772107310,94.9408,0,0,-94.9408,94.9408,174,5,-22,45.2179,1.5,0,0,0,10
3772232230,83.4099,0,0,-83.4099,83.4099,94,19,12.8415,23.1585,1.5,0,0,0,10
3772973313,84.3392,0,0,-84.3392,84.3392,105,4,-15.3795,27.3795,1.5,0,0,0,10
3773482385,103.506,0,0,-103.506,103.506,249,18,31.7711,65.7711,1.5,0,0,0,10
3773973385,97.4969,0,0,-97.4969,97.4969,177,2,-7.56992,52,1.5,0,0,0,10
3774232229,83.8602,0,0,-83.8602,83.8602,93,7,11.6293,24.5,1.5,0,0,0,10
3774732353,97.3403,0,0,-97.3403,97.3403,217,11,13,62.0081,1.5,0,0,0,10
3776357299,95.1304,0,0,-95.1304,95.1304,163,20,10.5181,46.0181,1.5,0,0,0,10
3776607292,97.202,0,0,-97.202,97.202,156,13,16.6496,41.6496,1.5,0,0,0,10
3777107203,81.6286,0,0,-81.6286,81.6286,67,6,1.5,17.0839,1.5,0,0,0,10
3800000105,84.3392,0,0,-84.3392,84.3392,105,0,0,0,10,4,-15.4855,27.4855,1.5
3800000177,97.4969,0,0,-97.4969,97.4969,177,0,0,0,10,2,-7.71992,52,1.5
3800008996,81.6286,0,0,-81.6286,81.6286,67,0,0,0,10,6,1.5,16.9339,1.5
3800009022,83.8602,0,0,-83.8602,83.8602,93,0,0,0,10,7,11.7793,24.5,1.5
3800009023,83.4099,0,0,-83.4099,83.4099,94,0,0,0,10,19,12.9475,23.0525,1.5
3800009030,83.8028,0,0,-83.8028,83.8028,101,0,0,0,10,9,1.60097,28.101,1.5
3800009037,84.2919,0,0,-84.2919,84.2919,108,0,0,0,10,1,-12,27.9705,1.5
3800009045,85.195,0,0,-85.195,85.195,116,0,0,0,10,16,5.49948,32.9995,1.5
3800009085,97.202,0,0,-97.202,97.202,156,0,0,0,10,13,16.5435,41.5435,1.5
3800009092,95.1304,0,0,-95.1304,95.1304,163,0,0,0,10,20,10.412,45.912,1.5
3800009103,94.9408,0,0,-94.9408,94.9408,174,0,0,0,10,5,-22,45.0679,1.5
3800009141,99.4357,0,0,-99.4357,99.4357,212,0,0,0,10,3,-19.5838,59.5,1.5
3800009145,99.5593,0,0,-99.5593,99.5593,216,0,0,0,10,17,28.5,56.2788,1.5
3800009146,97.3403,0,0,-97.3403,97.3403,217,0,0,0,10,11,12.8997,61.8997,1.5
3800009169,96.0468,0,0,-96.0468,96.0468,240,0,0,0,10,10,-1,70.1136,1.5
3800009171,101.147,0,0,-101.147,101.147,242,0,0,0,10,8,-22.5,67.1687,1.5
3800009178,103.506,0,0,-103.506,103.506,249,0,0,0,10,18,31.665,65.665,1.5
3800009179,104.15,0,0,-104.15,104.15,250,0,0,0,10,15,24.0908,69.0908,1.5
3800009180,100.588,0,0,-100.588,100.588,251,0,0,0,10,12,-15.5,71.849,1.5
3800009182,100.529,0,0,-100.529,100.529,253,0,0,0,10,14,-26.2921,69.2921,1.5
3816732386,104.15,0,0,-104.15,104.15,250,15,24.0908,69.0908,1.5,0,0,0,10
3817857348,99.4357,0,0,-99.4357,99.4357,212,3,-19.5838,59.5,1.5,0,0,0,10
3818857387,100.588,0,0,-100.588,100.588,251,12,-15.5,71.849,1.5,0,0,0,10
3819607352,99.5593,0,0,-99.5593,99.5593,216,17,28.5,56.2788,1.5,0,0,0,10
3819982376,96.0468,0,0,-96.0468,96.0468,240,10,-1,70.1136,1.5,0,0,0,10
3820732252,85.195,0,0,-85.195,85.195,116,16,5.49948,32.9995,1.5,0,0,0,10
3821107237,83.8028,0,0,-83.8028,83.8028,101,9,1.60097,28.101,1.5,0,0,0,10
3821732244,84.2919,0,0,-84.2919,84.2919,108,1,-12,27.9705,1.5,0,0,0,10
3821973462,100.529,0,0,-100.529,100.529,253,14,-26.2921,69.2921,1.5,0,0,0,10
3821982378,101.147,0,0,-101.147,101.147,242,8,-22.5,67.1687,1.5,0,0,0,10
3822232230,83.4099,0,0,-83.4099,83.4099,94,19,12.9475,23.0525,1.5,0,0,0,10
3822482310,94.9408,0,0,-94.9408,94.9408,174,5,-22,45.0679,1.5,0,0,0,10
3822973313,84.3392,0,0,-84.3392,84.3392,105,4,-15.4855,27.4855,1.5,0,0,0,10
3823482385,103.506,0,0,-103.506,103.506,249,18,31.665,65.665,1.5,0,0,0,10
3823973385,97.4969,0,0,-97.4969,97.4969,177,2,-7.71992,52,1.5,0,0,0,10
3824357229,83.8602,0,0,-83.8602,83.8602,93,7,11.7793,24.5,1.5,0,0,0,10
3824732353,97.3403,0,0,-97.3403,97.3403,217,11,12.8997,61.8997,1.5,0,0,0,10
3826357299,95.1304,0,0,-95.1304,95.1304,163,20,10.412,45.912,1.5,0,0,0,10
3827357203,81.6286,0,0,-81.6286,81.6286,67,6,1.5,16.9339,1.5,0,0,0,10
3827607292,97.202,0,0,-97.202,97.202,156,13,16.5435,41.5435,1.5,0,0,0,10
3850000105,84.3392,0,0,-84.3392,84.3392,105,0,0,0,10,4,-15.4855,27.4855,1.5
3850000177,97.4969,0,0,-97.4969,97.4969,177,0,0,0,10,2,-7.71992,52,1.5
3850008996,81.6286,0,0,-81.6286,81.6286,67,0,0,0,10,6,1.5,16.9339,1.5
3850009022,83.8602,0,0,-83.8602,83.8602,93,0,0,0,10,7,11.7793,24.5,1.5
3850009023,83.4099,0,0,-83.4099,83.4099,94,0,0,0,10,19,12.9475,23.0525,1.5
3850009030,83.8028,0,0,-83.8028,83.8028,101,0,0,0,10,9,1.60097,28.101,1.5
3850009037,84.2919,0,0,-84.2919,84.2919,108,0,0,0,10,1,-12,27.9705,1.5
3850009045,85.195,0,0,-85.195,85.195,116,0,0,0,10,16,5.49948,32.9995,1.5
3850009085,97.202,0,0,-97.202,97.202,156,0,0,0,10,13,16.5435,41.5435,1.5
3850009092,95.1304,0,0,-95.1304,95.1304,163,0,0,0,10,20,10.412,45.912,1.5
3850009103,94.9408,0,0,-94.9408,94.9408,174,0,0,0,10,5,-22,45.0679,1.5
3850009141,99.4357,0,0,-99.4357,99.4357,212,0,0,0,10,3,-19.5838,59.5,1.5
3850009145,99.5593,0,0,-99.5593,99.5593,216,0,0,0,10,17,28.5,56.2788,1.5
3850009146,97.3403,0,0,-97.3403,97.3403,217,0,0,0,10,11,12.8997,61.8997,1.5
3850009169,96.0468,0,0,-96.0468,96.0468,240,0,0,0,10,10,-1,70.1136,1.5
3850009171,101.147,0,0,-101.147,101.147,242,0,0,0,10,8,-22.5,67.1687,1.5
3850009178,103.506,0,0,-103.506,103.506,249,0,0,0,10,18,31.665,65.665,1.5
3850009179,104.15,0,0,-104.15,104.15,250,0,0,0,10,15,24.0908,69.0908,1.5
3850009180,100.588,0,0,-100.588,100.588,251,0,0,0,10,12,-15.5,71.849,1.5
3850009182,100.529,0,0,-100.529,100.529,253,0,0,0,10,14,-26.2921,69.2921,1.5
3866732386,104.15,0,0,-104.15,104.15,250,15,24.0908,69.0908,1.5,0,0,0,10
3867857348,99.4357,0,0,-99.4357,99.4357,212,3,-19.5838,59.5,1.5,0,0,0,10
3868857387,100.588,0,0,-100.588,100.588,251,12,-15.5,71.849,1.5,0,0,0,10
3869607352,99.5593,0,0,-99.5593,99.5593,216,17,28.5,56.2788,1.5,0,0,0,10
3869982376,96.0468,0,0,-96.0468,96.0468,240,10,-1,70.1136,1.5,0,0,0,10
3870732252,85.195,0,0,-85.195,85.195,116,16,5.49948,32.9995,1.5,0,0,0,10
3871107237,83.8028,0,0,-83.8028,83.8028,101,9,1.60097,28.101,1.5,0,0,0,10
3871732244,84.2919,0,0,-84.2919,84.2919,108,1,-12,27.9705,1.5,0,0,0,10
3871973462,100.529,0,0,-100.529,100.529,253,14,-26.2921,69.2921,1.5,0,0,0,10
3871982378,101.147,0,0,-101.147,101.147,242,8,-22.5,67.1687,1.5,0,0,0,10
3872232230,83.4099,0,0,-83.4099,83.4099,94,19,12.9475,23.0525,1.5,0,0,0,10
3872607310,94.9408,0,0,-94.9408,94.9408,174,5,-22,45.0679,1.5,0,0,0,10
3872973313,84.3392,0,0,-84.3392,84.3392,105,4,-15.4855,27.4855,1.5,0,0,0,10
3873482385,103.506,0,0,-103.506,103.506,249,18,31.665,65.665,1.5,0,0,0,10
3873973385,97.4969,0,0,-97.4969,97.4969,177,2,-7.71992,52,1.5,0,0,0,10
3874607229,83.8602,0,0,-83.8602,83.8602,93,7,11.7793,24.5,1.5,0,0,0,10
3874732353,97.3403,0,0,-97.3403,97.3403,217,11,12.8997,61.8997,1.5,0,0,0,10
3876357299,95.1304,0,0,-95.1304,95.1304,163,20,10.412,45.912,1.5,0,0,0,10
3877482203,81.6286,0,0,-81.6286,81.6286,67,6,1.5,16.9339,1.5,0,0,0,10
3877607292,97.202,0,0,-97.202,97.202,156,13,16.5435,41.5435,1.5,0,0,0,10
3900000105,84.3392,0,0,-84.3392,84.3392,105,0,0,0,10,4,-15.5916,27.5916,1.5
3900000177,97.4969,0,0,-97.4969,97.4969,177,0,0,0,10,2,-7.86992,52,1.5
3900008996,81.6286,0,0,-81.6286,81.6286,67,0,0,0,10,6,1.5,16.7839,1.5
3900009022,83.8602,0,0,-83.8602,83.8602,93,0,0,0,10,7,11.9293,24.5,1.5
3900009023,83.4099,0,0,-83.4099,83.4099,94,0,0,0,10,19,13.0536,22.9464,1.5
3900009030,83.8028,0,0,-83.8028,83.8028,101,0,0,0,10,9,1.4949,27.9949,1.5
3900009037,84.2919,0,0,-84.2919,84.2919,108,0,0,0,10,1,-12,27.8205,1.5
3900009045,85.195,0,0,-85.195,85.195,116,0,0,0,10,16,5.39341,32.8934,1.5
3900009085,97.202,0,0,-97.202,97.202,156,0,0,0,10,13,16.4374,41.4374,1.5
3900009092,95.1304,0,0,-95.1304,95.1304,163,0,0,0,10,20,10.3059,45.8059,1.5
3900009103,94.9408,0,0,-94.9408,94.9408,174,0,0,0,10,5,-22,44.9179,1.5
3900009141,99.4357,0,0,-99.4357,99.4357,212,0,0,0,10,3,-19.4338,59.5,1.5
3900009145,99.5593,0,0,-99.5593,99.5593,216,0,0,0,10,17,28.5,56.1288,1.5
3900009146,97.3403,0,0,-97.3403,97.3403,217,0,0,0,10,11,12.7936,61.7936,1.5
3900009169,96.0468,0,0,-96.0468,96.0468,240,0,0,0,10,10,-1,69.9636,1.5
3900009171,101.147,0,0,-101.147,101.147,242,0,0,0,10,8,-22.5,67.0187,1.5
3900009178,103.506,0,0,-103.506,103.506,249,0,0,0,10,18,31.559,65.559,1.5
3900009179,104.15,0,0,-104.15,104.15,250,0,0,0,10,15,23.9847,68.9847,1.5
3900009180,100.588,0,0,-100.588,100.588,251,0,0,0,10,12,-15.5,71.699,1.5
3900009182,100.529,0,0,-100.529,100.529,253,0,0,0,10,14,-26.186,69.186,1.5
3916732386,104.15,0,0,-104.15,104.15,250,15,23.9847,68.9847,1.5,0,0,0,10
3917857348,99.4357,0,0,-99.4357,99.4357,212,3,-19.4338,59.5,1.5,0,0,0,10
3918857387,100.588,0,0,-100.588,100.588,251,12,-15.5,71.699,1.5,0,0,0,10
3919607352,99.5593,0,0,-99.5593,99.5593,216,17,28.5,56.1288,1.5,0,0,0,10
3919982376,96.0468,0,0,-96.0468,96.0468,240,10,-1,69.9636,1.5,0,0,0,10
3920732252,85.195,0,0,-85.195,85.195,116,16,5.39341,32.8934,1.5,0,0,0,10
3921357237,83.8028,0,0,-83.8028,83.8028,101,9,1.4949,27.9949,1.5,0,0,0,10
3921982378,101.147,0,0,-101.147,101.147,242,8,-22.5,67.0187,1.5,0,0,0,10
3922107244,84.2919,0,0,-84.2919,84.2919,108,1,-12,27.8205,1.5,0,0,0,10
3922232230,83.4099,0,0,-83.4099,83.4099,94,19,13.0536,22.9464,1.5,0,0,0,10
3922482389,100.529,0,0,-100.529,100.529,253,14,-26.186,69.186,1.5,0,0,0,10
3922607310,94.9408,0,0,-94.9408,94.9408,174,5,-22,44.9179,1.5,0,0,0,10
3922973313,84.3392,0,0,-84.3392,84.3392,105,4,-15.5916,27.5916,1.5,0,0,0,10
3923482385,103.506,0,0,-103.506,103.506,249,18,31.559,65.559,1.5,0,0,0,10
3923973385,97.4969,0,0,-97.4969,97.4969,177,2,-7.86992,52,1.5,0,0,0,10
3924732353,97.3403,0,0,-97.3403,97.3403,217,11,12.7936,61.7936,1.5,0,0,0,10
3924982229,83.8602,0,0,-83.8602,83.8602,93,7,11.9293,24.5,1.5,0,0,0,10
3926357299,95.1304,0,0,-95.1304,95.1304,163,20,10.3059,45.8059,1.5,0,0,0,10
3927607292,97.202,0,0,-97.202,97.202,156,13,16.4374,41.4374,1.5,0,0,0,10
3927732203,81.6286,0,0,-81.6286,81.6286,67,6,1.5,16.7839,1.5,0,0,0,10
3950000105,84.3392,0,0,-84.3392,84.3392,105,0,0,0,10,4,-15.5916,27.5916,1.5
3950000177,97.4969,0,0,-97.4969,97.4969,177,0,0,0,10,2,-7.86992,52,1.5
3950008996,81.6286,0,0,-81.6286,81.6286,67,0,0,0,10,6,1.5,16.7839,1.5
3950009022,83.8602,0,0,-83.8602,83.8602,93,0,0,0,10,7,11.9293,24.5,1.5
3950009023,83.4099,0,0,-83.4099,83.4099,94,0,0,0,10,19,13.0536,22.9464,1.5
3950009030,83.8028,0,0,-83.8028,83.8028,101,0,0,0,10,9,1.4949,27.9949,1.5
3950009037,84.2919,0,0,-84.2919,84.2919,108,0,0,0,10,1,-12,27.8205,1.5
3950009045,85.195,0,0,-85.195,85.195,116,0,0,0,10,16,5.39341,32.8934,1.5
3950009085,97.202,0,0,-97.202,97.202,156,0,0,0,10,13,16.4374,41.4374,1.5
3950009092,95.1304,0,0,-95.1304,95.1304,163,0,0,0,10,20,10.3059,45.8059,1.5
3950009103,94.9408,0,0,-94.9408,94.9408,174,0,0,0,10,5,-22,44.9179,1.5
3950009141,99.4357,0,0,-99.4357,99.4357,212,0,0,0,10,3,-19.4338,59.5,1.5
3950009145,99.5593,0,0,-99.5593,99.5593,216,0,0,0,10,17,28.5,56.1288,1.5
3950009146,97.3403,0,0,-97.3403,97.3403,217,0,0,0,10,11,12.7936,61.7936,1.5
3950009169,96.0468,0,0,-96.0468,96.0468,240,0,0,0,10,10,-1,69.9636,1.5
3950009171,101.147,0,0,-101.147,101.147,242,0,0,0,10,8,-22.5,67.0187,1.5
3950009178,103.506,0,0,-103.506,103.506,249,0,0,0,10,18,31.559,65.559,1.5
3950009179,104.15,0,0,-104.15,104.15,250,0,0,0,10,15,23.9847,68.9847,1.5
3950009180,100.588,0,0,-100.588,100.588,251,0,0,0,10,12,-15.5,71.699,1.5
3950009182,100.529,0,0,-100.529,100.529,253,0,0,0,10,14,-26.186,69.186,1.5
3966732386,104.15,0,0,-104.15,104.15,250,15,23.9847,68.9847,1.5,0,0,0,10
3967857348,99.4357,0,0,-99.4357,99.4357,212,3,-19.4338,59.5,1.5,0,0,0,10
3968857387,100.588,0,0,-100.588,100.588,251,12,-15.5,71.699,1.5,0,0,0,10
3969607352,99.5593,0,0,-99.5593,99.5593,216,17,28.5,56.1288,1.5,0,0,0,10
3969982376,96.0468,0,0,-96.0468,96.0468,240,10,-1,69.9636,1.5,0,0,0,10
3970732252,85.195,0,0,-85.195,85.195,116,16,5.39341,32.8934,1.5,0,0,0,10
3971482237,83.8028,0,0,-83.8028,83.8028,101,9,1.4949,27.9949,1.5,0,0,0,10
3971982378,101.147,0,0,-101.147,101.147,242,8,-22.5,67.0187,1.5,0,0,0,10
3972232230,83.4099,0,0,-83.4099,83.4099,94,19,13.0536,22.9464,1.5,0,0,0,10
3972232244,84.2919,0,0,-84.2919,84.2919,108,1,-12,27.8205,1.5,0,0,0,10
3972732310,94.9408,0,0,-94.9408,94.9408,174,5,-22,44.9179,1.5,0,0,0,10
3972857389,100.529,0,0,-100.529,100.529,253,14,-26.186,69.186,1.5,0,0,0,10
3972973313,84.3392,0,0,-84.3392,84.3392,105,4,-15.5916,27.5916,1.5,0,0,0,10
3973482385,103.506,0,0,-103.506,103.506,249,18,31.559,65.559,1.5,0,0,0,10
3973973385,97.4969,0,0,-97.4969,97.4969,177,2,-7.86992,52,1.5,0,0,0,10
3974732353,97.3403,0,0,-97.3403,97.3403,217,11,12.7936,61.7936,1.5,0,0,0,10
3974982229,83.8602,0,0,-83.8602,83.8602,93,7,11.9293,24.5,1.5,0,0,0,10
3976357299,95.1304,0,0,-95.1304,95.1304,163,20,10.3059,45.8059,1.5,0,0,0,10
3977607292,97.202,0,0,-97.202,97.202,156,13,16.4374,41.4374,1.5,0,0,0,10
3978107203,81.6286,0,0,-81.6286,81.6286,67,6,1.5,16.7839,1.5,0,0,0,10
4000000105,84.3392,0,0,-84.3392,84.3392,105,0,0,0,10,4,-15.6977,27.6977,1.5
4000000177,97.4969,0,0,-97.4969,97.4969,177,0,0,0,10,2,-8.01992,52,1.5
4000008996,81.6286,0,0,-81.6286,81.6286,67,0,0,0,10,6,1.5,16.6339,1.5
4000009022,83.8602,0,0,-83.8602,83.8602,93,0,0,0,10,7,12.0793,24.5,1.5
4000009023,83.4099,0,0,-83.4099,83.4099,94,0,0,0,10,19,13.1597,22.8403,1.5
4000009030,83.8028,0,0,-83.8028,83.8028,101,0,0,0,10,9,1.38884,27.8888,1.5
4000009037,84.2919,0,0,-84.2919,84.2919,108,0,0,0,10,1,-12,27.6705,1.5
4000009045,85.195,0,0,-85.195,85.195,116,0,0,0,10,16,5.28734,32.7873,1.5
4000009085,97.202,0,0,-97.202,97.202,156,0,0,0,10,13,16.3314,41.3314,1.5
4000009092,95.1304,0,0,-95.1304,95.1304,163,0,0,0,10,20,10.1999,45.6999,1.5
4000009103,94.9408,0,0,-94.9408,94.9408,174,0,0,0,10,5,-22,44.7679,1.5
4000009141,99.4357,0,0,-99.4357,99.4357,212,0,0,0,10,3,-19.2838,59.5,1.5
4000009145,99.5593,0,0,-99.5593,99.5593,216,0,0,0,10,17,28.5,55.9788,1.5
4000009146,97.3403,0,0,-97.3403,97.3403,217,0,0,0,10,11,12.6875,61.6875,1.5
4000009169,96.0468,0,0,-96.0468,96.0468,240,0,0,0,10,10,-1,69.8136,1.5
4000009171,101.147,0,0,-101.147,101.147,242,0,0,0,10,8,-22.5,66.8687,1.5
4000009178,103.506,0,0,-103.506,103.506,249,0,0,0,10,18,31.4529,65.4529,1.5
4000009179,104.15,0,0,-104.15,104.15,250,0,0,0,10,15,23.8787,68.8787,1.5
4000009180,100.588,0,0,-100.588,100.588,251,0,0,0,10,12,-15.5,71.549,1.5
4000009182,100.529,0,0,-100.529,100.529,253,0,0,0,10,14,-26.0799,69.0799,1.5
4016732386,104.15,0,0,-104.15,104.15,250,15,23.8787,68.8787,1.5,0,0,0,10
4017857348,99.4357,0,0,-99.4357,99.4357,212,3,-19.2838,59.5,1.5,0,0,0,10
4018857387,100.588,0,0,-100.588,100.588,251,12,-15.5,71.549,1.5,0,0,0,10
4019607352,99.5593,0,0,-99.5593,99.5593,216,17,28.5,55.9788,1.5,0,0,0,10
4019982376,96.0468,0,0,-96.0468,96.0468,240,10,-1,69.8136,1.5,0,0,0,10
4020732252,85.195,0,0,-85.195,85.195,116,16,5.28734,32.7873,1.5,0,0,0,10
4021482237,83.8028,0,0,-83.8028,83.8028,101,9,1.38884,27.8888,1.5,0,0,0,10
4021982378,101.147,0,0,-101.147,101.147,242,8,-22.5,66.8687,1.5,0,0,0,10
4022232230,83.4099,0,0,-83.4099,83.4099,94,19,13.1597,22.8403,1.5,0,0,0,10
4022232244,84.2919,0,0,-84.2919,84.2919,108,1,-12,27.6705,1.5,0,0,0,10
4022857310,94.9408,0,0,-94.9408,94.9408,174,5,-22,44.7679,1.5,0,0,0,10
4022857389,100.529,0,0,-100.529,100.529,253,14,-26.0799,69.0799,1.5,0,0,0,10
4022973313,84.3392,0,0,-84.3392,84.3392,105,4,-15.6977,27.6977,1.5,0,0,0,10
4023482385,103.506,0,0,-103.506,103.506,249,18,31.4529,65.4529,1.5,0,0,0,10
4023973385,97.4969,0,0,-97.4969,97.4969,177,2,-8.01992,52,1.5,0,0,0,10
4024732353,97.3403,0,0,-97.3403,97.3403,217,11,12.6875,61.6875,1.5,0,0,0,10
4025232229,83.8602,0,0,-83.8602,83.8602,93,7,12.0793,24.5,1.5,0,0,0,10
4026357299,95.1304,0,0,-95.1304,95.1304,163,20,10.1999,45.6999,1.5,0,0,0,10
4028107203,81.6286,0,0,-81.6286,81.6286,67,6,1.5,16.6339,1.5,0,0,0,10
4028607292,97.202,0,0,-97.202,97.202,156,13,16.3314,41.3314,1.5,0,0,0,10
4050000105,84.3392,0,0,-84.3392,84.3392,105,0,0,0,10,4,-15.6977,27.6977,1.5
4050000177,97.4969,0,0,-97.4969,97.4969,177,0,0,0,10,2,-8.01992,52,1.5
4050008996,81.6286,0,0,-81.6286,81.6286,67,0,0,0,10,6,1.5,16.6339,1.5
4050009022,83.8602,0,0,-83.8602,83.8602,93,0,0,0,10,7,12.0793,24.5,1.5
4050009023,83.4099,0,0,-83.4099,83.4099,94,0,0,0,10,19,13.1597,22.8403,1.5
4050009030,83.8028,0,0,-83.8028,83.8028,101,0,0,0,10,9,1.38884,27.8888,1.5
4050009037,84.2919,0,0,-84.2919,84.2919,108,0,0,0,10,1,-12,27.6705,1.5
4050009045,85.195,0,0,-85.195,85.195,116,0,0,0,10,16,5.28734,32.7873,1.5
4050009085,97.202,0,0,-97.202,97.202,156,0,0,0,10,13,16.3314,41.3314,1.5
4050009092,95.1304,0,0,-95.1304,95.1304,163,0,0,0,10,20,10.1999,45.6999,1.5
4050009103,94.9408,0,0,-94.9408,94.9408,174,0,0,0,10,5,-22,44.7679,1.5
4050009141,99.4357,0,0,-99.4357,99.4357,212,0,0,0,10,3,-19.2838,59.5,1.5
4050009145,99.5593,0,0,-99.5593,99.5593,216,0,0,0,10,17,28.5,55.9788,1.5
4050009146,97.3403,0,0,-97.3403,97.3403,217,0,0,0,10,11,12.6875,61.6875,1.5
4050009169,96.0468,0,0,-96.0468,96.0468,240,0,0,0,10,10,-1,69.8136,1.5
4050009171,101.147,0,0,-101.147,101.147,242,0,0,0,10,8,-22.5,66.8687,1.5
4050009178,103.506,0,0,-103.506,103.506,249,0,0,0,10,18,31.4529,65.4529,1.5
4050009179,104.15,0,0,-104.15,104.15,250,0,0,0,10,15,23.8787,68.8787,1.5
4050009180,100.588,0,0,-100.588,100.588,251,0,0,0,10,12,-15.5,71.549,1.5
4050009182,100.529,0,0,-100.529,100.529,253,0,0,0,10,14,-26.0799,69.0799,1.5
4066732386,104.15,0,0,-104.15,104.15,250,15,23.8787,68.8787,1.5,0,0,0,10
4067857348,99.4357,0,0,-99.4357,99.4357,212,3,-19.2838,59.5,1.5,0,0,0,10
4068857387,100.588,0,0,-100.588,100.588,251,12,-15.5,71.549,1.5,0,0,0,10
4069607352,99.5593,0,0,-99.5593,99.5593,216,17,28.5,55.9788,1.5,0,0,0,10
4069982376,96.0468,0,0,-96.0468,96.0468,240,10,-1,69.8136,1.5,0,0,0,10
4070732252,85.195,0,0,-85.195,85.195,116,16,5.28734,32.7873,1.5,0,0,0,10
4071482237,83.8028,0,0,-83.8028,83.8028,101,9,1.38884,27.8888,1.5,0,0,0,10
4071982378,101.147,0,0,-101.147,101.147,242,8,-22.5,66.8687,1.5,0,0,0,10
4072232230,83.4099,0,0,-83.4099,83.4099,94,19,13.1597,22.8403,1.5,0,0,0,10
4072232244,84.2919,0,0,-84.2919,84.2919,108,1,-12,27.6705,1.5,0,0,0,10
4072857389,100.529,0,0,-100.529,100.529,253,14,-26.0799,69.0799,1.5,0,0,0,10
4072973313,84.3392,0,0,-84.3392,84.3392,105,4,-15.6977,27.6977,1.5,0,0,0,10
4073107310,94.9408,0,0,-94.9408,94.9408,174,5,-22,44.7679,1.5,0,0,0,10
4073482385,103.506,0,0,-103.506,103.506,249,18,31.4529,65.4529,1.5,0,0,0,10
4073973385,97.4969,0,0,-97.4969,97.4969,177,2,-8.01992,52,1.5,0,0,0,10
4074732353,97.3403,0,0,-97.3403,97.3403,217,11,12.6875,61.6875,1.5,0,0,0,10
4075607229,83.8602,0,0,-83.8602,83.8602,93,7,12.0793,24.5,1.5,0,0,0,10
4076357299,95.1304,0,0,-95.1304,95.1304,163,20,10.1999,45.6999,1.5,0,0,0,10
4078107203,81.6286,0,0,-81.6286,81.6286,67,6,1.5,16.6339,1.5,0,0,0,10
4078607292,97.202,0,0,-97.202,97.202,156,13,16.3314,41.3314,1.5,0,0,0,10
4100000105,84.3392,0,0,-84.3392,84.3392,105,0,0,0,10,4,-15.8037,27.8037,1.5
4100000177,97.4969,0,0,-97.4969,97.4969,177,0,0,0,10,2,-8.16992,52,1.5
4100008996,81.6286,0,0,-81.6286,81.6286,67,0,0,0,10,6,1.5,16.4839,1.5
4100009022,83.8602,0,0,-83.8602,83.8602,93,0,0,0,10,7,12.2293,24.5,1.5
4100009023,83.4099,0,0,-83.4099,83.4099,94,0,0,0,10,19,13.2657,22.7343,1.5
4100009030,83.8028,0,0,-83.8028,83.8028,101,0,0,0,10,9,1.28277,27.7828,1.5
4100009037,84.2919,0,0,-84.2919,84.2919,108,0,0,0,10,1,-12,27.5205,1.5
4100009045,85.195,0,0,-85.195,85.195,116,0,0,0,10,16,5.18128,32.6813,1.5
4100009085,97.202,0,0,-97.202,97.202,156,0,0,0,10,13,16.2253,41.2253,1.5
4100009092,95.1304,0,0,-95.1304,95.1304,163,0,0,0,10,20,10.0938,45.5938,1.5
4100009103,94.9408,0,0,-94.9408,94.9408,174,0,0,0,10,5,-22,44.6179,1.5
4100009141,99.4357,0,0,-99.4357,99.4357,212,0,0,0,10,3,-19.1338,59.5,1.5
4100009145,99.5593,0,0,-99.5593,99.5593,216,0,0,0,10,17,28.5,55.8288,1.5
4100009146,97.3403,0,0,-97.3403,97.3403,217,0,0,0,10,11,12.5815,61.5815,1.5
4100009169,96.0468,0,0,-96.0468,96.0468,240,0,0,0,10,10,-1,69.6636,1.5
4100009171,101.147,0,0,-101.147,101.147,242,0,0,0,10,8,-22.5,66.7187,1.5
4100009178,103.506,0,0,-103.506,103.506,249,0,0,0,10,18,31.3468,65.3468,1.5
4100009179,104.15,0,0,-104.15,104.15,250,0,0,0,10,15,23.7726,68.7726,1.5
4100009180,100.588,0,0,-100.588,100.588,251,0,0,0,10,12,-15.5,71.399,1.5
4100009182,100.529,0,0,-100.529,100.529,253,0,0,0,10,14,-25.9739,68.9739,1.5
4116732386,104.15,0,0,-104.15,104.15,250,15,23.7726,68.7726,1.5,0,0,0,10
4117857348,99.4357,0,0,-99.4357,99.4357,212,3,-19.1338,59.5,1.5,0,0,0,10
4118857387,100.588,0,0,-100.588,100.588,251,12,-15.5,71.399,1.5,0,0,0,10
4119607352,99.5593,0,0,-99.5593,99.5593,216,17,28.5,55.8288,1.5,0,0,0,10
4119982376,96.0468,0,0,-96.0468,96.0468,240,10,-1,69.6636,1.5,0,0,0,10
4120732252,85.195,0,0,-85.195,85.195,116,16,5.18128,32.6813,1.5,0,0,0,10
4121732237,83.8028,0,0,-83.8028,83.8028,101,9,1.28277,27.7828,1.5,0,0,0,10
4121982378,101.147,0,0,-101.147,101.147,242,8,-22.5,66.7187,1.5,0,0,0,10
4122232230,83.4099,0,0,-83.4099,83.4099,94,19,13.2657,22.7343,1.5,0,0,0,10
4122482244,84.2919,0,0,-84.2919,84.2919,108,1,-12,27.5205,1.5,0,0,0,10
4122857389,100.529,0,0,-100.529,100.529,253,14,-25.9739,68.9739,1.5,0,0,0,10
4122973313,84.3392,0,0,-84.3392,84.3392,105,4,-15.8037,27.8037,1.5,0,0,0,10
4123232310,94.9408,0,0,-94.9408,94.9408,174,5,-22,44.6179,1.5,0,0,0,10
4123482385,103.506,0,0,-103.506,103.506,249,18,31.3468,65.3468,1.5,0,0,0,10
4123973385,97.4969,0,0,-97.4969,97.4969,177,2,-8.16992,52,1.5,0,0,0,10
4124732353,97.3403,0,0,-97.3403,97.3403,217,11,12.5815,61.5815,1.5,0,0,0,10
4125732229,83.8602,0,0,-83.8602,83.8602,93,7,12.2293,24.5,1.5,0,0,0,10
4126357299,95.1304,0,0,-95.1304,95.1304,163,20,10.0938,45.5938,1.5,0,0,0,10
4128232203,81.6286,0,0,-81.6286,81.6286,67,6,1.5,16.4839,1.5,0,0,0,10
4128607292,97.202,0,0,-97.202,97.202,156,13,16.2253,41.2253,1.5,0,0,0,10
4150000105,84.3392,0,0,-84.3392,84.3392,105,0,0,0,10,4,-15.8037,27.8037,1.5
4150000177,97.4969,0,0,-97.4969,97.4969,177,0,0,0,10,2,-8.16992,52,1.5
4150008996,81.6286,0,0,-81.6286,81.6286,67,0,0,0,10,6,1.5,16.4839,1.5
4150009022,83.8602,0,0,-83.8602,83.8602,93,0,0,0,10,7,12.2293,24.5,1.5
4150009023,83.4099,0,0,-83.4099,83.4099,94,0,0,0,10,19,13.2657,22.7343,1.5
4150009030,83.8028,0,0,-83.8028,83.8028,101,0,0,0,10,9,1.28277,27.7828,1.5
4150009037,84.2919,0,0,-84.2919,84.2919,108,0,0,0,10,1,-12,27.5205,1.5
4150009045,85.195,0,0,-85.195,85.195,116,0,0,0,10,16,5.18128,32.6813,1.5
4150009085,97.202,0,0,-97.202,97.202,156,0,0,0,10,13,16.2253,41.2253,1.5
4150009092,95.1304,0,0,-95.1304,95.1304,163,0,0,0,10,20,10.0938,45.5938,1.5
4150009103,94.9408,0,0,-94.9408,94.9408,174,0,0,0,10,5,-22,44.6179,1.5
4150009141,99.4357,0,0,-99.4357,99.4357,212,0,0,0,10,3,-19.1338,59.5,1.5
4150009145,99.5593,0,0,-99.5593,99.5593,216,0,0,0,10,17,28.5,55.8288,1.5
4150009146,97.3403,0,0,-97.3403,97.3403,217,0,0,0,10,11,12.5815,61.5815,1.5
4150009169,96.0468,0,0,-96.0468,96.0468,240,0,0,0,10,10,-1,69.6636,1.5
4150009171,101.147,0,0,-101.147,101.147,242,0,0,0,10,8,-22.5,66.7187,1.5
4150009178,103.506,0,0,-103.506,103.506,249,0,0,0,10,18,31.3468,65.3468,1.5
4150009179,104.15,0,0,-104.15,104.15,250,0,0,0,10,15,23.7726,68.7726,1.5
4150009180,100.588,0,0,-100.588,100.588,251,0,0,0,10,12,-15.5,71.399,1.5
4150009182,100.529,0,0,-100.529,100.529,253,0,0,0,10,14,-25.9739,68.9739,1.5
4166732386,104.15,0,0,-104.15,104.15,250,15,23.7726,68.7726,1.5,0,0,0,10
4167857348,99.4357,0,0,-99.4357,99.4357,212,3,-19.1338,59.5,1.5,0,0,0,10
4168857387,100.588,0,0,-100.588,100.588,251,12,-15.5,71.399,1.5,0,0,0,10
4169607352,99.5593,0,0,-99.5593,99.5593,216,17,28.5,55.8288,1.5,0,0,0,10
4169982376,96.0468,0,0,-96.0468,96.0468,240,10,-1,69.6636,1.5,0,0,0,10
4170732252,85.195,0,0,-85.195,85.195,116,16,5.18128,32.6813,1.5,0,0,0,10
4171982237,83.8028,0,0,-83.8028,83.8028,101,9,1.28277,27.7828,1.5,0,0,0,10
4171982378,101.147,0,0,-101.147,101.147,242,8,-22.5,66.7187,1.5,0,0,0,10
4172232230,83.4099,0,0,-83.4099,83.4099,94,19,13.2657,22.7343,1.5,0,0,0,10
4172732244,84.2919,0,0,-84.2919,84.2919,108,1,-12,27.5205,1.5,0,0,0,10
4172973313,84.3392,0,0,-84.3392,84.3392,105,4,-15.8037,27.8037,1.5,0,0,0,10
4173357389,100.529,0,0,-100.529,100.529,253,14,-25.9739,68.9739,1.5,0,0,0,10
4173482310,94.9408,0,0,-94.9408,94.9408,174,5,-22,44.6179,1.5,0,0,0,10
4173482385,103.506,0,0,-103.506,103.506,249,18,31.3468,65.3468,1.5,0,0,0,10
4173973385,97.4969,0,0,-97.4969,97.4969,177,2,-8.16992,52,1.5,0,0,0,10
4174732353,97.3403,0,0,-97.3403,97.3403,217,11,12.5815,61.5815,1.5,0,0,0,10
4175982229,83.8602,0,0,-83.8602,83.8602,93,7,12.2293,24.5,1.5,0,0,0,10
4176357299,95.1304,0,0,-95.1304,95.1304,163,20,10.0938,45.5938,1.5,0,0,0,10
4178357203,81.6286,0,0,-81.6286,81.6286,67,6,1.5,16.4839,1.5,0,0,0,10
4179732292,97.202,0,0,-97.202,97.202,156,13,16.2253,41.2253,1.5,0,0,0,10
4200000105,84.3392,0,0,-84.3392,84.3392,105,0,0,0,10,4,-15.9098,27.9098,1.5
4200000177,97.4969,0,0,-97.4969,97.4969,177,0,0,0,10,2,-8.31992,52,1.5
4200008996,81.6286,0,0,-81.6286,81.6286,67,0,0,0,10,6,1.5,16.3339,1.5
4200009022,83.8602,0,0,-83.8602,83.8602,93,0,0,0,10,7,12.3793,24.5,1.5
4200009023,83.4099,0,0,-83.4099,83.4099,94,0,0,0,10,19,13.3718,22.6282,1.5
4200009030,83.8028,0,0,-83.8028,83.8028,101,0,0,0,10,9,1.1767,27.6767,1.5
4200009037,84.2919,0,0,-84.2919,84.2919,108,0,0,0,10,1,-12,27.3705,1.5
4200009045,85.195,0,0,-85.195,85.195,116,0,0,0,10,16,5.07521,32.5752,1.5
4200009085,97.202,0,0,-97.202,97.202,156,0,0,0,10,13,16.1192,41.1192,1.5
4200009092,95.1304,0,0,-95.1304,95.1304,163,0,0,0,10,20,9.98773,45.4877,1.5
4200009103,94.9408,0,0,-94.9408,94.9408,174,0,0,0,10,5,-22,44.4679,1.5
4200009141,99.4357,0,0,-99.4357,99.4357,212,0,0,0,10,3,-18.9838,59.5,1.5
4200009145,99.5593,0,0,-99.5593,99.5593,216,0,0,0,10,17,28.5,55.6788,1.5
4200009146,97.3403,0,0,-97.3403,97.3403,217,0,0,0,10,11,12.5,61.4652,1.5
4200009169,96.0468,0,0,-96.0468,96.0468,240,0,0,0,10,10,-1,69.5136,1.5
4200009171,101.147,0,0,-101.147,101.147,242,0,0,0,10,8,-22.5,66.5687,1.5
4200009178,103.506,0,0,-103.506,103.506,249,0,0,0,10,18,31.2408,65.2408,1.5
4200009179,104.15,0,0,-104.15,104.15,250,0,0,0,10,15,23.6665,68.6665,1.5
4200009180,100.588,0,0,-100.588,100.588,251,0,0,0,10,12,-15.5,71.249,1.5
4200009182,100.529,0,0,-100.529,100.529,253,0,0,0,10,14,-25.8678,68.8678,1.5
4216732386,104.15,0,0,-104.15,104.15,250,15,23.6665,68.6665,1.5,0,0,0,10
4217857348,99.4357,0,0,-99.4357,99.4357,212,3,-18.9838,59.5,1.5,0,0,0,10
4218857387,100.588,0,0,-100.588,100.588,251,12,-15.5,71.249,1.5,0,0,0,10
4219607352,99.5593,0,0,-99.5593,99.5593,216,17,28.5,55.6788,1.5,0,0,0,10
4219982376,96.0468,0,0,-96.0468,96.0468,240,10,-1,69.5136,1.5,0,0,0,10
4220732252,85.195,0,0,-85.195,85.195,116,16,5.07521,32.5752,1.5,0,0,0,10
4221982378,101.147,0,0,-101.147,101.147,242,8,-22.5,66.5687,1.5,0,0,0,10
4222232230,83.4099,0,0,-83.4099,83.4099,94,19,13.3718,22.6282,1.5,0,0,0,10
4222357237,83.8028,0,0,-83.8028,83.8028,101,9,1.1767,27.6767,1.5,0,0,0,10
4222973313,84.3392,0,0,-84.3392,84.3392,105,4,-15.9098,27.9098,1.5,0,0,0,10
4222982244,84.2919,0,0,-84.2919,84.2919,108,1,-12,27.3705,1.5,0,0,0,10
4223482385,103.506,0,0,-103.506,103.506,249,18,31.2408,65.2408,1.5,0,0,0,10
4223732310,94.9408,0,0,-94.9408,94.9408,174,5,-22,44.4679,1.5,0,0,0,10
4223732389,100.529,0,0,-100.529,100.529,253,14,-25.8678,68.8678,1.5,0,0,0,10
4223973385,97.4969,0,0,-97.4969,97.4969,177,2,-8.31992,52,1.5,0,0,0,10
4224732353,97.3403,0,0,-97.3403,97.3403,217,11,12.5,61.4652,1.5,0,0,0,10
4226107229,83.8602,0,0,-83.8602,83.8602,93,7,12.3793,24.5,1.5,0,0,0,10
4226357299,95.1304,0,0,-95.1304,95.1304,163,20,9.98773,45.4877,1.5,0,0,0,10
4228607203,81.6286,0,0,-81.6286,81.6286,67,6,1.5,16.3339,1.5,0,0,0,10
4230857292,97.202,0,0,-97.202,97.202,156,13,16.1192,41.1192,1.5,0,0,0,10
4250000105,84.3392,0,0,-84.3392,84.3392,105,0,0,0,10,4,-15.9098,27.9098,1.5
4250000177,97.4969,0,0,-97.4969,97.4969,177,0,0,0,10,2,-8.31992,52,1.5
4250008996,81.6286,0,0,-81.6286,81.6286,67,0,0,0,10,6,1.5,16.3339,1.5
4250009022,83.8602,0,0,-83.8602,83.8602,93,0,0,0,10,7,12.3793,24.5,1.5
4250009023,83.4099,0,0,-83.4099,83.4099,94,0,0,0,10,19,13.3718,22.6282,1.5
4250009030,83.8028,0,0,-83.8028,83.8028,101,0,0,0,10,9,1.1767,27.6767,1.5
4250009037,84.2919,0,0,-84.2919,84.2919,108,0,0,0,10,1,-12,27.3705,1.5
4250009045,85.195,0,0,-85.195,85.195,116,0,0,0,10,16,5.07521,32.5752,1.5
4250009085,97.202,0,0,-97.202,97.202,156,0,0,0,10,13,16.1192,41.1192,1.5
4250009092,95.1304,0,0,-95.1304,95.1304,163,0,0,0,10,20,9.98773,45.4877,1.5
4250009103,94.9408,0,0,-94.9408,94.9408,174,0,0,0,10,5,-22,44.4679,1.5
4250009141,99.4357,0,0,-99.4357,99.4357,212,0,0,0,10,3,-18.9838,59.5,1.5
4250009145,99.5593,0,0,-99.5593,99.5593,216,0,0,0,10,17,28.5,55.6788,1.5
4250009146,97.3403,0,0,-97.3403,97.3403,217,0,0,0,10,11,12.5,61.4652,1.5
4250009169,96.0468,0,0,-96.0468,96.0468,240,0,0,0,10,10,-1,69.5136,1.5
4250009171,101.147,0,0,-101.147,101.147,242,0,0,0,10,8,-22.5,66.5687,1.5
4250009178,103.506,0,0,-103.506,103.506,249,0,0,0,10,18,31.2408,65.2408,1.5
4250009179,104.15,0,0,-104.15,104.15,250,0,0,0,10,15,23.6665,68.6665,1.5
4250009180,100.588,0,0,-100.588,100.588,251,0,0,0,10,12,-15.5,71.249,1.5
4250009182,100.529,0,0,-100.529,100.529,253,0,0,0,10,14,-25.8678,68.8678,1.5
4266732386,104.15,0,0,-104.15,104.15,250,15,23.6665,68.6665,1.5,0,0,0,10
4267857348,99.4357,0,0,-99.4357,99.4357,212,3,-18.9838,59.5,1.5,0,0,0,10
4268857387,100.588,0,0,-100.588,100.588,251,12,-15.5,71.249,1.5,0,0,0,10
4269607352,99.5593,0,0,-99.5593,99.5593,216,17,28.5,55.6788,1.5,0,0,0,10
4269982376,96.0468,0,0,-96.0468,96.0468,240,10,-1,69.5136,1.5,0,0,0,10
4270732252,85.195,0,0,-85.195,85.195,116,16,5.07521,32.5752,1.5,0,0,0,10
4271982378,101.147,0,0,-101.147,101.147,242,8,-22.5,66.5687,1.5,0,0,0,10
4272232230,83.4099,0,0,-83.4099,83.4099,94,19,13.3718,22.6282,1.5,0,0,0,10
4272357237,83.8028,0,0,-83.8028,83.8028,101,9,1.1767,27.6767,1.5,0,0,0,10
4272973313,84.3392,0,0,-84.3392,84.3392,105,4,-15.9098,27.9098,1.5,0,0,0,10
4273107244,84.2919,0,0,-84.2919,84.2919,108,1,-12,27.3705,1.5,0,0,0,10
4273482385,103.506,0,0,-103.506,103.506,249,18,31.2408,65.2408,1.5,0,0,0,10
4273732310,94.9408,0,0,-94.9408,94.9408,174,5,-22,44.4679,1.5,0,0,0,10
4273732389,100.529,0,0,-100.529,100.529,253,14,-25.8678,68.8678,1.5,0,0,0,10
4273973385,97.4969,0,0,-97.4969,97.4969,177,2,-8.31992,52,1.5,0,0,0,10
4274732353,97.3403,0,0,-97.3403,97.3403,217,11,12.5,61.4652,1.5,0,0,0,10
4276107229,83.8602,0,0,-83.8602,83.8602,93,7,12.3793,24.5,1.5,0,0,0,10
4276357299,95.1304,0,0,-95.1304,95.1304,163,20,9.98773,45.4877,1.5,0,0,0,10
4278607203,81.6286,0,0,-81.6286,81.6286,67,6,1.5,16.3339,1.5,0,0,0,10
4280857292,97.202,0,0,-97.202,97.202,156,13,16.1192,41.1192,1.5,0,0,0,10
4300000105,84.3392,0,0,-84.3392,84.3392,105,0,0,0,10,4,-16.0159,28.0159,1.5
4300000177,97.4969,0,0,-97.4969,97.4969,177,0,0,0,10,2,-8.46992,52,1.5
4300008996,81.6286,0,0,-81.6286,81.6286,67,0,0,0,10,6,1.5,16.1839,1.5
4300009022,83.8602,0,0,-83.8602,83.8602,93,0,0,0,10,7,12.5293,24.5,1.5
4300009023,83.4099,0,0,-83.4099,83.4099,94,0,0,0,10,19,13.4779,22.5221,1.5
4300009030,83.8028,0,0,-83.8028,83.8028,101,0,0,0,10,9,1.07064,27.5706,1.5
4300009037,84.2919,0,0,-84.2919,84.2919,108,0,0,0,10,1,-12,27.2205,1.5
4300009045,85.195,0,0,-85.195,85.195,116,0,0,0,10,16,4.95636,32.5,1.5
4300009085,97.202,0,0,-97.202,97.202,156,0,0,0,10,13,16.0132,41.0132,1.5
4300009092,95.1304,0,0,-95.1304,95.1304,163,0,0,0,10,20,9.88166,45.3817,1.5
4300009103,94.9408,0,0,-94.9408,94.9408,174,0,0,0,10,5,-22,44.3179,1.5
4300009141,99.4357,0,0,-99.4357,99.4357,212,0,0,0,10,3,-18.8338,59.5,1.5
4300009145,99.5593,0,0,-99.5593,99.5593,216,0,0,0,10,17,28.5,55.5288,1.5
4300009146,97.3403,0,0,-97.3403,97.3403,217,0,0,0,10,11,12.5,61.3152,1.5
4300009169,96.0468,0,0,-96.0468,96.0468,240,0,0,0,10,10,-1,69.3636,1.5
4300009171,101.147,0,0,-101.147,101.147,242,0,0,0,10,8,-22.5,66.4187,1.5
4300009178,103.506,0,0,-103.506,103.506,249,0,0,0,10,18,31.1347,65.1347,1.5
4300009179,104.15,0,0,-104.15,104.15,250,0,0,0,10,15,23.5605,68.5605,1.5
4300009180,100.588,0,0,-100.588,100.588,251,0,0,0,10,12,-15.5,71.099,1.5
4300009182,100.529,0,0,-100.529,100.529,253,0,0,0,10,14,-25.7617,68.7617,1.5
4316732386,104.15,0,0,-104.15,104.15,250,15,23.5605,68.5605,1.5,0,0,0,10
4317857348,99.4357,0,0,-99.4357,99.4357,212,3,-18.8338,59.5,1.5,0,0,0,10
4318857387,100.588,0,0,-100.588,100.588,251,12,-15.5,71.099,1.5,0,0,0,10
4319607352,99.5593,0,0,-99.5593,99.5593,216,17,28.5,55.5288,1.5,0,0,0,10
4319982376,96.0468,0,0,-96.0468,96.0468,240,10,-1,69.3636,1.5,0,0,0,10
4320732252,85.195,0,0,-85.195,85.195,116,16,4.95636,32.5,1.5,0,0,0,10
4321982378,101.147,0,0,-101.147,101.147,242,8,-22.5,66.4187,1.5,0,0,0,10
4322232230,83.4099,0,0,-83.4099,83.4099,94,19,13.4779,22.5221,1.5,0,0,0,10
4322357237,83.8028,0,0,-83.8028,83.8028,101,9,1.07064,27.5706,1.5,0,0,0,10
4322973313,84.3392,0,0,-84.3392,84.3392,105,4,-16.0159,28.0159,1.5,0,0,0,10
4323107244,84.2919,0,0,-84.2919,84.2919,108,1,-12,27.2205,1.5,0,0,0,10
4323482385,103.506,0,0,-103.506,103.506,249,18,31.1347,65.1347,1.5,0,0,0,10
4323732310,94.9408,0,0,-94.9408,94.9408,174,5,-22,44.3179,1.5,0,0,0,10
4323732389,100.529,0,0,-100.529,100.529,253,14,-25.7617,68.7617,1.5,0,0,0,10
4323973385,97.4969,0,0,-97.4969,97.4969,177,2,-8.46992,52,1.5,0,0,0,10
4324732353,97.3403,0,0,-97.3403,97.3403,217,11,12.5,61.3152,1.5,0,0,0,10
4326232229,83.8602,0,0,-83.8602,83.8602,93,7,12.5293,24.5,1.5,0,0,0,10
4326357299,95.1304,0,0,-95.1304,95.1304,163,20,9.88166,45.3817,1.5,0,0,0,10
4328607203,81.6286,0,0,-81.6286,81.6286,67,6,1.5,16.1839,1.5,0,0,0,10
4331598364,97.202,0,0,-97.202,97.202,156,13,16.0132,41.0132,1.5,0,0,0,10
4350000105,84.3392,0,0,-84.3392,84.3392,105,0,0,0,10,4,-16.0159,28.0159,1.5
4350000177,97.4969,0,0,-97.4969,97.4969,177,0,0,0,10,2,-8.46992,52,1.5
4350008996,81.6286,0,0,-81.6286,81.6286,67,0,0,0,10,6,1.5,16.1839,1.5
4350009022,83.8602,0,0,-83.8602,83.8602,93,0,0,0,10,7,12.5293,24.5,1.5
4350009023,83.4099,0,0,-83.4099,83.4099,94,0,0,0,10,19,13.4779,22.5221,1.5
4350009030,83.8028,0,0,-83.8028,83.8028,101,0,0,0,10,9,1.07064,27.5706,1.5
4350009037,84.2919,0,0,-84.2919,84.2919,108,0,0,0,10,1,-12,27.2205,1.5
4350009045,85.195,0,0,-85.195,85.195,116,0,0,0,10,16,4.95636,32.5,1.5
4350009085,97.202,0,0,-97.202,97.202,156,0,0,0,10,13,16.0132,41.0132,1.5
4350009092,95.1304,0,0,-95.1304,95.1304,163,0,0,0,10,20,9.88166,45.3817,1.5
4350009103,94.9408,0,0,-94.9408,94.9408,174,0,0,0,10,5,-22,44.3179,1.5
4350009141,99.4357,0,0,-99.4357,99.4357,212,0,0,0,10,3,-18.8338,59.5,1.5
4350009145,99.5593,0,0,-99.5593,99.5593,216,0,0,0,10,17,28.5,55.5288,1.5
4350009146,97.3403,0,0,-97.3403,97.3403,217,0,0,0,10,11,12.5,61.3152,1.5
4350009169,96.0468,0,0,-96.0468,96.0468,240,0,0,0,10,10,-1,69.3636,1.5
4350009171,101.147,0,0,-101.147,101.147,242,0,0,0,10,8,-22.5,66.4187,1.5
4350009178,103.506,0,0,-103.506,103.506,249,0,0,0,10,18,31.1347,65.1347,1.5
4350009179,104.15,0,0,-104.15,104.15,250,0,0,0,10,15,23.5605,68.5605,1.5
4350009180,100.588,0,0,-100.588,100.588,251,0,0,0,10,12,-15.5,71.099,1.5
4350009182,100.529,0,0,-100.529,100.529,253,0,0,0,10,14,-25.7617,68.7617,1.5
4366732386,104.15,0,0,-104.15,104.15,250,15,23.5605,68.5605,1.5,0,0,0,10
4367857348,99.4357,0,0,-99.4357,99.4357,212,3,-18.8338,59.5,1.5,0,0,0,10
4368857387,100.588,0,0,-100.588,100.588,251,12,-15.5,71.099,1.5,0,0,0,10
4369607352,99.5593,0,0,-99.5593,99.5593,216,17,28.5,55.5288,1.5,0,0,0,10
4369982376,96.0468,0,0,-96.0468,96.0468,240,10,-1,69.3636,1.5,0,0,0,10
4370732252,85.195,0,0,-85.195,85.195,116,16,4.95636,32.5,1.5,0,0,0,10
4371982378,101.147,0,0,-101.147,101.147,242,8,-22.5,66.4187,1.5,0,0,0,10
4372232230,83.4099,0,0,-83.4099,83.4099,94,19,13.4779,22.5221,1.5,0,0,0,10
4372357237,83.8028,0,0,-83.8028,83.8028,101,9,1.07064,27.5706,1.5,0,0,0,10
4372973313,84.3392,0,0,-84.3392,84.3392,105,4,-16.0159,28.0159,1.5,0,0,0,10
4373107244,84.2919,0,0,-84.2919,84.2919,108,1,-12,27.2205,1.5,0,0,0,10
4373482385,103.506,0,0,-103.506,103.506,249,18,31.1347,65.1347,1.5,0,0,0,10
4373857310,94.9408,0,0,-94.9408,94.9408,174,5,-22,44.3179,1.5,0,0,0,10
4373973385,97.4969,0,0,-97.4969,97.4969,177,2,-8.46992,52,1.5,0,0,0,10
4374348462,100.529,0,0,-100.529,100.529,253,14,-25.7617,68.7617,1.5,0,0,0,10
4374732353,97.3403,0,0,-97.3403,97.3403,217,11,12.5,61.3152,1.5,0,0,0,10
4376357229,83.8602,0,0,-83.8602,83.8602,93,7,12.5293,24.5,1.5,0,0,0,10
4376357299,95.1304,0,0,-95.1304,95.1304,163,20,9.88166,45.3817,1.5,0,0,0,10
4378857203,81.6286,0,0,-81.6286,81.6286,67,6,1.5,16.1839,1.5,0,0,0,10
4381598364,97.202,0,0,-97.202,97.202,156,13,16.0132,41.0132,1.5,0,0,0,10
4400000105,84.3392,0,0,-84.3392,84.3392,105,0,0,0,10,4,-16.1219,28.1219,1.5
4400000177,97.4969,0,0,-97.4969,97.4969,177,0,0,0,10,2,-8.61992,52,1.5
4400008996,81.6286,0,0,-81.6286,81.6286,67,0,0,0,10,6,1.5,16.0339,1.5
4400009022,83.8602,0,0,-83.8602,83.8602,93,0,0,0,10,7,12.6793,24.5,1.5
4400009023,83.4099,0,0,-83.4099,83.4099,94,0,0,0,10,19,13.5839,22.4161,1.5
4400009030,83.8028,0,0,-83.8028,83.8028,101,0,0,0,10,9,0.964571,27.4646,1.5
4400009037,84.2919,0,0,-84.2919,84.2919,108,0,0,0,10,1,-12,27.0705,1.5
4400009045,85.195,0,0,-85.195,85.195,116,0,0,0,10,16,4.80636,32.5,1.5
4400009085,97.202,0,0,-97.202,97.202,156,0,0,0,10,13,15.9071,40.9071,1.5
4400009092,95.1304,0,0,-95.1304,95.1304,163,0,0,0,10,20,9.7756,45.2756,1.5
4400009103,94.9408,0,0,-94.9408,94.9408,174,0,0,0,10,5,-22,44.1679,1.5
4400009141,99.4357,0,0,-99.4357,99.4357,212,0,0,0,10,3,-18.6838,59.5,1.5
4400009145,99.5593,0,0,-99.5593,99.5593,216,0,0,0,10,17,28.5,55.3788,1.5
4400009146,97.3403,0,0,-97.3403,97.3403,217,0,0,0,10,11,12.5,61.1652,1.5
4400009169,96.0468,0,0,-96.0468,96.0468,240,0,0,0,10,10,-1,69.2136,1.5
4400009171,101.147,0,0,-101.147,101.147,242,0,0,0,10,8,-22.5,66.2687,1.5
4400009178,103.506,0,0,-103.506,103.506,249,0,0,0,10,18,31.0286,65.0286,1.5
4400009179,104.15,0,0,-104.15,104.15,250,0,0,0,10,15,23.4544,68.4544,1.5
4400009180,100.588,0,0,-100.588,100.588,251,0,0,0,10,12,-15.5,70.949,1.5
4400009182,100.529,0,0,-100.529,100.529,253,0,0,0,10,14,-25.6557,68.6557,1.5
4416732386,104.15,0,0,-104.15,104.15,250,15,23.4544,68.4544,1.5,0,0,0,10
4417857348,99.4357,0,0,-99.4357,99.4357,212,3,-18.6838,59.5,1.5,0,0,0,10
4418857387,100.588,0,0,-100.588,100.588,251,12,-15.5,70.949,1.5,0,0,0,10
4419607352,99.5593,0,0,-99.5593,99.5593,216,17,28.5,55.3788,1.5,0,0,0,10
4419982376,96.0468,0,0,-96.0468,96.0468,240,10,-1,69.2136,1.5,0,0,0,10
4420732252,85.195,0,0,-85.195,85.195,116,16,4.80636,32.5,1.5,0,0,0,10
4421982378,101.147,0,0,-101.147,101.147,242,8,-22.5,66.2687,1.5,0,0,0,10
4422232230,83.4099,0,0,-83.4099,83.4099,94,19,13.5839,22.4161,1.5,0,0,0,10
4422357237,83.8028,0,0,-83.8028,83.8028,101,9,0.964571,27.4646,1.5,0,0,0,10
4422973313,84.3392,0,0,-84.3392,84.3392,105,4,-16.1219,28.1219,1.5,0,0,0,10
4423357244,84.2919,0,0,-84.2919,84.2919,108,1,-12,27.0705,1.5,0,0,0,10
4423482385,103.506,0,0,-103.506,103.506,249,18,31.0286,65.0286,1.5,0,0,0,10
4423857310,94.9408,0,0,-94.9408,94.9408,174,5,-22,44.1679,1.5,0,0,0,10
4423973385,97.4969,0,0,-97.4969,97.4969,177,2,-8.61992,52,1.5,0,0,0,10
4424732353,97.3403,0,0,-97.3403,97.3403,217,11,12.5,61.1652,1.5,0,0,0,10
4424732389,100.529,0,0,-100.529,100.529,253,14,-25.6557,68.6557,1.5,0,0,0,10
4426357299,95.1304,0,0,-95.1304,95.1304,163,20,9.7756,45.2756,1.5,0,0,0,10
4426607229,83.8602,0,0,-83.8602,83.8602,93,7,12.6793,24.5,1.5,0,0,0,10
4428857203,81.6286,0,0,-81.6286,81.6286,67,6,1.5,16.0339,1.5,0,0,0,10
4431598364,97.202,0,0,-97.202,97.202,156,13,15.9071,40.9071,1.5,0,0,0,10
4450000105,84.3392,0,0,-84.3392,84.3392,105,0,0,0,10,4,-16.1219,28.1219,1.5
4450000177,97.4969,0,0,-97.4969,97.4969,177,0,0,0,10,2,-8.61992,52,1.5
4450008996,81.6286,0,0,-81.6286,81.6286,67,0,0,0,10,6,1.5,16.0339,1.5
4450009022,83.8602,0,0,-83.8602,83.8602,93,0,0,0,10,7,12.6793,24.5,1.5
4450009023,83.4099,0,0,-83.4099,83.4099,94,0,0,0,10,19,13.5839,22.4161,1.5
4450009030,83.8028,0,0,-83.8028,83.8028,101,0,0,0,10,9,0.964571,27.4646,1.5
4450009037,84.2919,0,0,-84.2919,84.2919,108,0,0,0,10,1,-12,27.0705,1.5
4450009045,85.195,0,0,-85.195,85.195,116,0,0,0,10,16,4.80636,32.5,1.5
4450009085,97.202,0,0,-97.202,97.202,156,0,0,0,10,13,15.9071,40.9071,1.5
4450009092,95.1304,0,0,-95.1304,95.1304,163,0,0,0,10,20,9.7756,45.2756,1.5
4450009103,94.9408,0,0,-94.9408,94.9408,174,0,0,0,10,5,-22,44.1679,1.5
4450009141,99.4357,0,0,-99.4357,99.4357,212,0,0,0,10,3,-18.6838,59.5,1.5
4450009145,99.5593,0,0,-99.5593,99.5593,216,0,0,0,10,17,28.5,55.3788,1.5
4450009146,97.3403,0,0,-97.3403,97.3403,217,0,0,0,10,11,12.5,61.1652,1.5
4450009169,96.0468,0,0,-96.0468,96.0468,240,0,0,0,10,10,-1,69.2136,1.5
4450009171,101.147,0,0,-101.147,101.147,242,0,0,0,10,8,-22.5,66.2687,1.5
4450009178,103.506,0,0,-103.506,103.506,249,0,0,0,10,18,31.0286,65.0286,1.5
4450009179,104.15,0,0,-104.15,104.15,250,0,0,0,10,15,23.4544,68.4544,1.5
4450009180,100.588,0,0,-100.588,100.588,251,0,0,0,10,12,-15.5,70.949,1.5
4450009182,100.529,0,0,-100.529,100.529,253,0,0,0,10,14,-25.6557,68.6557,1.5
4466732386,104.15,0,0,-104.15,104.15,250,15,23.4544,68.4544,1.5,0,0,0,10
4467857348,99.4357,0,0,-99.4357,99.4357,212,3,-18.6838,59.5,1.5,0,0,0,10
4468857387,100.588,0,0,-100.588,100.588,251,12,-15.5,70.949,1.5,0,0,0,10
4469607352,99.5593,0,0,-99.5593,99.5593,216,17,28.5,55.3788,1.5,0,0,0,10
4469982376,96.0468,0,0,-96.0468,96.0468,240,10,-1,69.2136,1.5,0,0,0,10
4470732252,85.195,0,0,-85.195,85.195,116,16,4.80636,32.5,1.5,0,0,0,10
4471982378,101.147,0,0,-101.147,101.147,242,8,-22.5,66.2687,1.5,0,0,0,10
4472232230,83.4099,0,0,-83.4099,83.4099,94,19,13.5839,22.4161,1.5,0,0,0,10
4472357237,83.8028,0,0,-83.8028,83.8028,101,9,0.964571,27.4646,1.5,0,0,0,10
4472973313,84.3392,0,0,-84.3392,84.3392,105,4,-16.1219,28.1219,1.5,0,0,0,10
4473357244,84.2919,0,0,-84.2919,84.2919,108,1,-12,27.0705,1.5,0,0,0,10
4473482385,103.506,0,0,-103.506,103.506,249,18,31.0286,65.0286,1.5,0,0,0,10
4473857310,94.9408,0,0,-94.9408,94.9408,174,5,-22,44.1679,1.5,0,0,0,10
4473973385,97.4969,0,0,-97.4969,97.4969,177,2,-8.61992,52,1.5,0,0,0,10
4474732353,97.3403,0,0,-97.3403,97.3403,217,11,12.5,61.1652,1.5,0,0,0,10
4474732389,100.529,0,0,-100.529,100.529,253,14,-25.6557,68.6557,1.5,0,0,0,10
4476357299,95.1304,0,0,-95.1304,95.1304,163,20,9.7756,45.2756,1.5,0,0,0,10
4476982229,83.8602,0,0,-83.8602,83.8602,93,7,12.6793,24.5,1.5,0,0,0,10
4478857203,81.6286,0,0,-81.6286,81.6286,67,6,1.5,16.0339,1.5,0,0,0,10
4481598364,97.202,0,0,-97.202,97.202,156,13,15.9071,40.9071,1.5,0,0,0,10
4500000105,84.3392,0,0,-84.3392,84.3392,105,0,0,0,10,4,-16.228,28.228,1.5
4500000177,97.4969,0,0,-97.4969,97.4969,177,0,0,0,10,2,-8.76992,52,1.5
4500008996,81.6286,0,0,-81.6286,81.6286,67,0,0,0,10,6,1.5,15.8839,1.5
4500009022,83.8602,0,0,-83.8602,83.8602,93,0,0,0,10,7,12.8293,24.5,1.5
4500009023,83.4099,0,0,-83.4099,83.4099,94,0,0,0,10,19,13.69,22.31,1.5
4500009030,83.8028,0,0,-83.8028,83.8028,101,0,0,0,10,9,0.858505,27.3585,1.5
4500009037,84.2919,0,0,-84.2919,84.2919,108,0,0,0,10,1,-12,26.9205,1.5
4500009045,85.195,0,0,-85.195,85.195,116,0,0,0,10,16,4.65636,32.5,1.5
4500009085,97.202,0,0,-97.202,97.202,156,0,0,0,10,13,15.801,40.801,1.5
4500009092,95.1304,0,0,-95.1304,95.1304,163,0,0,0,10,20,9.66953,45.1695,1.5
4500009103,94.9408,0,0,-94.9408,94.9408,174,0,0,0,10,5,-22,44.0179,1.5
4500009141,99.4357,0,0,-99.4357,99.4357,212,0,0,0,10,3,-18.5338,59.5,1.5
4500009145,99.5593,0,0,-99.5593,99.5593,216,0,0,0,10,17,28.5,55.2288,1.5
4500009146,97.3403,0,0,-97.3403,97.3403,217,0,0,0,10,11,12.5,61.0152,1.5
4500009169,96.0468,0,0,-96.0468,96.0468,240,0,0,0,10,10,-1,69.0636,1.5
4500009171,101.147,0,0,-101.147,101.147,242,0,0,0,10,8,-22.5,66.1187,1.5
4500009178,103.506,0,0,-103.506,103.506,249,0,0,0,10,18,30.9226,64.9226,1.5
4500009179,104.15,0,0,-104.15,104.15,250,0,0,0,10,15,23.3483,68.3483,1.5
4500009180,100.588,0,0,-100.588,100.588,251,0,0,0,10,12,-15.5,70.799,1.5
4500009182,100.529,0,0,-100.529,100.529,253,0,0,0,10,14,-25.5496,68.5496,1.5
4516732386,104.15,0,0,-104.15,104.15,250,15,23.3483,68.3483,1.5,0,0,0,10
4518857387,100.588,0,0,-100.588,100.588,251,12,-15.5,70.799,1.5,0,0,0,10
4519982376,96.0468,0,0,-96.0468,96.0468,240,10,-1,69.0636,1.5,0,0,0,10
4521982378,101.147,0,0,-101.147,101.147,242,8,-22.5,66.1187,1.5,0,0,0,10
4522973313,84.3392,0,0,-84.3392,84.3392,105,4,-16.228,28.228,1.5,0,0,0,10
4523482385,103.506,0,0,-103.506,103.506,249,18,30.9226,64.9226,1.5,0,0,0,10
4523973385,97.4969,0,0,-97.4969,97.4969,177,2,-8.76992,52,1.5,0,0,0,10
4524732353,97.3403,0,0,-97.3403,97.3403,217,11,12.5,61.0152,1.5,0,0,0,10
4526348461,100.529,0,0,-100.529,100.529,253,14,-25.5496,68.5496,1.5,0,0,0,10
4526357299,95.1304,0,0,-95.1304,95.1304,163,20,9.66953,45.1695,1.5,0,0,0,10
4527723420,99.4357,0,0,-99.4357,99.4357,212,3,-18.5338,59.5,1.5,0,0,0,10
4527848309,83.8028,0,0,-83.8028,83.8028,101,9,0.858505,27.3585,1.5,0,0,0,10
4529348424,99.5593,0,0,-99.5593,99.5593,216,17,28.5,55.2288,1.5,0,0,0,10
4530598324,85.195,0,0,-85.195,85.195,116,16,4.65636,32.5,1.5,0,0,0,10
4530973301,83.8602,0,0,-83.8602,83.8602,93,7,12.8293,24.5,1.5,0,0,0,10
4531223316,84.2919,0,0,-84.2919,84.2919,108,1,-12,26.9205,1.5,0,0,0,10
4531348382,94.9408,0,0,-94.9408,94.9408,174,5,-22,44.0179,1.5,0,0,0,10
4531598364,97.202,0,0,-97.202,97.202,156,13,15.801,40.801,1.5,0,0,0,10
4532098302,83.4099,0,0,-83.4099,83.4099,94,19,13.69,22.31,1.5,0,0,0,10
4535223275,81.6286,0,0,-81.6286,81.6286,67,6,1.5,15.8839,1.5,0,0,0,10
4550000105,84.3392,0,0,-84.3392,84.3392,105,0,0,0,10,4,-16.228,28.228,1.5
4550000177,97.4969,0,0,-97.4969,97.4969,177,0,0,0,10,2,-8.76992,52,1.5
4550008996,81.6286,0,0,-81.6286,81.6286,67,0,0,0,10,6,1.5,15.8839,1.5
4550009022,83.8602,0,0,-83.8602,83.8602,93,0,0,0,10,7,12.8293,24.5,1.5
4550009023,83.4099,0,0,-83.4099,83.4099,94,0,0,0,10,19,13.69,22.31,1.5
4550009030,83.8028,0,0,-83.8028,83.8028,101,0,0,0,10,9,0.858505,27.3585,1.5
4550009037,84.2919,0,0,-84.2919,84.2919,108,0,0,0,10,1,-12,26.9205,1.5
4550009045,85.195,0,0,-85.195,85.195,116,0,0,0,10,16,4.65636,32.5,1.5
4550009085,97.202,0,0,-97.202,97.202,156,0,0,0,10,13,15.801,40.801,1.5
4550009092,95.1304,0,0,-95.1304,95.1304,163,0,0,0,10,20,9.66953,45.1695,1.5
4550009103,94.9408,0,0,-94.9408,94.9408,174,0,0,0,10,5,-22,44.0179,1.5
4550009141,99.4357,0,0,-99.4357,99.4357,212,0,0,0,10,3,-18.5338,59.5,1.5
4550009145,99.5593,0,0,-99.5593,99.5593,216,0,0,0,10,17,28.5,55.2288,1.5
4550009146,97.3403,0,0,-97.3403,97.3403,217,0,0,0,10,11,12.5,61.0152,1.5
4550009169,96.0468,0,0,-96.0468,96.0468,240,0,0,0,10,10,-1,69.0636,1.5
4550009171,101.147,0,0,-101.147,101.147,242,0,0,0,10,8,-22.5,66.1187,1.5
4550009178,103.506,0,0,-103.506,103.506,249,0,0,0,10,18,30.9226,64.9226,1.5
4550009179,104.15,0,0,-104.15,104.15,250,0,0,0,10,15,23.3483,68.3483,1.5
4550009180,100.588,0,0,-100.588,100.588,251,0,0,0,10,12,-15.5,70.799,1.5
4550009182,100.529,0,0,-100.529,100.529,253,0,0,0,10,14,-25.5496,68.5496,1.5
4566732386,104.15,0,0,-104.15,104.15,250,15,23.3483,68.3483,1.5,0,0,0,10
4568857387,100.588,0,0,-100.588,100.588,251,12,-15.5,70.799,1.5,0,0,0,10
4569982376,96.0468,0,0,-96.0468,96.0468,240,10,-1,69.0636,1.5,0,0,0,10
4571982378,101.147,0,0,-101.147,101.147,242,8,-22.5,66.1187,1.5,0,0,0,10
4572973313,84.3392,0,0,-84.3392,84.3392,105,4,-16.228,28.228,1.5,0,0,0,10
4573482385,103.506,0,0,-103.506,103.506,249,18,30.9226,64.9226,1.5,0,0,0,10
4573973385,97.4969,0,0,-97.4969,97.4969,177,2,-8.76992,52,1.5,0,0,0,10
4574732353,97.3403,0,0,-97.3403,97.3403,217,11,12.5,61.0152,1.5,0,0,0,10
4576348461,100.529,0,0,-100.529,100.529,253,14,-25.5496,68.5496,1.5,0,0,0,10
4576357299,95.1304,0,0,-95.1304,95.1304,163,20,9.66953,45.1695,1.5,0,0,0,10
4577723420,99.4357,0,0,-99.4357,99.4357,212,3,-18.5338,59.5,1.5,0,0,0,10
4577848309,83.8028,0,0,-83.8028,83.8028,101,9,0.858505,27.3585,1.5,0,0,0,10
4579348424,99.5593,0,0,-99.5593,99.5593,216,17,28.5,55.2288,1.5,0,0,0,10
4580598324,85.195,0,0,-85.195,85.195,116,16,4.65636,32.5,1.5,0,0,0,10
4580973301,83.8602,0,0,-83.8602,83.8602,93,7,12.8293,24.5,1.5,0,0,0,10
4581223316,84.2919,0,0,-84.2919,84.2919,108,1,-12,26.9205,1.5,0,0,0,10
4581348382,94.9408,0,0,-94.9408,94.9408,174,5,-22,44.0179,1.5,0,0,0,10
4581598364,97.202,0,0,-97.202,97.202,156,13,15.801,40.801,1.5,0,0,0,10
4582098302,83.4099,0,0,-83.4099,83.4099,94,19,13.69,22.31,1.5,0,0,0,10
4585223275,81.6286,0,0,-81.6286,81.6286,67,6,1.5,15.8839,1.5,0,0,0,10
4600000105,84.3392,0,0,-84.3392,84.3392,105,0,0,0,10,4,-16.3341,28.3341,1.5
4600000177,97.4969,0,0,-97.4969,97.4969,177,0,0,0,10,2,-8.91992,52,1.5
4600008996,81.6286,0,0,-81.6286,81.6286,67,0,0,0,10,6,1.5,15.7339,1.5
4600009022,83.8602,0,0,-83.8602,83.8602,93,0,0,0,10,7,12.9793,24.5,1.5
4600009023,83.4099,0,0,-83.4099,83.4099,94,0,0,0,10,19,13.7961,22.2039,1.5
4600009030,83.8028,0,0,-83.8028,83.8028,101,0,0,0,10,9,0.752439,27.2524,1.5
4600009037,84.2919,0,0,-84.2919,84.2919,108,0,0,0,10,1,-12,26.7705,1.5
4600009045,85.195,0,0,-85.195,85.195,116,0,0,0,10,16,4.50636,32.5,1.5
4600009085,97.202,0,0,-97.202,97.202,156,0,0,0,10,13,15.695,40.695,1.5
4600009092,95.1304,0,0,-95.1304,95.1304,163,0,0,0,10,20,9.56347,45.0635,1.5
4600009103,94.9408,0,0,-94.9408,94.9408,174,0,0,0,10,5,-22,43.8679,1.5
4600009141,99.4357,0,0,-99.4357,99.4357,212,0,0,0,10,3,-18.3838,59.5,1.5
4600009145,99.5593,0,0,-99.5593,99.5593,216,0,0,0,10,17,28.5,55.0788,1.5
4600009146,97.3403,0,0,-97.3403,97.3403,217,0,0,0,10,11,12.5,60.8652,1.5
4600009169,96.0468,0,0,-96.0468,96.0468,240,0,0,0,10,10,-1,68.9136,1.5
4600009171,101.147,0,0,-101.147,101.147,242,0,0,0,10,8,-22.5,65.9687,1.5
4600009178,103.506,0,0,-103.506,103.506,249,0,0,0,10,18,30.8165,64.8165,1.5
4600009179,104.15,0,0,-104.15,104.15,250,0,0,0,10,15,23.2423,68.2423,1.5
4600009180,100.588,0,0,-100.588,100.588,251,0,0,0,10,12,-15.5,70.649,1.5
4600009182,100.529,0,0,-100.529,100.529,253,0,0,0,10,14,-25.4435,68.4435,1.5
4616732386,104.15,0,0,-104.15,104.15,250,15,23.2423,68.2423,1.5,0,0,0,10
4618857387,100.588,0,0,-100.588,100.588,251,12,-15.5,70.649,1.5,0,0,0,10
4619982376,96.0468,0,0,-96.0468,96.0468,240,10,-1,68.9136,1.5,0,0,0,10
4621982378,101.147,0,0,-101.147,101.147,242,8,-22.5,65.9687,1.5,0,0,0,10
4622973313,84.3392,0,0,-84.3392,84.3392,105,4,-16.3341,28.3341,1.5,0,0,0,10
4623482385,103.506,0,0,-103.506,103.506,249,18,30.8165,64.8165,1.5,0,0,0,10
4623973385,97.4969,0,0,-97.4969,97.4969,177,2,-8.91992,52,1.5,0,0,0,10
4624732353,97.3403,0,0,-97.3403,97.3403,217,11,12.5,60.8652,1.5,0,0,0,10
4626348461,100.529,0,0,-100.529,100.529,253,14,-25.4435,68.4435,1.5,0,0,0,10
4626357299,95.1304,0,0,-95.1304,95.1304,163,20,9.56347,45.0635,1.5,0,0,0,10
4627723420,99.4357,0,0,-99.4357,99.4357,212,3,-18.3838,59.5,1.5,0,0,0,10
4627848309,83.8028,0,0,-83.8028,83.8028,101,9,0.752439,27.2524,1.5,0,0,0,10
4629348424,99.5593,0,0,-99.5593,99.5593,216,17,28.5,55.0788,1.5,0,0,0,10
4630598324,85.195,0,0,-85.195,85.195,116,16,4.50636,32.5,1.5,0,0,0,10
4630973301,83.8602,0,0,-83.8602,83.8602,93,7,12.9793,24.5,1.5,0,0,0,10
4631223316,84.2919,0,0,-84.2919,84.2919,108,1,-12,26.7705,1.5,0,0,0,10
4631348382,94.9408,0,0,-94.9408,94.9408,174,5,-22,43.8679,1.5,0,0,0,10
4631598364,97.202,0,0,-97.202,97.202,156,13,15.695,40.695,1.5,0,0,0,10
4632098302,83.4099,0,0,-83.4099,83.4099,94,19,13.7961,22.2039,1.5,0,0,0,10
4635223275,81.6286,0,0,-81.6286,81.6286,67,6,1.5,15.7339,1.5,0,0,0,10
4650000105,84.3392,0,0,-84.3392,84.3392,105,0,0,0,10,4,-16.3341,28.3341,1.5
4650000177,97.4969,0,0,-97.4969,97.4969,177,0,0,0,10,2,-8.91992,52,1.5
4650008996,81.6286,0,0,-81.6286,81.6286,67,0,0,0,10,6,1.5,15.7339,1.5
4650009022,83.8602,0,0,-83.8602,83.8602,93,0,0,0,10,7,12.9793,24.5,1.5
4650009023,83.4099,0,0,-83.4099,83.4099,94,0,0,0,10,19,13.7961,22.2039,1.5
4650009030,83.8028,0,0,-83.8028,83.8028,101,0,0,0,10,9,0.752439,27.2524,1.5
4650009037,84.2919,0,0,-84.2919,84.2919,108,0,0,0,10,1,-12,26.7705,1.5
4650009045,85.195,0,0,-85.195,85.195,116,0,0,0,10,16,4.50636,32.5,1.5
4650009085,97.202,0,0,-97.202,97.202,156,0,0,0,10,13,15.695,40.695,1.5
4650009092,95.1304,0,0,-95.1304,95.1304,163,0,0,0,10,20,9.56347,45.0635,1.5
4650009103,94.9408,0,0,-94.9408,94.9408,174,0,0,0,10,5,-22,43.8679,1.5
4650009141,99.4357,0,0,-99.4357,99.4357,212,0,0,0,10,3,-18.3838,59.5,1.5
4650009145,99.5593,0,0,-99.5593,99.5593,216,0,0,0,10,17,28.5,55.0788,1.5
4650009146,97.3403,0,0,-97.3403,97.3403,217,0,0,0,10,11,12.5,60.8652,1.5
4650009169,96.0468,0,0,-96.0468,96.0468,240,0,0,0,10,10,-1,68.9136,1.5
4650009171,101.147,0,0,-101.147,101.147,242,0,0,0,10,8,-22.5,65.9687,1.5
4650009178,103.506,0,0,-103.506,103.506,249,0,0,0,10,18,30.8165,64.8165,1.5
4650009179,104.15,0,0,-104.15,104.15,250,0,0,0,10,15,23.2423,68.2423,1.5
4650009180,100.588,0,0,-100.588,100.588,251,0,0,0,10,12,-15.5,70.649,1.5
4650009182,100.529,0,0,-100.529,100.529,253,0,0,0,10,14,-25.4435,68.4435,1.5
4666732386,104.15,0,0,-104.15,104.15,250,15,23.2423,68.2423,1.5,0,0,0,10
4668857387,100.588,0,0,-100.588,100.588,251,12,-15.5,70.649,1.5,0,0,0,10
4669982376,96.0468,0,0,-96.0468,96.0468,240,10,-1,68.9136,1.5,0,0,0,10
4671982378,101.147,0,0,-101.147,101.147,242,8,-22.5,65.9687,1.5,0,0,0,10
4672973313,84.3392,0,0,-84.3392,84.3392,105,4,-16.3341,28.3341,1.5,0,0,0,10
4673482385,103.506,0,0,-103.506,103.506,249,18,30.8165,64.8165,1.5,0,0,0,10
4673973385,97.4969,0,0,-97.4969,97.4969,177,2,-8.91992,52,1.5,0,0,0,10
4674732353,97.3403,0,0,-97.3403,97.3403,217,11,12.5,60.8652,1.5,0,0,0,10
4676348461,100.529,0,0,-100.529,100.529,253,14,-25.4435,68.4435,1.5,0,0,0,10
4676357299,95.1304,0,0,-95.1304,95.1304,163,20,9.56347,45.0635,1.5,0,0,0,10
4677723420,99.4357,0,0,-99.4357,99.4357,212,3,-18.3838,59.5,1.5,0,0,0,10
4677848309,83.8028,0,0,-83.8028,83.8028,101,9,0.752439,27.2524,1.5,0,0,0,10
4679348424,99.5593,0,0,-99.5593,99.5593,216,17,28.5,55.0788,1.5,0,0,0,10
4680598324,85.195,0,0,-85.195,85.195,116,16,4.50636,32.5,1.5,0,0,0,10
4680973301,83.8602,0,0,-83.8602,83.8602,93,7,12.9793,24.5,1.5,0,0,0,10
4681223316,84.2919,0,0,-84.2919,84.2919,108,1,-12,26.7705,1.5,0,0,0,10
4681348382,94.9408,0,0,-94.9408,94.9408,174,5,-22,43.8679,1.5,0,0,0,10
4681598364,97.202,0,0,-97.202,97.202,156,13,15.695,40.695,1.5,0,0,0,10
4682098302,83.4099,0,0,-83.4099,83.4099,94,19,13.7961,22.2039,1.5,0,0,0,10
4685223275,81.6286,0,0,-81.6286,81.6286,67,6,1.5,15.7339,1.5,0,0,0,10
4700000105,84.3392,0,0,-84.3392,84.3392,105,0,0,0,10,4,-16.4401,28.4401,1.5
4700000177,97.4969,0,0,-97.4969,97.4969,177,0,0,0,10,2,-9.06992,52,1.5
4700008996,81.6286,0,0,-81.6286,81.6286,67,0,0,0,10,6,1.5,15.5839,1.5
4700009022,83.8602,0,0,-83.8602,83.8602,93,0,0,0,10,7,13.1293,24.5,1.5
4700009023,83.4099,0,0,-83.4099,83.4099,94,0,0,0,10,19,13.9021,22.0979,1.5
4700009030,83.8028,0,0,-83.8028,83.8028,101,0,0,0,10,9,0.646373,27.1464,1.5
4700009037,84.2919,0,0,-84.2919,84.2919,108,0,0,0,10,1,-12,26.6205,1.5
4700009045,85.195,0,0,-85.195,85.195,116,0,0,0,10,16,4.35636,32.5,1.5
4700009085,97.202,0,0,-97.202,97.202,156,0,0,0,10,13,15.5889,40.5889,1.5
4700009092,95.1304,0,0,-95.1304,95.1304,163,0,0,0,10,20,9.4574,44.9574,1.5
4700009103,94.9408,0,0,-94.9408,94.9408,174,0,0,0,10,5,-22,43.7179,1.5
4700009141,99.4357,0,0,-99.4357,99.4357,212,0,0,0,10,3,-18.2338,59.5,1.5
4700009145,99.5593,0,0,-99.5593,99.5593,216,0,0,0,10,17,28.5,54.9288,1.5
4700009146,97.3403,0,0,-97.3403,97.3403,217,0,0,0,10,11,12.5,60.7152,1.5
4700009169,96.0468,0,0,-96.0468,96.0468,240,0,0,0,10,10,-1,68.7636,1.5
4700009171,101.147,0,0,-101.147,101.147,242,0,0,0,10,8,-22.5,65.8187,1.5
4700009178,103.506,0,0,-103.506,103.506,249,0,0,0,10,18,30.7104,64.7104,1.5
4700009179,104.15,0,0,-104.15,104.15,250,0,0,0,10,15,23.1362,68.1362,1.5
4700009180,100.588,0,0,-100.588,100.588,251,0,0,0,10,12,-15.5,70.499,1.5
4700009182,100.529,0,0,-100.529,100.529,253,0,0,0,10,14,-25.3375,68.3375,1.5
4716732386,104.15,0,0,-104.15,104.15,250,15,23.1362,68.1362,1.5,0,0,0,10
4718857387,100.588,0,0,-100.588,100.588,251,12,-15.5,70.499,1.5,0,0,0,10
4719982376,96.0468,0,0,-96.0468,96.0468,240,10,-1,68.7636,1.5,0,0,0,10
4721982378,101.147,0,0,-101.147,101.147,242,8,-22.5,65.8187,1.5,0,0,0,10
4722973313,84.3392,0,0,-84.3392,84.3392,105,4,-16.4401,28.4401,1.5,0,0,0,10
4723482385,103.506,0,0,-103.506,103.506,249,18,30.7104,64.7104,1.5,0,0,0,10
4723973385,97.4969,0,0,-97.4969,97.4969,177,2,-9.06992,52,1.5,0,0,0,10
4724732353,97.3403,0,0,-97.3403,97.3403,217,11,12.5,60.7152,1.5,0,0,0,10
4726348461,100.529,0,0,-100.529,100.529,253,14,-25.3375,68.3375,1.5,0,0,0,10
4726357299,95.1304,0,0,-95.1304,95.1304,163,20,9.4574,44.9574,1.5,0,0,0,10
4727723420,99.4357,0,0,-99.4357,99.4357,212,3,-18.2338,59.5,1.5,0,0,0,10
4727848309,83.8028,0,0,-83.8028,83.8028,101,9,0.646373,27.1464,1.5,0,0,0,10
4729348424,99.5593,0,0,-99.5593,99.5593,216,17,28.5,54.9288,1.5,0,0,0,10
4730598324,85.195,0,0,-85.195,85.195,116,16,4.35636,32.5,1.5,0,0,0,10
4730973301,83.8602,0,0,-83.8602,83.8602,93,7,13.1293,24.5,1.5,0,0,0,10
4731223316,84.2919,0,0,-84.2919,84.2919,108,1,-12,26.6205,1.5,0,0,0,10
4731348382,94.9408,0,0,-94.9408,94.9408,174,5,-22,43.7179,1.5,0,0,0,10
4731598364,97.202,0,0,-97.202,97.202,156,13,15.5889,40.5889,1.5,0,0,0,10
4732098302,83.4099,0,0,-83.4099,83.4099,94,19,13.9021,22.0979,1.5,0,0,0,10
4735223275,81.6286,0,0,-81.6286,81.6286,67,6,1.5,15.5839,1.5,0,0,0,10
4750000105,84.3392,0,0,-84.3392,84.3392,105,0,0,0,10,4,-16.4401,28.4401,1.5
4750000177,97.4969,0,0,-97.4969,97.4969,177,0,0,0,10,2,-9.06992,52,1.5
4750008996,81.6286,0,0,-81.6286,81.6286,67,0,0,0,10,6,1.5,15.5839,1.5
4750009022,83.8602,0,0,-83.8602,83.8602,93,0,0,0,10,7,13.1293,24.5,1.5
4750009023,83.4099,0,0,-83.4099,83.4099,94,0,0,0,10,19,13.9021,22.0979,1.5
4750009030,83.8028,0,0,-83.8028,83.8028,101,0,0,0,10,9,0.646373,27.1464,1.5
4750009037,84.2919,0,0,-84.2919,84.2919,108,0,0,0,10,1,-12,26.6205,1.5
4750009045,85.195,0,0,-85.195,85.195,116,0,0,0,10,16,4.35636,32.5,1.5
4750009085,97.202,0,0,-97.202,97.202,156,0,0,0,10,13,15.5889,40.5889,1.5
4750009092,95.1304,0,0,-95.1304,95.1304,163,0,0,0,10,20,9.4574,44.9574,1.5
4750009103,94.9408,0,0,-94.9408,94.9408,174,0,0,0,10,5,-22,43.7179,1.5
4750009141,99.4357,0,0,-99.4357,99.4357,212,0,0,0,10,3,-18.2338,59.5,1.5
4750009145,99.5593,0,0,-99.5593,99.5593,216,0,0,0,10,17,28.5,54.9288,1.5
4750009146,97.3403,0,0,-97.3403,97.3403,217,0,0,0,10,11,12.5,60.7152,1.5
4750009169,96.0468,0,0,-96.0468,96.0468,240,0,0,0,10,10,-1,68.7636,1.5
4750009171,101.147,0,0,-101.147,101.147,242,0,0,0,10,8,-22.5,65.8187,1.5
4750009178,103.506,0,0,-103.506,103.506,249,0,0,0,10,18,30.7104,64.7104,1.5
4750009179,104.15,0,0,-104.15,104.15,250,0,0,0,10,15,23.1362,68.1362,1.5
4750009180,100.588,0,0,-100.588,100.588,251,0,0,0,10,12,-15.5,70.499,1.5
4750009182,100.529,0,0,-100.529,100.529,253,0,0,0,10,14,-25.3375,68.3375,1.5
4766732386,104.15,0,0,-104.15,104.15,250,15,23.1362,68.1362,1.5,0,0,0,10
4768857387,100.588,0,0,-100.588,100.588,251,12,-15.5,70.499,1.5,0,0,0,10
4769982376,96.0468,0,0,-96.0468,96.0468,240,10,-1,68.7636,1.5,0,0,0,10
4771982378,101.147,0,0,-101.147,101.147,242,8,-22.5,65.8187,1.5,0,0,0,10
4772973313,84.3392,0,0,-84.3392,84.3392,105,4,-16.4401,28.4401,1.5,0,0,0,10
4773482385,103.506,0,0,-103.506,103.506,249,18,30.7104,64.7104,1.5,0,0,0,10
4773973385,97.4969,0,0,-97.4969,97.4969,177,2,-9.06992,52,1.5,0,0,0,10
4774732353,97.3403,0,0,-97.3403,97.3403,217,11,12.5,60.7152,1.5,0,0,0,10
4776348461,100.529,0,0,-100.529,100.529,253,14,-25.3375,68.3375,1.5,0,0,0,10
4776357299,95.1304,0,0,-95.1304,95.1304,163,20,9.4574,44.9574,1.5,0,0,0,10
4777723420,99.4357,0,0,-99.4357,99.4357,212,3,-18.2338,59.5,1.5,0,0,0,10
4777848309,83.8028,0,0,-83.8028,83.8028,101,9,0.646373,27.1464,1.5,0,0,0,10
4779348424,99.5593,0,0,-99.5593,99.5593,216,17,28.5,54.9288,1.5,0,0,0,10
4780598324,85.195,0,0,-85.195,85.195,116,16,4.35636,32.5,1.5,0,0,0,10
4780973301,83.8602,0,0,-83.8602,83.8602,93,7,13.1293,24.5,1.5,0,0,0,10
4781223316,84.2919,0,0,-84.2919,84.2919,108,1,-12,26.6205,1.5,0,0,0,10
4781348382,94.9408,0,0,-94.9408,94.9408,174,5,-22,43.7179,1.5,0,0,0,10
4781598364,97.202,0,0,-97.202,97.202,156,13,15.5889,40.5889,1.5,0,0,0,10
4782098302,83.4099,0,0,-83.4099,83.4099,94,19,13.9021,22.0979,1.5,0,0,0,10
4785223275,81.6286,0,0,-81.6286,81.6286,67,6,1.5,15.5839,1.5,0,0,0,10
4800000105,84.3392,0,0,-84.3392,84.3392,105,0,0,0,10,4,-16.5462,28.5462,1.5
4800000177,97.4969,0,0,-97.4969,97.4969,177,0,0,0,10,2,-9.21992,52,1.5
4800008996,81.6286,0,0,-81.6286,81.6286,67,0,0,0,10,6,1.5,15.4339,1.5
4800009022,83.8602,0,0,-83.8602,83.8602,93,0,0,0,10,7,13.2793,24.5,1.5
4800009023,83.4099,0,0,-83.4099,83.4099,94,0,0,0,10,19,14.0082,21.9918,1.5
4800009030,83.8028,0,0,-83.8028,83.8028,101,0,0,0,10,9,0.540307,27.0403,1.5
4800009037,84.2919,0,0,-84.2919,84.2919,108,0,0,0,10,1,-12,26.4705,1.5
4800009045,85.195,0,0,-85.195,85.195,116,0,0,0,10,16,4.20636,32.5,1.5
4800009085,97.202,0,0,-97.202,97.202,156,0,0,0,10,13,15.4828,40.4828,1.5
4800009092,95.1304,0,0,-95.1304,95.1304,163,0,0,0,10,20,9.35133,44.8513,1.5
4800009103,94.9408,0,0,-94.9408,94.9408,174,0,0,0,10,5,-22,43.5679,1.5
4800009141,99.4357,0,0,-99.4357,99.4357,212,0,0,0,10,3,-18.0838,59.5,1.5
4800009145,99.5593,0,0,-99.5593,99.5593,216,0,0,0,10,17,28.5,54.7788,1.5
4800009146,97.3403,0,0,-97.3403,97.3403,217,0,0,0,10,11,12.5,60.5652,1.5
4800009169,96.0468,0,0,-96.0468,96.0468,240,0,0,0,10,10,-1,68.6136,1.5
4800009171,101.147,0,0,-101.147,101.147,242,0,0,0,10,8,-22.5,65.6687,1.5
4800009178,103.506,0,0,-103.506,103.506,249,0,0,0,10,18,30.6044,64.6044,1.5
4800009179,104.15,0,0,-104.15,104.15,250,0,0,0,10,15,23.0301,68.0301,1.5
4800009180,100.588,0,0,-100.588,100.588,251,0,0,0,10,12,-15.5,70.349,1.5
4800009182,100.529,0,0,-100.529,100.529,253,0,0,0,10,14,-25.2314,68.2314,1.5
4816732386,104.15,0,0,-104.15,104.15,250,15,23.0301,68.0301,1.5,0,0,0,10
4818857387,100.588,0,0,-100.588,100.588,251,12,-15.5,70.349,1.5,0,0,0,10
4819982376,96.0468,0,0,-96.0468,96.0468,240,10,-1,68.6136,1.5,0,0,0,10
4821982378,101.147,0,0,-101.147,101.147,242,8,-22.5,65.6687,1.5,0,0,0,10
4822973313,84.3392,0,0,-84.3392,84.3392,105,4,-16.5462,28.5462,1.5,0,0,0,10
4823482385,103.506,0,0,-103.506,103.506,249,18,30.6044,64.6044,1.5,0,0,0,10
4823973385,97.4969,0,0,-97.4969,97.4969,177,2,-9.21992,52,1.5,0,0,0,10
4824732353,97.3403,0,0,-97.3403,97.3403,217,11,12.5,60.5652,1.5,0,0,0,10
4826348461,100.529,0,0,-100.529,100.529,253,14,-25.2314,68.2314,1.5,0,0,0,10
4826357299,95.1304,0,0,-95.1304,95.1304,163,20,9.35133,44.8513,1.5,0,0,0,10
4827723420,99.4357,0,0,-99.4357,99.4357,212,3,-18.0838,59.5,1.5,0,0,0,10
4827848309,83.8028,0,0,-83.8028,83.8028,101,9,0.540307,27.0403,1.5,0,0,0,10
4829348424,99.5593,0,0,-99.5593,99.5593,216,17,28.5,54.7788,1.5,0,0,0,10
4830598324,85.195,0,0,-85.195,85.195,116,16,4.20636,32.5,1.5,0,0,0,10
4830973301,83.8602,0,0,-83.8602,83.8602,93,7,13.2793,24.5,1.5,0,0,0,10
4831223316,84.2919,0,0,-84.2919,84.2919,108,1,-12,26.4705,1.5,0,0,0,10
4831348382,94.9408,0,0,-94.9408,94.9408,174,5,-22,43.5679,1.5,0,0,0,10
4831598364,97.202,0,0,-97.202,97.202,156,13,15.4828,40.4828,1.5,0,0,0,10
4832098302,83.4099,0,0,-83.4099,83.4099,94,19,14.0082,21.9918,1.5,0,0,0,10
4835223275,81.6286,0,0,-81.6286,81.6286,67,6,1.5,15.4339,1.5,0,0,0,10
4850000105,84.3392,0,0,-84.3392,84.3392,105,0,0,0,10,4,-16.5462,28.5462,1.5
4850000177,97.4969,0,0,-97.4969,97.4969,177,0,0,0,10,2,-9.21992,52,1.5
4850008996,81.6286,0,0,-81.6286,81.6286,67,0,0,0,10,6,1.5,15.4339,1.5
4850009022,83.8602,0,0,-83.8602,83.8602,93,0,0,0,10,7,13.2793,24.5,1.5
4850009023,83.4099,0,0,-83.4099,83.4099,94,0,0,0,10,19,14.0082,21.9918,1.5
4850009030,83.8028,0,0,-83.8028,83.8028,101,0,0,0,10,9,0.540307,27.0403,1.5
4850009037,84.2919,0,0,-84.2919,84.2919,108,0,0,0,10,1,-12,26.4705,1.5
4850009045,85.195,0,0,-85.195,85.195,116,0,0,0,10,16,4.20636,32.5,1.5
4850009085,97.202,0,0,-97.202,97.202,156,0,0,0,10,13,15.4828,40.4828,1.5
4850009092,95.1304,0,0,-95.1304,95.1304,163,0,0,0,10,20,9.35133,44.8513,1.5
4850009103,94.9408,0,0,-94.9408,94.9408,174,0,0,0,10,5,-22,43.5679,1.5
4850009141,99.4357,0,0,-99.4357,99.4357,212,0,0,0,10,3,-18.0838,59.5,1.5
4850009145,99.5593,0,0,-99.5593,99.5593,216,0,0,0,10,17,28.5,54.7788,1.5
4850009146,97.3403,0,0,-97.3403,97.3403,217,0,0,0,10,11,12.5,60.5652,1.5
4850009169,96.0468,0,0,-96.0468,96.0468,240,0,0,0,10,10,-1,68.6136,1.5
4850009171,101.147,0,0,-101.147,101.147,242,0,0,0,10,8,-22.5,65.6687,1.5
4850009178,103.506,0,0,-103.506,103.506,249,0,0,0,10,18,30.6044,64.6044,1.5
4850009179,104.15,0,0,-104.15,104.15,250,0,0,0,10,15,23.0301,68.0301,1.5
4850009180,100.588,0,0,-100.588,100.588,251,0,0,0,10,12,-15.5,70.349,1.5
4850009182,100.529,0,0,-100.529,100.529,253,0,0,0,10,14,-25.2314,68.2314,1.5
4866732386,104.15,0,0,-104.15,104.15,250,15,23.0301,68.0301,1.5,0,0,0,10
4868857387,100.588,0,0,-100.588,100.588,251,12,-15.5,70.349,1.5,0,0,0,10
4869982376,96.0468,0,0,-96.0468,96.0468,240,10,-1,68.6136,1.5,0,0,0,10
4871982378,101.147,0,0,-101.147,101.147,242,8,-22.5,65.6687,1.5,0,0,0,10
4872973313,84.3392,0,0,-84.3392,84.3392,105,4,-16.5462,28.5462,1.5,0,0,0,10
4873482385,103.506,0,0,-103.506,103.506,249,18,30.6044,64.6044,1.5,0,0,0,10
4873973385,97.4969,0,0,-97.4969,97.4969,177,2,-9.21992,52,1.5,0,0,0,10
4874732353,97.3403,0,0,-97.3403,97.3403,217,11,12.5,60.5652,1.5,0,0,0,10
4876348461,100.529,0,0,-100.529,100.529,253,14,-25.2314,68.2314,1.5,0,0,0,10
4876357299,95.1304,0,0,-95.1304,95.1304,163,20,9.35133,44.8513,1.5,0,0,0,10
4877723420,99.4357,0,0,-99.4357,99.4357,212,3,-18.0838,59.5,1.5,0,0,0,10
4877848309,83.8028,0,0,-83.8028,83.8028,101,9,0.540307,27.0403,1.5,0,0,0,10
4879348424,99.5593,0,0,-99.5593,99.5593,216,17,28.5,54.7788,1.5,0,0,0,10
4880598324,85.195,0,0,-85.195,85.195,116,16,4.20636,32.5,1.5,0,0,0,10
4880973301,83.8602,0,0,-83.8602,83.8602,93,7,13.2793,24.5,1.5,0,0,0,10
4881223316,84.2919,0,0,-84.2919,84.2919,108,1,-12,26.4705,1.5,0,0,0,10
4881348382,94.9408,0,0,-94.9408,94.9408,174,5,-22,43.5679,1.5,0,0,0,10
4881598364,97.202,0,0,-97.202,97.202,156,13,15.4828,40.4828,1.5,0,0,0,10
4882098302,83.4099,0,0,-83.4099,83.4099,94,19,14.0082,21.9918,1.5,0,0,0,10
4885223275,81.6286,0,0,-81.6286,81.6286,67,6,1.5,15.4339,1.5,0,0,0,10
4900000105,84.3392,0,0,-84.3392,84.3392,105,0,0,0,10,4,-16.6523,28.6523,1.5
4900000177,97.4969,0,0,-97.4969,97.4969,177,0,0,0,10,2,-9.36992,52,1.5
4900008996,81.6286,0,0,-81.6286,81.6286,67,0,0,0,10,6,1.5,15.2839,1.5
4900009022,83.8602,0,0,-83.8602,83.8602,93,0,0,0,10,7,13.4293,24.5,1.5
4900009023,83.4099,0,0,-83.4099,83.4099,94,0,0,0,10,19,14.1143,21.8857,1.5
4900009030,83.8028,0,0,-83.8028,83.8028,101,0,0,0,10,9,0.434241,26.9342,1.5
4900009037,84.2919,0,0,-84.2919,84.2919,108,0,0,0,10,1,-12,26.3205,1.5
4900009045,85.195,0,0,-85.195,85.195,116,0,0,0,10,16,4.05636,32.5,1.5
4900009085,97.202,0,0,-97.202,97.202,156,0,0,0,10,13,15.3768,40.3768,1.5
4900009092,95.1304,0,0,-95.1304,95.1304,163,0,0,0,10,20,9.24527,44.7453,1.5
4900009103,94.9408,0,0,-94.9408,94.9408,174,0,0,0,10,5,-22,43.4179,1.5
4900009141,99.4357,0,0,-99.4357,99.4357,212,0,0,0,10,3,-17.9338,59.5,1.5
4900009145,99.5593,0,0,-99.5593,99.5593,216,0,0,0,10,17,28.5,54.6288,1.5
4900009146,97.3403,0,0,-97.3403,97.3403,217,0,0,0,10,11,12.5,60.4152,1.5
4900009169,96.0468,0,0,-96.0468,96.0468,240,0,0,0,10,10,-1,68.4636,1.5
4900009171,101.147,0,0,-101.147,101.147,242,0,0,0,10,8,-22.5,65.5187,1.5
4900009178,103.506,0,0,-103.506,103.506,249,0,0,0,10,18,30.4983,64.4983,1.5
4900009179,104.15,0,0,-104.15,104.15,250,0,0,0,10,15,22.9241,67.9241,1.5
4900009180,100.588,0,0,-100.588,100.588,251,0,0,0,10,12,-15.5,70.199,1.5
4900009182,100.529,0,0,-100.529,100.529,253,0,0,0,10,14,-25.1253,68.1253,1.5
4916732386,104.15,0,0,-104.15,104.15,250,15,22.9241,67.9241,1.5,0,0,0,10
4918857387,100.588,0,0,-100.588,100.588,251,12,-15.5,70.199,1.5,0,0,0,10
4919982376,96.0468,0,0,-96.0468,96.0468,240,10,-1,68.4636,1.5,0,0,0,10
4921982378,101.147,0,0,-101.147,101.147,242,8,-22.5,65.5187,1.5,0,0,0,10
4922973313,84.3392,0,0,-84.3392,84.3392,105,4,-16.6523,28.6523,1.5,0,0,0,10
4923482385,103.506,0,0,-103.506,103.506,249,18,30.4983,64.4983,1.5,0,0,0,10
4923973385,97.4969,0,0,-97.4969,97.4969,177,2,-9.36992,52,1.5,0,0,0,10
4924732353,97.3403,0,0,-97.3403,97.3403,217,11,12.5,60.4152,1.5,0,0,0,10
4926348461,100.529,0,0,-100.529,100.529,253,14,-25.1253,68.1253,1.5,0,0,0,10
4926357299,95.1304,0,0,-95.1304,95.1304,163,20,9.24527,44.7453,1.5,0,0,0,10
4927723420,99.4357,0,0,-99.4357,99.4357,212,3,-17.9338,59.5,1.5,0,0,0,10
4927848309,83.8028,0,0,-83.8028,83.8028,101,9,0.434241,26.9342,1.5,0,0,0,10
4929348424,99.5593,0,0,-99.5593,99.5593,216,17,28.5,54.6288,1.5,0,0,0,10
4930598324,85.195,0,0,-85.195,85.195,116,16,4.05636,32.5,1.5,0,0,0,10
4930973301,83.8602,0,0,-83.8602,83.8602,93,7,13.4293,24.5,1.5,0,0,0,10
4931223316,84.2919,0,0,-84.2919,84.2919,108,1,-12,26.3205,1.5,0,0,0,10
4931348382,94.9408,0,0,-94.9408,94.9408,174,5,-22,43.4179,1.5,0,0,0,10
4931598364,97.202,0,0,-97.202,97.202,156,13,15.3768,40.3768,1.5,0,0,0,10
4932098302,83.4099,0,0,-83.4099,83.4099,94,19,14.1143,21.8857,1.5,0,0,0,10
4935223275,81.6286,0,0,-81.6286,81.6286,67,6,1.5,15.2839,1.5,0,0,0,10
4950000105,84.3392,0,0,-84.3392,84.3392,105,0,0,0,10,4,-16.6523,28.6523,1.5
4950000177,97.4969,0,0,-97.4969,97.4969,177,0,0,0,10,2,-9.36992,52,1.5
4950008996,81.6286,0,0,-81.6286,81.6286,67,0,0,0,10,6,1.5,15.2839,1.5
4950009022,83.8602,0,0,-83.8602,83.8602,93,0,0,0,10,7,13.4293,24.5,1.5
4950009023,83.4099,0,0,-83.4099,83.4099,94,0,0,0,10,19,14.1143,21.8857,1.5
4950009030,83.8028,0,0,-83.8028,83.8028,101,0,0,0,10,9,0.434241,26.9342,1.5
4950009037,84.2919,0,0,-84.2919,84.2919,108,0,0,0,10,1,-12,26.3205,1.5
4950009045,85.195,0,0,-85.195,85.195,116,0,0,0,10,16,4.05636,32.5,1.5
4950009085,97.202,0,0,-97.202,97.202,156,0,0,0,10,13,15.3768,40.3768,1.5
4950009092,95.1304,0,0,-95.1304,95.1304,163,0,0,0,10,20,9.24527,44.7453,1.5
4950009103,94.9408,0,0,-94.9408,94.9408,174,0,0,0,10,5,-22,43.4179,1.5
4950009141,99.4357,0,0,-99.4357,99.4357,212,0,0,0,10,3,-17.9338,59.5,1.5
4950009145,99.5593,0,0,-99.5593,99.5593,216,0,0,0,10,17,28.5,54.6288,1.5
4950009146,97.3403,0,0,-97.3403,97.3403,217,0,0,0,10,11,12.5,60.4152,1.5
4950009169,96.0468,0,0,-96.0468,96.0468,240,0,0,0,10,10,-1,68.4636,1.5
4950009171,101.147,0,0,-101.147,101.147,242,0,0,0,10,8,-22.5,65.5187,1.5
4950009178,103.506,0,0,-103.506,103.506,249,0,0,0,10,18,30.4983,64.4983,1.5
4950009179,104.15,0,0,-104.15,104.15,250,0,0,0,10,15,22.9241,67.9241,1.5
4950009180,100.588,0,0,-100.588,100.588,251,0,0,0,10,12,-15.5,70.199,1.5
4950009182,100.529,0,0,-100.529,100.529,253,0,0,0,10,14,-25.1253,68.1253,1.5
4966732386,104.15,0,0,-104.15,104.15,250,15,22.9241,67.9241,1.5,0,0,0,10
4968857387,100.588,0,0,-100.588,100.588,251,12,-15.5,70.199,1.5,0,0,0,10
4969982376,96.0468,0,0,-96.0468,96.0468,240,10,-1,68.4636,1.5,0,0,0,10
4971982378,101.147,0,0,-101.147,101.147,242,8,-22.5,65.5187,1.5,0,0,0,10
4972973313,84.3392,0,0,-84.3392,84.3392,105,4,-16.6523,28.6523,1.5,0,0,0,10
4973482385,103.506,0,0,-103.506,103.506,249,18,30.4983,64.4983,1.5,0,0,0,10
4973973385,97.4969,0,0,-97.4969,97.4969,177,2,-9.36992,52,1.5,0,0,0,10
4974732353,97.3403,0,0,-97.3403,97.3403,217,11,12.5,60.4152,1.5,0,0,0,10
4976348461,100.529,0,0,-100.529,100.529,253,14,-25.1253,68.1253,1.5,0,0,0,10
4976357299,95.1304,0,0,-95.1304,95.1304,163,20,9.24527,44.7453,1.5,0,0,0,10
4977723420,99.4357,0,0,-99.4357,99.4357,212,3,-17.9338,59.5,1.5,0,0,0,10
4977848309,83.8028,0,0,-83.8028,83.8028,101,9,0.434241,26.9342,1.5,0,0,0,10
4979348424,99.5593,0,0,-99.5593,99.5593,216,17,28.5,54.6288,1.5,0,0,0,10
4980598324,85.195,0,0,-85.195,85.195,116,16,4.05636,32.5,1.5,0,0,0,10
4980973301,83.8602,0,0,-83.8602,83.8602,93,7,13.4293,24.5,1.5,0,0,0,10
4981223316,84.2919,0,0,-84.2919,84.2919,108,1,-12,26.3205,1.5,0,0,0,10
4981348382,94.9408,0,0,-94.9408,94.9408,174,5,-22,43.4179,1.5,0,0,0,10
4981598364,97.202,0,0,-97.202,97.202,156,13,15.3768,40.3768,1.5,0,0,0,10
4982098302,83.4099,0,0,-83.4099,83.4099,94,19,14.1143,21.8857,1.5,0,0,0,10
4985223275,81.6286,0,0,-81.6286,81.6286,67,6,1.5,15.2839,1.5,0,0,0,10
