Timestamp_ns,Loss_dB,TxAntGain_dB,RxAntGain_dB,PropGain_dB,Pathloss_dB,Delay_ns,SrcId,SrcX,SrcY,SrcZ,DstId,DstX,DstY,DstZ
188,103.78,0,0,-103.78,103.78,188,0,0,0,25,6,3.46482,51.1186,1.5
204,88.6126,0,0,-88.6126,88.6126,204,0,0,0,25,4,-24.6086,50.8967,1.5
209,90.9965,0,0,-90.9965,90.9965,209,0,0,0,25,7,14.5871,56.1745,1.5
216,87.6048,0,0,-87.6048,87.6048,216,0,0,0,25,19,19.0742,57.391,1.5
237,108.296,0,0,-108.296,108.296,237,0,0,0,25,9,11.4131,66.0409,1.5
239,97.261,0,0,-97.261,97.261,239,0,0,0,25,1,-16.9447,65.6443,1.5
252,90.4945,0,0,-90.4945,90.4945,252,0,0,0,25,16,21.7409,68.4844,1.5
331,98.3699,0,0,-98.3699,98.3699,331,0,0,0,25,13,40.0111,87.7171,1.5
343,104.85,0,0,-104.85,104.85,343,0,0,0,25,20,27.5875,96.2938,1.5
362,96.9335,0,0,-96.9335,96.9335,362,0,0,0,25,5,-42.1578,97.2134,1.5
379,111.077,0,0,-111.077,111.077,379,0,0,0,25,2,-4.29448,99.2718,1.5
416,99.1008,0,0,-99.1008,99.1008,416,0,0,0,25,3,-47.9011,112.702,1.5
437,105.373,0,0,-105.373,105.373,437,0,0,0,25,17,54.1521,117.004,1.5
440,119.932,0,0,-119.932,119.932,440,0,0,0,25,11,24.7186,127.532,1.5
484,98.1833,0,0,-98.1833,98.1833,484,0,0,0,25,8,-44.7277,135.906,1.5
496,107.973,0,0,-107.973,107.973,496,0,0,0,25,15,52.8393,137.149,1.5
496,108.098,0,0,-108.098,108.098,496,0,0,0,25,18,67.049,130.728,1.5
500,98.6381,0,0,-98.6381,98.6381,500,0,0,0,25,12,-30.7834,144.699,1.5
503,99.752,0,0,-99.752,99.752,503,0,0,0,25,14,-56.8284,137.566,1.5
517,112.506,0,0,-112.506,112.506,517,0,0,0,25,10,-2.19058,142.382,1.5
16928756,103.78,0,0,-103.78,103.78,188,6,3.46482,51.1186,1.5,0,0,0,25
16928772,88.6126,0,0,-88.6126,88.6126,204,4,-24.6086,50.8967,1.5,0,0,0,25
16928777,90.9965,0,0,-90.9965,90.9965,209,7,14.5871,56.1745,1.5,0,0,0,25
16928784,87.6048,0,0,-87.6048,87.6048,216,19,19.0742,57.391,1.5,0,0,0,25
16928805,108.296,0,0,-108.296,108.296,237,9,11.4131,66.0409,1.5,0,0,0,25
16928807,97.261,0,0,-97.261,97.261,239,1,-16.9447,65.6443,1.5,0,0,0,25
16928820,90.4945,0,0,-90.4945,90.4945,252,16,21.7409,68.4844,1.5,0,0,0,25
16928899,98.3699,0,0,-98.3699,98.3699,331,13,40.0111,87.7171,1.5,0,0,0,25
16928911,104.85,0,0,-104.85,104.85,343,20,27.5875,96.2938,1.5,0,0,0,25
16928930,96.9335,0,0,-96.9335,96.9335,362,5,-42.1578,97.2134,1.5,0,0,0,25
16928947,111.077,0,0,-111.077,111.077,379,2,-4.29448,99.2718,1.5,0,0,0,25
16928984,99.1008,0,0,-99.1008,99.1008,416,3,-47.9011,112.702,1.5,0,0,0,25
16929005,105.373,0,0,-105.373,105.373,437,17,54.1521,117.004,1.5,0,0,0,25
16929008,119.932,0,0,-119.932,119.932,440,11,24.7186,127.532,1.5,0,0,0,25
16929052,98.1833,0,0,-98.1833,98.1833,484,8,-44.7277,135.906,1.5,0,0,0,25
16929064,107.973,0,0,-107.973,107.973,496,15,52.8393,137.149,1.5,0,0,0,25
16929064,108.098,0,0,-108.098,108.098,496,18,67.049,130.728,1.5,0,0,0,25
16929068,98.6381,0,0,-98.6381,98.6381,500,12,-30.7834,144.699,1.5,0,0,0,25
16929071,99.752,0,0,-99.752,99.752,503,14,-56.8284,137.566,1.5,0,0,0,25
16929085,112.506,0,0,-112.506,112.506,517,10,-2.19058,142.382,1.5,0,0,0,25
50000188,103.78,0,0,-103.78,103.78,188,0,0,0,25,6,3.46482,51.1186,1.5
50000204,88.6126,0,0,-88.6126,88.6126,204,0,0,0,25,4,-24.6086,50.8967,1.5
50000209,90.9965,0,0,-90.9965,90.9965,209,0,0,0,25,7,14.5871,56.1745,1.5
50000216,87.6048,0,0,-87.6048,87.6048,216,0,0,0,25,19,19.0742,57.391,1.5
50000237,108.296,0,0,-108.296,108.296,237,0,0,0,25,9,11.4131,66.0409,1.5
50000239,97.261,0,0,-97.261,97.261,239,0,0,0,25,1,-16.9447,65.6443,1.5
50000252,90.4945,0,0,-90.4945,90.4945,252,0,0,0,25,16,21.7409,68.4844,1.5
50000331,98.3699,0,0,-98.3699,98.3699,331,0,0,0,25,13,40.0111,87.7171,1.5
50000343,104.85,0,0,-104.85,104.85,343,0,0,0,25,20,27.5875,96.2938,1.5
50000362,96.9335,0,0,-96.9335,96.9335,362,0,0,0,25,5,-42.1578,97.2134,1.5
50000379,111.077,0,0,-111.077,111.077,379,0,0,0,25,2,-4.29448,99.2718,1.5
50000416,99.1008,0,0,-99.1008,99.1008,416,0,0,0,25,3,-47.9011,112.702,1.5
50000437,105.373,0,0,-105.373,105.373,437,0,0,0,25,17,54.1521,117.004,1.5
50000440,119.932,0,0,-119.932,119.932,440,0,0,0,25,11,24.7186,127.532,1.5
50000484,98.1833,0,0,-98.1833,98.1833,484,0,0,0,25,8,-44.7277,135.906,1.5
50000496,107.973,0,0,-107.973,107.973,496,0,0,0,25,15,52.8393,137.149,1.5
50000496,108.098,0,0,-108.098,108.098,496,0,0,0,25,18,67.049,130.728,1.5
50000500,98.6381,0,0,-98.6381,98.6381,500,0,0,0,25,12,-30.7834,144.699,1.5
50000503,99.752,0,0,-99.752,99.752,503,0,0,0,25,14,-56.8284,137.566,1.5
50000517,112.506,0,0,-112.506,112.506,517,0,0,0,25,10,-2.19058,142.382,1.5
70893270,99.1008,0,0,-99.1008,99.1008,416,3,-47.9011,112.702,1.5,0,0,0,25
71393091,108.296,0,0,-108.296,108.296,237,9,11.4131,66.0409,1.5,0,0,0,25
74893354,98.6381,0,0,-98.6381,98.6381,500,12,-30.7834,144.699,1.5,0,0,0,25
77393291,105.373,0,0,-105.373,105.373,437,17,54.1521,117.004,1.5,0,0,0,25
79393371,112.506,0,0,-112.506,112.506,517,10,-2.19058,142.382,1.5,0,0,0,25
82393106,90.4945,0,0,-90.4945,90.4945,252,16,21.7409,68.4844,1.5,0,0,0,25
83893063,90.9965,0,0,-90.9965,90.9965,209,7,14.5871,56.1745,1.5,0,0,0,25
84893093,97.261,0,0,-97.261,97.261,239,1,-16.9447,65.6443,1.5,0,0,0,25
85393216,96.9335,0,0,-96.9335,96.9335,362,5,-42.1578,97.2134,1.5,0,0,0,25
86393185,98.3699,0,0,-98.3699,98.3699,331,13,40.0111,87.7171,1.5,0,0,0,25
87393338,98.1833,0,0,-98.1833,98.1833,484,8,-44.7277,135.906,1.5,0,0,0,25
88393070,87.6048,0,0,-87.6048,87.6048,216,19,19.0742,57.391,1.5,0,0,0,25
91893058,88.6126,0,0,-88.6126,88.6126,204,4,-24.6086,50.8967,1.5,0,0,0,25
93393350,108.098,0,0,-108.098,108.098,496,18,67.049,130.728,1.5,0,0,0,25
95893233,111.077,0,0,-111.077,111.077,379,2,-4.29448,99.2718,1.5,0,0,0,25
98393294,119.932,0,0,-119.932,119.932,440,11,24.7186,127.532,1.5,0,0,0,25
100000188,103.78,0,0,-103.78,103.78,188,0,0,0,25,6,3.47334,50.9689,1.5
100000204,88.6126,0,0,-88.6126,88.6126,204,0,0,0,25,4,-24.6902,51.0225,1.5
100000209,90.9965,0,0,-90.9965,90.9965,209,0,0,0,25,7,14.6654,56.0465,1.5
100000216,87.6048,0,0,-87.6048,87.6048,216,0,0,0,25,19,19.1847,57.2895,1.5
100000237,108.296,0,0,-108.296,108.296,237,0,0,0,25,9,11.3221,65.9216,1.5
100000239,97.261,0,0,-97.261,97.261,239,0,0,0,25,1,-17.0426,65.5307,1.5
100000252,90.4945,0,0,-90.4945,90.4945,252,0,0,0,25,16,21.6154,68.4024,1.5
100000331,98.3699,0,0,-98.3699,98.3699,331,0,0,0,25,13,39.9241,87.595,1.5
100000343,104.85,0,0,-104.85,104.85,343,0,0,0,25,20,27.4534,96.2267,1.5
100000362,96.9335,0,0,-96.9335,96.9335,362,0,0,0,25,5,-42.1254,97.0669,1.5
100000379,111.077,0,0,-111.077,111.077,379,0,0,0,25,2,-4.43721,99.318,1.5
100000416,99.1008,0,0,-99.1008,99.1008,416,0,0,0,25,3,-47.7671,112.634,1.5
100000437,105.373,0,0,-105.373,105.373,437,0,0,0,25,17,54.1088,116.86,1.5
100000440,119.932,0,0,-119.932,119.932,440,0,0,0,25,11,24.6616,127.394,1.5
100000484,98.1833,0,0,-98.1833,98.1833,484,0,0,0,25,8,-44.5968,135.833,1.5
100000496,107.973,0,0,-107.973,107.973,496,0,0,0,25,15,52.7698,137.016,1.5
100000496,108.098,0,0,-108.098,108.098,496,0,0,0,25,18,66.9587,130.608,1.5
100000500,98.6381,0,0,-98.6381,98.6381,500,0,0,0,25,12,-30.8278,144.555,1.5
100000503,99.752,0,0,-99.752,99.752,503,0,0,0,25,14,-56.753,137.436,1.5
100000517,112.506,0,0,-112.506,112.506,517,0,0,0,25,10,-2.12368,142.248,1.5
100893042,103.78,0,0,-103.78,103.78,188,6,3.47334,50.9689,1.5,0,0,0,25
104893197,104.85,0,0,-104.85,104.85,343,20,27.4534,96.2267,1.5,0,0,0,25
105393357,99.752,0,0,-99.752,99.752,503,14,-56.753,137.436,1.5,0,0,0,25
106393350,107.973,0,0,-107.973,107.973,496,15,52.7698,137.016,1.5,0,0,0,25
150000188,103.78,0,0,-103.78,103.78,188,0,0,0,25,6,3.47334,50.9689,1.5
150000204,88.6126,0,0,-88.6126,88.6126,204,0,0,0,25,4,-24.6902,51.0225,1.5
150000209,90.9965,0,0,-90.9965,90.9965,209,0,0,0,25,7,14.6654,56.0465,1.5
150000216,87.6048,0,0,-87.6048,87.6048,216,0,0,0,25,19,19.1847,57.2895,1.5
150000237,108.296,0,0,-108.296,108.296,237,0,0,0,25,9,11.3221,65.9216,1.5
150000239,97.261,0,0,-97.261,97.261,239,0,0,0,25,1,-17.0426,65.5307,1.5
150000252,90.4945,0,0,-90.4945,90.4945,252,0,0,0,25,16,21.6154,68.4024,1.5
150000331,98.3699,0,0,-98.3699,98.3699,331,0,0,0,25,13,39.9241,87.595,1.5
150000343,104.85,0,0,-104.85,104.85,343,0,0,0,25,20,27.4534,96.2267,1.5
150000362,96.9335,0,0,-96.9335,96.9335,362,0,0,0,25,5,-42.1254,97.0669,1.5
150000379,111.077,0,0,-111.077,111.077,379,0,0,0,25,2,-4.43721,99.318,1.5
150000416,99.1008,0,0,-99.1008,99.1008,416,0,0,0,25,3,-47.7671,112.634,1.5
150000437,105.373,0,0,-105.373,105.373,437,0,0,0,25,17,54.1088,116.86,1.5
150000440,119.932,0,0,-119.932,119.932,440,0,0,0,25,11,24.6616,127.394,1.5
150000484,98.1833,0,0,-98.1833,98.1833,484,0,0,0,25,8,-44.5968,135.833,1.5
150000496,107.973,0,0,-107.973,107.973,496,0,0,0,25,15,52.7698,137.016,1.5
150000496,108.098,0,0,-108.098,108.098,496,0,0,0,25,18,66.9587,130.608,1.5
150000500,98.6381,0,0,-98.6381,98.6381,500,0,0,0,25,12,-30.8278,144.555,1.5
150000503,99.752,0,0,-99.752,99.752,503,0,0,0,25,14,-56.753,137.436,1.5
150000517,112.506,0,0,-112.506,112.506,517,0,0,0,25,10,-2.12368,142.248,1.5
150893270,99.1008,0,0,-99.1008,99.1008,416,3,-47.7671,112.634,1.5,0,0,0,25
151393091,108.296,0,0,-108.296,108.296,237,9,11.3221,65.9216,1.5,0,0,0,25
154893354,98.6381,0,0,-98.6381,98.6381,500,12,-30.8278,144.555,1.5,0,0,0,25
157393291,105.373,0,0,-105.373,105.373,437,17,54.1088,116.86,1.5,0,0,0,25
159393371,112.506,0,0,-112.506,112.506,517,10,-2.12368,142.248,1.5,0,0,0,25
162393106,90.4945,0,0,-90.4945,90.4945,252,16,21.6154,68.4024,1.5,0,0,0,25
163893063,90.9965,0,0,-90.9965,90.9965,209,7,14.6654,56.0465,1.5,0,0,0,25
164893093,97.261,0,0,-97.261,97.261,239,1,-17.0426,65.5307,1.5,0,0,0,25
165393216,96.9335,0,0,-96.9335,96.9335,362,5,-42.1254,97.0669,1.5,0,0,0,25
166393185,98.3699,0,0,-98.3699,98.3699,331,13,39.9241,87.595,1.5,0,0,0,25
167393338,98.1833,0,0,-98.1833,98.1833,484,8,-44.5968,135.833,1.5,0,0,0,25
168393070,87.6048,0,0,-87.6048,87.6048,216,19,19.1847,57.2895,1.5,0,0,0,25
171893058,88.6126,0,0,-88.6126,88.6126,204,4,-24.6902,51.0225,1.5,0,0,0,25
173393350,108.098,0,0,-108.098,108.098,496,18,66.9587,130.608,1.5,0,0,0,25
175893233,111.077,0,0,-111.077,111.077,379,2,-4.43721,99.318,1.5,0,0,0,25
178393294,119.932,0,0,-119.932,119.932,440,11,24.6616,127.394,1.5,0,0,0,25
180893042,103.78,0,0,-103.78,103.78,188,6,3.47334,50.9689,1.5,0,0,0,25
184893197,104.85,0,0,-104.85,104.85,343,20,27.4534,96.2267,1.5,0,0,0,25
185393357,99.752,0,0,-99.752,99.752,503,14,-56.753,137.436,1.5,0,0,0,25
186393350,107.973,0,0,-107.973,107.973,496,15,52.7698,137.016,1.5,0,0,0,25
200000188,103.78,0,0,-103.78,103.78,188,0,0,0,25,6,3.48185,50.8191,1.5
200000204,88.6126,0,0,-88.6126,88.6126,204,0,0,0,25,4,-24.7719,51.1484,1.5
200000209,90.9965,0,0,-90.9965,90.9965,209,0,0,0,25,7,14.7437,55.9186,1.5
200000216,87.6048,0,0,-87.6048,87.6048,216,0,0,0,25,19,19.2952,57.1881,1.5
200000237,108.296,0,0,-108.296,108.296,237,0,0,0,25,9,11.231,65.8024,1.5
200000239,97.261,0,0,-97.261,97.261,239,0,0,0,25,1,-17.1405,65.417,1.5
200000252,90.4945,0,0,-90.4945,90.4945,252,0,0,0,25,16,21.4898,68.3203,1.5
200000331,98.3699,0,0,-98.3699,98.3699,331,0,0,0,25,13,39.837,87.4728,1.5
200000343,104.85,0,0,-104.85,104.85,343,0,0,0,25,20,27.3192,96.1596,1.5
200000362,96.9335,0,0,-96.9335,96.9335,362,0,0,0,25,5,-42.093,96.9204,1.5
200000379,111.077,0,0,-111.077,111.077,379,0,0,0,25,2,-4.57993,99.3642,1.5
200000416,99.1008,0,0,-99.1008,99.1008,416,0,0,0,25,3,-47.6331,112.567,1.5
200000437,105.373,0,0,-105.373,105.373,437,0,0,0,25,17,54.0654,116.716,1.5
200000440,119.932,0,0,-119.932,119.932,440,0,0,0,25,11,24.6047,127.255,1.5
200000484,98.1833,0,0,-98.1833,98.1833,484,0,0,0,25,8,-44.4658,135.76,1.5
200000496,107.973,0,0,-107.973,107.973,496,0,0,0,25,15,52.7003,136.883,1.5
200000496,108.098,0,0,-108.098,108.098,496,0,0,0,25,18,66.8684,130.489,1.5
200000500,98.6381,0,0,-98.6381,98.6381,500,0,0,0,25,12,-30.8722,144.412,1.5
200000503,99.752,0,0,-99.752,99.752,503,0,0,0,25,14,-56.6777,137.306,1.5
200000517,112.506,0,0,-112.506,112.506,517,0,0,0,25,10,-2.05679,142.114,1.5
230893270,99.1008,0,0,-99.1008,99.1008,416,3,-47.6331,112.567,1.5,0,0,0,25
231393091,108.296,0,0,-108.296,108.296,237,9,11.231,65.8024,1.5,0,0,0,25
234893354,98.6381,0,0,-98.6381,98.6381,500,12,-30.8722,144.412,1.5,0,0,0,25
237393291,105.373,0,0,-105.373,105.373,437,17,54.0654,116.716,1.5,0,0,0,25
239393371,112.506,0,0,-112.506,112.506,517,10,-2.05679,142.114,1.5,0,0,0,25
242393106,90.4945,0,0,-90.4945,90.4945,252,16,21.4898,68.3203,1.5,0,0,0,25
243893063,90.9965,0,0,-90.9965,90.9965,209,7,14.7437,55.9186,1.5,0,0,0,25
244893093,97.261,0,0,-97.261,97.261,239,1,-17.1405,65.417,1.5,0,0,0,25
245393216,96.9335,0,0,-96.9335,96.9335,362,5,-42.093,96.9204,1.5,0,0,0,25
246393185,98.3699,0,0,-98.3699,98.3699,331,13,39.837,87.4728,1.5,0,0,0,25
247393338,98.1833,0,0,-98.1833,98.1833,484,8,-44.4658,135.76,1.5,0,0,0,25
248393070,87.6048,0,0,-87.6048,87.6048,216,19,19.2952,57.1881,1.5,0,0,0,25
250000188,103.78,0,0,-103.78,103.78,188,0,0,0,25,6,3.48185,50.8191,1.5
250000204,88.6126,0,0,-88.6126,88.6126,204,0,0,0,25,4,-24.7719,51.1484,1.5
250000209,90.9965,0,0,-90.9965,90.9965,209,0,0,0,25,7,14.7437,55.9186,1.5
250000216,87.6048,0,0,-87.6048,87.6048,216,0,0,0,25,19,19.2952,57.1881,1.5
250000237,108.296,0,0,-108.296,108.296,237,0,0,0,25,9,11.231,65.8024,1.5
250000239,97.261,0,0,-97.261,97.261,239,0,0,0,25,1,-17.1405,65.417,1.5
250000252,90.4945,0,0,-90.4945,90.4945,252,0,0,0,25,16,21.4898,68.3203,1.5
250000331,98.3699,0,0,-98.3699,98.3699,331,0,0,0,25,13,39.837,87.4728,1.5
250000343,104.85,0,0,-104.85,104.85,343,0,0,0,25,20,27.3192,96.1596,1.5
250000362,96.9335,0,0,-96.9335,96.9335,362,0,0,0,25,5,-42.093,96.9204,1.5
250000379,111.077,0,0,-111.077,111.077,379,0,0,0,25,2,-4.57993,99.3642,1.5
250000416,99.1008,0,0,-99.1008,99.1008,416,0,0,0,25,3,-47.6331,112.567,1.5
250000437,105.373,0,0,-105.373,105.373,437,0,0,0,25,17,54.0654,116.716,1.5
250000440,119.932,0,0,-119.932,119.932,440,0,0,0,25,11,24.6047,127.255,1.5
250000484,98.1833,0,0,-98.1833,98.1833,484,0,0,0,25,8,-44.4658,135.76,1.5
250000496,107.973,0,0,-107.973,107.973,496,0,0,0,25,15,52.7003,136.883,1.5
250000496,108.098,0,0,-108.098,108.098,496,0,0,0,25,18,66.8684,130.489,1.5
250000500,98.6381,0,0,-98.6381,98.6381,500,0,0,0,25,12,-30.8722,144.412,1.5
250000503,99.752,0,0,-99.752,99.752,503,0,0,0,25,14,-56.6777,137.306,1.5
250000517,112.506,0,0,-112.506,112.506,517,0,0,0,25,10,-2.05679,142.114,1.5
251893058,88.6126,0,0,-88.6126,88.6126,204,4,-24.7719,51.1484,1.5,0,0,0,25
253393350,108.098,0,0,-108.098,108.098,496,18,66.8684,130.489,1.5,0,0,0,25
255893233,111.077,0,0,-111.077,111.077,379,2,-4.57993,99.3642,1.5,0,0,0,25
258393294,119.932,0,0,-119.932,119.932,440,11,24.6047,127.255,1.5,0,0,0,25
260893042,103.78,0,0,-103.78,103.78,188,6,3.48185,50.8191,1.5,0,0,0,25
264893197,104.85,0,0,-104.85,104.85,343,20,27.3192,96.1596,1.5,0,0,0,25
265393357,99.752,0,0,-99.752,99.752,503,14,-56.6777,137.306,1.5,0,0,0,25
266393350,107.973,0,0,-107.973,107.973,496,15,52.7003,136.883,1.5,0,0,0,25
300000188,103.78,0,0,-103.78,103.78,188,0,0,0,25,6,3.49037,50.6694,1.5
300000204,88.6126,0,0,-88.6126,88.6126,204,0,0,0,25,4,-24.8535,51.2742,1.5
300000209,90.9965,0,0,-90.9965,90.9965,209,0,0,0,25,7,14.822,55.7907,1.5
300000216,87.6048,0,0,-87.6048,87.6048,216,0,0,0,25,19,19.4057,57.0866,1.5
300000237,108.296,0,0,-108.296,108.296,237,0,0,0,25,9,11.14,65.6832,1.5
300000239,97.261,0,0,-97.261,97.261,239,0,0,0,25,1,-17.2385,65.3034,1.5
300000252,90.4945,0,0,-90.4945,90.4945,252,0,0,0,25,16,21.3643,68.2382,1.5
300000331,98.3699,0,0,-98.3699,98.3699,331,0,0,0,25,13,39.75,87.3507,1.5
300000343,104.85,0,0,-104.85,104.85,343,0,0,0,25,20,27.185,96.0925,1.5
300000362,96.9335,0,0,-96.9335,96.9335,362,0,0,0,25,5,-42.0606,96.774,1.5
300000379,111.077,0,0,-111.077,111.077,379,0,0,0,25,2,-4.72265,99.4103,1.5
300000416,99.1008,0,0,-99.1008,99.1008,416,0,0,0,25,3,-47.4989,112.5,1.5
300000437,105.373,0,0,-105.373,105.373,437,0,0,0,25,17,54.022,116.573,1.5
300000440,119.932,0,0,-119.932,119.932,440,0,0,0,25,11,24.5477,127.116,1.5
300000484,98.1833,0,0,-98.1833,98.1833,484,0,0,0,25,8,-44.3349,135.687,1.5
300000496,107.973,0,0,-107.973,107.973,496,0,0,0,25,15,52.6308,136.75,1.5
300000496,108.098,0,0,-108.098,108.098,496,0,0,0,25,18,66.7781,130.369,1.5
300000500,98.6381,0,0,-98.6381,98.6381,500,0,0,0,25,12,-30.9166,144.269,1.5
300000503,99.752,0,0,-99.752,99.752,503,0,0,0,25,14,-56.6024,137.176,1.5
300000517,112.506,0,0,-112.506,112.506,517,0,0,0,25,10,-2,141.977,1.5
310893270,99.1008,0,0,-99.1008,99.1008,416,3,-47.4989,112.5,1.5,0,0,0,25
311393091,108.296,0,0,-108.296,108.296,237,9,11.14,65.6832,1.5,0,0,0,25
314893354,98.6381,0,0,-98.6381,98.6381,500,12,-30.9166,144.269,1.5,0,0,0,25
317393291,105.373,0,0,-105.373,105.373,437,17,54.022,116.573,1.5,0,0,0,25
319393371,112.506,0,0,-112.506,112.506,517,10,-2,141.977,1.5,0,0,0,25
322393106,90.4945,0,0,-90.4945,90.4945,252,16,21.3643,68.2382,1.5,0,0,0,25
323893063,90.9965,0,0,-90.9965,90.9965,209,7,14.822,55.7907,1.5,0,0,0,25
324893093,97.261,0,0,-97.261,97.261,239,1,-17.2385,65.3034,1.5,0,0,0,25
325393216,96.9335,0,0,-96.9335,96.9335,362,5,-42.0606,96.774,1.5,0,0,0,25
326393185,98.3699,0,0,-98.3699,98.3699,331,13,39.75,87.3507,1.5,0,0,0,25
327393338,98.1833,0,0,-98.1833,98.1833,484,8,-44.3349,135.687,1.5,0,0,0,25
328393070,87.6048,0,0,-87.6048,87.6048,216,19,19.4057,57.0866,1.5,0,0,0,25
331893058,88.6126,0,0,-88.6126,88.6126,204,4,-24.8535,51.2742,1.5,0,0,0,25
333393350,108.098,0,0,-108.098,108.098,496,18,66.7781,130.369,1.5,0,0,0,25
335893233,111.077,0,0,-111.077,111.077,379,2,-4.72265,99.4103,1.5,0,0,0,25
338393294,119.932,0,0,-119.932,119.932,440,11,24.5477,127.116,1.5,0,0,0,25
340893042,103.78,0,0,-103.78,103.78,188,6,3.49037,50.6694,1.5,0,0,0,25
344893197,104.85,0,0,-104.85,104.85,343,20,27.185,96.0925,1.5,0,0,0,25
345393357,99.752,0,0,-99.752,99.752,503,14,-56.6024,137.176,1.5,0,0,0,25
346393350,107.973,0,0,-107.973,107.973,496,15,52.6308,136.75,1.5,0,0,0,25
350000188,103.78,0,0,-103.78,103.78,188,0,0,0,25,6,3.49037,50.6694,1.5
350000204,88.6126,0,0,-88.6126,88.6126,204,0,0,0,25,4,-24.8535,51.2742,1.5
350000209,90.9965,0,0,-90.9965,90.9965,209,0,0,0,25,7,14.822,55.7907,1.5
350000216,87.6048,0,0,-87.6048,87.6048,216,0,0,0,25,19,19.4057,57.0866,1.5
350000237,108.296,0,0,-108.296,108.296,237,0,0,0,25,9,11.14,65.6832,1.5
350000239,97.261,0,0,-97.261,97.261,239,0,0,0,25,1,-17.2385,65.3034,1.5
350000252,90.4945,0,0,-90.4945,90.4945,252,0,0,0,25,16,21.3643,68.2382,1.5
350000331,98.3699,0,0,-98.3699,98.3699,331,0,0,0,25,13,39.75,87.3507,1.5
350000343,104.85,0,0,-104.85,104.85,343,0,0,0,25,20,27.185,96.0925,1.5
350000362,96.9335,0,0,-96.9335,96.9335,362,0,0,0,25,5,-42.0606,96.774,1.5
350000379,111.077,0,0,-111.077,111.077,379,0,0,0,25,2,-4.72265,99.4103,1.5
350000416,99.1008,0,0,-99.1008,99.1008,416,0,0,0,25,3,-47.4989,112.5,1.5
350000437,105.373,0,0,-105.373,105.373,437,0,0,0,25,17,54.022,116.573,1.5
350000440,119.932,0,0,-119.932,119.932,440,0,0,0,25,11,24.5477,127.116,1.5
350000484,98.1833,0,0,-98.1833,98.1833,484,0,0,0,25,8,-44.3349,135.687,1.5
350000496,107.973,0,0,-107.973,107.973,496,0,0,0,25,15,52.6308,136.75,1.5
350000496,108.098,0,0,-108.098,108.098,496,0,0,0,25,18,66.7781,130.369,1.5
350000500,98.6381,0,0,-98.6381,98.6381,500,0,0,0,25,12,-30.9166,144.269,1.5
350000503,99.752,0,0,-99.752,99.752,503,0,0,0,25,14,-56.6024,137.176,1.5
350000517,112.506,0,0,-112.506,112.506,517,0,0,0,25,10,-2,141.977,1.5
390893270,99.1008,0,0,-99.1008,99.1008,416,3,-47.4989,112.5,1.5,0,0,0,25
391393091,108.296,0,0,-108.296,108.296,237,9,11.14,65.6832,1.5,0,0,0,25
394893354,98.6381,0,0,-98.6381,98.6381,500,12,-30.9166,144.269,1.5,0,0,0,25
397393291,105.373,0,0,-105.373,105.373,437,17,54.022,116.573,1.5,0,0,0,25
399393371,112.506,0,0,-112.506,112.506,517,10,-2,141.977,1.5,0,0,0,25
400000188,103.78,0,0,-103.78,103.78,188,0,0,0,25,6,3.49889,50.5196,1.5
400000204,88.6126,0,0,-88.6126,88.6126,204,0,0,0,25,4,-24.9352,51.4001,1.5
400000209,90.9965,0,0,-90.9965,90.9965,209,0,0,0,25,7,14.9004,55.6627,1.5
400000216,87.6048,0,0,-87.6048,87.6048,216,0,0,0,25,19,19.5155,56.9845,1.5
400000237,108.296,0,0,-108.296,108.296,237,0,0,0,25,9,11.0489,65.564,1.5
400000239,97.261,0,0,-97.261,97.261,239,0,0,0,25,1,-17.3364,65.1898,1.5
400000252,90.4945,0,0,-90.4945,90.4945,252,0,0,0,25,16,21.2387,68.1561,1.5
400000331,98.3699,0,0,-98.3699,98.3699,331,0,0,0,25,13,39.6629,87.2285,1.5
400000343,104.85,0,0,-104.85,104.85,343,0,0,0,25,20,27.0509,96.0254,1.5
400000362,96.9335,0,0,-96.9335,96.9335,362,0,0,0,25,5,-42.0282,96.6275,1.5
400000379,111.077,0,0,-111.077,111.077,379,0,0,0,25,2,-4.86537,99.4565,1.5
400000416,99.1008,0,0,-99.1008,99.1008,416,0,0,0,25,3,-47.3489,112.5,1.5
400000437,105.373,0,0,-105.373,105.373,437,0,0,0,25,17,54,116.426,1.5
400000440,119.932,0,0,-119.932,119.932,440,0,0,0,25,11,24.5,126.976,1.5
400000484,98.1833,0,0,-98.1833,98.1833,484,0,0,0,25,8,-44.2039,135.614,1.5
400000496,107.973,0,0,-107.973,107.973,496,0,0,0,25,15,52.5612,136.617,1.5
400000496,108.098,0,0,-108.098,108.098,496,0,0,0,25,18,66.6878,130.249,1.5
400000500,98.6381,0,0,-98.6381,98.6381,500,0,0,0,25,12,-30.9611,144.126,1.5
400000503,99.752,0,0,-99.752,99.752,503,0,0,0,25,14,-56.5271,137.047,1.5
400000517,112.506,0,0,-112.506,112.506,517,0,0,0,25,10,-2,141.827,1.5
402393106,90.4945,0,0,-90.4945,90.4945,252,16,21.2387,68.1561,1.5,0,0,0,25
403893063,90.9965,0,0,-90.9965,90.9965,209,7,14.9004,55.6627,1.5,0,0,0,25
404893093,97.261,0,0,-97.261,97.261,239,1,-17.3364,65.1898,1.5,0,0,0,25
405393216,96.9335,0,0,-96.9335,96.9335,362,5,-42.0282,96.6275,1.5,0,0,0,25
406393185,98.3699,0,0,-98.3699,98.3699,331,13,39.6629,87.2285,1.5,0,0,0,25
407393338,98.1833,0,0,-98.1833,98.1833,484,8,-44.2039,135.614,1.5,0,0,0,25
408393070,87.6048,0,0,-87.6048,87.6048,216,19,19.5155,56.9845,1.5,0,0,0,25
411893058,88.6126,0,0,-88.6126,88.6126,204,4,-24.9352,51.4001,1.5,0,0,0,25
413393350,108.098,0,0,-108.098,108.098,496,18,66.6878,130.249,1.5,0,0,0,25
415893233,111.077,0,0,-111.077,111.077,379,2,-4.86537,99.4565,1.5,0,0,0,25
418393294,119.932,0,0,-119.932,119.932,440,11,24.5,126.976,1.5,0,0,0,25
420893042,103.78,0,0,-103.78,103.78,188,6,3.49889,50.5196,1.5,0,0,0,25
424893197,104.85,0,0,-104.85,104.85,343,20,27.0509,96.0254,1.5,0,0,0,25
425393357,99.752,0,0,-99.752,99.752,503,14,-56.5271,137.047,1.5,0,0,0,25
426393350,107.973,0,0,-107.973,107.973,496,15,52.5612,136.617,1.5,0,0,0,25
450000188,103.78,0,0,-103.78,103.78,188,0,0,0,25,6,3.49889,50.5196,1.5
450000204,88.6126,0,0,-88.6126,88.6126,204,0,0,0,25,4,-24.9352,51.4001,1.5
450000209,90.9965,0,0,-90.9965,90.9965,209,0,0,0,25,7,14.9004,55.6627,1.5
450000216,87.6048,0,0,-87.6048,87.6048,216,0,0,0,25,19,19.5155,56.9845,1.5
450000237,108.296,0,0,-108.296,108.296,237,0,0,0,25,9,11.0489,65.564,1.5
450000239,97.261,0,0,-97.261,97.261,239,0,0,0,25,1,-17.3364,65.1898,1.5
450000252,90.4945,0,0,-90.4945,90.4945,252,0,0,0,25,16,21.2387,68.1561,1.5
450000331,98.3699,0,0,-98.3699,98.3699,331,0,0,0,25,13,39.6629,87.2285,1.5
450000343,104.85,0,0,-104.85,104.85,343,0,0,0,25,20,27.0509,96.0254,1.5
450000362,96.9335,0,0,-96.9335,96.9335,362,0,0,0,25,5,-42.0282,96.6275,1.5
450000379,111.077,0,0,-111.077,111.077,379,0,0,0,25,2,-4.86537,99.4565,1.5
450000416,99.1008,0,0,-99.1008,99.1008,416,0,0,0,25,3,-47.3489,112.5,1.5
450000437,105.373,0,0,-105.373,105.373,437,0,0,0,25,17,54,116.426,1.5
450000440,119.932,0,0,-119.932,119.932,440,0,0,0,25,11,24.5,126.976,1.5
450000484,98.1833,0,0,-98.1833,98.1833,484,0,0,0,25,8,-44.2039,135.614,1.5
450000496,107.973,0,0,-107.973,107.973,496,0,0,0,25,15,52.5612,136.617,1.5
450000496,108.098,0,0,-108.098,108.098,496,0,0,0,25,18,66.6878,130.249,1.5
450000500,98.6381,0,0,-98.6381,98.6381,500,0,0,0,25,12,-30.9611,144.126,1.5
450000503,99.752,0,0,-99.752,99.752,503,0,0,0,25,14,-56.5271,137.047,1.5
450000517,112.506,0,0,-112.506,112.506,517,0,0,0,25,10,-2,141.827,1.5
470893270,99.1008,0,0,-99.1008,99.1008,416,3,-47.3489,112.5,1.5,0,0,0,25
471393091,108.296,0,0,-108.296,108.296,237,9,11.0489,65.564,1.5,0,0,0,25
474893354,98.6381,0,0,-98.6381,98.6381,500,12,-30.9611,144.126,1.5,0,0,0,25
477393291,105.373,0,0,-105.373,105.373,437,17,54,116.426,1.5,0,0,0,25
479393371,112.506,0,0,-112.506,112.506,517,10,-2,141.827,1.5,0,0,0,25
482393106,90.4945,0,0,-90.4945,90.4945,252,16,21.2387,68.1561,1.5,0,0,0,25
483893063,90.9965,0,0,-90.9965,90.9965,209,7,14.9004,55.6627,1.5,0,0,0,25
484893093,97.261,0,0,-97.261,97.261,239,1,-17.3364,65.1898,1.5,0,0,0,25
485393216,96.9335,0,0,-96.9335,96.9335,362,5,-42.0282,96.6275,1.5,0,0,0,25
486393185,98.3699,0,0,-98.3699,98.3699,331,13,39.6629,87.2285,1.5,0,0,0,25
487393338,98.1833,0,0,-98.1833,98.1833,484,8,-44.2039,135.614,1.5,0,0,0,25
488393070,87.6048,0,0,-87.6048,87.6048,216,19,19.5155,56.9845,1.5,0,0,0,25
491893058,88.6126,0,0,-88.6126,88.6126,204,4,-24.9352,51.4001,1.5,0,0,0,25
493393350,108.098,0,0,-108.098,108.098,496,18,66.6878,130.249,1.5,0,0,0,25
495893233,111.077,0,0,-111.077,111.077,379,2,-4.86537,99.4565,1.5,0,0,0,25
498393294,119.932,0,0,-119.932,119.932,440,11,24.5,126.976,1.5,0,0,0,25
500000188,103.78,0,0,-103.78,103.78,188,0,0,0,25,6,3.5,50.3696,1.5
500000204,88.6126,0,0,-88.6126,88.6126,204,0,0,0,25,4,-25.0218,51.5218,1.5
500000209,90.9965,0,0,-90.9965,90.9965,209,0,0,0,25,7,14.9787,55.5348,1.5
500000216,87.6048,0,0,-87.6048,87.6048,216,0,0,0,25,19,19.6216,56.8784,1.5
500000237,108.296,0,0,-108.296,108.296,237,0,0,0,25,9,10.9509,65.4509,1.5
500000239,97.261,0,0,-97.261,97.261,239,0,0,0,25,1,-17.4343,65.0762,1.5
500000252,90.4945,0,0,-90.4945,90.4945,252,0,0,0,25,16,21.1132,68.074,1.5
500000331,98.3699,0,0,-98.3699,98.3699,331,0,0,0,25,13,39.5758,87.1064,1.5
500000343,104.85,0,0,-104.85,104.85,343,0,0,0,25,20,26.9342,95.9342,1.5
500000362,96.9335,0,0,-96.9335,96.9335,362,0,0,0,25,5,-42,96.4806,1.5
500000379,111.077,0,0,-111.077,111.077,379,0,0,0,25,2,-5.00851,99.5,1.5
500000416,99.1008,0,0,-99.1008,99.1008,416,0,0,0,25,3,-47.1989,112.5,1.5
500000437,105.373,0,0,-105.373,105.373,437,0,0,0,25,17,54,116.276,1.5
500000440,119.932,0,0,-119.932,119.932,440,0,0,0,25,11,24.5,126.826,1.5
500000484,98.1833,0,0,-98.1833,98.1833,484,0,0,0,25,8,-44.0729,135.541,1.5
500000496,107.973,0,0,-107.973,107.973,496,0,0,0,25,15,52.4873,136.487,1.5
500000496,108.098,0,0,-108.098,108.098,496,0,0,0,25,18,66.5975,130.129,1.5
500000500,98.6381,0,0,-98.6381,98.6381,500,0,0,0,25,12,-31,143.982,1.5
500000503,99.752,0,0,-99.752,99.752,503,0,0,0,25,14,-56.4321,136.932,1.5
500000517,112.506,0,0,-112.506,112.506,517,0,0,0,25,10,-2,141.677,1.5
500893042,103.78,0,0,-103.78,103.78,188,6,3.5,50.3696,1.5,0,0,0,25
504893197,104.85,0,0,-104.85,104.85,343,20,26.9342,95.9342,1.5,0,0,0,25
505393357,99.752,0,0,-99.752,99.752,503,14,-56.4321,136.932,1.5,0,0,0,25
506393350,107.973,0,0,-107.973,107.973,496,15,52.4873,136.487,1.5,0,0,0,25
535928807,97.261,0,0,-97.261,97.261,239,1,-17.4343,65.0762,1.5,0,0,0,25
545928947,111.077,0,0,-111.077,111.077,379,2,-5.00851,99.5,1.5,0,0,0,25
550000188,103.78,0,0,-103.78,103.78,188,0,0,0,25,6,3.5,50.3696,1.5
550000204,88.6126,0,0,-88.6126,88.6126,204,0,0,0,25,4,-25.0218,51.5218,1.5
550000209,90.9965,0,0,-90.9965,90.9965,209,0,0,0,25,7,14.9787,55.5348,1.5
550000216,87.6048,0,0,-87.6048,87.6048,216,0,0,0,25,19,19.6216,56.8784,1.5
550000237,108.296,0,0,-108.296,108.296,237,0,0,0,25,9,10.9509,65.4509,1.5
550000239,97.261,0,0,-97.261,97.261,239,0,0,0,25,1,-17.4343,65.0762,1.5
550000252,90.4945,0,0,-90.4945,90.4945,252,0,0,0,25,16,21.1132,68.074,1.5
550000331,98.3699,0,0,-98.3699,98.3699,331,0,0,0,25,13,39.5758,87.1064,1.5
550000343,104.85,0,0,-104.85,104.85,343,0,0,0,25,20,26.9342,95.9342,1.5
550000362,96.9335,0,0,-96.9335,96.9335,362,0,0,0,25,5,-42,96.4806,1.5
550000379,111.077,0,0,-111.077,111.077,379,0,0,0,25,2,-5.00851,99.5,1.5
550000416,99.1008,0,0,-99.1008,99.1008,416,0,0,0,25,3,-47.1989,112.5,1.5
550000437,105.373,0,0,-105.373,105.373,437,0,0,0,25,17,54,116.276,1.5
550000440,119.932,0,0,-119.932,119.932,440,0,0,0,25,11,24.5,126.826,1.5
550000484,98.1833,0,0,-98.1833,98.1833,484,0,0,0,25,8,-44.0729,135.541,1.5
550000496,107.973,0,0,-107.973,107.973,496,0,0,0,25,15,52.4873,136.487,1.5
550000496,108.098,0,0,-108.098,108.098,496,0,0,0,25,18,66.5975,130.129,1.5
550000500,98.6381,0,0,-98.6381,98.6381,500,0,0,0,25,12,-31,143.982,1.5
550000503,99.752,0,0,-99.752,99.752,503,0,0,0,25,14,-56.4321,136.932,1.5
550000517,112.506,0,0,-112.506,112.506,517,0,0,0,25,10,-2,141.677,1.5
550893270,99.1008,0,0,-99.1008,99.1008,416,3,-47.1989,112.5,1.5,0,0,0,25
551393091,108.296,0,0,-108.296,108.296,237,9,10.9509,65.4509,1.5,0,0,0,25
554893354,98.6381,0,0,-98.6381,98.6381,500,12,-31,143.982,1.5,0,0,0,25
557393291,105.373,0,0,-105.373,105.373,437,17,54,116.276,1.5,0,0,0,25
559393371,112.506,0,0,-112.506,112.506,517,10,-2,141.677,1.5,0,0,0,25
562393106,90.4945,0,0,-90.4945,90.4945,252,16,21.1132,68.074,1.5,0,0,0,25
563893063,90.9965,0,0,-90.9965,90.9965,209,7,14.9787,55.5348,1.5,0,0,0,25
565393216,96.9335,0,0,-96.9335,96.9335,362,5,-42,96.4806,1.5,0,0,0,25
566393185,98.3699,0,0,-98.3699,98.3699,331,13,39.5758,87.1064,1.5,0,0,0,25
567393338,98.1833,0,0,-98.1833,98.1833,484,8,-44.0729,135.541,1.5,0,0,0,25
568393070,87.6048,0,0,-87.6048,87.6048,216,19,19.6216,56.8784,1.5,0,0,0,25
571893058,88.6126,0,0,-88.6126,88.6126,204,4,-25.0218,51.5218,1.5,0,0,0,25
573393350,108.098,0,0,-108.098,108.098,496,18,66.5975,130.129,1.5,0,0,0,25
578393294,119.932,0,0,-119.932,119.932,440,11,24.5,126.826,1.5,0,0,0,25
580893042,103.78,0,0,-103.78,103.78,188,6,3.5,50.3696,1.5,0,0,0,25
584893197,104.85,0,0,-104.85,104.85,343,20,26.9342,95.9342,1.5,0,0,0,25
585393357,99.752,0,0,-99.752,99.752,503,14,-56.4321,136.932,1.5,0,0,0,25
586393350,107.973,0,0,-107.973,107.973,496,15,52.4873,136.487,1.5,0,0,0,25
587428807,97.261,0,0,-97.261,97.261,239,1,-17.4343,65.0762,1.5,0,0,0,25
596928947,111.077,0,0,-111.077,111.077,379,2,-5.00851,99.5,1.5,0,0,0,25
600000188,103.78,0,0,-103.78,103.78,188,0,0,0,25,6,3.5,50.2196,1.5
600000204,88.6126,0,0,-88.6126,88.6126,204,0,0,0,25,4,-25.1279,51.6279,1.5
600000209,90.9965,0,0,-90.9965,90.9965,209,0,0,0,25,7,15.0772,55.4228,1.5
600000216,87.6048,0,0,-87.6048,87.6048,216,0,0,0,25,19,19.7276,56.7724,1.5
600000237,108.296,0,0,-108.296,108.296,237,0,0,0,25,9,10.8448,65.3448,1.5
600000239,97.261,0,0,-97.261,97.261,239,0,0,0,25,1,-17.535,64.965,1.5
600000252,90.4945,0,0,-90.4945,90.4945,252,0,0,0,25,16,20.9896,67.9896,1.5
600000331,98.3699,0,0,-98.3699,98.3699,331,0,0,0,25,13,39.4863,86.9863,1.5
600000343,104.85,0,0,-104.85,104.85,343,0,0,0,25,20,26.8281,95.8281,1.5
600000362,96.9335,0,0,-96.9335,96.9335,362,0,0,0,25,5,-42,96.3306,1.5
600000379,111.077,0,0,-111.077,111.077,379,0,0,0,25,2,-5.15851,99.5,1.5
600000416,99.1008,0,0,-99.1008,99.1008,416,0,0,0,25,3,-47.0489,112.5,1.5
600000437,105.373,0,0,-105.373,105.373,437,0,0,0,25,17,54,116.126,1.5
600000440,119.932,0,0,-119.932,119.932,440,0,0,0,25,11,24.5,126.676,1.5
600000484,98.1833,0,0,-98.1833,98.1833,484,0,0,0,25,8,-44,135.434,1.5
600000496,107.973,0,0,-107.973,107.973,496,0,0,0,25,15,52.3813,136.381,1.5
600000496,108.098,0,0,-108.098,108.098,496,0,0,0,25,18,66.5072,130.01,1.5
600000500,98.6381,0,0,-98.6381,98.6381,500,0,0,0,25,12,-31,143.832,1.5
600000503,99.752,0,0,-99.752,99.752,503,0,0,0,25,14,-56.326,136.826,1.5
600000517,112.506,0,0,-112.506,112.506,517,0,0,0,25,10,-2,141.527,1.5
600928984,99.1008,0,0,-99.1008,99.1008,416,3,-47.0489,112.5,1.5,0,0,0,25
619928930,96.9335,0,0,-96.9335,96.9335,362,5,-42,96.3306,1.5,0,0,0,25
621928772,88.6126,0,0,-88.6126,88.6126,204,4,-25.1279,51.6279,1.5,0,0,0,25
631393091,108.296,0,0,-108.296,108.296,237,9,10.8448,65.3448,1.5,0,0,0,25
634893354,98.6381,0,0,-98.6381,98.6381,500,12,-31,143.832,1.5,0,0,0,25
635428756,103.78,0,0,-103.78,103.78,188,6,3.5,50.2196,1.5,0,0,0,25
637393291,105.373,0,0,-105.373,105.373,437,17,54,116.126,1.5,0,0,0,25
639393371,112.506,0,0,-112.506,112.506,517,10,-2,141.527,1.5,0,0,0,25
639428807,97.261,0,0,-97.261,97.261,239,1,-17.535,64.965,1.5,0,0,0,25
642393106,90.4945,0,0,-90.4945,90.4945,252,16,20.9896,67.9896,1.5,0,0,0,25
643893063,90.9965,0,0,-90.9965,90.9965,209,7,15.0772,55.4228,1.5,0,0,0,25
646393185,98.3699,0,0,-98.3699,98.3699,331,13,39.4863,86.9863,1.5,0,0,0,25
647393338,98.1833,0,0,-98.1833,98.1833,484,8,-44,135.434,1.5,0,0,0,25
647428947,111.077,0,0,-111.077,111.077,379,2,-5.15851,99.5,1.5,0,0,0,25
648393070,87.6048,0,0,-87.6048,87.6048,216,19,19.7276,56.7724,1.5,0,0,0,25
650000188,103.78,0,0,-103.78,103.78,188,0,0,0,25,6,3.5,50.2196,1.5
650000204,88.6126,0,0,-88.6126,88.6126,204,0,0,0,25,4,-25.1279,51.6279,1.5
650000209,90.9965,0,0,-90.9965,90.9965,209,0,0,0,25,7,15.0772,55.4228,1.5
650000216,87.6048,0,0,-87.6048,87.6048,216,0,0,0,25,19,19.7276,56.7724,1.5
650000237,108.296,0,0,-108.296,108.296,237,0,0,0,25,9,10.8448,65.3448,1.5
650000239,97.261,0,0,-97.261,97.261,239,0,0,0,25,1,-17.535,64.965,1.5
650000252,90.4945,0,0,-90.4945,90.4945,252,0,0,0,25,16,20.9896,67.9896,1.5
650000331,98.3699,0,0,-98.3699,98.3699,331,0,0,0,25,13,39.4863,86.9863,1.5
650000343,104.85,0,0,-104.85,104.85,343,0,0,0,25,20,26.8281,95.8281,1.5
650000362,96.9335,0,0,-96.9335,96.9335,362,0,0,0,25,5,-42,96.3306,1.5
650000379,111.077,0,0,-111.077,111.077,379,0,0,0,25,2,-5.15851,99.5,1.5
650000416,99.1008,0,0,-99.1008,99.1008,416,0,0,0,25,3,-47.0489,112.5,1.5
650000437,105.373,0,0,-105.373,105.373,437,0,0,0,25,17,54,116.126,1.5
650000440,119.932,0,0,-119.932,119.932,440,0,0,0,25,11,24.5,126.676,1.5
650000484,98.1833,0,0,-98.1833,98.1833,484,0,0,0,25,8,-44,135.434,1.5
650000496,107.973,0,0,-107.973,107.973,496,0,0,0,25,15,52.3813,136.381,1.5
650000496,108.098,0,0,-108.098,108.098,496,0,0,0,25,18,66.5072,130.01,1.5
650000500,98.6381,0,0,-98.6381,98.6381,500,0,0,0,25,12,-31,143.832,1.5
650000503,99.752,0,0,-99.752,99.752,503,0,0,0,25,14,-56.326,136.826,1.5
650000517,112.506,0,0,-112.506,112.506,517,0,0,0,25,10,-2,141.527,1.5
652928984,99.1008,0,0,-99.1008,99.1008,416,3,-47.0489,112.5,1.5,0,0,0,25
653393350,108.098,0,0,-108.098,108.098,496,18,66.5072,130.01,1.5,0,0,0,25
658393294,119.932,0,0,-119.932,119.932,440,11,24.5,126.676,1.5,0,0,0,25
664893197,104.85,0,0,-104.85,104.85,343,20,26.8281,95.8281,1.5,0,0,0,25
665393357,99.752,0,0,-99.752,99.752,503,14,-56.326,136.826,1.5,0,0,0,25
666393350,107.973,0,0,-107.973,107.973,496,15,52.3813,136.381,1.5,0,0,0,25
671928930,96.9335,0,0,-96.9335,96.9335,362,5,-42,96.3306,1.5,0,0,0,25
673928772,88.6126,0,0,-88.6126,88.6126,204,4,-25.1279,51.6279,1.5,0,0,0,25
687428756,103.78,0,0,-103.78,103.78,188,6,3.5,50.2196,1.5,0,0,0,25
687428805,108.296,0,0,-108.296,108.296,237,9,10.8448,65.3448,1.5,0,0,0,25
691428807,97.261,0,0,-97.261,97.261,239,1,-17.535,64.965,1.5,0,0,0,25
696428777,90.9965,0,0,-90.9965,90.9965,209,7,15.0772,55.4228,1.5,0,0,0,25
700000188,103.78,0,0,-103.78,103.78,188,0,0,0,25,6,3.5,50.0696,1.5
700000204,88.6126,0,0,-88.6126,88.6126,204,0,0,0,25,4,-25.234,51.734,1.5
700000209,90.9965,0,0,-90.9965,90.9965,209,0,0,0,25,7,15.1833,55.3167,1.5
700000216,87.6048,0,0,-87.6048,87.6048,216,0,0,0,25,19,19.8337,56.6663,1.5
700000237,108.296,0,0,-108.296,108.296,237,0,0,0,25,9,10.7388,65.2388,1.5
700000239,97.261,0,0,-97.261,97.261,239,0,0,0,25,1,-17.641,64.859,1.5
700000252,90.4945,0,0,-90.4945,90.4945,252,0,0,0,25,16,20.8835,67.8835,1.5
700000331,98.3699,0,0,-98.3699,98.3699,331,0,0,0,25,13,39.3803,86.8803,1.5
700000343,104.85,0,0,-104.85,104.85,343,0,0,0,25,20,26.722,95.722,1.5
700000362,96.9335,0,0,-96.9335,96.9335,362,0,0,0,25,5,-42,96.1806,1.5
700000379,111.077,0,0,-111.077,111.077,379,0,0,0,25,2,-5.30851,99.5,1.5
700000416,99.1008,0,0,-99.1008,99.1008,416,0,0,0,25,3,-46.8989,112.5,1.5
700000437,105.373,0,0,-105.373,105.373,437,0,0,0,25,17,54,115.976,1.5
700000440,119.932,0,0,-119.932,119.932,440,0,0,0,25,11,24.5,126.526,1.5
700000484,98.1833,0,0,-98.1833,98.1833,484,0,0,0,25,8,-44,135.284,1.5
700000496,107.973,0,0,-107.973,107.973,496,0,0,0,25,15,52.2752,136.275,1.5
700000496,108.098,0,0,-108.098,108.098,496,0,0,0,25,18,66.4024,129.902,1.5
700000500,98.6381,0,0,-98.6381,98.6381,500,0,0,0,25,12,-31,143.682,1.5
700000503,99.752,0,0,-99.752,99.752,503,0,0,0,25,14,-56.22,136.72,1.5
700000517,112.506,0,0,-112.506,112.506,517,0,0,0,25,10,-2,141.377,1.5
700429052,98.1833,0,0,-98.1833,98.1833,484,8,-44,135.284,1.5,0,0,0,25
700928947,111.077,0,0,-111.077,111.077,379,2,-5.30851,99.5,1.5,0,0,0,25
704428984,99.1008,0,0,-99.1008,99.1008,416,3,-46.8989,112.5,1.5,0,0,0,25
708429085,112.506,0,0,-112.506,112.506,517,10,-2,141.377,1.5,0,0,0,25
714893354,98.6381,0,0,-98.6381,98.6381,500,12,-31,143.682,1.5,0,0,0,25
717393291,105.373,0,0,-105.373,105.373,437,17,54,115.976,1.5,0,0,0,25
722393106,90.4945,0,0,-90.4945,90.4945,252,16,20.8835,67.8835,1.5,0,0,0,25
723428930,96.9335,0,0,-96.9335,96.9335,362,5,-42,96.1806,1.5,0,0,0,25
725428772,88.6126,0,0,-88.6126,88.6126,204,4,-25.234,51.734,1.5,0,0,0,25
726393185,98.3699,0,0,-98.3699,98.3699,331,13,39.3803,86.8803,1.5,0,0,0,25
728393070,87.6048,0,0,-87.6048,87.6048,216,19,19.8337,56.6663,1.5,0,0,0,25
729429008,119.932,0,0,-119.932,119.932,440,11,24.5,126.526,1.5,0,0,0,25
733393350,108.098,0,0,-108.098,108.098,496,18,66.4024,129.902,1.5,0,0,0,25
738928756,103.78,0,0,-103.78,103.78,188,6,3.5,50.0696,1.5,0,0,0,25
738928805,108.296,0,0,-108.296,108.296,237,9,10.7388,65.2388,1.5,0,0,0,25
742928807,97.261,0,0,-97.261,97.261,239,1,-17.641,64.859,1.5,0,0,0,25
744893197,104.85,0,0,-104.85,104.85,343,20,26.722,95.722,1.5,0,0,0,25
745393357,99.752,0,0,-99.752,99.752,503,14,-56.22,136.72,1.5,0,0,0,25
746393350,107.973,0,0,-107.973,107.973,496,15,52.2752,136.275,1.5,0,0,0,25
746893064,90.9965,0,0,-90.9965,90.9965,209,7,15.1833,55.3167,1.5,0,0,0,25
750000188,103.78,0,0,-103.78,103.78,188,0,0,0,25,6,3.5,50.0696,1.5
750000204,88.6126,0,0,-88.6126,88.6126,204,0,0,0,25,4,-25.234,51.734,1.5
750000209,90.9965,0,0,-90.9965,90.9965,209,0,0,0,25,7,15.1833,55.3167,1.5
750000216,87.6048,0,0,-87.6048,87.6048,216,0,0,0,25,19,19.8337,56.6663,1.5
750000237,108.296,0,0,-108.296,108.296,237,0,0,0,25,9,10.7388,65.2388,1.5
750000239,97.261,0,0,-97.261,97.261,239,0,0,0,25,1,-17.641,64.859,1.5
750000252,90.4945,0,0,-90.4945,90.4945,252,0,0,0,25,16,20.8835,67.8835,1.5
750000331,98.3699,0,0,-98.3699,98.3699,331,0,0,0,25,13,39.3803,86.8803,1.5
750000343,104.85,0,0,-104.85,104.85,343,0,0,0,25,20,26.722,95.722,1.5
750000362,96.9335,0,0,-96.9335,96.9335,362,0,0,0,25,5,-42,96.1806,1.5
750000379,111.077,0,0,-111.077,111.077,379,0,0,0,25,2,-5.30851,99.5,1.5
750000416,99.1008,0,0,-99.1008,99.1008,416,0,0,0,25,3,-46.8989,112.5,1.5
750000437,105.373,0,0,-105.373,105.373,437,0,0,0,25,17,54,115.976,1.5
750000440,119.932,0,0,-119.932,119.932,440,0,0,0,25,11,24.5,126.526,1.5
750000484,98.1833,0,0,-98.1833,98.1833,484,0,0,0,25,8,-44,135.284,1.5
750000496,107.973,0,0,-107.973,107.973,496,0,0,0,25,15,52.2752,136.275,1.5
750000496,108.098,0,0,-108.098,108.098,496,0,0,0,25,18,66.4024,129.902,1.5
750000500,98.6381,0,0,-98.6381,98.6381,500,0,0,0,25,12,-31,143.682,1.5
750000503,99.752,0,0,-99.752,99.752,503,0,0,0,25,14,-56.22,136.72,1.5
750000517,112.506,0,0,-112.506,112.506,517,0,0,0,25,10,-2,141.377,1.5
752428947,111.077,0,0,-111.077,111.077,379,2,-5.30851,99.5,1.5,0,0,0,25
752429052,98.1833,0,0,-98.1833,98.1833,484,8,-44,135.284,1.5,0,0,0,25
755928984,99.1008,0,0,-99.1008,99.1008,416,3,-46.8989,112.5,1.5,0,0,0,25
759393371,112.506,0,0,-112.506,112.506,517,10,-2,141.377,1.5,0,0,0,25
767429068,98.6381,0,0,-98.6381,98.6381,500,12,-31,143.682,1.5,0,0,0,25
775428930,96.9335,0,0,-96.9335,96.9335,362,5,-42,96.1806,1.5,0,0,0,25
776928772,88.6126,0,0,-88.6126,88.6126,204,4,-25.234,51.734,1.5,0,0,0,25
780929008,119.932,0,0,-119.932,119.932,440,11,24.5,126.526,1.5,0,0,0,25
785928899,98.3699,0,0,-98.3699,98.3699,331,13,39.3803,86.8803,1.5,0,0,0,25
790428805,108.296,0,0,-108.296,108.296,237,9,10.7388,65.2388,1.5,0,0,0,25
790928756,103.78,0,0,-103.78,103.78,188,6,3.5,50.0696,1.5,0,0,0,25
794928807,97.261,0,0,-97.261,97.261,239,1,-17.641,64.859,1.5,0,0,0,25
797393291,105.373,0,0,-105.373,105.373,437,17,54,115.976,1.5,0,0,0,25
800000188,103.78,0,0,-103.78,103.78,188,0,0,0,25,6,3.5,49.9196,1.5
800000204,88.6126,0,0,-88.6126,88.6126,204,0,0,0,25,4,-25.34,51.84,1.5
800000209,90.9965,0,0,-90.9965,90.9965,209,0,0,0,25,7,15.2893,55.2107,1.5
800000216,87.6048,0,0,-87.6048,87.6048,216,0,0,0,25,19,19.9398,56.5602,1.5
800000237,108.296,0,0,-108.296,108.296,237,0,0,0,25,9,10.6327,65.1327,1.5
800000239,97.261,0,0,-97.261,97.261,239,0,0,0,25,1,-17.7471,64.7529,1.5
800000252,90.4945,0,0,-90.4945,90.4945,252,0,0,0,25,16,20.7774,67.7774,1.5
800000331,98.3699,0,0,-98.3699,98.3699,331,0,0,0,25,13,39.2742,86.7742,1.5
800000343,104.85,0,0,-104.85,104.85,343,0,0,0,25,20,26.616,95.616,1.5
800000362,96.9335,0,0,-96.9335,96.9335,362,0,0,0,25,5,-42,96.0306,1.5
800000379,111.077,0,0,-111.077,111.077,379,0,0,0,25,2,-5.45851,99.5,1.5
800000416,99.1008,0,0,-99.1008,99.1008,416,0,0,0,25,3,-46.7489,112.5,1.5
800000437,105.373,0,0,-105.373,105.373,437,0,0,0,25,17,54,115.826,1.5
800000440,119.932,0,0,-119.932,119.932,440,0,0,0,25,11,24.5,126.376,1.5
800000484,98.1833,0,0,-98.1833,98.1833,484,0,0,0,25,8,-44,135.134,1.5
800000496,107.973,0,0,-107.973,107.973,496,0,0,0,25,15,52.1691,136.169,1.5
800000496,108.098,0,0,-108.098,108.098,496,0,0,0,25,18,66.2964,129.796,1.5
800000500,98.6381,0,0,-98.6381,98.6381,500,0,0,0,25,12,-31,143.532,1.5
800000503,99.752,0,0,-99.752,99.752,503,0,0,0,25,14,-56.1139,136.614,1.5
800000517,112.506,0,0,-112.506,112.506,517,0,0,0,25,10,-2,141.227,1.5
800428777,90.9965,0,0,-90.9965,90.9965,209,7,15.2893,55.2107,1.5,0,0,0,25
802393106,90.4945,0,0,-90.4945,90.4945,252,16,20.7774,67.7774,1.5,0,0,0,25
803929052,98.1833,0,0,-98.1833,98.1833,484,8,-44,135.134,1.5,0,0,0,25
804428947,111.077,0,0,-111.077,111.077,379,2,-5.45851,99.5,1.5,0,0,0,25
806929071,99.752,0,0,-99.752,99.752,503,14,-56.1139,136.614,1.5,0,0,0,25
808393070,87.6048,0,0,-87.6048,87.6048,216,19,19.9398,56.5602,1.5,0,0,0,25
808428984,99.1008,0,0,-99.1008,99.1008,416,3,-46.7489,112.5,1.5,0,0,0,25
809893372,112.506,0,0,-112.506,112.506,517,10,-2,141.227,1.5,0,0,0,25
813393350,108.098,0,0,-108.098,108.098,496,18,66.2964,129.796,1.5,0,0,0,25
815929064,107.973,0,0,-107.973,107.973,496,15,52.1691,136.169,1.5,0,0,0,25
818929068,98.6381,0,0,-98.6381,98.6381,500,12,-31,143.532,1.5,0,0,0,25
824893197,104.85,0,0,-104.85,104.85,343,20,26.616,95.616,1.5,0,0,0,25
827428930,96.9335,0,0,-96.9335,96.9335,362,5,-42,96.0306,1.5,0,0,0,25
829428772,88.6126,0,0,-88.6126,88.6126,204,4,-25.34,51.84,1.5,0,0,0,25
831357581,119.932,0,0,-119.932,119.932,440,11,24.5,126.376,1.5,0,0,0,25
842428756,103.78,0,0,-103.78,103.78,188,6,3.5,49.9196,1.5,0,0,0,25
842428805,108.296,0,0,-108.296,108.296,237,9,10.6327,65.1327,1.5,0,0,0,25
845428899,98.3699,0,0,-98.3699,98.3699,331,13,39.2742,86.7742,1.5,0,0,0,25
846928807,97.261,0,0,-97.261,97.261,239,1,-17.7471,64.7529,1.5,0,0,0,25
850000188,103.78,0,0,-103.78,103.78,188,0,0,0,25,6,3.5,49.9196,1.5
850000204,88.6126,0,0,-88.6126,88.6126,204,0,0,0,25,4,-25.34,51.84,1.5
850000209,90.9965,0,0,-90.9965,90.9965,209,0,0,0,25,7,15.2893,55.2107,1.5
850000216,87.6048,0,0,-87.6048,87.6048,216,0,0,0,25,19,19.9398,56.5602,1.5
850000237,108.296,0,0,-108.296,108.296,237,0,0,0,25,9,10.6327,65.1327,1.5
850000239,97.261,0,0,-97.261,97.261,239,0,0,0,25,1,-17.7471,64.7529,1.5
850000252,90.4945,0,0,-90.4945,90.4945,252,0,0,0,25,16,20.7774,67.7774,1.5
850000331,98.3699,0,0,-98.3699,98.3699,331,0,0,0,25,13,39.2742,86.7742,1.5
850000343,104.85,0,0,-104.85,104.85,343,0,0,0,25,20,26.616,95.616,1.5
850000362,96.9335,0,0,-96.9335,96.9335,362,0,0,0,25,5,-42,96.0306,1.5
850000379,111.077,0,0,-111.077,111.077,379,0,0,0,25,2,-5.45851,99.5,1.5
850000416,99.1008,0,0,-99.1008,99.1008,416,0,0,0,25,3,-46.7489,112.5,1.5
850000437,105.373,0,0,-105.373,105.373,437,0,0,0,25,17,54,115.826,1.5
850000440,119.932,0,0,-119.932,119.932,440,0,0,0,25,11,24.5,126.376,1.5
850000484,98.1833,0,0,-98.1833,98.1833,484,0,0,0,25,8,-44,135.134,1.5
850000496,107.973,0,0,-107.973,107.973,496,0,0,0,25,15,52.1691,136.169,1.5
850000496,108.098,0,0,-108.098,108.098,496,0,0,0,25,18,66.2964,129.796,1.5
850000500,98.6381,0,0,-98.6381,98.6381,500,0,0,0,25,12,-31,143.532,1.5
850000503,99.752,0,0,-99.752,99.752,503,0,0,0,25,14,-56.1139,136.614,1.5
850000517,112.506,0,0,-112.506,112.506,517,0,0,0,25,10,-2,141.227,1.5
851928777,90.9965,0,0,-90.9965,90.9965,209,7,15.2893,55.2107,1.5,0,0,0,25
852428820,90.4945,0,0,-90.4945,90.4945,252,16,20.7774,67.7774,1.5,0,0,0,25
855893233,111.077,0,0,-111.077,111.077,379,2,-5.45851,99.5,1.5,0,0,0,25
855929052,98.1833,0,0,-98.1833,98.1833,484,8,-44,135.134,1.5,0,0,0,25
859928984,99.1008,0,0,-99.1008,99.1008,416,3,-46.7489,112.5,1.5,0,0,0,25
863429085,112.506,0,0,-112.506,112.506,517,10,-2,141.227,1.5,0,0,0,25
865393357,99.752,0,0,-99.752,99.752,503,14,-56.1139,136.614,1.5,0,0,0,25
866393350,107.973,0,0,-107.973,107.973,496,15,52.1691,136.169,1.5,0,0,0,25
870929068,98.6381,0,0,-98.6381,98.6381,500,12,-31,143.532,1.5,0,0,0,25
877393291,105.373,0,0,-105.373,105.373,437,17,54,115.826,1.5,0,0,0,25
878928930,96.9335,0,0,-96.9335,96.9335,362,5,-42,96.0306,1.5,0,0,0,25
880928772,88.6126,0,0,-88.6126,88.6126,204,4,-25.34,51.84,1.5,0,0,0,25
882429064,108.098,0,0,-108.098,108.098,496,18,66.2964,129.796,1.5,0,0,0,25
884429008,119.932,0,0,-119.932,119.932,440,11,24.5,126.376,1.5,0,0,0,25
888393070,87.6048,0,0,-87.6048,87.6048,216,19,19.9398,56.5602,1.5,0,0,0,25
894428756,103.78,0,0,-103.78,103.78,188,6,3.5,49.9196,1.5,0,0,0,25
894428805,108.296,0,0,-108.296,108.296,237,9,10.6327,65.1327,1.5,0,0,0,25
898428807,97.261,0,0,-97.261,97.261,239,1,-17.7471,64.7529,1.5,0,0,0,25
900000188,103.78,0,0,-103.78,103.78,188,0,0,0,25,6,3.5,49.7696,1.5
900000204,88.6126,0,0,-88.6126,88.6126,204,0,0,0,25,4,-25.4461,51.9461,1.5
900000209,90.9965,0,0,-90.9965,90.9965,209,0,0,0,25,7,15.3954,55.1046,1.5
900000216,87.6048,0,0,-87.6048,87.6048,216,0,0,0,25,19,20.0458,56.4542,1.5
900000237,108.296,0,0,-108.296,108.296,237,0,0,0,25,9,10.5266,65.0266,1.5
900000239,97.261,0,0,-97.261,97.261,239,0,0,0,25,1,-17.8532,64.6468,1.5
900000252,90.4945,0,0,-90.4945,90.4945,252,0,0,0,25,16,20.6714,67.6714,1.5
900000331,98.3699,0,0,-98.3699,98.3699,331,0,0,0,25,13,39.1681,86.6681,1.5
900000343,104.85,0,0,-104.85,104.85,343,0,0,0,25,20,26.5099,95.5099,1.5
900000362,96.9335,0,0,-96.9335,96.9335,362,0,0,0,25,5,-42,95.8806,1.5
900000379,111.077,0,0,-111.077,111.077,379,0,0,0,25,2,-5.60851,99.5,1.5
900000416,99.1008,0,0,-99.1008,99.1008,416,0,0,0,25,3,-46.5989,112.5,1.5
900000437,105.373,0,0,-105.373,105.373,437,0,0,0,25,17,54,115.676,1.5
900000440,119.932,0,0,-119.932,119.932,440,0,0,0,25,11,24.5,126.226,1.5
900000484,98.1833,0,0,-98.1833,98.1833,484,0,0,0,25,8,-43.9884,134.988,1.5
900000496,107.973,0,0,-107.973,107.973,496,0,0,0,25,15,52.0631,136.063,1.5
900000496,108.098,0,0,-108.098,108.098,496,0,0,0,25,18,66.1903,129.69,1.5
900000500,98.6381,0,0,-98.6381,98.6381,500,0,0,0,25,12,-31,143.382,1.5
900000503,99.752,0,0,-99.752,99.752,503,0,0,0,25,14,-56.0078,136.508,1.5
900000517,112.506,0,0,-112.506,112.506,517,0,0,0,25,10,-2,141.077,1.5
903928777,90.9965,0,0,-90.9965,90.9965,209,7,15.3954,55.1046,1.5,0,0,0,25
904893197,104.85,0,0,-104.85,104.85,343,20,26.5099,95.5099,1.5,0,0,0,25
905428899,98.3699,0,0,-98.3699,98.3699,331,13,39.1681,86.6681,1.5,0,0,0,25
907928947,111.077,0,0,-111.077,111.077,379,2,-5.60851,99.5,1.5,0,0,0,25
907929052,98.1833,0,0,-98.1833,98.1833,484,8,-43.9884,134.988,1.5,0,0,0,25
908428820,90.4945,0,0,-90.4945,90.4945,252,16,20.6714,67.6714,1.5,0,0,0,25
910893270,99.1008,0,0,-99.1008,99.1008,416,3,-46.5989,112.5,1.5,0,0,0,25
915429085,112.506,0,0,-112.506,112.506,517,10,-2,141.077,1.5,0,0,0,25
919429064,107.973,0,0,-107.973,107.973,496,15,52.0631,136.063,1.5,0,0,0,25
922929068,98.6381,0,0,-98.6381,98.6381,500,12,-31,143.382,1.5,0,0,0,25
926429071,99.752,0,0,-99.752,99.752,503,14,-56.0078,136.508,1.5,0,0,0,25
929429005,105.373,0,0,-105.373,105.373,437,17,54,115.676,1.5,0,0,0,25
930928930,96.9335,0,0,-96.9335,96.9335,362,5,-42,95.8806,1.5,0,0,0,25
931893058,88.6126,0,0,-88.6126,88.6126,204,4,-25.4461,51.9461,1.5,0,0,0,25
933393350,108.098,0,0,-108.098,108.098,496,18,66.1903,129.69,1.5,0,0,0,25
934893295,119.932,0,0,-119.932,119.932,440,11,24.5,126.226,1.5,0,0,0,25
938428784,87.6048,0,0,-87.6048,87.6048,216,19,20.0458,56.4542,1.5,0,0,0,25
945928805,108.296,0,0,-108.296,108.296,237,9,10.5266,65.0266,1.5,0,0,0,25
946428756,103.78,0,0,-103.78,103.78,188,6,3.5,49.7696,1.5,0,0,0,25
950000188,103.78,0,0,-103.78,103.78,188,0,0,0,25,6,3.5,49.7696,1.5
950000204,88.6126,0,0,-88.6126,88.6126,204,0,0,0,25,4,-25.4461,51.9461,1.5
950000209,90.9965,0,0,-90.9965,90.9965,209,0,0,0,25,7,15.3954,55.1046,1.5
950000216,87.6048,0,0,-87.6048,87.6048,216,0,0,0,25,19,20.0458,56.4542,1.5
950000237,108.296,0,0,-108.296,108.296,237,0,0,0,25,9,10.5266,65.0266,1.5
950000239,97.261,0,0,-97.261,97.261,239,0,0,0,25,1,-17.8532,64.6468,1.5
950000252,90.4945,0,0,-90.4945,90.4945,252,0,0,0,25,16,20.6714,67.6714,1.5
950000331,98.3699,0,0,-98.3699,98.3699,331,0,0,0,25,13,39.1681,86.6681,1.5
950000343,104.85,0,0,-104.85,104.85,343,0,0,0,25,20,26.5099,95.5099,1.5
950000362,96.9335,0,0,-96.9335,96.9335,362,0,0,0,25,5,-42,95.8806,1.5
950000379,111.077,0,0,-111.077,111.077,379,0,0,0,25,2,-5.60851,99.5,1.5
950000416,99.1008,0,0,-99.1008,99.1008,416,0,0,0,25,3,-46.5989,112.5,1.5
950000437,105.373,0,0,-105.373,105.373,437,0,0,0,25,17,54,115.676,1.5
950000440,119.932,0,0,-119.932,119.932,440,0,0,0,25,11,24.5,126.226,1.5
950000484,98.1833,0,0,-98.1833,98.1833,484,0,0,0,25,8,-43.9884,134.988,1.5
950000496,107.973,0,0,-107.973,107.973,496,0,0,0,25,15,52.0631,136.063,1.5
950000496,108.098,0,0,-108.098,108.098,496,0,0,0,25,18,66.1903,129.69,1.5
950000500,98.6381,0,0,-98.6381,98.6381,500,0,0,0,25,12,-31,143.382,1.5
950000503,99.752,0,0,-99.752,99.752,503,0,0,0,25,14,-56.0078,136.508,1.5
950000517,112.506,0,0,-112.506,112.506,517,0,0,0,25,10,-2,141.077,1.5
950428807,97.261,0,0,-97.261,97.261,239,1,-17.8532,64.6468,1.5,0,0,0,25
955928777,90.9965,0,0,-90.9965,90.9965,209,7,15.3954,55.1046,1.5,0,0,0,25
958928911,104.85,0,0,-104.85,104.85,343,20,26.5099,95.5099,1.5,0,0,0,25
959429052,98.1833,0,0,-98.1833,98.1833,484,8,-43.9884,134.988,1.5,0,0,0,25
959928947,111.077,0,0,-111.077,111.077,379,2,-5.60851,99.5,1.5,0,0,0,25
962393106,90.4945,0,0,-90.4945,90.4945,252,16,20.6714,67.6714,1.5,0,0,0,25
963928984,99.1008,0,0,-99.1008,99.1008,416,3,-46.5989,112.5,1.5,0,0,0,25
965428899,98.3699,0,0,-98.3699,98.3699,331,13,39.1681,86.6681,1.5,0,0,0,25
966929085,112.506,0,0,-112.506,112.506,517,10,-2,141.077,1.5,0,0,0,25
974429068,98.6381,0,0,-98.6381,98.6381,500,12,-31,143.382,1.5,0,0,0,25
975429064,107.973,0,0,-107.973,107.973,496,15,52.0631,136.063,1.5,0,0,0,25
982928930,96.9335,0,0,-96.9335,96.9335,362,5,-42,95.8806,1.5,0,0,0,25
984928772,88.6126,0,0,-88.6126,88.6126,204,4,-25.4461,51.9461,1.5,0,0,0,25
985393357,99.752,0,0,-99.752,99.752,503,14,-56.0078,136.508,1.5,0,0,0,25
985929064,108.098,0,0,-108.098,108.098,496,18,66.1903,129.69,1.5,0,0,0,25
987929008,119.932,0,0,-119.932,119.932,440,11,24.5,126.226,1.5,0,0,0,25
995428784,87.6048,0,0,-87.6048,87.6048,216,19,20.0458,56.4542,1.5,0,0,0,25
997393291,105.373,0,0,-105.373,105.373,437,17,54,115.676,1.5,0,0,0,25
997928756,103.78,0,0,-103.78,103.78,188,6,3.5,49.7696,1.5,0,0,0,25
997928805,108.296,0,0,-108.296,108.296,237,9,10.5266,65.0266,1.5,0,0,0,25
1000000188,103.78,0,0,-103.78,103.78,188,0,0,0,25,6,3.5,49.6196,1.5
1000000204,88.6126,0,0,-88.6126,88.6126,204,0,0,0,25,4,-25.5522,52.0522,1.5
1000000209,90.9965,0,0,-90.9965,90.9965,209,0,0,0,25,7,15.5015,54.9985,1.5
1000000216,87.6048,0,0,-87.6048,87.6048,216,0,0,0,25,19,20.1519,56.3481,1.5
1000000237,108.296,0,0,-108.296,108.296,237,0,0,0,25,9,10.4206,64.9206,1.5
1000000239,97.261,0,0,-97.261,97.261,239,0,0,0,25,1,-17.9592,64.5408,1.5
1000000252,90.4945,0,0,-90.4945,90.4945,252,0,0,0,25,16,20.5653,67.5653,1.5
1000000331,98.3699,0,0,-98.3699,98.3699,331,0,0,0,25,13,39.0621,86.5621,1.5
1000000343,104.85,0,0,-104.85,104.85,343,0,0,0,25,20,26.4038,95.4038,1.5
1000000362,96.9335,0,0,-96.9335,96.9335,362,0,0,0,25,5,-42,95.7306,1.5
1000000379,111.077,0,0,-111.077,111.077,379,0,0,0,25,2,-5.75851,99.5,1.5
1000000416,99.1008,0,0,-99.1008,99.1008,416,0,0,0,25,3,-46.4489,112.5,1.5
1000000437,105.373,0,0,-105.373,105.373,437,0,0,0,25,17,54,115.526,1.5
1000000440,119.932,0,0,-119.932,119.932,440,0,0,0,25,11,24.5,126.076,1.5
1000000484,98.1833,0,0,-98.1833,98.1833,484,0,0,0,25,8,-43.8823,134.882,1.5
1000000496,107.973,0,0,-107.973,107.973,496,0,0,0,25,15,51.957,135.957,1.5
1000000496,108.098,0,0,-108.098,108.098,496,0,0,0,25,18,66.0842,129.584,1.5
1000000500,98.6381,0,0,-98.6381,98.6381,500,0,0,0,25,12,-31,143.232,1.5
1000000503,99.752,0,0,-99.752,99.752,503,0,0,0,25,14,-55.9018,136.402,1.5
1000000517,112.506,0,0,-112.506,112.506,517,0,0,0,25,10,-2,140.927,1.5
1002428807,97.261,0,0,-97.261,97.261,239,1,-17.9592,64.5408,1.5,0,0,0,25
1007428777,90.9965,0,0,-90.9965,90.9965,209,7,15.5015,54.9985,1.5,0,0,0,25
1011429052,98.1833,0,0,-98.1833,98.1833,484,8,-43.8823,134.882,1.5,0,0,0,25
1011928947,111.077,0,0,-111.077,111.077,379,2,-5.75851,99.5,1.5,0,0,0,25
1012428820,90.4945,0,0,-90.4945,90.4945,252,16,20.5653,67.5653,1.5,0,0,0,25
1015428984,99.1008,0,0,-99.1008,99.1008,416,3,-46.4489,112.5,1.5,0,0,0,25
1016428911,104.85,0,0,-104.85,104.85,343,20,26.4038,95.4038,1.5,0,0,0,25
1017393186,98.3699,0,0,-98.3699,98.3699,331,13,39.0621,86.5621,1.5,0,0,0,25
1018929085,112.506,0,0,-112.506,112.506,517,10,-2,140.927,1.5,0,0,0,25
1026393350,107.973,0,0,-107.973,107.973,496,15,51.957,135.957,1.5,0,0,0,25
1026429068,98.6381,0,0,-98.6381,98.6381,500,12,-31,143.232,1.5,0,0,0,25
1034428930,96.9335,0,0,-96.9335,96.9335,362,5,-42,95.7306,1.5,0,0,0,25
1035429071,99.752,0,0,-99.752,99.752,503,14,-55.9018,136.402,1.5,0,0,0,25
1036428772,88.6126,0,0,-88.6126,88.6126,204,4,-25.5522,52.0522,1.5,0,0,0,25
1039357581,119.932,0,0,-119.932,119.932,440,11,24.5,126.076,1.5,0,0,0,25
1039429064,108.098,0,0,-108.098,108.098,496,18,66.0842,129.584,1.5,0,0,0,25
1048393070,87.6048,0,0,-87.6048,87.6048,216,19,20.1519,56.3481,1.5,0,0,0,25
1049429005,105.373,0,0,-105.373,105.373,437,17,54,115.526,1.5,0,0,0,25
1049928756,103.78,0,0,-103.78,103.78,188,6,3.5,49.6196,1.5,0,0,0,25
1049928805,108.296,0,0,-108.296,108.296,237,9,10.4206,64.9206,1.5,0,0,0,25
1050000188,103.78,0,0,-103.78,103.78,188,0,0,0,25,6,3.5,49.6196,1.5
1050000204,88.6126,0,0,-88.6126,88.6126,204,0,0,0,25,4,-25.5522,52.0522,1.5
1050000209,90.9965,0,0,-90.9965,90.9965,209,0,0,0,25,7,15.5015,54.9985,1.5
1050000216,87.6048,0,0,-87.6048,87.6048,216,0,0,0,25,19,20.1519,56.3481,1.5
1050000237,108.296,0,0,-108.296,108.296,237,0,0,0,25,9,10.4206,64.9206,1.5
1050000239,97.261,0,0,-97.261,97.261,239,0,0,0,25,1,-17.9592,64.5408,1.5
1050000252,90.4945,0,0,-90.4945,90.4945,252,0,0,0,25,16,20.5653,67.5653,1.5
1050000331,98.3699,0,0,-98.3699,98.3699,331,0,0,0,25,13,39.0621,86.5621,1.5
1050000343,104.85,0,0,-104.85,104.85,343,0,0,0,25,20,26.4038,95.4038,1.5
1050000362,96.9335,0,0,-96.9335,96.9335,362,0,0,0,25,5,-42,95.7306,1.5
1050000379,111.077,0,0,-111.077,111.077,379,0,0,0,25,2,-5.75851,99.5,1.5
1050000416,99.1008,0,0,-99.1008,99.1008,416,0,0,0,25,3,-46.4489,112.5,1.5
1050000437,105.373,0,0,-105.373,105.373,437,0,0,0,25,17,54,115.526,1.5
1050000440,119.932,0,0,-119.932,119.932,440,0,0,0,25,11,24.5,126.076,1.5
1050000484,98.1833,0,0,-98.1833,98.1833,484,0,0,0,25,8,-43.8823,134.882,1.5
1050000496,107.973,0,0,-107.973,107.973,496,0,0,0,25,15,51.957,135.957,1.5
1050000496,108.098,0,0,-108.098,108.098,496,0,0,0,25,18,66.0842,129.584,1.5
1050000500,98.6381,0,0,-98.6381,98.6381,500,0,0,0,25,12,-31,143.232,1.5
1050000503,99.752,0,0,-99.752,99.752,503,0,0,0,25,14,-55.9018,136.402,1.5
1050000517,112.506,0,0,-112.506,112.506,517,0,0,0,25,10,-2,140.927,1.5
1053928807,97.261,0,0,-97.261,97.261,239,1,-17.9592,64.5408,1.5,0,0,0,25
1059428777,90.9965,0,0,-90.9965,90.9965,209,7,15.5015,54.9985,1.5,0,0,0,25
1061429052,98.1833,0,0,-98.1833,98.1833,484,8,-43.8823,134.882,1.5,0,0,0,25
1063428947,111.077,0,0,-111.077,111.077,379,2,-5.75851,99.5,1.5,0,0,0,25
1067428984,99.1008,0,0,-99.1008,99.1008,416,3,-46.4489,112.5,1.5,0,0,0,25
1068428820,90.4945,0,0,-90.4945,90.4945,252,16,20.5653,67.5653,1.5,0,0,0,25
1070929085,112.506,0,0,-112.506,112.506,517,10,-2,140.927,1.5,0,0,0,25
1073928911,104.85,0,0,-104.85,104.85,343,20,26.4038,95.4038,1.5,0,0,0,25
1078429068,98.6381,0,0,-98.6381,98.6381,500,12,-31,143.232,1.5,0,0,0,25
1079429064,107.973,0,0,-107.973,107.973,496,15,51.957,135.957,1.5,0,0,0,25
1085393216,96.9335,0,0,-96.9335,96.9335,362,5,-42,95.7306,1.5,0,0,0,25
1085428899,98.3699,0,0,-98.3699,98.3699,331,13,39.0621,86.5621,1.5,0,0,0,25
1086429071,99.752,0,0,-99.752,99.752,503,14,-55.9018,136.402,1.5,0,0,0,25
1088428772,88.6126,0,0,-88.6126,88.6126,204,4,-25.5522,52.0522,1.5,0,0,0,25
1089429064,108.098,0,0,-108.098,108.098,496,18,66.0842,129.584,1.5,0,0,0,25
1091929008,119.932,0,0,-119.932,119.932,440,11,24.5,126.076,1.5,0,0,0,25
1098928784,87.6048,0,0,-87.6048,87.6048,216,19,20.1519,56.3481,1.5,0,0,0,25
1100000188,103.78,0,0,-103.78,103.78,188,0,0,0,25,6,3.5,49.4696,1.5
1100000204,88.6126,0,0,-88.6126,88.6126,204,0,0,0,25,4,-25.6582,52.1582,1.5
1100000209,90.9965,0,0,-90.9965,90.9965,209,0,0,0,25,7,15.6075,54.8925,1.5
1100000216,87.6048,0,0,-87.6048,87.6048,216,0,0,0,25,19,20.258,56.242,1.5
1100000237,108.296,0,0,-108.296,108.296,237,0,0,0,25,9,10.3145,64.8145,1.5
1100000239,97.261,0,0,-97.261,97.261,239,0,0,0,25,1,-18.0653,64.4347,1.5
1100000252,90.4945,0,0,-90.4945,90.4945,252,0,0,0,25,16,20.4592,67.4592,1.5
1100000331,98.3699,0,0,-98.3699,98.3699,331,0,0,0,25,13,38.956,86.456,1.5
1100000343,104.85,0,0,-104.85,104.85,343,0,0,0,25,20,26.2978,95.2978,1.5
1100000362,96.9335,0,0,-96.9335,96.9335,362,0,0,0,25,5,-42,95.5806,1.5
1100000379,111.077,0,0,-111.077,111.077,379,0,0,0,25,2,-5.90851,99.5,1.5
1100000416,99.1008,0,0,-99.1008,99.1008,416,0,0,0,25,3,-46.2989,112.5,1.5
1100000437,105.373,0,0,-105.373,105.373,437,0,0,0,25,17,54,115.376,1.5
1100000440,119.932,0,0,-119.932,119.932,440,0,0,0,25,11,24.5,125.926,1.5
1100000484,98.1833,0,0,-98.1833,98.1833,484,0,0,0,25,8,-43.7762,134.776,1.5
1100000496,107.973,0,0,-107.973,107.973,496,0,0,0,25,15,51.8509,135.851,1.5
1100000496,108.098,0,0,-108.098,108.098,496,0,0,0,25,18,65.9782,129.478,1.5
1100000500,98.6381,0,0,-98.6381,98.6381,500,0,0,0,25,12,-31,143.082,1.5
1100000503,99.752,0,0,-99.752,99.752,503,0,0,0,25,14,-55.7957,136.296,1.5
1100000517,112.506,0,0,-112.506,112.506,517,0,0,0,25,10,-2,140.777,1.5
1100893042,103.78,0,0,-103.78,103.78,188,6,3.5,49.4696,1.5,0,0,0,25
1101428805,108.296,0,0,-108.296,108.296,237,9,10.3145,64.8145,1.5,0,0,0,25
1105928807,97.261,0,0,-97.261,97.261,239,1,-18.0653,64.4347,1.5,0,0,0,25
1111428777,90.9965,0,0,-90.9965,90.9965,209,7,15.6075,54.8925,1.5,0,0,0,25
1114929052,98.1833,0,0,-98.1833,98.1833,484,8,-43.7762,134.776,1.5,0,0,0,25
1115428947,111.077,0,0,-111.077,111.077,379,2,-5.90851,99.5,1.5,0,0,0,25
1117393291,105.373,0,0,-105.373,105.373,437,17,54,115.376,1.5,0,0,0,25
1119428984,99.1008,0,0,-99.1008,99.1008,416,3,-46.2989,112.5,1.5,0,0,0,25
1122393106,90.4945,0,0,-90.4945,90.4945,252,16,20.4592,67.4592,1.5,0,0,0,25
1122429085,112.506,0,0,-112.506,112.506,517,10,-2,140.777,1.5,0,0,0,25
1130429068,98.6381,0,0,-98.6381,98.6381,500,12,-31,143.082,1.5,0,0,0,25
1131428911,104.85,0,0,-104.85,104.85,343,20,26.2978,95.2978,1.5,0,0,0,25
1135429064,107.973,0,0,-107.973,107.973,496,15,51.8509,135.851,1.5,0,0,0,25
1138428930,96.9335,0,0,-96.9335,96.9335,362,5,-42,95.5806,1.5,0,0,0,25
1140428772,88.6126,0,0,-88.6126,88.6126,204,4,-25.6582,52.1582,1.5,0,0,0,25
1143929008,119.932,0,0,-119.932,119.932,440,11,24.5,125.926,1.5,0,0,0,25
1145393357,99.752,0,0,-99.752,99.752,503,14,-55.7957,136.296,1.5,0,0,0,25
1145428899,98.3699,0,0,-98.3699,98.3699,331,13,38.956,86.456,1.5,0,0,0,25
1146929064,108.098,0,0,-108.098,108.098,496,18,65.9782,129.478,1.5,0,0,0,25
1150000188,103.78,0,0,-103.78,103.78,188,0,0,0,25,6,3.5,49.4696,1.5
1150000204,88.6126,0,0,-88.6126,88.6126,204,0,0,0,25,4,-25.6582,52.1582,1.5
1150000209,90.9965,0,0,-90.9965,90.9965,209,0,0,0,25,7,15.6075,54.8925,1.5
1150000216,87.6048,0,0,-87.6048,87.6048,216,0,0,0,25,19,20.258,56.242,1.5
1150000237,108.296,0,0,-108.296,108.296,237,0,0,0,25,9,10.3145,64.8145,1.5
1150000239,97.261,0,0,-97.261,97.261,239,0,0,0,25,1,-18.0653,64.4347,1.5
1150000252,90.4945,0,0,-90.4945,90.4945,252,0,0,0,25,16,20.4592,67.4592,1.5
1150000331,98.3699,0,0,-98.3699,98.3699,331,0,0,0,25,13,38.956,86.456,1.5
1150000343,104.85,0,0,-104.85,104.85,343,0,0,0,25,20,26.2978,95.2978,1.5
1150000362,96.9335,0,0,-96.9335,96.9335,362,0,0,0,25,5,-42,95.5806,1.5
1150000379,111.077,0,0,-111.077,111.077,379,0,0,0,25,2,-5.90851,99.5,1.5
1150000416,99.1008,0,0,-99.1008,99.1008,416,0,0,0,25,3,-46.2989,112.5,1.5
1150000437,105.373,0,0,-105.373,105.373,437,0,0,0,25,17,54,115.376,1.5
1150000440,119.932,0,0,-119.932,119.932,440,0,0,0,25,11,24.5,125.926,1.5
1150000484,98.1833,0,0,-98.1833,98.1833,484,0,0,0,25,8,-43.7762,134.776,1.5
1150000496,107.973,0,0,-107.973,107.973,496,0,0,0,25,15,51.8509,135.851,1.5
1150000496,108.098,0,0,-108.098,108.098,496,0,0,0,25,18,65.9782,129.478,1.5
1150000500,98.6381,0,0,-98.6381,98.6381,500,0,0,0,25,12,-31,143.082,1.5
1150000503,99.752,0,0,-99.752,99.752,503,0,0,0,25,14,-55.7957,136.296,1.5
1150000517,112.506,0,0,-112.506,112.506,517,0,0,0,25,10,-2,140.777,1.5
1153428756,103.78,0,0,-103.78,103.78,188,6,3.5,49.4696,1.5,0,0,0,25
1153428805,108.296,0,0,-108.296,108.296,237,9,10.3145,64.8145,1.5,0,0,0,25
1156428784,87.6048,0,0,-87.6048,87.6048,216,19,20.258,56.242,1.5,0,0,0,25
1157928807,97.261,0,0,-97.261,97.261,239,1,-18.0653,64.4347,1.5,0,0,0,25
1162928777,90.9965,0,0,-90.9965,90.9965,209,7,15.6075,54.8925,1.5,0,0,0,25
1166929052,98.1833,0,0,-98.1833,98.1833,484,8,-43.7762,134.776,1.5,0,0,0,25
1167428947,111.077,0,0,-111.077,111.077,379,2,-5.90851,99.5,1.5,0,0,0,25
1169429005,105.373,0,0,-105.373,105.373,437,17,54,115.376,1.5,0,0,0,25
1170928984,99.1008,0,0,-99.1008,99.1008,416,3,-46.2989,112.5,1.5,0,0,0,25
1172428820,90.4945,0,0,-90.4945,90.4945,252,16,20.4592,67.4592,1.5,0,0,0,25
1174429085,112.506,0,0,-112.506,112.506,517,10,-2,140.777,1.5,0,0,0,25
1181929068,98.6381,0,0,-98.6381,98.6381,500,12,-31,143.082,1.5,0,0,0,25
1184893197,104.85,0,0,-104.85,104.85,343,20,26.2978,95.2978,1.5,0,0,0,25
1186393350,107.973,0,0,-107.973,107.973,496,15,51.8509,135.851,1.5,0,0,0,25
1189928930,96.9335,0,0,-96.9335,96.9335,362,5,-42,95.5806,1.5,0,0,0,25
1191928772,88.6126,0,0,-88.6126,88.6126,204,4,-25.6582,52.1582,1.5,0,0,0,25
1195429008,119.932,0,0,-119.932,119.932,440,11,24.5,125.926,1.5,0,0,0,25
1195429071,99.752,0,0,-99.752,99.752,503,14,-55.7957,136.296,1.5,0,0,0,25
1200000188,103.78,0,0,-103.78,103.78,188,0,0,0,25,6,3.5,49.3196,1.5
1200000204,88.6126,0,0,-88.6126,88.6126,204,0,0,0,25,4,-25.7643,52.2643,1.5
1200000209,90.9965,0,0,-90.9965,90.9965,209,0,0,0,25,7,15.7136,54.7864,1.5
1200000216,87.6048,0,0,-87.6048,87.6048,216,0,0,0,25,19,20.364,56.136,1.5
1200000237,108.296,0,0,-108.296,108.296,237,0,0,0,25,9,10.2084,64.7084,1.5
1200000239,97.261,0,0,-97.261,97.261,239,0,0,0,25,1,-18.1714,64.3286,1.5
1200000252,90.4945,0,0,-90.4945,90.4945,252,0,0,0,25,16,20.3532,67.3532,1.5
1200000331,98.3699,0,0,-98.3699,98.3699,331,0,0,0,25,13,38.8499,86.3499,1.5
1200000343,104.85,0,0,-104.85,104.85,343,0,0,0,25,20,26.1917,95.1917,1.5
1200000362,96.9335,0,0,-96.9335,96.9335,362,0,0,0,25,5,-42,95.4306,1.5
1200000379,111.077,0,0,-111.077,111.077,379,0,0,0,25,2,-6.05851,99.5,1.5
1200000416,99.1008,0,0,-99.1008,99.1008,416,0,0,0,25,3,-46.1489,112.5,1.5
1200000437,105.373,0,0,-105.373,105.373,437,0,0,0,25,17,54,115.226,1.5
1200000440,119.932,0,0,-119.932,119.932,440,0,0,0,25,11,24.5,125.776,1.5
1200000484,98.1833,0,0,-98.1833,98.1833,484,0,0,0,25,8,-43.6702,134.67,1.5
1200000496,107.973,0,0,-107.973,107.973,496,0,0,0,25,15,51.7449,135.745,1.5
1200000496,108.098,0,0,-108.098,108.098,496,0,0,0,25,18,65.8721,129.372,1.5
1200000500,98.6381,0,0,-98.6381,98.6381,500,0,0,0,25,12,-31,142.932,1.5
1200000503,99.752,0,0,-99.752,99.752,503,0,0,0,25,14,-55.6896,136.19,1.5
1200000517,112.506,0,0,-112.506,112.506,517,0,0,0,25,10,-2,140.627,1.5
1204429064,108.098,0,0,-108.098,108.098,496,18,65.8721,129.372,1.5,0,0,0,25
1205428756,103.78,0,0,-103.78,103.78,188,6,3.5,49.3196,1.5,0,0,0,25
1205428805,108.296,0,0,-108.296,108.296,237,9,10.2084,64.7084,1.5,0,0,0,25
1205428899,98.3699,0,0,-98.3699,98.3699,331,13,38.8499,86.3499,1.5,0,0,0,25
1208393070,87.6048,0,0,-87.6048,87.6048,216,19,20.364,56.136,1.5,0,0,0,25
1209428807,97.261,0,0,-97.261,97.261,239,1,-18.1714,64.3286,1.5,0,0,0,25
1214928777,90.9965,0,0,-90.9965,90.9965,209,7,15.7136,54.7864,1.5,0,0,0,25
1218928947,111.077,0,0,-111.077,111.077,379,2,-6.05851,99.5,1.5,0,0,0,25
1218929052,98.1833,0,0,-98.1833,98.1833,484,8,-43.6702,134.67,1.5,0,0,0,25
1222928984,99.1008,0,0,-99.1008,99.1008,416,3,-46.1489,112.5,1.5,0,0,0,25
1226429085,112.506,0,0,-112.506,112.506,517,10,-2,140.627,1.5,0,0,0,25
1228428820,90.4945,0,0,-90.4945,90.4945,252,16,20.3532,67.3532,1.5,0,0,0,25
1233929068,98.6381,0,0,-98.6381,98.6381,500,12,-31,142.932,1.5,0,0,0,25
1235428911,104.85,0,0,-104.85,104.85,343,20,26.1917,95.1917,1.5,0,0,0,25
1237393291,105.373,0,0,-105.373,105.373,437,17,54,115.226,1.5,0,0,0,25
1239429064,107.973,0,0,-107.973,107.973,496,15,51.7449,135.745,1.5,0,0,0,25
1241928930,96.9335,0,0,-96.9335,96.9335,362,5,-42,95.4306,1.5,0,0,0,25
1243928772,88.6126,0,0,-88.6126,88.6126,204,4,-25.7643,52.2643,1.5,0,0,0,25
1246429071,99.752,0,0,-99.752,99.752,503,14,-55.6896,136.19,1.5,0,0,0,25
1247429008,119.932,0,0,-119.932,119.932,440,11,24.5,125.776,1.5,0,0,0,25
1250000188,103.78,0,0,-103.78,103.78,188,0,0,0,25,6,3.5,49.3196,1.5
1250000204,88.6126,0,0,-88.6126,88.6126,204,0,0,0,25,4,-25.7643,52.2643,1.5
1250000209,90.9965,0,0,-90.9965,90.9965,209,0,0,0,25,7,15.7136,54.7864,1.5
1250000216,87.6048,0,0,-87.6048,87.6048,216,0,0,0,25,19,20.364,56.136,1.5
1250000237,108.296,0,0,-108.296,108.296,237,0,0,0,25,9,10.2084,64.7084,1.5
1250000239,97.261,0,0,-97.261,97.261,239,0,0,0,25,1,-18.1714,64.3286,1.5
1250000252,90.4945,0,0,-90.4945,90.4945,252,0,0,0,25,16,20.3532,67.3532,1.5
1250000331,98.3699,0,0,-98.3699,98.3699,331,0,0,0,25,13,38.8499,86.3499,1.5
1250000343,104.85,0,0,-104.85,104.85,343,0,0,0,25,20,26.1917,95.1917,1.5
1250000362,96.9335,0,0,-96.9335,96.9335,362,0,0,0,25,5,-42,95.4306,1.5
1250000379,111.077,0,0,-111.077,111.077,379,0,0,0,25,2,-6.05851,99.5,1.5
1250000416,99.1008,0,0,-99.1008,99.1008,416,0,0,0,25,3,-46.1489,112.5,1.5
1250000437,105.373,0,0,-105.373,105.373,437,0,0,0,25,17,54,115.226,1.5
1250000440,119.932,0,0,-119.932,119.932,440,0,0,0,25,11,24.5,125.776,1.5
1250000484,98.1833,0,0,-98.1833,98.1833,484,0,0,0,25,8,-43.6702,134.67,1.5
1250000496,107.973,0,0,-107.973,107.973,496,0,0,0,25,15,51.7449,135.745,1.5
1250000496,108.098,0,0,-108.098,108.098,496,0,0,0,25,18,65.8721,129.372,1.5
1250000500,98.6381,0,0,-98.6381,98.6381,500,0,0,0,25,12,-31,142.932,1.5
1250000503,99.752,0,0,-99.752,99.752,503,0,0,0,25,14,-55.6896,136.19,1.5
1250000517,112.506,0,0,-112.506,112.506,517,0,0,0,25,10,-2,140.627,1.5
1256928805,108.296,0,0,-108.296,108.296,237,9,10.2084,64.7084,1.5,0,0,0,25
1257393186,98.3699,0,0,-98.3699,98.3699,331,13,38.8499,86.3499,1.5,0,0,0,25
1257428756,103.78,0,0,-103.78,103.78,188,6,3.5,49.3196,1.5,0,0,0,25
1260428784,87.6048,0,0,-87.6048,87.6048,216,19,20.364,56.136,1.5,0,0,0,25
1261428807,97.261,0,0,-97.261,97.261,239,1,-18.1714,64.3286,1.5,0,0,0,25
1262429064,108.098,0,0,-108.098,108.098,496,18,65.8721,129.372,1.5,0,0,0,25
1266928777,90.9965,0,0,-90.9965,90.9965,209,7,15.7136,54.7864,1.5,0,0,0,25
1270429052,98.1833,0,0,-98.1833,98.1833,484,8,-43.6702,134.67,1.5,0,0,0,25
1270928947,111.077,0,0,-111.077,111.077,379,2,-6.05851,99.5,1.5,0,0,0,25
1274928984,99.1008,0,0,-99.1008,99.1008,416,3,-46.1489,112.5,1.5,0,0,0,25
1277929085,112.506,0,0,-112.506,112.506,517,10,-2,140.627,1.5,0,0,0,25
1282393106,90.4945,0,0,-90.4945,90.4945,252,16,20.3532,67.3532,1.5,0,0,0,25
1285929068,98.6381,0,0,-98.6381,98.6381,500,12,-31,142.932,1.5,0,0,0,25
1289429005,105.373,0,0,-105.373,105.373,437,17,54,115.226,1.5,0,0,0,25
1292928911,104.85,0,0,-104.85,104.85,343,20,26.1917,95.1917,1.5,0,0,0,25
1293928930,96.9335,0,0,-96.9335,96.9335,362,5,-42,95.4306,1.5,0,0,0,25
1295429064,107.973,0,0,-107.973,107.973,496,15,51.7449,135.745,1.5,0,0,0,25
1295928772,88.6126,0,0,-88.6126,88.6126,204,4,-25.7643,52.2643,1.5,0,0,0,25
1298393294,119.932,0,0,-119.932,119.932,440,11,24.5,125.776,1.5,0,0,0,25
1300000188,103.78,0,0,-103.78,103.78,188,0,0,0,25,6,3.5,49.1696,1.5
1300000204,88.6126,0,0,-88.6126,88.6126,204,0,0,0,25,4,-25.8704,52.3704,1.5
1300000209,90.9965,0,0,-90.9965,90.9965,209,0,0,0,25,7,15.8197,54.6803,1.5
1300000216,87.6048,0,0,-87.6048,87.6048,216,0,0,0,25,19,20.4701,56.0299,1.5
1300000237,108.296,0,0,-108.296,108.296,237,0,0,0,25,9,10.1024,64.6024,1.5
1300000239,97.261,0,0,-97.261,97.261,239,0,0,0,25,1,-18.2774,64.2226,1.5
1300000252,90.4945,0,0,-90.4945,90.4945,252,0,0,0,25,16,20.2471,67.2471,1.5
1300000331,98.3699,0,0,-98.3699,98.3699,331,0,0,0,25,13,38.7439,86.2439,1.5
1300000343,104.85,0,0,-104.85,104.85,343,0,0,0,25,20,26.0856,95.0856,1.5
1300000362,96.9335,0,0,-96.9335,96.9335,362,0,0,0,25,5,-42,95.2806,1.5
1300000379,111.077,0,0,-111.077,111.077,379,0,0,0,25,2,-6.20851,99.5,1.5
1300000416,99.1008,0,0,-99.1008,99.1008,416,0,0,0,25,3,-45.9989,112.5,1.5
1300000437,105.373,0,0,-105.373,105.373,437,0,0,0,25,17,54,115.076,1.5
1300000440,119.932,0,0,-119.932,119.932,440,0,0,0,25,11,24.5,125.626,1.5
1300000484,98.1833,0,0,-98.1833,98.1833,484,0,0,0,25,8,-43.5641,134.564,1.5
1300000496,107.973,0,0,-107.973,107.973,496,0,0,0,25,15,51.6388,135.639,1.5
1300000496,108.098,0,0,-108.098,108.098,496,0,0,0,25,18,65.766,129.266,1.5
1300000500,98.6381,0,0,-98.6381,98.6381,500,0,0,0,25,12,-31,142.782,1.5
1300000503,99.752,0,0,-99.752,99.752,503,0,0,0,25,14,-55.5836,136.084,1.5
1300000517,112.506,0,0,-112.506,112.506,517,0,0,0,25,10,-2,140.477,1.5
1305393357,99.752,0,0,-99.752,99.752,503,14,-55.5836,136.084,1.5,0,0,0,25
1308928756,103.78,0,0,-103.78,103.78,188,6,3.5,49.1696,1.5,0,0,0,25
1308928805,108.296,0,0,-108.296,108.296,237,9,10.1024,64.6024,1.5,0,0,0,25
1313428807,97.261,0,0,-97.261,97.261,239,1,-18.2774,64.2226,1.5,0,0,0,25
1317928784,87.6048,0,0,-87.6048,87.6048,216,19,20.4701,56.0299,1.5,0,0,0,25
1318428777,90.9965,0,0,-90.9965,90.9965,209,7,15.8197,54.6803,1.5,0,0,0,25
1319929064,108.098,0,0,-108.098,108.098,496,18,65.766,129.266,1.5,0,0,0,25
1322429052,98.1833,0,0,-98.1833,98.1833,484,8,-43.5641,134.564,1.5,0,0,0,25
1322928947,111.077,0,0,-111.077,111.077,379,2,-6.20851,99.5,1.5,0,0,0,25
1325428899,98.3699,0,0,-98.3699,98.3699,331,13,38.7439,86.2439,1.5,0,0,0,25
1326428984,99.1008,0,0,-99.1008,99.1008,416,3,-45.9989,112.5,1.5,0,0,0,25
1329929085,112.506,0,0,-112.506,112.506,517,10,-2,140.477,1.5,0,0,0,25
1332428820,90.4945,0,0,-90.4945,90.4945,252,16,20.2471,67.2471,1.5,0,0,0,25
1337429068,98.6381,0,0,-98.6381,98.6381,500,12,-31,142.782,1.5,0,0,0,25
1344893197,104.85,0,0,-104.85,104.85,343,20,26.0856,95.0856,1.5,0,0,0,25
1345928930,96.9335,0,0,-96.9335,96.9335,362,5,-42,95.2806,1.5,0,0,0,25
1346393350,107.973,0,0,-107.973,107.973,496,15,51.6388,135.639,1.5,0,0,0,25
1347928772,88.6126,0,0,-88.6126,88.6126,204,4,-25.8704,52.3704,1.5,0,0,0,25
1350000188,103.78,0,0,-103.78,103.78,188,0,0,0,25,6,3.5,49.1696,1.5
1350000204,88.6126,0,0,-88.6126,88.6126,204,0,0,0,25,4,-25.8704,52.3704,1.5
1350000209,90.9965,0,0,-90.9965,90.9965,209,0,0,0,25,7,15.8197,54.6803,1.5
1350000216,87.6048,0,0,-87.6048,87.6048,216,0,0,0,25,19,20.4701,56.0299,1.5
1350000237,108.296,0,0,-108.296,108.296,237,0,0,0,25,9,10.1024,64.6024,1.5
1350000239,97.261,0,0,-97.261,97.261,239,0,0,0,25,1,-18.2774,64.2226,1.5
1350000252,90.4945,0,0,-90.4945,90.4945,252,0,0,0,25,16,20.2471,67.2471,1.5
1350000331,98.3699,0,0,-98.3699,98.3699,331,0,0,0,25,13,38.7439,86.2439,1.5
1350000343,104.85,0,0,-104.85,104.85,343,0,0,0,25,20,26.0856,95.0856,1.5
1350000362,96.9335,0,0,-96.9335,96.9335,362,0,0,0,25,5,-42,95.2806,1.5
1350000379,111.077,0,0,-111.077,111.077,379,0,0,0,25,2,-6.20851,99.5,1.5
1350000416,99.1008,0,0,-99.1008,99.1008,416,0,0,0,25,3,-45.9989,112.5,1.5
1350000437,105.373,0,0,-105.373,105.373,437,0,0,0,25,17,54,115.076,1.5
1350000440,119.932,0,0,-119.932,119.932,440,0,0,0,25,11,24.5,125.626,1.5
1350000484,98.1833,0,0,-98.1833,98.1833,484,0,0,0,25,8,-43.5641,134.564,1.5
1350000496,107.973,0,0,-107.973,107.973,496,0,0,0,25,15,51.6388,135.639,1.5
1350000496,108.098,0,0,-108.098,108.098,496,0,0,0,25,18,65.766,129.266,1.5
1350000500,98.6381,0,0,-98.6381,98.6381,500,0,0,0,25,12,-31,142.782,1.5
1350000503,99.752,0,0,-99.752,99.752,503,0,0,0,25,14,-55.5836,136.084,1.5
1350000517,112.506,0,0,-112.506,112.506,517,0,0,0,25,10,-2,140.477,1.5
1350929008,119.932,0,0,-119.932,119.932,440,11,24.5,125.626,1.5,0,0,0,25
1355429071,99.752,0,0,-99.752,99.752,503,14,-55.5836,136.084,1.5,0,0,0,25
1357393291,105.373,0,0,-105.373,105.373,437,17,54,115.076,1.5,0,0,0,25
1360928756,103.78,0,0,-103.78,103.78,188,6,3.5,49.1696,1.5,0,0,0,25
1360928805,108.296,0,0,-108.296,108.296,237,9,10.1024,64.6024,1.5,0,0,0,25
1364893093,97.261,0,0,-97.261,97.261,239,1,-18.2774,64.2226,1.5,0,0,0,25
1368393070,87.6048,0,0,-87.6048,87.6048,216,19,20.4701,56.0299,1.5,0,0,0,25
1370428777,90.9965,0,0,-90.9965,90.9965,209,7,15.8197,54.6803,1.5,0,0,0,25
1373393350,108.098,0,0,-108.098,108.098,496,18,65.766,129.266,1.5,0,0,0,25
1374429052,98.1833,0,0,-98.1833,98.1833,484,8,-43.5641,134.564,1.5,0,0,0,25
1374928947,111.077,0,0,-111.077,111.077,379,2,-6.20851,99.5,1.5,0,0,0,25
1378428984,99.1008,0,0,-99.1008,99.1008,416,3,-45.9989,112.5,1.5,0,0,0,25
1381929085,112.506,0,0,-112.506,112.506,517,10,-2,140.477,1.5,0,0,0,25
1385428899,98.3699,0,0,-98.3699,98.3699,331,13,38.7439,86.2439,1.5,0,0,0,25
1388428820,90.4945,0,0,-90.4945,90.4945,252,16,20.2471,67.2471,1.5,0,0,0,25
1389429068,98.6381,0,0,-98.6381,98.6381,500,12,-31,142.782,1.5,0,0,0,25
1396428911,104.85,0,0,-104.85,104.85,343,20,26.0856,95.0856,1.5,0,0,0,25
1397428930,96.9335,0,0,-96.9335,96.9335,362,5,-42,95.2806,1.5,0,0,0,25
1399428772,88.6126,0,0,-88.6126,88.6126,204,4,-25.8704,52.3704,1.5,0,0,0,25
1399429064,107.973,0,0,-107.973,107.973,496,15,51.6388,135.639,1.5,0,0,0,25
1400000188,103.78,0,0,-103.78,103.78,188,0,0,0,25,6,3.5,49.0196,1.5
1400000204,88.6126,0,0,-88.6126,88.6126,204,0,0,0,25,4,-25.9764,52.4764,1.5
1400000209,90.9965,0,0,-90.9965,90.9965,209,0,0,0,25,7,15.9257,54.5743,1.5
1400000216,87.6048,0,0,-87.6048,87.6048,216,0,0,0,25,19,20.5762,55.9238,1.5
1400000237,108.296,0,0,-108.296,108.296,237,0,0,0,25,9,9.99632,64.4963,1.5
1400000239,97.261,0,0,-97.261,97.261,239,0,0,0,25,1,-18.3835,64.1165,1.5
1400000252,90.4945,0,0,-90.4945,90.4945,252,0,0,0,25,16,20.141,67.141,1.5
1400000331,98.3699,0,0,-98.3699,98.3699,331,0,0,0,25,13,38.6378,86.1378,1.5
1400000343,104.85,0,0,-104.85,104.85,343,0,0,0,25,20,25.9796,94.9796,1.5
1400000362,96.9335,0,0,-96.9335,96.9335,362,0,0,0,25,5,-42,95.1306,1.5
1400000379,111.077,0,0,-111.077,111.077,379,0,0,0,25,2,-6.35851,99.5,1.5
1400000416,99.1008,0,0,-99.1008,99.1008,416,0,0,0,25,3,-45.8489,112.5,1.5
1400000437,105.373,0,0,-105.373,105.373,437,0,0,0,25,17,54,114.926,1.5
1400000440,119.932,0,0,-119.932,119.932,440,0,0,0,25,11,24.5,125.476,1.5
1400000484,98.1833,0,0,-98.1833,98.1833,484,0,0,0,25,8,-43.458,134.458,1.5
1400000496,107.973,0,0,-107.973,107.973,496,0,0,0,25,15,51.5327,135.533,1.5
1400000496,108.098,0,0,-108.098,108.098,496,0,0,0,25,18,65.66,129.16,1.5
1400000500,98.6381,0,0,-98.6381,98.6381,500,0,0,0,25,12,-31,142.632,1.5
1400000503,99.752,0,0,-99.752,99.752,503,0,0,0,25,14,-55.4775,135.977,1.5
1400000517,112.506,0,0,-112.506,112.506,517,0,0,0,25,10,-2,140.327,1.5
1402929008,119.932,0,0,-119.932,119.932,440,11,24.5,125.476,1.5,0,0,0,25
1406429071,99.752,0,0,-99.752,99.752,503,14,-55.4775,135.977,1.5,0,0,0,25
1409429005,105.373,0,0,-105.373,105.373,437,17,54,114.926,1.5,0,0,0,25
1412428805,108.296,0,0,-108.296,108.296,237,9,9.99632,64.4963,1.5,0,0,0,25
1412928756,103.78,0,0,-103.78,103.78,188,6,3.5,49.0196,1.5,0,0,0,25
1416928807,97.261,0,0,-97.261,97.261,239,1,-18.3835,64.1165,1.5,0,0,0,25
1421428784,87.6048,0,0,-87.6048,87.6048,216,19,20.5762,55.9238,1.5,0,0,0,25
1422428777,90.9965,0,0,-90.9965,90.9965,209,7,15.9257,54.5743,1.5,0,0,0,25
1423429064,108.098,0,0,-108.098,108.098,496,18,65.66,129.16,1.5,0,0,0,25
1425929052,98.1833,0,0,-98.1833,98.1833,484,8,-43.458,134.458,1.5,0,0,0,25
1426428947,111.077,0,0,-111.077,111.077,379,2,-6.35851,99.5,1.5,0,0,0,25
1430428984,99.1008,0,0,-99.1008,99.1008,416,3,-45.8489,112.5,1.5,0,0,0,25
1433429085,112.506,0,0,-112.506,112.506,517,10,-2,140.327,1.5,0,0,0,25
1441429068,98.6381,0,0,-98.6381,98.6381,500,12,-31,142.632,1.5,0,0,0,25
1442393106,90.4945,0,0,-90.4945,90.4945,252,16,20.141,67.141,1.5,0,0,0,25
1445428899,98.3699,0,0,-98.3699,98.3699,331,13,38.6378,86.1378,1.5,0,0,0,25
1449428930,96.9335,0,0,-96.9335,96.9335,362,5,-42,95.1306,1.5,0,0,0,25
1450000188,103.78,0,0,-103.78,103.78,188,0,0,0,25,6,3.5,49.0196,1.5
1450000204,88.6126,0,0,-88.6126,88.6126,204,0,0,0,25,4,-25.9764,52.4764,1.5
1450000209,90.9965,0,0,-90.9965,90.9965,209,0,0,0,25,7,15.9257,54.5743,1.5
1450000216,87.6048,0,0,-87.6048,87.6048,216,0,0,0,25,19,20.5762,55.9238,1.5
1450000237,108.296,0,0,-108.296,108.296,237,0,0,0,25,9,9.99632,64.4963,1.5
1450000239,97.261,0,0,-97.261,97.261,239,0,0,0,25,1,-18.3835,64.1165,1.5
1450000252,90.4945,0,0,-90.4945,90.4945,252,0,0,0,25,16,20.141,67.141,1.5
1450000331,98.3699,0,0,-98.3699,98.3699,331,0,0,0,25,13,38.6378,86.1378,1.5
1450000343,104.85,0,0,-104.85,104.85,343,0,0,0,25,20,25.9796,94.9796,1.5
1450000362,96.9335,0,0,-96.9335,96.9335,362,0,0,0,25,5,-42,95.1306,1.5
1450000379,111.077,0,0,-111.077,111.077,379,0,0,0,25,2,-6.35851,99.5,1.5
1450000416,99.1008,0,0,-99.1008,99.1008,416,0,0,0,25,3,-45.8489,112.5,1.5
1450000437,105.373,0,0,-105.373,105.373,437,0,0,0,25,17,54,114.926,1.5
1450000440,119.932,0,0,-119.932,119.932,440,0,0,0,25,11,24.5,125.476,1.5
1450000484,98.1833,0,0,-98.1833,98.1833,484,0,0,0,25,8,-43.458,134.458,1.5
1450000496,107.973,0,0,-107.973,107.973,496,0,0,0,25,15,51.5327,135.533,1.5
1450000496,108.098,0,0,-108.098,108.098,496,0,0,0,25,18,65.66,129.16,1.5
1450000500,98.6381,0,0,-98.6381,98.6381,500,0,0,0,25,12,-31,142.632,1.5
1450000503,99.752,0,0,-99.752,99.752,503,0,0,0,25,14,-55.4775,135.977,1.5
1450000517,112.506,0,0,-112.506,112.506,517,0,0,0,25,10,-2,140.327,1.5
1451428772,88.6126,0,0,-88.6126,88.6126,204,4,-25.9764,52.4764,1.5,0,0,0,25
1453928911,104.85,0,0,-104.85,104.85,343,20,25.9796,94.9796,1.5,0,0,0,25
1454929008,119.932,0,0,-119.932,119.932,440,11,24.5,125.476,1.5,0,0,0,25
1455429064,107.973,0,0,-107.973,107.973,496,15,51.5327,135.533,1.5,0,0,0,25
1463393092,108.296,0,0,-108.296,108.296,237,9,9.99632,64.4963,1.5,0,0,0,25
1464428756,103.78,0,0,-103.78,103.78,188,6,3.5,49.0196,1.5,0,0,0,25
1465393357,99.752,0,0,-99.752,99.752,503,14,-55.4775,135.977,1.5,0,0,0,25
1468928807,97.261,0,0,-97.261,97.261,239,1,-18.3835,64.1165,1.5,0,0,0,25
1474428777,90.9965,0,0,-90.9965,90.9965,209,7,15.9257,54.5743,1.5,0,0,0,25
1477393291,105.373,0,0,-105.373,105.373,437,17,54,114.926,1.5,0,0,0,25
1477929052,98.1833,0,0,-98.1833,98.1833,484,8,-43.458,134.458,1.5,0,0,0,25
1478428947,111.077,0,0,-111.077,111.077,379,2,-6.35851,99.5,1.5,0,0,0,25
1478928784,87.6048,0,0,-87.6048,87.6048,216,19,20.5762,55.9238,1.5,0,0,0,25
1480929064,108.098,0,0,-108.098,108.098,496,18,65.66,129.16,1.5,0,0,0,25
1481928984,99.1008,0,0,-99.1008,99.1008,416,3,-45.8489,112.5,1.5,0,0,0,25
1485429085,112.506,0,0,-112.506,112.506,517,10,-2,140.327,1.5,0,0,0,25
1492428820,90.4945,0,0,-90.4945,90.4945,252,16,20.141,67.141,1.5,0,0,0,25
1492929068,98.6381,0,0,-98.6381,98.6381,500,12,-31,142.632,1.5,0,0,0,25
1497393186,98.3699,0,0,-98.3699,98.3699,331,13,38.6378,86.1378,1.5,0,0,0,25
1500000188,103.78,0,0,-103.78,103.78,188,0,0,0,25,6,3.5,48.8696,1.5
1500000204,88.6126,0,0,-88.6126,88.6126,204,0,0,0,25,4,-26.0825,52.5825,1.5
1500000209,90.9965,0,0,-90.9965,90.9965,209,0,0,0,25,7,16.0318,54.4682,1.5
1500000216,87.6048,0,0,-87.6048,87.6048,216,0,0,0,25,19,20.6822,55.8178,1.5
1500000237,108.296,0,0,-108.296,108.296,237,0,0,0,25,9,9.89025,64.3903,1.5
1500000239,97.261,0,0,-97.261,97.261,239,0,0,0,25,1,-18.4896,64.0104,1.5
1500000252,90.4945,0,0,-90.4945,90.4945,252,0,0,0,25,16,20.035,67.035,1.5
1500000331,98.3699,0,0,-98.3699,98.3699,331,0,0,0,25,13,38.5317,86.0317,1.5
1500000343,104.85,0,0,-104.85,104.85,343,0,0,0,25,20,25.8735,94.8735,1.5
1500000362,96.9335,0,0,-96.9335,96.9335,362,0,0,0,25,5,-42,94.9806,1.5
1500000379,111.077,0,0,-111.077,111.077,379,0,0,0,25,2,-6.50851,99.5,1.5
1500000416,99.1008,0,0,-99.1008,99.1008,416,0,0,0,25,3,-45.6989,112.5,1.5
1500000437,105.373,0,0,-105.373,105.373,437,0,0,0,25,17,54,114.776,1.5
1500000440,119.932,0,0,-119.932,119.932,440,0,0,0,25,11,24.5,125.326,1.5
1500000484,98.1833,0,0,-98.1833,98.1833,484,0,0,0,25,8,-43.352,134.352,1.5
1500000496,107.973,0,0,-107.973,107.973,496,0,0,0,25,15,51.4267,135.427,1.5
1500000496,108.098,0,0,-108.098,108.098,496,0,0,0,25,18,65.5539,129.054,1.5
1500000500,98.6381,0,0,-98.6381,98.6381,500,0,0,0,25,12,-31,142.482,1.5
1500000503,99.752,0,0,-99.752,99.752,503,0,0,0,25,14,-55.3714,135.871,1.5
1500000517,112.506,0,0,-112.506,112.506,517,0,0,0,25,10,-2,140.177,1.5
1501428930,96.9335,0,0,-96.9335,96.9335,362,5,-42,94.9806,1.5,0,0,0,25
1503428772,88.6126,0,0,-88.6126,88.6126,204,4,-26.0825,52.5825,1.5,0,0,0,25
1504893197,104.85,0,0,-104.85,104.85,343,20,25.8735,94.8735,1.5,0,0,0,25
1505893295,119.932,0,0,-119.932,119.932,440,11,24.5,125.326,1.5,0,0,0,25
1506393350,107.973,0,0,-107.973,107.973,496,15,51.4267,135.427,1.5,0,0,0,25
1515429071,99.752,0,0,-99.752,99.752,503,14,-55.3714,135.871,1.5,0,0,0,25
1516428756,103.78,0,0,-103.78,103.78,188,6,3.5,48.8696,1.5,0,0,0,25
1516428805,108.296,0,0,-108.296,108.296,237,9,9.89025,64.3903,1.5,0,0,0,25
1520928807,97.261,0,0,-97.261,97.261,239,1,-18.4896,64.0104,1.5,0,0,0,25
1525928777,90.9965,0,0,-90.9965,90.9965,209,7,16.0318,54.4682,1.5,0,0,0,25
1529429005,105.373,0,0,-105.373,105.373,437,17,54,114.776,1.5,0,0,0,25
1529929052,98.1833,0,0,-98.1833,98.1833,484,8,-43.352,134.352,1.5,0,0,0,25
1530428947,111.077,0,0,-111.077,111.077,379,2,-6.50851,99.5,1.5,0,0,0,25
1532928984,99.1008,0,0,-99.1008,99.1008,416,3,-45.6989,112.5,1.5,0,0,0,25
1533393350,108.098,0,0,-108.098,108.098,496,18,65.5539,129.054,1.5,0,0,0,25
1536928784,87.6048,0,0,-87.6048,87.6048,216,19,20.6822,55.8178,1.5,0,0,0,25
1537429085,112.506,0,0,-112.506,112.506,517,10,-2,140.177,1.5,0,0,0,25
1544929068,98.6381,0,0,-98.6381,98.6381,500,12,-31,142.482,1.5,0,0,0,25
1548428820,90.4945,0,0,-90.4945,90.4945,252,16,20.035,67.035,1.5,0,0,0,25
1550000188,103.78,0,0,-103.78,103.78,188,0,0,0,25,6,3.5,48.8696,1.5
1550000204,88.6126,0,0,-88.6126,88.6126,204,0,0,0,25,4,-26.0825,52.5825,1.5
1550000209,90.9965,0,0,-90.9965,90.9965,209,0,0,0,25,7,16.0318,54.4682,1.5
1550000216,87.6048,0,0,-87.6048,87.6048,216,0,0,0,25,19,20.6822,55.8178,1.5
1550000237,108.296,0,0,-108.296,108.296,237,0,0,0,25,9,9.89025,64.3903,1.5
1550000239,97.261,0,0,-97.261,97.261,239,0,0,0,25,1,-18.4896,64.0104,1.5
1550000252,90.4945,0,0,-90.4945,90.4945,252,0,0,0,25,16,20.035,67.035,1.5
1550000331,98.3699,0,0,-98.3699,98.3699,331,0,0,0,25,13,38.5317,86.0317,1.5
1550000343,104.85,0,0,-104.85,104.85,343,0,0,0,25,20,25.8735,94.8735,1.5
1550000362,96.9335,0,0,-96.9335,96.9335,362,0,0,0,25,5,-42,94.9806,1.5
1550000379,111.077,0,0,-111.077,111.077,379,0,0,0,25,2,-6.50851,99.5,1.5
1550000416,99.1008,0,0,-99.1008,99.1008,416,0,0,0,25,3,-45.6989,112.5,1.5
1550000437,105.373,0,0,-105.373,105.373,437,0,0,0,25,17,54,114.776,1.5
1550000440,119.932,0,0,-119.932,119.932,440,0,0,0,25,11,24.5,125.326,1.5
1550000484,98.1833,0,0,-98.1833,98.1833,484,0,0,0,25,8,-43.352,134.352,1.5
1550000496,107.973,0,0,-107.973,107.973,496,0,0,0,25,15,51.4267,135.427,1.5
1550000496,108.098,0,0,-108.098,108.098,496,0,0,0,25,18,65.5539,129.054,1.5
1550000500,98.6381,0,0,-98.6381,98.6381,500,0,0,0,25,12,-31,142.482,1.5
1550000503,99.752,0,0,-99.752,99.752,503,0,0,0,25,14,-55.3714,135.871,1.5
1550000517,112.506,0,0,-112.506,112.506,517,0,0,0,25,10,-2,140.177,1.5
1552928930,96.9335,0,0,-96.9335,96.9335,362,5,-42,94.9806,1.5,0,0,0,25
1554928772,88.6126,0,0,-88.6126,88.6126,204,4,-26.0825,52.5825,1.5,0,0,0,25
1557928911,104.85,0,0,-104.85,104.85,343,20,25.8735,94.8735,1.5,0,0,0,25
1558429008,119.932,0,0,-119.932,119.932,440,11,24.5,125.326,1.5,0,0,0,25
1559429064,107.973,0,0,-107.973,107.973,496,15,51.4267,135.427,1.5,0,0,0,25
1565428899,98.3699,0,0,-98.3699,98.3699,331,13,38.5317,86.0317,1.5,0,0,0,25
1566429071,99.752,0,0,-99.752,99.752,503,14,-55.3714,135.871,1.5,0,0,0,25
1567928805,108.296,0,0,-108.296,108.296,237,9,9.89025,64.3903,1.5,0,0,0,25
1568428756,103.78,0,0,-103.78,103.78,188,6,3.5,48.8696,1.5,0,0,0,25
1572428807,97.261,0,0,-97.261,97.261,239,1,-18.4896,64.0104,1.5,0,0,0,25
1577928777,90.9965,0,0,-90.9965,90.9965,209,7,16.0318,54.4682,1.5,0,0,0,25
1581429052,98.1833,0,0,-98.1833,98.1833,484,8,-43.352,134.352,1.5,0,0,0,25
1581928947,111.077,0,0,-111.077,111.077,379,2,-6.50851,99.5,1.5,0,0,0,25
1584929064,108.098,0,0,-108.098,108.098,496,18,65.5539,129.054,1.5,0,0,0,25
1585928984,99.1008,0,0,-99.1008,99.1008,416,3,-45.6989,112.5,1.5,0,0,0,25
1589429085,112.506,0,0,-112.506,112.506,517,10,-2,140.177,1.5,0,0,0,25
1594428784,87.6048,0,0,-87.6048,87.6048,216,19,20.6822,55.8178,1.5,0,0,0,25
1596929068,98.6381,0,0,-98.6381,98.6381,500,12,-31,142.482,1.5,0,0,0,25
1597393291,105.373,0,0,-105.373,105.373,437,17,54,114.776,1.5,0,0,0,25
1600000188,103.78,0,0,-103.78,103.78,188,0,0,0,25,6,3.5,48.7196,1.5
1600000204,88.6126,0,0,-88.6126,88.6126,204,0,0,0,25,4,-26.1886,52.6886,1.5
1600000209,90.9965,0,0,-90.9965,90.9965,209,0,0,0,25,7,16.1379,54.3621,1.5
1600000216,87.6048,0,0,-87.6048,87.6048,216,0,0,0,25,19,20.7883,55.7117,1.5
1600000237,108.296,0,0,-108.296,108.296,237,0,0,0,25,9,9.78419,64.2842,1.5
1600000239,97.261,0,0,-97.261,97.261,239,0,0,0,25,1,-18.5956,63.9044,1.5
1600000252,90.4945,0,0,-90.4945,90.4945,252,0,0,0,25,16,19.9289,66.9289,1.5
1600000331,98.3699,0,0,-98.3699,98.3699,331,0,0,0,25,13,38.4257,85.9257,1.5
1600000343,104.85,0,0,-104.85,104.85,343,0,0,0,25,20,25.7674,94.7674,1.5
1600000362,96.9335,0,0,-96.9335,96.9335,362,0,0,0,25,5,-42,94.8306,1.5
1600000379,111.077,0,0,-111.077,111.077,379,0,0,0,25,2,-6.65851,99.5,1.5
1600000416,99.1008,0,0,-99.1008,99.1008,416,0,0,0,25,3,-45.5489,112.5,1.5
1600000437,105.373,0,0,-105.373,105.373,437,0,0,0,25,17,54,114.626,1.5
1600000440,119.932,0,0,-119.932,119.932,440,0,0,0,25,11,24.5,125.176,1.5
1600000484,98.1833,0,0,-98.1833,98.1833,484,0,0,0,25,8,-43.2459,134.246,1.5
1600000496,107.973,0,0,-107.973,107.973,496,0,0,0,25,15,51.3206,135.321,1.5
1600000496,108.098,0,0,-108.098,108.098,496,0,0,0,25,18,65.4478,128.948,1.5
1600000500,98.6381,0,0,-98.6381,98.6381,500,0,0,0,25,12,-31,142.332,1.5
1600000503,99.752,0,0,-99.752,99.752,503,0,0,0,25,14,-55.2654,135.765,1.5
1600000517,112.506,0,0,-112.506,112.506,517,0,0,0,25,10,-2,140.027,1.5
1602393106,90.4945,0,0,-90.4945,90.4945,252,16,19.9289,66.9289,1.5,0,0,0,25
1604928930,96.9335,0,0,-96.9335,96.9335,362,5,-42,94.8306,1.5,0,0,0,25
1606928772,88.6126,0,0,-88.6126,88.6126,204,4,-26.1886,52.6886,1.5,0,0,0,25
1609929008,119.932,0,0,-119.932,119.932,440,11,24.5,125.176,1.5,0,0,0,25
1615428911,104.85,0,0,-104.85,104.85,343,20,25.7674,94.7674,1.5,0,0,0,25
1615429064,107.973,0,0,-107.973,107.973,496,15,51.3206,135.321,1.5,0,0,0,25
1619928805,108.296,0,0,-108.296,108.296,237,9,9.78419,64.2842,1.5,0,0,0,25
1620428756,103.78,0,0,-103.78,103.78,188,6,3.5,48.7196,1.5,0,0,0,25
1624428807,97.261,0,0,-97.261,97.261,239,1,-18.5956,63.9044,1.5,0,0,0,25
1625393357,99.752,0,0,-99.752,99.752,503,14,-55.2654,135.765,1.5,0,0,0,25
1625428899,98.3699,0,0,-98.3699,98.3699,331,13,38.4257,85.9257,1.5,0,0,0,25
1629928777,90.9965,0,0,-90.9965,90.9965,209,7,16.1379,54.3621,1.5,0,0,0,25
1631893339,98.1833,0,0,-98.1833,98.1833,484,8,-43.2459,134.246,1.5,0,0,0,25
1633928947,111.077,0,0,-111.077,111.077,379,2,-6.65851,99.5,1.5,0,0,0,25
1637428984,99.1008,0,0,-99.1008,99.1008,416,3,-45.5489,112.5,1.5,0,0,0,25
1640929085,112.506,0,0,-112.506,112.506,517,10,-2,140.027,1.5,0,0,0,25
1642429064,108.098,0,0,-108.098,108.098,496,18,65.4478,128.948,1.5,0,0,0,25
1648393070,87.6048,0,0,-87.6048,87.6048,216,19,20.7883,55.7117,1.5,0,0,0,25
1648429068,98.6381,0,0,-98.6381,98.6381,500,12,-31,142.332,1.5,0,0,0,25
1649429005,105.373,0,0,-105.373,105.373,437,17,54,114.626,1.5,0,0,0,25
1650000188,103.78,0,0,-103.78,103.78,188,0,0,0,25,6,3.5,48.7196,1.5
1650000204,88.6126,0,0,-88.6126,88.6126,204,0,0,0,25,4,-26.1886,52.6886,1.5
1650000209,90.9965,0,0,-90.9965,90.9965,209,0,0,0,25,7,16.1379,54.3621,1.5
1650000216,87.6048,0,0,-87.6048,87.6048,216,0,0,0,25,19,20.7883,55.7117,1.5
1650000237,108.296,0,0,-108.296,108.296,237,0,0,0,25,9,9.78419,64.2842,1.5
1650000239,97.261,0,0,-97.261,97.261,239,0,0,0,25,1,-18.5956,63.9044,1.5
1650000252,90.4945,0,0,-90.4945,90.4945,252,0,0,0,25,16,19.9289,66.9289,1.5
1650000331,98.3699,0,0,-98.3699,98.3699,331,0,0,0,25,13,38.4257,85.9257,1.5
1650000343,104.85,0,0,-104.85,104.85,343,0,0,0,25,20,25.7674,94.7674,1.5
1650000362,96.9335,0,0,-96.9335,96.9335,362,0,0,0,25,5,-42,94.8306,1.5
1650000379,111.077,0,0,-111.077,111.077,379,0,0,0,25,2,-6.65851,99.5,1.5
1650000416,99.1008,0,0,-99.1008,99.1008,416,0,0,0,25,3,-45.5489,112.5,1.5
1650000437,105.373,0,0,-105.373,105.373,437,0,0,0,25,17,54,114.626,1.5
1650000440,119.932,0,0,-119.932,119.932,440,0,0,0,25,11,24.5,125.176,1.5
1650000484,98.1833,0,0,-98.1833,98.1833,484,0,0,0,25,8,-43.2459,134.246,1.5
1650000496,107.973,0,0,-107.973,107.973,496,0,0,0,25,15,51.3206,135.321,1.5
1650000496,108.098,0,0,-108.098,108.098,496,0,0,0,25,18,65.4478,128.948,1.5
1650000500,98.6381,0,0,-98.6381,98.6381,500,0,0,0,25,12,-31,142.332,1.5
1650000503,99.752,0,0,-99.752,99.752,503,0,0,0,25,14,-55.2654,135.765,1.5
1650000517,112.506,0,0,-112.506,112.506,517,0,0,0,25,10,-2,140.027,1.5
1652428820,90.4945,0,0,-90.4945,90.4945,252,16,19.9289,66.9289,1.5,0,0,0,25
1656928930,96.9335,0,0,-96.9335,96.9335,362,5,-42,94.8306,1.5,0,0,0,25
1658928772,88.6126,0,0,-88.6126,88.6126,204,4,-26.1886,52.6886,1.5,0,0,0,25
1661929008,119.932,0,0,-119.932,119.932,440,11,24.5,125.176,1.5,0,0,0,25
1666393350,107.973,0,0,-107.973,107.973,496,15,51.3206,135.321,1.5,0,0,0,25
1671393091,108.296,0,0,-108.296,108.296,237,9,9.78419,64.2842,1.5,0,0,0,25
1671928756,103.78,0,0,-103.78,103.78,188,6,3.5,48.7196,1.5,0,0,0,25
1672928911,104.85,0,0,-104.85,104.85,343,20,25.7674,94.7674,1.5,0,0,0,25
1675429071,99.752,0,0,-99.752,99.752,503,14,-55.2654,135.765,1.5,0,0,0,25
1676428807,97.261,0,0,-97.261,97.261,239,1,-18.5956,63.9044,1.5,0,0,0,25
1681428777,90.9965,0,0,-90.9965,90.9965,209,7,16.1379,54.3621,1.5,0,0,0,25
1685428899,98.3699,0,0,-98.3699,98.3699,331,13,38.4257,85.9257,1.5,0,0,0,25
1685429052,98.1833,0,0,-98.1833,98.1833,484,8,-43.2459,134.246,1.5,0,0,0,25
1685928947,111.077,0,0,-111.077,111.077,379,2,-6.65851,99.5,1.5,0,0,0,25
1689428984,99.1008,0,0,-99.1008,99.1008,416,3,-45.5489,112.5,1.5,0,0,0,25
1692929085,112.506,0,0,-112.506,112.506,517,10,-2,140.027,1.5,0,0,0,25
1693393350,108.098,0,0,-108.098,108.098,496,18,65.4478,128.948,1.5,0,0,0,25
1698428784,87.6048,0,0,-87.6048,87.6048,216,19,20.7883,55.7117,1.5,0,0,0,25
1700000212,89.1748,0,0,-89.1748,89.1748,212,0,0,0,25,4,-26.2946,52.7946,1.5
1700429060,99.8367,0,0,-99.8367,99.8367,492,12,-31,142.182,1.5,0,0,0,25
1701000180,103.707,0,0,-103.707,103.707,180,0,0,0,25,6,3.5,48.5696,1.5
1701000205,88.5693,0,0,-88.5693,88.5693,205,0,0,0,25,7,16.2439,54.2561,1.5
1701000213,91.0411,0,0,-91.0411,91.0411,213,0,0,0,25,19,20.8944,55.6056,1.5
1701000230,108.501,0,0,-108.501,108.501,230,0,0,0,25,9,9.67812,64.1781,1.5
1701000235,84.8861,0,0,-84.8861,84.8861,235,0,0,0,25,1,-18.7017,63.7983,1.5
1701000245,92.0473,0,0,-92.0473,92.0473,245,0,0,0,25,16,19.8228,66.8228,1.5
1701000323,100.48,0,0,-100.48,100.48,323,0,0,0,25,13,38.3196,85.8196,1.5
1701000336,101.361,0,0,-101.361,101.361,336,0,0,0,25,20,25.6614,94.6614,1.5
1701000342,109.292,0,0,-109.292,109.292,342,0,0,0,25,2,-6.80851,99.5,1.5
1701000354,96.132,0,0,-96.132,96.132,354,0,0,0,25,5,-42,94.6806,1.5
1701000412,97.3629,0,0,-97.3629,97.3629,412,0,0,0,25,3,-45.3989,112.5,1.5
1701000429,104.61,0,0,-104.61,104.61,429,0,0,0,25,17,54,114.476,1.5
1701000432,119.769,0,0,-119.769,119.769,432,0,0,0,25,11,24.5,125.026,1.5
1701000477,97.625,0,0,-97.625,97.625,477,0,0,0,25,8,-43.1398,134.14,1.5
1701000488,111.699,0,0,-111.699,111.699,488,0,0,0,25,18,65.3418,128.842,1.5
1701000489,108.755,0,0,-108.755,108.755,489,0,0,0,25,15,51.2145,135.215,1.5
1701000492,99.8367,0,0,-99.8367,99.8367,492,0,0,0,25,12,-31,142.182,1.5
1701000495,99.7676,0,0,-99.7676,99.7676,495,0,0,0,25,14,-55.1593,135.659,1.5
1701000509,111.823,0,0,-111.823,111.823,509,0,0,0,25,10,-2,139.877,1.5
1708428813,92.0473,0,0,-92.0473,92.0473,245,16,19.8228,66.8228,1.5,0,0,0,25
1708428922,96.132,0,0,-96.132,96.132,354,5,-42,94.6806,1.5,0,0,0,25
1710428780,89.1748,0,0,-89.1748,89.1748,212,4,-26.2946,52.7946,1.5,0,0,0,25
1713893287,119.769,0,0,-119.769,119.769,432,11,24.5,125.026,1.5,0,0,0,25
1717393283,104.61,0,0,-104.61,104.61,429,17,54,114.476,1.5,0,0,0,25
1719429057,108.755,0,0,-108.755,108.755,489,15,51.2145,135.215,1.5,0,0,0,25
1723428798,108.501,0,0,-108.501,108.501,230,9,9.67812,64.1781,1.5,0,0,0,25
1723928748,103.707,0,0,-103.707,103.707,180,6,3.5,48.5696,1.5,0,0,0,25
1724393191,101.361,0,0,-101.361,101.361,336,20,25.6614,94.6614,1.5,0,0,0,25
1726429063,99.7676,0,0,-99.7676,99.7676,495,14,-55.1593,135.659,1.5,0,0,0,25
1727928803,84.8861,0,0,-84.8861,84.8861,235,1,-18.7017,63.7983,1.5,0,0,0,25
1733428773,88.5693,0,0,-88.5693,88.5693,205,7,16.2439,54.2561,1.5,0,0,0,25
1736929045,97.625,0,0,-97.625,97.625,477,8,-43.1398,134.14,1.5,0,0,0,25
1737393178,100.48,0,0,-100.48,100.48,323,13,38.3196,85.8196,1.5,0,0,0,25
1737428910,109.292,0,0,-109.292,109.292,342,2,-6.80851,99.5,1.5,0,0,0,25
1741428980,97.3629,0,0,-97.3629,97.3629,412,3,-45.3989,112.5,1.5,0,0,0,25
1744929077,111.823,0,0,-111.823,111.823,509,10,-2,139.877,1.5,0,0,0,25
1745929056,111.699,0,0,-111.699,111.699,488,18,65.3418,128.842,1.5,0,0,0,25
1750000212,89.1748,0,0,-89.1748,89.1748,212,0,0,0,25,4,-26.2946,52.7946,1.5
1751000180,103.707,0,0,-103.707,103.707,180,0,0,0,25,6,3.5,48.5696,1.5
1751000205,88.5693,0,0,-88.5693,88.5693,205,0,0,0,25,7,16.2439,54.2561,1.5
1751000213,91.0411,0,0,-91.0411,91.0411,213,0,0,0,25,19,20.8944,55.6056,1.5
1751000230,108.501,0,0,-108.501,108.501,230,0,0,0,25,9,9.67812,64.1781,1.5
1751000235,84.8861,0,0,-84.8861,84.8861,235,0,0,0,25,1,-18.7017,63.7983,1.5
1751000245,92.0473,0,0,-92.0473,92.0473,245,0,0,0,25,16,19.8228,66.8228,1.5
1751000323,100.48,0,0,-100.48,100.48,323,0,0,0,25,13,38.3196,85.8196,1.5
1751000336,101.361,0,0,-101.361,101.361,336,0,0,0,25,20,25.6614,94.6614,1.5
1751000342,109.292,0,0,-109.292,109.292,342,0,0,0,25,2,-6.80851,99.5,1.5
1751000354,96.132,0,0,-96.132,96.132,354,0,0,0,25,5,-42,94.6806,1.5
1751000412,97.3629,0,0,-97.3629,97.3629,412,0,0,0,25,3,-45.3989,112.5,1.5
1751000429,104.61,0,0,-104.61,104.61,429,0,0,0,25,17,54,114.476,1.5
1751000432,119.769,0,0,-119.769,119.769,432,0,0,0,25,11,24.5,125.026,1.5
1751000477,97.625,0,0,-97.625,97.625,477,0,0,0,25,8,-43.1398,134.14,1.5
1751000488,111.699,0,0,-111.699,111.699,488,0,0,0,25,18,65.3418,128.842,1.5
1751000489,108.755,0,0,-108.755,108.755,489,0,0,0,25,15,51.2145,135.215,1.5
1751000492,99.8367,0,0,-99.8367,99.8367,492,0,0,0,25,12,-31,142.182,1.5
1751000495,99.7676,0,0,-99.7676,99.7676,495,0,0,0,25,14,-55.1593,135.659,1.5
1751000509,111.823,0,0,-111.823,111.823,509,0,0,0,25,10,-2,139.877,1.5
1752429060,99.8367,0,0,-99.8367,99.8367,492,12,-31,142.182,1.5,0,0,0,25
1755428781,91.0411,0,0,-91.0411,91.0411,213,19,20.8944,55.6056,1.5,0,0,0,25
1760428922,96.132,0,0,-96.132,96.132,354,5,-42,94.6806,1.5,0,0,0,25
1762393099,92.0473,0,0,-92.0473,92.0473,245,16,19.8228,66.8228,1.5,0,0,0,25
1762428780,89.1748,0,0,-89.1748,89.1748,212,4,-26.2946,52.7946,1.5,0,0,0,25
1765929000,119.769,0,0,-119.769,119.769,432,11,24.5,125.026,1.5,0,0,0,25
1769428997,104.61,0,0,-104.61,104.61,429,17,54,114.476,1.5,0,0,0,25
1775428798,108.501,0,0,-108.501,108.501,230,9,9.67812,64.1781,1.5,0,0,0,25
1775429057,108.755,0,0,-108.755,108.755,489,15,51.2145,135.215,1.5,0,0,0,25
1775928748,103.707,0,0,-103.707,103.707,180,6,3.5,48.5696,1.5,0,0,0,25
1776928904,101.361,0,0,-101.361,101.361,336,20,25.6614,94.6614,1.5,0,0,0,25
1779928803,84.8861,0,0,-84.8861,84.8861,235,1,-18.7017,63.7983,1.5,0,0,0,25
1785393349,99.7676,0,0,-99.7676,99.7676,495,14,-55.1593,135.659,1.5,0,0,0,25
1785428773,88.5693,0,0,-88.5693,88.5693,205,7,16.2439,54.2561,1.5,0,0,0,25
1788929045,97.625,0,0,-97.625,97.625,477,8,-43.1398,134.14,1.5,0,0,0,25
1789428910,109.292,0,0,-109.292,109.292,342,2,-6.80851,99.5,1.5,0,0,0,25
1793428980,97.3629,0,0,-97.3629,97.3629,412,3,-45.3989,112.5,1.5,0,0,0,25
1796429077,111.823,0,0,-111.823,111.823,509,10,-2,139.877,1.5,0,0,0,25
1800000212,89.1748,0,0,-89.1748,89.1748,212,0,0,0,25,4,-26.4007,52.9007,1.5
1801000180,103.707,0,0,-103.707,103.707,180,0,0,0,25,6,3.5,48.4196,1.5
1801000205,88.5693,0,0,-88.5693,88.5693,205,0,0,0,25,7,16.35,54.15,1.5
1801000213,91.0411,0,0,-91.0411,91.0411,213,0,0,0,25,19,21.0004,55.4996,1.5
1801000230,108.501,0,0,-108.501,108.501,230,0,0,0,25,9,9.57205,64.0721,1.5
1801000235,84.8861,0,0,-84.8861,84.8861,235,0,0,0,25,1,-18.8077,63.6923,1.5
1801000245,92.0473,0,0,-92.0473,92.0473,245,0,0,0,25,16,19.7168,66.7168,1.5
1801000323,100.48,0,0,-100.48,100.48,323,0,0,0,25,13,38.2135,85.7135,1.5
1801000336,101.361,0,0,-101.361,101.361,336,0,0,0,25,20,25.5553,94.5553,1.5
1801000342,109.292,0,0,-109.292,109.292,342,0,0,0,25,2,-6.95851,99.5,1.5
1801000354,96.132,0,0,-96.132,96.132,354,0,0,0,25,5,-42,94.5306,1.5
1801000412,97.3629,0,0,-97.3629,97.3629,412,0,0,0,25,3,-45.2489,112.5,1.5
1801000429,104.61,0,0,-104.61,104.61,429,0,0,0,25,17,54,114.326,1.5
1801000432,119.769,0,0,-119.769,119.769,432,0,0,0,25,11,24.5,124.876,1.5
1801000477,97.625,0,0,-97.625,97.625,477,0,0,0,25,8,-43.0338,134.034,1.5
1801000488,111.699,0,0,-111.699,111.699,488,0,0,0,25,18,65.2357,128.736,1.5
1801000489,108.755,0,0,-108.755,108.755,489,0,0,0,25,15,51.1085,135.108,1.5
1801000492,99.8367,0,0,-99.8367,99.8367,492,0,0,0,25,12,-31,142.032,1.5
1801000495,99.7676,0,0,-99.7676,99.7676,495,0,0,0,25,14,-55.0532,135.553,1.5
1801000509,111.823,0,0,-111.823,111.823,509,0,0,0,25,10,-2,139.727,1.5
1803929056,111.699,0,0,-111.699,111.699,488,18,65.2357,128.736,1.5,0,0,0,25
1803929060,99.8367,0,0,-99.8367,99.8367,492,12,-31,142.032,1.5,0,0,0,25
1805428891,100.48,0,0,-100.48,100.48,323,13,38.2135,85.7135,1.5,0,0,0,25
1808393067,91.0411,0,0,-91.0411,91.0411,213,19,21.0004,55.4996,1.5,0,0,0,25
1812428813,92.0473,0,0,-92.0473,92.0473,245,16,19.7168,66.7168,1.5,0,0,0,25
1812428922,96.132,0,0,-96.132,96.132,354,5,-42,94.5306,1.5,0,0,0,25
1814428780,89.1748,0,0,-89.1748,89.1748,212,4,-26.4007,52.9007,1.5,0,0,0,25
1817429000,119.769,0,0,-119.769,119.769,432,11,24.5,124.876,1.5,0,0,0,25
1826393343,108.755,0,0,-108.755,108.755,489,15,51.1085,135.108,1.5,0,0,0,25
1827428748,103.707,0,0,-103.707,103.707,180,6,3.5,48.4196,1.5,0,0,0,25
1827428798,108.501,0,0,-108.501,108.501,230,9,9.57205,64.0721,1.5,0,0,0,25
1831928803,84.8861,0,0,-84.8861,84.8861,235,1,-18.8077,63.6923,1.5,0,0,0,25
1834428904,101.361,0,0,-101.361,101.361,336,20,25.5553,94.5553,1.5,0,0,0,25
1835429063,99.7676,0,0,-99.7676,99.7676,495,14,-55.0532,135.553,1.5,0,0,0,25
1836928773,88.5693,0,0,-88.5693,88.5693,205,7,16.35,54.15,1.5,0,0,0,25
1837393283,104.61,0,0,-104.61,104.61,429,17,54,114.326,1.5,0,0,0,25
1840929045,97.625,0,0,-97.625,97.625,477,8,-43.0338,134.034,1.5,0,0,0,25
1841428910,109.292,0,0,-109.292,109.292,342,2,-6.95851,99.5,1.5,0,0,0,25
1844928980,97.3629,0,0,-97.3629,97.3629,412,3,-45.2489,112.5,1.5,0,0,0,25
1848429077,111.823,0,0,-111.823,111.823,509,10,-2,139.727,1.5,0,0,0,25
1850000212,89.1748,0,0,-89.1748,89.1748,212,0,0,0,25,4,-26.4007,52.9007,1.5
1851000180,103.707,0,0,-103.707,103.707,180,0,0,0,25,6,3.5,48.4196,1.5
1851000205,88.5693,0,0,-88.5693,88.5693,205,0,0,0,25,7,16.35,54.15,1.5
1851000213,91.0411,0,0,-91.0411,91.0411,213,0,0,0,25,19,21.0004,55.4996,1.5
1851000230,108.501,0,0,-108.501,108.501,230,0,0,0,25,9,9.57205,64.0721,1.5
1851000235,84.8861,0,0,-84.8861,84.8861,235,0,0,0,25,1,-18.8077,63.6923,1.5
1851000245,92.0473,0,0,-92.0473,92.0473,245,0,0,0,25,16,19.7168,66.7168,1.5
1851000323,100.48,0,0,-100.48,100.48,323,0,0,0,25,13,38.2135,85.7135,1.5
1851000336,101.361,0,0,-101.361,101.361,336,0,0,0,25,20,25.5553,94.5553,1.5
1851000342,109.292,0,0,-109.292,109.292,342,0,0,0,25,2,-6.95851,99.5,1.5
1851000354,96.132,0,0,-96.132,96.132,354,0,0,0,25,5,-42,94.5306,1.5
1851000412,97.3629,0,0,-97.3629,97.3629,412,0,0,0,25,3,-45.2489,112.5,1.5
1851000429,104.61,0,0,-104.61,104.61,429,0,0,0,25,17,54,114.326,1.5
1851000432,119.769,0,0,-119.769,119.769,432,0,0,0,25,11,24.5,124.876,1.5
1851000477,97.625,0,0,-97.625,97.625,477,0,0,0,25,8,-43.0338,134.034,1.5
1851000488,111.699,0,0,-111.699,111.699,488,0,0,0,25,18,65.2357,128.736,1.5
1851000489,108.755,0,0,-108.755,108.755,489,0,0,0,25,15,51.1085,135.108,1.5
1851000492,99.8367,0,0,-99.8367,99.8367,492,0,0,0,25,12,-31,142.032,1.5
1851000495,99.7676,0,0,-99.7676,99.7676,495,0,0,0,25,14,-55.0532,135.553,1.5
1851000509,111.823,0,0,-111.823,111.823,509,0,0,0,25,10,-2,139.727,1.5
1855929060,99.8367,0,0,-99.8367,99.8367,492,12,-31,142.032,1.5,0,0,0,25
1859428781,91.0411,0,0,-91.0411,91.0411,213,19,21.0004,55.4996,1.5,0,0,0,25
1861429056,111.699,0,0,-111.699,111.699,488,18,65.2357,128.736,1.5,0,0,0,25
1862928922,96.132,0,0,-96.132,96.132,354,5,-42,94.5306,1.5,0,0,0,25
1865428891,100.48,0,0,-100.48,100.48,323,13,38.2135,85.7135,1.5,0,0,0,25
1865928780,89.1748,0,0,-89.1748,89.1748,212,4,-26.4007,52.9007,1.5,0,0,0,25
1868428813,92.0473,0,0,-92.0473,92.0473,245,16,19.7168,66.7168,1.5,0,0,0,25
1869429000,119.769,0,0,-119.769,119.769,432,11,24.5,124.876,1.5,0,0,0,25
1879428748,103.707,0,0,-103.707,103.707,180,6,3.5,48.4196,1.5,0,0,0,25
1879428798,108.501,0,0,-108.501,108.501,230,9,9.57205,64.0721,1.5,0,0,0,25
1879429057,108.755,0,0,-108.755,108.755,489,15,51.1085,135.108,1.5,0,0,0,25
1883428803,84.8861,0,0,-84.8861,84.8861,235,1,-18.8077,63.6923,1.5,0,0,0,25
1886429063,99.7676,0,0,-99.7676,99.7676,495,14,-55.0532,135.553,1.5,0,0,0,25
1887214621,101.361,0,0,-101.361,101.361,336,20,25.5553,94.5553,1.5,0,0,0,25
1888928773,88.5693,0,0,-88.5693,88.5693,205,7,16.35,54.15,1.5,0,0,0,25
1889428997,104.61,0,0,-104.61,104.61,429,17,54,114.326,1.5,0,0,0,25
1892928910,109.292,0,0,-109.292,109.292,342,2,-6.95851,99.5,1.5,0,0,0,25
1892929045,97.625,0,0,-97.625,97.625,477,8,-43.0338,134.034,1.5,0,0,0,25
1896928980,97.3629,0,0,-97.3629,97.3629,412,3,-45.2489,112.5,1.5,0,0,0,25
1900000212,89.1748,0,0,-89.1748,89.1748,212,0,0,0,25,4,-26.5068,53.0068,1.5
1900429077,111.823,0,0,-111.823,111.823,509,10,-2,139.577,1.5,0,0,0,25
1901000180,103.707,0,0,-103.707,103.707,180,0,0,0,25,6,3.5,48.2696,1.5
1901000205,88.5693,0,0,-88.5693,88.5693,205,0,0,0,25,7,16.4561,54.0439,1.5
1901000213,91.0411,0,0,-91.0411,91.0411,213,0,0,0,25,19,21.1065,55.3935,1.5
1901000230,108.501,0,0,-108.501,108.501,230,0,0,0,25,9,9.46599,63.966,1.5
1901000235,84.8861,0,0,-84.8861,84.8861,235,0,0,0,25,1,-18.9138,63.5862,1.5
1901000245,92.0473,0,0,-92.0473,92.0473,245,0,0,0,25,16,19.6107,66.6107,1.5
1901000323,100.48,0,0,-100.48,100.48,323,0,0,0,25,13,38.1075,85.6075,1.5
1901000336,101.361,0,0,-101.361,101.361,336,0,0,0,25,20,25.4492,94.4492,1.5
1901000342,109.292,0,0,-109.292,109.292,342,0,0,0,25,2,-7.10851,99.5,1.5
1901000354,96.132,0,0,-96.132,96.132,354,0,0,0,25,5,-42,94.3806,1.5
1901000412,97.3629,0,0,-97.3629,97.3629,412,0,0,0,25,3,-45.0989,112.5,1.5
1901000429,104.61,0,0,-104.61,104.61,429,0,0,0,25,17,54,114.176,1.5
1901000432,119.769,0,0,-119.769,119.769,432,0,0,0,25,11,24.5,124.726,1.5
1901000477,97.625,0,0,-97.625,97.625,477,0,0,0,25,8,-43,133.898,1.5
1901000488,111.699,0,0,-111.699,111.699,488,0,0,0,25,18,65.1296,128.63,1.5
1901000489,108.755,0,0,-108.755,108.755,489,0,0,0,25,15,51.0024,135.002,1.5
1901000492,99.8367,0,0,-99.8367,99.8367,492,0,0,0,25,12,-31,141.882,1.5
1901000495,99.7676,0,0,-99.7676,99.7676,495,0,0,0,25,14,-54.9472,135.447,1.5
1901000509,111.823,0,0,-111.823,111.823,509,0,0,0,25,10,-2,139.577,1.5
1907929060,99.8367,0,0,-99.8367,99.8367,492,12,-31,141.882,1.5,0,0,0,25
1915928922,96.132,0,0,-96.132,96.132,354,5,-42,94.3806,1.5,0,0,0,25
1916928781,91.0411,0,0,-91.0411,91.0411,213,19,21.1065,55.3935,1.5,0,0,0,25
1917928780,89.1748,0,0,-89.1748,89.1748,212,4,-26.5068,53.0068,1.5,0,0,0,25
1918929056,111.699,0,0,-111.699,111.699,488,18,65.1296,128.63,1.5,0,0,0,25
1921429000,119.769,0,0,-119.769,119.769,432,11,24.5,124.726,1.5,0,0,0,25
1922393099,92.0473,0,0,-92.0473,92.0473,245,16,19.6107,66.6107,1.5,0,0,0,25
1925428891,100.48,0,0,-100.48,100.48,323,13,38.1075,85.6075,1.5,0,0,0,25
1930928798,108.501,0,0,-108.501,108.501,230,9,9.46599,63.966,1.5,0,0,0,25
1931428748,103.707,0,0,-103.707,103.707,180,6,3.5,48.2696,1.5,0,0,0,25
1935428803,84.8861,0,0,-84.8861,84.8861,235,1,-18.9138,63.5862,1.5,0,0,0,25
1935429057,108.755,0,0,-108.755,108.755,489,15,51.0024,135.002,1.5,0,0,0,25
1937928904,101.361,0,0,-101.361,101.361,336,20,25.4492,94.4492,1.5,0,0,0,25
1940928773,88.5693,0,0,-88.5693,88.5693,205,7,16.4561,54.0439,1.5,0,0,0,25
1944429045,97.625,0,0,-97.625,97.625,477,8,-43,133.898,1.5,0,0,0,25
1944928910,109.292,0,0,-109.292,109.292,342,2,-7.10851,99.5,1.5,0,0,0,25
1945393349,99.7676,0,0,-99.7676,99.7676,495,14,-54.9472,135.447,1.5,0,0,0,25
1948928980,97.3629,0,0,-97.3629,97.3629,412,3,-45.0989,112.5,1.5,0,0,0,25
1950000212,89.1748,0,0,-89.1748,89.1748,212,0,0,0,25,4,-26.5068,53.0068,1.5
1951000180,103.707,0,0,-103.707,103.707,180,0,0,0,25,6,3.5,48.2696,1.5
1951000205,88.5693,0,0,-88.5693,88.5693,205,0,0,0,25,7,16.4561,54.0439,1.5
1951000213,91.0411,0,0,-91.0411,91.0411,213,0,0,0,25,19,21.1065,55.3935,1.5
1951000230,108.501,0,0,-108.501,108.501,230,0,0,0,25,9,9.46599,63.966,1.5
1951000235,84.8861,0,0,-84.8861,84.8861,235,0,0,0,25,1,-18.9138,63.5862,1.5
1951000245,92.0473,0,0,-92.0473,92.0473,245,0,0,0,25,16,19.6107,66.6107,1.5
1951000323,100.48,0,0,-100.48,100.48,323,0,0,0,25,13,38.1075,85.6075,1.5
1951000336,101.361,0,0,-101.361,101.361,336,0,0,0,25,20,25.4492,94.4492,1.5
1951000342,109.292,0,0,-109.292,109.292,342,0,0,0,25,2,-7.10851,99.5,1.5
1951000354,96.132,0,0,-96.132,96.132,354,0,0,0,25,5,-42,94.3806,1.5
1951000412,97.3629,0,0,-97.3629,97.3629,412,0,0,0,25,3,-45.0989,112.5,1.5
1951000429,104.61,0,0,-104.61,104.61,429,0,0,0,25,17,54,114.176,1.5
1951000432,119.769,0,0,-119.769,119.769,432,0,0,0,25,11,24.5,124.726,1.5
1951000477,97.625,0,0,-97.625,97.625,477,0,0,0,25,8,-43,133.898,1.5
1951000488,111.699,0,0,-111.699,111.699,488,0,0,0,25,18,65.1296,128.63,1.5
1951000489,108.755,0,0,-108.755,108.755,489,0,0,0,25,15,51.0024,135.002,1.5
1951000492,99.8367,0,0,-99.8367,99.8367,492,0,0,0,25,12,-31,141.882,1.5
1951000495,99.7676,0,0,-99.7676,99.7676,495,0,0,0,25,14,-54.9472,135.447,1.5
1951000509,111.823,0,0,-111.823,111.823,509,0,0,0,25,10,-2,139.577,1.5
1951929077,111.823,0,0,-111.823,111.823,509,10,-2,139.577,1.5,0,0,0,25
1957393283,104.61,0,0,-104.61,104.61,429,17,54,114.176,1.5,0,0,0,25
1959429060,99.8367,0,0,-99.8367,99.8367,492,12,-31,141.882,1.5,0,0,0,25
1967928922,96.132,0,0,-96.132,96.132,354,5,-42,94.3806,1.5,0,0,0,25
1968393067,91.0411,0,0,-91.0411,91.0411,213,19,21.1065,55.3935,1.5,0,0,0,25
1969928780,89.1748,0,0,-89.1748,89.1748,212,4,-26.5068,53.0068,1.5,0,0,0,25
1972428813,92.0473,0,0,-92.0473,92.0473,245,16,19.6107,66.6107,1.5,0,0,0,25
1972929000,119.769,0,0,-119.769,119.769,432,11,24.5,124.726,1.5,0,0,0,25
1973393342,111.699,0,0,-111.699,111.699,488,18,65.1296,128.63,1.5,0,0,0,25
1977393178,100.48,0,0,-100.48,100.48,323,13,38.1075,85.6075,1.5,0,0,0,25
1982928748,103.707,0,0,-103.707,103.707,180,6,3.5,48.2696,1.5,0,0,0,25
1982928798,108.501,0,0,-108.501,108.501,230,9,9.46599,63.966,1.5,0,0,0,25
1986393343,108.755,0,0,-108.755,108.755,489,15,51.0024,135.002,1.5,0,0,0,25
1987428803,84.8861,0,0,-84.8861,84.8861,235,1,-18.9138,63.5862,1.5,0,0,0,25
1992428773,88.5693,0,0,-88.5693,88.5693,205,7,16.4561,54.0439,1.5,0,0,0,25
1995428904,101.361,0,0,-101.361,101.361,336,20,25.4492,94.4492,1.5,0,0,0,25
1995429063,99.7676,0,0,-99.7676,99.7676,495,14,-54.9472,135.447,1.5,0,0,0,25
1996429045,97.625,0,0,-97.625,97.625,477,8,-43,133.898,1.5,0,0,0,25
1996928910,109.292,0,0,-109.292,109.292,342,2,-7.10851,99.5,1.5,0,0,0,25
2000000212,89.1748,0,0,-89.1748,89.1748,212,0,0,0,25,4,-26.6128,53.1128,1.5
2000428980,97.3629,0,0,-97.3629,97.3629,412,3,-44.9489,112.5,1.5,0,0,0,25
2001000180,103.707,0,0,-103.707,103.707,180,0,0,0,25,6,3.5,48.1196,1.5
2001000205,88.5693,0,0,-88.5693,88.5693,205,0,0,0,25,7,16.5621,53.9379,1.5
2001000213,91.0411,0,0,-91.0411,91.0411,213,0,0,0,25,19,21.2126,55.2874,1.5
2001000230,108.501,0,0,-108.501,108.501,230,0,0,0,25,9,9.35992,63.8599,1.5
2001000235,84.8861,0,0,-84.8861,84.8861,235,0,0,0,25,1,-19.0199,63.4801,1.5
2001000245,92.0473,0,0,-92.0473,92.0473,245,0,0,0,25,16,19.5046,66.5046,1.5
2001000323,100.48,0,0,-100.48,100.48,323,0,0,0,25,13,38.0014,85.5014,1.5
2001000336,101.361,0,0,-101.361,101.361,336,0,0,0,25,20,25.3432,94.3432,1.5
2001000342,109.292,0,0,-109.292,109.292,342,0,0,0,25,2,-7.25851,99.5,1.5
2001000354,96.132,0,0,-96.132,96.132,354,0,0,0,25,5,-42,94.2306,1.5
2001000412,97.3629,0,0,-97.3629,97.3629,412,0,0,0,25,3,-44.9489,112.5,1.5
2001000429,104.61,0,0,-104.61,104.61,429,0,0,0,25,17,54,114.026,1.5
2001000432,119.769,0,0,-119.769,119.769,432,0,0,0,25,11,24.5,124.576,1.5
2001000477,97.625,0,0,-97.625,97.625,477,0,0,0,25,8,-43,133.748,1.5
2001000488,111.699,0,0,-111.699,111.699,488,0,0,0,25,18,65.0236,128.524,1.5
2001000489,108.755,0,0,-108.755,108.755,489,0,0,0,25,15,50.8963,134.896,1.5
2001000492,99.8367,0,0,-99.8367,99.8367,492,0,0,0,25,12,-31,141.732,1.5
2001000495,99.7676,0,0,-99.7676,99.7676,495,0,0,0,25,14,-54.8411,135.341,1.5
2001000509,111.823,0,0,-111.823,111.823,509,0,0,0,25,10,-2,139.427,1.5
2003929077,111.823,0,0,-111.823,111.823,509,10,-2,139.427,1.5,0,0,0,25
2009428997,104.61,0,0,-104.61,104.61,429,17,54,114.026,1.5,0,0,0,25
2011429060,99.8367,0,0,-99.8367,99.8367,492,12,-31,141.732,1.5,0,0,0,25
2019428922,96.132,0,0,-96.132,96.132,354,5,-42,94.2306,1.5,0,0,0,25
2020428781,91.0411,0,0,-91.0411,91.0411,213,19,21.2126,55.2874,1.5,0,0,0,25
2021428780,89.1748,0,0,-89.1748,89.1748,212,4,-26.6128,53.1128,1.5,0,0,0,25
2024929000,119.769,0,0,-119.769,119.769,432,11,24.5,124.576,1.5,0,0,0,25
2028428813,92.0473,0,0,-92.0473,92.0473,245,16,19.5046,66.5046,1.5,0,0,0,25
2033928798,108.501,0,0,-108.501,108.501,230,9,9.35992,63.8599,1.5,0,0,0,25
2033929056,111.699,0,0,-111.699,111.699,488,18,65.0236,128.524,1.5,0,0,0,25
2034928748,103.707,0,0,-103.707,103.707,180,6,3.5,48.1196,1.5,0,0,0,25
2038928803,84.8861,0,0,-84.8861,84.8861,235,1,-19.0199,63.4801,1.5,0,0,0,25
2039429057,108.755,0,0,-108.755,108.755,489,15,50.8963,134.896,1.5,0,0,0,25
2043893059,88.5693,0,0,-88.5693,88.5693,205,7,16.5621,53.9379,1.5,0,0,0,25
2045428891,100.48,0,0,-100.48,100.48,323,13,38.0014,85.5014,1.5,0,0,0,25
2046429063,99.7676,0,0,-99.7676,99.7676,495,14,-54.8411,135.341,1.5,0,0,0,25
2047214621,101.361,0,0,-101.361,101.361,336,20,25.3432,94.3432,1.5,0,0,0,25
2047393331,97.625,0,0,-97.625,97.625,477,8,-43,133.748,1.5,0,0,0,25
2048428910,109.292,0,0,-109.292,109.292,342,2,-7.25851,99.5,1.5,0,0,0,25
2050000212,89.1748,0,0,-89.1748,89.1748,212,0,0,0,25,4,-26.6128,53.1128,1.5
2051000180,103.707,0,0,-103.707,103.707,180,0,0,0,25,6,3.5,48.1196,1.5
2051000205,88.5693,0,0,-88.5693,88.5693,205,0,0,0,25,7,16.5621,53.9379,1.5
2051000213,91.0411,0,0,-91.0411,91.0411,213,0,0,0,25,19,21.2126,55.2874,1.5
2051000230,108.501,0,0,-108.501,108.501,230,0,0,0,25,9,9.35992,63.8599,1.5
2051000235,84.8861,0,0,-84.8861,84.8861,235,0,0,0,25,1,-19.0199,63.4801,1.5
2051000245,92.0473,0,0,-92.0473,92.0473,245,0,0,0,25,16,19.5046,66.5046,1.5
2051000323,100.48,0,0,-100.48,100.48,323,0,0,0,25,13,38.0014,85.5014,1.5
2051000336,101.361,0,0,-101.361,101.361,336,0,0,0,25,20,25.3432,94.3432,1.5
2051000342,109.292,0,0,-109.292,109.292,342,0,0,0,25,2,-7.25851,99.5,1.5
2051000354,96.132,0,0,-96.132,96.132,354,0,0,0,25,5,-42,94.2306,1.5
2051000412,97.3629,0,0,-97.3629,97.3629,412,0,0,0,25,3,-44.9489,112.5,1.5
2051000429,104.61,0,0,-104.61,104.61,429,0,0,0,25,17,54,114.026,1.5
2051000432,119.769,0,0,-119.769,119.769,432,0,0,0,25,11,24.5,124.576,1.5
2051000477,97.625,0,0,-97.625,97.625,477,0,0,0,25,8,-43,133.748,1.5
2051000488,111.699,0,0,-111.699,111.699,488,0,0,0,25,18,65.0236,128.524,1.5
2051000489,108.755,0,0,-108.755,108.755,489,0,0,0,25,15,50.8963,134.896,1.5
2051000492,99.8367,0,0,-99.8367,99.8367,492,0,0,0,25,12,-31,141.732,1.5
2051000495,99.7676,0,0,-99.7676,99.7676,495,0,0,0,25,14,-54.8411,135.341,1.5
2051000509,111.823,0,0,-111.823,111.823,509,0,0,0,25,10,-2,139.427,1.5
2052428980,97.3629,0,0,-97.3629,97.3629,412,3,-44.9489,112.5,1.5,0,0,0,25
2055929077,111.823,0,0,-111.823,111.823,509,10,-2,139.427,1.5,0,0,0,25
2063429060,99.8367,0,0,-99.8367,99.8367,492,12,-31,141.732,1.5,0,0,0,25
2071428922,96.132,0,0,-96.132,96.132,354,5,-42,94.2306,1.5,0,0,0,25
2073428780,89.1748,0,0,-89.1748,89.1748,212,4,-26.6128,53.1128,1.5,0,0,0,25
2076429000,119.769,0,0,-119.769,119.769,432,11,24.5,124.576,1.5,0,0,0,25
2077393283,104.61,0,0,-104.61,104.61,429,17,54,114.026,1.5,0,0,0,25
2078428781,91.0411,0,0,-91.0411,91.0411,213,19,21.2126,55.2874,1.5,0,0,0,25
2082393099,92.0473,0,0,-92.0473,92.0473,245,16,19.5046,66.5046,1.5,0,0,0,25
2086428798,108.501,0,0,-108.501,108.501,230,9,9.35992,63.8599,1.5,0,0,0,25
2086928748,103.707,0,0,-103.707,103.707,180,6,3.5,48.1196,1.5,0,0,0,25
2090928803,84.8861,0,0,-84.8861,84.8861,235,1,-19.0199,63.4801,1.5,0,0,0,25
2091929056,111.699,0,0,-111.699,111.699,488,18,65.0236,128.524,1.5,0,0,0,25
2095429057,108.755,0,0,-108.755,108.755,489,15,50.8963,134.896,1.5,0,0,0,25
2096428773,88.5693,0,0,-88.5693,88.5693,205,7,16.5621,53.9379,1.5,0,0,0,25
2099428904,101.361,0,0,-101.361,101.361,336,20,25.3432,94.3432,1.5,0,0,0,25
2099929045,97.625,0,0,-97.625,97.625,477,8,-43,133.748,1.5,0,0,0,25
2100000212,89.1748,0,0,-89.1748,89.1748,212,0,0,0,25,4,-26.7189,53.2189,1.5
2100428910,109.292,0,0,-109.292,109.292,342,2,-7.40851,99.5,1.5,0,0,0,25
2101000180,103.707,0,0,-103.707,103.707,180,0,0,0,25,6,3.5,47.9696,1.5
2101000205,88.5693,0,0,-88.5693,88.5693,205,0,0,0,25,7,16.6682,53.8318,1.5
2101000213,91.0411,0,0,-91.0411,91.0411,213,0,0,0,25,19,21.3186,55.1814,1.5
2101000230,108.501,0,0,-108.501,108.501,230,0,0,0,25,9,9.25386,63.7539,1.5
2101000235,84.8861,0,0,-84.8861,84.8861,235,0,0,0,25,1,-19.1259,63.3741,1.5
2101000245,92.0473,0,0,-92.0473,92.0473,245,0,0,0,25,16,19.3986,66.3986,1.5
2101000323,100.48,0,0,-100.48,100.48,323,0,0,0,25,13,37.8953,85.3953,1.5
2101000336,101.361,0,0,-101.361,101.361,336,0,0,0,25,20,25.2371,94.2371,1.5
2101000342,109.292,0,0,-109.292,109.292,342,0,0,0,25,2,-7.40851,99.5,1.5
2101000354,96.132,0,0,-96.132,96.132,354,0,0,0,25,5,-42,94.0806,1.5
2101000412,97.3629,0,0,-97.3629,97.3629,412,0,0,0,25,3,-44.7989,112.5,1.5
2101000429,104.61,0,0,-104.61,104.61,429,0,0,0,25,17,54,113.876,1.5
2101000432,119.769,0,0,-119.769,119.769,432,0,0,0,25,11,24.5,124.426,1.5
2101000477,97.625,0,0,-97.625,97.625,477,0,0,0,25,8,-43,133.598,1.5
2101000488,111.699,0,0,-111.699,111.699,488,0,0,0,25,18,64.9175,128.418,1.5
2101000489,108.755,0,0,-108.755,108.755,489,0,0,0,25,15,50.7903,134.79,1.5
2101000492,99.8367,0,0,-99.8367,99.8367,492,0,0,0,25,12,-31,141.582,1.5
2101000495,99.7676,0,0,-99.7676,99.7676,495,0,0,0,25,14,-54.735,135.235,1.5
2101000509,111.823,0,0,-111.823,111.823,509,0,0,0,25,10,-2,139.277,1.5
2102893267,97.3629,0,0,-97.3629,97.3629,412,3,-44.7989,112.5,1.5,0,0,0,25
2105393349,99.7676,0,0,-99.7676,99.7676,495,14,-54.735,135.235,1.5,0,0,0,25
2105428891,100.48,0,0,-100.48,100.48,323,13,37.8953,85.3953,1.5,0,0,0,25
2107429077,111.823,0,0,-111.823,111.823,509,10,-2,139.277,1.5,0,0,0,25
2114893346,99.8367,0,0,-99.8367,99.8367,492,12,-31,141.582,1.5,0,0,0,25
2123428922,96.132,0,0,-96.132,96.132,354,5,-42,94.0806,1.5,0,0,0,25
2125428780,89.1748,0,0,-89.1748,89.1748,212,4,-26.7189,53.2189,1.5,0,0,0,25
2128429000,119.769,0,0,-119.769,119.769,432,11,24.5,124.426,1.5,0,0,0,25
2129428997,104.61,0,0,-104.61,104.61,429,17,54,113.876,1.5,0,0,0,25
2132428813,92.0473,0,0,-92.0473,92.0473,245,16,19.3986,66.3986,1.5,0,0,0,25
2135928781,91.0411,0,0,-91.0411,91.0411,213,19,21.3186,55.1814,1.5,0,0,0,25
2138428748,103.707,0,0,-103.707,103.707,180,6,3.5,47.9696,1.5,0,0,0,25
2138428798,108.501,0,0,-108.501,108.501,230,9,9.25386,63.7539,1.5,0,0,0,25
2142928803,84.8861,0,0,-84.8861,84.8861,235,1,-19.1259,63.3741,1.5,0,0,0,25
2146393343,108.755,0,0,-108.755,108.755,489,15,50.7903,134.79,1.5,0,0,0,25
2147928773,88.5693,0,0,-88.5693,88.5693,205,7,16.6682,53.8318,1.5,0,0,0,25
2149429056,111.699,0,0,-111.699,111.699,488,18,64.9175,128.418,1.5,0,0,0,25
2150000212,89.1748,0,0,-89.1748,89.1748,212,0,0,0,25,4,-26.7189,53.2189,1.5
2151000180,103.707,0,0,-103.707,103.707,180,0,0,0,25,6,3.5,47.9696,1.5
2151000205,88.5693,0,0,-88.5693,88.5693,205,0,0,0,25,7,16.6682,53.8318,1.5
2151000213,91.0411,0,0,-91.0411,91.0411,213,0,0,0,25,19,21.3186,55.1814,1.5
2151000230,108.501,0,0,-108.501,108.501,230,0,0,0,25,9,9.25386,63.7539,1.5
2151000235,84.8861,0,0,-84.8861,84.8861,235,0,0,0,25,1,-19.1259,63.3741,1.5
2151000245,92.0473,0,0,-92.0473,92.0473,245,0,0,0,25,16,19.3986,66.3986,1.5
2151000323,100.48,0,0,-100.48,100.48,323,0,0,0,25,13,37.8953,85.3953,1.5
2151000336,101.361,0,0,-101.361,101.361,336,0,0,0,25,20,25.2371,94.2371,1.5
2151000342,109.292,0,0,-109.292,109.292,342,0,0,0,25,2,-7.40851,99.5,1.5
2151000354,96.132,0,0,-96.132,96.132,354,0,0,0,25,5,-42,94.0806,1.5
2151000412,97.3629,0,0,-97.3629,97.3629,412,0,0,0,25,3,-44.7989,112.5,1.5
2151000429,104.61,0,0,-104.61,104.61,429,0,0,0,25,17,54,113.876,1.5
2151000432,119.769,0,0,-119.769,119.769,432,0,0,0,25,11,24.5,124.426,1.5
2151000477,97.625,0,0,-97.625,97.625,477,0,0,0,25,8,-43,133.598,1.5
2151000488,111.699,0,0,-111.699,111.699,488,0,0,0,25,18,64.9175,128.418,1.5
2151000489,108.755,0,0,-108.755,108.755,489,0,0,0,25,15,50.7903,134.79,1.5
2151000492,99.8367,0,0,-99.8367,99.8367,492,0,0,0,25,12,-31,141.582,1.5
2151000495,99.7676,0,0,-99.7676,99.7676,495,0,0,0,25,14,-54.735,135.235,1.5
2151000509,111.823,0,0,-111.823,111.823,509,0,0,0,25,10,-2,139.277,1.5
2151929045,97.625,0,0,-97.625,97.625,477,8,-43,133.598,1.5,0,0,0,25
2152428910,109.292,0,0,-109.292,109.292,342,2,-7.40851,99.5,1.5,0,0,0,25
2155429063,99.7676,0,0,-99.7676,99.7676,495,14,-54.735,135.235,1.5,0,0,0,25
2155928980,97.3629,0,0,-97.3629,97.3629,412,3,-44.7989,112.5,1.5,0,0,0,25
2156928904,101.361,0,0,-101.361,101.361,336,20,25.2371,94.2371,1.5,0,0,0,25
2159393363,111.823,0,0,-111.823,111.823,509,10,-2,139.277,1.5,0,0,0,25
2165428891,100.48,0,0,-100.48,100.48,323,13,37.8953,85.3953,1.5,0,0,0,25
2166929060,99.8367,0,0,-99.8367,99.8367,492,12,-31,141.582,1.5,0,0,0,25
2174928922,96.132,0,0,-96.132,96.132,354,5,-42,94.0806,1.5,0,0,0,25
2176928780,89.1748,0,0,-89.1748,89.1748,212,4,-26.7189,53.2189,1.5,0,0,0,25
2180393287,119.769,0,0,-119.769,119.769,432,11,24.5,124.426,1.5,0,0,0,25
2187928781,91.0411,0,0,-91.0411,91.0411,213,19,21.3186,55.1814,1.5,0,0,0,25
2188428813,92.0473,0,0,-92.0473,92.0473,245,16,19.3986,66.3986,1.5,0,0,0,25
2190428748,103.707,0,0,-103.707,103.707,180,6,3.5,47.9696,1.5,0,0,0,25
2190428798,108.501,0,0,-108.501,108.501,230,9,9.25386,63.7539,1.5,0,0,0,25
2194428803,84.8861,0,0,-84.8861,84.8861,235,1,-19.1259,63.3741,1.5,0,0,0,25
2197393283,104.61,0,0,-104.61,104.61,429,17,54,113.876,1.5,0,0,0,25
2199429057,108.755,0,0,-108.755,108.755,489,15,50.7903,134.79,1.5,0,0,0,25
2199928773,88.5693,0,0,-88.5693,88.5693,205,7,16.6682,53.8318,1.5,0,0,0,25
2200000212,89.1748,0,0,-89.1748,89.1748,212,0,0,0,25,4,-26.8249,53.3249,1.5
2201000180,103.707,0,0,-103.707,103.707,180,0,0,0,25,6,3.5,47.8196,1.5
2201000205,88.5693,0,0,-88.5693,88.5693,205,0,0,0,25,7,16.7743,53.7257,1.5
2201000213,91.0411,0,0,-91.0411,91.0411,213,0,0,0,25,19,21.4247,55.0753,1.5
2201000230,108.501,0,0,-108.501,108.501,230,0,0,0,25,9,9.14779,63.6478,1.5
2201000235,84.8861,0,0,-84.8861,84.8861,235,0,0,0,25,1,-19.232,63.268,1.5
2201000245,92.0473,0,0,-92.0473,92.0473,245,0,0,0,25,16,19.2925,66.2925,1.5
2201000323,100.48,0,0,-100.48,100.48,323,0,0,0,25,13,37.7893,85.2893,1.5
2201000336,101.361,0,0,-101.361,101.361,336,0,0,0,25,20,25.131,94.131,1.5
2201000342,109.292,0,0,-109.292,109.292,342,0,0,0,25,2,-7.55851,99.5,1.5
2201000354,96.132,0,0,-96.132,96.132,354,0,0,0,25,5,-42,93.9306,1.5
2201000412,97.3629,0,0,-97.3629,97.3629,412,0,0,0,25,3,-44.6489,112.5,1.5
2201000429,104.61,0,0,-104.61,104.61,429,0,0,0,25,17,54,113.726,1.5
2201000432,119.769,0,0,-119.769,119.769,432,0,0,0,25,11,24.5,124.276,1.5
2201000477,97.625,0,0,-97.625,97.625,477,0,0,0,25,8,-43,133.448,1.5
2201000488,111.699,0,0,-111.699,111.699,488,0,0,0,25,18,64.8114,128.311,1.5
2201000489,108.755,0,0,-108.755,108.755,489,0,0,0,25,15,50.6842,134.684,1.5
2201000492,99.8367,0,0,-99.8367,99.8367,492,0,0,0,25,12,-31,141.432,1.5
2201000495,99.7676,0,0,-99.7676,99.7676,495,0,0,0,25,14,-54.629,135.129,1.5
2201000509,111.823,0,0,-111.823,111.823,509,0,0,0,25,10,-2,139.127,1.5
2203928910,109.292,0,0,-109.292,109.292,342,2,-7.55851,99.5,1.5,0,0,0,25
2203929045,97.625,0,0,-97.625,97.625,477,8,-43,133.448,1.5,0,0,0,25
2206429063,99.7676,0,0,-99.7676,99.7676,495,14,-54.629,135.129,1.5,0,0,0,25
2206929056,111.699,0,0,-111.699,111.699,488,18,64.8114,128.311,1.5,0,0,0,25
2207214621,101.361,0,0,-101.361,101.361,336,20,25.131,94.131,1.5,0,0,0,25
2207928980,97.3629,0,0,-97.3629,97.3629,412,3,-44.6489,112.5,1.5,0,0,0,25
2211429077,111.823,0,0,-111.823,111.823,509,10,-2,139.127,1.5,0,0,0,25
2217393178,100.48,0,0,-100.48,100.48,323,13,37.7893,85.2893,1.5,0,0,0,25
2218929060,99.8367,0,0,-99.8367,99.8367,492,12,-31,141.432,1.5,0,0,0,25
2226928922,96.132,0,0,-96.132,96.132,354,5,-42,93.9306,1.5,0,0,0,25
2228928780,89.1748,0,0,-89.1748,89.1748,212,4,-26.8249,53.3249,1.5,0,0,0,25
2232429000,119.769,0,0,-119.769,119.769,432,11,24.5,124.276,1.5,0,0,0,25
2239428781,91.0411,0,0,-91.0411,91.0411,213,19,21.4247,55.0753,1.5,0,0,0,25
2241928798,108.501,0,0,-108.501,108.501,230,9,9.14779,63.6478,1.5,0,0,0,25
2242393099,92.0473,0,0,-92.0473,92.0473,245,16,19.2925,66.2925,1.5,0,0,0,25
2242428748,103.707,0,0,-103.707,103.707,180,6,3.5,47.8196,1.5,0,0,0,25
2244893089,84.8861,0,0,-84.8861,84.8861,235,1,-19.232,63.268,1.5,0,0,0,25
2249428997,104.61,0,0,-104.61,104.61,429,17,54,113.726,1.5,0,0,0,25
2250000212,89.1748,0,0,-89.1748,89.1748,212,0,0,0,25,4,-26.8249,53.3249,1.5
2251000180,103.707,0,0,-103.707,103.707,180,0,0,0,25,6,3.5,47.8196,1.5
2251000205,88.5693,0,0,-88.5693,88.5693,205,0,0,0,25,7,16.7743,53.7257,1.5
2251000213,91.0411,0,0,-91.0411,91.0411,213,0,0,0,25,19,21.4247,55.0753,1.5
2251000230,108.501,0,0,-108.501,108.501,230,0,0,0,25,9,9.14779,63.6478,1.5
2251000235,84.8861,0,0,-84.8861,84.8861,235,0,0,0,25,1,-19.232,63.268,1.5
2251000245,92.0473,0,0,-92.0473,92.0473,245,0,0,0,25,16,19.2925,66.2925,1.5
2251000323,100.48,0,0,-100.48,100.48,323,0,0,0,25,13,37.7893,85.2893,1.5
2251000336,101.361,0,0,-101.361,101.361,336,0,0,0,25,20,25.131,94.131,1.5
2251000342,109.292,0,0,-109.292,109.292,342,0,0,0,25,2,-7.55851,99.5,1.5
2251000354,96.132,0,0,-96.132,96.132,354,0,0,0,25,5,-42,93.9306,1.5
2251000412,97.3629,0,0,-97.3629,97.3629,412,0,0,0,25,3,-44.6489,112.5,1.5
2251000429,104.61,0,0,-104.61,104.61,429,0,0,0,25,17,54,113.726,1.5
2251000432,119.769,0,0,-119.769,119.769,432,0,0,0,25,11,24.5,124.276,1.5
2251000477,97.625,0,0,-97.625,97.625,477,0,0,0,25,8,-43,133.448,1.5
2251000488,111.699,0,0,-111.699,111.699,488,0,0,0,25,18,64.8114,128.311,1.5
2251000489,108.755,0,0,-108.755,108.755,489,0,0,0,25,15,50.6842,134.684,1.5
2251000492,99.8367,0,0,-99.8367,99.8367,492,0,0,0,25,12,-31,141.432,1.5
2251000495,99.7676,0,0,-99.7676,99.7676,495,0,0,0,25,14,-54.629,135.129,1.5
2251000509,111.823,0,0,-111.823,111.823,509,0,0,0,25,10,-2,139.127,1.5
2251928773,88.5693,0,0,-88.5693,88.5693,205,7,16.7743,53.7257,1.5,0,0,0,25
2255429045,97.625,0,0,-97.625,97.625,477,8,-43,133.448,1.5,0,0,0,25
2255429057,108.755,0,0,-108.755,108.755,489,15,50.6842,134.684,1.5,0,0,0,25
2255893196,109.292,0,0,-109.292,109.292,342,2,-7.55851,99.5,1.5,0,0,0,25
2259928980,97.3629,0,0,-97.3629,97.3629,412,3,-44.6489,112.5,1.5,0,0,0,25
2260428904,101.361,0,0,-101.361,101.361,336,20,25.131,94.131,1.5,0,0,0,25
2262929077,111.823,0,0,-111.823,111.823,509,10,-2,139.127,1.5,0,0,0,25
2264429056,111.699,0,0,-111.699,111.699,488,18,64.8114,128.311,1.5,0,0,0,25
2265393349,99.7676,0,0,-99.7676,99.7676,495,14,-54.629,135.129,1.5,0,0,0,25
2270429060,99.8367,0,0,-99.8367,99.8367,492,12,-31,141.432,1.5,0,0,0,25
2278928922,96.132,0,0,-96.132,96.132,354,5,-42,93.9306,1.5,0,0,0,25
2280928780,89.1748,0,0,-89.1748,89.1748,212,4,-26.8249,53.3249,1.5,0,0,0,25
2283929000,119.769,0,0,-119.769,119.769,432,11,24.5,124.276,1.5,0,0,0,25
2285428891,100.48,0,0,-100.48,100.48,323,13,37.7893,85.2893,1.5,0,0,0,25
2292428813,92.0473,0,0,-92.0473,92.0473,245,16,19.2925,66.2925,1.5,0,0,0,25
2293928748,103.707,0,0,-103.707,103.707,180,6,3.5,47.8196,1.5,0,0,0,25
2293928798,108.501,0,0,-108.501,108.501,230,9,9.14779,63.6478,1.5,0,0,0,25
2296928781,91.0411,0,0,-91.0411,91.0411,213,19,21.4247,55.0753,1.5,0,0,0,25
2298428803,84.8861,0,0,-84.8861,84.8861,235,1,-19.232,63.268,1.5,0,0,0,25
2300000212,89.1748,0,0,-89.1748,89.1748,212,0,0,0,25,4,-26.931,53.431,1.5
2302000180,103.707,0,0,-103.707,103.707,180,0,0,0,25,6,3.5,47.6696,1.5
2302000205,88.5693,0,0,-88.5693,88.5693,205,0,0,0,25,7,16.8803,53.6197,1.5
2302000213,91.0411,0,0,-91.0411,91.0411,213,0,0,0,25,19,21.5308,54.9692,1.5
2302000230,108.501,0,0,-108.501,108.501,230,0,0,0,25,9,9.04172,63.5417,1.5
2302000235,84.8861,0,0,-84.8861,84.8861,235,0,0,0,25,1,-19.3381,63.1619,1.5
2302000245,92.0473,0,0,-92.0473,92.0473,245,0,0,0,25,16,19.1864,66.1864,1.5
2302000323,100.48,0,0,-100.48,100.48,323,0,0,0,25,13,37.6832,85.1832,1.5
2302000336,101.361,0,0,-101.361,101.361,336,0,0,0,25,20,25.025,94.025,1.5
2302000342,109.292,0,0,-109.292,109.292,342,0,0,0,25,2,-7.70851,99.5,1.5
2302000354,96.132,0,0,-96.132,96.132,354,0,0,0,25,5,-42,93.7806,1.5
2302000412,97.3629,0,0,-97.3629,97.3629,412,0,0,0,25,3,-44.4989,112.5,1.5
2302000429,104.61,0,0,-104.61,104.61,429,0,0,0,25,17,54,113.576,1.5
2302000432,119.769,0,0,-119.769,119.769,432,0,0,0,25,11,24.5,124.126,1.5
2302000477,97.625,0,0,-97.625,97.625,477,0,0,0,25,8,-43,133.298,1.5
2302000488,111.699,0,0,-111.699,111.699,488,0,0,0,25,18,64.7054,128.205,1.5
2302000489,108.755,0,0,-108.755,108.755,489,0,0,0,25,15,50.5781,134.578,1.5
2302000492,99.8367,0,0,-99.8367,99.8367,492,0,0,0,25,12,-31,141.282,1.5
2302000495,99.7676,0,0,-99.7676,99.7676,495,0,0,0,25,14,-54.5229,135.023,1.5
2302000509,111.823,0,0,-111.823,111.823,509,0,0,0,25,10,-2,138.977,1.5
2303428773,88.5693,0,0,-88.5693,88.5693,205,7,16.8803,53.6197,1.5,0,0,0,25
2306393343,108.755,0,0,-108.755,108.755,489,15,50.5781,134.578,1.5,0,0,0,25
2306893332,97.625,0,0,-97.625,97.625,477,8,-43,133.298,1.5,0,0,0,25
2307928910,109.292,0,0,-109.292,109.292,342,2,-7.70851,99.5,1.5,0,0,0,25
2310893266,97.3629,0,0,-97.3629,97.3629,412,3,-44.4989,112.5,1.5,0,0,0,25
2314929077,111.823,0,0,-111.823,111.823,509,10,-2,138.977,1.5,0,0,0,25
2315429063,99.7676,0,0,-99.7676,99.7676,495,14,-54.5229,135.023,1.5,0,0,0,25
2317393283,104.61,0,0,-104.61,104.61,429,17,54,113.576,1.5,0,0,0,25
2317928904,101.361,0,0,-101.361,101.361,336,20,25.025,94.025,1.5,0,0,0,25
2321929056,111.699,0,0,-111.699,111.699,488,18,64.7054,128.205,1.5,0,0,0,25
2322429060,99.8367,0,0,-99.8367,99.8367,492,12,-31,141.282,1.5,0,0,0,25
2330428922,96.132,0,0,-96.132,96.132,354,5,-42,93.7806,1.5,0,0,0,25
2331893066,89.1748,0,0,-89.1748,89.1748,212,4,-26.931,53.431,1.5,0,0,0,25
2335929000,119.769,0,0,-119.769,119.769,432,11,24.5,124.126,1.5,0,0,0,25
2345428891,100.48,0,0,-100.48,100.48,323,13,37.6832,85.1832,1.5,0,0,0,25
2345928748,103.707,0,0,-103.707,103.707,180,6,3.5,47.6696,1.5,0,0,0,25
2345928798,108.501,0,0,-108.501,108.501,230,9,9.04172,63.5417,1.5,0,0,0,25
2348428813,92.0473,0,0,-92.0473,92.0473,245,16,19.1864,66.1864,1.5,0,0,0,25
2348928781,91.0411,0,0,-91.0411,91.0411,213,19,21.5308,54.9692,1.5,0,0,0,25
2349928803,84.8861,0,0,-84.8861,84.8861,235,1,-19.3381,63.1619,1.5,0,0,0,25
2350000212,89.1748,0,0,-89.1748,89.1748,212,0,0,0,25,4,-26.931,53.431,1.5
2352000180,103.707,0,0,-103.707,103.707,180,0,0,0,25,6,3.5,47.6696,1.5
2352000205,88.5693,0,0,-88.5693,88.5693,205,0,0,0,25,7,16.8803,53.6197,1.5
2352000213,91.0411,0,0,-91.0411,91.0411,213,0,0,0,25,19,21.5308,54.9692,1.5
2352000230,108.501,0,0,-108.501,108.501,230,0,0,0,25,9,9.04172,63.5417,1.5
2352000235,84.8861,0,0,-84.8861,84.8861,235,0,0,0,25,1,-19.3381,63.1619,1.5
2352000245,92.0473,0,0,-92.0473,92.0473,245,0,0,0,25,16,19.1864,66.1864,1.5
2352000323,100.48,0,0,-100.48,100.48,323,0,0,0,25,13,37.6832,85.1832,1.5
2352000336,101.361,0,0,-101.361,101.361,336,0,0,0,25,20,25.025,94.025,1.5
2352000342,109.292,0,0,-109.292,109.292,342,0,0,0,25,2,-7.70851,99.5,1.5
2352000354,96.132,0,0,-96.132,96.132,354,0,0,0,25,5,-42,93.7806,1.5
2352000412,97.3629,0,0,-97.3629,97.3629,412,0,0,0,25,3,-44.4989,112.5,1.5
2352000429,104.61,0,0,-104.61,104.61,429,0,0,0,25,17,54,113.576,1.5
2352000432,119.769,0,0,-119.769,119.769,432,0,0,0,25,11,24.5,124.126,1.5
2352000477,97.625,0,0,-97.625,97.625,477,0,0,0,25,8,-43,133.298,1.5
2352000488,111.699,0,0,-111.699,111.699,488,0,0,0,25,18,64.7054,128.205,1.5
2352000489,108.755,0,0,-108.755,108.755,489,0,0,0,25,15,50.5781,134.578,1.5
2352000492,99.8367,0,0,-99.8367,99.8367,492,0,0,0,25,12,-31,141.282,1.5
2352000495,99.7676,0,0,-99.7676,99.7676,495,0,0,0,25,14,-54.5229,135.023,1.5
2352000509,111.823,0,0,-111.823,111.823,509,0,0,0,25,10,-2,138.977,1.5
2355428773,88.5693,0,0,-88.5693,88.5693,205,7,16.8803,53.6197,1.5,0,0,0,25
2359428910,109.292,0,0,-109.292,109.292,342,2,-7.70851,99.5,1.5,0,0,0,25
2359429045,97.625,0,0,-97.625,97.625,477,8,-43,133.298,1.5,0,0,0,25
2359429057,108.755,0,0,-108.755,108.755,489,15,50.5781,134.578,1.5,0,0,0,25
2363428980,97.3629,0,0,-97.3629,97.3629,412,3,-44.4989,112.5,1.5,0,0,0,25
2366429063,99.7676,0,0,-99.7676,99.7676,495,14,-54.5229,135.023,1.5,0,0,0,25
2366929077,111.823,0,0,-111.823,111.823,509,10,-2,138.977,1.5,0,0,0,25
2369428997,104.61,0,0,-104.61,104.61,429,17,54,113.576,1.5,0,0,0,25
2370428904,101.361,0,0,-101.361,101.361,336,20,25.025,94.025,1.5,0,0,0,25
2373393342,111.699,0,0,-111.699,111.699,488,18,64.7054,128.205,1.5,0,0,0,25
2374429060,99.8367,0,0,-99.8367,99.8367,492,12,-31,141.282,1.5,0,0,0,25
2382428922,96.132,0,0,-96.132,96.132,354,5,-42,93.7806,1.5,0,0,0,25
2384428780,89.1748,0,0,-89.1748,89.1748,212,4,-26.931,53.431,1.5,0,0,0,25
2387929000,119.769,0,0,-119.769,119.769,432,11,24.5,124.126,1.5,0,0,0,25
2397428798,108.501,0,0,-108.501,108.501,230,9,9.04172,63.5417,1.5,0,0,0,25
2397928748,103.707,0,0,-103.707,103.707,180,6,3.5,47.6696,1.5,0,0,0,25
2400000212,89.1748,0,0,-89.1748,89.1748,212,0,0,0,25,4,-27.0371,53.5371,1.5
2400928781,91.0411,0,0,-91.0411,91.0411,213,19,21.6368,54.8632,1.5,0,0,0,25
2401928803,84.8861,0,0,-84.8861,84.8861,235,1,-19.4441,63.0559,1.5,0,0,0,25
2402000180,103.707,0,0,-103.707,103.707,180,0,0,0,25,6,3.5,47.5196,1.5
2402000205,88.5693,0,0,-88.5693,88.5693,205,0,0,0,25,7,16.9864,53.5136,1.5
2402000213,91.0411,0,0,-91.0411,91.0411,213,0,0,0,25,19,21.6368,54.8632,1.5
2402000230,108.501,0,0,-108.501,108.501,230,0,0,0,25,9,8.93566,63.4357,1.5
2402000235,84.8861,0,0,-84.8861,84.8861,235,0,0,0,25,1,-19.4441,63.0559,1.5
2402000245,92.0473,0,0,-92.0473,92.0473,245,0,0,0,25,16,19.0804,66.0804,1.5
2402000323,100.48,0,0,-100.48,100.48,323,0,0,0,25,13,37.5771,85.0771,1.5
2402000336,101.361,0,0,-101.361,101.361,336,0,0,0,25,20,24.9189,93.9189,1.5
2402000342,109.292,0,0,-109.292,109.292,342,0,0,0,25,2,-7.85851,99.5,1.5
2402000354,96.132,0,0,-96.132,96.132,354,0,0,0,25,5,-42,93.6306,1.5
2402000412,97.3629,0,0,-97.3629,97.3629,412,0,0,0,25,3,-44.3489,112.5,1.5
2402000429,104.61,0,0,-104.61,104.61,429,0,0,0,25,17,54,113.426,1.5
2402000432,119.769,0,0,-119.769,119.769,432,0,0,0,25,11,24.5,123.976,1.5
2402000477,97.625,0,0,-97.625,97.625,477,0,0,0,25,8,-43,133.148,1.5
2402000488,111.699,0,0,-111.699,111.699,488,0,0,0,25,18,64.5993,128.099,1.5
2402000489,108.755,0,0,-108.755,108.755,489,0,0,0,25,15,50.4721,134.472,1.5
2402000492,99.8367,0,0,-99.8367,99.8367,492,0,0,0,25,12,-31,141.132,1.5
2402000495,99.7676,0,0,-99.7676,99.7676,495,0,0,0,25,14,-54.4168,134.917,1.5
2402000509,111.823,0,0,-111.823,111.823,509,0,0,0,25,10,-2,138.827,1.5
2402393099,92.0473,0,0,-92.0473,92.0473,245,16,19.0804,66.0804,1.5,0,0,0,25
2405428891,100.48,0,0,-100.48,100.48,323,13,37.5771,85.0771,1.5,0,0,0,25
2407428773,88.5693,0,0,-88.5693,88.5693,205,7,16.9864,53.5136,1.5,0,0,0,25
2410929045,97.625,0,0,-97.625,97.625,477,8,-43,133.148,1.5,0,0,0,25
2411428910,109.292,0,0,-109.292,109.292,342,2,-7.85851,99.5,1.5,0,0,0,25
2415428980,97.3629,0,0,-97.3629,97.3629,412,3,-44.3489,112.5,1.5,0,0,0,25
2415429057,108.755,0,0,-108.755,108.755,489,15,50.4721,134.472,1.5,0,0,0,25
2418429077,111.823,0,0,-111.823,111.823,509,10,-2,138.827,1.5,0,0,0,25
2421928904,101.361,0,0,-101.361,101.361,336,20,24.9189,93.9189,1.5,0,0,0,25
2425393349,99.7676,0,0,-99.7676,99.7676,495,14,-54.4168,134.917,1.5,0,0,0,25
2425929056,111.699,0,0,-111.699,111.699,488,18,64.5993,128.099,1.5,0,0,0,25
2426429060,99.8367,0,0,-99.8367,99.8367,492,12,-31,141.132,1.5,0,0,0,25
2432893209,96.132,0,0,-96.132,96.132,354,5,-42,93.6306,1.5,0,0,0,25
2436428780,89.1748,0,0,-89.1748,89.1748,212,4,-27.0371,53.5371,1.5,0,0,0,25
2437393283,104.61,0,0,-104.61,104.61,429,17,54,113.426,1.5,0,0,0,25
2439929000,119.769,0,0,-119.769,119.769,432,11,24.5,123.976,1.5,0,0,0,25
2449428748,103.707,0,0,-103.707,103.707,180,6,3.5,47.5196,1.5,0,0,0,25
2449428798,108.501,0,0,-108.501,108.501,230,9,8.93566,63.4357,1.5,0,0,0,25
2450000212,89.1748,0,0,-89.1748,89.1748,212,0,0,0,25,4,-27.0371,53.5371,1.5
2452000180,103.707,0,0,-103.707,103.707,180,0,0,0,25,6,3.5,47.5196,1.5
2452000205,88.5693,0,0,-88.5693,88.5693,205,0,0,0,25,7,16.9864,53.5136,1.5
2452000213,91.0411,0,0,-91.0411,91.0411,213,0,0,0,25,19,21.6368,54.8632,1.5
2452000230,108.501,0,0,-108.501,108.501,230,0,0,0,25,9,8.93566,63.4357,1.5
2452000235,84.8861,0,0,-84.8861,84.8861,235,0,0,0,25,1,-19.4441,63.0559,1.5
2452000245,92.0473,0,0,-92.0473,92.0473,245,0,0,0,25,16,19.0804,66.0804,1.5
2452000323,100.48,0,0,-100.48,100.48,323,0,0,0,25,13,37.5771,85.0771,1.5
2452000336,101.361,0,0,-101.361,101.361,336,0,0,0,25,20,24.9189,93.9189,1.5
2452000342,109.292,0,0,-109.292,109.292,342,0,0,0,25,2,-7.85851,99.5,1.5
2452000354,96.132,0,0,-96.132,96.132,354,0,0,0,25,5,-42,93.6306,1.5
2452000412,97.3629,0,0,-97.3629,97.3629,412,0,0,0,25,3,-44.3489,112.5,1.5
2452000429,104.61,0,0,-104.61,104.61,429,0,0,0,25,17,54,113.426,1.5
2452000432,119.769,0,0,-119.769,119.769,432,0,0,0,25,11,24.5,123.976,1.5
2452000477,97.625,0,0,-97.625,97.625,477,0,0,0,25,8,-43,133.148,1.5
2452000488,111.699,0,0,-111.699,111.699,488,0,0,0,25,18,64.5993,128.099,1.5
2452000489,108.755,0,0,-108.755,108.755,489,0,0,0,25,15,50.4721,134.472,1.5
2452000492,99.8367,0,0,-99.8367,99.8367,492,0,0,0,25,12,-31,141.132,1.5
2452000495,99.7676,0,0,-99.7676,99.7676,495,0,0,0,25,14,-54.4168,134.917,1.5
2452000509,111.823,0,0,-111.823,111.823,509,0,0,0,25,10,-2,138.827,1.5
2452428813,92.0473,0,0,-92.0473,92.0473,245,16,19.0804,66.0804,1.5,0,0,0,25
2453928803,84.8861,0,0,-84.8861,84.8861,235,1,-19.4441,63.0559,1.5,0,0,0,25
2457393178,100.48,0,0,-100.48,100.48,323,13,37.5771,85.0771,1.5,0,0,0,25
2458428781,91.0411,0,0,-91.0411,91.0411,213,19,21.6368,54.8632,1.5,0,0,0,25
2458928773,88.5693,0,0,-88.5693,88.5693,205,7,16.9864,53.5136,1.5,0,0,0,25
2462929045,97.625,0,0,-97.625,97.625,477,8,-43,133.148,1.5,0,0,0,25
2463428910,109.292,0,0,-109.292,109.292,342,2,-7.85851,99.5,1.5,0,0,0,25
2466393343,108.755,0,0,-108.755,108.755,489,15,50.4721,134.472,1.5,0,0,0,25
2466928980,97.3629,0,0,-97.3629,97.3629,412,3,-44.3489,112.5,1.5,0,0,0,25
2470429077,111.823,0,0,-111.823,111.823,509,10,-2,138.827,1.5,0,0,0,25
2475429063,99.7676,0,0,-99.7676,99.7676,495,14,-54.4168,134.917,1.5,0,0,0,25
2477929060,99.8367,0,0,-99.8367,99.8367,492,12,-31,141.132,1.5,0,0,0,25
2479428904,101.361,0,0,-101.361,101.361,336,20,24.9189,93.9189,1.5,0,0,0,25
2483429056,111.699,0,0,-111.699,111.699,488,18,64.5993,128.099,1.5,0,0,0,25
2485393208,96.132,0,0,-96.132,96.132,354,5,-42,93.6306,1.5,0,0,0,25
2487928780,89.1748,0,0,-89.1748,89.1748,212,4,-27.0371,53.5371,1.5,0,0,0,25
2489428997,104.61,0,0,-104.61,104.61,429,17,54,113.426,1.5,0,0,0,25
2491429000,119.769,0,0,-119.769,119.769,432,11,24.5,123.976,1.5,0,0,0,25
2500000212,89.1748,0,0,-89.1748,89.1748,212,0,0,0,25,4,-27.1431,53.6431,1.5
2500893034,103.707,0,0,-103.707,103.707,180,6,3.5,47.3696,1.5,0,0,0,25
2501428798,108.501,0,0,-108.501,108.501,230,9,8.82959,63.3296,1.5,0,0,0,25
2502000180,103.707,0,0,-103.707,103.707,180,0,0,0,25,6,3.5,47.3696,1.5
2502000205,88.5693,0,0,-88.5693,88.5693,205,0,0,0,25,7,17.0925,53.4075,1.5
2502000213,91.0411,0,0,-91.0411,91.0411,213,0,0,0,25,19,21.7429,54.7571,1.5
2502000230,108.501,0,0,-108.501,108.501,230,0,0,0,25,9,8.82959,63.3296,1.5
2502000235,84.8861,0,0,-84.8861,84.8861,235,0,0,0,25,1,-19.5502,62.9498,1.5
2502000245,92.0473,0,0,-92.0473,92.0473,245,0,0,0,25,16,18.9743,65.9743,1.5
2502000323,100.48,0,0,-100.48,100.48,323,0,0,0,25,13,37.4711,84.9711,1.5
2502000336,101.361,0,0,-101.361,101.361,336,0,0,0,25,20,24.8128,93.8128,1.5
2502000342,109.292,0,0,-109.292,109.292,342,0,0,0,25,2,-8.00851,99.5,1.5
2502000354,96.132,0,0,-96.132,96.132,354,0,0,0,25,5,-42,93.4806,1.5
2502000412,97.3629,0,0,-97.3629,97.3629,412,0,0,0,25,3,-44.1989,112.5,1.5
2502000429,104.61,0,0,-104.61,104.61,429,0,0,0,25,17,54,113.276,1.5
2502000432,119.769,0,0,-119.769,119.769,432,0,0,0,25,11,24.5,123.826,1.5
2502000477,97.625,0,0,-97.625,97.625,477,0,0,0,25,8,-43,132.998,1.5
2502000488,111.699,0,0,-111.699,111.699,488,0,0,0,25,18,64.4932,127.993,1.5
2502000489,108.755,0,0,-108.755,108.755,489,0,0,0,25,15,50.366,134.366,1.5
2502000492,99.8367,0,0,-99.8367,99.8367,492,0,0,0,25,12,-31,140.982,1.5
2502000495,99.7676,0,0,-99.7676,99.7676,495,0,0,0,25,14,-54.3108,134.811,1.5
2502000509,111.823,0,0,-111.823,111.823,509,0,0,0,25,10,-2,138.677,1.5
2505428803,84.8861,0,0,-84.8861,84.8861,235,1,-19.5502,62.9498,1.5,0,0,0,25
2508428813,92.0473,0,0,-92.0473,92.0473,245,16,18.9743,65.9743,1.5,0,0,0,25
2508928781,91.0411,0,0,-91.0411,91.0411,213,19,21.7429,54.7571,1.5,0,0,0,25
2510928773,88.5693,0,0,-88.5693,88.5693,205,7,17.0925,53.4075,1.5,0,0,0,25
2514928910,109.292,0,0,-109.292,109.292,342,2,-8.00851,99.5,1.5,0,0,0,25
2514929045,97.625,0,0,-97.625,97.625,477,8,-43,132.998,1.5,0,0,0,25
2518928980,97.3629,0,0,-97.3629,97.3629,412,3,-44.1989,112.5,1.5,0,0,0,25
2519429057,108.755,0,0,-108.755,108.755,489,15,50.366,134.366,1.5,0,0,0,25
2522429077,111.823,0,0,-111.823,111.823,509,10,-2,138.677,1.5,0,0,0,25
2525428891,100.48,0,0,-100.48,100.48,323,13,37.4711,84.9711,1.5,0,0,0,25
2526429063,99.7676,0,0,-99.7676,99.7676,495,14,-54.3108,134.811,1.5,0,0,0,25
2529928904,101.361,0,0,-101.361,101.361,336,20,24.8128,93.8128,1.5,0,0,0,25
2529929060,99.8367,0,0,-99.8367,99.8367,492,12,-31,140.982,1.5,0,0,0,25
2537928922,96.132,0,0,-96.132,96.132,354,5,-42,93.4806,1.5,0,0,0,25
2539928780,89.1748,0,0,-89.1748,89.1748,212,4,-27.1431,53.6431,1.5,0,0,0,25
2540929056,111.699,0,0,-111.699,111.699,488,18,64.4932,127.993,1.5,0,0,0,25
2543429000,119.769,0,0,-119.769,119.769,432,11,24.5,123.826,1.5,0,0,0,25
2550000212,89.1748,0,0,-89.1748,89.1748,212,0,0,0,25,4,-27.1431,53.6431,1.5
2552000180,103.707,0,0,-103.707,103.707,180,0,0,0,25,6,3.5,47.3696,1.5
2552000205,88.5693,0,0,-88.5693,88.5693,205,0,0,0,25,7,17.0925,53.4075,1.5
2552000213,91.0411,0,0,-91.0411,91.0411,213,0,0,0,25,19,21.7429,54.7571,1.5
2552000230,108.501,0,0,-108.501,108.501,230,0,0,0,25,9,8.82959,63.3296,1.5
2552000235,84.8861,0,0,-84.8861,84.8861,235,0,0,0,25,1,-19.5502,62.9498,1.5
2552000245,92.0473,0,0,-92.0473,92.0473,245,0,0,0,25,16,18.9743,65.9743,1.5
2552000323,100.48,0,0,-100.48,100.48,323,0,0,0,25,13,37.4711,84.9711,1.5
2552000336,101.361,0,0,-101.361,101.361,336,0,0,0,25,20,24.8128,93.8128,1.5
2552000342,109.292,0,0,-109.292,109.292,342,0,0,0,25,2,-8.00851,99.5,1.5
2552000354,96.132,0,0,-96.132,96.132,354,0,0,0,25,5,-42,93.4806,1.5
2552000412,97.3629,0,0,-97.3629,97.3629,412,0,0,0,25,3,-44.1989,112.5,1.5
2552000429,104.61,0,0,-104.61,104.61,429,0,0,0,25,17,54,113.276,1.5
2552000432,119.769,0,0,-119.769,119.769,432,0,0,0,25,11,24.5,123.826,1.5
2552000477,97.625,0,0,-97.625,97.625,477,0,0,0,25,8,-43,132.998,1.5
2552000488,111.699,0,0,-111.699,111.699,488,0,0,0,25,18,64.4932,127.993,1.5
2552000489,108.755,0,0,-108.755,108.755,489,0,0,0,25,15,50.366,134.366,1.5
2552000492,99.8367,0,0,-99.8367,99.8367,492,0,0,0,25,12,-31,140.982,1.5
2552000495,99.7676,0,0,-99.7676,99.7676,495,0,0,0,25,14,-54.3108,134.811,1.5
2552000509,111.823,0,0,-111.823,111.823,509,0,0,0,25,10,-2,138.677,1.5
2552928798,108.501,0,0,-108.501,108.501,230,9,8.82959,63.3296,1.5,0,0,0,25
2553428748,103.707,0,0,-103.707,103.707,180,6,3.5,47.3696,1.5,0,0,0,25
2557393283,104.61,0,0,-104.61,104.61,429,17,54,113.276,1.5,0,0,0,25
2557428803,84.8861,0,0,-84.8861,84.8861,235,1,-19.5502,62.9498,1.5,0,0,0,25
2561928781,91.0411,0,0,-91.0411,91.0411,213,19,21.7429,54.7571,1.5,0,0,0,25
2562393099,92.0473,0,0,-92.0473,92.0473,245,16,18.9743,65.9743,1.5,0,0,0,25
2562928773,88.5693,0,0,-88.5693,88.5693,205,7,17.0925,53.4075,1.5,0,0,0,25
2566429045,97.625,0,0,-97.625,97.625,477,8,-43,132.998,1.5,0,0,0,25
2566928910,109.292,0,0,-109.292,109.292,342,2,-8.00851,99.5,1.5,0,0,0,25
2570928980,97.3629,0,0,-97.3629,97.3629,412,3,-44.1989,112.5,1.5,0,0,0,25
2573929077,111.823,0,0,-111.823,111.823,509,10,-2,138.677,1.5,0,0,0,25
2575429057,108.755,0,0,-108.755,108.755,489,15,50.366,134.366,1.5,0,0,0,25
2581929060,99.8367,0,0,-99.8367,99.8367,492,12,-31,140.982,1.5,0,0,0,25
2582928904,101.361,0,0,-101.361,101.361,336,20,24.8128,93.8128,1.5,0,0,0,25
2585393349,99.7676,0,0,-99.7676,99.7676,495,14,-54.3108,134.811,1.5,0,0,0,25
2585428891,100.48,0,0,-100.48,100.48,323,13,37.4711,84.9711,1.5,0,0,0,25
2589928922,96.132,0,0,-96.132,96.132,354,5,-42,93.4806,1.5,0,0,0,25
2591928780,89.1748,0,0,-89.1748,89.1748,212,4,-27.1431,53.6431,1.5,0,0,0,25
2595429000,119.769,0,0,-119.769,119.769,432,11,24.5,123.826,1.5,0,0,0,25
2598429056,111.699,0,0,-111.699,111.699,488,18,64.4932,127.993,1.5,0,0,0,25
2600000212,89.1748,0,0,-89.1748,89.1748,212,0,0,0,25,4,-27.2492,53.7492,1.5
2602000180,103.707,0,0,-103.707,103.707,180,0,0,0,25,6,3.5,47.2196,1.5
2602000205,88.5693,0,0,-88.5693,88.5693,205,0,0,0,25,7,17.1985,53.3015,1.5
2602000213,91.0411,0,0,-91.0411,91.0411,213,0,0,0,25,19,21.8489,54.6511,1.5
2602000230,108.501,0,0,-108.501,108.501,230,0,0,0,25,9,8.72353,63.2235,1.5
2602000235,84.8861,0,0,-84.8861,84.8861,235,0,0,0,25,1,-19.6563,62.8437,1.5
2602000245,92.0473,0,0,-92.0473,92.0473,245,0,0,0,25,16,18.8682,65.8682,1.5
2602000323,100.48,0,0,-100.48,100.48,323,0,0,0,25,13,37.365,84.865,1.5
2602000336,101.361,0,0,-101.361,101.361,336,0,0,0,25,20,24.7068,93.7068,1.5
2602000342,109.292,0,0,-109.292,109.292,342,0,0,0,25,2,-8.15851,99.5,1.5
2602000354,96.132,0,0,-96.132,96.132,354,0,0,0,25,5,-42,93.3306,1.5
2602000412,97.3629,0,0,-97.3629,97.3629,412,0,0,0,25,3,-44.0489,112.5,1.5
2602000429,104.61,0,0,-104.61,104.61,429,0,0,0,25,17,54,113.126,1.5
2602000432,119.769,0,0,-119.769,119.769,432,0,0,0,25,11,24.5,123.676,1.5
2602000477,97.625,0,0,-97.625,97.625,477,0,0,0,25,8,-43,132.848,1.5
2602000488,111.699,0,0,-111.699,111.699,488,0,0,0,25,18,64.3872,127.887,1.5
2602000489,108.755,0,0,-108.755,108.755,489,0,0,0,25,15,50.2599,134.26,1.5
2602000492,99.8367,0,0,-99.8367,99.8367,492,0,0,0,25,12,-31,140.832,1.5
2602000495,99.7676,0,0,-99.7676,99.7676,495,0,0,0,25,14,-54.2047,134.705,1.5
2602000509,111.823,0,0,-111.823,111.823,509,0,0,0,25,10,-2,138.527,1.5
2604928748,103.707,0,0,-103.707,103.707,180,6,3.5,47.2196,1.5,0,0,0,25
2604928798,108.501,0,0,-108.501,108.501,230,9,8.72353,63.2235,1.5,0,0,0,25
2609428803,84.8861,0,0,-84.8861,84.8861,235,1,-19.6563,62.8437,1.5,0,0,0,25
2609428997,104.61,0,0,-104.61,104.61,429,17,54,113.126,1.5,0,0,0,25
2612428813,92.0473,0,0,-92.0473,92.0473,245,16,18.8682,65.8682,1.5,0,0,0,25
2614428773,88.5693,0,0,-88.5693,88.5693,205,7,17.1985,53.3015,1.5,0,0,0,25
2618429045,97.625,0,0,-97.625,97.625,477,8,-43,132.848,1.5,0,0,0,25
2618928910,109.292,0,0,-109.292,109.292,342,2,-8.15851,99.5,1.5,0,0,0,25
2619428781,91.0411,0,0,-91.0411,91.0411,213,19,21.8489,54.6511,1.5,0,0,0,25
2622428980,97.3629,0,0,-97.3629,97.3629,412,3,-44.0489,112.5,1.5,0,0,0,25
2625929077,111.823,0,0,-111.823,111.823,509,10,-2,138.527,1.5,0,0,0,25
2626393343,108.755,0,0,-108.755,108.755,489,15,50.2599,134.26,1.5,0,0,0,25
2633429060,99.8367,0,0,-99.8367,99.8367,492,12,-31,140.832,1.5,0,0,0,25
2635429063,99.7676,0,0,-99.7676,99.7676,495,14,-54.2047,134.705,1.5,0,0,0,25
2640928904,101.361,0,0,-101.361,101.361,336,20,24.7068,93.7068,1.5,0,0,0,25
2641928922,96.132,0,0,-96.132,96.132,354,5,-42,93.3306,1.5,0,0,0,25
2643928780,89.1748,0,0,-89.1748,89.1748,212,4,-27.2492,53.7492,1.5,0,0,0,25
2645428891,100.48,0,0,-100.48,100.48,323,13,37.365,84.865,1.5,0,0,0,25
2646929000,119.769,0,0,-119.769,119.769,432,11,24.5,123.676,1.5,0,0,0,25
2650000212,89.1748,0,0,-89.1748,89.1748,212,0,0,0,25,4,-27.2492,53.7492,1.5
2652000180,103.707,0,0,-103.707,103.707,180,0,0,0,25,6,3.5,47.2196,1.5
2652000205,88.5693,0,0,-88.5693,88.5693,205,0,0,0,25,7,17.1985,53.3015,1.5
2652000213,91.0411,0,0,-91.0411,91.0411,213,0,0,0,25,19,21.8489,54.6511,1.5
2652000230,108.501,0,0,-108.501,108.501,230,0,0,0,25,9,8.72353,63.2235,1.5
2652000235,84.8861,0,0,-84.8861,84.8861,235,0,0,0,25,1,-19.6563,62.8437,1.5
2652000245,92.0473,0,0,-92.0473,92.0473,245,0,0,0,25,16,18.8682,65.8682,1.5
2652000323,100.48,0,0,-100.48,100.48,323,0,0,0,25,13,37.365,84.865,1.5
2652000336,101.361,0,0,-101.361,101.361,336,0,0,0,25,20,24.7068,93.7068,1.5
2652000342,109.292,0,0,-109.292,109.292,342,0,0,0,25,2,-8.15851,99.5,1.5
2652000354,96.132,0,0,-96.132,96.132,354,0,0,0,25,5,-42,93.3306,1.5
2652000412,97.3629,0,0,-97.3629,97.3629,412,0,0,0,25,3,-44.0489,112.5,1.5
2652000429,104.61,0,0,-104.61,104.61,429,0,0,0,25,17,54,113.126,1.5
2652000432,119.769,0,0,-119.769,119.769,432,0,0,0,25,11,24.5,123.676,1.5
2652000477,97.625,0,0,-97.625,97.625,477,0,0,0,25,8,-43,132.848,1.5
2652000488,111.699,0,0,-111.699,111.699,488,0,0,0,25,18,64.3872,127.887,1.5
2652000489,108.755,0,0,-108.755,108.755,489,0,0,0,25,15,50.2599,134.26,1.5
2652000492,99.8367,0,0,-99.8367,99.8367,492,0,0,0,25,12,-31,140.832,1.5
2652000495,99.7676,0,0,-99.7676,99.7676,495,0,0,0,25,14,-54.2047,134.705,1.5
2652000509,111.823,0,0,-111.823,111.823,509,0,0,0,25,10,-2,138.527,1.5
2653393342,111.699,0,0,-111.699,111.699,488,18,64.3872,127.887,1.5,0,0,0,25
2656928748,103.707,0,0,-103.707,103.707,180,6,3.5,47.2196,1.5,0,0,0,25
2656928798,108.501,0,0,-108.501,108.501,230,9,8.72353,63.2235,1.5,0,0,0,25
2660928803,84.8861,0,0,-84.8861,84.8861,235,1,-19.6563,62.8437,1.5,0,0,0,25
2666428773,88.5693,0,0,-88.5693,88.5693,205,7,17.1985,53.3015,1.5,0,0,0,25
2668428813,92.0473,0,0,-92.0473,92.0473,245,16,18.8682,65.8682,1.5,0,0,0,25
2670429045,97.625,0,0,-97.625,97.625,477,8,-43,132.848,1.5,0,0,0,25
2670928910,109.292,0,0,-109.292,109.292,342,2,-8.15851,99.5,1.5,0,0,0,25
2674428980,97.3629,0,0,-97.3629,97.3629,412,3,-44.0489,112.5,1.5,0,0,0,25
2677393283,104.61,0,0,-104.61,104.61,429,17,54,113.126,1.5,0,0,0,25
2677428781,91.0411,0,0,-91.0411,91.0411,213,19,21.8489,54.6511,1.5,0,0,0,25
2677929077,111.823,0,0,-111.823,111.823,509,10,-2,138.527,1.5,0,0,0,25
2679429057,108.755,0,0,-108.755,108.755,489,15,50.2599,134.26,1.5,0,0,0,25
2685429060,99.8367,0,0,-99.8367,99.8367,492,12,-31,140.832,1.5,0,0,0,25
2686429063,99.7676,0,0,-99.7676,99.7676,495,14,-54.2047,134.705,1.5,0,0,0,25
2693428922,96.132,0,0,-96.132,96.132,354,5,-42,93.3306,1.5,0,0,0,25
2695428780,89.1748,0,0,-89.1748,89.1748,212,4,-27.2492,53.7492,1.5,0,0,0,25
2697393178,100.48,0,0,-100.48,100.48,323,13,37.365,84.865,1.5,0,0,0,25
2698393286,119.769,0,0,-119.769,119.769,432,11,24.5,123.676,1.5,0,0,0,25
2698428904,101.361,0,0,-101.361,101.361,336,20,24.7068,93.7068,1.5,0,0,0,25
2700000212,89.1748,0,0,-89.1748,89.1748,212,0,0,0,25,4,-27.3553,53.8553,1.5
2702000180,103.707,0,0,-103.707,103.707,180,0,0,0,25,6,3.5,47.0696,1.5
2702000205,88.5693,0,0,-88.5693,88.5693,205,0,0,0,25,7,17.3046,53.1954,1.5
2702000213,91.0411,0,0,-91.0411,91.0411,213,0,0,0,25,19,21.955,54.545,1.5
2702000230,108.501,0,0,-108.501,108.501,230,0,0,0,25,9,8.61746,63.1175,1.5
2702000235,84.8861,0,0,-84.8861,84.8861,235,0,0,0,25,1,-19.7623,62.7377,1.5
2702000245,92.0473,0,0,-92.0473,92.0473,245,0,0,0,25,16,18.7622,65.7622,1.5
2702000323,100.48,0,0,-100.48,100.48,323,0,0,0,25,13,37.2589,84.7589,1.5
2702000336,101.361,0,0,-101.361,101.361,336,0,0,0,25,20,24.6007,93.6007,1.5
2702000342,109.292,0,0,-109.292,109.292,342,0,0,0,25,2,-8.30851,99.5,1.5
2702000354,96.132,0,0,-96.132,96.132,354,0,0,0,25,5,-42,93.1806,1.5
2702000412,97.3629,0,0,-97.3629,97.3629,412,0,0,0,25,3,-43.8989,112.5,1.5
2702000429,104.61,0,0,-104.61,104.61,429,0,0,0,25,17,54,112.976,1.5
2702000432,119.769,0,0,-119.769,119.769,432,0,0,0,25,11,24.5,123.526,1.5
2702000477,97.625,0,0,-97.625,97.625,477,0,0,0,25,8,-43,132.698,1.5
2702000488,111.699,0,0,-111.699,111.699,488,0,0,0,25,18,64.2811,127.781,1.5
2702000489,108.755,0,0,-108.755,108.755,489,0,0,0,25,15,50.1539,134.154,1.5
2702000492,99.8367,0,0,-99.8367,99.8367,492,0,0,0,25,12,-31,140.682,1.5
2702000495,99.7676,0,0,-99.7676,99.7676,495,0,0,0,25,14,-54.0986,134.599,1.5
2702000509,111.823,0,0,-111.823,111.823,509,0,0,0,25,10,-2,138.377,1.5
2708428798,108.501,0,0,-108.501,108.501,230,9,8.61746,63.1175,1.5,0,0,0,25
2708928748,103.707,0,0,-103.707,103.707,180,6,3.5,47.0696,1.5,0,0,0,25
2712928803,84.8861,0,0,-84.8861,84.8861,235,1,-19.7623,62.7377,1.5,0,0,0,25
2713929056,111.699,0,0,-111.699,111.699,488,18,64.2811,127.781,1.5,0,0,0,25
2718428773,88.5693,0,0,-88.5693,88.5693,205,7,17.3046,53.1954,1.5,0,0,0,25
2721929045,97.625,0,0,-97.625,97.625,477,8,-43,132.698,1.5,0,0,0,25
2722393099,92.0473,0,0,-92.0473,92.0473,245,16,18.7622,65.7622,1.5,0,0,0,25
2722428910,109.292,0,0,-109.292,109.292,342,2,-8.30851,99.5,1.5,0,0,0,25
2726428980,97.3629,0,0,-97.3629,97.3629,412,3,-43.8989,112.5,1.5,0,0,0,25
2728393067,91.0411,0,0,-91.0411,91.0411,213,19,21.955,54.545,1.5,0,0,0,25
2729428997,104.61,0,0,-104.61,104.61,429,17,54,112.976,1.5,0,0,0,25
2729429077,111.823,0,0,-111.823,111.823,509,10,-2,138.377,1.5,0,0,0,25
2735429057,108.755,0,0,-108.755,108.755,489,15,50.1539,134.154,1.5,0,0,0,25
2737429060,99.8367,0,0,-99.8367,99.8367,492,12,-31,140.682,1.5,0,0,0,25
2745393349,99.7676,0,0,-99.7676,99.7676,495,14,-54.0986,134.599,1.5,0,0,0,25
2745428922,96.132,0,0,-96.132,96.132,354,5,-42,93.1806,1.5,0,0,0,25
2747428780,89.1748,0,0,-89.1748,89.1748,212,4,-27.3553,53.8553,1.5,0,0,0,25
2748429000,119.769,0,0,-119.769,119.769,432,11,24.5,123.526,1.5,0,0,0,25
2750000212,89.1748,0,0,-89.1748,89.1748,212,0,0,0,25,4,-27.3553,53.8553,1.5
2752000180,103.707,0,0,-103.707,103.707,180,0,0,0,25,6,3.5,47.0696,1.5
2752000205,88.5693,0,0,-88.5693,88.5693,205,0,0,0,25,7,17.3046,53.1954,1.5
2752000213,91.0411,0,0,-91.0411,91.0411,213,0,0,0,25,19,21.955,54.545,1.5
2752000230,108.501,0,0,-108.501,108.501,230,0,0,0,25,9,8.61746,63.1175,1.5
2752000235,84.8861,0,0,-84.8861,84.8861,235,0,0,0,25,1,-19.7623,62.7377,1.5
2752000245,92.0473,0,0,-92.0473,92.0473,245,0,0,0,25,16,18.7622,65.7622,1.5
2752000323,100.48,0,0,-100.48,100.48,323,0,0,0,25,13,37.2589,84.7589,1.5
2752000336,101.361,0,0,-101.361,101.361,336,0,0,0,25,20,24.6007,93.6007,1.5
2752000342,109.292,0,0,-109.292,109.292,342,0,0,0,25,2,-8.30851,99.5,1.5
2752000354,96.132,0,0,-96.132,96.132,354,0,0,0,25,5,-42,93.1806,1.5
2752000412,97.3629,0,0,-97.3629,97.3629,412,0,0,0,25,3,-43.8989,112.5,1.5
2752000429,104.61,0,0,-104.61,104.61,429,0,0,0,25,17,54,112.976,1.5
2752000432,119.769,0,0,-119.769,119.769,432,0,0,0,25,11,24.5,123.526,1.5
2752000477,97.625,0,0,-97.625,97.625,477,0,0,0,25,8,-43,132.698,1.5
2752000488,111.699,0,0,-111.699,111.699,488,0,0,0,25,18,64.2811,127.781,1.5
2752000489,108.755,0,0,-108.755,108.755,489,0,0,0,25,15,50.1539,134.154,1.5
2752000492,99.8367,0,0,-99.8367,99.8367,492,0,0,0,25,12,-31,140.682,1.5
2752000495,99.7676,0,0,-99.7676,99.7676,495,0,0,0,25,14,-54.0986,134.599,1.5
2752000509,111.823,0,0,-111.823,111.823,509,0,0,0,25,10,-2,138.377,1.5
2755928904,101.361,0,0,-101.361,101.361,336,20,24.6007,93.6007,1.5,0,0,0,25
2760428748,103.707,0,0,-103.707,103.707,180,6,3.5,47.0696,1.5,0,0,0,25
2760428798,108.501,0,0,-108.501,108.501,230,9,8.61746,63.1175,1.5,0,0,0,25
2764893089,84.8861,0,0,-84.8861,84.8861,235,1,-19.7623,62.7377,1.5,0,0,0,25
2765428891,100.48,0,0,-100.48,100.48,323,13,37.2589,84.7589,1.5,0,0,0,25
2770428773,88.5693,0,0,-88.5693,88.5693,205,7,17.3046,53.1954,1.5,0,0,0,25
2771429056,111.699,0,0,-111.699,111.699,488,18,64.2811,127.781,1.5,0,0,0,25
2772428813,92.0473,0,0,-92.0473,92.0473,245,16,18.7622,65.7622,1.5,0,0,0,25
2773929045,97.625,0,0,-97.625,97.625,477,8,-43,132.698,1.5,0,0,0,25
2774428910,109.292,0,0,-109.292,109.292,342,2,-8.30851,99.5,1.5,0,0,0,25
2777893267,97.3629,0,0,-97.3629,97.3629,412,3,-43.8989,112.5,1.5,0,0,0,25
2780928781,91.0411,0,0,-91.0411,91.0411,213,19,21.955,54.545,1.5,0,0,0,25
2781429077,111.823,0,0,-111.823,111.823,509,10,-2,138.377,1.5,0,0,0,25
2786393343,108.755,0,0,-108.755,108.755,489,15,50.1539,134.154,1.5,0,0,0,25
2788929060,99.8367,0,0,-99.8367,99.8367,492,12,-31,140.682,1.5,0,0,0,25
2795429063,99.7676,0,0,-99.7676,99.7676,495,14,-54.0986,134.599,1.5,0,0,0,25
2797393283,104.61,0,0,-104.61,104.61,429,17,54,112.976,1.5,0,0,0,25
2797428922,96.132,0,0,-96.132,96.132,354,5,-42,93.1806,1.5,0,0,0,25
2799428780,89.1748,0,0,-89.1748,89.1748,212,4,-27.3553,53.8553,1.5,0,0,0,25
2800000212,89.1748,0,0,-89.1748,89.1748,212,0,0,0,25,4,-27.4613,53.9613,1.5
2802429000,119.769,0,0,-119.769,119.769,432,11,24.5,123.376,1.5,0,0,0,25
2802500180,103.707,0,0,-103.707,103.707,180,0,0,0,25,6,3.5,46.9196,1.5
2802500205,88.5693,0,0,-88.5693,88.5693,205,0,0,0,25,7,17.4106,53.0894,1.5
2802500213,91.0411,0,0,-91.0411,91.0411,213,0,0,0,25,19,22.0611,54.4389,1.5
2802500230,108.501,0,0,-108.501,108.501,230,0,0,0,25,9,8.51139,63.0114,1.5
2802500235,84.8861,0,0,-84.8861,84.8861,235,0,0,0,25,1,-19.8684,62.6316,1.5
2802500245,92.0473,0,0,-92.0473,92.0473,245,0,0,0,25,16,18.6561,65.6561,1.5
2802500323,100.48,0,0,-100.48,100.48,323,0,0,0,25,13,37.1529,84.6529,1.5
2802500336,101.361,0,0,-101.361,101.361,336,0,0,0,25,20,24.4946,93.4946,1.5
2802500342,109.292,0,0,-109.292,109.292,342,0,0,0,25,2,-8.45851,99.5,1.5
2802500354,96.132,0,0,-96.132,96.132,354,0,0,0,25,5,-42,93.0306,1.5
2802500412,97.3629,0,0,-97.3629,97.3629,412,0,0,0,25,3,-43.7489,112.5,1.5
2802500429,104.61,0,0,-104.61,104.61,429,0,0,0,25,17,54,112.826,1.5
2802500432,119.769,0,0,-119.769,119.769,432,0,0,0,25,11,24.5,123.376,1.5
2802500477,97.625,0,0,-97.625,97.625,477,0,0,0,25,8,-43,132.548,1.5
2802500488,111.699,0,0,-111.699,111.699,488,0,0,0,25,18,64.175,127.675,1.5
2802500489,108.755,0,0,-108.755,108.755,489,0,0,0,25,15,50.0478,134.048,1.5
2802500492,99.8367,0,0,-99.8367,99.8367,492,0,0,0,25,12,-31,140.532,1.5
2802500495,99.7676,0,0,-99.7676,99.7676,495,0,0,0,25,14,-53.9926,134.493,1.5
2802500509,111.823,0,0,-111.823,111.823,509,0,0,0,25,10,-2,138.227,1.5
2812428748,103.707,0,0,-103.707,103.707,180,6,3.5,46.9196,1.5,0,0,0,25
2812428798,108.501,0,0,-108.501,108.501,230,9,8.51139,63.0114,1.5,0,0,0,25
2813428904,101.361,0,0,-101.361,101.361,336,20,24.4946,93.4946,1.5,0,0,0,25
2816928803,84.8861,0,0,-84.8861,84.8861,235,1,-19.8684,62.6316,1.5,0,0,0,25
2821928773,88.5693,0,0,-88.5693,88.5693,205,7,17.4106,53.0894,1.5,0,0,0,25
2825428891,100.48,0,0,-100.48,100.48,323,13,37.1529,84.6529,1.5,0,0,0,25
2825929045,97.625,0,0,-97.625,97.625,477,8,-43,132.548,1.5,0,0,0,25
2826428910,109.292,0,0,-109.292,109.292,342,2,-8.45851,99.5,1.5,0,0,0,25
2828428813,92.0473,0,0,-92.0473,92.0473,245,16,18.6561,65.6561,1.5,0,0,0,25
2828929056,111.699,0,0,-111.699,111.699,488,18,64.175,127.675,1.5,0,0,0,25
2829928980,97.3629,0,0,-97.3629,97.3629,412,3,-43.7489,112.5,1.5,0,0,0,25
2833429077,111.823,0,0,-111.823,111.823,509,10,-2,138.227,1.5,0,0,0,25
2838428781,91.0411,0,0,-91.0411,91.0411,213,19,22.0611,54.4389,1.5,0,0,0,25
2839429057,108.755,0,0,-108.755,108.755,489,15,50.0478,134.048,1.5,0,0,0,25
2840929060,99.8367,0,0,-99.8367,99.8367,492,12,-31,140.532,1.5,0,0,0,25
2846429063,99.7676,0,0,-99.7676,99.7676,495,14,-53.9926,134.493,1.5,0,0,0,25
2848928922,96.132,0,0,-96.132,96.132,354,5,-42,93.0306,1.5,0,0,0,25
2849428997,104.61,0,0,-104.61,104.61,429,17,54,112.826,1.5,0,0,0,25
2850000212,89.1748,0,0,-89.1748,89.1748,212,0,0,0,25,4,-27.4613,53.9613,1.5
2850928780,89.1748,0,0,-89.1748,89.1748,212,4,-27.4613,53.9613,1.5,0,0,0,25
2853000180,103.707,0,0,-103.707,103.707,180,0,0,0,25,6,3.5,46.9196,1.5
2853000205,88.5693,0,0,-88.5693,88.5693,205,0,0,0,25,7,17.4106,53.0894,1.5
2853000213,91.0411,0,0,-91.0411,91.0411,213,0,0,0,25,19,22.0611,54.4389,1.5
2853000230,108.501,0,0,-108.501,108.501,230,0,0,0,25,9,8.51139,63.0114,1.5
2853000235,84.8861,0,0,-84.8861,84.8861,235,0,0,0,25,1,-19.8684,62.6316,1.5
2853000245,92.0473,0,0,-92.0473,92.0473,245,0,0,0,25,16,18.6561,65.6561,1.5
2853000323,100.48,0,0,-100.48,100.48,323,0,0,0,25,13,37.1529,84.6529,1.5
2853000336,101.361,0,0,-101.361,101.361,336,0,0,0,25,20,24.4946,93.4946,1.5
2853000342,109.292,0,0,-109.292,109.292,342,0,0,0,25,2,-8.45851,99.5,1.5
2853000354,96.132,0,0,-96.132,96.132,354,0,0,0,25,5,-42,93.0306,1.5
2853000412,97.3629,0,0,-97.3629,97.3629,412,0,0,0,25,3,-43.7489,112.5,1.5
2853000429,104.61,0,0,-104.61,104.61,429,0,0,0,25,17,54,112.826,1.5
2853000432,119.769,0,0,-119.769,119.769,432,0,0,0,25,11,24.5,123.376,1.5
2853000477,97.625,0,0,-97.625,97.625,477,0,0,0,25,8,-43,132.548,1.5
2853000488,111.699,0,0,-111.699,111.699,488,0,0,0,25,18,64.175,127.675,1.5
2853000489,108.755,0,0,-108.755,108.755,489,0,0,0,25,15,50.0478,134.048,1.5
2853000492,99.8367,0,0,-99.8367,99.8367,492,0,0,0,25,12,-31,140.532,1.5
2853000495,99.7676,0,0,-99.7676,99.7676,495,0,0,0,25,14,-53.9926,134.493,1.5
2853000509,111.823,0,0,-111.823,111.823,509,0,0,0,25,10,-2,138.227,1.5
2854429000,119.769,0,0,-119.769,119.769,432,11,24.5,123.376,1.5,0,0,0,25
2863928798,108.501,0,0,-108.501,108.501,230,9,8.51139,63.0114,1.5,0,0,0,25
2864428748,103.707,0,0,-103.707,103.707,180,6,3.5,46.9196,1.5,0,0,0,25
2864893190,101.361,0,0,-101.361,101.361,336,20,24.4946,93.4946,1.5,0,0,0,25
2868428803,84.8861,0,0,-84.8861,84.8861,235,1,-19.8684,62.6316,1.5,0,0,0,25
2873928773,88.5693,0,0,-88.5693,88.5693,205,7,17.4106,53.0894,1.5,0,0,0,25
2876929045,97.625,0,0,-97.625,97.625,477,8,-43,132.548,1.5,0,0,0,25
2877928910,109.292,0,0,-109.292,109.292,342,2,-8.45851,99.5,1.5,0,0,0,25
2881928980,97.3629,0,0,-97.3629,97.3629,412,3,-43.7489,112.5,1.5,0,0,0,25
2882393099,92.0473,0,0,-92.0473,92.0473,245,16,18.6561,65.6561,1.5,0,0,0,25
2885428891,100.48,0,0,-100.48,100.48,323,13,37.1529,84.6529,1.5,0,0,0,25
2885429077,111.823,0,0,-111.823,111.823,509,10,-2,138.227,1.5,0,0,0,25
2886429056,111.699,0,0,-111.699,111.699,488,18,64.175,127.675,1.5,0,0,0,25
2892929060,99.8367,0,0,-99.8367,99.8367,492,12,-31,140.532,1.5,0,0,0,25
2895429057,108.755,0,0,-108.755,108.755,489,15,50.0478,134.048,1.5,0,0,0,25
2895928781,91.0411,0,0,-91.0411,91.0411,213,19,22.0611,54.4389,1.5,0,0,0,25
2900000212,89.1748,0,0,-89.1748,89.1748,212,0,0,0,25,4,-27.5674,54.0674,1.5
2900928922,96.132,0,0,-96.132,96.132,354,5,-42,92.8806,1.5,0,0,0,25
2902928780,89.1748,0,0,-89.1748,89.1748,212,4,-27.5674,54.0674,1.5,0,0,0,25
2903000180,103.707,0,0,-103.707,103.707,180,0,0,0,25,6,3.5,46.7696,1.5
2903000205,88.5693,0,0,-88.5693,88.5693,205,0,0,0,25,7,17.5167,52.9833,1.5
2903000213,91.0411,0,0,-91.0411,91.0411,213,0,0,0,25,19,22.1671,54.3329,1.5
2903000230,108.501,0,0,-108.501,108.501,230,0,0,0,25,9,8.40533,62.9053,1.5
2903000235,84.8861,0,0,-84.8861,84.8861,235,0,0,0,25,1,-19.9745,62.5255,1.5
2903000245,92.0473,0,0,-92.0473,92.0473,245,0,0,0,25,16,18.55,65.55,1.5
2903000323,100.48,0,0,-100.48,100.48,323,0,0,0,25,13,37.0468,84.5468,1.5
2903000336,101.361,0,0,-101.361,101.361,336,0,0,0,25,20,24.3886,93.3886,1.5
2903000342,109.292,0,0,-109.292,109.292,342,0,0,0,25,2,-8.60851,99.5,1.5
2903000354,96.132,0,0,-96.132,96.132,354,0,0,0,25,5,-42,92.8806,1.5
2903000412,97.3629,0,0,-97.3629,97.3629,412,0,0,0,25,3,-43.5989,112.5,1.5
2903000429,104.61,0,0,-104.61,104.61,429,0,0,0,25,17,54,112.676,1.5
2903000432,119.769,0,0,-119.769,119.769,432,0,0,0,25,11,24.5,123.226,1.5
2903000477,97.625,0,0,-97.625,97.625,477,0,0,0,25,8,-43,132.398,1.5
2903000488,111.699,0,0,-111.699,111.699,488,0,0,0,25,18,64.069,127.569,1.5
2903000489,108.755,0,0,-108.755,108.755,489,0,0,0,25,15,49.9418,133.942,1.5
2903000492,99.8367,0,0,-99.8367,99.8367,492,0,0,0,25,12,-31,140.382,1.5
2903000495,99.7676,0,0,-99.7676,99.7676,495,0,0,0,25,14,-53.8865,134.387,1.5
2903000509,111.823,0,0,-111.823,111.823,509,0,0,0,25,10,-2,138.077,1.5
2905393349,99.7676,0,0,-99.7676,99.7676,495,14,-53.8865,134.387,1.5,0,0,0,25
2906429000,119.769,0,0,-119.769,119.769,432,11,24.5,123.226,1.5,0,0,0,25
2915928798,108.501,0,0,-108.501,108.501,230,9,8.40533,62.9053,1.5,0,0,0,25
2916428748,103.707,0,0,-103.707,103.707,180,6,3.5,46.7696,1.5,0,0,0,25
2916928904,101.361,0,0,-101.361,101.361,336,20,24.3886,93.3886,1.5,0,0,0,25
2917393283,104.61,0,0,-104.61,104.61,429,17,54,112.676,1.5,0,0,0,25
2920428803,84.8861,0,0,-84.8861,84.8861,235,1,-19.9745,62.5255,1.5,0,0,0,25
2925928773,88.5693,0,0,-88.5693,88.5693,205,7,17.5167,52.9833,1.5,0,0,0,25
2927393331,97.625,0,0,-97.625,97.625,477,8,-43,132.398,1.5,0,0,0,25
2929928910,109.292,0,0,-109.292,109.292,342,2,-8.60851,99.5,1.5,0,0,0,25
2932428813,92.0473,0,0,-92.0473,92.0473,245,16,18.55,65.55,1.5,0,0,0,25
2933428980,97.3629,0,0,-97.3629,97.3629,412,3,-43.5989,112.5,1.5,0,0,0,25
2936929077,111.823,0,0,-111.823,111.823,509,10,-2,138.077,1.5,0,0,0,25
2937393178,100.48,0,0,-100.48,100.48,323,13,37.0468,84.5468,1.5,0,0,0,25
2943929056,111.699,0,0,-111.699,111.699,488,18,64.069,127.569,1.5,0,0,0,25
2944429060,99.8367,0,0,-99.8367,99.8367,492,12,-31,140.382,1.5,0,0,0,25
2946393343,108.755,0,0,-108.755,108.755,489,15,49.9418,133.942,1.5,0,0,0,25
2950000212,89.1748,0,0,-89.1748,89.1748,212,0,0,0,25,4,-27.5674,54.0674,1.5
2952928922,96.132,0,0,-96.132,96.132,354,5,-42,92.8806,1.5,0,0,0,25
2953000180,103.707,0,0,-103.707,103.707,180,0,0,0,25,6,3.5,46.7696,1.5
2953000205,88.5693,0,0,-88.5693,88.5693,205,0,0,0,25,7,17.5167,52.9833,1.5
2953000213,91.0411,0,0,-91.0411,91.0411,213,0,0,0,25,19,22.1671,54.3329,1.5
2953000230,108.501,0,0,-108.501,108.501,230,0,0,0,25,9,8.40533,62.9053,1.5
2953000235,84.8861,0,0,-84.8861,84.8861,235,0,0,0,25,1,-19.9745,62.5255,1.5
2953000245,92.0473,0,0,-92.0473,92.0473,245,0,0,0,25,16,18.55,65.55,1.5
2953000323,100.48,0,0,-100.48,100.48,323,0,0,0,25,13,37.0468,84.5468,1.5
2953000336,101.361,0,0,-101.361,101.361,336,0,0,0,25,20,24.3886,93.3886,1.5
2953000342,109.292,0,0,-109.292,109.292,342,0,0,0,25,2,-8.60851,99.5,1.5
2953000354,96.132,0,0,-96.132,96.132,354,0,0,0,25,5,-42,92.8806,1.5
2953000412,97.3629,0,0,-97.3629,97.3629,412,0,0,0,25,3,-43.5989,112.5,1.5
2953000429,104.61,0,0,-104.61,104.61,429,0,0,0,25,17,54,112.676,1.5
2953000432,119.769,0,0,-119.769,119.769,432,0,0,0,25,11,24.5,123.226,1.5
2953000477,97.625,0,0,-97.625,97.625,477,0,0,0,25,8,-43,132.398,1.5
2953000488,111.699,0,0,-111.699,111.699,488,0,0,0,25,18,64.069,127.569,1.5
2953000489,108.755,0,0,-108.755,108.755,489,0,0,0,25,15,49.9418,133.942,1.5
2953000492,99.8367,0,0,-99.8367,99.8367,492,0,0,0,25,12,-31,140.382,1.5
2953000495,99.7676,0,0,-99.7676,99.7676,495,0,0,0,25,14,-53.8865,134.387,1.5
2953000509,111.823,0,0,-111.823,111.823,509,0,0,0,25,10,-2,138.077,1.5
2953928781,91.0411,0,0,-91.0411,91.0411,213,19,22.1671,54.3329,1.5,0,0,0,25
2954928780,89.1748,0,0,-89.1748,89.1748,212,4,-27.5674,54.0674,1.5,0,0,0,25
2955429063,99.7676,0,0,-99.7676,99.7676,495,14,-53.8865,134.387,1.5,0,0,0,25
2956893287,119.769,0,0,-119.769,119.769,432,11,24.5,123.226,1.5,0,0,0,25
2967928748,103.707,0,0,-103.707,103.707,180,6,3.5,46.7696,1.5,0,0,0,25
2967928798,108.501,0,0,-108.501,108.501,230,9,8.40533,62.9053,1.5,0,0,0,25
2969428997,104.61,0,0,-104.61,104.61,429,17,54,112.676,1.5,0,0,0,25
2972428803,84.8861,0,0,-84.8861,84.8861,235,1,-19.9745,62.5255,1.5,0,0,0,25
2974928904,101.361,0,0,-101.361,101.361,336,20,24.3886,93.3886,1.5,0,0,0,25
2977428773,88.5693,0,0,-88.5693,88.5693,205,7,17.5167,52.9833,1.5,0,0,0,25
2978357618,97.625,0,0,-97.625,97.625,477,8,-43,132.398,1.5,0,0,0,25
2981928910,109.292,0,0,-109.292,109.292,342,2,-8.60851,99.5,1.5,0,0,0,25
2985428980,97.3629,0,0,-97.3629,97.3629,412,3,-43.5989,112.5,1.5,0,0,0,25
2988428813,92.0473,0,0,-92.0473,92.0473,245,16,18.55,65.55,1.5,0,0,0,25
2988929077,111.823,0,0,-111.823,111.823,509,10,-2,138.077,1.5,0,0,0,25
2994893346,99.8367,0,0,-99.8367,99.8367,492,12,-31,140.382,1.5,0,0,0,25
2999429057,108.755,0,0,-108.755,108.755,489,15,49.9418,133.942,1.5,0,0,0,25
3000000212,89.1748,0,0,-89.1748,89.1748,212,0,0,0,25,4,-27.6735,54.1735,1.5
3001929056,111.699,0,0,-111.699,111.699,488,18,63.9629,127.463,1.5,0,0,0,25
3003000180,103.707,0,0,-103.707,103.707,180,0,0,0,25,6,3.5,46.6196,1.5
3003000205,88.5693,0,0,-88.5693,88.5693,205,0,0,0,25,7,17.6228,52.8772,1.5
3003000213,91.0411,0,0,-91.0411,91.0411,213,0,0,0,25,19,22.2732,54.2268,1.5
3003000230,108.501,0,0,-108.501,108.501,230,0,0,0,25,9,8.29926,62.7993,1.5
3003000235,84.8861,0,0,-84.8861,84.8861,235,0,0,0,25,1,-20.0805,62.4195,1.5
3003000245,92.0473,0,0,-92.0473,92.0473,245,0,0,0,25,16,18.444,65.444,1.5
3003000323,100.48,0,0,-100.48,100.48,323,0,0,0,25,13,36.9407,84.4407,1.5
3003000336,101.361,0,0,-101.361,101.361,336,0,0,0,25,20,24.2825,93.2825,1.5
3003000342,109.292,0,0,-109.292,109.292,342,0,0,0,25,2,-8.75851,99.5,1.5
3003000354,96.132,0,0,-96.132,96.132,354,0,0,0,25,5,-42,92.7306,1.5
3003000412,97.3629,0,0,-97.3629,97.3629,412,0,0,0,25,3,-43.4489,112.5,1.5
3003000429,104.61,0,0,-104.61,104.61,429,0,0,0,25,17,54,112.526,1.5
3003000432,119.769,0,0,-119.769,119.769,432,0,0,0,25,11,24.5,123.076,1.5
3003000477,97.625,0,0,-97.625,97.625,477,0,0,0,25,8,-43,132.248,1.5
3003000488,111.699,0,0,-111.699,111.699,488,0,0,0,25,18,63.9629,127.463,1.5
3003000489,108.755,0,0,-108.755,108.755,489,0,0,0,25,15,49.8357,133.836,1.5
3003000492,99.8367,0,0,-99.8367,99.8367,492,0,0,0,25,12,-31,140.232,1.5
3003000495,99.7676,0,0,-99.7676,99.7676,495,0,0,0,25,14,-53.7804,134.28,1.5
3003000509,111.823,0,0,-111.823,111.823,509,0,0,0,25,10,-2,137.927,1.5
3004428922,96.132,0,0,-96.132,96.132,354,5,-42,92.7306,1.5,0,0,0,25
3005428891,100.48,0,0,-100.48,100.48,323,13,36.9407,84.4407,1.5,0,0,0,25
3006428780,89.1748,0,0,-89.1748,89.1748,212,4,-27.6735,54.1735,1.5,0,0,0,25
3006429063,99.7676,0,0,-99.7676,99.7676,495,14,-53.7804,134.28,1.5,0,0,0,25
3008393067,91.0411,0,0,-91.0411,91.0411,213,19,22.2732,54.2268,1.5,0,0,0,25
3009929000,119.769,0,0,-119.769,119.769,432,11,24.5,123.076,1.5,0,0,0,25
3019428798,108.501,0,0,-108.501,108.501,230,9,8.29926,62.7993,1.5,0,0,0,25
3019928748,103.707,0,0,-103.707,103.707,180,6,3.5,46.6196,1.5,0,0,0,25
3023928803,84.8861,0,0,-84.8861,84.8861,235,1,-20.0805,62.4195,1.5,0,0,0,25
3029428773,88.5693,0,0,-88.5693,88.5693,205,7,17.6228,52.8772,1.5,0,0,0,25
3032428904,101.361,0,0,-101.361,101.361,336,20,24.2825,93.2825,1.5,0,0,0,25
3032929045,97.625,0,0,-97.625,97.625,477,8,-43,132.248,1.5,0,0,0,25
3033428910,109.292,0,0,-109.292,109.292,342,2,-8.75851,99.5,1.5,0,0,0,25
3037393283,104.61,0,0,-104.61,104.61,429,17,54,112.526,1.5,0,0,0,25
3037428980,97.3629,0,0,-97.3629,97.3629,412,3,-43.4489,112.5,1.5,0,0,0,25
3039393363,111.823,0,0,-111.823,111.823,509,10,-2,137.927,1.5,0,0,0,25
3042393099,92.0473,0,0,-92.0473,92.0473,245,16,18.444,65.444,1.5,0,0,0,25
3048429060,99.8367,0,0,-99.8367,99.8367,492,12,-31,140.232,1.5,0,0,0,25
3050000212,89.1748,0,0,-89.1748,89.1748,212,0,0,0,25,4,-27.6735,54.1735,1.5
3053000180,103.707,0,0,-103.707,103.707,180,0,0,0,25,6,3.5,46.6196,1.5
3053000205,88.5693,0,0,-88.5693,88.5693,205,0,0,0,25,7,17.6228,52.8772,1.5
3053000213,91.0411,0,0,-91.0411,91.0411,213,0,0,0,25,19,22.2732,54.2268,1.5
3053000230,108.501,0,0,-108.501,108.501,230,0,0,0,25,9,8.29926,62.7993,1.5
3053000235,84.8861,0,0,-84.8861,84.8861,235,0,0,0,25,1,-20.0805,62.4195,1.5
3053000245,92.0473,0,0,-92.0473,92.0473,245,0,0,0,25,16,18.444,65.444,1.5
3053000323,100.48,0,0,-100.48,100.48,323,0,0,0,25,13,36.9407,84.4407,1.5
3053000336,101.361,0,0,-101.361,101.361,336,0,0,0,25,20,24.2825,93.2825,1.5
3053000342,109.292,0,0,-109.292,109.292,342,0,0,0,25,2,-8.75851,99.5,1.5
3053000354,96.132,0,0,-96.132,96.132,354,0,0,0,25,5,-42,92.7306,1.5
3053000412,97.3629,0,0,-97.3629,97.3629,412,0,0,0,25,3,-43.4489,112.5,1.5
3053000429,104.61,0,0,-104.61,104.61,429,0,0,0,25,17,54,112.526,1.5
3053000432,119.769,0,0,-119.769,119.769,432,0,0,0,25,11,24.5,123.076,1.5
3053000477,97.625,0,0,-97.625,97.625,477,0,0,0,25,8,-43,132.248,1.5
3053000488,111.699,0,0,-111.699,111.699,488,0,0,0,25,18,63.9629,127.463,1.5
3053000489,108.755,0,0,-108.755,108.755,489,0,0,0,25,15,49.8357,133.836,1.5
3053000492,99.8367,0,0,-99.8367,99.8367,492,0,0,0,25,12,-31,140.232,1.5
3053000495,99.7676,0,0,-99.7676,99.7676,495,0,0,0,25,14,-53.7804,134.28,1.5
3053000509,111.823,0,0,-111.823,111.823,509,0,0,0,25,10,-2,137.927,1.5
3053393342,111.699,0,0,-111.699,111.699,488,18,63.9629,127.463,1.5,0,0,0,25
3055429057,108.755,0,0,-108.755,108.755,489,15,49.8357,133.836,1.5,0,0,0,25
3056428922,96.132,0,0,-96.132,96.132,354,5,-42,92.7306,1.5,0,0,0,25
3058428780,89.1748,0,0,-89.1748,89.1748,212,4,-27.6735,54.1735,1.5,0,0,0,25
3060393287,119.769,0,0,-119.769,119.769,432,11,24.5,123.076,1.5,0,0,0,25
3065393349,99.7676,0,0,-99.7676,99.7676,495,14,-53.7804,134.28,1.5,0,0,0,25
3065428891,100.48,0,0,-100.48,100.48,323,13,36.9407,84.4407,1.5,0,0,0,25
3068928781,91.0411,0,0,-91.0411,91.0411,213,19,22.2732,54.2268,1.5,0,0,0,25
3071393084,108.501,0,0,-108.501,108.501,230,9,8.29926,62.7993,1.5,0,0,0,25
3071928748,103.707,0,0,-103.707,103.707,180,6,3.5,46.6196,1.5,0,0,0,25
3075928803,84.8861,0,0,-84.8861,84.8861,235,1,-20.0805,62.4195,1.5,0,0,0,25
3081428773,88.5693,0,0,-88.5693,88.5693,205,7,17.6228,52.8772,1.5,0,0,0,25
3084929045,97.625,0,0,-97.625,97.625,477,8,-43,132.248,1.5,0,0,0,25
3085428910,109.292,0,0,-109.292,109.292,342,2,-8.75851,99.5,1.5,0,0,0,25
3089428980,97.3629,0,0,-97.3629,97.3629,412,3,-43.4489,112.5,1.5,0,0,0,25
3089428997,104.61,0,0,-104.61,104.61,429,17,54,112.526,1.5,0,0,0,25
3089928904,101.361,0,0,-101.361,101.361,336,20,24.2825,93.2825,1.5,0,0,0,25
3092428813,92.0473,0,0,-92.0473,92.0473,245,16,18.444,65.444,1.5,0,0,0,25
3092429077,111.823,0,0,-111.823,111.823,509,10,-2,137.927,1.5,0,0,0,25
3099929060,99.8367,0,0,-99.8367,99.8367,492,12,-31,140.232,1.5,0,0,0,25
3100000212,89.1748,0,0,-89.1748,89.1748,212,0,0,0,25,4,-27.7795,54.2795,1.5
3103000180,103.707,0,0,-103.707,103.707,180,0,0,0,25,6,3.5,46.4696,1.5
3103000205,88.5693,0,0,-88.5693,88.5693,205,0,0,0,25,7,17.7288,52.7712,1.5
3103000213,91.0411,0,0,-91.0411,91.0411,213,0,0,0,25,19,22.3793,54.1207,1.5
3103000230,108.501,0,0,-108.501,108.501,230,0,0,0,25,9,8.1932,62.6932,1.5
3103000235,84.8861,0,0,-84.8861,84.8861,235,0,0,0,25,1,-20.1866,62.3134,1.5
3103000245,92.0473,0,0,-92.0473,92.0473,245,0,0,0,25,16,18.3379,65.3379,1.5
3103000323,100.48,0,0,-100.48,100.48,323,0,0,0,25,13,36.8347,84.3347,1.5
3103000336,101.361,0,0,-101.361,101.361,336,0,0,0,25,20,24.1764,93.1764,1.5
3103000342,109.292,0,0,-109.292,109.292,342,0,0,0,25,2,-8.90851,99.5,1.5
3103000354,96.132,0,0,-96.132,96.132,354,0,0,0,25,5,-42,92.5806,1.5
3103000412,97.3629,0,0,-97.3629,97.3629,412,0,0,0,25,3,-43.2989,112.5,1.5
3103000429,104.61,0,0,-104.61,104.61,429,0,0,0,25,17,54,112.376,1.5
3103000432,119.769,0,0,-119.769,119.769,432,0,0,0,25,11,24.5,122.926,1.5
3103000477,97.625,0,0,-97.625,97.625,477,0,0,0,25,8,-43,132.098,1.5
3103000488,111.699,0,0,-111.699,111.699,488,0,0,0,25,18,63.8568,127.357,1.5
3103000489,108.755,0,0,-108.755,108.755,489,0,0,0,25,15,49.7296,133.73,1.5
3103000492,99.8367,0,0,-99.8367,99.8367,492,0,0,0,25,12,-31,140.082,1.5
3103000495,99.7676,0,0,-99.7676,99.7676,495,0,0,0,25,14,-53.6744,134.174,1.5
3103000509,111.823,0,0,-111.823,111.823,509,0,0,0,25,10,-2,137.777,1.5
3105429056,111.699,0,0,-111.699,111.699,488,18,63.8568,127.357,1.5,0,0,0,25
3106393343,108.755,0,0,-108.755,108.755,489,15,49.7296,133.73,1.5,0,0,0,25
3107393209,96.132,0,0,-96.132,96.132,354,5,-42,92.5806,1.5,0,0,0,25
3110428780,89.1748,0,0,-89.1748,89.1748,212,4,-27.7795,54.2795,1.5,0,0,0,25
3113429000,119.769,0,0,-119.769,119.769,432,11,24.5,122.926,1.5,0,0,0,25
3115429063,99.7676,0,0,-99.7676,99.7676,495,14,-53.6744,134.174,1.5,0,0,0,25
3123428748,103.707,0,0,-103.707,103.707,180,6,3.5,46.4696,1.5,0,0,0,25
3123428798,108.501,0,0,-108.501,108.501,230,9,8.1932,62.6932,1.5,0,0,0,25
3125428891,100.48,0,0,-100.48,100.48,323,13,36.8347,84.3347,1.5,0,0,0,25
3126428781,91.0411,0,0,-91.0411,91.0411,213,19,22.3793,54.1207,1.5,0,0,0,25
3127928803,84.8861,0,0,-84.8861,84.8861,235,1,-20.1866,62.3134,1.5,0,0,0,25
3132928773,88.5693,0,0,-88.5693,88.5693,205,7,17.7288,52.7712,1.5,0,0,0,25
3135893196,109.292,0,0,-109.292,109.292,342,2,-8.90851,99.5,1.5,0,0,0,25
3136929045,97.625,0,0,-97.625,97.625,477,8,-43,132.098,1.5,0,0,0,25
3140928980,97.3629,0,0,-97.3629,97.3629,412,3,-43.2989,112.5,1.5,0,0,0,25
3144429077,111.823,0,0,-111.823,111.823,509,10,-2,137.777,1.5,0,0,0,25
3144893190,101.361,0,0,-101.361,101.361,336,20,24.1764,93.1764,1.5,0,0,0,25
3148428813,92.0473,0,0,-92.0473,92.0473,245,16,18.3379,65.3379,1.5,0,0,0,25
3150000212,89.1748,0,0,-89.1748,89.1748,212,0,0,0,25,4,-27.7795,54.2795,1.5
3151929060,99.8367,0,0,-99.8367,99.8367,492,12,-31,140.082,1.5,0,0,0,25
3153000180,103.707,0,0,-103.707,103.707,180,0,0,0,25,6,3.5,46.4696,1.5
3153000205,88.5693,0,0,-88.5693,88.5693,205,0,0,0,25,7,17.7288,52.7712,1.5
3153000213,91.0411,0,0,-91.0411,91.0411,213,0,0,0,25,19,22.3793,54.1207,1.5
3153000230,108.501,0,0,-108.501,108.501,230,0,0,0,25,9,8.1932,62.6932,1.5
3153000235,84.8861,0,0,-84.8861,84.8861,235,0,0,0,25,1,-20.1866,62.3134,1.5
3153000245,92.0473,0,0,-92.0473,92.0473,245,0,0,0,25,16,18.3379,65.3379,1.5
3153000323,100.48,0,0,-100.48,100.48,323,0,0,0,25,13,36.8347,84.3347,1.5
3153000336,101.361,0,0,-101.361,101.361,336,0,0,0,25,20,24.1764,93.1764,1.5
3153000342,109.292,0,0,-109.292,109.292,342,0,0,0,25,2,-8.90851,99.5,1.5
3153000354,96.132,0,0,-96.132,96.132,354,0,0,0,25,5,-42,92.5806,1.5
3153000412,97.3629,0,0,-97.3629,97.3629,412,0,0,0,25,3,-43.2989,112.5,1.5
3153000429,104.61,0,0,-104.61,104.61,429,0,0,0,25,17,54,112.376,1.5
3153000432,119.769,0,0,-119.769,119.769,432,0,0,0,25,11,24.5,122.926,1.5
3153000477,97.625,0,0,-97.625,97.625,477,0,0,0,25,8,-43,132.098,1.5
3153000488,111.699,0,0,-111.699,111.699,488,0,0,0,25,18,63.8568,127.357,1.5
3153000489,108.755,0,0,-108.755,108.755,489,0,0,0,25,15,49.7296,133.73,1.5
3153000492,99.8367,0,0,-99.8367,99.8367,492,0,0,0,25,12,-31,140.082,1.5
3153000495,99.7676,0,0,-99.7676,99.7676,495,0,0,0,25,14,-53.6744,134.174,1.5
3153000509,111.823,0,0,-111.823,111.823,509,0,0,0,25,10,-2,137.777,1.5
3157393283,104.61,0,0,-104.61,104.61,429,17,54,112.376,1.5,0,0,0,25
3159429057,108.755,0,0,-108.755,108.755,489,15,49.7296,133.73,1.5,0,0,0,25
3159928922,96.132,0,0,-96.132,96.132,354,5,-42,92.5806,1.5,0,0,0,25
3161928780,89.1748,0,0,-89.1748,89.1748,212,4,-27.7795,54.2795,1.5,0,0,0,25
3162929056,111.699,0,0,-111.699,111.699,488,18,63.8568,127.357,1.5,0,0,0,25
3165429000,119.769,0,0,-119.769,119.769,432,11,24.5,122.926,1.5,0,0,0,25
3166429063,99.7676,0,0,-99.7676,99.7676,495,14,-53.6744,134.174,1.5,0,0,0,25
3175428748,103.707,0,0,-103.707,103.707,180,6,3.5,46.4696,1.5,0,0,0,25
3175428798,108.501,0,0,-108.501,108.501,230,9,8.1932,62.6932,1.5,0,0,0,25
3177393178,100.48,0,0,-100.48,100.48,323,13,36.8347,84.3347,1.5,0,0,0,25
3179428803,84.8861,0,0,-84.8861,84.8861,235,1,-20.1866,62.3134,1.5,0,0,0,25
3183928781,91.0411,0,0,-91.0411,91.0411,213,19,22.3793,54.1207,1.5,0,0,0,25
3184928773,88.5693,0,0,-88.5693,88.5693,205,7,17.7288,52.7712,1.5,0,0,0,25
3188928910,109.292,0,0,-109.292,109.292,342,2,-8.90851,99.5,1.5,0,0,0,25
3188929045,97.625,0,0,-97.625,97.625,477,8,-43,132.098,1.5,0,0,0,25
3192928980,97.3629,0,0,-97.3629,97.3629,412,3,-43.2989,112.5,1.5,0,0,0,25
3196429077,111.823,0,0,-111.823,111.823,509,10,-2,137.777,1.5,0,0,0,25
3200000212,89.1748,0,0,-89.1748,89.1748,212,0,0,0,25,4,-27.8856,54.3856,1.5
3202393099,92.0473,0,0,-92.0473,92.0473,245,16,18.2318,65.2318,1.5,0,0,0,25
3203000180,103.707,0,0,-103.707,103.707,180,0,0,0,25,6,3.5,46.3196,1.5
3203000205,88.5693,0,0,-88.5693,88.5693,205,0,0,0,25,7,17.8349,52.6651,1.5
3203000213,91.0411,0,0,-91.0411,91.0411,213,0,0,0,25,19,22.4853,54.0147,1.5
3203000230,108.501,0,0,-108.501,108.501,230,0,0,0,25,9,8.08713,62.5871,1.5
3203000235,84.8861,0,0,-84.8861,84.8861,235,0,0,0,25,1,-20.2927,62.2073,1.5
3203000245,92.0473,0,0,-92.0473,92.0473,245,0,0,0,25,16,18.2318,65.2318,1.5
3203000323,100.48,0,0,-100.48,100.48,323,0,0,0,25,13,36.7286,84.2286,1.5
3203000336,101.361,0,0,-101.361,101.361,336,0,0,0,25,20,24.0704,93.0704,1.5
3203000342,109.292,0,0,-109.292,109.292,342,0,0,0,25,2,-9.05851,99.5,1.5
3203000354,96.132,0,0,-96.132,96.132,354,0,0,0,25,5,-42,92.4306,1.5
3203000412,97.3629,0,0,-97.3629,97.3629,412,0,0,0,25,3,-43.1489,112.5,1.5
3203000429,104.61,0,0,-104.61,104.61,429,0,0,0,25,17,54,112.226,1.5
3203000432,119.769,0,0,-119.769,119.769,432,0,0,0,25,11,24.5,122.776,1.5
3203000477,97.625,0,0,-97.625,97.625,477,0,0,0,25,8,-43,131.948,1.5
3203000488,111.699,0,0,-111.699,111.699,488,0,0,0,25,18,63.7508,127.251,1.5
3203000489,108.755,0,0,-108.755,108.755,489,0,0,0,25,15,49.6236,133.624,1.5
3203000492,99.8367,0,0,-99.8367,99.8367,492,0,0,0,25,12,-31,139.932,1.5
3203000495,99.7676,0,0,-99.7676,99.7676,495,0,0,0,25,14,-53.5683,134.068,1.5
3203000509,111.823,0,0,-111.823,111.823,509,0,0,0,25,10,-2,137.627,1.5
3203929060,99.8367,0,0,-99.8367,99.8367,492,12,-31,139.932,1.5,0,0,0,25
3204928904,101.361,0,0,-101.361,101.361,336,20,24.0704,93.0704,1.5,0,0,0,25
3209428997,104.61,0,0,-104.61,104.61,429,17,54,112.226,1.5,0,0,0,25
3211928922,96.132,0,0,-96.132,96.132,354,5,-42,92.4306,1.5,0,0,0,25
3213393342,111.699,0,0,-111.699,111.699,488,18,63.7508,127.251,1.5,0,0,0,25
3213928780,89.1748,0,0,-89.1748,89.1748,212,4,-27.8856,54.3856,1.5,0,0,0,25
3215429057,108.755,0,0,-108.755,108.755,489,15,49.6236,133.624,1.5,0,0,0,25
3217429000,119.769,0,0,-119.769,119.769,432,11,24.5,122.776,1.5,0,0,0,25
3225393349,99.7676,0,0,-99.7676,99.7676,495,14,-53.5683,134.068,1.5,0,0,0,25
3226928798,108.501,0,0,-108.501,108.501,230,9,8.08713,62.5871,1.5,0,0,0,25
3227428748,103.707,0,0,-103.707,103.707,180,6,3.5,46.3196,1.5,0,0,0,25
3231428803,84.8861,0,0,-84.8861,84.8861,235,1,-20.2927,62.2073,1.5,0,0,0,25
3236928773,88.5693,0,0,-88.5693,88.5693,205,7,17.8349,52.6651,1.5,0,0,0,25
3240429045,97.625,0,0,-97.625,97.625,477,8,-43,131.948,1.5,0,0,0,25
3240928910,109.292,0,0,-109.292,109.292,342,2,-9.05851,99.5,1.5,0,0,0,25
3241928781,91.0411,0,0,-91.0411,91.0411,213,19,22.4853,54.0147,1.5,0,0,0,25
3244928980,97.3629,0,0,-97.3629,97.3629,412,3,-43.1489,112.5,1.5,0,0,0,25
3245428891,100.48,0,0,-100.48,100.48,323,13,36.7286,84.2286,1.5,0,0,0,25
3247929077,111.823,0,0,-111.823,111.823,509,10,-2,137.627,1.5,0,0,0,25
3250000212,89.1748,0,0,-89.1748,89.1748,212,0,0,0,25,4,-27.8856,54.3856,1.5
3252428813,92.0473,0,0,-92.0473,92.0473,245,16,18.2318,65.2318,1.5,0,0,0,25
3253000180,103.707,0,0,-103.707,103.707,180,0,0,0,25,6,3.5,46.3196,1.5
3253000205,88.5693,0,0,-88.5693,88.5693,205,0,0,0,25,7,17.8349,52.6651,1.5
3253000213,91.0411,0,0,-91.0411,91.0411,213,0,0,0,25,19,22.4853,54.0147,1.5
3253000230,108.501,0,0,-108.501,108.501,230,0,0,0,25,9,8.08713,62.5871,1.5
3253000235,84.8861,0,0,-84.8861,84.8861,235,0,0,0,25,1,-20.2927,62.2073,1.5
3253000245,92.0473,0,0,-92.0473,92.0473,245,0,0,0,25,16,18.2318,65.2318,1.5
3253000323,100.48,0,0,-100.48,100.48,323,0,0,0,25,13,36.7286,84.2286,1.5
3253000336,101.361,0,0,-101.361,101.361,336,0,0,0,25,20,24.0704,93.0704,1.5
3253000342,109.292,0,0,-109.292,109.292,342,0,0,0,25,2,-9.05851,99.5,1.5
3253000354,96.132,0,0,-96.132,96.132,354,0,0,0,25,5,-42,92.4306,1.5
3253000412,97.3629,0,0,-97.3629,97.3629,412,0,0,0,25,3,-43.1489,112.5,1.5
3253000429,104.61,0,0,-104.61,104.61,429,0,0,0,25,17,54,112.226,1.5
3253000432,119.769,0,0,-119.769,119.769,432,0,0,0,25,11,24.5,122.776,1.5
3253000477,97.625,0,0,-97.625,97.625,477,0,0,0,25,8,-43,131.948,1.5
3253000488,111.699,0,0,-111.699,111.699,488,0,0,0,25,18,63.7508,127.251,1.5
3253000489,108.755,0,0,-108.755,108.755,489,0,0,0,25,15,49.6236,133.624,1.5
3253000492,99.8367,0,0,-99.8367,99.8367,492,0,0,0,25,12,-31,139.932,1.5
3253000495,99.7676,0,0,-99.7676,99.7676,495,0,0,0,25,14,-53.5683,134.068,1.5
3253000509,111.823,0,0,-111.823,111.823,509,0,0,0,25,10,-2,137.627,1.5
3255429060,99.8367,0,0,-99.8367,99.8367,492,12,-31,139.932,1.5,0,0,0,25
3262928904,101.361,0,0,-101.361,101.361,336,20,24.0704,93.0704,1.5,0,0,0,25
3263928922,96.132,0,0,-96.132,96.132,354,5,-42,92.4306,1.5,0,0,0,25
3265928780,89.1748,0,0,-89.1748,89.1748,212,4,-27.8856,54.3856,1.5,0,0,0,25
3266393343,108.755,0,0,-108.755,108.755,489,15,49.6236,133.624,1.5,0,0,0,25
3266929056,111.699,0,0,-111.699,111.699,488,18,63.7508,127.251,1.5,0,0,0,25
3268929000,119.769,0,0,-119.769,119.769,432,11,24.5,122.776,1.5,0,0,0,25
3275429063,99.7676,0,0,-99.7676,99.7676,495,14,-53.5683,134.068,1.5,0,0,0,25
3277393283,104.61,0,0,-104.61,104.61,429,17,54,112.226,1.5,0,0,0,25
3278928748,103.707,0,0,-103.707,103.707,180,6,3.5,46.3196,1.5,0,0,0,25
3278928798,108.501,0,0,-108.501,108.501,230,9,8.08713,62.5871,1.5,0,0,0,25
3283428803,84.8861,0,0,-84.8861,84.8861,235,1,-20.2927,62.2073,1.5,0,0,0,25
3288428773,88.5693,0,0,-88.5693,88.5693,205,7,17.8349,52.6651,1.5,0,0,0,25
3292429045,97.625,0,0,-97.625,97.625,477,8,-43,131.948,1.5,0,0,0,25
3292928910,109.292,0,0,-109.292,109.292,342,2,-9.05851,99.5,1.5,0,0,0,25
3296428980,97.3629,0,0,-97.3629,97.3629,412,3,-43.1489,112.5,1.5,0,0,0,25
3299428781,91.0411,0,0,-91.0411,91.0411,213,19,22.4853,54.0147,1.5,0,0,0,25
3299929077,111.823,0,0,-111.823,111.823,509,10,-2,137.627,1.5,0,0,0,25
3300000219,89.6514,0,0,-89.6514,89.6514,219,0,0,0,25,4,-27.9917,54.4917,1.5
3303000342,103.121,0,0,-103.121,103.121,342,0,0,0,25,2,-9.20851,99.5,1.5
3303035888,102.55,0,0,-102.55,102.55,173,0,0,0,25,6,3.5,46.1696,1.5
3303035916,91.0449,0,0,-91.0449,91.0449,201,0,0,0,25,7,17.941,52.559,1.5
3303035925,90.6437,0,0,-90.6437,90.6437,210,0,0,0,25,19,22.5,53.8707,1.5
3303035939,103.201,0,0,-103.201,103.201,224,0,0,0,25,9,7.98106,62.4811,1.5
3303035947,99.168,0,0,-99.168,99.168,232,0,0,0,25,1,-20.3987,62.1013,1.5
3303035954,96.4403,0,0,-96.4403,96.4403,239,0,0,0,25,16,18.1258,65.1258,1.5
3303036031,98.6952,0,0,-98.6952,98.6952,316,0,0,0,25,13,36.6225,84.1225,1.5
3303036045,102.154,0,0,-102.154,102.154,330,0,0,0,25,20,23.9643,92.9643,1.5
3303036062,93.0666,0,0,-93.0666,93.0666,347,0,0,0,25,5,-42,92.2806,1.5
3303036124,96.425,0,0,-96.425,96.425,409,0,0,0,25,3,-42.9989,112.5,1.5
3303036137,106.058,0,0,-106.058,106.058,422,0,0,0,25,17,54,112.076,1.5
3303036139,113.049,0,0,-113.049,113.049,424,0,0,0,25,11,24.5,122.626,1.5
3303036184,98.2548,0,0,-98.2548,98.2548,469,0,0,0,25,8,-43,131.798,1.5
3303036196,109.994,0,0,-109.994,109.994,481,0,0,0,25,18,63.6447,127.145,1.5
3303036196,106.775,0,0,-106.775,106.775,481,0,0,0,25,15,49.5175,133.517,1.5
3303036199,96.9005,0,0,-96.9005,96.9005,484,0,0,0,25,12,-31,139.782,1.5
3303036202,97.0284,0,0,-97.0284,97.0284,487,0,0,0,25,14,-53.4622,133.962,1.5
3303036216,112.72,0,0,-112.72,112.72,501,0,0,0,25,10,-2,137.477,1.5
3305428884,98.6952,0,0,-98.6952,98.6952,316,13,36.6225,84.1225,1.5,0,0,0,25
3307429052,96.9005,0,0,-96.9005,96.9005,484,12,-31,139.782,1.5,0,0,0,25
3308428807,96.4403,0,0,-96.4403,96.4403,239,16,18.1258,65.1258,1.5,0,0,0,25
3315428915,93.0666,0,0,-93.0666,93.0666,347,5,-42,92.2806,1.5,0,0,0,25
3317428787,89.6514,0,0,-89.6514,89.6514,219,4,-27.9917,54.4917,1.5,0,0,0,25
3319429049,106.775,0,0,-106.775,106.775,481,15,49.5175,133.517,1.5,0,0,0,25
3320428898,102.154,0,0,-102.154,102.154,330,20,23.9643,92.9643,1.5,0,0,0,25
3320928992,113.049,0,0,-113.049,113.049,424,11,24.5,122.626,1.5,0,0,0,25
3324429049,109.994,0,0,-109.994,109.994,481,18,63.6447,127.145,1.5,0,0,0,25
3326429055,97.0284,0,0,-97.0284,97.0284,487,14,-53.4622,133.962,1.5,0,0,0,25
3329428990,106.058,0,0,-106.058,106.058,422,17,54,112.076,1.5,0,0,0,25
3330928741,102.55,0,0,-102.55,102.55,173,6,3.5,46.1696,1.5,0,0,0,25
3330928792,103.201,0,0,-103.201,103.201,224,9,7.98106,62.4811,1.5,0,0,0,25
3334928800,99.168,0,0,-99.168,99.168,232,1,-20.3987,62.1013,1.5,0,0,0,25
3340428769,91.0449,0,0,-91.0449,91.0449,201,7,17.941,52.559,1.5,0,0,0,25
3344428910,103.121,0,0,-103.121,103.121,342,2,-9.20851,99.5,1.5,0,0,0,25
3344429037,98.2548,0,0,-98.2548,98.2548,469,8,-43,131.798,1.5,0,0,0,25
3347928977,96.425,0,0,-96.425,96.425,409,3,-42.9989,112.5,1.5,0,0,0,25
3350000219,89.6514,0,0,-89.6514,89.6514,219,0,0,0,25,4,-27.9917,54.4917,1.5
3351929069,112.72,0,0,-112.72,112.72,501,10,-2,137.477,1.5,0,0,0,25
3353500173,102.55,0,0,-102.55,102.55,173,0,0,0,25,6,3.5,46.1696,1.5
3353500201,91.0449,0,0,-91.0449,91.0449,201,0,0,0,25,7,17.941,52.559,1.5
3353500210,90.6437,0,0,-90.6437,90.6437,210,0,0,0,25,19,22.5,53.8707,1.5
3353500224,103.201,0,0,-103.201,103.201,224,0,0,0,25,9,7.98106,62.4811,1.5
3353500232,99.168,0,0,-99.168,99.168,232,0,0,0,25,1,-20.3987,62.1013,1.5
3353500239,96.4403,0,0,-96.4403,96.4403,239,0,0,0,25,16,18.1258,65.1258,1.5
3353500316,98.6952,0,0,-98.6952,98.6952,316,0,0,0,25,13,36.6225,84.1225,1.5
3353500330,102.154,0,0,-102.154,102.154,330,0,0,0,25,20,23.9643,92.9643,1.5
3353500342,103.121,0,0,-103.121,103.121,342,0,0,0,25,2,-9.20851,99.5,1.5
3353500347,93.0666,0,0,-93.0666,93.0666,347,0,0,0,25,5,-42,92.2806,1.5
3353500409,96.425,0,0,-96.425,96.425,409,0,0,0,25,3,-42.9989,112.5,1.5
3353500422,106.058,0,0,-106.058,106.058,422,0,0,0,25,17,54,112.076,1.5
3353500424,113.049,0,0,-113.049,113.049,424,0,0,0,25,11,24.5,122.626,1.5
3353500469,98.2548,0,0,-98.2548,98.2548,469,0,0,0,25,8,-43,131.798,1.5
3353500481,109.994,0,0,-109.994,109.994,481,0,0,0,25,18,63.6447,127.145,1.5
3353500481,106.775,0,0,-106.775,106.775,481,0,0,0,25,15,49.5175,133.517,1.5
3353500484,96.9005,0,0,-96.9005,96.9005,484,0,0,0,25,12,-31,139.782,1.5
3353500487,97.0284,0,0,-97.0284,97.0284,487,0,0,0,25,14,-53.4622,133.962,1.5
3353500501,112.72,0,0,-112.72,112.72,501,0,0,0,25,10,-2,137.477,1.5
3356928778,90.6437,0,0,-90.6437,90.6437,210,19,22.5,53.8707,1.5,0,0,0,25
3359429052,96.9005,0,0,-96.9005,96.9005,484,12,-31,139.782,1.5,0,0,0,25
3362393093,96.4403,0,0,-96.4403,96.4403,239,16,18.1258,65.1258,1.5,0,0,0,25
3365428884,98.6952,0,0,-98.6952,98.6952,316,13,36.6225,84.1225,1.5,0,0,0,25
3367428915,93.0666,0,0,-93.0666,93.0666,347,5,-42,92.2806,1.5,0,0,0,25
3369428787,89.6514,0,0,-89.6514,89.6514,219,4,-27.9917,54.4917,1.5,0,0,0,25
3372928992,113.049,0,0,-113.049,113.049,424,11,24.5,122.626,1.5,0,0,0,25
3375429049,106.775,0,0,-106.775,106.775,481,15,49.5175,133.517,1.5,0,0,0,25
3377928898,102.154,0,0,-102.154,102.154,330,20,23.9643,92.9643,1.5,0,0,0,25
3381929049,109.994,0,0,-109.994,109.994,481,18,63.6447,127.145,1.5,0,0,0,25
3382428792,103.201,0,0,-103.201,103.201,224,9,7.98106,62.4811,1.5,0,0,0,25
3382928741,102.55,0,0,-102.55,102.55,173,6,3.5,46.1696,1.5,0,0,0,25
3385393341,97.0284,0,0,-97.0284,97.0284,487,14,-53.4622,133.962,1.5,0,0,0,25
3386928800,99.168,0,0,-99.168,99.168,232,1,-20.3987,62.1013,1.5,0,0,0,25
3392428769,91.0449,0,0,-91.0449,91.0449,201,7,17.941,52.559,1.5,0,0,0,25
3395929037,98.2548,0,0,-98.2548,98.2548,469,8,-43,131.798,1.5,0,0,0,25
3396428910,103.121,0,0,-103.121,103.121,342,2,-9.20851,99.5,1.5,0,0,0,25
3397393276,106.058,0,0,-106.058,106.058,422,17,54,112.076,1.5,0,0,0,25
3400000219,89.6514,0,0,-89.6514,89.6514,219,0,0,0,25,4,-28.0977,54.5977,1.5
3400428977,96.425,0,0,-96.425,96.425,409,3,-42.8489,112.5,1.5,0,0,0,25
3403429069,112.72,0,0,-112.72,112.72,501,10,-2,137.327,1.5,0,0,0,25
3403500173,102.55,0,0,-102.55,102.55,173,0,0,0,25,6,3.5,46.0196,1.5
3403500201,91.0449,0,0,-91.0449,91.0449,201,0,0,0,25,7,18.047,52.453,1.5
3403500210,90.6437,0,0,-90.6437,90.6437,210,0,0,0,25,19,22.5,53.7207,1.5
3403500224,103.201,0,0,-103.201,103.201,224,0,0,0,25,9,7.875,62.375,1.5
3403500232,99.168,0,0,-99.168,99.168,232,0,0,0,25,1,-20.5048,61.9952,1.5
3403500239,96.4403,0,0,-96.4403,96.4403,239,0,0,0,25,16,18.0197,65.0197,1.5
3403500316,98.6952,0,0,-98.6952,98.6952,316,0,0,0,25,13,36.5165,84.0165,1.5
3403500330,102.154,0,0,-102.154,102.154,330,0,0,0,25,20,23.8582,92.8582,1.5
3403500342,103.121,0,0,-103.121,103.121,342,0,0,0,25,2,-9.35851,99.5,1.5
3403500347,93.0666,0,0,-93.0666,93.0666,347,0,0,0,25,5,-42,92.1306,1.5
3403500409,96.425,0,0,-96.425,96.425,409,0,0,0,25,3,-42.8489,112.5,1.5
3403500422,106.058,0,0,-106.058,106.058,422,0,0,0,25,17,54,111.926,1.5
3403500424,113.049,0,0,-113.049,113.049,424,0,0,0,25,11,24.5,122.476,1.5
3403500469,98.2548,0,0,-98.2548,98.2548,469,0,0,0,25,8,-43,131.648,1.5
3403500481,109.994,0,0,-109.994,109.994,481,0,0,0,25,18,63.5387,127.039,1.5
3403500481,106.775,0,0,-106.775,106.775,481,0,0,0,25,15,49.4114,133.411,1.5
3403500484,96.9005,0,0,-96.9005,96.9005,484,0,0,0,25,12,-31,139.632,1.5
3403500487,97.0284,0,0,-97.0284,97.0284,487,0,0,0,25,14,-53.3562,133.856,1.5
3403500501,112.72,0,0,-112.72,112.72,501,0,0,0,25,10,-2,137.327,1.5
3408393064,90.6437,0,0,-90.6437,90.6437,210,19,22.5,53.7207,1.5,0,0,0,25
3410929052,96.9005,0,0,-96.9005,96.9005,484,12,-31,139.632,1.5,0,0,0,25
3412428807,96.4403,0,0,-96.4403,96.4403,239,16,18.0197,65.0197,1.5,0,0,0,25
3417393171,98.6952,0,0,-98.6952,98.6952,316,13,36.5165,84.0165,1.5,0,0,0,25
3419428915,93.0666,0,0,-93.0666,93.0666,347,5,-42,92.1306,1.5,0,0,0,25
3421428787,89.6514,0,0,-89.6514,89.6514,219,4,-28.0977,54.5977,1.5,0,0,0,25
3423393279,113.049,0,0,-113.049,113.049,424,11,24.5,122.476,1.5,0,0,0,25
3426393335,106.775,0,0,-106.775,106.775,481,15,49.4114,133.411,1.5,0,0,0,25
3434428741,102.55,0,0,-102.55,102.55,173,6,3.5,46.0196,1.5,0,0,0,25
3434428792,103.201,0,0,-103.201,103.201,224,9,7.875,62.375,1.5,0,0,0,25
3435428898,102.154,0,0,-102.154,102.154,330,20,23.8582,92.8582,1.5,0,0,0,25
3435429055,97.0284,0,0,-97.0284,97.0284,487,14,-53.3562,133.856,1.5,0,0,0,25
3438928800,99.168,0,0,-99.168,99.168,232,1,-20.5048,61.9952,1.5,0,0,0,25
3439429049,109.994,0,0,-109.994,109.994,481,18,63.5387,127.039,1.5,0,0,0,25
3443893055,91.0449,0,0,-91.0449,91.0449,201,7,18.047,52.453,1.5,0,0,0,25
3447393323,98.2548,0,0,-98.2548,98.2548,469,8,-43,131.648,1.5,0,0,0,25
3448428910,103.121,0,0,-103.121,103.121,342,2,-9.35851,99.5,1.5,0,0,0,25
3449428990,106.058,0,0,-106.058,106.058,422,17,54,111.926,1.5,0,0,0,25
3450000219,89.6514,0,0,-89.6514,89.6514,219,0,0,0,25,4,-28.0977,54.5977,1.5
3451928977,96.425,0,0,-96.425,96.425,409,3,-42.8489,112.5,1.5,0,0,0,25
3454000173,102.55,0,0,-102.55,102.55,173,0,0,0,25,6,3.5,46.0196,1.5
3454000201,91.0449,0,0,-91.0449,91.0449,201,0,0,0,25,7,18.047,52.453,1.5
3454000210,90.6437,0,0,-90.6437,90.6437,210,0,0,0,25,19,22.5,53.7207,1.5
3454000224,103.201,0,0,-103.201,103.201,224,0,0,0,25,9,7.875,62.375,1.5
3454000232,99.168,0,0,-99.168,99.168,232,0,0,0,25,1,-20.5048,61.9952,1.5
3454000239,96.4403,0,0,-96.4403,96.4403,239,0,0,0,25,16,18.0197,65.0197,1.5
3454000316,98.6952,0,0,-98.6952,98.6952,316,0,0,0,25,13,36.5165,84.0165,1.5
3454000330,102.154,0,0,-102.154,102.154,330,0,0,0,25,20,23.8582,92.8582,1.5
3454000342,103.121,0,0,-103.121,103.121,342,0,0,0,25,2,-9.35851,99.5,1.5
3454000347,93.0666,0,0,-93.0666,93.0666,347,0,0,0,25,5,-42,92.1306,1.5
3454000409,96.425,0,0,-96.425,96.425,409,0,0,0,25,3,-42.8489,112.5,1.5
3454000422,106.058,0,0,-106.058,106.058,422,0,0,0,25,17,54,111.926,1.5
3454000424,113.049,0,0,-113.049,113.049,424,0,0,0,25,11,24.5,122.476,1.5
3454000469,98.2548,0,0,-98.2548,98.2548,469,0,0,0,25,8,-43,131.648,1.5
3454000481,109.994,0,0,-109.994,109.994,481,0,0,0,25,18,63.5387,127.039,1.5
3454000481,106.775,0,0,-106.775,106.775,481,0,0,0,25,15,49.4114,133.411,1.5
3454000484,96.9005,0,0,-96.9005,96.9005,484,0,0,0,25,12,-31,139.632,1.5
3454000487,97.0284,0,0,-97.0284,97.0284,487,0,0,0,25,14,-53.3562,133.856,1.5
3454000501,112.72,0,0,-112.72,112.72,501,0,0,0,25,10,-2,137.327,1.5
3455429069,112.72,0,0,-112.72,112.72,501,10,-2,137.327,1.5,0,0,0,25
3460428778,90.6437,0,0,-90.6437,90.6437,210,19,22.5,53.7207,1.5,0,0,0,25
3462929052,96.9005,0,0,-96.9005,96.9005,484,12,-31,139.632,1.5,0,0,0,25
3468428807,96.4403,0,0,-96.4403,96.4403,239,16,18.0197,65.0197,1.5,0,0,0,25
3470928915,93.0666,0,0,-93.0666,93.0666,347,5,-42,92.1306,1.5,0,0,0,25
3472928787,89.6514,0,0,-89.6514,89.6514,219,4,-28.0977,54.5977,1.5,0,0,0,25
3476428992,113.049,0,0,-113.049,113.049,424,11,24.5,122.476,1.5,0,0,0,25
3479429049,106.775,0,0,-106.775,106.775,481,15,49.4114,133.411,1.5,0,0,0,25
3485428884,98.6952,0,0,-98.6952,98.6952,316,13,36.5165,84.0165,1.5,0,0,0,25
3486428741,102.55,0,0,-102.55,102.55,173,6,3.5,46.0196,1.5,0,0,0,25
3486428792,103.201,0,0,-103.201,103.201,224,9,7.875,62.375,1.5,0,0,0,25
3486429055,97.0284,0,0,-97.0284,97.0284,487,14,-53.3562,133.856,1.5,0,0,0,25
3487214615,102.154,0,0,-102.154,102.154,330,20,23.8582,92.8582,1.5,0,0,0,25
3490428800,99.168,0,0,-99.168,99.168,232,1,-20.5048,61.9952,1.5,0,0,0,25
3493393335,109.994,0,0,-109.994,109.994,481,18,63.5387,127.039,1.5,0,0,0,25
3495928769,91.0449,0,0,-91.0449,91.0449,201,7,18.047,52.453,1.5,0,0,0,25
3499928910,103.121,0,0,-103.121,103.121,342,2,-9.35851,99.5,1.5,0,0,0,25
3499929037,98.2548,0,0,-98.2548,98.2548,469,8,-43,131.648,1.5,0,0,0,25
3500000219,89.6514,0,0,-89.6514,89.6514,219,0,0,0,25,4,-28.2038,54.7038,1.5
3503928977,96.425,0,0,-96.425,96.425,409,3,-42.6989,112.5,1.5,0,0,0,25
3504000173,102.55,0,0,-102.55,102.55,173,0,0,0,25,6,3.5,45.8696,1.5
3504000201,91.0449,0,0,-91.0449,91.0449,201,0,0,0,25,7,18.1531,52.3469,1.5
3504000210,90.6437,0,0,-90.6437,90.6437,210,0,0,0,25,19,22.5,53.5707,1.5
3504000224,103.201,0,0,-103.201,103.201,224,0,0,0,25,9,7.76893,62.2689,1.5
3504000232,99.168,0,0,-99.168,99.168,232,0,0,0,25,1,-20.6109,61.8891,1.5
3504000239,96.4403,0,0,-96.4403,96.4403,239,0,0,0,25,16,17.9136,64.9136,1.5
3504000316,98.6952,0,0,-98.6952,98.6952,316,0,0,0,25,13,36.4104,83.9104,1.5
3504000330,102.154,0,0,-102.154,102.154,330,0,0,0,25,20,23.7522,92.7522,1.5
3504000342,103.121,0,0,-103.121,103.121,342,0,0,0,25,2,-9.50851,99.5,1.5
3504000347,93.0666,0,0,-93.0666,93.0666,347,0,0,0,25,5,-42,91.9806,1.5
3504000409,96.425,0,0,-96.425,96.425,409,0,0,0,25,3,-42.6989,112.5,1.5
3504000422,106.058,0,0,-106.058,106.058,422,0,0,0,25,17,54,111.776,1.5
3504000424,113.049,0,0,-113.049,113.049,424,0,0,0,25,11,24.5,122.326,1.5
3504000469,98.2548,0,0,-98.2548,98.2548,469,0,0,0,25,8,-43,131.498,1.5
3504000481,109.994,0,0,-109.994,109.994,481,0,0,0,25,18,63.4326,126.933,1.5
3504000481,106.775,0,0,-106.775,106.775,481,0,0,0,25,15,49.3054,133.305,1.5
3504000484,96.9005,0,0,-96.9005,96.9005,484,0,0,0,25,12,-31,139.482,1.5
3504000487,97.0284,0,0,-97.0284,97.0284,487,0,0,0,25,14,-53.2501,133.75,1.5
3504000501,112.72,0,0,-112.72,112.72,501,0,0,0,25,10,-2,137.177,1.5
3507429069,112.72,0,0,-112.72,112.72,501,10,-2,137.177,1.5,0,0,0,25
3514893338,96.9005,0,0,-96.9005,96.9005,484,12,-31,139.482,1.5,0,0,0,25
3517393276,106.058,0,0,-106.058,106.058,422,17,54,111.776,1.5,0,0,0,25
3518428778,90.6437,0,0,-90.6437,90.6437,210,19,22.5,53.5707,1.5,0,0,0,25
3522393093,96.4403,0,0,-96.4403,96.4403,239,16,17.9136,64.9136,1.5,0,0,0,25
3522928915,93.0666,0,0,-93.0666,93.0666,347,5,-42,91.9806,1.5,0,0,0,25
3524928787,89.6514,0,0,-89.6514,89.6514,219,4,-28.2038,54.7038,1.5,0,0,0,25
3527357565,113.049,0,0,-113.049,113.049,424,11,24.5,122.326,1.5,0,0,0,25
3535429049,106.775,0,0,-106.775,106.775,481,15,49.3054,133.305,1.5,0,0,0,25
3537928792,103.201,0,0,-103.201,103.201,224,9,7.76893,62.2689,1.5,0,0,0,25
3538428741,102.55,0,0,-102.55,102.55,173,6,3.5,45.8696,1.5,0,0,0,25
3539428898,102.154,0,0,-102.154,102.154,330,20,23.7522,92.7522,1.5,0,0,0,25
3542428800,99.168,0,0,-99.168,99.168,232,1,-20.6109,61.8891,1.5,0,0,0,25
3543429049,109.994,0,0,-109.994,109.994,481,18,63.4326,126.933,1.5,0,0,0,25
3545393341,97.0284,0,0,-97.0284,97.0284,487,14,-53.2501,133.75,1.5,0,0,0,25
3545428884,98.6952,0,0,-98.6952,98.6952,316,13,36.4104,83.9104,1.5,0,0,0,25
3547928769,91.0449,0,0,-91.0449,91.0449,201,7,18.1531,52.3469,1.5,0,0,0,25
3550000219,89.6514,0,0,-89.6514,89.6514,219,0,0,0,25,4,-28.2038,54.7038,1.5
3551429037,98.2548,0,0,-98.2548,98.2548,469,8,-43,131.498,1.5,0,0,0,25
3551928910,103.121,0,0,-103.121,103.121,342,2,-9.50851,99.5,1.5,0,0,0,25
3554000173,102.55,0,0,-102.55,102.55,173,0,0,0,25,6,3.5,45.8696,1.5
3554000201,91.0449,0,0,-91.0449,91.0449,201,0,0,0,25,7,18.1531,52.3469,1.5
3554000210,90.6437,0,0,-90.6437,90.6437,210,0,0,0,25,19,22.5,53.5707,1.5
3554000224,103.201,0,0,-103.201,103.201,224,0,0,0,25,9,7.76893,62.2689,1.5
3554000232,99.168,0,0,-99.168,99.168,232,0,0,0,25,1,-20.6109,61.8891,1.5
3554000239,96.4403,0,0,-96.4403,96.4403,239,0,0,0,25,16,17.9136,64.9136,1.5
3554000316,98.6952,0,0,-98.6952,98.6952,316,0,0,0,25,13,36.4104,83.9104,1.5
3554000330,102.154,0,0,-102.154,102.154,330,0,0,0,25,20,23.7522,92.7522,1.5
3554000342,103.121,0,0,-103.121,103.121,342,0,0,0,25,2,-9.50851,99.5,1.5
3554000347,93.0666,0,0,-93.0666,93.0666,347,0,0,0,25,5,-42,91.9806,1.5
3554000409,96.425,0,0,-96.425,96.425,409,0,0,0,25,3,-42.6989,112.5,1.5
3554000422,106.058,0,0,-106.058,106.058,422,0,0,0,25,17,54,111.776,1.5
3554000424,113.049,0,0,-113.049,113.049,424,0,0,0,25,11,24.5,122.326,1.5
3554000469,98.2548,0,0,-98.2548,98.2548,469,0,0,0,25,8,-43,131.498,1.5
3554000481,109.994,0,0,-109.994,109.994,481,0,0,0,25,18,63.4326,126.933,1.5
3554000481,106.775,0,0,-106.775,106.775,481,0,0,0,25,15,49.3054,133.305,1.5
3554000484,96.9005,0,0,-96.9005,96.9005,484,0,0,0,25,12,-31,139.482,1.5
3554000487,97.0284,0,0,-97.0284,97.0284,487,0,0,0,25,14,-53.2501,133.75,1.5
3554000501,112.72,0,0,-112.72,112.72,501,0,0,0,25,10,-2,137.177,1.5
3555928977,96.425,0,0,-96.425,96.425,409,3,-42.6989,112.5,1.5,0,0,0,25
3558929069,112.72,0,0,-112.72,112.72,501,10,-2,137.177,1.5,0,0,0,25
3566429052,96.9005,0,0,-96.9005,96.9005,484,12,-31,139.482,1.5,0,0,0,25
3569428990,106.058,0,0,-106.058,106.058,422,17,54,111.776,1.5,0,0,0,25
3572428807,96.4403,0,0,-96.4403,96.4403,239,16,17.9136,64.9136,1.5,0,0,0,25
3574928915,93.0666,0,0,-93.0666,93.0666,347,5,-42,91.9806,1.5,0,0,0,25
3575928778,90.6437,0,0,-90.6437,90.6437,210,19,22.5,53.5707,1.5,0,0,0,25
3576928787,89.6514,0,0,-89.6514,89.6514,219,4,-28.2038,54.7038,1.5,0,0,0,25
3578393278,113.049,0,0,-113.049,113.049,424,11,24.5,122.326,1.5,0,0,0,25
3586393335,106.775,0,0,-106.775,106.775,481,15,49.3054,133.305,1.5,0,0,0,25
3589928741,102.55,0,0,-102.55,102.55,173,6,3.5,45.8696,1.5,0,0,0,25
3589928792,103.201,0,0,-103.201,103.201,224,9,7.76893,62.2689,1.5,0,0,0,25
3594428800,99.168,0,0,-99.168,99.168,232,1,-20.6109,61.8891,1.5,0,0,0,25
3595429055,97.0284,0,0,-97.0284,97.0284,487,14,-53.2501,133.75,1.5,0,0,0,25
3596928898,102.154,0,0,-102.154,102.154,330,20,23.7522,92.7522,1.5,0,0,0,25
3599428769,91.0449,0,0,-91.0449,91.0449,201,7,18.1531,52.3469,1.5,0,0,0,25
3600000219,89.6514,0,0,-89.6514,89.6514,219,0,0,0,25,4,-28.3099,54.8099,1.5
3600929049,109.994,0,0,-109.994,109.994,481,18,63.3265,126.827,1.5,0,0,0,25
3603429037,98.2548,0,0,-98.2548,98.2548,469,8,-43,131.348,1.5,0,0,0,25
3603928910,103.121,0,0,-103.121,103.121,342,2,-9.65851,99.5,1.5,0,0,0,25
3604000173,102.55,0,0,-102.55,102.55,173,0,0,0,25,6,3.5,45.7196,1.5
3604000201,91.0449,0,0,-91.0449,91.0449,201,0,0,0,25,7,18.2592,52.2408,1.5
3604000210,90.6437,0,0,-90.6437,90.6437,210,0,0,0,25,19,22.5,53.4207,1.5
3604000224,103.201,0,0,-103.201,103.201,224,0,0,0,25,9,7.66287,62.1629,1.5
3604000232,99.168,0,0,-99.168,99.168,232,0,0,0,25,1,-20.7169,61.7831,1.5
3604000239,96.4403,0,0,-96.4403,96.4403,239,0,0,0,25,16,17.8076,64.8076,1.5
3604000316,98.6952,0,0,-98.6952,98.6952,316,0,0,0,25,13,36.3043,83.8043,1.5
3604000330,102.154,0,0,-102.154,102.154,330,0,0,0,25,20,23.6461,92.6461,1.5
3604000342,103.121,0,0,-103.121,103.121,342,0,0,0,25,2,-9.65851,99.5,1.5
3604000347,93.0666,0,0,-93.0666,93.0666,347,0,0,0,25,5,-42,91.8306,1.5
3604000409,96.425,0,0,-96.425,96.425,409,0,0,0,25,3,-42.5489,112.5,1.5
3604000422,106.058,0,0,-106.058,106.058,422,0,0,0,25,17,54,111.626,1.5
3604000424,113.049,0,0,-113.049,113.049,424,0,0,0,25,11,24.5,122.176,1.5
3604000469,98.2548,0,0,-98.2548,98.2548,469,0,0,0,25,8,-43,131.348,1.5
3604000481,109.994,0,0,-109.994,109.994,481,0,0,0,25,18,63.3265,126.827,1.5
3604000481,106.775,0,0,-106.775,106.775,481,0,0,0,25,15,49.1993,133.199,1.5
3604000484,96.9005,0,0,-96.9005,96.9005,484,0,0,0,25,12,-31,139.332,1.5
3604000487,97.0284,0,0,-97.0284,97.0284,487,0,0,0,25,14,-53.144,133.644,1.5
3604000501,112.72,0,0,-112.72,112.72,501,0,0,0,25,10,-2,137.027,1.5
3605428884,98.6952,0,0,-98.6952,98.6952,316,13,36.3043,83.8043,1.5,0,0,0,25
3607428977,96.425,0,0,-96.425,96.425,409,3,-42.5489,112.5,1.5,0,0,0,25
3610929069,112.72,0,0,-112.72,112.72,501,10,-2,137.027,1.5,0,0,0,25
3618429052,96.9005,0,0,-96.9005,96.9005,484,12,-31,139.332,1.5,0,0,0,25
3626428915,93.0666,0,0,-93.0666,93.0666,347,5,-42,91.8306,1.5,0,0,0,25
3628428787,89.6514,0,0,-89.6514,89.6514,219,4,-28.3099,54.8099,1.5,0,0,0,25
3628428807,96.4403,0,0,-96.4403,96.4403,239,16,17.8076,64.8076,1.5,0,0,0,25
3628928778,90.6437,0,0,-90.6437,90.6437,210,19,22.5,53.4207,1.5,0,0,0,25
3631928992,113.049,0,0,-113.049,113.049,424,11,24.5,122.176,1.5,0,0,0,25
3637393276,106.058,0,0,-106.058,106.058,422,17,54,111.626,1.5,0,0,0,25
3639429049,106.775,0,0,-106.775,106.775,481,15,49.1993,133.199,1.5,0,0,0,25
3641928741,102.55,0,0,-102.55,102.55,173,6,3.5,45.7196,1.5,0,0,0,25
3641928792,103.201,0,0,-103.201,103.201,224,9,7.66287,62.1629,1.5,0,0,0,25
3644893086,99.168,0,0,-99.168,99.168,232,1,-20.7169,61.7831,1.5,0,0,0,25
3646429055,97.0284,0,0,-97.0284,97.0284,487,14,-53.144,133.644,1.5,0,0,0,25
3647214615,102.154,0,0,-102.154,102.154,330,20,23.6461,92.6461,1.5,0,0,0,25
3650000219,89.6514,0,0,-89.6514,89.6514,219,0,0,0,25,4,-28.3099,54.8099,1.5
3651428769,91.0449,0,0,-91.0449,91.0449,201,7,18.2592,52.2408,1.5,0,0,0,25
3653393335,109.994,0,0,-109.994,109.994,481,18,63.3265,126.827,1.5,0,0,0,25
3653929037,98.2548,0,0,-98.2548,98.2548,469,8,-43,131.348,1.5,0,0,0,25
3654000173,102.55,0,0,-102.55,102.55,173,0,0,0,25,6,3.5,45.7196,1.5
3654000201,91.0449,0,0,-91.0449,91.0449,201,0,0,0,25,7,18.2592,52.2408,1.5
3654000210,90.6437,0,0,-90.6437,90.6437,210,0,0,0,25,19,22.5,53.4207,1.5
3654000224,103.201,0,0,-103.201,103.201,224,0,0,0,25,9,7.66287,62.1629,1.5
3654000232,99.168,0,0,-99.168,99.168,232,0,0,0,25,1,-20.7169,61.7831,1.5
3654000239,96.4403,0,0,-96.4403,96.4403,239,0,0,0,25,16,17.8076,64.8076,1.5
3654000316,98.6952,0,0,-98.6952,98.6952,316,0,0,0,25,13,36.3043,83.8043,1.5
3654000330,102.154,0,0,-102.154,102.154,330,0,0,0,25,20,23.6461,92.6461,1.5
3654000342,103.121,0,0,-103.121,103.121,342,0,0,0,25,2,-9.65851,99.5,1.5
3654000347,93.0666,0,0,-93.0666,93.0666,347,0,0,0,25,5,-42,91.8306,1.5
3654000409,96.425,0,0,-96.425,96.425,409,0,0,0,25,3,-42.5489,112.5,1.5
3654000422,106.058,0,0,-106.058,106.058,422,0,0,0,25,17,54,111.626,1.5
3654000424,113.049,0,0,-113.049,113.049,424,0,0,0,25,11,24.5,122.176,1.5
3654000469,98.2548,0,0,-98.2548,98.2548,469,0,0,0,25,8,-43,131.348,1.5
3654000481,109.994,0,0,-109.994,109.994,481,0,0,0,25,18,63.3265,126.827,1.5
3654000481,106.775,0,0,-106.775,106.775,481,0,0,0,25,15,49.1993,133.199,1.5
3654000484,96.9005,0,0,-96.9005,96.9005,484,0,0,0,25,12,-31,139.332,1.5
3654000487,97.0284,0,0,-97.0284,97.0284,487,0,0,0,25,14,-53.144,133.644,1.5
3654000501,112.72,0,0,-112.72,112.72,501,0,0,0,25,10,-2,137.027,1.5
3655428910,103.121,0,0,-103.121,103.121,342,2,-9.65851,99.5,1.5,0,0,0,25
3657393171,98.6952,0,0,-98.6952,98.6952,316,13,36.3043,83.8043,1.5,0,0,0,25
3659428977,96.425,0,0,-96.425,96.425,409,3,-42.5489,112.5,1.5,0,0,0,25
3662929069,112.72,0,0,-112.72,112.72,501,10,-2,137.027,1.5,0,0,0,25
3670429052,96.9005,0,0,-96.9005,96.9005,484,12,-31,139.332,1.5,0,0,0,25
3677928915,93.0666,0,0,-93.0666,93.0666,347,5,-42,91.8306,1.5,0,0,0,25
3679428778,90.6437,0,0,-90.6437,90.6437,210,19,22.5,53.4207,1.5,0,0,0,25
3680428787,89.6514,0,0,-89.6514,89.6514,219,4,-28.3099,54.8099,1.5,0,0,0,25
3682393093,96.4403,0,0,-96.4403,96.4403,239,16,17.8076,64.8076,1.5,0,0,0,25
3683928992,113.049,0,0,-113.049,113.049,424,11,24.5,122.176,1.5,0,0,0,25
3689428990,106.058,0,0,-106.058,106.058,422,17,54,111.626,1.5,0,0,0,25
3693428792,103.201,0,0,-103.201,103.201,224,9,7.66287,62.1629,1.5,0,0,0,25
3693928741,102.55,0,0,-102.55,102.55,173,6,3.5,45.7196,1.5,0,0,0,25
3695429049,106.775,0,0,-106.775,106.775,481,15,49.1993,133.199,1.5,0,0,0,25
3697928800,99.168,0,0,-99.168,99.168,232,1,-20.7169,61.7831,1.5,0,0,0,25
3700000219,89.6514,0,0,-89.6514,89.6514,219,0,0,0,25,4,-28.4159,54.9159,1.5
3700428898,102.154,0,0,-102.154,102.154,330,20,23.54,92.54,1.5,0,0,0,25
3703428769,91.0449,0,0,-91.0449,91.0449,201,7,18.3652,52.1348,1.5,0,0,0,25
3704000173,102.55,0,0,-102.55,102.55,173,0,0,0,25,6,3.5,45.5696,1.5
3704000201,91.0449,0,0,-91.0449,91.0449,201,0,0,0,25,7,18.3652,52.1348,1.5
3704000210,90.6437,0,0,-90.6437,90.6437,210,0,0,0,25,19,22.5,53.2707,1.5
3704000224,103.201,0,0,-103.201,103.201,224,0,0,0,25,9,7.5568,62.0568,1.5
3704000232,99.168,0,0,-99.168,99.168,232,0,0,0,25,1,-20.823,61.677,1.5
3704000239,96.4403,0,0,-96.4403,96.4403,239,0,0,0,25,16,17.7015,64.7015,1.5
3704000316,98.6952,0,0,-98.6952,98.6952,316,0,0,0,25,13,36.1983,83.6983,1.5
3704000330,102.154,0,0,-102.154,102.154,330,0,0,0,25,20,23.54,92.54,1.5
3704000342,103.121,0,0,-103.121,103.121,342,0,0,0,25,2,-9.80851,99.5,1.5
3704000347,93.0666,0,0,-93.0666,93.0666,347,0,0,0,25,5,-42,91.6806,1.5
3704000409,96.425,0,0,-96.425,96.425,409,0,0,0,25,3,-42.3989,112.5,1.5
3704000422,106.058,0,0,-106.058,106.058,422,0,0,0,25,17,54,111.476,1.5
3704000424,113.049,0,0,-113.049,113.049,424,0,0,0,25,11,24.5,122.026,1.5
3704000469,98.2548,0,0,-98.2548,98.2548,469,0,0,0,25,8,-43,131.198,1.5
3704000481,109.994,0,0,-109.994,109.994,481,0,0,0,25,18,63.2205,126.72,1.5
3704000481,106.775,0,0,-106.775,106.775,481,0,0,0,25,15,49.0932,133.093,1.5
3704000484,96.9005,0,0,-96.9005,96.9005,484,0,0,0,25,12,-31,139.182,1.5
3704000487,97.0284,0,0,-97.0284,97.0284,487,0,0,0,25,14,-53.038,133.538,1.5
3704000501,112.72,0,0,-112.72,112.72,501,0,0,0,25,10,-2,136.877,1.5
3704429049,109.994,0,0,-109.994,109.994,481,18,63.2205,126.72,1.5,0,0,0,25
3705393341,97.0284,0,0,-97.0284,97.0284,487,14,-53.038,133.538,1.5,0,0,0,25
3706929037,98.2548,0,0,-98.2548,98.2548,469,8,-43,131.198,1.5,0,0,0,25
3707428910,103.121,0,0,-103.121,103.121,342,2,-9.80851,99.5,1.5,0,0,0,25
3710893263,96.425,0,0,-96.425,96.425,409,3,-42.3989,112.5,1.5,0,0,0,25
3714429069,112.72,0,0,-112.72,112.72,501,10,-2,136.877,1.5,0,0,0,25
3722429052,96.9005,0,0,-96.9005,96.9005,484,12,-31,139.182,1.5,0,0,0,25
3725428884,98.6952,0,0,-98.6952,98.6952,316,13,36.1983,83.6983,1.5,0,0,0,25
3730428915,93.0666,0,0,-93.0666,93.0666,347,5,-42,91.6806,1.5,0,0,0,25
3731893073,89.6514,0,0,-89.6514,89.6514,219,4,-28.4159,54.9159,1.5,0,0,0,25
3732428807,96.4403,0,0,-96.4403,96.4403,239,16,17.7015,64.7015,1.5,0,0,0,25
3735928992,113.049,0,0,-113.049,113.049,424,11,24.5,122.026,1.5,0,0,0,25
3736928778,90.6437,0,0,-90.6437,90.6437,210,19,22.5,53.2707,1.5,0,0,0,25
3745428741,102.55,0,0,-102.55,102.55,173,6,3.5,45.5696,1.5,0,0,0,25
3745428792,103.201,0,0,-103.201,103.201,224,9,7.5568,62.0568,1.5,0,0,0,25
3746393335,106.775,0,0,-106.775,106.775,481,15,49.0932,133.093,1.5,0,0,0,25
3749928800,99.168,0,0,-99.168,99.168,232,1,-20.823,61.677,1.5,0,0,0,25
3750000219,89.6514,0,0,-89.6514,89.6514,219,0,0,0,25,4,-28.4159,54.9159,1.5
3754000173,102.55,0,0,-102.55,102.55,173,0,0,0,25,6,3.5,45.5696,1.5
3754000201,91.0449,0,0,-91.0449,91.0449,201,0,0,0,25,7,18.3652,52.1348,1.5
3754000210,90.6437,0,0,-90.6437,90.6437,210,0,0,0,25,19,22.5,53.2707,1.5
3754000224,103.201,0,0,-103.201,103.201,224,0,0,0,25,9,7.5568,62.0568,1.5
3754000232,99.168,0,0,-99.168,99.168,232,0,0,0,25,1,-20.823,61.677,1.5
3754000239,96.4403,0,0,-96.4403,96.4403,239,0,0,0,25,16,17.7015,64.7015,1.5
3754000316,98.6952,0,0,-98.6952,98.6952,316,0,0,0,25,13,36.1983,83.6983,1.5
3754000330,102.154,0,0,-102.154,102.154,330,0,0,0,25,20,23.54,92.54,1.5
3754000342,103.121,0,0,-103.121,103.121,342,0,0,0,25,2,-9.80851,99.5,1.5
3754000347,93.0666,0,0,-93.0666,93.0666,347,0,0,0,25,5,-42,91.6806,1.5
3754000409,96.425,0,0,-96.425,96.425,409,0,0,0,25,3,-42.3989,112.5,1.5
3754000422,106.058,0,0,-106.058,106.058,422,0,0,0,25,17,54,111.476,1.5
3754000424,113.049,0,0,-113.049,113.049,424,0,0,0,25,11,24.5,122.026,1.5
3754000469,98.2548,0,0,-98.2548,98.2548,469,0,0,0,25,8,-43,131.198,1.5
3754000481,109.994,0,0,-109.994,109.994,481,0,0,0,25,18,63.2205,126.72,1.5
3754000481,106.775,0,0,-106.775,106.775,481,0,0,0,25,15,49.0932,133.093,1.5
3754000484,96.9005,0,0,-96.9005,96.9005,484,0,0,0,25,12,-31,139.182,1.5
3754000487,97.0284,0,0,-97.0284,97.0284,487,0,0,0,25,14,-53.038,133.538,1.5
3754000501,112.72,0,0,-112.72,112.72,501,0,0,0,25,10,-2,136.877,1.5
3754928769,91.0449,0,0,-91.0449,91.0449,201,7,18.3652,52.1348,1.5,0,0,0,25
3755429055,97.0284,0,0,-97.0284,97.0284,487,14,-53.038,133.538,1.5,0,0,0,25
3757393276,106.058,0,0,-106.058,106.058,422,17,54,111.476,1.5,0,0,0,25
3757928898,102.154,0,0,-102.154,102.154,330,20,23.54,92.54,1.5,0,0,0,25
3758929037,98.2548,0,0,-98.2548,98.2548,469,8,-43,131.198,1.5,0,0,0,25
3759428910,103.121,0,0,-103.121,103.121,342,2,-9.80851,99.5,1.5,0,0,0,25
3761929049,109.994,0,0,-109.994,109.994,481,18,63.2205,126.72,1.5,0,0,0,25
3762928977,96.425,0,0,-96.425,96.425,409,3,-42.3989,112.5,1.5,0,0,0,25
3766429069,112.72,0,0,-112.72,112.72,501,10,-2,136.877,1.5,0,0,0,25
3773929052,96.9005,0,0,-96.9005,96.9005,484,12,-31,139.182,1.5,0,0,0,25
3781928915,93.0666,0,0,-93.0666,93.0666,347,5,-42,91.6806,1.5,0,0,0,25
3783928787,89.6514,0,0,-89.6514,89.6514,219,4,-28.4159,54.9159,1.5,0,0,0,25
3785428884,98.6952,0,0,-98.6952,98.6952,316,13,36.1983,83.6983,1.5,0,0,0,25
3787428992,113.049,0,0,-113.049,113.049,424,11,24.5,122.026,1.5,0,0,0,25
3788428807,96.4403,0,0,-96.4403,96.4403,239,16,17.7015,64.7015,1.5,0,0,0,25
3788928778,90.6437,0,0,-90.6437,90.6437,210,19,22.5,53.2707,1.5,0,0,0,25
3797428741,102.55,0,0,-102.55,102.55,173,6,3.5,45.5696,1.5,0,0,0,25
3797428792,103.201,0,0,-103.201,103.201,224,9,7.5568,62.0568,1.5,0,0,0,25
3799429049,106.775,0,0,-106.775,106.775,481,15,49.0932,133.093,1.5,0,0,0,25
3800000219,89.6514,0,0,-89.6514,89.6514,219,0,0,0,25,4,-28.522,55.022,1.5
3801428800,99.168,0,0,-99.168,99.168,232,1,-20.9291,61.5709,1.5,0,0,0,25
3804000173,102.55,0,0,-102.55,102.55,173,0,0,0,25,6,3.5,45.4196,1.5
3804000201,91.0449,0,0,-91.0449,91.0449,201,0,0,0,25,7,18.4713,52.0287,1.5
3804000210,90.6437,0,0,-90.6437,90.6437,210,0,0,0,25,19,22.5,53.1207,1.5
3804000224,103.201,0,0,-103.201,103.201,224,0,0,0,25,9,7.45073,61.9507,1.5
3804000232,99.168,0,0,-99.168,99.168,232,0,0,0,25,1,-20.9291,61.5709,1.5
3804000239,96.4403,0,0,-96.4403,96.4403,239,0,0,0,25,16,17.5954,64.5954,1.5
3804000316,98.6952,0,0,-98.6952,98.6952,316,0,0,0,25,13,36.0922,83.5922,1.5
3804000330,102.154,0,0,-102.154,102.154,330,0,0,0,25,20,23.434,92.434,1.5
3804000342,103.121,0,0,-103.121,103.121,342,0,0,0,25,2,-9.95851,99.5,1.5
3804000347,93.0666,0,0,-93.0666,93.0666,347,0,0,0,25,5,-42,91.5306,1.5
3804000409,96.425,0,0,-96.425,96.425,409,0,0,0,25,3,-42.2489,112.5,1.5
3804000422,106.058,0,0,-106.058,106.058,422,0,0,0,25,17,54,111.326,1.5
3804000424,113.049,0,0,-113.049,113.049,424,0,0,0,25,11,24.5,121.876,1.5
3804000469,98.2548,0,0,-98.2548,98.2548,469,0,0,0,25,8,-43,131.048,1.5
3804000481,109.994,0,0,-109.994,109.994,481,0,0,0,25,18,63.1144,126.614,1.5
3804000481,106.775,0,0,-106.775,106.775,481,0,0,0,25,15,48.9872,132.987,1.5
3804000484,96.9005,0,0,-96.9005,96.9005,484,0,0,0,25,12,-31,139.032,1.5
3804000487,97.0284,0,0,-97.0284,97.0284,487,0,0,0,25,14,-52.9319,133.432,1.5
3804000501,112.72,0,0,-112.72,112.72,501,0,0,0,25,10,-2,136.727,1.5
3806429055,97.0284,0,0,-97.0284,97.0284,487,14,-52.9319,133.432,1.5,0,0,0,25
3806928769,91.0449,0,0,-91.0449,91.0449,201,7,18.4713,52.0287,1.5,0,0,0,25
3809428990,106.058,0,0,-106.058,106.058,422,17,54,111.326,1.5,0,0,0,25
3810428898,102.154,0,0,-102.154,102.154,330,20,23.434,92.434,1.5,0,0,0,25
3810928910,103.121,0,0,-103.121,103.121,342,2,-9.95851,99.5,1.5,0,0,0,25
3810929037,98.2548,0,0,-98.2548,98.2548,469,8,-43,131.048,1.5,0,0,0,25
3813393335,109.994,0,0,-109.994,109.994,481,18,63.1144,126.614,1.5,0,0,0,25
3814928977,96.425,0,0,-96.425,96.425,409,3,-42.2489,112.5,1.5,0,0,0,25
3818429069,112.72,0,0,-112.72,112.72,501,10,-2,136.727,1.5,0,0,0,25
3825929052,96.9005,0,0,-96.9005,96.9005,484,12,-31,139.032,1.5,0,0,0,25
3833928915,93.0666,0,0,-93.0666,93.0666,347,5,-42,91.5306,1.5,0,0,0,25
3835928787,89.6514,0,0,-89.6514,89.6514,219,4,-28.522,55.022,1.5,0,0,0,25
3839428992,113.049,0,0,-113.049,113.049,424,11,24.5,121.876,1.5,0,0,0,25
3840928778,90.6437,0,0,-90.6437,90.6437,210,19,22.5,53.1207,1.5,0,0,0,25
3842393093,96.4403,0,0,-96.4403,96.4403,239,16,17.5954,64.5954,1.5,0,0,0,25
3845428884,98.6952,0,0,-98.6952,98.6952,316,13,36.0922,83.5922,1.5,0,0,0,25
3848928792,103.201,0,0,-103.201,103.201,224,9,7.45073,61.9507,1.5,0,0,0,25
3849428741,102.55,0,0,-102.55,102.55,173,6,3.5,45.4196,1.5,0,0,0,25
3850000219,89.6514,0,0,-89.6514,89.6514,219,0,0,0,25,4,-28.522,55.022,1.5
3853428800,99.168,0,0,-99.168,99.168,232,1,-20.9291,61.5709,1.5,0,0,0,25
3854000173,102.55,0,0,-102.55,102.55,173,0,0,0,25,6,3.5,45.4196,1.5
3854000201,91.0449,0,0,-91.0449,91.0449,201,0,0,0,25,7,18.4713,52.0287,1.5
3854000210,90.6437,0,0,-90.6437,90.6437,210,0,0,0,25,19,22.5,53.1207,1.5
3854000224,103.201,0,0,-103.201,103.201,224,0,0,0,25,9,7.45073,61.9507,1.5
3854000232,99.168,0,0,-99.168,99.168,232,0,0,0,25,1,-20.9291,61.5709,1.5
3854000239,96.4403,0,0,-96.4403,96.4403,239,0,0,0,25,16,17.5954,64.5954,1.5
3854000316,98.6952,0,0,-98.6952,98.6952,316,0,0,0,25,13,36.0922,83.5922,1.5
3854000330,102.154,0,0,-102.154,102.154,330,0,0,0,25,20,23.434,92.434,1.5
3854000342,103.121,0,0,-103.121,103.121,342,0,0,0,25,2,-9.95851,99.5,1.5
3854000347,93.0666,0,0,-93.0666,93.0666,347,0,0,0,25,5,-42,91.5306,1.5
3854000409,96.425,0,0,-96.425,96.425,409,0,0,0,25,3,-42.2489,112.5,1.5
3854000422,106.058,0,0,-106.058,106.058,422,0,0,0,25,17,54,111.326,1.5
3854000424,113.049,0,0,-113.049,113.049,424,0,0,0,25,11,24.5,121.876,1.5
3854000469,98.2548,0,0,-98.2548,98.2548,469,0,0,0,25,8,-43,131.048,1.5
3854000481,109.994,0,0,-109.994,109.994,481,0,0,0,25,18,63.1144,126.614,1.5
3854000481,106.775,0,0,-106.775,106.775,481,0,0,0,25,15,48.9872,132.987,1.5
3854000484,96.9005,0,0,-96.9005,96.9005,484,0,0,0,25,12,-31,139.032,1.5
3854000487,97.0284,0,0,-97.0284,97.0284,487,0,0,0,25,14,-52.9319,133.432,1.5
3854000501,112.72,0,0,-112.72,112.72,501,0,0,0,25,10,-2,136.727,1.5
3855429049,106.775,0,0,-106.775,106.775,481,15,48.9872,132.987,1.5,0,0,0,25
3858928769,91.0449,0,0,-91.0449,91.0449,201,7,18.4713,52.0287,1.5,0,0,0,25
3861928898,102.154,0,0,-102.154,102.154,330,20,23.434,92.434,1.5,0,0,0,25
3862429037,98.2548,0,0,-98.2548,98.2548,469,8,-43,131.048,1.5,0,0,0,25
3862928910,103.121,0,0,-103.121,103.121,342,2,-9.95851,99.5,1.5,0,0,0,25
3865393341,97.0284,0,0,-97.0284,97.0284,487,14,-52.9319,133.432,1.5,0,0,0,25
3865929049,109.994,0,0,-109.994,109.994,481,18,63.1144,126.614,1.5,0,0,0,25
3866928977,96.425,0,0,-96.425,96.425,409,3,-42.2489,112.5,1.5,0,0,0,25
3869929069,112.72,0,0,-112.72,112.72,501,10,-2,136.727,1.5,0,0,0,25
3877393276,106.058,0,0,-106.058,106.058,422,17,54,111.326,1.5,0,0,0,25
3877929052,96.9005,0,0,-96.9005,96.9005,484,12,-31,139.032,1.5,0,0,0,25
3885393201,93.0666,0,0,-93.0666,93.0666,347,5,-42,91.5306,1.5,0,0,0,25
3887928787,89.6514,0,0,-89.6514,89.6514,219,4,-28.522,55.022,1.5,0,0,0,25
3891428992,113.049,0,0,-113.049,113.049,424,11,24.5,121.876,1.5,0,0,0,25
3892428807,96.4403,0,0,-96.4403,96.4403,239,16,17.5954,64.5954,1.5,0,0,0,25
3897393171,98.6952,0,0,-98.6952,98.6952,316,13,36.0922,83.5922,1.5,0,0,0,25
3898428778,90.6437,0,0,-90.6437,90.6437,210,19,22.5,53.1207,1.5,0,0,0,25
3900000219,89.6514,0,0,-89.6514,89.6514,219,0,0,0,25,4,-28.6281,55.1281,1.5
3900893027,102.55,0,0,-102.55,102.55,173,6,3.5,45.2696,1.5,0,0,0,25
3900928792,103.201,0,0,-103.201,103.201,224,9,7.34467,61.8447,1.5,0,0,0,25
3904000173,102.55,0,0,-102.55,102.55,173,0,0,0,25,6,3.5,45.2696,1.5
3904000201,91.0449,0,0,-91.0449,91.0449,201,0,0,0,25,7,18.5774,51.9226,1.5
3904000210,90.6437,0,0,-90.6437,90.6437,210,0,0,0,25,19,22.5,52.9707,1.5
3904000224,103.201,0,0,-103.201,103.201,224,0,0,0,25,9,7.34467,61.8447,1.5
3904000232,99.168,0,0,-99.168,99.168,232,0,0,0,25,1,-21.0351,61.4649,1.5
3904000239,96.4403,0,0,-96.4403,96.4403,239,0,0,0,25,16,17.4894,64.4894,1.5
3904000316,98.6952,0,0,-98.6952,98.6952,316,0,0,0,25,13,35.9861,83.4861,1.5
3904000330,102.154,0,0,-102.154,102.154,330,0,0,0,25,20,23.3279,92.3279,1.5
3904000342,103.121,0,0,-103.121,103.121,342,0,0,0,25,2,-10.1085,99.5,1.5
3904000347,93.0666,0,0,-93.0666,93.0666,347,0,0,0,25,5,-42,91.3806,1.5
3904000409,96.425,0,0,-96.425,96.425,409,0,0,0,25,3,-42.0989,112.5,1.5
3904000422,106.058,0,0,-106.058,106.058,422,0,0,0,25,17,54,111.176,1.5
3904000424,113.049,0,0,-113.049,113.049,424,0,0,0,25,11,24.5,121.726,1.5
3904000469,98.2548,0,0,-98.2548,98.2548,469,0,0,0,25,8,-43,130.898,1.5
3904000481,109.994,0,0,-109.994,109.994,481,0,0,0,25,18,63.0083,126.508,1.5
3904000481,106.775,0,0,-106.775,106.775,481,0,0,0,25,15,48.8811,132.881,1.5
3904000484,96.9005,0,0,-96.9005,96.9005,484,0,0,0,25,12,-31,138.882,1.5
3904000487,97.0284,0,0,-97.0284,97.0284,487,0,0,0,25,14,-52.8258,133.326,1.5
3904000501,112.72,0,0,-112.72,112.72,501,0,0,0,25,10,-2,136.577,1.5
3905428800,99.168,0,0,-99.168,99.168,232,1,-21.0351,61.4649,1.5,0,0,0,25
3906393335,106.775,0,0,-106.775,106.775,481,15,48.8811,132.881,1.5,0,0,0,25
3910428769,91.0449,0,0,-91.0449,91.0449,201,7,18.5774,51.9226,1.5,0,0,0,25
3914429037,98.2548,0,0,-98.2548,98.2548,469,8,-43,130.898,1.5,0,0,0,25
3914928910,103.121,0,0,-103.121,103.121,342,2,-10.1085,99.5,1.5,0,0,0,25
3915429055,97.0284,0,0,-97.0284,97.0284,487,14,-52.8258,133.326,1.5,0,0,0,25
3918428977,96.425,0,0,-96.425,96.425,409,3,-42.0989,112.5,1.5,0,0,0,25
3919428898,102.154,0,0,-102.154,102.154,330,20,23.3279,92.3279,1.5,0,0,0,25
3921929069,112.72,0,0,-112.72,112.72,501,10,-2,136.577,1.5,0,0,0,25
3923429049,109.994,0,0,-109.994,109.994,481,18,63.0083,126.508,1.5,0,0,0,25
3929428990,106.058,0,0,-106.058,106.058,422,17,54,111.176,1.5,0,0,0,25
3929429052,96.9005,0,0,-96.9005,96.9005,484,12,-31,138.882,1.5,0,0,0,25
3937928915,93.0666,0,0,-93.0666,93.0666,347,5,-42,91.3806,1.5,0,0,0,25
3939928787,89.6514,0,0,-89.6514,89.6514,219,4,-28.6281,55.1281,1.5,0,0,0,25
3942928992,113.049,0,0,-113.049,113.049,424,11,24.5,121.726,1.5,0,0,0,25
3948428807,96.4403,0,0,-96.4403,96.4403,239,16,17.4894,64.4894,1.5,0,0,0,25
3949928778,90.6437,0,0,-90.6437,90.6437,210,19,22.5,52.9707,1.5,0,0,0,25
3950000219,89.6514,0,0,-89.6514,89.6514,219,0,0,0,25,4,-28.6281,55.1281,1.5
3951393078,103.201,0,0,-103.201,103.201,224,9,7.34467,61.8447,1.5,0,0,0,25
3952928741,102.55,0,0,-102.55,102.55,173,6,3.5,45.2696,1.5,0,0,0,25
3954500173,102.55,0,0,-102.55,102.55,173,0,0,0,25,6,3.5,45.2696,1.5
3954500201,91.0449,0,0,-91.0449,91.0449,201,0,0,0,25,7,18.5774,51.9226,1.5
3954500210,90.6437,0,0,-90.6437,90.6437,210,0,0,0,25,19,22.5,52.9707,1.5
3954500224,103.201,0,0,-103.201,103.201,224,0,0,0,25,9,7.34467,61.8447,1.5
3954500232,99.168,0,0,-99.168,99.168,232,0,0,0,25,1,-21.0351,61.4649,1.5
3954500239,96.4403,0,0,-96.4403,96.4403,239,0,0,0,25,16,17.4894,64.4894,1.5
3954500316,98.6952,0,0,-98.6952,98.6952,316,0,0,0,25,13,35.9861,83.4861,1.5
3954500330,102.154,0,0,-102.154,102.154,330,0,0,0,25,20,23.3279,92.3279,1.5
3954500342,103.121,0,0,-103.121,103.121,342,0,0,0,25,2,-10.1085,99.5,1.5
3954500347,93.0666,0,0,-93.0666,93.0666,347,0,0,0,25,5,-42,91.3806,1.5
3954500409,96.425,0,0,-96.425,96.425,409,0,0,0,25,3,-42.0989,112.5,1.5
3954500422,106.058,0,0,-106.058,106.058,422,0,0,0,25,17,54,111.176,1.5
3954500424,113.049,0,0,-113.049,113.049,424,0,0,0,25,11,24.5,121.726,1.5
3954500469,98.2548,0,0,-98.2548,98.2548,469,0,0,0,25,8,-43,130.898,1.5
3954500481,109.994,0,0,-109.994,109.994,481,0,0,0,25,18,63.0083,126.508,1.5
3954500481,106.775,0,0,-106.775,106.775,481,0,0,0,25,15,48.8811,132.881,1.5
3954500484,96.9005,0,0,-96.9005,96.9005,484,0,0,0,25,12,-31,138.882,1.5
3954500487,97.0284,0,0,-97.0284,97.0284,487,0,0,0,25,14,-52.8258,133.326,1.5
3954500501,112.72,0,0,-112.72,112.72,501,0,0,0,25,10,-2,136.577,1.5
3956928800,99.168,0,0,-99.168,99.168,232,1,-21.0351,61.4649,1.5,0,0,0,25
3959429049,106.775,0,0,-106.775,106.775,481,15,48.8811,132.881,1.5,0,0,0,25
3962428769,91.0449,0,0,-91.0449,91.0449,201,7,18.5774,51.9226,1.5,0,0,0,25
3965428884,98.6952,0,0,-98.6952,98.6952,316,13,35.9861,83.4861,1.5,0,0,0,25
3966429037,98.2548,0,0,-98.2548,98.2548,469,8,-43,130.898,1.5,0,0,0,25
3966429055,97.0284,0,0,-97.0284,97.0284,487,14,-52.8258,133.326,1.5,0,0,0,25
3966928910,103.121,0,0,-103.121,103.121,342,2,-10.1085,99.5,1.5,0,0,0,25
3969928898,102.154,0,0,-102.154,102.154,330,20,23.3279,92.3279,1.5,0,0,0,25
3970428977,96.425,0,0,-96.425,96.425,409,3,-42.0989,112.5,1.5,0,0,0,25
3973929069,112.72,0,0,-112.72,112.72,501,10,-2,136.577,1.5,0,0,0,25
3980929049,109.994,0,0,-109.994,109.994,481,18,63.0083,126.508,1.5,0,0,0,25
3981429052,96.9005,0,0,-96.9005,96.9005,484,12,-31,138.882,1.5,0,0,0,25
3989428915,93.0666,0,0,-93.0666,93.0666,347,5,-42,91.3806,1.5,0,0,0,25
3991428787,89.6514,0,0,-89.6514,89.6514,219,4,-28.6281,55.1281,1.5,0,0,0,25
3994928992,113.049,0,0,-113.049,113.049,424,11,24.5,121.726,1.5,0,0,0,25
3997393276,106.058,0,0,-106.058,106.058,422,17,54,111.176,1.5,0,0,0,25
4000000219,89.6514,0,0,-89.6514,89.6514,219,0,0,0,25,4,-28.7341,55.2341,1.5
4001928778,90.6437,0,0,-90.6437,90.6437,210,19,22.5,52.8207,1.5,0,0,0,25
4002393093,96.4403,0,0,-96.4403,96.4403,239,16,17.3833,64.3833,1.5,0,0,0,25
4004428792,103.201,0,0,-103.201,103.201,224,9,7.2386,61.7386,1.5,0,0,0,25
4004928741,102.55,0,0,-102.55,102.55,173,6,3.5,45.1196,1.5,0,0,0,25
4005000173,102.55,0,0,-102.55,102.55,173,0,0,0,25,6,3.5,45.1196,1.5
4005000201,91.0449,0,0,-91.0449,91.0449,201,0,0,0,25,7,18.6834,51.8166,1.5
4005000210,90.6437,0,0,-90.6437,90.6437,210,0,0,0,25,19,22.5,52.8207,1.5
4005000224,103.201,0,0,-103.201,103.201,224,0,0,0,25,9,7.2386,61.7386,1.5
4005000232,99.168,0,0,-99.168,99.168,232,0,0,0,25,1,-21.1412,61.3588,1.5
4005000239,96.4403,0,0,-96.4403,96.4403,239,0,0,0,25,16,17.3833,64.3833,1.5
4005000316,98.6952,0,0,-98.6952,98.6952,316,0,0,0,25,13,35.8801,83.3801,1.5
4005000330,102.154,0,0,-102.154,102.154,330,0,0,0,25,20,23.2218,92.2218,1.5
4005000342,103.121,0,0,-103.121,103.121,342,0,0,0,25,2,-10.2585,99.5,1.5
4005000347,93.0666,0,0,-93.0666,93.0666,347,0,0,0,25,5,-42,91.2306,1.5
4005000409,96.425,0,0,-96.425,96.425,409,0,0,0,25,3,-41.9489,112.5,1.5
4005000422,106.058,0,0,-106.058,106.058,422,0,0,0,25,17,54,111.026,1.5
4005000424,113.049,0,0,-113.049,113.049,424,0,0,0,25,11,24.5,121.576,1.5
4005000469,98.2548,0,0,-98.2548,98.2548,469,0,0,0,25,8,-43,130.748,1.5
4005000481,109.994,0,0,-109.994,109.994,481,0,0,0,25,18,62.9023,126.402,1.5
4005000481,106.775,0,0,-106.775,106.775,481,0,0,0,25,15,48.775,132.775,1.5
4005000484,96.9005,0,0,-96.9005,96.9005,484,0,0,0,25,12,-31,138.732,1.5
4005000487,97.0284,0,0,-97.0284,97.0284,487,0,0,0,25,14,-52.7198,133.22,1.5
4005000501,112.72,0,0,-112.72,112.72,501,0,0,0,25,10,-2,136.427,1.5
4008928800,99.168,0,0,-99.168,99.168,232,1,-21.1412,61.3588,1.5,0,0,0,25
4014428769,91.0449,0,0,-91.0449,91.0449,201,7,18.6834,51.8166,1.5,0,0,0,25
4015429049,106.775,0,0,-106.775,106.775,481,15,48.775,132.775,1.5,0,0,0,25
4017929037,98.2548,0,0,-98.2548,98.2548,469,8,-43,130.748,1.5,0,0,0,25
4018428910,103.121,0,0,-103.121,103.121,342,2,-10.2585,99.5,1.5,0,0,0,25
4022428977,96.425,0,0,-96.425,96.425,409,3,-41.9489,112.5,1.5,0,0,0,25
4022928898,102.154,0,0,-102.154,102.154,330,20,23.2218,92.2218,1.5,0,0,0,25
4025393341,97.0284,0,0,-97.0284,97.0284,487,14,-52.7198,133.22,1.5,0,0,0,25
4025428884,98.6952,0,0,-98.6952,98.6952,316,13,35.8801,83.3801,1.5,0,0,0,25
4025429069,112.72,0,0,-112.72,112.72,501,10,-2,136.427,1.5,0,0,0,25
4033429052,96.9005,0,0,-96.9005,96.9005,484,12,-31,138.732,1.5,0,0,0,25
4038429049,109.994,0,0,-109.994,109.994,481,18,62.9023,126.402,1.5,0,0,0,25
4041428915,93.0666,0,0,-93.0666,93.0666,347,5,-42,91.2306,1.5,0,0,0,25
4043428787,89.6514,0,0,-89.6514,89.6514,219,4,-28.7341,55.2341,1.5,0,0,0,25
4046928992,113.049,0,0,-113.049,113.049,424,11,24.5,121.576,1.5,0,0,0,25
4049428990,106.058,0,0,-106.058,106.058,422,17,54,111.026,1.5,0,0,0,25
4050000219,89.6514,0,0,-89.6514,89.6514,219,0,0,0,25,4,-28.7341,55.2341,1.5
4052428807,96.4403,0,0,-96.4403,96.4403,239,16,17.3833,64.3833,1.5,0,0,0,25
4055000173,102.55,0,0,-102.55,102.55,173,0,0,0,25,6,3.5,45.1196,1.5
4055000201,91.0449,0,0,-91.0449,91.0449,201,0,0,0,25,7,18.6834,51.8166,1.5
4055000210,90.6437,0,0,-90.6437,90.6437,210,0,0,0,25,19,22.5,52.8207,1.5
4055000224,103.201,0,0,-103.201,103.201,224,0,0,0,25,9,7.2386,61.7386,1.5
4055000232,99.168,0,0,-99.168,99.168,232,0,0,0,25,1,-21.1412,61.3588,1.5
4055000239,96.4403,0,0,-96.4403,96.4403,239,0,0,0,25,16,17.3833,64.3833,1.5
4055000316,98.6952,0,0,-98.6952,98.6952,316,0,0,0,25,13,35.8801,83.3801,1.5
4055000330,102.154,0,0,-102.154,102.154,330,0,0,0,25,20,23.2218,92.2218,1.5
4055000342,103.121,0,0,-103.121,103.121,342,0,0,0,25,2,-10.2585,99.5,1.5
4055000347,93.0666,0,0,-93.0666,93.0666,347,0,0,0,25,5,-42,91.2306,1.5
4055000409,96.425,0,0,-96.425,96.425,409,0,0,0,25,3,-41.9489,112.5,1.5
4055000422,106.058,0,0,-106.058,106.058,422,0,0,0,25,17,54,111.026,1.5
4055000424,113.049,0,0,-113.049,113.049,424,0,0,0,25,11,24.5,121.576,1.5
4055000469,98.2548,0,0,-98.2548,98.2548,469,0,0,0,25,8,-43,130.748,1.5
4055000481,109.994,0,0,-109.994,109.994,481,0,0,0,25,18,62.9023,126.402,1.5
4055000481,106.775,0,0,-106.775,106.775,481,0,0,0,25,15,48.775,132.775,1.5
4055000484,96.9005,0,0,-96.9005,96.9005,484,0,0,0,25,12,-31,138.732,1.5
4055000487,97.0284,0,0,-97.0284,97.0284,487,0,0,0,25,14,-52.7198,133.22,1.5
4055000501,112.72,0,0,-112.72,112.72,501,0,0,0,25,10,-2,136.427,1.5
4056428741,102.55,0,0,-102.55,102.55,173,6,3.5,45.1196,1.5,0,0,0,25
4056428792,103.201,0,0,-103.201,103.201,224,9,7.2386,61.7386,1.5,0,0,0,25
4059428778,90.6437,0,0,-90.6437,90.6437,210,19,22.5,52.8207,1.5,0,0,0,25
4060928800,99.168,0,0,-99.168,99.168,232,1,-21.1412,61.3588,1.5,0,0,0,25
4066393335,106.775,0,0,-106.775,106.775,481,15,48.775,132.775,1.5,0,0,0,25
4066428769,91.0449,0,0,-91.0449,91.0449,201,7,18.6834,51.8166,1.5,0,0,0,25
4069929037,98.2548,0,0,-98.2548,98.2548,469,8,-43,130.748,1.5,0,0,0,25
4070428910,103.121,0,0,-103.121,103.121,342,2,-10.2585,99.5,1.5,0,0,0,25
4073928977,96.425,0,0,-96.425,96.425,409,3,-41.9489,112.5,1.5,0,0,0,25
4075429055,97.0284,0,0,-97.0284,97.0284,487,14,-52.7198,133.22,1.5,0,0,0,25
4077429069,112.72,0,0,-112.72,112.72,501,10,-2,136.427,1.5,0,0,0,25
4080928898,102.154,0,0,-102.154,102.154,330,20,23.2218,92.2218,1.5,0,0,0,25
4084929052,96.9005,0,0,-96.9005,96.9005,484,12,-31,138.732,1.5,0,0,0,25
4085428884,98.6952,0,0,-98.6952,98.6952,316,13,35.8801,83.3801,1.5,0,0,0,25
4093393335,109.994,0,0,-109.994,109.994,481,18,62.9023,126.402,1.5,0,0,0,25
4093428915,93.0666,0,0,-93.0666,93.0666,347,5,-42,91.2306,1.5,0,0,0,25
4095428787,89.6514,0,0,-89.6514,89.6514,219,4,-28.7341,55.2341,1.5,0,0,0,25
4097893279,113.049,0,0,-113.049,113.049,424,11,24.5,121.576,1.5,0,0,0,25
4100000219,89.6514,0,0,-89.6514,89.6514,219,0,0,0,25,4,-28.8402,55.3402,1.5
4105000173,102.55,0,0,-102.55,102.55,173,0,0,0,25,6,3.5,44.9696,1.5
4105000201,91.0449,0,0,-91.0449,91.0449,201,0,0,0,25,7,18.7895,51.7105,1.5
4105000210,90.6437,0,0,-90.6437,90.6437,210,0,0,0,25,19,22.5,52.6707,1.5
4105000224,103.201,0,0,-103.201,103.201,224,0,0,0,25,9,7.13254,61.6325,1.5
4105000232,99.168,0,0,-99.168,99.168,232,0,0,0,25,1,-21.2473,61.2527,1.5
4105000239,96.4403,0,0,-96.4403,96.4403,239,0,0,0,25,16,17.2773,64.2773,1.5
4105000316,98.6952,0,0,-98.6952,98.6952,316,0,0,0,25,13,35.774,83.274,1.5
4105000330,102.154,0,0,-102.154,102.154,330,0,0,0,25,20,23.1158,92.1158,1.5
4105000342,103.121,0,0,-103.121,103.121,342,0,0,0,25,2,-10.4085,99.5,1.5
4105000347,93.0666,0,0,-93.0666,93.0666,347,0,0,0,25,5,-42,91.0806,1.5
4105000409,96.425,0,0,-96.425,96.425,409,0,0,0,25,3,-41.7989,112.5,1.5
4105000422,106.058,0,0,-106.058,106.058,422,0,0,0,25,17,54,110.876,1.5
4105000424,113.049,0,0,-113.049,113.049,424,0,0,0,25,11,24.5,121.426,1.5
4105000469,98.2548,0,0,-98.2548,98.2548,469,0,0,0,25,8,-43,130.598,1.5
4105000481,109.994,0,0,-109.994,109.994,481,0,0,0,25,18,62.7962,126.296,1.5
4105000481,106.775,0,0,-106.775,106.775,481,0,0,0,25,15,48.669,132.669,1.5
4105000484,96.9005,0,0,-96.9005,96.9005,484,0,0,0,25,12,-31,138.582,1.5
4105000487,97.0284,0,0,-97.0284,97.0284,487,0,0,0,25,14,-52.6137,133.114,1.5
4105000501,112.72,0,0,-112.72,112.72,501,0,0,0,25,10,-2,136.277,1.5
4108428741,102.55,0,0,-102.55,102.55,173,6,3.5,44.9696,1.5,0,0,0,25
4108428792,103.201,0,0,-103.201,103.201,224,9,7.13254,61.6325,1.5,0,0,0,25
4108428807,96.4403,0,0,-96.4403,96.4403,239,16,17.2773,64.2773,1.5,0,0,0,25
4109928778,90.6437,0,0,-90.6437,90.6437,210,19,22.5,52.6707,1.5,0,0,0,25
4112928800,99.168,0,0,-99.168,99.168,232,1,-21.2473,61.2527,1.5,0,0,0,25
4117393276,106.058,0,0,-106.058,106.058,422,17,54,110.876,1.5,0,0,0,25
4117928769,91.0449,0,0,-91.0449,91.0449,201,7,18.7895,51.7105,1.5,0,0,0,25
4119429049,106.775,0,0,-106.775,106.775,481,15,48.669,132.669,1.5,0,0,0,25
4121929037,98.2548,0,0,-98.2548,98.2548,469,8,-43,130.598,1.5,0,0,0,25
4122428910,103.121,0,0,-103.121,103.121,342,2,-10.4085,99.5,1.5,0,0,0,25
4124928977,96.425,0,0,-96.425,96.425,409,3,-41.7989,112.5,1.5,0,0,0,25
4126429055,97.0284,0,0,-97.0284,97.0284,487,14,-52.6137,133.114,1.5,0,0,0,25
4129429069,112.72,0,0,-112.72,112.72,501,10,-2,136.277,1.5,0,0,0,25
4136929052,96.9005,0,0,-96.9005,96.9005,484,12,-31,138.582,1.5,0,0,0,25
4137393171,98.6952,0,0,-98.6952,98.6952,316,13,35.774,83.274,1.5,0,0,0,25
4138428898,102.154,0,0,-102.154,102.154,330,20,23.1158,92.1158,1.5,0,0,0,25
4144928915,93.0666,0,0,-93.0666,93.0666,347,5,-42,91.0806,1.5,0,0,0,25
4146928787,89.6514,0,0,-89.6514,89.6514,219,4,-28.8402,55.3402,1.5,0,0,0,25
4150000219,89.6514,0,0,-89.6514,89.6514,219,0,0,0,25,4,-28.8402,55.3402,1.5
4150428992,113.049,0,0,-113.049,113.049,424,11,24.5,121.426,1.5,0,0,0,25
4153929049,109.994,0,0,-109.994,109.994,481,18,62.7962,126.296,1.5,0,0,0,25
4155000173,102.55,0,0,-102.55,102.55,173,0,0,0,25,6,3.5,44.9696,1.5
4155000201,91.0449,0,0,-91.0449,91.0449,201,0,0,0,25,7,18.7895,51.7105,1.5
4155000210,90.6437,0,0,-90.6437,90.6437,210,0,0,0,25,19,22.5,52.6707,1.5
4155000224,103.201,0,0,-103.201,103.201,224,0,0,0,25,9,7.13254,61.6325,1.5
4155000232,99.168,0,0,-99.168,99.168,232,0,0,0,25,1,-21.2473,61.2527,1.5
4155000239,96.4403,0,0,-96.4403,96.4403,239,0,0,0,25,16,17.2773,64.2773,1.5
4155000316,98.6952,0,0,-98.6952,98.6952,316,0,0,0,25,13,35.774,83.274,1.5
4155000330,102.154,0,0,-102.154,102.154,330,0,0,0,25,20,23.1158,92.1158,1.5
4155000342,103.121,0,0,-103.121,103.121,342,0,0,0,25,2,-10.4085,99.5,1.5
4155000347,93.0666,0,0,-93.0666,93.0666,347,0,0,0,25,5,-42,91.0806,1.5
4155000409,96.425,0,0,-96.425,96.425,409,0,0,0,25,3,-41.7989,112.5,1.5
4155000422,106.058,0,0,-106.058,106.058,422,0,0,0,25,17,54,110.876,1.5
4155000424,113.049,0,0,-113.049,113.049,424,0,0,0,25,11,24.5,121.426,1.5
4155000469,98.2548,0,0,-98.2548,98.2548,469,0,0,0,25,8,-43,130.598,1.5
4155000481,109.994,0,0,-109.994,109.994,481,0,0,0,25,18,62.7962,126.296,1.5
4155000481,106.775,0,0,-106.775,106.775,481,0,0,0,25,15,48.669,132.669,1.5
4155000484,96.9005,0,0,-96.9005,96.9005,484,0,0,0,25,12,-31,138.582,1.5
4155000487,97.0284,0,0,-97.0284,97.0284,487,0,0,0,25,14,-52.6137,133.114,1.5
4155000501,112.72,0,0,-112.72,112.72,501,0,0,0,25,10,-2,136.277,1.5
4159928792,103.201,0,0,-103.201,103.201,224,9,7.13254,61.6325,1.5,0,0,0,25
4160428741,102.55,0,0,-102.55,102.55,173,6,3.5,44.9696,1.5,0,0,0,25
4162393093,96.4403,0,0,-96.4403,96.4403,239,16,17.2773,64.2773,1.5,0,0,0,25
4163428778,90.6437,0,0,-90.6437,90.6437,210,19,22.5,52.6707,1.5,0,0,0,25
4164428800,99.168,0,0,-99.168,99.168,232,1,-21.2473,61.2527,1.5,0,0,0,25
4169428990,106.058,0,0,-106.058,106.058,422,17,54,110.876,1.5,0,0,0,25
4169928769,91.0449,0,0,-91.0449,91.0449,201,7,18.7895,51.7105,1.5,0,0,0,25
4173429037,98.2548,0,0,-98.2548,98.2548,469,8,-43,130.598,1.5,0,0,0,25
4173928910,103.121,0,0,-103.121,103.121,342,2,-10.4085,99.5,1.5,0,0,0,25
4175429049,106.775,0,0,-106.775,106.775,481,15,48.669,132.669,1.5,0,0,0,25
4177928977,96.425,0,0,-96.425,96.425,409,3,-41.7989,112.5,1.5,0,0,0,25
4181429069,112.72,0,0,-112.72,112.72,501,10,-2,136.277,1.5,0,0,0,25
4185393341,97.0284,0,0,-97.0284,97.0284,487,14,-52.6137,133.114,1.5,0,0,0,25
4188929052,96.9005,0,0,-96.9005,96.9005,484,12,-31,138.582,1.5,0,0,0,25
4195928898,102.154,0,0,-102.154,102.154,330,20,23.1158,92.1158,1.5,0,0,0,25
4196928915,93.0666,0,0,-93.0666,93.0666,347,5,-42,91.0806,1.5,0,0,0,25
4198928787,89.6514,0,0,-89.6514,89.6514,219,4,-28.8402,55.3402,1.5,0,0,0,25
4200000219,89.6514,0,0,-89.6514,89.6514,219,0,0,0,25,4,-28.9463,55.4463,1.5
4201928992,113.049,0,0,-113.049,113.049,424,11,24.5,121.276,1.5,0,0,0,25
4205000173,102.55,0,0,-102.55,102.55,173,0,0,0,25,6,3.5,44.8196,1.5
4205000201,91.0449,0,0,-91.0449,91.0449,201,0,0,0,25,7,18.8956,51.6044,1.5
4205000210,90.6437,0,0,-90.6437,90.6437,210,0,0,0,25,19,22.5,52.5207,1.5
4205000224,103.201,0,0,-103.201,103.201,224,0,0,0,25,9,7.02647,61.5265,1.5
4205000232,99.168,0,0,-99.168,99.168,232,0,0,0,25,1,-21.3533,61.1467,1.5
4205000239,96.4403,0,0,-96.4403,96.4403,239,0,0,0,25,16,17.1712,64.1712,1.5
4205000316,98.6952,0,0,-98.6952,98.6952,316,0,0,0,25,13,35.6679,83.1679,1.5
4205000330,102.154,0,0,-102.154,102.154,330,0,0,0,25,20,23.0097,92.0097,1.5
4205000342,103.121,0,0,-103.121,103.121,342,0,0,0,25,2,-10.5585,99.5,1.5
4205000347,93.0666,0,0,-93.0666,93.0666,347,0,0,0,25,5,-42,90.9306,1.5
4205000409,96.425,0,0,-96.425,96.425,409,0,0,0,25,3,-41.6489,112.5,1.5
4205000422,106.058,0,0,-106.058,106.058,422,0,0,0,25,17,54,110.726,1.5
4205000424,113.049,0,0,-113.049,113.049,424,0,0,0,25,11,24.5,121.276,1.5
4205000469,98.2548,0,0,-98.2548,98.2548,469,0,0,0,25,8,-43,130.448,1.5
4205000481,109.994,0,0,-109.994,109.994,481,0,0,0,25,18,62.6901,126.19,1.5
4205000481,106.775,0,0,-106.775,106.775,481,0,0,0,25,15,48.5629,132.563,1.5
4205000484,96.9005,0,0,-96.9005,96.9005,484,0,0,0,25,12,-31,138.432,1.5
4205000487,97.0284,0,0,-97.0284,97.0284,487,0,0,0,25,14,-52.5076,133.008,1.5
4205000501,112.72,0,0,-112.72,112.72,501,0,0,0,25,10,-2,136.127,1.5
4205428884,98.6952,0,0,-98.6952,98.6952,316,13,35.6679,83.1679,1.5,0,0,0,25
4211429049,109.994,0,0,-109.994,109.994,481,18,62.6901,126.19,1.5,0,0,0,25
4211928792,103.201,0,0,-103.201,103.201,224,9,7.02647,61.5265,1.5,0,0,0,25
4212428741,102.55,0,0,-102.55,102.55,173,6,3.5,44.8196,1.5,0,0,0,25
4212428807,96.4403,0,0,-96.4403,96.4403,239,16,17.1712,64.1712,1.5,0,0,0,25
4216428800,99.168,0,0,-99.168,99.168,232,1,-21.3533,61.1467,1.5,0,0,0,25
4220928778,90.6437,0,0,-90.6437,90.6437,210,19,22.5,52.5207,1.5,0,0,0,25
4221928769,91.0449,0,0,-91.0449,91.0449,201,7,18.8956,51.6044,1.5,0,0,0,25
4223893324,98.2548,0,0,-98.2548,98.2548,469,8,-43,130.448,1.5,0,0,0,25
4225928910,103.121,0,0,-103.121,103.121,342,2,-10.5585,99.5,1.5,0,0,0,25
4226393335,106.775,0,0,-106.775,106.775,481,15,48.5629,132.563,1.5,0,0,0,25
4229428977,96.425,0,0,-96.425,96.425,409,3,-41.6489,112.5,1.5,0,0,0,25
4232929069,112.72,0,0,-112.72,112.72,501,10,-2,136.127,1.5,0,0,0,25
4235429055,97.0284,0,0,-97.0284,97.0284,487,14,-52.5076,133.008,1.5,0,0,0,25
4237393276,106.058,0,0,-106.058,106.058,422,17,54,110.726,1.5,0,0,0,25
4240429052,96.9005,0,0,-96.9005,96.9005,484,12,-31,138.432,1.5,0,0,0,25
4248928915,93.0666,0,0,-93.0666,93.0666,347,5,-42,90.9306,1.5,0,0,0,25
4250000219,89.6514,0,0,-89.6514,89.6514,219,0,0,0,25,4,-28.9463,55.4463,1.5
4250928787,89.6514,0,0,-89.6514,89.6514,219,4,-28.9463,55.4463,1.5,0,0,0,25
4253428898,102.154,0,0,-102.154,102.154,330,20,23.0097,92.0097,1.5,0,0,0,25
4253928992,113.049,0,0,-113.049,113.049,424,11,24.5,121.276,1.5,0,0,0,25
4255000173,102.55,0,0,-102.55,102.55,173,0,0,0,25,6,3.5,44.8196,1.5
4255000201,91.0449,0,0,-91.0449,91.0449,201,0,0,0,25,7,18.8956,51.6044,1.5
4255000210,90.6437,0,0,-90.6437,90.6437,210,0,0,0,25,19,22.5,52.5207,1.5
4255000224,103.201,0,0,-103.201,103.201,224,0,0,0,25,9,7.02647,61.5265,1.5
4255000232,99.168,0,0,-99.168,99.168,232,0,0,0,25,1,-21.3533,61.1467,1.5
4255000239,96.4403,0,0,-96.4403,96.4403,239,0,0,0,25,16,17.1712,64.1712,1.5
4255000316,98.6952,0,0,-98.6952,98.6952,316,0,0,0,25,13,35.6679,83.1679,1.5
4255000330,102.154,0,0,-102.154,102.154,330,0,0,0,25,20,23.0097,92.0097,1.5
4255000342,103.121,0,0,-103.121,103.121,342,0,0,0,25,2,-10.5585,99.5,1.5
4255000347,93.0666,0,0,-93.0666,93.0666,347,0,0,0,25,5,-42,90.9306,1.5
4255000409,96.425,0,0,-96.425,96.425,409,0,0,0,25,3,-41.6489,112.5,1.5
4255000422,106.058,0,0,-106.058,106.058,422,0,0,0,25,17,54,110.726,1.5
4255000424,113.049,0,0,-113.049,113.049,424,0,0,0,25,11,24.5,121.276,1.5
4255000469,98.2548,0,0,-98.2548,98.2548,469,0,0,0,25,8,-43,130.448,1.5
4255000481,109.994,0,0,-109.994,109.994,481,0,0,0,25,18,62.6901,126.19,1.5
4255000481,106.775,0,0,-106.775,106.775,481,0,0,0,25,15,48.5629,132.563,1.5
4255000484,96.9005,0,0,-96.9005,96.9005,484,0,0,0,25,12,-31,138.432,1.5
4255000487,97.0284,0,0,-97.0284,97.0284,487,0,0,0,25,14,-52.5076,133.008,1.5
4255000501,112.72,0,0,-112.72,112.72,501,0,0,0,25,10,-2,136.127,1.5
4263928741,102.55,0,0,-102.55,102.55,173,6,3.5,44.8196,1.5,0,0,0,25
4263928792,103.201,0,0,-103.201,103.201,224,9,7.02647,61.5265,1.5,0,0,0,25
4265428884,98.6952,0,0,-98.6952,98.6952,316,13,35.6679,83.1679,1.5,0,0,0,25
4268428800,99.168,0,0,-99.168,99.168,232,1,-21.3533,61.1467,1.5,0,0,0,25
4268428807,96.4403,0,0,-96.4403,96.4403,239,16,17.1712,64.1712,1.5,0,0,0,25
4268929049,109.994,0,0,-109.994,109.994,481,18,62.6901,126.19,1.5,0,0,0,25
4273428769,91.0449,0,0,-91.0449,91.0449,201,7,18.8956,51.6044,1.5,0,0,0,25
4277429037,98.2548,0,0,-98.2548,98.2548,469,8,-43,130.448,1.5,0,0,0,25
4277928910,103.121,0,0,-103.121,103.121,342,2,-10.5585,99.5,1.5,0,0,0,25
4278428778,90.6437,0,0,-90.6437,90.6437,210,19,22.5,52.5207,1.5,0,0,0,25
4279429049,106.775,0,0,-106.775,106.775,481,15,48.5629,132.563,1.5,0,0,0,25
4281428977,96.425,0,0,-96.425,96.425,409,3,-41.6489,112.5,1.5,0,0,0,25
4284929069,112.72,0,0,-112.72,112.72,501,10,-2,136.127,1.5,0,0,0,25
4286429055,97.0284,0,0,-97.0284,97.0284,487,14,-52.5076,133.008,1.5,0,0,0,25
4289428990,106.058,0,0,-106.058,106.058,422,17,54,110.726,1.5,0,0,0,25
4292429052,96.9005,0,0,-96.9005,96.9005,484,12,-31,138.432,1.5,0,0,0,25
4300000219,89.6514,0,0,-89.6514,89.6514,219,0,0,0,25,4,-29.0523,55.5523,1.5
4300428915,93.0666,0,0,-93.0666,93.0666,347,5,-42,90.7806,1.5,0,0,0,25
4302428787,89.6514,0,0,-89.6514,89.6514,219,4,-29.0523,55.5523,1.5,0,0,0,25
4304893184,102.154,0,0,-102.154,102.154,330,20,22.9037,91.9037,1.5,0,0,0,25
4305000173,102.55,0,0,-102.55,102.55,173,0,0,0,25,6,3.5,44.6696,1.5
4305000201,91.0449,0,0,-91.0449,91.0449,201,0,0,0,25,7,19.0016,51.4984,1.5
4305000210,90.6437,0,0,-90.6437,90.6437,210,0,0,0,25,19,22.5,52.3707,1.5
4305000224,103.201,0,0,-103.201,103.201,224,0,0,0,25,9,6.9204,61.4204,1.5
4305000232,99.168,0,0,-99.168,99.168,232,0,0,0,25,1,-21.4594,61.0406,1.5
4305000239,96.4403,0,0,-96.4403,96.4403,239,0,0,0,25,16,17.0651,64.0651,1.5
4305000316,98.6952,0,0,-98.6952,98.6952,316,0,0,0,25,13,35.5619,83.0619,1.5
4305000330,102.154,0,0,-102.154,102.154,330,0,0,0,25,20,22.9037,91.9037,1.5
4305000342,103.121,0,0,-103.121,103.121,342,0,0,0,25,2,-10.7085,99.5,1.5
4305000347,93.0666,0,0,-93.0666,93.0666,347,0,0,0,25,5,-42,90.7806,1.5
4305000409,96.425,0,0,-96.425,96.425,409,0,0,0,25,3,-41.4989,112.5,1.5
4305000422,106.058,0,0,-106.058,106.058,422,0,0,0,25,17,54,110.576,1.5
4305000424,113.049,0,0,-113.049,113.049,424,0,0,0,25,11,24.5,121.126,1.5
4305000469,98.2548,0,0,-98.2548,98.2548,469,0,0,0,25,8,-43,130.298,1.5
4305000481,109.994,0,0,-109.994,109.994,481,0,0,0,25,18,62.5841,126.084,1.5
4305000481,106.775,0,0,-106.775,106.775,481,0,0,0,25,15,48.4568,132.457,1.5
4305000484,96.9005,0,0,-96.9005,96.9005,484,0,0,0,25,12,-31,138.282,1.5
4305000487,97.0284,0,0,-97.0284,97.0284,487,0,0,0,25,14,-52.4016,132.902,1.5
4305000501,112.72,0,0,-112.72,112.72,501,0,0,0,25,10,-2,135.977,1.5
4305928992,113.049,0,0,-113.049,113.049,424,11,24.5,121.126,1.5,0,0,0,25
4315428792,103.201,0,0,-103.201,103.201,224,9,6.9204,61.4204,1.5,0,0,0,25
4315928741,102.55,0,0,-102.55,102.55,173,6,3.5,44.6696,1.5,0,0,0,25
4319928800,99.168,0,0,-99.168,99.168,232,1,-21.4594,61.0406,1.5,0,0,0,25
4322393093,96.4403,0,0,-96.4403,96.4403,239,16,17.0651,64.0651,1.5,0,0,0,25
4323893055,91.0449,0,0,-91.0449,91.0449,201,7,19.0016,51.4984,1.5,0,0,0,25
4325428884,98.6952,0,0,-98.6952,98.6952,316,13,35.5619,83.0619,1.5,0,0,0,25
4326429049,109.994,0,0,-109.994,109.994,481,18,62.5841,126.084,1.5,0,0,0,25
4328929037,98.2548,0,0,-98.2548,98.2548,469,8,-43,130.298,1.5,0,0,0,25
4329428910,103.121,0,0,-103.121,103.121,342,2,-10.7085,99.5,1.5,0,0,0,25
4333428977,96.425,0,0,-96.425,96.425,409,3,-41.4989,112.5,1.5,0,0,0,25
4335429049,106.775,0,0,-106.775,106.775,481,15,48.4568,132.457,1.5,0,0,0,25
4335928778,90.6437,0,0,-90.6437,90.6437,210,19,22.5,52.3707,1.5,0,0,0,25
4336929069,112.72,0,0,-112.72,112.72,501,10,-2,135.977,1.5,0,0,0,25
4344429052,96.9005,0,0,-96.9005,96.9005,484,12,-31,138.282,1.5,0,0,0,25
4345393341,97.0284,0,0,-97.0284,97.0284,487,14,-52.4016,132.902,1.5,0,0,0,25
4350000219,89.6514,0,0,-89.6514,89.6514,219,0,0,0,25,4,-29.0523,55.5523,1.5
4352428915,93.0666,0,0,-93.0666,93.0666,347,5,-42,90.7806,1.5,0,0,0,25
4354428787,89.6514,0,0,-89.6514,89.6514,219,4,-29.0523,55.5523,1.5,0,0,0,25
4355000173,102.55,0,0,-102.55,102.55,173,0,0,0,25,6,3.5,44.6696,1.5
4355000201,91.0449,0,0,-91.0449,91.0449,201,0,0,0,25,7,19.0016,51.4984,1.5
4355000210,90.6437,0,0,-90.6437,90.6437,210,0,0,0,25,19,22.5,52.3707,1.5
4355000224,103.201,0,0,-103.201,103.201,224,0,0,0,25,9,6.9204,61.4204,1.5
4355000232,99.168,0,0,-99.168,99.168,232,0,0,0,25,1,-21.4594,61.0406,1.5
4355000239,96.4403,0,0,-96.4403,96.4403,239,0,0,0,25,16,17.0651,64.0651,1.5
4355000316,98.6952,0,0,-98.6952,98.6952,316,0,0,0,25,13,35.5619,83.0619,1.5
4355000330,102.154,0,0,-102.154,102.154,330,0,0,0,25,20,22.9037,91.9037,1.5
4355000342,103.121,0,0,-103.121,103.121,342,0,0,0,25,2,-10.7085,99.5,1.5
4355000347,93.0666,0,0,-93.0666,93.0666,347,0,0,0,25,5,-42,90.7806,1.5
4355000409,96.425,0,0,-96.425,96.425,409,0,0,0,25,3,-41.4989,112.5,1.5
4355000422,106.058,0,0,-106.058,106.058,422,0,0,0,25,17,54,110.576,1.5
4355000424,113.049,0,0,-113.049,113.049,424,0,0,0,25,11,24.5,121.126,1.5
4355000469,98.2548,0,0,-98.2548,98.2548,469,0,0,0,25,8,-43,130.298,1.5
4355000481,109.994,0,0,-109.994,109.994,481,0,0,0,25,18,62.5841,126.084,1.5
4355000481,106.775,0,0,-106.775,106.775,481,0,0,0,25,15,48.4568,132.457,1.5
4355000484,96.9005,0,0,-96.9005,96.9005,484,0,0,0,25,12,-31,138.282,1.5
4355000487,97.0284,0,0,-97.0284,97.0284,487,0,0,0,25,14,-52.4016,132.902,1.5
4355000501,112.72,0,0,-112.72,112.72,501,0,0,0,25,10,-2,135.977,1.5
4356928898,102.154,0,0,-102.154,102.154,330,20,22.9037,91.9037,1.5,0,0,0,25
4357393276,106.058,0,0,-106.058,106.058,422,17,54,110.576,1.5,0,0,0,25
4357928992,113.049,0,0,-113.049,113.049,424,11,24.5,121.126,1.5,0,0,0,25
4367428792,103.201,0,0,-103.201,103.201,224,9,6.9204,61.4204,1.5,0,0,0,25
4367928741,102.55,0,0,-102.55,102.55,173,6,3.5,44.6696,1.5,0,0,0,25
4371928800,99.168,0,0,-99.168,99.168,232,1,-21.4594,61.0406,1.5,0,0,0,25
4372428807,96.4403,0,0,-96.4403,96.4403,239,16,17.0651,64.0651,1.5,0,0,0,25
4377393171,98.6952,0,0,-98.6952,98.6952,316,13,35.5619,83.0619,1.5,0,0,0,25
4377428769,91.0449,0,0,-91.0449,91.0449,201,7,19.0016,51.4984,1.5,0,0,0,25
4380929037,98.2548,0,0,-98.2548,98.2548,469,8,-43,130.298,1.5,0,0,0,25
4381428910,103.121,0,0,-103.121,103.121,342,2,-10.7085,99.5,1.5,0,0,0,25
4384429049,109.994,0,0,-109.994,109.994,481,18,62.5841,126.084,1.5,0,0,0,25
4385428977,96.425,0,0,-96.425,96.425,409,3,-41.4989,112.5,1.5,0,0,0,25
4386393335,106.775,0,0,-106.775,106.775,481,15,48.4568,132.457,1.5,0,0,0,25
4388429069,112.72,0,0,-112.72,112.72,501,10,-2,135.977,1.5,0,0,0,25
4393928778,90.6437,0,0,-90.6437,90.6437,210,19,22.5,52.3707,1.5,0,0,0,25
4394893338,96.9005,0,0,-96.9005,96.9005,484,12,-31,138.282,1.5,0,0,0,25
4395429055,97.0284,0,0,-97.0284,97.0284,487,14,-52.4016,132.902,1.5,0,0,0,25
4400000219,89.6514,0,0,-89.6514,89.6514,219,0,0,0,25,4,-29.1584,55.6584,1.5
4404428915,93.0666,0,0,-93.0666,93.0666,347,5,-42,90.6306,1.5,0,0,0,25
4405000173,102.55,0,0,-102.55,102.55,173,0,0,0,25,6,3.5,44.5196,1.5
4405000201,91.0449,0,0,-91.0449,91.0449,201,0,0,0,25,7,19.1077,51.3923,1.5
4405000210,90.6437,0,0,-90.6437,90.6437,210,0,0,0,25,19,22.5,52.2207,1.5
4405000224,103.201,0,0,-103.201,103.201,224,0,0,0,25,9,6.81434,61.3143,1.5
4405000232,99.168,0,0,-99.168,99.168,232,0,0,0,25,1,-21.5655,60.9345,1.5
4405000239,96.4403,0,0,-96.4403,96.4403,239,0,0,0,25,16,16.9591,63.9591,1.5
4405000316,98.6952,0,0,-98.6952,98.6952,316,0,0,0,25,13,35.4558,82.9558,1.5
4405000330,102.154,0,0,-102.154,102.154,330,0,0,0,25,20,22.7976,91.7976,1.5
4405000342,103.121,0,0,-103.121,103.121,342,0,0,0,25,2,-10.8585,99.5,1.5
4405000347,93.0666,0,0,-93.0666,93.0666,347,0,0,0,25,5,-42,90.6306,1.5
4405000409,96.425,0,0,-96.425,96.425,409,0,0,0,25,3,-41.3489,112.5,1.5
4405000422,106.058,0,0,-106.058,106.058,422,0,0,0,25,17,54,110.426,1.5
4405000424,113.049,0,0,-113.049,113.049,424,0,0,0,25,11,24.5,120.976,1.5
4405000469,98.2548,0,0,-98.2548,98.2548,469,0,0,0,25,8,-43,130.148,1.5
4405000481,109.994,0,0,-109.994,109.994,481,0,0,0,25,18,62.478,125.978,1.5
4405000481,106.775,0,0,-106.775,106.775,481,0,0,0,25,15,48.3508,132.351,1.5
4405000484,96.9005,0,0,-96.9005,96.9005,484,0,0,0,25,12,-31,138.132,1.5
4405000487,97.0284,0,0,-97.0284,97.0284,487,0,0,0,25,14,-52.2955,132.796,1.5
4405000501,112.72,0,0,-112.72,112.72,501,0,0,0,25,10,-2,135.827,1.5
4406428787,89.6514,0,0,-89.6514,89.6514,219,4,-29.1584,55.6584,1.5,0,0,0,25
4409428990,106.058,0,0,-106.058,106.058,422,17,54,110.426,1.5,0,0,0,25
4409428992,113.049,0,0,-113.049,113.049,424,11,24.5,120.976,1.5,0,0,0,25
4414928898,102.154,0,0,-102.154,102.154,330,20,22.7976,91.7976,1.5,0,0,0,25
4419428741,102.55,0,0,-102.55,102.55,173,6,3.5,44.5196,1.5,0,0,0,25
4419428792,103.201,0,0,-103.201,103.201,224,9,6.81434,61.3143,1.5,0,0,0,25
4423928800,99.168,0,0,-99.168,99.168,232,1,-21.5655,60.9345,1.5,0,0,0,25
4428428807,96.4403,0,0,-96.4403,96.4403,239,16,16.9591,63.9591,1.5,0,0,0,25
4428928769,91.0449,0,0,-91.0449,91.0449,201,7,19.1077,51.3923,1.5,0,0,0,25
4432929037,98.2548,0,0,-98.2548,98.2548,469,8,-43,130.148,1.5,0,0,0,25
4433428910,103.121,0,0,-103.121,103.121,342,2,-10.8585,99.5,1.5,0,0,0,25
4436928977,96.425,0,0,-96.425,96.425,409,3,-41.3489,112.5,1.5,0,0,0,25
4439393355,112.72,0,0,-112.72,112.72,501,10,-2,135.827,1.5,0,0,0,25
4439429049,106.775,0,0,-106.775,106.775,481,15,48.3508,132.351,1.5,0,0,0,25
4441929049,109.994,0,0,-109.994,109.994,481,18,62.478,125.978,1.5,0,0,0,25
4445428884,98.6952,0,0,-98.6952,98.6952,316,13,35.4558,82.9558,1.5,0,0,0,25
4446429055,97.0284,0,0,-97.0284,97.0284,487,14,-52.2955,132.796,1.5,0,0,0,25
4447929052,96.9005,0,0,-96.9005,96.9005,484,12,-31,138.132,1.5,0,0,0,25
4448393064,90.6437,0,0,-90.6437,90.6437,210,19,22.5,52.2207,1.5,0,0,0,25
4450000219,89.6514,0,0,-89.6514,89.6514,219,0,0,0,25,4,-29.1584,55.6584,1.5
4454428915,93.0666,0,0,-93.0666,93.0666,347,5,-42,90.6306,1.5,0,0,0,25
4455000173,102.55,0,0,-102.55,102.55,173,0,0,0,25,6,3.5,44.5196,1.5
4455000201,91.0449,0,0,-91.0449,91.0449,201,0,0,0,25,7,19.1077,51.3923,1.5
4455000210,90.6437,0,0,-90.6437,90.6437,210,0,0,0,25,19,22.5,52.2207,1.5
4455000224,103.201,0,0,-103.201,103.201,224,0,0,0,25,9,6.81434,61.3143,1.5
4455000232,99.168,0,0,-99.168,99.168,232,0,0,0,25,1,-21.5655,60.9345,1.5
4455000239,96.4403,0,0,-96.4403,96.4403,239,0,0,0,25,16,16.9591,63.9591,1.5
4455000316,98.6952,0,0,-98.6952,98.6952,316,0,0,0,25,13,35.4558,82.9558,1.5
4455000330,102.154,0,0,-102.154,102.154,330,0,0,0,25,20,22.7976,91.7976,1.5
4455000342,103.121,0,0,-103.121,103.121,342,0,0,0,25,2,-10.8585,99.5,1.5
4455000347,93.0666,0,0,-93.0666,93.0666,347,0,0,0,25,5,-42,90.6306,1.5
4455000409,96.425,0,0,-96.425,96.425,409,0,0,0,25,3,-41.3489,112.5,1.5
4455000422,106.058,0,0,-106.058,106.058,422,0,0,0,25,17,54,110.426,1.5
4455000424,113.049,0,0,-113.049,113.049,424,0,0,0,25,11,24.5,120.976,1.5
4455000469,98.2548,0,0,-98.2548,98.2548,469,0,0,0,25,8,-43,130.148,1.5
4455000481,109.994,0,0,-109.994,109.994,481,0,0,0,25,18,62.478,125.978,1.5
4455000481,106.775,0,0,-106.775,106.775,481,0,0,0,25,15,48.3508,132.351,1.5
4455000484,96.9005,0,0,-96.9005,96.9005,484,0,0,0,25,12,-31,138.132,1.5
4455000487,97.0284,0,0,-97.0284,97.0284,487,0,0,0,25,14,-52.2955,132.796,1.5
4455000501,112.72,0,0,-112.72,112.72,501,0,0,0,25,10,-2,135.827,1.5
4457928787,89.6514,0,0,-89.6514,89.6514,219,4,-29.1584,55.6584,1.5,0,0,0,25
4461428992,113.049,0,0,-113.049,113.049,424,11,24.5,120.976,1.5,0,0,0,25
4471393078,103.201,0,0,-103.201,103.201,224,9,6.81434,61.3143,1.5,0,0,0,25
4471428741,102.55,0,0,-102.55,102.55,173,6,3.5,44.5196,1.5,0,0,0,25
4472428898,102.154,0,0,-102.154,102.154,330,20,22.7976,91.7976,1.5,0,0,0,25
4475428800,99.168,0,0,-99.168,99.168,232,1,-21.5655,60.9345,1.5,0,0,0,25
4477393276,106.058,0,0,-106.058,106.058,422,17,54,110.426,1.5,0,0,0,25
4480928769,91.0449,0,0,-91.0449,91.0449,201,7,19.1077,51.3923,1.5,0,0,0,25
4482393093,96.4403,0,0,-96.4403,96.4403,239,16,16.9591,63.9591,1.5,0,0,0,25
4484928910,103.121,0,0,-103.121,103.121,342,2,-10.8585,99.5,1.5,0,0,0,25
4484929037,98.2548,0,0,-98.2548,98.2548,469,8,-43,130.148,1.5,0,0,0,25
4488928977,96.425,0,0,-96.425,96.425,409,3,-41.3489,112.5,1.5,0,0,0,25
4492429069,112.72,0,0,-112.72,112.72,501,10,-2,135.827,1.5,0,0,0,25
4493393335,109.994,0,0,-109.994,109.994,481,18,62.478,125.978,1.5,0,0,0,25
4495429049,106.775,0,0,-106.775,106.775,481,15,48.3508,132.351,1.5,0,0,0,25
4499929052,96.9005,0,0,-96.9005,96.9005,484,12,-31,138.132,1.5,0,0,0,25
4500000219,89.6514,0,0,-89.6514,89.6514,219,0,0,0,25,4,-29.2645,55.7645,1.5
4505000173,102.55,0,0,-102.55,102.55,173,0,0,0,25,6,3.5,44.3696,1.5
4505000201,91.0449,0,0,-91.0449,91.0449,201,0,0,0,25,7,19.2138,51.2862,1.5
4505000210,90.6437,0,0,-90.6437,90.6437,210,0,0,0,25,19,22.5,52.0707,1.5
4505000224,103.201,0,0,-103.201,103.201,224,0,0,0,25,9,6.70827,61.2083,1.5
4505000232,99.168,0,0,-99.168,99.168,232,0,0,0,25,1,-21.6715,60.8285,1.5
4505000239,96.4403,0,0,-96.4403,96.4403,239,0,0,0,25,16,16.853,63.853,1.5
4505000316,98.6952,0,0,-98.6952,98.6952,316,0,0,0,25,13,35.3498,82.8498,1.5
4505000330,102.154,0,0,-102.154,102.154,330,0,0,0,25,20,22.6915,91.6915,1.5
4505000342,103.121,0,0,-103.121,103.121,342,0,0,0,25,2,-11.0085,99.5,1.5
4505000347,93.0666,0,0,-93.0666,93.0666,347,0,0,0,25,5,-42,90.4806,1.5
4505000409,96.425,0,0,-96.425,96.425,409,0,0,0,25,3,-41.1989,112.5,1.5
4505000422,106.058,0,0,-106.058,106.058,422,0,0,0,25,17,54,110.276,1.5
4505000424,113.049,0,0,-113.049,113.049,424,0,0,0,25,11,24.5,120.826,1.5
4505000469,98.2548,0,0,-98.2548,98.2548,469,0,0,0,25,8,-43,129.998,1.5
4505000481,109.994,0,0,-109.994,109.994,481,0,0,0,25,18,62.3719,125.872,1.5
4505000481,106.775,0,0,-106.775,106.775,481,0,0,0,25,15,48.2447,132.245,1.5
4505000484,96.9005,0,0,-96.9005,96.9005,484,0,0,0,25,12,-31,137.982,1.5
4505000487,97.0284,0,0,-97.0284,97.0284,487,0,0,0,25,14,-52.1894,132.689,1.5
4505000501,112.72,0,0,-112.72,112.72,501,0,0,0,25,10,-2,135.677,1.5
4505393341,97.0284,0,0,-97.0284,97.0284,487,14,-52.1894,132.689,1.5,0,0,0,25
4505428884,98.6952,0,0,-98.6952,98.6952,316,13,35.3498,82.8498,1.5,0,0,0,25
4507928915,93.0666,0,0,-93.0666,93.0666,347,5,-42,90.4806,1.5,0,0,0,25
4508928778,90.6437,0,0,-90.6437,90.6437,210,19,22.5,52.0707,1.5,0,0,0,25
4509928787,89.6514,0,0,-89.6514,89.6514,219,4,-29.2645,55.7645,1.5,0,0,0,25
4535893196,103.121,0,0,-103.121,103.121,342,2,-11.0085,99.5,1.5,0,0,0,25
4538393278,113.049,0,0,-113.049,113.049,424,11,24.5,120.826,1.5,0,0,0,25
4540893027,102.55,0,0,-102.55,102.55,173,6,3.5,44.3696,1.5,0,0,0,25
4544893184,102.154,0,0,-102.154,102.154,330,20,22.6915,91.6915,1.5,0,0,0,25
4546393335,106.775,0,0,-106.775,106.775,481,15,48.2447,132.245,1.5,0,0,0,25
4550000219,89.6514,0,0,-89.6514,89.6514,219,0,0,0,25,4,-29.2645,55.7645,1.5
4550893263,96.425,0,0,-96.425,96.425,409,3,-41.1989,112.5,1.5,0,0,0,25
4551393078,103.201,0,0,-103.201,103.201,224,9,6.70827,61.2083,1.5,0,0,0,25
4554893338,96.9005,0,0,-96.9005,96.9005,484,12,-31,137.982,1.5,0,0,0,25
4555000173,102.55,0,0,-102.55,102.55,173,0,0,0,25,6,3.5,44.3696,1.5
4555000201,91.0449,0,0,-91.0449,91.0449,201,0,0,0,25,7,19.2138,51.2862,1.5
4555000210,90.6437,0,0,-90.6437,90.6437,210,0,0,0,25,19,22.5,52.0707,1.5
4555000224,103.201,0,0,-103.201,103.201,224,0,0,0,25,9,6.70827,61.2083,1.5
4555000232,99.168,0,0,-99.168,99.168,232,0,0,0,25,1,-21.6715,60.8285,1.5
4555000239,96.4403,0,0,-96.4403,96.4403,239,0,0,0,25,16,16.853,63.853,1.5
4555000316,98.6952,0,0,-98.6952,98.6952,316,0,0,0,25,13,35.3498,82.8498,1.5
4555000330,102.154,0,0,-102.154,102.154,330,0,0,0,25,20,22.6915,91.6915,1.5
4555000342,103.121,0,0,-103.121,103.121,342,0,0,0,25,2,-11.0085,99.5,1.5
4555000347,93.0666,0,0,-93.0666,93.0666,347,0,0,0,25,5,-42,90.4806,1.5
4555000409,96.425,0,0,-96.425,96.425,409,0,0,0,25,3,-41.1989,112.5,1.5
4555000422,106.058,0,0,-106.058,106.058,422,0,0,0,25,17,54,110.276,1.5
4555000424,113.049,0,0,-113.049,113.049,424,0,0,0,25,11,24.5,120.826,1.5
4555000469,98.2548,0,0,-98.2548,98.2548,469,0,0,0,25,8,-43,129.998,1.5
4555000481,109.994,0,0,-109.994,109.994,481,0,0,0,25,18,62.3719,125.872,1.5
4555000481,106.775,0,0,-106.775,106.775,481,0,0,0,25,15,48.2447,132.245,1.5
4555000484,96.9005,0,0,-96.9005,96.9005,484,0,0,0,25,12,-31,137.982,1.5
4555000487,97.0284,0,0,-97.0284,97.0284,487,0,0,0,25,14,-52.1894,132.689,1.5
4555000501,112.72,0,0,-112.72,112.72,501,0,0,0,25,10,-2,135.677,1.5
4557393276,106.058,0,0,-106.058,106.058,422,17,54,110.276,1.5,0,0,0,25
4559393355,112.72,0,0,-112.72,112.72,501,10,-2,135.677,1.5,0,0,0,25
4562393093,96.4403,0,0,-96.4403,96.4403,239,16,16.853,63.853,1.5,0,0,0,25
4563893055,91.0449,0,0,-91.0449,91.0449,201,7,19.2138,51.2862,1.5,0,0,0,25
4564893086,99.168,0,0,-99.168,99.168,232,1,-21.6715,60.8285,1.5,0,0,0,25
4565393201,93.0666,0,0,-93.0666,93.0666,347,5,-42,90.4806,1.5,0,0,0,25
4566393170,98.6952,0,0,-98.6952,98.6952,316,13,35.3498,82.8498,1.5,0,0,0,25
4567393323,98.2548,0,0,-98.2548,98.2548,469,8,-43,129.998,1.5,0,0,0,25
4568393064,90.6437,0,0,-90.6437,90.6437,210,19,22.5,52.0707,1.5,0,0,0,25
4571893073,89.6514,0,0,-89.6514,89.6514,219,4,-29.2645,55.7645,1.5,0,0,0,25
4573393335,109.994,0,0,-109.994,109.994,481,18,62.3719,125.872,1.5,0,0,0,25
4585393341,97.0284,0,0,-97.0284,97.0284,487,14,-52.1894,132.689,1.5,0,0,0,25
4600000219,89.6514,0,0,-89.6514,89.6514,219,0,0,0,25,4,-29.3705,55.8705,1.5
4605000173,102.55,0,0,-102.55,102.55,173,0,0,0,25,6,3.5,44.2196,1.5
4605000201,91.0449,0,0,-91.0449,91.0449,201,0,0,0,25,7,19.3198,51.1802,1.5
4605000210,90.6437,0,0,-90.6437,90.6437,210,0,0,0,25,19,22.5,51.9207,1.5
4605000224,103.201,0,0,-103.201,103.201,224,0,0,0,25,9,6.60221,61.1022,1.5
4605000232,99.168,0,0,-99.168,99.168,232,0,0,0,25,1,-21.7776,60.7224,1.5
4605000239,96.4403,0,0,-96.4403,96.4403,239,0,0,0,25,16,16.7469,63.7469,1.5
4605000316,98.6952,0,0,-98.6952,98.6952,316,0,0,0,25,13,35.2437,82.7437,1.5
4605000330,102.154,0,0,-102.154,102.154,330,0,0,0,25,20,22.5855,91.5855,1.5
4605000342,103.121,0,0,-103.121,103.121,342,0,0,0,25,2,-11.1585,99.5,1.5
4605000347,93.0666,0,0,-93.0666,93.0666,347,0,0,0,25,5,-42,90.3306,1.5
4605000409,96.425,0,0,-96.425,96.425,409,0,0,0,25,3,-41.0489,112.5,1.5
4605000422,106.058,0,0,-106.058,106.058,422,0,0,0,25,17,54,110.126,1.5
4605000424,113.049,0,0,-113.049,113.049,424,0,0,0,25,11,24.5,120.676,1.5
4605000469,98.2548,0,0,-98.2548,98.2548,469,0,0,0,25,8,-43,129.848,1.5
4605000481,109.994,0,0,-109.994,109.994,481,0,0,0,25,18,62.2659,125.766,1.5
4605000481,106.775,0,0,-106.775,106.775,481,0,0,0,25,15,48.1386,132.139,1.5
4605000484,96.9005,0,0,-96.9005,96.9005,484,0,0,0,25,12,-31,137.832,1.5
4605000487,97.0284,0,0,-97.0284,97.0284,487,0,0,0,25,14,-52.0834,132.583,1.5
4605000501,112.72,0,0,-112.72,112.72,501,0,0,0,25,10,-2,135.527,1.5
4615893196,103.121,0,0,-103.121,103.121,342,2,-11.1585,99.5,1.5,0,0,0,25
4618393278,113.049,0,0,-113.049,113.049,424,11,24.5,120.676,1.5,0,0,0,25
4620893027,102.55,0,0,-102.55,102.55,173,6,3.5,44.2196,1.5,0,0,0,25
4624893184,102.154,0,0,-102.154,102.154,330,20,22.5855,91.5855,1.5,0,0,0,25
4626393335,106.775,0,0,-106.775,106.775,481,15,48.1386,132.139,1.5,0,0,0,25
4630893263,96.425,0,0,-96.425,96.425,409,3,-41.0489,112.5,1.5,0,0,0,25
4631393078,103.201,0,0,-103.201,103.201,224,9,6.60221,61.1022,1.5,0,0,0,25
4634893338,96.9005,0,0,-96.9005,96.9005,484,12,-31,137.832,1.5,0,0,0,25
4637393276,106.058,0,0,-106.058,106.058,422,17,54,110.126,1.5,0,0,0,25
4639393355,112.72,0,0,-112.72,112.72,501,10,-2,135.527,1.5,0,0,0,25
4642393093,96.4403,0,0,-96.4403,96.4403,239,16,16.7469,63.7469,1.5,0,0,0,25
4643893055,91.0449,0,0,-91.0449,91.0449,201,7,19.3198,51.1802,1.5,0,0,0,25
4644893086,99.168,0,0,-99.168,99.168,232,1,-21.7776,60.7224,1.5,0,0,0,25
4645393201,93.0666,0,0,-93.0666,93.0666,347,5,-42,90.3306,1.5,0,0,0,25
4646393170,98.6952,0,0,-98.6952,98.6952,316,13,35.2437,82.7437,1.5,0,0,0,25
4647393323,98.2548,0,0,-98.2548,98.2548,469,8,-43,129.848,1.5,0,0,0,25
4648393064,90.6437,0,0,-90.6437,90.6437,210,19,22.5,51.9207,1.5,0,0,0,25
4650000219,89.6514,0,0,-89.6514,89.6514,219,0,0,0,25,4,-29.3705,55.8705,1.5
4651893073,89.6514,0,0,-89.6514,89.6514,219,4,-29.3705,55.8705,1.5,0,0,0,25
4653393335,109.994,0,0,-109.994,109.994,481,18,62.2659,125.766,1.5,0,0,0,25
4655000173,102.55,0,0,-102.55,102.55,173,0,0,0,25,6,3.5,44.2196,1.5
4655000201,91.0449,0,0,-91.0449,91.0449,201,0,0,0,25,7,19.3198,51.1802,1.5
4655000210,90.6437,0,0,-90.6437,90.6437,210,0,0,0,25,19,22.5,51.9207,1.5
4655000224,103.201,0,0,-103.201,103.201,224,0,0,0,25,9,6.60221,61.1022,1.5
4655000232,99.168,0,0,-99.168,99.168,232,0,0,0,25,1,-21.7776,60.7224,1.5
4655000239,96.4403,0,0,-96.4403,96.4403,239,0,0,0,25,16,16.7469,63.7469,1.5
4655000316,98.6952,0,0,-98.6952,98.6952,316,0,0,0,25,13,35.2437,82.7437,1.5
4655000330,102.154,0,0,-102.154,102.154,330,0,0,0,25,20,22.5855,91.5855,1.5
4655000342,103.121,0,0,-103.121,103.121,342,0,0,0,25,2,-11.1585,99.5,1.5
4655000347,93.0666,0,0,-93.0666,93.0666,347,0,0,0,25,5,-42,90.3306,1.5
4655000409,96.425,0,0,-96.425,96.425,409,0,0,0,25,3,-41.0489,112.5,1.5
4655000422,106.058,0,0,-106.058,106.058,422,0,0,0,25,17,54,110.126,1.5
4655000424,113.049,0,0,-113.049,113.049,424,0,0,0,25,11,24.5,120.676,1.5
4655000469,98.2548,0,0,-98.2548,98.2548,469,0,0,0,25,8,-43,129.848,1.5
4655000481,109.994,0,0,-109.994,109.994,481,0,0,0,25,18,62.2659,125.766,1.5
4655000481,106.775,0,0,-106.775,106.775,481,0,0,0,25,15,48.1386,132.139,1.5
4655000484,96.9005,0,0,-96.9005,96.9005,484,0,0,0,25,12,-31,137.832,1.5
4655000487,97.0284,0,0,-97.0284,97.0284,487,0,0,0,25,14,-52.0834,132.583,1.5
4655000501,112.72,0,0,-112.72,112.72,501,0,0,0,25,10,-2,135.527,1.5
4665393341,97.0284,0,0,-97.0284,97.0284,487,14,-52.0834,132.583,1.5,0,0,0,25
4695893196,103.121,0,0,-103.121,103.121,342,2,-11.1585,99.5,1.5,0,0,0,25
4698393278,113.049,0,0,-113.049,113.049,424,11,24.5,120.676,1.5,0,0,0,25
4700000219,89.6514,0,0,-89.6514,89.6514,219,0,0,0,25,4,-29.4766,55.9766,1.5
4700893027,102.55,0,0,-102.55,102.55,173,6,3.5,44.0696,1.5,0,0,0,25
4704893184,102.154,0,0,-102.154,102.154,330,20,22.4794,91.4794,1.5,0,0,0,25
4705000173,102.55,0,0,-102.55,102.55,173,0,0,0,25,6,3.5,44.0696,1.5
4705000201,91.0449,0,0,-91.0449,91.0449,201,0,0,0,25,7,19.4259,51.0741,1.5
4705000210,90.6437,0,0,-90.6437,90.6437,210,0,0,0,25,19,22.5,51.7707,1.5
4705000224,103.201,0,0,-103.201,103.201,224,0,0,0,25,9,6.49614,60.9961,1.5
4705000232,99.168,0,0,-99.168,99.168,232,0,0,0,25,1,-21.8837,60.6163,1.5
4705000239,96.4403,0,0,-96.4403,96.4403,239,0,0,0,25,16,16.6409,63.6409,1.5
4705000316,98.6952,0,0,-98.6952,98.6952,316,0,0,0,25,13,35.1376,82.6376,1.5
4705000330,102.154,0,0,-102.154,102.154,330,0,0,0,25,20,22.4794,91.4794,1.5
4705000342,103.121,0,0,-103.121,103.121,342,0,0,0,25,2,-11.3085,99.5,1.5
4705000347,93.0666,0,0,-93.0666,93.0666,347,0,0,0,25,5,-42,90.1806,1.5
4705000409,96.425,0,0,-96.425,96.425,409,0,0,0,25,3,-40.8989,112.5,1.5
4705000422,106.058,0,0,-106.058,106.058,422,0,0,0,25,17,54,109.976,1.5
4705000424,113.049,0,0,-113.049,113.049,424,0,0,0,25,11,24.5,120.526,1.5
4705000469,98.2548,0,0,-98.2548,98.2548,469,0,0,0,25,8,-43,129.698,1.5
4705000481,109.994,0,0,-109.994,109.994,481,0,0,0,25,18,62.1598,125.66,1.5
4705000481,106.775,0,0,-106.775,106.775,481,0,0,0,25,15,48.0326,132.033,1.5
4705000484,96.9005,0,0,-96.9005,96.9005,484,0,0,0,25,12,-31,137.682,1.5
4705000487,97.0284,0,0,-97.0284,97.0284,487,0,0,0,25,14,-51.9773,132.477,1.5
4705000501,112.72,0,0,-112.72,112.72,501,0,0,0,25,10,-2,135.377,1.5
4706393335,106.775,0,0,-106.775,106.775,481,15,48.0326,132.033,1.5,0,0,0,25
4710893263,96.425,0,0,-96.425,96.425,409,3,-40.8989,112.5,1.5,0,0,0,25
4711393078,103.201,0,0,-103.201,103.201,224,9,6.49614,60.9961,1.5,0,0,0,25
4714893338,96.9005,0,0,-96.9005,96.9005,484,12,-31,137.682,1.5,0,0,0,25
4717393276,106.058,0,0,-106.058,106.058,422,17,54,109.976,1.5,0,0,0,25
4719393355,112.72,0,0,-112.72,112.72,501,10,-2,135.377,1.5,0,0,0,25
4722393093,96.4403,0,0,-96.4403,96.4403,239,16,16.6409,63.6409,1.5,0,0,0,25
4723893055,91.0449,0,0,-91.0449,91.0449,201,7,19.4259,51.0741,1.5,0,0,0,25
4724893086,99.168,0,0,-99.168,99.168,232,1,-21.8837,60.6163,1.5,0,0,0,25
4725393201,93.0666,0,0,-93.0666,93.0666,347,5,-42,90.1806,1.5,0,0,0,25
4726393170,98.6952,0,0,-98.6952,98.6952,316,13,35.1376,82.6376,1.5,0,0,0,25
4727393323,98.2548,0,0,-98.2548,98.2548,469,8,-43,129.698,1.5,0,0,0,25
4728393064,90.6437,0,0,-90.6437,90.6437,210,19,22.5,51.7707,1.5,0,0,0,25
4731893073,89.6514,0,0,-89.6514,89.6514,219,4,-29.4766,55.9766,1.5,0,0,0,25
4733393335,109.994,0,0,-109.994,109.994,481,18,62.1598,125.66,1.5,0,0,0,25
4745393341,97.0284,0,0,-97.0284,97.0284,487,14,-51.9773,132.477,1.5,0,0,0,25
4750000219,89.6514,0,0,-89.6514,89.6514,219,0,0,0,25,4,-29.4766,55.9766,1.5
4755000173,102.55,0,0,-102.55,102.55,173,0,0,0,25,6,3.5,44.0696,1.5
4755000201,91.0449,0,0,-91.0449,91.0449,201,0,0,0,25,7,19.4259,51.0741,1.5
4755000210,90.6437,0,0,-90.6437,90.6437,210,0,0,0,25,19,22.5,51.7707,1.5
4755000224,103.201,0,0,-103.201,103.201,224,0,0,0,25,9,6.49614,60.9961,1.5
4755000232,99.168,0,0,-99.168,99.168,232,0,0,0,25,1,-21.8837,60.6163,1.5
4755000239,96.4403,0,0,-96.4403,96.4403,239,0,0,0,25,16,16.6409,63.6409,1.5
4755000316,98.6952,0,0,-98.6952,98.6952,316,0,0,0,25,13,35.1376,82.6376,1.5
4755000330,102.154,0,0,-102.154,102.154,330,0,0,0,25,20,22.4794,91.4794,1.5
4755000342,103.121,0,0,-103.121,103.121,342,0,0,0,25,2,-11.3085,99.5,1.5
4755000347,93.0666,0,0,-93.0666,93.0666,347,0,0,0,25,5,-42,90.1806,1.5
4755000409,96.425,0,0,-96.425,96.425,409,0,0,0,25,3,-40.8989,112.5,1.5
4755000422,106.058,0,0,-106.058,106.058,422,0,0,0,25,17,54,109.976,1.5
4755000424,113.049,0,0,-113.049,113.049,424,0,0,0,25,11,24.5,120.526,1.5
4755000469,98.2548,0,0,-98.2548,98.2548,469,0,0,0,25,8,-43,129.698,1.5
4755000481,109.994,0,0,-109.994,109.994,481,0,0,0,25,18,62.1598,125.66,1.5
4755000481,106.775,0,0,-106.775,106.775,481,0,0,0,25,15,48.0326,132.033,1.5
4755000484,96.9005,0,0,-96.9005,96.9005,484,0,0,0,25,12,-31,137.682,1.5
4755000487,97.0284,0,0,-97.0284,97.0284,487,0,0,0,25,14,-51.9773,132.477,1.5
4755000501,112.72,0,0,-112.72,112.72,501,0,0,0,25,10,-2,135.377,1.5
4775893196,103.121,0,0,-103.121,103.121,342,2,-11.3085,99.5,1.5,0,0,0,25
4778393278,113.049,0,0,-113.049,113.049,424,11,24.5,120.526,1.5,0,0,0,25
4780893027,102.55,0,0,-102.55,102.55,173,6,3.5,44.0696,1.5,0,0,0,25
4784893184,102.154,0,0,-102.154,102.154,330,20,22.4794,91.4794,1.5,0,0,0,25
4786393335,106.775,0,0,-106.775,106.775,481,15,48.0326,132.033,1.5,0,0,0,25
4790893263,96.425,0,0,-96.425,96.425,409,3,-40.8989,112.5,1.5,0,0,0,25
4791393078,103.201,0,0,-103.201,103.201,224,9,6.49614,60.9961,1.5,0,0,0,25
4794893338,96.9005,0,0,-96.9005,96.9005,484,12,-31,137.682,1.5,0,0,0,25
4797393276,106.058,0,0,-106.058,106.058,422,17,54,109.976,1.5,0,0,0,25
4799393355,112.72,0,0,-112.72,112.72,501,10,-2,135.377,1.5,0,0,0,25
4800000219,89.6514,0,0,-89.6514,89.6514,219,0,0,0,25,4,-29.5827,56.0827,1.5
4802393093,96.4403,0,0,-96.4403,96.4403,239,16,16.5348,63.5348,1.5,0,0,0,25
4803893055,91.0449,0,0,-91.0449,91.0449,201,7,19.532,50.968,1.5,0,0,0,25
4804893086,99.168,0,0,-99.168,99.168,232,1,-21.9897,60.5103,1.5,0,0,0,25
4805000173,102.55,0,0,-102.55,102.55,173,0,0,0,25,6,3.5,43.9196,1.5
4805000201,91.0449,0,0,-91.0449,91.0449,201,0,0,0,25,7,19.532,50.968,1.5
4805000210,90.6437,0,0,-90.6437,90.6437,210,0,0,0,25,19,22.5,51.6207,1.5
4805000224,103.201,0,0,-103.201,103.201,224,0,0,0,25,9,6.39007,60.8901,1.5
4805000232,99.168,0,0,-99.168,99.168,232,0,0,0,25,1,-21.9897,60.5103,1.5
4805000239,96.4403,0,0,-96.4403,96.4403,239,0,0,0,25,16,16.5348,63.5348,1.5
4805000316,98.6952,0,0,-98.6952,98.6952,316,0,0,0,25,13,35.0316,82.5316,1.5
4805000330,102.154,0,0,-102.154,102.154,330,0,0,0,25,20,22.3733,91.3733,1.5
4805000342,103.121,0,0,-103.121,103.121,342,0,0,0,25,2,-11.4585,99.5,1.5
4805000347,93.0666,0,0,-93.0666,93.0666,347,0,0,0,25,5,-42,90.0306,1.5
4805000409,96.425,0,0,-96.425,96.425,409,0,0,0,25,3,-40.7489,112.5,1.5
4805000422,106.058,0,0,-106.058,106.058,422,0,0,0,25,17,54,109.826,1.5
4805000424,113.049,0,0,-113.049,113.049,424,0,0,0,25,11,24.5,120.376,1.5
4805000469,98.2548,0,0,-98.2548,98.2548,469,0,0,0,25,8,-43,129.548,1.5
4805000481,109.994,0,0,-109.994,109.994,481,0,0,0,25,18,62.0537,125.554,1.5
4805000481,106.775,0,0,-106.775,106.775,481,0,0,0,25,15,47.9265,131.926,1.5
4805000484,96.9005,0,0,-96.9005,96.9005,484,0,0,0,25,12,-31,137.532,1.5
4805000487,97.0284,0,0,-97.0284,97.0284,487,0,0,0,25,14,-51.8712,132.371,1.5
4805000501,112.72,0,0,-112.72,112.72,501,0,0,0,25,10,-2,135.227,1.5
4805393201,93.0666,0,0,-93.0666,93.0666,347,5,-42,90.0306,1.5,0,0,0,25
4806393170,98.6952,0,0,-98.6952,98.6952,316,13,35.0316,82.5316,1.5,0,0,0,25
4807393323,98.2548,0,0,-98.2548,98.2548,469,8,-43,129.548,1.5,0,0,0,25
4808393064,90.6437,0,0,-90.6437,90.6437,210,19,22.5,51.6207,1.5,0,0,0,25
4811893073,89.6514,0,0,-89.6514,89.6514,219,4,-29.5827,56.0827,1.5,0,0,0,25
4813393335,109.994,0,0,-109.994,109.994,481,18,62.0537,125.554,1.5,0,0,0,25
4825393341,97.0284,0,0,-97.0284,97.0284,487,14,-51.8712,132.371,1.5,0,0,0,25
4850000219,89.6514,0,0,-89.6514,89.6514,219,0,0,0,25,4,-29.5827,56.0827,1.5
4855000173,102.55,0,0,-102.55,102.55,173,0,0,0,25,6,3.5,43.9196,1.5
4855000201,91.0449,0,0,-91.0449,91.0449,201,0,0,0,25,7,19.532,50.968,1.5
4855000210,90.6437,0,0,-90.6437,90.6437,210,0,0,0,25,19,22.5,51.6207,1.5
4855000224,103.201,0,0,-103.201,103.201,224,0,0,0,25,9,6.39007,60.8901,1.5
4855000232,99.168,0,0,-99.168,99.168,232,0,0,0,25,1,-21.9897,60.5103,1.5
4855000239,96.4403,0,0,-96.4403,96.4403,239,0,0,0,25,16,16.5348,63.5348,1.5
4855000316,98.6952,0,0,-98.6952,98.6952,316,0,0,0,25,13,35.0316,82.5316,1.5
4855000330,102.154,0,0,-102.154,102.154,330,0,0,0,25,20,22.3733,91.3733,1.5
4855000342,103.121,0,0,-103.121,103.121,342,0,0,0,25,2,-11.4585,99.5,1.5
4855000347,93.0666,0,0,-93.0666,93.0666,347,0,0,0,25,5,-42,90.0306,1.5
4855000409,96.425,0,0,-96.425,96.425,409,0,0,0,25,3,-40.7489,112.5,1.5
4855000422,106.058,0,0,-106.058,106.058,422,0,0,0,25,17,54,109.826,1.5
4855000424,113.049,0,0,-113.049,113.049,424,0,0,0,25,11,24.5,120.376,1.5
4855000469,98.2548,0,0,-98.2548,98.2548,469,0,0,0,25,8,-43,129.548,1.5
4855000481,109.994,0,0,-109.994,109.994,481,0,0,0,25,18,62.0537,125.554,1.5
4855000481,106.775,0,0,-106.775,106.775,481,0,0,0,25,15,47.9265,131.926,1.5
4855000484,96.9005,0,0,-96.9005,96.9005,484,0,0,0,25,12,-31,137.532,1.5
4855000487,97.0284,0,0,-97.0284,97.0284,487,0,0,0,25,14,-51.8712,132.371,1.5
4855000501,112.72,0,0,-112.72,112.72,501,0,0,0,25,10,-2,135.227,1.5
4855893196,103.121,0,0,-103.121,103.121,342,2,-11.4585,99.5,1.5,0,0,0,25
4858393278,113.049,0,0,-113.049,113.049,424,11,24.5,120.376,1.5,0,0,0,25
4860893027,102.55,0,0,-102.55,102.55,173,6,3.5,43.9196,1.5,0,0,0,25
4864893184,102.154,0,0,-102.154,102.154,330,20,22.3733,91.3733,1.5,0,0,0,25
4866393335,106.775,0,0,-106.775,106.775,481,15,47.9265,131.926,1.5,0,0,0,25
4870893263,96.425,0,0,-96.425,96.425,409,3,-40.7489,112.5,1.5,0,0,0,25
4871393078,103.201,0,0,-103.201,103.201,224,9,6.39007,60.8901,1.5,0,0,0,25
4874893338,96.9005,0,0,-96.9005,96.9005,484,12,-31,137.532,1.5,0,0,0,25
4877393276,106.058,0,0,-106.058,106.058,422,17,54,109.826,1.5,0,0,0,25
4879393355,112.72,0,0,-112.72,112.72,501,10,-2,135.227,1.5,0,0,0,25
4882393093,96.4403,0,0,-96.4403,96.4403,239,16,16.5348,63.5348,1.5,0,0,0,25
4883893055,91.0449,0,0,-91.0449,91.0449,201,7,19.532,50.968,1.5,0,0,0,25
4884893086,99.168,0,0,-99.168,99.168,232,1,-21.9897,60.5103,1.5,0,0,0,25
4885393201,93.0666,0,0,-93.0666,93.0666,347,5,-42,90.0306,1.5,0,0,0,25
4886393170,98.6952,0,0,-98.6952,98.6952,316,13,35.0316,82.5316,1.5,0,0,0,25
4887393323,98.2548,0,0,-98.2548,98.2548,469,8,-43,129.548,1.5,0,0,0,25
4888393064,90.6437,0,0,-90.6437,90.6437,210,19,22.5,51.6207,1.5,0,0,0,25
4891893073,89.6514,0,0,-89.6514,89.6514,219,4,-29.5827,56.0827,1.5,0,0,0,25
4893393335,109.994,0,0,-109.994,109.994,481,18,62.0537,125.554,1.5,0,0,0,25
4900000226,91.8324,0,0,-91.8324,91.8324,226,0,0,0,25,4,-29.6887,56.1887,1.5
4905000343,103.668,0,0,-103.668,103.668,343,0,0,0,25,2,-11.6085,99.5,1.5
4905393334,95.19,0,0,-95.19,95.19,480,14,-51.7652,132.265,1.5,0,0,0,25
4909500166,102.001,0,0,-102.001,102.001,166,0,0,0,25,6,3.5,43.7696,1.5
4909500198,89.016,0,0,-89.016,89.016,198,0,0,0,25,7,19.638,50.862,1.5
4909500203,88.7906,0,0,-88.7906,88.7906,203,0,0,0,25,19,22.5,51.4707,1.5
4909500218,103.902,0,0,-103.902,103.902,218,0,0,0,25,9,6.28401,60.784,1.5
4909500228,87.6987,0,0,-87.6987,87.6987,228,0,0,0,25,1,-22.0958,60.4042,1.5
4909500232,90.5459,0,0,-90.5459,90.5459,232,0,0,0,25,16,16.3992,63.5,1.5
4909500309,99.3467,0,0,-99.3467,99.3467,309,0,0,0,25,13,34.9255,82.4255,1.5
4909500325,111.215,0,0,-111.215,111.215,325,0,0,0,25,20,22.2673,91.2673,1.5
4909500340,95.0142,0,0,-95.0142,95.0142,340,0,0,0,25,5,-42,89.8806,1.5
4909500407,94.453,0,0,-94.453,94.453,407,0,0,0,25,3,-40.5989,112.5,1.5
4909500415,105.782,0,0,-105.782,105.782,415,0,0,0,25,17,54,109.676,1.5
4909500417,117.378,0,0,-117.378,117.378,417,0,0,0,25,11,24.5,120.226,1.5
4909500462,98.2108,0,0,-98.2108,98.2108,462,0,0,0,25,8,-43,129.398,1.5
4909500473,106.576,0,0,-106.576,106.576,473,0,0,0,25,18,61.9477,125.448,1.5
4909500476,94.8068,0,0,-94.8068,94.8068,476,0,0,0,25,12,-31,137.382,1.5
4909500480,95.19,0,0,-95.19,95.19,480,0,0,0,25,14,-51.7652,132.265,1.5
4909500493,112.206,0,0,-112.206,112.206,493,0,0,0,25,10,-2,135.077,1.5
4935893197,103.668,0,0,-103.668,103.668,343,2,-11.6085,99.5,1.5,0,0,0,25
4938393271,117.378,0,0,-117.378,117.378,417,11,24.5,120.226,1.5,0,0,0,25
4940893020,102.001,0,0,-102.001,102.001,166,6,3.5,43.7696,1.5,0,0,0,25
4944893179,111.215,0,0,-111.215,111.215,325,20,22.2673,91.2673,1.5,0,0,0,25
4950000226,91.8324,0,0,-91.8324,91.8324,226,0,0,0,25,4,-29.6887,56.1887,1.5
4950893261,94.453,0,0,-94.453,94.453,407,3,-40.5989,112.5,1.5,0,0,0,25
4951393072,103.902,0,0,-103.902,103.902,218,9,6.28401,60.784,1.5,0,0,0,25
4954893330,94.8068,0,0,-94.8068,94.8068,476,12,-31,137.382,1.5,0,0,0,25
4955000343,103.668,0,0,-103.668,103.668,343,0,0,0,25,2,-11.6085,99.5,1.5
4957393269,105.782,0,0,-105.782,105.782,415,17,54,109.676,1.5,0,0,0,25
4959393347,112.206,0,0,-112.206,112.206,493,10,-2,135.077,1.5,0,0,0,25
4960000166,102.001,0,0,-102.001,102.001,166,0,0,0,25,6,3.5,43.7696,1.5
4960000198,89.016,0,0,-89.016,89.016,198,0,0,0,25,7,19.638,50.862,1.5
4960000203,88.7906,0,0,-88.7906,88.7906,203,0,0,0,25,19,22.5,51.4707,1.5
4960000218,103.902,0,0,-103.902,103.902,218,0,0,0,25,9,6.28401,60.784,1.5
4960000228,87.6987,0,0,-87.6987,87.6987,228,0,0,0,25,1,-22.0958,60.4042,1.5
4960000232,90.5459,0,0,-90.5459,90.5459,232,0,0,0,25,16,16.3992,63.5,1.5
4960000309,99.3467,0,0,-99.3467,99.3467,309,0,0,0,25,13,34.9255,82.4255,1.5
4960000325,111.215,0,0,-111.215,111.215,325,0,0,0,25,20,22.2673,91.2673,1.5
4960000340,95.0142,0,0,-95.0142,95.0142,340,0,0,0,25,5,-42,89.8806,1.5
4960000407,94.453,0,0,-94.453,94.453,407,0,0,0,25,3,-40.5989,112.5,1.5
4960000415,105.782,0,0,-105.782,105.782,415,0,0,0,25,17,54,109.676,1.5
4960000417,117.378,0,0,-117.378,117.378,417,0,0,0,25,11,24.5,120.226,1.5
4960000462,98.2108,0,0,-98.2108,98.2108,462,0,0,0,25,8,-43,129.398,1.5
4960000473,106.576,0,0,-106.576,106.576,473,0,0,0,25,18,61.9477,125.448,1.5
4960000476,94.8068,0,0,-94.8068,94.8068,476,0,0,0,25,12,-31,137.382,1.5
4960000480,95.19,0,0,-95.19,95.19,480,0,0,0,25,14,-51.7652,132.265,1.5
4960000493,112.206,0,0,-112.206,112.206,493,0,0,0,25,10,-2,135.077,1.5
4962393086,90.5459,0,0,-90.5459,90.5459,232,16,16.3992,63.5,1.5,0,0,0,25
4963893052,89.016,0,0,-89.016,89.016,198,7,19.638,50.862,1.5,0,0,0,25
4964893082,87.6987,0,0,-87.6987,87.6987,228,1,-22.0958,60.4042,1.5,0,0,0,25
4965393194,95.0142,0,0,-95.0142,95.0142,340,5,-42,89.8806,1.5,0,0,0,25
4966393163,99.3467,0,0,-99.3467,99.3467,309,13,34.9255,82.4255,1.5,0,0,0,25
4967393316,98.2108,0,0,-98.2108,98.2108,462,8,-43,129.398,1.5,0,0,0,25
4968393057,88.7906,0,0,-88.7906,88.7906,203,19,22.5,51.4707,1.5,0,0,0,25
4971893080,91.8324,0,0,-91.8324,91.8324,226,4,-29.6887,56.1887,1.5,0,0,0,25
4973393327,106.576,0,0,-106.576,106.576,473,18,61.9477,125.448,1.5,0,0,0,25
4985393334,95.19,0,0,-95.19,95.19,480,14,-51.7652,132.265,1.5,0,0,0,25
