Timestamp_ns,Loss_dB,TxAntGain_dB,RxAntGain_dB,PropGain_dB,Pathloss_dB,Delay_ns,SrcId,SrcX,SrcY,SrcZ,DstId,DstX,DstY,DstZ
81,82.2156,0,0,-82.2156,82.2156,81,0,0,0,10,6,1.53407,22.633,1.5
92,83.7694,0,0,-83.7694,83.7694,92,0,0,0,10,4,-11.3816,23.54,1.5
95,83.5961,0,0,-83.5961,83.5961,95,0,0,0,10,7,6.81259,26.2351,1.5
100,83.9174,0,0,-83.9174,83.9174,100,0,0,0,10,19,9.03328,27.1796,1.5
113,84.6559,0,0,-84.6559,84.6559,113,0,0,0,10,9,5.56353,32.1928,1.5
114,84.5726,0,0,-84.5726,84.5726,114,0,0,0,10,1,-8.2831,32.089,1.5
122,85.2567,0,0,-85.2567,85.2567,122,0,0,0,10,16,10.7662,33.9139,1.5
169,96.8431,0,0,-96.8431,96.8431,169,0,0,0,10,13,20.7076,45.3977,1.5
174,99.1425,0,0,-99.1425,99.1425,174,0,0,0,10,2,-2.22945,51.5363,1.5
176,95.974,0,0,-95.974,95.974,176,0,0,0,10,20,14.3332,50.0297,1.5
187,95.3644,0,0,-95.3644,95.3644,187,0,0,0,10,5,-22.0159,50.7674,1.5
217,102.659,0,0,-102.659,102.659,217,0,0,0,10,3,-25.2835,59.4869,1.5
229,100.777,0,0,-100.777,100.777,229,0,0,0,10,17,28.6707,61.9473,1.5
231,96.169,0,0,-96.169,96.169,231,0,0,0,10,11,13.0927,67.5504,1.5
254,96.5645,0,0,-96.5645,96.5645,254,0,0,0,10,10,-1.16568,75.7663,1.5
256,105.151,0,0,-105.151,105.151,256,0,0,0,10,8,-23.8062,72.3358,1.5
263,105.076,0,0,-105.076,105.076,263,0,0,0,10,15,28.1569,73.0835,1.5
263,104.475,0,0,-104.475,104.475,263,0,0,0,10,18,35.7284,69.6611,1.5
265,98.9001,0,0,-98.9001,98.9001,265,0,0,0,10,12,-16.4083,77.1281,1.5
266,101.392,0,0,-101.392,101.392,266,0,0,0,10,14,-30.2987,73.3447,1.5
16232217,82.2156,0,0,-82.2156,82.2156,81,6,1.53407,22.633,1.5,0,0,0,10
16232228,83.7694,0,0,-83.7694,83.7694,92,4,-11.3816,23.54,1.5,0,0,0,10
16232231,83.5961,0,0,-83.5961,83.5961,95,7,6.81259,26.2351,1.5,0,0,0,10
16232236,83.9174,0,0,-83.9174,83.9174,100,19,9.03328,27.1796,1.5,0,0,0,10
16232249,84.6559,0,0,-84.6559,84.6559,113,9,5.56353,32.1928,1.5,0,0,0,10
16232250,84.5726,0,0,-84.5726,84.5726,114,1,-8.2831,32.089,1.5,0,0,0,10
16232258,85.2567,0,0,-85.2567,85.2567,122,16,10.7662,33.9139,1.5,0,0,0,10
16232305,96.8431,0,0,-96.8431,96.8431,169,13,20.7076,45.3977,1.5,0,0,0,10
16232310,99.1425,0,0,-99.1425,99.1425,174,2,-2.22945,51.5363,1.5,0,0,0,10
16232312,95.974,0,0,-95.974,95.974,176,20,14.3332,50.0297,1.5,0,0,0,10
16232323,95.3644,0,0,-95.3644,95.3644,187,5,-22.0159,50.7674,1.5,0,0,0,10
16232353,102.659,0,0,-102.659,102.659,217,3,-25.2835,59.4869,1.5,0,0,0,10
16232365,100.777,0,0,-100.777,100.777,229,17,28.6707,61.9473,1.5,0,0,0,10
16232367,96.169,0,0,-96.169,96.169,231,11,13.0927,67.5504,1.5,0,0,0,10
16232390,96.5645,0,0,-96.5645,96.5645,254,10,-1.16568,75.7663,1.5,0,0,0,10
16232392,105.151,0,0,-105.151,105.151,256,8,-23.8062,72.3358,1.5,0,0,0,10
16232399,105.076,0,0,-105.076,105.076,263,15,28.1569,73.0835,1.5,0,0,0,10
16232399,104.475,0,0,-104.475,104.475,263,18,35.7284,69.6611,1.5,0,0,0,10
16232401,98.9001,0,0,-98.9001,98.9001,265,12,-16.4083,77.1281,1.5,0,0,0,10
16232402,101.392,0,0,-101.392,101.392,266,14,-30.2987,73.3447,1.5,0,0,0,10
50000081,82.2156,0,0,-82.2156,82.2156,81,0,0,0,10,6,1.53407,22.633,1.5
50000092,83.7694,0,0,-83.7694,83.7694,92,0,0,0,10,4,-11.3816,23.54,1.5
50000095,83.5961,0,0,-83.5961,83.5961,95,0,0,0,10,7,6.81259,26.2351,1.5
50000100,83.9174,0,0,-83.9174,83.9174,100,0,0,0,10,19,9.03328,27.1796,1.5
50000113,84.6559,0,0,-84.6559,84.6559,113,0,0,0,10,9,5.56353,32.1928,1.5
50000114,84.5726,0,0,-84.5726,84.5726,114,0,0,0,10,1,-8.2831,32.089,1.5
50000122,85.2567,0,0,-85.2567,85.2567,122,0,0,0,10,16,10.7662,33.9139,1.5
50000169,96.8431,0,0,-96.8431,96.8431,169,0,0,0,10,13,20.7076,45.3977,1.5
50000174,99.1425,0,0,-99.1425,99.1425,174,0,0,0,10,2,-2.22945,51.5363,1.5
50000176,95.974,0,0,-95.974,95.974,176,0,0,0,10,20,14.3332,50.0297,1.5
50000187,95.3644,0,0,-95.3644,95.3644,187,0,0,0,10,5,-22.0159,50.7674,1.5
50000217,102.659,0,0,-102.659,102.659,217,0,0,0,10,3,-25.2835,59.4869,1.5
50000229,100.777,0,0,-100.777,100.777,229,0,0,0,10,17,28.6707,61.9473,1.5
50000231,96.169,0,0,-96.169,96.169,231,0,0,0,10,11,13.0927,67.5504,1.5
50000254,96.5645,0,0,-96.5645,96.5645,254,0,0,0,10,10,-1.16568,75.7663,1.5
50000256,105.151,0,0,-105.151,105.151,256,0,0,0,10,8,-23.8062,72.3358,1.5
50000263,105.076,0,0,-105.076,105.076,263,0,0,0,10,15,28.1569,73.0835,1.5
50000263,104.475,0,0,-104.475,104.475,263,0,0,0,10,18,35.7284,69.6611,1.5
50000265,98.9001,0,0,-98.9001,98.9001,265,0,0,0,10,12,-16.4083,77.1281,1.5
50000266,101.392,0,0,-101.392,101.392,266,0,0,0,10,14,-30.2987,73.3447,1.5
66348474,101.392,0,0,-101.392,101.392,266,14,-30.2987,73.3447,1.5,0,0,0,10
66598471,105.076,0,0,-105.076,105.076,263,15,28.1569,73.0835,1.5,0,0,0,10
67723425,102.659,0,0,-102.659,102.659,217,3,-25.2835,59.4869,1.5,0,0,0,10
67848321,84.6559,0,0,-84.6559,84.6559,113,9,5.56353,32.1928,1.5,0,0,0,10
68723473,98.9001,0,0,-98.9001,98.9001,265,12,-16.4083,77.1281,1.5,0,0,0,10
69348437,100.777,0,0,-100.777,100.777,229,17,28.6707,61.9473,1.5,0,0,0,10
69848462,96.5645,0,0,-96.5645,96.5645,254,10,-1.16568,75.7663,1.5,0,0,0,10
70598330,85.2567,0,0,-85.2567,85.2567,122,16,10.7662,33.9139,1.5,0,0,0,10
70973303,83.5961,0,0,-83.5961,83.5961,95,7,6.81259,26.2351,1.5,0,0,0,10
71223322,84.5726,0,0,-84.5726,84.5726,114,1,-8.2831,32.089,1.5,0,0,0,10
71348395,95.3644,0,0,-95.3644,95.3644,187,5,-22.0159,50.7674,1.5,0,0,0,10
71598377,96.8431,0,0,-96.8431,96.8431,169,13,20.7076,45.3977,1.5,0,0,0,10
71848464,105.151,0,0,-105.151,105.151,256,8,-23.8062,72.3358,1.5,0,0,0,10
72098308,83.9174,0,0,-83.9174,83.9174,100,19,9.03328,27.1796,1.5,0,0,0,10
72973300,83.7694,0,0,-83.7694,83.7694,92,4,-11.3816,23.54,1.5,0,0,0,10
73348471,104.475,0,0,-104.475,104.475,263,18,35.7284,69.6611,1.5,0,0,0,10
73973382,99.1425,0,0,-99.1425,99.1425,174,2,-2.22945,51.5363,1.5,0,0,0,10
74598439,96.169,0,0,-96.169,96.169,231,11,13.0927,67.5504,1.5,0,0,0,10
75223289,82.2156,0,0,-82.2156,82.2156,81,6,1.53407,22.633,1.5,0,0,0,10
76223384,95.974,0,0,-95.974,95.974,176,20,14.3332,50.0297,1.5,0,0,0,10
100000081,82.2156,0,0,-82.2156,82.2156,81,0,0,0,10,6,1.52601,22.4832,1.5
100000092,83.7694,0,0,-83.7694,83.7694,92,0,0,0,10,4,-11.502,23.6296,1.5
100000095,83.5961,0,0,-83.5961,83.5961,95,0,0,0,10,7,6.91504,26.1256,1.5
100000100,83.9174,0,0,-83.9174,83.9174,100,0,0,0,10,19,9.11819,27.056,1.5
100000113,84.6559,0,0,-84.6559,84.6559,113,0,0,0,10,9,5.46887,32.0764,1.5
100000114,84.5726,0,0,-84.5726,84.5726,114,0,0,0,10,1,-8.399,31.9938,1.5
100000122,85.2567,0,0,-85.2567,85.2567,122,0,0,0,10,16,10.6851,33.7878,1.5
100000169,96.8431,0,0,-96.8431,96.8431,169,0,0,0,10,13,20.5769,45.3243,1.5
100000174,99.1425,0,0,-99.1425,99.1425,174,0,0,0,10,2,-2.37812,51.5164,1.5
100000176,95.974,0,0,-95.974,95.974,176,0,0,0,10,20,14.2533,49.9028,1.5
100000187,95.3644,0,0,-95.3644,95.3644,187,0,0,0,10,5,-22.007,50.6176,1.5
100000217,102.659,0,0,-102.659,102.659,217,0,0,0,10,3,-25.1337,59.4938,1.5
100000229,100.777,0,0,-100.777,100.777,229,0,0,0,10,17,28.6173,61.8072,1.5
100000231,96.169,0,0,-96.169,96.169,231,0,0,0,10,11,13.0678,67.4024,1.5
100000254,96.5645,0,0,-96.5645,96.5645,254,0,0,0,10,10,-1.08644,75.6389,1.5
100000256,105.151,0,0,-105.151,105.151,256,0,0,0,10,8,-23.7051,72.225,1.5
100000263,105.076,0,0,-105.076,105.076,263,0,0,0,10,15,28.0448,72.9839,1.5
100000263,104.475,0,0,-104.475,104.475,263,0,0,0,10,18,35.6173,69.5603,1.5
100000265,98.9001,0,0,-98.9001,98.9001,265,0,0,0,10,12,-16.43,76.9797,1.5
100000266,101.392,0,0,-101.392,101.392,266,0,0,0,10,14,-30.2005,73.2314,1.5
116348474,101.392,0,0,-101.392,101.392,266,14,-30.2005,73.2314,1.5,0,0,0,10
116598471,105.076,0,0,-105.076,105.076,263,15,28.0448,72.9839,1.5,0,0,0,10
117723425,102.659,0,0,-102.659,102.659,217,3,-25.1337,59.4938,1.5,0,0,0,10
117848321,84.6559,0,0,-84.6559,84.6559,113,9,5.46887,32.0764,1.5,0,0,0,10
118723473,98.9001,0,0,-98.9001,98.9001,265,12,-16.43,76.9797,1.5,0,0,0,10
119348437,100.777,0,0,-100.777,100.777,229,17,28.6173,61.8072,1.5,0,0,0,10
119848462,96.5645,0,0,-96.5645,96.5645,254,10,-1.08644,75.6389,1.5,0,0,0,10
120598330,85.2567,0,0,-85.2567,85.2567,122,16,10.6851,33.7878,1.5,0,0,0,10
120973303,83.5961,0,0,-83.5961,83.5961,95,7,6.91504,26.1256,1.5,0,0,0,10
121223322,84.5726,0,0,-84.5726,84.5726,114,1,-8.399,31.9938,1.5,0,0,0,10
121348395,95.3644,0,0,-95.3644,95.3644,187,5,-22.007,50.6176,1.5,0,0,0,10
121598377,96.8431,0,0,-96.8431,96.8431,169,13,20.5769,45.3243,1.5,0,0,0,10
121848464,105.151,0,0,-105.151,105.151,256,8,-23.7051,72.225,1.5,0,0,0,10
122098308,83.9174,0,0,-83.9174,83.9174,100,19,9.11819,27.056,1.5,0,0,0,10
122973300,83.7694,0,0,-83.7694,83.7694,92,4,-11.502,23.6296,1.5,0,0,0,10
123348471,104.475,0,0,-104.475,104.475,263,18,35.6173,69.5603,1.5,0,0,0,10
123973382,99.1425,0,0,-99.1425,99.1425,174,2,-2.37812,51.5164,1.5,0,0,0,10
124598439,96.169,0,0,-96.169,96.169,231,11,13.0678,67.4024,1.5,0,0,0,10
125223289,82.2156,0,0,-82.2156,82.2156,81,6,1.52601,22.4832,1.5,0,0,0,10
126223384,95.974,0,0,-95.974,95.974,176,20,14.2533,49.9028,1.5,0,0,0,10
150000081,82.2156,0,0,-82.2156,82.2156,81,0,0,0,10,6,1.52601,22.4832,1.5
150000092,83.7694,0,0,-83.7694,83.7694,92,0,0,0,10,4,-11.502,23.6296,1.5
150000095,83.5961,0,0,-83.5961,83.5961,95,0,0,0,10,7,6.91504,26.1256,1.5
150000100,83.9174,0,0,-83.9174,83.9174,100,0,0,0,10,19,9.11819,27.056,1.5
150000113,84.6559,0,0,-84.6559,84.6559,113,0,0,0,10,9,5.46887,32.0764,1.5
150000114,84.5726,0,0,-84.5726,84.5726,114,0,0,0,10,1,-8.399,31.9938,1.5
150000122,85.2567,0,0,-85.2567,85.2567,122,0,0,0,10,16,10.6851,33.7878,1.5
150000169,96.8431,0,0,-96.8431,96.8431,169,0,0,0,10,13,20.5769,45.3243,1.5
150000174,99.1425,0,0,-99.1425,99.1425,174,0,0,0,10,2,-2.37812,51.5164,1.5
150000176,95.974,0,0,-95.974,95.974,176,0,0,0,10,20,14.2533,49.9028,1.5
150000187,95.3644,0,0,-95.3644,95.3644,187,0,0,0,10,5,-22.007,50.6176,1.5
150000217,102.659,0,0,-102.659,102.659,217,0,0,0,10,3,-25.1337,59.4938,1.5
150000229,100.777,0,0,-100.777,100.777,229,0,0,0,10,17,28.6173,61.8072,1.5
150000231,96.169,0,0,-96.169,96.169,231,0,0,0,10,11,13.0678,67.4024,1.5
150000254,96.5645,0,0,-96.5645,96.5645,254,0,0,0,10,10,-1.08644,75.6389,1.5
150000256,105.151,0,0,-105.151,105.151,256,0,0,0,10,8,-23.7051,72.225,1.5
150000263,105.076,0,0,-105.076,105.076,263,0,0,0,10,15,28.0448,72.9839,1.5
150000263,104.475,0,0,-104.475,104.475,263,0,0,0,10,18,35.6173,69.5603,1.5
150000265,98.9001,0,0,-98.9001,98.9001,265,0,0,0,10,12,-16.43,76.9797,1.5
150000266,101.392,0,0,-101.392,101.392,266,0,0,0,10,14,-30.2005,73.2314,1.5
166348474,101.392,0,0,-101.392,101.392,266,14,-30.2005,73.2314,1.5,0,0,0,10
166598471,105.076,0,0,-105.076,105.076,263,15,28.0448,72.9839,1.5,0,0,0,10
167723425,102.659,0,0,-102.659,102.659,217,3,-25.1337,59.4938,1.5,0,0,0,10
167848321,84.6559,0,0,-84.6559,84.6559,113,9,5.46887,32.0764,1.5,0,0,0,10
168723473,98.9001,0,0,-98.9001,98.9001,265,12,-16.43,76.9797,1.5,0,0,0,10
169348437,100.777,0,0,-100.777,100.777,229,17,28.6173,61.8072,1.5,0,0,0,10
169848462,96.5645,0,0,-96.5645,96.5645,254,10,-1.08644,75.6389,1.5,0,0,0,10
170598330,85.2567,0,0,-85.2567,85.2567,122,16,10.6851,33.7878,1.5,0,0,0,10
170973303,83.5961,0,0,-83.5961,83.5961,95,7,6.91504,26.1256,1.5,0,0,0,10
171223322,84.5726,0,0,-84.5726,84.5726,114,1,-8.399,31.9938,1.5,0,0,0,10
171348395,95.3644,0,0,-95.3644,95.3644,187,5,-22.007,50.6176,1.5,0,0,0,10
171598377,96.8431,0,0,-96.8431,96.8431,169,13,20.5769,45.3243,1.5,0,0,0,10
171848464,105.151,0,0,-105.151,105.151,256,8,-23.7051,72.225,1.5,0,0,0,10
172098308,83.9174,0,0,-83.9174,83.9174,100,19,9.11819,27.056,1.5,0,0,0,10
172973300,83.7694,0,0,-83.7694,83.7694,92,4,-11.502,23.6296,1.5,0,0,0,10
173348471,104.475,0,0,-104.475,104.475,263,18,35.6173,69.5603,1.5,0,0,0,10
173973382,99.1425,0,0,-99.1425,99.1425,174,2,-2.37812,51.5164,1.5,0,0,0,10
174598439,96.169,0,0,-96.169,96.169,231,11,13.0678,67.4024,1.5,0,0,0,10
175223289,82.2156,0,0,-82.2156,82.2156,81,6,1.52601,22.4832,1.5,0,0,0,10
176223384,95.974,0,0,-95.974,95.974,176,20,14.2533,49.9028,1.5,0,0,0,10
200000081,82.2156,0,0,-82.2156,82.2156,81,0,0,0,10,6,1.51794,22.3334,1.5
200000092,83.7694,0,0,-83.7694,83.7694,92,0,0,0,10,4,-11.6223,23.7191,1.5
200000095,83.5961,0,0,-83.5961,83.5961,95,0,0,0,10,7,7.01749,26.016,1.5
200000100,83.9174,0,0,-83.9174,83.9174,100,0,0,0,10,19,9.20311,26.9323,1.5
200000113,84.6559,0,0,-84.6559,84.6559,113,0,0,0,10,9,5.37422,31.9601,1.5
200000114,84.5726,0,0,-84.5726,84.5726,114,0,0,0,10,1,-8.5149,31.8986,1.5
200000122,85.2567,0,0,-85.2567,85.2567,122,0,0,0,10,16,10.6039,33.6616,1.5
200000169,96.8431,0,0,-96.8431,96.8431,169,0,0,0,10,13,20.4461,45.2508,1.5
200000174,99.1425,0,0,-99.1425,99.1425,174,0,0,0,10,2,-2.52702,51.5,1.5
200000176,95.974,0,0,-95.974,95.974,176,0,0,0,10,20,14.1735,49.7758,1.5
200000187,95.3644,0,0,-95.3644,95.3644,187,0,0,0,10,5,-22,50.4679,1.5
200000217,102.659,0,0,-102.659,102.659,217,0,0,0,10,3,-24.9838,59.5,1.5
200000229,100.777,0,0,-100.777,100.777,229,0,0,0,10,17,28.5638,61.6671,1.5
200000231,96.169,0,0,-96.169,96.169,231,0,0,0,10,11,13.0429,67.2545,1.5
200000254,96.5645,0,0,-96.5645,96.5645,254,0,0,0,10,10,-1.0072,75.5116,1.5
200000256,105.151,0,0,-105.151,105.151,256,0,0,0,10,8,-23.6041,72.1141,1.5
200000263,105.076,0,0,-105.076,105.076,263,0,0,0,10,15,27.9326,72.8843,1.5
200000263,104.475,0,0,-104.475,104.475,263,0,0,0,10,18,35.5062,69.4594,1.5
200000265,98.9001,0,0,-98.9001,98.9001,265,0,0,0,10,12,-16.4517,76.8313,1.5
200000266,101.392,0,0,-101.392,101.392,266,0,0,0,10,14,-30.1023,73.118,1.5
216348474,101.392,0,0,-101.392,101.392,266,14,-30.1023,73.118,1.5,0,0,0,10
216598471,105.076,0,0,-105.076,105.076,263,15,27.9326,72.8843,1.5,0,0,0,10
217723425,102.659,0,0,-102.659,102.659,217,3,-24.9838,59.5,1.5,0,0,0,10
217848321,84.6559,0,0,-84.6559,84.6559,113,9,5.37422,31.9601,1.5,0,0,0,10
218723473,98.9001,0,0,-98.9001,98.9001,265,12,-16.4517,76.8313,1.5,0,0,0,10
219348437,100.777,0,0,-100.777,100.777,229,17,28.5638,61.6671,1.5,0,0,0,10
219848462,96.5645,0,0,-96.5645,96.5645,254,10,-1.0072,75.5116,1.5,0,0,0,10
220598330,85.2567,0,0,-85.2567,85.2567,122,16,10.6039,33.6616,1.5,0,0,0,10
220973303,83.5961,0,0,-83.5961,83.5961,95,7,7.01749,26.016,1.5,0,0,0,10
221223322,84.5726,0,0,-84.5726,84.5726,114,1,-8.5149,31.8986,1.5,0,0,0,10
221348395,95.3644,0,0,-95.3644,95.3644,187,5,-22,50.4679,1.5,0,0,0,10
221598377,96.8431,0,0,-96.8431,96.8431,169,13,20.4461,45.2508,1.5,0,0,0,10
221848464,105.151,0,0,-105.151,105.151,256,8,-23.6041,72.1141,1.5,0,0,0,10
222098308,83.9174,0,0,-83.9174,83.9174,100,19,9.20311,26.9323,1.5,0,0,0,10
222973300,83.7694,0,0,-83.7694,83.7694,92,4,-11.6223,23.7191,1.5,0,0,0,10
223348471,104.475,0,0,-104.475,104.475,263,18,35.5062,69.4594,1.5,0,0,0,10
223973382,99.1425,0,0,-99.1425,99.1425,174,2,-2.52702,51.5,1.5,0,0,0,10
224598439,96.169,0,0,-96.169,96.169,231,11,13.0429,67.2545,1.5,0,0,0,10
225223289,82.2156,0,0,-82.2156,82.2156,81,6,1.51794,22.3334,1.5,0,0,0,10
226223384,95.974,0,0,-95.974,95.974,176,20,14.1735,49.7758,1.5,0,0,0,10
250000081,82.2156,0,0,-82.2156,82.2156,81,0,0,0,10,6,1.51794,22.3334,1.5
250000092,83.7694,0,0,-83.7694,83.7694,92,0,0,0,10,4,-11.6223,23.7191,1.5
250000095,83.5961,0,0,-83.5961,83.5961,95,0,0,0,10,7,7.01749,26.016,1.5
250000100,83.9174,0,0,-83.9174,83.9174,100,0,0,0,10,19,9.20311,26.9323,1.5
250000113,84.6559,0,0,-84.6559,84.6559,113,0,0,0,10,9,5.37422,31.9601,1.5
250000114,84.5726,0,0,-84.5726,84.5726,114,0,0,0,10,1,-8.5149,31.8986,1.5
250000122,85.2567,0,0,-85.2567,85.2567,122,0,0,0,10,16,10.6039,33.6616,1.5
250000169,96.8431,0,0,-96.8431,96.8431,169,0,0,0,10,13,20.4461,45.2508,1.5
250000174,99.1425,0,0,-99.1425,99.1425,174,0,0,0,10,2,-2.52702,51.5,1.5
250000176,95.974,0,0,-95.974,95.974,176,0,0,0,10,20,14.1735,49.7758,1.5
250000187,95.3644,0,0,-95.3644,95.3644,187,0,0,0,10,5,-22,50.4679,1.5
250000217,102.659,0,0,-102.659,102.659,217,0,0,0,10,3,-24.9838,59.5,1.5
250000229,100.777,0,0,-100.777,100.777,229,0,0,0,10,17,28.5638,61.6671,1.5
250000231,96.169,0,0,-96.169,96.169,231,0,0,0,10,11,13.0429,67.2545,1.5
250000254,96.5645,0,0,-96.5645,96.5645,254,0,0,0,10,10,-1.0072,75.5116,1.5
250000256,105.151,0,0,-105.151,105.151,256,0,0,0,10,8,-23.6041,72.1141,1.5
250000263,105.076,0,0,-105.076,105.076,263,0,0,0,10,15,27.9326,72.8843,1.5
250000263,104.475,0,0,-104.475,104.475,263,0,0,0,10,18,35.5062,69.4594,1.5
250000265,98.9001,0,0,-98.9001,98.9001,265,0,0,0,10,12,-16.4517,76.8313,1.5
250000266,101.392,0,0,-101.392,101.392,266,0,0,0,10,14,-30.1023,73.118,1.5
266348474,101.392,0,0,-101.392,101.392,266,14,-30.1023,73.118,1.5,0,0,0,10
266598471,105.076,0,0,-105.076,105.076,263,15,27.9326,72.8843,1.5,0,0,0,10
267723425,102.659,0,0,-102.659,102.659,217,3,-24.9838,59.5,1.5,0,0,0,10
267848321,84.6559,0,0,-84.6559,84.6559,113,9,5.37422,31.9601,1.5,0,0,0,10
268723473,98.9001,0,0,-98.9001,98.9001,265,12,-16.4517,76.8313,1.5,0,0,0,10
269348437,100.777,0,0,-100.777,100.777,229,17,28.5638,61.6671,1.5,0,0,0,10
269848462,96.5645,0,0,-96.5645,96.5645,254,10,-1.0072,75.5116,1.5,0,0,0,10
270598330,85.2567,0,0,-85.2567,85.2567,122,16,10.6039,33.6616,1.5,0,0,0,10
270973303,83.5961,0,0,-83.5961,83.5961,95,7,7.01749,26.016,1.5,0,0,0,10
271223322,84.5726,0,0,-84.5726,84.5726,114,1,-8.5149,31.8986,1.5,0,0,0,10
271348395,95.3644,0,0,-95.3644,95.3644,187,5,-22,50.4679,1.5,0,0,0,10
271598377,96.8431,0,0,-96.8431,96.8431,169,13,20.4461,45.2508,1.5,0,0,0,10
271848464,105.151,0,0,-105.151,105.151,256,8,-23.6041,72.1141,1.5,0,0,0,10
272098308,83.9174,0,0,-83.9174,83.9174,100,19,9.20311,26.9323,1.5,0,0,0,10
272973300,83.7694,0,0,-83.7694,83.7694,92,4,-11.6223,23.7191,1.5,0,0,0,10
273348471,104.475,0,0,-104.475,104.475,263,18,35.5062,69.4594,1.5,0,0,0,10
273973382,99.1425,0,0,-99.1425,99.1425,174,2,-2.52702,51.5,1.5,0,0,0,10
274598439,96.169,0,0,-96.169,96.169,231,11,13.0429,67.2545,1.5,0,0,0,10
275223289,82.2156,0,0,-82.2156,82.2156,81,6,1.51794,22.3334,1.5,0,0,0,10
276223384,95.974,0,0,-95.974,95.974,176,20,14.1735,49.7758,1.5,0,0,0,10
300000081,82.2156,0,0,-82.2156,82.2156,81,0,0,0,10,6,1.50988,22.1837,1.5
300000092,83.7694,0,0,-83.7694,83.7694,92,0,0,0,10,4,-11.7427,23.8086,1.5
300000095,83.5961,0,0,-83.5961,83.5961,95,0,0,0,10,7,7.11994,25.9065,1.5
300000100,83.9174,0,0,-83.9174,83.9174,100,0,0,0,10,19,9.28803,26.8087,1.5
300000113,84.6559,0,0,-84.6559,84.6559,113,0,0,0,10,9,5.27957,31.8437,1.5
300000114,84.5726,0,0,-84.5726,84.5726,114,0,0,0,10,1,-8.6308,31.8033,1.5
300000122,85.2567,0,0,-85.2567,85.2567,122,0,0,0,10,16,10.5228,33.5355,1.5
300000169,96.8431,0,0,-96.8431,96.8431,169,0,0,0,10,13,20.3154,45.1773,1.5
300000174,99.1425,0,0,-99.1425,99.1425,174,0,0,0,10,2,-2.67702,51.5,1.5
300000176,95.974,0,0,-95.974,95.974,176,0,0,0,10,20,14.0936,49.6488,1.5
300000187,95.3644,0,0,-95.3644,95.3644,187,0,0,0,10,5,-22,50.3179,1.5
300000217,102.659,0,0,-102.659,102.659,217,0,0,0,10,3,-24.8338,59.5,1.5
300000229,100.777,0,0,-100.777,100.777,229,0,0,0,10,17,28.5103,61.5269,1.5
300000231,96.169,0,0,-96.169,96.169,231,0,0,0,10,11,13.018,67.1066,1.5
300000254,96.5645,0,0,-96.5645,96.5645,254,0,0,0,10,10,-1,75.3636,1.5
300000256,105.151,0,0,-105.151,105.151,256,0,0,0,10,8,-23.503,72.0033,1.5
300000263,105.076,0,0,-105.076,105.076,263,0,0,0,10,15,27.8205,72.7847,1.5
300000263,104.475,0,0,-104.475,104.475,263,0,0,0,10,18,35.3951,69.3586,1.5
300000265,98.9001,0,0,-98.9001,98.9001,265,0,0,0,10,12,-16.4733,76.6829,1.5
300000266,101.392,0,0,-101.392,101.392,266,0,0,0,10,14,-30.004,73.0047,1.5
316348474,101.392,0,0,-101.392,101.392,266,14,-30.004,73.0047,1.5,0,0,0,10
316598471,105.076,0,0,-105.076,105.076,263,15,27.8205,72.7847,1.5,0,0,0,10
317723425,102.659,0,0,-102.659,102.659,217,3,-24.8338,59.5,1.5,0,0,0,10
317848321,84.6559,0,0,-84.6559,84.6559,113,9,5.27957,31.8437,1.5,0,0,0,10
318723473,98.9001,0,0,-98.9001,98.9001,265,12,-16.4733,76.6829,1.5,0,0,0,10
319348437,100.777,0,0,-100.777,100.777,229,17,28.5103,61.5269,1.5,0,0,0,10
319848462,96.5645,0,0,-96.5645,96.5645,254,10,-1,75.3636,1.5,0,0,0,10
320598330,85.2567,0,0,-85.2567,85.2567,122,16,10.5228,33.5355,1.5,0,0,0,10
320973303,83.5961,0,0,-83.5961,83.5961,95,7,7.11994,25.9065,1.5,0,0,0,10
321223322,84.5726,0,0,-84.5726,84.5726,114,1,-8.6308,31.8033,1.5,0,0,0,10
321348395,95.3644,0,0,-95.3644,95.3644,187,5,-22,50.3179,1.5,0,0,0,10
321598377,96.8431,0,0,-96.8431,96.8431,169,13,20.3154,45.1773,1.5,0,0,0,10
321848464,105.151,0,0,-105.151,105.151,256,8,-23.503,72.0033,1.5,0,0,0,10
322098308,83.9174,0,0,-83.9174,83.9174,100,19,9.28803,26.8087,1.5,0,0,0,10
322973300,83.7694,0,0,-83.7694,83.7694,92,4,-11.7427,23.8086,1.5,0,0,0,10
323348471,104.475,0,0,-104.475,104.475,263,18,35.3951,69.3586,1.5,0,0,0,10
323973382,99.1425,0,0,-99.1425,99.1425,174,2,-2.67702,51.5,1.5,0,0,0,10
324598439,96.169,0,0,-96.169,96.169,231,11,13.018,67.1066,1.5,0,0,0,10
325223289,82.2156,0,0,-82.2156,82.2156,81,6,1.50988,22.1837,1.5,0,0,0,10
326223384,95.974,0,0,-95.974,95.974,176,20,14.0936,49.6488,1.5,0,0,0,10
350000081,82.2156,0,0,-82.2156,82.2156,81,0,0,0,10,6,1.50988,22.1837,1.5
350000092,83.7694,0,0,-83.7694,83.7694,92,0,0,0,10,4,-11.7427,23.8086,1.5
350000095,83.5961,0,0,-83.5961,83.5961,95,0,0,0,10,7,7.11994,25.9065,1.5
350000100,83.9174,0,0,-83.9174,83.9174,100,0,0,0,10,19,9.28803,26.8087,1.5
350000113,84.6559,0,0,-84.6559,84.6559,113,0,0,0,10,9,5.27957,31.8437,1.5
350000114,84.5726,0,0,-84.5726,84.5726,114,0,0,0,10,1,-8.6308,31.8033,1.5
350000122,85.2567,0,0,-85.2567,85.2567,122,0,0,0,10,16,10.5228,33.5355,1.5
350000169,96.8431,0,0,-96.8431,96.8431,169,0,0,0,10,13,20.3154,45.1773,1.5
350000174,99.1425,0,0,-99.1425,99.1425,174,0,0,0,10,2,-2.67702,51.5,1.5
350000176,95.974,0,0,-95.974,95.974,176,0,0,0,10,20,14.0936,49.6488,1.5
350000187,95.3644,0,0,-95.3644,95.3644,187,0,0,0,10,5,-22,50.3179,1.5
350000217,102.659,0,0,-102.659,102.659,217,0,0,0,10,3,-24.8338,59.5,1.5
350000229,100.777,0,0,-100.777,100.777,229,0,0,0,10,17,28.5103,61.5269,1.5
350000231,96.169,0,0,-96.169,96.169,231,0,0,0,10,11,13.018,67.1066,1.5
350000254,96.5645,0,0,-96.5645,96.5645,254,0,0,0,10,10,-1,75.3636,1.5
350000256,105.151,0,0,-105.151,105.151,256,0,0,0,10,8,-23.503,72.0033,1.5
350000263,105.076,0,0,-105.076,105.076,263,0,0,0,10,15,27.8205,72.7847,1.5
350000263,104.475,0,0,-104.475,104.475,263,0,0,0,10,18,35.3951,69.3586,1.5
350000265,98.9001,0,0,-98.9001,98.9001,265,0,0,0,10,12,-16.4733,76.6829,1.5
350000266,101.392,0,0,-101.392,101.392,266,0,0,0,10,14,-30.004,73.0047,1.5
366348474,101.392,0,0,-101.392,101.392,266,14,-30.004,73.0047,1.5,0,0,0,10
366598471,105.076,0,0,-105.076,105.076,263,15,27.8205,72.7847,1.5,0,0,0,10
367723425,102.659,0,0,-102.659,102.659,217,3,-24.8338,59.5,1.5,0,0,0,10
367848321,84.6559,0,0,-84.6559,84.6559,113,9,5.27957,31.8437,1.5,0,0,0,10
368723473,98.9001,0,0,-98.9001,98.9001,265,12,-16.4733,76.6829,1.5,0,0,0,10
369348437,100.777,0,0,-100.777,100.777,229,17,28.5103,61.5269,1.5,0,0,0,10
369848462,96.5645,0,0,-96.5645,96.5645,254,10,-1,75.3636,1.5,0,0,0,10
370598330,85.2567,0,0,-85.2567,85.2567,122,16,10.5228,33.5355,1.5,0,0,0,10
370973303,83.5961,0,0,-83.5961,83.5961,95,7,7.11994,25.9065,1.5,0,0,0,10
371223322,84.5726,0,0,-84.5726,84.5726,114,1,-8.6308,31.8033,1.5,0,0,0,10
371348395,95.3644,0,0,-95.3644,95.3644,187,5,-22,50.3179,1.5,0,0,0,10
371598377,96.8431,0,0,-96.8431,96.8431,169,13,20.3154,45.1773,1.5,0,0,0,10
371848464,105.151,0,0,-105.151,105.151,256,8,-23.503,72.0033,1.5,0,0,0,10
372098308,83.9174,0,0,-83.9174,83.9174,100,19,9.28803,26.8087,1.5,0,0,0,10
372973300,83.7694,0,0,-83.7694,83.7694,92,4,-11.7427,23.8086,1.5,0,0,0,10
373348471,104.475,0,0,-104.475,104.475,263,18,35.3951,69.3586,1.5,0,0,0,10
373973382,99.1425,0,0,-99.1425,99.1425,174,2,-2.67702,51.5,1.5,0,0,0,10
374598439,96.169,0,0,-96.169,96.169,231,11,13.018,67.1066,1.5,0,0,0,10
375223289,82.2156,0,0,-82.2156,82.2156,81,6,1.50988,22.1837,1.5,0,0,0,10
376223384,95.974,0,0,-95.974,95.974,176,20,14.0936,49.6488,1.5,0,0,0,10
400000081,82.2156,0,0,-82.2156,82.2156,81,0,0,0,10,6,1.50182,22.0339,1.5
400000092,83.7694,0,0,-83.7694,83.7694,92,0,0,0,10,4,-11.863,23.8981,1.5
400000095,83.5961,0,0,-83.5961,83.5961,95,0,0,0,10,7,7.22239,25.7969,1.5
400000100,83.9174,0,0,-83.9174,83.9174,100,0,0,0,10,19,9.37294,26.685,1.5
400000113,84.6559,0,0,-84.6559,84.6559,113,0,0,0,10,9,5.18492,31.7273,1.5
400000114,84.5726,0,0,-84.5726,84.5726,114,0,0,0,10,1,-8.7467,31.7081,1.5
400000122,85.2567,0,0,-85.2567,85.2567,122,0,0,0,10,16,10.3922,33.5,1.5
400000169,96.8431,0,0,-96.8431,96.8431,169,0,0,0,10,13,20.1846,45.1038,1.5
400000174,99.1425,0,0,-99.1425,99.1425,174,0,0,0,10,2,-2.82702,51.5,1.5
400000176,95.974,0,0,-95.974,95.974,176,0,0,0,10,20,14.0137,49.5218,1.5
400000187,95.3644,0,0,-95.3644,95.3644,187,0,0,0,10,5,-22,50.1679,1.5
400000217,102.659,0,0,-102.659,102.659,217,0,0,0,10,3,-24.6838,59.5,1.5
400000229,100.777,0,0,-100.777,100.777,229,0,0,0,10,17,28.5,61.3788,1.5
400000231,96.169,0,0,-96.169,96.169,231,0,0,0,10,11,13,66.9581,1.5
400000254,96.5645,0,0,-96.5645,96.5645,254,0,0,0,10,10,-1,75.2136,1.5
400000256,105.151,0,0,-105.151,105.151,256,0,0,0,10,8,-23.5,71.8545,1.5
400000263,105.076,0,0,-105.076,105.076,263,0,0,0,10,15,27.7083,72.685,1.5
400000263,104.475,0,0,-104.475,104.475,263,0,0,0,10,18,35.2841,69.2578,1.5
400000265,98.9001,0,0,-98.9001,98.9001,265,0,0,0,10,12,-16.495,76.5344,1.5
400000266,101.392,0,0,-101.392,101.392,266,0,0,0,10,14,-29.8983,72.8983,1.5
416348474,101.392,0,0,-101.392,101.392,266,14,-29.8983,72.8983,1.5,0,0,0,10
416598471,105.076,0,0,-105.076,105.076,263,15,27.7083,72.685,1.5,0,0,0,10
417723425,102.659,0,0,-102.659,102.659,217,3,-24.6838,59.5,1.5,0,0,0,10
417848321,84.6559,0,0,-84.6559,84.6559,113,9,5.18492,31.7273,1.5,0,0,0,10
418723473,98.9001,0,0,-98.9001,98.9001,265,12,-16.495,76.5344,1.5,0,0,0,10
419348437,100.777,0,0,-100.777,100.777,229,17,28.5,61.3788,1.5,0,0,0,10
419848462,96.5645,0,0,-96.5645,96.5645,254,10,-1,75.2136,1.5,0,0,0,10
420598330,85.2567,0,0,-85.2567,85.2567,122,16,10.3922,33.5,1.5,0,0,0,10
420973303,83.5961,0,0,-83.5961,83.5961,95,7,7.22239,25.7969,1.5,0,0,0,10
421223322,84.5726,0,0,-84.5726,84.5726,114,1,-8.7467,31.7081,1.5,0,0,0,10
421348395,95.3644,0,0,-95.3644,95.3644,187,5,-22,50.1679,1.5,0,0,0,10
421598377,96.8431,0,0,-96.8431,96.8431,169,13,20.1846,45.1038,1.5,0,0,0,10
421848464,105.151,0,0,-105.151,105.151,256,8,-23.5,71.8545,1.5,0,0,0,10
422098308,83.9174,0,0,-83.9174,83.9174,100,19,9.37294,26.685,1.5,0,0,0,10
422973300,83.7694,0,0,-83.7694,83.7694,92,4,-11.863,23.8981,1.5,0,0,0,10
423348471,104.475,0,0,-104.475,104.475,263,18,35.2841,69.2578,1.5,0,0,0,10
423973382,99.1425,0,0,-99.1425,99.1425,174,2,-2.82702,51.5,1.5,0,0,0,10
424598439,96.169,0,0,-96.169,96.169,231,11,13,66.9581,1.5,0,0,0,10
425223289,82.2156,0,0,-82.2156,82.2156,81,6,1.50182,22.0339,1.5,0,0,0,10
426223384,95.974,0,0,-95.974,95.974,176,20,14.0137,49.5218,1.5,0,0,0,10
450000081,82.2156,0,0,-82.2156,82.2156,81,0,0,0,10,6,1.50182,22.0339,1.5
450000092,83.7694,0,0,-83.7694,83.7694,92,0,0,0,10,4,-11.863,23.8981,1.5
450000095,83.5961,0,0,-83.5961,83.5961,95,0,0,0,10,7,7.22239,25.7969,1.5
450000100,83.9174,0,0,-83.9174,83.9174,100,0,0,0,10,19,9.37294,26.685,1.5
450000113,84.6559,0,0,-84.6559,84.6559,113,0,0,0,10,9,5.18492,31.7273,1.5
450000114,84.5726,0,0,-84.5726,84.5726,114,0,0,0,10,1,-8.7467,31.7081,1.5
450000122,85.2567,0,0,-85.2567,85.2567,122,0,0,0,10,16,10.3922,33.5,1.5
450000169,96.8431,0,0,-96.8431,96.8431,169,0,0,0,10,13,20.1846,45.1038,1.5
450000174,99.1425,0,0,-99.1425,99.1425,174,0,0,0,10,2,-2.82702,51.5,1.5
450000176,95.974,0,0,-95.974,95.974,176,0,0,0,10,20,14.0137,49.5218,1.5
450000187,95.3644,0,0,-95.3644,95.3644,187,0,0,0,10,5,-22,50.1679,1.5
450000217,102.659,0,0,-102.659,102.659,217,0,0,0,10,3,-24.6838,59.5,1.5
450000229,100.777,0,0,-100.777,100.777,229,0,0,0,10,17,28.5,61.3788,1.5
450000231,96.169,0,0,-96.169,96.169,231,0,0,0,10,11,13,66.9581,1.5
450000254,96.5645,0,0,-96.5645,96.5645,254,0,0,0,10,10,-1,75.2136,1.5
450000256,105.151,0,0,-105.151,105.151,256,0,0,0,10,8,-23.5,71.8545,1.5
450000263,105.076,0,0,-105.076,105.076,263,0,0,0,10,15,27.7083,72.685,1.5
450000263,104.475,0,0,-104.475,104.475,263,0,0,0,10,18,35.2841,69.2578,1.5
450000265,98.9001,0,0,-98.9001,98.9001,265,0,0,0,10,12,-16.495,76.5344,1.5
450000266,101.392,0,0,-101.392,101.392,266,0,0,0,10,14,-29.8983,72.8983,1.5
466348474,101.392,0,0,-101.392,101.392,266,14,-29.8983,72.8983,1.5,0,0,0,10
466598471,105.076,0,0,-105.076,105.076,263,15,27.7083,72.685,1.5,0,0,0,10
467723425,102.659,0,0,-102.659,102.659,217,3,-24.6838,59.5,1.5,0,0,0,10
467848321,84.6559,0,0,-84.6559,84.6559,113,9,5.18492,31.7273,1.5,0,0,0,10
468723473,98.9001,0,0,-98.9001,98.9001,265,12,-16.495,76.5344,1.5,0,0,0,10
469348437,100.777,0,0,-100.777,100.777,229,17,28.5,61.3788,1.5,0,0,0,10
469848462,96.5645,0,0,-96.5645,96.5645,254,10,-1,75.2136,1.5,0,0,0,10
470598330,85.2567,0,0,-85.2567,85.2567,122,16,10.3922,33.5,1.5,0,0,0,10
470973303,83.5961,0,0,-83.5961,83.5961,95,7,7.22239,25.7969,1.5,0,0,0,10
471223322,84.5726,0,0,-84.5726,84.5726,114,1,-8.7467,31.7081,1.5,0,0,0,10
471348395,95.3644,0,0,-95.3644,95.3644,187,5,-22,50.1679,1.5,0,0,0,10
471598377,96.8431,0,0,-96.8431,96.8431,169,13,20.1846,45.1038,1.5,0,0,0,10
471848464,105.151,0,0,-105.151,105.151,256,8,-23.5,71.8545,1.5,0,0,0,10
472098308,83.9174,0,0,-83.9174,83.9174,100,19,9.37294,26.685,1.5,0,0,0,10
472973300,83.7694,0,0,-83.7694,83.7694,92,4,-11.863,23.8981,1.5,0,0,0,10
473348471,104.475,0,0,-104.475,104.475,263,18,35.2841,69.2578,1.5,0,0,0,10
473973382,99.1425,0,0,-99.1425,99.1425,174,2,-2.82702,51.5,1.5,0,0,0,10
474598439,96.169,0,0,-96.169,96.169,231,11,13,66.9581,1.5,0,0,0,10
475223289,82.2156,0,0,-82.2156,82.2156,81,6,1.50182,22.0339,1.5,0,0,0,10
476223384,95.974,0,0,-95.974,95.974,176,20,14.0137,49.5218,1.5,0,0,0,10
500000081,82.2156,0,0,-82.2156,82.2156,81,0,0,0,10,6,1.5,21.8839,1.5
500000092,83.7694,0,0,-83.7694,83.7694,92,0,0,0,10,4,-11.9834,23.9876,1.5
500000095,83.5961,0,0,-83.5961,83.5961,95,0,0,0,10,7,7.32484,25.6873,1.5
500000100,83.9174,0,0,-83.9174,83.9174,100,0,0,0,10,19,9.45786,26.5614,1.5
500000113,84.6559,0,0,-84.6559,84.6559,113,0,0,0,10,9,5.09026,31.611,1.5
500000114,84.5726,0,0,-84.5726,84.5726,114,0,0,0,10,1,-8.86259,31.6129,1.5
500000122,85.2567,0,0,-85.2567,85.2567,122,0,0,0,10,16,10.2422,33.5,1.5
500000169,96.8431,0,0,-96.8431,96.8431,169,0,0,0,10,13,20.0538,45.0303,1.5
500000174,99.1425,0,0,-99.1425,99.1425,174,0,0,0,10,2,-2.97702,51.5,1.5
500000176,95.974,0,0,-95.974,95.974,176,0,0,0,10,20,13.9122,49.4122,1.5
500000187,95.3644,0,0,-95.3644,95.3644,187,0,0,0,10,5,-22,50.0179,1.5
500000217,102.659,0,0,-102.659,102.659,217,0,0,0,10,3,-24.5338,59.5,1.5
500000229,100.777,0,0,-100.777,100.777,229,0,0,0,10,17,28.5,61.2288,1.5
500000231,96.169,0,0,-96.169,96.169,231,0,0,0,10,11,13,66.8081,1.5
500000254,96.5645,0,0,-96.5645,96.5645,254,0,0,0,10,10,-1,75.0636,1.5
500000256,105.151,0,0,-105.151,105.151,256,0,0,0,10,8,-23.5,71.7045,1.5
500000263,105.076,0,0,-105.076,105.076,263,0,0,0,10,15,27.5962,72.5854,1.5
500000263,104.475,0,0,-104.475,104.475,263,0,0,0,10,18,35.173,69.157,1.5
500000265,98.9001,0,0,-98.9001,98.9001,265,0,0,0,10,12,-16.5,76.3848,1.5
500000266,101.392,0,0,-101.392,101.392,266,0,0,0,10,14,-29.7922,72.7922,1.5
516348474,101.392,0,0,-101.392,101.392,266,14,-29.7922,72.7922,1.5,0,0,0,10
516598471,105.076,0,0,-105.076,105.076,263,15,27.5962,72.5854,1.5,0,0,0,10
517723425,102.659,0,0,-102.659,102.659,217,3,-24.5338,59.5,1.5,0,0,0,10
517848321,84.6559,0,0,-84.6559,84.6559,113,9,5.09026,31.611,1.5,0,0,0,10
518723473,98.9001,0,0,-98.9001,98.9001,265,12,-16.5,76.3848,1.5,0,0,0,10
519348437,100.777,0,0,-100.777,100.777,229,17,28.5,61.2288,1.5,0,0,0,10
519848462,96.5645,0,0,-96.5645,96.5645,254,10,-1,75.0636,1.5,0,0,0,10
520598330,85.2567,0,0,-85.2567,85.2567,122,16,10.2422,33.5,1.5,0,0,0,10
520973303,83.5961,0,0,-83.5961,83.5961,95,7,7.32484,25.6873,1.5,0,0,0,10
521223322,84.5726,0,0,-84.5726,84.5726,114,1,-8.86259,31.6129,1.5,0,0,0,10
521348395,95.3644,0,0,-95.3644,95.3644,187,5,-22,50.0179,1.5,0,0,0,10
521598377,96.8431,0,0,-96.8431,96.8431,169,13,20.0538,45.0303,1.5,0,0,0,10
521848464,105.151,0,0,-105.151,105.151,256,8,-23.5,71.7045,1.5,0,0,0,10
522098308,83.9174,0,0,-83.9174,83.9174,100,19,9.45786,26.5614,1.5,0,0,0,10
522973300,83.7694,0,0,-83.7694,83.7694,92,4,-11.9834,23.9876,1.5,0,0,0,10
523348471,104.475,0,0,-104.475,104.475,263,18,35.173,69.157,1.5,0,0,0,10
523973382,99.1425,0,0,-99.1425,99.1425,174,2,-2.97702,51.5,1.5,0,0,0,10
524598439,96.169,0,0,-96.169,96.169,231,11,13,66.8081,1.5,0,0,0,10
525223289,82.2156,0,0,-82.2156,82.2156,81,6,1.5,21.8839,1.5,0,0,0,10
526223384,95.974,0,0,-95.974,95.974,176,20,13.9122,49.4122,1.5,0,0,0,10
550000081,82.2156,0,0,-82.2156,82.2156,81,0,0,0,10,6,1.5,21.8839,1.5
550000092,83.7694,0,0,-83.7694,83.7694,92,0,0,0,10,4,-11.9834,23.9876,1.5
550000095,83.5961,0,0,-83.5961,83.5961,95,0,0,0,10,7,7.32484,25.6873,1.5
550000100,83.9174,0,0,-83.9174,83.9174,100,0,0,0,10,19,9.45786,26.5614,1.5
550000113,84.6559,0,0,-84.6559,84.6559,113,0,0,0,10,9,5.09026,31.611,1.5
550000114,84.5726,0,0,-84.5726,84.5726,114,0,0,0,10,1,-8.86259,31.6129,1.5
550000122,85.2567,0,0,-85.2567,85.2567,122,0,0,0,10,16,10.2422,33.5,1.5
550000169,96.8431,0,0,-96.8431,96.8431,169,0,0,0,10,13,20.0538,45.0303,1.5
550000174,99.1425,0,0,-99.1425,99.1425,174,0,0,0,10,2,-2.97702,51.5,1.5
550000176,95.974,0,0,-95.974,95.974,176,0,0,0,10,20,13.9122,49.4122,1.5
550000187,95.3644,0,0,-95.3644,95.3644,187,0,0,0,10,5,-22,50.0179,1.5
550000217,102.659,0,0,-102.659,102.659,217,0,0,0,10,3,-24.5338,59.5,1.5
550000229,100.777,0,0,-100.777,100.777,229,0,0,0,10,17,28.5,61.2288,1.5
550000231,96.169,0,0,-96.169,96.169,231,0,0,0,10,11,13,66.8081,1.5
550000254,96.5645,0,0,-96.5645,96.5645,254,0,0,0,10,10,-1,75.0636,1.5
550000256,105.151,0,0,-105.151,105.151,256,0,0,0,10,8,-23.5,71.7045,1.5
550000263,105.076,0,0,-105.076,105.076,263,0,0,0,10,15,27.5962,72.5854,1.5
550000263,104.475,0,0,-104.475,104.475,263,0,0,0,10,18,35.173,69.157,1.5
550000265,98.9001,0,0,-98.9001,98.9001,265,0,0,0,10,12,-16.5,76.3848,1.5
550000266,101.392,0,0,-101.392,101.392,266,0,0,0,10,14,-29.7922,72.7922,1.5
566348474,101.392,0,0,-101.392,101.392,266,14,-29.7922,72.7922,1.5,0,0,0,10
566598471,105.076,0,0,-105.076,105.076,263,15,27.5962,72.5854,1.5,0,0,0,10
567723425,102.659,0,0,-102.659,102.659,217,3,-24.5338,59.5,1.5,0,0,0,10
567848321,84.6559,0,0,-84.6559,84.6559,113,9,5.09026,31.611,1.5,0,0,0,10
568723473,98.9001,0,0,-98.9001,98.9001,265,12,-16.5,76.3848,1.5,0,0,0,10
569348437,100.777,0,0,-100.777,100.777,229,17,28.5,61.2288,1.5,0,0,0,10
569848462,96.5645,0,0,-96.5645,96.5645,254,10,-1,75.0636,1.5,0,0,0,10
570598330,85.2567,0,0,-85.2567,85.2567,122,16,10.2422,33.5,1.5,0,0,0,10
570973303,83.5961,0,0,-83.5961,83.5961,95,7,7.32484,25.6873,1.5,0,0,0,10
571223322,84.5726,0,0,-84.5726,84.5726,114,1,-8.86259,31.6129,1.5,0,0,0,10
571348395,95.3644,0,0,-95.3644,95.3644,187,5,-22,50.0179,1.5,0,0,0,10
571598377,96.8431,0,0,-96.8431,96.8431,169,13,20.0538,45.0303,1.5,0,0,0,10
571848464,105.151,0,0,-105.151,105.151,256,8,-23.5,71.7045,1.5,0,0,0,10
572098308,83.9174,0,0,-83.9174,83.9174,100,19,9.45786,26.5614,1.5,0,0,0,10
572973300,83.7694,0,0,-83.7694,83.7694,92,4,-11.9834,23.9876,1.5,0,0,0,10
573348471,104.475,0,0,-104.475,104.475,263,18,35.173,69.157,1.5,0,0,0,10
573973382,99.1425,0,0,-99.1425,99.1425,174,2,-2.97702,51.5,1.5,0,0,0,10
574598439,96.169,0,0,-96.169,96.169,231,11,13,66.8081,1.5,0,0,0,10
575223289,82.2156,0,0,-82.2156,82.2156,81,6,1.5,21.8839,1.5,0,0,0,10
576223384,95.974,0,0,-95.974,95.974,176,20,13.9122,49.4122,1.5,0,0,0,10
600000081,82.2156,0,0,-82.2156,82.2156,81,0,0,0,10,6,1.5,21.7339,1.5
600000092,83.7694,0,0,-83.7694,83.7694,92,0,0,0,10,4,-12.0914,24.0914,1.5
600000095,83.5961,0,0,-83.5961,83.5961,95,0,0,0,10,7,7.42729,25.5778,1.5
600000100,83.9174,0,0,-83.9174,83.9174,100,0,0,0,10,19,9.55343,26.4466,1.5
600000113,84.6559,0,0,-84.6559,84.6559,113,0,0,0,10,9,4.99508,31.4951,1.5
600000114,84.5726,0,0,-84.5726,84.5726,114,0,0,0,10,1,-8.97849,31.5177,1.5
600000122,85.2567,0,0,-85.2567,85.2567,122,0,0,0,10,16,10.0922,33.5,1.5
600000169,96.8431,0,0,-96.8431,96.8431,169,0,0,0,10,13,19.9376,44.9376,1.5
600000174,99.1425,0,0,-99.1425,99.1425,174,0,0,0,10,2,-3.12702,51.5,1.5
600000176,95.974,0,0,-95.974,95.974,176,0,0,0,10,20,13.8061,49.3061,1.5
600000187,95.3644,0,0,-95.3644,95.3644,187,0,0,0,10,5,-22,49.8679,1.5
600000217,102.659,0,0,-102.659,102.659,217,0,0,0,10,3,-24.3838,59.5,1.5
600000229,100.777,0,0,-100.777,100.777,229,0,0,0,10,17,28.5,61.0788,1.5
600000231,96.169,0,0,-96.169,96.169,231,0,0,0,10,11,13,66.6581,1.5
600000254,96.5645,0,0,-96.5645,96.5645,254,0,0,0,10,10,-1,74.9136,1.5
600000256,105.151,0,0,-105.151,105.151,256,0,0,0,10,8,-23.5,71.5545,1.5
600000263,105.076,0,0,-105.076,105.076,263,0,0,0,10,15,27.4849,72.4849,1.5
600000263,104.475,0,0,-104.475,104.475,263,0,0,0,10,18,35.0619,69.0562,1.5
600000265,98.9001,0,0,-98.9001,98.9001,265,0,0,0,10,12,-16.5,76.2348,1.5
600000266,101.392,0,0,-101.392,101.392,266,0,0,0,10,14,-29.6862,72.6862,1.5
616348474,101.392,0,0,-101.392,101.392,266,14,-29.6862,72.6862,1.5,0,0,0,10
616598471,105.076,0,0,-105.076,105.076,263,15,27.4849,72.4849,1.5,0,0,0,10
617723425,102.659,0,0,-102.659,102.659,217,3,-24.3838,59.5,1.5,0,0,0,10
617848321,84.6559,0,0,-84.6559,84.6559,113,9,4.99508,31.4951,1.5,0,0,0,10
618723473,98.9001,0,0,-98.9001,98.9001,265,12,-16.5,76.2348,1.5,0,0,0,10
619348437,100.777,0,0,-100.777,100.777,229,17,28.5,61.0788,1.5,0,0,0,10
619848462,96.5645,0,0,-96.5645,96.5645,254,10,-1,74.9136,1.5,0,0,0,10
620598330,85.2567,0,0,-85.2567,85.2567,122,16,10.0922,33.5,1.5,0,0,0,10
620973303,83.5961,0,0,-83.5961,83.5961,95,7,7.42729,25.5778,1.5,0,0,0,10
621223322,84.5726,0,0,-84.5726,84.5726,114,1,-8.97849,31.5177,1.5,0,0,0,10
621348395,95.3644,0,0,-95.3644,95.3644,187,5,-22,49.8679,1.5,0,0,0,10
621598377,96.8431,0,0,-96.8431,96.8431,169,13,19.9376,44.9376,1.5,0,0,0,10
621848464,105.151,0,0,-105.151,105.151,256,8,-23.5,71.5545,1.5,0,0,0,10
622098308,83.9174,0,0,-83.9174,83.9174,100,19,9.55343,26.4466,1.5,0,0,0,10
622973300,83.7694,0,0,-83.7694,83.7694,92,4,-12.0914,24.0914,1.5,0,0,0,10
623348471,104.475,0,0,-104.475,104.475,263,18,35.0619,69.0562,1.5,0,0,0,10
623973382,99.1425,0,0,-99.1425,99.1425,174,2,-3.12702,51.5,1.5,0,0,0,10
624598439,96.169,0,0,-96.169,96.169,231,11,13,66.6581,1.5,0,0,0,10
625223289,82.2156,0,0,-82.2156,82.2156,81,6,1.5,21.7339,1.5,0,0,0,10
626223384,95.974,0,0,-95.974,95.974,176,20,13.8061,49.3061,1.5,0,0,0,10
650000081,82.2156,0,0,-82.2156,82.2156,81,0,0,0,10,6,1.5,21.7339,1.5
650000092,83.7694,0,0,-83.7694,83.7694,92,0,0,0,10,4,-12.0914,24.0914,1.5
650000095,83.5961,0,0,-83.5961,83.5961,95,0,0,0,10,7,7.42729,25.5778,1.5
650000100,83.9174,0,0,-83.9174,83.9174,100,0,0,0,10,19,9.55343,26.4466,1.5
650000113,84.6559,0,0,-84.6559,84.6559,113,0,0,0,10,9,4.99508,31.4951,1.5
650000114,84.5726,0,0,-84.5726,84.5726,114,0,0,0,10,1,-8.97849,31.5177,1.5
650000122,85.2567,0,0,-85.2567,85.2567,122,0,0,0,10,16,10.0922,33.5,1.5
650000169,96.8431,0,0,-96.8431,96.8431,169,0,0,0,10,13,19.9376,44.9376,1.5
650000174,99.1425,0,0,-99.1425,99.1425,174,0,0,0,10,2,-3.12702,51.5,1.5
650000176,95.974,0,0,-95.974,95.974,176,0,0,0,10,20,13.8061,49.3061,1.5
650000187,95.3644,0,0,-95.3644,95.3644,187,0,0,0,10,5,-22,49.8679,1.5
650000217,102.659,0,0,-102.659,102.659,217,0,0,0,10,3,-24.3838,59.5,1.5
650000229,100.777,0,0,-100.777,100.777,229,0,0,0,10,17,28.5,61.0788,1.5
650000231,96.169,0,0,-96.169,96.169,231,0,0,0,10,11,13,66.6581,1.5
650000254,96.5645,0,0,-96.5645,96.5645,254,0,0,0,10,10,-1,74.9136,1.5
650000256,105.151,0,0,-105.151,105.151,256,0,0,0,10,8,-23.5,71.5545,1.5
650000263,105.076,0,0,-105.076,105.076,263,0,0,0,10,15,27.4849,72.4849,1.5
650000263,104.475,0,0,-104.475,104.475,263,0,0,0,10,18,35.0619,69.0562,1.5
650000265,98.9001,0,0,-98.9001,98.9001,265,0,0,0,10,12,-16.5,76.2348,1.5
650000266,101.392,0,0,-101.392,101.392,266,0,0,0,10,14,-29.6862,72.6862,1.5
666348474,101.392,0,0,-101.392,101.392,266,14,-29.6862,72.6862,1.5,0,0,0,10
666598471,105.076,0,0,-105.076,105.076,263,15,27.4849,72.4849,1.5,0,0,0,10
667723425,102.659,0,0,-102.659,102.659,217,3,-24.3838,59.5,1.5,0,0,0,10
667848321,84.6559,0,0,-84.6559,84.6559,113,9,4.99508,31.4951,1.5,0,0,0,10
668723473,98.9001,0,0,-98.9001,98.9001,265,12,-16.5,76.2348,1.5,0,0,0,10
669348437,100.777,0,0,-100.777,100.777,229,17,28.5,61.0788,1.5,0,0,0,10
669848462,96.5645,0,0,-96.5645,96.5645,254,10,-1,74.9136,1.5,0,0,0,10
670598330,85.2567,0,0,-85.2567,85.2567,122,16,10.0922,33.5,1.5,0,0,0,10
670973303,83.5961,0,0,-83.5961,83.5961,95,7,7.42729,25.5778,1.5,0,0,0,10
671223322,84.5726,0,0,-84.5726,84.5726,114,1,-8.97849,31.5177,1.5,0,0,0,10
671348395,95.3644,0,0,-95.3644,95.3644,187,5,-22,49.8679,1.5,0,0,0,10
671598377,96.8431,0,0,-96.8431,96.8431,169,13,19.9376,44.9376,1.5,0,0,0,10
671848464,105.151,0,0,-105.151,105.151,256,8,-23.5,71.5545,1.5,0,0,0,10
672098308,83.9174,0,0,-83.9174,83.9174,100,19,9.55343,26.4466,1.5,0,0,0,10
672973300,83.7694,0,0,-83.7694,83.7694,92,4,-12.0914,24.0914,1.5,0,0,0,10
673348471,104.475,0,0,-104.475,104.475,263,18,35.0619,69.0562,1.5,0,0,0,10
673973382,99.1425,0,0,-99.1425,99.1425,174,2,-3.12702,51.5,1.5,0,0,0,10
674598439,96.169,0,0,-96.169,96.169,231,11,13,66.6581,1.5,0,0,0,10
675223289,82.2156,0,0,-82.2156,82.2156,81,6,1.5,21.7339,1.5,0,0,0,10
676223384,95.974,0,0,-95.974,95.974,176,20,13.8061,49.3061,1.5,0,0,0,10
700000081,82.2156,0,0,-82.2156,82.2156,81,0,0,0,10,6,1.5,21.5839,1.5
700000092,83.7694,0,0,-83.7694,83.7694,92,0,0,0,10,4,-12.1975,24.1975,1.5
700000095,83.5961,0,0,-83.5961,83.5961,95,0,0,0,10,7,7.54354,25.5,1.5
700000100,83.9174,0,0,-83.9174,83.9174,100,0,0,0,10,19,9.6595,26.3405,1.5
700000113,84.6559,0,0,-84.6559,84.6559,113,0,0,0,10,9,4.88901,31.389,1.5
700000114,84.5726,0,0,-84.5726,84.5726,114,0,0,0,10,1,-9.08638,31.4136,1.5
700000122,85.2567,0,0,-85.2567,85.2567,122,0,0,0,10,16,9.95909,33.4591,1.5
700000169,96.8431,0,0,-96.8431,96.8431,169,0,0,0,10,13,19.8315,44.8315,1.5
700000174,99.1425,0,0,-99.1425,99.1425,174,0,0,0,10,2,-3.27702,51.5,1.5
700000176,95.974,0,0,-95.974,95.974,176,0,0,0,10,20,13.7,49.2,1.5
700000187,95.3644,0,0,-95.3644,95.3644,187,0,0,0,10,5,-22,49.7179,1.5
700000217,102.659,0,0,-102.659,102.659,217,0,0,0,10,3,-24.2338,59.5,1.5
700000229,100.777,0,0,-100.777,100.777,229,0,0,0,10,17,28.5,60.9288,1.5
700000231,96.169,0,0,-96.169,96.169,231,0,0,0,10,11,13,66.5081,1.5
700000254,96.5645,0,0,-96.5645,96.5645,254,0,0,0,10,10,-1,74.7636,1.5
700000256,105.151,0,0,-105.151,105.151,256,0,0,0,10,8,-23.4324,71.4324,1.5
700000263,105.076,0,0,-105.076,105.076,263,0,0,0,10,15,27.3788,72.3788,1.5
700000263,104.475,0,0,-104.475,104.475,263,0,0,0,10,18,34.9531,68.9531,1.5
700000265,98.9001,0,0,-98.9001,98.9001,265,0,0,0,10,12,-16.5,76.0848,1.5
700000266,101.392,0,0,-101.392,101.392,266,0,0,0,10,14,-29.5801,72.5801,1.5
716348474,101.392,0,0,-101.392,101.392,266,14,-29.5801,72.5801,1.5,0,0,0,10
716598471,105.076,0,0,-105.076,105.076,263,15,27.3788,72.3788,1.5,0,0,0,10
717723425,102.659,0,0,-102.659,102.659,217,3,-24.2338,59.5,1.5,0,0,0,10
717848321,84.6559,0,0,-84.6559,84.6559,113,9,4.88901,31.389,1.5,0,0,0,10
718723473,98.9001,0,0,-98.9001,98.9001,265,12,-16.5,76.0848,1.5,0,0,0,10
719348437,100.777,0,0,-100.777,100.777,229,17,28.5,60.9288,1.5,0,0,0,10
719848462,96.5645,0,0,-96.5645,96.5645,254,10,-1,74.7636,1.5,0,0,0,10
720598330,85.2567,0,0,-85.2567,85.2567,122,16,9.95909,33.4591,1.5,0,0,0,10
720973303,83.5961,0,0,-83.5961,83.5961,95,7,7.54354,25.5,1.5,0,0,0,10
721223322,84.5726,0,0,-84.5726,84.5726,114,1,-9.08638,31.4136,1.5,0,0,0,10
721348395,95.3644,0,0,-95.3644,95.3644,187,5,-22,49.7179,1.5,0,0,0,10
721598377,96.8431,0,0,-96.8431,96.8431,169,13,19.8315,44.8315,1.5,0,0,0,10
721848464,105.151,0,0,-105.151,105.151,256,8,-23.4324,71.4324,1.5,0,0,0,10
722098308,83.9174,0,0,-83.9174,83.9174,100,19,9.6595,26.3405,1.5,0,0,0,10
722973300,83.7694,0,0,-83.7694,83.7694,92,4,-12.1975,24.1975,1.5,0,0,0,10
723348471,104.475,0,0,-104.475,104.475,263,18,34.9531,68.9531,1.5,0,0,0,10
723973382,99.1425,0,0,-99.1425,99.1425,174,2,-3.27702,51.5,1.5,0,0,0,10
724598439,96.169,0,0,-96.169,96.169,231,11,13,66.5081,1.5,0,0,0,10
725223289,82.2156,0,0,-82.2156,82.2156,81,6,1.5,21.5839,1.5,0,0,0,10
726223384,95.974,0,0,-95.974,95.974,176,20,13.7,49.2,1.5,0,0,0,10
750000081,82.2156,0,0,-82.2156,82.2156,81,0,0,0,10,6,1.5,21.5839,1.5
750000092,83.7694,0,0,-83.7694,83.7694,92,0,0,0,10,4,-12.1975,24.1975,1.5
750000095,83.5961,0,0,-83.5961,83.5961,95,0,0,0,10,7,7.54354,25.5,1.5
750000100,83.9174,0,0,-83.9174,83.9174,100,0,0,0,10,19,9.6595,26.3405,1.5
750000113,84.6559,0,0,-84.6559,84.6559,113,0,0,0,10,9,4.88901,31.389,1.5
750000114,84.5726,0,0,-84.5726,84.5726,114,0,0,0,10,1,-9.08638,31.4136,1.5
750000122,85.2567,0,0,-85.2567,85.2567,122,0,0,0,10,16,9.95909,33.4591,1.5
750000169,96.8431,0,0,-96.8431,96.8431,169,0,0,0,10,13,19.8315,44.8315,1.5
750000174,99.1425,0,0,-99.1425,99.1425,174,0,0,0,10,2,-3.27702,51.5,1.5
750000176,95.974,0,0,-95.974,95.974,176,0,0,0,10,20,13.7,49.2,1.5
750000187,95.3644,0,0,-95.3644,95.3644,187,0,0,0,10,5,-22,49.7179,1.5
750000217,102.659,0,0,-102.659,102.659,217,0,0,0,10,3,-24.2338,59.5,1.5
750000229,100.777,0,0,-100.777,100.777,229,0,0,0,10,17,28.5,60.9288,1.5
750000231,96.169,0,0,-96.169,96.169,231,0,0,0,10,11,13,66.5081,1.5
750000254,96.5645,0,0,-96.5645,96.5645,254,0,0,0,10,10,-1,74.7636,1.5
750000256,105.151,0,0,-105.151,105.151,256,0,0,0,10,8,-23.4324,71.4324,1.5
750000263,105.076,0,0,-105.076,105.076,263,0,0,0,10,15,27.3788,72.3788,1.5
750000263,104.475,0,0,-104.475,104.475,263,0,0,0,10,18,34.9531,68.9531,1.5
750000265,98.9001,0,0,-98.9001,98.9001,265,0,0,0,10,12,-16.5,76.0848,1.5
750000266,101.392,0,0,-101.392,101.392,266,0,0,0,10,14,-29.5801,72.5801,1.5
766348474,101.392,0,0,-101.392,101.392,266,14,-29.5801,72.5801,1.5,0,0,0,10
766598471,105.076,0,0,-105.076,105.076,263,15,27.3788,72.3788,1.5,0,0,0,10
767723425,102.659,0,0,-102.659,102.659,217,3,-24.2338,59.5,1.5,0,0,0,10
767848321,84.6559,0,0,-84.6559,84.6559,113,9,4.88901,31.389,1.5,0,0,0,10
768723473,98.9001,0,0,-98.9001,98.9001,265,12,-16.5,76.0848,1.5,0,0,0,10
769348437,100.777,0,0,-100.777,100.777,229,17,28.5,60.9288,1.5,0,0,0,10
769848462,96.5645,0,0,-96.5645,96.5645,254,10,-1,74.7636,1.5,0,0,0,10
770598330,85.2567,0,0,-85.2567,85.2567,122,16,9.95909,33.4591,1.5,0,0,0,10
770973303,83.5961,0,0,-83.5961,83.5961,95,7,7.54354,25.5,1.5,0,0,0,10
771223322,84.5726,0,0,-84.5726,84.5726,114,1,-9.08638,31.4136,1.5,0,0,0,10
771348395,95.3644,0,0,-95.3644,95.3644,187,5,-22,49.7179,1.5,0,0,0,10
771598377,96.8431,0,0,-96.8431,96.8431,169,13,19.8315,44.8315,1.5,0,0,0,10
771848464,105.151,0,0,-105.151,105.151,256,8,-23.4324,71.4324,1.5,0,0,0,10
772098308,83.9174,0,0,-83.9174,83.9174,100,19,9.6595,26.3405,1.5,0,0,0,10
772973300,83.7694,0,0,-83.7694,83.7694,92,4,-12.1975,24.1975,1.5,0,0,0,10
773348471,104.475,0,0,-104.475,104.475,263,18,34.9531,68.9531,1.5,0,0,0,10
773973382,99.1425,0,0,-99.1425,99.1425,174,2,-3.27702,51.5,1.5,0,0,0,10
774598439,96.169,0,0,-96.169,96.169,231,11,13,66.5081,1.5,0,0,0,10
775223289,82.2156,0,0,-82.2156,82.2156,81,6,1.5,21.5839,1.5,0,0,0,10
776223384,95.974,0,0,-95.974,95.974,176,20,13.7,49.2,1.5,0,0,0,10
800000081,82.2156,0,0,-82.2156,82.2156,81,0,0,0,10,6,1.5,21.4339,1.5
800000092,83.7694,0,0,-83.7694,83.7694,92,0,0,0,10,4,-12.3036,24.3036,1.5
800000095,83.5961,0,0,-83.5961,83.5961,95,0,0,0,10,7,7.69354,25.5,1.5
800000100,83.9174,0,0,-83.9174,83.9174,100,0,0,0,10,19,9.76556,26.2344,1.5
800000113,84.6559,0,0,-84.6559,84.6559,113,0,0,0,10,9,4.78295,31.2829,1.5
800000114,84.5726,0,0,-84.5726,84.5726,114,0,0,0,10,1,-9.19245,31.3076,1.5
800000122,85.2567,0,0,-85.2567,85.2567,122,0,0,0,10,16,9.85303,33.353,1.5
800000169,96.8431,0,0,-96.8431,96.8431,169,0,0,0,10,13,19.7255,44.7255,1.5
800000174,99.1425,0,0,-99.1425,99.1425,174,0,0,0,10,2,-3.42702,51.5,1.5
800000176,95.974,0,0,-95.974,95.974,176,0,0,0,10,20,13.594,49.094,1.5
800000187,95.3644,0,0,-95.3644,95.3644,187,0,0,0,10,5,-22,49.5679,1.5
800000217,102.659,0,0,-102.659,102.659,217,0,0,0,10,3,-24.0838,59.5,1.5
800000229,100.777,0,0,-100.777,100.777,229,0,0,0,10,17,28.5,60.7788,1.5
800000231,96.169,0,0,-96.169,96.169,231,0,0,0,10,11,13,66.3581,1.5
800000254,96.5645,0,0,-96.5645,96.5645,254,0,0,0,10,10,-1,74.6136,1.5
800000256,105.151,0,0,-105.151,105.151,256,0,0,0,10,8,-23.3264,71.3264,1.5
800000263,105.076,0,0,-105.076,105.076,263,0,0,0,10,15,27.2728,72.2728,1.5
800000263,104.475,0,0,-104.475,104.475,263,0,0,0,10,18,34.847,68.847,1.5
800000265,98.9001,0,0,-98.9001,98.9001,265,0,0,0,10,12,-16.5,75.9348,1.5
800000266,101.392,0,0,-101.392,101.392,266,0,0,0,10,14,-29.474,72.474,1.5
816348474,101.392,0,0,-101.392,101.392,266,14,-29.474,72.474,1.5,0,0,0,10
816598471,105.076,0,0,-105.076,105.076,263,15,27.2728,72.2728,1.5,0,0,0,10
817723425,102.659,0,0,-102.659,102.659,217,3,-24.0838,59.5,1.5,0,0,0,10
817848321,84.6559,0,0,-84.6559,84.6559,113,9,4.78295,31.2829,1.5,0,0,0,10
818723473,98.9001,0,0,-98.9001,98.9001,265,12,-16.5,75.9348,1.5,0,0,0,10
819348437,100.777,0,0,-100.777,100.777,229,17,28.5,60.7788,1.5,0,0,0,10
819848462,96.5645,0,0,-96.5645,96.5645,254,10,-1,74.6136,1.5,0,0,0,10
820598330,85.2567,0,0,-85.2567,85.2567,122,16,9.85303,33.353,1.5,0,0,0,10
820973303,83.5961,0,0,-83.5961,83.5961,95,7,7.69354,25.5,1.5,0,0,0,10
821223322,84.5726,0,0,-84.5726,84.5726,114,1,-9.19245,31.3076,1.5,0,0,0,10
821348395,95.3644,0,0,-95.3644,95.3644,187,5,-22,49.5679,1.5,0,0,0,10
821598377,96.8431,0,0,-96.8431,96.8431,169,13,19.7255,44.7255,1.5,0,0,0,10
821848464,105.151,0,0,-105.151,105.151,256,8,-23.3264,71.3264,1.5,0,0,0,10
822098308,83.9174,0,0,-83.9174,83.9174,100,19,9.76556,26.2344,1.5,0,0,0,10
822973300,83.7694,0,0,-83.7694,83.7694,92,4,-12.3036,24.3036,1.5,0,0,0,10
823348471,104.475,0,0,-104.475,104.475,263,18,34.847,68.847,1.5,0,0,0,10
823973382,99.1425,0,0,-99.1425,99.1425,174,2,-3.42702,51.5,1.5,0,0,0,10
824598439,96.169,0,0,-96.169,96.169,231,11,13,66.3581,1.5,0,0,0,10
825223289,82.2156,0,0,-82.2156,82.2156,81,6,1.5,21.4339,1.5,0,0,0,10
826223384,95.974,0,0,-95.974,95.974,176,20,13.594,49.094,1.5,0,0,0,10
850000081,82.2156,0,0,-82.2156,82.2156,81,0,0,0,10,6,1.5,21.4339,1.5
850000092,83.7694,0,0,-83.7694,83.7694,92,0,0,0,10,4,-12.3036,24.3036,1.5
850000095,83.5961,0,0,-83.5961,83.5961,95,0,0,0,10,7,7.69354,25.5,1.5
850000100,83.9174,0,0,-83.9174,83.9174,100,0,0,0,10,19,9.76556,26.2344,1.5
850000113,84.6559,0,0,-84.6559,84.6559,113,0,0,0,10,9,4.78295,31.2829,1.5
850000114,84.5726,0,0,-84.5726,84.5726,114,0,0,0,10,1,-9.19245,31.3076,1.5
850000122,85.2567,0,0,-85.2567,85.2567,122,0,0,0,10,16,9.85303,33.353,1.5
850000169,96.8431,0,0,-96.8431,96.8431,169,0,0,0,10,13,19.7255,44.7255,1.5
850000174,99.1425,0,0,-99.1425,99.1425,174,0,0,0,10,2,-3.42702,51.5,1.5
850000176,95.974,0,0,-95.974,95.974,176,0,0,0,10,20,13.594,49.094,1.5
850000187,95.3644,0,0,-95.3644,95.3644,187,0,0,0,10,5,-22,49.5679,1.5
850000217,102.659,0,0,-102.659,102.659,217,0,0,0,10,3,-24.0838,59.5,1.5
850000229,100.777,0,0,-100.777,100.777,229,0,0,0,10,17,28.5,60.7788,1.5
850000231,96.169,0,0,-96.169,96.169,231,0,0,0,10,11,13,66.3581,1.5
850000254,96.5645,0,0,-96.5645,96.5645,254,0,0,0,10,10,-1,74.6136,1.5
850000256,105.151,0,0,-105.151,105.151,256,0,0,0,10,8,-23.3264,71.3264,1.5
850000263,105.076,0,0,-105.076,105.076,263,0,0,0,10,15,27.2728,72.2728,1.5
850000263,104.475,0,0,-104.475,104.475,263,0,0,0,10,18,34.847,68.847,1.5
850000265,98.9001,0,0,-98.9001,98.9001,265,0,0,0,10,12,-16.5,75.9348,1.5
850000266,101.392,0,0,-101.392,101.392,266,0,0,0,10,14,-29.474,72.474,1.5
866348474,101.392,0,0,-101.392,101.392,266,14,-29.474,72.474,1.5,0,0,0,10
866598471,105.076,0,0,-105.076,105.076,263,15,27.2728,72.2728,1.5,0,0,0,10
867723425,102.659,0,0,-102.659,102.659,217,3,-24.0838,59.5,1.5,0,0,0,10
867848321,84.6559,0,0,-84.6559,84.6559,113,9,4.78295,31.2829,1.5,0,0,0,10
868723473,98.9001,0,0,-98.9001,98.9001,265,12,-16.5,75.9348,1.5,0,0,0,10
869348437,100.777,0,0,-100.777,100.777,229,17,28.5,60.7788,1.5,0,0,0,10
869848462,96.5645,0,0,-96.5645,96.5645,254,10,-1,74.6136,1.5,0,0,0,10
870598330,85.2567,0,0,-85.2567,85.2567,122,16,9.85303,33.353,1.5,0,0,0,10
870973303,83.5961,0,0,-83.5961,83.5961,95,7,7.69354,25.5,1.5,0,0,0,10
871223322,84.5726,0,0,-84.5726,84.5726,114,1,-9.19245,31.3076,1.5,0,0,0,10
871348395,95.3644,0,0,-95.3644,95.3644,187,5,-22,49.5679,1.5,0,0,0,10
871598377,96.8431,0,0,-96.8431,96.8431,169,13,19.7255,44.7255,1.5,0,0,0,10
871848464,105.151,0,0,-105.151,105.151,256,8,-23.3264,71.3264,1.5,0,0,0,10
872098308,83.9174,0,0,-83.9174,83.9174,100,19,9.76556,26.2344,1.5,0,0,0,10
872973300,83.7694,0,0,-83.7694,83.7694,92,4,-12.3036,24.3036,1.5,0,0,0,10
873348471,104.475,0,0,-104.475,104.475,263,18,34.847,68.847,1.5,0,0,0,10
873973382,99.1425,0,0,-99.1425,99.1425,174,2,-3.42702,51.5,1.5,0,0,0,10
874598439,96.169,0,0,-96.169,96.169,231,11,13,66.3581,1.5,0,0,0,10
875223289,82.2156,0,0,-82.2156,82.2156,81,6,1.5,21.4339,1.5,0,0,0,10
876223384,95.974,0,0,-95.974,95.974,176,20,13.594,49.094,1.5,0,0,0,10
900000081,82.2156,0,0,-82.2156,82.2156,81,0,0,0,10,6,1.5,21.2839,1.5
900000092,83.7694,0,0,-83.7694,83.7694,92,0,0,0,10,4,-12.4096,24.4096,1.5
900000095,83.5961,0,0,-83.5961,83.5961,95,0,0,0,10,7,7.84354,25.5,1.5
900000100,83.9174,0,0,-83.9174,83.9174,100,0,0,0,10,19,9.87163,26.1284,1.5
900000113,84.6559,0,0,-84.6559,84.6559,113,0,0,0,10,9,4.67688,31.1769,1.5
900000114,84.5726,0,0,-84.5726,84.5726,114,0,0,0,10,1,-9.29852,31.2015,1.5
900000122,85.2567,0,0,-85.2567,85.2567,122,0,0,0,10,16,9.74696,33.247,1.5
900000169,96.8431,0,0,-96.8431,96.8431,169,0,0,0,10,13,19.6194,44.6194,1.5
900000174,99.1425,0,0,-99.1425,99.1425,174,0,0,0,10,2,-3.57702,51.5,1.5
900000176,95.974,0,0,-95.974,95.974,176,0,0,0,10,20,13.4879,48.9879,1.5
900000187,95.3644,0,0,-95.3644,95.3644,187,0,0,0,10,5,-22,49.4179,1.5
900000217,102.659,0,0,-102.659,102.659,217,0,0,0,10,3,-23.9338,59.5,1.5
900000229,100.777,0,0,-100.777,100.777,229,0,0,0,10,17,28.5,60.6288,1.5
900000231,96.169,0,0,-96.169,96.169,231,0,0,0,10,11,13,66.2081,1.5
900000254,96.5645,0,0,-96.5645,96.5645,254,0,0,0,10,10,-1,74.4636,1.5
900000256,105.151,0,0,-105.151,105.151,256,0,0,0,10,8,-23.2203,71.2203,1.5
900000263,105.076,0,0,-105.076,105.076,263,0,0,0,10,15,27.1667,72.1667,1.5
900000263,104.475,0,0,-104.475,104.475,263,0,0,0,10,18,34.7409,68.7409,1.5
900000265,98.9001,0,0,-98.9001,98.9001,265,0,0,0,10,12,-16.5,75.7848,1.5
900000266,101.392,0,0,-101.392,101.392,266,0,0,0,10,14,-29.368,72.368,1.5
916348474,101.392,0,0,-101.392,101.392,266,14,-29.368,72.368,1.5,0,0,0,10
916598471,105.076,0,0,-105.076,105.076,263,15,27.1667,72.1667,1.5,0,0,0,10
917723425,102.659,0,0,-102.659,102.659,217,3,-23.9338,59.5,1.5,0,0,0,10
917848321,84.6559,0,0,-84.6559,84.6559,113,9,4.67688,31.1769,1.5,0,0,0,10
918723473,98.9001,0,0,-98.9001,98.9001,265,12,-16.5,75.7848,1.5,0,0,0,10
919348437,100.777,0,0,-100.777,100.777,229,17,28.5,60.6288,1.5,0,0,0,10
919848462,96.5645,0,0,-96.5645,96.5645,254,10,-1,74.4636,1.5,0,0,0,10
920598330,85.2567,0,0,-85.2567,85.2567,122,16,9.74696,33.247,1.5,0,0,0,10
920973303,83.5961,0,0,-83.5961,83.5961,95,7,7.84354,25.5,1.5,0,0,0,10
921223322,84.5726,0,0,-84.5726,84.5726,114,1,-9.29852,31.2015,1.5,0,0,0,10
921348395,95.3644,0,0,-95.3644,95.3644,187,5,-22,49.4179,1.5,0,0,0,10
921598377,96.8431,0,0,-96.8431,96.8431,169,13,19.6194,44.6194,1.5,0,0,0,10
921848464,105.151,0,0,-105.151,105.151,256,8,-23.2203,71.2203,1.5,0,0,0,10
922098308,83.9174,0,0,-83.9174,83.9174,100,19,9.87163,26.1284,1.5,0,0,0,10
922973300,83.7694,0,0,-83.7694,83.7694,92,4,-12.4096,24.4096,1.5,0,0,0,10
923348471,104.475,0,0,-104.475,104.475,263,18,34.7409,68.7409,1.5,0,0,0,10
923973382,99.1425,0,0,-99.1425,99.1425,174,2,-3.57702,51.5,1.5,0,0,0,10
924598439,96.169,0,0,-96.169,96.169,231,11,13,66.2081,1.5,0,0,0,10
925223289,82.2156,0,0,-82.2156,82.2156,81,6,1.5,21.2839,1.5,0,0,0,10
926223384,95.974,0,0,-95.974,95.974,176,20,13.4879,48.9879,1.5,0,0,0,10
950000081,82.2156,0,0,-82.2156,82.2156,81,0,0,0,10,6,1.5,21.2839,1.5
950000092,83.7694,0,0,-83.7694,83.7694,92,0,0,0,10,4,-12.4096,24.4096,1.5
950000095,83.5961,0,0,-83.5961,83.5961,95,0,0,0,10,7,7.84354,25.5,1.5
950000100,83.9174,0,0,-83.9174,83.9174,100,0,0,0,10,19,9.87163,26.1284,1.5
950000113,84.6559,0,0,-84.6559,84.6559,113,0,0,0,10,9,4.67688,31.1769,1.5
950000114,84.5726,0,0,-84.5726,84.5726,114,0,0,0,10,1,-9.29852,31.2015,1.5
950000122,85.2567,0,0,-85.2567,85.2567,122,0,0,0,10,16,9.74696,33.247,1.5
950000169,96.8431,0,0,-96.8431,96.8431,169,0,0,0,10,13,19.6194,44.6194,1.5
950000174,99.1425,0,0,-99.1425,99.1425,174,0,0,0,10,2,-3.57702,51.5,1.5
950000176,95.974,0,0,-95.974,95.974,176,0,0,0,10,20,13.4879,48.9879,1.5
950000187,95.3644,0,0,-95.3644,95.3644,187,0,0,0,10,5,-22,49.4179,1.5
950000217,102.659,0,0,-102.659,102.659,217,0,0,0,10,3,-23.9338,59.5,1.5
950000229,100.777,0,0,-100.777,100.777,229,0,0,0,10,17,28.5,60.6288,1.5
950000231,96.169,0,0,-96.169,96.169,231,0,0,0,10,11,13,66.2081,1.5
950000254,96.5645,0,0,-96.5645,96.5645,254,0,0,0,10,10,-1,74.4636,1.5
950000256,105.151,0,0,-105.151,105.151,256,0,0,0,10,8,-23.2203,71.2203,1.5
950000263,105.076,0,0,-105.076,105.076,263,0,0,0,10,15,27.1667,72.1667,1.5
950000263,104.475,0,0,-104.475,104.475,263,0,0,0,10,18,34.7409,68.7409,1.5
950000265,98.9001,0,0,-98.9001,98.9001,265,0,0,0,10,12,-16.5,75.7848,1.5
950000266,101.392,0,0,-101.392,101.392,266,0,0,0,10,14,-29.368,72.368,1.5
966348474,101.392,0,0,-101.392,101.392,266,14,-29.368,72.368,1.5,0,0,0,10
966598471,105.076,0,0,-105.076,105.076,263,15,27.1667,72.1667,1.5,0,0,0,10
967723425,102.659,0,0,-102.659,102.659,217,3,-23.9338,59.5,1.5,0,0,0,10
967848321,84.6559,0,0,-84.6559,84.6559,113,9,4.67688,31.1769,1.5,0,0,0,10
968723473,98.9001,0,0,-98.9001,98.9001,265,12,-16.5,75.7848,1.5,0,0,0,10
969348437,100.777,0,0,-100.777,100.777,229,17,28.5,60.6288,1.5,0,0,0,10
969848462,96.5645,0,0,-96.5645,96.5645,254,10,-1,74.4636,1.5,0,0,0,10
970598330,85.2567,0,0,-85.2567,85.2567,122,16,9.74696,33.247,1.5,0,0,0,10
970973303,83.5961,0,0,-83.5961,83.5961,95,7,7.84354,25.5,1.5,0,0,0,10
971223322,84.5726,0,0,-84.5726,84.5726,114,1,-9.29852,31.2015,1.5,0,0,0,10
971348395,95.3644,0,0,-95.3644,95.3644,187,5,-22,49.4179,1.5,0,0,0,10
971598377,96.8431,0,0,-96.8431,96.8431,169,13,19.6194,44.6194,1.5,0,0,0,10
971848464,105.151,0,0,-105.151,105.151,256,8,-23.2203,71.2203,1.5,0,0,0,10
972098308,83.9174,0,0,-83.9174,83.9174,100,19,9.87163,26.1284,1.5,0,0,0,10
972973300,83.7694,0,0,-83.7694,83.7694,92,4,-12.4096,24.4096,1.5,0,0,0,10
973348471,104.475,0,0,-104.475,104.475,263,18,34.7409,68.7409,1.5,0,0,0,10
973973382,99.1425,0,0,-99.1425,99.1425,174,2,-3.57702,51.5,1.5,0,0,0,10
974598439,96.169,0,0,-96.169,96.169,231,11,13,66.2081,1.5,0,0,0,10
975223289,82.2156,0,0,-82.2156,82.2156,81,6,1.5,21.2839,1.5,0,0,0,10
976223384,95.974,0,0,-95.974,95.974,176,20,13.4879,48.9879,1.5,0,0,0,10
1000000081,82.2156,0,0,-82.2156,82.2156,81,0,0,0,10,6,1.5,21.1339,1.5
1000000092,83.7694,0,0,-83.7694,83.7694,92,0,0,0,10,4,-12.5157,24.5157,1.5
1000000095,83.5961,0,0,-83.5961,83.5961,95,0,0,0,10,7,7.99354,25.5,1.5
1000000100,83.9174,0,0,-83.9174,83.9174,100,0,0,0,10,19,9.9777,26.0223,1.5
1000000113,84.6559,0,0,-84.6559,84.6559,113,0,0,0,10,9,4.57082,31.0708,1.5
1000000114,84.5726,0,0,-84.5726,84.5726,114,0,0,0,10,1,-9.40458,31.0954,1.5
1000000122,85.2567,0,0,-85.2567,85.2567,122,0,0,0,10,16,9.6409,33.1409,1.5
1000000169,96.8431,0,0,-96.8431,96.8431,169,0,0,0,10,13,19.5133,44.5133,1.5
1000000174,99.1425,0,0,-99.1425,99.1425,174,0,0,0,10,2,-3.72702,51.5,1.5
1000000176,95.974,0,0,-95.974,95.974,176,0,0,0,10,20,13.3818,48.8818,1.5
1000000187,95.3644,0,0,-95.3644,95.3644,187,0,0,0,10,5,-22,49.2679,1.5
1000000217,102.659,0,0,-102.659,102.659,217,0,0,0,10,3,-23.7838,59.5,1.5
1000000229,100.777,0,0,-100.777,100.777,229,0,0,0,10,17,28.5,60.4788,1.5
1000000231,96.169,0,0,-96.169,96.169,231,0,0,0,10,11,13,66.0581,1.5
1000000254,96.5645,0,0,-96.5645,96.5645,254,0,0,0,10,10,-1,74.3136,1.5
1000000256,105.151,0,0,-105.151,105.151,256,0,0,0,10,8,-23.1142,71.1142,1.5
1000000263,105.076,0,0,-105.076,105.076,263,0,0,0,10,15,27.0606,72.0606,1.5
1000000263,104.475,0,0,-104.475,104.475,263,0,0,0,10,18,34.6349,68.6349,1.5
1000000265,98.9001,0,0,-98.9001,98.9001,265,0,0,0,10,12,-16.5,75.6348,1.5
1000000266,101.392,0,0,-101.392,101.392,266,0,0,0,10,14,-29.2619,72.2619,1.5
1016348474,101.392,0,0,-101.392,101.392,266,14,-29.2619,72.2619,1.5,0,0,0,10
1016598471,105.076,0,0,-105.076,105.076,263,15,27.0606,72.0606,1.5,0,0,0,10
1017723425,102.659,0,0,-102.659,102.659,217,3,-23.7838,59.5,1.5,0,0,0,10
1017848321,84.6559,0,0,-84.6559,84.6559,113,9,4.57082,31.0708,1.5,0,0,0,10
1018723473,98.9001,0,0,-98.9001,98.9001,265,12,-16.5,75.6348,1.5,0,0,0,10
1019348437,100.777,0,0,-100.777,100.777,229,17,28.5,60.4788,1.5,0,0,0,10
1019848462,96.5645,0,0,-96.5645,96.5645,254,10,-1,74.3136,1.5,0,0,0,10
1020598330,85.2567,0,0,-85.2567,85.2567,122,16,9.6409,33.1409,1.5,0,0,0,10
1020973303,83.5961,0,0,-83.5961,83.5961,95,7,7.99354,25.5,1.5,0,0,0,10
1021223322,84.5726,0,0,-84.5726,84.5726,114,1,-9.40458,31.0954,1.5,0,0,0,10
1021348395,95.3644,0,0,-95.3644,95.3644,187,5,-22,49.2679,1.5,0,0,0,10
1021598377,96.8431,0,0,-96.8431,96.8431,169,13,19.5133,44.5133,1.5,0,0,0,10
1021848464,105.151,0,0,-105.151,105.151,256,8,-23.1142,71.1142,1.5,0,0,0,10
1022098308,83.9174,0,0,-83.9174,83.9174,100,19,9.9777,26.0223,1.5,0,0,0,10
1022973300,83.7694,0,0,-83.7694,83.7694,92,4,-12.5157,24.5157,1.5,0,0,0,10
1023348471,104.475,0,0,-104.475,104.475,263,18,34.6349,68.6349,1.5,0,0,0,10
1023973382,99.1425,0,0,-99.1425,99.1425,174,2,-3.72702,51.5,1.5,0,0,0,10
1024598439,96.169,0,0,-96.169,96.169,231,11,13,66.0581,1.5,0,0,0,10
1025223289,82.2156,0,0,-82.2156,82.2156,81,6,1.5,21.1339,1.5,0,0,0,10
1026223384,95.974,0,0,-95.974,95.974,176,20,13.3818,48.8818,1.5,0,0,0,10
1050000081,82.2156,0,0,-82.2156,82.2156,81,0,0,0,10,6,1.5,21.1339,1.5
1050000092,83.7694,0,0,-83.7694,83.7694,92,0,0,0,10,4,-12.5157,24.5157,1.5
1050000095,83.5961,0,0,-83.5961,83.5961,95,0,0,0,10,7,7.99354,25.5,1.5
1050000100,83.9174,0,0,-83.9174,83.9174,100,0,0,0,10,19,9.9777,26.0223,1.5
1050000113,84.6559,0,0,-84.6559,84.6559,113,0,0,0,10,9,4.57082,31.0708,1.5
1050000114,84.5726,0,0,-84.5726,84.5726,114,0,0,0,10,1,-9.40458,31.0954,1.5
1050000122,85.2567,0,0,-85.2567,85.2567,122,0,0,0,10,16,9.6409,33.1409,1.5
1050000169,96.8431,0,0,-96.8431,96.8431,169,0,0,0,10,13,19.5133,44.5133,1.5
1050000174,99.1425,0,0,-99.1425,99.1425,174,0,0,0,10,2,-3.72702,51.5,1.5
1050000176,95.974,0,0,-95.974,95.974,176,0,0,0,10,20,13.3818,48.8818,1.5
1050000187,95.3644,0,0,-95.3644,95.3644,187,0,0,0,10,5,-22,49.2679,1.5
1050000217,102.659,0,0,-102.659,102.659,217,0,0,0,10,3,-23.7838,59.5,1.5
1050000229,100.777,0,0,-100.777,100.777,229,0,0,0,10,17,28.5,60.4788,1.5
1050000231,96.169,0,0,-96.169,96.169,231,0,0,0,10,11,13,66.0581,1.5
1050000254,96.5645,0,0,-96.5645,96.5645,254,0,0,0,10,10,-1,74.3136,1.5
1050000256,105.151,0,0,-105.151,105.151,256,0,0,0,10,8,-23.1142,71.1142,1.5
1050000263,105.076,0,0,-105.076,105.076,263,0,0,0,10,15,27.0606,72.0606,1.5
1050000263,104.475,0,0,-104.475,104.475,263,0,0,0,10,18,34.6349,68.6349,1.5
1050000265,98.9001,0,0,-98.9001,98.9001,265,0,0,0,10,12,-16.5,75.6348,1.5
1050000266,101.392,0,0,-101.392,101.392,266,0,0,0,10,14,-29.2619,72.2619,1.5
1066348474,101.392,0,0,-101.392,101.392,266,14,-29.2619,72.2619,1.5,0,0,0,10
1066598471,105.076,0,0,-105.076,105.076,263,15,27.0606,72.0606,1.5,0,0,0,10
1067723425,102.659,0,0,-102.659,102.659,217,3,-23.7838,59.5,1.5,0,0,0,10
1067848321,84.6559,0,0,-84.6559,84.6559,113,9,4.57082,31.0708,1.5,0,0,0,10
1068723473,98.9001,0,0,-98.9001,98.9001,265,12,-16.5,75.6348,1.5,0,0,0,10
1069348437,100.777,0,0,-100.777,100.777,229,17,28.5,60.4788,1.5,0,0,0,10
1069848462,96.5645,0,0,-96.5645,96.5645,254,10,-1,74.3136,1.5,0,0,0,10
1070598330,85.2567,0,0,-85.2567,85.2567,122,16,9.6409,33.1409,1.5,0,0,0,10
1070973303,83.5961,0,0,-83.5961,83.5961,95,7,7.99354,25.5,1.5,0,0,0,10
1071223322,84.5726,0,0,-84.5726,84.5726,114,1,-9.40458,31.0954,1.5,0,0,0,10
1071348395,95.3644,0,0,-95.3644,95.3644,187,5,-22,49.2679,1.5,0,0,0,10
1071598377,96.8431,0,0,-96.8431,96.8431,169,13,19.5133,44.5133,1.5,0,0,0,10
1071848464,105.151,0,0,-105.151,105.151,256,8,-23.1142,71.1142,1.5,0,0,0,10
1072098308,83.9174,0,0,-83.9174,83.9174,100,19,9.9777,26.0223,1.5,0,0,0,10
1072973300,83.7694,0,0,-83.7694,83.7694,92,4,-12.5157,24.5157,1.5,0,0,0,10
1073348471,104.475,0,0,-104.475,104.475,263,18,34.6349,68.6349,1.5,0,0,0,10
1073973382,99.1425,0,0,-99.1425,99.1425,174,2,-3.72702,51.5,1.5,0,0,0,10
1074598439,96.169,0,0,-96.169,96.169,231,11,13,66.0581,1.5,0,0,0,10
1075223289,82.2156,0,0,-82.2156,82.2156,81,6,1.5,21.1339,1.5,0,0,0,10
1076223384,95.974,0,0,-95.974,95.974,176,20,13.3818,48.8818,1.5,0,0,0,10
1100000081,82.2156,0,0,-82.2156,82.2156,81,0,0,0,10,6,1.5,20.9839,1.5
1100000092,83.7694,0,0,-83.7694,83.7694,92,0,0,0,10,4,-12.6218,24.6218,1.5
1100000095,83.5961,0,0,-83.5961,83.5961,95,0,0,0,10,7,8.1015,25.3985,1.5
1100000100,83.9174,0,0,-83.9174,83.9174,100,0,0,0,10,19,10.0838,25.9162,1.5
1100000113,84.6559,0,0,-84.6559,84.6559,113,0,0,0,10,9,4.46475,30.9647,1.5
1100000114,84.5726,0,0,-84.5726,84.5726,114,0,0,0,10,1,-9.51065,30.9894,1.5
1100000122,85.2567,0,0,-85.2567,85.2567,122,0,0,0,10,16,9.53483,33.0348,1.5
1100000169,96.8431,0,0,-96.8431,96.8431,169,0,0,0,10,13,19.4073,44.4073,1.5
1100000174,99.1425,0,0,-99.1425,99.1425,174,0,0,0,10,2,-3.87702,51.5,1.5
1100000176,95.974,0,0,-95.974,95.974,176,0,0,0,10,20,13.2758,48.7758,1.5
1100000187,95.3644,0,0,-95.3644,95.3644,187,0,0,0,10,5,-22,49.1179,1.5
1100000217,102.659,0,0,-102.659,102.659,217,0,0,0,10,3,-23.6338,59.5,1.5
1100000229,100.777,0,0,-100.777,100.777,229,0,0,0,10,17,28.5,60.3288,1.5
1100000231,96.169,0,0,-96.169,96.169,231,0,0,0,10,11,13,65.9081,1.5
1100000254,96.5645,0,0,-96.5645,96.5645,254,0,0,0,10,10,-1,74.1636,1.5
1100000256,105.151,0,0,-105.151,105.151,256,0,0,0,10,8,-23.0082,71.0082,1.5
1100000263,105.076,0,0,-105.076,105.076,263,0,0,0,10,15,26.9546,71.9546,1.5
1100000263,104.475,0,0,-104.475,104.475,263,0,0,0,10,18,34.5288,68.5288,1.5
1100000265,98.9001,0,0,-98.9001,98.9001,265,0,0,0,10,12,-16.5,75.4848,1.5
1100000266,101.392,0,0,-101.392,101.392,266,0,0,0,10,14,-29.1558,72.1558,1.5
1116348474,101.392,0,0,-101.392,101.392,266,14,-29.1558,72.1558,1.5,0,0,0,10
1116598471,105.076,0,0,-105.076,105.076,263,15,26.9546,71.9546,1.5,0,0,0,10
1117723425,102.659,0,0,-102.659,102.659,217,3,-23.6338,59.5,1.5,0,0,0,10
1117848321,84.6559,0,0,-84.6559,84.6559,113,9,4.46475,30.9647,1.5,0,0,0,10
1118723473,98.9001,0,0,-98.9001,98.9001,265,12,-16.5,75.4848,1.5,0,0,0,10
1119348437,100.777,0,0,-100.777,100.777,229,17,28.5,60.3288,1.5,0,0,0,10
1119848462,96.5645,0,0,-96.5645,96.5645,254,10,-1,74.1636,1.5,0,0,0,10
1120598330,85.2567,0,0,-85.2567,85.2567,122,16,9.53483,33.0348,1.5,0,0,0,10
1120973303,83.5961,0,0,-83.5961,83.5961,95,7,8.1015,25.3985,1.5,0,0,0,10
1121223322,84.5726,0,0,-84.5726,84.5726,114,1,-9.51065,30.9894,1.5,0,0,0,10
1121348395,95.3644,0,0,-95.3644,95.3644,187,5,-22,49.1179,1.5,0,0,0,10
1121598377,96.8431,0,0,-96.8431,96.8431,169,13,19.4073,44.4073,1.5,0,0,0,10
1121848464,105.151,0,0,-105.151,105.151,256,8,-23.0082,71.0082,1.5,0,0,0,10
1122098308,83.9174,0,0,-83.9174,83.9174,100,19,10.0838,25.9162,1.5,0,0,0,10
1122973300,83.7694,0,0,-83.7694,83.7694,92,4,-12.6218,24.6218,1.5,0,0,0,10
1123348471,104.475,0,0,-104.475,104.475,263,18,34.5288,68.5288,1.5,0,0,0,10
1123973382,99.1425,0,0,-99.1425,99.1425,174,2,-3.87702,51.5,1.5,0,0,0,10
1124598439,96.169,0,0,-96.169,96.169,231,11,13,65.9081,1.5,0,0,0,10
1125223289,82.2156,0,0,-82.2156,82.2156,81,6,1.5,20.9839,1.5,0,0,0,10
1126223384,95.974,0,0,-95.974,95.974,176,20,13.2758,48.7758,1.5,0,0,0,10
1150000081,82.2156,0,0,-82.2156,82.2156,81,0,0,0,10,6,1.5,20.9839,1.5
1150000092,83.7694,0,0,-83.7694,83.7694,92,0,0,0,10,4,-12.6218,24.6218,1.5
1150000095,83.5961,0,0,-83.5961,83.5961,95,0,0,0,10,7,8.1015,25.3985,1.5
1150000100,83.9174,0,0,-83.9174,83.9174,100,0,0,0,10,19,10.0838,25.9162,1.5
1150000113,84.6559,0,0,-84.6559,84.6559,113,0,0,0,10,9,4.46475,30.9647,1.5
1150000114,84.5726,0,0,-84.5726,84.5726,114,0,0,0,10,1,-9.51065,30.9894,1.5
1150000122,85.2567,0,0,-85.2567,85.2567,122,0,0,0,10,16,9.53483,33.0348,1.5
1150000169,96.8431,0,0,-96.8431,96.8431,169,0,0,0,10,13,19.4073,44.4073,1.5
1150000174,99.1425,0,0,-99.1425,99.1425,174,0,0,0,10,2,-3.87702,51.5,1.5
1150000176,95.974,0,0,-95.974,95.974,176,0,0,0,10,20,13.2758,48.7758,1.5
1150000187,95.3644,0,0,-95.3644,95.3644,187,0,0,0,10,5,-22,49.1179,1.5
1150000217,102.659,0,0,-102.659,102.659,217,0,0,0,10,3,-23.6338,59.5,1.5
1150000229,100.777,0,0,-100.777,100.777,229,0,0,0,10,17,28.5,60.3288,1.5
1150000231,96.169,0,0,-96.169,96.169,231,0,0,0,10,11,13,65.9081,1.5
1150000254,96.5645,0,0,-96.5645,96.5645,254,0,0,0,10,10,-1,74.1636,1.5
1150000256,105.151,0,0,-105.151,105.151,256,0,0,0,10,8,-23.0082,71.0082,1.5
1150000263,105.076,0,0,-105.076,105.076,263,0,0,0,10,15,26.9546,71.9546,1.5
1150000263,104.475,0,0,-104.475,104.475,263,0,0,0,10,18,34.5288,68.5288,1.5
1150000265,98.9001,0,0,-98.9001,98.9001,265,0,0,0,10,12,-16.5,75.4848,1.5
1150000266,101.392,0,0,-101.392,101.392,266,0,0,0,10,14,-29.1558,72.1558,1.5
1166348474,101.392,0,0,-101.392,101.392,266,14,-29.1558,72.1558,1.5,0,0,0,10
1166598471,105.076,0,0,-105.076,105.076,263,15,26.9546,71.9546,1.5,0,0,0,10
1167723425,102.659,0,0,-102.659,102.659,217,3,-23.6338,59.5,1.5,0,0,0,10
1167848321,84.6559,0,0,-84.6559,84.6559,113,9,4.46475,30.9647,1.5,0,0,0,10
1168723473,98.9001,0,0,-98.9001,98.9001,265,12,-16.5,75.4848,1.5,0,0,0,10
1169348437,100.777,0,0,-100.777,100.777,229,17,28.5,60.3288,1.5,0,0,0,10
1169848462,96.5645,0,0,-96.5645,96.5645,254,10,-1,74.1636,1.5,0,0,0,10
1170598330,85.2567,0,0,-85.2567,85.2567,122,16,9.53483,33.0348,1.5,0,0,0,10
1170973303,83.5961,0,0,-83.5961,83.5961,95,7,8.1015,25.3985,1.5,0,0,0,10
1171223322,84.5726,0,0,-84.5726,84.5726,114,1,-9.51065,30.9894,1.5,0,0,0,10
1171348395,95.3644,0,0,-95.3644,95.3644,187,5,-22,49.1179,1.5,0,0,0,10
1171598377,96.8431,0,0,-96.8431,96.8431,169,13,19.4073,44.4073,1.5,0,0,0,10
1171848464,105.151,0,0,-105.151,105.151,256,8,-23.0082,71.0082,1.5,0,0,0,10
1172098308,83.9174,0,0,-83.9174,83.9174,100,19,10.0838,25.9162,1.5,0,0,0,10
1172973300,83.7694,0,0,-83.7694,83.7694,92,4,-12.6218,24.6218,1.5,0,0,0,10
1173348471,104.475,0,0,-104.475,104.475,263,18,34.5288,68.5288,1.5,0,0,0,10
1173973382,99.1425,0,0,-99.1425,99.1425,174,2,-3.87702,51.5,1.5,0,0,0,10
1174598439,96.169,0,0,-96.169,96.169,231,11,13,65.9081,1.5,0,0,0,10
1175223289,82.2156,0,0,-82.2156,82.2156,81,6,1.5,20.9839,1.5,0,0,0,10
1176223384,95.974,0,0,-95.974,95.974,176,20,13.2758,48.7758,1.5,0,0,0,10
1200000081,82.2156,0,0,-82.2156,82.2156,81,0,0,0,10,6,1.5,20.8339,1.5
1200000092,83.7694,0,0,-83.7694,83.7694,92,0,0,0,10,4,-12.7278,24.7278,1.5
1200000095,83.5961,0,0,-83.5961,83.5961,95,0,0,0,10,7,8.20756,25.2924,1.5
1200000100,83.9174,0,0,-83.9174,83.9174,100,0,0,0,10,19,10.1898,25.8102,1.5
1200000113,84.6559,0,0,-84.6559,84.6559,113,0,0,0,10,9,4.35868,30.8587,1.5
1200000114,84.5726,0,0,-84.5726,84.5726,114,0,0,0,10,1,-9.61671,30.8833,1.5
1200000122,85.2567,0,0,-85.2567,85.2567,122,0,0,0,10,16,9.39926,33,1.5
1200000169,96.8431,0,0,-96.8431,96.8431,169,0,0,0,10,13,19.3012,44.3012,1.5
1200000174,99.1425,0,0,-99.1425,99.1425,174,0,0,0,10,2,-4.02702,51.5,1.5
1200000176,95.974,0,0,-95.974,95.974,176,0,0,0,10,20,13.1697,48.6697,1.5
1200000187,95.3644,0,0,-95.3644,95.3644,187,0,0,0,10,5,-22,48.9679,1.5
1200000217,102.659,0,0,-102.659,102.659,217,0,0,0,10,3,-23.4838,59.5,1.5
1200000229,100.777,0,0,-100.777,100.777,229,0,0,0,10,17,28.5,60.1788,1.5
1200000231,96.169,0,0,-96.169,96.169,231,0,0,0,10,11,13,65.7581,1.5
1200000254,96.5645,0,0,-96.5645,96.5645,254,0,0,0,10,10,-1,74.0136,1.5
1200000256,105.151,0,0,-105.151,105.151,256,0,0,0,10,8,-22.9021,70.9021,1.5
1200000263,105.076,0,0,-105.076,105.076,263,0,0,0,10,15,26.8485,71.8485,1.5
1200000263,104.475,0,0,-104.475,104.475,263,0,0,0,10,18,34.4227,68.4227,1.5
1200000265,98.9001,0,0,-98.9001,98.9001,265,0,0,0,10,12,-16.5,75.3348,1.5
1200000266,101.392,0,0,-101.392,101.392,266,0,0,0,10,14,-29.0498,72.0498,1.5
1216348474,101.392,0,0,-101.392,101.392,266,14,-29.0498,72.0498,1.5,0,0,0,10
1216598471,105.076,0,0,-105.076,105.076,263,15,26.8485,71.8485,1.5,0,0,0,10
1217723425,102.659,0,0,-102.659,102.659,217,3,-23.4838,59.5,1.5,0,0,0,10
1217848321,84.6559,0,0,-84.6559,84.6559,113,9,4.35868,30.8587,1.5,0,0,0,10
1218723473,98.9001,0,0,-98.9001,98.9001,265,12,-16.5,75.3348,1.5,0,0,0,10
1219348437,100.777,0,0,-100.777,100.777,229,17,28.5,60.1788,1.5,0,0,0,10
1219848462,96.5645,0,0,-96.5645,96.5645,254,10,-1,74.0136,1.5,0,0,0,10
1220598330,85.2567,0,0,-85.2567,85.2567,122,16,9.39926,33,1.5,0,0,0,10
1220973303,83.5961,0,0,-83.5961,83.5961,95,7,8.20756,25.2924,1.5,0,0,0,10
1221223322,84.5726,0,0,-84.5726,84.5726,114,1,-9.61671,30.8833,1.5,0,0,0,10
1221348395,95.3644,0,0,-95.3644,95.3644,187,5,-22,48.9679,1.5,0,0,0,10
1221598377,96.8431,0,0,-96.8431,96.8431,169,13,19.3012,44.3012,1.5,0,0,0,10
1221848464,105.151,0,0,-105.151,105.151,256,8,-22.9021,70.9021,1.5,0,0,0,10
1222098308,83.9174,0,0,-83.9174,83.9174,100,19,10.1898,25.8102,1.5,0,0,0,10
1222973300,83.7694,0,0,-83.7694,83.7694,92,4,-12.7278,24.7278,1.5,0,0,0,10
1223348471,104.475,0,0,-104.475,104.475,263,18,34.4227,68.4227,1.5,0,0,0,10
1223973382,99.1425,0,0,-99.1425,99.1425,174,2,-4.02702,51.5,1.5,0,0,0,10
1224598439,96.169,0,0,-96.169,96.169,231,11,13,65.7581,1.5,0,0,0,10
1225223289,82.2156,0,0,-82.2156,82.2156,81,6,1.5,20.8339,1.5,0,0,0,10
1226223384,95.974,0,0,-95.974,95.974,176,20,13.1697,48.6697,1.5,0,0,0,10
1250000081,82.2156,0,0,-82.2156,82.2156,81,0,0,0,10,6,1.5,20.8339,1.5
1250000092,83.7694,0,0,-83.7694,83.7694,92,0,0,0,10,4,-12.7278,24.7278,1.5
1250000095,83.5961,0,0,-83.5961,83.5961,95,0,0,0,10,7,8.20756,25.2924,1.5
1250000100,83.9174,0,0,-83.9174,83.9174,100,0,0,0,10,19,10.1898,25.8102,1.5
1250000113,84.6559,0,0,-84.6559,84.6559,113,0,0,0,10,9,4.35868,30.8587,1.5
1250000114,84.5726,0,0,-84.5726,84.5726,114,0,0,0,10,1,-9.61671,30.8833,1.5
1250000122,85.2567,0,0,-85.2567,85.2567,122,0,0,0,10,16,9.39926,33,1.5
1250000169,96.8431,0,0,-96.8431,96.8431,169,0,0,0,10,13,19.3012,44.3012,1.5
1250000174,99.1425,0,0,-99.1425,99.1425,174,0,0,0,10,2,-4.02702,51.5,1.5
1250000176,95.974,0,0,-95.974,95.974,176,0,0,0,10,20,13.1697,48.6697,1.5
1250000187,95.3644,0,0,-95.3644,95.3644,187,0,0,0,10,5,-22,48.9679,1.5
1250000217,102.659,0,0,-102.659,102.659,217,0,0,0,10,3,-23.4838,59.5,1.5
1250000229,100.777,0,0,-100.777,100.777,229,0,0,0,10,17,28.5,60.1788,1.5
1250000231,96.169,0,0,-96.169,96.169,231,0,0,0,10,11,13,65.7581,1.5
1250000254,96.5645,0,0,-96.5645,96.5645,254,0,0,0,10,10,-1,74.0136,1.5
1250000256,105.151,0,0,-105.151,105.151,256,0,0,0,10,8,-22.9021,70.9021,1.5
1250000263,105.076,0,0,-105.076,105.076,263,0,0,0,10,15,26.8485,71.8485,1.5
1250000263,104.475,0,0,-104.475,104.475,263,0,0,0,10,18,34.4227,68.4227,1.5
1250000265,98.9001,0,0,-98.9001,98.9001,265,0,0,0,10,12,-16.5,75.3348,1.5
1250000266,101.392,0,0,-101.392,101.392,266,0,0,0,10,14,-29.0498,72.0498,1.5
1266348474,101.392,0,0,-101.392,101.392,266,14,-29.0498,72.0498,1.5,0,0,0,10
1266598471,105.076,0,0,-105.076,105.076,263,15,26.8485,71.8485,1.5,0,0,0,10
1267723425,102.659,0,0,-102.659,102.659,217,3,-23.4838,59.5,1.5,0,0,0,10
1267848321,84.6559,0,0,-84.6559,84.6559,113,9,4.35868,30.8587,1.5,0,0,0,10
1268723473,98.9001,0,0,-98.9001,98.9001,265,12,-16.5,75.3348,1.5,0,0,0,10
1269348437,100.777,0,0,-100.777,100.777,229,17,28.5,60.1788,1.5,0,0,0,10
1269848462,96.5645,0,0,-96.5645,96.5645,254,10,-1,74.0136,1.5,0,0,0,10
1270598330,85.2567,0,0,-85.2567,85.2567,122,16,9.39926,33,1.5,0,0,0,10
1270973303,83.5961,0,0,-83.5961,83.5961,95,7,8.20756,25.2924,1.5,0,0,0,10
1271223322,84.5726,0,0,-84.5726,84.5726,114,1,-9.61671,30.8833,1.5,0,0,0,10
1271348395,95.3644,0,0,-95.3644,95.3644,187,5,-22,48.9679,1.5,0,0,0,10
1271598377,96.8431,0,0,-96.8431,96.8431,169,13,19.3012,44.3012,1.5,0,0,0,10
1271848464,105.151,0,0,-105.151,105.151,256,8,-22.9021,70.9021,1.5,0,0,0,10
1272098308,83.9174,0,0,-83.9174,83.9174,100,19,10.1898,25.8102,1.5,0,0,0,10
1272973300,83.7694,0,0,-83.7694,83.7694,92,4,-12.7278,24.7278,1.5,0,0,0,10
1273348471,104.475,0,0,-104.475,104.475,263,18,34.4227,68.4227,1.5,0,0,0,10
1273973382,99.1425,0,0,-99.1425,99.1425,174,2,-4.02702,51.5,1.5,0,0,0,10
1274598439,96.169,0,0,-96.169,96.169,231,11,13,65.7581,1.5,0,0,0,10
1275223289,82.2156,0,0,-82.2156,82.2156,81,6,1.5,20.8339,1.5,0,0,0,10
1276223384,95.974,0,0,-95.974,95.974,176,20,13.1697,48.6697,1.5,0,0,0,10
1300000081,82.2156,0,0,-82.2156,82.2156,81,0,0,0,10,6,1.5,20.6839,1.5
1300000092,83.7694,0,0,-83.7694,83.7694,92,0,0,0,10,4,-12.8339,24.8339,1.5
1300000095,83.5961,0,0,-83.5961,83.5961,95,0,0,0,10,7,8.31363,25.1864,1.5
1300000100,83.9174,0,0,-83.9174,83.9174,100,0,0,0,10,19,10.2959,25.7041,1.5
1300000113,84.6559,0,0,-84.6559,84.6559,113,0,0,0,10,9,4.25262,30.7526,1.5
1300000114,84.5726,0,0,-84.5726,84.5726,114,0,0,0,10,1,-9.72278,30.7772,1.5
1300000122,85.2567,0,0,-85.2567,85.2567,122,0,0,0,10,16,9.24926,33,1.5
1300000169,96.8431,0,0,-96.8431,96.8431,169,0,0,0,10,13,19.1951,44.1951,1.5
1300000174,99.1425,0,0,-99.1425,99.1425,174,0,0,0,10,2,-4.17702,51.5,1.5
1300000176,95.974,0,0,-95.974,95.974,176,0,0,0,10,20,13.0636,48.5636,1.5
1300000187,95.3644,0,0,-95.3644,95.3644,187,0,0,0,10,5,-22,48.8179,1.5
1300000217,102.659,0,0,-102.659,102.659,217,0,0,0,10,3,-23.3338,59.5,1.5
1300000229,100.777,0,0,-100.777,100.777,229,0,0,0,10,17,28.5,60.0288,1.5
1300000231,96.169,0,0,-96.169,96.169,231,0,0,0,10,11,13,65.6081,1.5
1300000254,96.5645,0,0,-96.5645,96.5645,254,0,0,0,10,10,-1,73.8636,1.5
1300000256,105.151,0,0,-105.151,105.151,256,0,0,0,10,8,-22.796,70.796,1.5
1300000263,105.076,0,0,-105.076,105.076,263,0,0,0,10,15,26.7424,71.7424,1.5
1300000263,104.475,0,0,-104.475,104.475,263,0,0,0,10,18,34.3167,68.3167,1.5
1300000265,98.9001,0,0,-98.9001,98.9001,265,0,0,0,10,12,-16.5,75.1848,1.5
1300000266,101.392,0,0,-101.392,101.392,266,0,0,0,10,14,-28.9437,71.9437,1.5
1316348474,101.392,0,0,-101.392,101.392,266,14,-28.9437,71.9437,1.5,0,0,0,10
1316598471,105.076,0,0,-105.076,105.076,263,15,26.7424,71.7424,1.5,0,0,0,10
1317723425,102.659,0,0,-102.659,102.659,217,3,-23.3338,59.5,1.5,0,0,0,10
1317848321,84.6559,0,0,-84.6559,84.6559,113,9,4.25262,30.7526,1.5,0,0,0,10
1318723473,98.9001,0,0,-98.9001,98.9001,265,12,-16.5,75.1848,1.5,0,0,0,10
1319348437,100.777,0,0,-100.777,100.777,229,17,28.5,60.0288,1.5,0,0,0,10
1319848462,96.5645,0,0,-96.5645,96.5645,254,10,-1,73.8636,1.5,0,0,0,10
1320598330,85.2567,0,0,-85.2567,85.2567,122,16,9.24926,33,1.5,0,0,0,10
1320973303,83.5961,0,0,-83.5961,83.5961,95,7,8.31363,25.1864,1.5,0,0,0,10
1321223322,84.5726,0,0,-84.5726,84.5726,114,1,-9.72278,30.7772,1.5,0,0,0,10
1321348395,95.3644,0,0,-95.3644,95.3644,187,5,-22,48.8179,1.5,0,0,0,10
1321598377,96.8431,0,0,-96.8431,96.8431,169,13,19.1951,44.1951,1.5,0,0,0,10
1321848464,105.151,0,0,-105.151,105.151,256,8,-22.796,70.796,1.5,0,0,0,10
1322098308,83.9174,0,0,-83.9174,83.9174,100,19,10.2959,25.7041,1.5,0,0,0,10
1322973300,83.7694,0,0,-83.7694,83.7694,92,4,-12.8339,24.8339,1.5,0,0,0,10
1323348471,104.475,0,0,-104.475,104.475,263,18,34.3167,68.3167,1.5,0,0,0,10
1323973382,99.1425,0,0,-99.1425,99.1425,174,2,-4.17702,51.5,1.5,0,0,0,10
1324598439,96.169,0,0,-96.169,96.169,231,11,13,65.6081,1.5,0,0,0,10
1325223289,82.2156,0,0,-82.2156,82.2156,81,6,1.5,20.6839,1.5,0,0,0,10
1326223384,95.974,0,0,-95.974,95.974,176,20,13.0636,48.5636,1.5,0,0,0,10
1350000081,82.2156,0,0,-82.2156,82.2156,81,0,0,0,10,6,1.5,20.6839,1.5
1350000092,83.7694,0,0,-83.7694,83.7694,92,0,0,0,10,4,-12.8339,24.8339,1.5
1350000095,83.5961,0,0,-83.5961,83.5961,95,0,0,0,10,7,8.31363,25.1864,1.5
1350000100,83.9174,0,0,-83.9174,83.9174,100,0,0,0,10,19,10.2959,25.7041,1.5
1350000113,84.6559,0,0,-84.6559,84.6559,113,0,0,0,10,9,4.25262,30.7526,1.5
1350000114,84.5726,0,0,-84.5726,84.5726,114,0,0,0,10,1,-9.72278,30.7772,1.5
1350000122,85.2567,0,0,-85.2567,85.2567,122,0,0,0,10,16,9.24926,33,1.5
1350000169,96.8431,0,0,-96.8431,96.8431,169,0,0,0,10,13,19.1951,44.1951,1.5
1350000174,99.1425,0,0,-99.1425,99.1425,174,0,0,0,10,2,-4.17702,51.5,1.5
1350000176,95.974,0,0,-95.974,95.974,176,0,0,0,10,20,13.0636,48.5636,1.5
1350000187,95.3644,0,0,-95.3644,95.3644,187,0,0,0,10,5,-22,48.8179,1.5
1350000217,102.659,0,0,-102.659,102.659,217,0,0,0,10,3,-23.3338,59.5,1.5
1350000229,100.777,0,0,-100.777,100.777,229,0,0,0,10,17,28.5,60.0288,1.5
1350000231,96.169,0,0,-96.169,96.169,231,0,0,0,10,11,13,65.6081,1.5
1350000254,96.5645,0,0,-96.5645,96.5645,254,0,0,0,10,10,-1,73.8636,1.5
1350000256,105.151,0,0,-105.151,105.151,256,0,0,0,10,8,-22.796,70.796,1.5
1350000263,105.076,0,0,-105.076,105.076,263,0,0,0,10,15,26.7424,71.7424,1.5
1350000263,104.475,0,0,-104.475,104.475,263,0,0,0,10,18,34.3167,68.3167,1.5
1350000265,98.9001,0,0,-98.9001,98.9001,265,0,0,0,10,12,-16.5,75.1848,1.5
1350000266,101.392,0,0,-101.392,101.392,266,0,0,0,10,14,-28.9437,71.9437,1.5
1366348474,101.392,0,0,-101.392,101.392,266,14,-28.9437,71.9437,1.5,0,0,0,10
1366598471,105.076,0,0,-105.076,105.076,263,15,26.7424,71.7424,1.5,0,0,0,10
1367723425,102.659,0,0,-102.659,102.659,217,3,-23.3338,59.5,1.5,0,0,0,10
1367848321,84.6559,0,0,-84.6559,84.6559,113,9,4.25262,30.7526,1.5,0,0,0,10
1368723473,98.9001,0,0,-98.9001,98.9001,265,12,-16.5,75.1848,1.5,0,0,0,10
1369348437,100.777,0,0,-100.777,100.777,229,17,28.5,60.0288,1.5,0,0,0,10
1369848462,96.5645,0,0,-96.5645,96.5645,254,10,-1,73.8636,1.5,0,0,0,10
1370598330,85.2567,0,0,-85.2567,85.2567,122,16,9.24926,33,1.5,0,0,0,10
1370973303,83.5961,0,0,-83.5961,83.5961,95,7,8.31363,25.1864,1.5,0,0,0,10
1371223322,84.5726,0,0,-84.5726,84.5726,114,1,-9.72278,30.7772,1.5,0,0,0,10
1371348395,95.3644,0,0,-95.3644,95.3644,187,5,-22,48.8179,1.5,0,0,0,10
1371598377,96.8431,0,0,-96.8431,96.8431,169,13,19.1951,44.1951,1.5,0,0,0,10
1371848464,105.151,0,0,-105.151,105.151,256,8,-22.796,70.796,1.5,0,0,0,10
1372098308,83.9174,0,0,-83.9174,83.9174,100,19,10.2959,25.7041,1.5,0,0,0,10
1372973300,83.7694,0,0,-83.7694,83.7694,92,4,-12.8339,24.8339,1.5,0,0,0,10
1373348471,104.475,0,0,-104.475,104.475,263,18,34.3167,68.3167,1.5,0,0,0,10
1373973382,99.1425,0,0,-99.1425,99.1425,174,2,-4.17702,51.5,1.5,0,0,0,10
1374598439,96.169,0,0,-96.169,96.169,231,11,13,65.6081,1.5,0,0,0,10
1375223289,82.2156,0,0,-82.2156,82.2156,81,6,1.5,20.6839,1.5,0,0,0,10
1376223384,95.974,0,0,-95.974,95.974,176,20,13.0636,48.5636,1.5,0,0,0,10
1400000081,82.2156,0,0,-82.2156,82.2156,81,0,0,0,10,6,1.5,20.5339,1.5
1400000092,83.7694,0,0,-83.7694,83.7694,92,0,0,0,10,4,-12.94,24.94,1.5
1400000095,83.5961,0,0,-83.5961,83.5961,95,0,0,0,10,7,8.4197,25.0803,1.5
1400000100,83.9174,0,0,-83.9174,83.9174,100,0,0,0,10,19,10.402,25.598,1.5
1400000113,84.6559,0,0,-84.6559,84.6559,113,0,0,0,10,9,4.14655,30.6466,1.5
1400000114,84.5726,0,0,-84.5726,84.5726,114,0,0,0,10,1,-9.82885,30.6712,1.5
1400000122,85.2567,0,0,-85.2567,85.2567,122,0,0,0,10,16,9.09926,33,1.5
1400000169,96.8431,0,0,-96.8431,96.8431,169,0,0,0,10,13,19.0891,44.0891,1.5
1400000174,99.1425,0,0,-99.1425,99.1425,174,0,0,0,10,2,-4.32702,51.5,1.5
1400000176,95.974,0,0,-95.974,95.974,176,0,0,0,10,20,12.9576,48.4576,1.5
1400000187,95.3644,0,0,-95.3644,95.3644,187,0,0,0,10,5,-22,48.6679,1.5
1400000217,102.659,0,0,-102.659,102.659,217,0,0,0,10,3,-23.1838,59.5,1.5
1400000229,100.777,0,0,-100.777,100.777,229,0,0,0,10,17,28.5,59.8788,1.5
1400000231,96.169,0,0,-96.169,96.169,231,0,0,0,10,11,13,65.4581,1.5
1400000254,96.5645,0,0,-96.5645,96.5645,254,0,0,0,10,10,-1,73.7136,1.5
1400000256,105.151,0,0,-105.151,105.151,256,0,0,0,10,8,-22.69,70.69,1.5
1400000263,105.076,0,0,-105.076,105.076,263,0,0,0,10,15,26.6364,71.6364,1.5
1400000263,104.475,0,0,-104.475,104.475,263,0,0,0,10,18,34.2106,68.2106,1.5
1400000265,98.9001,0,0,-98.9001,98.9001,265,0,0,0,10,12,-16.5,75.0348,1.5
1400000266,101.392,0,0,-101.392,101.392,266,0,0,0,10,14,-28.8376,71.8376,1.5
1416348474,101.392,0,0,-101.392,101.392,266,14,-28.8376,71.8376,1.5,0,0,0,10
1416598471,105.076,0,0,-105.076,105.076,263,15,26.6364,71.6364,1.5,0,0,0,10
1417723425,102.659,0,0,-102.659,102.659,217,3,-23.1838,59.5,1.5,0,0,0,10
1417848321,84.6559,0,0,-84.6559,84.6559,113,9,4.14655,30.6466,1.5,0,0,0,10
1418723473,98.9001,0,0,-98.9001,98.9001,265,12,-16.5,75.0348,1.5,0,0,0,10
1419348437,100.777,0,0,-100.777,100.777,229,17,28.5,59.8788,1.5,0,0,0,10
1419848462,96.5645,0,0,-96.5645,96.5645,254,10,-1,73.7136,1.5,0,0,0,10
1420598330,85.2567,0,0,-85.2567,85.2567,122,16,9.09926,33,1.5,0,0,0,10
1420973303,83.5961,0,0,-83.5961,83.5961,95,7,8.4197,25.0803,1.5,0,0,0,10
1421223322,84.5726,0,0,-84.5726,84.5726,114,1,-9.82885,30.6712,1.5,0,0,0,10
1421348395,95.3644,0,0,-95.3644,95.3644,187,5,-22,48.6679,1.5,0,0,0,10
1421598377,96.8431,0,0,-96.8431,96.8431,169,13,19.0891,44.0891,1.5,0,0,0,10
1421848464,105.151,0,0,-105.151,105.151,256,8,-22.69,70.69,1.5,0,0,0,10
1422098308,83.9174,0,0,-83.9174,83.9174,100,19,10.402,25.598,1.5,0,0,0,10
1422973300,83.7694,0,0,-83.7694,83.7694,92,4,-12.94,24.94,1.5,0,0,0,10
1423348471,104.475,0,0,-104.475,104.475,263,18,34.2106,68.2106,1.5,0,0,0,10
1423973382,99.1425,0,0,-99.1425,99.1425,174,2,-4.32702,51.5,1.5,0,0,0,10
1424598439,96.169,0,0,-96.169,96.169,231,11,13,65.4581,1.5,0,0,0,10
1425223289,82.2156,0,0,-82.2156,82.2156,81,6,1.5,20.5339,1.5,0,0,0,10
1426223384,95.974,0,0,-95.974,95.974,176,20,12.9576,48.4576,1.5,0,0,0,10
1450000081,82.2156,0,0,-82.2156,82.2156,81,0,0,0,10,6,1.5,20.5339,1.5
1450000092,83.7694,0,0,-83.7694,83.7694,92,0,0,0,10,4,-12.94,24.94,1.5
1450000095,83.5961,0,0,-83.5961,83.5961,95,0,0,0,10,7,8.4197,25.0803,1.5
1450000100,83.9174,0,0,-83.9174,83.9174,100,0,0,0,10,19,10.402,25.598,1.5
1450000113,84.6559,0,0,-84.6559,84.6559,113,0,0,0,10,9,4.14655,30.6466,1.5
1450000114,84.5726,0,0,-84.5726,84.5726,114,0,0,0,10,1,-9.82885,30.6712,1.5
1450000122,85.2567,0,0,-85.2567,85.2567,122,0,0,0,10,16,9.09926,33,1.5
1450000169,96.8431,0,0,-96.8431,96.8431,169,0,0,0,10,13,19.0891,44.0891,1.5
1450000174,99.1425,0,0,-99.1425,99.1425,174,0,0,0,10,2,-4.32702,51.5,1.5
1450000176,95.974,0,0,-95.974,95.974,176,0,0,0,10,20,12.9576,48.4576,1.5
1450000187,95.3644,0,0,-95.3644,95.3644,187,0,0,0,10,5,-22,48.6679,1.5
1450000217,102.659,0,0,-102.659,102.659,217,0,0,0,10,3,-23.1838,59.5,1.5
1450000229,100.777,0,0,-100.777,100.777,229,0,0,0,10,17,28.5,59.8788,1.5
1450000231,96.169,0,0,-96.169,96.169,231,0,0,0,10,11,13,65.4581,1.5
1450000254,96.5645,0,0,-96.5645,96.5645,254,0,0,0,10,10,-1,73.7136,1.5
1450000256,105.151,0,0,-105.151,105.151,256,0,0,0,10,8,-22.69,70.69,1.5
1450000263,105.076,0,0,-105.076,105.076,263,0,0,0,10,15,26.6364,71.6364,1.5
1450000263,104.475,0,0,-104.475,104.475,263,0,0,0,10,18,34.2106,68.2106,1.5
1450000265,98.9001,0,0,-98.9001,98.9001,265,0,0,0,10,12,-16.5,75.0348,1.5
1450000266,101.392,0,0,-101.392,101.392,266,0,0,0,10,14,-28.8376,71.8376,1.5
1466348474,101.392,0,0,-101.392,101.392,266,14,-28.8376,71.8376,1.5,0,0,0,10
1466598471,105.076,0,0,-105.076,105.076,263,15,26.6364,71.6364,1.5,0,0,0,10
1467723425,102.659,0,0,-102.659,102.659,217,3,-23.1838,59.5,1.5,0,0,0,10
1467848321,84.6559,0,0,-84.6559,84.6559,113,9,4.14655,30.6466,1.5,0,0,0,10
1468723473,98.9001,0,0,-98.9001,98.9001,265,12,-16.5,75.0348,1.5,0,0,0,10
1469348437,100.777,0,0,-100.777,100.777,229,17,28.5,59.8788,1.5,0,0,0,10
1469848462,96.5645,0,0,-96.5645,96.5645,254,10,-1,73.7136,1.5,0,0,0,10
1470598330,85.2567,0,0,-85.2567,85.2567,122,16,9.09926,33,1.5,0,0,0,10
1470973303,83.5961,0,0,-83.5961,83.5961,95,7,8.4197,25.0803,1.5,0,0,0,10
1471223322,84.5726,0,0,-84.5726,84.5726,114,1,-9.82885,30.6712,1.5,0,0,0,10
1471348395,95.3644,0,0,-95.3644,95.3644,187,5,-22,48.6679,1.5,0,0,0,10
1471598377,96.8431,0,0,-96.8431,96.8431,169,13,19.0891,44.0891,1.5,0,0,0,10
1471848464,105.151,0,0,-105.151,105.151,256,8,-22.69,70.69,1.5,0,0,0,10
1472098308,83.9174,0,0,-83.9174,83.9174,100,19,10.402,25.598,1.5,0,0,0,10
1472973300,83.7694,0,0,-83.7694,83.7694,92,4,-12.94,24.94,1.5,0,0,0,10
1473348471,104.475,0,0,-104.475,104.475,263,18,34.2106,68.2106,1.5,0,0,0,10
1473973382,99.1425,0,0,-99.1425,99.1425,174,2,-4.32702,51.5,1.5,0,0,0,10
1474598439,96.169,0,0,-96.169,96.169,231,11,13,65.4581,1.5,0,0,0,10
1475223289,82.2156,0,0,-82.2156,82.2156,81,6,1.5,20.5339,1.5,0,0,0,10
1476223384,95.974,0,0,-95.974,95.974,176,20,12.9576,48.4576,1.5,0,0,0,10
1500000098,83.7548,0,0,-83.7548,83.7548,98,0,0,0,10,4,-13.046,25.046,1.5
1500000175,96.7692,0,0,-96.7692,96.7692,175,0,0,0,10,2,-4.47702,51.5,1.5
1500009003,81.9586,0,0,-81.9586,81.9586,74,0,0,0,10,6,1.5,20.3839,1.5
1500009021,83.7718,0,0,-83.7718,83.7718,92,0,0,0,10,7,8.52576,24.9742,1.5
1500009025,84.1783,0,0,-84.1783,84.1783,96,0,0,0,10,19,10.508,25.492,1.5
1500009036,84.3043,0,0,-84.3043,84.3043,107,0,0,0,10,9,4.04049,30.5405,1.5
1500009040,84.8891,0,0,-84.8891,84.8891,111,0,0,0,10,1,-9.93491,30.5651,1.5
1500009047,84.6175,0,0,-84.6175,84.6175,118,0,0,0,10,16,8.94926,33,1.5
1500009091,96.107,0,0,-96.107,96.107,162,0,0,0,10,13,18.983,43.983,1.5
1500009098,95.2284,0,0,-95.2284,95.2284,169,0,0,0,10,20,12.8515,48.3515,1.5
1500009109,95.1105,0,0,-95.1105,95.1105,180,0,0,0,10,5,-22,48.5179,1.5
1500009144,101.242,0,0,-101.242,101.242,215,0,0,0,10,3,-23.0338,59.5,1.5
1500009152,103.18,0,0,-103.18,103.18,223,0,0,0,10,17,28.5,59.7288,1.5
1500009153,98.1273,0,0,-98.1273,98.1273,224,0,0,0,10,11,13,65.3081,1.5
1500009176,96.5672,0,0,-96.5672,96.5672,247,0,0,0,10,10,-1,73.5636,1.5
1500009178,103.467,0,0,-103.467,103.467,249,0,0,0,10,8,-22.5839,70.5839,1.5
1500009185,105.193,0,0,-105.193,105.193,256,0,0,0,10,15,26.5303,71.5303,1.5
1500009185,104.078,0,0,-104.078,104.078,256,0,0,0,10,18,34.1045,68.1045,1.5
1500009186,98.1852,0,0,-98.1852,98.1852,257,0,0,0,10,12,-16.5,74.8848,1.5
1500009188,100.616,0,0,-100.616,100.616,259,0,0,0,10,14,-28.7316,71.7316,1.5
1516482395,100.616,0,0,-100.616,100.616,259,14,-28.7316,71.7316,1.5,0,0,0,10
1516732392,105.193,0,0,-105.193,105.193,256,15,26.5303,71.5303,1.5,0,0,0,10
1517857351,101.242,0,0,-101.242,101.242,215,3,-23.0338,59.5,1.5,0,0,0,10
1517982243,84.3043,0,0,-84.3043,84.3043,107,9,4.04049,30.5405,1.5,0,0,0,10
1518857393,98.1852,0,0,-98.1852,98.1852,257,12,-16.5,74.8848,1.5,0,0,0,10
1519482359,103.18,0,0,-103.18,103.18,223,17,28.5,59.7288,1.5,0,0,0,10
1519982383,96.5672,0,0,-96.5672,96.5672,247,10,-1,73.5636,1.5,0,0,0,10
1520732254,84.6175,0,0,-84.6175,84.6175,118,16,8.94926,33,1.5,0,0,0,10
1521107228,83.7718,0,0,-83.7718,83.7718,92,7,8.52576,24.9742,1.5,0,0,0,10
1521357247,84.8891,0,0,-84.8891,84.8891,111,1,-9.93491,30.5651,1.5,0,0,0,10
1521607316,95.1105,0,0,-95.1105,95.1105,180,5,-22,48.5179,1.5,0,0,0,10
1521982385,103.467,0,0,-103.467,103.467,249,8,-22.5839,70.5839,1.5,0,0,0,10
1522232232,84.1783,0,0,-84.1783,84.1783,96,19,10.508,25.492,1.5,0,0,0,10
1522357298,96.107,0,0,-96.107,96.107,162,13,18.983,43.983,1.5,0,0,0,10
1522973306,83.7548,0,0,-83.7548,83.7548,98,4,-13.046,25.046,1.5,0,0,0,10
1523482392,104.078,0,0,-104.078,104.078,256,18,34.1045,68.1045,1.5,0,0,0,10
1523973383,96.7692,0,0,-96.7692,96.7692,175,2,-4.47702,51.5,1.5,0,0,0,10
1524732360,98.1273,0,0,-98.1273,98.1273,224,11,13,65.3081,1.5,0,0,0,10
1525357210,81.9586,0,0,-81.9586,81.9586,74,6,1.5,20.3839,1.5,0,0,0,10
1526357305,95.2284,0,0,-95.2284,95.2284,169,20,12.8515,48.3515,1.5,0,0,0,10
1550000098,83.7548,0,0,-83.7548,83.7548,98,0,0,0,10,4,-13.046,25.046,1.5
1550000175,96.7692,0,0,-96.7692,96.7692,175,0,0,0,10,2,-4.47702,51.5,1.5
1550009003,81.9586,0,0,-81.9586,81.9586,74,0,0,0,10,6,1.5,20.3839,1.5
1550009021,83.7718,0,0,-83.7718,83.7718,92,0,0,0,10,7,8.52576,24.9742,1.5
1550009025,84.1783,0,0,-84.1783,84.1783,96,0,0,0,10,19,10.508,25.492,1.5
1550009036,84.3043,0,0,-84.3043,84.3043,107,0,0,0,10,9,4.04049,30.5405,1.5
1550009040,84.8891,0,0,-84.8891,84.8891,111,0,0,0,10,1,-9.93491,30.5651,1.5
1550009047,84.6175,0,0,-84.6175,84.6175,118,0,0,0,10,16,8.94926,33,1.5
1550009091,96.107,0,0,-96.107,96.107,162,0,0,0,10,13,18.983,43.983,1.5
1550009098,95.2284,0,0,-95.2284,95.2284,169,0,0,0,10,20,12.8515,48.3515,1.5
1550009109,95.1105,0,0,-95.1105,95.1105,180,0,0,0,10,5,-22,48.5179,1.5
1550009144,101.242,0,0,-101.242,101.242,215,0,0,0,10,3,-23.0338,59.5,1.5
1550009152,103.18,0,0,-103.18,103.18,223,0,0,0,10,17,28.5,59.7288,1.5
1550009153,98.1273,0,0,-98.1273,98.1273,224,0,0,0,10,11,13,65.3081,1.5
1550009176,96.5672,0,0,-96.5672,96.5672,247,0,0,0,10,10,-1,73.5636,1.5
1550009178,103.467,0,0,-103.467,103.467,249,0,0,0,10,8,-22.5839,70.5839,1.5
1550009185,105.193,0,0,-105.193,105.193,256,0,0,0,10,15,26.5303,71.5303,1.5
1550009185,104.078,0,0,-104.078,104.078,256,0,0,0,10,18,34.1045,68.1045,1.5
1550009186,98.1852,0,0,-98.1852,98.1852,257,0,0,0,10,12,-16.5,74.8848,1.5
1550009188,100.616,0,0,-100.616,100.616,259,0,0,0,10,14,-28.7316,71.7316,1.5
1566482395,100.616,0,0,-100.616,100.616,259,14,-28.7316,71.7316,1.5,0,0,0,10
1566732392,105.193,0,0,-105.193,105.193,256,15,26.5303,71.5303,1.5,0,0,0,10
1567857351,101.242,0,0,-101.242,101.242,215,3,-23.0338,59.5,1.5,0,0,0,10
1567982243,84.3043,0,0,-84.3043,84.3043,107,9,4.04049,30.5405,1.5,0,0,0,10
1568857393,98.1852,0,0,-98.1852,98.1852,257,12,-16.5,74.8848,1.5,0,0,0,10
1569482359,103.18,0,0,-103.18,103.18,223,17,28.5,59.7288,1.5,0,0,0,10
1569982383,96.5672,0,0,-96.5672,96.5672,247,10,-1,73.5636,1.5,0,0,0,10
1570732254,84.6175,0,0,-84.6175,84.6175,118,16,8.94926,33,1.5,0,0,0,10
1571107228,83.7718,0,0,-83.7718,83.7718,92,7,8.52576,24.9742,1.5,0,0,0,10
1571482247,84.8891,0,0,-84.8891,84.8891,111,1,-9.93491,30.5651,1.5,0,0,0,10
1571732316,95.1105,0,0,-95.1105,95.1105,180,5,-22,48.5179,1.5,0,0,0,10
1571982385,103.467,0,0,-103.467,103.467,249,8,-22.5839,70.5839,1.5,0,0,0,10
1572232232,84.1783,0,0,-84.1783,84.1783,96,19,10.508,25.492,1.5,0,0,0,10
1572357298,96.107,0,0,-96.107,96.107,162,13,18.983,43.983,1.5,0,0,0,10
1572973306,83.7548,0,0,-83.7548,83.7548,98,4,-13.046,25.046,1.5,0,0,0,10
1573482392,104.078,0,0,-104.078,104.078,256,18,34.1045,68.1045,1.5,0,0,0,10
1573973383,96.7692,0,0,-96.7692,96.7692,175,2,-4.47702,51.5,1.5,0,0,0,10
1574732360,98.1273,0,0,-98.1273,98.1273,224,11,13,65.3081,1.5,0,0,0,10
1575357210,81.9586,0,0,-81.9586,81.9586,74,6,1.5,20.3839,1.5,0,0,0,10
1576357305,95.2284,0,0,-95.2284,95.2284,169,20,12.8515,48.3515,1.5,0,0,0,10
1600000098,83.7548,0,0,-83.7548,83.7548,98,0,0,0,10,4,-13.1521,25.1521,1.5
1600000175,96.7692,0,0,-96.7692,96.7692,175,0,0,0,10,2,-4.62702,51.5,1.5
1600009003,81.9586,0,0,-81.9586,81.9586,74,0,0,0,10,6,1.5,20.2339,1.5
1600009021,83.7718,0,0,-83.7718,83.7718,92,0,0,0,10,7,8.63183,24.8682,1.5
1600009025,84.1783,0,0,-84.1783,84.1783,96,0,0,0,10,19,10.6141,25.3859,1.5
1600009036,84.3043,0,0,-84.3043,84.3043,107,0,0,0,10,9,3.93442,30.4344,1.5
1600009040,84.8891,0,0,-84.8891,84.8891,111,0,0,0,10,1,-10.041,30.459,1.5
1600009047,84.6175,0,0,-84.6175,84.6175,118,0,0,0,10,16,8.79926,33,1.5
1600009091,96.107,0,0,-96.107,96.107,162,0,0,0,10,13,18.877,43.877,1.5
1600009098,95.2284,0,0,-95.2284,95.2284,169,0,0,0,10,20,12.7454,48.2454,1.5
1600009109,95.1105,0,0,-95.1105,95.1105,180,0,0,0,10,5,-22,48.3679,1.5
1600009144,101.242,0,0,-101.242,101.242,215,0,0,0,10,3,-22.8838,59.5,1.5
1600009152,103.18,0,0,-103.18,103.18,223,0,0,0,10,17,28.5,59.5788,1.5
1600009153,98.1273,0,0,-98.1273,98.1273,224,0,0,0,10,11,13,65.1581,1.5
1600009176,96.5672,0,0,-96.5672,96.5672,247,0,0,0,10,10,-1,73.4136,1.5
1600009178,103.467,0,0,-103.467,103.467,249,0,0,0,10,8,-22.5,70.4687,1.5
1600009185,105.193,0,0,-105.193,105.193,256,0,0,0,10,15,26.4242,71.4242,1.5
1600009185,104.078,0,0,-104.078,104.078,256,0,0,0,10,18,33.9985,67.9985,1.5
1600009186,98.1852,0,0,-98.1852,98.1852,257,0,0,0,10,12,-16.5,74.7348,1.5
1600009188,100.616,0,0,-100.616,100.616,259,0,0,0,10,14,-28.6255,71.6255,1.5
1616482395,100.616,0,0,-100.616,100.616,259,14,-28.6255,71.6255,1.5,0,0,0,10
1616732392,105.193,0,0,-105.193,105.193,256,15,26.4242,71.4242,1.5,0,0,0,10
1617857351,101.242,0,0,-101.242,101.242,215,3,-22.8838,59.5,1.5,0,0,0,10
1617982243,84.3043,0,0,-84.3043,84.3043,107,9,3.93442,30.4344,1.5,0,0,0,10
1618857393,98.1852,0,0,-98.1852,98.1852,257,12,-16.5,74.7348,1.5,0,0,0,10
1619482359,103.18,0,0,-103.18,103.18,223,17,28.5,59.5788,1.5,0,0,0,10
1619982383,96.5672,0,0,-96.5672,96.5672,247,10,-1,73.4136,1.5,0,0,0,10
1620732254,84.6175,0,0,-84.6175,84.6175,118,16,8.79926,33,1.5,0,0,0,10
1621107228,83.7718,0,0,-83.7718,83.7718,92,7,8.63183,24.8682,1.5,0,0,0,10
1621732247,84.8891,0,0,-84.8891,84.8891,111,1,-10.041,30.459,1.5,0,0,0,10
1621732316,95.1105,0,0,-95.1105,95.1105,180,5,-22,48.3679,1.5,0,0,0,10
1621982385,103.467,0,0,-103.467,103.467,249,8,-22.5,70.4687,1.5,0,0,0,10
1622232232,84.1783,0,0,-84.1783,84.1783,96,19,10.6141,25.3859,1.5,0,0,0,10
1622357298,96.107,0,0,-96.107,96.107,162,13,18.877,43.877,1.5,0,0,0,10
1622973306,83.7548,0,0,-83.7548,83.7548,98,4,-13.1521,25.1521,1.5,0,0,0,10
1623482392,104.078,0,0,-104.078,104.078,256,18,33.9985,67.9985,1.5,0,0,0,10
1623973383,96.7692,0,0,-96.7692,96.7692,175,2,-4.62702,51.5,1.5,0,0,0,10
1624732360,98.1273,0,0,-98.1273,98.1273,224,11,13,65.1581,1.5,0,0,0,10
1625357210,81.9586,0,0,-81.9586,81.9586,74,6,1.5,20.2339,1.5,0,0,0,10
1626357305,95.2284,0,0,-95.2284,95.2284,169,20,12.7454,48.2454,1.5,0,0,0,10
1650000098,83.7548,0,0,-83.7548,83.7548,98,0,0,0,10,4,-13.1521,25.1521,1.5
1650000175,96.7692,0,0,-96.7692,96.7692,175,0,0,0,10,2,-4.62702,51.5,1.5
1650009003,81.9586,0,0,-81.9586,81.9586,74,0,0,0,10,6,1.5,20.2339,1.5
1650009021,83.7718,0,0,-83.7718,83.7718,92,0,0,0,10,7,8.63183,24.8682,1.5
1650009025,84.1783,0,0,-84.1783,84.1783,96,0,0,0,10,19,10.6141,25.3859,1.5
1650009036,84.3043,0,0,-84.3043,84.3043,107,0,0,0,10,9,3.93442,30.4344,1.5
1650009040,84.8891,0,0,-84.8891,84.8891,111,0,0,0,10,1,-10.041,30.459,1.5
1650009047,84.6175,0,0,-84.6175,84.6175,118,0,0,0,10,16,8.79926,33,1.5
1650009091,96.107,0,0,-96.107,96.107,162,0,0,0,10,13,18.877,43.877,1.5
1650009098,95.2284,0,0,-95.2284,95.2284,169,0,0,0,10,20,12.7454,48.2454,1.5
1650009109,95.1105,0,0,-95.1105,95.1105,180,0,0,0,10,5,-22,48.3679,1.5
1650009144,101.242,0,0,-101.242,101.242,215,0,0,0,10,3,-22.8838,59.5,1.5
1650009152,103.18,0,0,-103.18,103.18,223,0,0,0,10,17,28.5,59.5788,1.5
1650009153,98.1273,0,0,-98.1273,98.1273,224,0,0,0,10,11,13,65.1581,1.5
1650009176,96.5672,0,0,-96.5672,96.5672,247,0,0,0,10,10,-1,73.4136,1.5
1650009178,103.467,0,0,-103.467,103.467,249,0,0,0,10,8,-22.5,70.4687,1.5
1650009185,105.193,0,0,-105.193,105.193,256,0,0,0,10,15,26.4242,71.4242,1.5
1650009185,104.078,0,0,-104.078,104.078,256,0,0,0,10,18,33.9985,67.9985,1.5
1650009186,98.1852,0,0,-98.1852,98.1852,257,0,0,0,10,12,-16.5,74.7348,1.5
1650009188,100.616,0,0,-100.616,100.616,259,0,0,0,10,14,-28.6255,71.6255,1.5
1666482395,100.616,0,0,-100.616,100.616,259,14,-28.6255,71.6255,1.5,0,0,0,10
1666732392,105.193,0,0,-105.193,105.193,256,15,26.4242,71.4242,1.5,0,0,0,10
1667857351,101.242,0,0,-101.242,101.242,215,3,-22.8838,59.5,1.5,0,0,0,10
1667982243,84.3043,0,0,-84.3043,84.3043,107,9,3.93442,30.4344,1.5,0,0,0,10
1668857393,98.1852,0,0,-98.1852,98.1852,257,12,-16.5,74.7348,1.5,0,0,0,10
1669482359,103.18,0,0,-103.18,103.18,223,17,28.5,59.5788,1.5,0,0,0,10
1669982383,96.5672,0,0,-96.5672,96.5672,247,10,-1,73.4136,1.5,0,0,0,10
1670732254,84.6175,0,0,-84.6175,84.6175,118,16,8.79926,33,1.5,0,0,0,10
1671107228,83.7718,0,0,-83.7718,83.7718,92,7,8.63183,24.8682,1.5,0,0,0,10
1671732247,84.8891,0,0,-84.8891,84.8891,111,1,-10.041,30.459,1.5,0,0,0,10
1671732316,95.1105,0,0,-95.1105,95.1105,180,5,-22,48.3679,1.5,0,0,0,10
1671982385,103.467,0,0,-103.467,103.467,249,8,-22.5,70.4687,1.5,0,0,0,10
1672232232,84.1783,0,0,-84.1783,84.1783,96,19,10.6141,25.3859,1.5,0,0,0,10
1672973306,83.7548,0,0,-83.7548,83.7548,98,4,-13.1521,25.1521,1.5,0,0,0,10
1673357298,96.107,0,0,-96.107,96.107,162,13,18.877,43.877,1.5,0,0,0,10
1673482392,104.078,0,0,-104.078,104.078,256,18,33.9985,67.9985,1.5,0,0,0,10
1673973383,96.7692,0,0,-96.7692,96.7692,175,2,-4.62702,51.5,1.5,0,0,0,10
1674732360,98.1273,0,0,-98.1273,98.1273,224,11,13,65.1581,1.5,0,0,0,10
1675357210,81.9586,0,0,-81.9586,81.9586,74,6,1.5,20.2339,1.5,0,0,0,10
1676357305,95.2284,0,0,-95.2284,95.2284,169,20,12.7454,48.2454,1.5,0,0,0,10
1700000098,83.7548,0,0,-83.7548,83.7548,98,0,0,0,10,4,-13.2582,25.2582,1.5
1700000175,96.7692,0,0,-96.7692,96.7692,175,0,0,0,10,2,-4.77702,51.5,1.5
1700009003,81.9586,0,0,-81.9586,81.9586,74,0,0,0,10,6,1.5,20.0839,1.5
1700009021,83.7718,0,0,-83.7718,83.7718,92,0,0,0,10,7,8.73789,24.7621,1.5
1700009025,84.1783,0,0,-84.1783,84.1783,96,0,0,0,10,19,10.7202,25.2798,1.5
1700009036,84.3043,0,0,-84.3043,84.3043,107,0,0,0,10,9,3.82835,30.3284,1.5
1700009040,84.8891,0,0,-84.8891,84.8891,111,0,0,0,10,1,-10.147,30.353,1.5
1700009047,84.6175,0,0,-84.6175,84.6175,118,0,0,0,10,16,8.64926,33,1.5
1700009091,96.107,0,0,-96.107,96.107,162,0,0,0,10,13,18.7709,43.7709,1.5
1700009098,95.2284,0,0,-95.2284,95.2284,169,0,0,0,10,20,12.6394,48.1394,1.5
1700009109,95.1105,0,0,-95.1105,95.1105,180,0,0,0,10,5,-22,48.2179,1.5
1700009144,101.242,0,0,-101.242,101.242,215,0,0,0,10,3,-22.7338,59.5,1.5
1700009152,103.18,0,0,-103.18,103.18,223,0,0,0,10,17,28.5,59.4288,1.5
1700009153,98.1273,0,0,-98.1273,98.1273,224,0,0,0,10,11,13,65.0081,1.5
1700009176,96.5672,0,0,-96.5672,96.5672,247,0,0,0,10,10,-1,73.2636,1.5
1700009178,103.467,0,0,-103.467,103.467,249,0,0,0,10,8,-22.5,70.3187,1.5
1700009185,105.193,0,0,-105.193,105.193,256,0,0,0,10,15,26.3182,71.3182,1.5
1700009185,104.078,0,0,-104.078,104.078,256,0,0,0,10,18,33.8924,67.8924,1.5
1700009186,98.1852,0,0,-98.1852,98.1852,257,0,0,0,10,12,-16.5,74.5848,1.5
1700009188,100.616,0,0,-100.616,100.616,259,0,0,0,10,14,-28.5194,71.5194,1.5
1716482395,100.616,0,0,-100.616,100.616,259,14,-28.5194,71.5194,1.5,0,0,0,10
1716732392,105.193,0,0,-105.193,105.193,256,15,26.3182,71.3182,1.5,0,0,0,10
1717857351,101.242,0,0,-101.242,101.242,215,3,-22.7338,59.5,1.5,0,0,0,10
1717982243,84.3043,0,0,-84.3043,84.3043,107,9,3.82835,30.3284,1.5,0,0,0,10
1718857393,98.1852,0,0,-98.1852,98.1852,257,12,-16.5,74.5848,1.5,0,0,0,10
1719482359,103.18,0,0,-103.18,103.18,223,17,28.5,59.4288,1.5,0,0,0,10
1719982383,96.5672,0,0,-96.5672,96.5672,247,10,-1,73.2636,1.5,0,0,0,10
1720732254,84.6175,0,0,-84.6175,84.6175,118,16,8.64926,33,1.5,0,0,0,10
1721232228,83.7718,0,0,-83.7718,83.7718,92,7,8.73789,24.7621,1.5,0,0,0,10
1721732247,84.8891,0,0,-84.8891,84.8891,111,1,-10.147,30.353,1.5,0,0,0,10
1721982316,95.1105,0,0,-95.1105,95.1105,180,5,-22,48.2179,1.5,0,0,0,10
1721982385,103.467,0,0,-103.467,103.467,249,8,-22.5,70.3187,1.5,0,0,0,10
1722232232,84.1783,0,0,-84.1783,84.1783,96,19,10.7202,25.2798,1.5,0,0,0,10
1722973306,83.7548,0,0,-83.7548,83.7548,98,4,-13.2582,25.2582,1.5,0,0,0,10
1723357298,96.107,0,0,-96.107,96.107,162,13,18.7709,43.7709,1.5,0,0,0,10
1723482392,104.078,0,0,-104.078,104.078,256,18,33.8924,67.8924,1.5,0,0,0,10
1723973383,96.7692,0,0,-96.7692,96.7692,175,2,-4.77702,51.5,1.5,0,0,0,10
1724732360,98.1273,0,0,-98.1273,98.1273,224,11,13,65.0081,1.5,0,0,0,10
1725357210,81.9586,0,0,-81.9586,81.9586,74,6,1.5,20.0839,1.5,0,0,0,10
1726357305,95.2284,0,0,-95.2284,95.2284,169,20,12.6394,48.1394,1.5,0,0,0,10
1750000098,83.7548,0,0,-83.7548,83.7548,98,0,0,0,10,4,-13.2582,25.2582,1.5
1750000175,96.7692,0,0,-96.7692,96.7692,175,0,0,0,10,2,-4.77702,51.5,1.5
1750009003,81.9586,0,0,-81.9586,81.9586,74,0,0,0,10,6,1.5,20.0839,1.5
1750009021,83.7718,0,0,-83.7718,83.7718,92,0,0,0,10,7,8.73789,24.7621,1.5
1750009025,84.1783,0,0,-84.1783,84.1783,96,0,0,0,10,19,10.7202,25.2798,1.5
1750009036,84.3043,0,0,-84.3043,84.3043,107,0,0,0,10,9,3.82835,30.3284,1.5
1750009040,84.8891,0,0,-84.8891,84.8891,111,0,0,0,10,1,-10.147,30.353,1.5
1750009047,84.6175,0,0,-84.6175,84.6175,118,0,0,0,10,16,8.64926,33,1.5
1750009091,96.107,0,0,-96.107,96.107,162,0,0,0,10,13,18.7709,43.7709,1.5
1750009098,95.2284,0,0,-95.2284,95.2284,169,0,0,0,10,20,12.6394,48.1394,1.5
1750009109,95.1105,0,0,-95.1105,95.1105,180,0,0,0,10,5,-22,48.2179,1.5
1750009144,101.242,0,0,-101.242,101.242,215,0,0,0,10,3,-22.7338,59.5,1.5
1750009152,103.18,0,0,-103.18,103.18,223,0,0,0,10,17,28.5,59.4288,1.5
1750009153,98.1273,0,0,-98.1273,98.1273,224,0,0,0,10,11,13,65.0081,1.5
1750009176,96.5672,0,0,-96.5672,96.5672,247,0,0,0,10,10,-1,73.2636,1.5
1750009178,103.467,0,0,-103.467,103.467,249,0,0,0,10,8,-22.5,70.3187,1.5
1750009185,105.193,0,0,-105.193,105.193,256,0,0,0,10,15,26.3182,71.3182,1.5
1750009185,104.078,0,0,-104.078,104.078,256,0,0,0,10,18,33.8924,67.8924,1.5
1750009186,98.1852,0,0,-98.1852,98.1852,257,0,0,0,10,12,-16.5,74.5848,1.5
1750009188,100.616,0,0,-100.616,100.616,259,0,0,0,10,14,-28.5194,71.5194,1.5
1766732392,105.193,0,0,-105.193,105.193,256,15,26.3182,71.3182,1.5,0,0,0,10
1766857395,100.616,0,0,-100.616,100.616,259,14,-28.5194,71.5194,1.5,0,0,0,10
1767857351,101.242,0,0,-101.242,101.242,215,3,-22.7338,59.5,1.5,0,0,0,10
1767982243,84.3043,0,0,-84.3043,84.3043,107,9,3.82835,30.3284,1.5,0,0,0,10
1768857393,98.1852,0,0,-98.1852,98.1852,257,12,-16.5,74.5848,1.5,0,0,0,10
1769482359,103.18,0,0,-103.18,103.18,223,17,28.5,59.4288,1.5,0,0,0,10
1769982383,96.5672,0,0,-96.5672,96.5672,247,10,-1,73.2636,1.5,0,0,0,10
1770732254,84.6175,0,0,-84.6175,84.6175,118,16,8.64926,33,1.5,0,0,0,10
1771482228,83.7718,0,0,-83.7718,83.7718,92,7,8.73789,24.7621,1.5,0,0,0,10
1771982247,84.8891,0,0,-84.8891,84.8891,111,1,-10.147,30.353,1.5,0,0,0,10
1771982385,103.467,0,0,-103.467,103.467,249,8,-22.5,70.3187,1.5,0,0,0,10
1772232232,84.1783,0,0,-84.1783,84.1783,96,19,10.7202,25.2798,1.5,0,0,0,10
1772232316,95.1105,0,0,-95.1105,95.1105,180,5,-22,48.2179,1.5,0,0,0,10
1772973306,83.7548,0,0,-83.7548,83.7548,98,4,-13.2582,25.2582,1.5,0,0,0,10
1773357298,96.107,0,0,-96.107,96.107,162,13,18.7709,43.7709,1.5,0,0,0,10
1773482392,104.078,0,0,-104.078,104.078,256,18,33.8924,67.8924,1.5,0,0,0,10
1773973383,96.7692,0,0,-96.7692,96.7692,175,2,-4.77702,51.5,1.5,0,0,0,10
1774732360,98.1273,0,0,-98.1273,98.1273,224,11,13,65.0081,1.5,0,0,0,10
1775357210,81.9586,0,0,-81.9586,81.9586,74,6,1.5,20.0839,1.5,0,0,0,10
1776357305,95.2284,0,0,-95.2284,95.2284,169,20,12.6394,48.1394,1.5,0,0,0,10
1800000098,83.7548,0,0,-83.7548,83.7548,98,0,0,0,10,4,-13.3642,25.3642,1.5
1800000175,96.7692,0,0,-96.7692,96.7692,175,0,0,0,10,2,-4.92702,51.5,1.5
1800009003,81.9586,0,0,-81.9586,81.9586,74,0,0,0,10,6,1.5,19.9339,1.5
1800009021,83.7718,0,0,-83.7718,83.7718,92,0,0,0,10,7,8.84396,24.656,1.5
1800009025,84.1783,0,0,-84.1783,84.1783,96,0,0,0,10,19,10.8262,25.1738,1.5
1800009036,84.3043,0,0,-84.3043,84.3043,107,0,0,0,10,9,3.72229,30.2223,1.5
1800009040,84.8891,0,0,-84.8891,84.8891,111,0,0,0,10,1,-10.2531,30.2469,1.5
1800009047,84.6175,0,0,-84.6175,84.6175,118,0,0,0,10,16,8.49926,33,1.5
1800009091,96.107,0,0,-96.107,96.107,162,0,0,0,10,13,18.6648,43.6648,1.5
1800009098,95.2284,0,0,-95.2284,95.2284,169,0,0,0,10,20,12.5333,48.0333,1.5
1800009109,95.1105,0,0,-95.1105,95.1105,180,0,0,0,10,5,-22,48.0679,1.5
1800009144,101.242,0,0,-101.242,101.242,215,0,0,0,10,3,-22.5838,59.5,1.5
1800009152,103.18,0,0,-103.18,103.18,223,0,0,0,10,17,28.5,59.2788,1.5
1800009153,98.1273,0,0,-98.1273,98.1273,224,0,0,0,10,11,13,64.8581,1.5
1800009176,96.5672,0,0,-96.5672,96.5672,247,0,0,0,10,10,-1,73.1136,1.5
1800009178,103.467,0,0,-103.467,103.467,249,0,0,0,10,8,-22.5,70.1687,1.5
1800009185,105.193,0,0,-105.193,105.193,256,0,0,0,10,15,26.2121,71.2121,1.5
1800009185,104.078,0,0,-104.078,104.078,256,0,0,0,10,18,33.7863,67.7863,1.5
1800009186,98.1852,0,0,-98.1852,98.1852,257,0,0,0,10,12,-16.5,74.4348,1.5
1800009188,100.616,0,0,-100.616,100.616,259,0,0,0,10,14,-28.4134,71.4134,1.5
1816732392,105.193,0,0,-105.193,105.193,256,15,26.2121,71.2121,1.5,0,0,0,10
1817482395,100.616,0,0,-100.616,100.616,259,14,-28.4134,71.4134,1.5,0,0,0,10
1817857351,101.242,0,0,-101.242,101.242,215,3,-22.5838,59.5,1.5,0,0,0,10
1817982243,84.3043,0,0,-84.3043,84.3043,107,9,3.72229,30.2223,1.5,0,0,0,10
1818857393,98.1852,0,0,-98.1852,98.1852,257,12,-16.5,74.4348,1.5,0,0,0,10
1819482359,103.18,0,0,-103.18,103.18,223,17,28.5,59.2788,1.5,0,0,0,10
1819982383,96.5672,0,0,-96.5672,96.5672,247,10,-1,73.1136,1.5,0,0,0,10
1820732254,84.6175,0,0,-84.6175,84.6175,118,16,8.49926,33,1.5,0,0,0,10
1821857228,83.7718,0,0,-83.7718,83.7718,92,7,8.84396,24.656,1.5,0,0,0,10
1821982385,103.467,0,0,-103.467,103.467,249,8,-22.5,70.1687,1.5,0,0,0,10
1822107247,84.8891,0,0,-84.8891,84.8891,111,1,-10.2531,30.2469,1.5,0,0,0,10
1822232232,84.1783,0,0,-84.1783,84.1783,96,19,10.8262,25.1738,1.5,0,0,0,10
1822482316,95.1105,0,0,-95.1105,95.1105,180,5,-22,48.0679,1.5,0,0,0,10
1822973306,83.7548,0,0,-83.7548,83.7548,98,4,-13.3642,25.3642,1.5,0,0,0,10
1823482392,104.078,0,0,-104.078,104.078,256,18,33.7863,67.7863,1.5,0,0,0,10
1823973383,96.7692,0,0,-96.7692,96.7692,175,2,-4.92702,51.5,1.5,0,0,0,10
1824482298,96.107,0,0,-96.107,96.107,162,13,18.6648,43.6648,1.5,0,0,0,10
1824732360,98.1273,0,0,-98.1273,98.1273,224,11,13,64.8581,1.5,0,0,0,10
1825357210,81.9586,0,0,-81.9586,81.9586,74,6,1.5,19.9339,1.5,0,0,0,10
1826357305,95.2284,0,0,-95.2284,95.2284,169,20,12.5333,48.0333,1.5,0,0,0,10
1850000098,83.7548,0,0,-83.7548,83.7548,98,0,0,0,10,4,-13.3642,25.3642,1.5
1850000175,96.7692,0,0,-96.7692,96.7692,175,0,0,0,10,2,-4.92702,51.5,1.5
1850009003,81.9586,0,0,-81.9586,81.9586,74,0,0,0,10,6,1.5,19.9339,1.5
1850009021,83.7718,0,0,-83.7718,83.7718,92,0,0,0,10,7,8.84396,24.656,1.5
1850009025,84.1783,0,0,-84.1783,84.1783,96,0,0,0,10,19,10.8262,25.1738,1.5
1850009036,84.3043,0,0,-84.3043,84.3043,107,0,0,0,10,9,3.72229,30.2223,1.5
1850009040,84.8891,0,0,-84.8891,84.8891,111,0,0,0,10,1,-10.2531,30.2469,1.5
1850009047,84.6175,0,0,-84.6175,84.6175,118,0,0,0,10,16,8.49926,33,1.5
1850009091,96.107,0,0,-96.107,96.107,162,0,0,0,10,13,18.6648,43.6648,1.5
1850009098,95.2284,0,0,-95.2284,95.2284,169,0,0,0,10,20,12.5333,48.0333,1.5
1850009109,95.1105,0,0,-95.1105,95.1105,180,0,0,0,10,5,-22,48.0679,1.5
1850009144,101.242,0,0,-101.242,101.242,215,0,0,0,10,3,-22.5838,59.5,1.5
1850009152,103.18,0,0,-103.18,103.18,223,0,0,0,10,17,28.5,59.2788,1.5
1850009153,98.1273,0,0,-98.1273,98.1273,224,0,0,0,10,11,13,64.8581,1.5
1850009176,96.5672,0,0,-96.5672,96.5672,247,0,0,0,10,10,-1,73.1136,1.5
1850009178,103.467,0,0,-103.467,103.467,249,0,0,0,10,8,-22.5,70.1687,1.5
1850009185,105.193,0,0,-105.193,105.193,256,0,0,0,10,15,26.2121,71.2121,1.5
1850009185,104.078,0,0,-104.078,104.078,256,0,0,0,10,18,33.7863,67.7863,1.5
1850009186,98.1852,0,0,-98.1852,98.1852,257,0,0,0,10,12,-16.5,74.4348,1.5
1850009188,100.616,0,0,-100.616,100.616,259,0,0,0,10,14,-28.4134,71.4134,1.5
1866732392,105.193,0,0,-105.193,105.193,256,15,26.2121,71.2121,1.5,0,0,0,10
1867857351,101.242,0,0,-101.242,101.242,215,3,-22.5838,59.5,1.5,0,0,0,10
1867982243,84.3043,0,0,-84.3043,84.3043,107,9,3.72229,30.2223,1.5,0,0,0,10
1868482395,100.616,0,0,-100.616,100.616,259,14,-28.4134,71.4134,1.5,0,0,0,10
1868857393,98.1852,0,0,-98.1852,98.1852,257,12,-16.5,74.4348,1.5,0,0,0,10
1869482359,103.18,0,0,-103.18,103.18,223,17,28.5,59.2788,1.5,0,0,0,10
1869982383,96.5672,0,0,-96.5672,96.5672,247,10,-1,73.1136,1.5,0,0,0,10
1870732254,84.6175,0,0,-84.6175,84.6175,118,16,8.49926,33,1.5,0,0,0,10
1871982228,83.7718,0,0,-83.7718,83.7718,92,7,8.84396,24.656,1.5,0,0,0,10
1871982385,103.467,0,0,-103.467,103.467,249,8,-22.5,70.1687,1.5,0,0,0,10
1872232232,84.1783,0,0,-84.1783,84.1783,96,19,10.8262,25.1738,1.5,0,0,0,10
1872482247,84.8891,0,0,-84.8891,84.8891,111,1,-10.2531,30.2469,1.5,0,0,0,10
1872732316,95.1105,0,0,-95.1105,95.1105,180,5,-22,48.0679,1.5,0,0,0,10
1872973306,83.7548,0,0,-83.7548,83.7548,98,4,-13.3642,25.3642,1.5,0,0,0,10
1873482392,104.078,0,0,-104.078,104.078,256,18,33.7863,67.7863,1.5,0,0,0,10
1873973383,96.7692,0,0,-96.7692,96.7692,175,2,-4.92702,51.5,1.5,0,0,0,10
1874482298,96.107,0,0,-96.107,96.107,162,13,18.6648,43.6648,1.5,0,0,0,10
1874732360,98.1273,0,0,-98.1273,98.1273,224,11,13,64.8581,1.5,0,0,0,10
1875357210,81.9586,0,0,-81.9586,81.9586,74,6,1.5,19.9339,1.5,0,0,0,10
1876357305,95.2284,0,0,-95.2284,95.2284,169,20,12.5333,48.0333,1.5,0,0,0,10
1900000098,83.7548,0,0,-83.7548,83.7548,98,0,0,0,10,4,-13.4703,25.4703,1.5
1900000175,96.7692,0,0,-96.7692,96.7692,175,0,0,0,10,2,-5.07702,51.5,1.5
1900009003,81.9586,0,0,-81.9586,81.9586,74,0,0,0,10,6,1.5,19.7839,1.5
1900009021,83.7718,0,0,-83.7718,83.7718,92,0,0,0,10,7,8.95003,24.55,1.5
1900009025,84.1783,0,0,-84.1783,84.1783,96,0,0,0,10,19,10.9323,25.0677,1.5
1900009036,84.3043,0,0,-84.3043,84.3043,107,0,0,0,10,9,3.61622,30.1162,1.5
1900009040,84.8891,0,0,-84.8891,84.8891,111,0,0,0,10,1,-10.3592,30.1408,1.5
1900009047,84.6175,0,0,-84.6175,84.6175,118,0,0,0,10,16,8.34926,33,1.5
1900009091,96.107,0,0,-96.107,96.107,162,0,0,0,10,13,18.5588,43.5588,1.5
1900009098,95.2284,0,0,-95.2284,95.2284,169,0,0,0,10,20,12.4272,47.9272,1.5
1900009109,95.1105,0,0,-95.1105,95.1105,180,0,0,0,10,5,-22,47.9179,1.5
1900009144,101.242,0,0,-101.242,101.242,215,0,0,0,10,3,-22.4338,59.5,1.5
1900009152,103.18,0,0,-103.18,103.18,223,0,0,0,10,17,28.5,59.1288,1.5
1900009153,98.1273,0,0,-98.1273,98.1273,224,0,0,0,10,11,13,64.7081,1.5
1900009176,96.5672,0,0,-96.5672,96.5672,247,0,0,0,10,10,-1,72.9636,1.5
1900009178,103.467,0,0,-103.467,103.467,249,0,0,0,10,8,-22.5,70.0187,1.5
1900009185,105.193,0,0,-105.193,105.193,256,0,0,0,10,15,26.106,71.106,1.5
1900009185,104.078,0,0,-104.078,104.078,256,0,0,0,10,18,33.6803,67.6803,1.5
1900009186,98.1852,0,0,-98.1852,98.1852,257,0,0,0,10,12,-16.5,74.2848,1.5
1900009188,100.616,0,0,-100.616,100.616,259,0,0,0,10,14,-28.3073,71.3073,1.5
1916732392,105.193,0,0,-105.193,105.193,256,15,26.106,71.106,1.5,0,0,0,10
1917857351,101.242,0,0,-101.242,101.242,215,3,-22.4338,59.5,1.5,0,0,0,10
1917982243,84.3043,0,0,-84.3043,84.3043,107,9,3.61622,30.1162,1.5,0,0,0,10
1918482395,100.616,0,0,-100.616,100.616,259,14,-28.3073,71.3073,1.5,0,0,0,10
1918857393,98.1852,0,0,-98.1852,98.1852,257,12,-16.5,74.2848,1.5,0,0,0,10
1919589504,103.18,0,0,-103.18,103.18,223,17,28.5,59.1288,1.5,0,0,0,10
1919982383,96.5672,0,0,-96.5672,96.5672,247,10,-1,72.9636,1.5,0,0,0,10
1920732254,84.6175,0,0,-84.6175,84.6175,118,16,8.34926,33,1.5,0,0,0,10
1921982385,103.467,0,0,-103.467,103.467,249,8,-22.5,70.0187,1.5,0,0,0,10
1922107228,83.7718,0,0,-83.7718,83.7718,92,7,8.95003,24.55,1.5,0,0,0,10
1922232232,84.1783,0,0,-84.1783,84.1783,96,19,10.9323,25.0677,1.5,0,0,0,10
1922607247,84.8891,0,0,-84.8891,84.8891,111,1,-10.3592,30.1408,1.5,0,0,0,10
1922857316,95.1105,0,0,-95.1105,95.1105,180,5,-22,47.9179,1.5,0,0,0,10
1922973306,83.7548,0,0,-83.7548,83.7548,98,4,-13.4703,25.4703,1.5,0,0,0,10
1923482392,104.078,0,0,-104.078,104.078,256,18,33.6803,67.6803,1.5,0,0,0,10
1923973383,96.7692,0,0,-96.7692,96.7692,175,2,-5.07702,51.5,1.5,0,0,0,10
1924732360,98.1273,0,0,-98.1273,98.1273,224,11,13,64.7081,1.5,0,0,0,10
1925357210,81.9586,0,0,-81.9586,81.9586,74,6,1.5,19.7839,1.5,0,0,0,10
1925482298,96.107,0,0,-96.107,96.107,162,13,18.5588,43.5588,1.5,0,0,0,10
1926357305,95.2284,0,0,-95.2284,95.2284,169,20,12.4272,47.9272,1.5,0,0,0,10
1950000098,83.7548,0,0,-83.7548,83.7548,98,0,0,0,10,4,-13.4703,25.4703,1.5
1950000175,96.7692,0,0,-96.7692,96.7692,175,0,0,0,10,2,-5.07702,51.5,1.5
1950009003,81.9586,0,0,-81.9586,81.9586,74,0,0,0,10,6,1.5,19.7839,1.5
1950009021,83.7718,0,0,-83.7718,83.7718,92,0,0,0,10,7,8.95003,24.55,1.5
1950009025,84.1783,0,0,-84.1783,84.1783,96,0,0,0,10,19,10.9323,25.0677,1.5
1950009036,84.3043,0,0,-84.3043,84.3043,107,0,0,0,10,9,3.61622,30.1162,1.5
1950009040,84.8891,0,0,-84.8891,84.8891,111,0,0,0,10,1,-10.3592,30.1408,1.5
1950009047,84.6175,0,0,-84.6175,84.6175,118,0,0,0,10,16,8.34926,33,1.5
1950009091,96.107,0,0,-96.107,96.107,162,0,0,0,10,13,18.5588,43.5588,1.5
1950009098,95.2284,0,0,-95.2284,95.2284,169,0,0,0,10,20,12.4272,47.9272,1.5
1950009109,95.1105,0,0,-95.1105,95.1105,180,0,0,0,10,5,-22,47.9179,1.5
1950009144,101.242,0,0,-101.242,101.242,215,0,0,0,10,3,-22.4338,59.5,1.5
1950009152,103.18,0,0,-103.18,103.18,223,0,0,0,10,17,28.5,59.1288,1.5
1950009153,98.1273,0,0,-98.1273,98.1273,224,0,0,0,10,11,13,64.7081,1.5
1950009176,96.5672,0,0,-96.5672,96.5672,247,0,0,0,10,10,-1,72.9636,1.5
1950009178,103.467,0,0,-103.467,103.467,249,0,0,0,10,8,-22.5,70.0187,1.5
1950009185,105.193,0,0,-105.193,105.193,256,0,0,0,10,15,26.106,71.106,1.5
1950009185,104.078,0,0,-104.078,104.078,256,0,0,0,10,18,33.6803,67.6803,1.5
1950009186,98.1852,0,0,-98.1852,98.1852,257,0,0,0,10,12,-16.5,74.2848,1.5
1950009188,100.616,0,0,-100.616,100.616,259,0,0,0,10,14,-28.3073,71.3073,1.5
1966732392,105.193,0,0,-105.193,105.193,256,15,26.106,71.106,1.5,0,0,0,10
1967857351,101.242,0,0,-101.242,101.242,215,3,-22.4338,59.5,1.5,0,0,0,10
1967982243,84.3043,0,0,-84.3043,84.3043,107,9,3.61622,30.1162,1.5,0,0,0,10
1968482395,100.616,0,0,-100.616,100.616,259,14,-28.3073,71.3073,1.5,0,0,0,10
1968857393,98.1852,0,0,-98.1852,98.1852,257,12,-16.5,74.2848,1.5,0,0,0,10
1969607359,103.18,0,0,-103.18,103.18,223,17,28.5,59.1288,1.5,0,0,0,10
1969982383,96.5672,0,0,-96.5672,96.5672,247,10,-1,72.9636,1.5,0,0,0,10
1970732254,84.6175,0,0,-84.6175,84.6175,118,16,8.34926,33,1.5,0,0,0,10
1971982385,103.467,0,0,-103.467,103.467,249,8,-22.5,70.0187,1.5,0,0,0,10
1972107228,83.7718,0,0,-83.7718,83.7718,92,7,8.95003,24.55,1.5,0,0,0,10
1972232232,84.1783,0,0,-84.1783,84.1783,96,19,10.9323,25.0677,1.5,0,0,0,10
1972732247,84.8891,0,0,-84.8891,84.8891,111,1,-10.3592,30.1408,1.5,0,0,0,10
1972857316,95.1105,0,0,-95.1105,95.1105,180,5,-22,47.9179,1.5,0,0,0,10
1972973306,83.7548,0,0,-83.7548,83.7548,98,4,-13.4703,25.4703,1.5,0,0,0,10
1973482392,104.078,0,0,-104.078,104.078,256,18,33.6803,67.6803,1.5,0,0,0,10
1973973383,96.7692,0,0,-96.7692,96.7692,175,2,-5.07702,51.5,1.5,0,0,0,10
1974732360,98.1273,0,0,-98.1273,98.1273,224,11,13,64.7081,1.5,0,0,0,10
1975357210,81.9586,0,0,-81.9586,81.9586,74,6,1.5,19.7839,1.5,0,0,0,10
1975482298,96.107,0,0,-96.107,96.107,162,13,18.5588,43.5588,1.5,0,0,0,10
1976357305,95.2284,0,0,-95.2284,95.2284,169,20,12.4272,47.9272,1.5,0,0,0,10
2000000098,83.7548,0,0,-83.7548,83.7548,98,0,0,0,10,4,-13.5764,25.5764,1.5
2000000175,96.7692,0,0,-96.7692,96.7692,175,0,0,0,10,2,-5.22702,51.5,1.5
2000009003,81.9586,0,0,-81.9586,81.9586,74,0,0,0,10,6,1.5,19.6339,1.5
2000009021,83.7718,0,0,-83.7718,83.7718,92,0,0,0,10,7,9.07932,24.5,1.5
2000009025,84.1783,0,0,-84.1783,84.1783,96,0,0,0,10,19,11.0384,24.9616,1.5
2000009036,84.3043,0,0,-84.3043,84.3043,107,0,0,0,10,9,3.51016,30.0102,1.5
2000009040,84.8891,0,0,-84.8891,84.8891,111,0,0,0,10,1,-10.4652,30.0348,1.5
2000009047,84.6175,0,0,-84.6175,84.6175,118,0,0,0,10,16,8.19926,33,1.5
2000009091,96.107,0,0,-96.107,96.107,162,0,0,0,10,13,18.4527,43.4527,1.5
2000009098,95.2284,0,0,-95.2284,95.2284,169,0,0,0,10,20,12.3212,47.8212,1.5
2000009109,95.1105,0,0,-95.1105,95.1105,180,0,0,0,10,5,-22,47.7679,1.5
2000009144,101.242,0,0,-101.242,101.242,215,0,0,0,10,3,-22.2838,59.5,1.5
2000009152,103.18,0,0,-103.18,103.18,223,0,0,0,10,17,28.5,58.9788,1.5
2000009153,98.1273,0,0,-98.1273,98.1273,224,0,0,0,10,11,13,64.5581,1.5
2000009176,96.5672,0,0,-96.5672,96.5672,247,0,0,0,10,10,-1,72.8136,1.5
2000009178,103.467,0,0,-103.467,103.467,249,0,0,0,10,8,-22.5,69.8687,1.5
2000009185,105.193,0,0,-105.193,105.193,256,0,0,0,10,15,26,71,1.5
2000009185,104.078,0,0,-104.078,104.078,256,0,0,0,10,18,33.5742,67.5742,1.5
2000009186,98.1852,0,0,-98.1852,98.1852,257,0,0,0,10,12,-16.5,74.1348,1.5
2000009188,100.616,0,0,-100.616,100.616,259,0,0,0,10,14,-28.2012,71.2012,1.5
2016732392,105.193,0,0,-105.193,105.193,256,15,26,71,1.5,0,0,0,10
2017857351,101.242,0,0,-101.242,101.242,215,3,-22.2838,59.5,1.5,0,0,0,10
2017982243,84.3043,0,0,-84.3043,84.3043,107,9,3.51016,30.0102,1.5,0,0,0,10
2018857393,98.1852,0,0,-98.1852,98.1852,257,12,-16.5,74.1348,1.5,0,0,0,10
2019098468,100.616,0,0,-100.616,100.616,259,14,-28.2012,71.2012,1.5,0,0,0,10
2019607359,103.18,0,0,-103.18,103.18,223,17,28.5,58.9788,1.5,0,0,0,10
2019982383,96.5672,0,0,-96.5672,96.5672,247,10,-1,72.8136,1.5,0,0,0,10
2020732254,84.6175,0,0,-84.6175,84.6175,118,16,8.19926,33,1.5,0,0,0,10
2021982385,103.467,0,0,-103.467,103.467,249,8,-22.5,69.8687,1.5,0,0,0,10
2022232228,83.7718,0,0,-83.7718,83.7718,92,7,9.07932,24.5,1.5,0,0,0,10
2022232232,84.1783,0,0,-84.1783,84.1783,96,19,11.0384,24.9616,1.5,0,0,0,10
2022732247,84.8891,0,0,-84.8891,84.8891,111,1,-10.4652,30.0348,1.5,0,0,0,10
2022857316,95.1105,0,0,-95.1105,95.1105,180,5,-22,47.7679,1.5,0,0,0,10
2022973306,83.7548,0,0,-83.7548,83.7548,98,4,-13.5764,25.5764,1.5,0,0,0,10
2023482392,104.078,0,0,-104.078,104.078,256,18,33.5742,67.5742,1.5,0,0,0,10
2023973383,96.7692,0,0,-96.7692,96.7692,175,2,-5.22702,51.5,1.5,0,0,0,10
2024732360,98.1273,0,0,-98.1273,98.1273,224,11,13,64.5581,1.5,0,0,0,10
2025357210,81.9586,0,0,-81.9586,81.9586,74,6,1.5,19.6339,1.5,0,0,0,10
2025482298,96.107,0,0,-96.107,96.107,162,13,18.4527,43.4527,1.5,0,0,0,10
2026357305,95.2284,0,0,-95.2284,95.2284,169,20,12.3212,47.8212,1.5,0,0,0,10
2050000098,83.7548,0,0,-83.7548,83.7548,98,0,0,0,10,4,-13.5764,25.5764,1.5
2050000175,96.7692,0,0,-96.7692,96.7692,175,0,0,0,10,2,-5.22702,51.5,1.5
2050009003,81.9586,0,0,-81.9586,81.9586,74,0,0,0,10,6,1.5,19.6339,1.5
2050009021,83.7718,0,0,-83.7718,83.7718,92,0,0,0,10,7,9.07932,24.5,1.5
2050009025,84.1783,0,0,-84.1783,84.1783,96,0,0,0,10,19,11.0384,24.9616,1.5
2050009036,84.3043,0,0,-84.3043,84.3043,107,0,0,0,10,9,3.51016,30.0102,1.5
2050009040,84.8891,0,0,-84.8891,84.8891,111,0,0,0,10,1,-10.4652,30.0348,1.5
2050009047,84.6175,0,0,-84.6175,84.6175,118,0,0,0,10,16,8.19926,33,1.5
2050009091,96.107,0,0,-96.107,96.107,162,0,0,0,10,13,18.4527,43.4527,1.5
2050009098,95.2284,0,0,-95.2284,95.2284,169,0,0,0,10,20,12.3212,47.8212,1.5
2050009109,95.1105,0,0,-95.1105,95.1105,180,0,0,0,10,5,-22,47.7679,1.5
2050009144,101.242,0,0,-101.242,101.242,215,0,0,0,10,3,-22.2838,59.5,1.5
2050009152,103.18,0,0,-103.18,103.18,223,0,0,0,10,17,28.5,58.9788,1.5
2050009153,98.1273,0,0,-98.1273,98.1273,224,0,0,0,10,11,13,64.5581,1.5
2050009176,96.5672,0,0,-96.5672,96.5672,247,0,0,0,10,10,-1,72.8136,1.5
2050009178,103.467,0,0,-103.467,103.467,249,0,0,0,10,8,-22.5,69.8687,1.5
2050009185,105.193,0,0,-105.193,105.193,256,0,0,0,10,15,26,71,1.5
2050009185,104.078,0,0,-104.078,104.078,256,0,0,0,10,18,33.5742,67.5742,1.5
2050009186,98.1852,0,0,-98.1852,98.1852,257,0,0,0,10,12,-16.5,74.1348,1.5
2050009188,100.616,0,0,-100.616,100.616,259,0,0,0,10,14,-28.2012,71.2012,1.5
2066732392,105.193,0,0,-105.193,105.193,256,15,26,71,1.5,0,0,0,10
2067857351,101.242,0,0,-101.242,101.242,215,3,-22.2838,59.5,1.5,0,0,0,10
2067982243,84.3043,0,0,-84.3043,84.3043,107,9,3.51016,30.0102,1.5,0,0,0,10
2068857393,98.1852,0,0,-98.1852,98.1852,257,12,-16.5,74.1348,1.5,0,0,0,10
2069482395,100.616,0,0,-100.616,100.616,259,14,-28.2012,71.2012,1.5,0,0,0,10
2069607359,103.18,0,0,-103.18,103.18,223,17,28.5,58.9788,1.5,0,0,0,10
2069982383,96.5672,0,0,-96.5672,96.5672,247,10,-1,72.8136,1.5,0,0,0,10
2070732254,84.6175,0,0,-84.6175,84.6175,118,16,8.19926,33,1.5,0,0,0,10
2071982385,103.467,0,0,-103.467,103.467,249,8,-22.5,69.8687,1.5,0,0,0,10
2072232232,84.1783,0,0,-84.1783,84.1783,96,19,11.0384,24.9616,1.5,0,0,0,10
2072357228,83.7718,0,0,-83.7718,83.7718,92,7,9.07932,24.5,1.5,0,0,0,10
2072732247,84.8891,0,0,-84.8891,84.8891,111,1,-10.4652,30.0348,1.5,0,0,0,10
2072857316,95.1105,0,0,-95.1105,95.1105,180,5,-22,47.7679,1.5,0,0,0,10
2072973306,83.7548,0,0,-83.7548,83.7548,98,4,-13.5764,25.5764,1.5,0,0,0,10
2073482392,104.078,0,0,-104.078,104.078,256,18,33.5742,67.5742,1.5,0,0,0,10
2073973383,96.7692,0,0,-96.7692,96.7692,175,2,-5.22702,51.5,1.5,0,0,0,10
2074732360,98.1273,0,0,-98.1273,98.1273,224,11,13,64.5581,1.5,0,0,0,10
2075357210,81.9586,0,0,-81.9586,81.9586,74,6,1.5,19.6339,1.5,0,0,0,10
2075482298,96.107,0,0,-96.107,96.107,162,13,18.4527,43.4527,1.5,0,0,0,10
2076357305,95.2284,0,0,-95.2284,95.2284,169,20,12.3212,47.8212,1.5,0,0,0,10
2100000098,83.7548,0,0,-83.7548,83.7548,98,0,0,0,10,4,-13.6824,25.6824,1.5
2100000175,96.7692,0,0,-96.7692,96.7692,175,0,0,0,10,2,-5.37702,51.5,1.5
2100009003,81.9586,0,0,-81.9586,81.9586,74,0,0,0,10,6,1.5,19.4839,1.5
2100009021,83.7718,0,0,-83.7718,83.7718,92,0,0,0,10,7,9.22932,24.5,1.5
2100009025,84.1783,0,0,-84.1783,84.1783,96,0,0,0,10,19,11.1444,24.8556,1.5
2100009036,84.3043,0,0,-84.3043,84.3043,107,0,0,0,10,9,3.40409,29.9041,1.5
2100009040,84.8891,0,0,-84.8891,84.8891,111,0,0,0,10,1,-10.5713,29.9287,1.5
2100009047,84.6175,0,0,-84.6175,84.6175,118,0,0,0,10,16,8.04926,33,1.5
2100009091,96.107,0,0,-96.107,96.107,162,0,0,0,10,13,18.3466,43.3466,1.5
2100009098,95.2284,0,0,-95.2284,95.2284,169,0,0,0,10,20,12.2151,47.7151,1.5
2100009109,95.1105,0,0,-95.1105,95.1105,180,0,0,0,10,5,-22,47.6179,1.5
2100009144,101.242,0,0,-101.242,101.242,215,0,0,0,10,3,-22.1338,59.5,1.5
2100009152,103.18,0,0,-103.18,103.18,223,0,0,0,10,17,28.5,58.8288,1.5
2100009153,98.1273,0,0,-98.1273,98.1273,224,0,0,0,10,11,13,64.4081,1.5
2100009176,96.5672,0,0,-96.5672,96.5672,247,0,0,0,10,10,-1,72.6636,1.5
2100009178,103.467,0,0,-103.467,103.467,249,0,0,0,10,8,-22.5,69.7187,1.5
2100009185,105.193,0,0,-105.193,105.193,256,0,0,0,10,15,25.8939,70.8939,1.5
2100009185,104.078,0,0,-104.078,104.078,256,0,0,0,10,18,33.4681,67.4681,1.5
2100009186,98.1852,0,0,-98.1852,98.1852,257,0,0,0,10,12,-16.4893,73.9893,1.5
2100009188,100.616,0,0,-100.616,100.616,259,0,0,0,10,14,-28.0952,71.0952,1.5
2116732392,105.193,0,0,-105.193,105.193,256,15,25.8939,70.8939,1.5,0,0,0,10
2117857351,101.242,0,0,-101.242,101.242,215,3,-22.1338,59.5,1.5,0,0,0,10
2117982243,84.3043,0,0,-84.3043,84.3043,107,9,3.40409,29.9041,1.5,0,0,0,10
2118857393,98.1852,0,0,-98.1852,98.1852,257,12,-16.4893,73.9893,1.5,0,0,0,10
2119482395,100.616,0,0,-100.616,100.616,259,14,-28.0952,71.0952,1.5,0,0,0,10
2119607359,103.18,0,0,-103.18,103.18,223,17,28.5,58.8288,1.5,0,0,0,10
2119982383,96.5672,0,0,-96.5672,96.5672,247,10,-1,72.6636,1.5,0,0,0,10
2120732254,84.6175,0,0,-84.6175,84.6175,118,16,8.04926,33,1.5,0,0,0,10
2121982385,103.467,0,0,-103.467,103.467,249,8,-22.5,69.7187,1.5,0,0,0,10
2122232232,84.1783,0,0,-84.1783,84.1783,96,19,11.1444,24.8556,1.5,0,0,0,10
2122607228,83.7718,0,0,-83.7718,83.7718,92,7,9.22932,24.5,1.5,0,0,0,10
2122732247,84.8891,0,0,-84.8891,84.8891,111,1,-10.5713,29.9287,1.5,0,0,0,10
2122857316,95.1105,0,0,-95.1105,95.1105,180,5,-22,47.6179,1.5,0,0,0,10
2122973306,83.7548,0,0,-83.7548,83.7548,98,4,-13.6824,25.6824,1.5,0,0,0,10
2123482392,104.078,0,0,-104.078,104.078,256,18,33.4681,67.4681,1.5,0,0,0,10
2123973383,96.7692,0,0,-96.7692,96.7692,175,2,-5.37702,51.5,1.5,0,0,0,10
2124732360,98.1273,0,0,-98.1273,98.1273,224,11,13,64.4081,1.5,0,0,0,10
2125357210,81.9586,0,0,-81.9586,81.9586,74,6,1.5,19.4839,1.5,0,0,0,10
2126357305,95.2284,0,0,-95.2284,95.2284,169,20,12.2151,47.7151,1.5,0,0,0,10
2126482298,96.107,0,0,-96.107,96.107,162,13,18.3466,43.3466,1.5,0,0,0,10
2150000098,83.7548,0,0,-83.7548,83.7548,98,0,0,0,10,4,-13.6824,25.6824,1.5
2150000175,96.7692,0,0,-96.7692,96.7692,175,0,0,0,10,2,-5.37702,51.5,1.5
2150009003,81.9586,0,0,-81.9586,81.9586,74,0,0,0,10,6,1.5,19.4839,1.5
2150009021,83.7718,0,0,-83.7718,83.7718,92,0,0,0,10,7,9.22932,24.5,1.5
2150009025,84.1783,0,0,-84.1783,84.1783,96,0,0,0,10,19,11.1444,24.8556,1.5
2150009036,84.3043,0,0,-84.3043,84.3043,107,0,0,0,10,9,3.40409,29.9041,1.5
2150009040,84.8891,0,0,-84.8891,84.8891,111,0,0,0,10,1,-10.5713,29.9287,1.5
2150009047,84.6175,0,0,-84.6175,84.6175,118,0,0,0,10,16,8.04926,33,1.5
2150009091,96.107,0,0,-96.107,96.107,162,0,0,0,10,13,18.3466,43.3466,1.5
2150009098,95.2284,0,0,-95.2284,95.2284,169,0,0,0,10,20,12.2151,47.7151,1.5
2150009109,95.1105,0,0,-95.1105,95.1105,180,0,0,0,10,5,-22,47.6179,1.5
2150009144,101.242,0,0,-101.242,101.242,215,0,0,0,10,3,-22.1338,59.5,1.5
2150009152,103.18,0,0,-103.18,103.18,223,0,0,0,10,17,28.5,58.8288,1.5
2150009153,98.1273,0,0,-98.1273,98.1273,224,0,0,0,10,11,13,64.4081,1.5
2150009176,96.5672,0,0,-96.5672,96.5672,247,0,0,0,10,10,-1,72.6636,1.5
2150009178,103.467,0,0,-103.467,103.467,249,0,0,0,10,8,-22.5,69.7187,1.5
2150009185,105.193,0,0,-105.193,105.193,256,0,0,0,10,15,25.8939,70.8939,1.5
2150009185,104.078,0,0,-104.078,104.078,256,0,0,0,10,18,33.4681,67.4681,1.5
2150009186,98.1852,0,0,-98.1852,98.1852,257,0,0,0,10,12,-16.4893,73.9893,1.5
2150009188,100.616,0,0,-100.616,100.616,259,0,0,0,10,14,-28.0952,71.0952,1.5
2166732392,105.193,0,0,-105.193,105.193,256,15,25.8939,70.8939,1.5,0,0,0,10
2167857351,101.242,0,0,-101.242,101.242,215,3,-22.1338,59.5,1.5,0,0,0,10
2167982243,84.3043,0,0,-84.3043,84.3043,107,9,3.40409,29.9041,1.5,0,0,0,10
2168857393,98.1852,0,0,-98.1852,98.1852,257,12,-16.4893,73.9893,1.5,0,0,0,10
2169482395,100.616,0,0,-100.616,100.616,259,14,-28.0952,71.0952,1.5,0,0,0,10
2169607359,103.18,0,0,-103.18,103.18,223,17,28.5,58.8288,1.5,0,0,0,10
2169982383,96.5672,0,0,-96.5672,96.5672,247,10,-1,72.6636,1.5,0,0,0,10
2170732254,84.6175,0,0,-84.6175,84.6175,118,16,8.04926,33,1.5,0,0,0,10
2171982385,103.467,0,0,-103.467,103.467,249,8,-22.5,69.7187,1.5,0,0,0,10
2172232232,84.1783,0,0,-84.1783,84.1783,96,19,11.1444,24.8556,1.5,0,0,0,10
2172732247,84.8891,0,0,-84.8891,84.8891,111,1,-10.5713,29.9287,1.5,0,0,0,10
2172857228,83.7718,0,0,-83.7718,83.7718,92,7,9.22932,24.5,1.5,0,0,0,10
2172973306,83.7548,0,0,-83.7548,83.7548,98,4,-13.6824,25.6824,1.5,0,0,0,10
2173107316,95.1105,0,0,-95.1105,95.1105,180,5,-22,47.6179,1.5,0,0,0,10
2173482392,104.078,0,0,-104.078,104.078,256,18,33.4681,67.4681,1.5,0,0,0,10
2173973383,96.7692,0,0,-96.7692,96.7692,175,2,-5.37702,51.5,1.5,0,0,0,10
2174732360,98.1273,0,0,-98.1273,98.1273,224,11,13,64.4081,1.5,0,0,0,10
2175357210,81.9586,0,0,-81.9586,81.9586,74,6,1.5,19.4839,1.5,0,0,0,10
2176357305,95.2284,0,0,-95.2284,95.2284,169,20,12.2151,47.7151,1.5,0,0,0,10
2176482298,96.107,0,0,-96.107,96.107,162,13,18.3466,43.3466,1.5,0,0,0,10
2200000098,83.7548,0,0,-83.7548,83.7548,98,0,0,0,10,4,-13.7885,25.7885,1.5
2200000175,96.7692,0,0,-96.7692,96.7692,175,0,0,0,10,2,-5.51911,51.5191,1.5
2200009003,81.9586,0,0,-81.9586,81.9586,74,0,0,0,10,6,1.5,19.3339,1.5
2200009021,83.7718,0,0,-83.7718,83.7718,92,0,0,0,10,7,9.37932,24.5,1.5
2200009025,84.1783,0,0,-84.1783,84.1783,96,0,0,0,10,19,11.2505,24.7495,1.5
2200009036,84.3043,0,0,-84.3043,84.3043,107,0,0,0,10,9,3.29802,29.798,1.5
2200009040,84.8891,0,0,-84.8891,84.8891,111,0,0,0,10,1,-10.6774,29.8226,1.5
2200009047,84.6175,0,0,-84.6175,84.6175,118,0,0,0,10,16,7.89926,33,1.5
2200009091,96.107,0,0,-96.107,96.107,162,0,0,0,10,13,18.2406,43.2406,1.5
2200009098,95.2284,0,0,-95.2284,95.2284,169,0,0,0,10,20,12.109,47.609,1.5
2200009109,95.1105,0,0,-95.1105,95.1105,180,0,0,0,10,5,-22,47.4679,1.5
2200009144,101.242,0,0,-101.242,101.242,215,0,0,0,10,3,-21.9838,59.5,1.5
2200009152,103.18,0,0,-103.18,103.18,223,0,0,0,10,17,28.5,58.6788,1.5
2200009153,98.1273,0,0,-98.1273,98.1273,224,0,0,0,10,11,13,64.2581,1.5
2200009176,96.5672,0,0,-96.5672,96.5672,247,0,0,0,10,10,-1,72.5136,1.5
2200009178,103.467,0,0,-103.467,103.467,249,0,0,0,10,8,-22.5,69.5687,1.5
2200009185,105.193,0,0,-105.193,105.193,256,0,0,0,10,15,25.7878,70.7878,1.5
2200009185,104.078,0,0,-104.078,104.078,256,0,0,0,10,18,33.3621,67.3621,1.5
2200009186,98.1852,0,0,-98.1852,98.1852,257,0,0,0,10,12,-16.3832,73.8832,1.5
2200009188,100.616,0,0,-100.616,100.616,259,0,0,0,10,14,-27.9891,70.9891,1.5
2216732392,105.193,0,0,-105.193,105.193,256,15,25.7878,70.7878,1.5,0,0,0,10
2217857351,101.242,0,0,-101.242,101.242,215,3,-21.9838,59.5,1.5,0,0,0,10
2217982243,84.3043,0,0,-84.3043,84.3043,107,9,3.29802,29.798,1.5,0,0,0,10
2218857393,98.1852,0,0,-98.1852,98.1852,257,12,-16.3832,73.8832,1.5,0,0,0,10
2219607359,103.18,0,0,-103.18,103.18,223,17,28.5,58.6788,1.5,0,0,0,10
2219982383,96.5672,0,0,-96.5672,96.5672,247,10,-1,72.5136,1.5,0,0,0,10
2220482395,100.616,0,0,-100.616,100.616,259,14,-27.9891,70.9891,1.5,0,0,0,10
2220732254,84.6175,0,0,-84.6175,84.6175,118,16,7.89926,33,1.5,0,0,0,10
2221982385,103.467,0,0,-103.467,103.467,249,8,-22.5,69.5687,1.5,0,0,0,10
2222232232,84.1783,0,0,-84.1783,84.1783,96,19,11.2505,24.7495,1.5,0,0,0,10
2222732247,84.8891,0,0,-84.8891,84.8891,111,1,-10.6774,29.8226,1.5,0,0,0,10
2222973306,83.7548,0,0,-83.7548,83.7548,98,4,-13.7885,25.7885,1.5,0,0,0,10
2223107228,83.7718,0,0,-83.7718,83.7718,92,7,9.37932,24.5,1.5,0,0,0,10
2223357316,95.1105,0,0,-95.1105,95.1105,180,5,-22,47.4679,1.5,0,0,0,10
2223482392,104.078,0,0,-104.078,104.078,256,18,33.3621,67.3621,1.5,0,0,0,10
2223973383,96.7692,0,0,-96.7692,96.7692,175,2,-5.51911,51.5191,1.5,0,0,0,10
2224732360,98.1273,0,0,-98.1273,98.1273,224,11,13,64.2581,1.5,0,0,0,10
2225357210,81.9586,0,0,-81.9586,81.9586,74,6,1.5,19.3339,1.5,0,0,0,10
2226357305,95.2284,0,0,-95.2284,95.2284,169,20,12.109,47.609,1.5,0,0,0,10
2226482298,96.107,0,0,-96.107,96.107,162,13,18.2406,43.2406,1.5,0,0,0,10
2250000098,83.7548,0,0,-83.7548,83.7548,98,0,0,0,10,4,-13.7885,25.7885,1.5
2250000175,96.7692,0,0,-96.7692,96.7692,175,0,0,0,10,2,-5.51911,51.5191,1.5
2250009003,81.9586,0,0,-81.9586,81.9586,74,0,0,0,10,6,1.5,19.3339,1.5
2250009021,83.7718,0,0,-83.7718,83.7718,92,0,0,0,10,7,9.37932,24.5,1.5
2250009025,84.1783,0,0,-84.1783,84.1783,96,0,0,0,10,19,11.2505,24.7495,1.5
2250009036,84.3043,0,0,-84.3043,84.3043,107,0,0,0,10,9,3.29802,29.798,1.5
2250009040,84.8891,0,0,-84.8891,84.8891,111,0,0,0,10,1,-10.6774,29.8226,1.5
2250009047,84.6175,0,0,-84.6175,84.6175,118,0,0,0,10,16,7.89926,33,1.5
2250009091,96.107,0,0,-96.107,96.107,162,0,0,0,10,13,18.2406,43.2406,1.5
2250009098,95.2284,0,0,-95.2284,95.2284,169,0,0,0,10,20,12.109,47.609,1.5
2250009109,95.1105,0,0,-95.1105,95.1105,180,0,0,0,10,5,-22,47.4679,1.5
2250009144,101.242,0,0,-101.242,101.242,215,0,0,0,10,3,-21.9838,59.5,1.5
2250009152,103.18,0,0,-103.18,103.18,223,0,0,0,10,17,28.5,58.6788,1.5
2250009153,98.1273,0,0,-98.1273,98.1273,224,0,0,0,10,11,13,64.2581,1.5
2250009176,96.5672,0,0,-96.5672,96.5672,247,0,0,0,10,10,-1,72.5136,1.5
2250009178,103.467,0,0,-103.467,103.467,249,0,0,0,10,8,-22.5,69.5687,1.5
2250009185,105.193,0,0,-105.193,105.193,256,0,0,0,10,15,25.7878,70.7878,1.5
2250009185,104.078,0,0,-104.078,104.078,256,0,0,0,10,18,33.3621,67.3621,1.5
2250009186,98.1852,0,0,-98.1852,98.1852,257,0,0,0,10,12,-16.3832,73.8832,1.5
2250009188,100.616,0,0,-100.616,100.616,259,0,0,0,10,14,-27.9891,70.9891,1.5
2266732392,105.193,0,0,-105.193,105.193,256,15,25.7878,70.7878,1.5,0,0,0,10
2267857351,101.242,0,0,-101.242,101.242,215,3,-21.9838,59.5,1.5,0,0,0,10
2267982243,84.3043,0,0,-84.3043,84.3043,107,9,3.29802,29.798,1.5,0,0,0,10
2268857393,98.1852,0,0,-98.1852,98.1852,257,12,-16.3832,73.8832,1.5,0,0,0,10
2269607359,103.18,0,0,-103.18,103.18,223,17,28.5,58.6788,1.5,0,0,0,10
2269982383,96.5672,0,0,-96.5672,96.5672,247,10,-1,72.5136,1.5,0,0,0,10
2270482395,100.616,0,0,-100.616,100.616,259,14,-27.9891,70.9891,1.5,0,0,0,10
2270732254,84.6175,0,0,-84.6175,84.6175,118,16,7.89926,33,1.5,0,0,0,10
2271982385,103.467,0,0,-103.467,103.467,249,8,-22.5,69.5687,1.5,0,0,0,10
2272232232,84.1783,0,0,-84.1783,84.1783,96,19,11.2505,24.7495,1.5,0,0,0,10
2272732247,84.8891,0,0,-84.8891,84.8891,111,1,-10.6774,29.8226,1.5,0,0,0,10
2272973306,83.7548,0,0,-83.7548,83.7548,98,4,-13.7885,25.7885,1.5,0,0,0,10
2273232228,83.7718,0,0,-83.7718,83.7718,92,7,9.37932,24.5,1.5,0,0,0,10
2273482392,104.078,0,0,-104.078,104.078,256,18,33.3621,67.3621,1.5,0,0,0,10
2273607316,95.1105,0,0,-95.1105,95.1105,180,5,-22,47.4679,1.5,0,0,0,10
2273973383,96.7692,0,0,-96.7692,96.7692,175,2,-5.51911,51.5191,1.5,0,0,0,10
2274732360,98.1273,0,0,-98.1273,98.1273,224,11,13,64.2581,1.5,0,0,0,10
2275357210,81.9586,0,0,-81.9586,81.9586,74,6,1.5,19.3339,1.5,0,0,0,10
2276357305,95.2284,0,0,-95.2284,95.2284,169,20,12.109,47.609,1.5,0,0,0,10
2277482298,96.107,0,0,-96.107,96.107,162,13,18.2406,43.2406,1.5,0,0,0,10
2300000098,83.7548,0,0,-83.7548,83.7548,98,0,0,0,10,4,-13.8946,25.8946,1.5
2300000175,96.7692,0,0,-96.7692,96.7692,175,0,0,0,10,2,-5.62517,51.6252,1.5
2300009003,81.9586,0,0,-81.9586,81.9586,74,0,0,0,10,6,1.5,19.1839,1.5
2300009021,83.7718,0,0,-83.7718,83.7718,92,0,0,0,10,7,9.52932,24.5,1.5
2300009025,84.1783,0,0,-84.1783,84.1783,96,0,0,0,10,19,11.3566,24.6434,1.5
2300009036,84.3043,0,0,-84.3043,84.3043,107,0,0,0,10,9,3.19196,29.692,1.5
2300009040,84.8891,0,0,-84.8891,84.8891,111,0,0,0,10,1,-10.7834,29.7166,1.5
2300009047,84.6175,0,0,-84.6175,84.6175,118,0,0,0,10,16,7.74926,33,1.5
2300009091,96.107,0,0,-96.107,96.107,162,0,0,0,10,13,18.1345,43.1345,1.5
2300009098,95.2284,0,0,-95.2284,95.2284,169,0,0,0,10,20,12.003,47.503,1.5
2300009109,95.1105,0,0,-95.1105,95.1105,180,0,0,0,10,5,-22,47.3179,1.5
2300009144,101.242,0,0,-101.242,101.242,215,0,0,0,10,3,-21.8338,59.5,1.5
2300009152,103.18,0,0,-103.18,103.18,223,0,0,0,10,17,28.5,58.5288,1.5
2300009153,98.1273,0,0,-98.1273,98.1273,224,0,0,0,10,11,13,64.1081,1.5
2300009176,96.5672,0,0,-96.5672,96.5672,247,0,0,0,10,10,-1,72.3636,1.5
2300009178,103.467,0,0,-103.467,103.467,249,0,0,0,10,8,-22.5,69.4187,1.5
2300009185,105.193,0,0,-105.193,105.193,256,0,0,0,10,15,25.6818,70.6818,1.5
2300009185,104.078,0,0,-104.078,104.078,256,0,0,0,10,18,33.256,67.256,1.5
2300009186,98.1852,0,0,-98.1852,98.1852,257,0,0,0,10,12,-16.2771,73.7771,1.5
2300009188,100.616,0,0,-100.616,100.616,259,0,0,0,10,14,-27.883,70.883,1.5
2316732392,105.193,0,0,-105.193,105.193,256,15,25.6818,70.6818,1.5,0,0,0,10
2317857351,101.242,0,0,-101.242,101.242,215,3,-21.8338,59.5,1.5,0,0,0,10
2317982243,84.3043,0,0,-84.3043,84.3043,107,9,3.19196,29.692,1.5,0,0,0,10
2318857393,98.1852,0,0,-98.1852,98.1852,257,12,-16.2771,73.7771,1.5,0,0,0,10
2319607359,103.18,0,0,-103.18,103.18,223,17,28.5,58.5288,1.5,0,0,0,10
2319982383,96.5672,0,0,-96.5672,96.5672,247,10,-1,72.3636,1.5,0,0,0,10
2320482395,100.616,0,0,-100.616,100.616,259,14,-27.883,70.883,1.5,0,0,0,10
2320732254,84.6175,0,0,-84.6175,84.6175,118,16,7.74926,33,1.5,0,0,0,10
2321982385,103.467,0,0,-103.467,103.467,249,8,-22.5,69.4187,1.5,0,0,0,10
2322232232,84.1783,0,0,-84.1783,84.1783,96,19,11.3566,24.6434,1.5,0,0,0,10
2322973306,83.7548,0,0,-83.7548,83.7548,98,4,-13.8946,25.8946,1.5,0,0,0,10
2322982247,84.8891,0,0,-84.8891,84.8891,111,1,-10.7834,29.7166,1.5,0,0,0,10
2323232228,83.7718,0,0,-83.7718,83.7718,92,7,9.52932,24.5,1.5,0,0,0,10
2323482392,104.078,0,0,-104.078,104.078,256,18,33.256,67.256,1.5,0,0,0,10
2323857316,95.1105,0,0,-95.1105,95.1105,180,5,-22,47.3179,1.5,0,0,0,10
2323973383,96.7692,0,0,-96.7692,96.7692,175,2,-5.62517,51.6252,1.5,0,0,0,10
2324732360,98.1273,0,0,-98.1273,98.1273,224,11,13,64.1081,1.5,0,0,0,10
2325482210,81.9586,0,0,-81.9586,81.9586,74,6,1.5,19.1839,1.5,0,0,0,10
2326357305,95.2284,0,0,-95.2284,95.2284,169,20,12.003,47.503,1.5,0,0,0,10
2327482298,96.107,0,0,-96.107,96.107,162,13,18.1345,43.1345,1.5,0,0,0,10
2350000098,83.7548,0,0,-83.7548,83.7548,98,0,0,0,10,4,-13.8946,25.8946,1.5
2350000175,96.7692,0,0,-96.7692,96.7692,175,0,0,0,10,2,-5.62517,51.6252,1.5
2350009003,81.9586,0,0,-81.9586,81.9586,74,0,0,0,10,6,1.5,19.1839,1.5
2350009021,83.7718,0,0,-83.7718,83.7718,92,0,0,0,10,7,9.52932,24.5,1.5
2350009025,84.1783,0,0,-84.1783,84.1783,96,0,0,0,10,19,11.3566,24.6434,1.5
2350009036,84.3043,0,0,-84.3043,84.3043,107,0,0,0,10,9,3.19196,29.692,1.5
2350009040,84.8891,0,0,-84.8891,84.8891,111,0,0,0,10,1,-10.7834,29.7166,1.5
2350009047,84.6175,0,0,-84.6175,84.6175,118,0,0,0,10,16,7.74926,33,1.5
2350009091,96.107,0,0,-96.107,96.107,162,0,0,0,10,13,18.1345,43.1345,1.5
2350009098,95.2284,0,0,-95.2284,95.2284,169,0,0,0,10,20,12.003,47.503,1.5
2350009109,95.1105,0,0,-95.1105,95.1105,180,0,0,0,10,5,-22,47.3179,1.5
2350009144,101.242,0,0,-101.242,101.242,215,0,0,0,10,3,-21.8338,59.5,1.5
2350009152,103.18,0,0,-103.18,103.18,223,0,0,0,10,17,28.5,58.5288,1.5
2350009153,98.1273,0,0,-98.1273,98.1273,224,0,0,0,10,11,13,64.1081,1.5
2350009176,96.5672,0,0,-96.5672,96.5672,247,0,0,0,10,10,-1,72.3636,1.5
2350009178,103.467,0,0,-103.467,103.467,249,0,0,0,10,8,-22.5,69.4187,1.5
2350009185,105.193,0,0,-105.193,105.193,256,0,0,0,10,15,25.6818,70.6818,1.5
2350009185,104.078,0,0,-104.078,104.078,256,0,0,0,10,18,33.256,67.256,1.5
2350009186,98.1852,0,0,-98.1852,98.1852,257,0,0,0,10,12,-16.2771,73.7771,1.5
2350009188,100.616,0,0,-100.616,100.616,259,0,0,0,10,14,-27.883,70.883,1.5
2366732392,105.193,0,0,-105.193,105.193,256,15,25.6818,70.6818,1.5,0,0,0,10
2367857351,101.242,0,0,-101.242,101.242,215,3,-21.8338,59.5,1.5,0,0,0,10
2367982243,84.3043,0,0,-84.3043,84.3043,107,9,3.19196,29.692,1.5,0,0,0,10
2368857393,98.1852,0,0,-98.1852,98.1852,257,12,-16.2771,73.7771,1.5,0,0,0,10
2369607359,103.18,0,0,-103.18,103.18,223,17,28.5,58.5288,1.5,0,0,0,10
2369982383,96.5672,0,0,-96.5672,96.5672,247,10,-1,72.3636,1.5,0,0,0,10
2370732254,84.6175,0,0,-84.6175,84.6175,118,16,7.74926,33,1.5,0,0,0,10
2371107395,100.616,0,0,-100.616,100.616,259,14,-27.883,70.883,1.5,0,0,0,10
2371982385,103.467,0,0,-103.467,103.467,249,8,-22.5,69.4187,1.5,0,0,0,10
2372232232,84.1783,0,0,-84.1783,84.1783,96,19,11.3566,24.6434,1.5,0,0,0,10
2372973306,83.7548,0,0,-83.7548,83.7548,98,4,-13.8946,25.8946,1.5,0,0,0,10
2372982247,84.8891,0,0,-84.8891,84.8891,111,1,-10.7834,29.7166,1.5,0,0,0,10
2373357228,83.7718,0,0,-83.7718,83.7718,92,7,9.52932,24.5,1.5,0,0,0,10
2373482392,104.078,0,0,-104.078,104.078,256,18,33.256,67.256,1.5,0,0,0,10
2373973383,96.7692,0,0,-96.7692,96.7692,175,2,-5.62517,51.6252,1.5,0,0,0,10
2373982316,95.1105,0,0,-95.1105,95.1105,180,5,-22,47.3179,1.5,0,0,0,10
2374732360,98.1273,0,0,-98.1273,98.1273,224,11,13,64.1081,1.5,0,0,0,10
2375732210,81.9586,0,0,-81.9586,81.9586,74,6,1.5,19.1839,1.5,0,0,0,10
2376357305,95.2284,0,0,-95.2284,95.2284,169,20,12.003,47.503,1.5,0,0,0,10
2377482298,96.107,0,0,-96.107,96.107,162,13,18.1345,43.1345,1.5,0,0,0,10
2400000098,83.7548,0,0,-83.7548,83.7548,98,0,0,0,10,4,-14.0006,26.0006,1.5
2400000175,96.7692,0,0,-96.7692,96.7692,175,0,0,0,10,2,-5.73124,51.7312,1.5
2400009003,81.9586,0,0,-81.9586,81.9586,74,0,0,0,10,6,1.5,19.0339,1.5
2400009021,83.7718,0,0,-83.7718,83.7718,92,0,0,0,10,7,9.67932,24.5,1.5
2400009025,84.1783,0,0,-84.1783,84.1783,96,0,0,0,10,19,11.4626,24.5374,1.5
2400009036,84.3043,0,0,-84.3043,84.3043,107,0,0,0,10,9,3.08589,29.5859,1.5
2400009040,84.8891,0,0,-84.8891,84.8891,111,0,0,0,10,1,-10.8895,29.6105,1.5
2400009047,84.6175,0,0,-84.6175,84.6175,118,0,0,0,10,16,7.59926,33,1.5
2400009091,96.107,0,0,-96.107,96.107,162,0,0,0,10,13,18.0284,43.0284,1.5
2400009098,95.2284,0,0,-95.2284,95.2284,169,0,0,0,10,20,11.8969,47.3969,1.5
2400009109,95.1105,0,0,-95.1105,95.1105,180,0,0,0,10,5,-22,47.1679,1.5
2400009144,101.242,0,0,-101.242,101.242,215,0,0,0,10,3,-21.6838,59.5,1.5
2400009152,103.18,0,0,-103.18,103.18,223,0,0,0,10,17,28.5,58.3788,1.5
2400009153,98.1273,0,0,-98.1273,98.1273,224,0,0,0,10,11,13,63.9581,1.5
2400009176,96.5672,0,0,-96.5672,96.5672,247,0,0,0,10,10,-1,72.2136,1.5
2400009178,103.467,0,0,-103.467,103.467,249,0,0,0,10,8,-22.5,69.2687,1.5
2400009185,105.193,0,0,-105.193,105.193,256,0,0,0,10,15,25.5757,70.5757,1.5
2400009185,104.078,0,0,-104.078,104.078,256,0,0,0,10,18,33.1499,67.1499,1.5
2400009186,98.1852,0,0,-98.1852,98.1852,257,0,0,0,10,12,-16.1711,73.6711,1.5
2400009188,100.616,0,0,-100.616,100.616,259,0,0,0,10,14,-27.777,70.777,1.5
2416732392,105.193,0,0,-105.193,105.193,256,15,25.5757,70.5757,1.5,0,0,0,10
2417857351,101.242,0,0,-101.242,101.242,215,3,-21.6838,59.5,1.5,0,0,0,10
2417982243,84.3043,0,0,-84.3043,84.3043,107,9,3.08589,29.5859,1.5,0,0,0,10
2418857393,98.1852,0,0,-98.1852,98.1852,257,12,-16.1711,73.6711,1.5,0,0,0,10
2419607359,103.18,0,0,-103.18,103.18,223,17,28.5,58.3788,1.5,0,0,0,10
2419982383,96.5672,0,0,-96.5672,96.5672,247,10,-1,72.2136,1.5,0,0,0,10
2420732254,84.6175,0,0,-84.6175,84.6175,118,16,7.59926,33,1.5,0,0,0,10
2421482395,100.616,0,0,-100.616,100.616,259,14,-27.777,70.777,1.5,0,0,0,10
2421982385,103.467,0,0,-103.467,103.467,249,8,-22.5,69.2687,1.5,0,0,0,10
2422232232,84.1783,0,0,-84.1783,84.1783,96,19,11.4626,24.5374,1.5,0,0,0,10
2422973306,83.7548,0,0,-83.7548,83.7548,98,4,-14.0006,26.0006,1.5,0,0,0,10
2422982247,84.8891,0,0,-84.8891,84.8891,111,1,-10.8895,29.6105,1.5,0,0,0,10
2423482392,104.078,0,0,-104.078,104.078,256,18,33.1499,67.1499,1.5,0,0,0,10
2423607228,83.7718,0,0,-83.7718,83.7718,92,7,9.67932,24.5,1.5,0,0,0,10
2423973383,96.7692,0,0,-96.7692,96.7692,175,2,-5.73124,51.7312,1.5,0,0,0,10
2423982316,95.1105,0,0,-95.1105,95.1105,180,5,-22,47.1679,1.5,0,0,0,10
2424732360,98.1273,0,0,-98.1273,98.1273,224,11,13,63.9581,1.5,0,0,0,10
2425982210,81.9586,0,0,-81.9586,81.9586,74,6,1.5,19.0339,1.5,0,0,0,10
2426357305,95.2284,0,0,-95.2284,95.2284,169,20,11.8969,47.3969,1.5,0,0,0,10
2427482298,96.107,0,0,-96.107,96.107,162,13,18.0284,43.0284,1.5,0,0,0,10
2450000098,83.7548,0,0,-83.7548,83.7548,98,0,0,0,10,4,-14.0006,26.0006,1.5
2450000175,96.7692,0,0,-96.7692,96.7692,175,0,0,0,10,2,-5.73124,51.7312,1.5
2450009003,81.9586,0,0,-81.9586,81.9586,74,0,0,0,10,6,1.5,19.0339,1.5
2450009021,83.7718,0,0,-83.7718,83.7718,92,0,0,0,10,7,9.67932,24.5,1.5
2450009025,84.1783,0,0,-84.1783,84.1783,96,0,0,0,10,19,11.4626,24.5374,1.5
2450009036,84.3043,0,0,-84.3043,84.3043,107,0,0,0,10,9,3.08589,29.5859,1.5
2450009040,84.8891,0,0,-84.8891,84.8891,111,0,0,0,10,1,-10.8895,29.6105,1.5
2450009047,84.6175,0,0,-84.6175,84.6175,118,0,0,0,10,16,7.59926,33,1.5
2450009091,96.107,0,0,-96.107,96.107,162,0,0,0,10,13,18.0284,43.0284,1.5
2450009098,95.2284,0,0,-95.2284,95.2284,169,0,0,0,10,20,11.8969,47.3969,1.5
2450009109,95.1105,0,0,-95.1105,95.1105,180,0,0,0,10,5,-22,47.1679,1.5
2450009144,101.242,0,0,-101.242,101.242,215,0,0,0,10,3,-21.6838,59.5,1.5
2450009152,103.18,0,0,-103.18,103.18,223,0,0,0,10,17,28.5,58.3788,1.5
2450009153,98.1273,0,0,-98.1273,98.1273,224,0,0,0,10,11,13,63.9581,1.5
2450009176,96.5672,0,0,-96.5672,96.5672,247,0,0,0,10,10,-1,72.2136,1.5
2450009178,103.467,0,0,-103.467,103.467,249,0,0,0,10,8,-22.5,69.2687,1.5
2450009185,105.193,0,0,-105.193,105.193,256,0,0,0,10,15,25.5757,70.5757,1.5
2450009185,104.078,0,0,-104.078,104.078,256,0,0,0,10,18,33.1499,67.1499,1.5
2450009186,98.1852,0,0,-98.1852,98.1852,257,0,0,0,10,12,-16.1711,73.6711,1.5
2450009188,100.616,0,0,-100.616,100.616,259,0,0,0,10,14,-27.777,70.777,1.5
2466732392,105.193,0,0,-105.193,105.193,256,15,25.5757,70.5757,1.5,0,0,0,10
2467982243,84.3043,0,0,-84.3043,84.3043,107,9,3.08589,29.5859,1.5,0,0,0,10
2467982351,101.242,0,0,-101.242,101.242,215,3,-21.6838,59.5,1.5,0,0,0,10
2468857393,98.1852,0,0,-98.1852,98.1852,257,12,-16.1711,73.6711,1.5,0,0,0,10
2469607359,103.18,0,0,-103.18,103.18,223,17,28.5,58.3788,1.5,0,0,0,10
2469982383,96.5672,0,0,-96.5672,96.5672,247,10,-1,72.2136,1.5,0,0,0,10
2470732254,84.6175,0,0,-84.6175,84.6175,118,16,7.59926,33,1.5,0,0,0,10
2471482395,100.616,0,0,-100.616,100.616,259,14,-27.777,70.777,1.5,0,0,0,10
2471982385,103.467,0,0,-103.467,103.467,249,8,-22.5,69.2687,1.5,0,0,0,10
2472232232,84.1783,0,0,-84.1783,84.1783,96,19,11.4626,24.5374,1.5,0,0,0,10
2472973306,83.7548,0,0,-83.7548,83.7548,98,4,-14.0006,26.0006,1.5,0,0,0,10
2473232247,84.8891,0,0,-84.8891,84.8891,111,1,-10.8895,29.6105,1.5,0,0,0,10
2473482392,104.078,0,0,-104.078,104.078,256,18,33.1499,67.1499,1.5,0,0,0,10
2473732228,83.7718,0,0,-83.7718,83.7718,92,7,9.67932,24.5,1.5,0,0,0,10
2473973383,96.7692,0,0,-96.7692,96.7692,175,2,-5.73124,51.7312,1.5,0,0,0,10
2473982316,95.1105,0,0,-95.1105,95.1105,180,5,-22,47.1679,1.5,0,0,0,10
2474732360,98.1273,0,0,-98.1273,98.1273,224,11,13,63.9581,1.5,0,0,0,10
2476232210,81.9586,0,0,-81.9586,81.9586,74,6,1.5,19.0339,1.5,0,0,0,10
2476357305,95.2284,0,0,-95.2284,95.2284,169,20,11.8969,47.3969,1.5,0,0,0,10
2478482298,96.107,0,0,-96.107,96.107,162,13,18.0284,43.0284,1.5,0,0,0,10
2500000098,83.7548,0,0,-83.7548,83.7548,98,0,0,0,10,4,-14.1067,26.1067,1.5
2500000175,96.7692,0,0,-96.7692,96.7692,175,0,0,0,10,2,-5.83731,51.8373,1.5
2500009003,81.9586,0,0,-81.9586,81.9586,74,0,0,0,10,6,1.5,18.8839,1.5
2500009021,83.7718,0,0,-83.7718,83.7718,92,0,0,0,10,7,9.82932,24.5,1.5
2500009025,84.1783,0,0,-84.1783,84.1783,96,0,0,0,10,19,11.5687,24.4313,1.5
2500009036,84.3043,0,0,-84.3043,84.3043,107,0,0,0,10,9,2.97983,29.4798,1.5
2500009040,84.8891,0,0,-84.8891,84.8891,111,0,0,0,10,1,-10.9956,29.5044,1.5
2500009047,84.6175,0,0,-84.6175,84.6175,118,0,0,0,10,16,7.44926,33,1.5
2500009091,96.107,0,0,-96.107,96.107,162,0,0,0,10,13,17.9224,42.9224,1.5
2500009098,95.2284,0,0,-95.2284,95.2284,169,0,0,0,10,20,11.7909,47.2909,1.5
2500009109,95.1105,0,0,-95.1105,95.1105,180,0,0,0,10,5,-22,47.0179,1.5
2500009144,101.242,0,0,-101.242,101.242,215,0,0,0,10,3,-21.5338,59.5,1.5
2500009152,103.18,0,0,-103.18,103.18,223,0,0,0,10,17,28.5,58.2288,1.5
2500009153,98.1273,0,0,-98.1273,98.1273,224,0,0,0,10,11,13,63.8081,1.5
2500009176,96.5672,0,0,-96.5672,96.5672,247,0,0,0,10,10,-1,72.0636,1.5
2500009178,103.467,0,0,-103.467,103.467,249,0,0,0,10,8,-22.5,69.1187,1.5
2500009185,105.193,0,0,-105.193,105.193,256,0,0,0,10,15,25.4696,70.4696,1.5
2500009185,104.078,0,0,-104.078,104.078,256,0,0,0,10,18,33.0439,67.0439,1.5
2500009186,98.1852,0,0,-98.1852,98.1852,257,0,0,0,10,12,-16.065,73.565,1.5
2500009188,100.616,0,0,-100.616,100.616,259,0,0,0,10,14,-27.6709,70.6709,1.5
2516732392,105.193,0,0,-105.193,105.193,256,15,25.4696,70.4696,1.5,0,0,0,10
2517982243,84.3043,0,0,-84.3043,84.3043,107,9,2.97983,29.4798,1.5,0,0,0,10
2518107351,101.242,0,0,-101.242,101.242,215,3,-21.5338,59.5,1.5,0,0,0,10
2518857393,98.1852,0,0,-98.1852,98.1852,257,12,-16.065,73.565,1.5,0,0,0,10
2519607359,103.18,0,0,-103.18,103.18,223,17,28.5,58.2288,1.5,0,0,0,10
2519982383,96.5672,0,0,-96.5672,96.5672,247,10,-1,72.0636,1.5,0,0,0,10
2520732254,84.6175,0,0,-84.6175,84.6175,118,16,7.44926,33,1.5,0,0,0,10
2521482395,100.616,0,0,-100.616,100.616,259,14,-27.6709,70.6709,1.5,0,0,0,10
2521982385,103.467,0,0,-103.467,103.467,249,8,-22.5,69.1187,1.5,0,0,0,10
2522232232,84.1783,0,0,-84.1783,84.1783,96,19,11.5687,24.4313,1.5,0,0,0,10
2522973306,83.7548,0,0,-83.7548,83.7548,98,4,-14.1067,26.1067,1.5,0,0,0,10
2523482247,84.8891,0,0,-84.8891,84.8891,111,1,-10.9956,29.5044,1.5,0,0,0,10
2523482392,104.078,0,0,-104.078,104.078,256,18,33.0439,67.0439,1.5,0,0,0,10
2523973383,96.7692,0,0,-96.7692,96.7692,175,2,-5.83731,51.8373,1.5,0,0,0,10
2523982228,83.7718,0,0,-83.7718,83.7718,92,7,9.82932,24.5,1.5,0,0,0,10
2524232316,95.1105,0,0,-95.1105,95.1105,180,5,-22,47.0179,1.5,0,0,0,10
2524732360,98.1273,0,0,-98.1273,98.1273,224,11,13,63.8081,1.5,0,0,0,10
2526357210,81.9586,0,0,-81.9586,81.9586,74,6,1.5,18.8839,1.5,0,0,0,10
2526357305,95.2284,0,0,-95.2284,95.2284,169,20,11.7909,47.2909,1.5,0,0,0,10
2528482298,96.107,0,0,-96.107,96.107,162,13,17.9224,42.9224,1.5,0,0,0,10
2550000098,83.7548,0,0,-83.7548,83.7548,98,0,0,0,10,4,-14.1067,26.1067,1.5
2550000175,96.7692,0,0,-96.7692,96.7692,175,0,0,0,10,2,-5.83731,51.8373,1.5
2550009003,81.9586,0,0,-81.9586,81.9586,74,0,0,0,10,6,1.5,18.8839,1.5
2550009021,83.7718,0,0,-83.7718,83.7718,92,0,0,0,10,7,9.82932,24.5,1.5
2550009025,84.1783,0,0,-84.1783,84.1783,96,0,0,0,10,19,11.5687,24.4313,1.5
2550009036,84.3043,0,0,-84.3043,84.3043,107,0,0,0,10,9,2.97983,29.4798,1.5
2550009040,84.8891,0,0,-84.8891,84.8891,111,0,0,0,10,1,-10.9956,29.5044,1.5
2550009047,84.6175,0,0,-84.6175,84.6175,118,0,0,0,10,16,7.44926,33,1.5
2550009091,96.107,0,0,-96.107,96.107,162,0,0,0,10,13,17.9224,42.9224,1.5
2550009098,95.2284,0,0,-95.2284,95.2284,169,0,0,0,10,20,11.7909,47.2909,1.5
2550009109,95.1105,0,0,-95.1105,95.1105,180,0,0,0,10,5,-22,47.0179,1.5
2550009144,101.242,0,0,-101.242,101.242,215,0,0,0,10,3,-21.5338,59.5,1.5
2550009152,103.18,0,0,-103.18,103.18,223,0,0,0,10,17,28.5,58.2288,1.5
2550009153,98.1273,0,0,-98.1273,98.1273,224,0,0,0,10,11,13,63.8081,1.5
2550009176,96.5672,0,0,-96.5672,96.5672,247,0,0,0,10,10,-1,72.0636,1.5
2550009178,103.467,0,0,-103.467,103.467,249,0,0,0,10,8,-22.5,69.1187,1.5
2550009185,105.193,0,0,-105.193,105.193,256,0,0,0,10,15,25.4696,70.4696,1.5
2550009185,104.078,0,0,-104.078,104.078,256,0,0,0,10,18,33.0439,67.0439,1.5
2550009186,98.1852,0,0,-98.1852,98.1852,257,0,0,0,10,12,-16.065,73.565,1.5
2550009188,100.616,0,0,-100.616,100.616,259,0,0,0,10,14,-27.6709,70.6709,1.5
2566732392,105.193,0,0,-105.193,105.193,256,15,25.4696,70.4696,1.5,0,0,0,10
2567982243,84.3043,0,0,-84.3043,84.3043,107,9,2.97983,29.4798,1.5,0,0,0,10
2568107351,101.242,0,0,-101.242,101.242,215,3,-21.5338,59.5,1.5,0,0,0,10
2568857393,98.1852,0,0,-98.1852,98.1852,257,12,-16.065,73.565,1.5,0,0,0,10
2569607359,103.18,0,0,-103.18,103.18,223,17,28.5,58.2288,1.5,0,0,0,10
2569982383,96.5672,0,0,-96.5672,96.5672,247,10,-1,72.0636,1.5,0,0,0,10
2570732254,84.6175,0,0,-84.6175,84.6175,118,16,7.44926,33,1.5,0,0,0,10
2571982385,103.467,0,0,-103.467,103.467,249,8,-22.5,69.1187,1.5,0,0,0,10
2572232232,84.1783,0,0,-84.1783,84.1783,96,19,11.5687,24.4313,1.5,0,0,0,10
2572607395,100.616,0,0,-100.616,100.616,259,14,-27.6709,70.6709,1.5,0,0,0,10
2572973306,83.7548,0,0,-83.7548,83.7548,98,4,-14.1067,26.1067,1.5,0,0,0,10
2573482392,104.078,0,0,-104.078,104.078,256,18,33.0439,67.0439,1.5,0,0,0,10
2573732247,84.8891,0,0,-84.8891,84.8891,111,1,-10.9956,29.5044,1.5,0,0,0,10
2573973383,96.7692,0,0,-96.7692,96.7692,175,2,-5.83731,51.8373,1.5,0,0,0,10
2574232228,83.7718,0,0,-83.7718,83.7718,92,7,9.82932,24.5,1.5,0,0,0,10
2574482316,95.1105,0,0,-95.1105,95.1105,180,5,-22,47.0179,1.5,0,0,0,10
2574732360,98.1273,0,0,-98.1273,98.1273,224,11,13,63.8081,1.5,0,0,0,10
2576357210,81.9586,0,0,-81.9586,81.9586,74,6,1.5,18.8839,1.5,0,0,0,10
2576357305,95.2284,0,0,-95.2284,95.2284,169,20,11.7909,47.2909,1.5,0,0,0,10
2578482298,96.107,0,0,-96.107,96.107,162,13,17.9224,42.9224,1.5,0,0,0,10
2600000098,83.7548,0,0,-83.7548,83.7548,98,0,0,0,10,4,-14.2128,26.2128,1.5
2600000175,96.7692,0,0,-96.7692,96.7692,175,0,0,0,10,2,-5.94337,51.9434,1.5
2600009003,81.9586,0,0,-81.9586,81.9586,74,0,0,0,10,6,1.5,18.7339,1.5
2600009021,83.7718,0,0,-83.7718,83.7718,92,0,0,0,10,7,9.97932,24.5,1.5
2600009025,84.1783,0,0,-84.1783,84.1783,96,0,0,0,10,19,11.6748,24.3252,1.5
2600009036,84.3043,0,0,-84.3043,84.3043,107,0,0,0,10,9,2.87376,29.3738,1.5
2600009040,84.8891,0,0,-84.8891,84.8891,111,0,0,0,10,1,-11.1016,29.3984,1.5
2600009047,84.6175,0,0,-84.6175,84.6175,118,0,0,0,10,16,7.29926,33,1.5
2600009091,96.107,0,0,-96.107,96.107,162,0,0,0,10,13,17.8163,42.8163,1.5
2600009098,95.2284,0,0,-95.2284,95.2284,169,0,0,0,10,20,11.6848,47.1848,1.5
2600009109,95.1105,0,0,-95.1105,95.1105,180,0,0,0,10,5,-22,46.8679,1.5
2600009144,101.242,0,0,-101.242,101.242,215,0,0,0,10,3,-21.3838,59.5,1.5
2600009152,103.18,0,0,-103.18,103.18,223,0,0,0,10,17,28.5,58.0788,1.5
2600009153,98.1273,0,0,-98.1273,98.1273,224,0,0,0,10,11,13,63.6581,1.5
2600009176,96.5672,0,0,-96.5672,96.5672,247,0,0,0,10,10,-1,71.9136,1.5
2600009178,103.467,0,0,-103.467,103.467,249,0,0,0,10,8,-22.5,68.9687,1.5
2600009185,105.193,0,0,-105.193,105.193,256,0,0,0,10,15,25.3636,70.3636,1.5
2600009185,104.078,0,0,-104.078,104.078,256,0,0,0,10,18,32.9378,66.9378,1.5
2600009186,98.1852,0,0,-98.1852,98.1852,257,0,0,0,10,12,-15.9589,73.4589,1.5
2600009188,100.616,0,0,-100.616,100.616,259,0,0,0,10,14,-27.5648,70.5648,1.5
2616732392,105.193,0,0,-105.193,105.193,256,15,25.3636,70.3636,1.5,0,0,0,10
2617982243,84.3043,0,0,-84.3043,84.3043,107,9,2.87376,29.3738,1.5,0,0,0,10
2618107351,101.242,0,0,-101.242,101.242,215,3,-21.3838,59.5,1.5,0,0,0,10
2618857393,98.1852,0,0,-98.1852,98.1852,257,12,-15.9589,73.4589,1.5,0,0,0,10
2619607359,103.18,0,0,-103.18,103.18,223,17,28.5,58.0788,1.5,0,0,0,10
2619982383,96.5672,0,0,-96.5672,96.5672,247,10,-1,71.9136,1.5,0,0,0,10
2620732254,84.6175,0,0,-84.6175,84.6175,118,16,7.29926,33,1.5,0,0,0,10
2621982385,103.467,0,0,-103.467,103.467,249,8,-22.5,68.9687,1.5,0,0,0,10
2622232232,84.1783,0,0,-84.1783,84.1783,96,19,11.6748,24.3252,1.5,0,0,0,10
2622607395,100.616,0,0,-100.616,100.616,259,14,-27.5648,70.5648,1.5,0,0,0,10
2622973306,83.7548,0,0,-83.7548,83.7548,98,4,-14.2128,26.2128,1.5,0,0,0,10
2623482392,104.078,0,0,-104.078,104.078,256,18,32.9378,66.9378,1.5,0,0,0,10
2623857247,84.8891,0,0,-84.8891,84.8891,111,1,-11.1016,29.3984,1.5,0,0,0,10
2623973383,96.7692,0,0,-96.7692,96.7692,175,2,-5.94337,51.9434,1.5,0,0,0,10
2624357228,83.7718,0,0,-83.7718,83.7718,92,7,9.97932,24.5,1.5,0,0,0,10
2624732316,95.1105,0,0,-95.1105,95.1105,180,5,-22,46.8679,1.5,0,0,0,10
2624732360,98.1273,0,0,-98.1273,98.1273,224,11,13,63.6581,1.5,0,0,0,10
2626357210,81.9586,0,0,-81.9586,81.9586,74,6,1.5,18.7339,1.5,0,0,0,10
2626357305,95.2284,0,0,-95.2284,95.2284,169,20,11.6848,47.1848,1.5,0,0,0,10
2629482298,96.107,0,0,-96.107,96.107,162,13,17.8163,42.8163,1.5,0,0,0,10
2650000098,83.7548,0,0,-83.7548,83.7548,98,0,0,0,10,4,-14.2128,26.2128,1.5
2650000175,96.7692,0,0,-96.7692,96.7692,175,0,0,0,10,2,-5.94337,51.9434,1.5
2650009003,81.9586,0,0,-81.9586,81.9586,74,0,0,0,10,6,1.5,18.7339,1.5
2650009021,83.7718,0,0,-83.7718,83.7718,92,0,0,0,10,7,9.97932,24.5,1.5
2650009025,84.1783,0,0,-84.1783,84.1783,96,0,0,0,10,19,11.6748,24.3252,1.5
2650009036,84.3043,0,0,-84.3043,84.3043,107,0,0,0,10,9,2.87376,29.3738,1.5
2650009040,84.8891,0,0,-84.8891,84.8891,111,0,0,0,10,1,-11.1016,29.3984,1.5
2650009047,84.6175,0,0,-84.6175,84.6175,118,0,0,0,10,16,7.29926,33,1.5
2650009091,96.107,0,0,-96.107,96.107,162,0,0,0,10,13,17.8163,42.8163,1.5
2650009098,95.2284,0,0,-95.2284,95.2284,169,0,0,0,10,20,11.6848,47.1848,1.5
2650009109,95.1105,0,0,-95.1105,95.1105,180,0,0,0,10,5,-22,46.8679,1.5
2650009144,101.242,0,0,-101.242,101.242,215,0,0,0,10,3,-21.3838,59.5,1.5
2650009152,103.18,0,0,-103.18,103.18,223,0,0,0,10,17,28.5,58.0788,1.5
2650009153,98.1273,0,0,-98.1273,98.1273,224,0,0,0,10,11,13,63.6581,1.5
2650009176,96.5672,0,0,-96.5672,96.5672,247,0,0,0,10,10,-1,71.9136,1.5
2650009178,103.467,0,0,-103.467,103.467,249,0,0,0,10,8,-22.5,68.9687,1.5
2650009185,105.193,0,0,-105.193,105.193,256,0,0,0,10,15,25.3636,70.3636,1.5
2650009185,104.078,0,0,-104.078,104.078,256,0,0,0,10,18,32.9378,66.9378,1.5
2650009186,98.1852,0,0,-98.1852,98.1852,257,0,0,0,10,12,-15.9589,73.4589,1.5
2650009188,100.616,0,0,-100.616,100.616,259,0,0,0,10,14,-27.5648,70.5648,1.5
2666732392,105.193,0,0,-105.193,105.193,256,15,25.3636,70.3636,1.5,0,0,0,10
2667982243,84.3043,0,0,-84.3043,84.3043,107,9,2.87376,29.3738,1.5,0,0,0,10
2668107351,101.242,0,0,-101.242,101.242,215,3,-21.3838,59.5,1.5,0,0,0,10
2668857393,98.1852,0,0,-98.1852,98.1852,257,12,-15.9589,73.4589,1.5,0,0,0,10
2669607359,103.18,0,0,-103.18,103.18,223,17,28.5,58.0788,1.5,0,0,0,10
2669982383,96.5672,0,0,-96.5672,96.5672,247,10,-1,71.9136,1.5,0,0,0,10
2670732254,84.6175,0,0,-84.6175,84.6175,118,16,7.29926,33,1.5,0,0,0,10
2671982385,103.467,0,0,-103.467,103.467,249,8,-22.5,68.9687,1.5,0,0,0,10
2672232232,84.1783,0,0,-84.1783,84.1783,96,19,11.6748,24.3252,1.5,0,0,0,10
2672607395,100.616,0,0,-100.616,100.616,259,14,-27.5648,70.5648,1.5,0,0,0,10
2672973306,83.7548,0,0,-83.7548,83.7548,98,4,-14.2128,26.2128,1.5,0,0,0,10
2673482392,104.078,0,0,-104.078,104.078,256,18,32.9378,66.9378,1.5,0,0,0,10
2673973383,96.7692,0,0,-96.7692,96.7692,175,2,-5.94337,51.9434,1.5,0,0,0,10
2674107247,84.8891,0,0,-84.8891,84.8891,111,1,-11.1016,29.3984,1.5,0,0,0,10
2674357228,83.7718,0,0,-83.7718,83.7718,92,7,9.97932,24.5,1.5,0,0,0,10
2674732360,98.1273,0,0,-98.1273,98.1273,224,11,13,63.6581,1.5,0,0,0,10
2674982316,95.1105,0,0,-95.1105,95.1105,180,5,-22,46.8679,1.5,0,0,0,10
2676357210,81.9586,0,0,-81.9586,81.9586,74,6,1.5,18.7339,1.5,0,0,0,10
2676357305,95.2284,0,0,-95.2284,95.2284,169,20,11.6848,47.1848,1.5,0,0,0,10
2679482298,96.107,0,0,-96.107,96.107,162,13,17.8163,42.8163,1.5,0,0,0,10
2700000098,83.7548,0,0,-83.7548,83.7548,98,0,0,0,10,4,-14.3188,26.3188,1.5
2700000175,96.7692,0,0,-96.7692,96.7692,175,0,0,0,10,2,-6.06992,52,1.5
2700009003,81.9586,0,0,-81.9586,81.9586,74,0,0,0,10,6,1.5,18.5839,1.5
2700009021,83.7718,0,0,-83.7718,83.7718,92,0,0,0,10,7,10.1293,24.5,1.5
2700009025,84.1783,0,0,-84.1783,84.1783,96,0,0,0,10,19,11.7808,24.2192,1.5
2700009036,84.3043,0,0,-84.3043,84.3043,107,0,0,0,10,9,2.76769,29.2677,1.5
2700009040,84.8891,0,0,-84.8891,84.8891,111,0,0,0,10,1,-11.2077,29.2923,1.5
2700009047,84.6175,0,0,-84.6175,84.6175,118,0,0,0,10,16,7.14926,33,1.5
2700009091,96.107,0,0,-96.107,96.107,162,0,0,0,10,13,17.7102,42.7102,1.5
2700009098,95.2284,0,0,-95.2284,95.2284,169,0,0,0,10,20,11.5787,47.0787,1.5
2700009109,95.1105,0,0,-95.1105,95.1105,180,0,0,0,10,5,-22,46.7179,1.5
2700009144,101.242,0,0,-101.242,101.242,215,0,0,0,10,3,-21.2338,59.5,1.5
2700009152,103.18,0,0,-103.18,103.18,223,0,0,0,10,17,28.5,57.9288,1.5
2700009153,98.1273,0,0,-98.1273,98.1273,224,0,0,0,10,11,13,63.5081,1.5
2700009176,96.5672,0,0,-96.5672,96.5672,247,0,0,0,10,10,-1,71.7636,1.5
2700009178,103.467,0,0,-103.467,103.467,249,0,0,0,10,8,-22.5,68.8187,1.5
2700009185,105.193,0,0,-105.193,105.193,256,0,0,0,10,15,25.2575,70.2575,1.5
2700009185,104.078,0,0,-104.078,104.078,256,0,0,0,10,18,32.8318,66.8318,1.5
2700009186,98.1852,0,0,-98.1852,98.1852,257,0,0,0,10,12,-15.8529,73.3529,1.5
2700009188,100.616,0,0,-100.616,100.616,259,0,0,0,10,14,-27.4588,70.4588,1.5
2716732392,105.193,0,0,-105.193,105.193,256,15,25.2575,70.2575,1.5,0,0,0,10
2717982243,84.3043,0,0,-84.3043,84.3043,107,9,2.76769,29.2677,1.5,0,0,0,10
2718232351,101.242,0,0,-101.242,101.242,215,3,-21.2338,59.5,1.5,0,0,0,10
2718857393,98.1852,0,0,-98.1852,98.1852,257,12,-15.8529,73.3529,1.5,0,0,0,10
2719607359,103.18,0,0,-103.18,103.18,223,17,28.5,57.9288,1.5,0,0,0,10
2719982383,96.5672,0,0,-96.5672,96.5672,247,10,-1,71.7636,1.5,0,0,0,10
2720732254,84.6175,0,0,-84.6175,84.6175,118,16,7.14926,33,1.5,0,0,0,10
2721982385,103.467,0,0,-103.467,103.467,249,8,-22.5,68.8187,1.5,0,0,0,10
2722232232,84.1783,0,0,-84.1783,84.1783,96,19,11.7808,24.2192,1.5,0,0,0,10
2722973306,83.7548,0,0,-83.7548,83.7548,98,4,-14.3188,26.3188,1.5,0,0,0,10
2723482392,104.078,0,0,-104.078,104.078,256,18,32.8318,66.8318,1.5,0,0,0,10
2723607395,100.616,0,0,-100.616,100.616,259,14,-27.4588,70.4588,1.5,0,0,0,10
2723973383,96.7692,0,0,-96.7692,96.7692,175,2,-6.06992,52,1.5,0,0,0,10
2724357228,83.7718,0,0,-83.7718,83.7718,92,7,10.1293,24.5,1.5,0,0,0,10
2724482247,84.8891,0,0,-84.8891,84.8891,111,1,-11.2077,29.2923,1.5,0,0,0,10
2724732360,98.1273,0,0,-98.1273,98.1273,224,11,13,63.5081,1.5,0,0,0,10
2725107316,95.1105,0,0,-95.1105,95.1105,180,5,-22,46.7179,1.5,0,0,0,10
2726357210,81.9586,0,0,-81.9586,81.9586,74,6,1.5,18.5839,1.5,0,0,0,10
2726357305,95.2284,0,0,-95.2284,95.2284,169,20,11.5787,47.0787,1.5,0,0,0,10
2729482298,96.107,0,0,-96.107,96.107,162,13,17.7102,42.7102,1.5,0,0,0,10
2750000098,83.7548,0,0,-83.7548,83.7548,98,0,0,0,10,4,-14.3188,26.3188,1.5
2750000175,96.7692,0,0,-96.7692,96.7692,175,0,0,0,10,2,-6.06992,52,1.5
2750009003,81.9586,0,0,-81.9586,81.9586,74,0,0,0,10,6,1.5,18.5839,1.5
2750009021,83.7718,0,0,-83.7718,83.7718,92,0,0,0,10,7,10.1293,24.5,1.5
2750009025,84.1783,0,0,-84.1783,84.1783,96,0,0,0,10,19,11.7808,24.2192,1.5
2750009036,84.3043,0,0,-84.3043,84.3043,107,0,0,0,10,9,2.76769,29.2677,1.5
2750009040,84.8891,0,0,-84.8891,84.8891,111,0,0,0,10,1,-11.2077,29.2923,1.5
2750009047,84.6175,0,0,-84.6175,84.6175,118,0,0,0,10,16,7.14926,33,1.5
2750009091,96.107,0,0,-96.107,96.107,162,0,0,0,10,13,17.7102,42.7102,1.5
2750009098,95.2284,0,0,-95.2284,95.2284,169,0,0,0,10,20,11.5787,47.0787,1.5
2750009109,95.1105,0,0,-95.1105,95.1105,180,0,0,0,10,5,-22,46.7179,1.5
2750009144,101.242,0,0,-101.242,101.242,215,0,0,0,10,3,-21.2338,59.5,1.5
2750009152,103.18,0,0,-103.18,103.18,223,0,0,0,10,17,28.5,57.9288,1.5
2750009153,98.1273,0,0,-98.1273,98.1273,224,0,0,0,10,11,13,63.5081,1.5
2750009176,96.5672,0,0,-96.5672,96.5672,247,0,0,0,10,10,-1,71.7636,1.5
2750009178,103.467,0,0,-103.467,103.467,249,0,0,0,10,8,-22.5,68.8187,1.5
2750009185,105.193,0,0,-105.193,105.193,256,0,0,0,10,15,25.2575,70.2575,1.5
2750009185,104.078,0,0,-104.078,104.078,256,0,0,0,10,18,32.8318,66.8318,1.5
2750009186,98.1852,0,0,-98.1852,98.1852,257,0,0,0,10,12,-15.8529,73.3529,1.5
2750009188,100.616,0,0,-100.616,100.616,259,0,0,0,10,14,-27.4588,70.4588,1.5
2766732392,105.193,0,0,-105.193,105.193,256,15,25.2575,70.2575,1.5,0,0,0,10
2767982243,84.3043,0,0,-84.3043,84.3043,107,9,2.76769,29.2677,1.5,0,0,0,10
2768357351,101.242,0,0,-101.242,101.242,215,3,-21.2338,59.5,1.5,0,0,0,10
2768857393,98.1852,0,0,-98.1852,98.1852,257,12,-15.8529,73.3529,1.5,0,0,0,10
2769607359,103.18,0,0,-103.18,103.18,223,17,28.5,57.9288,1.5,0,0,0,10
2769982383,96.5672,0,0,-96.5672,96.5672,247,10,-1,71.7636,1.5,0,0,0,10
2770732254,84.6175,0,0,-84.6175,84.6175,118,16,7.14926,33,1.5,0,0,0,10
2771982385,103.467,0,0,-103.467,103.467,249,8,-22.5,68.8187,1.5,0,0,0,10
2772232232,84.1783,0,0,-84.1783,84.1783,96,19,11.7808,24.2192,1.5,0,0,0,10
2772973306,83.7548,0,0,-83.7548,83.7548,98,4,-14.3188,26.3188,1.5,0,0,0,10
2773482392,104.078,0,0,-104.078,104.078,256,18,32.8318,66.8318,1.5,0,0,0,10
2773607395,100.616,0,0,-100.616,100.616,259,14,-27.4588,70.4588,1.5,0,0,0,10
2773973383,96.7692,0,0,-96.7692,96.7692,175,2,-6.06992,52,1.5,0,0,0,10
2774357228,83.7718,0,0,-83.7718,83.7718,92,7,10.1293,24.5,1.5,0,0,0,10
2774607247,84.8891,0,0,-84.8891,84.8891,111,1,-11.2077,29.2923,1.5,0,0,0,10
2774732360,98.1273,0,0,-98.1273,98.1273,224,11,13,63.5081,1.5,0,0,0,10
2775107316,95.1105,0,0,-95.1105,95.1105,180,5,-22,46.7179,1.5,0,0,0,10
2776357305,95.2284,0,0,-95.2284,95.2284,169,20,11.5787,47.0787,1.5,0,0,0,10
2776607210,81.9586,0,0,-81.9586,81.9586,74,6,1.5,18.5839,1.5,0,0,0,10
2779482298,96.107,0,0,-96.107,96.107,162,13,17.7102,42.7102,1.5,0,0,0,10
2800000098,83.7548,0,0,-83.7548,83.7548,98,0,0,0,10,4,-14.4249,26.4249,1.5
2800000175,96.7692,0,0,-96.7692,96.7692,175,0,0,0,10,2,-6.21992,52,1.5
2800009003,81.9586,0,0,-81.9586,81.9586,74,0,0,0,10,6,1.5,18.4339,1.5
2800009021,83.7718,0,0,-83.7718,83.7718,92,0,0,0,10,7,10.2793,24.5,1.5
2800009025,84.1783,0,0,-84.1783,84.1783,96,0,0,0,10,19,11.8869,24.1131,1.5
2800009036,84.3043,0,0,-84.3043,84.3043,107,0,0,0,10,9,2.66163,29.1616,1.5
2800009040,84.8891,0,0,-84.8891,84.8891,111,0,0,0,10,1,-11.3138,29.1862,1.5
2800009047,84.6175,0,0,-84.6175,84.6175,118,0,0,0,10,16,6.99926,33,1.5
2800009091,96.107,0,0,-96.107,96.107,162,0,0,0,10,13,17.6042,42.6042,1.5
2800009098,95.2284,0,0,-95.2284,95.2284,169,0,0,0,10,20,11.4727,46.9727,1.5
2800009109,95.1105,0,0,-95.1105,95.1105,180,0,0,0,10,5,-22,46.5679,1.5
2800009144,101.242,0,0,-101.242,101.242,215,0,0,0,10,3,-21.0838,59.5,1.5
2800009152,103.18,0,0,-103.18,103.18,223,0,0,0,10,17,28.5,57.7788,1.5
2800009153,98.1273,0,0,-98.1273,98.1273,224,0,0,0,10,11,13,63.3581,1.5
2800009176,96.5672,0,0,-96.5672,96.5672,247,0,0,0,10,10,-1,71.6136,1.5
2800009178,103.467,0,0,-103.467,103.467,249,0,0,0,10,8,-22.5,68.6687,1.5
2800009185,105.193,0,0,-105.193,105.193,256,0,0,0,10,15,25.1515,70.1515,1.5
2800009185,104.078,0,0,-104.078,104.078,256,0,0,0,10,18,32.7257,66.7257,1.5
2800009186,98.1852,0,0,-98.1852,98.1852,257,0,0,0,10,12,-15.7468,73.2468,1.5
2800009188,100.616,0,0,-100.616,100.616,259,0,0,0,10,14,-27.3527,70.3527,1.5
2816732392,105.193,0,0,-105.193,105.193,256,15,25.1515,70.1515,1.5,0,0,0,10
2818107243,84.3043,0,0,-84.3043,84.3043,107,9,2.66163,29.1616,1.5,0,0,0,10
2818357351,101.242,0,0,-101.242,101.242,215,3,-21.0838,59.5,1.5,0,0,0,10
2818857393,98.1852,0,0,-98.1852,98.1852,257,12,-15.7468,73.2468,1.5,0,0,0,10
2819607359,103.18,0,0,-103.18,103.18,223,17,28.5,57.7788,1.5,0,0,0,10
2819982383,96.5672,0,0,-96.5672,96.5672,247,10,-1,71.6136,1.5,0,0,0,10
2820732254,84.6175,0,0,-84.6175,84.6175,118,16,6.99926,33,1.5,0,0,0,10
2821982385,103.467,0,0,-103.467,103.467,249,8,-22.5,68.6687,1.5,0,0,0,10
2822232232,84.1783,0,0,-84.1783,84.1783,96,19,11.8869,24.1131,1.5,0,0,0,10
2822973306,83.7548,0,0,-83.7548,83.7548,98,4,-14.4249,26.4249,1.5,0,0,0,10
2823482392,104.078,0,0,-104.078,104.078,256,18,32.7257,66.7257,1.5,0,0,0,10
2823973383,96.7692,0,0,-96.7692,96.7692,175,2,-6.21992,52,1.5,0,0,0,10
2824357228,83.7718,0,0,-83.7718,83.7718,92,7,10.2793,24.5,1.5,0,0,0,10
2824732360,98.1273,0,0,-98.1273,98.1273,224,11,13,63.3581,1.5,0,0,0,10
2824732395,100.616,0,0,-100.616,100.616,259,14,-27.3527,70.3527,1.5,0,0,0,10
2824857247,84.8891,0,0,-84.8891,84.8891,111,1,-11.3138,29.1862,1.5,0,0,0,10
2825107316,95.1105,0,0,-95.1105,95.1105,180,5,-22,46.5679,1.5,0,0,0,10
2826357305,95.2284,0,0,-95.2284,95.2284,169,20,11.4727,46.9727,1.5,0,0,0,10
2826857210,81.9586,0,0,-81.9586,81.9586,74,6,1.5,18.4339,1.5,0,0,0,10
2830482298,96.107,0,0,-96.107,96.107,162,13,17.6042,42.6042,1.5,0,0,0,10
2850000098,83.7548,0,0,-83.7548,83.7548,98,0,0,0,10,4,-14.4249,26.4249,1.5
2850000175,96.7692,0,0,-96.7692,96.7692,175,0,0,0,10,2,-6.21992,52,1.5
2850009003,81.9586,0,0,-81.9586,81.9586,74,0,0,0,10,6,1.5,18.4339,1.5
2850009021,83.7718,0,0,-83.7718,83.7718,92,0,0,0,10,7,10.2793,24.5,1.5
2850009025,84.1783,0,0,-84.1783,84.1783,96,0,0,0,10,19,11.8869,24.1131,1.5
2850009036,84.3043,0,0,-84.3043,84.3043,107,0,0,0,10,9,2.66163,29.1616,1.5
2850009040,84.8891,0,0,-84.8891,84.8891,111,0,0,0,10,1,-11.3138,29.1862,1.5
2850009047,84.6175,0,0,-84.6175,84.6175,118,0,0,0,10,16,6.99926,33,1.5
2850009091,96.107,0,0,-96.107,96.107,162,0,0,0,10,13,17.6042,42.6042,1.5
2850009098,95.2284,0,0,-95.2284,95.2284,169,0,0,0,10,20,11.4727,46.9727,1.5
2850009109,95.1105,0,0,-95.1105,95.1105,180,0,0,0,10,5,-22,46.5679,1.5
2850009144,101.242,0,0,-101.242,101.242,215,0,0,0,10,3,-21.0838,59.5,1.5
2850009152,103.18,0,0,-103.18,103.18,223,0,0,0,10,17,28.5,57.7788,1.5
2850009153,98.1273,0,0,-98.1273,98.1273,224,0,0,0,10,11,13,63.3581,1.5
2850009176,96.5672,0,0,-96.5672,96.5672,247,0,0,0,10,10,-1,71.6136,1.5
2850009178,103.467,0,0,-103.467,103.467,249,0,0,0,10,8,-22.5,68.6687,1.5
2850009185,105.193,0,0,-105.193,105.193,256,0,0,0,10,15,25.1515,70.1515,1.5
2850009185,104.078,0,0,-104.078,104.078,256,0,0,0,10,18,32.7257,66.7257,1.5
2850009186,98.1852,0,0,-98.1852,98.1852,257,0,0,0,10,12,-15.7468,73.2468,1.5
2850009188,100.616,0,0,-100.616,100.616,259,0,0,0,10,14,-27.3527,70.3527,1.5
2866732392,105.193,0,0,-105.193,105.193,256,15,25.1515,70.1515,1.5,0,0,0,10
2868357243,84.3043,0,0,-84.3043,84.3043,107,9,2.66163,29.1616,1.5,0,0,0,10
2868357351,101.242,0,0,-101.242,101.242,215,3,-21.0838,59.5,1.5,0,0,0,10
2868857393,98.1852,0,0,-98.1852,98.1852,257,12,-15.7468,73.2468,1.5,0,0,0,10
2869607359,103.18,0,0,-103.18,103.18,223,17,28.5,57.7788,1.5,0,0,0,10
2869982383,96.5672,0,0,-96.5672,96.5672,247,10,-1,71.6136,1.5,0,0,0,10
2870732254,84.6175,0,0,-84.6175,84.6175,118,16,6.99926,33,1.5,0,0,0,10
2871982385,103.467,0,0,-103.467,103.467,249,8,-22.5,68.6687,1.5,0,0,0,10
2872232232,84.1783,0,0,-84.1783,84.1783,96,19,11.8869,24.1131,1.5,0,0,0,10
2872973306,83.7548,0,0,-83.7548,83.7548,98,4,-14.4249,26.4249,1.5,0,0,0,10
2873482392,104.078,0,0,-104.078,104.078,256,18,32.7257,66.7257,1.5,0,0,0,10
2873973383,96.7692,0,0,-96.7692,96.7692,175,2,-6.21992,52,1.5,0,0,0,10
2874357228,83.7718,0,0,-83.7718,83.7718,92,7,10.2793,24.5,1.5,0,0,0,10
2874732360,98.1273,0,0,-98.1273,98.1273,224,11,13,63.3581,1.5,0,0,0,10
2874732395,100.616,0,0,-100.616,100.616,259,14,-27.3527,70.3527,1.5,0,0,0,10
2874982247,84.8891,0,0,-84.8891,84.8891,111,1,-11.3138,29.1862,1.5,0,0,0,10
2875107316,95.1105,0,0,-95.1105,95.1105,180,5,-22,46.5679,1.5,0,0,0,10
2876357305,95.2284,0,0,-95.2284,95.2284,169,20,11.4727,46.9727,1.5,0,0,0,10
2877107210,81.9586,0,0,-81.9586,81.9586,74,6,1.5,18.4339,1.5,0,0,0,10
2880482298,96.107,0,0,-96.107,96.107,162,13,17.6042,42.6042,1.5,0,0,0,10
2900000105,84.3391,0,0,-84.3391,84.3391,105,0,0,0,10,4,-14.531,26.531,1.5
2900000177,97.497,0,0,-97.497,97.497,177,0,0,0,10,2,-6.36992,52,1.5
2900009022,83.8602,0,0,-83.8602,83.8602,93,0,0,0,10,7,10.4293,24.5,1.5
2900017924,81.6289,0,0,-81.6289,81.6289,67,0,0,0,10,6,1.5,18.2839,1.5
2900017951,83.4099,0,0,-83.4099,83.4099,94,0,0,0,10,19,11.993,24.007,1.5
2900017958,83.8029,0,0,-83.8029,83.8029,101,0,0,0,10,9,2.55556,29.0556,1.5
2900017965,84.2915,0,0,-84.2915,84.2915,108,0,0,0,10,1,-11.4198,29.0802,1.5
2900017973,85.1949,0,0,-85.1949,85.1949,116,0,0,0,10,16,6.84926,33,1.5
2900018013,97.2019,0,0,-97.2019,97.2019,156,0,0,0,10,13,17.4981,42.4981,1.5
2900018020,95.1304,0,0,-95.1304,95.1304,163,0,0,0,10,20,11.3666,46.8666,1.5
2900018031,94.9408,0,0,-94.9408,94.9408,174,0,0,0,10,5,-22,46.4179,1.5
2900018069,99.4354,0,0,-99.4354,99.4354,212,0,0,0,10,3,-20.9338,59.5,1.5
2900018073,99.5593,0,0,-99.5593,99.5593,216,0,0,0,10,17,28.5,57.6288,1.5
2900018074,97.3403,0,0,-97.3403,97.3403,217,0,0,0,10,11,13,63.2081,1.5
2900018097,96.0468,0,0,-96.0468,96.0468,240,0,0,0,10,10,-1,71.4636,1.5
2900018099,101.147,0,0,-101.147,101.147,242,0,0,0,10,8,-22.5,68.5187,1.5
2900018106,103.506,0,0,-103.506,103.506,249,0,0,0,10,18,32.6196,66.6196,1.5
2900018107,104.15,0,0,-104.15,104.15,250,0,0,0,10,15,25.0454,70.0454,1.5
2900018108,100.588,0,0,-100.588,100.588,251,0,0,0,10,12,-15.6407,73.1407,1.5
2900018110,100.529,0,0,-100.529,100.529,253,0,0,0,10,14,-27.2466,70.2466,1.5
2916857386,104.15,0,0,-104.15,104.15,250,15,25.0454,70.0454,1.5,0,0,0,10
2918482348,99.4354,0,0,-99.4354,99.4354,212,3,-20.9338,59.5,1.5,0,0,0,10
2918607237,83.8029,0,0,-83.8029,83.8029,101,9,2.55556,29.0556,1.5,0,0,0,10
2919107387,100.588,0,0,-100.588,100.588,251,12,-15.6407,73.1407,1.5,0,0,0,10
2919857352,99.5593,0,0,-99.5593,99.5593,216,17,28.5,57.6288,1.5,0,0,0,10
2920107376,96.0468,0,0,-96.0468,96.0468,240,10,-1,71.4636,1.5,0,0,0,10
2920857252,85.1949,0,0,-85.1949,85.1949,116,16,6.84926,33,1.5,0,0,0,10
2922107378,101.147,0,0,-101.147,101.147,242,8,-22.5,68.5187,1.5,0,0,0,10
2922357230,83.4099,0,0,-83.4099,83.4099,94,19,11.993,24.007,1.5,0,0,0,10
2922973313,84.3391,0,0,-84.3391,84.3391,105,4,-14.531,26.531,1.5,0,0,0,10
2923607385,103.506,0,0,-103.506,103.506,249,18,32.6196,66.6196,1.5,0,0,0,10
2923973385,97.497,0,0,-97.497,97.497,177,2,-6.36992,52,1.5,0,0,0,10
2924357229,83.8602,0,0,-83.8602,83.8602,93,7,10.4293,24.5,1.5,0,0,0,10
2925107353,97.3403,0,0,-97.3403,97.3403,217,11,13,63.2081,1.5,0,0,0,10
2925232244,84.2915,0,0,-84.2915,84.2915,108,1,-11.4198,29.0802,1.5,0,0,0,10
2925232310,94.9408,0,0,-94.9408,94.9408,174,5,-22,46.4179,1.5,0,0,0,10
2925857389,100.529,0,0,-100.529,100.529,253,14,-27.2466,70.2466,1.5,0,0,0,10
2926607299,95.1304,0,0,-95.1304,95.1304,163,20,11.3666,46.8666,1.5,0,0,0,10
2927357203,81.6289,0,0,-81.6289,81.6289,67,6,1.5,18.2839,1.5,0,0,0,10
2931598364,97.2019,0,0,-97.2019,97.2019,156,13,17.4981,42.4981,1.5,0,0,0,10
2950000105,84.3391,0,0,-84.3391,84.3391,105,0,0,0,10,4,-14.531,26.531,1.5
2950000177,97.497,0,0,-97.497,97.497,177,0,0,0,10,2,-6.36992,52,1.5
2950009022,83.8602,0,0,-83.8602,83.8602,93,0,0,0,10,7,10.4293,24.5,1.5
2950017924,81.6289,0,0,-81.6289,81.6289,67,0,0,0,10,6,1.5,18.2839,1.5
2950017951,83.4099,0,0,-83.4099,83.4099,94,0,0,0,10,19,11.993,24.007,1.5
2950017958,83.8029,0,0,-83.8029,83.8029,101,0,0,0,10,9,2.55556,29.0556,1.5
2950017965,84.2915,0,0,-84.2915,84.2915,108,0,0,0,10,1,-11.4198,29.0802,1.5
2950017973,85.1949,0,0,-85.1949,85.1949,116,0,0,0,10,16,6.84926,33,1.5
2950018013,97.2019,0,0,-97.2019,97.2019,156,0,0,0,10,13,17.4981,42.4981,1.5
2950018020,95.1304,0,0,-95.1304,95.1304,163,0,0,0,10,20,11.3666,46.8666,1.5
2950018031,94.9408,0,0,-94.9408,94.9408,174,0,0,0,10,5,-22,46.4179,1.5
2950018069,99.4354,0,0,-99.4354,99.4354,212,0,0,0,10,3,-20.9338,59.5,1.5
2950018073,99.5593,0,0,-99.5593,99.5593,216,0,0,0,10,17,28.5,57.6288,1.5
2950018074,97.3403,0,0,-97.3403,97.3403,217,0,0,0,10,11,13,63.2081,1.5
2950018097,96.0468,0,0,-96.0468,96.0468,240,0,0,0,10,10,-1,71.4636,1.5
2950018099,101.147,0,0,-101.147,101.147,242,0,0,0,10,8,-22.5,68.5187,1.5
2950018106,103.506,0,0,-103.506,103.506,249,0,0,0,10,18,32.6196,66.6196,1.5
2950018107,104.15,0,0,-104.15,104.15,250,0,0,0,10,15,25.0454,70.0454,1.5
2950018108,100.588,0,0,-100.588,100.588,251,0,0,0,10,12,-15.6407,73.1407,1.5
2950018110,100.529,0,0,-100.529,100.529,253,0,0,0,10,14,-27.2466,70.2466,1.5
2966857386,104.15,0,0,-104.15,104.15,250,15,25.0454,70.0454,1.5,0,0,0,10
2968482348,99.4354,0,0,-99.4354,99.4354,212,3,-20.9338,59.5,1.5,0,0,0,10
2968857237,83.8029,0,0,-83.8029,83.8029,101,9,2.55556,29.0556,1.5,0,0,0,10
2969107387,100.588,0,0,-100.588,100.588,251,12,-15.6407,73.1407,1.5,0,0,0,10
2969857352,99.5593,0,0,-99.5593,99.5593,216,17,28.5,57.6288,1.5,0,0,0,10
2970107376,96.0468,0,0,-96.0468,96.0468,240,10,-1,71.4636,1.5,0,0,0,10
2970857252,85.1949,0,0,-85.1949,85.1949,116,16,6.84926,33,1.5,0,0,0,10
2972232378,101.147,0,0,-101.147,101.147,242,8,-22.5,68.5187,1.5,0,0,0,10
2972357230,83.4099,0,0,-83.4099,83.4099,94,19,11.993,24.007,1.5,0,0,0,10
2972973313,84.3391,0,0,-84.3391,84.3391,105,4,-14.531,26.531,1.5,0,0,0,10
2973607385,103.506,0,0,-103.506,103.506,249,18,32.6196,66.6196,1.5,0,0,0,10
2973973385,97.497,0,0,-97.497,97.497,177,2,-6.36992,52,1.5,0,0,0,10
2974607229,83.8602,0,0,-83.8602,83.8602,93,7,10.4293,24.5,1.5,0,0,0,10
2975357310,94.9408,0,0,-94.9408,94.9408,174,5,-22,46.4179,1.5,0,0,0,10
2975482244,84.2915,0,0,-84.2915,84.2915,108,1,-11.4198,29.0802,1.5,0,0,0,10
2975482353,97.3403,0,0,-97.3403,97.3403,217,11,13,63.2081,1.5,0,0,0,10
2975857389,100.529,0,0,-100.529,100.529,253,14,-27.2466,70.2466,1.5,0,0,0,10
2976607299,95.1304,0,0,-95.1304,95.1304,163,20,11.3666,46.8666,1.5,0,0,0,10
2977482203,81.6289,0,0,-81.6289,81.6289,67,6,1.5,18.2839,1.5,0,0,0,10
2981598364,97.2019,0,0,-97.2019,97.2019,156,13,17.4981,42.4981,1.5,0,0,0,10
3000000105,84.3391,0,0,-84.3391,84.3391,105,0,0,0,10,4,-14.637,26.637,1.5
3000000177,97.497,0,0,-97.497,97.497,177,0,0,0,10,2,-6.51992,52,1.5
3000009022,83.8602,0,0,-83.8602,83.8602,93,0,0,0,10,7,10.4293,24.5,1.5
3000017924,81.6289,0,0,-81.6289,81.6289,67,0,0,0,10,6,1.5,18.1339,1.5
3000017951,83.4099,0,0,-83.4099,83.4099,94,0,0,0,10,19,12.099,23.901,1.5
3000017958,83.8029,0,0,-83.8029,83.8029,101,0,0,0,10,9,2.4495,28.9495,1.5
3000017965,84.2915,0,0,-84.2915,84.2915,108,0,0,0,10,1,-11.5259,28.9741,1.5
3000017973,85.1949,0,0,-85.1949,85.1949,116,0,0,0,10,16,6.69926,33,1.5
3000018013,97.2019,0,0,-97.2019,97.2019,156,0,0,0,10,13,17.392,42.392,1.5
3000018020,95.1304,0,0,-95.1304,95.1304,163,0,0,0,10,20,11.2605,46.7605,1.5
3000018031,94.9408,0,0,-94.9408,94.9408,174,0,0,0,10,5,-22,46.2679,1.5
3000018069,99.4354,0,0,-99.4354,99.4354,212,0,0,0,10,3,-20.7838,59.5,1.5
3000018073,99.5593,0,0,-99.5593,99.5593,216,0,0,0,10,17,28.5,57.4788,1.5
3000018074,97.3403,0,0,-97.3403,97.3403,217,0,0,0,10,11,13,63.0581,1.5
3000018097,96.0468,0,0,-96.0468,96.0468,240,0,0,0,10,10,-1,71.3136,1.5
3000018099,101.147,0,0,-101.147,101.147,242,0,0,0,10,8,-22.5,68.3687,1.5
3000018106,103.506,0,0,-103.506,103.506,249,0,0,0,10,18,32.5136,66.5136,1.5
3000018107,104.15,0,0,-104.15,104.15,250,0,0,0,10,15,24.9393,69.9393,1.5
3000018108,100.588,0,0,-100.588,100.588,251,0,0,0,10,12,-15.5347,73.0347,1.5
3000018110,100.529,0,0,-100.529,100.529,253,0,0,0,10,14,-27.1406,70.1406,1.5
3016857386,104.15,0,0,-104.15,104.15,250,15,24.9393,69.9393,1.5,0,0,0,10
3018482348,99.4354,0,0,-99.4354,99.4354,212,3,-20.7838,59.5,1.5,0,0,0,10
3018982237,83.8029,0,0,-83.8029,83.8029,101,9,2.4495,28.9495,1.5,0,0,0,10
3019107387,100.588,0,0,-100.588,100.588,251,12,-15.5347,73.0347,1.5,0,0,0,10
3019857352,99.5593,0,0,-99.5593,99.5593,216,17,28.5,57.4788,1.5,0,0,0,10
3020107376,96.0468,0,0,-96.0468,96.0468,240,10,-1,71.3136,1.5,0,0,0,10
3020857252,85.1949,0,0,-85.1949,85.1949,116,16,6.69926,33,1.5,0,0,0,10
3022232378,101.147,0,0,-101.147,101.147,242,8,-22.5,68.3687,1.5,0,0,0,10
3022357230,83.4099,0,0,-83.4099,83.4099,94,19,12.099,23.901,1.5,0,0,0,10
3022973313,84.3391,0,0,-84.3391,84.3391,105,4,-14.637,26.637,1.5,0,0,0,10
3023607385,103.506,0,0,-103.506,103.506,249,18,32.5136,66.5136,1.5,0,0,0,10
3023973385,97.497,0,0,-97.497,97.497,177,2,-6.51992,52,1.5,0,0,0,10
3024857229,83.8602,0,0,-83.8602,83.8602,93,7,10.4293,24.5,1.5,0,0,0,10
3025607310,94.9408,0,0,-94.9408,94.9408,174,5,-22,46.2679,1.5,0,0,0,10
3025732244,84.2915,0,0,-84.2915,84.2915,108,1,-11.5259,28.9741,1.5,0,0,0,10
3025732353,97.3403,0,0,-97.3403,97.3403,217,11,13,63.0581,1.5,0,0,0,10
3026348461,100.529,0,0,-100.529,100.529,253,14,-27.1406,70.1406,1.5,0,0,0,10
3026607299,95.1304,0,0,-95.1304,95.1304,163,20,11.2605,46.7605,1.5,0,0,0,10
3027482203,81.6289,0,0,-81.6289,81.6289,67,6,1.5,18.1339,1.5,0,0,0,10
3031598364,97.2019,0,0,-97.2019,97.2019,156,13,17.392,42.392,1.5,0,0,0,10
3050000105,84.3391,0,0,-84.3391,84.3391,105,0,0,0,10,4,-14.637,26.637,1.5
3050000177,97.497,0,0,-97.497,97.497,177,0,0,0,10,2,-6.51992,52,1.5
3050009022,83.8602,0,0,-83.8602,83.8602,93,0,0,0,10,7,10.4293,24.5,1.5
3050026852,81.6289,0,0,-81.6289,81.6289,67,0,0,0,10,6,1.5,18.1339,1.5
3050026879,83.4099,0,0,-83.4099,83.4099,94,0,0,0,10,19,12.099,23.901,1.5
3050026886,83.8029,0,0,-83.8029,83.8029,101,0,0,0,10,9,2.4495,28.9495,1.5
3050026893,84.2915,0,0,-84.2915,84.2915,108,0,0,0,10,1,-11.5259,28.9741,1.5
3050026901,85.1949,0,0,-85.1949,85.1949,116,0,0,0,10,16,6.69926,33,1.5
3050026941,97.2019,0,0,-97.2019,97.2019,156,0,0,0,10,13,17.392,42.392,1.5
3050026948,95.1304,0,0,-95.1304,95.1304,163,0,0,0,10,20,11.2605,46.7605,1.5
3050026959,94.9408,0,0,-94.9408,94.9408,174,0,0,0,10,5,-22,46.2679,1.5
3050026997,99.4354,0,0,-99.4354,99.4354,212,0,0,0,10,3,-20.7838,59.5,1.5
3050027001,99.5593,0,0,-99.5593,99.5593,216,0,0,0,10,17,28.5,57.4788,1.5
3050027002,97.3403,0,0,-97.3403,97.3403,217,0,0,0,10,11,13,63.0581,1.5
3050027025,96.0468,0,0,-96.0468,96.0468,240,0,0,0,10,10,-1,71.3136,1.5
3050027027,101.147,0,0,-101.147,101.147,242,0,0,0,10,8,-22.5,68.3687,1.5
3050027034,103.506,0,0,-103.506,103.506,249,0,0,0,10,18,32.5136,66.5136,1.5
3050027035,104.15,0,0,-104.15,104.15,250,0,0,0,10,15,24.9393,69.9393,1.5
3050027036,100.588,0,0,-100.588,100.588,251,0,0,0,10,12,-15.5347,73.0347,1.5
3050027038,100.529,0,0,-100.529,100.529,253,0,0,0,10,14,-27.1406,70.1406,1.5
3066857386,104.15,0,0,-104.15,104.15,250,15,24.9393,69.9393,1.5,0,0,0,10
3068732348,99.4354,0,0,-99.4354,99.4354,212,3,-20.7838,59.5,1.5,0,0,0,10
3068982237,83.8029,0,0,-83.8029,83.8029,101,9,2.4495,28.9495,1.5,0,0,0,10
3069107387,100.588,0,0,-100.588,100.588,251,12,-15.5347,73.0347,1.5,0,0,0,10
3069857352,99.5593,0,0,-99.5593,99.5593,216,17,28.5,57.4788,1.5,0,0,0,10
3070107376,96.0468,0,0,-96.0468,96.0468,240,10,-1,71.3136,1.5,0,0,0,10
3070857252,85.1949,0,0,-85.1949,85.1949,116,16,6.69926,33,1.5,0,0,0,10
3072232378,101.147,0,0,-101.147,101.147,242,8,-22.5,68.3687,1.5,0,0,0,10
3072357230,83.4099,0,0,-83.4099,83.4099,94,19,12.099,23.901,1.5,0,0,0,10
3072973313,84.3391,0,0,-84.3391,84.3391,105,4,-14.637,26.637,1.5,0,0,0,10
3073607385,103.506,0,0,-103.506,103.506,249,18,32.5136,66.5136,1.5,0,0,0,10
3073973385,97.497,0,0,-97.497,97.497,177,2,-6.51992,52,1.5,0,0,0,10
3075107229,83.8602,0,0,-83.8602,83.8602,93,7,10.4293,24.5,1.5,0,0,0,10
3075857310,94.9408,0,0,-94.9408,94.9408,174,5,-22,46.2679,1.5,0,0,0,10
3075857353,97.3403,0,0,-97.3403,97.3403,217,11,13,63.0581,1.5,0,0,0,10
3075982244,84.2915,0,0,-84.2915,84.2915,108,1,-11.5259,28.9741,1.5,0,0,0,10
3076348461,100.529,0,0,-100.529,100.529,253,14,-27.1406,70.1406,1.5,0,0,0,10
3076607299,95.1304,0,0,-95.1304,95.1304,163,20,11.2605,46.7605,1.5,0,0,0,10
3077482203,81.6289,0,0,-81.6289,81.6289,67,6,1.5,18.1339,1.5,0,0,0,10
3081598364,97.2019,0,0,-97.2019,97.2019,156,13,17.392,42.392,1.5,0,0,0,10
3100000105,84.3391,0,0,-84.3391,84.3391,105,0,0,0,10,4,-14.7431,26.7431,1.5
3100000177,97.497,0,0,-97.497,97.497,177,0,0,0,10,2,-6.66992,52,1.5
3100009022,83.8602,0,0,-83.8602,83.8602,93,0,0,0,10,7,10.4293,24.5,1.5
3100026852,81.6289,0,0,-81.6289,81.6289,67,0,0,0,10,6,1.5,17.9839,1.5
3100026879,83.4099,0,0,-83.4099,83.4099,94,0,0,0,10,19,12.2051,23.7949,1.5
3100026886,83.8029,0,0,-83.8029,83.8029,101,0,0,0,10,9,2.34343,28.8434,1.5
3100026893,84.2915,0,0,-84.2915,84.2915,108,0,0,0,10,1,-11.632,28.868,1.5
3100026901,85.1949,0,0,-85.1949,85.1949,116,0,0,0,10,16,6.54926,33,1.5
3100026941,97.2019,0,0,-97.2019,97.2019,156,0,0,0,10,13,17.286,42.286,1.5
3100026948,95.1304,0,0,-95.1304,95.1304,163,0,0,0,10,20,11.1545,46.6545,1.5
3100026959,94.9408,0,0,-94.9408,94.9408,174,0,0,0,10,5,-22,46.1179,1.5
3100026997,99.4354,0,0,-99.4354,99.4354,212,0,0,0,10,3,-20.6338,59.5,1.5
3100027001,99.5593,0,0,-99.5593,99.5593,216,0,0,0,10,17,28.5,57.3288,1.5
3100027002,97.3403,0,0,-97.3403,97.3403,217,0,0,0,10,11,13,62.9081,1.5
3100027025,96.0468,0,0,-96.0468,96.0468,240,0,0,0,10,10,-1,71.1636,1.5
3100027027,101.147,0,0,-101.147,101.147,242,0,0,0,10,8,-22.5,68.2187,1.5
3100027034,103.506,0,0,-103.506,103.506,249,0,0,0,10,18,32.4075,66.4075,1.5
3100027035,104.15,0,0,-104.15,104.15,250,0,0,0,10,15,24.8333,69.8333,1.5
3100027036,100.588,0,0,-100.588,100.588,251,0,0,0,10,12,-15.5,72.899,1.5
3100027038,100.529,0,0,-100.529,100.529,253,0,0,0,10,14,-27.0345,70.0345,1.5
3116857386,104.15,0,0,-104.15,104.15,250,15,24.8333,69.8333,1.5,0,0,0,10
3118732348,99.4354,0,0,-99.4354,99.4354,212,3,-20.6338,59.5,1.5,0,0,0,10
3118982237,83.8029,0,0,-83.8029,83.8029,101,9,2.34343,28.8434,1.5,0,0,0,10
3119107387,100.588,0,0,-100.588,100.588,251,12,-15.5,72.899,1.5,0,0,0,10
3119857352,99.5593,0,0,-99.5593,99.5593,216,17,28.5,57.3288,1.5,0,0,0,10
3120107376,96.0468,0,0,-96.0468,96.0468,240,10,-1,71.1636,1.5,0,0,0,10
3120857252,85.1949,0,0,-85.1949,85.1949,116,16,6.54926,33,1.5,0,0,0,10
3122232378,101.147,0,0,-101.147,101.147,242,8,-22.5,68.2187,1.5,0,0,0,10
3122357230,83.4099,0,0,-83.4099,83.4099,94,19,12.2051,23.7949,1.5,0,0,0,10
3122973313,84.3391,0,0,-84.3391,84.3391,105,4,-14.7431,26.7431,1.5,0,0,0,10
3123607385,103.506,0,0,-103.506,103.506,249,18,32.4075,66.4075,1.5,0,0,0,10
3123973385,97.497,0,0,-97.497,97.497,177,2,-6.66992,52,1.5,0,0,0,10
3125357229,83.8602,0,0,-83.8602,83.8602,93,7,10.4293,24.5,1.5,0,0,0,10
3126107310,94.9408,0,0,-94.9408,94.9408,174,5,-22,46.1179,1.5,0,0,0,10
3126232244,84.2915,0,0,-84.2915,84.2915,108,1,-11.632,28.868,1.5,0,0,0,10
3126348461,100.529,0,0,-100.529,100.529,253,14,-27.0345,70.0345,1.5,0,0,0,10
3126482353,97.3403,0,0,-97.3403,97.3403,217,11,13,62.9081,1.5,0,0,0,10
3126607299,95.1304,0,0,-95.1304,95.1304,163,20,11.1545,46.6545,1.5,0,0,0,10
3127482203,81.6289,0,0,-81.6289,81.6289,67,6,1.5,17.9839,1.5,0,0,0,10
3131598364,97.2019,0,0,-97.2019,97.2019,156,13,17.286,42.286,1.5,0,0,0,10
3150000105,84.3391,0,0,-84.3391,84.3391,105,0,0,0,10,4,-14.7431,26.7431,1.5
3150000177,97.497,0,0,-97.497,97.497,177,0,0,0,10,2,-6.66992,52,1.5
3150009022,83.8602,0,0,-83.8602,83.8602,93,0,0,0,10,7,10.4293,24.5,1.5
3150026852,81.6289,0,0,-81.6289,81.6289,67,0,0,0,10,6,1.5,17.9839,1.5
3150026879,83.4099,0,0,-83.4099,83.4099,94,0,0,0,10,19,12.2051,23.7949,1.5
3150026886,83.8029,0,0,-83.8029,83.8029,101,0,0,0,10,9,2.34343,28.8434,1.5
3150026893,84.2915,0,0,-84.2915,84.2915,108,0,0,0,10,1,-11.632,28.868,1.5
3150026901,85.1949,0,0,-85.1949,85.1949,116,0,0,0,10,16,6.54926,33,1.5
3150026941,97.2019,0,0,-97.2019,97.2019,156,0,0,0,10,13,17.286,42.286,1.5
3150026948,95.1304,0,0,-95.1304,95.1304,163,0,0,0,10,20,11.1545,46.6545,1.5
3150026959,94.9408,0,0,-94.9408,94.9408,174,0,0,0,10,5,-22,46.1179,1.5
3150026997,99.4354,0,0,-99.4354,99.4354,212,0,0,0,10,3,-20.6338,59.5,1.5
3150027001,99.5593,0,0,-99.5593,99.5593,216,0,0,0,10,17,28.5,57.3288,1.5
3150027002,97.3403,0,0,-97.3403,97.3403,217,0,0,0,10,11,13,62.9081,1.5
3150027025,96.0468,0,0,-96.0468,96.0468,240,0,0,0,10,10,-1,71.1636,1.5
3150027027,101.147,0,0,-101.147,101.147,242,0,0,0,10,8,-22.5,68.2187,1.5
3150027034,103.506,0,0,-103.506,103.506,249,0,0,0,10,18,32.4075,66.4075,1.5
3150027035,104.15,0,0,-104.15,104.15,250,0,0,0,10,15,24.8333,69.8333,1.5
3150027036,100.588,0,0,-100.588,100.588,251,0,0,0,10,12,-15.5,72.899,1.5
3150027038,100.529,0,0,-100.529,100.529,253,0,0,0,10,14,-27.0345,70.0345,1.5
3166857386,104.15,0,0,-104.15,104.15,250,15,24.8333,69.8333,1.5,0,0,0,10
3168732348,99.4354,0,0,-99.4354,99.4354,212,3,-20.6338,59.5,1.5,0,0,0,10
3168982237,83.8029,0,0,-83.8029,83.8029,101,9,2.34343,28.8434,1.5,0,0,0,10
3169107387,100.588,0,0,-100.588,100.588,251,12,-15.5,72.899,1.5,0,0,0,10
3169857352,99.5593,0,0,-99.5593,99.5593,216,17,28.5,57.3288,1.5,0,0,0,10
3170107376,96.0468,0,0,-96.0468,96.0468,240,10,-1,71.1636,1.5,0,0,0,10
3170857252,85.1949,0,0,-85.1949,85.1949,116,16,6.54926,33,1.5,0,0,0,10
3172232378,101.147,0,0,-101.147,101.147,242,8,-22.5,68.2187,1.5,0,0,0,10
3172357230,83.4099,0,0,-83.4099,83.4099,94,19,12.2051,23.7949,1.5,0,0,0,10
3172973313,84.3391,0,0,-84.3391,84.3391,105,4,-14.7431,26.7431,1.5,0,0,0,10
3173607385,103.506,0,0,-103.506,103.506,249,18,32.4075,66.4075,1.5,0,0,0,10
3173973385,97.497,0,0,-97.497,97.497,177,2,-6.66992,52,1.5,0,0,0,10
3175482229,83.8602,0,0,-83.8602,83.8602,93,7,10.4293,24.5,1.5,0,0,0,10
3176232310,94.9408,0,0,-94.9408,94.9408,174,5,-22,46.1179,1.5,0,0,0,10
3176348461,100.529,0,0,-100.529,100.529,253,14,-27.0345,70.0345,1.5,0,0,0,10
3176357244,84.2915,0,0,-84.2915,84.2915,108,1,-11.632,28.868,1.5,0,0,0,10
3176482353,97.3403,0,0,-97.3403,97.3403,217,11,13,62.9081,1.5,0,0,0,10
3176607299,95.1304,0,0,-95.1304,95.1304,163,20,11.1545,46.6545,1.5,0,0,0,10
3177482203,81.6289,0,0,-81.6289,81.6289,67,6,1.5,17.9839,1.5,0,0,0,10
3181598364,97.2019,0,0,-97.2019,97.2019,156,13,17.286,42.286,1.5,0,0,0,10
3200000105,84.3391,0,0,-84.3391,84.3391,105,0,0,0,10,4,-14.8492,26.8492,1.5
3200000177,97.497,0,0,-97.497,97.497,177,0,0,0,10,2,-6.81992,52,1.5
3200009022,83.8602,0,0,-83.8602,83.8602,93,0,0,0,10,7,10.8793,24.5,1.5
3200026852,81.6289,0,0,-81.6289,81.6289,67,0,0,0,10,6,1.5,17.8339,1.5
3200026879,83.4099,0,0,-83.4099,83.4099,94,0,0,0,10,19,12.3111,23.6889,1.5
3200026886,83.8029,0,0,-83.8029,83.8029,101,0,0,0,10,9,2.23736,28.7374,1.5
3200026893,84.2915,0,0,-84.2915,84.2915,108,0,0,0,10,1,-11.738,28.762,1.5
3200026901,85.1949,0,0,-85.1949,85.1949,116,0,0,0,10,16,6.39926,33,1.5
3200026941,97.2019,0,0,-97.2019,97.2019,156,0,0,0,10,13,17.1799,42.1799,1.5
3200026948,95.1304,0,0,-95.1304,95.1304,163,0,0,0,10,20,11.0484,46.5484,1.5
3200026959,94.9408,0,0,-94.9408,94.9408,174,0,0,0,10,5,-22,45.9679,1.5
3200026997,99.4354,0,0,-99.4354,99.4354,212,0,0,0,10,3,-20.4838,59.5,1.5
3200027001,99.5593,0,0,-99.5593,99.5593,216,0,0,0,10,17,28.5,57.1788,1.5
3200027002,97.3403,0,0,-97.3403,97.3403,217,0,0,0,10,11,13,62.7581,1.5
3200027025,96.0468,0,0,-96.0468,96.0468,240,0,0,0,10,10,-1,71.0136,1.5
3200027027,101.147,0,0,-101.147,101.147,242,0,0,0,10,8,-22.5,68.0687,1.5
3200027034,103.506,0,0,-103.506,103.506,249,0,0,0,10,18,32.3014,66.3014,1.5
3200027035,104.15,0,0,-104.15,104.15,250,0,0,0,10,15,24.7272,69.7272,1.5
3200027036,100.588,0,0,-100.588,100.588,251,0,0,0,10,12,-15.5,72.749,1.5
3200027038,100.529,0,0,-100.529,100.529,253,0,0,0,10,14,-26.9284,69.9284,1.5
3216857386,104.15,0,0,-104.15,104.15,250,15,24.7272,69.7272,1.5,0,0,0,10
3218982237,83.8029,0,0,-83.8029,83.8029,101,9,2.23736,28.7374,1.5,0,0,0,10
3218982348,99.4354,0,0,-99.4354,99.4354,212,3,-20.4838,59.5,1.5,0,0,0,10
3219107387,100.588,0,0,-100.588,100.588,251,12,-15.5,72.749,1.5,0,0,0,10
3219857352,99.5593,0,0,-99.5593,99.5593,216,17,28.5,57.1788,1.5,0,0,0,10
3220107376,96.0468,0,0,-96.0468,96.0468,240,10,-1,71.0136,1.5,0,0,0,10
3220857252,85.1949,0,0,-85.1949,85.1949,116,16,6.39926,33,1.5,0,0,0,10
3222232378,101.147,0,0,-101.147,101.147,242,8,-22.5,68.0687,1.5,0,0,0,10
3222357230,83.4099,0,0,-83.4099,83.4099,94,19,12.3111,23.6889,1.5,0,0,0,10
3222973313,84.3391,0,0,-84.3391,84.3391,105,4,-14.8492,26.8492,1.5,0,0,0,10
3223607385,103.506,0,0,-103.506,103.506,249,18,32.3014,66.3014,1.5,0,0,0,10
3223973385,97.497,0,0,-97.497,97.497,177,2,-6.81992,52,1.5,0,0,0,10
3225482229,83.8602,0,0,-83.8602,83.8602,93,7,10.8793,24.5,1.5,0,0,0,10
3226232310,94.9408,0,0,-94.9408,94.9408,174,5,-22,45.9679,1.5,0,0,0,10
3226348461,100.529,0,0,-100.529,100.529,253,14,-26.9284,69.9284,1.5,0,0,0,10
3226607244,84.2915,0,0,-84.2915,84.2915,108,1,-11.738,28.762,1.5,0,0,0,10
3226607299,95.1304,0,0,-95.1304,95.1304,163,20,11.0484,46.5484,1.5,0,0,0,10
3226732353,97.3403,0,0,-97.3403,97.3403,217,11,13,62.7581,1.5,0,0,0,10
3227732203,81.6289,0,0,-81.6289,81.6289,67,6,1.5,17.8339,1.5,0,0,0,10
3231598364,97.2019,0,0,-97.2019,97.2019,156,13,17.1799,42.1799,1.5,0,0,0,10
3250000105,84.3391,0,0,-84.3391,84.3391,105,0,0,0,10,4,-14.8492,26.8492,1.5
3250000177,97.497,0,0,-97.497,97.497,177,0,0,0,10,2,-6.81992,52,1.5
3250009022,83.8602,0,0,-83.8602,83.8602,93,0,0,0,10,7,10.8793,24.5,1.5
3250026852,81.6289,0,0,-81.6289,81.6289,67,0,0,0,10,6,1.5,17.8339,1.5
3250026879,83.4099,0,0,-83.4099,83.4099,94,0,0,0,10,19,12.3111,23.6889,1.5
3250026886,83.8029,0,0,-83.8029,83.8029,101,0,0,0,10,9,2.23736,28.7374,1.5
3250026893,84.2915,0,0,-84.2915,84.2915,108,0,0,0,10,1,-11.738,28.762,1.5
3250026901,85.1949,0,0,-85.1949,85.1949,116,0,0,0,10,16,6.39926,33,1.5
3250026941,97.2019,0,0,-97.2019,97.2019,156,0,0,0,10,13,17.1799,42.1799,1.5
3250026948,95.1304,0,0,-95.1304,95.1304,163,0,0,0,10,20,11.0484,46.5484,1.5
3250026959,94.9408,0,0,-94.9408,94.9408,174,0,0,0,10,5,-22,45.9679,1.5
3250026997,99.4354,0,0,-99.4354,99.4354,212,0,0,0,10,3,-20.4838,59.5,1.5
3250027001,99.5593,0,0,-99.5593,99.5593,216,0,0,0,10,17,28.5,57.1788,1.5
3250027002,97.3403,0,0,-97.3403,97.3403,217,0,0,0,10,11,13,62.7581,1.5
3250027025,96.0468,0,0,-96.0468,96.0468,240,0,0,0,10,10,-1,71.0136,1.5
3250027027,101.147,0,0,-101.147,101.147,242,0,0,0,10,8,-22.5,68.0687,1.5
3250027034,103.506,0,0,-103.506,103.506,249,0,0,0,10,18,32.3014,66.3014,1.5
3250027035,104.15,0,0,-104.15,104.15,250,0,0,0,10,15,24.7272,69.7272,1.5
3250027036,100.588,0,0,-100.588,100.588,251,0,0,0,10,12,-15.5,72.749,1.5
3250027038,100.529,0,0,-100.529,100.529,253,0,0,0,10,14,-26.9284,69.9284,1.5
3266857386,104.15,0,0,-104.15,104.15,250,15,24.7272,69.7272,1.5,0,0,0,10
3269107387,100.588,0,0,-100.588,100.588,251,12,-15.5,72.749,1.5,0,0,0,10
3269232237,83.8029,0,0,-83.8029,83.8029,101,9,2.23736,28.7374,1.5,0,0,0,10
3269232348,99.4354,0,0,-99.4354,99.4354,212,3,-20.4838,59.5,1.5,0,0,0,10
3269857352,99.5593,0,0,-99.5593,99.5593,216,17,28.5,57.1788,1.5,0,0,0,10
3270107376,96.0468,0,0,-96.0468,96.0468,240,10,-1,71.0136,1.5,0,0,0,10
3270857252,85.1949,0,0,-85.1949,85.1949,116,16,6.39926,33,1.5,0,0,0,10
3272232378,101.147,0,0,-101.147,101.147,242,8,-22.5,68.0687,1.5,0,0,0,10
3272357230,83.4099,0,0,-83.4099,83.4099,94,19,12.3111,23.6889,1.5,0,0,0,10
3272973313,84.3391,0,0,-84.3391,84.3391,105,4,-14.8492,26.8492,1.5,0,0,0,10
3273607385,103.506,0,0,-103.506,103.506,249,18,32.3014,66.3014,1.5,0,0,0,10
3273973385,97.497,0,0,-97.497,97.497,177,2,-6.81992,52,1.5,0,0,0,10
3275482229,83.8602,0,0,-83.8602,83.8602,93,7,10.8793,24.5,1.5,0,0,0,10
3276232310,94.9408,0,0,-94.9408,94.9408,174,5,-22,45.9679,1.5,0,0,0,10
3276348461,100.529,0,0,-100.529,100.529,253,14,-26.9284,69.9284,1.5,0,0,0,10
3276607299,95.1304,0,0,-95.1304,95.1304,163,20,11.0484,46.5484,1.5,0,0,0,10
3276857244,84.2915,0,0,-84.2915,84.2915,108,1,-11.738,28.762,1.5,0,0,0,10
3277232353,97.3403,0,0,-97.3403,97.3403,217,11,13,62.7581,1.5,0,0,0,10
3277982203,81.6289,0,0,-81.6289,81.6289,67,6,1.5,17.8339,1.5,0,0,0,10
3281598364,97.2019,0,0,-97.2019,97.2019,156,13,17.1799,42.1799,1.5,0,0,0,10
3300000105,84.3391,0,0,-84.3391,84.3391,105,0,0,0,10,4,-14.9552,26.9552,1.5
3300000177,97.497,0,0,-97.497,97.497,177,0,0,0,10,2,-6.96992,52,1.5
3300009022,83.8602,0,0,-83.8602,83.8602,93,0,0,0,10,7,11.0293,24.5,1.5
3300026852,81.6289,0,0,-81.6289,81.6289,67,0,0,0,10,6,1.5,17.6839,1.5
3300026879,83.4099,0,0,-83.4099,83.4099,94,0,0,0,10,19,12.4172,23.5828,1.5
3300026886,83.8029,0,0,-83.8029,83.8029,101,0,0,0,10,9,2.1313,28.6313,1.5
3300026893,84.2915,0,0,-84.2915,84.2915,108,0,0,0,10,1,-11.8441,28.6559,1.5
3300026901,85.1949,0,0,-85.1949,85.1949,116,0,0,0,10,16,6.24926,33,1.5
3300026941,97.2019,0,0,-97.2019,97.2019,156,0,0,0,10,13,17.0738,42.0738,1.5
3300026948,95.1304,0,0,-95.1304,95.1304,163,0,0,0,10,20,10.9423,46.4423,1.5
3300026959,94.9408,0,0,-94.9408,94.9408,174,0,0,0,10,5,-22,45.8179,1.5
3300026997,99.4354,0,0,-99.4354,99.4354,212,0,0,0,10,3,-20.3338,59.5,1.5
3300027001,99.5593,0,0,-99.5593,99.5593,216,0,0,0,10,17,28.5,57.0288,1.5
3300027002,97.3403,0,0,-97.3403,97.3403,217,0,0,0,10,11,13,62.6081,1.5
3300027025,96.0468,0,0,-96.0468,96.0468,240,0,0,0,10,10,-1,70.8636,1.5
3300027027,101.147,0,0,-101.147,101.147,242,0,0,0,10,8,-22.5,67.9187,1.5
3300027034,103.506,0,0,-103.506,103.506,249,0,0,0,10,18,32.1954,66.1954,1.5
3300027035,104.15,0,0,-104.15,104.15,250,0,0,0,10,15,24.6211,69.6211,1.5
3300027036,100.588,0,0,-100.588,100.588,251,0,0,0,10,12,-15.5,72.599,1.5
3300027038,100.529,0,0,-100.529,100.529,253,0,0,0,10,14,-26.8224,69.8224,1.5
3316857386,104.15,0,0,-104.15,104.15,250,15,24.6211,69.6211,1.5,0,0,0,10
3319107387,100.588,0,0,-100.588,100.588,251,12,-15.5,72.599,1.5,0,0,0,10
3319232348,99.4354,0,0,-99.4354,99.4354,212,3,-20.3338,59.5,1.5,0,0,0,10
3319482237,83.8029,0,0,-83.8029,83.8029,101,9,2.1313,28.6313,1.5,0,0,0,10
3319857352,99.5593,0,0,-99.5593,99.5593,216,17,28.5,57.0288,1.5,0,0,0,10
3320107376,96.0468,0,0,-96.0468,96.0468,240,10,-1,70.8636,1.5,0,0,0,10
3320857252,85.1949,0,0,-85.1949,85.1949,116,16,6.24926,33,1.5,0,0,0,10
3322357230,83.4099,0,0,-83.4099,83.4099,94,19,12.4172,23.5828,1.5,0,0,0,10
3322482378,101.147,0,0,-101.147,101.147,242,8,-22.5,67.9187,1.5,0,0,0,10
3322973313,84.3391,0,0,-84.3391,84.3391,105,4,-14.9552,26.9552,1.5,0,0,0,10
3323607385,103.506,0,0,-103.506,103.506,249,18,32.1954,66.1954,1.5,0,0,0,10
3323973385,97.497,0,0,-97.497,97.497,177,2,-6.96992,52,1.5,0,0,0,10
3325482229,83.8602,0,0,-83.8602,83.8602,93,7,11.0293,24.5,1.5,0,0,0,10
3326348461,100.529,0,0,-100.529,100.529,253,14,-26.8224,69.8224,1.5,0,0,0,10
3326482310,94.9408,0,0,-94.9408,94.9408,174,5,-22,45.8179,1.5,0,0,0,10
3326607299,95.1304,0,0,-95.1304,95.1304,163,20,10.9423,46.4423,1.5,0,0,0,10
3327107244,84.2915,0,0,-84.2915,84.2915,108,1,-11.8441,28.6559,1.5,0,0,0,10
3327232353,97.3403,0,0,-97.3403,97.3403,217,11,13,62.6081,1.5,0,0,0,10
3328232203,81.6289,0,0,-81.6289,81.6289,67,6,1.5,17.6839,1.5,0,0,0,10
3331598364,97.2019,0,0,-97.2019,97.2019,156,13,17.0738,42.0738,1.5,0,0,0,10
3350000105,84.3391,0,0,-84.3391,84.3391,105,0,0,0,10,4,-14.9552,26.9552,1.5
3350000177,97.497,0,0,-97.497,97.497,177,0,0,0,10,2,-6.96992,52,1.5
3350009022,83.8602,0,0,-83.8602,83.8602,93,0,0,0,10,7,11.0293,24.5,1.5
3350026852,81.6289,0,0,-81.6289,81.6289,67,0,0,0,10,6,1.5,17.6839,1.5
3350026879,83.4099,0,0,-83.4099,83.4099,94,0,0,0,10,19,12.4172,23.5828,1.5
3350026886,83.8029,0,0,-83.8029,83.8029,101,0,0,0,10,9,2.1313,28.6313,1.5
3350026893,84.2915,0,0,-84.2915,84.2915,108,0,0,0,10,1,-11.8441,28.6559,1.5
3350026901,85.1949,0,0,-85.1949,85.1949,116,0,0,0,10,16,6.24926,33,1.5
3350026941,97.2019,0,0,-97.2019,97.2019,156,0,0,0,10,13,17.0738,42.0738,1.5
3350026948,95.1304,0,0,-95.1304,95.1304,163,0,0,0,10,20,10.9423,46.4423,1.5
3350026959,94.9408,0,0,-94.9408,94.9408,174,0,0,0,10,5,-22,45.8179,1.5
3350026997,99.4354,0,0,-99.4354,99.4354,212,0,0,0,10,3,-20.3338,59.5,1.5
3350027001,99.5593,0,0,-99.5593,99.5593,216,0,0,0,10,17,28.5,57.0288,1.5
3350027002,97.3403,0,0,-97.3403,97.3403,217,0,0,0,10,11,13,62.6081,1.5
3350027025,96.0468,0,0,-96.0468,96.0468,240,0,0,0,10,10,-1,70.8636,1.5
3350027027,101.147,0,0,-101.147,101.147,242,0,0,0,10,8,-22.5,67.9187,1.5
3350027034,103.506,0,0,-103.506,103.506,249,0,0,0,10,18,32.1954,66.1954,1.5
3350027035,104.15,0,0,-104.15,104.15,250,0,0,0,10,15,24.6211,69.6211,1.5
3350027036,100.588,0,0,-100.588,100.588,251,0,0,0,10,12,-15.5,72.599,1.5
3350027038,100.529,0,0,-100.529,100.529,253,0,0,0,10,14,-26.8224,69.8224,1.5
3366857386,104.15,0,0,-104.15,104.15,250,15,24.6211,69.6211,1.5,0,0,0,10
3369107387,100.588,0,0,-100.588,100.588,251,12,-15.5,72.599,1.5,0,0,0,10
3369232348,99.4354,0,0,-99.4354,99.4354,212,3,-20.3338,59.5,1.5,0,0,0,10
3369732237,83.8029,0,0,-83.8029,83.8029,101,9,2.1313,28.6313,1.5,0,0,0,10
3369857352,99.5593,0,0,-99.5593,99.5593,216,17,28.5,57.0288,1.5,0,0,0,10
3370107376,96.0468,0,0,-96.0468,96.0468,240,10,-1,70.8636,1.5,0,0,0,10
3370857252,85.1949,0,0,-85.1949,85.1949,116,16,6.24926,33,1.5,0,0,0,10
3372357230,83.4099,0,0,-83.4099,83.4099,94,19,12.4172,23.5828,1.5,0,0,0,10
3372482378,101.147,0,0,-101.147,101.147,242,8,-22.5,67.9187,1.5,0,0,0,10
3372973313,84.3391,0,0,-84.3391,84.3391,105,4,-14.9552,26.9552,1.5,0,0,0,10
3373607385,103.506,0,0,-103.506,103.506,249,18,32.1954,66.1954,1.5,0,0,0,10
3373973385,97.497,0,0,-97.497,97.497,177,2,-6.96992,52,1.5,0,0,0,10
3375482229,83.8602,0,0,-83.8602,83.8602,93,7,11.0293,24.5,1.5,0,0,0,10
3376348461,100.529,0,0,-100.529,100.529,253,14,-26.8224,69.8224,1.5,0,0,0,10
3376607299,95.1304,0,0,-95.1304,95.1304,163,20,10.9423,46.4423,1.5,0,0,0,10
3376732310,94.9408,0,0,-94.9408,94.9408,174,5,-22,45.8179,1.5,0,0,0,10
3377357244,84.2915,0,0,-84.2915,84.2915,108,1,-11.8441,28.6559,1.5,0,0,0,10
3377357353,97.3403,0,0,-97.3403,97.3403,217,11,13,62.6081,1.5,0,0,0,10
3378482203,81.6289,0,0,-81.6289,81.6289,67,6,1.5,17.6839,1.5,0,0,0,10
3381598364,97.2019,0,0,-97.2019,97.2019,156,13,17.0738,42.0738,1.5,0,0,0,10
3400000105,84.3391,0,0,-84.3391,84.3391,105,0,0,0,10,4,-15.0613,27.0613,1.5
3400000177,97.497,0,0,-97.497,97.497,177,0,0,0,10,2,-7.11992,52,1.5
3400009022,83.8602,0,0,-83.8602,83.8602,93,0,0,0,10,7,11.1793,24.5,1.5
3400026852,81.6289,0,0,-81.6289,81.6289,67,0,0,0,10,6,1.5,17.5339,1.5
3400026879,83.4099,0,0,-83.4099,83.4099,94,0,0,0,10,19,12.5233,23.4767,1.5
3400026886,83.8029,0,0,-83.8029,83.8029,101,0,0,0,10,9,2.02523,28.5252,1.5
3400026893,84.2915,0,0,-84.2915,84.2915,108,0,0,0,10,1,-11.9502,28.5498,1.5
3400026901,85.1949,0,0,-85.1949,85.1949,116,0,0,0,10,16,6.09926,33,1.5
3400026941,97.2019,0,0,-97.2019,97.2019,156,0,0,0,10,13,16.9678,41.9678,1.5
3400026948,95.1304,0,0,-95.1304,95.1304,163,0,0,0,10,20,10.8363,46.3363,1.5
3400026959,94.9408,0,0,-94.9408,94.9408,174,0,0,0,10,5,-22,45.6679,1.5
3400026997,99.4354,0,0,-99.4354,99.4354,212,0,0,0,10,3,-20.1838,59.5,1.5
3400027001,99.5593,0,0,-99.5593,99.5593,216,0,0,0,10,17,28.5,56.8788,1.5
3400027002,97.3403,0,0,-97.3403,97.3403,217,0,0,0,10,11,13,62.4581,1.5
3400027025,96.0468,0,0,-96.0468,96.0468,240,0,0,0,10,10,-1,70.7136,1.5
3400027027,101.147,0,0,-101.147,101.147,242,0,0,0,10,8,-22.5,67.7687,1.5
3400027034,103.506,0,0,-103.506,103.506,249,0,0,0,10,18,32.0893,66.0893,1.5
3400027035,104.15,0,0,-104.15,104.15,250,0,0,0,10,15,24.5151,69.5151,1.5
3400027036,100.588,0,0,-100.588,100.588,251,0,0,0,10,12,-15.5,72.449,1.5
3400027038,100.529,0,0,-100.529,100.529,253,0,0,0,10,14,-26.7163,69.7163,1.5
3416857386,104.15,0,0,-104.15,104.15,250,15,24.5151,69.5151,1.5,0,0,0,10
3419107387,100.588,0,0,-100.588,100.588,251,12,-15.5,72.449,1.5,0,0,0,10
3419232348,99.4354,0,0,-99.4354,99.4354,212,3,-20.1838,59.5,1.5,0,0,0,10
3419857352,99.5593,0,0,-99.5593,99.5593,216,17,28.5,56.8788,1.5,0,0,0,10
3419982237,83.8029,0,0,-83.8029,83.8029,101,9,2.02523,28.5252,1.5,0,0,0,10
3420107376,96.0468,0,0,-96.0468,96.0468,240,10,-1,70.7136,1.5,0,0,0,10
3420857252,85.1949,0,0,-85.1949,85.1949,116,16,6.09926,33,1.5,0,0,0,10
3422357230,83.4099,0,0,-83.4099,83.4099,94,19,12.5233,23.4767,1.5,0,0,0,10
3422482378,101.147,0,0,-101.147,101.147,242,8,-22.5,67.7687,1.5,0,0,0,10
3422973313,84.3391,0,0,-84.3391,84.3391,105,4,-15.0613,27.0613,1.5,0,0,0,10
3423607385,103.506,0,0,-103.506,103.506,249,18,32.0893,66.0893,1.5,0,0,0,10
3423973385,97.497,0,0,-97.497,97.497,177,2,-7.11992,52,1.5,0,0,0,10
3425732229,83.8602,0,0,-83.8602,83.8602,93,7,11.1793,24.5,1.5,0,0,0,10
3426348461,100.529,0,0,-100.529,100.529,253,14,-26.7163,69.7163,1.5,0,0,0,10
3426607299,95.1304,0,0,-95.1304,95.1304,163,20,10.8363,46.3363,1.5,0,0,0,10
3426982310,94.9408,0,0,-94.9408,94.9408,174,5,-22,45.6679,1.5,0,0,0,10
3427482244,84.2915,0,0,-84.2915,84.2915,108,1,-11.9502,28.5498,1.5,0,0,0,10
3427482353,97.3403,0,0,-97.3403,97.3403,217,11,13,62.4581,1.5,0,0,0,10
3428607203,81.6289,0,0,-81.6289,81.6289,67,6,1.5,17.5339,1.5,0,0,0,10
3431598364,97.2019,0,0,-97.2019,97.2019,156,13,16.9678,41.9678,1.5,0,0,0,10
3450000105,84.3391,0,0,-84.3391,84.3391,105,0,0,0,10,4,-15.0613,27.0613,1.5
3450000177,97.497,0,0,-97.497,97.497,177,0,0,0,10,2,-7.11992,52,1.5
3450009022,83.8602,0,0,-83.8602,83.8602,93,0,0,0,10,7,11.1793,24.5,1.5
3450026852,81.6289,0,0,-81.6289,81.6289,67,0,0,0,10,6,1.5,17.5339,1.5
3450026879,83.4099,0,0,-83.4099,83.4099,94,0,0,0,10,19,12.5233,23.4767,1.5
3450026886,83.8029,0,0,-83.8029,83.8029,101,0,0,0,10,9,2.02523,28.5252,1.5
3450026893,84.2915,0,0,-84.2915,84.2915,108,0,0,0,10,1,-11.9502,28.5498,1.5
3450026901,85.1949,0,0,-85.1949,85.1949,116,0,0,0,10,16,6.09926,33,1.5
3450026941,97.2019,0,0,-97.2019,97.2019,156,0,0,0,10,13,16.9678,41.9678,1.5
3450026948,95.1304,0,0,-95.1304,95.1304,163,0,0,0,10,20,10.8363,46.3363,1.5
3450026959,94.9408,0,0,-94.9408,94.9408,174,0,0,0,10,5,-22,45.6679,1.5
3450026997,99.4354,0,0,-99.4354,99.4354,212,0,0,0,10,3,-20.1838,59.5,1.5
3450027001,99.5593,0,0,-99.5593,99.5593,216,0,0,0,10,17,28.5,56.8788,1.5
3450027002,97.3403,0,0,-97.3403,97.3403,217,0,0,0,10,11,13,62.4581,1.5
3450027025,96.0468,0,0,-96.0468,96.0468,240,0,0,0,10,10,-1,70.7136,1.5
3450027027,101.147,0,0,-101.147,101.147,242,0,0,0,10,8,-22.5,67.7687,1.5
3450027034,103.506,0,0,-103.506,103.506,249,0,0,0,10,18,32.0893,66.0893,1.5
3450027035,104.15,0,0,-104.15,104.15,250,0,0,0,10,15,24.5151,69.5151,1.5
3450027036,100.588,0,0,-100.588,100.588,251,0,0,0,10,12,-15.5,72.449,1.5
3450027038,100.529,0,0,-100.529,100.529,253,0,0,0,10,14,-26.7163,69.7163,1.5
3466857386,104.15,0,0,-104.15,104.15,250,15,24.5151,69.5151,1.5,0,0,0,10
3469107387,100.588,0,0,-100.588,100.588,251,12,-15.5,72.449,1.5,0,0,0,10
3469357348,99.4354,0,0,-99.4354,99.4354,212,3,-20.1838,59.5,1.5,0,0,0,10
3469857352,99.5593,0,0,-99.5593,99.5593,216,17,28.5,56.8788,1.5,0,0,0,10
3470107237,83.8029,0,0,-83.8029,83.8029,101,9,2.02523,28.5252,1.5,0,0,0,10
3470107376,96.0468,0,0,-96.0468,96.0468,240,10,-1,70.7136,1.5,0,0,0,10
3470857252,85.1949,0,0,-85.1949,85.1949,116,16,6.09926,33,1.5,0,0,0,10
3472357230,83.4099,0,0,-83.4099,83.4099,94,19,12.5233,23.4767,1.5,0,0,0,10
3472482378,101.147,0,0,-101.147,101.147,242,8,-22.5,67.7687,1.5,0,0,0,10
3472973313,84.3391,0,0,-84.3391,84.3391,105,4,-15.0613,27.0613,1.5,0,0,0,10
3473607385,103.506,0,0,-103.506,103.506,249,18,32.0893,66.0893,1.5,0,0,0,10
3473973385,97.497,0,0,-97.497,97.497,177,2,-7.11992,52,1.5,0,0,0,10
3475982229,83.8602,0,0,-83.8602,83.8602,93,7,11.1793,24.5,1.5,0,0,0,10
3476348461,100.529,0,0,-100.529,100.529,253,14,-26.7163,69.7163,1.5,0,0,0,10
3476607299,95.1304,0,0,-95.1304,95.1304,163,20,10.8363,46.3363,1.5,0,0,0,10
3477232310,94.9408,0,0,-94.9408,94.9408,174,5,-22,45.6679,1.5,0,0,0,10
3477482244,84.2915,0,0,-84.2915,84.2915,108,1,-11.9502,28.5498,1.5,0,0,0,10
3477482353,97.3403,0,0,-97.3403,97.3403,217,11,13,62.4581,1.5,0,0,0,10
3478607203,81.6289,0,0,-81.6289,81.6289,67,6,1.5,17.5339,1.5,0,0,0,10
3481598364,97.2019,0,0,-97.2019,97.2019,156,13,16.9678,41.9678,1.5,0,0,0,10
3500000105,84.3391,0,0,-84.3391,84.3391,105,0,0,0,10,4,-15.1673,27.1673,1.5
3500000177,97.497,0,0,-97.497,97.497,177,0,0,0,10,2,-7.26992,52,1.5
3500009022,83.8602,0,0,-83.8602,83.8602,93,0,0,0,10,7,11.3293,24.5,1.5
3500026852,81.6289,0,0,-81.6289,81.6289,67,0,0,0,10,6,1.5,17.3839,1.5
3500026879,83.4099,0,0,-83.4099,83.4099,94,0,0,0,10,19,12.6293,23.3707,1.5
3500026886,83.8029,0,0,-83.8029,83.8029,101,0,0,0,10,9,1.91917,28.4192,1.5
3500026893,84.2915,0,0,-84.2915,84.2915,108,0,0,0,10,1,-12,28.4205,1.5
3500026901,85.1949,0,0,-85.1949,85.1949,116,0,0,0,10,16,5.94926,33,1.5
3500026941,97.2019,0,0,-97.2019,97.2019,156,0,0,0,10,13,16.8617,41.8617,1.5
3500026948,95.1304,0,0,-95.1304,95.1304,163,0,0,0,10,20,10.7302,46.2302,1.5
3500026959,94.9408,0,0,-94.9408,94.9408,174,0,0,0,10,5,-22,45.5179,1.5
3500026997,99.4354,0,0,-99.4354,99.4354,212,0,0,0,10,3,-20.0338,59.5,1.5
3500027001,99.5593,0,0,-99.5593,99.5593,216,0,0,0,10,17,28.5,56.7288,1.5
3500027002,97.3403,0,0,-97.3403,97.3403,217,0,0,0,10,11,13,62.3081,1.5
3500027025,96.0468,0,0,-96.0468,96.0468,240,0,0,0,10,10,-1,70.5636,1.5
3500027027,101.147,0,0,-101.147,101.147,242,0,0,0,10,8,-22.5,67.6187,1.5
3500027034,103.506,0,0,-103.506,103.506,249,0,0,0,10,18,31.9832,65.9832,1.5
3500027035,104.15,0,0,-104.15,104.15,250,0,0,0,10,15,24.409,69.409,1.5
3500027036,100.588,0,0,-100.588,100.588,251,0,0,0,10,12,-15.5,72.299,1.5
3500027038,100.529,0,0,-100.529,100.529,253,0,0,0,10,14,-26.6103,69.6103,1.5
3516857386,104.15,0,0,-104.15,104.15,250,15,24.409,69.409,1.5,0,0,0,10
3519107387,100.588,0,0,-100.588,100.588,251,12,-15.5,72.299,1.5,0,0,0,10
3519357348,99.4354,0,0,-99.4354,99.4354,212,3,-20.0338,59.5,1.5,0,0,0,10
3519857352,99.5593,0,0,-99.5593,99.5593,216,17,28.5,56.7288,1.5,0,0,0,10
3520107237,83.8029,0,0,-83.8029,83.8029,101,9,1.91917,28.4192,1.5,0,0,0,10
3520107376,96.0468,0,0,-96.0468,96.0468,240,10,-1,70.5636,1.5,0,0,0,10
3520857252,85.1949,0,0,-85.1949,85.1949,116,16,5.94926,33,1.5,0,0,0,10
3522357230,83.4099,0,0,-83.4099,83.4099,94,19,12.6293,23.3707,1.5,0,0,0,10
3522482378,101.147,0,0,-101.147,101.147,242,8,-22.5,67.6187,1.5,0,0,0,10
3522973313,84.3391,0,0,-84.3391,84.3391,105,4,-15.1673,27.1673,1.5,0,0,0,10
3523607385,103.506,0,0,-103.506,103.506,249,18,31.9832,65.9832,1.5,0,0,0,10
3523973385,97.497,0,0,-97.497,97.497,177,2,-7.26992,52,1.5,0,0,0,10
3526232229,83.8602,0,0,-83.8602,83.8602,93,7,11.3293,24.5,1.5,0,0,0,10
3526348461,100.529,0,0,-100.529,100.529,253,14,-26.6103,69.6103,1.5,0,0,0,10
3526732299,95.1304,0,0,-95.1304,95.1304,163,20,10.7302,46.2302,1.5,0,0,0,10
3527357310,94.9408,0,0,-94.9408,94.9408,174,5,-22,45.5179,1.5,0,0,0,10
3527482244,84.2915,0,0,-84.2915,84.2915,108,1,-12,28.4205,1.5,0,0,0,10
3527482353,97.3403,0,0,-97.3403,97.3403,217,11,13,62.3081,1.5,0,0,0,10
3528607203,81.6289,0,0,-81.6289,81.6289,67,6,1.5,17.3839,1.5,0,0,0,10
3531598364,97.2019,0,0,-97.2019,97.2019,156,13,16.8617,41.8617,1.5,0,0,0,10
3550000105,84.3391,0,0,-84.3391,84.3391,105,0,0,0,10,4,-15.1673,27.1673,1.5
3550000177,97.497,0,0,-97.497,97.497,177,0,0,0,10,2,-7.26992,52,1.5
3550009022,83.8602,0,0,-83.8602,83.8602,93,0,0,0,10,7,11.3293,24.5,1.5
3550026852,81.6289,0,0,-81.6289,81.6289,67,0,0,0,10,6,1.5,17.3839,1.5
3550026879,83.4099,0,0,-83.4099,83.4099,94,0,0,0,10,19,12.6293,23.3707,1.5
3550026886,83.8029,0,0,-83.8029,83.8029,101,0,0,0,10,9,1.91917,28.4192,1.5
3550026893,84.2915,0,0,-84.2915,84.2915,108,0,0,0,10,1,-12,28.4205,1.5
3550026901,85.1949,0,0,-85.1949,85.1949,116,0,0,0,10,16,5.94926,33,1.5
3550026941,97.2019,0,0,-97.2019,97.2019,156,0,0,0,10,13,16.8617,41.8617,1.5
3550026948,95.1304,0,0,-95.1304,95.1304,163,0,0,0,10,20,10.7302,46.2302,1.5
3550026959,94.9408,0,0,-94.9408,94.9408,174,0,0,0,10,5,-22,45.5179,1.5
3550026997,99.4354,0,0,-99.4354,99.4354,212,0,0,0,10,3,-20.0338,59.5,1.5
3550027001,99.5593,0,0,-99.5593,99.5593,216,0,0,0,10,17,28.5,56.7288,1.5
3550027002,97.3403,0,0,-97.3403,97.3403,217,0,0,0,10,11,13,62.3081,1.5
3550027025,96.0468,0,0,-96.0468,96.0468,240,0,0,0,10,10,-1,70.5636,1.5
3550027027,101.147,0,0,-101.147,101.147,242,0,0,0,10,8,-22.5,67.6187,1.5
3550027034,103.506,0,0,-103.506,103.506,249,0,0,0,10,18,31.9832,65.9832,1.5
3550027035,104.15,0,0,-104.15,104.15,250,0,0,0,10,15,24.409,69.409,1.5
3550027036,100.588,0,0,-100.588,100.588,251,0,0,0,10,12,-15.5,72.299,1.5
3550027038,100.529,0,0,-100.529,100.529,253,0,0,0,10,14,-26.6103,69.6103,1.5
3566857386,104.15,0,0,-104.15,104.15,250,15,24.409,69.409,1.5,0,0,0,10
3569107387,100.588,0,0,-100.588,100.588,251,12,-15.5,72.299,1.5,0,0,0,10
3569357348,99.4354,0,0,-99.4354,99.4354,212,3,-20.0338,59.5,1.5,0,0,0,10
3569857352,99.5593,0,0,-99.5593,99.5593,216,17,28.5,56.7288,1.5,0,0,0,10
3570107237,83.8029,0,0,-83.8029,83.8029,101,9,1.91917,28.4192,1.5,0,0,0,10
3570107376,96.0468,0,0,-96.0468,96.0468,240,10,-1,70.5636,1.5,0,0,0,10
3570857252,85.1949,0,0,-85.1949,85.1949,116,16,5.94926,33,1.5,0,0,0,10
3572357230,83.4099,0,0,-83.4099,83.4099,94,19,12.6293,23.3707,1.5,0,0,0,10
3572732378,101.147,0,0,-101.147,101.147,242,8,-22.5,67.6187,1.5,0,0,0,10
3572973313,84.3391,0,0,-84.3391,84.3391,105,4,-15.1673,27.1673,1.5,0,0,0,10
3573607385,103.506,0,0,-103.506,103.506,249,18,31.9832,65.9832,1.5,0,0,0,10
3573973385,97.497,0,0,-97.497,97.497,177,2,-7.26992,52,1.5,0,0,0,10
3576348461,100.529,0,0,-100.529,100.529,253,14,-26.6103,69.6103,1.5,0,0,0,10
3576482229,83.8602,0,0,-83.8602,83.8602,93,7,11.3293,24.5,1.5,0,0,0,10
3576732299,95.1304,0,0,-95.1304,95.1304,163,20,10.7302,46.2302,1.5,0,0,0,10
3577357310,94.9408,0,0,-94.9408,94.9408,174,5,-22,45.5179,1.5,0,0,0,10
3577482244,84.2915,0,0,-84.2915,84.2915,108,1,-12,28.4205,1.5,0,0,0,10
3577482353,97.3403,0,0,-97.3403,97.3403,217,11,13,62.3081,1.5,0,0,0,10
3578857203,81.6289,0,0,-81.6289,81.6289,67,6,1.5,17.3839,1.5,0,0,0,10
3581598364,97.2019,0,0,-97.2019,97.2019,156,13,16.8617,41.8617,1.5,0,0,0,10
3600000105,84.3391,0,0,-84.3391,84.3391,105,0,0,0,10,4,-15.2734,27.2734,1.5
3600000177,97.497,0,0,-97.497,97.497,177,0,0,0,10,2,-7.41992,52,1.5
3600009022,83.8602,0,0,-83.8602,83.8602,93,0,0,0,10,7,11.4793,24.5,1.5
3600026852,81.6289,0,0,-81.6289,81.6289,67,0,0,0,10,6,1.5,17.2339,1.5
3600026879,83.4099,0,0,-83.4099,83.4099,94,0,0,0,10,19,12.7354,23.2646,1.5
3600026886,83.8029,0,0,-83.8029,83.8029,101,0,0,0,10,9,1.8131,28.3131,1.5
3600026893,84.2915,0,0,-84.2915,84.2915,108,0,0,0,10,1,-12,28.2705,1.5
3600026901,85.1949,0,0,-85.1949,85.1949,116,0,0,0,10,16,5.79926,33,1.5
3600026941,97.2019,0,0,-97.2019,97.2019,156,0,0,0,10,13,16.7556,41.7556,1.5
3600026948,95.1304,0,0,-95.1304,95.1304,163,0,0,0,10,20,10.6241,46.1241,1.5
3600026959,94.9408,0,0,-94.9408,94.9408,174,0,0,0,10,5,-22,45.3679,1.5
3600026997,99.4354,0,0,-99.4354,99.4354,212,0,0,0,10,3,-19.8838,59.5,1.5
3600027001,99.5593,0,0,-99.5593,99.5593,216,0,0,0,10,17,28.5,56.5788,1.5
3600027002,97.3403,0,0,-97.3403,97.3403,217,0,0,0,10,11,13,62.1581,1.5
3600027025,96.0468,0,0,-96.0468,96.0468,240,0,0,0,10,10,-1,70.4136,1.5
3600027027,101.147,0,0,-101.147,101.147,242,0,0,0,10,8,-22.5,67.4687,1.5
3600027034,103.506,0,0,-103.506,103.506,249,0,0,0,10,18,31.8772,65.8772,1.5
3600027035,104.15,0,0,-104.15,104.15,250,0,0,0,10,15,24.3029,69.3029,1.5
3600027036,100.588,0,0,-100.588,100.588,251,0,0,0,10,12,-15.5,72.149,1.5
3600027038,100.529,0,0,-100.529,100.529,253,0,0,0,10,14,-26.5042,69.5042,1.5
3616857386,104.15,0,0,-104.15,104.15,250,15,24.3029,69.3029,1.5,0,0,0,10
3619107387,100.588,0,0,-100.588,100.588,251,12,-15.5,72.149,1.5,0,0,0,10
3619357348,99.4354,0,0,-99.4354,99.4354,212,3,-19.8838,59.5,1.5,0,0,0,10
3619857352,99.5593,0,0,-99.5593,99.5593,216,17,28.5,56.5788,1.5,0,0,0,10
3620107376,96.0468,0,0,-96.0468,96.0468,240,10,-1,70.4136,1.5,0,0,0,10
3620357237,83.8029,0,0,-83.8029,83.8029,101,9,1.8131,28.3131,1.5,0,0,0,10
3620857252,85.1949,0,0,-85.1949,85.1949,116,16,5.79926,33,1.5,0,0,0,10
3622357230,83.4099,0,0,-83.4099,83.4099,94,19,12.7354,23.2646,1.5,0,0,0,10
3622857378,101.147,0,0,-101.147,101.147,242,8,-22.5,67.4687,1.5,0,0,0,10
3622973313,84.3391,0,0,-84.3391,84.3391,105,4,-15.2734,27.2734,1.5,0,0,0,10
3623607385,103.506,0,0,-103.506,103.506,249,18,31.8772,65.8772,1.5,0,0,0,10
3623973385,97.497,0,0,-97.497,97.497,177,2,-7.41992,52,1.5,0,0,0,10
3626348461,100.529,0,0,-100.529,100.529,253,14,-26.5042,69.5042,1.5,0,0,0,10
3626607229,83.8602,0,0,-83.8602,83.8602,93,7,11.4793,24.5,1.5,0,0,0,10
3626732299,95.1304,0,0,-95.1304,95.1304,163,20,10.6241,46.1241,1.5,0,0,0,10
3627357310,94.9408,0,0,-94.9408,94.9408,174,5,-22,45.3679,1.5,0,0,0,10
3627482244,84.2915,0,0,-84.2915,84.2915,108,1,-12,28.2705,1.5,0,0,0,10
3627482353,97.3403,0,0,-97.3403,97.3403,217,11,13,62.1581,1.5,0,0,0,10
3629107203,81.6289,0,0,-81.6289,81.6289,67,6,1.5,17.2339,1.5,0,0,0,10
3631598364,97.2019,0,0,-97.2019,97.2019,156,13,16.7556,41.7556,1.5,0,0,0,10
3650000105,84.3391,0,0,-84.3391,84.3391,105,0,0,0,10,4,-15.2734,27.2734,1.5
3650000177,97.497,0,0,-97.497,97.497,177,0,0,0,10,2,-7.41992,52,1.5
3650009022,83.8602,0,0,-83.8602,83.8602,93,0,0,0,10,7,11.4793,24.5,1.5
3650026852,81.6289,0,0,-81.6289,81.6289,67,0,0,0,10,6,1.5,17.2339,1.5
3650026879,83.4099,0,0,-83.4099,83.4099,94,0,0,0,10,19,12.7354,23.2646,1.5
3650026886,83.8029,0,0,-83.8029,83.8029,101,0,0,0,10,9,1.8131,28.3131,1.5
3650026893,84.2915,0,0,-84.2915,84.2915,108,0,0,0,10,1,-12,28.2705,1.5
3650026901,85.1949,0,0,-85.1949,85.1949,116,0,0,0,10,16,5.79926,33,1.5
3650026941,97.2019,0,0,-97.2019,97.2019,156,0,0,0,10,13,16.7556,41.7556,1.5
3650026948,95.1304,0,0,-95.1304,95.1304,163,0,0,0,10,20,10.6241,46.1241,1.5
3650026959,94.9408,0,0,-94.9408,94.9408,174,0,0,0,10,5,-22,45.3679,1.5
3650026997,99.4354,0,0,-99.4354,99.4354,212,0,0,0,10,3,-19.8838,59.5,1.5
3650027001,99.5593,0,0,-99.5593,99.5593,216,0,0,0,10,17,28.5,56.5788,1.5
3650027002,97.3403,0,0,-97.3403,97.3403,217,0,0,0,10,11,13,62.1581,1.5
3650027025,96.0468,0,0,-96.0468,96.0468,240,0,0,0,10,10,-1,70.4136,1.5
3650027027,101.147,0,0,-101.147,101.147,242,0,0,0,10,8,-22.5,67.4687,1.5
3650027034,103.506,0,0,-103.506,103.506,249,0,0,0,10,18,31.8772,65.8772,1.5
3650027035,104.15,0,0,-104.15,104.15,250,0,0,0,10,15,24.3029,69.3029,1.5
3650027036,100.588,0,0,-100.588,100.588,251,0,0,0,10,12,-15.5,72.149,1.5
3650027038,100.529,0,0,-100.529,100.529,253,0,0,0,10,14,-26.5042,69.5042,1.5
3666857386,104.15,0,0,-104.15,104.15,250,15,24.3029,69.3029,1.5,0,0,0,10
3669232387,100.588,0,0,-100.588,100.588,251,12,-15.5,72.149,1.5,0,0,0,10
3669607348,99.4354,0,0,-99.4354,99.4354,212,3,-19.8838,59.5,1.5,0,0,0,10
3669857352,99.5593,0,0,-99.5593,99.5593,216,17,28.5,56.5788,1.5,0,0,0,10
3670107376,96.0468,0,0,-96.0468,96.0468,240,10,-1,70.4136,1.5,0,0,0,10
3670607237,83.8029,0,0,-83.8029,83.8029,101,9,1.8131,28.3131,1.5,0,0,0,10
3670857252,85.1949,0,0,-85.1949,85.1949,116,16,5.79926,33,1.5,0,0,0,10
3672357230,83.4099,0,0,-83.4099,83.4099,94,19,12.7354,23.2646,1.5,0,0,0,10
3672857378,101.147,0,0,-101.147,101.147,242,8,-22.5,67.4687,1.5,0,0,0,10
3672973313,84.3391,0,0,-84.3391,84.3391,105,4,-15.2734,27.2734,1.5,0,0,0,10
3673607385,103.506,0,0,-103.506,103.506,249,18,31.8772,65.8772,1.5,0,0,0,10
3673973385,97.497,0,0,-97.497,97.497,177,2,-7.41992,52,1.5,0,0,0,10
3676348461,100.529,0,0,-100.529,100.529,253,14,-26.5042,69.5042,1.5,0,0,0,10
3676607229,83.8602,0,0,-83.8602,83.8602,93,7,11.4793,24.5,1.5,0,0,0,10
3676732299,95.1304,0,0,-95.1304,95.1304,163,20,10.6241,46.1241,1.5,0,0,0,10
3677357310,94.9408,0,0,-94.9408,94.9408,174,5,-22,45.3679,1.5,0,0,0,10
3677482353,97.3403,0,0,-97.3403,97.3403,217,11,13,62.1581,1.5,0,0,0,10
3677732244,84.2915,0,0,-84.2915,84.2915,108,1,-12,28.2705,1.5,0,0,0,10
3679357203,81.6289,0,0,-81.6289,81.6289,67,6,1.5,17.2339,1.5,0,0,0,10
3681598364,97.2019,0,0,-97.2019,97.2019,156,13,16.7556,41.7556,1.5,0,0,0,10
3700000105,84.3391,0,0,-84.3391,84.3391,105,0,0,0,10,4,-15.3795,27.3795,1.5
3700000177,97.497,0,0,-97.497,97.497,177,0,0,0,10,2,-7.56992,52,1.5
3700009022,83.8602,0,0,-83.8602,83.8602,93,0,0,0,10,7,11.6293,24.5,1.5
3700026852,81.6289,0,0,-81.6289,81.6289,67,0,0,0,10,6,1.5,17.0839,1.5
3700026879,83.4099,0,0,-83.4099,83.4099,94,0,0,0,10,19,12.8415,23.1585,1.5
3700026886,83.8029,0,0,-83.8029,83.8029,101,0,0,0,10,9,1.70703,28.207,1.5
3700026893,84.2915,0,0,-84.2915,84.2915,108,0,0,0,10,1,-12,28.1205,1.5
3700026901,85.1949,0,0,-85.1949,85.1949,116,0,0,0,10,16,5.64926,33,1.5
3700026941,97.2019,0,0,-97.2019,97.2019,156,0,0,0,10,13,16.6496,41.6496,1.5
3700026948,95.1304,0,0,-95.1304,95.1304,163,0,0,0,10,20,10.5181,46.0181,1.5
3700026959,94.9408,0,0,-94.9408,94.9408,174,0,0,0,10,5,-22,45.2179,1.5
3700026997,99.4354,0,0,-99.4354,99.4354,212,0,0,0,10,3,-19.7338,59.5,1.5
3700027001,99.5593,0,0,-99.5593,99.5593,216,0,0,0,10,17,28.5,56.4288,1.5
3700027002,97.3403,0,0,-97.3403,97.3403,217,0,0,0,10,11,13,62.0081,1.5
3700027025,96.0468,0,0,-96.0468,96.0468,240,0,0,0,10,10,-1,70.2636,1.5
3700027027,101.147,0,0,-101.147,101.147,242,0,0,0,10,8,-22.5,67.3187,1.5
3700027034,103.506,0,0,-103.506,103.506,249,0,0,0,10,18,31.7711,65.7711,1.5
3700027035,104.15,0,0,-104.15,104.15,250,0,0,0,10,15,24.1969,69.1969,1.5
3700027036,100.588,0,0,-100.588,100.588,251,0,0,0,10,12,-15.5,71.999,1.5
3700027038,100.529,0,0,-100.529,100.529,253,0,0,0,10,14,-26.3981,69.3981,1.5
3716857386,104.15,0,0,-104.15,104.15,250,15,24.1969,69.1969,1.5,0,0,0,10
3719232387,100.588,0,0,-100.588,100.588,251,12,-15.5,71.999,1.5,0,0,0,10
3719857348,99.4354,0,0,-99.4354,99.4354,212,3,-19.7338,59.5,1.5,0,0,0,10
3719857352,99.5593,0,0,-99.5593,99.5593,216,17,28.5,56.4288,1.5,0,0,0,10
3720357376,96.0468,0,0,-96.0468,96.0468,240,10,-1,70.2636,1.5,0,0,0,10
3720857237,83.8029,0,0,-83.8029,83.8029,101,9,1.70703,28.207,1.5,0,0,0,10
3720857252,85.1949,0,0,-85.1949,85.1949,116,16,5.64926,33,1.5,0,0,0,10
3722357230,83.4099,0,0,-83.4099,83.4099,94,19,12.8415,23.1585,1.5,0,0,0,10
3722857378,101.147,0,0,-101.147,101.147,242,8,-22.5,67.3187,1.5,0,0,0,10
3722973313,84.3391,0,0,-84.3391,84.3391,105,4,-15.3795,27.3795,1.5,0,0,0,10
3723607385,103.506,0,0,-103.506,103.506,249,18,31.7711,65.7711,1.5,0,0,0,10
3723973385,97.497,0,0,-97.497,97.497,177,2,-7.56992,52,1.5,0,0,0,10
3726348461,100.529,0,0,-100.529,100.529,253,14,-26.3981,69.3981,1.5,0,0,0,10
3726607229,83.8602,0,0,-83.8602,83.8602,93,7,11.6293,24.5,1.5,0,0,0,10
3726732299,95.1304,0,0,-95.1304,95.1304,163,20,10.5181,46.0181,1.5,0,0,0,10
3727357310,94.9408,0,0,-94.9408,94.9408,174,5,-22,45.2179,1.5,0,0,0,10
3727482353,97.3403,0,0,-97.3403,97.3403,217,11,13,62.0081,1.5,0,0,0,10
3727982244,84.2915,0,0,-84.2915,84.2915,108,1,-12,28.1205,1.5,0,0,0,10
3729607203,81.6289,0,0,-81.6289,81.6289,67,6,1.5,17.0839,1.5,0,0,0,10
3731598364,97.2019,0,0,-97.2019,97.2019,156,13,16.6496,41.6496,1.5,0,0,0,10
3750000105,84.3391,0,0,-84.3391,84.3391,105,0,0,0,10,4,-15.3795,27.3795,1.5
3750000177,97.497,0,0,-97.497,97.497,177,0,0,0,10,2,-7.56992,52,1.5
3750009022,83.8602,0,0,-83.8602,83.8602,93,0,0,0,10,7,11.6293,24.5,1.5
3750026852,81.6289,0,0,-81.6289,81.6289,67,0,0,0,10,6,1.5,17.0839,1.5
3750026879,83.4099,0,0,-83.4099,83.4099,94,0,0,0,10,19,12.8415,23.1585,1.5
3750026886,83.8029,0,0,-83.8029,83.8029,101,0,0,0,10,9,1.70703,28.207,1.5
3750026893,84.2915,0,0,-84.2915,84.2915,108,0,0,0,10,1,-12,28.1205,1.5
3750026901,85.1949,0,0,-85.1949,85.1949,116,0,0,0,10,16,5.64926,33,1.5
3750026941,97.2019,0,0,-97.2019,97.2019,156,0,0,0,10,13,16.6496,41.6496,1.5
3750026948,95.1304,0,0,-95.1304,95.1304,163,0,0,0,10,20,10.5181,46.0181,1.5
3750026959,94.9408,0,0,-94.9408,94.9408,174,0,0,0,10,5,-22,45.2179,1.5
3750026997,99.4354,0,0,-99.4354,99.4354,212,0,0,0,10,3,-19.7338,59.5,1.5
3750027001,99.5593,0,0,-99.5593,99.5593,216,0,0,0,10,17,28.5,56.4288,1.5
3750027002,97.3403,0,0,-97.3403,97.3403,217,0,0,0,10,11,13,62.0081,1.5
3750027025,96.0468,0,0,-96.0468,96.0468,240,0,0,0,10,10,-1,70.2636,1.5
3750027027,101.147,0,0,-101.147,101.147,242,0,0,0,10,8,-22.5,67.3187,1.5
3750027034,103.506,0,0,-103.506,103.506,249,0,0,0,10,18,31.7711,65.7711,1.5
3750027035,104.15,0,0,-104.15,104.15,250,0,0,0,10,15,24.1969,69.1969,1.5
3750027036,100.588,0,0,-100.588,100.588,251,0,0,0,10,12,-15.5,71.999,1.5
3750027038,100.529,0,0,-100.529,100.529,253,0,0,0,10,14,-26.3981,69.3981,1.5
3766857386,104.15,0,0,-104.15,104.15,250,15,24.1969,69.1969,1.5,0,0,0,10
3769232387,100.588,0,0,-100.588,100.588,251,12,-15.5,71.999,1.5,0,0,0,10
3769857348,99.4354,0,0,-99.4354,99.4354,212,3,-19.7338,59.5,1.5,0,0,0,10
3769857352,99.5593,0,0,-99.5593,99.5593,216,17,28.5,56.4288,1.5,0,0,0,10
3770357376,96.0468,0,0,-96.0468,96.0468,240,10,-1,70.2636,1.5,0,0,0,10
3770857252,85.1949,0,0,-85.1949,85.1949,116,16,5.64926,33,1.5,0,0,0,10
3771107237,83.8029,0,0,-83.8029,83.8029,101,9,1.70703,28.207,1.5,0,0,0,10
3772357230,83.4099,0,0,-83.4099,83.4099,94,19,12.8415,23.1585,1.5,0,0,0,10
3772973313,84.3391,0,0,-84.3391,84.3391,105,4,-15.3795,27.3795,1.5,0,0,0,10
3773107378,101.147,0,0,-101.147,101.147,242,8,-22.5,67.3187,1.5,0,0,0,10
3773607385,103.506,0,0,-103.506,103.506,249,18,31.7711,65.7711,1.5,0,0,0,10
3773973385,97.497,0,0,-97.497,97.497,177,2,-7.56992,52,1.5,0,0,0,10
3776348461,100.529,0,0,-100.529,100.529,253,14,-26.3981,69.3981,1.5,0,0,0,10
3776732299,95.1304,0,0,-95.1304,95.1304,163,20,10.5181,46.0181,1.5,0,0,0,10
3776857229,83.8602,0,0,-83.8602,83.8602,93,7,11.6293,24.5,1.5,0,0,0,10
3777482353,97.3403,0,0,-97.3403,97.3403,217,11,13,62.0081,1.5,0,0,0,10
3777607310,94.9408,0,0,-94.9408,94.9408,174,5,-22,45.2179,1.5,0,0,0,10
3778232244,84.2915,0,0,-84.2915,84.2915,108,1,-12,28.1205,1.5,0,0,0,10
3779732203,81.6289,0,0,-81.6289,81.6289,67,6,1.5,17.0839,1.5,0,0,0,10
3781598364,97.2019,0,0,-97.2019,97.2019,156,13,16.6496,41.6496,1.5,0,0,0,10
3800000105,84.3391,0,0,-84.3391,84.3391,105,0,0,0,10,4,-15.4855,27.4855,1.5
3800000177,97.497,0,0,-97.497,97.497,177,0,0,0,10,2,-7.71992,52,1.5
3800009022,83.8602,0,0,-83.8602,83.8602,93,0,0,0,10,7,11.7793,24.5,1.5
3800026852,81.6289,0,0,-81.6289,81.6289,67,0,0,0,10,6,1.5,16.9339,1.5
3800026879,83.4099,0,0,-83.4099,83.4099,94,0,0,0,10,19,12.9475,23.0525,1.5
3800026886,83.8029,0,0,-83.8029,83.8029,101,0,0,0,10,9,1.60097,28.101,1.5
3800026893,84.2915,0,0,-84.2915,84.2915,108,0,0,0,10,1,-12,27.9705,1.5
3800026901,85.1949,0,0,-85.1949,85.1949,116,0,0,0,10,16,5.49948,32.9995,1.5
3800026941,97.2019,0,0,-97.2019,97.2019,156,0,0,0,10,13,16.5435,41.5435,1.5
3800026948,95.1304,0,0,-95.1304,95.1304,163,0,0,0,10,20,10.412,45.912,1.5
3800026959,94.9408,0,0,-94.9408,94.9408,174,0,0,0,10,5,-22,45.0679,1.5
3800026997,99.4354,0,0,-99.4354,99.4354,212,0,0,0,10,3,-19.5838,59.5,1.5
3800027001,99.5593,0,0,-99.5593,99.5593,216,0,0,0,10,17,28.5,56.2788,1.5
3800027002,97.3403,0,0,-97.3403,97.3403,217,0,0,0,10,11,12.8997,61.8997,1.5
3800027025,96.0468,0,0,-96.0468,96.0468,240,0,0,0,10,10,-1,70.1136,1.5
3800027027,101.147,0,0,-101.147,101.147,242,0,0,0,10,8,-22.5,67.1687,1.5
3800027034,103.506,0,0,-103.506,103.506,249,0,0,0,10,18,31.665,65.665,1.5
3800027035,104.15,0,0,-104.15,104.15,250,0,0,0,10,15,24.0908,69.0908,1.5
3800027036,100.588,0,0,-100.588,100.588,251,0,0,0,10,12,-15.5,71.849,1.5
3800027038,100.529,0,0,-100.529,100.529,253,0,0,0,10,14,-26.2921,69.2921,1.5
3816857386,104.15,0,0,-104.15,104.15,250,15,24.0908,69.0908,1.5,0,0,0,10
3819232387,100.588,0,0,-100.588,100.588,251,12,-15.5,71.849,1.5,0,0,0,10
3819857348,99.4354,0,0,-99.4354,99.4354,212,3,-19.5838,59.5,1.5,0,0,0,10
3819857352,99.5593,0,0,-99.5593,99.5593,216,17,28.5,56.2788,1.5,0,0,0,10
3820357376,96.0468,0,0,-96.0468,96.0468,240,10,-1,70.1136,1.5,0,0,0,10
3820857252,85.1949,0,0,-85.1949,85.1949,116,16,5.49948,32.9995,1.5,0,0,0,10
3821232237,83.8029,0,0,-83.8029,83.8029,101,9,1.60097,28.101,1.5,0,0,0,10
3822357230,83.4099,0,0,-83.4099,83.4099,94,19,12.9475,23.0525,1.5,0,0,0,10
3822973313,84.3391,0,0,-84.3391,84.3391,105,4,-15.4855,27.4855,1.5,0,0,0,10
3823107378,101.147,0,0,-101.147,101.147,242,8,-22.5,67.1687,1.5,0,0,0,10
3823607385,103.506,0,0,-103.506,103.506,249,18,31.665,65.665,1.5,0,0,0,10
3823973385,97.497,0,0,-97.497,97.497,177,2,-7.71992,52,1.5,0,0,0,10
3826348461,100.529,0,0,-100.529,100.529,253,14,-26.2921,69.2921,1.5,0,0,0,10
3826732299,95.1304,0,0,-95.1304,95.1304,163,20,10.412,45.912,1.5,0,0,0,10
3827107229,83.8602,0,0,-83.8602,83.8602,93,7,11.7793,24.5,1.5,0,0,0,10
3827607353,97.3403,0,0,-97.3403,97.3403,217,11,12.8997,61.8997,1.5,0,0,0,10
3827857310,94.9408,0,0,-94.9408,94.9408,174,5,-22,45.0679,1.5,0,0,0,10
3828482244,84.2915,0,0,-84.2915,84.2915,108,1,-12,27.9705,1.5,0,0,0,10
3829732203,81.6289,0,0,-81.6289,81.6289,67,6,1.5,16.9339,1.5,0,0,0,10
3831598364,97.2019,0,0,-97.2019,97.2019,156,13,16.5435,41.5435,1.5,0,0,0,10
3850000105,84.3391,0,0,-84.3391,84.3391,105,0,0,0,10,4,-15.4855,27.4855,1.5
3850000177,97.497,0,0,-97.497,97.497,177,0,0,0,10,2,-7.71992,52,1.5
3850009022,83.8602,0,0,-83.8602,83.8602,93,0,0,0,10,7,11.7793,24.5,1.5
3850026852,81.6289,0,0,-81.6289,81.6289,67,0,0,0,10,6,1.5,16.9339,1.5
3850026879,83.4099,0,0,-83.4099,83.4099,94,0,0,0,10,19,12.9475,23.0525,1.5
3850026886,83.8029,0,0,-83.8029,83.8029,101,0,0,0,10,9,1.60097,28.101,1.5
3850026893,84.2915,0,0,-84.2915,84.2915,108,0,0,0,10,1,-12,27.9705,1.5
3850026901,85.1949,0,0,-85.1949,85.1949,116,0,0,0,10,16,5.49948,32.9995,1.5
3850026941,97.2019,0,0,-97.2019,97.2019,156,0,0,0,10,13,16.5435,41.5435,1.5
3850026948,95.1304,0,0,-95.1304,95.1304,163,0,0,0,10,20,10.412,45.912,1.5
3850026959,94.9408,0,0,-94.9408,94.9408,174,0,0,0,10,5,-22,45.0679,1.5
3850026997,99.4354,0,0,-99.4354,99.4354,212,0,0,0,10,3,-19.5838,59.5,1.5
3850027001,99.5593,0,0,-99.5593,99.5593,216,0,0,0,10,17,28.5,56.2788,1.5
3850027002,97.3403,0,0,-97.3403,97.3403,217,0,0,0,10,11,12.8997,61.8997,1.5
3850027025,96.0468,0,0,-96.0468,96.0468,240,0,0,0,10,10,-1,70.1136,1.5
3850027027,101.147,0,0,-101.147,101.147,242,0,0,0,10,8,-22.5,67.1687,1.5
3850027034,103.506,0,0,-103.506,103.506,249,0,0,0,10,18,31.665,65.665,1.5
3850027035,104.15,0,0,-104.15,104.15,250,0,0,0,10,15,24.0908,69.0908,1.5
3850027036,100.588,0,0,-100.588,100.588,251,0,0,0,10,12,-15.5,71.849,1.5
3850027038,100.529,0,0,-100.529,100.529,253,0,0,0,10,14,-26.2921,69.2921,1.5
3866857386,104.15,0,0,-104.15,104.15,250,15,24.0908,69.0908,1.5,0,0,0,10
3869232387,100.588,0,0,-100.588,100.588,251,12,-15.5,71.849,1.5,0,0,0,10
3869857348,99.4354,0,0,-99.4354,99.4354,212,3,-19.5838,59.5,1.5,0,0,0,10
3869857352,99.5593,0,0,-99.5593,99.5593,216,17,28.5,56.2788,1.5,0,0,0,10
3870357376,96.0468,0,0,-96.0468,96.0468,240,10,-1,70.1136,1.5,0,0,0,10
3870857252,85.1949,0,0,-85.1949,85.1949,116,16,5.49948,32.9995,1.5,0,0,0,10
3871232237,83.8029,0,0,-83.8029,83.8029,101,9,1.60097,28.101,1.5,0,0,0,10
3872357230,83.4099,0,0,-83.4099,83.4099,94,19,12.9475,23.0525,1.5,0,0,0,10
3872973313,84.3391,0,0,-84.3391,84.3391,105,4,-15.4855,27.4855,1.5,0,0,0,10
3873107378,101.147,0,0,-101.147,101.147,242,8,-22.5,67.1687,1.5,0,0,0,10
3873607385,103.506,0,0,-103.506,103.506,249,18,31.665,65.665,1.5,0,0,0,10
3873973385,97.497,0,0,-97.497,97.497,177,2,-7.71992,52,1.5,0,0,0,10
3876348461,100.529,0,0,-100.529,100.529,253,14,-26.2921,69.2921,1.5,0,0,0,10
3876732299,95.1304,0,0,-95.1304,95.1304,163,20,10.412,45.912,1.5,0,0,0,10
3877357229,83.8602,0,0,-83.8602,83.8602,93,7,11.7793,24.5,1.5,0,0,0,10
3877857353,97.3403,0,0,-97.3403,97.3403,217,11,12.8997,61.8997,1.5,0,0,0,10
3878107310,94.9408,0,0,-94.9408,94.9408,174,5,-22,45.0679,1.5,0,0,0,10
3878607244,84.2915,0,0,-84.2915,84.2915,108,1,-12,27.9705,1.5,0,0,0,10
3879732203,81.6289,0,0,-81.6289,81.6289,67,6,1.5,16.9339,1.5,0,0,0,10
3881598364,97.2019,0,0,-97.2019,97.2019,156,13,16.5435,41.5435,1.5,0,0,0,10
3900000105,84.3391,0,0,-84.3391,84.3391,105,0,0,0,10,4,-15.5916,27.5916,1.5
3900000177,97.497,0,0,-97.497,97.497,177,0,0,0,10,2,-7.86992,52,1.5
3900009022,83.8602,0,0,-83.8602,83.8602,93,0,0,0,10,7,11.9293,24.5,1.5
3900026852,81.6289,0,0,-81.6289,81.6289,67,0,0,0,10,6,1.5,16.7839,1.5
3900026879,83.4099,0,0,-83.4099,83.4099,94,0,0,0,10,19,13.0536,22.9464,1.5
3900026886,83.8029,0,0,-83.8029,83.8029,101,0,0,0,10,9,1.4949,27.9949,1.5
3900026893,84.2915,0,0,-84.2915,84.2915,108,0,0,0,10,1,-12,27.8205,1.5
3900026901,85.1949,0,0,-85.1949,85.1949,116,0,0,0,10,16,5.39341,32.8934,1.5
3900026941,97.2019,0,0,-97.2019,97.2019,156,0,0,0,10,13,16.4374,41.4374,1.5
3900026948,95.1304,0,0,-95.1304,95.1304,163,0,0,0,10,20,10.3059,45.8059,1.5
3900026959,94.9408,0,0,-94.9408,94.9408,174,0,0,0,10,5,-22,44.9179,1.5
3900026997,99.4354,0,0,-99.4354,99.4354,212,0,0,0,10,3,-19.4338,59.5,1.5
3900027001,99.5593,0,0,-99.5593,99.5593,216,0,0,0,10,17,28.5,56.1288,1.5
3900027002,97.3403,0,0,-97.3403,97.3403,217,0,0,0,10,11,12.7936,61.7936,1.5
3900027025,96.0468,0,0,-96.0468,96.0468,240,0,0,0,10,10,-1,69.9636,1.5
3900027027,101.147,0,0,-101.147,101.147,242,0,0,0,10,8,-22.5,67.0187,1.5
3900027034,103.506,0,0,-103.506,103.506,249,0,0,0,10,18,31.559,65.559,1.5
3900027035,104.15,0,0,-104.15,104.15,250,0,0,0,10,15,23.9847,68.9847,1.5
3900027036,100.588,0,0,-100.588,100.588,251,0,0,0,10,12,-15.5,71.699,1.5
3900027038,100.529,0,0,-100.529,100.529,253,0,0,0,10,14,-26.186,69.186,1.5
3916857386,104.15,0,0,-104.15,104.15,250,15,23.9847,68.9847,1.5,0,0,0,10
3919232387,100.588,0,0,-100.588,100.588,251,12,-15.5,71.699,1.5,0,0,0,10
3919857348,99.4354,0,0,-99.4354,99.4354,212,3,-19.4338,59.5,1.5,0,0,0,10
3919857352,99.5593,0,0,-99.5593,99.5593,216,17,28.5,56.1288,1.5,0,0,0,10
3920357376,96.0468,0,0,-96.0468,96.0468,240,10,-1,69.9636,1.5,0,0,0,10
3920857252,85.1949,0,0,-85.1949,85.1949,116,16,5.39341,32.8934,1.5,0,0,0,10
3921232237,83.8029,0,0,-83.8029,83.8029,101,9,1.4949,27.9949,1.5,0,0,0,10
3922357230,83.4099,0,0,-83.4099,83.4099,94,19,13.0536,22.9464,1.5,0,0,0,10
3922973313,84.3391,0,0,-84.3391,84.3391,105,4,-15.5916,27.5916,1.5,0,0,0,10
3923107378,101.147,0,0,-101.147,101.147,242,8,-22.5,67.0187,1.5,0,0,0,10
3923607385,103.506,0,0,-103.506,103.506,249,18,31.559,65.559,1.5,0,0,0,10
3923973385,97.497,0,0,-97.497,97.497,177,2,-7.86992,52,1.5,0,0,0,10
3926348461,100.529,0,0,-100.529,100.529,253,14,-26.186,69.186,1.5,0,0,0,10
3926732299,95.1304,0,0,-95.1304,95.1304,163,20,10.3059,45.8059,1.5,0,0,0,10
3927607229,83.8602,0,0,-83.8602,83.8602,93,7,11.9293,24.5,1.5,0,0,0,10
3927857353,97.3403,0,0,-97.3403,97.3403,217,11,12.7936,61.7936,1.5,0,0,0,10
3928357310,94.9408,0,0,-94.9408,94.9408,174,5,-22,44.9179,1.5,0,0,0,10
3928607244,84.2915,0,0,-84.2915,84.2915,108,1,-12,27.8205,1.5,0,0,0,10
3929732203,81.6289,0,0,-81.6289,81.6289,67,6,1.5,16.7839,1.5,0,0,0,10
3931598364,97.2019,0,0,-97.2019,97.2019,156,13,16.4374,41.4374,1.5,0,0,0,10
3950000105,84.3391,0,0,-84.3391,84.3391,105,0,0,0,10,4,-15.5916,27.5916,1.5
3950000177,97.497,0,0,-97.497,97.497,177,0,0,0,10,2,-7.86992,52,1.5
3950009022,83.8602,0,0,-83.8602,83.8602,93,0,0,0,10,7,11.9293,24.5,1.5
3950026852,81.6289,0,0,-81.6289,81.6289,67,0,0,0,10,6,1.5,16.7839,1.5
3950026879,83.4099,0,0,-83.4099,83.4099,94,0,0,0,10,19,13.0536,22.9464,1.5
3950026886,83.8029,0,0,-83.8029,83.8029,101,0,0,0,10,9,1.4949,27.9949,1.5
3950026893,84.2915,0,0,-84.2915,84.2915,108,0,0,0,10,1,-12,27.8205,1.5
3950026901,85.1949,0,0,-85.1949,85.1949,116,0,0,0,10,16,5.39341,32.8934,1.5
3950026941,97.2019,0,0,-97.2019,97.2019,156,0,0,0,10,13,16.4374,41.4374,1.5
3950026948,95.1304,0,0,-95.1304,95.1304,163,0,0,0,10,20,10.3059,45.8059,1.5
3950026959,94.9408,0,0,-94.9408,94.9408,174,0,0,0,10,5,-22,44.9179,1.5
3950026997,99.4354,0,0,-99.4354,99.4354,212,0,0,0,10,3,-19.4338,59.5,1.5
3950027001,99.5593,0,0,-99.5593,99.5593,216,0,0,0,10,17,28.5,56.1288,1.5
3950027002,97.3403,0,0,-97.3403,97.3403,217,0,0,0,10,11,12.7936,61.7936,1.5
3950027025,96.0468,0,0,-96.0468,96.0468,240,0,0,0,10,10,-1,69.9636,1.5
3950027027,101.147,0,0,-101.147,101.147,242,0,0,0,10,8,-22.5,67.0187,1.5
3950027034,103.506,0,0,-103.506,103.506,249,0,0,0,10,18,31.559,65.559,1.5
3950027035,104.15,0,0,-104.15,104.15,250,0,0,0,10,15,23.9847,68.9847,1.5
3950027036,100.588,0,0,-100.588,100.588,251,0,0,0,10,12,-15.5,71.699,1.5
3950027038,100.529,0,0,-100.529,100.529,253,0,0,0,10,14,-26.186,69.186,1.5
3966857386,104.15,0,0,-104.15,104.15,250,15,23.9847,68.9847,1.5,0,0,0,10
3969232387,100.588,0,0,-100.588,100.588,251,12,-15.5,71.699,1.5,0,0,0,10
3969857352,99.5593,0,0,-99.5593,99.5593,216,17,28.5,56.1288,1.5,0,0,0,10
3970232348,99.4354,0,0,-99.4354,99.4354,212,3,-19.4338,59.5,1.5,0,0,0,10
3970357376,96.0468,0,0,-96.0468,96.0468,240,10,-1,69.9636,1.5,0,0,0,10
3970857252,85.1949,0,0,-85.1949,85.1949,116,16,5.39341,32.8934,1.5,0,0,0,10
3971232237,83.8029,0,0,-83.8029,83.8029,101,9,1.4949,27.9949,1.5,0,0,0,10
3972357230,83.4099,0,0,-83.4099,83.4099,94,19,13.0536,22.9464,1.5,0,0,0,10
3972973313,84.3391,0,0,-84.3391,84.3391,105,4,-15.5916,27.5916,1.5,0,0,0,10
3973107378,101.147,0,0,-101.147,101.147,242,8,-22.5,67.0187,1.5,0,0,0,10
3973607385,103.506,0,0,-103.506,103.506,249,18,31.559,65.559,1.5,0,0,0,10
3973973385,97.497,0,0,-97.497,97.497,177,2,-7.86992,52,1.5,0,0,0,10
3976348461,100.529,0,0,-100.529,100.529,253,14,-26.186,69.186,1.5,0,0,0,10
3976732299,95.1304,0,0,-95.1304,95.1304,163,20,10.3059,45.8059,1.5,0,0,0,10
3977732229,83.8602,0,0,-83.8602,83.8602,93,7,11.9293,24.5,1.5,0,0,0,10
3977857353,97.3403,0,0,-97.3403,97.3403,217,11,12.7936,61.7936,1.5,0,0,0,10
3978482310,94.9408,0,0,-94.9408,94.9408,174,5,-22,44.9179,1.5,0,0,0,10
3978607244,84.2915,0,0,-84.2915,84.2915,108,1,-12,27.8205,1.5,0,0,0,10
3979732203,81.6289,0,0,-81.6289,81.6289,67,6,1.5,16.7839,1.5,0,0,0,10
3981598364,97.2019,0,0,-97.2019,97.2019,156,13,16.4374,41.4374,1.5,0,0,0,10
4000000105,84.3391,0,0,-84.3391,84.3391,105,0,0,0,10,4,-15.6977,27.6977,1.5
4000000177,97.497,0,0,-97.497,97.497,177,0,0,0,10,2,-8.01992,52,1.5
4000009022,83.8602,0,0,-83.8602,83.8602,93,0,0,0,10,7,12.0793,24.5,1.5
4000026852,81.6289,0,0,-81.6289,81.6289,67,0,0,0,10,6,1.5,16.6339,1.5
4000026879,83.4099,0,0,-83.4099,83.4099,94,0,0,0,10,19,13.1597,22.8403,1.5
4000026886,83.8029,0,0,-83.8029,83.8029,101,0,0,0,10,9,1.38884,27.8888,1.5
4000026893,84.2915,0,0,-84.2915,84.2915,108,0,0,0,10,1,-12,27.6705,1.5
4000026901,85.1949,0,0,-85.1949,85.1949,116,0,0,0,10,16,5.28734,32.7873,1.5
4000026941,97.2019,0,0,-97.2019,97.2019,156,0,0,0,10,13,16.3314,41.3314,1.5
4000026948,95.1304,0,0,-95.1304,95.1304,163,0,0,0,10,20,10.1999,45.6999,1.5
4000026959,94.9408,0,0,-94.9408,94.9408,174,0,0,0,10,5,-22,44.7679,1.5
4000026997,99.4354,0,0,-99.4354,99.4354,212,0,0,0,10,3,-19.2838,59.5,1.5
4000027001,99.5593,0,0,-99.5593,99.5593,216,0,0,0,10,17,28.5,55.9788,1.5
4000027002,97.3403,0,0,-97.3403,97.3403,217,0,0,0,10,11,12.6875,61.6875,1.5
4000027025,96.0468,0,0,-96.0468,96.0468,240,0,0,0,10,10,-1,69.8136,1.5
4000027027,101.147,0,0,-101.147,101.147,242,0,0,0,10,8,-22.5,66.8687,1.5
4000027034,103.506,0,0,-103.506,103.506,249,0,0,0,10,18,31.4529,65.4529,1.5
4000027035,104.15,0,0,-104.15,104.15,250,0,0,0,10,15,23.8787,68.8787,1.5
4000027036,100.588,0,0,-100.588,100.588,251,0,0,0,10,12,-15.5,71.549,1.5
4000027038,100.529,0,0,-100.529,100.529,253,0,0,0,10,14,-26.0799,69.0799,1.5
4016857386,104.15,0,0,-104.15,104.15,250,15,23.8787,68.8787,1.5,0,0,0,10
4019232387,100.588,0,0,-100.588,100.588,251,12,-15.5,71.549,1.5,0,0,0,10
4019857352,99.5593,0,0,-99.5593,99.5593,216,17,28.5,55.9788,1.5,0,0,0,10
4020357348,99.4354,0,0,-99.4354,99.4354,212,3,-19.2838,59.5,1.5,0,0,0,10
4020357376,96.0468,0,0,-96.0468,96.0468,240,10,-1,69.8136,1.5,0,0,0,10
4020857252,85.1949,0,0,-85.1949,85.1949,116,16,5.28734,32.7873,1.5,0,0,0,10
4021232237,83.8029,0,0,-83.8029,83.8029,101,9,1.38884,27.8888,1.5,0,0,0,10
4022357230,83.4099,0,0,-83.4099,83.4099,94,19,13.1597,22.8403,1.5,0,0,0,10
4022973313,84.3391,0,0,-84.3391,84.3391,105,4,-15.6977,27.6977,1.5,0,0,0,10
4023107378,101.147,0,0,-101.147,101.147,242,8,-22.5,66.8687,1.5,0,0,0,10
4023607385,103.506,0,0,-103.506,103.506,249,18,31.4529,65.4529,1.5,0,0,0,10
4023973385,97.497,0,0,-97.497,97.497,177,2,-8.01992,52,1.5,0,0,0,10
4026348461,100.529,0,0,-100.529,100.529,253,14,-26.0799,69.0799,1.5,0,0,0,10
4026732299,95.1304,0,0,-95.1304,95.1304,163,20,10.1999,45.6999,1.5,0,0,0,10
4027732229,83.8602,0,0,-83.8602,83.8602,93,7,12.0793,24.5,1.5,0,0,0,10
4027982353,97.3403,0,0,-97.3403,97.3403,217,11,12.6875,61.6875,1.5,0,0,0,10
4028482310,94.9408,0,0,-94.9408,94.9408,174,5,-22,44.7679,1.5,0,0,0,10
4028857244,84.2915,0,0,-84.2915,84.2915,108,1,-12,27.6705,1.5,0,0,0,10
4029982203,81.6289,0,0,-81.6289,81.6289,67,6,1.5,16.6339,1.5,0,0,0,10
4031598364,97.2019,0,0,-97.2019,97.2019,156,13,16.3314,41.3314,1.5,0,0,0,10
4050000105,84.3391,0,0,-84.3391,84.3391,105,0,0,0,10,4,-15.6977,27.6977,1.5
4050000177,97.497,0,0,-97.497,97.497,177,0,0,0,10,2,-8.01992,52,1.5
4050009022,83.8602,0,0,-83.8602,83.8602,93,0,0,0,10,7,12.0793,24.5,1.5
4050026852,81.6289,0,0,-81.6289,81.6289,67,0,0,0,10,6,1.5,16.6339,1.5
4050026879,83.4099,0,0,-83.4099,83.4099,94,0,0,0,10,19,13.1597,22.8403,1.5
4050026886,83.8029,0,0,-83.8029,83.8029,101,0,0,0,10,9,1.38884,27.8888,1.5
4050026893,84.2915,0,0,-84.2915,84.2915,108,0,0,0,10,1,-12,27.6705,1.5
4050026901,85.1949,0,0,-85.1949,85.1949,116,0,0,0,10,16,5.28734,32.7873,1.5
4050026941,97.2019,0,0,-97.2019,97.2019,156,0,0,0,10,13,16.3314,41.3314,1.5
4050026948,95.1304,0,0,-95.1304,95.1304,163,0,0,0,10,20,10.1999,45.6999,1.5
4050026959,94.9408,0,0,-94.9408,94.9408,174,0,0,0,10,5,-22,44.7679,1.5
4050026997,99.4354,0,0,-99.4354,99.4354,212,0,0,0,10,3,-19.2838,59.5,1.5
4050027001,99.5593,0,0,-99.5593,99.5593,216,0,0,0,10,17,28.5,55.9788,1.5
4050027002,97.3403,0,0,-97.3403,97.3403,217,0,0,0,10,11,12.6875,61.6875,1.5
4050027025,96.0468,0,0,-96.0468,96.0468,240,0,0,0,10,10,-1,69.8136,1.5
4050027027,101.147,0,0,-101.147,101.147,242,0,0,0,10,8,-22.5,66.8687,1.5
4050027034,103.506,0,0,-103.506,103.506,249,0,0,0,10,18,31.4529,65.4529,1.5
4050027035,104.15,0,0,-104.15,104.15,250,0,0,0,10,15,23.8787,68.8787,1.5
4050027036,100.588,0,0,-100.588,100.588,251,0,0,0,10,12,-15.5,71.549,1.5
4050027038,100.529,0,0,-100.529,100.529,253,0,0,0,10,14,-26.0799,69.0799,1.5
4066857386,104.15,0,0,-104.15,104.15,250,15,23.8787,68.8787,1.5,0,0,0,10
4069232387,100.588,0,0,-100.588,100.588,251,12,-15.5,71.549,1.5,0,0,0,10
4069857352,99.5593,0,0,-99.5593,99.5593,216,17,28.5,55.9788,1.5,0,0,0,10
4070357348,99.4354,0,0,-99.4354,99.4354,212,3,-19.2838,59.5,1.5,0,0,0,10
4070357376,96.0468,0,0,-96.0468,96.0468,240,10,-1,69.8136,1.5,0,0,0,10
4070857252,85.1949,0,0,-85.1949,85.1949,116,16,5.28734,32.7873,1.5,0,0,0,10
4071482237,83.8029,0,0,-83.8029,83.8029,101,9,1.38884,27.8888,1.5,0,0,0,10
4072357230,83.4099,0,0,-83.4099,83.4099,94,19,13.1597,22.8403,1.5,0,0,0,10
4072973313,84.3391,0,0,-84.3391,84.3391,105,4,-15.6977,27.6977,1.5,0,0,0,10
4073107378,101.147,0,0,-101.147,101.147,242,8,-22.5,66.8687,1.5,0,0,0,10
4073607385,103.506,0,0,-103.506,103.506,249,18,31.4529,65.4529,1.5,0,0,0,10
4073973385,97.497,0,0,-97.497,97.497,177,2,-8.01992,52,1.5,0,0,0,10
4076348461,100.529,0,0,-100.529,100.529,253,14,-26.0799,69.0799,1.5,0,0,0,10
4076732299,95.1304,0,0,-95.1304,95.1304,163,20,10.1999,45.6999,1.5,0,0,0,10
4077732229,83.8602,0,0,-83.8602,83.8602,93,7,12.0793,24.5,1.5,0,0,0,10
4078107353,97.3403,0,0,-97.3403,97.3403,217,11,12.6875,61.6875,1.5,0,0,0,10
4078482310,94.9408,0,0,-94.9408,94.9408,174,5,-22,44.7679,1.5,0,0,0,10
4079107244,84.2915,0,0,-84.2915,84.2915,108,1,-12,27.6705,1.5,0,0,0,10
4080232203,81.6289,0,0,-81.6289,81.6289,67,6,1.5,16.6339,1.5,0,0,0,10
4081598364,97.2019,0,0,-97.2019,97.2019,156,13,16.3314,41.3314,1.5,0,0,0,10
4100000110,87.8049,0,0,-87.8049,87.8049,110,0,0,0,10,4,-15.8037,27.8037,1.5
4100000178,95.5048,0,0,-95.5048,95.5048,178,0,0,0,10,2,-8.16992,52,1.5
4100009025,83.3113,0,0,-83.3113,83.3113,96,0,0,0,10,7,12.2293,24.5,1.5
4100035775,81.3628,0,0,-81.3628,81.3628,62,0,0,0,10,6,1.5,16.4839,1.5
4100035805,83.4596,0,0,-83.4596,83.4596,92,0,0,0,10,19,13.2657,22.7343,1.5
4100035810,84.219,0,0,-84.219,84.219,97,0,0,0,10,9,1.28277,27.7828,1.5
4100035817,84.5551,0,0,-84.5551,84.5551,104,0,0,0,10,1,-12,27.5205,1.5
4100035827,84.3514,0,0,-84.3514,84.3514,114,0,0,0,10,16,5.18128,32.6813,1.5
4100035863,95.6859,0,0,-95.6859,95.6859,150,0,0,0,10,13,16.2253,41.2253,1.5
4100035871,95.2392,0,0,-95.2392,95.2392,158,0,0,0,10,20,10.0938,45.5938,1.5
4100035881,95.7071,0,0,-95.7071,95.7071,168,0,0,0,10,5,-22,44.6179,1.5
4100035923,100.104,0,0,-100.104,100.104,210,0,0,0,10,3,-19.1338,59.5,1.5
4100035924,100.01,0,0,-100.01,100.01,211,0,0,0,10,17,28.5,55.8288,1.5
4100035925,96.8866,0,0,-96.8866,96.8866,212,0,0,0,10,11,12.5815,61.5815,1.5
4100035947,95.899,0,0,-95.899,95.899,234,0,0,0,10,10,-1,69.6636,1.5
4100035950,100.88,0,0,-100.88,100.88,237,0,0,0,10,8,-22.5,66.7187,1.5
4100035956,103.82,0,0,-103.82,103.82,243,0,0,0,10,18,31.3468,65.3468,1.5
4100035957,103.436,0,0,-103.436,103.436,244,0,0,0,10,15,23.7726,68.7726,1.5
4100035958,101.057,0,0,-101.057,101.057,245,0,0,0,10,12,-15.5,71.399,1.5
4100035960,100.58,0,0,-100.58,100.58,247,0,0,0,10,14,-25.9739,68.9739,1.5
4116982380,103.436,0,0,-103.436,103.436,244,15,23.7726,68.7726,1.5,0,0,0,10
4119607381,101.057,0,0,-101.057,101.057,245,12,-15.5,71.399,1.5,0,0,0,10
4119982347,100.01,0,0,-100.01,100.01,211,17,28.5,55.8288,1.5,0,0,0,10
4120482370,95.899,0,0,-95.899,95.899,234,10,-1,69.6636,1.5,0,0,0,10
4120732346,100.104,0,0,-100.104,100.104,210,3,-19.1338,59.5,1.5,0,0,0,10
4120982250,84.3514,0,0,-84.3514,84.3514,114,16,5.18128,32.6813,1.5,0,0,0,10
4121732233,84.219,0,0,-84.219,84.219,97,9,1.28277,27.7828,1.5,0,0,0,10
4122482228,83.4596,0,0,-83.4596,83.4596,92,19,13.2657,22.7343,1.5,0,0,0,10
4122973318,87.8049,0,0,-87.8049,87.8049,110,4,-15.8037,27.8037,1.5,0,0,0,10
4123232373,100.88,0,0,-100.88,100.88,237,8,-22.5,66.7187,1.5,0,0,0,10
4123732379,103.82,0,0,-103.82,103.82,243,18,31.3468,65.3468,1.5,0,0,0,10
4123973386,95.5048,0,0,-95.5048,95.5048,178,2,-8.16992,52,1.5,0,0,0,10
4126482383,100.58,0,0,-100.58,100.58,247,14,-25.9739,68.9739,1.5,0,0,0,10
4126857294,95.2392,0,0,-95.2392,95.2392,158,20,10.0938,45.5938,1.5,0,0,0,10
4127732232,83.3113,0,0,-83.3113,83.3113,96,7,12.2293,24.5,1.5,0,0,0,10
4128732304,95.7071,0,0,-95.7071,95.7071,168,5,-22,44.6179,1.5,0,0,0,10
4129232348,96.8866,0,0,-96.8866,96.8866,212,11,12.5815,61.5815,1.5,0,0,0,10
4129357240,84.5551,0,0,-84.5551,84.5551,104,1,-12,27.5205,1.5,0,0,0,10
4130482198,81.3628,0,0,-81.3628,81.3628,62,6,1.5,16.4839,1.5,0,0,0,10
4131732286,95.6859,0,0,-95.6859,95.6859,150,13,16.2253,41.2253,1.5,0,0,0,10
4150000110,87.8049,0,0,-87.8049,87.8049,110,0,0,0,10,4,-15.8037,27.8037,1.5
4150000178,95.5048,0,0,-95.5048,95.5048,178,0,0,0,10,2,-8.16992,52,1.5
4150009025,83.3113,0,0,-83.3113,83.3113,96,0,0,0,10,7,12.2293,24.5,1.5
4150044703,81.3628,0,0,-81.3628,81.3628,62,0,0,0,10,6,1.5,16.4839,1.5
4150044733,83.4596,0,0,-83.4596,83.4596,92,0,0,0,10,19,13.2657,22.7343,1.5
4150044738,84.219,0,0,-84.219,84.219,97,0,0,0,10,9,1.28277,27.7828,1.5
4150044745,84.5551,0,0,-84.5551,84.5551,104,0,0,0,10,1,-12,27.5205,1.5
4150044755,84.3514,0,0,-84.3514,84.3514,114,0,0,0,10,16,5.18128,32.6813,1.5
4150044791,95.6859,0,0,-95.6859,95.6859,150,0,0,0,10,13,16.2253,41.2253,1.5
4150044799,95.2392,0,0,-95.2392,95.2392,158,0,0,0,10,20,10.0938,45.5938,1.5
4150044809,95.7071,0,0,-95.7071,95.7071,168,0,0,0,10,5,-22,44.6179,1.5
4150044851,100.104,0,0,-100.104,100.104,210,0,0,0,10,3,-19.1338,59.5,1.5
4150044852,100.01,0,0,-100.01,100.01,211,0,0,0,10,17,28.5,55.8288,1.5
4150044853,96.8866,0,0,-96.8866,96.8866,212,0,0,0,10,11,12.5815,61.5815,1.5
4150044875,95.899,0,0,-95.899,95.899,234,0,0,0,10,10,-1,69.6636,1.5
4150044878,100.88,0,0,-100.88,100.88,237,0,0,0,10,8,-22.5,66.7187,1.5
4150044884,103.82,0,0,-103.82,103.82,243,0,0,0,10,18,31.3468,65.3468,1.5
4150044885,103.436,0,0,-103.436,103.436,244,0,0,0,10,15,23.7726,68.7726,1.5
4150044886,101.057,0,0,-101.057,101.057,245,0,0,0,10,12,-15.5,71.399,1.5
4150044888,100.58,0,0,-100.58,100.58,247,0,0,0,10,14,-25.9739,68.9739,1.5
4166982380,103.436,0,0,-103.436,103.436,244,15,23.7726,68.7726,1.5,0,0,0,10
4169607381,101.057,0,0,-101.057,101.057,245,12,-15.5,71.399,1.5,0,0,0,10
4169982347,100.01,0,0,-100.01,100.01,211,17,28.5,55.8288,1.5,0,0,0,10
4170482370,95.899,0,0,-95.899,95.899,234,10,-1,69.6636,1.5,0,0,0,10
4170982250,84.3514,0,0,-84.3514,84.3514,114,16,5.18128,32.6813,1.5,0,0,0,10
4170982346,100.104,0,0,-100.104,100.104,210,3,-19.1338,59.5,1.5,0,0,0,10
4171982233,84.219,0,0,-84.219,84.219,97,9,1.28277,27.7828,1.5,0,0,0,10
4172482228,83.4596,0,0,-83.4596,83.4596,92,19,13.2657,22.7343,1.5,0,0,0,10
4172973318,87.8049,0,0,-87.8049,87.8049,110,4,-15.8037,27.8037,1.5,0,0,0,10
4173232373,100.88,0,0,-100.88,100.88,237,8,-22.5,66.7187,1.5,0,0,0,10
4173732379,103.82,0,0,-103.82,103.82,243,18,31.3468,65.3468,1.5,0,0,0,10
4173973386,95.5048,0,0,-95.5048,95.5048,178,2,-8.16992,52,1.5,0,0,0,10
4176482383,100.58,0,0,-100.58,100.58,247,14,-25.9739,68.9739,1.5,0,0,0,10
4176857294,95.2392,0,0,-95.2392,95.2392,158,20,10.0938,45.5938,1.5,0,0,0,10
4177732232,83.3113,0,0,-83.3113,83.3113,96,7,12.2293,24.5,1.5,0,0,0,10
4178982304,95.7071,0,0,-95.7071,95.7071,168,5,-22,44.6179,1.5,0,0,0,10
4179232348,96.8866,0,0,-96.8866,96.8866,212,11,12.5815,61.5815,1.5,0,0,0,10
4179607240,84.5551,0,0,-84.5551,84.5551,104,1,-12,27.5205,1.5,0,0,0,10
4180732198,81.3628,0,0,-81.3628,81.3628,62,6,1.5,16.4839,1.5,0,0,0,10
4182232286,95.6859,0,0,-95.6859,95.6859,150,13,16.2253,41.2253,1.5,0,0,0,10
4200000110,87.8049,0,0,-87.8049,87.8049,110,0,0,0,10,4,-15.9098,27.9098,1.5
4200000178,95.5048,0,0,-95.5048,95.5048,178,0,0,0,10,2,-8.31992,52,1.5
4200009025,83.3113,0,0,-83.3113,83.3113,96,0,0,0,10,7,12.3793,24.5,1.5
4200044703,81.3628,0,0,-81.3628,81.3628,62,0,0,0,10,6,1.5,16.3339,1.5
4200044733,83.4596,0,0,-83.4596,83.4596,92,0,0,0,10,19,13.3718,22.6282,1.5
4200044738,84.219,0,0,-84.219,84.219,97,0,0,0,10,9,1.1767,27.6767,1.5
4200044745,84.5551,0,0,-84.5551,84.5551,104,0,0,0,10,1,-12,27.3705,1.5
4200044755,84.3514,0,0,-84.3514,84.3514,114,0,0,0,10,16,5.07521,32.5752,1.5
4200044791,95.6859,0,0,-95.6859,95.6859,150,0,0,0,10,13,16.1192,41.1192,1.5
4200044799,95.2392,0,0,-95.2392,95.2392,158,0,0,0,10,20,9.98773,45.4877,1.5
4200044809,95.7071,0,0,-95.7071,95.7071,168,0,0,0,10,5,-22,44.4679,1.5
4200044851,100.104,0,0,-100.104,100.104,210,0,0,0,10,3,-18.9838,59.5,1.5
4200044852,100.01,0,0,-100.01,100.01,211,0,0,0,10,17,28.5,55.6788,1.5
4200044853,96.8866,0,0,-96.8866,96.8866,212,0,0,0,10,11,12.5,61.4652,1.5
4200044875,95.899,0,0,-95.899,95.899,234,0,0,0,10,10,-1,69.5136,1.5
4200044878,100.88,0,0,-100.88,100.88,237,0,0,0,10,8,-22.5,66.5687,1.5
4200044884,103.82,0,0,-103.82,103.82,243,0,0,0,10,18,31.2408,65.2408,1.5
4200044885,103.436,0,0,-103.436,103.436,244,0,0,0,10,15,23.6665,68.6665,1.5
4200044886,101.057,0,0,-101.057,101.057,245,0,0,0,10,12,-15.5,71.249,1.5
4200044888,100.58,0,0,-100.58,100.58,247,0,0,0,10,14,-25.8678,68.8678,1.5
4216982380,103.436,0,0,-103.436,103.436,244,15,23.6665,68.6665,1.5,0,0,0,10
4219607381,101.057,0,0,-101.057,101.057,245,12,-15.5,71.249,1.5,0,0,0,10
4219982347,100.01,0,0,-100.01,100.01,211,17,28.5,55.6788,1.5,0,0,0,10
4220482370,95.899,0,0,-95.899,95.899,234,10,-1,69.5136,1.5,0,0,0,10
4220982250,84.3514,0,0,-84.3514,84.3514,114,16,5.07521,32.5752,1.5,0,0,0,10
4221232346,100.104,0,0,-100.104,100.104,210,3,-18.9838,59.5,1.5,0,0,0,10
4222232233,84.219,0,0,-84.219,84.219,97,9,1.1767,27.6767,1.5,0,0,0,10
4222482228,83.4596,0,0,-83.4596,83.4596,92,19,13.3718,22.6282,1.5,0,0,0,10
4222973318,87.8049,0,0,-87.8049,87.8049,110,4,-15.9098,27.9098,1.5,0,0,0,10
4223232373,100.88,0,0,-100.88,100.88,237,8,-22.5,66.5687,1.5,0,0,0,10
4223732379,103.82,0,0,-103.82,103.82,243,18,31.2408,65.2408,1.5,0,0,0,10
4223973386,95.5048,0,0,-95.5048,95.5048,178,2,-8.31992,52,1.5,0,0,0,10
4226482383,100.58,0,0,-100.58,100.58,247,14,-25.8678,68.8678,1.5,0,0,0,10
4226857294,95.2392,0,0,-95.2392,95.2392,158,20,9.98773,45.4877,1.5,0,0,0,10
4227982232,83.3113,0,0,-83.3113,83.3113,96,7,12.3793,24.5,1.5,0,0,0,10
4229232304,95.7071,0,0,-95.7071,95.7071,168,5,-22,44.4679,1.5,0,0,0,10
4229357348,96.8866,0,0,-96.8866,96.8866,212,11,12.5,61.4652,1.5,0,0,0,10
4229732240,84.5551,0,0,-84.5551,84.5551,104,1,-12,27.3705,1.5,0,0,0,10
4230857198,81.3628,0,0,-81.3628,81.3628,62,6,1.5,16.3339,1.5,0,0,0,10
4232232286,95.6859,0,0,-95.6859,95.6859,150,13,16.1192,41.1192,1.5,0,0,0,10
4250000110,87.8049,0,0,-87.8049,87.8049,110,0,0,0,10,4,-15.9098,27.9098,1.5
4250000178,95.5048,0,0,-95.5048,95.5048,178,0,0,0,10,2,-8.31992,52,1.5
4250009025,83.3113,0,0,-83.3113,83.3113,96,0,0,0,10,7,12.3793,24.5,1.5
4250044703,81.3628,0,0,-81.3628,81.3628,62,0,0,0,10,6,1.5,16.3339,1.5
4250044733,83.4596,0,0,-83.4596,83.4596,92,0,0,0,10,19,13.3718,22.6282,1.5
4250044738,84.219,0,0,-84.219,84.219,97,0,0,0,10,9,1.1767,27.6767,1.5
4250044745,84.5551,0,0,-84.5551,84.5551,104,0,0,0,10,1,-12,27.3705,1.5
4250044755,84.3514,0,0,-84.3514,84.3514,114,0,0,0,10,16,5.07521,32.5752,1.5
4250044791,95.6859,0,0,-95.6859,95.6859,150,0,0,0,10,13,16.1192,41.1192,1.5
4250044799,95.2392,0,0,-95.2392,95.2392,158,0,0,0,10,20,9.98773,45.4877,1.5
4250044809,95.7071,0,0,-95.7071,95.7071,168,0,0,0,10,5,-22,44.4679,1.5
4250044851,100.104,0,0,-100.104,100.104,210,0,0,0,10,3,-18.9838,59.5,1.5
4250044852,100.01,0,0,-100.01,100.01,211,0,0,0,10,17,28.5,55.6788,1.5
4250044853,96.8866,0,0,-96.8866,96.8866,212,0,0,0,10,11,12.5,61.4652,1.5
4250044875,95.899,0,0,-95.899,95.899,234,0,0,0,10,10,-1,69.5136,1.5
4250044878,100.88,0,0,-100.88,100.88,237,0,0,0,10,8,-22.5,66.5687,1.5
4250044884,103.82,0,0,-103.82,103.82,243,0,0,0,10,18,31.2408,65.2408,1.5
4250044885,103.436,0,0,-103.436,103.436,244,0,0,0,10,15,23.6665,68.6665,1.5
4250044886,101.057,0,0,-101.057,101.057,245,0,0,0,10,12,-15.5,71.249,1.5
4250044888,100.58,0,0,-100.58,100.58,247,0,0,0,10,14,-25.8678,68.8678,1.5
4266982380,103.436,0,0,-103.436,103.436,244,15,23.6665,68.6665,1.5,0,0,0,10
4269732381,101.057,0,0,-101.057,101.057,245,12,-15.5,71.249,1.5,0,0,0,10
4269982347,100.01,0,0,-100.01,100.01,211,17,28.5,55.6788,1.5,0,0,0,10
4270482370,95.899,0,0,-95.899,95.899,234,10,-1,69.5136,1.5,0,0,0,10
4270982250,84.3514,0,0,-84.3514,84.3514,114,16,5.07521,32.5752,1.5,0,0,0,10
4271482346,100.104,0,0,-100.104,100.104,210,3,-18.9838,59.5,1.5,0,0,0,10
4272357233,84.219,0,0,-84.219,84.219,97,9,1.1767,27.6767,1.5,0,0,0,10
4272482228,83.4596,0,0,-83.4596,83.4596,92,19,13.3718,22.6282,1.5,0,0,0,10
4272973318,87.8049,0,0,-87.8049,87.8049,110,4,-15.9098,27.9098,1.5,0,0,0,10
4273482373,100.88,0,0,-100.88,100.88,237,8,-22.5,66.5687,1.5,0,0,0,10
4273732379,103.82,0,0,-103.82,103.82,243,18,31.2408,65.2408,1.5,0,0,0,10
4273973386,95.5048,0,0,-95.5048,95.5048,178,2,-8.31992,52,1.5,0,0,0,10
4276482383,100.58,0,0,-100.58,100.58,247,14,-25.8678,68.8678,1.5,0,0,0,10
4276857294,95.2392,0,0,-95.2392,95.2392,158,20,9.98773,45.4877,1.5,0,0,0,10
4278232232,83.3113,0,0,-83.3113,83.3113,96,7,12.3793,24.5,1.5,0,0,0,10
4279482304,95.7071,0,0,-95.7071,95.7071,168,5,-22,44.4679,1.5,0,0,0,10
4279482348,96.8866,0,0,-96.8866,96.8866,212,11,12.5,61.4652,1.5,0,0,0,10
4279732240,84.5551,0,0,-84.5551,84.5551,104,1,-12,27.3705,1.5,0,0,0,10
4280857198,81.3628,0,0,-81.3628,81.3628,62,6,1.5,16.3339,1.5,0,0,0,10
4282732286,95.6859,0,0,-95.6859,95.6859,150,13,16.1192,41.1192,1.5,0,0,0,10
4300000110,87.8049,0,0,-87.8049,87.8049,110,0,0,0,10,4,-16.0159,28.0159,1.5
4300000178,95.5048,0,0,-95.5048,95.5048,178,0,0,0,10,2,-8.46992,52,1.5
4300009025,83.3113,0,0,-83.3113,83.3113,96,0,0,0,10,7,12.5293,24.5,1.5
4300044703,81.3628,0,0,-81.3628,81.3628,62,0,0,0,10,6,1.5,16.1839,1.5
4300044733,83.4596,0,0,-83.4596,83.4596,92,0,0,0,10,19,13.4779,22.5221,1.5
4300044738,84.219,0,0,-84.219,84.219,97,0,0,0,10,9,1.07064,27.5706,1.5
4300044745,84.5551,0,0,-84.5551,84.5551,104,0,0,0,10,1,-12,27.2205,1.5
4300044755,84.3514,0,0,-84.3514,84.3514,114,0,0,0,10,16,4.95636,32.5,1.5
4300044791,95.6859,0,0,-95.6859,95.6859,150,0,0,0,10,13,16.0132,41.0132,1.5
4300044799,95.2392,0,0,-95.2392,95.2392,158,0,0,0,10,20,9.88166,45.3817,1.5
4300044809,95.7071,0,0,-95.7071,95.7071,168,0,0,0,10,5,-22,44.3179,1.5
4300044851,100.104,0,0,-100.104,100.104,210,0,0,0,10,3,-18.8338,59.5,1.5
4300044852,100.01,0,0,-100.01,100.01,211,0,0,0,10,17,28.5,55.5288,1.5
4300044853,96.8866,0,0,-96.8866,96.8866,212,0,0,0,10,11,12.5,61.3152,1.5
4300044875,95.899,0,0,-95.899,95.899,234,0,0,0,10,10,-1,69.3636,1.5
4300044878,100.88,0,0,-100.88,100.88,237,0,0,0,10,8,-22.5,66.4187,1.5
4300044884,103.82,0,0,-103.82,103.82,243,0,0,0,10,18,31.1347,65.1347,1.5
4300044885,103.436,0,0,-103.436,103.436,244,0,0,0,10,15,23.5605,68.5605,1.5
4300044886,101.057,0,0,-101.057,101.057,245,0,0,0,10,12,-15.5,71.099,1.5
4300044888,100.58,0,0,-100.58,100.58,247,0,0,0,10,14,-25.7617,68.7617,1.5
4316982380,103.436,0,0,-103.436,103.436,244,15,23.5605,68.5605,1.5,0,0,0,10
4319857381,101.057,0,0,-101.057,101.057,245,12,-15.5,71.099,1.5,0,0,0,10
4319982347,100.01,0,0,-100.01,100.01,211,17,28.5,55.5288,1.5,0,0,0,10
4320482370,95.899,0,0,-95.899,95.899,234,10,-1,69.3636,1.5,0,0,0,10
4320982250,84.3514,0,0,-84.3514,84.3514,114,16,4.95636,32.5,1.5,0,0,0,10
4321482346,100.104,0,0,-100.104,100.104,210,3,-18.8338,59.5,1.5,0,0,0,10
4322357233,84.219,0,0,-84.219,84.219,97,9,1.07064,27.5706,1.5,0,0,0,10
4322482228,83.4596,0,0,-83.4596,83.4596,92,19,13.4779,22.5221,1.5,0,0,0,10
4322973318,87.8049,0,0,-87.8049,87.8049,110,4,-16.0159,28.0159,1.5,0,0,0,10
4323482373,100.88,0,0,-100.88,100.88,237,8,-22.5,66.4187,1.5,0,0,0,10
4323732379,103.82,0,0,-103.82,103.82,243,18,31.1347,65.1347,1.5,0,0,0,10
4323973386,95.5048,0,0,-95.5048,95.5048,178,2,-8.46992,52,1.5,0,0,0,10
4326857294,95.2392,0,0,-95.2392,95.2392,158,20,9.88166,45.3817,1.5,0,0,0,10
4326857383,100.58,0,0,-100.58,100.58,247,14,-25.7617,68.7617,1.5,0,0,0,10
4328482232,83.3113,0,0,-83.3113,83.3113,96,7,12.5293,24.5,1.5,0,0,0,10
4329482348,96.8866,0,0,-96.8866,96.8866,212,11,12.5,61.3152,1.5,0,0,0,10
4329607304,95.7071,0,0,-95.7071,95.7071,168,5,-22,44.3179,1.5,0,0,0,10
4329732240,84.5551,0,0,-84.5551,84.5551,104,1,-12,27.2205,1.5,0,0,0,10
4330857198,81.3628,0,0,-81.3628,81.3628,62,6,1.5,16.1839,1.5,0,0,0,10
4333232286,95.6859,0,0,-95.6859,95.6859,150,13,16.0132,41.0132,1.5,0,0,0,10
4350000110,87.8049,0,0,-87.8049,87.8049,110,0,0,0,10,4,-16.0159,28.0159,1.5
4350000178,95.5048,0,0,-95.5048,95.5048,178,0,0,0,10,2,-8.46992,52,1.5
4350009025,83.3113,0,0,-83.3113,83.3113,96,0,0,0,10,7,12.5293,24.5,1.5
4350044703,81.3628,0,0,-81.3628,81.3628,62,0,0,0,10,6,1.5,16.1839,1.5
4350044733,83.4596,0,0,-83.4596,83.4596,92,0,0,0,10,19,13.4779,22.5221,1.5
4350044738,84.219,0,0,-84.219,84.219,97,0,0,0,10,9,1.07064,27.5706,1.5
4350044745,84.5551,0,0,-84.5551,84.5551,104,0,0,0,10,1,-12,27.2205,1.5
4350044755,84.3514,0,0,-84.3514,84.3514,114,0,0,0,10,16,4.95636,32.5,1.5
4350044791,95.6859,0,0,-95.6859,95.6859,150,0,0,0,10,13,16.0132,41.0132,1.5
4350044799,95.2392,0,0,-95.2392,95.2392,158,0,0,0,10,20,9.88166,45.3817,1.5
4350044809,95.7071,0,0,-95.7071,95.7071,168,0,0,0,10,5,-22,44.3179,1.5
4350044851,100.104,0,0,-100.104,100.104,210,0,0,0,10,3,-18.8338,59.5,1.5
4350044852,100.01,0,0,-100.01,100.01,211,0,0,0,10,17,28.5,55.5288,1.5
4350044853,96.8866,0,0,-96.8866,96.8866,212,0,0,0,10,11,12.5,61.3152,1.5
4350044875,95.899,0,0,-95.899,95.899,234,0,0,0,10,10,-1,69.3636,1.5
4350044878,100.88,0,0,-100.88,100.88,237,0,0,0,10,8,-22.5,66.4187,1.5
4350044884,103.82,0,0,-103.82,103.82,243,0,0,0,10,18,31.1347,65.1347,1.5
4350044885,103.436,0,0,-103.436,103.436,244,0,0,0,10,15,23.5605,68.5605,1.5
4350044886,101.057,0,0,-101.057,101.057,245,0,0,0,10,12,-15.5,71.099,1.5
4350044888,100.58,0,0,-100.58,100.58,247,0,0,0,10,14,-25.7617,68.7617,1.5
4366982380,103.436,0,0,-103.436,103.436,244,15,23.5605,68.5605,1.5,0,0,0,10
4369857381,101.057,0,0,-101.057,101.057,245,12,-15.5,71.099,1.5,0,0,0,10
4369982347,100.01,0,0,-100.01,100.01,211,17,28.5,55.5288,1.5,0,0,0,10
4370482370,95.899,0,0,-95.899,95.899,234,10,-1,69.3636,1.5,0,0,0,10
4370982250,84.3514,0,0,-84.3514,84.3514,114,16,4.95636,32.5,1.5,0,0,0,10
4371482346,100.104,0,0,-100.104,100.104,210,3,-18.8338,59.5,1.5,0,0,0,10
4372357233,84.219,0,0,-84.219,84.219,97,9,1.07064,27.5706,1.5,0,0,0,10
4372482228,83.4596,0,0,-83.4596,83.4596,92,19,13.4779,22.5221,1.5,0,0,0,10
4372973318,87.8049,0,0,-87.8049,87.8049,110,4,-16.0159,28.0159,1.5,0,0,0,10
4373482373,100.88,0,0,-100.88,100.88,237,8,-22.5,66.4187,1.5,0,0,0,10
4373732379,103.82,0,0,-103.82,103.82,243,18,31.1347,65.1347,1.5,0,0,0,10
4373973386,95.5048,0,0,-95.5048,95.5048,178,2,-8.46992,52,1.5,0,0,0,10
4376857294,95.2392,0,0,-95.2392,95.2392,158,20,9.88166,45.3817,1.5,0,0,0,10
4377357383,100.58,0,0,-100.58,100.58,247,14,-25.7617,68.7617,1.5,0,0,0,10
4378732232,83.3113,0,0,-83.3113,83.3113,96,7,12.5293,24.5,1.5,0,0,0,10
4379482348,96.8866,0,0,-96.8866,96.8866,212,11,12.5,61.3152,1.5,0,0,0,10
4379607304,95.7071,0,0,-95.7071,95.7071,168,5,-22,44.3179,1.5,0,0,0,10
4379732240,84.5551,0,0,-84.5551,84.5551,104,1,-12,27.2205,1.5,0,0,0,10
4380857198,81.3628,0,0,-81.3628,81.3628,62,6,1.5,16.1839,1.5,0,0,0,10
4383232286,95.6859,0,0,-95.6859,95.6859,150,13,16.0132,41.0132,1.5,0,0,0,10
4400000110,87.8049,0,0,-87.8049,87.8049,110,0,0,0,10,4,-16.1219,28.1219,1.5
4400000178,95.5048,0,0,-95.5048,95.5048,178,0,0,0,10,2,-8.61992,52,1.5
4400009025,83.3113,0,0,-83.3113,83.3113,96,0,0,0,10,7,12.6793,24.5,1.5
4400044703,81.3628,0,0,-81.3628,81.3628,62,0,0,0,10,6,1.5,16.0339,1.5
4400044733,83.4596,0,0,-83.4596,83.4596,92,0,0,0,10,19,13.5839,22.4161,1.5
4400044738,84.219,0,0,-84.219,84.219,97,0,0,0,10,9,0.964571,27.4646,1.5
4400044745,84.5551,0,0,-84.5551,84.5551,104,0,0,0,10,1,-12,27.0705,1.5
4400044755,84.3514,0,0,-84.3514,84.3514,114,0,0,0,10,16,4.80636,32.5,1.5
4400044791,95.6859,0,0,-95.6859,95.6859,150,0,0,0,10,13,15.9071,40.9071,1.5
4400044799,95.2392,0,0,-95.2392,95.2392,158,0,0,0,10,20,9.7756,45.2756,1.5
4400044809,95.7071,0,0,-95.7071,95.7071,168,0,0,0,10,5,-22,44.1679,1.5
4400044851,100.104,0,0,-100.104,100.104,210,0,0,0,10,3,-18.6838,59.5,1.5
4400044852,100.01,0,0,-100.01,100.01,211,0,0,0,10,17,28.5,55.3788,1.5
4400044853,96.8866,0,0,-96.8866,96.8866,212,0,0,0,10,11,12.5,61.1652,1.5
4400044875,95.899,0,0,-95.899,95.899,234,0,0,0,10,10,-1,69.2136,1.5
4400044878,100.88,0,0,-100.88,100.88,237,0,0,0,10,8,-22.5,66.2687,1.5
4400044884,103.82,0,0,-103.82,103.82,243,0,0,0,10,18,31.0286,65.0286,1.5
4400044885,103.436,0,0,-103.436,103.436,244,0,0,0,10,15,23.4544,68.4544,1.5
4400044886,101.057,0,0,-101.057,101.057,245,0,0,0,10,12,-15.5,70.949,1.5
4400044888,100.58,0,0,-100.58,100.58,247,0,0,0,10,14,-25.6557,68.6557,1.5
4416982380,103.436,0,0,-103.436,103.436,244,15,23.4544,68.4544,1.5,0,0,0,10
4419857381,101.057,0,0,-101.057,101.057,245,12,-15.5,70.949,1.5,0,0,0,10
4419982347,100.01,0,0,-100.01,100.01,211,17,28.5,55.3788,1.5,0,0,0,10
4420482370,95.899,0,0,-95.899,95.899,234,10,-1,69.2136,1.5,0,0,0,10
4420982250,84.3514,0,0,-84.3514,84.3514,114,16,4.80636,32.5,1.5,0,0,0,10
4421607346,100.104,0,0,-100.104,100.104,210,3,-18.6838,59.5,1.5,0,0,0,10
4422357233,84.219,0,0,-84.219,84.219,97,9,0.964571,27.4646,1.5,0,0,0,10
4422482228,83.4596,0,0,-83.4596,83.4596,92,19,13.5839,22.4161,1.5,0,0,0,10
4422973318,87.8049,0,0,-87.8049,87.8049,110,4,-16.1219,28.1219,1.5,0,0,0,10
4423482373,100.88,0,0,-100.88,100.88,237,8,-22.5,66.2687,1.5,0,0,0,10
4423732379,103.82,0,0,-103.82,103.82,243,18,31.0286,65.0286,1.5,0,0,0,10
4423973386,95.5048,0,0,-95.5048,95.5048,178,2,-8.61992,52,1.5,0,0,0,10
4426857294,95.2392,0,0,-95.2392,95.2392,158,20,9.7756,45.2756,1.5,0,0,0,10
4427357383,100.58,0,0,-100.58,100.58,247,14,-25.6557,68.6557,1.5,0,0,0,10
4428857232,83.3113,0,0,-83.3113,83.3113,96,7,12.6793,24.5,1.5,0,0,0,10
4429607304,95.7071,0,0,-95.7071,95.7071,168,5,-22,44.1679,1.5,0,0,0,10
4429732240,84.5551,0,0,-84.5551,84.5551,104,1,-12,27.0705,1.5,0,0,0,10
4429732348,96.8866,0,0,-96.8866,96.8866,212,11,12.5,61.1652,1.5,0,0,0,10
4430857198,81.3628,0,0,-81.3628,81.3628,62,6,1.5,16.0339,1.5,0,0,0,10
4433232286,95.6859,0,0,-95.6859,95.6859,150,13,15.9071,40.9071,1.5,0,0,0,10
4450000110,87.8049,0,0,-87.8049,87.8049,110,0,0,0,10,4,-16.1219,28.1219,1.5
4450000178,95.5048,0,0,-95.5048,95.5048,178,0,0,0,10,2,-8.61992,52,1.5
4450009025,83.3113,0,0,-83.3113,83.3113,96,0,0,0,10,7,12.6793,24.5,1.5
4450044703,81.3628,0,0,-81.3628,81.3628,62,0,0,0,10,6,1.5,16.0339,1.5
4450044733,83.4596,0,0,-83.4596,83.4596,92,0,0,0,10,19,13.5839,22.4161,1.5
4450044738,84.219,0,0,-84.219,84.219,97,0,0,0,10,9,0.964571,27.4646,1.5
4450044745,84.5551,0,0,-84.5551,84.5551,104,0,0,0,10,1,-12,27.0705,1.5
4450044755,84.3514,0,0,-84.3514,84.3514,114,0,0,0,10,16,4.80636,32.5,1.5
4450044791,95.6859,0,0,-95.6859,95.6859,150,0,0,0,10,13,15.9071,40.9071,1.5
4450044799,95.2392,0,0,-95.2392,95.2392,158,0,0,0,10,20,9.7756,45.2756,1.5
4450044809,95.7071,0,0,-95.7071,95.7071,168,0,0,0,10,5,-22,44.1679,1.5
4450044851,100.104,0,0,-100.104,100.104,210,0,0,0,10,3,-18.6838,59.5,1.5
4450044852,100.01,0,0,-100.01,100.01,211,0,0,0,10,17,28.5,55.3788,1.5
4450044853,96.8866,0,0,-96.8866,96.8866,212,0,0,0,10,11,12.5,61.1652,1.5
4450044875,95.899,0,0,-95.899,95.899,234,0,0,0,10,10,-1,69.2136,1.5
4450044878,100.88,0,0,-100.88,100.88,237,0,0,0,10,8,-22.5,66.2687,1.5
4450044884,103.82,0,0,-103.82,103.82,243,0,0,0,10,18,31.0286,65.0286,1.5
4450044885,103.436,0,0,-103.436,103.436,244,0,0,0,10,15,23.4544,68.4544,1.5
4450044886,101.057,0,0,-101.057,101.057,245,0,0,0,10,12,-15.5,70.949,1.5
4450044888,100.58,0,0,-100.58,100.58,247,0,0,0,10,14,-25.6557,68.6557,1.5
4466982380,103.436,0,0,-103.436,103.436,244,15,23.4544,68.4544,1.5,0,0,0,10
4469857381,101.057,0,0,-101.057,101.057,245,12,-15.5,70.949,1.5,0,0,0,10
4469982347,100.01,0,0,-100.01,100.01,211,17,28.5,55.3788,1.5,0,0,0,10
4470607370,95.899,0,0,-95.899,95.899,234,10,-1,69.2136,1.5,0,0,0,10
4470982250,84.3514,0,0,-84.3514,84.3514,114,16,4.80636,32.5,1.5,0,0,0,10
4471607346,100.104,0,0,-100.104,100.104,210,3,-18.6838,59.5,1.5,0,0,0,10
4472357233,84.219,0,0,-84.219,84.219,97,9,0.964571,27.4646,1.5,0,0,0,10
4472482228,83.4596,0,0,-83.4596,83.4596,92,19,13.5839,22.4161,1.5,0,0,0,10
4472973318,87.8049,0,0,-87.8049,87.8049,110,4,-16.1219,28.1219,1.5,0,0,0,10
4473482373,100.88,0,0,-100.88,100.88,237,8,-22.5,66.2687,1.5,0,0,0,10
4473732379,103.82,0,0,-103.82,103.82,243,18,31.0286,65.0286,1.5,0,0,0,10
4473973386,95.5048,0,0,-95.5048,95.5048,178,2,-8.61992,52,1.5,0,0,0,10
4476857294,95.2392,0,0,-95.2392,95.2392,158,20,9.7756,45.2756,1.5,0,0,0,10
4478482383,100.58,0,0,-100.58,100.58,247,14,-25.6557,68.6557,1.5,0,0,0,10
4478857232,83.3113,0,0,-83.3113,83.3113,96,7,12.6793,24.5,1.5,0,0,0,10
4479607304,95.7071,0,0,-95.7071,95.7071,168,5,-22,44.1679,1.5,0,0,0,10
4479982240,84.5551,0,0,-84.5551,84.5551,104,1,-12,27.0705,1.5,0,0,0,10
4479982348,96.8866,0,0,-96.8866,96.8866,212,11,12.5,61.1652,1.5,0,0,0,10
4481107198,81.3628,0,0,-81.3628,81.3628,62,6,1.5,16.0339,1.5,0,0,0,10
4484232286,95.6859,0,0,-95.6859,95.6859,150,13,15.9071,40.9071,1.5,0,0,0,10
4500000110,87.8049,0,0,-87.8049,87.8049,110,0,0,0,10,4,-16.228,28.228,1.5
4500000178,95.5048,0,0,-95.5048,95.5048,178,0,0,0,10,2,-8.76992,52,1.5
4500009025,83.3113,0,0,-83.3113,83.3113,96,0,0,0,10,7,12.8293,24.5,1.5
4500044703,81.3628,0,0,-81.3628,81.3628,62,0,0,0,10,6,1.5,15.8839,1.5
4500044733,83.4596,0,0,-83.4596,83.4596,92,0,0,0,10,19,13.69,22.31,1.5
4500044738,84.219,0,0,-84.219,84.219,97,0,0,0,10,9,0.858505,27.3585,1.5
4500044745,84.5551,0,0,-84.5551,84.5551,104,0,0,0,10,1,-12,26.9205,1.5
4500044755,84.3514,0,0,-84.3514,84.3514,114,0,0,0,10,16,4.65636,32.5,1.5
4500044791,95.6859,0,0,-95.6859,95.6859,150,0,0,0,10,13,15.801,40.801,1.5
4500044799,95.2392,0,0,-95.2392,95.2392,158,0,0,0,10,20,9.66953,45.1695,1.5
4500044809,95.7071,0,0,-95.7071,95.7071,168,0,0,0,10,5,-22,44.0179,1.5
4500044851,100.104,0,0,-100.104,100.104,210,0,0,0,10,3,-18.5338,59.5,1.5
4500044852,100.01,0,0,-100.01,100.01,211,0,0,0,10,17,28.5,55.2288,1.5
4500044853,96.8866,0,0,-96.8866,96.8866,212,0,0,0,10,11,12.5,61.0152,1.5
4500044875,95.899,0,0,-95.899,95.899,234,0,0,0,10,10,-1,69.0636,1.5
4500044878,100.88,0,0,-100.88,100.88,237,0,0,0,10,8,-22.5,66.1187,1.5
4500044884,103.82,0,0,-103.82,103.82,243,0,0,0,10,18,30.9226,64.9226,1.5
4500044885,103.436,0,0,-103.436,103.436,244,0,0,0,10,15,23.3483,68.3483,1.5
4500044886,101.057,0,0,-101.057,101.057,245,0,0,0,10,12,-15.5,70.799,1.5
4500044888,100.58,0,0,-100.58,100.58,247,0,0,0,10,14,-25.5496,68.5496,1.5
4520607370,95.899,0,0,-95.899,95.899,234,10,-1,69.0636,1.5,0,0,0,10
4522973318,87.8049,0,0,-87.8049,87.8049,110,4,-16.228,28.228,1.5,0,0,0,10
4523973386,95.5048,0,0,-95.5048,95.5048,178,2,-8.76992,52,1.5,0,0,0,10
4526598452,103.436,0,0,-103.436,103.436,244,15,23.3483,68.3483,1.5,0,0,0,10
4527723418,100.104,0,0,-100.104,100.104,210,3,-18.5338,59.5,1.5,0,0,0,10
4527848305,84.219,0,0,-84.219,84.219,97,9,0.858505,27.3585,1.5,0,0,0,10
4528723453,101.057,0,0,-101.057,101.057,245,12,-15.5,70.799,1.5,0,0,0,10
4529348419,100.01,0,0,-100.01,100.01,211,17,28.5,55.2288,1.5,0,0,0,10
4530598322,84.3514,0,0,-84.3514,84.3514,114,16,4.65636,32.5,1.5,0,0,0,10
4530973304,83.3113,0,0,-83.3113,83.3113,96,7,12.8293,24.5,1.5,0,0,0,10
4531223312,84.5551,0,0,-84.5551,84.5551,104,1,-12,26.9205,1.5,0,0,0,10
4531348376,95.7071,0,0,-95.7071,95.7071,168,5,-22,44.0179,1.5,0,0,0,10
4531848445,100.88,0,0,-100.88,100.88,237,8,-22.5,66.1187,1.5,0,0,0,10
4532098300,83.4596,0,0,-83.4596,83.4596,92,19,13.69,22.31,1.5,0,0,0,10
4533348451,103.82,0,0,-103.82,103.82,243,18,30.9226,64.9226,1.5,0,0,0,10
4534598420,96.8866,0,0,-96.8866,96.8866,212,11,12.5,61.0152,1.5,0,0,0,10
4535223270,81.3628,0,0,-81.3628,81.3628,62,6,1.5,15.8839,1.5,0,0,0,10
4536223366,95.2392,0,0,-95.2392,95.2392,158,20,9.66953,45.1695,1.5,0,0,0,10
4536348455,100.58,0,0,-100.58,100.58,247,14,-25.5496,68.5496,1.5,0,0,0,10
4541598358,95.6859,0,0,-95.6859,95.6859,150,13,15.801,40.801,1.5,0,0,0,10
4550000110,87.8049,0,0,-87.8049,87.8049,110,0,0,0,10,4,-16.228,28.228,1.5
4550000178,95.5048,0,0,-95.5048,95.5048,178,0,0,0,10,2,-8.76992,52,1.5
4550009025,83.3113,0,0,-83.3113,83.3113,96,0,0,0,10,7,12.8293,24.5,1.5
4550125062,81.3628,0,0,-81.3628,81.3628,62,0,0,0,10,6,1.5,15.8839,1.5
4550125092,83.4596,0,0,-83.4596,83.4596,92,0,0,0,10,19,13.69,22.31,1.5
4550125097,84.219,0,0,-84.219,84.219,97,0,0,0,10,9,0.858505,27.3585,1.5
4550125104,84.5551,0,0,-84.5551,84.5551,104,0,0,0,10,1,-12,26.9205,1.5
4550125114,84.3514,0,0,-84.3514,84.3514,114,0,0,0,10,16,4.65636,32.5,1.5
4550125150,95.6859,0,0,-95.6859,95.6859,150,0,0,0,10,13,15.801,40.801,1.5
4550125158,95.2392,0,0,-95.2392,95.2392,158,0,0,0,10,20,9.66953,45.1695,1.5
4550125168,95.7071,0,0,-95.7071,95.7071,168,0,0,0,10,5,-22,44.0179,1.5
4550125210,100.104,0,0,-100.104,100.104,210,0,0,0,10,3,-18.5338,59.5,1.5
4550125211,100.01,0,0,-100.01,100.01,211,0,0,0,10,17,28.5,55.2288,1.5
4550125212,96.8866,0,0,-96.8866,96.8866,212,0,0,0,10,11,12.5,61.0152,1.5
4550125234,95.899,0,0,-95.899,95.899,234,0,0,0,10,10,-1,69.0636,1.5
4550125237,100.88,0,0,-100.88,100.88,237,0,0,0,10,8,-22.5,66.1187,1.5
4550125243,103.82,0,0,-103.82,103.82,243,0,0,0,10,18,30.9226,64.9226,1.5
4550125244,103.436,0,0,-103.436,103.436,244,0,0,0,10,15,23.3483,68.3483,1.5
4550125245,101.057,0,0,-101.057,101.057,245,0,0,0,10,12,-15.5,70.799,1.5
4550125247,100.58,0,0,-100.58,100.58,247,0,0,0,10,14,-25.5496,68.5496,1.5
4570607370,95.899,0,0,-95.899,95.899,234,10,-1,69.0636,1.5,0,0,0,10
4572973318,87.8049,0,0,-87.8049,87.8049,110,4,-16.228,28.228,1.5,0,0,0,10
4573973386,95.5048,0,0,-95.5048,95.5048,178,2,-8.76992,52,1.5,0,0,0,10
4576598452,103.436,0,0,-103.436,103.436,244,15,23.3483,68.3483,1.5,0,0,0,10
4577723418,100.104,0,0,-100.104,100.104,210,3,-18.5338,59.5,1.5,0,0,0,10
4577848305,84.219,0,0,-84.219,84.219,97,9,0.858505,27.3585,1.5,0,0,0,10
4578723453,101.057,0,0,-101.057,101.057,245,12,-15.5,70.799,1.5,0,0,0,10
4579348419,100.01,0,0,-100.01,100.01,211,17,28.5,55.2288,1.5,0,0,0,10
4580598322,84.3514,0,0,-84.3514,84.3514,114,16,4.65636,32.5,1.5,0,0,0,10
4580973304,83.3113,0,0,-83.3113,83.3113,96,7,12.8293,24.5,1.5,0,0,0,10
4581223312,84.5551,0,0,-84.5551,84.5551,104,1,-12,26.9205,1.5,0,0,0,10
4581348376,95.7071,0,0,-95.7071,95.7071,168,5,-22,44.0179,1.5,0,0,0,10
4581848445,100.88,0,0,-100.88,100.88,237,8,-22.5,66.1187,1.5,0,0,0,10
4582098300,83.4596,0,0,-83.4596,83.4596,92,19,13.69,22.31,1.5,0,0,0,10
4583348451,103.82,0,0,-103.82,103.82,243,18,30.9226,64.9226,1.5,0,0,0,10
4584598420,96.8866,0,0,-96.8866,96.8866,212,11,12.5,61.0152,1.5,0,0,0,10
4585223270,81.3628,0,0,-81.3628,81.3628,62,6,1.5,15.8839,1.5,0,0,0,10
4586223366,95.2392,0,0,-95.2392,95.2392,158,20,9.66953,45.1695,1.5,0,0,0,10
4586348455,100.58,0,0,-100.58,100.58,247,14,-25.5496,68.5496,1.5,0,0,0,10
4591598358,95.6859,0,0,-95.6859,95.6859,150,13,15.801,40.801,1.5,0,0,0,10
4600000110,87.8049,0,0,-87.8049,87.8049,110,0,0,0,10,4,-16.3341,28.3341,1.5
4600000178,95.5048,0,0,-95.5048,95.5048,178,0,0,0,10,2,-8.91992,52,1.5
4600009025,83.3113,0,0,-83.3113,83.3113,96,0,0,0,10,7,12.9793,24.5,1.5
4600125062,81.3628,0,0,-81.3628,81.3628,62,0,0,0,10,6,1.5,15.7339,1.5
4600125092,83.4596,0,0,-83.4596,83.4596,92,0,0,0,10,19,13.7961,22.2039,1.5
4600125097,84.219,0,0,-84.219,84.219,97,0,0,0,10,9,0.752439,27.2524,1.5
4600125104,84.5551,0,0,-84.5551,84.5551,104,0,0,0,10,1,-12,26.7705,1.5
4600125114,84.3514,0,0,-84.3514,84.3514,114,0,0,0,10,16,4.50636,32.5,1.5
4600125150,95.6859,0,0,-95.6859,95.6859,150,0,0,0,10,13,15.695,40.695,1.5
4600125158,95.2392,0,0,-95.2392,95.2392,158,0,0,0,10,20,9.56347,45.0635,1.5
4600125168,95.7071,0,0,-95.7071,95.7071,168,0,0,0,10,5,-22,43.8679,1.5
4600125210,100.104,0,0,-100.104,100.104,210,0,0,0,10,3,-18.3838,59.5,1.5
4600125211,100.01,0,0,-100.01,100.01,211,0,0,0,10,17,28.5,55.0788,1.5
4600125212,96.8866,0,0,-96.8866,96.8866,212,0,0,0,10,11,12.5,60.8652,1.5
4600125234,95.899,0,0,-95.899,95.899,234,0,0,0,10,10,-1,68.9136,1.5
4600125237,100.88,0,0,-100.88,100.88,237,0,0,0,10,8,-22.5,65.9687,1.5
4600125243,103.82,0,0,-103.82,103.82,243,0,0,0,10,18,30.8165,64.8165,1.5
4600125244,103.436,0,0,-103.436,103.436,244,0,0,0,10,15,23.2423,68.2423,1.5
4600125245,101.057,0,0,-101.057,101.057,245,0,0,0,10,12,-15.5,70.649,1.5
4600125247,100.58,0,0,-100.58,100.58,247,0,0,0,10,14,-25.4435,68.4435,1.5
4620607370,95.899,0,0,-95.899,95.899,234,10,-1,68.9136,1.5,0,0,0,10
4622973318,87.8049,0,0,-87.8049,87.8049,110,4,-16.3341,28.3341,1.5,0,0,0,10
4623973386,95.5048,0,0,-95.5048,95.5048,178,2,-8.91992,52,1.5,0,0,0,10
4626598452,103.436,0,0,-103.436,103.436,244,15,23.2423,68.2423,1.5,0,0,0,10
4627723418,100.104,0,0,-100.104,100.104,210,3,-18.3838,59.5,1.5,0,0,0,10
4627848305,84.219,0,0,-84.219,84.219,97,9,0.752439,27.2524,1.5,0,0,0,10
4628723453,101.057,0,0,-101.057,101.057,245,12,-15.5,70.649,1.5,0,0,0,10
4629348419,100.01,0,0,-100.01,100.01,211,17,28.5,55.0788,1.5,0,0,0,10
4630598322,84.3514,0,0,-84.3514,84.3514,114,16,4.50636,32.5,1.5,0,0,0,10
4630973304,83.3113,0,0,-83.3113,83.3113,96,7,12.9793,24.5,1.5,0,0,0,10
4631223312,84.5551,0,0,-84.5551,84.5551,104,1,-12,26.7705,1.5,0,0,0,10
4631348376,95.7071,0,0,-95.7071,95.7071,168,5,-22,43.8679,1.5,0,0,0,10
4631848445,100.88,0,0,-100.88,100.88,237,8,-22.5,65.9687,1.5,0,0,0,10
4632098300,83.4596,0,0,-83.4596,83.4596,92,19,13.7961,22.2039,1.5,0,0,0,10
4633348451,103.82,0,0,-103.82,103.82,243,18,30.8165,64.8165,1.5,0,0,0,10
4634598420,96.8866,0,0,-96.8866,96.8866,212,11,12.5,60.8652,1.5,0,0,0,10
4635223270,81.3628,0,0,-81.3628,81.3628,62,6,1.5,15.7339,1.5,0,0,0,10
4636223366,95.2392,0,0,-95.2392,95.2392,158,20,9.56347,45.0635,1.5,0,0,0,10
4636348455,100.58,0,0,-100.58,100.58,247,14,-25.4435,68.4435,1.5,0,0,0,10
4641598358,95.6859,0,0,-95.6859,95.6859,150,13,15.695,40.695,1.5,0,0,0,10
4650000110,87.8049,0,0,-87.8049,87.8049,110,0,0,0,10,4,-16.3341,28.3341,1.5
4650000178,95.5048,0,0,-95.5048,95.5048,178,0,0,0,10,2,-8.91992,52,1.5
4650009025,83.3113,0,0,-83.3113,83.3113,96,0,0,0,10,7,12.9793,24.5,1.5
4650125062,81.3628,0,0,-81.3628,81.3628,62,0,0,0,10,6,1.5,15.7339,1.5
4650125092,83.4596,0,0,-83.4596,83.4596,92,0,0,0,10,19,13.7961,22.2039,1.5
4650125097,84.219,0,0,-84.219,84.219,97,0,0,0,10,9,0.752439,27.2524,1.5
4650125104,84.5551,0,0,-84.5551,84.5551,104,0,0,0,10,1,-12,26.7705,1.5
4650125114,84.3514,0,0,-84.3514,84.3514,114,0,0,0,10,16,4.50636,32.5,1.5
4650125150,95.6859,0,0,-95.6859,95.6859,150,0,0,0,10,13,15.695,40.695,1.5
4650125158,95.2392,0,0,-95.2392,95.2392,158,0,0,0,10,20,9.56347,45.0635,1.5
4650125168,95.7071,0,0,-95.7071,95.7071,168,0,0,0,10,5,-22,43.8679,1.5
4650125210,100.104,0,0,-100.104,100.104,210,0,0,0,10,3,-18.3838,59.5,1.5
4650125211,100.01,0,0,-100.01,100.01,211,0,0,0,10,17,28.5,55.0788,1.5
4650125212,96.8866,0,0,-96.8866,96.8866,212,0,0,0,10,11,12.5,60.8652,1.5
4650125234,95.899,0,0,-95.899,95.899,234,0,0,0,10,10,-1,68.9136,1.5
4650125237,100.88,0,0,-100.88,100.88,237,0,0,0,10,8,-22.5,65.9687,1.5
4650125243,103.82,0,0,-103.82,103.82,243,0,0,0,10,18,30.8165,64.8165,1.5
4650125244,103.436,0,0,-103.436,103.436,244,0,0,0,10,15,23.2423,68.2423,1.5
4650125245,101.057,0,0,-101.057,101.057,245,0,0,0,10,12,-15.5,70.649,1.5
4650125247,100.58,0,0,-100.58,100.58,247,0,0,0,10,14,-25.4435,68.4435,1.5
4670607370,95.899,0,0,-95.899,95.899,234,10,-1,68.9136,1.5,0,0,0,10
4672973318,87.8049,0,0,-87.8049,87.8049,110,4,-16.3341,28.3341,1.5,0,0,0,10
4673973386,95.5048,0,0,-95.5048,95.5048,178,2,-8.91992,52,1.5,0,0,0,10
4676598452,103.436,0,0,-103.436,103.436,244,15,23.2423,68.2423,1.5,0,0,0,10
4677723418,100.104,0,0,-100.104,100.104,210,3,-18.3838,59.5,1.5,0,0,0,10
4677848305,84.219,0,0,-84.219,84.219,97,9,0.752439,27.2524,1.5,0,0,0,10
4678723453,101.057,0,0,-101.057,101.057,245,12,-15.5,70.649,1.5,0,0,0,10
4679348419,100.01,0,0,-100.01,100.01,211,17,28.5,55.0788,1.5,0,0,0,10
4680598322,84.3514,0,0,-84.3514,84.3514,114,16,4.50636,32.5,1.5,0,0,0,10
4680973304,83.3113,0,0,-83.3113,83.3113,96,7,12.9793,24.5,1.5,0,0,0,10
4681223312,84.5551,0,0,-84.5551,84.5551,104,1,-12,26.7705,1.5,0,0,0,10
4681348376,95.7071,0,0,-95.7071,95.7071,168,5,-22,43.8679,1.5,0,0,0,10
4681848445,100.88,0,0,-100.88,100.88,237,8,-22.5,65.9687,1.5,0,0,0,10
4682098300,83.4596,0,0,-83.4596,83.4596,92,19,13.7961,22.2039,1.5,0,0,0,10
4683348451,103.82,0,0,-103.82,103.82,243,18,30.8165,64.8165,1.5,0,0,0,10
4684598420,96.8866,0,0,-96.8866,96.8866,212,11,12.5,60.8652,1.5,0,0,0,10
4685223270,81.3628,0,0,-81.3628,81.3628,62,6,1.5,15.7339,1.5,0,0,0,10
4686223366,95.2392,0,0,-95.2392,95.2392,158,20,9.56347,45.0635,1.5,0,0,0,10
4686348455,100.58,0,0,-100.58,100.58,247,14,-25.4435,68.4435,1.5,0,0,0,10
4691598358,95.6859,0,0,-95.6859,95.6859,150,13,15.695,40.695,1.5,0,0,0,10
4700000110,87.8049,0,0,-87.8049,87.8049,110,0,0,0,10,4,-16.4401,28.4401,1.5
4700000178,95.5048,0,0,-95.5048,95.5048,178,0,0,0,10,2,-9.06992,52,1.5
4700009025,83.3113,0,0,-83.3113,83.3113,96,0,0,0,10,7,13.1293,24.5,1.5
4700125062,81.3628,0,0,-81.3628,81.3628,62,0,0,0,10,6,1.5,15.5839,1.5
4700125092,83.4596,0,0,-83.4596,83.4596,92,0,0,0,10,19,13.9021,22.0979,1.5
4700125097,84.219,0,0,-84.219,84.219,97,0,0,0,10,9,0.646373,27.1464,1.5
4700125104,84.5551,0,0,-84.5551,84.5551,104,0,0,0,10,1,-12,26.6205,1.5
4700125114,84.3514,0,0,-84.3514,84.3514,114,0,0,0,10,16,4.35636,32.5,1.5
4700125150,95.6859,0,0,-95.6859,95.6859,150,0,0,0,10,13,15.5889,40.5889,1.5
4700125158,95.2392,0,0,-95.2392,95.2392,158,0,0,0,10,20,9.4574,44.9574,1.5
4700125168,95.7071,0,0,-95.7071,95.7071,168,0,0,0,10,5,-22,43.7179,1.5
4700125210,100.104,0,0,-100.104,100.104,210,0,0,0,10,3,-18.2338,59.5,1.5
4700125211,100.01,0,0,-100.01,100.01,211,0,0,0,10,17,28.5,54.9288,1.5
4700125212,96.8866,0,0,-96.8866,96.8866,212,0,0,0,10,11,12.5,60.7152,1.5
4700125234,95.899,0,0,-95.899,95.899,234,0,0,0,10,10,-1,68.7636,1.5
4700125237,100.88,0,0,-100.88,100.88,237,0,0,0,10,8,-22.5,65.8187,1.5
4700125243,103.82,0,0,-103.82,103.82,243,0,0,0,10,18,30.7104,64.7104,1.5
4700125244,103.436,0,0,-103.436,103.436,244,0,0,0,10,15,23.1362,68.1362,1.5
4700125245,101.057,0,0,-101.057,101.057,245,0,0,0,10,12,-15.5,70.499,1.5
4700125247,100.58,0,0,-100.58,100.58,247,0,0,0,10,14,-25.3375,68.3375,1.5
4720607370,95.899,0,0,-95.899,95.899,234,10,-1,68.7636,1.5,0,0,0,10
4722973318,87.8049,0,0,-87.8049,87.8049,110,4,-16.4401,28.4401,1.5,0,0,0,10
4723973386,95.5048,0,0,-95.5048,95.5048,178,2,-9.06992,52,1.5,0,0,0,10
4726598452,103.436,0,0,-103.436,103.436,244,15,23.1362,68.1362,1.5,0,0,0,10
4727723418,100.104,0,0,-100.104,100.104,210,3,-18.2338,59.5,1.5,0,0,0,10
4727848305,84.219,0,0,-84.219,84.219,97,9,0.646373,27.1464,1.5,0,0,0,10
4728723453,101.057,0,0,-101.057,101.057,245,12,-15.5,70.499,1.5,0,0,0,10
4729348419,100.01,0,0,-100.01,100.01,211,17,28.5,54.9288,1.5,0,0,0,10
4730598322,84.3514,0,0,-84.3514,84.3514,114,16,4.35636,32.5,1.5,0,0,0,10
4730973304,83.3113,0,0,-83.3113,83.3113,96,7,13.1293,24.5,1.5,0,0,0,10
4731223312,84.5551,0,0,-84.5551,84.5551,104,1,-12,26.6205,1.5,0,0,0,10
4731348376,95.7071,0,0,-95.7071,95.7071,168,5,-22,43.7179,1.5,0,0,0,10
4731848445,100.88,0,0,-100.88,100.88,237,8,-22.5,65.8187,1.5,0,0,0,10
4732098300,83.4596,0,0,-83.4596,83.4596,92,19,13.9021,22.0979,1.5,0,0,0,10
4733348451,103.82,0,0,-103.82,103.82,243,18,30.7104,64.7104,1.5,0,0,0,10
4734598420,96.8866,0,0,-96.8866,96.8866,212,11,12.5,60.7152,1.5,0,0,0,10
4735223270,81.3628,0,0,-81.3628,81.3628,62,6,1.5,15.5839,1.5,0,0,0,10
4736223366,95.2392,0,0,-95.2392,95.2392,158,20,9.4574,44.9574,1.5,0,0,0,10
4736348455,100.58,0,0,-100.58,100.58,247,14,-25.3375,68.3375,1.5,0,0,0,10
4741598358,95.6859,0,0,-95.6859,95.6859,150,13,15.5889,40.5889,1.5,0,0,0,10
4750000110,87.8049,0,0,-87.8049,87.8049,110,0,0,0,10,4,-16.4401,28.4401,1.5
4750000178,95.5048,0,0,-95.5048,95.5048,178,0,0,0,10,2,-9.06992,52,1.5
4750009025,83.3113,0,0,-83.3113,83.3113,96,0,0,0,10,7,13.1293,24.5,1.5
4750125062,81.3628,0,0,-81.3628,81.3628,62,0,0,0,10,6,1.5,15.5839,1.5
4750125092,83.4596,0,0,-83.4596,83.4596,92,0,0,0,10,19,13.9021,22.0979,1.5
4750125097,84.219,0,0,-84.219,84.219,97,0,0,0,10,9,0.646373,27.1464,1.5
4750125104,84.5551,0,0,-84.5551,84.5551,104,0,0,0,10,1,-12,26.6205,1.5
4750125114,84.3514,0,0,-84.3514,84.3514,114,0,0,0,10,16,4.35636,32.5,1.5
4750125150,95.6859,0,0,-95.6859,95.6859,150,0,0,0,10,13,15.5889,40.5889,1.5
4750125158,95.2392,0,0,-95.2392,95.2392,158,0,0,0,10,20,9.4574,44.9574,1.5
4750125168,95.7071,0,0,-95.7071,95.7071,168,0,0,0,10,5,-22,43.7179,1.5
4750125210,100.104,0,0,-100.104,100.104,210,0,0,0,10,3,-18.2338,59.5,1.5
4750125211,100.01,0,0,-100.01,100.01,211,0,0,0,10,17,28.5,54.9288,1.5
4750125212,96.8866,0,0,-96.8866,96.8866,212,0,0,0,10,11,12.5,60.7152,1.5
4750125234,95.899,0,0,-95.899,95.899,234,0,0,0,10,10,-1,68.7636,1.5
4750125237,100.88,0,0,-100.88,100.88,237,0,0,0,10,8,-22.5,65.8187,1.5
4750125243,103.82,0,0,-103.82,103.82,243,0,0,0,10,18,30.7104,64.7104,1.5
4750125244,103.436,0,0,-103.436,103.436,244,0,0,0,10,15,23.1362,68.1362,1.5
4750125245,101.057,0,0,-101.057,101.057,245,0,0,0,10,12,-15.5,70.499,1.5
4750125247,100.58,0,0,-100.58,100.58,247,0,0,0,10,14,-25.3375,68.3375,1.5
4770607370,95.899,0,0,-95.899,95.899,234,10,-1,68.7636,1.5,0,0,0,10
4772973318,87.8049,0,0,-87.8049,87.8049,110,4,-16.4401,28.4401,1.5,0,0,0,10
4773973386,95.5048,0,0,-95.5048,95.5048,178,2,-9.06992,52,1.5,0,0,0,10
4776598452,103.436,0,0,-103.436,103.436,244,15,23.1362,68.1362,1.5,0,0,0,10
4777723418,100.104,0,0,-100.104,100.104,210,3,-18.2338,59.5,1.5,0,0,0,10
4777848305,84.219,0,0,-84.219,84.219,97,9,0.646373,27.1464,1.5,0,0,0,10
4778723453,101.057,0,0,-101.057,101.057,245,12,-15.5,70.499,1.5,0,0,0,10
4779348419,100.01,0,0,-100.01,100.01,211,17,28.5,54.9288,1.5,0,0,0,10
4780598322,84.3514,0,0,-84.3514,84.3514,114,16,4.35636,32.5,1.5,0,0,0,10
4780973304,83.3113,0,0,-83.3113,83.3113,96,7,13.1293,24.5,1.5,0,0,0,10
4781223312,84.5551,0,0,-84.5551,84.5551,104,1,-12,26.6205,1.5,0,0,0,10
4781348376,95.7071,0,0,-95.7071,95.7071,168,5,-22,43.7179,1.5,0,0,0,10
4781848445,100.88,0,0,-100.88,100.88,237,8,-22.5,65.8187,1.5,0,0,0,10
4782098300,83.4596,0,0,-83.4596,83.4596,92,19,13.9021,22.0979,1.5,0,0,0,10
4783348451,103.82,0,0,-103.82,103.82,243,18,30.7104,64.7104,1.5,0,0,0,10
4784598420,96.8866,0,0,-96.8866,96.8866,212,11,12.5,60.7152,1.5,0,0,0,10
4785223270,81.3628,0,0,-81.3628,81.3628,62,6,1.5,15.5839,1.5,0,0,0,10
4786223366,95.2392,0,0,-95.2392,95.2392,158,20,9.4574,44.9574,1.5,0,0,0,10
4786348455,100.58,0,0,-100.58,100.58,247,14,-25.3375,68.3375,1.5,0,0,0,10
4791598358,95.6859,0,0,-95.6859,95.6859,150,13,15.5889,40.5889,1.5,0,0,0,10
4800000110,87.8049,0,0,-87.8049,87.8049,110,0,0,0,10,4,-16.5462,28.5462,1.5
4800000178,95.5048,0,0,-95.5048,95.5048,178,0,0,0,10,2,-9.21992,52,1.5
4800009025,83.3113,0,0,-83.3113,83.3113,96,0,0,0,10,7,13.2793,24.5,1.5
4800125062,81.3628,0,0,-81.3628,81.3628,62,0,0,0,10,6,1.5,15.4339,1.5
4800125092,83.4596,0,0,-83.4596,83.4596,92,0,0,0,10,19,14.0082,21.9918,1.5
4800125097,84.219,0,0,-84.219,84.219,97,0,0,0,10,9,0.540307,27.0403,1.5
4800125104,84.5551,0,0,-84.5551,84.5551,104,0,0,0,10,1,-12,26.4705,1.5
4800125114,84.3514,0,0,-84.3514,84.3514,114,0,0,0,10,16,4.20636,32.5,1.5
4800125150,95.6859,0,0,-95.6859,95.6859,150,0,0,0,10,13,15.4828,40.4828,1.5
4800125158,95.2392,0,0,-95.2392,95.2392,158,0,0,0,10,20,9.35133,44.8513,1.5
4800125168,95.7071,0,0,-95.7071,95.7071,168,0,0,0,10,5,-22,43.5679,1.5
4800125210,100.104,0,0,-100.104,100.104,210,0,0,0,10,3,-18.0838,59.5,1.5
4800125211,100.01,0,0,-100.01,100.01,211,0,0,0,10,17,28.5,54.7788,1.5
4800125212,96.8866,0,0,-96.8866,96.8866,212,0,0,0,10,11,12.5,60.5652,1.5
4800125234,95.899,0,0,-95.899,95.899,234,0,0,0,10,10,-1,68.6136,1.5
4800125237,100.88,0,0,-100.88,100.88,237,0,0,0,10,8,-22.5,65.6687,1.5
4800125243,103.82,0,0,-103.82,103.82,243,0,0,0,10,18,30.6044,64.6044,1.5
4800125244,103.436,0,0,-103.436,103.436,244,0,0,0,10,15,23.0301,68.0301,1.5
4800125245,101.057,0,0,-101.057,101.057,245,0,0,0,10,12,-15.5,70.349,1.5
4800125247,100.58,0,0,-100.58,100.58,247,0,0,0,10,14,-25.2314,68.2314,1.5
4820607370,95.899,0,0,-95.899,95.899,234,10,-1,68.6136,1.5,0,0,0,10
4822973318,87.8049,0,0,-87.8049,87.8049,110,4,-16.5462,28.5462,1.5,0,0,0,10
4823973386,95.5048,0,0,-95.5048,95.5048,178,2,-9.21992,52,1.5,0,0,0,10
4826598452,103.436,0,0,-103.436,103.436,244,15,23.0301,68.0301,1.5,0,0,0,10
4827723418,100.104,0,0,-100.104,100.104,210,3,-18.0838,59.5,1.5,0,0,0,10
4827848305,84.219,0,0,-84.219,84.219,97,9,0.540307,27.0403,1.5,0,0,0,10
4828723453,101.057,0,0,-101.057,101.057,245,12,-15.5,70.349,1.5,0,0,0,10
4829348419,100.01,0,0,-100.01,100.01,211,17,28.5,54.7788,1.5,0,0,0,10
4830598322,84.3514,0,0,-84.3514,84.3514,114,16,4.20636,32.5,1.5,0,0,0,10
4830973304,83.3113,0,0,-83.3113,83.3113,96,7,13.2793,24.5,1.5,0,0,0,10
4831223312,84.5551,0,0,-84.5551,84.5551,104,1,-12,26.4705,1.5,0,0,0,10
4831348376,95.7071,0,0,-95.7071,95.7071,168,5,-22,43.5679,1.5,0,0,0,10
4831848445,100.88,0,0,-100.88,100.88,237,8,-22.5,65.6687,1.5,0,0,0,10
4832098300,83.4596,0,0,-83.4596,83.4596,92,19,14.0082,21.9918,1.5,0,0,0,10
4833348451,103.82,0,0,-103.82,103.82,243,18,30.6044,64.6044,1.5,0,0,0,10
4834598420,96.8866,0,0,-96.8866,96.8866,212,11,12.5,60.5652,1.5,0,0,0,10
4835223270,81.3628,0,0,-81.3628,81.3628,62,6,1.5,15.4339,1.5,0,0,0,10
4836223366,95.2392,0,0,-95.2392,95.2392,158,20,9.35133,44.8513,1.5,0,0,0,10
4836348455,100.58,0,0,-100.58,100.58,247,14,-25.2314,68.2314,1.5,0,0,0,10
4841598358,95.6859,0,0,-95.6859,95.6859,150,13,15.4828,40.4828,1.5,0,0,0,10
4850000110,87.8049,0,0,-87.8049,87.8049,110,0,0,0,10,4,-16.5462,28.5462,1.5
4850000178,95.5048,0,0,-95.5048,95.5048,178,0,0,0,10,2,-9.21992,52,1.5
4850009025,83.3113,0,0,-83.3113,83.3113,96,0,0,0,10,7,13.2793,24.5,1.5
4850125062,81.3628,0,0,-81.3628,81.3628,62,0,0,0,10,6,1.5,15.4339,1.5
4850125092,83.4596,0,0,-83.4596,83.4596,92,0,0,0,10,19,14.0082,21.9918,1.5
4850125097,84.219,0,0,-84.219,84.219,97,0,0,0,10,9,0.540307,27.0403,1.5
4850125104,84.5551,0,0,-84.5551,84.5551,104,0,0,0,10,1,-12,26.4705,1.5
4850125114,84.3514,0,0,-84.3514,84.3514,114,0,0,0,10,16,4.20636,32.5,1.5
4850125150,95.6859,0,0,-95.6859,95.6859,150,0,0,0,10,13,15.4828,40.4828,1.5
4850125158,95.2392,0,0,-95.2392,95.2392,158,0,0,0,10,20,9.35133,44.8513,1.5
4850125168,95.7071,0,0,-95.7071,95.7071,168,0,0,0,10,5,-22,43.5679,1.5
4850125210,100.104,0,0,-100.104,100.104,210,0,0,0,10,3,-18.0838,59.5,1.5
4850125211,100.01,0,0,-100.01,100.01,211,0,0,0,10,17,28.5,54.7788,1.5
4850125212,96.8866,0,0,-96.8866,96.8866,212,0,0,0,10,11,12.5,60.5652,1.5
4850125234,95.899,0,0,-95.899,95.899,234,0,0,0,10,10,-1,68.6136,1.5
4850125237,100.88,0,0,-100.88,100.88,237,0,0,0,10,8,-22.5,65.6687,1.5
4850125243,103.82,0,0,-103.82,103.82,243,0,0,0,10,18,30.6044,64.6044,1.5
4850125244,103.436,0,0,-103.436,103.436,244,0,0,0,10,15,23.0301,68.0301,1.5
4850125245,101.057,0,0,-101.057,101.057,245,0,0,0,10,12,-15.5,70.349,1.5
4850125247,100.58,0,0,-100.58,100.58,247,0,0,0,10,14,-25.2314,68.2314,1.5
4870607370,95.899,0,0,-95.899,95.899,234,10,-1,68.6136,1.5,0,0,0,10
4872973318,87.8049,0,0,-87.8049,87.8049,110,4,-16.5462,28.5462,1.5,0,0,0,10
4873973386,95.5048,0,0,-95.5048,95.5048,178,2,-9.21992,52,1.5,0,0,0,10
4876598452,103.436,0,0,-103.436,103.436,244,15,23.0301,68.0301,1.5,0,0,0,10
4877723418,100.104,0,0,-100.104,100.104,210,3,-18.0838,59.5,1.5,0,0,0,10
4877848305,84.219,0,0,-84.219,84.219,97,9,0.540307,27.0403,1.5,0,0,0,10
4878723453,101.057,0,0,-101.057,101.057,245,12,-15.5,70.349,1.5,0,0,0,10
4879348419,100.01,0,0,-100.01,100.01,211,17,28.5,54.7788,1.5,0,0,0,10
4880598322,84.3514,0,0,-84.3514,84.3514,114,16,4.20636,32.5,1.5,0,0,0,10
4880973304,83.3113,0,0,-83.3113,83.3113,96,7,13.2793,24.5,1.5,0,0,0,10
4881223312,84.5551,0,0,-84.5551,84.5551,104,1,-12,26.4705,1.5,0,0,0,10
4881348376,95.7071,0,0,-95.7071,95.7071,168,5,-22,43.5679,1.5,0,0,0,10
4881848445,100.88,0,0,-100.88,100.88,237,8,-22.5,65.6687,1.5,0,0,0,10
4882098300,83.4596,0,0,-83.4596,83.4596,92,19,14.0082,21.9918,1.5,0,0,0,10
4883348451,103.82,0,0,-103.82,103.82,243,18,30.6044,64.6044,1.5,0,0,0,10
4884598420,96.8866,0,0,-96.8866,96.8866,212,11,12.5,60.5652,1.5,0,0,0,10
4885223270,81.3628,0,0,-81.3628,81.3628,62,6,1.5,15.4339,1.5,0,0,0,10
4886223366,95.2392,0,0,-95.2392,95.2392,158,20,9.35133,44.8513,1.5,0,0,0,10
4886348455,100.58,0,0,-100.58,100.58,247,14,-25.2314,68.2314,1.5,0,0,0,10
4891598358,95.6859,0,0,-95.6859,95.6859,150,13,15.4828,40.4828,1.5,0,0,0,10
4900000110,87.8049,0,0,-87.8049,87.8049,110,0,0,0,10,4,-16.6523,28.6523,1.5
4900000178,95.5048,0,0,-95.5048,95.5048,178,0,0,0,10,2,-9.36992,52,1.5
4900009025,83.3113,0,0,-83.3113,83.3113,96,0,0,0,10,7,13.4293,24.5,1.5
4900125062,81.3628,0,0,-81.3628,81.3628,62,0,0,0,10,6,1.5,15.2839,1.5
4900125092,83.4596,0,0,-83.4596,83.4596,92,0,0,0,10,19,14.1143,21.8857,1.5
4900125097,84.219,0,0,-84.219,84.219,97,0,0,0,10,9,0.434241,26.9342,1.5
4900125104,84.5551,0,0,-84.5551,84.5551,104,0,0,0,10,1,-12,26.3205,1.5
4900125114,84.3514,0,0,-84.3514,84.3514,114,0,0,0,10,16,4.05636,32.5,1.5
4900125150,95.6859,0,0,-95.6859,95.6859,150,0,0,0,10,13,15.3768,40.3768,1.5
4900125158,95.2392,0,0,-95.2392,95.2392,158,0,0,0,10,20,9.24527,44.7453,1.5
4900125168,95.7071,0,0,-95.7071,95.7071,168,0,0,0,10,5,-22,43.4179,1.5
4900125210,100.104,0,0,-100.104,100.104,210,0,0,0,10,3,-17.9338,59.5,1.5
4900125211,100.01,0,0,-100.01,100.01,211,0,0,0,10,17,28.5,54.6288,1.5
4900125212,96.8866,0,0,-96.8866,96.8866,212,0,0,0,10,11,12.5,60.4152,1.5
4900125234,95.899,0,0,-95.899,95.899,234,0,0,0,10,10,-1,68.4636,1.5
4900125237,100.88,0,0,-100.88,100.88,237,0,0,0,10,8,-22.5,65.5187,1.5
4900125243,103.82,0,0,-103.82,103.82,243,0,0,0,10,18,30.4983,64.4983,1.5
4900125244,103.436,0,0,-103.436,103.436,244,0,0,0,10,15,22.9241,67.9241,1.5
4900125245,101.057,0,0,-101.057,101.057,245,0,0,0,10,12,-15.5,70.199,1.5
4900125247,100.58,0,0,-100.58,100.58,247,0,0,0,10,14,-25.1253,68.1253,1.5
4920607370,95.899,0,0,-95.899,95.899,234,10,-1,68.4636,1.5,0,0,0,10
4922973318,87.8049,0,0,-87.8049,87.8049,110,4,-16.6523,28.6523,1.5,0,0,0,10
4923973386,95.5048,0,0,-95.5048,95.5048,178,2,-9.36992,52,1.5,0,0,0,10
4926598452,103.436,0,0,-103.436,103.436,244,15,22.9241,67.9241,1.5,0,0,0,10
4927723418,100.104,0,0,-100.104,100.104,210,3,-17.9338,59.5,1.5,0,0,0,10
4927848305,84.219,0,0,-84.219,84.219,97,9,0.434241,26.9342,1.5,0,0,0,10
4928723453,101.057,0,0,-101.057,101.057,245,12,-15.5,70.199,1.5,0,0,0,10
4929348419,100.01,0,0,-100.01,100.01,211,17,28.5,54.6288,1.5,0,0,0,10
4930598322,84.3514,0,0,-84.3514,84.3514,114,16,4.05636,32.5,1.5,0,0,0,10
4930973304,83.3113,0,0,-83.3113,83.3113,96,7,13.4293,24.5,1.5,0,0,0,10
4931223312,84.5551,0,0,-84.5551,84.5551,104,1,-12,26.3205,1.5,0,0,0,10
4931348376,95.7071,0,0,-95.7071,95.7071,168,5,-22,43.4179,1.5,0,0,0,10
4931848445,100.88,0,0,-100.88,100.88,237,8,-22.5,65.5187,1.5,0,0,0,10
4932098300,83.4596,0,0,-83.4596,83.4596,92,19,14.1143,21.8857,1.5,0,0,0,10
4933348451,103.82,0,0,-103.82,103.82,243,18,30.4983,64.4983,1.5,0,0,0,10
4934598420,96.8866,0,0,-96.8866,96.8866,212,11,12.5,60.4152,1.5,0,0,0,10
4935223270,81.3628,0,0,-81.3628,81.3628,62,6,1.5,15.2839,1.5,0,0,0,10
4936223366,95.2392,0,0,-95.2392,95.2392,158,20,9.24527,44.7453,1.5,0,0,0,10
4936348455,100.58,0,0,-100.58,100.58,247,14,-25.1253,68.1253,1.5,0,0,0,10
4941598358,95.6859,0,0,-95.6859,95.6859,150,13,15.3768,40.3768,1.5,0,0,0,10
4950000110,87.8049,0,0,-87.8049,87.8049,110,0,0,0,10,4,-16.6523,28.6523,1.5
4950000178,95.5048,0,0,-95.5048,95.5048,178,0,0,0,10,2,-9.36992,52,1.5
4950009025,83.3113,0,0,-83.3113,83.3113,96,0,0,0,10,7,13.4293,24.5,1.5
4950125062,81.3628,0,0,-81.3628,81.3628,62,0,0,0,10,6,1.5,15.2839,1.5
4950125092,83.4596,0,0,-83.4596,83.4596,92,0,0,0,10,19,14.1143,21.8857,1.5
4950125097,84.219,0,0,-84.219,84.219,97,0,0,0,10,9,0.434241,26.9342,1.5
4950125104,84.5551,0,0,-84.5551,84.5551,104,0,0,0,10,1,-12,26.3205,1.5
4950125114,84.3514,0,0,-84.3514,84.3514,114,0,0,0,10,16,4.05636,32.5,1.5
4950125150,95.6859,0,0,-95.6859,95.6859,150,0,0,0,10,13,15.3768,40.3768,1.5
4950125158,95.2392,0,0,-95.2392,95.2392,158,0,0,0,10,20,9.24527,44.7453,1.5
4950125168,95.7071,0,0,-95.7071,95.7071,168,0,0,0,10,5,-22,43.4179,1.5
4950125210,100.104,0,0,-100.104,100.104,210,0,0,0,10,3,-17.9338,59.5,1.5
4950125211,100.01,0,0,-100.01,100.01,211,0,0,0,10,17,28.5,54.6288,1.5
4950125212,96.8866,0,0,-96.8866,96.8866,212,0,0,0,10,11,12.5,60.4152,1.5
4950125234,95.899,0,0,-95.899,95.899,234,0,0,0,10,10,-1,68.4636,1.5
4950125237,100.88,0,0,-100.88,100.88,237,0,0,0,10,8,-22.5,65.5187,1.5
4950125243,103.82,0,0,-103.82,103.82,243,0,0,0,10,18,30.4983,64.4983,1.5
4950125244,103.436,0,0,-103.436,103.436,244,0,0,0,10,15,22.9241,67.9241,1.5
4950125245,101.057,0,0,-101.057,101.057,245,0,0,0,10,12,-15.5,70.199,1.5
4950125247,100.58,0,0,-100.58,100.58,247,0,0,0,10,14,-25.1253,68.1253,1.5
4970607370,95.899,0,0,-95.899,95.899,234,10,-1,68.4636,1.5,0,0,0,10
4972973318,87.8049,0,0,-87.8049,87.8049,110,4,-16.6523,28.6523,1.5,0,0,0,10
4973973386,95.5048,0,0,-95.5048,95.5048,178,2,-9.36992,52,1.5,0,0,0,10
4976598452,103.436,0,0,-103.436,103.436,244,15,22.9241,67.9241,1.5,0,0,0,10
4977723418,100.104,0,0,-100.104,100.104,210,3,-17.9338,59.5,1.5,0,0,0,10
4977848305,84.219,0,0,-84.219,84.219,97,9,0.434241,26.9342,1.5,0,0,0,10
4978723453,101.057,0,0,-101.057,101.057,245,12,-15.5,70.199,1.5,0,0,0,10
4979348419,100.01,0,0,-100.01,100.01,211,17,28.5,54.6288,1.5,0,0,0,10
4980598322,84.3514,0,0,-84.3514,84.3514,114,16,4.05636,32.5,1.5,0,0,0,10
4980973304,83.3113,0,0,-83.3113,83.3113,96,7,13.4293,24.5,1.5,0,0,0,10
4981223312,84.5551,0,0,-84.5551,84.5551,104,1,-12,26.3205,1.5,0,0,0,10
4981348376,95.7071,0,0,-95.7071,95.7071,168,5,-22,43.4179,1.5,0,0,0,10
4981848445,100.88,0,0,-100.88,100.88,237,8,-22.5,65.5187,1.5,0,0,0,10
4982098300,83.4596,0,0,-83.4596,83.4596,92,19,14.1143,21.8857,1.5,0,0,0,10
4983348451,103.82,0,0,-103.82,103.82,243,18,30.4983,64.4983,1.5,0,0,0,10
4984598420,96.8866,0,0,-96.8866,96.8866,212,11,12.5,60.4152,1.5,0,0,0,10
4985223270,81.3628,0,0,-81.3628,81.3628,62,6,1.5,15.2839,1.5,0,0,0,10
4986223366,95.2392,0,0,-95.2392,95.2392,158,20,9.24527,44.7453,1.5,0,0,0,10
4986348455,100.58,0,0,-100.58,100.58,247,14,-25.1253,68.1253,1.5,0,0,0,10
4991598358,95.6859,0,0,-95.6859,95.6859,150,13,15.3768,40.3768,1.5,0,0,0,10
